"pathway","NES","pval","padj","size","ES","leading_edge_n","leading_edge_genes"
"GOBP_B_CELL_MEDIATED_IMMUNITY",-2.52275973310595,1.7477024147319e-19,7.12363504244721e-16,192,-0.553854236623767,70,"Ighv1-72 Ighv1-75 Ighv7-3 Ighv1-69 Ighv8-12 Ighv6-6 Ighv1-78 Ighv1-50 Ighv1-85 Ighv1-55 Ighv6-3 Ighv1-9 Ighv1-74 Ighv10-1 Ighv1-58 Ighv10-3 Ighv1-42 Ighv14-2 Ighv1-66 Ighv4-1 Ighv1-63 Ighv1-61 Ighv1-20 Ighv13-2 Ighv3-1 Ighv9-4 Ighv7-1 Ighv1-77 Ighv2-6-8 Ighv1-47 Ighv3-8 Ighv1-54 Ighv9-2 Ighv12-3 Ighv1-34 Ighv1-49 Ighv1-11 Ighv1-64 Ighv1-84 Ighv1-12 Ighv1-31 Ighg2b Fcgr2b Ighv1-36 Ighv15-2 Ighv8-8 Ighv3-5 Ighv8-6 Ighv5-16 Shld3 Paxip1 Ighv5-17 Cd55 Ighv1-52 Ighv1-82 Pcyt1a Ighv1-80 Traf3ip2 Ighv2-9 Ighv5-15 Shld2 Ighv1-22 Ighv14-1 Pirb Ighv5-9-1 Ighv1-67 Ighv5-9 Ighv1-71 Ighv1-7 Ighv1-4"
"GOBP_LYMPHOCYTE_MEDIATED_IMMUNITY",-2.06139689998608,3.13923426845376e-15,6.39775943910876e-12,313,-0.431848758012794,76,"Ighv1-72 Ighv1-75 Ighv7-3 Ighv1-69 Ighv8-12 Ighv6-6 Ighv1-78 Ighv1-50 Ighv1-85 Ighv1-55 Ighv6-3 Ighv1-9 Ighv1-74 Ighv10-1 Ighv1-58 Ighv10-3 Ighv1-42 Ighv14-2 Ighv1-66 Ighv4-1 Ighv1-63 Ighv1-61 Ighv1-20 Ighv13-2 Ighv3-1 Ighv9-4 Ighv7-1 Ighv1-77 Ighv2-6-8 Rasgrp1 Ighv1-47 Ighv3-8 Ighv1-54 Ighv9-2 Ighv12-3 Ighv1-34 Ighv1-49 Ighv1-11 Ighv1-64 Ighv1-84 Ighv1-12 Ighv1-31 Ighg2b Fcgr2b Ighv1-36 Il18 Ighv15-2 Ighv8-8 Ighv3-5 Cd2 Ighv8-6 Ighv5-16 Slamf1 Shld3 Paxip1 Stx11 Mapk3 Ighv5-17 Smad7 Cd55 Ighv1-52 Ighv1-82 Pcyt1a Ighv1-80 Traf3ip2 Tyrobp Ighv2-9 Ighv5-15 Shld2 Ighv1-22 Ighv14-1 Pirb Traf2 Ighv5-9-1 Ighv1-67 Ighv5-9"
"GOBP_ADAPTIVE_IMMUNE_RESPONSE_BASED_ON_SOMATIC_RECOMBINATION_OF_IMMUNE_RECEPTORS_BUILT_FROM_IMMUNOGLOBULIN_SUPERFAMILY_DOMAINS",-1.9860254037144,6.96927268267789e-14,9.46891848486503e-11,336,-0.40558058991484,80,"Ighv1-72 Ighv1-75 Ighv7-3 Ighv1-69 Ighv8-12 Ighv6-6 Ighv1-78 Ighv1-50 Ighv1-85 Ighv1-55 Ighv6-3 Ighv1-9 Ighv1-74 Ighv10-1 Ighv1-58 Ighv10-3 Ighv1-42 Ighv14-2 Ighv1-66 Ighv4-1 Ighv1-63 Ighv1-61 Ighv1-20 Ighv13-2 Ighv3-1 Lgals1 Ighv9-4 Ighv7-1 Ighv1-77 Ighv2-6-8 Ighv1-47 Ighv3-8 Ighv1-54 Ighv9-2 Ighv12-3 Ighv1-34 Ighv1-49 Ighv1-11 Ighv1-64 Ighv1-84 Ighv1-12 Ighv1-31 Ighg2b Fcgr2b Ighv1-36 Il18 Ighv15-2 Ighv8-8 Anxa1 Ighv3-5 Ighv8-6 Ighv5-16 Slamf1 Shld3 Paxip1 Stx11 Mapk3 Ighv5-17 Smad7 Cd55 Ighv1-52 Ighv1-82 Pcyt1a Ighv1-80 Traf3ip2 Ighv2-9 Ighv5-15 Shld2 Ighv1-22 Ighv14-1 Bach2 Pirb Traf2 Ighv5-9-1 Ighv1-67 Ighv5-9 Ccr7 Ighv1-71 Ighv1-7 Ighv1-4"
"GOBP_TAXIS",1.59772454929197,3.41687702126283e-06,0.00348179768466683,207,0.506042183156782,60,"Sema6d Ackr2 Cxcr3 Eng Fcer1g Ccr5 Cmtm8 Plekhg5 Rab13 Nod2 Smad3 Nrp2 Cxcr6 Tnfsf18 Bmpr2 Hbegf Angpt2 App Sema4a Ager Gstp2 Slamf9 Ccr9 Itgb3 Sema7a Csf1r Angpt1 Vegfa Agrn Saa3 Sema3b Zfp580 Epha2 Ackr3 Rtn4rl1 Dock4 S100a4 Pde4d Trem1 Ffar2 Nox1 Trpm4 Itga9 S100a8 Fes Cxcl16 Ccl27a Ntn1 Ccl25 Ccr1 Bst1 Notch1 Fgf2 Lyst Itgav Pip5k1a Il12a Csf1 Abcc1 Jaml"
"GOBP_CELL_JUNCTION_ASSEMBLY",1.54360158800891,5.79714342167654e-06,0.00472583131735071,257,0.484265894414089,79,"Bsn Srgap3 Nrg2 Lrrc4 Nphs1 Rab13 Gpm6a Iqsec2 Cdh11 Smad3 S1pr2 Cdh24 Adgrl2 App Wnt4 Nectin1 Sema4a Dst Mpp7 Xlr3b Clstn1 Plxnd1 Adgrl1 Cacna1a Colq Wdpcp F11r Mmp14 Itgb3 Numbl Fgf13 Itgb4 Vegfa Cd9 Agrn Fzd5 Nrxn1 Lin7b Arhgap33 Dlg4 Epha2 Dock4 Cdh5 Epb41l3 Magi2 Rhoc Nphp4 Lhfpl4 Itgb1 Myo6 Akap5 Ntn1 Il1rap Srcin1 Efnb1 Acvrl1 Ildr1 Itgav Pkp3 Tbcd Plxnc1 Pip5k1a Abi2 Amigo1 Cdh17 Actn1 Bcr Tnf Dock7 Ctnna1 Amigo3 Mapt Dvl1 Snai1 Ptk2 Cpeb3 Farp1 Zdhhc8 Elmo1"
"GOBP_NEGATIVE_REGULATION_OF_VASCULAR_ASSOCIATED_SMOOTH_MUSCLE_CELL_PROLIFERATION",1.89322682321128,1.46091722483346e-05,0.00992449768070198,19,0.792694609070261,6,"S1pr2 Cdkn1a Tgfb3 Gstp2 Apln Efemp2"
"GOBP_SYNAPSE_ASSEMBLY",1.65109366712749,2.04763071625335e-05,0.0119230611420695,134,0.533617235248012,45,"Bsn Srgap3 Nrg2 Lrrc4 Gpm6a Iqsec2 S1pr2 Adgrl2 App Nectin1 Sema4a Xlr3b Clstn1 Plxnd1 Adgrl1 Cacna1a Colq Numbl Fgf13 Agrn Fzd5 Nrxn1 Lin7b Arhgap33 Dlg4 Dock4 Magi2 Lhfpl4 Myo6 Akap5 Ntn1 Il1rap Srcin1 Efnb1 Plxnc1 Amigo1 Dock7 Amigo3 Mapt Dvl1 Ptk2 Cpeb3 Farp1 Zdhhc8 Elmo1"
"GOBP_CELL_JUNCTION_ORGANIZATION",1.38755696554303,3.28536349665721e-05,0.0167389270154685,472,0.428889902350035,137,"Bsn Srgap3 Nrg2 Lrrc4 Nphs1 Rab13 Dlg3 Gpm6a Iqsec2 Cdh11 Smad3 S1pr2 Cacna2d2 Nrp2 Tgfb3 Cdh24 Tjp2 Plekha7 Adgrl2 App Wnt4 Nectin1 Sema4a Dst Mpp7 Cit Xlr3b Clstn1 Plxnd1 Adgrl1 Cacna1a Colq Tenm4 Camk1 Marcks Wdpcp F11r Mmp14 Itgb3 Numbl Sema7a Csf1r Fgf13 Itgb4 Caprin2 Daam1 Vegfa Cd9 Agrn Slc7a11 Unc13b Fzd5 Nrxn1 Lin7b Arhgap33 Dlg4 Chrnb1 Ppfibp2 Ctbp2 Epha2 Efna1 Dock4 Neurl1a Cdh5 Nefh Epb41l3 Itga3 Zfp365 Zc4h2 Magi2 Rhoc Ext1 Nphp4 Lhfpl4 Lrp8 Cask Xlr4a Itgb1 Bhlha15 Myo6 Akap5 Ntn1 Igsf9 Utrn Cdk5r1 Itpka Tanc1 Il1rap Srcin1 Efnb1 Acvrl1 Ildr1 Ppfibp1 Klk8 Itgav Pkp3 Rhob Arhgap39 Tbcd Plxnc1 Pip5k1a Dbn1 Appl1 Abi2 Tmem108 Sorbs2 Amigo1 Cdh17 Actn1 Bcr Tnf Dock7 Ctnna1 Whrn Ppfia4 Amigo3 Mapt Dvl1 Pak1 Erbb3 Ccdc39 Snai1 Pdxp Dip2a Ptk2 Tanc2 Cpeb3 Farp1 Zdhhc8 Elmo1 Prkci Cacnb4 Tjp3 Fbxo45 Lgmn Igf1r Enah"
"GOBP_TRANSLATION_AT_SYNAPSE",-2.00715754327818,6.67930631843744e-05,0.0302498361710567,48,-0.532864787157575,48,"Rpl7 Rpl13a Eef2 Rpl6 Rps12 Rpl35a Rpl10a Rpl35 Rps5 Rps16 Rpl5 Rpl14 Rps15a Rps10 Rps26 Rpl4 Rpl23 Rps27 Rpl15 Rpl8 Rpl12 Uba52 Rpl17 Rps24 Rpl28 Rpl7a Rps28 Rpl27 Rpl13 Rpl22 Rpl10 Rpl37a Rpl38 Rpl32 Rpl9 Rpl36a Rpl29 Rpl34 Rps27a Rpl26 Rpl37 Rpl24 Rps11 Rpl23a Rps14 Rpl36 Rpl27a Rplp2"
"GOBP_CARDIAC_EPITHELIAL_TO_MESENCHYMAL_TRANSITION",1.77234198316202,0.000172307443186165,0.0540250106482161,17,0.758670335783882,10,"Eng Tmem100 Adam15 Tgfb3 Efna1 Tgfbr3 Spry1 Rbpj Acvrl1 Notch1"
"GOBP_NEGATIVE_REGULATION_OF_CELL_POPULATION_PROLIFERATION",1.3751098627081,0.000171281733983922,0.0540250106482161,398,0.426103334220702,84,"Timp2 Il15 Cxcr3 Eng Il2ra Ifitm3 Ccr5 Cdkn1c Spry2 Inca1 Mcc Maged1 Nacc2 Smad3 S1pr2 Ifit3b Lmna Bmpr2 Cdkn1a Tgfb3 Kifap3 Foxp3 Prdm1 App Ager Tnfrsf21 Gstp2 Ndrg1 Rps6ka2 Ift122 Rap1gap Serpine2 Ahr Tnfrsf14 Lst1 Ifit3 Flt3 Fktn Csf1r Apln Il2 Klf9 Cd9 Efemp2 Wwc1 Fzd5 Il24 Kiss1r Cd276 Ackr3 Neurl1a Cdh5 Tgfbr3 Pemt Spry1 Irf6 Socs1 Per2 Clec4g Gnrh1 Atf5 Magi2 Cbfa2t3 Dll1 Cav2 Cask Slfn1 Itgb1 Kcnn4 Asph Adarb1 Esr1 Hspa1b Hspg2 Rbpj Rxra Cdkn2c Zbtb49 Acvrl1 Zfp777 Nos3 Eppk1 Notch1 Fgf2"
"GOBP_REGULATION_OF_NERVOUS_SYSTEM_PROCESS",1.71488169992766,0.000135756857002958,0.0540250106482161,60,0.596323236307484,26,"Fabp5 Tmem100 Mgll S1pr2 Celf4 Egr2 Grin2d Mapk8ip2 App Tnfrsf21 Plk2 Tenm4 Unc13b Nrxn1 Tac4 Dlg4 Chrna2 Lpin1 Nos3 Dbn1 Fgfbp3 Tmem108 Prkcz Tnf Dvl1 Tnfrsf1b"
"GOBP_SENSORY_ORGAN_DEVELOPMENT",1.44505494384213,0.00015563512178952,0.0540250106482161,298,0.451300195763399,125,"Gfi1 Cdkn1c Spry2 Wnt10a Myo3b Gpm6a Tmc1 Smad3 Cabp4 Celf4 Ccna2 Bmpr2 Maf Prdm1 Nectin1 Tbc1d32 Kif3a Ift122 Lrig3 Cebpd Ahr Clcn2 Wdpcp Tmod1 Bbs7 Rcn1 Nr4a3 Hsf4 Samd11 Vegfa Diaph3 Mitf Meis3 Fzd5 Lhfpl5 Impg2 Epha2 Myom1 Stox1 Spry1 Cryba1 Abr Arsg Lgr5 Dll1 Nphp4 Arl6 Rpgrip1l Prom1 Bhlha15 Bbs4 Myo6 Tifab Ntn1 Bbs10 Wdr19 Spred2 Mks1 Cntf Rbpj Cdon Crygn Rxra Acvrl1 Tdrd7 Notch1 Fgf2 Ttc8 Rdh10 Mdm1 Usp45 Abi2 Bcr Tulp3 Pbx4 Mcoln3 Whrn Dvl1 Sod1 Myo7a Ctns Ift140 Fgf20 Bak1 Arhgap35 Prkci Sox12 Aldh1a3 Mterf4 Lef1 Rab37 Psen1 Cited2 Plaat3 Rdh13 Naglu Nf2 Atf6 Ski Ahi1 Bloc1s3 Ift88 Tmem231 Grn Sdc4 Sos1 Lamb2 Rab11fip4 Bfsp2 Scaper Cst3 Rpgr Dicer1 Alms1 Nfix Hdac2 C1qb Vangl2 Rab18 B3glct Gdf11 Ninj1 Sipa1l3 H2-K1 Sox4"
"GOBP_SYNAPSE_ORGANIZATION",1.40319530338972,0.000200934381534049,0.0585006099380559,345,0.436308126406448,104,"Bsn Srgap3 Nrg2 Lrrc4 Dlg3 Gpm6a Iqsec2 Smad3 S1pr2 Cacna2d2 Nrp2 Adgrl2 App Nectin1 Sema4a Cit Xlr3b Clstn1 Plxnd1 Adgrl1 Cacna1a Colq Tenm4 Camk1 Marcks Itgb3 Numbl Sema7a Fgf13 Caprin2 Daam1 Agrn Slc7a11 Unc13b Fzd5 Nrxn1 Lin7b Arhgap33 Dlg4 Chrnb1 Ppfibp2 Ctbp2 Efna1 Dock4 Neurl1a Nefh Itga3 Zfp365 Zc4h2 Magi2 Lhfpl4 Lrp8 Cask Xlr4a Itgb1 Myo6 Akap5 Ntn1 Igsf9 Utrn Cdk5r1 Itpka Tanc1 Il1rap Srcin1 Efnb1 Ppfibp1 Klk8 Rhob Arhgap39 Plxnc1 Dbn1 Appl1 Abi2 Tmem108 Sorbs2 Amigo1 Actn1 Tnf Dock7 Ppfia4 Amigo3 Mapt Dvl1 Pak1 Erbb3 Ccdc39 Pdxp Dip2a Ptk2 Tanc2 Cpeb3 Farp1 Zdhhc8 Elmo1 Cacnb4 Fbxo45 Lgmn Igf1r Enah Cyfip1 Gphn Kcnk13 Psen1"
"GOBP_INNER_EAR_MORPHOGENESIS",1.74348106666409,0.000287442934432024,0.0781078267163285,38,0.644495514190688,19,"Gfi1 Spry2 Myo3b Nectin1 Lrig3 Wdpcp Nr4a3 Lhfpl5 Stox1 Abr Dll1 Myo6 Tifab Ntn1 Bcr Whrn Dvl1 Sod1 Myo7a"
"GOBP_DIGESTION",1.69134026608185,0.000426903278224926,0.1087536101278,49,0.602637144538661,22,"Nod2 Tjp2 Ahr F11r Pbld1 Asah2 Dao Tac4 Slc22a21 Wnk3 Kcnn4 Hrh2 Tifab Nr1h3 Scarb1 Lima1 Npr2 Snx10 Apoa2 Tlr4 Aco1 Abcg2"
"GOBP_DETECTION_OF_CHEMICAL_STIMULUS",1.72604693030524,0.000535043612239508,0.122701846137896,29,0.666374560976649,13,"Eng Pkd1l3 Nod2 Tgfb3 Pigr Kcnmb3 Tas1r3 Vmn2r120 Tlr6 Casp4 Rtp4 Scarb1 Itgav"
"GOBP_EMBRYONIC_ORGAN_MORPHOGENESIS",1.54688958170476,0.000541862912287075,0.122701846137896,126,0.501759967602453,47,"Eng Gfi1 Spry2 Myo3b Tcf7 Smad3 Asb2 Tgfb3 Nectin1 Kif3a Lrig3 Wdpcp Mmp14 Nr4a3 Fzd5 Lhfpl5 Epha2 Efna1 Stox1 Abr Dll1 Myo6 Tifab Hoxb3 Ntn1 Wdr19 Hspg2 Rbpj Pcgf2 Notch1 Rdh10 Ndst1 Bcr Tulp3 Whrn Dvl1 Sod1 Ccdc39 Myo7a Ift140 Cluap1 Aldh1a3 Psen1 Cited2 Naglu Ift57 Slc39a1"
"GOBP_CIRCULATORY_SYSTEM_PROCESS",1.42223353976591,0.000584453844398,0.125380729987697,247,0.446810560920307,81,"Eng Fabp5 Abcb1b Cacna1h Mgll Corin Smad3 Bmpr2 Tjp2 Plekha7 Hbegf App Ager Camk2n1 Rps6ka2 Scn2b Ehd3 Ahr F11r Slc27a1 Fgf13 Apln Gnao1 Angpt1 Vegfa Agrn Kcnj2 Tac4 Dmd Dock4 Cdh5 Tgfbr3 Pde4d Tmem38b Abr Per2 Nox1 Rgs2 Trpm4 Dll1 Itga9 Ext1 Myl4 Itgb1 Kcnn4 Hrh2 Bbs4 Scarb1 Uty Acvrl1 Nos3 Npr2 Nampt Slc27a4 Plod3 Zdhhc21 Zmpste24 Fgfbp3 Abcc1 Tmem38a Qrfp Bcr Tnf Immp2l Tmem65 Wdr35 Sod1 Slc23a2 Klk1 Icam1 Ptk2 Kcnk6 Arhgap35 Ppard Tbxa2r Adh5 Abcg2 Smad5 Tjp3 Thra Srebf1"
"GOBP_INTERLEUKIN_6_MEDIATED_SIGNALING_PATHWAY",1.72601649847616,0.000856773620617328,0.172643954699205,15,0.755905579164944,3,"C1qtnf4 Gfi1 Socs3"
"GOBP_MESENCHYMAL_CELL_MIGRATION",1.73946678125373,0.000931836850682655,0.172643954699205,18,0.735335842646818,6,"Sema6d Eng Nrp2 Sema4a Sema7a Sema3b"
"GOBP_SENSORY_SYSTEM_DEVELOPMENT",1.4315734392147,0.000899463164962631,0.172643954699205,216,0.452493767801954,92,"Cdkn1c Spry2 Gpm6a Smad3 Cabp4 Celf4 Bmpr2 Maf Prdm1 Nectin1 Tbc1d32 Ift122 Ahr Clcn2 Wdpcp Tmod1 Bbs7 Rcn1 Hsf4 Samd11 Vegfa Mitf Meis3 Fzd5 Impg2 Epha2 Myom1 Spry1 Cryba1 Arsg Dll1 Nphp4 Arl6 Rpgrip1l Prom1 Bbs4 Bbs10 Wdr19 Spred2 Cntf Cdon Crygn Rxra Acvrl1 Tdrd7 Notch1 Fgf2 Ttc8 Rdh10 Mdm1 Usp45 Abi2 Tulp3 Pbx4 Ctns Ift140 Bak1 Arhgap35 Prkci Sox12 Aldh1a3 Mterf4 Rab37 Psen1 Cited2 Plaat3 Rdh13 Naglu Nf2 Atf6 Ski Ahi1 Bloc1s3 Ift88 Tmem231 Grn Sos1 Lamb2 Rab11fip4 C1qa Bfsp2 Scaper Cst3 Rpgr Alms1 Nfix Hdac2 Rab18 B3glct Gdf11 Ninj1 Sipa1l3"
"GOBP_SENSORY_ORGAN_MORPHOGENESIS",1.53356785936704,0.000977348040049376,0.173203070053968,124,0.498234486550198,50,"Gfi1 Spry2 Myo3b Cabp4 Prdm1 Nectin1 Ift122 Lrig3 Wdpcp Nr4a3 Samd11 Vegfa Fzd5 Lhfpl5 Impg2 Epha2 Stox1 Abr Dll1 Arl6 Rpgrip1l Prom1 Bbs4 Myo6 Tifab Ntn1 Bbs10 Wdr19 Cntf Cdon Tdrd7 Notch1 Fgf2 Ttc8 Abi2 Bcr Whrn Dvl1 Sod1 Myo7a Bak1 Prkci Sox12 Aldh1a3 Rab37 Cited2 Rdh13 Naglu Ski Ahi1"
"GOBP_REGULATION_OF_SYSTEM_PROCESS",1.38989382798486,0.00104372222857856,0.177258825153592,262,0.435755712743155,73,"Fabp5 Tmem100 Cacna1h Mgll Corin Smad3 S1pr2 Celf4 Lmna Egr2 Bmpr2 Grin2d Mapk8ip2 Hbegf App Ager Tnfrsf21 Plk2 Scn2b Ehd3 Tenm4 Ahr Nr4a3 Fgf13 Apln Gnao1 Agrn Unc13b Kcnj2 Nrxn1 Errfi1 Tac4 Dmd Dlg4 Acvr2a Slc22a21 Dock4 Pde4d Tmem38b Chrna2 Per2 Rgs2 Trpm4 Itga9 Myl4 Wnk3 Itgb1 Kcnn4 Hrh2 Lpin1 Tifab Nr1h3 Utrn Nos3 Srl Notch1 Zdhhc21 Zmpste24 Mtg2 Dbn1 Fgfbp3 Apoa2 Tmem108 Tmem38a Prkcz Tnf Tmem65 Wdr35 Dvl1 Pak1 Sod1 Tnfrsf1b Icam1"
"GOBP_EXTRACELLULAR_STRUCTURE_ORGANIZATION",1.52525530914741,0.00120557023483675,0.192956112774713,121,0.49619218240243,47,"Ndnf Eng Creb3l1 Nphs1 Smad3 Mmp17 App Col9a3 Colq Mmp14 Itgb3 Noxo1 Papln Fktn Mmp24 Loxl2 Efemp2 Col7a1 Impg2 Tgfbr3 Tmem38b Nox1 Ext1 Chadl Cav2 Vwa1 Itgb1 Hspg2 Slc39a8 Notch1 Sulf2 Exoc8 Antxr2 Nid1 Plod3 Rgcc Tnf Idua Mmp11 Tnfrsf1b P4ha1 Vps33b Gas2 Col23a1 Ptk2 Col10a1 Dpp4"
"GOBP_HOMOPHILIC_CELL_CELL_ADHESION",1.69818331094549,0.00127816855861562,0.192956112774713,22,0.687703066035016,13,"Cdh11 Pcdhgb4 Cdh24 Pik3cb Nectin1 Clstn1 Pcdhgb6 Cdh5 Celsr2 Igsf9 Amigo1 Cdh17 Emb"
"GOBP_T_CELL_TOLERANCE_INDUCTION",1.71960437359321,0.0012560331222551,0.192956112774713,10,0.820170871954834,3,"Il2ra Aire Foxp3"
"GOBP_EAR_MORPHOGENESIS",1.64004602373023,0.00141870866500466,0.206523447091393,48,0.585815272175369,20,"Gfi1 Spry2 Myo3b Nectin1 Lrig3 Wdpcp Nr4a3 Lhfpl5 Stox1 Abr Dll1 Myo6 Tifab Ntn1 Wdr19 Bcr Whrn Dvl1 Sod1 Myo7a"
"GOBP_CELL_CHEMOTAXIS",1.4692911740372,0.00173219926954937,0.20985557614948,152,0.471472509478269,42,"Ackr2 Cxcr3 Eng Fcer1g Ccr5 Plekhg5 Rab13 Nod2 Cxcr6 Tnfsf18 Hbegf App Gstp2 Slamf9 Ccr9 Csf1r Vegfa Saa3 Zfp580 Epha2 Ackr3 Dock4 Pde4d Trem1 Ffar2 Nox1 Trpm4 Itga9 S100a8 Cxcl16 Ccl27a Ccl25 Ccr1 Bst1 Notch1 Fgf2 Lyst Pip5k1a Il12a Csf1 Abcc1 Jaml"
"GOBP_MESENCHYMAL_CELL_DIFFERENTIATION",1.49650441588639,0.0017469941424314,0.20985557614948,130,0.484462544745949,31,"Sema6d Eng Tmem100 Spry2 Wnt10a Smad3 Adam15 Hmga2 Nrp2 Tgfb3 Wnt4 Sema4a Ager Bambi Sema7a Notch4 Loxl2 Vegfa Sema3b Efna1 Tgfbr3 Spry1 Trim62 Ext1 Ezh2 Spred2 Rbpj Efnb1 Acvrl1 Notch1 Rdh10"
"GOBP_MESENCHYME_DEVELOPMENT",1.46750806284868,0.00183355403891209,0.20985557614948,149,0.471327738511174,35,"Sema6d Eng Tmem100 Spry2 Wnt10a Smad3 Adam15 Hmga2 Nrp2 Bmpr2 Tgfb3 Wnt4 Sema4a Ager Bambi Sema7a Notch4 Loxl2 Cplane2 Vegfa Sema3b Efna1 Tgfbr3 Spry1 Trim62 Ext1 Ezh2 Spred2 Rbpj Rxra Efnb1 Acvrl1 Nos3 Notch1 Rdh10"
"GOBP_MORPHOGENESIS_OF_A_BRANCHING_STRUCTURE",1.55004051440884,0.00185348398954398,0.20985557614948,103,0.510673639481545,31,"Eng Spry2 Maged1 Egf Socs3 Hmga2 Hs3st3b1 Tmtc3 Prdm1 Wnt4 Plxnd1 Ahr Mmp14 Notch4 Fgf13 Nrarp Angpt1 Vegfa Fzd5 St14 Greb1l Epha2 Spry1 Ext1 Gzf1 Esr1 Mks1 Rxra Notch1 Fgf2 Rdh10"
"GOBP_PROTEIN_LOCALIZATION_TO_CELL_JUNCTION",1.54667068368294,0.00180065671009427,0.20985557614948,84,0.518233860538683,27,"Bsn Nphs1 Dlg3 Iqsec2 Cacna2d2 Tjp2 Nectin1 Mpp7 Kif3a Clstn1 Colq F11r Nrxn1 Dlg4 Cdh5 Epb41l3 Camk2a Magi2 Lhfpl4 Hspg2 Ildr1 Snap47 Tmem108 Prkcz Mapt Ctnnd1 Stx3"
"GOBP_RAB_PROTEIN_SIGNAL_TRANSDUCTION",-2.02355768933239,0.00149440749353655,0.20985557614948,18,-0.680184535576726,5,"Sgsm3 Dennd4a Dennd4c Rab39 Rab9"
"GOBP_RESPONSE_TO_BACTERIUM",1.30971786765028,0.00170051015304591,0.20985557614948,418,0.405585038289124,117,"Jchain Fcer1g Ccr5 C1qtnf4 Gfi1 Gbp6 Gbp8 Gpm6a Nod2 Palm3 Rgs1 Rnase12 Isg15 Sirpa Foxp3 Prdm1 Adgrl2 App C2 Axl Slc9a9 Slamf9 Mpeg1 Pygl Ptger1 Ahr Tnfrsf14 Ppl Gbp2 Ifit3 Myo1f Cd55b Serpinb9 Ociad2 Peli3 Unc13b Fzd5 Saa3 Dao Noct Slc22a21 Epha2 Nr1d1 Pde4d Tlr6 Mgst2 Abr Trem1 Oas3 Hpgd Ticam2 Gnrh1 Raet1d Plscr3 S100a8 Il7r Zg16 Naip5 Cxcl16 Tifab Ccl27a Nr1h3 Tnip3 Casp4 Scarb1 Cd209d Ighg3 Gas2l3 Rbpj Slpi Nos3 Notch1 Serpina3f Cd160 Lilrb4a Plscr1 Alpk1 Nlrc5 Gbp7 Lyst Itgav Tnfaip3 Eif2ak2 Lgals4 Cd274 Gbp9 Trf Capn2 Gstcd Il12a Fuca2 Abcc1 Cd4 Pdcd1lg2 Casp7 Gzma Bcr Gbp4 Tnf Cebpb Ifit1 Trim30d Tnfrsf1b Tlr4 Adam9 Lta Nlrp10 Star Trim30c Ppard Zfp709 Tbxa2r Adh5 Nagk Nfkbil1 Sp110 Ptpn22"
"GOBP_VENTRICULAR_SYSTEM_DEVELOPMENT",1.70533229815777,0.00158325643115955,0.20985557614948,26,0.670124744888361,10,"Sema6d Numbl Slc7a11 Ulk4 Ak8 Cenpf Celsr2 Rpgrip1l Bbs4 Wdr89"
"GOBP_LENS_FIBER_CELL_DIFFERENTIATION",1.67200030347091,0.00203300645778522,0.211674283340258,28,0.648607284706791,12,"Cdkn1c Spry2 Smad3 Maf Tmod1 Hsf4 Epha2 Spry1 Spred2 Tdrd7 Fgf2 Abi2"
"GOBP_RECEPTOR_LOCALIZATION_TO_SYNAPSE",1.6012040354874,0.00199137072685032,0.211674283340258,56,0.561638249113265,19,"Dlg3 Iqsec2 Cacna2d2 Kifap3 Kif3a Clstn1 Itgb3 Nrxn1 Dlg4 Epb41l3 Camk2a Magi2 Lhfpl4 Itgb1 Snap47 Dbn1 Tmem108 Prkcz Anks1b"
"GOBP_REGULATION_OF_CELL_JUNCTION_ASSEMBLY",1.44952972185197,0.00193030580107691,0.211674283340258,157,0.464095714081913,33,"Srgap3 Nrg2 Iqsec2 Smad3 S1pr2 Adgrl2 App Wnt4 Nectin1 Sema4a Xlr3b Clstn1 Adgrl1 Colq Wdpcp F11r Mmp14 Numbl Vegfa Agrn Fzd5 Nrxn1 Lin7b Arhgap33 Dlg4 Epha2 Dock4 Nphp4 Lhfpl4 Ntn1 Il1rap Srcin1 Acvrl1"
"GOBP_VASCULAR_PROCESS_IN_CIRCULATORY_SYSTEM",1.51450152411019,0.0020772746157042,0.211674283340258,110,0.496423746035884,41,"Fabp5 Abcb1b Mgll Bmpr2 Tjp2 Plekha7 Ager Ahr Slc27a1 Apln Angpt1 Vegfa Dock4 Cdh5 Tgfbr3 Abr Per2 Rgs2 Trpm4 Itga9 Ext1 Itgb1 Hrh2 Scarb1 Nos3 Slc27a4 Plod3 Zdhhc21 Fgfbp3 Abcc1 Bcr Tnf Wdr35 Sod1 Icam1 Ptk2 Arhgap35 Ppard Tbxa2r Abcg2 Tjp3"
"GOBP_LENS_DEVELOPMENT_IN_CAMERA_TYPE_EYE",1.62282474159236,0.00217928617416738,0.21665293770503,49,0.578224552428754,16,"Cdkn1c Spry2 Smad3 Maf Nectin1 Tbc1d32 Tmod1 Hsf4 Epha2 Spry1 Cryba1 Spred2 Cdon Crygn Tdrd7 Fgf2"
"GOBP_ORGAN_OR_TISSUE_SPECIFIC_IMMUNE_RESPONSE",1.69432785236928,0.00227780193814738,0.221055254759255,12,0.77746920586154,6,"Zbtb46 Nod2 Pigr 6030468B19Rik Ffar2 Cd160"
"GOBP_REGULATION_OF_SYNAPSE_ASSEMBLY",1.52678930280919,0.00238685357493011,0.226251515614305,97,0.505694610343781,23,"Srgap3 Nrg2 Iqsec2 S1pr2 Adgrl2 App Nectin1 Sema4a Xlr3b Clstn1 Adgrl1 Colq Numbl Agrn Nrxn1 Lin7b Arhgap33 Dlg4 Dock4 Lhfpl4 Ntn1 Il1rap Srcin1"
"GOBP_CHEMICAL_SYNAPTIC_TRANSMISSION_POSTSYNAPTIC",1.61440928200539,0.00269741930460153,0.244326246345685,54,0.569070888352295,21,"S1pr2 Celf4 Grin2d Mapk8ip2 App Plk2 Atxn1 Begain Unc13b Nrxn1 Grik5 Dlg4 Chrnb1 Chrna2 Notch1 Dbn1 Slc29a1 Tmem108 Prkcz Anks1b Dvl1"
"GOBP_REGULATION_OF_VASOCONSTRICTION",1.66457717171518,0.00269592014967227,0.244326246345685,31,0.635847563184001,14,"Mgll Bmpr2 Ahr Apln Dock4 Per2 Trpm4 Itga9 Itgb1 Hrh2 Zdhhc21 Wdr35 Icam1 Tbxa2r"
"GOBP_SYNAPTIC_VESICLE_ENDOSOMAL_PROCESSING",-1.86106874400182,0.0029309681832818,0.259709267718622,17,-0.634269599431521,5,"Ap1s2 Vti1a Bcl2l1 Ap3d1 Stx6"
"GOBP_TISSUE_MORPHOGENESIS",1.32011150776021,0.00310341375513064,0.265954401562605,330,0.410833250235492,104,"Eng Tmem100 Spry2 Wnt10a Maged1 Dlg3 Egf Socs3 Smad3 Hmga2 Aire Nrp2 Asb2 Bmpr2 Hs3st3b1 Tgfb3 Tmtc3 Hbegf Wnt4 Kif3a Plxnd1 Ift122 Ahr Wdpcp Mmp14 Itgb3 Notch4 Nr4a3 Itgb4 Krt10 Nrarp Angpt1 Cplane2 Vegfa Efemp2 Fzd5 St14 Greb1l Epha2 Tgfbr3 Stox1 Spry1 Itga3 Lgr5 Rhoc Dll1 Ext1 Rpgrip1l Itgb1 Bbs4 Syne4 Adarb1 Ntn1 Brsk2 Gzf1 Esr1 Mks1 Rbpj Rxra Acvrl1 Nos3 Notch1 Fgf2 Ttc8 Rdh10 Mthfd1 Itgav Plod3 Rhob Tgfb1i1 Gorab Csf1 Tnf Tulp3 Tmem79 Dvl1 Rab23 Pak1 Tlr4 Ctnnd1 Ccdc39 Apaf1 Snai1 Ctns Arhgap35 Cluap1 Ipmk Igf1r Enah Aldh1a3 Lef1 Psen1 Tor1a Cited2 Wls Lzts2 Naglu Ift57 Nf2 Mst1 Ski Armc5 Luzp1 Nup50"
"GOBP_WOUND_HEALING",1.39895261295717,0.00313194584764599,0.265954401562605,198,0.443692282888139,66,"Ndnf Eng Epb41l4b Fcer1g Chmp4c Smad3 Cdkn1a Pik3cb Pla2g4a Hbegf Angpt2 Tfpi Wnt4 Ager Axl Dst F8 Serpine2 Ppl F11r Itgb3 Serpinc1 Angpt1 Vegfa Cd9 Slc7a11 Gp1ba Prf1 Lrrc25 Gla Nbeal2 Rhoc Ext1 Cask Itgb1 Entpd1 Acvrl1 Eppk1 Fgf2 Npr2 Lilrb4a Lyst Itgav Ubash3b Jaml Casp7 Tnf Pak1 Hps4 Tlr4 Vps33b Ptk2 Arhgap35 Ppard F9 Tbxa2r Abcg2 Prrg1 Plek Rab27a Hmox1 Tor1a Elk3 Plcg1 Tmem97 Bloc1s3"
"GOBP_DEFENSE_RESPONSE_TO_BACTERIUM",1.42646019256207,0.00335127449984767,0.278771323701614,159,0.456429602085292,43,"Jchain Fcer1g Gbp6 Gbp8 Nod2 Rnase12 Isg15 App Slc9a9 Slamf9 Mpeg1 Tnfrsf14 Ppl Gbp2 Myo1f Serpinb9 Peli3 Unc13b Dao Epha2 Trem1 Oas3 Raet1d Il7r Zg16 Naip5 Casp4 Cd209d Ighg3 Rbpj Slpi Cd160 Gbp7 Lyst Lgals4 Gbp9 Trf Abcc1 Cd4 Casp7 Gbp4 Tnf Cebpb"
"GOBP_NEGATIVE_REGULATION_OF_VASOCONSTRICTION",1.64840562427067,0.00347129506008011,0.28297997329773,11,0.77122252180209,6,"Bmpr2 Ahr Apln Dock4 Itga9 Itgb1"
"GOBP_CELL_CELL_ADHESION",1.27765335588347,0.00360108032409723,0.2878039882553,462,0.394964973834168,126,"Il15 Zap70 Il2ra Ccr5 Pik3r6 Cd27 Lrrc4 Nphs1 Il12rb1 Dlg3 Cdh11 Pcdhgb4 Tnfsf18 Kifap3 Cdh24 Sirpa Pik3cb Foxp3 Tjp2 Plekha7 Wnt4 Nectin1 Ager Tnfrsf21 Clstn1 Parp12 Rap1gap Tenm4 Cd93 Serpine2 Tnfrsf14 Cd59a Sele F11r Itgb3 Notch4 Neo1 Nr4a3 Pcdhgb6 Itgb4 Cd55b Mmp24 Il2 Nrarp Cplane2 Vegfa Cd9 Ccdc88b Slc7a11 Gp1ba Nrxn1 Dlg4 Cd5 Cd276 Cdh5 Myo10 Pde4d Shb Gla Celsr2 Itga3 Socs1 Clec4g Gnrh1 Lag3 Magi2 Itga9 Ext1 S100a8 Anxa9 Il7r Slfn1 Itgb1 Bhlha15 Entpd1 Ntn1 Ccl25 Jak3 Igsf9 Cdk5r1 Il1rap Cdon Efnb1 Tnfsf9 Nt5e Slc7a1 Slc39a8 Notch1 Cd160 Hfe Itgav Tnfaip3 Pkp3 Cd46 Fstl3 Zdhhc21 Cd274 Rgcc Ubash3b Il12a Cd4 Pdcd1lg2 Jaml Amigo1 Prkcz Cdh17 Emb Vcam1 Tnf Cebpb Ctnna1 Amigo3 Ctnnd1 Adam9 Icam1 Vps33b Ptk2 Epcam Socs6 Icam4 Dpp4 Itga10 Sox12 Tjp3 Ptpn22 Mettl3"
"GOBP_POSITIVE_REGULATION_OF_RECEPTOR_INTERNALIZATION",1.62825978286245,0.00368640943720816,0.288957785885778,22,0.659386556067714,8,"Egf App Plk2 Sele Apln Angpt1 Vegfa Magi2"
"GOBP_CALCIUM_DEPENDENT_CELL_CELL_ADHESION",1.65023067646543,0.00378276141583356,0.290915764734671,10,0.787082862562809,5,"Cdh11 Kifap3 Cdh24 Nrxn1 Cdh5"
"GOBP_ENDOCARDIAL_CUSHION_MORPHOGENESIS",1.63558755093735,0.00398355178617322,0.300684390378556,16,0.708514656072448,8,"Eng Tmem100 Tgfb3 Cplane2 Rbpj Acvrl1 Nos3 Notch1"
"GOBP_ANGIOGENESIS",1.32921898238399,0.00410780482917543,0.302700798253583,287,0.415572525608431,63,"Ndnf Cxcr3 Eng Pik3r6 Tmem100 Spry2 Plekhg5 Creb3l1 Egfl7 Egf Adam15 Hmga2 Nrp2 Bmpr2 Plcd3 Pik3cb Hbegf Angpt2 Sema4a Plk2 Tlr3 Plxnd1 Cd93 Ahr Cd59a Mmp14 Itgb3 Notch4 Apln Pik3r3 Nrarp Loxl2 Angpt1 Vegfa Meis3 Fzd5 Nrxn1 Ecm1 Epha2 Efna1 Ackr3 Cdh5 Tgfbr3 Shb Apold1 Nox1 Hspb6 Dll1 Vash2 Itgb1 Pik3r2 Hoxb3 Hspg2 Cybb Rbpj Rxra Acvrl1 Nos3 Hif3a Notch1 Fgf2 Npr2 Cd160"
"GOBP_CYTOKINE_MEDIATED_SIGNALING_PATHWAY",1.3060705560628,0.00430732244816188,0.302700798253583,319,0.40702520151541,57,"Ackr2 Il15 Cxcr3 Il2ra Fcer1g Ifitm3 Ccr5 C1qtnf4 Gfi1 Il12rb1 Socs3 Palm3 Tnfrsf4 Cxcr6 Ttll12 Tnfsf18 Isg15 Il9r Tjp2 Ifih1 Axl Ikbke Il15ra Rbm47 Ccr9 Numbl Flt3 Slc27a1 Csf1r Il2 Angpt1 Peli3 Ecm1 Ackr3 Oas3 Ticam2 Socs1 Socs2 Ext1 Ebi3 Il7r Dcst1 Naip5 Bbs4 Ccl25 Jak3 Ccr1 Casp4 Il3ra Cdk5r1 Hspa1b Il1rap Csf2rb Cntf Traf1 Notch1 Usp27x"
"GOBP_EAR_DEVELOPMENT",1.48338168531815,0.00427751695357329,0.302700798253583,103,0.488712338122718,35,"Gfi1 Spry2 Myo3b Tmc1 Ccna2 Maf Nectin1 Kif3a Lrig3 Cebpd Wdpcp Nr4a3 Diaph3 Lhfpl5 Stox1 Abr Lgr5 Dll1 Rpgrip1l Myo6 Tifab Ntn1 Wdr19 Mks1 Rbpj Notch1 Ttc8 Rdh10 Bcr Mcoln3 Whrn Dvl1 Sod1 Myo7a Fgf20"
"GOBP_PROTEIN_LOCALIZATION_TO_SYNAPSE",1.53980383263107,0.00428194993412385,0.302700798253583,59,0.536114032229868,19,"Bsn Nphs1 Dlg3 Iqsec2 Cacna2d2 Clstn1 Colq Nrxn1 Dlg4 Epb41l3 Camk2a Magi2 Lhfpl4 Hspg2 Snap47 Tmem108 Prkcz Mapt Stx3"
"GOBP_MESENCHYME_MORPHOGENESIS",1.61894349586564,0.004517152972775,0.312066364695439,23,0.650040751453479,9,"Eng Tmem100 Smad3 Tgfb3 Cplane2 Rbpj Acvrl1 Nos3 Notch1"
"GOBP_POSITIVE_REGULATION_OF_CELL_JUNCTION_ASSEMBLY",1.54753712569097,0.0048818373460557,0.331639483708717,55,0.544076663564336,16,"Iqsec2 Smad3 Adgrl2 Wnt4 Sema4a Xlr3b Clstn1 Adgrl1 Vegfa Agrn Nrxn1 Dlg4 Epha2 Nphp4 Il1rap Acvrl1"
"GOBP_POSITIVE_REGULATION_OF_MORPHOGENESIS_OF_AN_EPITHELIUM",1.624905304613,0.00516077808654228,0.337382158751292,12,0.745613568832684,6,"Maged1 Egf Wnt4 Vegfa Stox1 Fgf2"
"GOBP_REGULATION_OF_POSTSYNAPTIC_MEMBRANE_POTENTIAL",1.5374799003005,0.00521468989237768,0.337382158751292,55,0.540540786108268,14,"S1pr2 Celf4 Grin2d Mapk8ip2 App Plk2 Atxn1 Begain Unc13b Nrxn1 Grik5 Dlg4 Chrnb1 Chrna2"
"GOBP_STEROL_BIOSYNTHETIC_PROCESS",-1.5794503563651,0.00514365533139691,0.337382158751292,48,-0.419316102410104,12,"Sqle Gpr146 Dhcr24 Tm7sf2 Acat2 Mbtps2 G6pdx Apoe Erlin2 Abcg1 Mvd Dhcr7"
"GOBP_COLLAGEN_METABOLIC_PROCESS",1.52656776794626,0.00549269471602768,0.344434210192751,60,0.530840017630842,26,"Eng Creb3l1 Adam15 Tgfb3 Mmp17 Wnt4 Ager Mmp14 Mmp24 Errfi1 Serpinb7 Tgfbr3 Itgb1 Notch1 Myb Plod3 Rgcc Idua Mmp11 Vps33b Ppard Abcg2 Acvr1b Tmem131 Suco Naglu"
"GOBP_MATERNAL_PROCESS_INVOLVED_IN_FEMALE_PREGNANCY",1.58419121962213,0.00548424737456243,0.344434210192751,36,0.590905913594341,8,"Bmpr2 Pla2g4a Prdm1 Angpt2 Wnt4 Rgs2 Esr1 Rxra"
"GOBP_REGULATION_OF_BLOOD_CIRCULATION",1.46598421294221,0.00573813249869588,0.34913831967829,103,0.482980597272455,36,"Cacna1h Mgll Bmpr2 Hbegf App Ager Scn2b Ehd3 Ahr Fgf13 Apln Gnao1 Agrn Kcnj2 Dmd Dock4 Pde4d Tmem38b Per2 Rgs2 Trpm4 Itga9 Myl4 Itgb1 Hrh2 Nos3 Zdhhc21 Zmpste24 Tmem38a Tnf Tmem65 Wdr35 Icam1 Tbxa2r Thra Srebf1"
"GOBP_REGULATION_OF_SYNAPSE_STRUCTURE_OR_ACTIVITY",1.35676030910828,0.00573902537253323,0.34913831967829,220,0.428450793063589,58,"Srgap3 Nrg2 Gpm6a Iqsec2 Smad3 S1pr2 Nrp2 Adgrl2 App Nectin1 Sema4a Xlr3b Clstn1 Adgrl1 Colq Camk1 Marcks Numbl Sema7a Caprin2 Agrn Slc7a11 Nrxn1 Lin7b Arhgap33 Dlg4 Efna1 Dock4 Neurl1a Magi2 Lhfpl4 Lrp8 Cask Itgb1 Ntn1 Igsf9 Cdk5r1 Itpka Tanc1 Il1rap Srcin1 Klk8 Rhob Plxnc1 Dbn1 Abi2 Amigo1 Tnf Amigo3 Dvl1 Pdxp Dip2a Ptk2 Tanc2 Cpeb3 Farp1 Zdhhc8 Elmo1"
"GOBP_NEGATIVE_REGULATION_OF_SMOOTH_MUSCLE_CELL_PROLIFERATION",1.57492491947018,0.00641773628938156,0.384686663463518,36,0.587449568495904,12,"Il15 S1pr2 Bmpr2 Cdkn1a Tgfb3 Gstp2 Apln Efemp2 Esr1 Nos3 Tnfaip3 Il12a"
"GOBP_POSITIVE_REGULATION_OF_SYNAPSE_ASSEMBLY",1.59580087641595,0.0067356266538369,0.397890061464336,26,0.627083446643268,9,"Iqsec2 Adgrl2 Sema4a Xlr3b Clstn1 Adgrl1 Agrn Nrxn1 Dlg4"
"GOBP_CELL_CELL_JUNCTION_ORGANIZATION",1.45625792992613,0.006900878293601,0.401828284638824,101,0.480729859901049,33,"Nphs1 Rab13 Cdh11 Smad3 Tgfb3 Cdh24 Tjp2 Plekha7 Nectin1 Mpp7 F11r Numbl Csf1r Vegfa Cd9 Fzd5 Epha2 Cdh5 Epb41l3 Rhoc Ext1 Nphp4 Itgb1 Bhlha15 Acvrl1 Ildr1 Pkp3 Tbcd Abi2 Cdh17 Tnf Ctnna1 Whrn"
"GOBP_BRANCHING_MORPHOGENESIS_OF_AN_EPITHELIAL_TUBE",1.47431963905993,0.00763196947212211,0.411062204568153,83,0.494373767396058,25,"Eng Spry2 Maged1 Egf Hmga2 Hs3st3b1 Tmtc3 Wnt4 Plxnd1 Ahr Mmp14 Notch4 Nrarp Angpt1 Vegfa Greb1l Epha2 Spry1 Ext1 Gzf1 Esr1 Mks1 Notch1 Fgf2 Rdh10"
"GOBP_MESODERMAL_CELL_DIFFERENTIATION",1.60405872632696,0.007295325587679,0.411062204568153,10,0.765061001496128,5,"Hmga2 Itgb3 Itgb4 Itga3 Itgb1"
"GOBP_MULTI_MULTICELLULAR_ORGANISM_PROCESS",1.43323787424982,0.00747585920465165,0.411062204568153,111,0.469498841081744,25,"Corin Smad3 Bmpr2 H2-Q2 Dkkl1 Pla2g4a Prdm1 Angpt2 Wnt4 Serpine2 Itgb3 Itgb4 Klf9 Vegfa Errfi1 Acvr2a Ggn Hpgd Gnrh1 Rgs2 Esr1 Maged2 Slc19a1 Rxra Uprt"
"GOBP_NEGATIVE_CHEMOTAXIS",1.58691072930192,0.00796710357234644,0.411062204568153,16,0.687428507843964,9,"Sema6d Nrp2 Sema4a Itgb3 Sema7a Sema3b Rtn4rl1 Ntn1 Itgav"
"GOBP_POSITIVE_REGULATION_OF_INTERLEUKIN_6_PRODUCTION",1.49705556099943,0.00777873811581677,0.411062204568153,69,0.511893954330374,12,"Fcer1g Ccr5 C1qtnf4 Nod2 App Ifih1 Ager Tlr3 Tlr6 Ticam2 Hyal2 Tlr7"
"GOBP_PRESYNAPSE_ASSEMBLY",1.58734137702446,0.00766930976212141,0.411062204568153,14,0.704616080583018,8,"Bsn App Fzd5 Nrxn1 Il1rap Efnb1 Dvl1 Farp1"
"GOBP_RESPONSE_TO_WOUNDING",1.29695957440188,0.00791662491231586,0.411062204568153,285,0.405651418726239,88,"Ndnf Eng Epb41l4b Fcer1g C1qtnf4 Chmp4c Smad3 Cdkn1a Pik3cb Pla2g4a Hbegf Angpt2 Tfpi Wnt4 Ager Axl Dst Tlr3 F8 Serpine2 Ppl F11r Itgb3 Serpinc1 Neo1 Itgb4 Angpt1 Vegfa Cd9 Slc7a11 Gp1ba Mir22hg Prf1 Lrrc25 Rtn4rl1 Nmnat3 Nefh Gla Nbeal2 Rhoc Ext1 Cask Itgb1 Cdk1 Fbxw10 Entpd1 Cntf Acvrl1 Eppk1 Fgf2 Sulf2 Npr2 Muc3a Lilrb4a Klk8 Lyst Itgav Tnfaip3 Ubash3b Jaml Casp7 Tnf Ctnna1 Pak1 Sod1 Hps4 Tlr4 Vps33b Lrig2 Ptk2 Arhgap35 Ppard F9 Tbxa2r Abcg2 Igf1r Fosl1 Prrg1 Plek Rab27a Hmox1 Tor1a Naglu Elk3 Plcg1 Tmem97 Mapk9 Bloc1s3"
"GOBP_TIGHT_JUNCTION_ORGANIZATION",1.55123216142273,0.00795205716261381,0.411062204568153,40,0.569031571772609,15,"Rab13 Tgfb3 Mpp7 F11r Fzd5 Epha2 Cdh5 Ext1 Nphp4 Itgb1 Acvrl1 Ildr1 Tbcd Tnf Snai1"
"GOBP_VASCULAR_ENDOTHELIAL_GROWTH_FACTOR_SIGNALING_PATHWAY",1.59098083138969,0.00742885922941325,0.411062204568153,19,0.666144126374436,8,"Spry2 Nrp2 Pik3cb Itgb3 Angpt1 Vegfa Dll1 Itgb1"
"GOBP_CELL_CELL_ADHESION_MEDIATED_BY_CADHERIN",1.56288343405136,0.00974260283858552,0.413654678854944,26,0.614148259354093,15,"Cdh11 Cdh24 Plekha7 Parp12 Notch4 Mmp24 Vegfa Cdh5 Celsr2 Bhlha15 Notch1 Rgcc Cdh17 Ctnnd1 Epcam"
"GOBP_CELL_MORPHOGENESIS_INVOLVED_IN_NEURON_DIFFERENTIATION",1.27419713892549,0.00900991090199219,0.413654678854944,338,0.396301670952331,102,"Sema6d Ccr5 Mgll Myo3b Raph1 Cdh11 Smad3 Cabp4 Nrp2 Egr2 Bmpr2 Mapk8ip2 Rabl2 App Nectin1 Sema4a Dst Cit Xlr3b Plxnd1 Cacna1a Marcks Wdpcp Numbl Tet1 Sema7a Neo1 Nr4a3 Csf1r Fgf13 Caprin2 Vegfa Agrn Arhgap33 Dlg4 Sema3b Lhfpl5 Gorasp1 Efna1 Rtn4rl1 Tiam2 Map2 Nefh Gla Crppa Celsr2 Camk2a Zfp365 Ext1 Lrp8 Cask Atg7 Itgb1 Akap5 Atl1 Cdkl3 Adarb1 Ntn1 Brsk2 Cdk5r1 Itpka Uchl1 Srcin1 Efnb1 Notch1 Ttc8 Ankrd27 Npr2 Tbcd Plxnc1 Dbn1 Abi2 Stxbp5 Amigo1 Emb Tubb3 Dock7 Whrn Rufy3 Mapt Dvl1 Pak1 Sod1 Ss18l1 Pqbp1 Myo7a Dip2a Ptk2 Tanc2 Farp1 Arhgap35 Fbxo45 Igf1r Enah Ifrd1 Fbxo31 Cyfip1 Psen1 Golga4 C9orf72 Usp33 Wls"
"GOBP_DEFENSE_RESPONSE_TO_GRAM_POSITIVE_BACTERIUM",1.49134750628505,0.0096527238433374,0.413654678854944,55,0.524321750970771,18,"Gbp6 Gbp8 Nod2 Rnase12 App Mpeg1 Tnfrsf14 Gbp2 Myo1f Epha2 Il7r Zg16 Casp4 Gbp7 Gbp9 Abcc1 Gbp4 Tnf"
"GOBP_ESTABLISHMENT_OF_LYMPHOCYTE_POLARITY",-1.84290047990038,0.00955414012738853,0.413654678854944,11,-0.717198630429915,9,"Traf3ip2 Ccr7 Flot2 Gsn Ripor2 Myh9 Scrib Dock8 Dock2"
"GOBP_INTERLEUKIN_6_PRODUCTION",1.43370652389966,0.00906438841425297,0.413654678854944,104,0.471971646938071,17,"Fcer1g Ccr5 C1qtnf4 Nod2 Tnfsf18 Nlrx1 Sirpa Foxp3 App Ifih1 Ager Tlr3 Flt3 Tlr6 Ticam2 Hyal2 Tlr7"
"GOBP_MODIFIED_AMINO_ACID_TRANSPORT",1.57207397451725,0.00903430594554999,0.413654678854944,23,0.631221627157063,14,"Slc22a15 Slc6a13 Slc7a11 Slc22a21 Slc6a20b Slc46a1 Abcc4 Slc25a40 Slc19a1 Abcc1 Ctns Abcg2 Slc25a20 Slc7a6"
"GOBP_MORPHOGENESIS_OF_AN_EPITHELIUM",1.29693057522553,0.00841936453843841,0.413654678854944,279,0.405808985988386,95,"Eng Spry2 Wnt10a Maged1 Dlg3 Egf Socs3 Smad3 Hmga2 Aire Asb2 Hs3st3b1 Tmtc3 Hbegf Wnt4 Kif3a Plxnd1 Ift122 Ahr Wdpcp Mmp14 Notch4 Krt10 Nrarp Angpt1 Vegfa Fzd5 St14 Greb1l Epha2 Stox1 Spry1 Lgr5 Rhoc Dll1 Ext1 Rpgrip1l Bbs4 Syne4 Ntn1 Brsk2 Gzf1 Esr1 Mks1 Rbpj Rxra Acvrl1 Notch1 Fgf2 Ttc8 Rdh10 Mthfd1 Itgav Plod3 Rhob Tgfb1i1 Gorab Csf1 Tnf Tulp3 Tmem79 Dvl1 Rab23 Pak1 Ctnnd1 Ccdc39 Apaf1 Snai1 Ctns Arhgap35 Cluap1 Ipmk Igf1r Enah Aldh1a3 Lef1 Psen1 Tor1a Cited2 Lzts2 Naglu Ift57 Mst1 Ski Luzp1 Nup50 Ptch1 Hs2st1 Sdc4 Sos1 Gatad2a Timeless Sh3bp1 Sirt6 B4galt1"
"GOBP_NEGATIVE_REGULATION_OF_LEUKOCYTE_APOPTOTIC_PROCESS",1.52124868920256,0.00973765608889907,0.413654678854944,42,0.554030851594121,11,"Fcer1g Ccr5 Cd27 Nod2 Tnfrsf4 Axl Il2 Serpinb9 Efna1 Il7r Jak3"
"GOBP_NEURAL_CREST_CELL_DIFFERENTIATION",1.5421772179044,0.00960536974887166,0.413654678854944,38,0.570081498463416,10,"Sema6d Eng Wnt10a Nrp2 Sema4a Sema7a Sema3b Ext1 Efnb1 Rdh10"
"GOBP_PHOSPHATIDYLCHOLINE_BIOSYNTHETIC_PROCESS",1.58040434006358,0.00846707948944774,0.413654678854944,18,0.668094366415973,10,"Fabp5 Pcyt1b Pemt Dhrs7b Lcat Gpat4 Chpt1 Capn2 Chka Apoa2"
"GOBP_POSITIVE_REGULATION_OF_PEPTIDYL_TYROSINE_PHOSPHORYLATION",1.50121894924057,0.00827266710787558,0.413654678854944,57,0.525086113117256,20,"Il15 Egf Nod2 Tnfsf18 Hbegf Tnfrsf14 Csf1r Cass4 Il2 Angpt1 Vegfa Itgb1 Cntf Srcin1 Il12a Cd4 Abi2 Tlr4 Ctnnd1 Icam1"
"GOBP_REGULATION_OF_CELLULAR_RESPONSE_TO_GROWTH_FACTOR_STIMULUS",1.35983693208698,0.00861370085123632,0.413654678854944,173,0.433805178440651,44,"Eng Cdkn1c Spry2 Creb3l1 Smad3 Tgfb3 Pik3cb Wnt4 Cd59a Bambi Itgb3 Tet1 Zfp423 Neo1 Pbld1 Apln Angpt1 Crim1 Vegfa Zfyve9 Nrxn1 Dmd Cdh5 Tgfbr3 Fstl1 Spry1 Itga3 Dll1 Cav2 Cask Itgb1 Spred2 Rbpj Acvrl1 Notch1 Fgf2 Sulf2 Sap30l Fstl3 Tgfb1i1 Fgfbp3 Il12a Pmepa1 Tmem108"
"GOBP_REPRODUCTIVE_SYSTEM_DEVELOPMENT",1.35615731556666,0.0091120785663663,0.413654678854944,178,0.432237680361122,55,"Abcb1b Cdkn1c Rab13 Tcf7 Adam15 Hmga2 Pla2g4a Wnt4 Col9a3 Axl Kif18a Serpine2 Ahr Mmp14 Serpinb6b Angpt1 Vegfa Plag1 Errfi1 Acvr2a Pcyt1b Greb1l Pde4d Nefh Gnrh1 Insl6 Adam1a Plekha5 Tifab Klhl10 Esr1 Wdr19 Rxra Nos3 Notch1 Npr2 Rdh10 Antxr2 Itgav Cebpb Immp2l Ctnna1 Sod1 Ago4 Icam1 Afp Gas2 Adam4 Star Bak1 Abcg2 Ccnd1 Igf1r Ing2 Brip1"
"GOBP_RESPONSE_TO_INTERFERON_ALPHA",1.56649212662822,0.00884738264929958,0.413654678854944,22,0.634372880394253,12,"Ifitm3 Axl Ifit1bl2 Ro60 Plscr1 Ifit2 Eif2ak2 Ifitm2 Lamp3 Ifit1 Bst2 Star"
"GOBP_SEX_DIFFERENTIATION",1.38192044357614,0.00834096226223172,0.413654678854944,152,0.443436611438917,49,"Abcb1b Rab13 Tcf7 Adam15 Hmga2 Pla2g4a Wnt4 Col9a3 Axl Kif18a Ahr Mmp14 Serpinb6b Dmrt3 Angpt1 Vegfa Acvr2a Pcyt1b Greb1l Pde4d Nefh Gnrh1 Insl6 Adam1a Tifab Klhl10 Esr1 Wdr19 Nos3 Notch1 Npr2 Rdh10 Itgav Cebpb Immp2l Ctnna1 Sod1 Ago4 Icam1 Afp Gas2 Adam4 Star Bak1 Abcg2 Smad5 Ccnd1 Ing2 Brip1"
"GOBP_TOLERANCE_INDUCTION",1.56859437791515,0.009730822696828,0.413654678854944,18,0.663101866092521,4,"Il2ra Zbtb46 Aire Foxp3"
"GOBP_TYPE_II_INTERFERON_PRODUCTION",1.46159307073004,0.00934777990227321,0.413654678854944,82,0.490736274075707,28,"Cd27 Il12rb1 Nod2 Tnfsf18 Isg15 Sirpa Foxp3 App Axl Tlr3 Flt3 Il2 Fzd5 Cd276 Pde4d Ticam2 Tlr7 Raet1d Tnfsf9 Cd160 Cd274 Il12a Pdcd1lg2 Tnf Tlr4 Lta Ptpn22 Nras"
"GOBP_CELL_RECOGNITION",1.47694059535462,0.0100053792361485,0.420432224397331,72,0.5025623252739,22,"Izumo1r Sirpa App Tnfrsf21 C2 St6galnac6 Plxnd1 Astl Cd9 Prf1 Adam1a Ext1 Cfp Dcst1 Scarb1 Cdk5r1 Hspa1b Ighg3 Zpbp Amigo1 Ovgp1 Emb"
"GOBP_NEGATIVE_REGULATION_OF_MYELOID_CELL_APOPTOTIC_PROCESS",1.5733281665024,0.010200078462142,0.424239998078478,13,0.709278202800003,3,"Fcer1g Ccr5 Nod2"
"GOBP_REGULATION_OF_BLOOD_PRESSURE",1.46802525922292,0.010467848750267,0.428642447418738,78,0.495591404286857,25,"Eng Corin Smad3 Bmpr2 Camk2n1 Rps6ka2 Ahr F11r Apln Tac4 Nox1 Dll1 Ext1 Kcnn4 Bbs4 Acvrl1 Nos3 Nampt Qrfp Tnf Sod1 Klk1 Kcnk6 Tbxa2r Adh5"
"GOBP_RETINA_DEVELOPMENT_IN_CAMERA_TYPE_EYE",1.45539012020207,0.0105162523900574,0.428642447418738,82,0.488653606272112,23,"Gpm6a Cabp4 Celf4 Bmpr2 Prdm1 Nectin1 Tbc1d32 Clcn2 Samd11 Impg2 Arsg Dll1 Nphp4 Arl6 Rpgrip1l Prom1 Bbs4 Bbs10 Cdon Acvrl1 Ttc8 Mdm1 Usp45"
"GOBP_AORTA_MORPHOGENESIS",1.5605871475869,0.0114942528735632,0.442714729699212,17,0.668026366540981,7,"Eng Notch4 Efemp2 Rbpj Acvrl1 Notch1 Nprl3"
"GOBP_ASTROCYTE_DEVELOPMENT",1.55007545079457,0.0114942528735632,0.442714729699212,25,0.613917314911545,15,"App Ager Csf1r Plp1 Nr1d1 Dll1 S100a8 Cntf Tlr4 Psen1 Tspan2 Naglu Grn Lamb2 C1qa"
"GOBP_CAMERA_TYPE_EYE_MORPHOGENESIS",1.46800347793488,0.0124701800043375,0.442714729699212,67,0.503814574443503,28,"Cabp4 Prdm1 Nectin1 Ift122 Samd11 Vegfa Fzd5 Impg2 Epha2 Dll1 Arl6 Rpgrip1l Prom1 Bbs4 Bbs10 Cdon Tdrd7 Notch1 Ttc8 Abi2 Bak1 Sox12 Aldh1a3 Cited2 Rdh13 Naglu Ski Ahi1"
"GOBP_ENDOCARDIAL_CUSHION_DEVELOPMENT",1.55090078229001,0.0124907247093742,0.442714729699212,21,0.633582294864064,11,"Eng Tmem100 Bmpr2 Tgfb3 Cplane2 Rbpj Acvrl1 Nos3 Notch1 Erbb3 Snai1"
"GOBP_ENDOTHELIAL_CELL_PROLIFERATION",1.4444874676493,0.0120033991926917,0.442714729699212,82,0.484992992932848,26,"Cxcr3 Eng Egfl7 Egf Bmpr2 Pik3cb Ager Mmp14 Itgb3 Apln Nrarp Loxl2 Vegfa Zfp580 Ecm1 Epha2 Cav2 Vash2 Scarb1 Hspg2 Acvrl1 Fgf2 Rgcc Il12a Rptor Tnf"
"GOBP_ERBB2_SIGNALING_PATHWAY",1.55366488697012,0.0124231724859422,0.442714729699212,13,0.700413723116267,3,"Nrg2 Egf Hbegf"
"GOBP_NEGATIVE_REGULATION_OF_SMOOTH_MUSCLE_CELL_MIGRATION",1.55680964173112,0.0113776898342815,0.442714729699212,21,0.635996213773304,3,"Sema6d S1pr2 Gstp2"
"GOBP_NEUROTRANSMITTER_UPTAKE",1.55499678861041,0.0124231724859422,0.442714729699212,13,0.701014162885823,8,"App Itgb3 Slc18a2 Per2 Itgb1 Slc29a4 Slc29a2 Slc29a1"
"GOBP_POLY_A_PLUS_MRNA_EXPORT_FROM_NUCLEUS",-1.76333147889226,0.0124874954427279,0.442714729699212,18,-0.592713916366702,11,"Ddx25 Nup93 Mcm3ap Nxf1 Ddx19b Gle1 Zc3h11a Nxt1 Ddx19a Eny2 Iws1"
"GOBP_POSITIVE_THYMIC_T_CELL_SELECTION",1.55193832394313,0.0124387984649993,0.442714729699212,12,0.712131512549307,2,"Zap70 Cd3d"
"GOBP_REGULATION_OF_LEUKOCYTE_APOPTOTIC_PROCESS",1.46689130019505,0.0122911051212938,0.442714729699212,70,0.500647684571317,13,"Fcer1g Ccr5 Cd27 Nod2 Tnfrsf4 Pik3cb Bbc3 Axl Nr4a3 Il2 Serpinb9 Slc7a11 Efna1"
"GOBP_RESPONSE_TO_FIBROBLAST_GROWTH_FACTOR",1.4761823007998,0.0110095783331498,0.442714729699212,58,0.515113372472864,20,"Ndnf Spry2 Frs3 Creb3l1 Wnt4 Apln Nrxn1 Spry1 Hyal2 Ext1 Kcnc1 Itgb1 Fgf2 Sulf2 Npr2 Ndst1 Fgfbp3 Shcbp1 Star Fgf20"
"GOBP_SMOOTHENED_SIGNALING_PATHWAY",1.42586501016478,0.0111041273831972,0.442714729699212,98,0.471614425243203,40,"Tbc1d32 Hhat Kif3a Ift122 Serpine2 Wdpcp Bbs7 Armc9 Cplane2 Ulk4 Ptpdc1 Ext1 Arl6 Rpgrip1l Tctn3 Wdr19 Mks1 Hspg2 Cdon Tedc1 Efcab7 Ndst1 Gorab 2700049A03Rik Ttc21b Ift81 Tulp3 Ctnna1 Rab23 Tubd1 Ift140 Cluap1 Arl3 Ift57 Ift80 Tmem216 Wdr11 Ift88 Tmem231 Ptch1"
"GOBP_SPERM_EGG_RECOGNITION",1.54291655630858,0.0120264582080577,0.442714729699212,27,0.602766587060326,9,"Izumo1r Astl Cd9 Adam1a Dcst1 Hspa1b Zpbp Ovgp1 Zpbp2"
"GOBP_TRNA_5_END_PROCESSING",-1.76318422432285,0.011994669035984,0.442714729699212,15,-0.626580635429175,5,"Thg1l Prorp Pop1 Rpp14 Rpp38"
"GOBP_CELL_SURFACE_RECEPTOR_PROTEIN_TYROSINE_KINASE_SIGNALING_PATHWAY",1.25112528463072,0.0126100880704564,0.44309240495845,375,0.388209133170033,82,"Dok2 Abcb1b Nrg2 Spry2 Mvb12b Frs3 Creb3l1 Lcp2 Egf Socs3 Shc4 Gab2 Nrp2 Pik3cb Hbegf Angpt2 Wnt4 Axl Slc39a14 Pigr Zfyve28 Atxn1 Marcks Cd59a Mmp14 Rhbdf1 Itgb3 Gfra2 Flt3 Nr4a3 Csf1r Cass4 Apln Pik3r3 Angpt1 Vegfa Tom1l1 Lat Nrxn1 Errfi1 Ralb Epha2 Efna1 Sh2d6 Glrx Spry1 Socs1 Socs2 Dll1 Ext1 Cav2 Itgb1 Pik3r2 Slc2a8 Jak3 Esr1 Nrg4 Cdk5r1 Rbpj Efnb1 Gpr21 Trib3 Notch1 Fgf2 Sulf2 Npr2 Hap1 Slc27a4 Ndst1 Atxn7 Ubash3b Fgfbp3 Il12a Csf1 Appl1 Tmem108 Gpld1 Prkcz Anks1b Bcr Tnf Shcbp1"
"GOBP_BLOOD_VESSEL_MORPHOGENESIS",1.2593263360465,0.0129129129129129,0.449854983188316,335,0.39177550999551,70,"Ndnf Cxcr3 Eng Pik3r6 Tmem100 Spry2 Plekhg5 Creb3l1 Egfl7 Egf Adam15 Hmga2 Nrp2 Bmpr2 Plcd3 Pik3cb Prdm1 Hbegf Angpt2 Wnt4 Sema4a Plk2 Tlr3 Plxnd1 Cd93 Ahr Cd59a Mmp14 Itgb3 Notch4 Apln Pik3r3 Nrarp Loxl2 Angpt1 Vegfa Efemp2 Meis3 Fzd5 Nrxn1 Ecm1 Epha2 Efna1 Ackr3 Cdh5 Tgfbr3 Shb Hpgd Apold1 Nox1 Hspb6 Dll1 Elmo3 Vash2 Itgb1 Pik3r2 Hoxb3 Hspg2 Cybb Rbpj Rxra Acvrl1 Nos3 Hif3a Notch1 Nprl3 Fgf2 Foxm1 Npr2 Cd160"
"GOBP_ANIMAL_ORGAN_MORPHOGENESIS",1.2301342450786,0.0133039911973592,0.451892234336968,479,0.380109769518663,169,"Eng Tmem100 Gfi1 Spry2 Wnt10a Myo3b Maged1 Car2 Tcf7 Smad3 Adam15 Cabp4 Hmga2 Nrp2 Asb2 Bmpr2 Hs3st3b1 Tgfb3 Tmtc3 Prdm1 Wnt4 Nectin1 Kif3a Plxnd1 Ift122 Lrig3 Ahr Wdpcp Mmp14 Nr4a3 Dmrt3 Itgb4 Samd11 Angpt1 Cplane2 Slc40a1 Vegfa Plag1 Efemp2 Meis3 Fzd5 Errfi1 Acvr2a Mki67 Lhfpl5 Greb1l Impg2 Epha2 Efna1 Tgfbr3 Stox1 Spry1 Abr Hyal2 Dll1 Ext1 Arl6 Rpgrip1l Dhrs3 Sox5 Relt Prom1 Bbs4 Myo6 Tifab Tspear Adarb1 Klhl10 Hoxb3 Ntn1 Bbs10 Gzf1 Esr1 Wdr19 Hspg2 Uty Cntf Rbpj Cdon Rxra Pcgf2 Acvrl1 Palb2 Nos3 Tdrd7 Spef2 Notch1 Fgf2 Sulf2 Ttc8 Npr2 Rdh10 Poc1a Ndst1 Itgav Plod3 Tnfaip3 Zmpste24 Snx10 Csf1 Abi2 Bcr Tnf Tulp3 Pbx4 Cebpb Tab1 Ctnna1 Whrn Dvl1 Rab23 Sod1 Idua Tlr4 Ctnnd1 Ccdc39 Vps33b Snai1 Myo7a Ctns Ift140 Bak1 Col10a1 Cluap1 Prkci Abcg2 Nle1 Sox12 Thra Igf1r Aldh1a3 Col11a2 Lef1 Pex7 Rab37 Psen1 Cited2 Wls Rdh13 Lzts2 Naglu Ift57 Nf2 Mst1 Ski Slc39a1 Ahi1 Ift80 Megf9 Ift88 Ptch1 Zfp422 Hs2st1 Sos1 Plekha1 Lamb2 Cflar Timeless Gh Sirt6 B4galt1 Recql4 Lipa Rpgr Dicer1 Alms1 Nfix Bbs2 Hdac2"
"GOBP_DETECTION_OF_STIMULUS",1.42804113396833,0.0132325141776938,0.451892234336968,92,0.474894119408943,26,"Eng Pkd1l3 Tmc1 Nod2 Cabp4 Tgfb3 Pkd1l1 Pigr Serpine2 Ahr Mmp24 Kcnmb3 Tac4 Lhfpl5 Lxn Tas1r3 Vmn2r120 Best1 Tlr6 Kcnk4 Naip5 Nr2f6 Casp4 Rtp4 Scarb1 Pkd2l2"
"GOBP_LONG_CHAIN_FATTY_ACID_BIOSYNTHETIC_PROCESS",1.55332187770498,0.0130841121495327,0.451892234336968,11,0.726736670911335,8,"Gstp2 Elovl6 Asah2 Plp1 Gstm4 Ltc4s Gstm1 Acot7"
"GOBP_CELL_JUNCTION_MAINTENANCE",1.52672986806775,0.0139451728247914,0.452885388325501,29,0.589424266340003,11,"Bsn Dlg3 Plekha7 Itgb3 Csf1r Nrxn1 Dlg4 Ctbp2 Epb41l3 Magi2 Itgb1"
"GOBP_EPITHELIAL_STRUCTURE_MAINTENANCE",1.53995159257618,0.0142221122928518,0.452885388325501,21,0.629109273233663,8,"Nod2 Ahr Pbld1 Slc22a21 Mks1 Ildr1 Pkp3 Tlr4"
"GOBP_MAINTENANCE_OF_GASTROINTESTINAL_EPITHELIUM",1.54856146241326,0.0136181575433912,0.452885388325501,11,0.724509464553843,4,"Nod2 Ahr Pbld1 Slc22a21"
"GOBP_POSITIVE_CHEMOTAXIS",1.53013178298409,0.0141912206855081,0.452885388325501,27,0.597771997980552,8,"Smad3 Angpt2 App Ager Angpt1 Vegfa Saa3 S100a4"
"GOBP_POSITIVE_REGULATION_OF_B_CELL_DIFFERENTIATION",1.54436986550447,0.0140275496019209,0.452885388325501,18,0.65286128407153,4,"Cd27 Prdm1 Mmp14 Il2"
"GOBP_POSITIVE_REGULATION_OF_SMAD_PROTEIN_SIGNAL_TRANSDUCTION",1.54131791310778,0.0138511006678209,0.452885388325501,21,0.629667449815825,8,"Eng Smad3 Bmpr2 Tgfb3 Acvr2a Tgfbr3 Acvrl1 Hfe"
"GOBP_REGULATION_OF_FIBROBLAST_GROWTH_FACTOR_RECEPTOR_SIGNALING_PATHWAY",1.54021399595297,0.0137245026441702,0.452885388325501,19,0.644888037945483,9,"Spry2 Creb3l1 Wnt4 Apln Nrxn1 Spry1 Itgb1 Sulf2 Fgfbp3"
"GOBP_TIGHT_JUNCTION_ASSEMBLY",1.51546937042958,0.0140564601147944,0.452885388325501,35,0.568241331219654,13,"Rab13 Mpp7 F11r Fzd5 Epha2 Cdh5 Nphp4 Itgb1 Acvrl1 Ildr1 Tbcd Tnf Snai1"
"GOBP_CRANIAL_NERVE_DEVELOPMENT",1.53775599049671,0.0143769968051118,0.454268519206479,22,0.622735780443814,10,"Nrp2 Egr2 Dmd Ackr3 Ext1 Kcnc1 Tifab Adarb1 Hoxb3 Npr2"
"GOBP_POSTSYNAPSE_ORGANIZATION",1.32303084590774,0.014766865581066,0.462998031603271,190,0.420503811700803,55,"Srgap3 Lrrc4 Dlg3 Smad3 S1pr2 Nrp2 App Cit Xlr3b Colq Marcks Itgb3 Numbl Caprin2 Agrn Slc7a11 Nrxn1 Arhgap33 Dlg4 Chrnb1 Efna1 Dock4 Nefh Itga3 Zfp365 Magi2 Lhfpl4 Lrp8 Cask Xlr4a Itgb1 Cdk5r1 Itpka Tanc1 Il1rap Srcin1 Arhgap39 Dbn1 Abi2 Tmem108 Sorbs2 Actn1 Dock7 Dvl1 Dip2a Tanc2 Cpeb3 Farp1 Zdhhc8 Elmo1 Lgmn Igf1r Enah Gphn Psen1"
"GOBP_FERTILIZATION",1.40270306708234,0.0149675528574419,0.463181818181818,99,0.46360119499626,24,"Tssk4 Cacna1h Izumo1r Tdrkh Dkkl1 Rabl2 Cntln Astl Cd9 Unc13b Tmem95 Plcd4 Bbof1 Insl6 Adam1a Dcst1 Ccdc28a Klhl10 Hspa1b Zpbp Npr2 Antxr2 Itgav Cd46"
"GOBP_SYNAPTIC_VESICLE_RECYCLING_VIA_ENDOSOME",-1.78108513825222,0.015,0.463181818181818,10,-0.709505117950433,3,"Ap1s2 Bcl2l1 Ap3d1"
"GOBP_ALDEHYDE_BIOSYNTHETIC_PROCESS",1.52934958207315,0.0168582375478927,0.473952315803276,17,0.65465478558057,3,"Cacna1h Wnt4 Clcn2"
"GOBP_AMEBOIDAL_TYPE_CELL_MIGRATION",1.35382290613006,0.0165103954341623,0.473952315803276,143,0.435572749080868,28,"Sema6d Eng Epb41l4b Mcc Smad3 Gab2 Nrp2 Bmpr2 Hbegf Sema4a Ager Wdpcp Itgb3 Sema7a Itgb4 Vegfa Sema3b Syne2 Tgfbr3 Itga3 Hyal2 Prr5l Rab25 Itgb1 Arsb Efnb1 Eppk1 Fgf2"
"GOBP_AMINO_ACID_IMPORT_ACROSS_PLASMA_MEMBRANE",1.51360362688409,0.0169717541520184,0.473952315803276,24,0.603074919254548,18,"Slc6a13 Slc7a7 Slc7a11 Slc6a20b Per2 Rgs2 Itgb1 Slc7a1 Tnf Slc43a1 Psen1 Slc43a2 Slc7a6 Arhgef11 Slc6a6 Arl6ip5 Slc38a2 Slc36a1"
"GOBP_ARTERY_MORPHOGENESIS",1.50082032955118,0.0170361726954492,0.473952315803276,36,0.559808435364222,11,"Eng Bmpr2 Prdm1 Notch4 Vegfa Efemp2 Hpgd Rbpj Acvrl1 Notch1 Nprl3"
"GOBP_CORONARY_VASCULATURE_MORPHOGENESIS",1.53514479821196,0.0162155093500719,0.473952315803276,13,0.692064609721006,6,"Angpt1 Vegfa Tgfbr3 Rxra Notch1 Fgf2"
"GOBP_DEVELOPMENT_OF_PRIMARY_SEXUAL_CHARACTERISTICS",1.3597577281049,0.0162067904400451,0.473952315803276,133,0.439679266874092,42,"Abcb1b Rab13 Adam15 Hmga2 Pla2g4a Wnt4 Col9a3 Kif18a Ahr Mmp14 Serpinb6b Angpt1 Vegfa Acvr2a Pcyt1b Pde4d Nefh Gnrh1 Insl6 Adam1a Klhl10 Esr1 Wdr19 Nos3 Notch1 Npr2 Rdh10 Itgav Cebpb Immp2l Ctnna1 Sod1 Ago4 Icam1 Afp Gas2 Adam4 Star Abcg2 Ccnd1 Ing2 Brip1"
"GOBP_EPITHELIAL_TUBE_BRANCHING_INVOLVED_IN_LUNG_MORPHOGENESIS",1.52828484545535,0.0168582375478927,0.473952315803276,17,0.654199013446849,7,"Spry2 Hmga2 Tmtc3 Spry1 Ext1 Rdh10 Tnf"
"GOBP_FIBROBLAST_GROWTH_FACTOR_RECEPTOR_SIGNALING_PATHWAY",1.50706691402092,0.0162394153810463,0.473952315803276,37,0.559199339923367,14,"Spry2 Frs3 Creb3l1 Wnt4 Apln Nrxn1 Spry1 Ext1 Itgb1 Fgf2 Sulf2 Ndst1 Fgfbp3 Shcbp1"
"GOBP_INTERLEUKIN_10_PRODUCTION",1.49283774882995,0.0169687175343415,0.473952315803276,39,0.549751736162028,15,"Fcer1g Nod2 Tnfsf18 Isg15 Foxp3 Ager Tnfrsf21 Rbm47 Dll1 Jak3 Cd46 Cd274 Pdcd1lg2 Prkcz Tlr4"
"GOBP_LEUKOCYTE_APOPTOTIC_PROCESS",1.41286232588893,0.015848026868178,0.473952315803276,93,0.469532632772792,15,"Il2ra Fcer1g Ccr5 Cd27 Nod2 Tnfrsf4 Pik3cb Bbc3 Tnfrsf21 Axl Nr4a3 Il2 Serpinb9 Slc7a11 Efna1"
"GOBP_NEGATIVE_REGULATION_OF_VIRAL_GENOME_REPLICATION",1.50783291346794,0.0155192532088681,0.473952315803276,36,0.562424140624209,14,"Ifitm3 Hmga2 Isg15 Ifih1 Rnasel Oas3 Slpi Isg20 Plscr1 Eif2ak2 Ifitm2 Tnf Bst2 Oasl2"
"GOBP_NEURON_PROJECTION_GUIDANCE",1.42146610779529,0.0168414362885288,0.473952315803276,84,0.47628229877192,23,"Sema6d Nrp2 Egr2 Bmpr2 App Nectin1 Sema4a Sema7a Neo1 Nr4a3 Csf1r Vegfa Agrn Sema3b Efna1 Rtn4rl1 Crppa Ext1 Ntn1 Cdk5r1 Efnb1 Notch1 Ttc8"
"GOBP_POSITIVE_REGULATION_OF_CYTOSOLIC_CALCIUM_ION_CONCENTRATION",1.44550911725947,0.016120365394949,0.473952315803276,73,0.490925477967749,18,"Ackr2 Cxcr3 Ccr5 Cxcr6 Cacna1a Ptger1 Ccr9 Cd55b Il2 Tac4 Dlg4 Ackr3 Trpm4 Asph Akap5 Jak3 Ccr1 Esr1"
"GOBP_POSITIVE_REGULATION_OF_SMOOTH_MUSCLE_CELL_DIFFERENTIATION",1.54143412248636,0.0158065387733045,0.473952315803276,10,0.735191993992708,4,"Eng Notch4 Efemp2 Notch1"
"GOBP_RESPONSE_TO_INTERLEUKIN_6",1.51336919850655,0.01709298096739,0.473952315803276,24,0.602981514434196,3,"C1qtnf4 Gfi1 Socs3"
"GOBP_REGULATION_OF_NERVOUS_SYSTEM_DEVELOPMENT",1.26660000369979,0.0175368273374086,0.479732269981727,283,0.396201467686139,84,"Sema6d Ccr5 Iqsec2 Hmga2 Egr2 Bmpr2 Xrcc2 Adgrl2 App Sema4a Tnfrsf21 Cit Xlr3b Clstn1 Plxnd1 Adgrl1 Atxn1 Tenm4 Marcks Serpine2 Clcn2 Numbl Sema7a Csf1r Fgf13 Caprin2 Vegfa Plag1 Agrn Nrxn1 Dlg4 Gorasp1 Nr1d1 Bhlhe41 Tiam2 Neurl1a Map2 Per2 Zfp365 Atf5 Dll1 Ezh2 Lrp8 Cask Lpin1 Akap5 Cdkl3 Hoxb3 Ntn1 Itpka Il1rap Rxra Srcin1 Notch1 Ankrd27 Myb Hap1 Plxnc1 Dbn1 Amigo1 Tnf Dock7 Ctnna1 Rufy3 Amigo3 Mapt Pak1 Ss18l1 Tnfrsf1b Ptk2 Lta Star Prkci Ifrd1 Fbxo31 Cyfip1 Lef1 Psen1 Golga4 Appl2 Wls Lig4 Nf2 Ski"
"GOBP_UV_DAMAGE_EXCISION_REPAIR",-1.73787088075337,0.017515923566879,0.479732269981727,11,-0.676324429416676,6,"Xpc Cul4b Ddb2 Pola1 Ercc1 Xpa"
"GOBP_APICAL_JUNCTION_ASSEMBLY",1.48323775046772,0.0190465196814037,0.481031779750502,39,0.546216445223058,15,"Rab13 Mpp7 F11r Fzd5 Epha2 Cdh5 Rhoc Nphp4 Itgb1 Acvrl1 Tbcd Abi2 Tnf Ctnna1 Snai1"
"GOBP_CELL_CELL_JUNCTION_ASSEMBLY",1.43731006665393,0.0186274509803922,0.481031779750502,65,0.495192515401046,23,"Nphs1 Rab13 Cdh11 Cdh24 Mpp7 F11r Cd9 Fzd5 Epha2 Cdh5 Epb41l3 Rhoc Nphp4 Itgb1 Acvrl1 Ildr1 Pkp3 Tbcd Abi2 Cdh17 Tnf Ctnna1 Snai1"
"GOBP_EPITHELIAL_TO_MESENCHYMAL_TRANSITION",1.38764256094423,0.0190895741556534,0.481031779750502,97,0.459607205042644,22,"Eng Tmem100 Spry2 Smad3 Adam15 Hmga2 Tgfb3 Wnt4 Ager Bambi Notch4 Loxl2 Vegfa Efna1 Tgfbr3 Spry1 Trim62 Ezh2 Spred2 Rbpj Acvrl1 Notch1"
"GOBP_MALE_MEIOSIS_I",-1.67978178586093,0.0190558683412733,0.481031779750502,14,-0.610077414892071,7,"Rad51c Hspa2 Trip13 Foxj2 Zscan21 Foxj3 Brdt"
"GOBP_MOTILE_CILIUM_ASSEMBLY",1.47649022416011,0.0185733819507748,0.481031779750502,43,0.535440823967647,25,"Kif3a Enkd1 Ulk4 Cabcoco1 Bbof1 Rsph9 Bbs4 Mns1 Mks1 Spata6 Zmynd10 Spef2 Dnah1 Klc3 Armc2 Ift81 Cep70 Ccdc39 Ift57 Ahi1 Ift88 Cep78 Cep131 Bbs2 Rab29"
"GOBP_NEGATIVE_REGULATION_OF_AXON_EXTENSION",1.52585310677504,0.0180715278655377,0.481031779750502,18,0.645033577023524,6,"Sema6d Ccr5 Cit Map2 Cdkl3 Ntn1"
"GOBP_NEGATIVE_REGULATION_OF_CELL_GROWTH",1.37115477182366,0.0186528497409326,0.481031779750502,114,0.448091733741166,22,"Sema6d Ccr5 Smad3 Adam15 Osgin1 Bmpr2 Cdkn1a Bbc3 Cit Serpine2 Fgf13 Caprin2 Map2 Hyal2 Rgs2 Atg7 Cdkl3 Ntn1 Hspa1b Cdkn2c Acvrl1 Sertad2"
"GOBP_REGULATION_OF_CELLULAR_RESPONSE_TO_VASCULAR_ENDOTHELIAL_GROWTH_FACTOR_STIMULUS",1.5215452617619,0.018261214767765,0.481031779750502,12,0.69818517395569,7,"Spry2 Pik3cb Itgb3 Angpt1 Vegfa Dll1 Itgb1"
"GOBP_REGULATION_OF_INFLAMMATORY_RESPONSE",1.2863985887669,0.0191185349164822,0.481031779750502,227,0.405646047795724,45,"Nlrp1b Il2ra Fcer1g Ccr5 Mgll Socs3 Nod2 Smad3 Tnfsf18 Nlrx1 Sirpa Foxp3 App Ager Camk2n1 Tlr3 Ahr Gbp2 Sema7a Metrnl Nr4a3 Csf1r Il2 Dnase1 Cd276 Alox5ap Nr1d1 Cdh5 Tlr6 Abr Nkg7 Ffar2 Hyal2 Tlr7 Mfhas1 S100a8 Kcnn4 Nr1h3 Ccr1 Esr1 Casp4 Ighg3 Nt5e Bst1 Slc39a8"
"GOBP_REGULATION_OF_LONG_TERM_NEURONAL_SYNAPTIC_PLASTICITY",1.52270504961223,0.0183242765070138,0.481031779750502,18,0.643702778820615,4,"Syp App Dlg4 Neurl1a"
"GOBP_SINGLE_FERTILIZATION",1.42579601049805,0.0183917878528657,0.481031779750502,77,0.481875815220513,22,"Cacna1h Izumo1r Dkkl1 Rabl2 Cntln Astl Cd9 Unc13b Tmem95 Plcd4 Bbof1 Adam1a Dcst1 Ccdc28a Hspa1b Zpbp Npr2 Antxr2 Cd46 Ovgp1 Cep70 Zpbp2"
"GOBP_THYMIC_T_CELL_SELECTION",1.5177357436563,0.0185091916393855,0.481031779750502,19,0.635476387318926,3,"Zap70 Cd3d Aire"
"GOBP_TISSUE_REMODELING",1.38603071254741,0.0189622838091269,0.481031779750502,104,0.456276920836227,32,"Abcb1b Car2 Bmpr2 Angpt2 Ager Axl Ahr Mmp14 Itgb3 Csf1r Slc34a1 Vegfa Mitf Lrrc25 Kiss1r Epha2 Tgfbr3 Abr Ext1 Rab3d Rbpj Dusp18 Acvrl1 Nos3 Npr2 Itgav Snx10 Ubash3b Tmbim1 Bcr Def8 Idua"
"GOBP_BLOOD_VESSEL_REMODELING",1.50444464204797,0.0193733556565415,0.481498766195507,28,0.583608598781206,14,"Bmpr2 Angpt2 Axl Ahr Vegfa Tgfbr3 Abr Ext1 Rbpj Acvrl1 Nos3 Npr2 Tmbim1 Bcr"
"GOBP_CHEMOKINE_PRODUCTION",1.43410381008141,0.019359072514492,0.481498766195507,62,0.496614829243482,15,"Nod2 Aire Tnfsf18 Sirpa App Ager Gstp2 Tlr3 Csf1r Epha2 Ffar2 Oas3 Ticam2 Tlr7 Kcnn4"
"GOBP_MAINTENANCE_OF_SYNAPSE_STRUCTURE",1.51221073656446,0.0195379700172032,0.482647065394669,22,0.612390872836594,8,"Bsn Dlg3 Itgb3 Nrxn1 Dlg4 Ctbp2 Magi2 Itgb1"
"GOBP_EPITHELIAL_TUBE_MORPHOGENESIS",1.2962766240802,0.0199130698473668,0.48894983552932,199,0.411253079129568,69,"Eng Spry2 Maged1 Egf Smad3 Hmga2 Asb2 Hs3st3b1 Tmtc3 Wnt4 Kif3a Plxnd1 Ift122 Ahr Mmp14 Notch4 Nrarp Angpt1 Vegfa St14 Greb1l Epha2 Stox1 Spry1 Lgr5 Dll1 Ext1 Bbs4 Ntn1 Gzf1 Esr1 Mks1 Rbpj Acvrl1 Notch1 Fgf2 Rdh10 Mthfd1 Rhob Csf1 Tnf Tulp3 Dvl1 Rab23 Pak1 Ctnnd1 Ccdc39 Apaf1 Ctns Arhgap35 Cluap1 Ipmk Enah Lef1 Psen1 Cited2 Lzts2 Ift57 Mst1 Ski Luzp1 Nup50 Ptch1 Hs2st1 Sdc4 Gatad2a Timeless Sirt6 B4galt1"
"GOBP_EMBRYONIC_ORGAN_DEVELOPMENT",1.27835553170735,0.0201126307320998,0.49089271176071,238,0.402379145823097,70,"Eng Gfi1 Cdkn1c Spry2 Myo3b Socs3 Tcf7 Smad3 Asb2 Plcd3 Tgfb3 Prdm1 Nectin1 Kif3a Ift122 Lrig3 Wdpcp Mmp14 Nr4a3 Vegfa Fzd5 St14 Lhfpl5 Greb1l Epha2 Efna1 Stox1 Abr Dll1 Vash2 Myo6 Tifab Hoxb3 Ntn1 Wdr19 Mks1 Hspg2 Uty Rbpj Pcgf2 Palb2 Notch1 Myb Rdh10 Ndst1 Itgav Hsd17b7 Bcr Vcam1 Tnf Tulp3 Pbx4 Cebpb Whrn Dvl1 Sod1 Ccdc39 Snai1 Myo7a Ift140 Cluap1 Abcg2 Rad23b Aldh1a3 Lef1 Psen1 Cited2 Naglu Ift57 Slc39a1"
"GOBP_REGULATION_OF_TUBE_SIZE",1.42171599448866,0.0207103766498551,0.499499971744435,75,0.481845098287656,27,"Mgll Bmpr2 Plekha7 Ahr Apln Vegfa Dock4 Tgfbr3 Per2 Rgs2 Trpm4 Itga9 Ext1 Itgb1 Hrh2 Scarb1 Nos3 Plod3 Zdhhc21 Abcc1 Tnf Wdr35 Sod1 Icam1 Ptk2 Ppard Tbxa2r"
"GOBP_TUBE_MORPHOGENESIS",1.20779289644705,0.0207062118635591,0.499499971744435,479,0.373206323888199,143,"Ndnf Cxcr3 Eng Pik3r6 Tmem100 Spry2 Maged1 Plekhg5 Creb3l1 Egfl7 Egf Tcf7 Smad3 Adam15 Hmga2 Nrp2 Asb2 Bmpr2 Hs3st3b1 Plcd3 Pik3cb Tmtc3 Prdm1 Hbegf Angpt2 Wnt4 Sema4a Plk2 Tlr3 Kif3a Plxnd1 Ift122 Cd93 Ahr Cd59a Mmp14 Itgb3 Notch4 Nr4a3 Apln Pik3r3 Nrarp Loxl2 Angpt1 Vegfa Efemp2 Meis3 Fzd5 Nrxn1 St14 Ecm1 Greb1l Epha2 Efna1 Ackr3 Cdh5 Tgfbr3 Shb Stox1 Spry1 Hpgd Apold1 Nox1 Hspb6 Lgr5 Dll1 Ext1 Elmo3 Vash2 Itgb1 Bbs4 Pik3r2 Hoxb3 Ntn1 Gzf1 Esr1 Mks1 Hspg2 Cybb Rbpj Rxra Acvrl1 Nos3 Hif3a Notch1 Nprl3 Fgf2 Foxm1 Npr2 Cd160 Rdh10 Mthfd1 Itgav Hk2 Egfl8 Rhob Rgcc Il12a Csf1 Gpld1 Ramp1 Tnf Tulp3 Cemip2 Dvl1 Rab23 Pak1 Ctnnd1 Ccdc39 Apaf1 Ctns Ptk2 Tmem201 Elmo1 Bak1 Arhgap35 Cluap1 Tbxa2r Abcg2 Smad5 Ipmk Nras Enah Lef1 Hmox1 Psen1 Cited2 Ppp1r16b Fmnl3 Lzts2 Naglu Elk3 Ift57 Mst1 Pde3b Ski Plcg1 Luzp1 Nup50 Mtdh Ptch1 Grn Vav3"
"GOBP_CELLULAR_EXTRAVASATION",1.45908863632561,0.0213563557877996,0.503462384683676,44,0.527388639168361,15,"Sirpa Ager Sele F11r Gp1ba Abr Trem1 Ext1 Itgb1 Ccl25 Jaml Bcr Vcam1 Tnf Icam1"
"GOBP_CELL_PROLIFERATION_INVOLVED_IN_HEART_MORPHOGENESIS",1.51607512676093,0.0214953271028037,0.503462384683676,11,0.709310418070979,4,"Eng Bmpr2 Rbpj Notch1"
"GOBP_ENDOCARDIAL_CUSHION_FORMATION",1.51350883014252,0.0216157795190489,0.503462384683676,10,0.721872935421472,5,"Eng Tmem100 Tgfb3 Rbpj Notch1"
"GOBP_EPITHELIAL_TO_MESENCHYMAL_TRANSITION_INVOLVED_IN_ENDOCARDIAL_CUSHION_FORMATION",1.51350883014252,0.0216157795190489,0.503462384683676,10,0.721872935421472,5,"Eng Tmem100 Tgfb3 Rbpj Notch1"
"GOBP_HEART_MORPHOGENESIS",1.34672860497066,0.0215738648037806,0.503462384683676,129,0.43617701255592,27,"Eng Tmem100 Smad3 Adam15 Nrp2 Asb2 Bmpr2 Tgfb3 Kif3a Plxnd1 Ahr Angpt1 Cplane2 Vegfa Greb1l Efna1 Tgfbr3 Spry1 Dll1 Ext1 Dhrs3 Uty Rbpj Rxra Acvrl1 Nos3 Notch1"
"GOBP_LUNG_ALVEOLUS_DEVELOPMENT",1.48465539958172,0.0212591026544515,0.503462384683676,34,0.55878623864088,8,"Bmpr2 Tgfb3 Tmtc3 Atxn1 Vegfa Slc7a11 Errfi1 Tmem38b"
"GOBP_OLEFINIC_COMPOUND_METABOLIC_PROCESS",1.43616243020781,0.0226259473918859,0.507047732783266,53,0.507282855419435,22,"Cacna1h Mgll Dkkl1 Pla2g4a Wnt4 Gstp2 Ahr Clcn2 Bco2 Dhrs3 H6pd Rdh10 Prxl2b Rdh9 Hsd17b1 Rdh5 Retsat Afp Pnpla8 Aldh1a3 Sco1 Rdh13"
"GOBP_PLATELET_ACTIVATION",1.43495492304541,0.0227374052608114,0.507047732783266,53,0.506856338426372,11,"Fcer1g Pik3cb Pla2g4a Axl Serpine2 F11r Itgb3 Cd9 Slc7a11 Gp1ba Gla"
"GOBP_POSITIVE_REGULATION_OF_CHOLESTEROL_METABOLIC_PROCESS",-1.61090095703293,0.0220201053135472,0.507047732783266,18,-0.541476986347268,5,"Gpr146 Stard4 Mbtps2 Apoe Abcg1"
"GOBP_POSITIVE_REGULATION_OF_G_PROTEIN_COUPLED_RECEPTOR_SIGNALING_PATHWAY",1.50513666416721,0.0220347519516495,0.507047732783266,19,0.630201149155275,6,"App Slc39a14 Itgb3 Nrxn1 Rgs2 Cav2"
"GOBP_REGULATION_OF_ANATOMICAL_STRUCTURE_MORPHOGENESIS",1.2002410746862,0.0224022402240224,0.507047732783266,494,0.37063337950018,147,"Sema6d Cxcr3 Eng Ccr5 Pik3r6 Spry2 Wnt10a Maged1 Creb3l1 Egf Palm3 Smad3 Hmga2 Bmpr2 Pik3cb Angpt2 Wnt4 Sema4a Plk2 Cit Tlr3 Kif3a Xlr3b Plxnd1 Cacna1a Tenm4 Marcks Cd59a Bambi Wdpcp F11r Itgb3 Numbl Lst1 Sema7a Notch4 Csf1r Fgf13 Dmrt3 Caprin2 Vegfa Arap3 Arhgap33 Dlg4 Sema3b Ecm1 Epha2 Gorasp1 Efna1 Fmnl2 Tiam2 Cdh5 Myo10 Map2 Gla Stox1 Spry1 Epb41l3 Abr 4930550C14Rik Hspb6 Dll1 Fes Lrp8 Cask Atg7 Vash2 Itgb1 Akap5 Cdkl3 Ntn1 Brsk2 Cdc42ep4 Ddhd2 Esr1 Zfp874b Cdk5r1 Itpka Cybb Rbpj Rxra Srcin1 Acvrl1 Nos3 Notch1 Fgf2 Ankrd27 Inf2 Cd160 Hk2 Mov10 Tnfaip3 Rhob Zmpste24 Plxnc1 Rgcc Dbn1 Csf1 Tbccd1 Zmym3 Abi2 Msto1 Amigo1 Tmbim1 Bcr Tnf Zmym6 Rufy3 Cemip2 Mapt Dvl1 Pak1 Ss18l1 Slc23a2 Ctnnd1 Pqbp1 Ago4 Icam1 Gas2 Ptk2 Tanc2 Rnf157 Arhgap35 Rasal1 Tbxa2r Zfp712 Pdzd8 Nras Ifrd1 Fbxo31 Cyfip1 Hmox1 Psen1 Golga4 Cited2 Ppp1r16b Fmnl3 Wls Nf2 Eps8 Pde3b Plcg1 Arc Mtdh Ift88 Hck Grn"
"GOBP_REGULATION_OF_NEUROTRANSMITTER_RECEPTOR_LOCALIZATION_TO_POSTSYNAPTIC_SPECIALIZATION_MEMBRANE",1.50186962477343,0.0222606975018551,0.507047732783266,21,0.613551823763695,7,"Iqsec2 Cacna2d2 Epb41l3 Camk2a Magi2 Tmem108 Prkcz"
"GOBP_SMOOTH_MUSCLE_CELL_PROLIFERATION",1.35717258897734,0.0227649006622517,0.507047732783266,115,0.44294877280531,36,"Il15 S1pr2 Bmpr2 Cdkn1a Tgfb3 Hbegf Ager Gstp2 Itgb3 Nr4a3 Apln Vegfa Efemp2 Pde4d Hpgd Nox1 Abcc4 Kcnn4 Esr1 Rbpj Nos3 Fgf2 Myb Nampt Tnfaip3 Rgcc Il12a Tnf Nqo2 Pak1 Tlr4 Ptk2 Ppard Igf1r Map3k5 Hmox1"
"GOBP_STEM_CELL_DEVELOPMENT",1.47446417789941,0.0224903361836711,0.507047732783266,35,0.55286599890023,9,"Sema6d Eng Nrp2 Sema4a Sema7a Sema3b Efnb1 Fgf2 Rdh10"
"GOBP_SPHINGOLIPID_BIOSYNTHETIC_PROCESS",1.42377474080397,0.0229885057471264,0.509245377311344,67,0.488635398977833,19,"St8sia6 Plekha8 A3galt2 St6galnac6 Elovl6 Asah2 Hacd4 Degs2 Prf1 Cers6 Smpd5 Abca8b Acer2 Pemt Atg7 Smpd4 Abca2 St3gal2 Casp7"
"GOBP_ADHESION_OF_SYMBIONT_TO_HOST",1.50665703993507,0.0242990654205607,0.510530879660854,11,0.704904075017159,6,"Gbp6 Gbp2 Scarb1 Gbp7 Gbp9 Icam1"
"GOBP_ADRENAL_GLAND_DEVELOPMENT",1.49263422334323,0.0237547892720306,0.510530879660854,17,0.638938375429096,4,"Cdkn1c Smad3 Hmga2 Wnt4"
"GOBP_CELL_SURFACE_RECEPTOR_SIGNALING_PATHWAY_VIA_STAT",1.36436238457473,0.0236212278876171,0.510530879660854,107,0.448056373720033,22,"Il15 C1qtnf4 Egf Socs3 Hmga2 Tnfsf18 Ager Il15ra Gfra2 Csf1r Il2 Il24 Socs1 Camk2a Socs2 Il7r Jak3 Cdk5r1 Csf2rb Cntf Notch1 Gbp7"
"GOBP_LIPID_DROPLET_FORMATION",-1.67016012972244,0.0242834394904459,0.510530879660854,11,-0.649973544800601,5,"Sqle Dab2ip Rab40c Cds2 Bscl2"
"GOBP_MONOCYTE_CHEMOTACTIC_PROTEIN_1_PRODUCTION",1.49213381448823,0.023882503192848,0.510530879660854,17,0.6387241699554,6,"Nod2 Tnfsf18 Ager Gstp2 Oas3 Kcnn4"
"GOBP_NEGATIVE_REGULATION_OF_SYNCYTIUM_FORMATION_BY_PLASMA_MEMBRANE_FUSION",-1.46295163788207,0.0233602875112309,0.510530879660854,48,-0.388387755486623,46,"Rapgef3 Rpl7 Rpl13a Rpl6 Rpl35a Rpl10a Rpl35 Rpl5 Rplp0 Rpl14 Rpl18 Rpl4 Rpl23 Rpl41 Rpl15 Rpl8 Rpl12 Uba52 Rpl17 Rpl28 Rpl18a Rpl19 Rpl7a Rpl30 Rpl31 Rpl27 Rpl13 Rpl10 Rpl21 Rpl37a Rpl38 Rpl32 Rpl9 Rpl36a Rpl29 Rpl34 Rpl39 Rpl26 Rpl37 Rpl24 Rpl23a Rpl36 Rpl11 Rplp1 Rpl27a Rplp2"
"GOBP_NEUROTRANSMITTER_RECEPTOR_LOCALIZATION_TO_POSTSYNAPTIC_SPECIALIZATION_MEMBRANE",1.48773892589185,0.0234544142410392,0.510530879660854,26,0.584619589537337,9,"Iqsec2 Cacna2d2 Dlg4 Epb41l3 Camk2a Magi2 Lhfpl4 Tmem108 Prkcz"
"GOBP_PHOTORECEPTOR_CELL_DIFFERENTIATION",1.46243942223804,0.0235104298720756,0.510530879660854,40,0.536460127473827,24,"Cabp4 Rabl2 Prdm1 Samd11 Vegfa Nphp4 Rpgrip1l Prom1 Bbs4 Bbs10 Cntf Notch1 Ttc8 Ift140 Prkci Arl3 Rab37 Rdh13 Naglu Ahi1 Tmem216 Epg5 Rpgr Alms1"
"GOBP_POSITIVE_REGULATION_OF_TYPE_II_INTERFERON_PRODUCTION",1.42641988074751,0.0239653833351825,0.510530879660854,55,0.501494766539076,21,"Cd27 Il12rb1 Isg15 App Tlr3 Flt3 Il2 Fzd5 Cd276 Pde4d Ticam2 Tlr7 Raet1d Tnfsf9 Cd160 Il12a Tnf Tlr4 Lta Ptpn22 Nras"
"GOBP_PROTEIN_LOCALIZATION_TO_POSTSYNAPSE",1.46051371513403,0.0242410250490592,0.510530879660854,39,0.537848102523328,12,"Iqsec2 Cacna2d2 Clstn1 Dlg4 Epb41l3 Camk2a Magi2 Lhfpl4 Snap47 Tmem108 Prkcz Stx3"
"GOBP_REGULATION_OF_CELL_MATRIX_ADHESION",1.39758698319337,0.0244605853450117,0.511288953160348,78,0.471812110358693,17,"Smad3 Adam15 Pik3cb Wnt4 Wdpcp Mmp14 Itgb3 Vegfa Efemp2 Dmd Acer2 Trem1 Cask Ccl25 Utrn Acvrl1 Bst1"
"GOBP_REGULATION_OF_POSITIVE_CHEMOTAXIS",1.49089043895912,0.024745269286754,0.514600600065354,12,0.684118722349539,4,"Smad3 Angpt2 Ager Vegfa"
"GOBP_T_CELL_SELECTION",1.43680049386707,0.0249046443796276,0.515285941580517,49,0.511942726286327,6,"Il15 Zap70 Cd3d Aire Tnfsf18 Foxp3"
"GOBP_AXONEME_ASSEMBLY",1.45914462948299,0.0262701076264321,0.523354158792272,38,0.539387657393128,17,"Dnajb13 Cfap74 Tbc1d32 Rsph1 Cplane2 Ulk4 Rsph4a Bbof1 Togaram1 Spef1 Rsph9 Dnaaf4 Spaca9 Mns1 Zmynd10 Spef2 Dnah1"
"GOBP_CYTOKINE_PRODUCTION_INVOLVED_IN_IMMUNE_RESPONSE",1.41066070564489,0.0255525606469003,0.523354158792272,70,0.48145627143807,24,"Fcer1g Nod2 Tgfb3 Foxp3 Tlr3 Tnfrsf14 Sema7a Nr4a3 Cd55b Angpt1 Fzd5 Ffar2 Tlr7 Trpm4 Jak3 Cd160 Hfe Pkp3 Apoa2 Prkcz Tnf Tnfrsf1b Tlr4 Bst2"
"GOBP_NEGATIVE_REGULATION_OF_CHEMOKINE_PRODUCTION",1.4882802440393,0.0261594843927714,0.523354158792272,18,0.629150162072347,5,"Sirpa Gstp2 Epha2 Oas3 Ticam2"
"GOBP_POSITIVE_REGULATION_OF_INTERLEUKIN_1_BETA_PRODUCTION",1.45699987215192,0.0255848795666705,0.523354158792272,40,0.534464761588427,10,"Nlrp1b Ccr5 Nod2 Smad3 App Ager Fzd5 Tlr6 Naip5 Casp4"
"GOBP_REGULATION_OF_B_CELL_DIFFERENTIATION",1.47202638985498,0.0260632626466059,0.523354158792272,31,0.562295584029543,5,"Cd27 Prdm1 Mmp14 Flt3 Il2"
"GOBP_REGULATION_OF_SYNAPSE_MATURATION",1.48342360625218,0.0261813537675607,0.523354158792272,17,0.634995670224551,6,"Nrg2 Clstn1 Sema7a Nrxn1 Neurl1a Igsf9"
"GOBP_REGULATION_OF_SYSTEMIC_ARTERIAL_BLOOD_PRESSURE",1.4464356051201,0.0263217866909754,0.523354158792272,43,0.524541686459326,12,"Eng Corin Bmpr2 Camk2n1 Rps6ka2 Ahr Apln Tac4 Nox1 Kcnn4 Bbs4 Nos3"
"GOBP_VASOCONSTRICTION",1.46196258070114,0.025983064609674,0.523354158792272,37,0.542463312355215,14,"Mgll Bmpr2 Ahr Apln Dock4 Per2 Trpm4 Itga9 Itgb1 Hrh2 Zdhhc21 Wdr35 Icam1 Tbxa2r"
"GOBP_EPITHELIAL_CELL_PROLIFERATION",1.26323369471631,0.0265406655272947,0.524630944819755,239,0.397555657750568,51,"Cxcr3 Eng Cdkn1c Mcc Maged1 Egfl7 Egf Nod2 Smad3 Hmga2 Bmpr2 Cdkn1a Tgfb3 Pik3cb Prdm1 Ager Kif3a Ift122 Rap1gap Ahr Mmp14 Itgb3 Nr4a3 Apln Klf9 Nrarp Loxl2 Vegfa Errfi1 Acvr2a Mki67 Zfp580 Ecm1 Epha2 Nr1d1 Tgfbr3 Irf6 Ccnd2 Lgr5 Cav2 Cask Vash2 Esr1 Scarb1 Hspg2 Birc5 Acvrl1 Eppk1 Notch1 Fgf2 Sulf2"
"GOBP_POSITIVE_REGULATION_OF_BONE_MINERALIZATION",1.48900818191899,0.0266434262948207,0.524630944819755,20,0.615672998088006,7,"Smad3 Bmpr2 Isg15 Wnt4 Csf1r Acvr2a Cd276"
"GOBP_OUTFLOW_TRACT_MORPHOGENESIS",1.45453890206697,0.0269544924154026,0.525677086531966,36,0.542545387285636,10,"Eng Nrp2 Bmpr2 Plxnd1 Vegfa Greb1l Tgfbr3 Dhrs3 Rbpj Notch1"
"GOBP_SEMAPHORIN_PLEXIN_SIGNALING_PATHWAY",1.48460367371615,0.0269107888916196,0.525677086531966,22,0.601211006892421,6,"Sema6d Nrp2 Sema4a Plxnd1 Sema7a Sema3b"
"GOBP_EPITHELIAL_CELL_DIFFERENTIATION",1.2269078447048,0.0277332799359231,0.538289757232489,333,0.381778867227128,83,"Abcb1b Rilpl1 Tmem100 Gfi1 Cdkn1c Spry2 Myo3b Nphs1 Rab13 Tmc1 Smad3 S1pr2 Bmpr2 Maf Cdkn1a Slc39a2 Foxp3 Tjp2 Prdm1 Wnt4 Basp1 Ppl Wdpcp F11r Tmod1 Gstk1 Notch4 Hsf4 Csf1r Krt10 Vegfa Errfi1 Tigar St14 Dmd Lhfpl5 Epha2 Cdh5 Pde4d Tmem38b Fstl1 Spry1 Irf6 Apold1 Magi2 Dll1 Ext1 Tagln Rab25 Ezh2 Prom1 Hrh2 Myo6 Cdk1 Syne4 Esr1 Spred2 Frmd6 Rbpj Rxra Acvrl1 Eppk1 Tdrd7 Notch1 Fgf2 Ttc8 Npr2 Gpat4 Plod3 Zdhhc21 Tgfb1i1 Rilpl2 Abi2 Rptor Bcr Tnf Cebpb Mcoln3 Whrn Tmem79 Sod1 Ctnnd1 Icam1"
"GOBP_INFLAMMATORY_RESPONSE",1.18866626762751,0.0282028202820282,0.544808983267995,492,0.367107017877183,126,"Ackr2 Nlrp1b Cxcr3 Il2ra Fcer1g Ccr5 C1qtnf4 Kdm4d Mgll Socs3 Nod2 Tnfrsf4 Smad3 Map3k20 Cxcr6 Tnfsf18 Nlrx1 Zdhhc1 Sirpa Foxp3 App Ager Axl Camk2n1 Tlr3 F8 Ptger1 Ahr Gbp2 Sema7a Metrnl Nr4a3 Csf1r Slc18a2 Il2 Serpinb9 Ggt5 Dnase1 Lat Saa3 Ulk4 Plp1 Tac4 Dmd Prf1 Cers6 Zfp580 Ecm1 Lrrc25 Cd276 Alox5ap Lxn Epha2 Nr1d1 Cdh5 Tlr6 Abr Nkg7 Ffar2 Ticam2 Hyal2 Tlr7 Mfhas1 Ext1 S100a8 Ezh2 Naip5 Itgb1 Kcnn4 Fbxw10 Ccl27a Nr1h3 Ccl25 Ccr1 Esr1 Casp4 Il1rap Ighg3 Cybb Cntf Rbpj Apip Nt5e Bst1 Slc39a8 Notch1 Tlr12 Nampt Lilrb4a Plscr1 Ndst1 Itgav Tnfaip3 Eif2ak2 Chid1 Csf1 Abcc1 Appl1 Casp7 Prkcz Gzma Bcr Chil5 Vcam1 Tnf Cebpb Sod1 Tnfrsf1b Tlr4 Ccdc39 Fchsd1 Icam1 Cmtm4 Pja2 Eif2ak1 Acer3 Lta Kcnk6 Nlrp10 Prmt2 Ppard Tbxa2r Abcg2 Mkrn2 Ddx3x Ptpn22"
"GOBP_JNK_CASCADE",1.31915441533038,0.0284923644562878,0.547806026055797,136,0.426074356100615,25,"Cd27 Nphs1 Tnfrsf19 Nod2 Smad3 Map3k20 Sirpa Mapk8ip2 App Ager Gstp2 Tlr3 Sh3rf1 Map3k15 Fktn Mbip Ulk4 Tgfbr3 Map3k12 Tlr7 Nox1 Mfhas1 Rgs2 Mdfic Naip5"
"GOBP_HAIR_CELL_DIFFERENTIATION",1.46424263563175,0.029064919594997,0.553707309486168,30,0.562885263776733,13,"Gfi1 Myo3b Tmc1 Wdpcp Lhfpl5 Dll1 Myo6 Rbpj Notch1 Mcoln3 Whrn Sod1 Myo7a"
"GOBP_POSITIVE_REGULATION_OF_VASCULATURE_DEVELOPMENT",1.37187816195444,0.0290709922056035,0.553707309486168,90,0.457102556307502,21,"Cxcr3 Eng Pik3r6 Hmga2 Angpt2 Tlr3 Itgb3 Notch4 Vegfa Ecm1 Cdh5 Hspb6 Dll1 Vash2 Itgb1 Cybb Acvrl1 Nos3 Fgf2 Hk2 Rhob"
"GOBP_AXON_DEVELOPMENT",1.24510018048685,0.029686089660014,0.562793030019615,266,0.390211149017345,79,"Sema6d Ccr5 Mgll Raph1 Cdh11 Nrp2 Egr2 Bmpr2 App Nectin1 Sema4a Tnfrsf21 Dst Cit Plxnd1 Cacna1a Numbl Sema7a Neo1 Nr4a3 Csf1r Fgf13 Vegfa Agrn Plp1 Sema3b Efna1 Rtn4rl1 Tiam2 Map2 Nefh Gla Crppa Celsr2 Epb41l3 Ext1 Atg7 Vash2 Itgb1 Bhlha15 Atl1 Cdkl3 Adarb1 Ntn1 Brsk2 Cdk5r1 Cntf Uchl1 Efnb1 Notch1 Ttc8 Npr2 Muc3a Plxnc1 Dbn1 Stxbp5 Amigo1 Emb Tubb3 Dock7 Ctnna1 Rufy3 Mapt Dvl1 Pak1 Lrig2 Ptk2 Arhgap35 Fbxo45 Igf1r Enah Ifrd1 Cyfip1 Psen1 Golga4 C9orf72 Camsap2 Tspan2 Usp33"
"GOBP_MAINTENANCE_OF_PROTEIN_LOCATION_IN_NUCLEUS",-1.51865717358301,0.0303699613473219,0.564047380541757,23,-0.482585748058973,9,"Rangap1 Topors Arl2 Csprs Taf3 Pml Syne1 Fam76b Taf8"
"GOBP_POSITIVE_REGULATION_OF_PROTEIN_TYROSINE_KINASE_ACTIVITY",1.48349736465361,0.0303070761014686,0.564047380541757,11,0.694068596836484,5,"Egf Csf1r Cass4 Srcin1 Abi2"
"GOBP_PRESYNAPSE_ORGANIZATION",1.47352741699845,0.0299827967559597,0.564047380541757,22,0.59672552192984,9,"Bsn App Daam1 Fzd5 Nrxn1 Il1rap Efnb1 Dvl1 Farp1"
"GOBP_REGULATION_OF_BODY_FLUID_LEVELS",1.29970262279168,0.0300446609825416,0.564047380541757,160,0.415761035958229,51,"Fcer1g Pik3cb Pla2g4a Angpt2 Tfpi Axl F8 Serpine2 F11r Itgb3 Serpinc1 Sytl2 Apln Angpt1 Vegfa Cd9 Slc7a11 Gp1ba Tac4 Gla Celsr2 Hyal2 Nbeal2 Socs2 Ext1 Wnk3 Atg7 Kcnn4 Tifab Entpd1 Nr1h3 Uprt Gpat4 Lilrb4a Lyst Cdo1 Hk2 Ubash3b Slc29a1 Hps4 Tlr4 Vps33b Ctns Afap1 F9 Tbxa2r Wfs1 Ccnd1 Prrg1 Plek Rab27a"
"GOBP_SEGMENTATION",1.43167716156635,0.0304441667613314,0.564047380541757,44,0.517480741861113,14,"Smad3 Nrp2 Egr2 Tdrkh Xrcc2 Nrarp Fzd5 Dll1 Tifab Tigd5 Rbpj Palb2 Tdrd7 Notch1"
"GOBP_ANTIMICROBIAL_HUMORAL_IMMUNE_RESPONSE_MEDIATED_BY_ANTIMICROBIAL_PEPTIDE",1.46820328317808,0.0310887195871221,0.567448335672635,22,0.59456943952775,6,"Nod2 App Ppl Ccl27a Ccl25 Lgals4"
"GOBP_COLLAGEN_CATABOLIC_PROCESS",1.46550214578044,0.0319969159599075,0.567448335672635,16,0.634835932931869,7,"Adam15 Mmp17 Mmp14 Mmp24 Itgb1 Idua Mmp11"
"GOBP_DIENCEPHALON_DEVELOPMENT",1.46200114812755,0.0312725523213856,0.567448335672635,26,0.574505712155826,8,"Ndnf Hmga2 Nrp2 Wnt4 Kcnc1 Rbpj Fgf2 Hap1"
"GOBP_EMBRYONIC_PATTERN_SPECIFICATION",1.45888982124121,0.0325281033245635,0.567448335672635,28,0.565936838454704,10,"Smad3 Nrp2 Tdrkh Nrarp Meis3 Fzd5 Dll1 Tifab Efnb1 Tdrd7"
"GOBP_EYE_MORPHOGENESIS",1.37837553438908,0.0309508615188258,0.567448335672635,80,0.463665719267705,32,"Cabp4 Prdm1 Nectin1 Ift122 Samd11 Vegfa Fzd5 Impg2 Epha2 Dll1 Arl6 Rpgrip1l Prom1 Bbs4 Bbs10 Cntf Cdon Tdrd7 Notch1 Fgf2 Ttc8 Abi2 Bak1 Prkci Sox12 Aldh1a3 Rab37 Cited2 Rdh13 Naglu Ski Ahi1"
"GOBP_GLUTAMATERGIC_NEURON_DIFFERENTIATION",1.47676947157815,0.0325767690253672,0.567448335672635,11,0.690920886959936,4,"Cabp4 Prdm1 Nrxn1 Bbs10"
"GOBP_MODULATION_OF_EXCITATORY_POSTSYNAPTIC_POTENTIAL",1.45228810188104,0.031868262054259,0.567448335672635,31,0.554755806046932,8,"S1pr2 Celf4 Grin2d Mapk8ip2 App Plk2 Nrxn1 Dlg4"
"GOBP_REGULATION_OF_CARDIAC_MUSCLE_CONTRACTION",1.44332740327133,0.0308051341890315,0.567448335672635,36,0.538363479914519,10,"Cacna1h Ehd3 Fgf13 Agrn Kcnj2 Dmd Pde4d Tmem38b Rgs2 Trpm4"
"GOBP_REGULATION_OF_CHOLESTEROL_BIOSYNTHETIC_PROCESS",-1.51584721382941,0.0321888412017167,0.567448335672635,22,-0.485742797333034,6,"Gpr146 Mbtps2 Apoe Erlin2 Abcg1 Dhcr7"
"GOBP_REGULATION_OF_NITRIC_OXIDE_METABOLIC_PROCESS",1.40717570001215,0.0321751759579935,0.567448335672635,52,0.498241277291255,15,"Smad3 Sirpa Pik3cb App Acvr2a Asl Gla Tlr6 Raet1d Jak3 Esr1 Tnf Wdr35 Tlr4 Icam1"
"GOBP_REGULATION_OF_PROTEIN_LOCALIZATION_TO_SYNAPSE",1.46466236412903,0.0324258923169994,0.567448335672635,25,0.580088914624874,8,"Iqsec2 Cacna2d2 Epb41l3 Camk2a Magi2 Tmem108 Prkcz Mapt"
"GOBP_RESPONSE_TO_ESTROGEN",1.44084319508503,0.0323298582640272,0.567448335672635,35,0.540259454416956,13,"Car2 Tgfb3 Mmp14 Slc10a1 Arsb Esr1 Rcan1 Ctnna1 Ash2l Star Ccnd1 Hmox1 Cited2"
"GOBP_RESPONSE_TO_PROTOZOAN",1.45375988921324,0.032300357568534,0.567448335672635,29,0.56125276255879,12,"Gbp6 Gbp8 Gbp2 Ccdc88b Nkg7 Tgtp2 Tlr12 Gbp7 Lyst Gbp9 Il12a Gbp4"
"GOBP_RETINA_MORPHOGENESIS_IN_CAMERA_TYPE_EYE",1.45519522365937,0.031823599523242,0.567448335672635,29,0.561806901814566,12,"Cabp4 Prdm1 Samd11 Impg2 Dll1 Arl6 Rpgrip1l Prom1 Bbs4 Bbs10 Cdon Ttc8"
"GOBP_NEGATIVE_REGULATION_OF_CELLULAR_RESPONSE_TO_GROWTH_FACTOR_STIMULUS",1.41779297532163,0.0330401443391971,0.571863049037134,47,0.507416009543249,15,"Spry2 Creb3l1 Pik3cb Wnt4 Cd59a Bambi Apln Angpt1 Crim1 Spry1 Cask Notch1 Sulf2 Fstl3 Il12a"
"GOBP_NEGATIVE_REGULATION_OF_FIBROBLAST_GROWTH_FACTOR_RECEPTOR_SIGNALING_PATHWAY",1.47450946680322,0.0331108144192256,0.571863049037134,11,0.689863521857475,6,"Spry2 Creb3l1 Wnt4 Apln Spry1 Sulf2"
"GOBP_HYPOTHALAMUS_DEVELOPMENT",1.47255517391866,0.0333778371161549,0.574042464495558,11,0.688949187021086,2,"Ndnf Nrp2"
"GOBP_LEUKOCYTE_ACTIVATION_INVOLVED_IN_INFLAMMATORY_RESPONSE",1.43839336647815,0.0340440570149605,0.578063143665967,33,0.544042388126503,13,"App Ager Tlr3 Csf1r Nr1d1 Tlr6 Kcnn4 Nampt Tnf Tlr4 Naglu Grn C1qa"
"GOBP_PHOTORECEPTOR_CELL_DEVELOPMENT",1.45470250123735,0.0338435780913657,0.578063143665967,28,0.564312480939781,20,"Cabp4 Rabl2 Prdm1 Samd11 Vegfa Nphp4 Rpgrip1l Bbs4 Ift140 Prkci Arl3 Rab37 Rdh13 Naglu Ahi1 Tmem216 Rpgr Alms1 Poc5 Rpgrip1"
"GOBP_REGULATION_OF_MYELOID_CELL_APOPTOTIC_PROCESS",1.46039932822371,0.0340617751190331,0.578063143665967,23,0.586381846658027,5,"Fcer1g Ccr5 Nod2 Pik3cb Slc7a11"
"GOBP_TOLL_SIGNALING_PATHWAY",1.46653163884382,0.0341789052069426,0.578063143665967,11,0.686131017850718,3,"Palm3 App Peli3"
"GOBP_ASTROCYTE_ACTIVATION",1.46411434271174,0.0348368646821786,0.580439300232649,14,0.649915969317687,10,"App Ager Csf1r Nr1d1 Cntf Psen1 Naglu Grn C1qa Adora2a"
"GOBP_ESTABLISHMENT_OF_TISSUE_POLARITY",1.46214500935312,0.0345761837182299,0.580439300232649,15,0.640343572088674,5,"Dlg3 Wdpcp Rpgrip1l Brsk2 Ttc8"
"GOBP_IONOTROPIC_GLUTAMATE_RECEPTOR_SIGNALING_PATHWAY",1.46050249361568,0.0350922461617856,0.580439300232649,15,0.639624235505914,8,"Grin2d App Nrxn1 Plp1 Grik5 Dlg4 Camk2a Cdk5r1"
"GOBP_MRNA_EXPORT_FROM_NUCLEUS",-1.37454472790476,0.034675615212528,0.580439300232649,59,-0.353689229707018,18,"Ddx25 Thoc5 Nup93 Mettl14 Nup85 Casc3 Thoc3 Mcm3ap Nxf1 Nup214 Ddx19b Nsun2 Nup160 Gle1 Zc3h11a Nxt1 Chtop Ddx19a"
"GOBP_REACTIVE_NITROGEN_SPECIES_METABOLIC_PROCESS",1.38556174959481,0.0350377751012811,0.580439300232649,61,0.480668392403097,16,"Smad3 Sirpa Pik3cb App Acvr2a Asl Gla Tlr6 Raet1d Jak3 Esr1 Nos3 Tnf Wdr35 Tlr4 Icam1"
"GOBP_RNA_SPLICING_VIA_ENDONUCLEOLYTIC_CLEAVAGE_AND_LIGATION",-1.59588020764143,0.0351738241308793,0.580439300232649,12,-0.605771556003451,4,"Pyroxd1 Tsen15 Ern1 Tsen54"
"GOBP_DEVELOPMENTAL_GROWTH_INVOLVED_IN_MORPHOGENESIS",1.30074781327014,0.0356451777166718,0.583492949289775,145,0.418121295424271,44,"Sema6d Ccr5 Spry2 Mgll Raph1 Nrp2 Bmpr2 Tmtc3 App Cit Ahr Sema7a Csf1r Fgf13 Vegfa Map2 Spry1 Impact Atg7 Itgb1 Cdkl3 Ntn1 Esr1 Notch1 Npr2 Rdh10 Dbn1 Csf1 Tmem108 Prkcz Rufy3 Mapt Dvl1 Pak1 Slc23a2 Rnf157 Rasal1 Ifrd1 Cyfip1 Bin3 Golga4 C9orf72 Lzts2 Mst1"
"GOBP_VASCULAR_ASSOCIATED_SMOOTH_MUSCLE_CELL_PROLIFERATION",1.40343575670886,0.0355620372447835,0.583492949289775,49,0.500054621726573,17,"S1pr2 Cdkn1a Tgfb3 Gstp2 Nr4a3 Apln Efemp2 Hpgd Nox1 Fgf2 Rgcc Tnf Nqo2 Pak1 Map3k5 Hmox1 Camk2d"
"GOBP_MAGNESIUM_ION_TRANSPORT",-1.57525308451373,0.0364864864864865,0.59170110411766,16,-0.545755036850794,5,"Slc41a2 Zdhhc13 Slc41a3 Slc41a1 Tusc3"
"GOBP_OVULATION",1.46160126285718,0.0365821094793057,0.59170110411766,11,0.683824293737513,9,"Pla2g4a Pde4d Hpgd Nos3 Immp2l Afp Gas2 Nrip1 Alms1"
"GOBP_POSITIVE_REGULATION_OF_OSSIFICATION",1.44341728335203,0.0363199037883343,0.59170110411766,27,0.563895504285443,7,"Smad3 Bmpr2 Isg15 Wnt4 Csf1r Acvr2a Cd276"
"GOBP_CELLULAR_COMPONENT_MAINTENANCE",1.39571243325666,0.0368673891185342,0.59395841125354,52,0.494182457436609,15,"Bsn Dlg3 Plekha7 App Itgb3 Csf1r Nrxn1 Dlg4 Ctbp2 Epb41l3 Itga3 Magi2 Itgb1 Itpka Tanc1"
"GOBP_INTERLEUKIN_1_BETA_PRODUCTION",1.39020496891131,0.0373298199385156,0.59566504636948,59,0.484028144179594,13,"Nlrp1b Ccr5 Nod2 Smad3 Sirpa App Ager Gstp2 Fzd5 Errfi1 Tlr6 Naip5 Casp4"
"GOBP_LIGAND_GATED_ION_CHANNEL_SIGNALING_PATHWAY",1.450067905408,0.0372924648786718,0.59566504636948,17,0.62071739831079,8,"Grin2d App Nrxn1 Plp1 Grik5 Dlg4 Camk2a Cdk5r1"
"GOBP_REGULATION_OF_PEPTIDYL_TYROSINE_PHOSPHORYLATION",1.34823014197216,0.0374117399093687,0.59566504636948,89,0.449603912096173,25,"Il15 Egf Nod2 Tnfsf18 Il9r Hbegf Zfyve28 Tnfrsf14 Itgb3 Csf1r Cass4 Il2 Angpt1 Vegfa Errfi1 Socs1 Itgb1 Cntf Srcin1 Il12a Cd4 Abi2 Tlr4 Ctnnd1 Icam1"
"GOBP_INTEGRIN_MEDIATED_SIGNALING_PATHWAY",1.38698535172205,0.0382081686429512,0.596822607804378,59,0.482907168950806,22,"Fcer1g Adam15 Gab2 Isg15 Itgb3 Sema7a Itgb4 Diaph3 Lat Itga3 Itga9 Itgb1 Itgav Nid1 Cdh17 Fut8 Ctnna1 Adam4 Ptk2 Arhgap35 Itga10 Plek"
"GOBP_MECHANORECEPTOR_DIFFERENTIATION",1.4090469852545,0.0381722880583409,0.596822607804378,43,0.510982915056529,24,"Gfi1 Myo3b Tmc1 Kif3a Wdpcp Diaph3 Lhfpl5 Dll1 Myo6 Mks1 Rbpj Notch1 Ttc8 Mcoln3 Whrn Sod1 Myo7a Fgf20 Naglu Ift88 Sdc4 Dicer1 Alms1 Vangl2"
"GOBP_PEPTIDYL_TYROSINE_MODIFICATION",1.30811964459904,0.037962962962963,0.596822607804378,126,0.424310874064327,36,"Il15 Zap70 Il12rb1 Egf Nod2 Tnfsf18 Il9r Hbegf Zfyve28 Tnfrsf14 Itgb3 Csf1r Cass4 Il2 Angpt1 Vegfa Errfi1 Dyrk3 Socs1 Fes Itgb1 Jak3 Cntf Srcin1 Il12a Cd4 Abi2 Tlr4 Ctnnd1 Icam1 Ptk2 Srms Ptpn22 Igf1r Lck Cnot7"
"GOBP_REGULATION_OF_PROTEIN_LOCALIZATION_TO_ENDOSOME",1.45538696531377,0.0382165605095541,0.596822607804378,14,0.646041912643469,3,"Egf Zdhhc1 Vegfa"
"GOBP_RESPONSE_TO_SALT",1.4492949117909,0.0379079928039064,0.596822607804378,16,0.627815175889908,5,"Slc12a3 Slc34a1 Nefh Atg7 Npr2"
"GOBP_POSITIVE_REGULATION_OF_ACTIN_FILAMENT_DEPOLYMERIZATION",-1.6333326178637,0.0384615384615385,0.598355842630652,10,-0.650647084073065,2,"Carmil1 Sema5a"
"GOBP_NEGATIVE_REGULATION_OF_HYDROLASE_ACTIVITY",1.4203246579719,0.0389010735311093,0.599524420438481,39,0.523048098995205,12,"Timp2 Spry2 Serpine2 Ecm1 Spry1 Camk2a Bbs4 Nos3 Ttc8 Slc27a4 Apoa2 Prkcz"
"GOBP_POSITIVE_REGULATION_OF_NEURON_MIGRATION",-1.56959912557511,0.0389779125162408,0.599524420438481,14,-0.570060340579853,7,"Nsmf Dab2ip Rapgef2 Wdr62 Flna Kif20b Mapk8"
"GOBP_TUMOR_NECROSIS_FACTOR_SUPERFAMILY_CYTOKINE_PRODUCTION",1.30846915628334,0.0388459556929418,0.599524420438481,125,0.424801349905541,20,"Fcer1g Ccr5 C1qtnf4 Nod2 Tnfsf18 Sirpa Foxp3 App Ifih1 Ager Gstp2 Axl Tlr3 Flt3 Csf1r Angpt1 Fzd5 Errfi1 Tlr6 Oas3"
"GOBP_NEUROBLAST_DIVISION",1.45344745299675,0.0392523364485981,0.601475651746188,11,0.680009454895503,7,"Numbl Ckap2l Fgf13 Sox5 Dock7 Lef1 Aspm"
"GOBP_AXON_EXTENSION",1.36188001484361,0.0416352877891339,0.602176166568586,72,0.463410369487151,22,"Sema6d Ccr5 Mgll Raph1 Nrp2 Bmpr2 Cit Sema7a Vegfa Map2 Itgb1 Cdkl3 Ntn1 Dbn1 Rufy3 Mapt Dvl1 Pak1 Ifrd1 Cyfip1 Golga4 C9orf72"
"GOBP_CALCIUM_ION_TRANSPORT",1.24381235255495,0.0406725057887849,0.602176166568586,221,0.39262808322818,50,"Cxcr3 Ccr5 Cacna1h Gpm6a Egf Pkd1l3 Tmc1 Cacna2d2 Grin2d App Pkd1l1 Slc35g1 Cacna1a Ahr Itgb3 Gnao1 Gp1ba Plp1 Dmd Pde4d Tmem38b Best1 Atp2c2 Camk2a Trpm4 Cask Wnk3 Bhlha15 Kcnn4 Asph Akap5 Cbarp Jak3 Ccr1 Pkd2l2 Nos3 Srl Bspry Fgf2 Myb Mettl21c Itgav Letm2 Zmpste24 Tpcn2 Ubash3b Cd4 Tmem38a Ramp1 Tmbim1"
"GOBP_DOPAMINERGIC_NEURON_DIFFERENTIATION",1.44926586985084,0.0416555407209613,0.602176166568586,11,0.678053060758383,2,"Cdnf Vegfa"
"GOBP_ESTABLISHMENT_OF_SKIN_BARRIER",-1.55099871545549,0.0414364640883978,0.602176166568586,17,-0.528594839465959,4,"Il18 Stmn1 Stard7 Sfn"
"GOBP_FEMALE_SEX_DIFFERENTIATION",1.36492519844996,0.0407307898979044,0.602176166568586,73,0.463557474275681,25,"Abcb1b Pla2g4a Wnt4 Col9a3 Axl Ahr Mmp14 Angpt1 Vegfa Pcyt1b Pde4d Nefh Gnrh1 Esr1 Nos3 Notch1 Npr2 Cebpb Immp2l Ctnna1 Sod1 Afp Gas2 Bak1 Abcg2"
"GOBP_GLIAL_CELL_ACTIVATION",1.41386717963012,0.0416618446939012,0.602176166568586,38,0.522650387409462,15,"App Ager Tlr3 Csf1r Nr1d1 Tlr6 Kcnn4 Cntf Nampt Tnf Tlr4 Psen1 Naglu Grn C1qa"
"GOBP_KERATINOCYTE_MIGRATION",1.45194323790364,0.0404539385847797,0.602176166568586,11,0.679305693308934,5,"Epb41l4b Hbegf Eppk1 Adam9 Ppard"
"GOBP_NEGATIVE_REGULATION_OF_RESPONSE_TO_EXTERNAL_STIMULUS",1.24514977158157,0.0403501710605756,0.602176166568586,223,0.392865326250689,60,"Il2ra Socs3 Nod2 Smad3 Dtx4 Ttll12 Nlrx1 Isg15 Sirpa Foxp3 Prdm1 Angpt2 Tfpi Wnt4 Gstp2 Klrd1 Serpine2 Ahr Neo1 Metrnl Nr4a3 Il2 Angpt1 Serpinb9 Cd9 Gp1ba Nrxn1 Cd276 Rtn4rl1 Aph1b Nr1d1 Cdh5 Abr Oas3 Mfhas1 Dcst1 Cask Nr1h3 Ccr1 Eppk1 Nt5e Slc39a8 Notch1 Fgf2 Nlrc5 Tnfaip3 Dbn1 Ubash3b Bcr Tnf Dvl1 Sod1 Tnfrsf1b Lrig2 Prmt2 Ppard Dpp4 Mkrn2 Nfkbil1 Mettl3"
"GOBP_POSITIVE_REGULATION_OF_INTERLEUKIN_17_PRODUCTION",1.44180720255705,0.0401021711366539,0.602176166568586,17,0.617181314267599,3,"Il15 Nod2 Il2"
"GOBP_REGULATION_OF_BIOMINERAL_TISSUE_DEVELOPMENT",1.40148033666688,0.0409297052154195,0.602176166568586,45,0.504906900033388,17,"Smad3 Bmpr2 Isg15 Wnt4 Csf1r Acvr2a Ecm1 Cd276 Trpm4 Ccr1 Cdon Rxra Nos3 Notch1 Zmpste24 Atraid Cebpb"
"GOBP_REGULATION_OF_MEMBRANE_POTENTIAL",1.24579801656788,0.0400080620780006,0.602176166568586,213,0.394025500647855,62,"Cacna1h Smad3 Hcn3 S1pr2 Celf4 Grin2d Mapk8ip2 App Akap7 Plk2 Cacna1a Scn2b Atxn1 Ehd3 Kcnj13 Clcn2 Begain Fgf13 Slc34a1 Kcnmb3 Agrn Unc13b Kcnj2 Nrxn1 Dmd Grik5 Dlg4 Mtln Chrnb1 Kcng1 Glrx Stox1 Kcnc3 Chrna2 Bco2 Trpm4 Kcnk4 Kcnc1 Tspan4 Kcnn4 Slc25a33 Bbs10 Cntf Slc39a8 Npr2 Kcnh4 Zmpste24 Pmaip1 Dbn1 Abcc1 Slc29a1 Tmem108 Prkcz Tnf Mapt Dvl1 Sod1 Bid Ctns Kcnk6 Kctd12 Bak1"
"GOBP_REGULATION_OF_RECEPTOR_LOCALIZATION_TO_SYNAPSE",1.42421154223284,0.0414642814832366,0.602176166568586,31,0.544030913060141,10,"Iqsec2 Cacna2d2 Itgb3 Epb41l3 Camk2a Magi2 Itgb1 Dbn1 Tmem108 Prkcz"
"GOBP_REGULATION_OF_TOLERANCE_INDUCTION",1.45054054380731,0.0411214953271028,0.602176166568586,11,0.678649429303061,2,"Il2ra Foxp3"
"GOBP_REGULATION_OF_VIRAL_GENOME_REPLICATION",1.3806186419797,0.0395474019553993,0.602176166568586,60,0.480088496323979,19,"Ifitm3 Hmga2 Isg15 Ifih1 Rnasel Oas3 Adarb1 Slpi Notch1 Isg20 Plscr1 Gbp7 Eif2ak2 Ifitm2 Tnf Bst2 Oasl2 Ddx3x Cnot7"
"GOBP_RESPONSE_TO_BMP",1.36423012095634,0.0409464131374244,0.602176166568586,69,0.466476441773968,19,"Eng Tmem100 Bmpr2 Bambi Zfp423 Neo1 Crim1 Acvr2a Cdh5 Tgfbr3 Fstl1 Itga3 Rgmb Ext1 Rbpj Acvrl1 Notch1 Hfe Fstl3"
"GOBP_VASCULAR_TRANSPORT",1.45200957527104,0.0404263616274535,0.602176166568586,14,0.644542699324297,4,"Fabp5 Abcb1b Ager Slc27a1"
"GOBP_IMPORT_ACROSS_PLASMA_MEMBRANE",1.32763516977897,0.0420599958044892,0.605782837099286,97,0.439731892687997,25,"Slc39a4 Slc12a3 Slc6a13 Slc39a14 Slc9a9 Cacna1a Slc7a7 Kcnj13 Slc27a1 Slc34a1 Slc7a11 Kcnj2 Slc6a20b Per2 Rgs2 Trpm4 Slc46a1 Wnk3 Itgb1 Kcnn4 Akap5 Slc19a1 Slc9a5 Slc7a1 Slc39a8"
"GOBP_COLLAGEN_BIOSYNTHETIC_PROCESS",1.40902047787431,0.0435750263558627,0.618856471869326,35,0.528327188715194,16,"Eng Creb3l1 Tgfb3 Wnt4 Ager Errfi1 Serpinb7 Notch1 Myb Plod3 Rgcc Ppard Abcg2 Acvr1b Tmem131 Suco"
"GOBP_MYELIN_ASSEMBLY",1.43474337439756,0.0434335646363403,0.618856471869326,16,0.621511644473534,6,"Tenm4 Itgb4 Cd9 Epb41l3 Prx Abca2"
"GOBP_NEGATIVE_REGULATION_OF_AXONOGENESIS",1.42369984151063,0.0431209053007743,0.618856471869326,30,0.547299772132263,7,"Sema6d Ccr5 Cit Fgf13 Map2 Cdkl3 Ntn1"
"GOBP_OLEFINIC_COMPOUND_BIOSYNTHETIC_PROCESS",1.44110676426832,0.0432861042506174,0.618856471869326,14,0.639702974191901,4,"Cacna1h Dkkl1 Wnt4 Clcn2"
"GOBP_ENDOCRINE_PROCESS",1.407027005842,0.0441607121939791,0.624996746189788,35,0.527579715210621,9,"Abcb1b Corin Rps6ka2 Selenom Apln Acvr2a Nox1 Kcnn4 Nos3"
"GOBP_LEUKOCYTE_MIGRATION",1.24343695154296,0.0444175247324854,0.62645616197097,203,0.39407047225709,37,"Cxcr3 Fcer1g Nod2 Aire Tnfsf18 Asb2 Sirpa App Ager Slamf9 Tnfrsf14 Sele F11r Mmp14 Itgb3 Csf1r Vegfa Cd9 Ggt5 Gp1ba Zfp580 Ecm1 Pde4d Abr Trem1 Itga3 Ffar2 Trpm4 Itga9 Ext1 S100a8 Cxcl16 Itgb1 Kcnn4 Ccl27a Ccl25 Ccr1"
"GOBP_NERVE_DEVELOPMENT",1.40165496558309,0.0449464100495563,0.627402627952026,40,0.514162836475174,20,"Nrp2 Egr2 Serpine2 Unc13b Dmd Ackr3 Ext1 Kcnc1 Tifab Adarb1 Hoxb3 Sulf2 Npr2 Vcam1 Erbb3 Lrig2 Fbxo45 Scn8a Cited2 Naglu"
"GOBP_REGULATION_OF_EPITHELIAL_TO_MESENCHYMAL_TRANSITION",1.37137696718527,0.0449190795992514,0.627402627952026,58,0.478541582645774,17,"Eng Spry2 Smad3 Tgfb3 Ager Bambi Loxl2 Vegfa Efna1 Tgfbr3 Spry1 Trim62 Ezh2 Spred2 Notch1 Tgfb1i1 Rgcc"
"GOBP_RESPONSE_TO_INTERLEUKIN_12",1.44684980752701,0.0448527425020265,0.627402627952026,10,0.69007969882486,4,"Il12rb1 Sirpa Ticam2 Il12a"
"GOBP_POSTSYNAPTIC_DENSITY_ORGANIZATION",1.41732015126693,0.0451368321288947,0.627910333642917,31,0.541398488305628,11,"Lrrc4 Dlg3 Cit Itgb3 Nrxn1 Dlg4 Magi2 Itgb1 Il1rap Dbn1 Tmem108"
"GOBP_EMBRYONIC_MORPHOGENESIS",1.20158373140648,0.0453589666566536,0.628854245212654,331,0.373987935159994,97,"Eng Gfi1 Cdkn1c Spry2 Myo3b Socs3 Tcf7 Smad3 Hmga2 Map3k20 Asb2 Bmpr2 Tgfb3 Wnt4 Nectin1 Tbc1d32 Kif3a Ift122 Lmbr1 Lrig3 Tenm4 Wdpcp Mmp14 Itgb3 Nr4a3 Itgb4 Apln Fzd5 St14 Acvr2a Lhfpl5 Epha2 Efna1 Stox1 Abr Itga3 Dll1 Ext1 Rpgrip1l Itgb1 Bbs4 Myo6 Tifab Hoxb3 Ntn1 Wdr19 Mks1 Hspg2 Rbpj Cdon Pcgf2 Notch1 Rdh10 Mthfd1 Ndst1 Itgav Tnfaip3 Tgfb1i1 Bcr Vcam1 Tulp3 Whrn Dvl1 Rab23 Sod1 Ccdc39 Apaf1 Snai1 Myo7a Ift140 Arhgap35 Cluap1 Ipmk Enah Sp9 Aldh1a3 Lef1 Mustn1 Psen1 Cited2 Wls Naglu Ift57 Nf2 Leo1 Ski Armc5 Slc39a1 Luzp1 Nup50 Ift88 Tmem231 Ptch1 Hs2st1 Sdc4 Sos1 Gatad2a"
"GOBP_NEGATIVE_REGULATION_OF_WOUND_HEALING",1.42314745139669,0.0459465961029589,0.633990343935095,26,0.559237823523294,13,"Smad3 Angpt2 Tfpi Wnt4 Serpine2 Angpt1 Cd9 Gp1ba Cask Eppk1 Fgf2 Ubash3b Tnf"
"GOBP_PROTEIN_DNA_COMPLEX_DISASSEMBLY",-1.5300117823886,0.0460405156537753,0.633990343935095,17,-0.521442296781798,10,"Myc Smarcc1 Smarca4 Arid2 Grwd1 Atad2b Arid1a Rpl23 Ssrp1 Smarcd1"
"GOBP_REGULATION_OF_BONE_MINERALIZATION",1.40452075296251,0.046441073512252,0.637352914599122,36,0.523888535936645,13,"Smad3 Bmpr2 Isg15 Wnt4 Csf1r Acvr2a Ecm1 Cd276 Trpm4 Ccr1 Rxra Zmpste24 Atraid"
"GOBP_TISSUE_HOMEOSTASIS",1.26811615458799,0.0466131816796994,0.637568216531727,159,0.405763690325581,45,"Abcb1b Car2 Nod2 Tjp2 Ahr Itgb3 Flt3 Pbld1 Csf1r Angpt1 Vegfa Errfi1 Slc22a21 Kiss1r Lca5 Ext1 Nphp4 Wnk3 Prom1 Itgb1 Rab3d Bbs4 Klhl10 Bbs10 Mks1 Spata7 Dusp18 Nos3 Nt5e Slc39a8 Notch1 Ildr1 Itgav Pkp3 Usp45 Snx10 Bbs12 Ubash3b Csf1 Abcc1 Whrn Def8 Sod1 Idua Tlr4"
"GOBP_ADHERENS_JUNCTION_ASSEMBLY",-1.58683047549464,0.0469230769230769,0.639660406483149,10,-0.632122698406197,4,"Zfp703 Vcl Smad7 Hipk1"
"GOBP_BRANCHING_INVOLVED_IN_BLOOD_VESSEL_MORPHOGENESIS",1.4211098493033,0.0475499092558984,0.639712931033714,25,0.562839662050911,7,"Eng Plxnd1 Ahr Notch4 Nrarp Angpt1 Vegfa"
"GOBP_GLYCOSPHINGOLIPID_BIOSYNTHETIC_PROCESS",1.42579765613659,0.0473107569721116,0.639712931033714,20,0.589536799246562,4,"St8sia6 Plekha8 A3galt2 St6galnac6"
"GOBP_MEMORY",1.33384362527063,0.0473015873015873,0.639712931033714,85,0.446640138119145,35,"App Plk2 Camk2n1 Atxn1 Fgf13 Ulk4 Lrrn4 Aph1b Pde4d Itga3 Trpm4 Ccnd2 Hrh2 Klk8 Rcan1 Abcc1 Prkcz Cebpb Mapt Idua Pja2 Ctns Cpeb3 Abcg2 Lgmn Psen1 Tmem43 Crtc1 Pla2g6 Arc Clptm1 Nfix Asic1 Fen1 Bace1"
"GOBP_NEGATIVE_T_CELL_SELECTION",1.44190419819236,0.0475547149419076,0.639712931033714,10,0.687720874444879,2,"Zap70 Aire"
"GOBP_CELLULAR_COMPONENT_DISASSEMBLY_INVOLVED_IN_EXECUTION_PHASE_OF_APOPTOSIS",-1.4694395353868,0.0477467811158798,0.640183815224757,22,-0.470871776468405,8,"Kdm4a Dffb Exog Vps54 Aifm1 Top2a Dnase1l3 Blvra"
"GOBP_POSITIVE_REGULATION_OF_PROTEIN_CONTAINING_COMPLEX_DISASSEMBLY",-1.41143849387813,0.0483870967741935,0.646641988365944,34,-0.409361367477243,5,"Carmil1 Sema5a Eif5a2 Adrb2 Irgm2"
"GOBP_SECRETION_BY_TISSUE",1.42367919745581,0.0487120009766817,0.648856588173055,23,0.571637921710189,8,"Sytl2 Tac4 Celsr2 Wnk3 Atg7 Kcnn4 Tifab Nr1h3"
"GOBP_RNA_EXPORT_FROM_NUCLEUS",-1.3163855860342,0.0490341753343239,0.651020516816626,76,-0.325139776325533,21,"Ddx25 Nup188 Thoc5 Nup93 Mettl14 Nup85 Casc3 Thoc3 Mcm3ap Xpot Nxf1 Nup214 Ddx19b Nsun2 Nup160 Phax Gle1 Zc3h11a Nxt1 Chtop Ddx19a"
"GOBP_REGULATION_OF_KERATINOCYTE_MIGRATION",1.43735682851465,0.0495811942718184,0.656145934584195,10,0.685551991758292,4,"Epb41l4b Hbegf Eppk1 Adam9"
"GOBP_CELL_MATRIX_ADHESION",1.28526602459022,0.050593701600413,0.659479325289915,120,0.418351665262179,32,"Cdh11 Smad3 Adam15 Sirpa Pik3cb Wnt4 Wdpcp Mmp14 Itgb3 Itgb4 Vegfa Efemp2 Dmd Acer2 Trem1 Itga3 Itga9 Cask Itgb1 Ccl25 Utrn Acvrl1 Bst1 Tmem8b Itgav Nid1 Pip5k1a Csf1 Prkcz Actn1 Bcr Vcam1"
"GOBP_CELL_PROJECTION_MORPHOGENESIS",1.18226369721212,0.0516206482593037,0.659479325289915,384,0.366587254691429,103,"Sema6d Ccr5 Mgll Gpm6a Raph1 Cdh11 Smad3 Nrp2 Egr2 Bmpr2 Mapk8ip2 App Nectin1 Sema4a Dst Cit Xlr3b Plxnd1 Cacna1a Marcks Itgb3 Numbl Tet1 Sema7a Neo1 Nr4a3 Csf1r Fgf13 Caprin2 Vegfa Agrn Nrxn1 Nek3 Dmd Arhgap33 Dlg4 Sema3b Gorasp1 Efna1 Rtn4rl1 Tiam2 Map2 Nefh Gla Crppa Celsr2 Epb41l3 Impact Camk2a Zfp365 Ext1 Lrp8 Cask Atg7 Itgb1 Akap5 Atl1 Cdkl3 Adarb1 Ntn1 Brsk2 Cdk5r1 Itpka Uchl1 Srcin1 Efnb1 Notch1 Ttc8 Ankrd27 Npr2 Muc3a Klk8 Mov10 Plxnc1 Dbn1 Abi2 Tmem108 Stxbp5 Amigo1 Prkcz Emb Tubb3 Dock7 Rufy3 Mapt Dvl1 Pak1 Ss18l1 Slc23a2 Pqbp1 Ccdc39 Dip2a Ptk2 Tanc2 Farp1 Rnf157 Arhgap35 Rasal1 Fbxo45 Igf1r Enah Ifrd1 Fbxo31"
"GOBP_LONG_CHAIN_FATTY_ACID_METABOLIC_PROCESS",1.37250551443642,0.0508493643829452,0.659479325289915,48,0.490251297748962,17,"Mgll Pla2g4a Gstp2 Elovl6 Ahr Slc27a1 Slc27a3 Asah2 Plp1 Gstm4 Slc27a4 Prxl2b Ltc4s Pnpla8 Gstm1 Acot7 Sco1"
"GOBP_MAINTENANCE_OF_POSTSYNAPTIC_SPECIALIZATION_STRUCTURE",1.42337581994107,0.0515234732574866,0.659479325289915,13,0.641677601006225,5,"Dlg3 Itgb3 Dlg4 Magi2 Itgb1"
"GOBP_POSITIVE_REGULATION_OF_EPITHELIAL_CELL_MIGRATION",1.39327348817346,0.0517746280894928,0.659479325289915,35,0.52242268773028,6,"Epb41l4b Gab2 Bmpr2 Hbegf Itga3 Rab25"
"GOBP_REGULATION_OF_AMINO_ACID_TRANSMEMBRANE_TRANSPORT",1.43096494155351,0.0504672897196262,0.659479325289915,11,0.669490794368985,9,"Per2 Rgs2 Itgb1 Tnf Slc43a1 Psen1 Slc43a2 Arhgef11 Arl6ip5"
"GOBP_REGULATION_OF_CELL_ADHESION",1.15887925192625,0.0513051305130513,0.659479325289915,495,0.357838442650526,106,"Il15 Ndnf Cxcr3 Epb41l4b Zap70 Il2ra Ccr5 Pik3r6 Lmo7 Cd27 Il12rb1 Smad3 Adam15 Tnfsf18 Kifap3 Sirpa Pik3cb Foxp3 Angpt2 Wnt4 Ager Tnfrsf21 Plxnd1 Rap1gap Serpine2 Tnfrsf14 Cd59a Sele Wdpcp F11r Mmp14 Itgb3 Myo1f Notch4 Nr4a3 Cd55b Cass4 Il2 Nrarp Angpt1 Vegfa Cd9 Efemp2 Ccdc88b Gp1ba Dmd Cd5 Cd276 Epha2 Efna1 Myo10 Acer2 Pde4d Shb Celsr2 Trem1 Itga3 Socs1 Clec4g Gnrh1 Lag3 Magi2 Dll1 Fes Il7r Cask Slfn1 Itgb1 Pik3r2 Ccl25 Jak3 Utrn Hspg2 Rbpj Srcin1 Efnb1 Acvrl1 Tnfsf9 Slc7a1 Bst1 Notch1 Cd160 Hfe Itgav Nid1 Tnfaip3 Pkp3 Cd46 Fstl3 Zdhhc21 Cd274 Rell2 Tbcd Plxnc1 Rgcc Dbn1 Ubash3b Il12a Csf1 Cd4 Pdcd1lg2 Prkcz Cyth3 Vcam1 Tnf Cebpb"
"GOBP_REGULATION_OF_GLIAL_CELL_DIFFERENTIATION",1.37833159251801,0.0515288788221971,0.659479325289915,46,0.495116313711856,10,"Hmga2 Egr2 Tnfrsf21 Tenm4 Serpine2 Clcn2 Csf1r Nr1d1 Zfp365 Atf5"
"GOBP_REGULATION_OF_HORMONE_METABOLIC_PROCESS",1.41770382252221,0.0505038092897518,0.659479325289915,22,0.574118977141084,11,"Wnt4 Cacna1a Clcn2 H6pd Rdh10 Rdh9 Zmpste24 Ctns Igf1r Gh Ppargc1a"
"GOBP_REGULATION_OF_SMOOTH_MUSCLE_CELL_DIFFERENTIATION",1.41586926188632,0.0509522631709127,0.659479325289915,21,0.578418494862603,5,"Eng Notch4 Efemp2 Notch1 Rcan1"
"GOBP_SENSORY_PERCEPTION_OF_TASTE",1.43024915061665,0.0510784702924441,0.659479325289915,12,0.656292505467069,5,"Pkd1l3 Pigr Tas1r3 Reep2 Rtp4"
"GOBP_STEROL_METABOLIC_PROCESS",-1.27718954699868,0.05,0.659479325289915,92,-0.308260882506369,18,"Sqle Gpr146 Dhcr24 Gba2 Cyp27a1 Lipo3 Tm7sf2 Acat2 Stard4 Mbtps2 Mttp G6pdx Cat Apoe Soat1 Erlin2 Abcg1 Mvd"
"GOBP_REGULATION_OF_MEMBRANE_PROTEIN_ECTODOMAIN_PROTEOLYSIS",1.42804088722886,0.0520047637951568,0.660347094171524,12,0.655279208790134,8,"Timp2 App Tspan17 Gpld1 Tnf Tnfrsf1b Adam9 Lrig2"
"GOBP_GLIAL_CELL_DEVELOPMENT",1.31747558056579,0.0526925914216461,0.662177298683849,89,0.43934796936604,36,"App Ager Ndrg1 Tenm4 Csf1r Itgb4 Cd9 Ulk4 Plp1 Dmd Nr1d1 Dll1 S100a8 Prx Cntf Muc3a Abca2 Sod1 Erbb3 Tlr4 Ccdc39 Hdac11 Arhgef10 Psen1 Tspan2 Naglu Ski Mxra8 Grn Sos1 Lamb2 C1qa Dicer1 Nfix Adora2a Sox4"
"GOBP_REGULATION_OF_NATURAL_KILLER_CELL_DIFFERENTIATION",1.42506586802085,0.0527987296546248,0.662177298683849,12,0.653914074044907,4,"Il15 Prdm1 Axl Il15ra"
"GOBP_REGULATION_OF_PEPTIDASE_ACTIVITY",1.41857375979014,0.0527673848535673,0.662177298683849,15,0.621261627817039,3,"Timp2 Serpine2 Ecm1"
"GOBP_RNA_5_END_PROCESSING",-1.39851851828798,0.052756372258447,0.662177298683849,27,-0.427763794212457,5,"Thg1l Prorp Pop1 Abt1 Rpp14"
"GOBP_NEGATIVE_REGULATION_OF_EPITHELIAL_CELL_DIFFERENTIATION",1.40888907137651,0.0530973451327434,0.66387968945111,24,0.561352819105047,10,"Spry2 Notch4 Csf1r Vegfa Spry1 Dll1 Ezh2 Spred2 Acvrl1 Notch1"
"GOBP_INORGANIC_ION_IMPORT_ACROSS_PLASMA_MEMBRANE",1.36003573934592,0.0536252932633225,0.666392363845435,52,0.481550345083147,14,"Slc39a4 Slc12a3 Slc39a14 Slc9a9 Cacna1a Kcnj13 Slc34a1 Kcnj2 Trpm4 Wnk3 Kcnn4 Akap5 Slc9a5 Slc39a8"
"GOBP_REGULATION_OF_DEFENSE_RESPONSE_TO_VIRUS_BY_HOST",1.39331094643004,0.0535334436303474,0.666392363845435,32,0.529775482050564,4,"Il15 Il12rb1 Zdhhc1 Pbld1"
"GOBP_ACTIVATION_INDUCED_CELL_DEATH_OF_T_CELLS",1.41916545992004,0.0546513166600503,0.675085390358155,12,0.651206578211689,2,"Il2ra Tnfrsf4"
"GOBP_MONONUCLEAR_CELL_MIGRATION",1.28024072081752,0.0546560791997525,0.675085390358155,121,0.41648465896375,24,"Cxcr3 Aire Tnfsf18 Asb2 Sirpa App Ager Slamf9 Tnfrsf14 F11r Mmp14 Itgb3 Csf1r Cd9 Ggt5 Ecm1 Abr Trem1 Trpm4 Ext1 Cxcl16 Kcnn4 Ccl27a Ccr1"
"GOBP_MESODERM_MORPHOGENESIS",1.38554146426955,0.0554259043173862,0.680469837342368,36,0.516809230240732,9,"Smad3 Hmga2 Bmpr2 Itgb3 Nr4a3 Itgb4 Epha2 Itga3 Itgb1"
"GOBP_REGULATION_OF_EPITHELIAL_CELL_DIFFERENTIATION",1.32380307692923,0.0552651232262883,0.680469837342368,79,0.446107429885176,24,"Tmem100 Cdkn1c Spry2 S1pr2 F11r Notch4 Csf1r Vegfa Errfi1 Cdh5 Spry1 Apold1 Dll1 Ezh2 Prom1 Spred2 Acvrl1 Eppk1 Notch1 Fgf2 Zdhhc21 Rptor Tnf Cebpb"
"GOBP_POSITIVE_REGULATION_OF_NERVOUS_SYSTEM_DEVELOPMENT",1.23542141540164,0.055701577031945,0.681800684631255,191,0.392476857049966,69,"Iqsec2 Egr2 Bmpr2 Xrcc2 Adgrl2 Sema4a Xlr3b Clstn1 Plxnd1 Adgrl1 Atxn1 Tenm4 Marcks Serpine2 Clcn2 Numbl Sema7a Csf1r Caprin2 Vegfa Plag1 Agrn Nrxn1 Dlg4 Tiam2 Neurl1a Zfp365 Lrp8 Cask Akap5 Cdkl3 Ntn1 Itpka Il1rap Srcin1 Notch1 Ankrd27 Myb Hap1 Plxnc1 Dbn1 Amigo1 Tnf Rufy3 Amigo3 Mapt Pak1 Ss18l1 Tnfrsf1b Ptk2 Lta Star Prkci Fbxo31 Cyfip1 Golga4 Wls Lig4 Ell3 Aspm Ufl1 Trim32 Tspo Gh Jade2 Xrcc5 Dicer1 Plxnb2 Hdac2"
"GOBP_AORTA_DEVELOPMENT",1.37546386843018,0.0563558833698283,0.687744253339581,40,0.504555273178073,12,"Eng Egr2 Prdm1 Plxnd1 Notch4 Efemp2 Gla Rbpj Acvrl1 Notch1 Nprl3 Ndst1"
"GOBP_XENOBIOTIC_TRANSPORT",1.40177797999821,0.0567696251983885,0.690725350175019,23,0.562844110258311,10,"Abcb1b Abcb4 Slc18a2 Abca8b Abcc4 Slc29a4 Slc19a1 Abcc1 Atraid Abcg2"
"GOBP_ICOSANOID_METABOLIC_PROCESS",1.36739205820137,0.056964892412231,0.69103839723885,46,0.491186677379075,21,"Fabp5 Mgll Pla2g4a Gstp2 Ahr Ggt5 Alox5ap Mgst2 Hpgd Ptges3l Prxl2b Cyp4f13 Abcc1 Ltc4s Tlr4 Acox1 Pnpla8 Gstm1 Sco1 Mapk9 Ptgr2"
"GOBP_COAGULATION",1.30836063860044,0.0571578947368421,0.691322192722161,91,0.43551589444341,30,"Fcer1g Pik3cb Pla2g4a Angpt2 Tfpi Axl F8 Serpine2 F11r Itgb3 Serpinc1 Angpt1 Cd9 Slc7a11 Gp1ba Gla Nbeal2 Entpd1 Lilrb4a Lyst Ubash3b Hps4 Tlr4 Vps33b F9 Tbxa2r Prrg1 Plek Rab27a Psen1"
"GOBP_CARDIOCYTE_DIFFERENTIATION",1.30555150721949,0.0577367205542725,0.691526736794589,94,0.433596755329525,37,"Eng Lmna Asb2 Tenm4 Neb Vegfa Greb1l Tgfbr3 Spry1 Sgcb Rgs2 Ccnd2 Dll1 Atg7 Itgb1 Cdk1 Rbpj Rxra Notch1 Sik1 Zmpste24 Sorbs2 Nebl Vcam1 Pak1 Ccnb1 Abcg2 Acvr1b Cited2 Naglu Camk2d Ift88 Sirt6 Pin1 Dicer1 Hdac2 Vangl2"
"GOBP_EPIDERMAL_CELL_DIFFERENTIATION",1.30580426010782,0.0581726209294973,0.691526736794589,89,0.435455850970322,24,"Gfi1 Myo3b Tmc1 Cdkn1a Slc39a2 Ppl Wdpcp Krt10 Errfi1 St14 Lhfpl5 Epha2 Irf6 Dll1 Ezh2 Myo6 Rbpj Notch1 Bcr Mcoln3 Whrn Tmem79 Sod1 Myo7a"
"GOBP_POSITIVE_REGULATION_OF_INFLAMMATORY_RESPONSE",1.3021957424846,0.0577488450230995,0.691526736794589,96,0.431825426338557,20,"Nlrp1b Fcer1g Ccr5 Tnfsf18 App Camk2n1 Tlr3 Gbp2 Csf1r Alox5ap Tlr6 Nkg7 Ffar2 Hyal2 Tlr7 S100a8 Kcnn4 Ccr1 Casp4 Ighg3"
"GOBP_REGULATION_OF_BICELLULAR_TIGHT_JUNCTION_ASSEMBLY",1.40839140889822,0.0577989936782351,0.691526736794589,15,0.616802286985121,7,"F11r Fzd5 Epha2 Nphp4 Acvrl1 Tnf Snai1"
"GOBP_REGULATION_OF_COLLAGEN_METABOLIC_PROCESS",1.3825270558141,0.0580241077759395,0.691526736794589,32,0.52567514761762,15,"Eng Creb3l1 Tgfb3 Wnt4 Ager Errfi1 Serpinb7 Itgb1 Notch1 Myb Rgcc Idua Ppard Acvr1b Suco"
"GOBP_SYNAPTIC_TRANSMISSION_CHOLINERGIC",1.40875416899965,0.0581927553288871,0.691526736794589,13,0.635085957557322,7,"Cacna1a Colq Chrnb1 Chrna2 Anxa9 Lynx1 Hspg2"
"GOBP_EYE_PHOTORECEPTOR_CELL_DEVELOPMENT",1.40165535113088,0.0591315453384419,0.692586720688187,17,0.599993875898907,15,"Cabp4 Prdm1 Samd11 Vegfa Rpgrip1l Bbs4 Prkci Rab37 Rdh13 Naglu Ahi1 Rpgr Alms1 Poc5 Rpgrip1"
"GOBP_INTERLEUKIN_5_PRODUCTION",1.41820950147473,0.0589029991894083,0.692586720688187,10,0.676419612151045,6,"Foxp3 Tnfrsf21 Pde4d Il1rap Prkcz Lef1"
"GOBP_INTRA_GOLGI_VESICLE_MEDIATED_TRANSPORT",-1.38662350325022,0.0585365853658537,0.692586720688187,28,-0.421590603939133,12,"Cog2 Rab6b Vti1a Cog3 Cux1 Nsf Copg2 Cog5 Gosr2 Copb1 Copb2 Cog8"
"GOBP_MAGNESIUM_ION_HOMEOSTASIS",-1.54610147084447,0.0588461538461538,0.692586720688187,10,-0.615898074087184,3,"Xk Mtss1 Slc41a1"
"GOBP_POSITIVE_REGULATION_OF_INTERLEUKIN_1_PRODUCTION",1.36169274354664,0.0589760938204781,0.692586720688187,47,0.487338215226871,10,"Nlrp1b Ccr5 Nod2 Smad3 App Ager Fzd5 Tlr6 Naip5 Casp4"
"GOBP_APPENDAGE_DEVELOPMENT",1.28994689396392,0.0608940881554209,0.69366875702154,102,0.425365317931071,40,"Map3k20 Bmpr2 Tbc1d32 Kremen2 Ift122 Lmbr1 Wdpcp Bbs7 Itgb4 Znrf3 Cplane2 Slc7a11 Errfi1 Dmd Irf6 Ext1 Rpgrip1l Asph Wdr19 Mks1 Notch1 Npr2 Rdh10 Tulp3 Rab23 Idua Ift140 Bak1 Sp9 Lef1 Mustn1 Psen1 Naglu Ski Slc39a1 Ift80 Zfp219 Ift88 Tmem231 Ptch1"
"GOBP_GOLGI_TO_PLASMA_MEMBRANE_PROTEIN_TRANSPORT",-1.33948303916873,0.0609845701689934,0.69366875702154,38,-0.378523481685531,13,"Vamp5 Cnst Rab31 Rab11fip3 Gga2 Atp2c1 Nsf Arfrp1 Aldh7a1 Prepl Blzf1 Rack1 Vamp3"
"GOBP_LACTATE_METABOLIC_PROCESS",1.40139293123872,0.0595119521912351,0.69366875702154,20,0.579445968096112,5,"Ldhal6b Tigar Per2 Ldhd Ldhb"
"GOBP_MATERNAL_PLACENTA_DEVELOPMENT",1.3950605373311,0.0602497272396654,0.69366875702154,24,0.555843026511583,3,"Bmpr2 Pla2g4a Prdm1"
"GOBP_MYELOID_CELL_APOPTOTIC_PROCESS",1.38905494276141,0.0607510165032289,0.69366875702154,28,0.538846286608164,5,"Fcer1g Ccr5 Nod2 Pik3cb Slc7a11"
"GOBP_NEGATIVE_REGULATION_OF_INFLAMMATORY_RESPONSE",1.29822637775877,0.0610959479319756,0.69366875702154,95,0.430809636423762,26,"Il2ra Socs3 Nod2 Smad3 Nlrx1 Sirpa Foxp3 Ahr Metrnl Nr4a3 Il2 Cd276 Nr1d1 Cdh5 Abr Mfhas1 Nr1h3 Nt5e Slc39a8 Tnfaip3 Bcr Sod1 Tnfrsf1b Prmt2 Ppard Mkrn2"
"GOBP_NON_MOTILE_CILIUM_ASSEMBLY",1.34016391342218,0.0606627766156556,0.69366875702154,58,0.467649796868115,31,"Tbc1d32 Kif3a Ift122 Bbs7 Enkd1 Togaram1 Rpgrip1l Bbs4 Bbs10 Mks1 Ttc8 Hap1 Poc1a Gorab Pqbp1 Ift140 Ift57 Ahi1 Ift80 Tmem216 Ift88 Cep131 Bbs2 Vangl2 Intu Csnk1d Rpgrip1 C2cd3 Tmem107 Arl13b Tmem17"
"GOBP_PEPTIDYL_THREONINE_PHOSPHORYLATION",1.3630530920732,0.0606611382483244,0.69366875702154,44,0.492676522485293,9,"Tssk4 Myo3b Egf Stox1 Map3k12 Camk2a Wnk3 Cdk1 Cdk5r1"
"GOBP_POSITIVE_REGULATION_OF_EPITHELIAL_TO_MESENCHYMAL_TRANSITION",1.37840917259302,0.0601512644764831,0.69366875702154,32,0.524109414158006,12,"Eng Smad3 Tgfb3 Ager Bambi Loxl2 Ezh2 Notch1 Tgfb1i1 Rgcc Snai1 Ptk2"
"GOBP_POSTSYNAPTIC_SPECIALIZATION_ORGANIZATION",1.37632310522059,0.0598599766627771,0.69366875702154,36,0.51337076725205,13,"Lrrc4 Dlg3 Cit Itgb3 Nrxn1 Dlg4 Magi2 Itgb1 Il1rap Dbn1 Tmem108 Dock7 Tanc2"
"GOBP_TRACHEA_DEVELOPMENT",-1.52699428196978,0.0609076433121019,0.69366875702154,11,-0.594257920949827,2,"Edaradd Mapk3"
"GOBP_AUDITORY_RECEPTOR_CELL_DEVELOPMENT",1.40078926060291,0.0616706685201567,0.698249013578219,18,0.592164542845505,7,"Myo3b Tmc1 Wdpcp Lhfpl5 Whrn Sod1 Myo7a"
"GOBP_DIGESTIVE_SYSTEM_DEVELOPMENT",1.34330452594778,0.0620215244646622,0.700276270686878,55,0.472273415929984,16,"Cdkn1c Tcf7 Smad3 Prdm1 Wdpcp Tigar Ext1 Hrh2 Wdr19 Notch1 Myb Npr2 Rcbtb2 Tnf Ccdc39 Ccnb1"
"GOBP_BEHAVIOR",1.17219263776054,0.0622311155577789,0.700652569684029,389,0.363346627386241,116,"Abcb1b Specc1 C1qtnf4 Gfi1 Egr2 Gpr157 Grin2d Mapk8ip2 Mmp17 App Ager Plk2 Camk2n1 Cacna1a Atxn1 Serpine2 Ahr Tmod1 Nr4a3 Fgf13 Dmrt3 Slc18a2 Apln Gnao1 Slc7a11 Nrxn1 Ulk4 Lrrn4 Dmd Dlg4 Acvr2a Chrnb1 Aph1b Nr1d1 Asl Pde4d Gla Itga3 Fuom Gnb1l Trpm4 Ccnd2 Ext1 Vwa1 Atg7 Itgb1 Hrh2 Bbs4 Myo6 Tifab Adarb1 Dnaaf4 Ddhd2 Tanc1 Uchl1 Srcin1 Fgf2 Klk8 Abca2 Nrgn Zmpste24 Rcan1 Bbs12 Capn2 Dbn1 Fgfbp3 Abcc1 Taco1 Ttc21b Abi2 Rptor Qrfp Prkcz Cebpb Mcoln3 Gpr176 Mapt Dvl1 Pak1 Sod1 Idua Kcnab1 Pja2 Ctns Mbd5 Cpeb3 Zdhhc8 Selenop Dpp4 Abcg2 Cacnb4 Wfs1 Thra Lgmn Scn8a Cln6 Aldh1a3 Ccdc28b Psen1 Tmem43 Cln3 Naglu Nrxn2 Eps8 Crtc1 Ahi1 Pla2g6 Arc Ift88 Grn Gm2a Nav2 Sgsh Lpar5 Clptm1 Tspo"
"GOBP_GLOMERULUS_DEVELOPMENT",1.3745875374085,0.0625512475108352,0.700652569684029,35,0.51541619208941,13,"Nphs1 Angpt2 Basp1 Ahr Itgb3 Angpt1 Serpinb7 Magi2 Ext1 Prom1 Notch1 Sulf2 Nid1"
"GOBP_MICROTUBULE_BASED_MOVEMENT",1.20290465654245,0.0628135661248244,0.700652569684029,262,0.377131378972803,76,"Bsn Tssk4 Armcx6 Mreg Cfap126 Kifap3 Dnajb13 Rabl2 App Dst Kif3a Kif20a Kif18a Ift122 Kif22 Wdpcp Cenpe Rsph1 Dnah14 Ulk4 Tac4 Kif4 Kif15 Cabcoco1 Syne2 Rsph4a Kif13a Map2 Nefh Katnb1 Celsr2 Bbof1 Insl6 Lca5 Nphp4 Catspere2 Sord Spef1 Tssk6 Rsph9 Bicdl2 Celf3 Bbs4 Dnaaf4 Spaca9 Mns1 Wdr19 Uchl1 Zmynd10 Gapdhs Kif1b Spef2 Dnah1 Hap1 Ccnyl1 Dynll2 Ropn1l Klc3 Bbs12 Ttc21b Tmem108 Prkcz Armc2 Ift81 Rsph3b Rufy3 Wdr35 Mapt Cep70 Sod1 Ccdc39 Stard9 Ift140 Tmem201 Cluap1 Cfap45"
"GOBP_POSITIVE_REGULATION_OF_LONG_TERM_SYNAPTIC_POTENTIATION",1.40055829954949,0.0629143377096061,0.700652569684029,14,0.621703632212044,9,"App Akap5 Nrgn Cpeb3 Lgmn Crtc1 Adora2a Zdhhc2 Creb1"
"GOBP_RENAL_SYSTEM_VASCULATURE_DEVELOPMENT",1.40713945353891,0.0626168224299065,0.700652569684029,11,0.658343809258502,5,"Angpt2 Itgb3 Angpt1 Serpinb7 Notch1"
"GOBP_ANTIBACTERIAL_HUMORAL_RESPONSE",1.39350898283737,0.0633341727524553,0.703406234711193,19,0.583462607249831,8,"Jchain Nod2 App Ppl Ighg3 Slpi Lgals4 Trf"
"GOBP_PATTERN_SPECIFICATION_PROCESS",1.22893658690185,0.0636124595469256,0.70357136692386,189,0.390661099080023,62,"Eng Smad3 Nrp2 Egr2 Asb2 Bmpr2 Tdrkh Xrcc2 Pkd1l1 Tbc1d32 Kif3a Ift122 Dmrt3 Nrarp Meis3 Fzd5 Acvr2a Bhlhe41 Spry1 Celsr2 Dll1 Ext1 Rpgrip1l Asph Tifab Tigd5 Dnaaf4 Hoxb3 Mns1 Mks1 Rbpj Cdon Efnb1 Pcgf2 Acvrl1 Palb2 Tdrd7 Notch1 Fgf2 Ttc8 Ttc21b Mllt3 Tulp3 Dvl1 Rab23 Ccdc39 Snai1 Ift140 Cluap1 Cfap45 Nle1 Smad5 Apc2 Lef1 Psen1 Cited2 Wls Ift57 Ski Arc Ift88 Ptch1"
"GOBP_POSITIVE_REGULATION_OF_RECEPTOR_RECYCLING",-1.51849135412125,0.0636942675159236,0.70357136692386,11,-0.590948850126892,7,"Anxa2 Inpp5f Ece1 Eps15 Nsf Scrib Vamp3"
"GOBP_ANTIMICROBIAL_HUMORAL_RESPONSE",1.36912344230059,0.0652454023661708,0.714893172162667,35,0.513367371612657,10,"Jchain Nod2 App Ppl Ccl27a Ccl25 Ighg3 Slpi Lgals4 Trf"
"GOBP_POSITIVE_REGULATION_OF_INTERLEUKIN_10_PRODUCTION",1.38185633391926,0.0651834034876729,0.714893172162667,27,0.539845672663596,5,"Fcer1g Nod2 Tnfsf18 Isg15 Rbm47"
"GOBP_PROTEIN_CONTAINING_COMPLEX_LOCALIZATION",1.31454934319747,0.0651262761955938,0.714893172162667,73,0.446448768060981,17,"Nacc2 Iqsec2 Cacna2d2 Lmna Clstn1 Dlg4 Ralb Epb41l3 Camk2a Magi2 Lhfpl4 Akap5 Birc5 Cep72 Snap47 Tmem108 Prkcz"
"GOBP_DEVELOPMENT_OF_PRIMARY_FEMALE_SEXUAL_CHARACTERISTICS",1.3190857389294,0.06544474393531,0.715154896193896,70,0.450201879892691,23,"Abcb1b Pla2g4a Wnt4 Col9a3 Ahr Mmp14 Angpt1 Vegfa Pcyt1b Pde4d Nefh Gnrh1 Esr1 Nos3 Notch1 Npr2 Cebpb Immp2l Ctnna1 Sod1 Afp Gas2 Abcg2"
"GOBP_UNSATURATED_FATTY_ACID_METABOLIC_PROCESS",1.35758435624834,0.0656335460346399,0.715300357318696,43,0.492320283887213,18,"Fabp5 Mgll Pla2g4a Gstp2 Elovl6 Ahr Hpgd Ptges3l Prxl2b Acox1 Scd2 Pnpla8 Gstm1 Sco1 Armc5 Mapk9 Ptgr2 Decr2"
"GOBP_REGULATION_OF_CATECHOLAMINE_SECRETION",-1.48012561695966,0.0666666666666667,0.724622222222222,16,-0.512797606028484,4,"Pcp4 Kcnb1 Prkcb Chrnb2"
"GOBP_REGULATION_OF_PLATELET_ACTIVATION",1.37824637337061,0.0672279013830427,0.728779058609793,27,0.538435380194809,6,"Fcer1g Pla2g4a Serpine2 F11r Cd9 Gp1ba"
"GOBP_AXIS_ELONGATION",1.39669597111176,0.0674870980547836,0.72964830682042,12,0.640896096922334,5,"Spry2 Tmtc3 Spry1 Esr1 Rdh10"
"GOBP_NEGATIVE_REGULATION_OF_TISSUE_REMODELING",1.38681585600418,0.0679912269384595,0.733154076722648,15,0.60735331542513,7,"Ager Vegfa Kiss1r Abr Dusp18 Ubash3b Bcr"
"GOBP_MICROTUBULE_BUNDLE_FORMATION",1.32441921198673,0.0684331544946896,0.734311761325692,61,0.459457294977727,21,"Dnajb13 Cfap74 Tbc1d32 Kif20a Prc1 Rsph1 Cplane2 Ulk4 Rsph4a Map2 Bbof1 Togaram1 Spef1 Fes Rsph9 Dnaaf4 Spaca9 Mns1 Zmynd10 Spef2 Dnah1"
"GOBP_MUSCLE_CELL_PROLIFERATION",1.24067994019452,0.0685766534593112,0.734311761325692,157,0.397228310748968,48,"Il15 S1pr2 Bmpr2 Cdkn1a Tgfb3 Hbegf Ager Gstp2 Tenm4 Itgb3 Nr4a3 Apln Angpt1 Vegfa Efemp2 Tgfbr3 Pde4d Hpgd Nox1 Ccnd2 Fes Abcc4 Kcnn4 Cdk1 Esr1 Rbpj Rxra Nos3 Notch1 Fgf2 Myb Nampt Tnfaip3 Rgcc Il12a Tnf Nqo2 Pak1 Tlr4 Ccnb1 Ptk2 Fgf20 Ppard Igf1r Map3k5 Hmox1 Selenon Cited2"
"GOBP_REGULATION_OF_OSTEOBLAST_DIFFERENTIATION",1.30993076851948,0.0686390532544379,0.734311761325692,72,0.445733467578574,26,"Smad3 Lmna Bmpr2 Wnt4 Cebpd Ahr Bambi Crim1 Vegfa Acvr2a Noct Cd276 Hemgn Trpm4 Notch1 Fgf2 Atraid Tnf Cebpb Ptk2 Smad5 Hdac8 Suco Ski Riox1 Ptch1"
"GOBP_PROTEIN_LOCALIZATION_TO_PHAGOPHORE_ASSEMBLY_SITE",-1.46889375610612,0.0689189189189189,0.735375689825952,16,-0.508906266475308,7,"Atg9a Pacs2 Mfn2 Atg4d Pik3c3 Atg13 Stx17"
"GOBP_REGULATION_OF_TOLL_LIKE_RECEPTOR_SIGNALING_PATHWAY",1.36944817301687,0.0692078618225134,0.736530665244294,30,0.526444304611155,6,"Gfi1 App Gm6377 Mfhas1 S100a8 Esr1"
"GOBP_MONOCARBOXYLIC_ACID_TRANSPORT",1.30807766973993,0.0702847931219774,0.740260508437158,73,0.444250850837591,26,"Fabp5 Slco2a1 Slc6a13 Pla2g4a Slc16a11 Slc27a1 Abcb4 Slc27a3 Kiss1r Repin1 Slc10a1 Slco4a1 Abcc4 Hrh2 Slc16a4 Slc16a13 Slc27a4 Abcc1 Cpt1b Emb Tnf Arv1 Ppard Pnpla8 Abcg2 Slc25a20"
"GOBP_NEGATIVE_REGULATION_OF_STRIATED_MUSCLE_CELL_DIFFERENTIATION",1.37600788002921,0.0699334543254688,0.740260508437158,25,0.544976738114029,10,"Csf1r Bhlhe41 Rgs2 Ccnd2 Dll1 Ezh2 Bhlha15 Notch1 Plpp7 Pak1"
"GOBP_POSITIVE_REGULATION_OF_CYTOKINE_PRODUCTION",1.17764899399238,0.0700700700700701,0.740260508437158,334,0.366406216277117,70,"Il15 Nlrp1b Fcer1g Ccr5 C1qtnf4 Cd27 Il12rb1 Nod2 Smad3 Aire Tnfsf18 Isg15 Foxp3 App Ifih1 Ager Itk Tlr3 Ikbke Tnfrsf14 Rbm47 Flt3 Sema7a Pbld1 Nr4a3 Csf1r Cd55b Il2 Ccdc88b Fzd5 Serpinb7 Zfp580 Cd276 Pde4d Tlr6 Ffar2 Oas3 Ticam2 Hyal2 Tlr7 Nox1 Raet1d Naip5 Casp4 Cd209d Hspa1b Il1rap Cybb Tnfsf9 Sulf2 Myb Cd160 Eif2ak2 Rab2b Cd46 Cd274 Rnf135 Rgcc Apoa2 Il12a Appl1 Prkcz Chil5 Zcchc3 Tnf Cebpb Tab1 Sod1 Tlr4 Pqbp1"
"GOBP_PROTEIN_O_LINKED_GLYCOSYLATION_VIA_MANNOSE",1.38513436311893,0.0701936825685688,0.740260508437158,14,0.614856993050383,5,"Tmtc3 Tmtc2 Fktn Crppa Tmtc4"
"GOBP_NEURAL_RETINA_DEVELOPMENT",1.35868842267922,0.0712687006714572,0.744849292145794,33,0.513895650119755,17,"Gpm6a Cabp4 Prdm1 Samd11 Arl6 Rpgrip1l Prom1 Bbs4 Bbs10 Ttc8 Usp45 Psen1 Rdh13 Naglu Ahi1 Rab11fip4 Alms1"
"GOBP_REGULATION_OF_ENDOCYTIC_RECYCLING",-1.46784761126483,0.0710795202132386,0.744849292145794,15,-0.521627222097414,7,"Ehd2 Rab11fip3 Inpp5f Arhgap1 Eipr1 Mtmr4 Aldh7a1"
"GOBP_REGULATION_OF_T_CELL_PROLIFERATION",1.25693392353673,0.0711934156378601,0.744849292145794,126,0.407707914133838,30,"Il15 Zap70 Il2ra Il12rb1 Tnfsf18 Foxp3 Ager Tnfrsf21 Sh3rf1 Tnfrsf14 Cd59a Cd55b Il2 Ccdc88b Cd276 Clec4g Gnrh1 Ebi3 Slfn1 Jak3 Efnb1 Tnfsf9 Slc7a1 Cd46 Cd274 Il12a Cd4 Pdcd1lg2 Vcam1 Cebpb"
"GOBP_ANTIGEN_PROCESSING_AND_PRESENTATION_OF_PEPTIDE_ANTIGEN_VIA_MHC_CLASS_I",1.35825280180973,0.0729142046797447,0.74485789041263,32,0.516445402707104,21,"Fcer1g H2-Q2 Mpeg1 Raet1d Tapbpl Clec4a3 Mfsd6 Hfe Lgmn H60b Ifi30 H2-Q7 H2-K1 H2-Q4 H2-T24 H2-Q6 Ide H2-M3 Mr1 Tapbp B2m"
"GOBP_NEGATIVE_REGULATION_OF_LEUKOCYTE_PROLIFERATION",1.32612142461831,0.0720212412877531,0.74485789041263,56,0.46515028598932,11,"Il2ra Foxp3 Prdm1 Tnfrsf21 Tnfrsf14 Lst1 Il2 Cd276 Clec4g Gnrh1 Slfn1"
"GOBP_NEGATIVE_REGULATION_OF_VASCULATURE_DEVELOPMENT",1.32858601213518,0.0715637173066221,0.74485789041263,54,0.468319669990397,9,"Cxcr3 Spry2 Creb3l1 Pik3cb Angpt2 Wnt4 Sema4a Plk2 Cd59a"
"GOBP_NEPHRON_DEVELOPMENT",1.3042902708188,0.072512103281334,0.74485789041263,72,0.443814161108786,22,"Maged1 Nphs1 Hs3st3b1 Angpt2 Wnt4 Basp1 Ahr Itgb3 Angpt1 Vegfa Serpinb7 Greb1l Itga3 Magi2 Dll1 Ext1 Prom1 Gzf1 Notch1 Fgf2 Sulf2 Nid1"
"GOBP_POSITIVE_REGULATION_OF_FILOPODIUM_ASSEMBLY",1.37160606849969,0.0724742891712039,0.74485789041263,25,0.543233372451689,5,"Myo3b Gpm6a Tgfb3 Agrn Neurl1a"
"GOBP_POSITIVE_REGULATION_OF_MYELOID_LEUKOCYTE_CYTOKINE_PRODUCTION_INVOLVED_IN_IMMUNE_RESPONSE",1.37806319103229,0.0724137931034483,0.74485789041263,17,0.589894994196669,3,"Fcer1g Sema7a Nr4a3"
"GOBP_RAS_PROTEIN_SIGNAL_TRANSDUCTION",1.29469921293274,0.0726577437858509,0.74485789041263,82,0.434700930462142,20,"Dok2 Timp2 Spry2 Ccna2 Cdkn1a Wnt4 Plk2 Rasgrf2 Lat Ralb Spry1 Ralgds Rasgef1a Arl6 Ntn1 Ksr1 Notch1 Foxm1 Rabl3 Csf1"
"GOBP_REGULATION_OF_OSSIFICATION",1.30579799154933,0.0728591534047851,0.74485789041263,68,0.447392952364775,20,"Creb3l1 Smad3 Egr2 Bmpr2 Isg15 Wnt4 Kremen2 Csf1r Acvr2a Ecm1 Cd276 Trpm4 Dhrs3 Ccr1 Rbpj Rxra Notch1 Zmpste24 Csf1 Atraid"
"GOBP_REGULATION_OF_T_CELL_APOPTOTIC_PROCESS",1.36140431737448,0.0725032579078308,0.74485789041263,31,0.520039342374725,7,"Cd27 Tnfrsf4 Bbc3 Serpinb9 Efna1 Il7r Jak3"
"GOBP_ARTERY_DEVELOPMENT",1.300945639206,0.0851367680984291,0.746933003097197,60,0.452383458208315,15,"Eng Egr2 Bmpr2 Prdm1 Plxnd1 Notch4 Vegfa Efemp2 Gla Hpgd Rbpj Acvrl1 Notch1 Nprl3 Ndst1"
"GOBP_CALCIUM_ION_TRANSMEMBRANE_TRANSPORT",1.22689733393613,0.0749898662342927,0.746933003097197,167,0.391684213632,47,"Cxcr3 Ccr5 Cacna1h Gpm6a Pkd1l3 Tmc1 Cacna2d2 Grin2d Pkd1l1 Slc35g1 Cacna1a Ahr Itgb3 Gp1ba Plp1 Dmd Pde4d Tmem38b Atp2c2 Trpm4 Bhlha15 Kcnn4 Asph Akap5 Cbarp Pkd2l2 Fgf2 Mettl21c Itgav Letm2 Tpcn2 Ubash3b Cd4 Tmem38a Tmbim1 Mcoln2 Bak1 Cacnb4 Micu3 Ptpn22 Selenon Lck Psen1 Plcl1 Plcg1 Camk2d Micu2"
"GOBP_CARBOXYLIC_ACID_TRANSMEMBRANE_TRANSPORT",1.27727840208873,0.0807814149947202,0.746933003097197,88,0.426565569955233,33,"Abcb1b Slc6a13 Slc25a13 Slc7a7 Slc16a11 Slc27a1 Slc7a11 Slc6a20b Per2 Rgs2 Slc36a4 Slc46a1 Slc25a15 Itgb1 Slc16a4 Slc19a1 Slc7a1 Abcc1 Cpt1b Emb Slc25a1 Slc36a3 Tnf Lrrc8b Slc23a2 Slc43a1 Slc25a20 Selenon Psen1 Slc43a2 Cln3 Slc7a6 Arhgef11"
"GOBP_CELL_CELL_RECOGNITION",1.3408139340817,0.0770114942528736,0.746933003097197,41,0.490294384631856,11,"Izumo1r St6galnac6 Astl Cd9 Prf1 Adam1a Dcst1 Hspa1b Zpbp Ovgp1 Zpbp2"
"GOBP_CHONDROCYTE_DIFFERENTIATION",1.3105650957549,0.0834987866754908,0.746933003097197,57,0.45840051010894,16,"Smad3 Hmga2 Bmpr2 Maf Slc39a14 Loxl2 Agrn Ecm1 Trps1 Ext1 Chadl Sox5 Hspg2 Sulf2 Npr2 Poc1a"
"GOBP_CILIUM_MOVEMENT",1.2649908632856,0.0827564505978603,0.746933003097197,97,0.418983195992172,38,"Tssk4 Cfap126 Dnajb13 Rabl2 Kif3a Rsph1 Dnah14 Ulk4 Tac4 Cabcoco1 Rsph4a Celsr2 Bbof1 Insl6 Nphp4 Catspere2 Sord Spef1 Tssk6 Rsph9 Celf3 Bbs4 Dnaaf4 Spaca9 Mns1 Zmynd10 Gapdhs Spef2 Dnah1 Ccnyl1 Dynll2 Ropn1l Klc3 Armc2 Ift81 Rsph3b Cep70 Ccdc39"
"GOBP_DEOXYRIBONUCLEOSIDE_MONOPHOSPHATE_BIOSYNTHETIC_PROCESS",1.36963520409018,0.0849543469630806,0.746933003097197,12,0.628478834810487,3,"Dctd Tyms Tk1"
"GOBP_DETECTION_OF_MOLECULE_OF_BACTERIAL_ORIGIN",1.37290223205769,0.081041388518024,0.746933003097197,11,0.642325593898476,6,"Nod2 Tlr6 Casp4 Scarb1 Itgav Tlr4"
"GOBP_DEVELOPMENTAL_INDUCTION",1.37887793154412,0.0778371161548732,0.746933003097197,11,0.645121382725938,5,"Wnt4 Fzd5 Spry1 Rbpj Fgf2"
"GOBP_ENDOCRINE_HORMONE_SECRETION",1.36520973263897,0.0835334260078352,0.746933003097197,18,0.577123782965351,4,"Abcb1b Selenom Apln Acvr2a"
"GOBP_EPITHELIAL_CELL_MORPHOGENESIS",1.34930132101431,0.0855861316523215,0.746933003097197,24,0.537610884889267,9,"Rilpl1 Notch4 St14 Cdh5 Rab25 Hrh2 Frmd6 Plod3 Rilpl2"
"GOBP_ESTABLISHMENT_OF_PROTEIN_LOCALIZATION_TO_CHROMOSOME",-1.44325671525366,0.0774774774774775,0.746933003097197,16,-0.500024173614974,9,"Spidr Tert Lrwd1 Tcp1 Nabp2 Acd Wrap53 Usp7 Ruvbl2"
"GOBP_EXOCRINE_SYSTEM_DEVELOPMENT",1.36281093280765,0.0818646232439336,0.746933003097197,17,0.583366098544091,9,"Tgfb3 Plxnd1 Clcn2 Tnf Ctnnd1 Igf1r Wls Cst3 Srp54a"
"GOBP_EYE_PHOTORECEPTOR_CELL_DIFFERENTIATION",1.36091442016736,0.0787827760404138,0.746933003097197,26,0.53478282773084,18,"Cabp4 Prdm1 Samd11 Vegfa Rpgrip1l Prom1 Bbs4 Bbs10 Ttc8 Prkci Rab37 Rdh13 Naglu Ahi1 Rpgr Alms1 Poc5 Rpgrip1"
"GOBP_FOREBRAIN_NEURON_DEVELOPMENT",1.36514349225081,0.0815378660817959,0.746933003097197,15,0.597861945736993,4,"Ndnf Nrp2 Atf5 Atg7"
"GOBP_FORMATION_OF_CYTOPLASMIC_TRANSLATION_INITIATION_COMPLEX",-1.43425532787813,0.0795202132385606,0.746933003097197,15,-0.509689573166806,7,"Eif3l Eif3b Eif3j2 Eif3h Eif3c Eif3f Eif3i"
"GOBP_GLAND_DEVELOPMENT",1.18680374254412,0.0762983757770203,0.746933003097197,275,0.371520188147597,95,"Cdkn1c Wnt10a Egf Smad3 Hmga2 Aire Tgfb3 Wnt4 Plxnd1 Ccnb2 Rap1gap Serpine2 Ahr Clcn2 Notch4 Vegfa Plag1 Errfi1 Mki67 Epha2 Tgfbr3 Asl Atp2c2 Irf6 Socs2 Ext1 Rpgrip1l Ezh2 Atg7 Hrh2 Hoxb3 Ntn1 Esr1 Rbpj Rxra Notch1 Fgf2 Uprt Sulf2 Myb Foxm1 Gpat4 Cdo1 Hk2 Tnfaip3 Arhgap5 Zdhhc21 Zmpste24 Csf1 Slc29a1 Rcbtb2 Tnf Cebpb Arv1 Ctnnd1 Ccdc39 Ctns Arhgap35 Afap1 Abcg2 Cacnb4 Thra Ccnd1 Igf1r Aldh1a3 Lef1 Hmox1 Sco1 Psen1 Cited2 Cdk5rap3 Wls Naglu Slc46a2 Mst1 Armc5 Hpcal1 Ift88 Ptch1 Aacs Tspo Cflar B4galt1 Oas2 Lipa Cst3 Gfer Pnpt1 Cad Srp54a Pck2 Rreb1 Usf2 Acat1 Dbp"
"GOBP_GLIAL_CELL_DIFFERENTIATION",1.22016601209527,0.0859113500355006,0.746933003097197,162,0.390161748601125,54,"Hmga2 Egr2 Gpr157 App Ager Tnfrsf21 Ndrg1 Tenm4 Serpine2 Clcn2 Csf1r Itgb4 Mmp24 Cd9 Ulk4 Plp1 Dmd Nr1d1 Zfp365 Arsg Atf5 Dll1 S100a8 Sox5 Prx Cntf Cdkn2c Notch1 Fgf2 Muc3a Abca2 Abcc1 Ttc21b Sod1 Erbb3 Tnfrsf1b Tlr4 Ccdc39 Hdac11 Mettl3 Arhgef10 Lef1 Psen1 Tspan2 Naglu Ski Mxra8 Grn Sos1 Lamb2 C1qa Dicer1 Nfix Hdac2"
"GOBP_GLUCOCORTICOID_METABOLIC_PROCESS",1.37366246819756,0.0765631093201612,0.746933003097197,14,0.609764653271835,5,"Cacna1h Wnt4 H6pd Abcc1 Star"
"GOBP_HEMOGLOBIN_METABOLIC_PROCESS",-1.41712375449031,0.0844521437851884,0.746933003097197,14,-0.514683040379846,6,"Abcb10 Cat Slc25a37 Add1 Blvra Tet2"
"GOBP_HUMORAL_IMMUNE_RESPONSE",1.29425821080514,0.0786673831273509,0.746933003097197,73,0.439557470213553,19,"Jchain Nod2 Aire App Tnfrsf21 C2 Cd59a Ppl Cd55b Cfp Ccl27a Ccl25 Ighg3 Rbpj Slpi Notch1 Cd46 Lgals4 Trf"
"GOBP_LEUKOCYTE_TETHERING_OR_ROLLING",1.36423614126639,0.0805842357088895,0.746933003097197,19,0.571206060162604,7,"Sele Gp1ba Ext1 Itgb1 Ccl25 Vcam1 Tnf"
"GOBP_L_GLUTAMATE_TRANSMEMBRANE_TRANSPORT",1.3644532353761,0.0819249129144626,0.746933003097197,15,0.597559649076959,9,"Slc25a13 Slc7a11 Per2 Itgb1 Tnf Psen1 Arhgef11 Ttyh2 Arl6ip5"
"GOBP_MAINTENANCE_OF_SISTER_CHROMATID_COHESION",-1.43672130350593,0.0842535787321063,0.746933003097197,12,-0.545357286468486,6,"Naa10 Smc5 Mau2 Dscc1 Rb1 Tnks"
"GOBP_MAMMARY_GLAND_DEVELOPMENT",1.28245271565936,0.0805183768854897,0.746933003097197,82,0.430589115372996,33,"Egf Tgfb3 Wnt4 Ahr Notch4 Vegfa Epha2 Atp2c2 Irf6 Socs2 Ntn1 Esr1 Fgf2 Uprt Gpat4 Cdo1 Hk2 Arhgap5 Csf1 Slc29a1 Cebpb Arhgap35 Afap1 Ccnd1 Igf1r Lef1 Mst1 Ptch1 B4galt1 Oas2 Cad Rreb1 Usf2"
"GOBP_MITOCHONDRIAL_RNA_MODIFICATION",-1.42639533027825,0.0840764331210191,0.746933003097197,13,-0.529687628601374,5,"Nsun4 Mettl8 Rpusd4 Gtpbp3 Cdk5rap1"
"GOBP_MITOCHONDRIAL_TRNA_PROCESSING",-1.45490484256462,0.0738853503184713,0.746933003097197,13,-0.540274550498128,5,"Prorp Mettl8 Rpusd4 Gtpbp3 Cdk5rap1"
"GOBP_MYELOID_LEUKOCYTE_CYTOKINE_PRODUCTION",1.36173194715209,0.0821633500183128,0.746933003097197,23,0.546764763850917,4,"Fcer1g Tgfb3 Sema7a Nr4a3"
"GOBP_NEGATIVE_REGULATION_OF_BIOMINERAL_TISSUE_DEVELOPMENT",1.37883720859115,0.0758467372825945,0.746933003097197,13,0.621598976033975,6,"Ecm1 Trpm4 Ccr1 Cdon Nos3 Notch1"
"GOBP_NEGATIVE_REGULATION_OF_ENDOTHELIAL_CELL_PROLIFERATION",1.36642831380837,0.0791991941576429,0.746933003097197,19,0.572123923429107,8,"Cxcr3 Eng Ager Cav2 Acvrl1 Rgcc Il12a Tnf"
"GOBP_NEGATIVE_REGULATION_OF_EPITHELIAL_TO_MESENCHYMAL_TRANSITION",1.36248928793251,0.0817970943718716,0.746933003097197,23,0.547068852518169,7,"Spry2 Vegfa Efna1 Tgfbr3 Spry1 Trim62 Spred2"
"GOBP_NEGATIVE_REGULATION_OF_GROWTH",1.23252899093548,0.0847423100427786,0.746933003097197,144,0.39631737290396,47,"Sema6d Ccr5 Smad3 Adam15 Osgin1 Bmpr2 Cdkn1a Bbc3 Cit Serpine2 Fgf13 Caprin2 Wwc1 Map2 Hyal2 Rgs2 Socs2 Atg7 Cdkl3 Ntn1 Hspa1b Cdkn2c Acvrl1 Sertad2 Pak1 Dnajb2 Bst2 Ptk2 Ppard Ddx3x Acvr1b Lgmn Ifrd1 Cited2 Nf2 Sphk2 Ptch1 Smarca2 St7l Sesn2 Ptprs Alms1 Bbs2 Hdac2 Cirbp Hspa1a Tspyl2"
"GOBP_NEGATIVE_REGULATION_OF_T_CELL_APOPTOTIC_PROCESS",1.36514726355824,0.0835334260078352,0.746933003097197,18,0.57709737501401,6,"Cd27 Tnfrsf4 Serpinb9 Efna1 Il7r Jak3"
"GOBP_OSTEOBLAST_DIFFERENTIATION",1.27497319653852,0.0740004186728072,0.746933003097197,99,0.421385759662534,33,"Creb3l1 Smad3 Lmna Bmpr2 Wnt4 Cebpd Ahr Bambi Nr1i3 Crim1 Vegfa Acvr2a Noct Cd276 Epha2 Tgfbr3 Hemgn Trpm4 Notch1 Fgf2 Atraid Tnf Cebpb Snai1 Ptk2 Smad5 Hdac8 Lef1 Suco Ski Riox1 Ift80 Ptch1"
"GOBP_OSTEOCLAST_DIFFERENTIATION",1.27462392991205,0.0859656561373754,0.746933003097197,83,0.427411137686252,22,"Fcer1g Car2 Gab2 Tjp2 Itgb3 Csf1r Clec2g Mitf Epha2 Klf10 Ccr1 Farp2 Fstl3 Snx10 Trf Ubash3b Csf1 Rptor Atraid Tcta Tnf Cebpb"
"GOBP_PEPTIDE_BIOSYNTHETIC_PROCESS",1.35917667002411,0.0863114436846859,0.746933003097197,15,0.595248787511084,5,"Nod2 Slc7a11 Ggt5 Dmd Mgst2"
"GOBP_PEPTIDYL_CYSTEINE_MODIFICATION",1.37294393094062,0.0743259955478605,0.746933003097197,21,0.560882408738371,9,"Zdhhc1 Hhat S100a8 Rab3d Zdhhc21 Ncoa7 Zdhhc8 Zdhhc3 Adh5"
"GOBP_POSITIVE_REGULATION_OF_BIOMINERAL_TISSUE_DEVELOPMENT",1.36141756107075,0.0791611104376288,0.746933003097197,24,0.542438437072628,10,"Smad3 Bmpr2 Isg15 Wnt4 Csf1r Acvr2a Cd276 Rxra Atraid Cebpb"
"GOBP_POSITIVE_REGULATION_OF_BMP_SIGNALING_PATHWAY",1.36498675567678,0.0795201582982933,0.746933003097197,21,0.55763170087758,8,"Eng Zfp423 Neo1 Cdh5 Tgfbr3 Rbpj Acvrl1 Notch1"
"GOBP_POSITIVE_REGULATION_OF_CARDIAC_MUSCLE_CELL_PROLIFERATION",1.37988614697793,0.0778086542278682,0.746933003097197,12,0.633182642526995,7,"Tgfbr3 Ccnd2 Cdk1 Rbpj Notch1 Fgf2 Ccnb1"
"GOBP_POSITIVE_REGULATION_OF_CHEMOKINE_PRODUCTION",1.3346964232,0.0794784580498866,0.746933003097197,45,0.480846870193186,15,"Nod2 Aire App Ager Tlr3 Csf1r Ffar2 Oas3 Ticam2 Tlr7 Eif2ak2 Chil5 Tnf Tlr4 Mcoln2"
"GOBP_POSITIVE_REGULATION_OF_ENDOCYTOSIS",1.23682825174232,0.0854735976987877,0.746933003097197,129,0.400582604318766,22,"Il15 Fcer1g Egf Nod2 Sirpa App Ager C2 Axl Plk2 Kif3a Rap1gap Il15ra Sele Apln Angpt1 Vegfa Abr Magi2 Dll1 Cfp Itgb1"
"GOBP_POSITIVE_REGULATION_OF_ERK1_AND_ERK2_CASCADE",1.26585970809124,0.0862105263157895,0.746933003097197,91,0.421368548352969,28,"Spry2 Egf Nod2 App Ager Itgb3 Sema7a Csf1r Angpt1 Vegfa Nrxn1 Ackr3 Map3k12 Mfhas1 Pde8a Ccr1 Esr1 Notch1 Fgf2 Nampt Fgfbp3 Cd4 Prkcz Nqo2 Tlr4 Icam1 Fgf20 Ptpn22"
"GOBP_POSITIVE_REGULATION_OF_MAPK_CASCADE",1.18504736833896,0.0807260328920979,0.746933003097197,267,0.371328144565582,67,"Timp2 Zap70 Pik3r6 Cd27 Spry2 Maged1 Tnfrsf19 Egf Nod2 Tgfb3 Mapk8ip2 App Wnt4 Ager Tlr3 Sh3rf1 Itgb3 Sema7a Csf1r Angpt1 Vegfa Wwc1 Fzd5 Mbip Lat Nrxn1 Kiss1r Efna1 Ackr3 Tlr6 Map3k12 Nox1 Mfhas1 Ezh2 Cav2 Pde8a Naip5 Kcnn4 Ccr1 Esr1 Ksr1 Il1rap Cntf Cdon Sorbs3 Notch1 Fgf2 Nampt Ndst1 Eif2ak2 Rell2 Fgfbp3 Cd4 Prkcz Tnf Tab1 Nqo2 Trim30d Sod1 Erbb3 Tlr4 Adam9 Icam1 Pja2 Zfp622 Fgf20 Trim30c"
"GOBP_POSITIVE_REGULATION_OF_NITRIC_OXIDE_BIOSYNTHETIC_PROCESS",1.35109598467432,0.0752020616141502,0.746933003097197,35,0.506607784965812,11,"Smad3 Pik3cb App Asl Tlr6 Raet1d Jak3 Esr1 Tnf Tlr4 Icam1"
"GOBP_POSITIVE_REGULATION_OF_SYSTEMIC_ARTERIAL_BLOOD_PRESSURE",1.37527970269384,0.079305740987984,0.746933003097197,11,0.643437916540747,2,"Eng Camk2n1"
"GOBP_POSITIVE_REGULATION_OF_T_CELL_PROLIFERATION",1.28709425467204,0.0808383233532934,0.746933003097197,77,0.434998827790996,21,"Il15 Zap70 Il2ra Il12rb1 Foxp3 Ager Cd59a Cd55b Il2 Ccdc88b Cd276 Jak3 Efnb1 Tnfsf9 Slc7a1 Cd46 Cd274 Il12a Cd4 Pdcd1lg2 Vcam1"
"GOBP_REGULATION_OF_AXONOGENESIS",1.28102264926425,0.0753107225616179,0.746933003097197,90,0.426829979443865,28,"Sema6d Ccr5 Bmpr2 Cit Plxnd1 Cacna1a Sema7a Fgf13 Vegfa Efna1 Tiam2 Map2 Gla Cdkl3 Ntn1 Brsk2 Plxnc1 Dbn1 Amigo1 Rufy3 Mapt Pak1 Ptk2 Arhgap35 Ifrd1 Cyfip1 Psen1 Golga4"
"GOBP_REGULATION_OF_CELL_SHAPE",1.28059714011487,0.0776135163674762,0.746933003097197,88,0.427673910451194,29,"Palm3 Sema4a Kif3a Plxnd1 Marcks Bambi Wdpcp F11r Lst1 Csf1r Vegfa Arap3 Fmnl2 Myo10 Epb41l3 Fes Cdc42ep4 Zmpste24 Plxnc1 Tbccd1 Icam1 Gas2 Ptk2 Arhgap35 Cyfip1 Fmnl3 Nf2 Eps8 Hck"
"GOBP_REGULATION_OF_EXTENT_OF_CELL_GROWTH",1.29387669427124,0.0848583877995643,0.746933003097197,65,0.445775806988229,11,"Sema6d Ccr5 Mgll Bmpr2 Cit Sema7a Fgf13 Vegfa Map2 Cdkl3 Ntn1"
"GOBP_REGULATION_OF_FIBROBLAST_MIGRATION",1.34041679536379,0.0822175240779892,0.746933003097197,34,0.504498525047237,13,"Ager Wdpcp Itgb3 Hyal2 Prr5l Itgb1 Fgf2 Appl1 Pak1 Ptk2 Appl2 Cln3 Sdc4"
"GOBP_REGULATION_OF_LEUKOCYTE_PROLIFERATION",1.21063947090245,0.0831815421979356,0.746933003097197,183,0.385373774697065,41,"Il15 Zap70 Il2ra Il12rb1 Tnfrsf4 Tnfsf18 Cdkn1a Foxp3 Prdm1 Ager Tnfrsf21 Sh3rf1 Ahr Tnfrsf14 Cd59a Lst1 Csf1r Cd55b Il2 Ccdc88b Cd276 Clec4g Gnrh1 Ebi3 Slfn1 Jak3 Csf2rb Efnb1 Tnfsf9 Slc7a1 Bst1 Cd46 Cd274 Il12a Csf1 Cd4 Pdcd1lg2 Vcam1 Cebpb Tnfrsf1b Tlr4"
"GOBP_REGULATION_OF_NEUROGENESIS",1.19033265405287,0.0835844886477798,0.746933003097197,248,0.373916194251167,83,"Sema6d Ccr5 Hmga2 Egr2 Bmpr2 Xrcc2 Cit Xlr3b Plxnd1 Atxn1 Tenm4 Marcks Serpine2 Clcn2 Numbl Sema7a Csf1r Fgf13 Caprin2 Vegfa Plag1 Dlg4 Gorasp1 Nr1d1 Bhlhe41 Tiam2 Neurl1a Map2 Per2 Zfp365 Atf5 Dll1 Ezh2 Lrp8 Cask Akap5 Cdkl3 Hoxb3 Ntn1 Itpka Srcin1 Notch1 Ankrd27 Myb Hap1 Plxnc1 Dbn1 Amigo1 Tnf Dock7 Ctnna1 Rufy3 Mapt Pak1 Ss18l1 Tnfrsf1b Ptk2 Lta Star Prkci Ifrd1 Fbxo31 Cyfip1 Lef1 Psen1 Golga4 Appl2 Wls Lig4 Nf2 Ski Ell3 Aspm Ufl1 Trim32 Tspo Gh Jade2 Ptprs Xrcc5 Dicer1 Plxnb2 Hdac2"
"GOBP_REGULATION_OF_OSTEOBLAST_PROLIFERATION",1.38262642144856,0.0763530501521768,0.746933003097197,12,0.634440060926597,7,"Smad3 Ahr Itgb3 Itgav Eif2ak2 Atraid Igf1r"
"GOBP_REGULATION_OF_OSTEOCLAST_DIFFERENTIATION",1.32094205243978,0.0808691756272402,0.746933003097197,50,0.469645678171134,15,"Car2 Tjp2 Itgb3 Csf1r Clec2g Mitf Klf10 Ccr1 Fstl3 Ubash3b Csf1 Rptor Tcta Tnf Cebpb"
"GOBP_REGULATION_OF_PATTERN_RECOGNITION_RECEPTOR_SIGNALING_PATHWAY",1.23016354135133,0.077485528587387,0.746933003097197,159,0.39361985606506,47,"Gfi1 Nod2 Nlrx1 Zdhhc1 App Gm6377 Tlr3 Tspan6 Gbp2 Peli3 Nr1d1 Tlr6 Ticam2 Mfhas1 S100a8 Nr1h3 Aars2 Esr1 Casp4 Hspa1b Slc19a1 Trim3 Tnfaip3 Eif2ak2 Rnf125 Appl1 Ddx60 Zcchc3 Slc15a3 Tab1 Tlr4 Pja2 Znrf1 Kcnk6 Zdhhc3 Nagk Nfkbil1 Ddx3x Ptpn22 Lamp2 Atat1 Kcnk13 Appl2 Slc46a2 Irf1 Trim32 Zdhhc12"
"GOBP_REGULATION_OF_PRODUCTION_OF_MOLECULAR_MEDIATOR_OF_IMMUNE_RESPONSE",1.2427721754925,0.0818508997429306,0.746933003097197,127,0.402956432594568,33,"Fcer1g Cd27 Nod2 Tnfrsf4 Tgfb3 Foxp3 Tlr3 Tnfrsf14 Ppl 6030468B19Rik Sema7a Nr4a3 Cd55b Il2 Angpt1 Fzd5 Ffar2 Tlr7 Trpm4 Jak3 Cd160 Lilrb4a Hfe Tnfaip3 Pkp3 Apoa2 Prkcz Tnf Tnfrsf1b Tlr4 Zpbp2 Bst2 Pagr1a"
"GOBP_REGULATION_OF_RECEPTOR_RECYCLING",-1.43503447354682,0.076427255985267,0.746933003097197,17,-0.489073143397046,8,"Anxa2 Inpp5f Ece1 Eps15 Nsf Scrib Chmp5 Vamp3"
"GOBP_REGULATION_OF_STRIATED_MUSCLE_CONTRACTION",1.32634463215865,0.0853476916027036,0.746933003097197,42,0.483047808867695,10,"Cacna1h Ehd3 Fgf13 Agrn Kcnj2 Dmd Pde4d Tmem38b Rgs2 Trpm4"
"GOBP_REGULATION_OF_SUBSTRATE_ADHESION_DEPENDENT_CELL_SPREADING",-1.30340564748157,0.0762264150943396,0.746933003097197,40,-0.362069638821982,13,"Tacstd2 Carmil1 Myadm Itgb1bp1 Lims1 Flna Dnm2 Crk Crkl Tesk1 Triobp Pxn Cib1"
"GOBP_REGULATION_OF_TOLL_LIKE_RECEPTOR_2_SIGNALING_PATHWAY",1.37322262600385,0.0844366387462848,0.746933003097197,10,0.654962976282888,3,"Nod2 Tlr6 Mfhas1"
"GOBP_RENAL_SYSTEM_DEVELOPMENT",1.21544864872201,0.0823875152006486,0.746933003097197,173,0.387743490048533,37,"Cdkn1c Maged1 Nphs1 Car2 Smad3 Hs3st3b1 Mmp17 Prdm1 Angpt2 Wnt4 Tbc1d32 Basp1 Kif3a Plxnd1 Ahr Wdpcp Itgb3 Angpt1 Vegfa Serpinb7 Greb1l Cenpf Spry1 Itga3 Hpgd Lgr5 Magi2 Dll1 Ext1 Rpgrip1l Prom1 Gzf1 Notch1 Fgf2 Sulf2 Ttc8 Rdh10"
"GOBP_RESPONSE_TO_CHEMOKINE",1.33703361180836,0.084133780812406,0.746933003097197,38,0.494248077371684,8,"Ackr2 Cxcr3 Ccr5 Cxcr6 Ccr9 Ackr3 Ccl25 Ccr1"
"GOBP_RESPONSE_TO_ISCHEMIA",1.34226305408071,0.0801990510357597,0.746933003097197,38,0.49618119391117,11,"Ndnf Pik3cb Csf1r Tigar Per2 Camk2a Uchl1 Hk2 Rcan1 Csf1 Sirt5"
"GOBP_SALIVARY_GLAND_DEVELOPMENT",1.36970259750602,0.0846896916765912,0.746933003097197,12,0.628509759348154,5,"Tgfb3 Plxnd1 Clcn2 Tnf Ctnnd1"
"GOBP_SMOOTH_MUSCLE_CELL_DIFFERENTIATION",1.34321288432717,0.0794189996485885,0.746933003097197,35,0.503651932790368,8,"Eng Wnt4 Notch4 Vegfa Efemp2 Sgcb Notch1 Rcan1"
"GOBP_STARTLE_RESPONSE",1.37511355055772,0.075523202911738,0.746933003097197,14,0.610408784383149,6,"Grin2d Nrxn1 Aph1b Npr2 Dbn1 Dvl1"
"GOBP_STEROID_HORMONE_SECRETION",1.3715811979254,0.0857876249662253,0.746933003097197,10,0.654180091847941,2,"Abcb1b Selenom"
"GOBP_TOLL_LIKE_RECEPTOR_SIGNALING_PATHWAY",1.30416430759531,0.0737899740708729,0.746933003097197,69,0.445937907652413,19,"Gfi1 App Gm6377 Tlr3 Tlr6 Ticam2 Tlr7 Mfhas1 S100a8 Tifab Tnip3 Esr1 Trim3 Tlr12 Cd274 Tlr4 Nfkbil1 Fosl1 Mapkapk3"
"GOBP_TRNA_5_LEADER_REMOVAL",-1.44478785508413,0.0809815950920245,0.746933003097197,12,-0.548419225251679,5,"Prorp Pop1 Rpp14 Rpp38 Pop5"
"GOBP_VASCULATURE_DEVELOPMENT",1.14934493667594,0.083925177553266,0.746933003097197,418,0.355921776485679,76,"Ndnf Cxcr3 Eng Pik3r6 Tmem100 Spry2 Plekhg5 Creb3l1 Egfl7 Egf Socs3 Adam15 Hmga2 Nrp2 Egr2 Bmpr2 Plcd3 Pik3cb Prdm1 Hbegf Angpt2 Wnt4 Sema4a Plk2 Tlr3 Plxnd1 Cd93 Ahr Cd59a Mmp14 Itgb3 Notch4 Apln Pik3r3 Nrarp Loxl2 Angpt1 Vegfa Efemp2 Meis3 Fzd5 Nrxn1 Errfi1 Serpinb7 Ecm1 Epha2 Efna1 Ackr3 Cdh5 Tgfbr3 Shb Gla Hpgd Apold1 Nox1 Sgcb Hspb6 Dll1 Elmo3 Vash2 Itgb1 Pik3r2 Hoxb3 Hspg2 Cybb Rbpj Rxra Acvrl1 Nos3 Hif3a Notch1 Nprl3 Fgf2 Foxm1 Npr2 Cd160"
"GOBP_WALKING_BEHAVIOR",1.33479832754085,0.0852868417952645,0.746933003097197,33,0.504859718284591,12,"Cacna1a Dmrt3 Ulk4 Dmd Atg7 Uchl1 Zmpste24 Mapt Idua Ctns Cacnb4 Scn8a"
"GOBP_AUDITORY_RECEPTOR_CELL_MORPHOGENESIS",1.35869733104566,0.0865722085012349,0.747602376803037,14,0.603121673735118,6,"Myo3b Wdpcp Lhfpl5 Whrn Sod1 Myo7a"
"GOBP_REGULATION_OF_SMAD_PROTEIN_SIGNAL_TRANSDUCTION",1.34041789861882,0.0870749911147968,0.750354468887763,31,0.512022794117008,14,"Eng Smad3 Bmpr2 Tgfb3 Acvr2a Tgfbr3 Acvrl1 Hfe Pmepa1 Glce Ski Ldlrad4 Sh2b1 Pin1"
"GOBP_NEGATIVE_REGULATION_OF_MUSCLE_CELL_DIFFERENTIATION",1.32851817765039,0.0872676901766132,0.750428491898471,39,0.489239487183753,12,"Csf1r Tnpo2 Bhlhe41 Rgs2 Ccnd2 Dll1 Ezh2 Bhlha15 Notch1 Plpp7 Rcan1 Pak1"
"GOBP_NEURON_PROJECTION_EXTENSION",1.24939204540226,0.0876974231088944,0.752536203351271,108,0.409891984876058,30,"Sema6d Ccr5 Mgll Raph1 Nrp2 Bmpr2 Cit Sema7a Csf1r Vegfa Map2 Impact Atg7 Itgb1 Cdkl3 Ntn1 Dbn1 Tmem108 Prkcz Rufy3 Mapt Dvl1 Pak1 Slc23a2 Rnf157 Rasal1 Ifrd1 Cyfip1 Golga4 C9orf72"
"GOBP_LEUKOTRIENE_METABOLIC_PROCESS",1.35602515024009,0.0886337246806864,0.758972818904365,15,0.593868585531732,8,"Pla2g4a Ggt5 Alox5ap Mgst2 Cyp4f13 Abcc1 Ltc4s Tlr4"
"GOBP_SYNAPSE_PRUNING",1.36590763750459,0.0888948932720886,0.759613385696086,10,0.651474068841208,7,"Itgb1 Plxnc1 Kcnk13 C1qc C1qa C1qb Vangl2"
"GOBP_POSITIVE_REGULATION_OF_TUMOR_NECROSIS_FACTOR_SUPERFAMILY_CYTOKINE_PRODUCTION",1.27964725760012,0.0890918860827512,0.759704032789318,73,0.434595281390186,10,"Fcer1g Ccr5 C1qtnf4 Nod2 App Ifih1 Ager Tlr3 Csf1r Fzd5"
"GOBP_EMBRYONIC_HEART_TUBE_DEVELOPMENT",1.31661921617438,0.0895809739524349,0.760411737155923,46,0.472948350319361,16,"Eng Smad3 Asb2 Kif3a Ift122 Greb1l Dll1 Rbpj Notch1 Dvl1 Ccdc39 Cluap1 Abcg2 Psen1 Cited2 Ift57"
"GOBP_EMBRYONIC_HEART_TUBE_MORPHOGENESIS",1.32908868455504,0.0897345548508339,0.760411737155923,34,0.500234914493898,13,"Eng Smad3 Asb2 Kif3a Dll1 Rbpj Notch1 Dvl1 Ccdc39 Cluap1 Psen1 Cited2 Ift57"
"GOBP_REGULATION_OF_VIRAL_LIFE_CYCLE",1.26445110024483,0.0896827905996417,0.760411737155923,89,0.421665518093813,25,"Ifitm3 Hmga2 Isg15 Ifih1 Axl Rnasel Trim62 Oas3 Clec4g Adarb1 Slpi Notch1 Isg20 Plscr1 Gbp7 Eif2ak2 Cd4 Ifitm2 Lamp3 Tnf Trim30d Bst2 Oasl2 Trim30c Ddx3x"
"GOBP_POSITIVE_REGULATION_OF_VASOCONSTRICTION",1.35023900415063,0.0908506810588538,0.768272564306822,16,0.584905481270706,6,"Mgll Trpm4 Hrh2 Wdr35 Icam1 Tbxa2r"
"GOBP_REGULATION_OF_TOLL_LIKE_RECEPTOR_3_SIGNALING_PATHWAY",1.35962526643729,0.091703056768559,0.773875071198026,12,0.623885616168162,5,"Tlr3 Trim3 Tnfaip3 Znrf1 Ptpn22"
"GOBP_REGULATION_OF_SMOOTHENED_SIGNALING_PATHWAY",1.29900920570124,0.0919920582395764,0.774709978067177,57,0.4543585697944,21,"Ift122 Serpine2 Armc9 Cplane2 Arl6 Rpgrip1l Mks1 Tedc1 Efcab7 Ndst1 Gorab Ttc21b Ift81 Tulp3 Ctnna1 Rab23 Tubd1 Ift140 Tmem216 Wdr11 Ptch1"
"GOBP_DENDRITIC_CELL_DIFFERENTIATION",1.33287011995512,0.092287643644118,0.774870280908928,31,0.509139637509845,9,"Zbtb46 Ager Axl Slamf9 Flt3 Tmem176b Tmem176a Rbpj Tnfsf9"
"GOBP_RETROGRADE_TRANSPORT_ENDOSOME_TO_GOLGI",-1.22172398450687,0.0923913043478261,0.774870280908928,85,-0.297378630038037,23,"Ykt6 Heatr5a Spag9 Rab6b Vti1a Vps54 Rab9 Rbsn Erc1 Stx6 Tmem87a Snx5 Eipr1 Ric1 Washc2 Snx2 Sgsm2 Tbc1d14 Rufy1 Arfrp1 Snx6 Ap1s1 Prepl"
"GOBP_BIOLOGICAL_PROCESS_INVOLVED_IN_SYMBIOTIC_INTERACTION",1.2393584216359,0.0932036826316334,0.778479939357659,116,0.404380189141253,30,"Gbp6 Chmp4c Nectin1 Axl Tnfrsf14 Gbp2 Itgb3 Cd55b Dao Trim62 Trem1 Hyal2 Clec4g Cav2 Naip5 Scarb1 Cd209d Slc7a1 Plscr1 Gbp7 Itgav Gbp9 Tpcn2 Fuca2 Cd4 Trim30d Icam1 Bst2 Trim30c Dpp4"
"GOBP_METAL_ION_TRANSPORT",1.14502254617946,0.0930279083725118,0.778479939357659,415,0.35457668338679,89,"Cxcr3 Ccr5 Slc39a4 Cacna1h Gpm6a Slc12a3 Egf Kcnk10 Pkd1l3 Slc6a13 Tmc1 Hcn3 Cacna2d2 Grin2d Slc39a2 App Akap7 Nectin1 Slc39a14 Pkd1l1 Slc35g1 Slc9a9 Slc22a17 Cacna1a Scn2b Slc5a3 Kcnj13 Serpine2 Ahr Itgb3 Fgf13 Slc34a1 Gnao1 Kcnmb3 Slc40a1 Agrn Kcnj2 Slc5a10 Gp1ba Plp1 Dmd Kcng1 Slc6a20b Pde4d Tmem38b Best1 Kcnc3 Atp2c2 Camk2a Slc10a1 Trpm4 Kcnk4 Slc46a1 Kcnc1 Cask Wnk3 Bhlha15 Kcnn4 Asph Akap5 Cbarp Jak3 Ccr1 Maged2 Pkd2l2 Slc9a5 Mmgt1 Nos3 Srl Bspry Slc39a8 Fgf2 Myb Kcnh4 Hfe Mettl21c Itgav Sik1 Letm2 Zmpste24 Trf Tpcn2 Ubash3b Cd4 Tmem38a Abcb8 Amigo1 Ramp1 Tmbim1"
"GOBP_EXCITATORY_SYNAPSE_ASSEMBLY",1.3437535053096,0.0937420178799489,0.781289050260796,17,0.575208358640347,5,"Lrrc4 Adgrl2 Sema4a Nrxn1 Il1rap"
"GOBP_NEGATIVE_REGULATION_OF_COAGULATION",1.34993997027329,0.093923364727132,0.781289050260796,15,0.591203592763013,6,"Angpt2 Tfpi Serpine2 Angpt1 Cd9 Gp1ba"
"GOBP_LUNG_MORPHOGENESIS",1.32226168512603,0.0944326990838619,0.78233268590614,34,0.497665406894211,8,"Spry2 Hmga2 Tmtc3 Spry1 Ext1 Rdh10 Plod3 Tnf"
"GOBP_REGULATION_OF_PROTEIN_TYROSINE_KINASE_ACTIVITY",1.34239364827408,0.0943718715663533,0.78233268590614,23,0.539000019518212,6,"Egf Zfyve28 Itgb3 Csf1r Cass4 Errfi1"
"GOBP_TYROSINE_PHOSPHORYLATION_OF_STAT_PROTEIN",1.33795807499664,0.0946596102958865,0.782621849018323,26,0.525761937803571,9,"Il15 Tnfsf18 Csf1r Il2 Socs1 Cntf Il12a Lck Cnot7"
"GOBP_RESPONSE_TO_MOLECULE_OF_BACTERIAL_ORIGIN",1.18109245563752,0.0949939686369119,0.783796388996059,244,0.37126840411567,64,"Ccr5 C1qtnf4 Gfi1 Gbp6 Nod2 Palm3 Sirpa Foxp3 Prdm1 Axl Ptger1 Ahr Gbp2 Cd55b Fzd5 Noct Nr1d1 Pde4d Tlr6 Mgst2 Abr Hpgd Ticam2 Gnrh1 Raet1d Plscr3 S100a8 Cxcl16 Tifab Ccl27a Nr1h3 Tnip3 Casp4 Scarb1 Slpi Nos3 Notch1 Lilrb4a Plscr1 Itgav Tnfaip3 Eif2ak2 Cd274 Capn2 Gstcd Il12a Pdcd1lg2 Casp7 Bcr Tnf Cebpb Trim30d Tnfrsf1b Tlr4 Adam9 Lta Star Trim30c Ppard Zfp709 Tbxa2r Adh5 Nfkbil1 Ptpn22"
"GOBP_ENDOTHELIAL_CELL_MIGRATION",1.2231452777711,0.0964974982130093,0.79219983505464,140,0.394159127381537,42,"Plekhg5 Rab13 Egf Pik3cb Angpt2 Sema4a Ager Plk2 Plxnd1 Itgb3 Pik3r3 Loxl2 Angpt1 Vegfa S100a2 Zfp580 Epha2 Efna1 Cdh5 Tgfbr3 Fstl1 S100a8 Itgb1 Pik3r2 Scarb1 Acvrl1 Nos3 Notch1 Fgf2 Itgav Rhob Tgfb1i1 Rgcc Gpld1 Tnf Ctnnd1 Ptk2 Tmem201 Dpp4 Tbxa2r Abcg2 Lgmn"
"GOBP_FATTY_ACID_ELONGATION",1.35539506823105,0.0965955147257498,0.79219983505464,10,0.646460064899392,2,"Elovl6 Hacd4"
"GOBP_REGULATION_OF_BMP_SIGNALING_PATHWAY",1.30707176911027,0.0962585034013605,0.79219983505464,45,0.47089462320404,13,"Eng Bambi Zfp423 Neo1 Crim1 Cdh5 Tgfbr3 Fstl1 Itga3 Rbpj Acvrl1 Notch1 Fstl3"
"GOBP_REGULATION_OF_RECEPTOR_SIGNALING_PATHWAY_VIA_STAT",1.28430663007017,0.097229825906055,0.795800743761205,61,0.445541747532364,13,"Egf Socs3 Hmga2 Gfra2 Il24 Socs1 Camk2a Socs2 Il7r Cdk5r1 Cntf Notch1 Gbp7"
"GOBP_ALPHA_BETA_T_CELL_PROLIFERATION",1.31324703493565,0.0978996499416569,0.796484976371644,36,0.489843289965216,6,"Il15 Zap70 Tnfsf18 Sh3rf1 Tnfrsf14 Cd55b"
"GOBP_GTP_METABOLIC_PROCESS",-1.32621595714638,0.0978698906160046,0.796484976371644,25,-0.412010698265587,5,"Ampd2 Nme7 Rhoq Mfn1 Nme3"
"GOBP_SPHINGOLIPID_METABOLIC_PROCESS",1.24778488117551,0.097864768683274,0.796484976371644,99,0.412399869642028,37,"St8sia6 Plpp1 Plekha8 Lct A3galt2 St6galnac6 Elovl6 Asah2 Hacd4 Degs2 Prf1 Cers6 Smpd5 Abca8b Acer2 Gla Pemt Atg7 Smpd4 Abca2 St3gal2 Casp7 Arv1 Zpbp2 Acer3 Sgpp1 Serinc1 Cln6 Crem Naglu Neu3 Galc Pla2g6 Sphk2 St6galnac4 Gm2a Plpp2"
"GOBP_ACUTE_PHASE_RESPONSE",1.34812255149624,0.0990654205607477,0.804363852999218,11,0.630732180571885,5,"Ccr5 F8 Saa3 Plscr1 Tnf"
"GOBP_EMBRYO_IMPLANTATION",1.31155556704292,0.100452383714186,0.814003809182949,37,0.486654574219548,16,"Smad3 Itgb3 Itgb4 Klf9 Vegfa Errfi1 Ggn Rxra Sod1 Ppard Acvr1b Mst1 Grn Cst3 Syde1 H2-Q7"
"GOBP_MAMMARY_GLAND_ALVEOLUS_DEVELOPMENT",1.34748316229917,0.101999459605512,0.824202198613213,10,0.642686455756132,4,"Egf Vegfa Socs2 Esr1"
"GOBP_NEGATIVE_REGULATION_OF_RECEPTOR_SIGNALING_PATHWAY_VIA_STAT",1.33522181436053,0.102115336187358,0.824202198613213,19,0.559057753239156,5,"Socs3 Hmga2 Socs1 Socs2 Gbp7"
"GOBP_PHAGOCYTOSIS_RECOGNITION",1.34110579222226,0.102523865568197,0.825864181928794,13,0.604589129162217,5,"Sirpa C2 Cfp Scarb1 Ighg3"
"GOBP_ERBB_SIGNALING_PATHWAY",1.24935412751938,0.103273495248152,0.830261867123211,88,0.417239855155871,17,"Abcb1b Nrg2 Spry2 Mvb12b Egf Hbegf Pigr Zfyve28 Rhbdf1 Errfi1 Ralb Spry1 Esr1 Nrg4 Rbpj Npr2 Hap1"
"GOBP_POSITIVE_T_CELL_SELECTION",1.30780971577186,0.103807429695637,0.832563071069947,38,0.483445166882534,4,"Zap70 Cd3d Tnfsf18 Foxp3"
"GOBP_REGULATORY_NCRNA_PROCESSING",1.29621746053351,0.103968253968254,0.832563071069947,45,0.466984175692139,18,"Tdrkh Exd1 Pnldc1 Tdrd7 Zmpste24 Tsnax Dgcr8 Ago4 Ddx3x Mettl3 Ago3 Spout1 Parn Dicer1 Ripk1 Nup155 Tut7 Zc3h7a"
"GOBP_POSITIVE_REGULATION_OF_COLLAGEN_METABOLIC_PROCESS",1.32986959746931,0.104625278258719,0.836181635652035,21,0.543285451304256,10,"Eng Creb3l1 Tgfb3 Wnt4 Serpinb7 Myb Rgcc Idua Acvr1b Suco"
"GOBP_NEGATIVE_REGULATION_OF_INTERLEUKIN_10_PRODUCTION",1.34130923224752,0.105068148736271,0.838077836103798,12,0.615481013401264,7,"Foxp3 Ager Tnfrsf21 Dll1 Jak3 Cd274 Pdcd1lg2"
"GOBP_ATRIOVENTRICULAR_VALVE_DEVELOPMENT",1.34005751139389,0.105473965287049,0.83967164552737,11,0.626958873520153,4,"Bmpr2 Lix1l Efna1 Notch1"
"GOBP_AUTONOMIC_NERVOUS_SYSTEM_DEVELOPMENT",1.3353933190524,0.107231594089185,0.847046468037828,13,0.602013866868104,5,"Nrp2 Egr2 Ackr3 Adarb1 Vcam1"
"GOBP_DNA_SYNTHESIS_INVOLVED_IN_DNA_REPAIR",-1.3891404962259,0.107157464212679,0.847046468037828,12,-0.527296344598342,8,"Pole Polh Pola1 Pold1 Wrn Rrm2b Sirt1 Pold4"
"GOBP_MULTICELLULAR_ORGANISMAL_LEVEL_IRON_ION_HOMEOSTASIS",1.32827140573749,0.106900025182574,0.847046468037828,19,0.556147615172881,9,"Neo1 Slc40a1 Ank1 Hyal2 Hfe Trf Eif2ak1 Hmox1 Naglu"
"GOBP_REGULATION_OF_VASCULATURE_DEVELOPMENT",1.20369250157082,0.10667479427004,0.847046468037828,156,0.38555162798973,33,"Cxcr3 Eng Pik3r6 Spry2 Creb3l1 Hmga2 Pik3cb Angpt2 Wnt4 Sema4a Plk2 Tlr3 Plxnd1 Cd59a Itgb3 Notch4 Vegfa Ecm1 Epha2 Efna1 Cdh5 Hspb6 Dll1 Vash2 Itgb1 Cybb Acvrl1 Nos3 Fgf2 Cd160 Hk2 Rhob Rgcc"
"GOBP_RETROGRADE_AXONAL_TRANSPORT",1.32487245526451,0.107535121328225,0.847801072599312,17,0.567126119030975,7,"Bsn Dst Kif1b Hap1 Tmem108 Rufy3 Sod1"
"GOBP_CHOLESTEROL_BIOSYNTHETIC_PROCESS_VIA_LATHOSTEROL",-1.34095020304087,0.109137055837563,0.848385488670412,20,-0.439198435404482,6,"Sqle Dhcr24 Tm7sf2 Acat2 Mvd Dhcr7"
"GOBP_GLIOGENESIS",1.18021589117755,0.107876712328767,0.848385488670412,214,0.373156181161863,67,"Hmga2 Egr2 Gpr157 App Ager Tnfrsf21 Ndrg1 Atxn1 Tenm4 Serpine2 Clcn2 Mmp14 Csf1r Itgb4 Mmp24 Plag1 Cd9 Ulk4 Plp1 Dmd Syne2 Nr1d1 Zfp365 Arsg Atf5 Dll1 S100a8 Ezh2 Lrp8 Sox5 Prx Cdk5r1 Cntf Cdkn2c Notch1 Fgf2 Myb Muc3a Abca2 Csf1 Abcc1 Ttc21b Tnf Sod1 Erbb3 Tnfrsf1b Tlr4 Ccdc39 Ptk2 Lta Hdac11 Prkci Mettl3 Arhgef10 Lef1 Psen1 Tspan2 Naglu Nf2 Ski Mxra8 Grn Ufl1 Sos1 Lamb2 Tspo C1qa"
"GOBP_HORMONE_BIOSYNTHETIC_PROCESS",1.30813779654062,0.109702641867077,0.848385488670412,31,0.499692200741993,15,"Cacna1h Wnt4 Cacna1a Clcn2 Scarb1 H6pd Rdh9 Hfe Hsd17b7 Hsd17b1 Star Igf1r Tspo Gh Ppargc1a"
"GOBP_MESODERM_DEVELOPMENT",1.28068083270559,0.108066126705869,0.848385488670412,55,0.450256438428344,20,"Smad3 Hmga2 Bmpr2 Itgb3 Nr4a3 Itgb4 Vegfa Acvr2a Epha2 Itga3 Ext1 Itgb1 Palb2 Snai1 Acvr1b Lef1 Cited2 Wls Nf2 Armc5"
"GOBP_MORPHOGENESIS_OF_A_POLARIZED_EPITHELIUM",1.3112580691932,0.10953516090584,0.848385488670412,29,0.50623711606218,11,"Dlg3 Wdpcp Rpgrip1l Syne4 Brsk2 Ttc8 Ctnnd1 Sh3bp1 Alms1 Vangl2 Intu"
"GOBP_NEGATIVE_REGULATION_OF_LOCOMOTION",1.18667338289507,0.108313106796116,0.848385488670412,189,0.37722624011016,44,"Sema6d Eng Srgap3 Mctp1 Mcc Egfl7 Cdh11 Adam15 S1pr2 Angpt2 Wnt4 Ager Gstp2 Tet1 Mitf Arap3 Il24 Tgfbr3 Abr Hyal2 Gnrh1 Magi2 Ccdc125 Pik3r2 Adarb1 Ccl25 Lima1 Rbpj Acvrl1 Eppk1 Notch1 Fgf2 Sap30l Rhob Rgcc Dbn1 Bcr Tnf Ctnna1 Bst2 Ptk2 Ppard Dpp4 Tbxa2r"
"GOBP_NEGATIVE_REGULATION_OF_LYMPHOCYTE_APOPTOTIC_PROCESS",1.30461776121852,0.111953560004739,0.848385488670412,31,0.498347591480309,7,"Cd27 Tnfrsf4 Il2 Serpinb9 Efna1 Il7r Jak3"
"GOBP_NEGATIVE_REGULATION_OF_PHAGOCYTOSIS",1.32199452617655,0.111462150890939,0.848385488670412,18,0.558855144206814,5,"Sirpa Pip4p2 Atg7 Plscr1 Appl1"
"GOBP_NEGATIVE_REGULATION_OF_STRESS_FIBER_ASSEMBLY",-1.34242662079499,0.112015318334131,0.848385488670412,18,-0.451233899791867,3,"Tacstd2 Stmn1 S1pr1"
"GOBP_NEGATIVE_REGULATION_OF_VIRAL_PROCESS",1.27733850718404,0.110410443633145,0.848385488670412,56,0.448039192257856,16,"Ifitm3 Hmga2 Isg15 Ifih1 Rnasel Trim62 Oas3 Slpi Isg20 Plscr1 Eif2ak2 Ifitm2 Tnf Ifit1 Bst2 Oasl2"
"GOBP_NEUTROPHIL_MEDIATED_CYTOTOXICITY",1.33368118314207,0.112016021361816,0.848385488670412,11,0.6239756466482,3,"Dnase1 Dao Trem1"
"GOBP_OSTEOBLAST_PROLIFERATION",1.32323766930963,0.10970625798212,0.848385488670412,17,0.566426331054893,8,"Smad3 Ahr Itgb3 Itgav Eif2ak2 Atraid Igf1r Ift80"
"GOBP_POSITIVE_REGULATION_OF_CELL_MATRIX_ADHESION",1.28732361356504,0.111891279728199,0.848385488670412,46,0.462424953155256,11,"Smad3 Wnt4 Itgb3 Vegfa Efemp2 Dmd Trem1 Ccl25 Utrn Csf1 Prkcz"
"GOBP_REGULATION_OF_ACUTE_INFLAMMATORY_RESPONSE",1.31903188935246,0.11218836565097,0.848385488670412,19,0.552279027035932,6,"Fcer1g Ccr5 Dnase1 Alox5ap Ffar2 Ighg3"
"GOBP_REGULATION_OF_ASTROCYTE_DIFFERENTIATION",1.32060753634347,0.111180278884462,0.848385488670412,20,0.54604293721902,6,"Hmga2 Serpine2 Csf1r Nr1d1 Atf5 Notch1"
"GOBP_REGULATION_OF_MORPHOGENESIS_OF_AN_EPITHELIUM",1.32224059343368,0.108749078397641,0.848385488670412,22,0.535459808301864,10,"Maged1 Egf Wnt4 Vegfa Stox1 Esr1 Rxra Fgf2 Tnf Ctnnd1"
"GOBP_RESPONSE_TO_INTERLEUKIN_2",1.33609285971356,0.108640995103877,0.848385488670412,12,0.613087398136198,3,"Il2ra Il2 Jak3"
"GOBP_SEMI_LUNAR_VALVE_DEVELOPMENT",1.33210133311324,0.110108539296456,0.848385488670412,13,0.600529793856331,6,"Bmpr2 Efna1 Rbpj Nos3 Notch1 Tnfrsf1b"
"GOBP_SPHINGOID_METABOLIC_PROCESS",1.32202399088349,0.111462150890939,0.848385488670412,18,0.558867600009557,12,"Plpp1 Asah2 Degs2 Acer2 Abca2 Acer3 Sgpp1 Sphk2 Plpp2 Agk Sgpp2 Sptlc1"
"GOBP_SYNAPTIC_SIGNALING",1.13551385192069,0.1109443777511,0.848385488670412,403,0.351709076883166,115,"Fabp5 Bsn Mctp1 Mgll Syp Lrrc4 Dlg3 Iqsec2 Cdh11 S1pr2 Celf4 Cacna2d2 Ly6c2 Grin2d Mapk8ip2 App Akap7 Ager Plk2 Clstn1 Cacna1a Colq Atxn1 Serpine2 Rasgrf2 Begain Neo1 Gnao1 Prkar2a Agrn Slc7a11 Unc13b Nrxn1 Lin7b Dmd Grik5 Dlg4 Chrnb1 Kiss1r Ctbp2 Aph1b Neurl1a Nefh Best1 Kcnc3 Abr Chrna2 Camk2a Ext1 Anxa9 Ezh2 Cav2 Lrp8 Cask Itgb1 Hrh2 Myo6 Akap5 Adarb1 Lynx1 Utrn Cdk5r1 Itpka Hspg2 Il1rap Gnal Kif1b Notch1 Npr2 Hap1 Prr7 Nrgn Snap47 Dbn1 Slc29a1 Tmem108 Sorbs2 Stxbp5 Prkcz Anks1b Bcr Mctp2 Tnf Apba3 Mapt Dvl1 Pak1 Fchsd1 Stx3 Ptk2 Cpeb3 Farp1 Cplx2 Star Rab3gap2 Zdhhc3 Cacnb4 Micu3 Fbxo45 Lgmn Igf1r Cyfip1 Gphn Psen1 Tor1a Plcl1 Cln3 Usp14 Nrxn2 Crtc1 Pla2g6 Plcg1 Camk2d Arc Mapk9"
"GOBP_TRNA_PROCESSING",-1.1494054500596,0.111940298507463,0.848385488670412,129,-0.261355600871545,32,"Osgepl1 Thg1l Pyroxd1 Prorp Dtwd2 Dus2 Nsun4 Mettl8 Tsen15 Pus7 Ftsj1 Trmu Thada Trmt44 Dtwd1 Pop1 Rpusd4 Angel2 Tsen54 Elp3 Nemf Dph3 Rpp14 Gtpbp3 Cdk5rap1 Nsun2 Pus1 Ankrd16 Rpp38 Dus1l Rtcb Mtfmt"
"GOBP_TRNA_THREONYLCARBAMOYLADENOSINE_METABOLIC_PROCESS",-1.36307406523712,0.110036832412523,0.848385488670412,17,-0.464548364556595,5,"Osgepl1 Mettl8 Rpusd4 Gtpbp3 Cdk5rap1"
"GOBP_POSITIVE_REGULATION_OF_HEMOPOIESIS",1.19763798749237,0.112872091841918,0.851975271014182,157,0.383447575194776,31,"Il15 Zap70 Il2ra Zbtb46 Pik3r6 Cd27 Car2 Foxp3 Prdm1 Ager Axl Il15ra Mmp14 Itgb3 Csf1r Il2 Klf10 Shb Socs1 Fes Il7r Ccr1 Tnfsf9 Cd46 Cd101 Il12a Csf1 Cd4 Rptor Prkcz Tnf"
"GOBP_TRANSFORMING_GROWTH_FACTOR_BETA_PRODUCTION",1.31846022399837,0.113409961685824,0.854452872146798,17,0.56438129343071,7,"Smad3 Foxp3 Serpinb7 Laptm4b Myb Itgav Cd46"
"GOBP_BIOLOGICAL_PROCESS_INVOLVED_IN_INTERACTION_WITH_HOST",1.22646932032404,0.115416753707959,0.855142255041143,102,0.404433325754364,27,"Gbp6 Chmp4c Nectin1 Axl Tnfrsf14 Gbp2 Itgb3 Cd55b Trim62 Hyal2 Clec4g Cav2 Naip5 Scarb1 Cd209d Slc7a1 Plscr1 Gbp7 Itgav Gbp9 Tpcn2 Fuca2 Cd4 Trim30d Icam1 Trim30c Dpp4"
"GOBP_CELLULAR_RESPONSE_TO_EXOGENOUS_DSRNA",1.32722634908331,0.113739763421292,0.855142255041143,14,0.589151799148984,6,"Ifih1 Tlr3 Oas3 Raet1d Zcchc3 Pqbp1"
"GOBP_COCHLEA_DEVELOPMENT",1.31654374314751,0.11439384690514,0.855142255041143,23,0.528620724751973,7,"Myo3b Ccna2 Nectin1 Rpgrip1l Tifab Dvl1 Myo7a"
"GOBP_GENITALIA_DEVELOPMENT",1.31445173389266,0.115336187358348,0.855142255041143,19,0.550361314642903,7,"Tcf7 Axl Greb1l Tifab Klhl10 Esr1 Npr2"
"GOBP_NUCLEUS_LOCALIZATION",1.29558349590117,0.115809255344139,0.855142255041143,34,0.48762442026869,13,"Lmna Dmd Syne2 Cdc42bpa Pabpc1l Ntn1 Tacc3 Dock7 Ptk2 Tmem201 Lmnb2 Tacc2 Syne3"
"GOBP_POSITIVE_REGULATION_OF_OSTEOCLAST_DIFFERENTIATION",1.31499514045391,0.115370528628983,0.855142255041143,23,0.527998927350628,8,"Car2 Itgb3 Csf1r Klf10 Ccr1 Csf1 Rptor Tnf"
"GOBP_REGULATION_OF_EPITHELIAL_CELL_PROLIFERATION",1.17702407103734,0.115679935340473,0.855142255041143,198,0.3733053516294,39,"Cxcr3 Eng Cdkn1c Mcc Maged1 Egfl7 Egf Nod2 Smad3 Hmga2 Tgfb3 Ager Kif3a Ift122 Rap1gap Ahr Itgb3 Nr4a3 Apln Klf9 Nrarp Vegfa Errfi1 Zfp580 Ecm1 Nr1d1 Tgfbr3 Ccnd2 Cav2 Cask Vash2 Esr1 Hspg2 Birc5 Acvrl1 Eppk1 Notch1 Fgf2 Sulf2"
"GOBP_RESPONSE_TO_TRANSFORMING_GROWTH_FACTOR_BETA",1.18886373758855,0.115310568446651,0.855142255041143,171,0.37927399717442,52,"Eng Cdkn1c Spry2 Wnt10a Smad3 Tgfb3 Wnt4 Bambi Tet1 Pbld1 Zfyve9 Lrrc25 Cdh5 Tgfbr3 Spry1 Itga3 Hpgd Hyal2 Cav2 Sox5 Itgb1 Ccr1 Spred2 Acvrl1 Nos3 Sap30l Tgfb1i1 Rgcc Dbn1 Appl1 Pmepa1 Fut8 Tab1 Apaf1 Adam9 Ptk2 Star Abcg2 Smad5 Ints9 Igf1r Ing2 Selenon Cited2 Appl2 Ski Ldlrad4 Gipc1 Cflar Snx25 Pin1 Ppargc1a"
"GOBP_SECONDARY_ALCOHOL_METABOLIC_PROCESS",-1.17815259121566,0.115062761506276,0.855142255041143,96,-0.280767499243211,17,"Sqle Gpr146 Dhcr24 Gba2 Cyp27a1 Tm7sf2 Acat2 Stard4 Mbtps2 Mttp G6pdx Cat Apoe Soat1 Erlin2 Abcg1 Mvd"
"GOBP_T_CELL_APOPTOTIC_PROCESS",1.2831423655652,0.115062287655719,0.855142255041143,46,0.460922989398758,8,"Il2ra Cd27 Tnfrsf4 Bbc3 Serpinb9 Efna1 Il7r Jak3"
"GOBP_WNT_SIGNALING_PATHWAY_PLANAR_CELL_POLARITY_PATHWAY",1.32018832901172,0.114952909302026,0.855142255041143,15,0.57817391915399,6,"Znrf3 Plekha4 Spef1 Mks1 Mllt3 Dvl1"
"GOBP_DENDRITIC_SPINE_MORPHOGENESIS",1.26886676882491,0.116387440363919,0.857857517040385,55,0.446102899005847,18,"Smad3 Xlr3b Marcks Caprin2 Arhgap33 Dlg4 Efna1 Zfp365 Lrp8 Cask Cdk5r1 Itpka Srcin1 Dbn1 Abi2 Dvl1 Dip2a Tanc2"
"GOBP_CELLULAR_RESPONSE_TO_UV_B",1.32706599453876,0.11762349799733,0.859347467241857,11,0.620880666649511,4,"Nlrp1b Map3k20 Cdkn1a Hyal2"
"GOBP_INNERVATION",1.32022106544682,0.118697895990472,0.859347467241857,12,0.605804373621845,8,"Serpine2 Unc13b Adarb1 Sulf2 Npr2 Vcam1 Lrig2 Fbxo45"
"GOBP_INNER_EAR_RECEPTOR_CELL_DEVELOPMENT",1.29217149723553,0.117681705736836,0.859347467241857,33,0.488737005890309,16,"Myo3b Tmc1 Kif3a Wdpcp Lhfpl5 Mks1 Ttc8 Whrn Sod1 Myo7a Naglu Ift88 Sdc4 Dicer1 Alms1 Vangl2"
"GOBP_NEGATIVE_REGULATION_OF_DEFENSE_RESPONSE",1.191009572022,0.118219608638345,0.859347467241857,166,0.380422795534959,29,"Il2ra Socs3 Nod2 Smad3 Dtx4 Ttll12 Nlrx1 Isg15 Sirpa Foxp3 Klrd1 Ahr Metrnl Nr4a3 Il2 Serpinb9 Cd276 Nr1d1 Cdh5 Abr Oas3 Mfhas1 Dcst1 Nr1h3 Ccr1 Nt5e Slc39a8 Nlrc5 Tnfaip3"
"GOBP_NEUROMUSCULAR_JUNCTION_DEVELOPMENT",1.27857605116711,0.118573046432616,0.859347467241857,46,0.459282704314747,16,"Cacna2d2 App Colq Agrn Unc13b Lin7b Ppfibp2 Zc4h2 Utrn Ppfibp1 Sorbs2 Dvl1 Pak1 Erbb3 Cacnb4 Gphn"
"GOBP_POSITIVE_REGULATION_OF_ACTIVATED_T_CELL_PROLIFERATION",1.31053310067128,0.118484009065727,0.859347467241857,19,0.548720581799152,6,"Il2ra Il12rb1 Ager Il2 Jak3 Tnfsf9"
"GOBP_POSITIVE_REGULATION_OF_TRANSMEMBRANE_RECEPTOR_PROTEIN_SERINE_THREONINE_KINASE_SIGNALING_PATHWAY",1.26007370960758,0.116938574400526,0.859347467241857,61,0.437135049725215,15,"Eng Cdkn1c Smad3 Bmpr2 Tgfb3 Zfp423 Neo1 Acvr2a Cdh5 Tgfbr3 Rbpj Acvrl1 Notch1 Hfe Tgfb1i1"
"GOBP_REGULATION_OF_CHONDROCYTE_DIFFERENTIATION",1.3123813280267,0.11735079325107,0.859347467241857,19,0.549494435118267,6,"Smad3 Maf Loxl2 Trps1 Chadl Sox5"
"GOBP_RESPONSE_TO_GROWTH_FACTOR",1.13077739017245,0.118459229614807,0.859347467241857,400,0.350313123654619,97,"Ndnf Eng Tmem100 Cdkn1c Spry2 Wnt10a Frs3 Creb3l1 Smad3 Nrp2 Ccna2 Bmpr2 Tgfb3 Pik3cb Angpt2 Wnt4 Rap1gap Cd59a Bambi Itgb3 Tet1 Zfp423 Neo1 Pbld1 Apln Angpt1 Crim1 Vegfa Zfyve9 Nrxn1 Errfi1 Dmd Acvr2a Lrrc25 Epha2 Cdh5 Tgfbr3 Fstl1 Spry1 Itga3 Hpgd Hyal2 Rgmb Magi2 Dll1 Ext1 Kcnc1 Cav2 Pde8a Cask Sox5 Itgb1 Ccr1 Spred2 Rbpj Acvrl1 Nos3 Notch1 Fgf2 Sulf2 Npr2 Hap1 Hfe Ndst1 Sap30l Fstl3 Tgfb1i1 Rgcc Dbn1 Fgfbp3 Il12a Appl1 Pmepa1 Tmem108 Fut8 Shcbp1 Tab1 Tlr4 Knstrn Apaf1 Adam9 Ptk2 Star Fgf20 Abcg2 Smad5 Ints9 Acvr1b Lgmn Igf1r Ing2 Cyfip1 Akt1s1 Lef1 Selenon Cited2 Appl2"
"GOBP_RESPONSE_TO_PLATELET_DERIVED_GROWTH_FACTOR",1.31108783038249,0.118422659015993,0.859347467241857,23,0.526430058034637,4,"Smad3 Ccna2 Itgb3 Errfi1"
"GOBP_SARCOPLASMIC_RETICULUM_CALCIUM_ION_TRANSPORT",1.31169985215118,0.119297358776697,0.862156089315275,18,0.554503211257704,7,"Ccr5 Dmd Pde4d Tmem38b Mettl21c Zmpste24 Tmem38a"
"GOBP_INTERLEUKIN_17_PRODUCTION",1.29641810601663,0.119594997022037,0.862777359047473,30,0.498370030903557,4,"Il15 Nod2 Foxp3 Il2"
"GOBP_DEVELOPMENTAL_GROWTH",1.12174321678219,0.120660330165083,0.867462005565925,452,0.346866401726926,138,"Sema6d Abcb1b Ccr5 Cdkn1c Spry2 Mgll Raph1 Smad3 Adam15 Hmga2 Cacna2d2 Nrp2 Bmpr2 Cdkn1a H2-Q2 Xrcc2 Tmtc3 Hbegf App Cit Colq Tenm4 Selenom Ahr Flt3 Sema7a Csf1r Fgf13 Vegfa Plag1 Cd9 Wwc1 Agrn Lin7b Dmd Ecm1 Tgfbr3 Map2 Pde4d Tmem38b Spry1 Impact Atf5 Rgs2 Ccnd2 Socs2 Dll1 Ext1 Fes Ncapg2 Ezh2 Atg7 Itgb1 Bbs4 Cdk1 Cdkl3 Fbxw10 Adarb1 Ntn1 Esr1 Rbpj Rxra Gpr21 Palb2 Eppk1 Notch1 Fgf2 Ttc8 Npr2 Rdh10 Gpat4 Poc1a Zmpste24 Dbn1 Csf1 Abcc1 Tmem108 Sorbs2 Prkcz Rufy3 Ercc5 Mapt Dvl1 Nbn Pak1 Sod1 Tlr4 Slc23a2 Gins3 Ccnb1 Gas2 Mbd5 Ptk2 Rnf157 Fgf20 Rasal1 Prmt2 Ppard Abcg2 Lgmn Igf1r Ifrd1 Cyfip1 Bin3 Sco1 Selenon Mustn1 Golga4 Cited2 C9orf72 Lzts2 Mst1 Pelo Ift80 Wdr11 Camk2d Ptch1 Aspm Sos1 Plekha1 Lamb2 Cflar Rc3h2 Gpam Dusp6 Rasal2 Sirt6 Jade2 Pin1 Atrn Scaper Mycbp2 Ptprs Dicer1 Alms1 Nfix Bbs2 Hdac2"
"GOBP_NEGATIVE_REGULATION_OF_RESPONSE_TO_WOUNDING",1.27664663903798,0.12067000911577,0.867462005565925,43,0.462968678787472,16,"Smad3 Angpt2 Tfpi Wnt4 Serpine2 Neo1 Angpt1 Cd9 Gp1ba Rtn4rl1 Cask Eppk1 Fgf2 Ubash3b Tnf Lrig2"
"GOBP_ESTABLISHMENT_OF_PROTEIN_LOCALIZATION_TO_VACUOLE",-1.20062438270097,0.121495327102804,0.868798163633382,56,-0.310888023876774,11,"Vps25 Irgm2 Smurf1 Vps37c Nedd4 Pik3r4 Vps54 Ap3d1 Ate1 Hdac6 Vps13d"
"GOBP_ORGANIC_ACID_TRANSPORT",1.18777076847069,0.121464057588969,0.868798163633382,166,0.379388282689618,64,"Fabp5 Abcb1b Slco2a1 Slc6a13 Pla2g4a Slc25a13 Cacna1a Slc7a7 Slc16a11 Slc27a1 Abcb4 Slc27a3 Slc7a11 Kiss1r Slc6a20b Repin1 Best1 Per2 Slc10a1 Rgs2 Slc36a4 Slc46a1 Slc25a15 Slco4a1 Abcc4 Itgb1 Hrh2 Slc16a4 Myo6 Slc19a1 Slc16a13 Slc7a1 Slc27a4 Abcc1 Cpt1b Emb Slc25a1 Slc36a3 Tnf Lrrc8b Arv1 Pak1 Slc23a2 Ctns Slc43a1 Ppard Pnpla8 Abcg2 Cacnb4 Slc25a20 Selenon Psen1 Slc43a2 Cln3 Slc7a6 Arhgef11 Pla2g6 Mapk9 Mfsd12 Slc43a3 Slc26a11 Gipc1 Slc26a1 Ttyh2"
"GOBP_PROSTANOID_METABOLIC_PROCESS",1.30355173695052,0.121241279769064,0.868798163633382,26,0.512241676367951,12,"Fabp5 Pla2g4a Gstp2 Hpgd Ptges3l Prxl2b Acox1 Pnpla8 Gstm1 Sco1 Mapk9 Ptgr2"
"GOBP_MAPK_CASCADE",1.1179812063794,0.122061030515258,0.869923633574549,468,0.345556015748728,95,"Dok2 Timp2 Zap70 Ccr5 Pik3r6 Cd27 Spry2 Maged1 Nphs1 Tnfrsf19 Egf Nod2 Smad3 Map3k20 Tgfb3 Sirpa Pik3cb Mapk8ip2 App Wnt4 Ager Gstp2 Tlr3 Sh3rf1 Map3k15 Itgb3 Sema7a Fktn Csf1r Fgf13 Angpt1 Vegfa Wwc1 Fzd5 Mbip Lat Nrxn1 Ulk4 Errfi1 Dmd Kiss1r Epha2 Dbndd2 Efna1 Ackr3 Tgfbr3 Tlr6 Spry1 Cryba1 Map3k12 Tlr7 Nox1 Mfhas1 Rgs2 Mdfic Ezh2 Cav2 Pde8a Naip5 Kcnn4 Pik3r2 Ccr1 Esr1 Ksr1 Spred2 Il1rap Cntf Uchl1 Cdon Apip Trib3 Sorbs3 Notch1 Fgf2 Foxm1 Npr2 Nampt Ndst1 Itgav Eif2ak2 Rell2 Fgfbp3 Cd4 Vrk2 Prkcz Tnf Tab1 Nqo2 Trim30d Pak1 Sod1 Erbb3 Tlr4 Adam9 Icam1"
"GOBP_POSITIVE_REGULATION_OF_PROTEIN_DEPOLYMERIZATION",-1.35584406274832,0.122292993630573,0.869923633574549,13,-0.503488626964527,2,"Carmil1 Sema5a"
"GOBP_TROPHOBLAST_CELL_MIGRATION",1.31439062313267,0.12227017130901,0.869923633574549,13,0.592545559662359,3,"Smad3 Itgb4 Vegfa"
"GOBP_ADULT_WALKING_BEHAVIOR",1.29294187954037,0.127601052379813,0.870526815377314,28,0.501561823901285,11,"Cacna1a Dmrt3 Ulk4 Atg7 Uchl1 Zmpste24 Mapt Idua Ctns Cacnb4 Scn8a"
"GOBP_APOPTOTIC_DNA_FRAGMENTATION",-1.32912707096808,0.127054642381164,0.870526815377314,15,-0.472330272245452,6,"Dffb Exog Vps54 Aifm1 Dnase1l3 Blvra"
"GOBP_CARDIAC_SEPTUM_MORPHOGENESIS",1.28709861002121,0.126503871351995,0.870526815377314,30,0.494787423189514,8,"Eng Nrp2 Bmpr2 Tgfbr3 Dhrs3 Rbpj Nos3 Notch1"
"GOBP_CELLULAR_RESPONSE_TO_INTERFERON_ALPHA",1.30991034845705,0.128168464838165,0.870526815377314,14,0.581465278360674,6,"Axl Ifit1bl2 Ro60 Ifit2 Ifit1 Star"
"GOBP_CORONARY_VASCULATURE_DEVELOPMENT",1.27755279046143,0.127679512709383,0.870526815377314,35,0.479031983437183,12,"Prdm1 Plxnd1 Apln Angpt1 Vegfa Tgfbr3 Rxra Notch1 Fgf2 Ndst1 Tab1 Abcg2"
"GOBP_DENDRITIC_CELL_MIGRATION",1.29847899002534,0.127171996978091,0.870526815377314,19,0.543673522245051,5,"Tnfsf18 Asb2 Slamf9 Trpm4 Ext1"
"GOBP_HOST_MEDIATED_SUPPRESSION_OF_VIRAL_PROCES",1.31811523525282,0.127533099162389,0.870526815377314,10,0.628679327894057,1,"Hmga2"
"GOBP_HOST_MEDIATED_SUPPRESSION_OF_VIRAL_TRANSCRIPTION",1.31811523525282,0.127533099162389,0.870526815377314,10,0.628679327894057,1,"Hmga2"
"GOBP_INTRACILIARY_TRANSPORT",1.27979680661611,0.12545390652454,0.870526815377314,35,0.47987340112064,19,"Ift122 Wdpcp Lca5 Wdr19 Klc3 Bbs12 Ttc21b Ift81 Wdr35 Ift140 Cluap1 Arl3 Ift57 Ift80 Ift88 Cep131 Rpgr Ift22 Intu"
"GOBP_LEFT_RIGHT_AXIS_SPECIFICATION",1.31978317314241,0.124966225344501,0.870526815377314,10,0.629474856269232,4,"Pkd1l1 Dll1 Mns1 Notch1"
"GOBP_LEUKOCYTE_ADHESION_TO_VASCULAR_ENDOTHELIAL_CELL",1.28310047479602,0.125574272588055,0.870526815377314,33,0.485306080229953,10,"Sele Gp1ba Ext1 Itgb1 Ccl25 Slc39a8 Zdhhc21 Vcam1 Tnf Icam1"
"GOBP_MUSCLE_CELL_DIFFERENTIATION",1.14630971325803,0.128395309211186,0.870526815377314,279,0.358679786915337,78,"Eng Nphs1 Cacna2d2 Lmna Asb2 Tmtc3 Wnt4 Camk1 Mmp14 Tmod1 Neb Notch4 Neo1 Fktn Csf1r Vegfa Cd9 Efemp2 Tnpo2 Dmd Mtln Chrnb1 Greb1l Bhlhe41 Myom1 Sgcb Rgs2 Ccnd2 Dll1 Tmod4 Mybpc2 Ezh2 Cav2 Atg7 Itgb1 Bhlha15 Cdk1 Tanc1 Uchl1 Cdon Rxra Notch1 Plpp7 Nid1 Sik1 Zmpste24 Rcan1 Capn2 Sorbs2 Casp7 Nebl Actn1 Svil Pak1 Ccnb1 Abcg2 Cacnb4 Thra Ifrd1 Bin3 Selenon Dcaf8 Naglu Ski Camk2d Arrdc2 Ift88 Trim32 Smarca2 Lamb2 Cflar Sirt6 Pin1 Csrp1 Znhit1 Dicer1 Hdac2 Vangl2"
"GOBP_NEGATIVE_REGULATION_OF_CELL_DIFFERENTIATION",1.12973509681218,0.126663331665833,0.870526815377314,381,0.350438642850402,74,"Sema6d Zbtb46 Ccr5 Gfi1 Spry2 Smad3 Hmga2 Tnfsf18 Foxp3 Tjp2 App Wnt4 Cit Rap1gap Ahr Bambi Itgb3 Flt3 Notch4 Csf1r Fgf13 Il2 Nrarp Clec2g Crim1 Tmem176b Vegfa Tnpo2 Dmd Noct Gorasp1 Efna1 Nr1d1 Bhlhe41 Tgfbr3 Map2 Shb Spry1 Tmem176a Trim62 Socs1 Fuom Nox1 Atf5 Rgs2 Lag3 Trpm4 Ccnd2 Dll1 Chadl Ezh2 Itgb1 Bhlha15 Jdp2 Cdkl3 Ntn1 Jak3 Spred2 Cntf Rbpj Acvrl1 Trib3 Notch1 Myb Npr2 Lilrb4a Nepro Itgav Plpp7 Fstl3 Rcan1 Tgfb1i1 Bbs12 Ubash3b"
"GOBP_NEGATIVE_REGULATION_OF_CELL_MATRIX_ADHESION",1.30086002230447,0.125786955426845,0.870526815377314,19,0.544670461137184,5,"Adam15 Mmp14 Acer2 Cask Acvrl1"
"GOBP_NEGATIVE_REGULATION_OF_EPITHELIAL_CELL_PROLIFERATION",1.24105142872426,0.122623371074557,0.870526815377314,78,0.418967191803795,15,"Cxcr3 Eng Cdkn1c Mcc Maged1 Ager Ift122 Rap1gap Ahr Klf9 Tgfbr3 Cav2 Cask Acvrl1 Eppk1"
"GOBP_NEUROINFLAMMATORY_RESPONSE",1.2549778684239,0.125494071146245,0.870526815377314,59,0.436946077897693,16,"App Ager Tlr3 Csf1r Ulk4 Nr1d1 Tlr6 Itgb1 Kcnn4 Ccr1 Cntf Nampt Tnf Tnfrsf1b Tlr4 Ccdc39"
"GOBP_NK_T_CELL_DIFFERENTIATION",1.31101832312964,0.1279608310176,0.870526815377314,12,0.601581549360835,2,"Prdm1 Itk"
"GOBP_OVULATION_CYCLE",1.27802478212349,0.127994445087374,0.870526815377314,38,0.47243486313225,15,"Car2 Pla2g4a Axl Pde4d Gnrh1 Esr1 Nos3 Notch1 Npr2 Afp Gas2 Igf1r Plekha1 Scaper Nrip1"
"GOBP_POSITIVE_REGULATION_OF_INTERFERON_ALPHA_PRODUCTION",1.29979962625155,0.123408898048248,0.870526815377314,24,0.517887603283851,7,"Ifih1 Tlr3 Flt3 Tlr7 Tlr4 Ddx3x Ptpn22"
"GOBP_REGULATION_OF_CHOLESTEROL_METABOLIC_PROCESS",-1.24891950280514,0.128571428571429,0.870526815377314,32,-0.368396468790507,7,"Gpr146 Stard4 Mbtps2 Apoe Erlin2 Abcg1 Dhcr7"
"GOBP_REGULATION_OF_G_PROTEIN_COUPLED_RECEPTOR_SIGNALING_PATHWAY",1.22586864664765,0.127305300874697,0.870526815377314,89,0.408799152378098,18,"Mgll Syp Rgs1 App Slc39a14 Itgb3 Apln Nrxn1 Ulk4 Grk5 Rgs12 Pde4d Camk2a Rgs2 Rpgrip1l Rgs18 Cav2 Itgb1"
"GOBP_REGULATION_OF_LIPOPROTEIN_METABOLIC_PROCESS",1.31032978004238,0.128490141590578,0.870526815377314,12,0.601265600445458,6,"Itgb3 Svip Pemt Itgav Rabl3 Rab3gap2"
"GOBP_REGULATION_OF_NUCLEOTIDE_BINDING_DOMAIN_LEUCINE_RICH_REPEAT_CONTAINING_RECEPTOR_SIGNALING_PATHWAY",1.31535859949842,0.123461691147281,0.870526815377314,12,0.603573154006264,11,"Peli3 Hspa1b Tnfaip3 Slc15a3 Tlr4 Nagk Ptpn22 Slc46a2 Hspa1a Slc15a4 Erbin"
"GOBP_REGULATION_OF_NUCLEOTIDE_BINDING_OLIGOMERIZATION_DOMAIN_CONTAINING_2_SIGNALING_PATHWAY",1.31735002049514,0.128073493650365,0.870526815377314,10,0.628314356238554,10,"Peli3 Hspa1b Tnfaip3 Slc15a3 Tlr4 Nagk Ptpn22 Hspa1a Slc15a4 Erbin"
"GOBP_REGULATION_OF_SYSTEMIC_ARTERIAL_BLOOD_PRESSURE_BY_HORMONE",1.30554374766779,0.125287356321839,0.870526815377314,17,0.558852254719241,5,"Corin Rps6ka2 Nox1 Kcnn4 Nos3"
"GOBP_REGULATION_OF_TRANSMEMBRANE_RECEPTOR_PROTEIN_SERINE_THREONINE_KINASE_SIGNALING_PATHWAY",1.19791907775462,0.124770455009182,0.870526815377314,141,0.385687730209017,30,"Eng Cdkn1c Spry2 Smad3 Bmpr2 Tgfb3 Bambi Tet1 Zfp423 Neo1 Pbld1 Crim1 Zfyve9 Acvr2a Cdh5 Tgfbr3 Fstl1 Spry1 Itga3 Magi2 Cav2 Spred2 Rbpj Acvrl1 Notch1 Hfe Sap30l Fstl3 Tgfb1i1 Pmepa1"
"GOBP_RELEASE_OF_SEQUESTERED_CALCIUM_ION_INTO_CYTOSOL_BY_ENDOPLASMIC_RETICULUM",1.30364885152179,0.127841634738186,0.870526815377314,17,0.558041123736045,6,"Ccr5 Dmd Pde4d Tmem38b Mettl21c Tmem38a"
"GOBP_SYNAPSE_MATURATION",1.29695017123785,0.125932162617272,0.870526815377314,26,0.509647535305917,6,"Nrg2 Clstn1 Sema7a Nrxn1 Neurl1a Igsf9"
"GOBP_VASCULAR_ASSOCIATED_SMOOTH_MUSCLE_CELL_DIFFERENTIATION",1.30223777008733,0.125031478217074,0.870526815377314,19,0.545247324525521,5,"Eng Vegfa Efemp2 Sgcb Notch1"
"GOBP_CAMERA_TYPE_EYE_PHOTORECEPTOR_CELL_DIFFERENTIATION",1.3018379596391,0.129660688943362,0.871152296758271,15,0.570137410464329,7,"Cabp4 Samd11 Rpgrip1l Prom1 Bbs4 Bbs10 Ttc8"
"GOBP_CELLULAR_COMPONENT_ASSEMBLY_INVOLVED_IN_MORPHOGENESIS",1.24130329890777,0.132352941176471,0.871152296758271,65,0.427662838536114,27,"Chn2 Spaca1 Tenm4 Tmod1 Neb Itgb4 Cd9 Rfx2 Myom1 Epb41l3 Tmod4 Mybpc2 Itgb1 Prx Zpbp Abca2 Nebl Cep70 Zpbp2 Dcaf17 Acrbp Cep78 Sec23ip Cflar Csrp1 Dicer1 Hdac2"
"GOBP_CELL_FATE_COMMITMENT",1.20454291314776,0.128918779099845,0.871152296758271,117,0.39289162106243,21,"Gfi1 Spry2 Wnt10a Tnfsf18 Bmpr2 Foxp3 Prdm1 Wnt4 Tenm4 Fgf13 Dmrt3 Mitf Dll1 Ext1 Sox5 Itgb1 Jak3 Rbpj Cdon Notch1 Fgf2"
"GOBP_COCHLEA_MORPHOGENESIS",1.31161992800115,0.132666846798163,0.871152296758271,10,0.625581370076536,4,"Myo3b Nectin1 Tifab Dvl1"
"GOBP_CYTOPLASM_ORGANIZATION",1.31241229327356,0.132531748176169,0.871152296758271,10,0.625959291257916,6,"Tdrkh Tdrd7 Etv6 Fosl1 Naglu Sos1"
"GOBP_DENDRITE_MORPHOGENESIS",1.20197283353823,0.131233866804337,0.871152296758271,120,0.391239888777844,34,"Smad3 Mapk8ip2 Cit Xlr3b Cacna1a Marcks Numbl Tet1 Caprin2 Arhgap33 Dlg4 Gorasp1 Efna1 Celsr2 Camk2a Zfp365 Lrp8 Cask Atg7 Itgb1 Akap5 Cdkl3 Cdk5r1 Itpka Srcin1 Ankrd27 Dbn1 Abi2 Dvl1 Ss18l1 Pqbp1 Dip2a Tanc2 Farp1"
"GOBP_LIMBIC_SYSTEM_DEVELOPMENT",1.23568727127542,0.132618815632781,0.871152296758271,68,0.42337159351849,22,"Ndnf Nrp2 Kif3a Nr4a3 Csf1r Fgf13 Lrp8 Bbs4 Cdk5r1 Hap1 Abcc1 Tmem108 Pak1 Aldh1a3 Lef1 Atat1 Nf2 Uqcrq Ptprs Nfix Bbs2 Hdac2"
"GOBP_NEGATIVE_REGULATION_OF_DEVELOPMENTAL_GROWTH",1.2388063853413,0.129912309191296,0.871152296758271,68,0.424440265441504,12,"Sema6d Ccr5 Cdkn1a Cit Fgf13 Wwc1 Map2 Rgs2 Socs2 Atg7 Cdkl3 Ntn1"
"GOBP_NEGATIVE_REGULATION_OF_RESPONSE_TO_OXIDATIVE_STRESS",1.31233860040914,0.132531748176169,0.871152296758271,10,0.625924143207703,3,"Mctp1 Ncoa7 Meak7"
"GOBP_NEUROTRANSMITTER_TRANSPORT",1.20352428688245,0.13203642384106,0.871152296758271,115,0.392801630570558,45,"Mctp1 Syp Slc6a13 App Cacna1a Itgb3 Slc18a2 Unc13b Nrxn1 Lin7b Grik5 Ctbp2 Best1 Kcnc3 Per2 Camk2a Cask Itgb1 Slc29a4 Slc29a2 Snap47 Slc29a1 Stxbp5 Mctp2 Dvl1 Pak1 Stx3 Cplx2 Cacnb4 Micu3 Fbxo45 Psen1 Tor1a Nrxn2 Doc2a Slc6a6 Arl6ip5 Asic1 Syde1 Efr3a Slc29a3 Prkca Synj1 Adora2a Slc38a2"
"GOBP_POSITIVE_REGULATION_OF_LEUKOCYTE_MIGRATION",1.22964332483286,0.131567751542225,0.871152296758271,80,0.41363434160492,13,"Tnfsf18 App Ager Tnfrsf14 Sele Mmp14 Itgb3 Csf1r Vegfa Zfp580 Trem1 Ccl27a Ccr1"
"GOBP_POSITIVE_REGULATION_OF_SPROUTING_ANGIOGENESIS",1.30592014890772,0.132724626174408,0.871152296758271,12,0.599242171265789,3,"Vegfa Dll1 Fgf2"
"GOBP_REGULATION_OF_ANIMAL_ORGAN_MORPHOGENESIS",1.28950427248788,0.13098388260765,0.871152296758271,26,0.506721606438163,11,"Wnt10a Maged1 Wnt4 Dmrt3 Vegfa Stox1 Spry1 Rbpj Fgf2 Csf1 Tnf"
"GOBP_REGULATION_OF_CARTILAGE_DEVELOPMENT",1.28535986876065,0.132291040288635,0.871152296758271,27,0.502147687811974,7,"Smad3 Bmpr2 Maf Loxl2 Trps1 Chadl Sox5"
"GOBP_REGULATION_OF_DENDRITIC_SPINE_MORPHOGENESIS",1.26789484939037,0.129138321995465,0.871152296758271,45,0.456780477917012,13,"Smad3 Xlr3b Marcks Caprin2 Arhgap33 Efna1 Lrp8 Cask Cdk5r1 Itpka Srcin1 Dbn1 Abi2"
"GOBP_REGULATION_OF_TRANSLATIONAL_ELONGATION",-1.3380554471502,0.132059447983015,0.871152296758271,13,-0.496882877904461,2,"Cpeb2 Eif5a2"
"GOBP_RENAL_FILTRATION",1.31165212862733,0.132666846798163,0.871152296758271,10,0.625596728269419,3,"Jchain Itga3 Sulf2"
"GOBP_SENSORY_PERCEPTION_OF_CHEMICAL_STIMULUS",1.28562319608698,0.129678188319428,0.871152296758271,29,0.49634026620722,12,"Pkd1l3 Pigr Tas1r3 Vmn1r88 Vmn2r120 Vmn1r84 Reep2 Bbs4 Rtp4 Pde1c Gnal Ttc8"
"GOBP_VASCULOGENESIS",1.25722024551716,0.132164004021897,0.871152296758271,52,0.44514627488059,16,"Eng Tmem100 Egfl7 Angpt1 Epha2 Ackr3 Tgfbr3 Elmo3 Notch1 Foxm1 Npr2 Itgav Egfl8 Ptk2 Elmo1 Abcg2"
"GOBP_POSITIVE_REGULATION_OF_GLIAL_CELL_PROLIFERATION",1.29225955055985,0.133215814656258,0.872100454424185,19,0.541069441172836,9,"Atxn1 Plag1 Myb Tnf Ptk2 Lta Prkci Ufl1 Tspo"
"GOBP_REGULATION_OF_TRANSMEMBRANE_TRANSPORTER_ACTIVITY",1.2406060821692,0.133297002724796,0.872100454424185,63,0.42860067596106,21,"Cacna1a Ehd3 Rasgrf2 Clcn2 Fgf13 Dlg4 Kcnc1 Wnk3 Asph Cbarp Taco1 Amigo1 Nipsnap2 Kcnab1 Cacnb4 Sco1 Selenon Pla2g6 Plcg1 Sphk2 Arc"
"GOBP_POSITIVE_REGULATION_OF_ANIMAL_ORGAN_MORPHOGENESIS",1.31013477280731,0.134288030262091,0.877176300237635,10,0.624873020499723,6,"Wnt4 Stox1 Spry1 Rbpj Fgf2 Csf1"
"GOBP_FATTY_ACID_TRANSPORT",1.25478963784456,0.135723860589812,0.880908369051075,51,0.444809920503699,20,"Fabp5 Slco2a1 Pla2g4a Slc27a1 Slc27a3 Kiss1r Repin1 Slco4a1 Abcc4 Hrh2 Slc27a4 Abcc1 Cpt1b Arv1 Ppard Pnpla8 Slc25a20 Pla2g6 Mapk9 Slc43a3"
"GOBP_NEGATIVE_REGULATION_OF_STEROID_METABOLIC_PROCESS",1.29820397970238,0.135447809697127,0.880908369051075,14,0.576268856350153,3,"Gfi1 Dkkl1 Wnt4"
"GOBP_SEQUESTERING_OF_CALCIUM_ION",1.23832907133498,0.135476839237057,0.880908369051075,63,0.427814021440547,19,"Cxcr3 Ccr5 Itgb3 Gp1ba Dmd Mtln Pde4d Tmem38b Fgf2 Mettl21c Itgav Tpcn2 Ubash3b Tmem38a Selenon Lck Plcl1 Plcg1 Camk2d"
"GOBP_SYNAPTIC_TRANSMISSION_GLUTAMATERGIC",1.26214311598133,0.135714285714286,0.880908369051075,45,0.454708319065118,10,"Iqsec2 Grin2d Mapk8ip2 Cacna1a Serpine2 Unc13b Nrxn1 Grik5 Aph1b Ext1"
"GOBP_POSITIVE_REGULATION_OF_CELL_DEVELOPMENT",1.13138678590848,0.136850535589148,0.883763189956016,336,0.35196732969646,72,"Il15 Zap70 Il2ra Zbtb46 Pik3r6 Cd27 Car2 S1pr2 Egr2 Bmpr2 Foxp3 Xrcc2 Prdm1 Ager Axl Xlr3b Plxnd1 Atxn1 Tenm4 Marcks Serpine2 Il15ra Clcn2 F11r Mmp14 Itgb3 Numbl Sema7a Csf1r Caprin2 Il2 Vegfa Plag1 Dlg4 Klf10 Tiam2 Neurl1a Cdh5 Shb Socs1 Zfp365 Fes Il7r Lrp8 Cask Akap5 Cdkl3 Ntn1 Ccr1 Itpka Srcin1 Tnfsf9 Notch1 Ankrd27 Myb Hap1 Cd46 Cd101 Plxnc1 Dbn1 Il12a Csf1 Cd4 Rptor Amigo1 Prkcz Tnf Rufy3 Mapt Pak1 Ss18l1 Tnfrsf1b"
"GOBP_RESPONSE_TO_EPIDERMAL_GROWTH_FACTOR",-1.20867263988972,0.137030995106036,0.883763189956016,43,-0.332353794985494,14,"Dab2ip Mapk3 Ptpn12 Baiap2 Git1 Spg21 Bag4 Fos Iqgap1 Dusp3 Syap1 Snx6 Mcm7 Inpp5k"
"GOBP_ROOF_OF_MOUTH_DEVELOPMENT",1.25323527019646,0.136414628673996,0.883763189956016,49,0.446537068744852,26,"Tgfb3 Tbc1d32 Wdpcp Bbs7 Tgfbr3 Irf6 Dhrs3 Asph Nprl3 Snai1 Col11a2 Lef1 Ski Ift88 Sos1 Plekha1 B3glct Gdf11 Intu Tgfbr1 Tmem107 Csrnp1 Chd7 Arl15 Sgpl1 Pygo2"
"GOBP_T_CELL_PROLIFERATION",1.17746907907791,0.136825010150223,0.883763189956016,160,0.376659826287571,35,"Il15 Zap70 Il2ra Il12rb1 Zbtb32 Tnfrsf4 Tnfsf18 Foxp3 Wnt4 Ager Tnfrsf21 Sh3rf1 Tnfrsf14 Cd59a Cd55b Il2 Ccdc88b Cd276 Clec4g Gnrh1 Ebi3 Slfn1 Jak3 Efnb1 Crip3 Tnfsf9 Slc7a1 Lilrb4a Cd46 Cd274 Il12a Cd4 Pdcd1lg2 Vcam1 Cebpb"
"GOBP_RIBOSOME_ASSOCIATED_UBIQUITIN_DEPENDENT_PROTEIN_CATABOLIC_PROCESS",-1.3430962414161,0.13734076433121,0.884361698916292,11,-0.522690614813482,8,"Ascc2 Nemf Trip4 Usp10 Rnf10 Ltn1 Riok3 Abce1"
"GOBP_APPENDAGE_MORPHOGENESIS",1.22601284326823,0.138930642044234,0.891334928337938,74,0.415955334297205,35,"Map3k20 Tbc1d32 Ift122 Lmbr1 Wdpcp Errfi1 Ext1 Rpgrip1l Asph Wdr19 Mks1 Notch1 Npr2 Rdh10 Tulp3 Rab23 Idua Ift140 Bak1 Sp9 Lef1 Mustn1 Psen1 Ski Zfp219 Ift88 Tmem231 Ptch1 Dicer1 Hdac2 Cnpy4 Intu C2cd3 Tmem107 Gnaq"
"GOBP_AROMATIC_AMINO_ACID_METABOLIC_PROCESS",-1.29951105792778,0.141747572815534,0.891334928337938,19,-0.430326580327147,8,"Nadsyn1 Cyp2d22 Fah Afmid Pcbd2 Atp7a Haao Kmo"
"GOBP_CELL_FATE_SPECIFICATION",1.25952373439893,0.140601590411433,0.891334928337938,40,0.462025471166479,17,"Gfi1 Bmpr2 Tenm4 Dmrt3 Dll1 Itgb1 Rbpj Cdon Notch1 Fgf2 Abcg2 Apc2 Psen1 Ptch1 Gatad2a Nfix Hdac2"
"GOBP_INTERLEUKIN_1_PRODUCTION",1.22935657657432,0.140377358490566,0.891334928337938,70,0.419577458461041,13,"Nlrp1b Ccr5 Nod2 Smad3 Sirpa App Ager Gstp2 Fzd5 Errfi1 Tlr6 Naip5 Casp4"
"GOBP_INTESTINAL_ABSORPTION",1.29066261828346,0.13933588761175,0.891334928337938,17,0.552482224818631,7,"Tjp2 F11r Scarb1 Lima1 Apoa2 Aco1 Abcg2"
"GOBP_MICROTUBULE_BASED_TRANSPORT",1.17530351599455,0.139367524832759,0.891334928337938,168,0.37509704242566,52,"Bsn Armcx6 Mreg Kifap3 Dnajb13 App Dst Kif3a Ift122 Wdpcp Rsph1 Ulk4 Syne2 Rsph4a Kif13a Map2 Nefh Lca5 Rsph9 Bicdl2 Dnaaf4 Wdr19 Uchl1 Kif1b Spef2 Dnah1 Hap1 Ropn1l Klc3 Bbs12 Ttc21b Tmem108 Prkcz Ift81 Rsph3b Rufy3 Wdr35 Mapt Sod1 Ccdc39 Ift140 Tmem201 Cluap1 Cfap45 Arl3 Armcx2 Cln3 Ift57 Ift80 Bloc1s3 Tmem230 Ift88"
"GOBP_NEGATIVE_REGULATION_OF_OSTEOBLAST_DIFFERENTIATION",1.27278628525994,0.14014927141334,0.891334928337938,31,0.48618836764573,12,"Smad3 Ahr Bambi Crim1 Noct Trpm4 Notch1 Tnf Hdac8 Ski Riox1 Ptch1"
"GOBP_NEGATIVE_REGULATION_OF_T_CELL_PROLIFERATION",1.25402359853165,0.139611496080882,0.891334928337938,44,0.4532677334669,11,"Il2ra Foxp3 Tnfrsf21 Tnfrsf14 Cd276 Clec4g Gnrh1 Slfn1 Cd274 Pdcd1lg2 Cebpb"
"GOBP_POSITIVE_REGULATION_OF_PATTERN_RECOGNITION_RECEPTOR_SIGNALING_PATHWAY",1.21991799023551,0.141896938013443,0.891334928337938,79,0.411099270562994,25,"Zdhhc1 Gbp2 Peli3 Tlr6 Ticam2 Mfhas1 Nr1h3 Casp4 Hspa1b Slc19a1 Trim3 Ddx60 Zcchc3 Slc15a3 Tab1 Tlr4 Pja2 Znrf1 Kcnk6 Zdhhc3 Nagk Ddx3x Ptpn22 Atat1 Slc46a2"
"GOBP_POSITIVE_REGULATION_OF_PHAGOCYTOSIS",1.24324321074233,0.140907577942971,0.891334928337938,55,0.437094275071225,8,"Il15 Fcer1g Nod2 Sirpa Ager C2 Rap1gap Il15ra"
"GOBP_PROTEIN_LOCALIZATION_TO_EARLY_ENDOSOME",1.29738294617535,0.141922563417891,0.891334928337938,11,0.606993165250256,2,"Egf Vegfa"
"GOBP_RECEPTOR_INTERNALIZATION",1.20513426546916,0.141727367325702,0.891334928337938,106,0.396087197694894,18,"Fcer1g Egf Iqsec2 App Plk2 Sele Itgb3 Apln Angpt1 Vegfa Cd9 Dlg4 Ralb Ackr3 Magi2 Itgb1 Myo6 Akap5"
"GOBP_REGULATION_OF_FILOPODIUM_ASSEMBLY",1.26010844519387,0.141746897111704,0.891334928337938,37,0.467565045870611,7,"Myo3b Gpm6a Tgfb3 Agrn Nrxn1 Neurl1a Myo10"
"GOBP_REGULATION_OF_PROTEIN_EXIT_FROM_ENDOPLASMIC_RETICULUM",1.28311483164935,0.140770586753966,0.891334928337938,19,0.537240544765419,3,"Sec16b Derl3 Svip"
"GOBP_REGULATION_OF_RECEPTOR_INTERNALIZATION",1.23356177482245,0.140849673202614,0.891334928337938,65,0.424995672366626,12,"Egf Iqsec2 App Plk2 Sele Itgb3 Apln Angpt1 Vegfa Dlg4 Magi2 Akap5"
"GOBP_WHITE_FAT_CELL_DIFFERENTIATION",1.29036393437253,0.140647341739243,0.891334928337938,14,0.572788683721965,4,"Zfp423 Ctbp2 Per2 Npr2"
"GOBP_INFLAMMATORY_CELL_APOPTOTIC_PROCESS",1.28118901855445,0.142155628305213,0.891425139956996,19,0.53643420627513,4,"Ccr5 Nod2 Pik3cb Slc7a11"
"GOBP_EXTRINSIC_APOPTOTIC_SIGNALING_PATHWAY",1.16954479621668,0.143855739033533,0.892000516938666,170,0.373044778513756,48,"Cd27 Tnfrsf10b Tnfrsf4 Smad3 Lmna App Gstp2 Tlr3 Sh3rf1 Bcl2a1a Il2 Vegfa Peli3 Tlr6 Hyal2 Trps1 Itm2c Bcl2a1b Jak3 Bcl2a1d Hspa1b Eya2 Traf1 Itgav Tnfaip3 Pmaip1 Il12a Dele1 Tmbim1 Siah2 Tnfsf10 Tnf Bcl2l14 Ctnna1 Wdr35 Tnfrsf23 Erbb3 Tnfrsf1b Tlr4 Deptor Icam1 Bid Lta Bak1 Zdhhc3 Sgpp1 Ddx3x Acvr1b"
"GOBP_GAMMA_AMINOBUTYRIC_ACID_TRANSPORT",1.29519078901932,0.143391188251001,0.892000516938666,11,0.60596754331281,5,"Slc6a13 Cacna1a Best1 Pak1 Cacnb4"
"GOBP_L_ALPHA_AMINO_ACID_TRANSMEMBRANE_TRANSPORT",1.26669907277552,0.143998120742307,0.892000516938666,34,0.476753063751723,18,"Slc25a13 Slc7a7 Slc7a11 Slc6a20b Per2 Slc25a15 Itgb1 Slc7a1 Tnf Slc43a1 Psen1 Slc43a2 Cln3 Slc7a6 Arhgef11 Ttyh2 Arl6ip5 Slc38a2"
"GOBP_PHOSPHATIDYLCHOLINE_METABOLIC_PROCESS",1.25805302982045,0.143173862310385,0.892000516938666,36,0.469255835866518,15,"Fabp5 Pla2g4a Pcyt1b Pemt Nr1h3 Scarb1 Dhrs7b Lcat Gpat4 Chpt1 Capn2 Chka Apoa2 Gdpd3 Pnpla8"
"GOBP_POSITIVE_REGULATION_OF_CHOLESTEROL_BIOSYNTHETIC_PROCESS",-1.30072242166476,0.142792792792793,0.892000516938666,16,-0.450642388925992,3,"Gpr146 Mbtps2 Abcg1"
"GOBP_REGULATION_OF_PINOCYTOSIS",1.29477536758084,0.14392523364486,0.892000516938666,11,0.605773184373072,5,"Axl Nr1h3 Appl1 Appl2 Cln3"
"GOBP_REGULATION_OF_TRANSMEMBRANE_TRANSPORT",1.1498464952595,0.142526887124334,0.892000516938666,243,0.361504193924778,68,"Cxcr3 Fabp5 Car2 Tmc1 Grin2d Akap7 Cacna1a Ehd3 Ahr Rasgrf2 Clcn2 Itgb3 Stom Nr4a3 Fgf13 Slc34a1 Agrn Kcnj2 Rnasel Plp1 Dmd Dlg4 Kcng1 Repin1 Pde4d Tmem38b Per2 Rgs2 Kcnc1 Wnk3 Itgb1 Kcnn4 Asph Akap5 Cbarp Esr1 Trib3 Mettl21c Hk2 Ubash3b Appl1 Taco1 Cd4 Tmem38a Amigo1 Nipsnap2 Tnf Erbb3 Ctnnd1 Fxyd4 Kcnab1 Slc43a1 Bak1 Prkci Cacnb4 Ptpn22 Sco1 Selenon Psen1 Appl2 Slc43a2 Arhgef11 Ahi1 Pla2g6 Plcg1 Sphk2 Camk2d Arc"
"GOBP_TRANSCRIPTION_INITIATION_AT_RNA_POLYMERASE_III_PROMOTER",-1.28222365722853,0.143528183716075,0.892000516938666,21,-0.415615863489963,5,"Gtf3c4 Gtf3c5 Polr2h Gtf3c2 Polr3h"
"GOBP_POSITIVE_REGULATION_OF_GLIOGENESIS",1.24237325888911,0.145049283154122,0.895789209297274,50,0.441711451789261,15,"Egr2 Atxn1 Tenm4 Serpine2 Clcn2 Csf1r Plag1 Zfp365 Notch1 Myb Tnf Tnfrsf1b Ptk2 Lta Prkci"
"GOBP_PRIMARY_ALCOHOL_METABOLIC_PROCESS",1.25419879057292,0.144868983031282,0.895789209297274,39,0.461870664209952,16,"Cacna1h Wnt4 Clcn2 Dhrs3 H6pd Rdh10 Rdh9 Chka Tpk1 Rdh5 Retsat Gdpd3 Adh5 Aldh1a3 Cbr4 Rdh13"
"GOBP_ANTIGEN_PROCESSING_AND_PRESENTATION_OF_PEPTIDE_ANTIGEN",1.24440657450023,0.145501458380076,0.895866985433823,49,0.443391338656665,25,"Fcer1g H2-Q2 Mpeg1 Raet1d Tapbpl Clec4a3 Mfsd6 Hfe Lgmn H60b Ifi30 H2-Q7 H2-K1 H2-Q4 H2-T24 H2-Q6 Ide H2-M3 Mr1 Tapbp B2m Ctss H2-T22 Ctse H2-D1"
"GOBP_RESPONSE_TO_INTERFERON_BETA",1.24180504442908,0.145385304659498,0.895866985433823,50,0.441509429705904,15,"Gm12185 Ifitm3 Gbp6 Ikbke Gbp2 Ifit3 Gm5431 Camk2a Tgtp2 Plscr1 Gbp7 Capn2 Ifitm2 Ifit1 Bst2"
"GOBP_FEEDING_BEHAVIOR",1.24814228532196,0.145745768488015,0.896017726028885,44,0.45114192856858,10,"C1qtnf4 Mmp17 App Ahr Nr4a3 Apln Uchl1 Bbs12 Ttc21b Qrfp"
"GOBP_REGULATION_OF_HORMONE_BIOSYNTHETIC_PROCESS",1.2834788742034,0.14656173396981,0.899677150091788,15,0.562097084591739,7,"Wnt4 Cacna1a Clcn2 H6pd Igf1r Gh Ppargc1a"
"GOBP_ACUTE_INFLAMMATORY_RESPONSE",1.25299647788705,0.14683135172573,0.899976826517407,39,0.461427901098565,14,"Fcer1g Ccr5 F8 Serpinb9 Dnase1 Saa3 Alox5ap Ffar2 Ext1 Ighg3 Plscr1 Tnf Icam1 Eif2ak1"
"GOBP_ACID_SECRETION",1.26875693279223,0.157471264367816,0.902625332443929,17,0.543105256984487,8,"Cacna1a Abcb4 Best1 Hrh2 Snx10 Tnf Pak1 Cacnb4"
"GOBP_AMINOGLYCAN_METABOLIC_PROCESS",1.22979099943074,0.155258764607679,0.902625332443929,54,0.433494941050128,19,"Il15 Egf Hs3st3b1 Pxylp1 Hyal2 B3gnt9 Ext1 B3galt6 Fgf2 Ndst1 Habp4 Ovgp1 Chil5 Cemip2 Idua B3gnt3 Cln6 Hs3st1 Naglu"
"GOBP_AMINO_ACID_TRANSMEMBRANE_TRANSPORT",1.23000418054594,0.157189140878114,0.902625332443929,52,0.435509832911059,24,"Slc6a13 Slc25a13 Slc7a7 Slc7a11 Slc6a20b Per2 Rgs2 Slc36a4 Slc25a15 Itgb1 Slc7a1 Slc36a3 Tnf Lrrc8b Slc43a1 Psen1 Slc43a2 Cln3 Slc7a6 Arhgef11 Mfsd12 Ttyh2 Slc6a6 Arl6ip5"
"GOBP_BIOMINERAL_TISSUE_DEVELOPMENT",1.20872907778467,0.155153977758768,0.902625332443929,77,0.408513774375599,22,"Smad3 Bmpr2 Isg15 Wnt4 Nectin1 Csf1r Acvr2a Ecm1 Cd276 Klf10 Tmem38b Trpm4 Tspear Ccr1 Cdon Rxra Nos3 Notch1 Zmpste24 Snx10 Atraid Cebpb"
"GOBP_CELLULAR_RESPONSE_TO_DSRNA",1.26592725590307,0.155124653739612,0.902625332443929,19,0.530044101914503,6,"Ifih1 Tlr3 Oas3 Raet1d Zcchc3 Pqbp1"
"GOBP_CELL_SUBSTRATE_ADHESION",1.15946864863819,0.147608937417855,0.902625332443929,188,0.368598627507403,46,"Ndnf Cdh11 Smad3 Adam15 Sirpa Pik3cb Angpt2 Wnt4 Axl Marcks Wdpcp Mmp14 Itgb3 Itgb4 Cass4 Angpt1 Vegfa Efemp2 Dmd Efna1 Acer2 Trem1 Itga3 Itga9 Cask Itgb1 Ccl25 Utrn Srcin1 Acvrl1 Bst1 Sorbs3 Notch1 Tmem8b Itgav Nid1 Tgfb1i1 Rell2 Tbcd Pip5k1a Dbn1 Csf1 Prkcz Actn1 Bcr Vcam1"
"GOBP_CORPUS_CALLOSUM_DEVELOPMENT",1.26844822431906,0.15311004784689,0.902625332443929,19,0.531099632106918,5,"Ulk4 Rtn4rl1 Kcnc1 Rpgrip1l Wdr89"
"GOBP_C_TERMINAL_PROTEIN_AMINO_ACID_MODIFICATION",-1.30340471642679,0.155010224948875,0.902625332443929,12,-0.494752362609347,3,"Irgm2 Agbl1 Agbl5"
"GOBP_EMBRYONIC_DIGIT_MORPHOGENESIS",1.24799929252159,0.155323884268478,0.902625332443929,35,0.467950585594898,18,"Map3k20 Tbc1d32 Ift122 Lmbr1 Wdpcp Mks1 Notch1 Tulp3 Rab23 Ift140 Ift88 Tmem231 Hdac2 Cnpy4 Intu C2cd3 Tmem107 Gnaq"
"GOBP_EMBRYONIC_PLACENTA_MORPHOGENESIS",1.26423285549848,0.157121513944223,0.902625332443929,20,0.522733213878644,4,"Cdkn1c Socs3 Fzd5 St14"
"GOBP_GMP_METABOLIC_PROCESS",-1.27699131602929,0.15726343847179,0.902625332443929,15,-0.45380285236074,4,"Ampd2 Adsl Gart Xdh"
"GOBP_HYDROGEN_PEROXIDE_CATABOLIC_PROCESS",-1.318297659582,0.151153846153846,0.902625332443929,10,-0.525151165639033,5,"Cat Txnrd1 Nnt Prdx2 Prdx1"
"GOBP_ICOSANOID_BIOSYNTHETIC_PROCESS",1.26404691500671,0.153355785422179,0.902625332443929,26,0.49671792257782,12,"Fabp5 Pla2g4a Ggt5 Alox5ap Mgst2 Ptges3l Prxl2b Abcc1 Ltc4s Pnpla8 Sco1 Mapk9"
"GOBP_MATING_BEHAVIOR",1.27064805739239,0.156449553001277,0.902625332443929,17,0.54391477351631,5,"Mapk8ip2 App Serpine2 Acvr2a Fuom"
"GOBP_MULTICELLULAR_ORGANISMAL_LEVEL_CHEMICAL_HOMEOSTASIS",1.24432909978608,0.149377123442809,0.902625332443929,46,0.446980712242815,18,"Pla2g4a Neo1 Slc40a1 Vegfa Ank1 Hyal2 Tmem63a Ext1 Hfe Trf Lamp3 Ctns Eif2ak1 Wfs1 Hmox1 Naglu Nkiras2 Lipa"
"GOBP_NEGATIVE_REGULATION_OF_MUSCLE_HYPERTROPHY",1.26480718832662,0.154685416414111,0.902625332443929,24,0.503945339073281,8,"Smad3 Lmna Errfi1 Rgs2 Kcnn4 Notch1 Pak1 Tnfrsf1b"
"GOBP_NEURON_APOPTOTIC_PROCESS",1.14159075483983,0.156026942796823,0.902625332443929,239,0.359273082502949,59,"Ndnf Nlrp1b Ccr5 Tgfb3 Xrcc2 Bbc3 App Ager Tnfrsf21 Axl Cit Plxnd1 Cacna1a Nr4a3 Angpt1 Vegfa Siah1b Agrn Grik5 Trim2 Map3k12 Nox1 Arsg Tmtc4 Atg7 Adarb1 Bbs10 Esr1 Casp4 Cdk5r1 Hspg2 Birc5 Cntf Fgf2 Myb Npr2 Prodh Pmaip1 Casp7 Tmbim1 Tnf Cebpb Mybl2 Nqo2 Sod1 Erbb3 Apaf1 Star Fgf20 Prkci Wfs1 Ccnd1 Lgmn Map3k5 Akt1s1 Hmox1 Psen1 Cln3 Lig4"
"GOBP_NON_CANONICAL_WNT_SIGNALING_PATHWAY",1.26844655225451,0.154804053229154,0.902625332443929,23,0.509308664639479,8,"Wnt4 Znrf3 Fzd5 Plekha4 Spef1 Mks1 Mllt3 Dvl1"
"GOBP_OLFACTORY_LOBE_DEVELOPMENT",1.26889454765641,0.15311004784689,0.902625332443929,19,0.531286507815145,6,"Sema7a Csf1r Atf5 Ext1 Rpgrip1l Ttc8"
"GOBP_POSITIVE_REGULATION_OF_ENDOTHELIAL_CELL_PROLIFERATION",1.22916331228612,0.157636018321975,0.902625332443929,52,0.435212105146286,13,"Egfl7 Egf Itgb3 Apln Nrarp Vegfa Zfp580 Ecm1 Cav2 Vash2 Hspg2 Acvrl1 Fgf2"
"GOBP_POSITIVE_REGULATION_OF_LEUKOCYTE_PROLIFERATION",1.18852290305448,0.147784777445007,0.902625332443929,119,0.387146080475435,27,"Il15 Zap70 Il2ra Il12rb1 Tnfrsf4 Cdkn1a Foxp3 Ager Cd59a Csf1r Cd55b Il2 Ccdc88b Cd276 Jak3 Csf2rb Efnb1 Tnfsf9 Slc7a1 Bst1 Cd46 Cd274 Il12a Csf1 Cd4 Pdcd1lg2 Vcam1"
"GOBP_POSITIVE_REGULATION_OF_RESPONSE_TO_CYTOKINE_STIMULUS",1.23372134115459,0.151252086811352,0.902625332443929,54,0.434880366097701,13,"C1qtnf4 Gfi1 Ifih1 Axl Ikbke Rbm47 Ticam2 Casp4 Cdk5r1 Hspa1b Usp27x Nlrc5 Csf1"
"GOBP_POSTSYNAPTIC_CYTOSKELETON_ORGANIZATION",1.27122162834482,0.153351471679446,0.902625332443929,21,0.519326268814101,7,"Cit Nefh Srcin1 Dbn1 Abi2 Farp1 Enah"
"GOBP_POTASSIUM_ION_TRANSMEMBRANE_TRANSPORT",1.2167728319375,0.14891561090831,0.902625332443929,74,0.412820430757585,24,"Slc12a3 Kcnk10 Hcn3 Akap7 Slc9a9 Kcnj13 Kcnmb3 Kcnj2 Kcng1 Tmem38b Kcnc3 Kcnk4 Kcnc1 Wnk3 Kcnn4 Slc9a5 Kcnh4 Tmem38a Abcb8 Amigo1 Mcoln3 Fxyd4 Kcnab1 Kcnk6"
"GOBP_PROTEIN_LIPID_COMPLEX_ORGANIZATION",-1.24832855657372,0.156267255659856,0.902625332443929,23,-0.396683057095886,5,"Pltp Mttp Apoe Soat1 Abcg1"
"GOBP_PROTEIN_LOCALIZATION_TO_ENDOSOME",1.26470427923444,0.15299494828001,0.902625332443929,26,0.496976239409025,3,"Egf Zdhhc1 Vegfa"
"GOBP_PROTEIN_LOCALIZATION_TO_NON_MOTILE_CILIUM",1.29284693174921,0.149148878681437,0.902625332443929,10,0.616627528750236,8,"Arl6 Bbs4 Spata7 Ttc21b Zdhhc3 Ift80 Rpgr Arl13b"
"GOBP_RECEPTOR_CLUSTERING",1.227677434514,0.156705620478575,0.902625332443929,54,0.432749920392626,14,"Dlg3 Pigr Cacna1a Colq Ift122 Agrn Slc7a11 Nrxn1 Grik5 Dlg4 Magi2 Lhfpl4 Akap5 Wdr19"
"GOBP_REGULATION_OF_CARDIAC_MUSCLE_CELL_CONTRACTION",1.27596404972393,0.151724137931034,0.902625332443929,17,0.546190342072215,5,"Cacna1h Fgf13 Kcnj2 Pde4d Trpm4"
"GOBP_REGULATION_OF_CELLULAR_EXTRAVASATION",1.27096266623415,0.153216945427909,0.902625332443929,23,0.510318938701693,7,"Ager Sele Gp1ba Abr Ccl25 Bcr Icam1"
"GOBP_REGULATION_OF_CELL_KILLING",1.21226879371707,0.151518391787853,0.902625332443929,77,0.409710091021187,15,"Ccr5 Pik3r6 H2-Q2 Ager Klrd1 Cd59a Klrb1c Serpinb9 Dnase1 Prf1 Lag3 Raet1d Il7r Klrb1f Cd160"
"GOBP_REGULATION_OF_DEVELOPMENTAL_GROWTH",1.14722003855484,0.156303537236723,0.902625332443929,213,0.36284690137022,56,"Sema6d Ccr5 Mgll Hmga2 Cacna2d2 Bmpr2 Cdkn1a App Cit Colq Ahr Flt3 Sema7a Fgf13 Vegfa Wwc1 Agrn Lin7b Tgfbr3 Map2 Rgs2 Ccnd2 Socs2 Dll1 Atg7 Bbs4 Cdk1 Cdkl3 Ntn1 Rbpj Gpr21 Eppk1 Notch1 Fgf2 Gpat4 Zmpste24 Dbn1 Csf1 Rufy3 Mapt Pak1 Sod1 Slc23a2 Ccnb1 Mbd5 Ptk2 Rnf157 Fgf20 Rasal1 Ppard Lgmn Igf1r Ifrd1 Cyfip1 Golga4 Cited2"
"GOBP_REGULATION_OF_DIGESTIVE_SYSTEM_PROCESS",1.27822447835015,0.151593342794478,0.902625332443929,15,0.559795932114857,7,"Tac4 Slc22a21 Wnk3 Tifab Nr1h3 Apoa2 Abcg2"
"GOBP_REGULATION_OF_PEROXISOME_PROLIFERATOR_ACTIVATED_RECEPTOR_SIGNALING_PATHWAY",1.28898135717942,0.151001335113485,0.902625332443929,11,0.603062400542112,1,"Fabp5"
"GOBP_REGULATION_OF_PHAGOCYTOSIS",1.21376237190737,0.150021385799829,0.902625332443929,77,0.41021487515773,21,"Il15 Fcer1g Nod2 Sirpa Ager C2 Rap1gap Il15ra Pip4p2 Abr Cfp Atg7 Scarb1 Ighg3 Plscr1 Itgav Apoa2 Appl1 Bcr Sod1 Ptk2"
"GOBP_REGULATION_OF_RECEPTOR_CATABOLIC_PROCESS",-1.32415670103172,0.150875796178344,0.902625332443929,11,-0.515319944192471,5,"Anxa2 Apoe Git1 Furin Mylip"
"GOBP_REGULATION_OF_RELEASE_OF_SEQUESTERED_CALCIUM_ION_INTO_CYTOSOL",1.25785284809168,0.151867512332629,0.902625332443929,34,0.473423571521642,11,"Cxcr3 Itgb3 Dmd Pde4d Tmem38b Mettl21c Ubash3b Tmem38a Selenon Plcg1 Camk2d"
"GOBP_REGULATION_OF_RETINOIC_ACID_RECEPTOR_SIGNALING_PATHWAY",1.28186869824515,0.157409879839786,0.902625332443929,11,0.59973467423541,4,"Ctbp2 Nr2c1 Ezh2 Dhrs3"
"GOBP_REGULATION_OF_STEROID_HORMONE_BIOSYNTHETIC_PROCESS",1.28259669506698,0.156849500135099,0.902625332443929,10,0.611738645186954,5,"Wnt4 Clcn2 H6pd Igf1r Gh"
"GOBP_RENAL_SYSTEM_PROCESS",1.23284108909606,0.152142459654981,0.902625332443929,54,0.434570081818176,19,"Jchain Corin Slc12a3 Itga3 Hyal2 Wnk3 Kcnn4 Maged2 Amn Clcn5 Sulf2 Prkrip1 Bcr Ctns Abcg2 Wfs1 Lgmn Cln3 Xpnpep3"
"GOBP_SLEEP",-1.30664434809686,0.152965235173824,0.902625332443929,12,-0.495982076912626,4,"Cacna1i Il18 Chrnb2 Ptger4"
"GOBP_SODIUM_ION_HOMEOSTASIS",1.27879973542879,0.153256206941375,0.902625332443929,14,0.567655370464491,3,"Corin Slc12a3 Ext1"
"GOBP_SODIUM_ION_TRANSMEMBRANE_TRANSPORT",1.21801790669622,0.157080610021786,0.902625332443929,65,0.4196403858943,15,"Cacna1h Slc12a3 Slc6a13 Hcn3 Slc9a9 Scn2b Slc5a3 Fgf13 Slc34a1 Agrn Slc5a10 Dmd Slc6a20b Trpm4 Wnk3"
"GOBP_TRANSEPITHELIAL_TRANSPORT",1.27131276983834,0.157671549730146,0.902625332443929,16,0.550715691964217,6,"Abcb1b Parp12 Best1 Abcc1 Gpld1 Abcg2"
"GOBP_TRNA_METABOLIC_PROCESS",-1.08371506923184,0.156716417910448,0.902625332443929,172,-0.242235534110612,41,"Osgepl1 Thg1l Pyroxd1 Dtd2 Prorp Dtwd2 Dus2 Nsun4 Mettl8 Tsen15 Pus7 Ftsj1 Trmu Thada Farsb Trmt44 Dtwd1 Aarsd1 Slfn2 Sars2 Pop1 Rpusd4 Mars2 Angel2 Tsen54 Elp3 Nemf Dph3 Gatb Rpp14 Gtpbp3 Cdk5rap1 Nsun2 Slfn8 Pus1 Vars2 Ankrd16 Rpp38 Dus1l Rtcb Mtfmt"
"GOBP_UTERUS_DEVELOPMENT",1.28170834407207,0.157409879839786,0.902625332443929,11,0.599659650983895,5,"Cdkn1c Errfi1 Greb1l Esr1 Antxr2"
"GOBP_VIRAL_LIFE_CYCLE",1.15798655376267,0.154173419773096,0.902625332443929,177,0.369160669705329,42,"Ifitm3 Mvb12b Chmp4c Hmga2 Isg15 Ifih1 Nectin1 Axl Tnfrsf14 Itgb3 Cd55b Rnasel Trim62 Oas3 Hyal2 Clec4g Cav2 Naip5 Atg7 Adarb1 Cd209d Slpi Slc7a1 Notch1 Isg20 Plscr1 Gbp7 Itgav Eif2ak2 Tpcn2 Cd4 Ifitm2 Lamp3 Tnf Trim30d Icam1 Bst2 Usp6nl Oasl2 Trim30c Dpp4 Ddx3x"
"GOBP_ADULT_BEHAVIOR",1.19935229045251,0.161774023231257,0.903275231083016,88,0.400541019496898,26,"Grin2d App Cacna1a Atxn1 Tmod1 Nr4a3 Dmrt3 Slc7a11 Nrxn1 Ulk4 Chrnb1 Ccnd2 Atg7 Bbs4 Uchl1 Fgf2 Zmpste24 Fgfbp3 Mapt Idua Ctns Cacnb4 Scn8a Naglu Nrxn2 Eps8"
"GOBP_C21_STEROID_HORMONE_BIOSYNTHETIC_PROCESS",1.27773930505879,0.160381103612545,0.903275231083016,12,0.586310944138113,3,"Cacna1h Wnt4 Clcn2"
"GOBP_CILIUM_OR_FLAGELLUM_DEPENDENT_CELL_MOTILITY",1.20343522943395,0.160364368181337,0.903275231083016,84,0.403227973114965,32,"Tssk4 Cfap126 Dnajb13 Rabl2 Rsph1 Dnah14 Tac4 Cabcoco1 Rsph4a Bbof1 Insl6 Nphp4 Catspere2 Sord Tssk6 Rsph9 Celf3 Bbs4 Spaca9 Mns1 Gapdhs Spef2 Dnah1 Ccnyl1 Dynll2 Ropn1l Klc3 Armc2 Ift81 Rsph3b Cep70 Ccdc39"
"GOBP_DIGESTIVE_TRACT_MORPHOGENESIS",1.26936486130626,0.159085068105885,0.903275231083016,16,0.549871884035452,4,"Tcf7 Smad3 Notch1 Npr2"
"GOBP_EXPORT_ACROSS_PLASMA_MEMBRANE",1.24832686762355,0.161309383124557,0.903275231083016,32,0.474648512413119,8,"Abcb1b Slc35g1 Slc27a1 Slc40a1 Agrn Abcc4 Kcnn4 Slc29a4"
"GOBP_FC_RECEPTOR_SIGNALING_PATHWAY",1.2749778654378,0.158624297109978,0.903275231083016,13,0.574777740754396,7,"Fcer1g Pigr Nr4a3 Cd247 Appl1 Lck Appl2"
"GOBP_GRANULOCYTE_MIGRATION",1.2123674945999,0.158059636992221,0.903275231083016,69,0.41454947102834,18,"Fcer1g Nod2 Tnfsf18 Sirpa Csf1r Vegfa Pde4d Trem1 Itga9 S100a8 Ccl27a Ccl25 Bst1 Csf1 Jaml Mcoln2 Ptk2 Dpp4"
"GOBP_NEGATIVE_REGULATION_OF_CENTROSOME_DUPLICATION",-1.30201985384996,0.161624203821656,0.903275231083016,11,-0.506704982802014,4,"Trim37 Cdk5rap2 Tmem67 Rbm14"
"GOBP_NEGATIVE_REGULATION_OF_NERVOUS_SYSTEM_DEVELOPMENT",1.20418303042704,0.160714285714286,0.903275231083016,77,0.40697734822462,12,"Sema6d Ccr5 Hmga2 App Cit Fgf13 Gorasp1 Nr1d1 Map2 Atf5 Cdkl3 Ntn1"
"GOBP_NEGATIVE_REGULATION_OF_TUMOR_NECROSIS_FACTOR_SUPERFAMILY_CYTOKINE_PRODUCTION",1.23328997548078,0.158776896942242,0.903275231083016,46,0.443015301769518,14,"Nod2 Sirpa Foxp3 Gstp2 Axl Flt3 Errfi1 Tlr6 Clec4a3 Tnfaip3 Cd274 Tlr4 Nfkbil1 Ptpn22"
"GOBP_POSITIVE_REGULATION_OF_MONONUCLEAR_CELL_MIGRATION",1.22151376493906,0.161632923996017,0.903275231083016,56,0.428458108400466,12,"Tnfsf18 App Ager Tnfrsf14 Mmp14 Itgb3 Csf1r Trem1 Ccl27a Ccr1 Il12a Csf1"
"GOBP_POSITIVE_REGULATION_OF_RESPONSE_TO_EXTERNAL_STIMULUS",1.10259224966108,0.159447834350305,0.903275231083016,463,0.340854910384022,113,"Nlrp1b Cxcr3 Fcer1g Ccr5 C1qtnf4 Gfi1 Rab13 Nod2 Smad3 Map3k20 Tnfsf18 Bmpr2 Nlrx1 Zdhhc1 App Ifih1 Ager Gm6377 Camk2n1 Tlr3 Ikbke Tspan6 Klrd1 Rbm47 Gbp2 Klrb1c Csf1r Vegfa Peli3 Unc13b Zfp580 Alox5ap Ralb Nr1d1 Tlr6 Trim62 Nkg7 Trem1 Ffar2 Oas3 Ticam2 Hyal2 Tlr7 Mfhas1 Lag3 Raet1d Cfp S100a8 Kcnn4 Tifab Ccl27a Nr1h3 Ccr1 Aars2 Tnip3 Esr1 Casp4 Hspa1b Ighg3 Cntf Slc19a1 Trim3 Fgf2 Tlr12 Usp27x Cd160 Plscr1 Alpk1 Nlrc5 Gbp7 Tnfaip3 Eif2ak2 Rnf125 Cd274 Rnf135 Il12a Csf1 Abcc1 Appl1 Ddx60 Zcchc3 Tnf Cebpb Slc15a3 Tab1 Trim30d Tlr4 Pqbp1 Stx3 Pja2 Ipo5 Bid Znrf1 Ptk2 Lta Kcnk6 Nlrp10 Trim30c Dpp4 Zdhhc3 Nagk Nfkbil1 Ddx3x Ptpn22 Srebf1 Lgmn Igf1r Fosl1 H60b Lamp2 Mapkapk3 Atat1 Kcnk13"
"GOBP_REGENERATION",1.18378536558169,0.160236465463597,0.903275231083016,112,0.387441679371947,50,"Abcb1b Adam15 Ccna2 Cdkn1a Angpt2 Neo1 Cd9 Dmd Rtn4rl1 Nefh Ezh2 Fbxw10 Cntf Eppk1 Notch1 Sulf2 Muc3a Apoa2 Abcc1 Cebpb Ctnna1 Ccnb1 Lrig2 Ppard Abcg2 Ccnd1 Igf1r Ifrd1 Hmox1 Bin3 Selenon Mustn1 Top1 Ptch1 Grn Lamb2 Tspo Cflar Ptprs Dicer1 Nfix Gfer Pnpt1 Cad Ninj1 Diaph2 Adm Ezh1 Mdk Fas"
"GOBP_REGULATION_OF_MONOATOMIC_ION_TRANSPORT",1.14180427532123,0.159806782731207,0.903275231083016,226,0.360121731138896,45,"Cxcr3 Abcb1b Car2 Egf Tmc1 Grin2d Akap7 Scn2b Ehd3 Serpine2 Ahr Clcn2 Itgb3 Stom Fgf13 Gnao1 Agrn Kcnj2 Plp1 Dmd Kcng1 Pde4d Tmem38b Best1 Atp2c2 Camk2a Kcnc1 Cask Wnk3 Kcnn4 Asph Akap5 Cbarp Jak3 Ccr1 Nos3 Hfe Mettl21c Sik1 Ubash3b Taco1 Cd4 Tmem38a Amigo1 Nipsnap2"
"GOBP_RESPONSE_TO_LIPOPROTEIN_PARTICLE",1.25611002758299,0.161161524500907,0.903275231083016,25,0.497490425367308,6,"Fcer1g App Cd9 Tlr6 Itgb1 Rxra"
"GOBP_RHYTHMIC_PROCESS",1.15030478950492,0.160902103559871,0.903275231083016,189,0.365665192276432,58,"Maged1 Car2 Gpr157 Pla2g4a Axl Ahr Nfil3 Klf9 Agrn Prf1 Noct Fbxl21 Nr1d1 Bhlhe41 Klf10 Pde4d Per2 Gnrh1 Atf5 Ezh2 Atg7 Cdk1 Nr2f6 Esr1 Cdk5r1 Nos3 Notch1 Npr2 Nampt Sik1 Suv39h2 Siah2 Enox2 Srrd Gpr176 Zpbp2 Afp Gas2 Star Abcg2 Mettl3 Srebf1 Igf1r Phlpp1 Cry2 Crem Naglu Crtc1 Mapk9 Top1 Plekha1 Timeless Sirt6 Ppargc1a Scaper Mycbp2 Nrip1 Hdac2"
"GOBP_SENSORY_PERCEPTION_OF_PAIN",1.24167705632856,0.158720997345031,0.903275231083016,39,0.457259416171782,10,"Fabp5 Tmem100 Mgll Grin2d Mmp24 Tac4 Lxn Kcnk4 Prx Nr2f6"
"GOBP_VIRAL_GENOME_REPLICATION",1.20489289301601,0.159500693481276,0.903275231083016,79,0.4060359740492,20,"Ifitm3 Hmga2 Isg15 Ifih1 Rnasel Oas3 Atg7 Adarb1 Slpi Notch1 Isg20 Plscr1 Gbp7 Eif2ak2 Ifitm2 Tnf Bst2 Oasl2 Ddx3x Cnot7"
"GOBP_POSTSYNAPTIC_MEMBRANE_ORGANIZATION",1.23996251948061,0.162543757292882,0.906331538612569,36,0.462508045948644,10,"Lrrc4 Cit Colq Agrn Slc7a11 Nrxn1 Dlg4 Chrnb1 Magi2 Lhfpl4"
"GOBP_POSITIVE_REGULATION_OF_MEIOTIC_CELL_CYCLE",-1.26801480513697,0.163482896490449,0.90660719196608,15,-0.450612880591903,4,"Cdc25a Fbxo5 Cdc25b Lfng"
"GOBP_POSITIVE_REGULATION_OF_RECEPTOR_MEDIATED_ENDOCYTOSIS",1.235798888333,0.163363500973766,0.90660719196608,42,0.450071520430434,8,"Egf App Plk2 Kif3a Sele Apln Angpt1 Vegfa"
"GOBP_REGULATION_OF_CELL_MORPHOGENESIS",1.15250048672709,0.163106206337957,0.90660719196608,178,0.367327692207916,55,"Palm3 Sema4a Kif3a Xlr3b Plxnd1 Marcks Bambi Wdpcp F11r Numbl Lst1 Csf1r Caprin2 Vegfa Arap3 Dlg4 Fmnl2 Myo10 Epb41l3 Fes Lrp8 Cask Atg7 Akap5 Cdkl3 Cdc42ep4 Itpka Srcin1 Ankrd27 Mov10 Zmpste24 Plxnc1 Dbn1 Tbccd1 Zmym3 Zmym6 Dvl1 Ss18l1 Slc23a2 Ago4 Icam1 Gas2 Ptk2 Rnf157 Arhgap35 Rasal1 Pdzd8 Fbxo31 Cyfip1 Fmnl3 Wls Nf2 Eps8 Arc Hck"
"GOBP_REGULATION_OF_NON_CANONICAL_WNT_SIGNALING_PATHWAY",1.27049558553558,0.163070485157578,0.90660719196608,13,0.572757066681953,5,"Znrf3 Plekha4 Spef1 Mks1 Mllt3"
"GOBP_LEUKOCYTE_PROLIFERATION",1.13641974774609,0.16378617363344,0.907054950719978,245,0.357088080336273,48,"Il15 Zap70 Il2ra Cd27 Il12rb1 Zbtb32 Tnfrsf4 Tnfsf18 Cdkn1a Il9r Foxp3 Prdm1 Wnt4 Ager Tnfrsf21 Sh3rf1 Ahr Tnfrsf14 Cd59a Lst1 Flt3 Csf1r Cd55b Il2 Ccdc88b Cd276 Shb Clec4g Gnrh1 Ebi3 Il7r Slfn1 Jak3 Csf2rb Efnb1 Crip3 Tnfsf9 Slc7a1 Bst1 Lilrb4a Cd46 Cd274 Il12a Csf1 Cd4 Pdcd1lg2 Vcam1 Cebpb"
"GOBP_ASTROCYTE_DIFFERENTIATION",1.21717076356876,0.16420725618551,0.908153020640622,55,0.427927832577756,21,"Hmga2 App Ager Serpine2 Csf1r Plp1 Nr1d1 Atf5 Dll1 S100a8 Cntf Notch1 Abcc1 Ttc21b Tlr4 Psen1 Tspan2 Naglu Grn Lamb2 C1qa"
"GOBP_SMOOTH_MUSCLE_TISSUE_DEVELOPMENT",1.27265793805046,0.164485981308411,0.908461869665426,11,0.595425330952132,3,"Eng Efemp2 Npr2"
"GOBP_ANTIBACTERIAL_INNATE_IMMUNE_RESPONSE",1.26683366636568,0.166208970838237,0.909647525368049,13,0.571106222628613,2,"Nod2 Mpeg1"
"GOBP_BONE_MINERALIZATION",1.21614627112561,0.167218177807192,0.909647525368049,57,0.425375338361157,16,"Smad3 Bmpr2 Isg15 Wnt4 Csf1r Acvr2a Ecm1 Cd276 Klf10 Tmem38b Trpm4 Ccr1 Rxra Zmpste24 Snx10 Atraid"
"GOBP_CELL_PROLIFERATION_IN_FOREBRAIN",1.2583410277153,0.167951683371884,0.909647525368049,16,0.54509650673399,7,"Hmga2 Numbl Ckap2l Tacc3 Dock7 Tacc2 Nfix"
"GOBP_CENP_A_CONTAINING_CHROMATIN_ASSEMBLY",1.27151805928231,0.167387192650635,0.909647525368049,10,0.606454653990424,3,"Cenpi Hjurp Oip5"
"GOBP_DENDRITIC_CELL_CYTOKINE_PRODUCTION",1.26395284136981,0.168204861562459,0.909647525368049,14,0.56106487868239,5,"Nod2 Tlr3 Jak3 Tlr4 Bst2"
"GOBP_EPITHELIAL_CELL_DEVELOPMENT",1.16932416934924,0.168620193296319,0.909647525368049,128,0.378981401527479,33,"Abcb1b Rilpl1 Nphs1 Rab13 S1pr2 Foxp3 Tjp2 Prdm1 F11r Tmod1 Notch4 Krt10 Vegfa Tigar St14 Dmd Epha2 Cdh5 Pde4d Magi2 Dll1 Rab25 Hrh2 Esr1 Frmd6 Notch1 Gpat4 Plod3 Zdhhc21 Rilpl2 Abi2 Tnf Tmem79"
"GOBP_GLUTATHIONE_METABOLIC_PROCESS",1.23448531106846,0.166415924082861,0.909647525368049,38,0.456340054693125,14,"Gstp2 Gstk1 Slc7a11 Ggt5 Gsr Mgst2 Nox1 Gstt2 Gstm4 Mmachc Abcc1 Sod1 Ctns Gstm1"
"GOBP_IMMATURE_B_CELL_DIFFERENTIATION",-1.28799556895713,0.165605095541401,0.909647525368049,13,-0.47829329225082,3,"Lrrc8a Traf3ip2 Foxp1"
"GOBP_NEGATIVE_REGULATION_OF_FATTY_ACID_BIOSYNTHETIC_PROCESS",-1.26102507224397,0.168501675442796,0.909647525368049,18,-0.423872152316969,11,"Wdtc1 Cop1 Erlin2 Ceacam1 Kat2b Insig1 Acadvl Sirt2 Insig2 Pibf1 Sirt1"
"GOBP_ORGANIC_ANION_TRANSPORT",1.13954297373722,0.166666666666667,0.909647525368049,222,0.359598438322763,71,"Fabp5 Abcb1b Slc39a4 Slco2a1 Slc6a13 Plekha8 Pla2g4a Slc39a14 Slc25a13 Cacna1a Slc7a7 Slc16a11 Slc27a1 Slc25a42 Abcb4 Slc27a3 Slc7a11 Kiss1r Slc6a20b Repin1 Best1 Per2 Slc10a1 Rgs2 Slc36a4 Slc46a1 Slc25a15 Slco4a1 Abcc4 Itgb1 Slc35a3 Hrh2 Slc16a4 Myo6 Slc2a8 Slc25a40 Slc25a47 Slc19a1 Slc2a3 Slc16a13 Slc7a1 Slc39a8 Slc27a4 Abcc1 Cpt1b Emb Slc25a1 Slc36a3 Tnf Lrrc8b Arv1 Pak1 Slc23a2 Ctns Slc43a1 Ppard Pnpla8 Abcg2 Cacnb4 Slc25a20 Selenon Psen1 Slc43a2 Cln3 Slc7a6 Arhgef11 Slc46a2 Pla2g6 Mapk9 Mfsd12 Slc43a3"
"GOBP_PEPTIDYL_GLUTAMIC_ACID_MODIFICATION",-1.26192818963838,0.166666666666667,0.909647525368049,17,-0.43007690604281,8,"Cep41 Agbl1 Agbl5 Ggcx Agbl3 Ttll1 Cfap20 Ttll3"
"GOBP_PLATELET_DENSE_GRANULE_ORGANIZATION",-1.25723433283558,0.168446601941748,0.909647525368049,19,-0.41632685448767,4,"Ap1s2 Hps6 Ap3d1 Ap1s3"
"GOBP_POSITIVE_REGULATION_OF_ACUTE_INFLAMMATORY_RESPONSE",1.26829421136521,0.168717745136959,0.909647525368049,12,0.58197691310453,5,"Fcer1g Ccr5 Alox5ap Ffar2 Ighg3"
"GOBP_POSITIVE_REGULATION_OF_NEURON_APOPTOTIC_PROCESS",1.20726378568978,0.166883539362394,0.909647525368049,67,0.414329461456037,15,"Ccr5 Bbc3 App Ager Agrn Grik5 Nox1 Casp4 Cdk5r1 Myb Pmaip1 Casp7 Tnf Mybl2 Nqo2"
"GOBP_RESOLUTION_OF_MEIOTIC_RECOMBINATION_INTERMEDIATES",-1.28537791911565,0.168098159509202,0.909647525368049,12,-0.487909667897901,5,"Fancm Eme2 Top2a Top2b Rmi1"
"GOBP_RESPONSE_TO_LEPTIN",1.26525051102241,0.166645001949825,0.909647525368049,14,0.56164091035254,7,"Ccna2 Nr4a3 Nr1d1 Bbs4 Star Prmt2 Ccnd1"
"GOBP_SPERM_AXONEME_ASSEMBLY",1.2648546848238,0.168170524388649,0.909647525368049,13,0.570214070246619,8,"Bbof1 Mns1 Spef2 Dnah1 Armc2 Ift88 Cep131 Bbs2"
"GOBP_T_CELL_MIGRATION",1.22397675039955,0.167735403307459,0.909647525368049,48,0.437197653478522,9,"Cxcr3 Aire App Tnfrsf14 F11r Itgb3 Ecm1 Cxcl16 Ccl27a"
"GOBP_CHRONIC_INFLAMMATORY_RESPONSE",1.26887544415516,0.169278573358552,0.91145521104781,10,0.605194250151984,6,"Foxp3 Tnfaip3 Abcc1 Tnf Cebpb Lta"
"GOBP_REGULATION_OF_LEUKOCYTE_MIGRATION",1.16969217153673,0.169500257599176,0.91145521104781,125,0.379746676531632,21,"Cxcr3 Nod2 Aire Tnfsf18 App Ager Tnfrsf14 Sele Mmp14 Itgb3 Csf1r Vegfa Cd9 Gp1ba Zfp580 Ecm1 Abr Trem1 Ccl27a Ccl25 Ccr1"
"GOBP_CELL_SURFACE_RECEPTOR_PROTEIN_SERINE_THREONINE_KINASE_SIGNALING_PATHWAY",1.14211276434385,0.169817042353179,0.911894534064046,199,0.362343486200622,57,"Eng Tmem100 Cdkn1c Spry2 Smad3 Bmpr2 Tgfb3 Akap7 Bambi Tet1 Zfp423 Neo1 Pbld1 Crim1 Zfyve9 Acvr2a Cdh5 Tgfbr3 Fstl1 Spry1 Itga3 Hpgd Trps1 Rgmb Magi2 Ext1 Cav2 Itgb1 Spred2 Rbpj Acvrl1 Notch1 Hfe Sap30l Fstl3 Tgfb1i1 Rgcc Appl1 Pmepa1 Fut8 Tab1 Adam9 Ptk2 Smad5 Ints9 Acvr1b Ing2 Lef1 Selenon Glce Cited2 Appl2 Ski Pelo Ldlrad4 Ppm1l Sh2b1"
"GOBP_MYELOID_LEUKOCYTE_ACTIVATION",1.15369841998705,0.170029402818615,0.911894534064046,166,0.368505164396472,41,"Il15 Fcer1g C1qtnf4 Lcp2 Gab2 Pla2g4a App Ager Ndrg1 Tlr3 Myo1f Nr4a3 Csf1r Slc18a2 Dnase1 Lat Tac4 Nr1d1 Tlr6 Abr Hyal2 Mfhas1 Raet1d Fes Kcnn4 Nr1h3 Rbpj Tnfsf9 Nampt Lilrb4a Plscr1 Milr1 Abcc1 Plpp6 Bcr Tnf Tlr4 D6Wsu163e Adam9 Pja2 Cplx2"
"GOBP_SULFATION",1.26758161753518,0.170764658200486,0.914634358508781,10,0.604577155357759,3,"Hs3st3b1 Ext1 Ndst1"
"GOBP_GMP_BIOSYNTHETIC_PROCESS",-1.28678128679597,0.171974522292994,0.917497582285657,11,-0.500774614049046,3,"Ampd2 Adsl Gart"
"GOBP_POSITIVE_REGULATION_OF_PEPTIDYL_THREONINE_PHOSPHORYLATION",1.26484706793423,0.171695594125501,0.917497582285657,11,0.591770939787838,3,"Egf Stox1 Wnk3"
"GOBP_REGULATION_OF_HEART_CONTRACTION",1.19756413527581,0.171784410564741,0.917497582285657,74,0.406303402909794,20,"Cacna1h Hbegf Scn2b Ehd3 Fgf13 Apln Gnao1 Agrn Kcnj2 Dmd Pde4d Tmem38b Rgs2 Trpm4 Myl4 Nos3 Zmpste24 Tmem38a Tnf Tmem65"
"GOBP_REGULATION_OF_ACTIN_NUCLEATION",-1.21418740022372,0.17239336492891,0.918529876405538,26,-0.374861549855833,6,"Carmil1 Pick1 Gsn Washc4 Washc2 Washc3"
"GOBP_POSITIVE_REGULATION_OF_CYTOKINE_PRODUCTION_INVOLVED_IN_IMMUNE_RESPONSE",1.21899833007703,0.17298150654037,0.918699099151012,47,0.436269102086117,8,"Fcer1g Nod2 Tnfrsf14 Sema7a Nr4a3 Cd55b Fzd5 Ffar2"
"GOBP_POSITIVE_REGULATION_OF_SMOOTH_MUSCLE_CELL_MIGRATION",1.22694995039432,0.173101302293419,0.918699099151012,40,0.450076575332776,7,"Sema6d Ager Itgb3 Nr4a3 Dock4 Pde4d Nox1"
"GOBP_REGULATION_OF_RESPONSE_TO_BIOTIC_STIMULUS",1.09649241740672,0.172769107643057,0.918699099151012,464,0.338940447491502,109,"Il15 Nlrp1b Pik3r6 C1qtnf4 Gfi1 Il12rb1 Rab13 Nod2 Dtx4 Map3k20 Ttll12 Nlrx1 Zdhhc1 Isg15 Sirpa Foxp3 Prdm1 App Ifih1 Gm6377 Tlr3 Ikbke Tspan6 Klrd1 Ahr Rbm47 Ppl Gbp2 Myo1f Pbld1 Klrb1c Cd55b Serpinb9 Peli3 Unc13b Tigar Prf1 Ralb Nr1d1 Tlr6 Trim62 Ffar2 Oas3 Ticam2 Tlr7 Mfhas1 Lag3 Raet1d Cfp S100a8 Dcst1 Lrp8 Tifab Nr1h3 Ccr1 Aars2 Tnip3 Esr1 Casp4 Hspa1b Slc19a1 Klrb1f Trim3 Tlr12 Usp27x Cd160 Plscr1 Alpk1 Nlrc5 Gbp7 Tnfaip3 Eif2ak2 Rnf125 Zmpste24 Cd274 Rnf135 Il12a Appl1 Ddx60 Zcchc3 Gbp4 Tnf Slc15a3 Tab1 Trim30d Tlr4 Pqbp1 Pja2 Ipo5 Bid Znrf1 Kcnk6 Nlrp10 Trim30c Dpp4 Zdhhc3 Nagk Nfkbil1 Ddx3x Ptpn22 Mettl3 Srebf1 Fosl1 H60b Lamp2 Mapkapk3 Atat1 Cnot7 Kcnk13"
"GOBP_CALCIUM_MEDIATED_SIGNALING",1.16890228669345,0.173499948363111,0.918980128649278,119,0.380754916534746,32,"Ackr2 Cxcr3 Zap70 Ccr5 Tmem100 Cxcr6 Grin2d App Ccr9 Lat Dmd Kiss1r Ackr3 Tmem38b Trpm4 Bhlha15 Akap5 Ccr1 Bst1 Hap1 Zmpste24 Rcan1 Tpcn2 Cd4 Tmem38a Tmbim1 Tnf Mcoln3 Mapt Erbb3 Mcoln2 Sla2"
"GOBP_COLLAGEN_FIBRIL_ORGANIZATION",1.25096651806626,0.173605176413136,0.918980128649278,23,0.502290053682283,12,"Loxl2 Efemp2 Col7a1 Ext1 Chadl Antxr2 Plod3 Mmp11 P4ha1 Vps33b Col11a2 Selenon"
"GOBP_AMINOGLYCAN_BIOSYNTHETIC_PROCESS",1.23650899575146,0.176637839118588,0.919688137758375,31,0.472330898899406,6,"Egf Hs3st3b1 Pxylp1 B3gnt9 Ext1 B3galt6"
"GOBP_ANDROGEN_METABOLIC_PROCESS",1.25527591426953,0.176394124528792,0.919688137758375,14,0.557213216744134,10,"Wnt4 Esr1 Scarb1 Rdh9 Hsd17b7 Plekha1 Hsd17b4 Adm Chst10 Sgpl1"
"GOBP_ANIMAL_ORGAN_REGENERATION",1.23297456962735,0.176062955132723,0.919688137758375,34,0.46406002517219,14,"Ccna2 Angpt2 Ezh2 Notch1 Sulf2 Apoa2 Cebpb Ccnd1 Hmox1 Top1 Ptch1 Gfer Pnpt1 Cad"
"GOBP_DEOXYRIBONUCLEOTIDE_BIOSYNTHETIC_PROCESS",1.24933095794257,0.174270188297738,0.919688137758375,18,0.528137612401723,3,"Dctd Rrm2 Tyms"
"GOBP_DETECTION_OF_BIOTIC_STIMULUS",1.24151321959993,0.176187612748046,0.919688137758375,27,0.48501824878912,12,"Nod2 Ahr Tlr6 Naip5 Casp4 Scarb1 Itgav Pak1 Tlr4 Nf2 Tspo Pglyrp2"
"GOBP_GLYCOSYL_COMPOUND_BIOSYNTHETIC_PROCESS",1.2459094047428,0.174892974061949,0.919688137758375,19,0.521662621943181,6,"Dctd Tk1 Cdk1 Tyw5 Nt5e Lcmt2"
"GOBP_NATURAL_KILLER_CELL_DIFFERENTIATION",1.24221041620093,0.175556087060512,0.919688137758375,28,0.48188192514918,5,"Il15 Prdm1 Axl Il15ra Nfil3"
"GOBP_POSITIVE_REGULATION_BY_SYMBIONT_OF_ENTRY_INTO_HOST",-1.26789018182112,0.176153846153846,0.919688137758375,10,-0.505071068014157,2,"Lgals1 Furin"
"GOBP_POSITIVE_REGULATION_OF_CELL_ADHESION",1.11337472099337,0.174809771726071,0.919688137758375,332,0.346483128052855,66,"Il15 Ndnf Epb41l4b Zap70 Il2ra Ccr5 Pik3r6 Cd27 Il12rb1 Smad3 Tnfsf18 Kifap3 Sirpa Foxp3 Wnt4 Ager Rap1gap Tnfrsf14 Cd59a Sele F11r Itgb3 Nr4a3 Cd55b Cass4 Il2 Angpt1 Vegfa Efemp2 Ccdc88b Gp1ba Dmd Cd5 Cd276 Myo10 Pde4d Shb Trem1 Itga3 Socs1 Il7r Itgb1 Pik3r2 Ccl25 Jak3 Utrn Efnb1 Tnfsf9 Slc7a1 Cd160 Itgav Nid1 Pkp3 Cd46 Fstl3 Cd274 Rell2 Dbn1 Il12a Csf1 Cd4 Pdcd1lg2 Prkcz Cyth3 Vcam1 Tnf"
"GOBP_POSITIVE_REGULATION_OF_DEFENSE_RESPONSE",1.10145799387018,0.17547018807523,0.919688137758375,405,0.34115222306675,98,"Nlrp1b Fcer1g Ccr5 C1qtnf4 Gfi1 Rab13 Nod2 Map3k20 Tnfsf18 Nlrx1 Zdhhc1 App Ifih1 Gm6377 Camk2n1 Tlr3 Ikbke Tspan6 Klrd1 Rbm47 Gbp2 Klrb1c Csf1r Peli3 Unc13b Alox5ap Ralb Nr1d1 Tlr6 Trim62 Nkg7 Ffar2 Oas3 Ticam2 Hyal2 Tlr7 Mfhas1 Lag3 Raet1d Cfp S100a8 Kcnn4 Tifab Nr1h3 Ccr1 Aars2 Tnip3 Esr1 Casp4 Hspa1b Ighg3 Slc19a1 Trim3 Tlr12 Usp27x Cd160 Plscr1 Alpk1 Nlrc5 Gbp7 Tnfaip3 Eif2ak2 Rnf125 Cd274 Rnf135 Il12a Abcc1 Appl1 Ddx60 Zcchc3 Tnf Cebpb Slc15a3 Tab1 Trim30d Tlr4 Pqbp1 Pja2 Ipo5 Bid Znrf1 Lta Kcnk6 Nlrp10 Trim30c Dpp4 Zdhhc3 Nagk Nfkbil1 Ddx3x Ptpn22 Srebf1 Fosl1 H60b Lamp2 Mapkapk3 Atat1 Kcnk13"
"GOBP_POSITIVE_REGULATION_OF_INTERLEUKIN_12_PRODUCTION",1.23339215144864,0.176672181517372,0.919688137758375,32,0.468969918929644,6,"Nod2 Tnfsf18 Ager Tlr3 Flt3 Tlr6"
"GOBP_REGULATION_OF_POSTSYNAPSE_ORGANIZATION",1.16925605875533,0.17551820150562,0.919688137758375,121,0.380379410647899,27,"Srgap3 Smad3 S1pr2 Nrp2 App Xlr3b Marcks Numbl Caprin2 Nrxn1 Arhgap33 Efna1 Dock4 Lrp8 Cask Cdk5r1 Itpka Tanc1 Il1rap Srcin1 Dbn1 Abi2 Dvl1 Tanc2 Cpeb3 Zdhhc8 Elmo1"
"GOBP_REGULATION_OF_SYNAPTIC_VESICLE_CYCLE",1.26127511461524,0.175967957276368,0.919688137758375,11,0.590099766864218,5,"Bsn Nrxn1 Cdk5r1 Psen1 C9orf72"
"GOBP_LEUKOCYTE_HOMEOSTASIS",1.17772549836039,0.177432798499687,0.922469498322355,104,0.387703504054793,22,"Il2ra Fcer1g Tnfrsf4 Pik3cb Foxp3 Axl Ccnb2 Ahr Flt3 Csf1r Il2 Slc40a1 Slc7a11 Lat Sit1 Bbs4 Jak3 Lilrb4a Mthfd1 Tnfaip3 Cd101 Pmaip1"
"GOBP_INCLUSION_BODY_ASSEMBLY",-1.20687063873712,0.177725118483412,0.922812207564826,26,-0.372602613096739,6,"Sacs Trim37 Hspa2 Apoe Mfsd8 Hdac6"
"GOBP_FC_RECEPTOR_MEDIATED_STIMULATORY_SIGNALING_PATHWAY",1.24708588960887,0.177974813672578,0.9229330032181,16,0.540220931409421,4,"Fcer1g Nr4a3 Plscr1 Appl1"
"GOBP_MONOATOMIC_ION_TRANSMEMBRANE_TRANSPORT",1.09359520596316,0.178289144572286,0.923388250669172,473,0.338041073790642,114,"Cxcr3 Ccr5 Slc39a4 Cacna1h Apol7e Ano7 Gpm6a Slc12a3 Kcnk10 Pkd1l3 Slc6a13 Tmc1 Hcn3 Cacna2d2 Grin2d Slc39a2 Cox7a1 Akap7 Slc39a14 Pkd1l1 Slc35g1 Slc25a13 Slc9a9 Cacna1a Scn2b Slc5a3 Ehd3 Kcnj13 Ahr Clcn2 Itgb3 Stom Fgf13 Slc18a2 Slc34a1 Kcnmb3 Slc40a1 Agrn Slc7a11 Kcnj2 Slc5a10 Gp1ba Plp1 Dmd Grik5 Chrnb1 Kcng1 Slc6a20b Pde4d Tmem38b Best1 Kcnc3 Atp2c2 Chrna2 Trpm4 Kcnk4 Tmem63a Slc46a1 Kcnc1 Wnk3 Bhlha15 Kcnn4 Asph Slc29a4 Akap5 Cbarp Pkd2l2 Cybb Slc19a1 Slc9a5 Mmgt1 Slc39a8 Clcn5 Fgf2 Kcnh4 Mettl21c Tmc7 Itgav Letm2 Tpcn2 Ubash3b Taco1 Cd4 Pcyox1 Tmem38a Abcb8 Amigo1 Nipsnap2 Tmbim1 Slc36a3 Mcoln3 Lrrc8b Atp6v1g2 Slc48a1 Slc46a3 Fxyd4 Kcnab1 Ctns Mcoln2 Kcnk6 Bak1 Cacnb4 Sfxn4 Micu3 Ptpn22 Scn8a Lamp2 Sco1 Selenon Lck Kcnk13 Psen1 Tmem43 Plcl1"
"GOBP_CAMKK_AMPK_SIGNALING_CASCADE",-1.27620184602493,0.17874203821656,0.924559070775001,11,-0.496657430015258,3,"Pcp4 Irgm2 Camkk2"
"GOBP_CELLULAR_RESPONSE_TO_VASCULAR_ENDOTHELIAL_GROWTH_FACTOR_STIMULUS",1.23258999966707,0.18019192038858,0.9297558213844,31,0.470833891639706,10,"Spry2 Nrp2 Pik3cb Itgb3 Angpt1 Vegfa Dll1 Itgb1 Notch1 Il12a"
"GOBP_GLUTAMATE_RECEPTOR_SIGNALING_PATHWAY",1.23494636748521,0.180659129179697,0.9297558213844,26,0.485282616388509,9,"Grin2d App Ptger1 Nrxn1 Plp1 Grik5 Dlg4 Camk2a Cdk5r1"
"GOBP_MACROPHAGE_ACTIVATION",1.19060969185637,0.180333154218162,0.9297558213844,73,0.404356240350647,17,"C1qtnf4 Pla2g4a App Ager Tlr3 Csf1r Nr1d1 Tlr6 Mfhas1 Raet1d Kcnn4 Nr1h3 Nampt Abcc1 Tnf Tlr4 Pja2"
"GOBP_REGULATION_OF_JNK_CASCADE",1.16645459109363,0.180518134715026,0.9297558213844,114,0.381195960364352,19,"Cd27 Tnfrsf19 Nod2 Sirpa Mapk8ip2 App Ager Gstp2 Tlr3 Sh3rf1 Fktn Mbip Ulk4 Tgfbr3 Nox1 Mfhas1 Rgs2 Mdfic Naip5"
"GOBP_ANAPHASE_PROMOTING_COMPLEX_DEPENDENT_CATABOLIC_PROCESS",-1.23367927249977,0.182233502538071,0.931438227771509,20,-0.404064226280834,5,"Cdc16 Anapc15 Cdc27 Cdc20 Anapc4"
"GOBP_GLOMERULAR_EPITHELIUM_DEVELOPMENT",1.25153648536572,0.181593656570909,0.931438227771509,14,0.555553295459425,5,"Nphs1 Basp1 Magi2 Ext1 Prom1"
"GOBP_MELANOSOME_ASSEMBLY",-1.24234097611145,0.182862613690761,0.931438227771509,18,-0.417591810858178,5,"Ap1s2 Hps6 Ap3d1 Abcb6 Ap1s3"
"GOBP_MYELOID_LEUKOCYTE_MIGRATION",1.17342331406248,0.182017086893103,0.931438227771509,104,0.386287238609481,18,"Fcer1g Nod2 Tnfsf18 Sirpa App Ager Mmp14 Csf1r Vegfa Cd9 Pde4d Abr Trem1 Itga9 S100a8 Ccl27a Ccl25 Ccr1"
"GOBP_NEGATIVE_REGULATION_OF_NOTCH_SIGNALING_PATHWAY",1.23895317637063,0.181476542611226,0.931438227771509,24,0.493644157247453,6,"Egfl7 Mmp14 Notch4 Nrarp Neurl1a Dll1"
"GOBP_NUCLEAR_MIGRATION",1.23499614870528,0.183042693926639,0.931438227771509,27,0.482472244233828,11,"Lmna Syne2 Cdc42bpa Ntn1 Tacc3 Dock7 Ptk2 Tmem201 Lmnb2 Tacc2 Syne3"
"GOBP_PHOTORECEPTOR_CELL_MAINTENANCE",1.2383552857356,0.18184022305734,0.931438227771509,24,0.493405935800282,8,"Lca5 Nphp4 Prom1 Bbs4 Bbs10 Spata7 Usp45 Bbs12"
"GOBP_POSITIVE_REGULATION_OF_AMINE_TRANSPORT",-1.220019434347,0.18293991416309,0.931438227771509,22,-0.390946823290508,3,"Pcp4 Kcnb1 Slc12a2"
"GOBP_POSITIVE_REGULATION_OF_HORMONE_METABOLIC_PROCESS",1.25431677425708,0.182510013351135,0.931438227771509,11,0.58684423999658,7,"Wnt4 Rdh10 Rdh9 Ctns Igf1r Gh Ppargc1a"
"GOBP_RESPONSE_TO_ARSENIC_CONTAINING_SUBSTANCE",1.23580469334542,0.183908045977011,0.934674807234787,25,0.489448367629333,14,"Nefh Atg7 Zfand2a Zfand1 Ddx3x Hmox1 Slc38a2 Nfe2l2 Zc3h12a Cpox Uros Dhx36 Vcp As3mt"
"GOBP_BASIC_AMINO_ACID_TRANSPORT",1.25327510372301,0.185490407997838,0.937440934279612,10,0.597753617288105,5,"Slc7a7 Slc25a15 Slc7a1 Cln3 Slc7a6"
"GOBP_BINDING_OF_SPERM_TO_ZONA_PELLUCIDA",1.23843527668896,0.18542639469157,0.937440934279612,22,0.501521674000397,6,"Astl Adam1a Hspa1b Zpbp Ovgp1 Zpbp2"
"GOBP_GLAND_MORPHOGENESIS",1.19521615522373,0.186043968062999,0.937440934279612,62,0.413890586345898,23,"Tgfb3 Wnt4 Plxnd1 Ahr Plag1 Mki67 Epha2 Ntn1 Esr1 Rxra Notch1 Sulf2 Tnfaip3 Csf1 Tnf Cebpb Ctnnd1 Igf1r Mst1 Ptch1 Cflar B4galt1 Lipa"
"GOBP_LONG_TERM_SYNAPTIC_POTENTIATION",1.20480587064958,0.185911725367811,0.937440934279612,53,0.425562839852859,17,"Grin2d App Ager Plk2 Serpine2 Rasgrf2 Akap5 Nrgn Snap47 Prkcz Pak1 Stx3 Cpeb3 Lgmn Psen1 Crtc1 Arc"
"GOBP_MACROPHAGE_DIFFERENTIATION",1.20733983786713,0.186062246278755,0.937440934279612,47,0.432096627192103,20,"Il15 Zbtb46 App Csf1r Vegfa Diaph3 Socs1 Csf1 Cd4 Tlr4 Ccdc39 Eif2ak1 Abcg2 Tspan2 C1qc Naglu Cflar Nfix Ripk1 Prkca"
"GOBP_MUSCLE_ORGAN_MORPHOGENESIS",1.22621749556039,0.185063022735305,0.937440934279612,33,0.463791275873702,9,"Eng Angpt1 Efemp2 Tgfbr3 Adarb1 Cntf Rbpj Rxra Notch1"
"GOBP_SMOOTH_MUSCLE_CELL_MIGRATION",1.19196167830017,0.185801261143727,0.937440934279612,66,0.409834329227685,16,"Sema6d S1pr2 Ager Gstp2 Itgb3 Nr4a3 Dock4 Pde4d Nox1 Kcnn4 Rbpj Dock7 Pak1 Tlr4 Ptk2 Ppard"
"GOBP_GLYCOSAMINOGLYCAN_BIOSYNTHETIC_PROCESS",1.2328217465656,0.186327888687235,0.937620338628606,25,0.488266952442958,5,"Egf Hs3st3b1 Pxylp1 Ext1 B3galt6"
"GOBP_ACTIVATION_OF_IMMUNE_RESPONSE",1.08909367731475,0.190557167150145,0.937627015954297,463,0.336681967332013,128,"Nlrp1b Zap70 Fcer1g C1qtnf4 Gfi1 Rab13 Lcp2 Nod2 Map3k20 Nlrx1 Zdhhc1 Foxp3 App Ifih1 Tnfrsf21 Itk C2 Gm6377 Tlr3 Ikbke Tspan6 Klrd1 Cd59a Gbp2 Nr4a3 Cd55b Clec2g Peli3 Lat Cd5 Cd276 Nr1d1 Pde4d Shb Tlr6 Ffar2 Oas3 Ticam2 Tlr7 Mfhas1 Lag3 Cfp S100a8 Kcnn4 Tifab Nr1h3 Bcl2a1d Aars2 Tnip3 Esr1 Casp4 Hspa1b Ighg3 Slc19a1 Trim3 Tlr12 Cd160 Plscr1 Alpk1 Gbp7 Tnfaip3 Eif2ak2 Cd46 Rnf125 Cd247 Cd274 Rnf135 Rgcc Appl1 Cd4 Gpld1 Pdcd1lg2 Ddx60 Zcchc3 Tnf Slc15a3 Tab1 Trim30d Btnl1 Tlr4 Pqbp1 Pja2 Ipo5 Znrf1 Sla2 Kcnk6 Nlrp10 Trim30c Zdhhc3 Nagk Cacnb4 Nfkbil1 Ddx3x Ptpn22 Nras Fosl1 Phpt1 Lamp2 Mapkapk3 Atat1 Lck Kcnk13 Psen1 Appl2 C1qc Naglu Slc46a2 Plcg1 Cd80 Vav3 C8g Irf1 Lax1 Ufl1 Epg5 Trim32 Zdhhc12 Sos1 Plekha1 Zbp1 Tespa1 C1qa Rc3h2 Zdhhc4 Ifi208 Ptprs Lipa Xrcc5"
"GOBP_CARTILAGE_DEVELOPMENT",1.17249121708822,0.187119781833438,0.937627015954297,97,0.388345980723074,32,"Smad3 Hmga2 Bmpr2 Maf Slc39a14 Loxl2 Agrn Errfi1 Ecm1 Hyal2 Trps1 Ext1 Chadl Sox5 Hoxb3 Hspg2 Fgf2 Sulf2 Npr2 Poc1a Zmpste24 Gpld1 Idua Tlr4 Snai1 Col10a1 Smad5 Thra Col11a2 Mustn1 Ift80 Zfp219"
"GOBP_CELLULAR_RESPONSE_TO_BIOTIC_STIMULUS",1.13338514501318,0.190639846356009,0.937627015954297,193,0.359893575883443,52,"Ccr5 Gfi1 Gbp6 Nod2 Sirpa Prdm1 Axl Ahr Gbp2 Cd55b Fzd5 Tigar Nr1d1 Pde4d Tlr6 Ticam2 Raet1d Plscr3 Cxcl16 Tifab Ccl27a Nr1h3 Tnip3 Scarb1 Nos3 Notch1 Lilrb4a Plscr1 Tnfaip3 Zmpste24 Cd274 Capn2 Il12a Pdcd1lg2 Eme1 Casp7 Bcr Tnf Cebpb Trim30d Tnfrsf1b Tlr4 Adam9 Bid Star Trim30c Ppard Zfp709 Tbxa2r Wfs1 Nfkbil1 Ptpn22"
"GOBP_CELL_SUBSTRATE_JUNCTION_ORGANIZATION",1.18574016629455,0.189829778065072,0.937627015954297,71,0.404134413391502,9,"Cdh11 Smad3 Wnt4 Dst Wdpcp Mmp14 Itgb3 Itgb4 Vegfa"
"GOBP_CEREBELLAR_CORTEX_DEVELOPMENT",1.20965621795571,0.190118896456193,0.937627015954297,39,0.445467437101964,8,"Cacna1a Serpine2 Fktn Nrxn1 Zfp365 Dll1 Ezh2 Atg7"
"GOBP_FIBROBLAST_MIGRATION",1.20687298604416,0.186851601262968,0.937627015954297,47,0.43192954490775,15,"Ager Wdpcp Itgb3 Syne2 Hyal2 Prr5l Itgb1 Fgf2 Pip5k1a Appl1 Pak1 Ptk2 Tmem201 Appl2 Cln3"
"GOBP_MAINTENANCE_OF_BLOOD_BRAIN_BARRIER",1.25072363085384,0.188732774925696,0.937627015954297,10,0.596536684044615,6,"Tjp2 Angpt1 Vegfa Wnk3 Tjp3 Naglu"
"GOBP_MALE_SEX_DIFFERENTIATION",1.18165167954164,0.187619249523002,0.937627015954297,83,0.396235373312513,29,"Rab13 Adam15 Hmga2 Wnt4 Col9a3 Kif18a Mmp14 Dmrt3 Acvr2a Greb1l Insl6 Adam1a Klhl10 Esr1 Ctnna1 Ago4 Icam1 Adam4 Star Smad5 Ccnd1 Ing2 Brip1 Cited2 Aspm Plekha1 Scaper Cst3 Akap9"
"GOBP_MONOCYTE_DIFFERENTIATION",1.23087153626748,0.189962419687235,0.937627015954297,24,0.490424136915787,7,"Zbtb46 Vegfa Fes Il3ra Rxra Csf1 Cd4"
"GOBP_NEGATIVE_ADAPTATION_OF_SIGNALING_PATHWAY",1.24003985054944,0.19068507289382,0.937627015954297,15,0.543073048400605,3,"App Apln Grk5"
"GOBP_NEGATIVE_REGULATION_OF_ADAPTIVE_IMMUNE_RESPONSE",1.2040864048544,0.189343163538874,0.937627015954297,51,0.426836149956488,15,"Nod2 Tnfsf18 Foxp3 Klrd1 Ahr Tnfrsf14 Il2 Clec4g Lag3 Il7r Jak3 Cd160 Hfe Cd46 Cd274"
"GOBP_NEGATIVE_REGULATION_OF_BLOOD_CIRCULATION",1.24163631000009,0.190663005100039,0.937627015954297,13,0.559746904198542,3,"App Ager Pde4d"
"GOBP_NEGATIVE_REGULATION_OF_SYSTEMIC_ARTERIAL_BLOOD_PRESSURE",1.24476621369672,0.187573118419342,0.937627015954297,14,0.552547992153566,7,"Bmpr2 Ahr Apln Tac4 Bbs4 Tnf Kcnk6"
"GOBP_POSITIVE_REGULATION_OF_FIBROBLAST_MIGRATION",1.24445106420284,0.188439911076239,0.937627015954297,13,0.561015834511211,5,"Ager Itgb3 Itgb1 Pak1 Ptk2"
"GOBP_POSITIVE_REGULATION_OF_GLIAL_CELL_DIFFERENTIATION",1.22287130542203,0.190854164198555,0.937627015954297,31,0.467121472559329,6,"Egr2 Tenm4 Serpine2 Clcn2 Csf1r Zfp365"
"GOBP_REGULATION_OF_BONE_RESORPTION",1.22787962545452,0.190258568851473,0.937627015954297,27,0.479692053423082,10,"Car2 Itgb3 Csf1r Vegfa Kiss1r Dusp18 Itgav Ubash3b Def8 Idua"
"GOBP_REGULATION_OF_DOUBLE_STRAND_BREAK_REPAIR_VIA_NONHOMOLOGOUS_END_JOINING",1.2283755177199,0.189069600574025,0.937627015954297,28,0.476515050562288,3,"Kdm4d Hmga2 Setmar"
"GOBP_REGULATION_OF_EPITHELIAL_CELL_MIGRATION",1.20115806648287,0.19115997307606,0.937627015954297,49,0.427981572863341,10,"Epb41l4b Mcc Gab2 Bmpr2 Hbegf Tgfbr3 Itga3 Rab25 Arsb Eppk1"
"GOBP_REGULATION_OF_PROTEIN_COMPLEX_STABILITY",-1.2382565974296,0.190990990990991,0.937627015954297,16,-0.429000762864426,5,"Irgm2 Scoc Trappc11 Ecsit Washc4"
"GOBP_REGULATION_OF_TYPE_I_INTERFERON_MEDIATED_SIGNALING_PATHWAY",1.21667876357429,0.189410800046855,0.937627015954297,35,0.456206620714582,8,"Ttll12 Isg15 Ikbke Rbm47 Oas3 Dcst1 Usp27x Nlrc5"
"GOBP_RESPONSE_TO_ANGIOTENSIN",1.22812231773799,0.187365911799762,0.937627015954297,29,0.474140914675794,5,"Car2 Smad3 Lrrc25 Camk2a Cybb"
"GOBP_LIPID_DROPLET_ORGANIZATION",-1.20028951796827,0.191709844559585,0.937670217507611,25,-0.372889588421976,7,"Sqle Dab2ip Rab40c Cds2 Plin3 Bscl2 Kat5"
"GOBP_NEURON_RECOGNITION",1.2324331871087,0.1920889675218,0.937670217507611,18,0.520994310391656,8,"App Tnfrsf21 Plxnd1 Ext1 Cdk5r1 Amigo1 Emb Arhgap35"
"GOBP_POSITIVE_REGULATION_OF_EXTRINSIC_APOPTOTIC_SIGNALING_PATHWAY",1.20834657598831,0.191866409178689,0.937670217507611,44,0.436757740749077,15,"App Tlr6 Hyal2 Trps1 Itm2c Jak3 Pmaip1 Tnfsf10 Tnf Bcl2l14 Ctnna1 Wdr35 Tlr4 Bid Lta"
"GOBP_REGULATION_OF_MICROTUBULE_BASED_MOVEMENT",1.22472540089487,0.192059315953121,0.937670217507611,28,0.4750990864875,12,"Kif3a Tac4 Rsph4a Map2 Nefh Bbs4 Hap1 Ttc21b Rufy3 Mapt Ccdc39 Cfap45"
"GOBP_SPERM_FLAGELLUM_ASSEMBLY",1.22641447948293,0.19286146400484,0.940314984789147,25,0.485729313258171,14,"Cabcoco1 Bbof1 Bbs4 Mns1 Spef2 Dnah1 Klc3 Armc2 Ift81 Cep70 Ift88 Cep78 Cep131 Bbs2"
"GOBP_AUDITORY_RECEPTOR_CELL_STEREOCILIUM_ORGANIZATION",1.24223061686952,0.195315601429139,0.945794428919393,12,0.570017219420615,5,"Myo3b Lhfpl5 Whrn Sod1 Myo7a"
"GOBP_EMBRYONIC_SKELETAL_SYSTEM_MORPHOGENESIS",1.21086404841044,0.195104976220856,0.945794428919393,37,0.449292841816481,11,"Smad3 Tgfb3 Mmp14 Hoxb3 Wdr19 Hspg2 Pcgf2 Rdh10 Ndst1 Tulp3 Ift140"
"GOBP_LEUKOCYTE_CHEMOTAXIS",1.15675909315729,0.194585623897936,0.945794428919393,113,0.378394341952688,24,"Cxcr3 Fcer1g Nod2 Tnfsf18 App Slamf9 Csf1r Vegfa Zfp580 Pde4d Trem1 Ffar2 Trpm4 Itga9 S100a8 Cxcl16 Ccl27a Ccl25 Ccr1 Bst1 Lyst Il12a Csf1 Jaml"
"GOBP_MONOATOMIC_CATION_TRANSMEMBRANE_TRANSPORT",1.09211310007608,0.195658697609283,0.945794428919393,415,0.338192328352239,99,"Cxcr3 Ccr5 Slc39a4 Cacna1h Gpm6a Slc12a3 Kcnk10 Pkd1l3 Slc6a13 Tmc1 Hcn3 Cacna2d2 Grin2d Slc39a2 Cox7a1 Akap7 Slc39a14 Pkd1l1 Slc35g1 Slc25a13 Slc9a9 Cacna1a Scn2b Slc5a3 Ehd3 Kcnj13 Ahr Itgb3 Fgf13 Slc18a2 Slc34a1 Kcnmb3 Slc40a1 Agrn Slc7a11 Kcnj2 Slc5a10 Gp1ba Plp1 Dmd Kcng1 Slc6a20b Pde4d Tmem38b Kcnc3 Atp2c2 Trpm4 Kcnk4 Tmem63a Slc46a1 Kcnc1 Wnk3 Bhlha15 Kcnn4 Asph Slc29a4 Akap5 Cbarp Pkd2l2 Slc9a5 Mmgt1 Slc39a8 Fgf2 Kcnh4 Mettl21c Itgav Letm2 Tpcn2 Ubash3b Taco1 Cd4 Tmem38a Abcb8 Amigo1 Nipsnap2 Tmbim1 Slc36a3 Mcoln3 Atp6v1g2 Slc48a1 Slc46a3 Fxyd4 Kcnab1 Ctns Mcoln2 Kcnk6 Bak1 Cacnb4 Micu3 Ptpn22 Scn8a Lamp2 Sco1 Selenon Lck Kcnk13 Psen1 Tmem43 Plcl1"
"GOBP_NEGATIVE_REGULATION_OF_RAS_PROTEIN_SIGNAL_TRANSDUCTION",1.22684120947549,0.195841633466135,0.945794428919393,20,0.507272568940648,4,"Timp2 Spry2 Wnt4 Spry1"
"GOBP_POSITIVE_REGULATION_OF_LYMPHOCYTE_DIFFERENTIATION",1.15653774480244,0.195602572080481,0.945794428919393,112,0.378523792514631,14,"Il15 Zap70 Il2ra Pik3r6 Cd27 Foxp3 Prdm1 Axl Il15ra Mmp14 Il2 Shb Socs1 Il7r"
"GOBP_PROGESTERONE_RECEPTOR_SIGNALING_PATHWAY",1.24269524950586,0.195327102803738,0.945794428919393,11,0.58140699718822,3,"Trerf1 Klf9 Errfi1"
"GOBP_RESPONSE_TO_MECHANICAL_STIMULUS",1.15497324371868,0.194671073014562,0.945794428919393,119,0.376217709570878,30,"Gfi1 Pkd1l3 Tmc1 Lrp11 Angpt2 Pkd1l1 Tlr3 Serpine2 F11r Mmp14 Itgb3 Kcnj2 Nrxn1 Dmd Lhfpl5 Tlr7 Kcnk4 Kcnc1 Tifab Pkd2l2 Nos3 Fgf2 Rcan1 Capn2 Habp4 Tnf Endog Whrn Tlr4 Ccnb1"
"GOBP_REGULATION_OF_DOPAMINE_SECRETION",-1.25091134897478,0.19625796178344,0.946683375419289,11,-0.486815167752542,3,"Pcp4 Prkcb Chrnb2"
"GOBP_REGULATION_OF_FIBROBLAST_APOPTOTIC_PROCESS",1.23196604654579,0.197135853438266,0.949794017274672,15,0.539537141590426,3,"Xrcc2 Ddias Socs1"
"GOBP_CARDIAC_MUSCLE_CELL_DIFFERENTIATION",1.17648911358432,0.197552072149452,0.950675615207991,74,0.399153177901029,27,"Lmna Asb2 Neb Vegfa Greb1l Sgcb Rgs2 Ccnd2 Dll1 Atg7 Itgb1 Cdk1 Rxra Sik1 Zmpste24 Sorbs2 Nebl Pak1 Ccnb1 Abcg2 Naglu Camk2d Ift88 Sirt6 Pin1 Dicer1 Hdac2"
"GOBP_CELLULAR_RESPONSE_TO_VIRUS",1.20201086541711,0.197960820254325,0.9515192256564,42,0.437766098415849,7,"Smad3 Ifih1 Tlr3 Ikbke Flt3 Tlr7 Ext1"
"GOBP_INTERFERON_ALPHA_PRODUCTION",1.21861454474729,0.198517101171968,0.951947887502286,28,0.472728545163502,8,"Ifih1 Tlr3 Flt3 Tlr7 Gbp4 Tlr4 Ddx3x Ptpn22"
"GOBP_UNSATURATED_FATTY_ACID_BIOSYNTHETIC_PROCESS",1.21829575287463,0.198316295850872,0.951947887502286,27,0.475947950644364,11,"Fabp5 Pla2g4a Elovl6 Ptges3l Prxl2b Scd2 Pnpla8 Sco1 Armc5 Mapk9 Decr2"
"GOBP_POSITIVE_REGULATION_OF_LOCOMOTION",1.1022943921026,0.198818700570628,0.952273823179646,338,0.342836360345328,79,"Sema6d Cxcr3 Epb41l4b Spry2 Egf Smad3 Gab2 Tnfsf18 Bmpr2 Pik3cb Hbegf App Sema4a Ager Plk2 Tnfrsf14 Ptp4a1 Sele Mmp14 Itgb3 Myo1f Sema7a Nr4a3 Csf1r Cass4 Angpt1 Vegfa Plp1 Tac4 Sema3b Zfp580 Epha2 Syne2 Ackr3 Dock4 Cdh5 Tgfbr3 Pde4d Trem1 Itga3 Nox1 Rhoc Rab25 Ezh2 Cxcl16 Itgb1 Ccl27a Ntn1 Ccl25 Ccr1 Elp5 Nos3 Notch1 Fgf2 Itgav Arhgap5 Rhob Cd274 Il12a Csf1 Abcc1 Gpld1 Trip6 Dock7 Rufy3 Pak1 Tlr4 Adam9 Icam1 Stx3 Snai1 Ptk2 Tmem201 Epcam Acvr1b Lgmn Igf1r Phpt1 Fbxo31"
"GOBP_GLOMERULAR_EPITHELIAL_CELL_DIFFERENTIATION",1.2341491396464,0.199686151431934,0.955207493542781,13,0.556371583750092,5,"Nphs1 Basp1 Magi2 Ext1 Prom1"
"GOBP_HEART_DEVELOPMENT",1.09965814803323,0.1998998998999,0.955207493542781,354,0.341641705546371,79,"Eng Abcb1b Tmem100 Smad3 Adam15 Nrp2 Lmna Asb2 Bmpr2 Cdkn1a Tgfb3 Prdm1 Pkd1l1 Tbc1d32 Kif3a Rps6ka2 Plxnd1 Ift122 Tenm4 Ahr Mef2b Bbs7 Neb Lix1l Apln Angpt1 Cplane2 Vegfa Lrrc25 Greb1l Efna1 Tgfbr3 Spry1 Prickle4 Sgcb Rgs2 Ccnd2 Dll1 Ext1 Rpgrip1l Fes Dhrs3 Atg7 Itgb1 Cdk1 Dnaaf4 Hspg2 Uty Rbpj Rxra Acvrl1 Nos3 Notch1 Nprl3 Fgf2 Mthfd1 Ndst1 Sik1 Zmpste24 Sorbs2 Casp7 Nebl Vcam1 Txnrd2 Tmem65 Tab1 Dvl1 Pak1 Erbb3 Tnfrsf1b Ccdc39 Ccnb1 Snai1 Ift140 Fgf20 Cluap1 Ppard Abcg2 Smyd4"
"GOBP_CARDIAC_MUSCLE_ADAPTATION",1.2285158625565,0.2002322280996,0.955560969237342,15,0.538026140201419,4,"Smad3 Lmna Errfi1 Ezh2"
"GOBP_REGULATION_OF_ENDOCYTOSIS",1.11927475981013,0.200442745019119,0.955560969237342,231,0.352683581947881,41,"Il15 Fcer1g Mctp1 Egf Iqsec2 Nod2 Sirpa App Ager C2 Axl Plk2 Kif3a Rap1gap Il15ra Sele Itgb3 Apln Angpt1 Vegfa Dlg4 Pip4p2 Kcnc3 Abr Magi2 Dll1 Cfp Atg7 Itgb1 Akap5 Nr1h3 Scarb1 Ighg3 Hap1 Plscr1 Hfe Itgav Abca2 Trf Apoa2 Appl1"
"GOBP_TYPE_B_PANCREATIC_CELL_PROLIFERATION",1.23140968542366,0.201741843234109,0.960630552596061,14,0.54661906927776,8,"Nr4a3 Errfi1 Nr1d1 Birc5 Sgpp2 Wdr13 Bad Tcf19"
"GOBP_TISSUE_REGENERATION",1.20088793954445,0.202123975528108,0.961327099477909,39,0.442238434965917,17,"Abcb1b Adam15 Cdkn1a Cd9 Dmd Ezh2 Fbxw10 Eppk1 Notch1 Abcc1 Ccnb1 Ppard Abcg2 Ifrd1 Bin3 Selenon Mustn1"
"GOBP_CELLULAR_RESPONSE_TO_LIPOPROTEIN_PARTICLE_STIMULUS",1.20767776041714,0.206670637284098,0.96278573605608,30,0.464256399989609,9,"Fcer1g App Cd9 Tlr6 Itgb1 Scarb1 Rxra Apoa2 Tlr4"
"GOBP_GLIAL_CELL_PROLIFERATION",1.19914050129443,0.203855477317327,0.96278573605608,39,0.441594924167414,21,"Atxn1 Csf1r Plag1 Notch1 Myb Csf1 Tnf Ptk2 Lta Prkci Nf2 Ski Ufl1 Tspo Dicer1 Nfix Sox4 Creb1 Fas Runx2 Epm2a"
"GOBP_GRANULOCYTE_CHEMOTAXIS",1.18140988796613,0.206302151954326,0.96278573605608,59,0.41133188873255,14,"Fcer1g Nod2 Tnfsf18 Csf1r Vegfa Pde4d Trem1 Itga9 S100a8 Ccl27a Ccl25 Bst1 Csf1 Jaml"
"GOBP_LYMPHOCYTE_MIGRATION",1.18102253674975,0.204090561084983,0.96278573605608,62,0.40897548789539,11,"Cxcr3 Aire App Tnfrsf14 F11r Itgb3 Ggt5 Ecm1 Ext1 Cxcl16 Ccl27a"
"GOBP_MAST_CELL_ACTIVATION",1.1900349013813,0.207361268403171,0.96278573605608,46,0.427477463883688,18,"Fcer1g Lcp2 Gab2 Ndrg1 Nr4a3 Slc18a2 Lat Tac4 Fes Lilrb4a Plscr1 Milr1 Tlr4 D6Wsu163e Cplx2 Hmox1 Ptpre Sphk2"
"GOBP_MEMBRANE_PROTEIN_ECTODOMAIN_PROTEOLYSIS",1.20752634158354,0.203793144068795,0.96278573605608,33,0.456721735452153,12,"Timp2 App Aph1b Tspan17 Gpld1 Tnf Tnfrsf1b Adam9 Lrig2 Aph1a Gm7324 Psen1"
"GOBP_MITOCHONDRIAL_TRNA_MODIFICATION",-1.22715227840891,0.206923076923077,0.96278573605608,10,-0.488842898824057,4,"Mettl8 Rpusd4 Gtpbp3 Cdk5rap1"
"GOBP_NEGATIVE_REGULATION_OF_ACTIN_FILAMENT_POLYMERIZATION",-1.14861743352647,0.204336947456214,0.96278573605608,44,-0.314366261358004,11,"Carmil1 Myadm Mkks Pfn2 Sptbn4 Add1 Sptan1 Gsn Add3 Tlr2 Tmod3"
"GOBP_NEGATIVE_REGULATION_OF_CELL_DEVELOPMENT",1.13605743325393,0.207863456263334,0.96278573605608,157,0.36373133836154,27,"Sema6d Zbtb46 Ccr5 Hmga2 Tnfsf18 Foxp3 Tjp2 Cit Flt3 Fgf13 Il2 Nrarp Clec2g Tmem176b Vegfa Gorasp1 Nr1d1 Map2 Shb Tmem176a Socs1 Nox1 Atf5 Lag3 Cdkl3 Ntn1 Jak3"
"GOBP_NEGATIVE_REGULATION_OF_CELL_KILLING",1.21923395145847,0.204183266932271,0.96278573605608,20,0.504127130649954,4,"Klrd1 Cd59a Serpinb9 Il7r"
"GOBP_NEGATIVE_REGULATION_OF_TRANSMEMBRANE_RECEPTOR_PROTEIN_SERINE_THREONINE_KINASE_SIGNALING_PATHWAY",1.16683025252015,0.207402680280791,0.96278573605608,80,0.39250492685062,16,"Eng Spry2 Tgfb3 Bambi Tet1 Pbld1 Crim1 Tgfbr3 Spry1 Magi2 Cav2 Spred2 Notch1 Sap30l Fstl3 Pmepa1"
"GOBP_NEGATIVE_REGULATION_OF_TYPE_II_INTERFERON_PRODUCTION",1.22084761866614,0.202875399361022,0.96278573605608,22,0.494399306074206,7,"Nod2 Foxp3 Axl Cd276 Cd274 Pdcd1lg2 Tlr4"
"GOBP_NEUTROPHIL_CHEMOTAXIS",1.19681091956902,0.205384528001818,0.96278573605608,44,0.432588169422551,15,"Fcer1g Nod2 Pde4d Trem1 Itga9 S100a8 Ccl27a Bst1 Jaml Dpp4 Vav3 Mpp1 Srp54a Prkca C5ar2"
"GOBP_POSITIVE_REGULATION_OF_INTERFERON_BETA_PRODUCTION",1.19319376169317,0.207725615314494,0.96278573605608,43,0.432704965098888,11,"Isg15 Ifih1 Tlr3 Pbld1 Oas3 Tlr7 Rnf135 Tlr4 Zbtb20 Ddx3x Ptpn22"
"GOBP_POSITIVE_REGULATION_OF_PHOSPHATIDYLINOSITOL_3_KINASE_PROTEIN_KINASE_B_SIGNAL_TRANSDUCTION",1.1538484362615,0.203469048608226,0.96278573605608,110,0.3782087729645,18,"Eng Tmem100 Spry2 Egf Hbegf Axl Csf1r Cass4 Angpt1 Vegfa Meis3 Nrxn1 Stox1 Mfhas1 Prr5l Itgb1 Cntf Fgf2"
"GOBP_REGULATION_OF_ACTIVATED_T_CELL_PROLIFERATION",1.21105195030431,0.206888304233437,0.96278573605608,28,0.46979484124203,8,"Il2ra Il12rb1 Ager Il2 Jak3 Tnfsf9 Cd274 Pdcd1lg2"
"GOBP_REGULATION_OF_EXTRINSIC_APOPTOTIC_SIGNALING_PATHWAY",1.1489730534426,0.207574503311258,0.96278573605608,115,0.374997408687914,31,"Tnfrsf4 Lmna App Gstp2 Sh3rf1 Vegfa Peli3 Tlr6 Hyal2 Trps1 Itm2c Jak3 Hspa1b Eya2 Traf1 Itgav Tnfaip3 Pmaip1 Tmbim1 Siah2 Tnfsf10 Tnf Bcl2l14 Ctnna1 Wdr35 Tnfrsf23 Tlr4 Deptor Icam1 Bid Lta"
"GOBP_REGULATION_OF_INNATE_IMMUNE_RESPONSE",1.09083194776664,0.205102551275638,0.96278573605608,398,0.338014541690836,95,"Nlrp1b Pik3r6 C1qtnf4 Gfi1 Rab13 Nod2 Dtx4 Map3k20 Ttll12 Nlrx1 Zdhhc1 Isg15 App Ifih1 Gm6377 Tlr3 Ikbke Tspan6 Klrd1 Rbm47 Gbp2 Myo1f Klrb1c Serpinb9 Peli3 Ralb Nr1d1 Tlr6 Trim62 Ffar2 Oas3 Ticam2 Tlr7 Mfhas1 Lag3 Raet1d Cfp S100a8 Dcst1 Lrp8 Tifab Nr1h3 Ccr1 Aars2 Tnip3 Esr1 Casp4 Hspa1b Slc19a1 Klrb1f Trim3 Tlr12 Usp27x Cd160 Plscr1 Alpk1 Nlrc5 Gbp7 Tnfaip3 Eif2ak2 Rnf125 Cd274 Rnf135 Il12a Appl1 Ddx60 Zcchc3 Tnf Slc15a3 Tab1 Trim30d Tlr4 Pqbp1 Pja2 Ipo5 Bid Znrf1 Kcnk6 Nlrp10 Trim30c Dpp4 Zdhhc3 Nagk Nfkbil1 Ddx3x Ptpn22 Mettl3 Srebf1 Fosl1 H60b Lamp2 Mapkapk3 Atat1 Cnot7 Kcnk13"
"GOBP_REGULATION_OF_LYMPHOCYTE_APOPTOTIC_PROCESS",1.18985419790454,0.206093189964158,0.96278573605608,50,0.423038906716256,8,"Cd27 Tnfrsf4 Bbc3 Il2 Serpinb9 Efna1 Il7r Jak3"
"GOBP_REGULATION_OF_THYMOCYTE_APOPTOTIC_PROCESS",1.22924372676138,0.207076101468625,0.96278573605608,11,0.575113572111084,3,"Bbc3 Efna1 Jak3"
"GOBP_REGULATION_OF_TISSUE_REMODELING",1.19582912340742,0.20698398063847,0.96278573605608,40,0.438660661238414,14,"Car2 Ager Itgb3 Csf1r Vegfa Kiss1r Abr Dusp18 Itgav Ubash3b Tmbim1 Bcr Def8 Idua"
"GOBP_SPECIFICATION_OF_SYMMETRY",1.17522760527012,0.207324978392394,0.96278573605608,69,0.401850086110577,22,"Eng Smad3 Asb2 Pkd1l1 Tbc1d32 Kif3a Acvr2a Dll1 Rpgrip1l Dnaaf4 Mks1 Rbpj Notch1 Dvl1 Ccdc39 Ift140 Cluap1 Cfap45 Psen1 Cited2 Ift57 Ift88"
"GOBP_TRIPEPTIDE_TRANSPORT",1.23680181035401,0.20386382058903,0.96278573605608,10,0.589896626695446,5,"Slc7a11 Abcc4 Slc25a40 Abcc1 Abcg2"
"GOBP_CARDIAC_CELL_DEVELOPMENT",1.18630698779429,0.208760588497548,0.96315994580619,53,0.419028644333244,22,"Lmna Asb2 Neb Vegfa Tgfbr3 Spry1 Sgcb Rgs2 Atg7 Cdk1 Notch1 Zmpste24 Sorbs2 Nebl Pak1 Ccnb1 Acvr1b Naglu Camk2d Pin1 Dicer1 Hdac2"
"GOBP_POSITIVE_REGULATION_OF_AMYLOID_PRECURSOR_PROTEIN_CATABOLIC_PROCESS",1.21590803087655,0.208889448501637,0.96315994580619,19,0.509101038176826,6,"App Ager Slc2a13 Efna1 Abca2 Tnf"
"GOBP_POSITIVE_REGULATION_OF_GLYCOGEN_BIOSYNTHETIC_PROCESS",-1.22350751093006,0.208846153846154,0.96315994580619,10,-0.487390985535664,1,"Sorbs1"
"GOBP_PROTEIN_O_LINKED_GLYCOSYLATION",1.16470356811312,0.208870116156283,0.96315994580619,88,0.388969578244347,23,"Il15 St8sia6 Hs3st3b1 Tmtc3 Tmtc2 Galnt14 Pxylp1 Tet1 Dse Fktn Angpt1 St6galnac2 Crppa Ext1 Tmtc4 Chst14 B3gat2 B3galt6 Ndst1 Plod3 Eogt Fut8 Csgalnact2"
"GOBP_NEGATIVE_REGULATION_OF_CYCLIN_DEPENDENT_PROTEIN_SERINE_THREONINE_KINASE_ACTIVITY",1.22189099505925,0.209263320861824,0.963332996793513,15,0.535124792325069,2,"Inca1 Cdkn1a"
"GOBP_REGULATION_OF_COAGULATION",1.20830717126138,0.209399665151878,0.963332996793513,28,0.46873007846749,7,"Angpt2 Tfpi Serpine2 Serpinc1 Angpt1 Cd9 Gp1ba"
"GOBP_POSITIVE_REGULATION_OF_FOCAL_ADHESION_ASSEMBLY",1.21224476866865,0.210207297854285,0.965958225540098,24,0.483002552977881,3,"Smad3 Wnt4 Vegfa"
"GOBP_INTESTINAL_EPITHELIAL_CELL_DIFFERENTIATION",1.22907099390871,0.210618751688733,0.966759044913598,10,0.586209388768957,2,"Prdm1 Tigar"
"GOBP_BEHAVIORAL_RESPONSE_TO_PAIN",1.2240152744126,0.211455472734406,0.967439853274355,13,0.551803096467222,5,"Cacna1a Vwa1 Capn2 Lpar5 Tspo"
"GOBP_CELL_MATURATION",1.14897356768229,0.212903225806452,0.967439853274355,107,0.377322723094832,23,"Il15 Cdkn1c Tdrkh App Axl Rps6ka2 Vegfa Diaph3 Fzd5 Nrxn1 Plp1 Shb Nox1 Pabpc1l Catspere2 Asb7 Bhlha15 Akap5 Farp2 Rxra Tdrd7 Npr2 Gpat4"
"GOBP_CILIUM_ORGANIZATION",1.10852364743711,0.21201484304483,0.967439853274355,265,0.347419303470901,89,"Rilpl1 Cfap126 Kifap3 Dnajb13 Rabl2 Cfap74 Tbc1d32 Kif3a Ift122 Ehd3 Fam161a Wdpcp Bbs7 Enkd1 Armc9 Rsph1 Cplane2 Ulk4 Ptpdc1 Rfx2 Cabcoco1 Syne2 Rsph4a Celsr2 Bbof1 Togaram1 Lca5 Arl6 Spef1 Rpgrip1l Odf2l Rsph9 Abcc4 Tctn3 Bbs4 Cdk1 Dnaaf4 Bbs10 Spaca9 Mns1 Wdr19 Wdr90 Mks1 Spata6 Zmynd10 Lima1 Spef2 Notch1 Ttc8 Dnah1 Hap1 Alpk1 Poc1a Inpp5e Klc3 Snx10 Bbs12 Gorab Rabl3 2700049A03Rik Rilpl2 Ttc21b Armc2 Ift81 Fnbp1l Wdr35 Cep70 Rab23 Pqbp1 Ccdc39 Ift140 Arhgap35 Cluap1 Fam161b Arl3 Ccdc28b Ccdc15 Ocrl Ift57 Ahi1 Ift80 Tmem216 Wdr11 Luzp1 Cep19 Ift88 Tmem231 Cep78 Trim32"
"GOBP_EPIGENETIC_PROGRAMMING_IN_THE_ZYGOTIC_PRONUCLEI",1.22704173864736,0.212780329640638,0.967439853274355,10,0.585241528903816,3,"Tet1 Kdm1b Suv39h2"
"GOBP_NEGATIVE_REGULATION_OF_ACTIN_FILAMENT_BUNDLE_ASSEMBLY",-1.1897946973316,0.21137339055794,0.967439853274355,22,-0.381261514525501,3,"Tacstd2 Stmn1 S1pr1"
"GOBP_NEGATIVE_REGULATION_OF_MICROTUBULE_POLYMERIZATION_OR_DEPOLYMERIZATION",1.19501685195535,0.212243953246152,0.967439853274355,38,0.441750137236156,15,"Ckap2l Fgf13 Diaph3 Cdh5 Map2 Katnb1 Bbof1 Spef1 Tbcd Atxn7 Hdgfl3 Tpx2 Apc2 Camsap2 Ckap2"
"GOBP_NLS_BEARING_PROTEIN_IMPORT_INTO_NUCLEUS",-1.2129678170329,0.21235006663705,0.967439853274355,15,-0.431050899314562,9,"Mbtps2 Nup35 Kpna6 Kpna2 Kpnb1 Nup54 Insig1 Insig2 Kpna1"
"GOBP_POSITIVE_REGULATION_OF_CALCIUM_ION_DEPENDENT_EXOCYTOSIS",-1.22859150315051,0.212579617834395,0.967439853274355,11,-0.47812898907325,3,"Cacna1i Kcnb1 Doc2g"
"GOBP_POSITIVE_REGULATION_OF_PRODUCTION_OF_MOLECULAR_MEDIATOR_OF_IMMUNE_RESPONSE",1.164092442315,0.212245758246391,0.967439853274355,89,0.388198201340333,11,"Fcer1g Cd27 Nod2 Tnfrsf4 Tnfrsf14 6030468B19Rik Sema7a Nr4a3 Cd55b Il2 Fzd5"
"GOBP_ARACHIDONATE_METABOLIC_PROCESS",1.21517049388683,0.21382535068874,0.969468442054844,18,0.513696742422286,3,"Mgll Pla2g4a Ahr"
"GOBP_GLYCOLYTIC_PROCESS_THROUGH_FRUCTOSE_6_PHOSPHATE",-1.18294833266141,0.213694091662065,0.969468442054844,23,-0.375907094743207,5,"Gale Mpi Galk1 Foxk1 Ppp2ca"
"GOBP_CRANIAL_SKELETAL_SYSTEM_DEVELOPMENT",1.18704607967175,0.214448495897903,0.971213410310949,43,0.430475543005075,13,"Smad3 Tgfb3 Mmp14 Cplane2 Irf6 Ext1 Tifab Wdr19 Rdh10 Ndst1 Tulp3 Rab23 Ift140"
"GOBP_POSTSYNAPSE_ASSEMBLY",1.17987878339649,0.214836331136186,0.971889995239838,52,0.417761841739625,19,"Srgap3 S1pr2 Numbl Nrxn1 Arhgap33 Dock4 Magi2 Il1rap Dock7 Cpeb3 Zdhhc8 Elmo1 Nrxn2 Zdhhc12 Ptprs Ptpn1 Asic1 Ube3b Lzts3"
"GOBP_POSITIVE_REGULATION_OF_OSTEOBLAST_DIFFERENTIATION",1.19924306325037,0.21512805241215,0.972130755689494,30,0.461013927311886,7,"Lmna Bmpr2 Wnt4 Cebpd Vegfa Acvr2a Cd276"
"GOBP_ANTIGEN_PROCESSING_AND_PRESENTATION",1.15868077724192,0.21713801504078,0.975504124449012,84,0.388232361715296,38,"Fcer1g Nod2 H2-Q2 Mpeg1 Flt3 Rab32 Raet1d Ext1 Tapbpl Kdm5d Clec4a3 Mfsd6 Hfe Abcc1 Icam1 Ptpn22 Lgmn H60b Rab27a Ifi30 Psme1 H2-Q7 H2-K1 H2-Q4 Psmb9 Cd1d1 H2-T24 Washc1 H2-Q6 Ide H2-M3 Mr1 Tapbp B2m Psme2 Ctss H2-T22 Ctse"
"GOBP_CHONDROCYTE_PROLIFERATION",1.21357506700262,0.218036382402271,0.975504124449012,15,0.531482847755307,10,"Hmga2 Bmpr2 Mmp14 Errfi1 Ext1 Npr2 Lef1 Mustn1 Grn Sirt6"
"GOBP_EMBRYONIC_APPENDAGE_MORPHOGENESIS",1.17147972539337,0.21827968801494,0.975504124449012,60,0.407363715610615,28,"Map3k20 Tbc1d32 Ift122 Lmbr1 Wdpcp Rpgrip1l Wdr19 Mks1 Notch1 Rdh10 Tulp3 Rab23 Ift140 Sp9 Lef1 Mustn1 Psen1 Ski Ift88 Tmem231 Ptch1 Dicer1 Hdac2 Cnpy4 Intu C2cd3 Tmem107 Gnaq"
"GOBP_ENDOTHELIAL_CELL_APOPTOTIC_PROCESS",1.19265656198598,0.217736289381564,0.975504124449012,36,0.444862846502024,14,"Ndnf Bmpr2 Ager Itgb3 Angpt1 Cdh5 Cd160 Tnfaip3 Rgcc Abcc1 Tnf Icam1 Prkci Abcg2"
"GOBP_INFLAMMATORY_RESPONSE_TO_ANTIGENIC_STIMULUS",1.19235175170235,0.218072149402622,0.975504124449012,37,0.44242382757211,14,"Il2ra Fcer1g Nod2 Serpinb9 Ext1 Ighg3 Rbpj Notch1 Lilrb4a Abcc1 Tnf Icam1 Lta Mkrn2"
"GOBP_MUSCLE_CELL_DEVELOPMENT",1.1425408784689,0.218523127981747,0.975504124449012,112,0.373942751427386,36,"Eng Cacna2d2 Lmna Asb2 Tmtc3 Tmod1 Neb Vegfa Efemp2 Dmd Chrnb1 Myom1 Sgcb Rgs2 Tmod4 Mybpc2 Cav2 Atg7 Itgb1 Cdk1 Uchl1 Notch1 Zmpste24 Rcan1 Sorbs2 Nebl Actn1 Pak1 Ccnb1 Cacnb4 Bin3 Selenon Dcaf8 Naglu Ski Camk2d"
"GOBP_NEGATIVE_REGULATION_OF_COLD_INDUCED_THERMOGENESIS",1.20107767788217,0.21704410011919,0.975504124449012,29,0.463699796480065,8,"Il15 Zfp423 Nr1d1 Nr1h3 Rbpj Notch1 Dock7 Tlr4"
"GOBP_NEUTRAL_LIPID_BIOSYNTHETIC_PROCESS",1.1961751917291,0.216868889150666,0.975504124449012,33,0.452428398998641,15,"Plpp1 Pla2g4a Slc27a1 Lpin1 Nr1h3 Scarb1 Gpat4 Sik1 Gpld1 Srebf1 Gpat3 Agpat2 Gpam Pck2 Dgat1"
"GOBP_REGULATION_OF_CELL_SIZE",1.14018367181337,0.217606432326564,0.975504124449012,123,0.370529877714462,32,"Sema6d Ccr5 Mgll Slc12a3 Bmpr2 Cit Ahr Sema7a Fgf13 Vegfa Mitf Map2 Il7r Wnk3 Kcnn4 Cdkl3 Ntn1 Arhgap5 Dbn1 Rptor Abcb8 Rufy3 Mapt Pak1 Deptor Arhgap35 Ifrd1 Plek Cyfip1 Akt1s1 Golga4 Cln3"
"GOBP_REGULATION_OF_POSTSYNAPSE_ASSEMBLY",1.19269021325155,0.217724161930171,0.975504124449012,37,0.442549414215374,5,"Srgap3 S1pr2 Numbl Arhgap33 Dock4"
"GOBP_RELEASE_OF_CYTOCHROME_C_FROM_MITOCHONDRIA",1.1774105470133,0.21874650876997,0.975504124449012,52,0.416887908762947,17,"Smad3 Lmna Bbc3 Bcl2a1a Plscr3 Bcl2a1b Bcl2a1d Pmaip1 Tnfsf10 Wdr35 Bid Bak1 Bmf Higd1a Pla2g6 Mapk9 Moap1"
"GOBP_SODIUM_ION_IMPORT_ACROSS_PLASMA_MEMBRANE",1.22170588050771,0.2181842745204,0.975504124449012,10,0.582696574093149,4,"Slc9a9 Slc34a1 Trpm4 Slc9a5"
"GOBP_PROTEIN_LOCALIZATION_TO_VACUOLE",-1.10723892247432,0.219101123595506,0.976017682814515,87,-0.26866375918017,22,"Vps25 Irgm2 Smurf1 Vps37c Nmt1 Lmbrd1 Nedd4 Pik3r4 Nlk Vps54 Ap3d1 Ate1 Hdac6 Vps13d Rragc Ywhag Kat5 Wdr24 Pik3c3 Sh3glb1 Atp13a2 Gpr155"
"GOBP_NEUROTRANSMITTER_RECEPTOR_TRANSPORT",1.20919653668458,0.219737856592136,0.977785484137058,16,0.523807770377122,5,"Clstn1 Camk2a Akap5 Snap47 Stx3"
"GOBP_HORMONE_METABOLIC_PROCESS",1.15211582933513,0.222397145256087,0.981050610458671,93,0.38287947006201,40,"Cacna1h Corin Wnt4 Cacna1a Selenom Clcn2 Bco2 Dhrs3 Slco4a1 Esr1 Scarb1 H6pd Rdh10 Rdh9 Hfe Zmpste24 Hsd17b7 Hsd17b1 Rdh5 Retsat Afp Ctns Star Igf1r Aldh1a3 Rdh13 Naglu Plekha1 Tspo Gh Ppargc1a Dgat1 Disp1 Hsd17b4 Hsd17b12 Adm Atp6ap2 Slc16a10 Ide Dhrs7"
"GOBP_LYSOSOMAL_MEMBRANE_ORGANIZATION",1.21002323558338,0.222293897561605,0.981050610458671,15,0.529927330071421,2,"Chmp4c Laptm4b"
"GOBP_NEURAL_NUCLEUS_DEVELOPMENT",1.21786816594395,0.222029372496662,0.981050610458671,11,0.569791405909175,4,"Cacna1a Kcnc1 Cdk5r1 Fgf2"
"GOBP_PENTOSE_METABOLIC_PROCESS",1.21813875180469,0.221495327102804,0.981050610458671,11,0.569918002122396,3,"Fggy Xylb Dcxr"
"GOBP_POSITIVE_REGULATION_OF_CARTILAGE_DEVELOPMENT",1.21401966258365,0.222309402380018,0.981050610458671,13,0.547296935740636,4,"Smad3 Bmpr2 Loxl2 Sox5"
"GOBP_PROTEOGLYCAN_CATABOLIC_PROCESS",-1.1976100548158,0.221621621621622,0.981050610458671,16,-0.414918546120885,3,"Hgsnat Hexb Hpse"
"GOBP_SYMBIONT_ENTRY_INTO_HOST",1.16671237349255,0.221787345075016,0.981050610458671,66,0.401152815310176,20,"Nectin1 Axl Tnfrsf14 Itgb3 Cd55b Trim62 Hyal2 Clec4g Cav2 Naip5 Cd209d Slc7a1 Plscr1 Itgav Tpcn2 Fuca2 Cd4 Trim30d Trim30c Dpp4"
"GOBP_ZINC_ION_TRANSPORT",1.20086720277279,0.222329979391441,0.981050610458671,24,0.478469315535736,3,"Slc39a4 Slc39a2 Slc39a14"
"GOBP_CANONICAL_WNT_SIGNALING_PATHWAY",1.12077542907469,0.22396677471637,0.981401028509022,177,0.357297938082352,48,"Wnt10a Mcc Egf Tcf7 Smad3 Dkkl1 App Wnt4 Bambi Jrk Caprin2 Znrf3 Nrarp Siah1b Fzd5 Plekha4 Tmem88 Trpm4 Lgr5 Ext1 Nphp4 Mks1 Rbpj Cdon Tle2 Notch1 Fgf2 Sulf2 Ccnyl1 Ttc21b Mllt3 Siah2 Dvl1 Snai1 Abcg2 Nle1 Ddx3x Thra Apc2 Tmem131l Lef1 Psen1 Wls Lzts2 Prdm15 Aspm Zbed3 Tle1"
"GOBP_ORGAN_GROWTH",1.13853257255666,0.224027317880795,0.981401028509022,115,0.371589884668135,30,"Spry2 Cacna2d2 Tenm4 Ahr Plag1 Wwc1 Ecm1 Tgfbr3 Tmem38b Rgs2 Ccnd2 Dll1 Ext1 Fes Cdk1 Esr1 Rbpj Rxra Notch1 Fgf2 Npr2 Poc1a Zmpste24 Sorbs2 Pak1 Tlr4 Ccnb1 Ptk2 Fgf20 Abcg2"
"GOBP_POSITIVE_REGULATION_OF_ACTIN_FILAMENT_POLYMERIZATION",-1.14124672906212,0.224162011173184,0.981401028509022,36,-0.325563511949666,7,"Carmil1 Nck2 Pfn2 Mlst8 Baiap2 Bag4 Prkce"
"GOBP_POSITIVE_REGULATION_OF_CELL_CYCLE_G2_M_PHASE_TRANSITION",-1.15992218345896,0.22394540942928,0.981401028509022,29,-0.350187057212321,6,"Cdc25a Rad51c Hspa2 Fbxo5 Pbx1 Cdc25b"
"GOBP_PROTEIN_MONOUBIQUITINATION",-1.12220021907158,0.223300970873786,0.981401028509022,53,-0.293778858245441,12,"Trim37 Fancm Kbtbd8 Rad18 Topors Nedd4 Pex10 Rnf220 Cul1 Dtl Trim56 Trim21"
"GOBP_REGULATION_OF_MICROTUBULE_DEPOLYMERIZATION",1.19165576896256,0.22414405876081,0.981401028509022,31,0.45519752987376,13,"Ckap2l Fgf13 Diaph3 Map2 Katnb1 Bbof1 Spef1 Atxn7 Hdgfl3 Tpx2 Apc2 Camsap2 Ckap2"
"GOBP_RESPONSE_TO_PH",1.2003004112452,0.223171773898181,0.981401028509022,23,0.481946518385781,8,"Car2 Pkd1l3 Kcnk4 Arsb Gpld1 Lgmn Gh Asic1"
"GOBP_ASYMMETRIC_CELL_DIVISION",1.20763778453303,0.224874209779383,0.982408659229117,15,0.528882626408756,7,"Fgf13 Sox5 Dock7 Abcg2 Ing2 Aspm Dicer1"
"GOBP_EMBRYONIC_CRANIAL_SKELETON_MORPHOGENESIS",1.19858872246684,0.224633288883501,0.982408659229117,24,0.477561485835722,8,"Smad3 Tgfb3 Mmp14 Wdr19 Rdh10 Ndst1 Tulp3 Ift140"
"GOBP_NEGATIVE_REGULATION_OF_CELL_ADHESION",1.11744917111618,0.225278058645096,0.983119236656758,186,0.355437239029176,42,"Il2ra Adam15 Tnfsf18 Foxp3 Angpt2 Ager Tnfrsf21 Plxnd1 Serpine2 Tnfrsf14 Mmp14 Myo1f Notch4 Il2 Nrarp Angpt1 Vegfa Cd9 Cd276 Epha2 Efna1 Acer2 Socs1 Clec4g Gnrh1 Lag3 Cask Slfn1 Ccl25 Jak3 Hspg2 Srcin1 Acvrl1 Notch1 Hfe Tnfaip3 Cd274 Tbcd Plxnc1 Rgcc Ubash3b Pdcd1lg2"
"GOBP_HEART_VALVE_DEVELOPMENT",1.1925725806947,0.226460071513707,0.985549782184111,29,0.460416235468568,7,"Bmpr2 Prdm1 Lix1l Efna1 Rbpj Nos3 Notch1"
"GOBP_NEURON_PROJECTION_ARBORIZATION",1.20400782190619,0.226336408441805,0.985549782184111,18,0.508977875183468,5,"Dlg4 Zfp365 Atg7 Mov10 Dvl1"
"GOBP_POSITIVE_REGULATION_OF_MONOCYTE_CHEMOTACTIC_PROTEIN_1_PRODUCTION",1.21458046757674,0.226560389084031,0.985549782184111,10,0.579298085332374,3,"Nod2 Ager Oas3"
"GOBP_SENSORY_PERCEPTION_OF_TEMPERATURE_STIMULUS",1.20759214019752,0.227869491745743,0.990187684814124,14,0.536046532324294,7,"Mmp24 Tac4 Lxn Kcnk4 Nr2f6 Tlr4 Cpeb3"
"GOBP_EMBRYONIC_AXIS_SPECIFICATION",1.19953074961397,0.229246487867178,0.993250696922419,17,0.513472233484597,5,"Tdrkh Nrarp Fzd5 Tifab Tdrd7"
"GOBP_PROTON_MOTIVE_FORCE_DRIVEN_ATP_SYNTHESIS",-1.12359133249001,0.22930542340628,0.993250696922419,52,-0.295118638651434,52,"mt-Nd6 Ndufs8 Ndufa5 Ndufv1 Stoml2 Sdhc Ndufa6 Ndufab1 Ndufs4 Ndufa2 mt-Atp6 Ndufv2 Ndufb3 mt-Nd2 mt-Nd3 mt-Nd1 mt-Nd4 Ndufs6 Ndufb7 Ndufa10 Ndufa12 Ndufs3 mt-Nd4l mt-Atp8 Sdhd Ndufb9 Ndufs2 Ndufb10 Atpsckmt Ndufs5 Ndufa8 Ndufs7 Ndufa13 Sdhb Sdha Ndufb8 Ndufa3 Ndufb5 Ndufb11 Ndufa1 Ndufv3 Ndufb6 mt-Nd5 Ndufb2 Ndufa9 Dnajc30 Ndufa7 Ndufa11 Ndufc2 Ndufb4 Ndufs1 Ndufc1"
"GOBP_REGULATION_OF_ARP2_3_COMPLEX_MEDIATED_ACTIN_NUCLEATION",-1.17113296524496,0.229077253218884,0.993250696922419,22,-0.37528149103491,5,"Carmil1 Pick1 Washc4 Washc2 Washc3"
"GOBP_LYMPHOCYTE_APOPTOTIC_PROCESS",1.1574441253814,0.229580812445981,0.993387889097472,69,0.395769312571405,10,"Il2ra Cd27 Tnfrsf4 Bbc3 Tnfrsf21 Il2 Serpinb9 Efna1 Il7r Jak3"
"GOBP_PLACENTA_BLOOD_VESSEL_DEVELOPMENT",1.19329960804146,0.230088495575221,0.994528852560553,24,0.475454109638703,5,"Socs3 Plcd3 Fzd5 Vash2 Rbpj"
"GOBP_REPRODUCTIVE_BEHAVIOR",1.19444893239045,0.230374801611525,0.994711537466711,23,0.479597023346844,5,"Mapk8ip2 App Serpine2 Acvr2a Fuom"
"GOBP_CELL_DIFFERENTIATION_IN_SPINAL_CORD",1.19825690526915,0.230779054916986,0.995402569144587,17,0.512926950505348,5,"Cacna1a Dmrt3 Zc4h2 Ighmbp2 Notch1"
"GOBP_CELLULAR_RESPONSE_TO_INSULIN_LIKE_GROWTH_FACTOR_STIMULUS",1.20938014550955,0.231375166889186,0.996092845250559,11,0.565820203416207,3,"Ccna2 Itgb3 Slc25a33"
"GOBP_DETECTION_OF_EXTERNAL_BIOTIC_STIMULUS",1.19629466604145,0.231427851926467,0.996092845250559,19,0.500888916744837,7,"Nod2 Tlr6 Naip5 Casp4 Scarb1 Itgav Tlr4"
"GOBP_POSITIVE_REGULATION_OF_CHEMOTAXIS",1.15610507772016,0.231741573033708,0.996390982790499,69,0.395311446864744,15,"Cxcr3 Smad3 Tnfsf18 Bmpr2 App Ager Csf1r Vegfa Zfp580 Trem1 Ccl27a Ccr1 Fgf2 Il12a Csf1"
"GOBP_SKELETAL_SYSTEM_MORPHOGENESIS",1.13947404897627,0.232049947970864,0.99666552995705,106,0.3745068876034,35,"Smad3 Bmpr2 Tgfb3 Mmp14 Vegfa Hyal2 Ext1 Dhrs3 Sox5 Tifab Hoxb3 Wdr19 Hspg2 Pcgf2 Spef2 Npr2 Rdh10 Poc1a Ndst1 Zmpste24 Tulp3 Rab23 Idua Tlr4 Ift140 Col10a1 Nle1 Thra Col11a2 Pex7 Psen1 Cited2 Ski Slc39a1 Ift80"
"GOBP_ENDODERM_DEVELOPMENT",1.17922059940423,0.232611966207615,0.998027762381303,38,0.435910891772078,8,"Smad3 Hmga2 Angpt2 Mmp14 Angpt1 Ext1 Notch1 Itgav"
"GOBP_ESTABLISHMENT_OR_MAINTENANCE_OF_BIPOLAR_CELL_POLARITY",1.19070721173,0.232997939144139,0.998632597215047,24,0.474421204346696,12,"Dlg3 Pard3b Syne4 Ttc8 Prkci Sh3bp1 Vangl2 Llgl1 Pard6a Myo9a Patj Ilk"
"GOBP_FIBROBLAST_APOPTOTIC_PROCESS",1.19484653535748,0.233442457819189,0.999486825704847,19,0.500282584015793,6,"Xrcc2 Ddias Socs1 Casp7 Bid Bak1"
"GOBP_2FE_2S_CLUSTER_ASSEMBLY",0.842377037440308,0.699675763307214,1,10,0.401774454590673,4,"Lyrm4 Glrx5 Nfs1 Fdx2"
"GOBP_2_OXOGLUTARATE_METABOLIC_PROCESS",0.930654018202546,0.5913217623498,1,11,0.435415487714667,2,"Gpt2 Kyat3"
"GOBP_3_UTR_MEDIATED_MRNA_DESTABILIZATION",1.06584860279789,0.401149425287356,1,17,0.456248131038903,4,"Dnd1 Zc3h12c Mov10 Cpeb3"
"GOBP_3_UTR_MEDIATED_MRNA_STABILIZATION",0.821192368078672,0.7383530596827,1,19,0.343833477956676,8,"Rbm47 Tent4a Boll Tent4b Mapkapk2 Rbm38 Stat3 Mettl16"
"GOBP_ACETYL_COA_BIOSYNTHETIC_PROCESS",-0.60207423325029,0.969766115231033,1,24,-0.189318453567158,24,"Acss1 Pdp1 Acly Pdhb Dld Dlat Ppcs Vdac1 Pdk2 Acss2 Pdk3 Mpc1 Pgk1 Pdpr Pdha1 Bckdk Pdk1 Acat1 Mpc2 Pdhx Mlycd Dip2a Sirt4 Tpk1"
"GOBP_ACETYL_COA_METABOLIC_PROCESS",-0.684330525728847,0.967741935483871,1,41,-0.189575351213282,41,"Acss1 Acat2 Pdp1 Mvd Acly Pdhb Hmgcr Dld Dlat Pmvk Ppcs Vdac1 Cs Pdk2 Acss2 Pdk3 Mpc1 Pgk1 Nme1 Nudt8 Dlst Fasn Kynu Pdpr Acaa2 Pdha1 Nudt7 Acaca Bckdk Pdk1 Mvk Acat1 Mpc2 Pdhx Hmgcs1 Mlycd Tdo2 Gcdh Dip2a Sirt4 Tpk1"
"GOBP_ACIDIC_AMINO_ACID_TRANSPORT",1.08628237091102,0.356512773513575,1,42,0.395618383305228,18,"Slc6a13 Slc25a13 Slc7a11 Best1 Per2 Itgb1 Myo6 Tnf Lrrc8b Pak1 Psen1 Arhgef11 Gipc1 Ttyh2 Slc6a6 Arl6ip5 Adora2a Slc38a2"
"GOBP_ACROSOME_ASSEMBLY",1.13519862863315,0.300811010076186,1,22,0.45971455050698,10,"Chn2 Spaca1 Rfx2 Zpbp Cep70 Zpbp2 Dcaf17 Acrbp Cep78 Sec23ip"
"GOBP_ACROSOME_REACTION",1.13624146279814,0.318425526350203,1,13,0.512233442354179,3,"Cacna1h Unc13b Plcd4"
"GOBP_ACTIN_FILAMENT_BASED_MOVEMENT",1.13288344229472,0.275691699604743,1,59,0.394436419382906,13,"Cacna1h Myo1d Myl6b Scn2b Fgf13 Kcnj2 Syne2 Pde4d Trpm4 Myl4 Myo6 Uty Frmd6"
"GOBP_ACTIN_FILAMENT_BASED_PROCESS",0.957432001814556,0.66369910973292,1,462,0.295973946143785,104,"Epb41l4b Specc1 Cacna1h Myo3b Nphs1 Rab13 Smad3 S1pr2 Cdc42bpb Asb2 Phactr2 Tgfb3 Sirpa Myo1d Vill Wnt4 Iqgap2 Cit Myl6b Scn2b Marcks Sele F11r Tmod1 Itgb3 Myo1f Neb Csf1r Fgf13 Daam1 Lix1l Diaph3 Kcnj2 Arap3 Kiss1r Syne2 Fmnl2 Myom1 Pde4d Epb41l3 Kcnc3 Abr Prickle4 Cdc42bpa Trpm4 Rhoc Elmo3 Tmod4 Asb7 Mybpc2 Myl4 Tpm3-rs7 Itgb1 Lpin1 Bbs4 Myo6 Pik3r2 Brsk2 Cdc42ep4 Casp4 Cdk5r1 Itpka Uty Frmd6 Farp2 Lima1 Gas2l3 Marcksl1 Srcin1 Bst1 Sorbs3 Ttc8 Inf2 Pkp3 Rhob Pip5k1a Rgcc Dbn1 Abi2 Nebl Actn1 Fnbp1l Bcr Svil Rufy3 Pak1 Fchsd1 Icam1 Bst2 Gas2 Myo7a Pdxp Farp1 Elmo1 Arhgap35 Stard8 Msrb2 Prkci Tmsb15b2 Enah Phpt1 Plek Cyfip1 Arhgef10"
"GOBP_ACTIN_FILAMENT_BUNDLE_ORGANIZATION",0.632205023343239,0.983850802250469,1,104,0.208119891411412,25,"Smad3 Tgfb3 Wnt4 Marcks F11r Diaph3 Kiss1r Rhoc Itgb1 Bbs4 Pik3r2 Lima1 Sorbs3 Ttc8 Rgcc Dbn1 Actn1 Pak1 Pdxp Tmsb15b2 Plek Arhgef10 Nf2 Eps8 Luzp1"
"GOBP_ACTIN_FILAMENT_DEPOLYMERIZATION",-0.917988808368324,0.621533442088091,1,43,-0.2524232402938,10,"Carmil1 Sema5a Sptbn4 Add1 Sptan1 Swap70 Gsn Add3 Mical1 Tmod3"
"GOBP_ACTIN_FILAMENT_ORGANIZATION",0.749001170559021,0.974541445324246,1,280,0.234303136940003,81,"Nphs1 Smad3 Tgfb3 Sirpa Myo1d Vill Wnt4 Iqgap2 Cit Marcks F11r Tmod1 Myo1f Neb Diaph3 Kiss1r Rhoc Elmo3 Tmod4 Tpm3-rs7 Itgb1 Bbs4 Myo6 Pik3r2 Cdc42ep4 Casp4 Lima1 Gas2l3 Marcksl1 Sorbs3 Ttc8 Inf2 Rhob Rgcc Dbn1 Abi2 Nebl Actn1 Svil Rufy3 Pak1 Fchsd1 Icam1 Gas2 Myo7a Pdxp Elmo1 Arhgap35 Msrb2 Prkci Tmsb15b2 Enah Plek Cyfip1 Arhgef10 C9orf72 Nf2 Eps8 Pacsin1 Luzp1 Tmsb15b1 Jmy Zbed3 Sdc4 Mical3 Abitram Sh3bp1 Capg Plekhg2 Kptn Alms1 Mad2l2 Ap1ar Ssh1 Rhobtb2 Diaph2 Wasl Clec2i Washc1 Kank3 Pdlim3"
"GOBP_ACTIN_FILAMENT_SEVERING",0.768700836491303,0.786975284425265,1,13,0.346541020116274,1,"Vill"
"GOBP_ACTIN_MEDIATED_CELL_CONTRACTION",1.12947771526371,0.290182151449192,1,42,0.411349902803968,10,"Cacna1h Myl6b Scn2b Fgf13 Kcnj2 Pde4d Trpm4 Myl4 Uty Frmd6"
"GOBP_ACTIN_NUCLEATION",0.416005680185241,0.999541757360522,1,42,0.15150710261702,2,"Iqgap2 Diaph3"
"GOBP_ACTIN_POLYMERIZATION_OR_DEPOLYMERIZATION",-0.838978511505086,0.9375,1,132,-0.191083878969359,20,"Carmil1 Myadm Sema5a Gba2 Mtss1 Nck2 Mkks Pfn2 Sptbn4 Mlst8 Baiap2 Add1 Sptan1 Swap70 Bag4 Prkce Gsn Add3 Mical1 Tlr2"
"GOBP_ACTION_POTENTIAL",0.971933544409158,0.541507163950563,1,62,0.336570203495495,14,"Cacna1h Akap7 Scn2b Clcn2 Fgf13 Kcnmb3 Kcnj2 Dmd Kcng1 Kcnc3 Trpm4 Kcnk4 Kcnc1 Bbs10"
"GOBP_ACTIVATED_T_CELL_PROLIFERATION",1.10123834341189,0.339910735259572,1,34,0.414477886205518,8,"Il2ra Il12rb1 Ager Il2 Jak3 Tnfsf9 Cd274 Pdcd1lg2"
"GOBP_ACTIVATION_OF_GTPASE_ACTIVITY",-0.712954384750304,0.918734491315137,1,29,-0.215244954776022,3,"Rasgrp1 Tbc1d7 Rangap1"
"GOBP_ACTIVATION_OF_INNATE_IMMUNE_RESPONSE",1.04097400484839,0.381062124248497,1,292,0.325234698116387,76,"Nlrp1b C1qtnf4 Gfi1 Rab13 Nod2 Map3k20 Nlrx1 Zdhhc1 App Ifih1 Gm6377 Tlr3 Ikbke Tspan6 Klrd1 Gbp2 Peli3 Nr1d1 Tlr6 Ffar2 Oas3 Ticam2 Tlr7 Mfhas1 S100a8 Tifab Nr1h3 Aars2 Tnip3 Esr1 Casp4 Hspa1b Slc19a1 Trim3 Tlr12 Alpk1 Gbp7 Tnfaip3 Eif2ak2 Rnf125 Cd274 Rnf135 Appl1 Ddx60 Zcchc3 Tnf Slc15a3 Tab1 Trim30d Tlr4 Pqbp1 Pja2 Ipo5 Znrf1 Kcnk6 Nlrp10 Trim30c Zdhhc3 Nagk Nfkbil1 Ddx3x Ptpn22 Fosl1 Lamp2 Mapkapk3 Atat1 Kcnk13 Appl2 Naglu Slc46a2 Irf1 Ufl1 Epg5 Trim32 Zdhhc12 Zbp1"
"GOBP_ACTIVATION_OF_PROTEIN_KINASE_ACTIVITY",0.620099327668309,0.952590827873734,1,30,0.23837905353149,7,"Angpt1 Tom1l1 Prkcz Tlr4 Tpx2 Camkk1 Sesn2"
"GOBP_ACTIVIN_RECEPTOR_SIGNALING_PATHWAY",1.0798023411237,0.371560189113832,1,24,0.430232656765376,9,"Smad3 Bmpr2 Acvr2a Magi2 Acvrl1 Fstl3 Acvr1b Cited2 Ski"
"GOBP_ACTOMYOSIN_STRUCTURE_ORGANIZATION",0.942224724340798,0.619539398946607,1,119,0.306917610100836,19,"Epb41l4b Smad3 Cdc42bpb Tgfb3 Wnt4 Iqgap2 F11r Tmod1 Neb Kiss1r Myom1 Epb41l3 Cdc42bpa Rhoc Tmod4 Mybpc2 Itgb1 Bbs4 Pik3r2"
"GOBP_ACUTE_INFLAMMATORY_RESPONSE_TO_ANTIGENIC_STIMULUS",0.970466799964261,0.540996469203609,1,13,0.437499920493968,4,"Fcer1g Serpinb9 Ext1 Ighg3"
"GOBP_ACYLGLYCEROL_HOMEOSTASIS",0.616164768237896,0.942583732057416,1,19,0.257988363619703,3,"Mtln Nr1h3 Scarb1"
"GOBP_ACYL_COA_BIOSYNTHETIC_PROCESS",0.788517452331128,0.794352505497049,1,38,0.291483498505001,17,"Elovl6 Mmut Pcca Tpk1 Sirt4 Mcee Dip2a Gcdh Mlycd Pdhx Mpc2 Acat1 Acsl1 Pdk1 Acsl5 Bckdk Acaca"
"GOBP_ACYL_COA_METABOLIC_PROCESS",0.710402284916384,0.926325919589393,1,77,0.240094429818904,30,"Elovl6 Slc27a3 Mmut Bckdhb Far2 Pcca Gpat4 Tpk1 Sirt4 Mcee Dip2a Acot7 Gcdh Tdo2 Mlycd Hmgcs1 Gpam Pdhx Mpc2 Dgat1 Acat1 Mvk Hsd17b4 Acsl1 Acadsb Pdk1 Acsl5 Bckdk Acaca Fitm2"
"GOBP_ADAPTIVE_THERMOGENESIS",0.868631664747278,0.74422511549769,1,96,0.288049812115784,39,"Il15 Fabp5 Elovl6 Zfp423 Vegfa Nr1d1 Pemt Per2 Ckb Lpin1 Nr1h3 Rbpj Dhrs7b Notch1 Cebpb Dock7 Tlr4 Thra Igf1r Plcl1 Appl2 Mcrip2 Pctp Sirt6 Ppargc1a Lipa Alms1 Decr1 Ppargc1b Trpv2 Stk11 Acsl1 Slc25a4 Kdm6b Acot13 Adam17 Hdac3 Slc25a44 Cpt2"
"GOBP_ADENYLATE_CYCLASE_ACTIVATING_G_PROTEIN_COUPLED_RECEPTOR_SIGNALING_PATHWAY",0.997148894518425,0.49514670196338,1,57,0.348775931376777,8,"Cxcr3 S1pr2 Gpr157 App Ptger1 Prkar2a Grk5 Pde4d"
"GOBP_ADENYLATE_CYCLASE_INHIBITING_G_PROTEIN_COUPLED_RECEPTOR_SIGNALING_PATHWAY",0.858090231797097,0.697257637719509,1,26,0.337193811608102,6,"App Itgb3 Apln Gnao1 Rgs2 Akap5"
"GOBP_ADENYLATE_CYCLASE_MODULATING_G_PROTEIN_COUPLED_RECEPTOR_SIGNALING_PATHWAY",0.908335337089132,0.660710487130398,1,80,0.305550952479994,12,"Cxcr3 S1pr2 Gpr157 App Ptger1 Itgb3 Apln Gnao1 Prkar2a Grk5 Pde4d Rgs2"
"GOBP_ADHERENS_JUNCTION_ORGANIZATION",1.0739419921408,0.37818831942789,1,29,0.414616550084563,9,"Cdh11 Cdh24 Plekha7 Numbl Vegfa Cdh5 Tbcd Abi2 Cdh17"
"GOBP_ADIPOSE_TISSUE_DEVELOPMENT",0.740338210688069,0.882197220383852,1,57,0.258950443996884,18,"Hmga2 Lmna Selenom Errfi1 Trpm4 Bbs4 Dhrs7b Csf1 Ccdc18 Hsd17b1 Ppard Ifrd1 Plaat3 Rasal2 Ppargc1a Lipa Abhd15 Acat1"
"GOBP_ADRENERGIC_RECEPTOR_SIGNALING_PATHWAY",0.692092343536089,0.869491745742883,1,14,0.30721771734953,3,"Pde4d Rgs2 Zdhhc21"
"GOBP_ADULT_LOCOMOTORY_BEHAVIOR",1.15778676583132,0.240449190795993,1,58,0.404009345748622,17,"Grin2d App Cacna1a Atxn1 Tmod1 Dmrt3 Ulk4 Ccnd2 Atg7 Uchl1 Zmpste24 Mapt Idua Ctns Cacnb4 Scn8a Eps8"
"GOBP_AEROBIC_ELECTRON_TRANSPORT_CHAIN",0.641125976276464,0.961352657004831,1,59,0.223221052594457,34,"Cox7a1 Cox6a2 Uqcrq Ndufs1 Ndufc2 Ndufa11 Ndufa7 Uqcr10 Coq9 Uqcc3 mt-Nd5 Ndufb6 Ndufaf1 Cox6a1 Cox7b Cox8a Cyc1 Ndufb8 Sdha Sdhb Cox7c Ndufs7 Ndufa8 Cox4i1 Uqcr11 Cox7a2 Ndufs2 Ndufb9 Dnajc15 Sdhd Ndufs3 Ndufa10 Uqcrfs1 Cox5b"
"GOBP_AGGREPHAGY",-0.972049565549112,0.482377919320594,1,13,-0.360967691304952,6,"Hdac6 Atg5 Atg4d Kat5 Htt Csnk2a1"
"GOBP_ALCOHOL_BIOSYNTHETIC_PROCESS",-0.995167526855258,0.46218487394958,1,94,-0.238649765014941,18,"Sqle Gpr146 Dhcr24 Cyp27a1 Ppip5k1 Tm7sf2 Acat2 Mbtps2 Dhfr G6pdx Apoe Erlin2 Abcg1 Itpkc Mvd Pcbd2 Sptlc2 Dhcr7"
"GOBP_ALCOHOL_CATABOLIC_PROCESS",-0.978840849052913,0.473300970873786,1,19,-0.324138246217885,5,"Cyp27a1 Aldh3b1 Apoe Gpd2 Nudt3"
"GOBP_ALCOHOL_METABOLIC_PROCESS",0.760600266291713,0.94457904300424,1,202,0.241103105119527,81,"Cacna1h Plpp1 Pla2g4a App Wnt4 Slc5a3 Clcn2 Asah2 Degs2 Errfi1 Acer2 Impa2 Sord Dhrs3 Scarb1 Itpka Lima1 Lcat H6pd Rdh10 Rdh9 Apof Abca2 Hsd17b7 Chka Apoa2 Tpk1 Ttc39d Arv1 Rdh5 Lss Retsat Gdpd3 Abca5 Acer3 Star Adh5 Cyp2r1 Msmo1 Sgpp1 Srebf1 Ipmk Gk5 Plek Cln6 Aldh1a3 Cbr4 Fmo5 Ttc39b Rdh13 Mbtps1 Plcg1 Sphk2 Plpp2 Plcb3 Pctp Hmgcs1 Agk Lipa Sgpp2 Cnpy4 Pck2 Dgat1 Sptlc1 Mvk Nudt4 Scap Prkaa1 Sc5d Ldlrap1 Dhrs7 Paqr3 Arrb1 Fkrp Ebp Ippk Inppl1 Fdft1 Rdh12 Ip6k2 Itpkb"
"GOBP_ALDEHYDE_CATABOLIC_PROCESS",-0.718231687024147,0.830265848670757,1,12,-0.272629690208777,1,"Aldh3b1"
"GOBP_ALDEHYDE_METABOLIC_PROCESS",0.967217049541297,0.545770697778775,1,49,0.344626644663864,12,"Cacna1h Wnt4 Clcn2 Rpe Bco2 Rdh10 Pdxp Adh5 Khk Grhpr Aldh1a3 Rdh13"
"GOBP_ALPHA_AMINO_ACID_CATABOLIC_PROCESS",0.833614873391295,0.762805620090718,1,56,0.292398712187699,10,"Acad8 Gpt2 Gcsh Dao Gcat Kyat3 Nos3 Prodh Cdo1 Hmgcll1"
"GOBP_ALPHA_AMINO_ACID_METABOLIC_PROCESS",0.78983514894642,0.884322991575919,1,129,0.255810958798648,32,"Acad8 Cacna1a Dglucy Gpt2 Gcsh Slc7a11 Dao Gcat Asl Pemt Mmut Kyat3 Abcc4 Pfas Apip Nos3 Slc39a8 Mthfd1 Prodh Cdo1 Plod3 Hmgcll1 Sirt4 P4ha1 Pycr2 Abcg2 Psat1 Gcdh Cln3 Aldh6a1 Tdo2 Shmt1"
"GOBP_ALPHA_BETA_T_CELL_ACTIVATION",1.08201837924605,0.31433506044905,1,156,0.346578504965936,29,"Il15 Zap70 Il12rb1 Tcf7 Tnfsf18 Foxp3 Prdm1 Sema4a Ager Itk Sh3rf1 Tnfrsf14 Cd55b Il2 Clec2g Shb Nkg7 Socs1 Jak3 Clec4a3 Myb Cd160 Lilrb4a Hfe Cd274 Il12a Abcc1 Prkcz Cebpb"
"GOBP_ALPHA_BETA_T_CELL_DIFFERENTIATION",1.03613373080875,0.421451562662237,1,111,0.339415804285128,12,"Zap70 Il12rb1 Tcf7 Tnfsf18 Foxp3 Prdm1 Sema4a Itk Sh3rf1 Il2 Shb Socs1"
"GOBP_ALTERNATIVE_MRNA_SPLICING_VIA_SPLICEOSOME",0.573704656070861,0.993114577729962,1,72,0.195215939545766,2,"Celf4 Rbm47"
"GOBP_AMELOGENESIS",1.0714394877786,0.400972710078357,1,10,0.51102653170275,2,"Nectin1 Relt"
"GOBP_AMIDE_BIOSYNTHETIC_PROCESS",1.0619827339143,0.368965160756746,1,118,0.346176653525716,53,"St8sia6 St6galnac6 Elovl6 Slc25a42 Asah2 Slc7a11 Ggt5 Degs2 Prf1 Cers6 Smpd5 Abca8b Asl Pemt Mgst2 Mmut Pcca Smpd4 St3gal2 Casp7 Tpk1 Sirt4 Mcee Dip2a Pank3 Acot7 Gcdh Pla2g6 Sphk2 St6galnac4 Mlycd Agk Gne Pdhx Mpc2 Cers5 Acat1 Sptlc1 Nfe2l2 Acsl1 Gsdmd Carns1 Ass1 Pdk1 Acsl5 Bckdk Acaca Pank2 P2rx7 B4galnt1 Hagh Gss Sirt3"
"GOBP_AMIDE_METABOLIC_PROCESS",0.973321728489211,0.587775551102204,1,302,0.303837022117077,94,"Corin St8sia6 Plpp1 Lct Slc2a13 Gstp2 St6galnac6 Elovl6 Gstk1 Slc25a42 Slc27a3 Asah2 Slc7a11 Ggt5 Degs2 Tigar Prf1 Cers6 Smpd5 Efna1 Aph1b Abca8b Acer2 Gsr Asl Gla Pemt Mgst2 Nox1 Mmut Bckdhb Far2 Gstt2 Gstm4 Pcca Smpd4 Hap1 Gpat4 Mthfd1 Abca2 Mmachc St3gal2 Abcc1 Rptor Casp7 Tpk1 Tnf Sirt4 Rtn1 Sod1 Mcee Dip2a Ctns Aph1a Acer3 Nagk Gstm1 Pank3 Cln6 Acot7 Psen1 Gcdh Plaat3 Naglu Neu3 Tdo2 Galc Pla2g6 Sphk2 St6galnac4 Shmt1 Gstt3 Gm2a Mlycd Plpp2 Hmgcs1 Gpam Pin1 Agk Gne Arl6ip5 Pdhx Mpc2 Dgat1 Cers5 Slc5a6 Bace1 Acat1 Sptlc1 Disp1 Mvk Hsd17b4 Nfe2l2 Tm9sf2"
"GOBP_AMIDE_TRANSPORT",1.01050828974163,0.4791729702471,1,206,0.320077933508412,41,"Abcb1b Car2 Pask Hmga2 Plekha8 Camk2n1 Hmgn3 Slc27a1 Slc25a42 Slc18a2 Apln Gnao1 Slc7a11 Nrxn1 Nr1d1 Glrx Ffar2 Per2 Trpm4 Slc46a1 S100a8 Cask Abcc4 Atg7 Slc25a40 Brsk2 Birc5 Slc25a47 Slc19a1 Pde1c Ildr1 Tm7sf3 Hfe Abca2 Abcc1 Rptor Gpld1 Cdh17 Tnf Sirt4 Slc15a3"
"GOBP_AMINE_BIOSYNTHETIC_PROCESS",-0.73520415549898,0.853518429870752,1,18,-0.247126385226574,4,"Cyp2d22 Gch1 Sms Atp7a"
"GOBP_AMINE_METABOLIC_PROCESS",-0.842763363587753,0.766759776536313,1,36,-0.240415147229051,8,"Cyp2d22 Hdac6 Dhps Chrnb2 Gch1 Vhl Sms Atp7a"
"GOBP_AMINE_TRANSPORT",0.852641860784611,0.719211822660099,1,42,0.310527726063593,13,"Cacna1a Slc18a2 Per2 Rgs2 Itgb1 Entpd1 Slc44a1 Tnf Slc43a1 Psen1 Tor1a Slc43a2 Arhgef11"
"GOBP_AMINOGLYCAN_CATABOLIC_PROCESS",0.909881711473032,0.620497914823708,1,18,0.384640076042566,8,"Hyal2 Fgf2 Ovgp1 Chil5 Cemip2 Idua Sgsh Pglyrp2"
"GOBP_AMINO_ACID_ACTIVATION",-0.619592768038711,0.967417061611374,1,26,-0.191289668517118,7,"Farsb Aarsd1 Sars2 Mars2 Aasdh Gatb Vars2"
"GOBP_AMINO_ACID_BETAINE_METABOLIC_PROCESS",-0.48821643168632,0.992834394904459,1,11,-0.189998407389712,11,"Crat Aldh7a1 Aldh9a1 Cpt1a Acadl Por Crot Slc22a5 Cpt2 Acadm Cpt1b"
"GOBP_AMINO_ACID_BIOSYNTHETIC_PROCESS",0.563993030677593,0.986862967157418,1,46,0.202594318975257,19,"Gcat Asl Apip Mthfd1 Plod3 Pycr2 Psat1 Cln3 Shmt1 Psph Cad Sephs2 Mri1 Carns1 Ass1 Got2 Plod1 Enoph1 Mthfd2l"
"GOBP_AMINO_ACID_CATABOLIC_PROCESS",0.837184124216645,0.764141689373297,1,63,0.289227730461978,16,"Acad8 Gpt2 Gcsh Dao Gcat Kyat3 Bckdhb Nos3 Prodh Cdo1 Hmgcll1 Gcdh Aldh6a1 Etfb Tdo2 Shmt1"
"GOBP_AMINO_ACID_METABOLIC_PROCESS",0.721333184351692,0.95744249670686,1,171,0.230121343156236,39,"Acad8 Cacna1a Dglucy Gpt2 Gcsh Slc7a11 Ggt5 Dao Gcat Asl Pemt Mmut Kyat3 Bckdhb Abcc4 Pfas Aars2 Apip Nos3 Slc39a8 Dars2 Mthfd1 Prodh Cdo1 Plod3 Acy1 Hmgcll1 Ears2 Sirt4 P4ha1 Pycr2 Abcg2 Psat1 Gcdh Cln3 Aldh6a1 Etfb Tdo2 Shmt1"
"GOBP_AMINO_ACID_TRANSPORT",1.05641565677984,0.385308458766165,1,83,0.354240813417802,33,"Slc22a15 Slc6a13 Slc25a13 Cacna1a Slc7a7 Slc7a11 Slc6a20b Best1 Per2 Rgs2 Slc36a4 Slc25a15 Itgb1 Myo6 Slc7a1 Slc36a3 Tnf Lrrc8b Pak1 Ctns Slc43a1 Cacnb4 Sfxn4 Psen1 Slc43a2 Cln3 Slc7a6 Arhgef11 Mfsd12 Gipc1 Ttyh2 Slc6a6 Arl6ip5"
"GOBP_AMINO_SUGAR_BIOSYNTHETIC_PROCESS",-1.03834134106048,0.401635991820041,1,12,-0.394138386343245,6,"Gfpt1 Uap1 Nans Uap1l1 Pgm3 Gnpda1"
"GOBP_AMINO_SUGAR_METABOLIC_PROCESS",-0.885315567278168,0.683622828784119,1,29,-0.267281769096682,10,"Hexb Gfpt1 Slc35a1 Uap1 Nans St3gal1 Uap1l1 Pgm3 Chst3 Gnpda1"
"GOBP_AMP_BIOSYNTHETIC_PROCESS",-0.699107341889956,0.847929936305732,1,11,-0.272070485408999,3,"Adsl Gart Adk"
"GOBP_AMP_METABOLIC_PROCESS",-1.07293794693062,0.348013403542365,1,18,-0.360649860877661,5,"Ampd2 Adsl Gart Adk Xdh"
"GOBP_AMYLOID_BETA_CLEARANCE",0.553321504873652,0.97798893432764,1,26,0.217432363589935,8,"App Abcc1 Tnf Igf1r Lrpap1 Ide Itgb2 Cltc"
"GOBP_AMYLOID_BETA_FORMATION",0.954629453139212,0.560259830646097,1,37,0.354216627742544,9,"Slc2a13 Efna1 Aph1b Hap1 Abca2 Tnf Rtn1 Aph1a Psen1"
"GOBP_AMYLOID_BETA_METABOLIC_PROCESS",0.932326827573596,0.600729261622607,1,43,0.33810304775104,10,"Slc2a13 Efna1 Aph1b Hap1 Abca2 Abcc1 Tnf Rtn1 Aph1a Psen1"
"GOBP_AMYLOID_FIBRIL_FORMATION",0.672965953835506,0.908106807794082,1,26,0.264447661385258,9,"App Hspg2 Mapt Psen1 Pfdn6 Ripk1 Usp8 B2m Pfdn4"
"GOBP_AMYLOID_PRECURSOR_PROTEIN_CATABOLIC_PROCESS",0.947389674230356,0.576680198466396,1,47,0.339062681468988,13,"App Ager Slc2a13 Efna1 Aph1b Hap1 Abca2 Tnf Rtn1 Adam9 Aph1a Psen1 Cln3"
"GOBP_AMYLOID_PRECURSOR_PROTEIN_METABOLIC_PROCESS",0.84452016325232,0.750386057798368,1,57,0.295390495967053,15,"App Ager Slc2a13 Efna1 Aph1b Itm2c Hap1 Abca2 Tnf Rtn1 Adam9 Aph1a Psen1 Cln3 Naglu"
"GOBP_ANATOMICAL_STRUCTURE_MATURATION",1.08646410333051,0.313049703415831,1,138,0.350537620397546,30,"Il15 Cdkn1c Tdrkh App Axl Rps6ka2 Cacna1a Vegfa Diaph3 Fzd5 Nrxn1 Plp1 Cdh5 Shb Nox1 Pabpc1l Ext1 Catspere2 Asb7 Bhlha15 Akap5 Cdk5r1 Farp2 Rbpj Rxra Tdrd7 Npr2 Gpat4 Ropn1l Snx10"
"GOBP_ANDROGEN_RECEPTOR_SIGNALING_PATHWAY",-0.633684675591618,0.97951090548579,1,33,-0.185753756467348,6,"Kdm3a Foxp1 Psmc3ip Smarca4 Ep300 Pias2"
"GOBP_ANGIOGENESIS_INVOLVED_IN_WOUND_HEALING",1.06577568339306,0.405422770496016,1,16,0.461679774547598,3,"Ndnf Pik3cb Vegfa"
"GOBP_ANGIOTENSIN_ACTIVATED_SIGNALING_PATHWAY",1.15852415610899,0.287694520727083,1,13,0.522278790172615,2,"Car2 Camk2a"
"GOBP_ANIMAL_ORGAN_FORMATION",1.1253751799557,0.31629392971246,1,22,0.455736407669881,6,"Spry1 Ext1 Rbpj Notch1 Fgf2 Rdh10"
"GOBP_ANIMAL_ORGAN_MATURATION",-1.04571953076637,0.389384288747346,1,13,-0.388324811976023,5,"Mbtps2 Rflnb Ryr1 Xylt1 Ano6"
"GOBP_ANOIKIS",-0.831103102768929,0.739370513528437,1,23,-0.264100759236925,5,"Ikbkg Chek2 Bcl2l1 Ankrd13c Mybbp1a"
"GOBP_ANTERIOR_POSTERIOR_AXIS_SPECIFICATION",0.98625918602977,0.509879985452782,1,24,0.39296165020653,5,"Tdrkh Nrarp Fzd5 Tifab Tdrd7"
"GOBP_ANTERIOR_POSTERIOR_PATTERN_SPECIFICATION",1.05926052356778,0.378842105263158,1,91,0.352597579566213,19,"Smad3 Bmpr2 Tdrkh Xrcc2 Kif3a Nrarp Fzd5 Acvr2a Bhlhe41 Celsr2 Dll1 Tifab Hoxb3 Rbpj Cdon Pcgf2 Palb2 Tdrd7 Notch1"
"GOBP_ANTEROGRADE_AXONAL_TRANSPORT",0.814319546719254,0.757804217222288,1,33,0.307999439666467,23,"Kif3a Map2 Kif1b Hap1 Sod1 Bloc1s3 Kif1c Ap3m2 Bloc1s4 Ap3s1 Agtpbp1 Kif5b Spast Kif2a Ap3m1 Bloc1s2 Borcs5 Arl8b Arl8a Ap3b1 Bloc1s1 Spg7 Bloc1s6"
"GOBP_ANTIGEN_PROCESSING_AND_PRESENTATION_OF_ENDOGENOUS_ANTIGEN",1.09758366573702,0.351929220938806,1,22,0.444481845565333,16,"H2-Q2 Raet1d Hfe H60b H2-Q7 H2-K1 H2-Q4 Cd1d1 H2-T24 H2-Q6 Ide H2-M3 Tapbp B2m H2-T22 H2-D1"
"GOBP_ANTIGEN_PROCESSING_AND_PRESENTATION_OF_EXOGENOUS_ANTIGEN",1.13864418090597,0.288584259040416,1,32,0.432944111556088,16,"Fcer1g Mpeg1 Clec4a3 Mfsd6 Lgmn Ifi30 Psme1 H2-K1 Cd1d1 H2-M3 Mr1 Tapbp B2m Psme2 Ctss Ctse"
"GOBP_ANTIGEN_PROCESSING_AND_PRESENTATION_OF_EXOGENOUS_PEPTIDE_ANTIGEN",1.17191215809337,0.255592975703632,1,26,0.460512790863256,12,"Fcer1g Mpeg1 Clec4a3 Mfsd6 Lgmn Ifi30 H2-K1 H2-M3 Tapbp B2m Ctss Ctse"
"GOBP_ANTIGEN_PROCESSING_AND_PRESENTATION_OF_EXOGENOUS_PEPTIDE_ANTIGEN_VIA_MHC_CLASS_II",1.09097308692635,0.36476957945102,1,19,0.456790741629349,1,"Fcer1g"
"GOBP_ANTIGEN_PROCESSING_AND_PRESENTATION_OF_PEPTIDE_OR_POLYSACCHARIDE_ANTIGEN_VIA_MHC_CLASS_II",1.06668895064675,0.401310907741776,1,21,0.43576948375704,1,"Fcer1g"
"GOBP_ANTIGEN_PROCESSING_AND_PRESENTATION_VIA_MHC_CLASS_IB",1.00826389980769,0.482445219123506,1,20,0.416895531936225,14,"H2-Q2 Raet1d Abcc1 H60b H2-Q7 H2-K1 H2-Q4 Cd1d1 H2-T24 H2-Q6 H2-M3 B2m H2-T22 H2-D1"
"GOBP_ANTIGEN_RECEPTOR_MEDIATED_SIGNALING_PATHWAY",0.946408683748242,0.625444930336622,1,155,0.303334191157707,47,"Zap70 Lcp2 Foxp3 Tnfrsf21 Itk Clec2g Lat Cd5 Cd276 Pde4d Shb Lag3 Kcnn4 Bcl2a1d Cd160 Cd247 Cd274 Cd4 Pdcd1lg2 Btnl1 Sla2 Cacnb4 Ptpn22 Nras Phpt1 Lck Psen1 Plcg1 Cd80 Vav3 Lax1 Sos1 Plekha1 Tespa1 Rc3h2 Lipa Rab29 Clec2i Stk11 Nfkbia Cmtm3 Fyn Zc3h12a Ripk2 Lpxn Prnp Cd8b1"
"GOBP_ANTIVIRAL_INNATE_IMMUNE_RESPONSE",1.11515999351494,0.296949891067538,1,65,0.384203029725412,14,"Nlrp1b Dtx4 Ifit3b Zdhhc1 Ifih1 Ifit3 Pbld1 Oas3 Ifit1bl2 Ifit2 Eif2ak2 Rnf135 Tnf Ifit1"
"GOBP_APOPTOTIC_CELL_CLEARANCE",1.11043827306074,0.339641434262948,1,20,0.45914244734766,6,"C2 Axl Itgb3 Nr1h3 Scarb1 Itgav"
"GOBP_APOPTOTIC_MITOCHONDRIAL_CHANGES",0.974352941074551,0.545416404447241,1,97,0.322719729544496,25,"Smad3 Lmna Bbc3 Bcl2a1a Camk2a Plscr3 Bcl2a1b Mpv17l Aifm2 Bcl2a1d Eya2 Pim2 Hk2 Pmaip1 Tnfsf10 Wdr35 Bid Bak1 Bmf Higd1a Tmem14a Them4 Pla2g6 Mapk9 Moap1"
"GOBP_APOPTOTIC_PROCESS_INVOLVED_IN_DEVELOPMENT",0.929192101012322,0.595530012771392,1,17,0.397750823475417,8,"Fzd5 Tgfbr3 Kif1b Notch1 Tnfrsf1b Bak1 Lef1 B4galt1"
"GOBP_APOPTOTIC_PROCESS_INVOLVED_IN_MORPHOGENESIS",1.07002483518432,0.401464626650974,1,13,0.482382066379759,7,"Fzd5 Tgfbr3 Notch1 Tnfrsf1b Bak1 Lef1 B4galt1"
"GOBP_APOPTOTIC_SIGNALING_PATHWAY",0.930226002158869,0.753076538269135,1,469,0.287523032192905,110,"Nlrp1b Cd27 Inca1 Maged1 Creb3l1 Nacc2 Tnfrsf10b Tnfrsf4 Smad3 Lmna Cdkn1a Pik3cb Mapk8ip2 Bbc3 App Wnt4 Gstp2 Tlr3 Ikbke Sh3rf1 Bcl2a1a Il2 Vegfa Asah2 Siah1b Peli3 Meis3 Cd5 Ddias Epha2 Ackr3 Tlr6 Hyal2 Nox1 Trps1 Itm2c Plscr3 Bcl2a1b S100a8 Slfn1 Mpv17l Tifab Brsk2 Jak3 Bcl2a1d Hspa1b Eya2 Pcgf2 Traf1 Trib3 Fgf2 Plscr1 Fhit Prodh Mettl21c Itgav Tnfaip3 Pmaip1 Il12a Dele1 Tmbim1 Siah2 Tnfsf10 Tnf Cebpb Bcl2l14 Rrp8 Ctnna1 Wdr35 Mapt Tnfrsf23 Nbn Sod1 Styxl1 Erbb3 Tnfrsf1b Tlr4 Deptor Apaf1 Icam1 Snai1 Bid Lta Zfp622 Bak1 Ppard Zdhhc3 Bmf Wfs1 Sgpp1 Ddx3x Acvr1b Ing2 Map3k5 Hmox1 Lck Psen1 Higd1a Tmem14a Trp53inp1 Pla2g6 Ell3 Dnajc10 Mapk9 Cep63 Jmy Faf1 Trim32 Moap1 Mlh1"
"GOBP_ARACHIDONATE_SECRETION",0.884745672472837,0.650770062145366,1,10,0.421982312207105,5,"Pla2g4a Kiss1r Hrh2 Pnpla8 Pla2g6"
"GOBP_ARF_PROTEIN_SIGNAL_TRANSDUCTION",0.764276534115978,0.808922027044105,1,18,0.323087474441046,1,"Iqsec2"
"GOBP_ARGININE_METABOLIC_PROCESS",0.98694753766434,0.520129694677114,1,10,0.470727822614462,7,"Asl Nos3 Slc39a8 Cln3 Odc1 Ass1 Azin1"
"GOBP_ARP2_3_COMPLEX_MEDIATED_ACTIN_NUCLEATION",-0.710536366689454,0.944027303754266,1,35,-0.20433078830495,5,"Carmil1 Pick1 Washc4 Washc2 Washc3"
"GOBP_ASPARTATE_FAMILY_AMINO_ACID_BIOSYNTHETIC_PROCESS",0.77865190480501,0.783898851761063,1,15,0.341009092085251,8,"Apip Mthfd1 Plod3 Mri1 Got2 Plod1 Enoph1 Mthfd2l"
"GOBP_ASPARTATE_TRANSMEMBRANE_TRANSPORT",0.69214741943118,0.862064306944069,1,10,0.330121952022,1,"Slc25a13"
"GOBP_ASSOCIATIVE_LEARNING",1.01881739065414,0.45831044710535,1,60,0.354277781159396,12,"Specc1 App Atxn1 Ahr Slc7a11 Lrrn4 Itgb1 Hrh2 Ddhd2 Tanc1 Srcin1 Nrgn"
"GOBP_ASTRAL_MICROTUBULE_ORGANIZATION",-0.441209433810005,0.998364008179959,1,12,-0.167476308035359,12,"Tacc1 Kpnb1 Clasp1 Ezr Pde4dip Rab11a Dlg1 Cep120 Numa1 Limk2 Tacc2 Tacc3"
"GOBP_ATP_BIOSYNTHETIC_PROCESS",0.641325355278424,0.972665880587416,1,76,0.217141726762944,47,"Slc25a13 Ldhd Entpd1 Nudt2 Sphk2 Dmac2l Lipa Ndufc1 Ndufs1 Ndufb4 Ndufc2 Ndufa11 Ndufa7 Dnajc30 Ndufa9 Ndufb2 Uqcc3 Stat3 mt-Nd5 Ndufb6 Vcp Ndufv3 Ndufa1 Aldoa Ndufb11 Ndufb5 Fam3a Ndufa3 Ndufb8 Ak3 Sdha Sdhb Ndufa13 Ndufs7 Ndufa8 Map2k1 Ndufs5 Atpsckmt Ndufb10 Ndufs2 Ndufb9 Sdhd mt-Atp8 mt-Nd4l Ndufs3 Ndufa12 Ndufa10"
"GOBP_ATP_METABOLIC_PROCESS",0.489030457710854,1,1,174,0.155990938631391,67,"App Slc25a13 Tigar Cbfa2t3 Ldhd Entpd1 Hspa1b Uchl1 Gapdhs Nt5e Hk2 Rptor Nudt2 Rasl2-9 Pfkfb1 Ctns Pfkfb2 Xpo4 Zbtb20 Khk Selenon Psen1 Sphk2 Dmac2l Tspo Sirt6 Ppargc1a Lipa Ndufc1 Bpgm Hspa1a Bad Ndufs1 Prkaa1 Ndufb4 Ddit4 Ndufc2 Fkrp Ndufa11 Ndufa7 Dnajc30 Ndufa9 Ndufb2 Hdac4 P2rx7 Uqcc3 Pfkp Stat3 mt-Nd5 Ndufb6 Vcp Ndufv3 Hif1a Prkag2 Atp6v1a Ndufa1 Slc2a6 Mtch2 Ampd3 Fignl1 Enpp1 Aldoa Ndufb11 Ndufb5 Dnm1l Fam3a Fis1"
"GOBP_ATP_SYNTHESIS_COUPLED_ELECTRON_TRANSPORT",0.778558547261405,0.848206568712187,1,69,0.266215512515305,42,"Cox7a1 Cdk1 Ccnb1 Bid Cox6a2 Uqcrq Ndufs1 Ndufc2 Ndufa11 Ndufa7 Uqcr10 Coq9 Uqcc3 mt-Nd5 Ndufb6 Ndufv3 Ndufaf1 Cox6a1 Cox7b Mtch2 Cox8a Cyc1 Ndufb8 Sdha Sdhb Cox7c Coq7 Ndufs7 Ndufa8 Cox4i1 Uqcr11 Cox7a2 Ndufs2 Ndufb9 Dnajc15 Sdhd mt-Nd4l Ndufs3 Ndufa12 Ndufa10 Uqcrfs1 Cox5b"
"GOBP_ATP_TRANSPORT",-0.731123358339413,0.841403820524211,1,15,-0.259818419496895,3,"Panx1 Slc25a24 Slc25a17"
"GOBP_ATRIOVENTRICULAR_VALVE_MORPHOGENESIS",1.1992254182627,0.245339097541205,1,10,0.571974444861228,3,"Bmpr2 Efna1 Notch1"
"GOBP_ATTACHMENT_OF_MITOTIC_SPINDLE_MICROTUBULES_TO_KINETOCHORE",0.602407697152733,0.948676725204056,1,21,0.246098819192183,4,"Cenpe Ska2 Cdk1 Birc5"
"GOBP_ATTACHMENT_OF_SPINDLE_MICROTUBULES_TO_KINETOCHORE",0.564786416556053,0.985374149659864,1,45,0.203473820719087,12,"Cenpe Ska2 Asb7 Nsl1 Cdk1 Birc5 Cdca8 Knstrn Ccnb1 Nek2 Rab24 Abraxas1"
"GOBP_AUTOPHAGIC_CELL_DEATH",-0.705138728739728,0.840764331210191,1,11,-0.27441771057684,3,"Acp2 Atg5 Sh3glb1"
"GOBP_AUTOPHAGOSOME_LYSOSOME_FUSION",0.794920185683806,0.769998736256793,1,18,0.336041659936421,6,"Diaph3 Plekhm2 Znrf1 C9orf72 Cln3 Tom1"
"GOBP_AUTOPHAGOSOME_MATURATION",0.47363153817313,0.999124055622468,1,61,0.164308599101889,23,"Chmp4c Lix1l Gabarapl1 Lamp2 Cln3 Tom1 Epg5 Clec16a Tbc1d25 Fyco1 Uvrag Chmp1b Igtp Smcr8 Atp2a2 Chmp4b Chmp7 Atg14 Phf23 Tmem39a Becn1 Vcp Vamp8"
"GOBP_AUTOPHAGOSOME_ORGANIZATION",0.478146861616254,1,1,143,0.153836769961235,44,"Gm12185 Tbc1d12 Gm5431 Ralb Tgtp2 Atg7 Gabarapl1 Efnb1 Ap4m1 Rptor Dnajc16 Rab23 Deptor Rab3gap2 Ifi47 Psen1 C9orf72 Cln3 Usp33 Trp53inp1 Wipi1 Tom1 Ift88 Trim32 Moap1 Atg10 Rab19 Stx12 Atg2b Atg101 Prkaa1 Igtp Pip4k2a Ulk2 Smcr8 Atp2a2 Rnf5 Epm2a Atg14 Phf23 Ehmt2 Tmem39a Scfd1 Becn1"
"GOBP_AUTOPHAGY_OF_MITOCHONDRION",0.436697864054242,1,1,95,0.144915903160919,22,"Nod2 Tigar Atg7 Gabarapl1 Hk2 Abi2 Dele1 Nipsnap2 Eif2ak1 Srebf1 Fundc1 Wipi1 Tspo Vps13c Atg10 Clec16a Atg2b Mul1 Igtp Capn10 Slc25a4 Ulk2"
"GOBP_AUTOPHAGY_OF_PEROXISOME",-0.707472592942579,0.867567567567568,1,16,-0.245107744798667,4,"Pik3r4 Pex10 Rb1cc1 Pik3c3"
"GOBP_AXIS_SPECIFICATION",1.15362970176693,0.257074120746935,1,42,0.420145930531087,10,"Tdrkh Pkd1l1 Nrarp Fzd5 Dll1 Tifab Mns1 Tdrd7 Notch1 Ttc8"
"GOBP_AXONAL_TRANSPORT",1.07269893177043,0.368134916232109,1,55,0.377135027081237,14,"Bsn Armcx6 Dst Kif3a Map2 Uchl1 Kif1b Hap1 Tmem108 Rufy3 Sod1 Armcx2 Bloc1s3 Tmem230"
"GOBP_AXONAL_TRANSPORT_OF_MITOCHONDRION",0.977479201541461,0.530633849411142,1,12,0.448531833733309,7,"Armcx6 Uchl1 Armcx2 Trak1 Agtpbp1 Spast Hif1a"
"GOBP_AXON_ENSHEATHMENT_IN_CENTRAL_NERVOUS_SYSTEM",1.07398099983294,0.396723003483421,1,15,0.470347896678626,5,"Tenm4 Ulk4 Plp1 Abca2 Ccdc39"
"GOBP_AXO_DENDRITIC_TRANSPORT",1.05951380749503,0.381415739948674,1,77,0.358083537872795,15,"Bsn Armcx6 Kifap3 App Dst Kif3a Map2 Uchl1 Kif1b Hap1 Klc3 Tmem108 Rufy3 Mapt Sod1"
"GOBP_BARBED_END_ACTIN_FILAMENT_CAPPING",-0.932172528019325,0.551776649746193,1,20,-0.305312393334751,4,"Carmil1 Add1 Gsn Add3"
"GOBP_BASEMENT_MEMBRANE_ORGANIZATION",1.12368928452251,0.321419737818452,1,21,0.459055565469952,10,"Fktn Ext1 Cav2 Itgb1 Nid1 Plod3 Mmp11 Gas2 Megf9 Lamb2"
"GOBP_BASE_EXCISION_REPAIR",0.653120460805141,0.945011337868481,1,45,0.235297648198031,12,"Hmga2 Polq Poll Ercc5 Mutyh Dna2 Ung Lig4 Dcaf1 Sirt6 Fen1 Rpa3"
"GOBP_BENZENE_CONTAINING_COMPOUND_METABOLIC_PROCESS",0.757743065050121,0.797538705835649,1,12,0.347702422649668,3,"Pon3 Kyat3 Gstm4"
"GOBP_BICARBONATE_TRANSPORT",1.12812045086847,0.327971753628874,1,13,0.508572377314452,4,"Slc39a4 Slc39a14 Best1 Slc39a8"
"GOBP_BILE_ACID_BIOSYNTHETIC_PROCESS",-0.842849420726748,0.656441717791411,1,12,-0.319932663257246,2,"Cyp27a1 Stard4"
"GOBP_BILE_ACID_METABOLIC_PROCESS",-1.03878122360289,0.387745332695069,1,18,-0.349168658678203,3,"Gba2 Cyp27a1 Stard4"
"GOBP_BIOLOGICAL_PROCESS_INVOLVED_IN_INTERACTION_WITH_SYMBIONT",1.11728651368981,0.340918007061593,1,13,0.503688287869585,2,"Dao Trem1"
"GOBP_BIOLOGICAL_PROCESS_INVOLVED_IN_INTRASPECIES_INTERACTION_BETWEEN_ORGANISMS",1.16165973450752,0.260813046561097,1,32,0.441695263648277,8,"Mapk8ip2 Atxn1 Nrxn1 Ulk4 Dlg4 Gnb1l Ext1 Bbs4"
"GOBP_BLASTOCYST_DEVELOPMENT",0.881220209789042,0.72918620402209,1,105,0.289925865686228,21,"Specc1 St8sia6 Hbegf Tet1 Zfp14 Pnldc1 Spic Tgfbr3 Pemt Ncapg2 Oosp1 Palb2 Capn2 Mxi1 Nbn Phf6 Nle1 Nek2 Cited2 Pelo Grn"
"GOBP_BLASTOCYST_FORMATION",0.502482867682204,0.995267228442803,1,39,0.185044107517027,2,"Tet1 Pnldc1"
"GOBP_BLASTOCYST_GROWTH",0.694190855003478,0.883509461784222,1,22,0.281122288932142,7,"Hbegf Ncapg2 Palb2 Nbn Pelo Dicer1 Rad51b"
"GOBP_BLOOD_VESSEL_ENDOTHELIAL_CELL_MIGRATION",1.02158847408784,0.450542437779196,1,80,0.34364768005221,20,"Angpt2 Plk2 Pik3r3 Angpt1 Vegfa Epha2 Efna1 Cdh5 Tgfbr3 Itgb1 Pik3r2 Scarb1 Acvrl1 Nos3 Notch1 Fgf2 Rgcc Gpld1 Tnf Ctnnd1"
"GOBP_BLOOD_VESSEL_ENDOTHELIAL_CELL_PROLIFERATION_INVOLVED_IN_SPROUTING_ANGIOGENESIS",0.778752103665138,0.777703604806409,1,11,0.364346707148029,6,"Nrarp Vegfa Epha2 Il12a Hmox1 Ppp1r16b"
"GOBP_BODY_FLUID_SECRETION",1.13173061228002,0.278963244330242,1,52,0.400713930610897,15,"Sytl2 Vegfa Tac4 Celsr2 Socs2 Wnk3 Atg7 Kcnn4 Tifab Nr1h3 Uprt Gpat4 Cdo1 Hk2 Slc29a1"
"GOBP_BODY_MORPHOGENESIS",0.975010706715718,0.527702940142907,1,35,0.36559061684005,11,"Tgfb3 Ift122 Asph Cdon Lef1 Ski Plekha1 Gatad2a Zfp281 Atp6ap2 Csrnp1"
"GOBP_BONE_CELL_DEVELOPMENT",-1.0514032973099,0.382307692307692,1,10,-0.418832319943651,4,"Anxa2 Tyrobp Lrrk1 Foxp1"
"GOBP_BONE_DEVELOPMENT",-0.978712478552873,0.559171597633136,1,115,-0.227331012748204,25,"Spns2 Anxa2 Mapk11 Atg9a Map2k6 Hoxb4 Mbtps2 Rflnb Tyrobp Ggcx Fancb Nab1 Lrrk1 Mcph1 Prpsap2 Opa3 Foxp1 Foxn3 Lifr Ryr1 Blvrb Xylt1 Ano6 Tapt1 Acp5"
"GOBP_BONE_GROWTH",1.11749656778376,0.330268199233716,1,17,0.478356606327897,10,"Ecm1 Ext1 Npr2 Poc1a Zmpste24 Tlr4 Ift80 Carm1 Rara Ctdspl2"
"GOBP_BONE_MATURATION",-1.04571953076637,0.389384288747346,1,13,-0.388324811976023,5,"Mbtps2 Rflnb Ryr1 Xylt1 Ano6"
"GOBP_BONE_MORPHOGENESIS",1.02991642683956,0.44167610419026,1,46,0.369960630269329,23,"Bmpr2 Mmp14 Ext1 Dhrs3 Tifab Hspg2 Npr2 Poc1a Zmpste24 Rab23 Tlr4 Col10a1 Pex7 Cited2 Ski Ift80 Nfix Nab2 Tmem107 Carm1 Inppl1 Runx2 Rara"
"GOBP_BONE_REMODELING",1.14296303723338,0.259099933818663,1,57,0.399777806535931,16,"Car2 Itgb3 Csf1r Slc34a1 Vegfa Mitf Kiss1r Epha2 Ext1 Rab3d Dusp18 Itgav Snx10 Ubash3b Def8 Idua"
"GOBP_BONE_RESORPTION",1.07254409158665,0.376860622462788,1,47,0.383854379648501,13,"Car2 Itgb3 Csf1r Vegfa Kiss1r Ext1 Rab3d Dusp18 Itgav Snx10 Ubash3b Def8 Idua"
"GOBP_BRAIN_MORPHOGENESIS",0.746721379001424,0.83127823220608,1,23,0.29982474840663,7,"Bbs4 Spef2 Psen1 Ift88 Sos1 Nfix Bbs2"
"GOBP_BRANCHED_CHAIN_AMINO_ACID_METABOLIC_PROCESS",0.817812239117727,0.747005444646098,1,25,0.323899777706686,10,"Acad8 Dao Bckdhb Hmgcll1 Aldh6a1 Mcrip2 Acat1 Acadsb Bckdk Slc25a44"
"GOBP_BRANCHING_INVOLVED_IN_MAMMARY_GLAND_DUCT_MORPHOGENESIS",1.06863485182701,0.404263616274535,1,14,0.474363808420496,4,"Wnt4 Epha2 Esr1 Csf1"
"GOBP_BROWN_FAT_CELL_DIFFERENTIATION",-1.13018503318828,0.241620111731844,1,36,-0.322407941409924,5,"Itga6 Zfp516 Adrb2 Dusp10 Lamb3"
"GOBP_B_CELL_ACTIVATION",0.596506948268223,0.999195494770716,1,237,0.187760420434121,13,"Cd27 Nod2 Tnfrsf4 Cdkn1a Il9r Foxp3 Prdm1 Tnfrsf21 Ahr Mmp14 6030468B19Rik Flt3 Il2"
"GOBP_B_CELL_ACTIVATION_INVOLVED_IN_IMMUNE_RESPONSE",-0.631976947914571,1,1,84,-0.154663121840614,27,"Lgals1 Itm2a Shld3 Paxip1 Pcyt1a Shld2 Lfng Bcl6 Swap70 Tfrc Tbx21 Irf8 Aplf Notch2 Ercc1 Cd19 Msh6 St3gal1 Kmt5c Plcl2 Kmt5b Il27ra Ptprc Ccr6 Spi1 Tgfb1 Cd40"
"GOBP_B_CELL_APOPTOTIC_PROCESS",0.712762562164103,0.867256637168142,1,24,0.283990614841266,2,"Tnfrsf21 Il2"
"GOBP_B_CELL_DIFFERENTIATION",0.632083049298981,0.98861071208701,1,132,0.204450644448374,16,"Cd27 Il9r Prdm1 Ahr Mmp14 6030468B19Rik Flt3 Il2 Dll1 Ezh2 Jak3 Rbpj Myb Lilrb4a Tnfaip3 Rabl3"
"GOBP_B_CELL_HOMEOSTASIS",-0.85400923320279,0.750943396226415,1,40,-0.237232986686706,7,"Spns2 Ikbkg Traf3ip2 Pirb Ikbkb Rc3h1 Cd44"
"GOBP_B_CELL_PROLIFERATION",1.08989179817434,0.331757119828049,1,73,0.370150312829763,10,"Cd27 Tnfrsf4 Cdkn1a Il9r Prdm1 Tnfrsf21 Ahr Il2 Shb Il7r"
"GOBP_B_CELL_RECEPTOR_SIGNALING_PATHWAY",0.44199714734383,0.999553122556139,1,52,0.156498739460736,2,"Itk Cd5"
"GOBP_C21_STEROID_HORMONE_METABOLIC_PROCESS",1.10458844143637,0.355307118992547,1,16,0.478492942329728,3,"Cacna1h Wnt4 Clcn2"
"GOBP_C4_DICARBOXYLATE_TRANSPORT",-0.734625205153171,0.829796448679082,1,14,-0.266807420967897,5,"Lrrc8a Slc12a2 Slc1a5 Lrrc8d Slc16a1"
"GOBP_CALCINEURIN_MEDIATED_SIGNALING",0.398621173823171,0.999531451329507,1,35,0.149467241559235,10,"Akap5 Rcan1 Tnf Erbb3 3425401B19Rik Nfat5 Prnp Ppp3cc Nfatc1 Dyrk2"
"GOBP_CALCIUM_IMPORT_INTO_THE_MITOCHONDRION",-0.669029423301687,0.914825046040516,1,17,-0.228011472275335,17,"Mcur1 Maip1 Ucp2 Vdac1 Smdt1 Hspa9 Opa1 Itpr1 Akt1 Psen2 Spg7 Mcu Slc25a23 Micu1 Afg3l2 Micu2 Micu3"
"GOBP_CALCIUM_ION_HOMEOSTASIS",1.05384515391492,0.378597486826105,1,167,0.336437694486463,44,"Cxcr3 Ccr5 Pik3cb App Tmtc2 Slc35g1 Clstn1 Cacna1a Itgb3 Slc34a1 Gp1ba Dmd Mtln Cdh5 Pde4d Tmem38b Atp2c2 Tmtc4 Cav2 Asph Ccr1 Marcksl1 Nt5e Fgf2 Mettl21c Itgav Snx10 Tpcn2 Ubash3b Tmem38a Tmem203 Bak1 Cacnb4 Micu3 Wfs1 Pdzd8 Selenon Lck Psen1 Plcl1 Cln3 Plcg1 Camk2d Micu2"
"GOBP_CALCIUM_ION_IMPORT",1.02814255881251,0.45261570583459,1,37,0.381493771037096,8,"Cacna1h Egf Cacna1a Atp2c2 Cask Wnk3 Kcnn4 Akap5"
"GOBP_CALCIUM_ION_IMPORT_ACROSS_PLASMA_MEMBRANE",0.743852628336065,0.827165253148291,1,16,0.322227011835638,3,"Cacna1a Kcnn4 Akap5"
"GOBP_CALCIUM_ION_REGULATED_EXOCYTOSIS",0.699915713494811,0.898854299270918,1,38,0.258730964324197,5,"Cacna1h Cacna1a Unc13b Cbarp Notch1"
"GOBP_CALCIUM_ION_REGULATED_EXOCYTOSIS_OF_NEUROTRANSMITTER",1.08595963269814,0.383088527193331,1,12,0.498309799989936,2,"Cacna1a Unc13b"
"GOBP_CALCIUM_ION_TRANSMEMBRANE_IMPORT_INTO_CYTOSOL",1.0880964451603,0.328907155653915,1,89,0.36285527466876,19,"Cxcr3 Ccr5 Grin2d Cacna1a Itgb3 Gp1ba Dmd Pde4d Tmem38b Kcnn4 Asph Akap5 Fgf2 Mettl21c Itgav Tpcn2 Ubash3b Cd4 Tmem38a"
"GOBP_CALCIUM_ION_TRANSPORT_INTO_CYTOSOL",-0.752360351097537,0.812162162162162,1,16,-0.260659353836507,3,"Cacna1i Ryr2 Pml"
"GOBP_CAMP_METABOLIC_PROCESS",0.633052547727944,0.913457721317983,1,12,0.290486201275878,3,"Epha2 Pde4d Pde8a"
"GOBP_CAMP_PKA_SIGNAL_TRANSDUCTION",1.03909277820923,0.430702372562838,1,34,0.391087888339624,8,"Rab13 App Akap7 Prkar2a Myom1 Pde4d Pde8a Pde1c"
"GOBP_CANONICAL_NF_KAPPAB_SIGNAL_TRANSDUCTION",0.766365988185624,0.953467336683417,1,242,0.24099949531887,43,"Tnfrsf19 Nod2 Nlrx1 Sirpa Tlr3 Ikbke Tspan6 Pbld1 Angpt1 Saa3 Lrrc25 Nr1d1 S100a4 Tgfbr3 Tlr6 Trim62 Ticam2 Tlr7 Tifab Ccr1 Tnip3 Esr1 Il1rap Traf1 Slc39a8 Nampt Alpk1 Gbp7 Pim2 Tnfaip3 Cd4 Casp7 Tnfsf10 Tnf Tab1 Trim30d Tlr4 Lta Anxa4 Prmt2 Trim30c Nagk Nfkbil1"
"GOBP_CARBOHYDRATE_BIOSYNTHETIC_PROCESS",0.671375473623876,0.977125859062468,1,133,0.217090052101855,13,"St8sia6 Egf Pask Slc39a14 St6galnac6 Slc25a13 Gpt2 Nr1d1 Per2 Ext1 Sord Chst14 B3gat2"
"GOBP_CARBOHYDRATE_CATABOLIC_PROCESS",-0.780973047554498,0.985239852398524,1,130,-0.177144135957101,20,"Glyctk Hexb Gale Pygm Mpi Naga Pgm1 Mlst8 Aldoc Mttp Agl Arl2 Galk1 Mfsd8 Hsd11b1 Git1 Myc Man2c1 Foxk1 Pygb"
"GOBP_CARBOHYDRATE_DERIVATIVE_BIOSYNTHETIC_PROCESS",0.80484433328701,0.967787114845938,1,437,0.2490293068936,68,"Il15 St8sia6 Egf Dctd Plekha8 Bmpr2 Hs3st3b1 Nme4 Tmtc3 Hbegf A3galt2 Tmtc2 Mgat4b St6galnac6 Slc25a13 Rrm2 Pygl Galnt14 Pxylp1 Tet1 Dse Tyms Fktn Angpt1 Derl3 Fcsk Uggt2 Tk1 Gorasp1 St6galnac2 Acer2 Sccpdh Crppa Fuom B3gnt9 Itm2c Ext1 Ldhd Engase Tmtc4 Gmpr Chst14 Cdk1 B3gat2 Entpd1 Pfas Jak3 Tyw5 B3galt6 Uck2 Rft1 Nt5e Slc39a8 Uprt Npr2 Mthfd1 Ndst1 Abca2 Plod3 6430550D23Rik St3gal2 Eogt Lcmt2 Ramp1 B3gnt7 Fut8 Nudt2 Csgalnact2"
"GOBP_CARBOHYDRATE_DERIVATIVE_CATABOLIC_PROCESS",0.696753697991077,0.973449533846777,1,172,0.222320821386402,50,"App Lct Fbxo44 Tigar Pde4d Gla Hyal2 Nudt1 Cbfa2t3 Pde8a Entpd1 Arsb Uchl1 Gapdhs Nt5e Fgf2 Sulf2 Hk2 Fuca2 Rptor Ovgp1 Chil5 Rasl2-9 Pfkfb1 Cemip2 Idua Nudt9 Pfkfb2 Xpo4 Zbtb20 Nagk Khk Mgat1 Psen1 Man2b2 Pde4c Naglu Neu3 Entpd7 Galc Gm2a Nudt16 Sgsh Sirt6 Pglyrp2 Ppargc1a Lipa Cst3 Bpgm Dctpp1"
"GOBP_CARBOHYDRATE_DERIVATIVE_TRANSPORT",-0.892120524887652,0.700738916256158,1,64,-0.227191224922072,10,"Pltp Slc35d1 Slc25a26 Lrrc8a Panx1 Slc35e3 Slc25a24 Slc35a1 Abcg1 Slc25a17"
"GOBP_CARBOHYDRATE_HOMEOSTASIS",0.98252254900883,0.553531673750253,1,183,0.312759027387623,54,"Fabp5 Smad3 Ager Slc39a14 Camk2n1 Cacna1a Hmgn3 Pygl Unc13b Nrxn1 Nr1d1 Ffar2 Sgcb Trpm4 Plscr3 Atg7 Bhlha15 Pik3r2 Brsk2 Birc5 Pde1c Gpr21 Hk2 Slc29a1 Rptor Gpld1 Vcam1 Endog Icam1 Mbd5 Star Zbtb20 Ppard Wfs1 Igf1r Cry2 Mustn1 Pde4c Appl2 Pde3b Pla2g6 Ptch1 Aacs Ndufaf2 Sirt6 Tent4b Sesn2 Alms1 Mpc2 Pck2 Usf2 Sox4 Bad Mrgpre"
"GOBP_CARBOHYDRATE_METABOLIC_PROCESS",0.729402943042562,0.989691753402722,1,365,0.226459847508699,76,"Fabp5 St8sia6 Egf Pask Fggy Pla2g4a App Lct A3galt2 Slc39a14 St6galnac6 Slc25a13 Xylb Pygl Gpt2 Errfi1 Tigar Fcsk Nr1d1 Gla Hyal2 Rpe Per2 Fuom Cbfa2t3 Ext1 Ydjc Sord Chst14 Slc2a8 B3gat2 Gabarapl1 Uchl1 Gapdhs Dcxr H6pd Ndst1 Hk2 Sik1 Chid1 Zmpste24 Cd101 Pmaip1 St3gal2 Fuca2 Rptor Phkg1 Gpld1 Ovgp1 Glb1l Chil5 Rasl2-9 Tnf Pfkfb1 Idua Slc23a2 Pfkfb2 Xpo4 Zbtb20 Nagk Khk Gk5 Edem1 Plek Mgat1 Gys1 Selenon Psen1 Man1c1 Man2b2 Epm2aip1 Neu3 Mst1 Wipi1 Gnptab St6galnac4"
"GOBP_CARBOHYDRATE_PHOSPHORYLATION",1.17546325807972,0.254266633687856,1,21,0.480206546470924,10,"Fggy Xylb Fcsk Hk2 Pfkfb1 Pfkfb2 Nagk Khk Gnptab Gne"
"GOBP_CARBOHYDRATE_TRANSPORT",1.1022236461806,0.302946788212847,1,83,0.369601300856832,34,"Fabp5 Slc5a3 Slc27a1 Nr4a3 Slc5a10 Rnasel Repin1 Sgcb Slc2a8 Esr1 Slc2a3 Trib3 Slc27a4 Tmem144 Hk2 Appl1 Tnf Erbb3 Slc23a2 Ctnnd1 Ctns Prkci Selenon Appl2 Ahi1 Mfsd12 Sirt6 Sesn2 Prkca Nfe2l2 C2cd5 Aqp3 Capn10 Stxbp4"
"GOBP_CARDIAC_ATRIUM_DEVELOPMENT",1.19708116556127,0.241532627174055,1,13,0.539660825880049,2,"Eng Bmpr2"
"GOBP_CARDIAC_CHAMBER_DEVELOPMENT",1.04911409108071,0.398130444019545,1,82,0.352244650339042,25,"Eng Nrp2 Bmpr2 Prdm1 Plxnd1 Ahr Greb1l Tgfbr3 Dhrs3 Rbpj Rxra Nos3 Notch1 Nprl3 Ndst1 Zmpste24 Tmem65 Tab1 Abcg2 Cited2 Naglu Luzp1 Ift88 Sos1 Adamts6"
"GOBP_CARDIAC_CHAMBER_MORPHOGENESIS",1.16339644994556,0.237567204301075,1,50,0.413632160250635,10,"Eng Nrp2 Bmpr2 Ahr Tgfbr3 Dhrs3 Rbpj Rxra Nos3 Notch1"
"GOBP_CARDIAC_CONDUCTION",1.00955263148573,0.481820430373485,1,21,0.412427848607001,7,"Scn2b Ehd3 Kcnj2 Pde4d Trpm4 Zmpste24 Tmem65"
"GOBP_CARDIAC_MUSCLE_CELL_ACTION_POTENTIAL",0.976054626129536,0.52423391527286,1,23,0.391906996290589,5,"Scn2b Fgf13 Kcnj2 Dmd Trpm4"
"GOBP_CARDIAC_MUSCLE_CELL_ACTION_POTENTIAL_INVOLVED_IN_CONTRACTION",0.862052467952454,0.677252878126241,1,12,0.395566446442327,3,"Scn2b Kcnj2 Trpm4"
"GOBP_CARDIAC_MUSCLE_CELL_CONTRACTION",1.06765516451167,0.389619708203779,1,28,0.414167937541374,7,"Cacna1h Scn2b Fgf13 Kcnj2 Pde4d Trpm4 Uty"
"GOBP_CARDIAC_MUSCLE_CELL_PROLIFERATION",1.05873269723387,0.404200700116686,1,36,0.39490902610886,12,"Tenm4 Tgfbr3 Ccnd2 Fes Cdk1 Rbpj Rxra Notch1 Fgf2 Ccnb1 Fgf20 Cited2"
"GOBP_CARDIAC_MUSCLE_CONTRACTION",1.0556070369231,0.393936065033505,1,60,0.367070804098901,13,"Cacna1h Scn2b Ehd3 Fgf13 Agrn Kcnj2 Dmd Pde4d Tmem38b Rgs2 Trpm4 Myl4 Uty"
"GOBP_CARDIAC_MUSCLE_TISSUE_DEVELOPMENT",1.11176787706721,0.26482659552637,1,132,0.359607268689587,33,"Eng Lmna Asb2 Bmpr2 Tenm4 Neb Angpt1 Vegfa Greb1l Tgfbr3 Sgcb Rgs2 Ccnd2 Dll1 Fes Atg7 Itgb1 Cdk1 Hspg2 Rbpj Rxra Notch1 Nprl3 Fgf2 Sik1 Zmpste24 Sorbs2 Nebl Pak1 Erbb3 Ccnb1 Fgf20 Abcg2"
"GOBP_CARDIAC_MUSCLE_TISSUE_MORPHOGENESIS",1.05744027948044,0.404378157324994,1,26,0.415530098319844,6,"Eng Angpt1 Tgfbr3 Rbpj Rxra Notch1"
"GOBP_CARDIAC_SEPTUM_DEVELOPMENT",1.02738726691813,0.442468159859464,1,59,0.357705779565409,12,"Eng Nrp2 Bmpr2 Prdm1 Plxnd1 Tgfbr3 Dhrs3 Rbpj Nos3 Notch1 Nprl3 Ndst1"
"GOBP_CARDIAC_VENTRICLE_DEVELOPMENT",0.994815183032974,0.501088139281828,1,64,0.343085407895121,17,"Eng Bmpr2 Prdm1 Ahr Greb1l Tgfbr3 Rbpj Rxra Nos3 Notch1 Nprl3 Zmpste24 Tmem65 Abcg2 Cited2 Naglu Luzp1"
"GOBP_CARDIAC_VENTRICLE_MORPHOGENESIS",1.15787384353439,0.267829224293446,1,27,0.452343104401858,6,"Eng Ahr Tgfbr3 Rbpj Rxra Notch1"
"GOBP_CARDIOLIPIN_METABOLIC_PROCESS",0.673307356044199,0.880907877169559,1,11,0.3150133616573,3,"Lclat1 Pnpla8 Pla2g6"
"GOBP_CARNITINE_METABOLIC_PROCESS",-0.476918891839026,0.996538461538461,1,10,-0.189983278923481,10,"Crat Aldh9a1 Cpt1a Acadl Por Crot Slc22a5 Cpt2 Acadm Cpt1b"
"GOBP_CARTILAGE_DEVELOPMENT_INVOLVED_IN_ENDOCHONDRAL_BONE_MORPHOGENESIS",1.09102881380917,0.365221786932895,1,18,0.461217541375571,10,"Ext1 Hspg2 Npr2 Poc1a Zmpste24 Tlr4 Ift80 Carm1 Rara Ctdspl2"
"GOBP_CATECHOLAMINE_SECRETION",-1.12962711222164,0.278851463279956,1,23,-0.358963138265767,5,"Pcp4 Kcnb1 Xlr4b Prkcb Chrnb2"
"GOBP_CATECHOLAMINE_TRANSPORT",-0.902869650713704,0.650744416873449,1,29,-0.272581446012954,5,"Pcp4 Kcnb1 Xlr4b Prkcb Chrnb2"
"GOBP_CATECHOL_CONTAINING_COMPOUND_METABOLIC_PROCESS",-1.04694906653378,0.380086165629488,1,18,-0.35191414030193,5,"Cyp2d22 Chrnb2 Gch1 Vhl Atp7a"
"GOBP_CD40_SIGNALING_PATHWAY",-1.145779469853,0.28067940552017,1,13,-0.425481770308505,4,"Fanca Slamf1 Traf3ip2 Traf2"
"GOBP_CD4_POSITIVE_ALPHA_BETA_T_CELL_ACTIVATION",0.950871950221333,0.597657883730657,1,101,0.313895313474396,19,"Il12rb1 Tnfsf18 Foxp3 Sema4a Ager Sh3rf1 Cd55b Il2 Shb Nkg7 Socs1 Jak3 Myb Cd160 Lilrb4a Cd274 Il12a Prkcz Cebpb"
"GOBP_CD4_POSITIVE_ALPHA_BETA_T_CELL_DIFFERENTIATION",0.781819167974386,0.856159305158352,1,84,0.26195955605606,8,"Il12rb1 Tnfsf18 Foxp3 Sema4a Sh3rf1 Il2 Shb Socs1"
"GOBP_CD4_POSITIVE_ALPHA_BETA_T_CELL_PROLIFERATION",1.13429634043735,0.324335053592695,1,12,0.520489864920944,4,"Tnfsf18 Cd55b Lilrb4a Cd274"
"GOBP_CD4_POSITIVE_OR_CD8_POSITIVE_ALPHA_BETA_T_CELL_LINEAGE_COMMITMENT",0.854698113290156,0.700986288188598,1,26,0.33586084996095,2,"Tnfsf18 Foxp3"
"GOBP_CD8_POSITIVE_ALPHA_BETA_T_CELL_ACTIVATION",0.979861737716215,0.521381174735807,1,22,0.396808705499914,10,"Sh3rf1 Socs1 Clec4a3 Lilrb4a Hfe Cd274 Ptpn22 Irf1 Gpr18 Igtp"
"GOBP_CD8_POSITIVE_ALPHA_BETA_T_CELL_DIFFERENTIATION",0.658261679004773,0.899045377272133,1,13,0.296753513092276,6,"Socs1 Irf1 Gpr18 Igtp Runx3 Zbtb7b"
"GOBP_CDP_DIACYLGLYCEROL_METABOLIC_PROCESS",1.01694141882825,0.481010983194389,1,12,0.466639697977287,7,"Gpat4 Agpat5 Lclat1 Gpat3 Agpat2 Gpam Agpat1"
"GOBP_CELLULAR_COMPONENT_DISASSEMBLY",0.589938225100903,0.999699639567481,1,344,0.183445695592301,123,"Eng Chmp4c Tgfb3 Vill Kif18a Tmod1 Noxo1 Ckap2l Fgf13 Lix1l Diaph3 Dyrk3 Map2 Katnb1 Hemk1 Bbof1 Per2 Tmod4 Spef1 Itgb1 Asph Akap5 Cdk1 Mtrf1 Gabarapl1 Lima1 Exoc8 Eif2d Rnf25 Zmpste24 Ptrh1 Plxnc1 Atxn7 Elac1 Chka Hdgfl3 Zfand1 Tnf Pex12 Svil Endog Apaf1 Pdxp Dpp4 Tpx2 Igf1r Apc2 Plek Lamp2 Kcnk13 Plaat3 Camsap2 Cln3 Cdk5rap3 C1qc Eps8 Pelo Mrrf Tom1 Wee1 Ckap2 Ufl1 Epg5 Mical3 C1qa Sh3bp1 Supt16 Capg Cst3 Clec16a Dicer1 Nedd1 C1qb Ppp1r10 Tbc1d25 Vangl2 Klhdc10 Fyco1 Usp21 Synj1 Plk3 Zfp598 Gspt1 Uvrag Chmp1b Mrpl58 Prkaa1 Igtp Otud3 Tgfbr1 Ddit4 Smcr8 Jmjd4 Ppp1r9b Atp2a2 Cltc Chmp4b Upf1 Ccsap Sgk1 Chmp7 Taok1 Smn1 Atg14 Nemp1 Ankzf1 Ctss Ascc3 Stat3 Phf23 Kif5b Tmem39a Vrk1 Pex2 Becn1 Pbxip1 Tpgs2 Vcp Spast Bax Denr Evl Vamp8"
"GOBP_CELLULAR_DETOXIFICATION_OF_ALDEHYDE",-0.595202645610548,0.951738241308793,1,12,-0.225929760293064,12,"Rdh11 Glo1 Pnkd Haghl Akr1a1 Park7 Gatd1 Aldh2 Esd Hagh Rdh12 Adh5"
"GOBP_CELLULAR_HOMEOSTASIS",0.851256681753049,0.9329,1,499,0.262813980240341,108,"Cxcr3 Ccr5 Slc39a4 Car2 Slc12a3 Smad3 Fggy Pik3cb App Ager Slc39a14 Slc35g1 Camk2n1 Clstn1 Slc9a9 Cacna1a Hmgn3 Itgb3 Neo1 Slc34a1 Slc40a1 Slc7a11 Unc13b Gp1ba Nrxn1 Dmd Mtln Nr1d1 Cdh5 Gsr Asl Pde4d Tmem38b Atp2c2 Ckb Trpm4 Tmtc4 Il7r Cav2 Wnk3 Atg7 Kcnn4 Asph Pik3r2 Brsk2 Ccr1 Birc5 Marcksl1 Slc9a5 Pde1c Slc39a8 Hif3a Fgf2 Hfe Mettl21c Itgav Abca2 Hk2 Trf Rnf135 Tpcn2 Ubash3b Abcc1 Slc29a1 Rptor Gpld1 Tmem38a Abcb8 Tmem203 Vcam1 Txnrd2 Endog Atp6v1g2 Sod1 Icam1 Ptk2 Star Aco1 Bak1 Cox19 Zbtb20 Ppard Abcg2 Cacnb4 Smad5 Micu3 Wfs1 Pdzd8 Igf1r Lamp2 Cln6 Vma21 Hmox1 Sco1 Selenon Lck Psen1 Pde4c Plcl1 Cln3 Pde3b Pla2g6 Plcg1 Txn1 Camk2d Micu2 Aacs Grn"
"GOBP_CELLULAR_HYPEROSMOTIC_RESPONSE",0.810680851387072,0.74093331600156,1,14,0.359858800618451,2,"Errfi1 Wnk3"
"GOBP_CELLULAR_OXIDANT_DETOXIFICATION",0.835807089478918,0.755131476755797,1,55,0.293849578842297,12,"Gstp2 Gstk1 Alox5ap Gsr Mgst2 S100a8 Gstt2 Nos3 Prxl2b Ltc4s Txnrd2 Sod1"
"GOBP_CELLULAR_PIGMENTATION",0.609113037401648,0.973337833277084,1,48,0.217571772150284,10,"Mreg Rab32 Kif13a Ankrd27 Lyst Pmel Hps4 Vps33b Myo7a Rab27a"
"GOBP_CELLULAR_PROCESS_INVOLVED_IN_REPRODUCTION_IN_MULTICELLULAR_ORGANISM",1.07543629675448,0.304689072247937,1,224,0.339270244546118,43,"Chn2 Cdkn1c Tssk4 Izumo1r Tdrkh Spaca1 Prdm1 Angpt2 Wnt4 Dnd1 Xlr3b Rps6ka2 Xlr4c Paqr8 Rsph1 Cd9 Tmem95 Rfx2 Ddias Cabcoco1 Shb Bbof1 Insl6 Adam1a Lgr5 Pabpc1l Catspere2 Asb7 Tssk6 Rnf17 Dcst1 Xlr4a Bbs4 Kdm1b Klhl10 3830403N18Rik Mns1 Mcmdc2 Tdrd7 Spef2 Zpbp Dnah1 Npr2"
"GOBP_CELLULAR_RESPIRATION",0.510201708623683,1,1,270,0.159820938060714,95,"App Cox7a1 Slc25a13 Nr4a3 Tigar Mtln Tefm Cbfa2t3 Cdk1 Aifm2 Slc25a33 Uchl1 Gapdhs Hk2 Cox6b2 Rptor Sdhaf4 Tpk1 Etfrf1 Rasl2-9 Tnf Immp2l Sirt4 Pfkfb1 Ccnb1 Bid Pfkfb2 Xpo4 Aco1 Zbtb20 Khk Psen1 Etfb Cox6a2 Chchd5 Uqcrq Sirt6 Ppargc1a Lipa Trap1 Ndufc1 Pnpt1 Bpgm Pdhx Mpc2 Ndufs1 Prkaa1 Ide Ndufb4 Ddit4 Ndufc2 Fkrp Ndufa11 Ndufa7 Dnajc30 Pdk1 Bckdk Ndufa9 Ndufb2 Uqcr10 Msh2 Pank2 Coq9 Hdac4 P2rx7 Uqcc3 Pfkp Oas1a Sirt3 Cox6b1 Ahdc1 Stat3 Idh3g mt-Nd5 Ndufb6 Vcp Ndufv3 Mtfr1l Idh3a Hif1a Mrps36 Ndufaf1 Cox6a1 Pdha1 Cox7b Prkag2 Ndufa1 Slc2a6 Mtch2 Cox8a Enpp1 Aldoa Ndufb11 Pdpr Ndufb5"
"GOBP_CELLULAR_RESPONSE_TO_ABIOTIC_STIMULUS",0.759868579662491,0.954312166649894,1,228,0.239579758620401,38,"Nlrp1b Kdm4d Pkd1l3 Map3k20 Cdkn1a Bbc3 Tlr3 Clcn2 F11r Itgb3 Serpinb6b Kcnj2 Errfi1 Ddias Hyal2 Tlr7 Ccnd2 Kcnk4 Wnk3 Myo6 Tifab Nos3 Fgf2 Rhob Zmpste24 Rptor Gpld1 Habp4 Tnf Rad51 Tlr4 Polk Hus1 Bak1 Bmf Ddx3x Mettl3 Rad9b"
"GOBP_CELLULAR_RESPONSE_TO_ACID_CHEMICAL",0.912406743875888,0.641364978672208,1,62,0.315956708381385,25,"Grin2d Vegfa Neurl1a Socs1 Cybb Capn2 Dnmt3a Rptor Amigo1 Castor1 Tnf Cebpb Ipo5 Cpeb3 Rragb Sesn2 Cpeb4 Klhl22 Rragd Nfe2l2 Lmnb1 Fyn Ass1 Cul3 Zeb1"
"GOBP_CELLULAR_RESPONSE_TO_ALCOHOL",0.762608730610131,0.862962962962963,1,65,0.262739505092852,28,"Adam15 Ahr Klf9 Gramd1b Cybb Gramd1c Dnmt3a Gpld1 Ctnna1 Rad51 Slc23a2 Hdac8 Trp53inp1 Sphk2 Ptch1 Pld2 Creb1 Prkaa1 Itpr2 Jup Fdx2 Acaca Larp1 Sgk1 Lancl2 Brca1 Adcy7 Abca1"
"GOBP_CELLULAR_RESPONSE_TO_ALDEHYDE",-0.635913337844413,0.937805419813416,1,15,-0.22598375019914,15,"Rdh11 Glo1 Nr3c2 Tgfb1 Pnkd Haghl Akr1a1 Park7 Gatd1 Aldh2 Esd Hagh Sgk1 Rdh12 Adh5"
"GOBP_CELLULAR_RESPONSE_TO_ALKALOID",0.738546941909586,0.837183583189973,1,22,0.299084906257396,7,"Ccna2 Tmem38b Tmem38a Casp7 Rad51 Star Selenon"
"GOBP_CELLULAR_RESPONSE_TO_ANGIOTENSIN",0.963346520001776,0.544482673875645,1,22,0.390120637265318,2,"Car2 Camk2a"
"GOBP_CELLULAR_RESPONSE_TO_ANTIBIOTIC",1.18502927163871,0.255132731790245,1,13,0.534227664608468,5,"Pla2g4a Ezh2 Star Hdac8 Hdac2"
"GOBP_CELLULAR_RESPONSE_TO_ARSENIC_CONTAINING_SUBSTANCE",1.17450953330967,0.260986892829607,1,16,0.508781824347955,10,"Atg7 Zfand2a Zfand1 Ddx3x Hmox1 Slc38a2 Zc3h12a Uros Dhx36 Vcp"
"GOBP_CELLULAR_RESPONSE_TO_CADMIUM_ION",1.02551471554296,0.468175201799656,1,12,0.470573691141057,5,"Cybb Slc39a8 Sod1 Star Hmox1"
"GOBP_CELLULAR_RESPONSE_TO_CALCIUM_ION",0.665237745867604,0.943436379928315,1,50,0.236517591158505,12,"Krt10 Nrxn1 Alox5ap Asph Akap5 Itpka Endog Rasal1 Micu3 Lgmn Rasa4 Micu2"
"GOBP_CELLULAR_RESPONSE_TO_CAMP",1.05142083755419,0.410944076969333,1,27,0.410755427586389,5,"Hcn3 Akap7 Ahr Pde4d Tifab"
"GOBP_CELLULAR_RESPONSE_TO_CHEMICAL_STRESS",0.729107369139396,0.969907407407407,1,225,0.230004438867074,62,"Sirpa Axl Clcn2 Tet1 Serpinb6b Slc7a11 Errfi1 Zfp580 Ddias Gsr Glrx Stox1 Nox1 Prr5l Ezh2 Wnk3 Atg7 Cdk1 Tifab Aifm2 Pcgf2 Nos3 Tnfaip3 Rhob Ercc6l2 Rptor Ncoa7 Vrk2 Fut8 Pex12 Endog Meak7 Sod1 Pycr2 Pnpla8 Ddx3x Fbxo31 Map3k5 Selenon Cln3 Naglu Trp53inp1 Txn1 Mapk9 Plekha1 Tspo Ppargc1a Sesn2 Xrcc5 Cst3 Trap1 Hdac2 Arl6ip5 Pnpt1 Vkorc1l1 Ripk1 Stk25 Ninj1 Ermp1 Gpx4 Bad Nfe2l2"
"GOBP_CELLULAR_RESPONSE_TO_CHOLESTEROL",0.946450698793898,0.570093457943925,1,11,0.442806117582941,4,"Gramd1b Gramd1c Gpld1 Ptch1"
"GOBP_CELLULAR_RESPONSE_TO_COLD",-0.746360076331484,0.78,1,10,-0.297316665339597,10,"Eif2ak3 Nfe2l1 Eif2ak4 Slc9a1 Rnf34 Prkaca Abraxas2 Lipe Dnajc3 Cirbp"
"GOBP_CELLULAR_RESPONSE_TO_CORTICOSTEROID_STIMULUS",-0.757769663912213,0.90739357729649,1,39,-0.212348276783406,5,"Anxa1 Zfp747 Zfp764 Fbxo32 Foxo1"
"GOBP_CELLULAR_RESPONSE_TO_DEXAMETHASONE_STIMULUS",0.708175320825042,0.869032896364086,1,21,0.289307575351085,10,"Errfi1 Mettl21c Star Pck2 Usp8 Ass1 Ddit4 Smyd3 Bmi1 Eif4e"
"GOBP_CELLULAR_RESPONSE_TO_ESTRADIOL_STIMULUS",1.08555625920015,0.377666409663326,1,16,0.470248455482372,4,"Ccna2 Kif18a Glrx Esr1"
"GOBP_CELLULAR_RESPONSE_TO_ESTROGEN_STIMULUS",0.569428451647303,0.9543391188251,1,11,0.266412611070527,4,"Esr1 Cdk12 Rara Trim24"
"GOBP_CELLULAR_RESPONSE_TO_ETHANOL",0.878021298961929,0.658330025142252,1,12,0.402893997805018,7,"Cybb Dnmt3a Slc23a2 Trp53inp1 Prkaa1 Itpr2 Adcy7"
"GOBP_CELLULAR_RESPONSE_TO_EXTERNAL_STIMULUS",1.00693600545975,0.477894026324671,1,48,0.35967191259665,11,"Tlr3 F11r Itgb3 Kcnj2 Tlr7 Kcnk4 Nos3 Fgf2 Habp4 Tlr4 Bak1"
"GOBP_CELLULAR_RESPONSE_TO_FATTY_ACID",1.11051927682235,0.339641434262948,1,20,0.459175940668496,8,"Kcnk10 Ffar2 Kcnk4 Ccnb1 Srebf1 Creb1 Ass1 Zc3h12a"
"GOBP_CELLULAR_RESPONSE_TO_FLUID_SHEAR_STRESS",0.74410346654272,0.81879630833225,1,14,0.330305298993972,1,"Car2"
"GOBP_CELLULAR_RESPONSE_TO_GAMMA_RADIATION",0.996119693190614,0.497151169838768,1,24,0.396890436088259,3,"Map3k20 Cdkn1a Ddias"
"GOBP_CELLULAR_RESPONSE_TO_GLUCOSE_STARVATION",0.449631864909308,0.998750425991139,1,44,0.162519761622168,13,"Bhlha15 Pmaip1 Chka Rrp8 Higd1a Szt2 Sesn2 Kptn Cpeb4 Tbl2 Nfe2l2 Prkaa1 Zc3h12a"
"GOBP_CELLULAR_RESPONSE_TO_GONADOTROPIN_STIMULUS",0.999837229678034,0.501080788975952,1,10,0.476875602941405,6,"Ccna2 Pde4d Notch1 Star Top1 Ppargc1a"
"GOBP_CELLULAR_RESPONSE_TO_GROWTH_HORMONE_STIMULUS",1.01223415142558,0.478728666831561,1,21,0.413523317496187,10,"Socs2 Jak3 Mbd5 Ptk2 Star Gh Leprot Leprotl1 Rnf7 Stat3"
"GOBP_CELLULAR_RESPONSE_TO_HEAT",-0.640270625059082,0.985074626865672,1,42,-0.176711529889412,4,"Clpb Slc52a3 Rasa3 Xylt1"
"GOBP_CELLULAR_RESPONSE_TO_HORMONE_STIMULUS",0.664277479229184,0.999099639855942,1,426,0.205617734197446,111,"Rab13 Car2 Socs3 Hmga2 Ccna2 Tfpi Slc39a14 Gpr22 Marcks Ahr Trerf1 Itgb3 Paqr8 Slc27a1 Nr4a3 Pik3r3 Klf9 Errfi1 Greb1l Ctbp2 Nr2c1 Nr1d1 Pde4d Socs1 Camk2a Sgcb Socs2 Ezh2 Cav2 Dhrs3 Lpin1 Bbs4 Pik3r2 Slc2a8 Nr1h3 Dnaaf4 Slc25a33 Jak3 Esr1 Kdm5d Rxra Gpr21 Trib3 Notch1 Slc27a4 Mettl21c Trim68 Appl1 Gpld1 Prkcz Ramp1 Tnf Pak1 Pagr1a Mbd5 Ptk2 Star Prmt2 Ppard Prkci Abcg2 Thra Srebf1 Igf1r Cyfip1 Aldh1a3 Cry2 Sco1 Ptpre Appl2 Pde3b Top1 Gkap1 Irf1 Shq1 Ufl1 Sos1 Alas1 Gh Gpam Ppargc1a Ptpn1 Bbs2 Hdac2 Mzb1 Prkca Pck2 Klf11 Ppargc1b Nfe2l2 Leprot C2cd5 Brd8 Usp8 Creb1 Prkaa1 Capn10 Acsl1 Pip4k2a Leprotl1 Fyn Stxbp4 Ncoa5 Ide Gnaq Cdk2 Cdk12 Grb7 Ubr5 Ass1 Ddit4"
"GOBP_CELLULAR_RESPONSE_TO_HYDROGEN_PEROXIDE",0.804462825336772,0.79829135692888,1,55,0.282829692874311,18,"Sirpa Axl Zfp580 Ezh2 Cdk1 Pcgf2 Tnfaip3 Rhob Map3k5 Txn1 Plekha1 Cst3 Hdac2 Ripk1 Nfe2l2 Prkaa1 Fyn Kdm6b"
"GOBP_CELLULAR_RESPONSE_TO_HYPOXIA",1.03902930852922,0.415846765752564,1,99,0.343404987394959,23,"Ndnf Lmna Ccna2 Pik3cb Bbc3 Ndrg1 Vegfa Tigar Cybb Hif3a Notch1 Rgcc Dnmt3a Suv39h2 Slc29a1 Rptor Endog Ccnb1 Ppard Ccnd1 Cited2 Ado Higd1a"
"GOBP_CELLULAR_RESPONSE_TO_INCREASED_OXYGEN_LEVELS",0.76889049031638,0.78758344459279,1,11,0.359732855918765,2,"Nox1 Atg7"
"GOBP_CELLULAR_RESPONSE_TO_INSULIN_STIMULUS",0.58433111442815,0.998683410978327,1,182,0.186088674160294,48,"Rab13 Socs3 Slc39a14 Marcks Slc27a1 Pik3r3 Errfi1 Socs1 Sgcb Cav2 Lpin1 Pik3r2 Slc2a8 Slc25a33 Gpr21 Trib3 Slc27a4 Appl1 Gpld1 Prkcz Tnf Pak1 Star Prkci Srebf1 Igf1r Cyfip1 Sco1 Ptpre Appl2 Pde3b Gkap1 Sos1 Alas1 Gpam Ptpn1 Mzb1 Prkca Pck2 C2cd5 Prkaa1 Capn10 Pip4k2a Stxbp4 Ncoa5 Ide Cdk2 Grb7"
"GOBP_CELLULAR_RESPONSE_TO_INTERLEUKIN_1",-0.742248972019176,0.945593035908596,1,58,-0.191154021310141,16,"Mapk11 Dab2ip Mapk3 Klf2 Ikbkb Irak3 Tax1bp1 Tollip Rc3h1 Hes1 Cactin Ep300 Tnip2 Egr1 Kmo Sigirr"
"GOBP_CELLULAR_RESPONSE_TO_INTERLEUKIN_18",0.731955991766101,0.822075114833829,1,10,0.349108779448465,2,"Ticam2 Casp4"
"GOBP_CELLULAR_RESPONSE_TO_IONIZING_RADIATION",0.912410911987793,0.641364978672208,1,62,0.315958151754011,13,"Kdm4d Map3k20 Cdkn1a Bbc3 Ddias Ccnd2 Rhob Zmpste24 Tnf Rad51 Hus1 Rad9b Lig4"
"GOBP_CELLULAR_RESPONSE_TO_KETONE",0.875933360753797,0.708189282627485,1,69,0.299511256260131,6,"Adam15 Ahr Trerf1 Mmp14 Klf9 Errfi1"
"GOBP_CELLULAR_RESPONSE_TO_LEPTIN_STIMULUS",1.10394966671168,0.360480640854473,1,11,0.516493533732421,3,"Ccna2 Nr4a3 Bbs4"
"GOBP_CELLULAR_RESPONSE_TO_LEUCINE_STARVATION",0.628912833075328,0.916368929469366,1,12,0.288586627554675,4,"Rragb Sesn2 Rragd Sar1a"
"GOBP_CELLULAR_RESPONSE_TO_LIGHT_STIMULUS",0.684790811986832,0.944814258106077,1,74,0.232332306050174,5,"Nlrp1b Map3k20 Cdkn1a Ddias Hyal2"
"GOBP_CELLULAR_RESPONSE_TO_LIPID",0.907080106987001,0.79811924769908,1,385,0.281245769882538,74,"Ccr5 Gfi1 Gbp6 Kcnk10 Nod2 Adam15 Hmga2 Ccna2 Sirpa Prdm1 Tfpi Axl Kif18a Ahr Gbp2 Trerf1 Paqr8 Abcb4 Cd55b Klf9 Errfi1 Nr1d1 Glrx Pde4d Ffar2 Ticam2 Gramd1b Raet1d Kcnk4 Plscr3 Fes Cxcl16 Tifab Ccl27a Nr1h3 Dnaaf4 Tnip3 Esr1 Kdm5d Scarb1 Cdon Rxra Nos3 Lilrb4a Plscr1 Gramd1c Mettl21c Tnfaip3 Cd274 Trim68 Capn2 Il12a Gpld1 Pdcd1lg2 Casp7 Bcr Tnf Cebpb Trim30d Pak1 Tnfrsf1b Tlr4 Adam9 Ccnb1 Pagr1a Star Prmt2 Trim30c Ppard Zfp709 Tbxa2r Nfkbil1 Ptpn22 Srebf1"
"GOBP_CELLULAR_RESPONSE_TO_L_LEUCINE",0.688878899388756,0.868624833110814,1,11,0.322298658886162,4,"Rptor Sesn2 Klhl22 Rragd"
"GOBP_CELLULAR_RESPONSE_TO_METAL_ION",0.716160453469748,0.938487115544472,1,108,0.234953016423232,23,"A3galt2 Krt10 Nrxn1 Tigar Dlg4 Alox5ap Asph Akap5 Itpka Cybb Slc39a8 Hfe Trf Endog Sod1 Hsd17b1 Ccnb1 Star Rasal1 Micu3 Lgmn Hmox1 Rasa4"
"GOBP_CELLULAR_RESPONSE_TO_NITROGEN_COMPOUND",0.847602557974792,0.92936468234117,1,449,0.262128697846531,144,"Rab13 Car2 Socs3 Nod2 Hcn3 Ccna2 Ly6c2 Grin2d App Ifih1 Akap7 Ager Slc39a14 Tlr3 Cacna1a Marcks Ptger1 Ahr Itgb3 Slc27a1 Nr4a3 Pik3r3 Gnao1 Errfi1 Chrnb1 Pde4d Tmem38b Tlr6 Chrna2 Oas3 Socs1 Camk2a Sgcb Raet1d Trpm4 Socs2 Ezh2 Cav2 Lpin1 Pik3r2 Slc2a8 Tifab Slc25a33 Jak3 Lynx1 Cdk5r1 Cybb Gpr21 Gnal Trib3 Npr2 Slc27a4 Apoa2 Abcc1 Appl1 Rptor Sorbs2 Gpld1 Tmem38a Casp7 Amigo1 Prkcz Castor1 Vcam1 Zcchc3 Tnf Ctnna1 Rad51 Pak1 Sod1 Tlr4 Pqbp1 Icam1 Pdxp Mbd5 Ptk2 Star Prkci Abcg2 Ptpn22 Srebf1 Lgmn Igf1r Map3k5 Hdac8 Cyfip1 Sco1 Selenon Psen1 Ptpre Appl2 Crtc1 Pde3b Shmt1 Top1 Gkap1 Irf1 Gm527 Epg5 Sos1 Alas1 Cflar Timeless Gh Gpam Sesn2 Ly6a Ptpn1 Hdac2 Akap9 Klhl22 Rragd Mzb1 Prkca Pck2 Klf11 Bace1 Ssh1 Nfe2l2 Klf16 Leprot C2cd5 Pik3cg Mul1 Lmnb1 Creb1 Prkaa1 Capn10 Pip4k2a Leprotl1 Fyn Stxbp4 Ncoa5 Ide Gnaq Cdk2 Grb7 Ass1 Ripk2 Itpr2 Ppp1r9b Prnp Jup Rnf7"
"GOBP_CELLULAR_RESPONSE_TO_NUTRIENT",0.6004002394646,0.962216924910608,1,29,0.231796389170452,3,"Fes Cdon Rxra"
"GOBP_CELLULAR_RESPONSE_TO_NUTRIENT_LEVELS",0.652470253293199,0.994452849218356,1,206,0.20666958645455,45,"Slc39a4 Bmpr2 Cdkn1a Wnt4 Slc34a1 Acvr2a Klf10 Dram1 Impact Fes Atg7 Bhlha15 Gabarapl1 Cdon Rxra Nprl3 Eif2ak2 Pmaip1 Chka Rptor Castor1 Rrp8 Pak1 Deptor Rragb Ppard Zdhhc3 Srms Srebf1 Map3k5 Lamp2 Akt1s1 Higd1a Wipi1 Jmy Trim32 Szt2 Fnip1 Sesn2 Clec16a Kptn Cpeb4 Klhl22 Tbl2 Rragd"
"GOBP_CELLULAR_RESPONSE_TO_OSMOTIC_STRESS",0.799582532956427,0.783215975989842,1,39,0.294453892288129,12,"Clcn2 Serpinb6b Errfi1 Wnk3 Tifab Rptor Ddx3x Cln3 Tspo Xrcc5 Ninj1 Bad"
"GOBP_CELLULAR_RESPONSE_TO_OXIDATIVE_STRESS",0.637773497423775,0.992810126582279,1,180,0.203242975074224,47,"Sirpa Axl Tet1 Slc7a11 Zfp580 Ddias Gsr Glrx Prr5l Ezh2 Atg7 Cdk1 Aifm2 Pcgf2 Nos3 Tnfaip3 Rhob Ercc6l2 Ncoa7 Vrk2 Fut8 Pex12 Endog Meak7 Sod1 Pycr2 Pnpla8 Fbxo31 Map3k5 Selenon Naglu Trp53inp1 Txn1 Mapk9 Plekha1 Ppargc1a Sesn2 Cst3 Trap1 Hdac2 Arl6ip5 Pnpt1 Vkorc1l1 Ripk1 Stk25 Ermp1 Gpx4"
"GOBP_CELLULAR_RESPONSE_TO_OXYGEN_LEVELS",0.987640033697989,0.523348108442429,1,123,0.320957184319266,27,"Ndnf Lmna Ccna2 Pik3cb Bbc3 Ndrg1 Vegfa Tigar Acvr2a Dram1 Nox1 Atg7 Cybb Hif3a Notch1 Rgcc Dnmt3a Suv39h2 Slc29a1 Rptor Endog Ccnb1 Ppard Ccnd1 Cited2 Ado Higd1a"
"GOBP_CELLULAR_RESPONSE_TO_OXYGEN_RADICAL",-0.87188094799238,0.640970116933738,1,14,-0.316657127325749,4,"Dhfr Ccs Gch1 Atp7a"
"GOBP_CELLULAR_RESPONSE_TO_PEPTIDE_HORMONE_STIMULUS",0.681384836230301,0.990554662379421,1,247,0.2140646612291,68,"Rab13 Car2 Socs3 Ccna2 Slc39a14 Marcks Itgb3 Slc27a1 Nr4a3 Pik3r3 Errfi1 Socs1 Camk2a Sgcb Socs2 Cav2 Lpin1 Pik3r2 Slc2a8 Slc25a33 Jak3 Gpr21 Trib3 Slc27a4 Appl1 Gpld1 Prkcz Tnf Pak1 Mbd5 Ptk2 Star Prkci Abcg2 Srebf1 Igf1r Cyfip1 Sco1 Ptpre Appl2 Pde3b Top1 Gkap1 Irf1 Sos1 Alas1 Gh Gpam Ptpn1 Mzb1 Prkca Pck2 Klf11 Nfe2l2 Leprot C2cd5 Creb1 Prkaa1 Capn10 Pip4k2a Leprotl1 Fyn Stxbp4 Ncoa5 Ide Cdk2 Grb7 Ass1"
"GOBP_CELLULAR_RESPONSE_TO_PH",1.06796531197133,0.401824723721408,1,16,0.4626282923681,6,"Pkd1l3 Kcnk4 Gpld1 Gh Asic1 Gnaq"
"GOBP_CELLULAR_RESPONSE_TO_RADIATION",0.648057047172621,0.982313624678663,1,127,0.210126007804255,5,"Nlrp1b Kdm4d Map3k20 Cdkn1a Bbc3"
"GOBP_CELLULAR_RESPONSE_TO_REACTIVE_NITROGEN_SPECIES",0.734319513363125,0.82456608811749,1,11,0.343558489831627,1,"Ccna2"
"GOBP_CELLULAR_RESPONSE_TO_REACTIVE_OXYGEN_SPECIES",0.719964427112284,0.936285773971172,1,102,0.237411244502166,29,"Sirpa Axl Tet1 Zfp580 Glrx Ezh2 Atg7 Cdk1 Pcgf2 Nos3 Tnfaip3 Rhob Ercc6l2 Pex12 Endog Sod1 Map3k5 Txn1 Mapk9 Plekha1 Cst3 Trap1 Hdac2 Ripk1 Stk25 Nfe2l2 Prkaa1 Fyn Kdm6b"
"GOBP_CELLULAR_RESPONSE_TO_RETINOIC_ACID",-1.00730994971814,0.446764091858038,1,21,-0.326506216130061,21,"Tead2 Add1 Snw1 Ltk Klf4 Ptk2b Rxrb Atm Gsk3b Lyn Yes1 Twf2 Abl2 Htra2 Phc1 Ndufa13 Snrnp70 Mef2c Abca1 Rara Creb1"
"GOBP_CELLULAR_RESPONSE_TO_STARVATION",0.788042926745711,0.893874643874644,1,150,0.252968018663508,40,"Slc39a4 Bmpr2 Cdkn1a Wnt4 Slc34a1 Klf10 Impact Atg7 Bhlha15 Gabarapl1 Nprl3 Eif2ak2 Pmaip1 Chka Rptor Castor1 Rrp8 Pak1 Rragb Srebf1 Map3k5 Lamp2 Higd1a Wipi1 Jmy Trim32 Szt2 Fnip1 Sesn2 Clec16a Kptn Cpeb4 Klhl22 Tbl2 Rragd Slc38a2 Sar1a Nfe2l2 Zfyve1 Prkaa1"
"GOBP_CELLULAR_RESPONSE_TO_STEROID_HORMONE_STIMULUS",0.592739094182837,0.996931887911638,1,138,0.191241800768673,17,"Hmga2 Tfpi Ahr Trerf1 Paqr8 Klf9 Errfi1 Dnaaf4 Esr1 Kdm5d Rxra Mettl21c Trim68 Pak1 Pagr1a Star Prmt2"
"GOBP_CELLULAR_RESPONSE_TO_STEROL",0.845549587674701,0.699857012868842,1,14,0.375336928167754,4,"Gramd1b Gramd1c Gpld1 Ptch1"
"GOBP_CELLULAR_RESPONSE_TO_TOPOLOGICALLY_INCORRECT_PROTEIN",0.668748030992641,0.96755346896192,1,103,0.220324557783173,39,"Creb3l1 Derl3 Tmtc4 Bhlha15 Rxra Tm7sf3 Eif2ak2 Parp8 Wfs1 Ccnd1 Dnajc18 Yod1 Parp16 Cdk5rap3 Atf6 Dnajc10 Ufl1 Ubr4 Dnajb9 Ptpn1 Tmem33 Tbl2 Hspa1a Dnajc3 Ermp1 Nfe2l2 Klhl15 Igtp Rhbdd1 Aatf Ubr5 Atf6b Rnf7 Cul3 Rara Ddit3 Creb3 Ube2w Stat3"
"GOBP_CELLULAR_RESPONSE_TO_TOXIC_SUBSTANCE",0.819733584235473,0.805608667941364,1,82,0.275229140667391,20,"Gstp2 Ahr Gstk1 Alox5ap Gsr Mgst2 S100a8 Gstt2 Slc29a4 Aifm2 Nos3 Slc39a8 Prxl2b Ltc4s Txnrd2 Sod1 Adh5 Trp53inp1 Clybl Txn1"
"GOBP_CELLULAR_RESPONSE_TO_TYPE_II_INTERFERON",0.901216361014665,0.681799030966927,1,90,0.300280530611456,15,"Gbp6 Gbp8 Il12rb1 Sirpa Gbp2 Camk2a Cdc42ep4 Nlrc5 Gbp7 Gbp9 Abcc1 Gbp4 Tnf Tlr4 Star"
"GOBP_CELLULAR_RESPONSE_TO_UNFOLDED_PROTEIN",0.692890040274714,0.944444444444444,1,85,0.232015580707137,28,"Creb3l1 Derl3 Tmtc4 Bhlha15 Tm7sf3 Eif2ak2 Parp8 Wfs1 Ccnd1 Yod1 Parp16 Cdk5rap3 Atf6 Dnajc10 Ufl1 Dnajb9 Ptpn1 Tmem33 Tbl2 Hspa1a Dnajc3 Ermp1 Nfe2l2 Igtp Rhbdd1 Aatf Atf6b Rnf7"
"GOBP_CELLULAR_RESPONSE_TO_UV",0.701295292798172,0.930715438407746,1,72,0.238631529366058,5,"Nlrp1b Map3k20 Cdkn1a Ddias Hyal2"
"GOBP_CELLULAR_RESPONSE_TO_VITAMIN",0.955382862316644,0.558819637422257,1,12,0.438392578048205,3,"Fes Cdon Rxra"
"GOBP_CELLULAR_RESPONSE_TO_VITAMIN_D",0.955382862316644,0.558819637422257,1,12,0.438392578048205,3,"Fes Cdon Rxra"
"GOBP_CELLULAR_RESPONSE_TO_XENOBIOTIC_STIMULUS",1.00357850781563,0.484531590413943,1,65,0.345760164920146,14,"Gstp2 Pon3 Ahr Tpmt Itgb3 Slc18a2 Acer2 Slc10a1 Kcnc1 Akap5 Uchl1 Gstm4 Abcc1 Gpld1"
"GOBP_CELLULAR_SENESCENCE",0.868572138530081,0.719353099730458,1,70,0.29644229942629,4,"Hmga2 Lmna Cdkn1a Plk2"
"GOBP_CELL_ACTIVATION_INVOLVED_IN_IMMUNE_RESPONSE",0.786197127880151,0.932709716354858,1,233,0.247622029646202,50,"Sema6d Fcer1g Il12rb1 Gab2 Tnfsf18 Foxp3 App Sema4a 6030468B19Rik Myo1f Nr4a3 Slc18a2 Il2 Dnase1 Lat Tac4 Shb Abr Nkg7 Dll1 Fes Jak3 Myb Cd160 Lilrb4a Milr1 Tnfaip3 Cd46 Il12a Prkcz Cdh17 Bcr Tnf Nbn Tlr4 D6Wsu163e Icam1 Pagr1a Cplx2 Ung Rab27a Lef1 Hmox1 Psen1 Lig4 Entpd7 Cd180 Sphk2 Grn Irf1"
"GOBP_CELL_ADHESION_MEDIATED_BY_INTEGRIN",1.07102596959606,0.380315777342399,1,40,0.392879677229981,14,"Itgb3 Itgb4 Epha2 Efna1 Acer2 Ext1 Itgb1 Itgav Vcam1 Adam9 Icam1 Ptk2 Icam4 Dpp4"
"GOBP_CELL_CELL_ADHESION_MEDIATED_BY_INTEGRIN",1.00146509929278,0.490804597701149,1,17,0.428688069444008,7,"Itgb1 Vcam1 Adam9 Icam1 Ptk2 Icam4 Dpp4"
"GOBP_CELL_COMMUNICATION_INVOLVED_IN_CARDIAC_CONDUCTION",-0.837423141548888,0.665030674846626,1,12,-0.31787293122652,5,"Cacna1d Rangrf Ryr2 Flna Calm1"
"GOBP_CELL_CYCLE_CHECKPOINT_SIGNALING",0.717915501618441,0.957753630547375,1,158,0.229780546245841,43,"Creb3l1 Chmp4c Map3k20 Cdkn1a Setmar Bub1b Cenpe Gnb1l Clspn Haspin Cdk1 Nek11 Birc5 Xrcc3 Nabp1 Eme1 Cdca8 Rad51 Nbn Rnaseh2b Mrnip Dna2 Ccnb1 Hus1 Ccnd1 Fbxo31 Rad9b Cdk5rap3 Mbtps1 Cep63 Ufl1 Dot1l Abraxas1 Timeless Zwint Ccng1 Ppp1r10 Klhl22 Incenp Tipin Rnf168 Chfr Plk3"
"GOBP_CELL_CYCLE_DNA_REPLICATION",0.575566491920863,0.977129521586931,1,36,0.214687242000945,12,"Tk1 Cdk1 Dbf4 Zmpste24 Rad51 Dna2 Cdc45 Mcm3 Gmnn Cdk2 Upf1 Brca2"
"GOBP_CELL_CYCLE_G1_S_PHASE_TRANSITION",0.865172345921812,0.804066356463686,1,185,0.275244162853291,56,"Ccna2 Cdkn1a Plk2 Ccnb2 Rrm2 Csf1r Stox1 Cables1 Camk2a Ccnd2 Ezh2 Slfn1 Itgb1 Haspin Cdk1 Ccne2 Cdkn2c Dbf4 Myb Pim2 Pkp3 Rgcc Appl1 Rptor Rcc1 Ccnb1 Pagr1a Bid Mtbp Prmt2 Abcg2 Cacnb4 Tjp3 Ddx3x Acvr1b Ccnd1 Mblac1 Fbxo31 Appl2 Camk2d Plpp2 Smarca2 Ccnh Ccne1 Ccng1 Cirbp Psme1 Klf11 Plk3 Ccnf Mnat1 E2f5 Usp38 Tcf19 Stxbp4 Cdk2"
"GOBP_CELL_CYCLE_G2_M_PHASE_TRANSITION",0.806191524808704,0.864806646835573,1,133,0.260682981432301,31,"Abcb1b Creb3l1 Chmp4c Ccna2 Cdkn1a App Cit Ccnb2 Cenpf Dyrk3 Stox1 Atf5 Pdik1l Clspn Cdk1 Brsk2 Birc5 Foxm1 Nabp1 Nbn Rnaseh2b Mrnip Ccnb1 Pagr1a Hus1 Ccnd1 Nek2 Cdk5rap3 Mbtps1 Camk2d Wee1"
"GOBP_CELL_CYCLE_PHASE_TRANSITION",0.67817921251371,0.99859943977591,1,427,0.209907470048517,112,"Abcb1b Cdkn1c Creb3l1 Chmp4c Map3k20 Ccna2 Cdkn1a App Setmar Bub1b Plk2 Cit Ccnb2 Rrm2 Cenpe Csf1r Cenpf Dyrk3 Stox1 Cables1 Camk2a Gnb1l Atf5 Ccnd2 Pdik1l Ezh2 Clspn Slfn1 Itgb1 Haspin Cdk1 Brsk2 Ccne2 Nek11 Birc5 Xrcc3 Cdkn2c Dbf4 Myb Foxm1 Pim2 Tacc3 Pkp3 Nabp1 Rgcc Appl1 Rptor Eme1 Rcc1 Cdca8 Rad51 Nbn Rnaseh2b Mrnip Dna2 Ccnb1 Pagr1a Bid Mtbp Hus1 Prmt2 Abcg2 Cacnb4 Tjp3 Ddx3x Acvr1b Ccnd1 Mblac1 Nek2 Fbxo31 Rad9b Appl2 Cdk5rap3 Eps8 Mbtps1 Camk2d Wee1 Cep63 Ufl1 Dot1l Plpp2 Smarca2 Abraxas1 Ccnh Ccne1 Timeless Zwint Taf2 Ccng1 Nfix Ppp1r10 Klhl22 Cirbp Anapc7 Incenp Psme1 Tipin Riok2 Rnf168 Klf11 Chfr Plk3 Tpra1 Ccnf Mnat1 E2f5 Lmnb1 Usp38 Ints3 Usp50 Rad51b Tcf19"
"GOBP_CELL_DIFFERENTIATION_INVOLVED_IN_EMBRYONIC_PLACENTA_DEVELOPMENT",1.05590905138472,0.422461978421942,1,14,0.468714863738709,5,"Prdm1 Fzd5 St14 Itgav Snai1"
"GOBP_CELL_DIFFERENTIATION_INVOLVED_IN_KIDNEY_DEVELOPMENT",1.14470542728441,0.288365278964717,1,23,0.459623932549273,7,"Nphs1 Wnt4 Basp1 Magi2 Ext1 Prom1 Notch1"
"GOBP_CELL_DIFFERENTIATION_IN_HINDBRAIN",0.943255770869296,0.577538021578058,1,14,0.418708410098349,3,"Cacna1a Nrxn1 Ttc21b"
"GOBP_CELL_DIVISION",0.839424147534813,0.944688937787557,1,486,0.259315063194479,152,"Lmln Dclre1a Chmp4c Pard3b Hmga2 Ccna2 Tgfb3 Pik3cb Bub1b Iqgap2 Cit Kif20a Pard6b Ccnb2 Prc1 Numbl Ckap2l Cenpe Fgf13 Vegfa Map9 Mbip Ulk4 Nek3 Ncapd3 Kif4 Pard6g Ralb Dyrk3 Kif13a Katnb1 Stox1 Klhdc8b Cables1 Tada2a Cinp Ska2 Ccnd2 Oip5 Rhoc Dll1 Ext1 Ncapg2 Reep3 Sox5 Nsl1 Bbs4 Cdca5 Cdk1 Cdca3 Brsk2 Ccne2 Nusap1 Birc5 Notch1 Fgf2 Exoc8 Myb Bora Cenpv Map10 Tacc3 Rhob Ttc28 Haus5 Mllt3 Orc4 Rcc1 Svil Dock7 Cdca8 Cdca2 Knstrn Ccnb1 Pdxp Abcg2 Ccnd1 Tpx2 Igf1r Nek2 Ing2 Brip1 Arl3 Lef1 Bin3 Evi2b Haus3 Lzts2 Lig4 Spout1 Trim36 Pelo Ccdc124 Luzp1 Prdm15 Top1 Wee1 Cep63 Ckap2 Ptch1 Aspm Phf13 Itgb3bp Mical3 Pkp4 Gipc1 Haus1 Rab11fip4 Ccne1 Timeless Zwint Tent4b Pin1 Haus8 Ccng1 Dicer1 Nedd1 Klhl22 Vangl2 Anapc7 Incenp Mad2l2 Tipin Lrrcc1 Nek4 Dis3l2 Chfr Wapl Plk3 Wasl Tpra1 Intu Ncaph Birc6 Uvrag Ccnf Washc1 Chmp1b Kif11 Usp8 Eif2s3y Pogz Cenpc1 Mdk Exoc2 Anapc13 Cdk2 Mis18bp1 Syce2 Atxn10 Stambp Dynlt3"
"GOBP_CELL_GROWTH",1.07688860226125,0.270568193205732,1,315,0.335817867651743,88,"Sema6d Ccr5 Mgll Raph1 Smad3 Adam15 Osgin1 Nrp2 Bmpr2 Cdkn1a Il9r Bbc3 Hbegf App Cit Clstn1 Serpine2 Mmp14 Sema7a Csf1r Fgf13 Caprin2 Vegfa Map2 Impact Hyal2 Rgs2 Ext1 Atg7 Cxcl16 Itgb1 Cdkl3 Ntn1 Slc25a33 Il3ra Hspa1b Csf2rb Cntf Cdkn2c Acvrl1 Sertad2 Npr2 Dbn1 Rptor Tmem108 Sorbs2 Prkcz Rufy3 Mapt Dvl1 Pak1 Dnajb2 Slc23a2 Bst2 Ptk2 Rnf157 Rasal1 Prmt2 Ppard Meaf6 Ddx3x Acvr1b Ifrd1 Cyfip1 Bin3 Golga4 C9orf72 Exosc2 Supv3l1 Nf2 Sphk2 Camk2d Trim32 Smarca2 St7l Lamb2 Sirt6 Jade2 Pin1 Map2k5 Sesn2 Ptprs Nfix Klhl22 Cirbp Hspa1a Tspyl2 Mad2l2"
"GOBP_CELL_JUNCTION_DISASSEMBLY",1.13192222288923,0.310907741775909,1,21,0.462418929550637,9,"Tgfb3 Itgb1 Plxnc1 Kcnk13 C1qc C1qa C1qb Vangl2 Tgfbr1"
"GOBP_CELL_KILLING",1.11917835708561,0.253234750462107,1,131,0.36219487593328,25,"Ccr5 Pik3r6 H2-Q2 Pik3cb Ager C2 Klrd1 Cd59a Gbp2 Klrb1c Serpinb9 Dnase1 Dao Prf1 Nkg7 Trem1 Lag3 Raet1d Il7r Ccl25 Plekhm2 Klrb1f Cd160 Gbp7 Lyst"
"GOBP_CELL_MIGRATION_INVOLVED_IN_SPROUTING_ANGIOGENESIS",0.981336787848592,0.519152875824557,1,38,0.362761127592199,13,"Plk2 Pik3r3 Vegfa Cdh5 Tgfbr3 Itgb1 Pik3r2 Notch1 Fgf2 Gpld1 Ctnnd1 Tbxa2r Hmox1"
"GOBP_CELL_MIGRATION_IN_HINDBRAIN",0.458191096729161,0.992122830440587,1,11,0.214369138204727,4,"Itgb1 Lef1 Arl13b Rnf7"
"GOBP_CELL_PROJECTION_ASSEMBLY",0.958280479386069,0.648224112056028,1,381,0.297254207303712,112,"Rilpl1 Myo3b Gpm6a S1pr2 Tgfb3 Dnajb13 Rabl2 Cfap74 Tbc1d32 Sh3yl1 Kif3a Ift122 Ehd3 Rap1gap Fam161a Wdpcp Bbs7 Enkd1 Armc9 Rsph1 Itgb4 Cplane2 Agrn Nrxn1 Ulk4 Ptpdc1 Rfx2 Cabcoco1 Epha2 Syne2 Rsph4a Neurl1a Myo10 Celsr2 Bbof1 Togaram1 Arl6 Spef1 Rpgrip1l Odf2l Rsph9 Abcc4 Itgb1 Tctn3 Bbs4 Dnaaf4 Ntn1 Bbs10 Spaca9 Cdc42ep4 Mns1 Wdr19 Wdr90 Mks1 Spata6 Zmynd10 Lima1 Spef2 Notch1 Ttc8 Dnah1 Hap1 Alpk1 Poc1a Inpp5e Klc3 Snx10 Gorab Rabl3 Pip5k1a 2700049A03Rik Dbn1 Rilpl2 Arhgef4 Ttc21b Abi2 Armc2 Ift81 Fnbp1l Wdr35 Def8 Cep70 Rab23 Pqbp1 Ccdc39 Icam1 Ift140 Arhgap35 Cluap1 Cyfip1 Arl3 Bin3 Ccdc28b Ccdc15 Ppp1r16b Fmnl3 Cln3 Ocrl Ift57 Eps8 Ahi1 Ift80 Tmem216 Wdr11 Luzp1 Cep19 Ift88 Tmem231 Vav3 Sh2b1 Cep78 Trim32"
"GOBP_CELL_REDOX_HOMEOSTASIS",-0.514919734565174,0.996898263027295,1,29,-0.155457175592769,4,"Sephs1 Git1 Txnrd1 Txnrd3"
"GOBP_CELL_SURFACE_PATTERN_RECOGNITION_RECEPTOR_SIGNALING_PATHWAY",1.08348085291077,0.342696629213483,1,69,0.370478766911946,18,"C1qtnf4 Rab13 Nod2 Nr1d1 Tlr6 Ffar2 Ticam2 Mfhas1 Nr1h3 Tnip3 Tnfaip3 Appl1 Tlr4 Pja2 Znrf1 Ptpn22 Appl2 Naglu"
"GOBP_CELL_VOLUME_HOMEOSTASIS",0.692836914120518,0.884492504300811,1,22,0.280573991648545,6,"Slc12a3 Wnk3 Kcnn4 Abcb8 Cln3 Ccdc51"
"GOBP_CENTRAL_NERVOUS_SYSTEM_NEURON_AXONOGENESIS",0.969756017994168,0.535266650282625,1,22,0.392716253058209,9,"Cdh11 Atg7 Adarb1 Ptk2 Arhgap35 Fbxo45 Szt2 Mycbp2 Prkca"
"GOBP_CENTRAL_NERVOUS_SYSTEM_NEURON_DEVELOPMENT",0.93949050588421,0.587995469988675,1,46,0.337478353224788,6,"Ndnf Cdh11 Nrp2 Atf5 Atg7 Adarb1"
"GOBP_CENTRAL_NERVOUS_SYSTEM_NEURON_DIFFERENTIATION",1.06704905157487,0.362557748845023,1,96,0.353847656375607,29,"Ndnf Cdh11 Nrp2 Wnt4 Cacna1a Csf1r Dmrt3 Nrxn1 Ulk4 Atf5 Zc4h2 Sox5 Atg7 Adarb1 Ighmbp2 Fgf2 D16Ertd472e Ttc21b Tulp3 Ptk2 Arhgap35 Fbxo45 Psen1 Ptch1 Szt2 Uqcrq Mycbp2 Dicer1 Nfix"
"GOBP_CENTRAL_NERVOUS_SYSTEM_PROJECTION_NEURON_AXONOGENESIS",0.906595762864594,0.622466326664051,1,13,0.408705969321191,5,"Cdh11 Adarb1 Fbxo45 Szt2 Mycbp2"
"GOBP_CENTRIOLE_ASSEMBLY",-0.965902509748289,0.528417818740399,1,41,-0.267577289977383,12,"Plk4 Trim37 Cep135 Cdk5rap2 Wdr62 Rbm14 Ofd1 Poc1b Ccp110 Kat2b Cntrob Rttn"
"GOBP_CENTRIOLE_CENTRIOLE_COHESION",1.05069445468768,0.428344581183009,1,12,0.482127813779876,2,"Kif3a Cntln"
"GOBP_CENTRIOLE_ELONGATION",0.803658002059124,0.747365576871116,1,10,0.383307285340876,4,"Wdr90 Ccdc15 Poc5 C2cd3"
"GOBP_CENTROSOME_DUPLICATION",-0.721967975773604,0.978552278820375,1,69,-0.181662059294668,9,"Plk4 Ndc80 Trim37 Cep135 Cdk5rap2 Tmem67 Wdr62 Rbm14 Ofd1"
"GOBP_CENTROSOME_SEPARATION",0.910045578119227,0.62459378655921,1,14,0.403966505055324,2,"Map9 Kif15"
"GOBP_CERAMIDE_BIOSYNTHETIC_PROCESS",1.07639492684289,0.361566075835764,1,49,0.38352753618952,7,"St8sia6 St6galnac6 Asah2 Degs2 Prf1 Cers6 Smpd5"
"GOBP_CERAMIDE_CATABOLIC_PROCESS",0.989235777982532,0.514520688768954,1,16,0.428523711011481,8,"Lct Asah2 Acer2 Gla Acer3 Neu3 Galc Gm2a"
"GOBP_CERAMIDE_METABOLIC_PROCESS",1.13777162593854,0.256266810112964,1,72,0.387152439144003,25,"St8sia6 Plpp1 Lct St6galnac6 Asah2 Degs2 Prf1 Cers6 Smpd5 Acer2 Gla Smpd4 Abca2 St3gal2 Casp7 Acer3 Cln6 Naglu Neu3 Galc Pla2g6 Sphk2 St6galnac4 Gm2a Plpp2"
"GOBP_CERAMIDE_TRANSPORT",0.974188447956799,0.53177570093458,1,11,0.455783491927918,2,"Abcb1b Plekha8"
"GOBP_CEREBELLAR_CORTEX_FORMATION",1.1131474227486,0.336313271216318,1,19,0.466075142341673,5,"Cacna1a Nrxn1 Dll1 Ttc21b Whrn"
"GOBP_CEREBELLAR_CORTEX_MORPHOGENESIS",1.17767465693409,0.246812605244166,1,26,0.462777213503777,7,"Cacna1a Serpine2 Nrxn1 Zfp365 Dll1 Ttc21b Whrn"
"GOBP_CEREBELLAR_PURKINJE_CELL_LAYER_DEVELOPMENT",0.895289219332846,0.63727430126144,1,21,0.365748347430964,8,"Cacna1a Dll1 Atg7 Ttc21b Whrn Naglu Uqcrq Nfix"
"GOBP_CEREBELLAR_PURKINJE_CELL_LAYER_FORMATION",0.881141467590527,0.656608811748999,1,11,0.412250561811949,3,"Cacna1a Ttc21b Whrn"
"GOBP_CEREBELLAR_PURKINJE_CELL_LAYER_MORPHOGENESIS",0.907637418314722,0.62115862429711,1,13,0.409175562074524,4,"Cacna1a Dll1 Ttc21b Whrn"
"GOBP_CEREBRAL_CORTEX_CELL_MIGRATION",0.966080075380988,0.537823211064341,1,27,0.377415607787358,5,"Fgf13 Ulk4 Syne2 Lrp8 Cdk5r1"
"GOBP_CEREBRAL_CORTEX_DEVELOPMENT",0.866161768069162,0.734468085106383,1,81,0.291231645147406,23,"Fktn Fgf13 Ulk4 Dmd Ncapd3 Syne2 Ncapg2 Lrp8 Atg7 Bbs4 Cdk5r1 Cdon Tacc3 Ccdc39 Fbxo45 Psen1 Aspm Tacc2 Ncaph2 Ptprs Dicer1 Nfix Bbs2"
"GOBP_CEREBRAL_CORTEX_RADIALLY_ORIENTED_CELL_MIGRATION",0.879168026817217,0.65767994063814,1,21,0.359162431512528,4,"Ulk4 Syne2 Lrp8 Cdk5r1"
"GOBP_CGAS_STING_SIGNALING_PATHWAY",0.353691149855624,0.999521645539345,1,28,0.137204913095083,3,"Aars2 Slc19a1 Tab1"
"GOBP_CHAPERONE_MEDIATED_PROTEIN_COMPLEX_ASSEMBLY",0.651999013037967,0.918786199949635,1,19,0.272992172104171,6,"Ptges3l Bbs10 Bbs12 Dnlz Pfdn6 Hspa1a"
"GOBP_CHEMOKINE_C_X_C_MOTIF_LIGAND_2_PRODUCTION",0.684530288596513,0.886768608618729,1,18,0.289375837473359,5,"Oas3 Tnf Tlr4 Mcoln2 Map2k5"
"GOBP_CHLORIDE_TRANSPORT",1.134347274204,0.28296482987742,1,42,0.413123370814638,5,"Abcb1b Apol7e Ano7 Slc12a3 Clcn2"
"GOBP_CHOLESTEROL_EFFLUX",0.83907406039297,0.72884681980838,1,39,0.308997023843414,15,"Egf Abca8b Nr1h3 Scarb1 Apof Abca2 Apoa2 Ttc39d Arv1 Abca5 Zdhhc8 Ttc39b Ptch1 Lipa Stx12"
"GOBP_CHOLESTEROL_IMPORT",0.58029923907839,0.946595460614152,1,11,0.271498614159292,2,"Scarb1 Apoa2"
"GOBP_CHOLESTEROL_STORAGE",0.869815339630735,0.672559469647732,1,14,0.386108422745506,6,"Nr1h3 Scarb1 Ttc39d Ppard Ttc39b Lipa"
"GOBP_CHONDROCYTE_DEVELOPMENT",0.936489364443585,0.581448249715658,1,18,0.395888098211666,5,"Bmpr2 Ecm1 Ext1 Sulf2 Poc1a"
"GOBP_CHONDROITIN_SULFATE_PROTEOGLYCAN_BIOSYNTHETIC_PROCESS",-0.932165485828488,0.538288288288288,1,16,-0.322953825052441,5,"Slc35d1 Chst11 Chpf Chst12 Xylt1"
"GOBP_CHONDROITIN_SULFATE_PROTEOGLYCAN_METABOLIC_PROCESS",0.94462949356216,0.575463692568796,1,24,0.376374861579987,7,"Pxylp1 Dse Dsel Ext1 B3gat2 Arsb B3galt6"
"GOBP_CHROMOSOME_CONDENSATION",0.741789472532026,0.849791542584872,1,30,0.285159271252092,5,"Hmga2 Ncapd3 Ncapg2 Cdk1 Nusap1"
"GOBP_CHROMOSOME_LOCALIZATION",0.707156543493478,0.944849115504683,1,106,0.232418628919241,12,"Chmp4c Lmna Kif18a Kif22 Cenpe Cenpf Katnb1 Ska2 Asb7 Nsl1 Cdk1 Birc5"
"GOBP_CHROMOSOME_ORGANIZATION",0.57619773297608,1,1,455,0.178179749679582,114,"Chmp4c Hmga2 Cenpi Lmna Rad54l Setmar Bub1b Cit Kif18a Kif22 Prc1 Cenph Ckap2l Cenpe Map9 Ncapd3 Kif4 Kif15 Hjurp Katnb1 Zfp365 Stag3 Ska2 Oip5 Asb7 Ncapg2 Haspin Nsl1 Cdca5 Cdk1 Tubg2 Ccne2 Hspa1b Nusap1 Birc5 Nat10 Mcmdc2 Xrcc3 Mnd1 Npr2 Cenpv Map10 Tacc3 Zmpste24 Rcc1 Mterf1b Rasl2-9 Mybl2 Cdca8 Rad51 Nhej1 Nbn Knstrn Ago4 Dna2 Ccnb1 Top1mt Hus1 1700028K03Rik Rmi2 Tpx2 Nek2 Brip1 Hdac8 Arhgef10 Cip2a Lig4 Bccip Pelo Top1 Cep63 Nudt16 Phf13 Itgb3bp Smarca2 Abraxas1 Mlh1 Parn Ccne1 Zwint Sirt6 Tent4b Recql4 Ncaph2 Xrcc5 Nat9 Ppp1r10 Klhl22 Anapc7 Incenp Syde1 Hspa1a Mad2l2 Nup155 Riok2 Dis3l2 Fen1 Chfr Mei4 Wapl Parp3 Ncaph Chmp1b Rif1 Kif11 Dctn2 Pogz Cenpc1 Tdrd3 Cbx5 Cdk2 Mis18bp1 Terf2 Syce2"
"GOBP_CHROMOSOME_ORGANIZATION_INVOLVED_IN_MEIOTIC_CELL_CYCLE",1.01271493346971,0.465747126436782,1,41,0.370318679193239,18,"Ncapd3 Stag3 Haspin Ccne2 Mcmdc2 Mnd1 Rad51 Ago4 1700028K03Rik Brip1 Cep63 Mlh1 Ccne1 Ncaph2 Syde1 Mei4 Wapl Ncaph"
"GOBP_CHROMOSOME_SEGREGATION",0.750869801579558,0.983782160376414,1,355,0.233295499222338,98,"Chmp4c Cenpi Bub1b Cit Kif18a Ccnb2 Kif22 Prc1 Cenph M1ap Ckap2l Cenpe Map9 Diaph3 Mki67 Ncapd3 Kif4 Kif15 Cenpf Cenpl Cenpu Hjurp Katnb1 Klhdc8b Stag3 Ska2 Asb7 Ncapg2 Haspin Nsl1 Cdk1 Tubg2 Ccne2 Hspa1b Nusap1 Birc5 Mcmdc2 Xrcc3 Mnd1 Plscr1 Cenpv Map10 Tacc3 Haus5 Rcc1 Rasl2-9 Mybl2 Cdca8 Cdca2 Knstrn Ago4 Stard9 Ccnb1 Cenpo 1700028K03Rik Rmi2 Ddx3x Tpx2 Nek2 Brip1 Arhgef10 Haus3 Lzts2 Bccip Rab24 Top1 Cep63 Aspm Phf13 Itgb3bp Smarca2 Abraxas1 Mlh1 Haus1 Ccne1 Zwint Haus8 Ncaph2 Ccdc86 Dicer1 Nat9 Cenpq Klhl22 Anapc7 Incenp Syde1 Hspa1a Tubgcp6 Riok2 Dis3l2 Chfr Mei4 Wapl Ncaph Uvrag Washc1 Chmp1b Csnk1d"
"GOBP_CHROMOSOME_SEPARATION",0.60853795609974,0.983652701093429,1,68,0.208497481668247,20,"Bub1b M1ap Cenpe Ncapd3 Ncapg2 Haspin Birc5 Xrcc3 Plscr1 Cdca8 Ccnb1 Zwint Ncaph2 Klhl22 Anapc7 Incenp Dis3l2 Chfr Wapl Ncaph"
"GOBP_CILIUM_DISASSEMBLY",-1.09312007184206,0.334792993630573,1,11,-0.425407788956111,4,"Mark4 Aurka Hdac6 Ttll1"
"GOBP_CIRCADIAN_REGULATION_OF_GENE_EXPRESSION",0.882892802724863,0.68495140207798,1,52,0.312607471644866,16,"Maged1 Ahr Noct Nr1d1 Bhlhe41 Per2 Nampt Zpbp2 Cry2 Crem Top1 Sirt6 Ppargc1a Mycbp2 Nrip1 Hdac2"
"GOBP_CIRCADIAN_RHYTHM",1.06311737435162,0.358662303129474,1,138,0.343005013664164,50,"Maged1 Gpr157 Ahr Nfil3 Agrn Prf1 Noct Fbxl21 Nr1d1 Bhlhe41 Klf10 Per2 Atf5 Ezh2 Atg7 Cdk1 Nr2f6 Nampt Sik1 Suv39h2 Siah2 Srrd Gpr176 Zpbp2 Star Abcg2 Mettl3 Srebf1 Phlpp1 Cry2 Crem Naglu Crtc1 Mapk9 Top1 Timeless Sirt6 Ppargc1a Mycbp2 Nrip1 Hdac2 Cipc Adora2a Dbp Csnk1d Creb1 Prkaa1 Fas Ass1 Mta1"
"GOBP_CIRCADIAN_SLEEP_WAKE_CYCLE",0.498117482383448,0.986269125147117,1,13,0.224558283650135,1,"Nr1d1"
"GOBP_CIRCADIAN_SLEEP_WAKE_CYCLE_PROCESS",-0.777741579273114,0.739615384615385,1,10,-0.309817660641771,10,"Chrnb2 Ptger4 Fxr1 Btbd9 Hcrtr2 Parp1 Casp1 Per3 Ada Adora2a"
"GOBP_CLATHRIN_COAT_ASSEMBLY",-0.451213799464506,0.996446023989338,1,15,-0.160347299665445,15,"Eps15 Picalm Fcho1 Clta Ap2b1 Hip1r Hip1 Ap1b1 Gak Syt11 Fcho2 Clint1 Epn1 Cltc Nsg2"
"GOBP_CLATHRIN_DEPENDENT_ENDOCYTOSIS",-0.63974596817163,0.984069514844316,1,37,-0.182095510825554,7,"Inpp5f Lmbrd1 Scyl2 Tnk2 Ap2a2 Aak1 Dnm2"
"GOBP_COENZYME_A_BIOSYNTHETIC_PROCESS",0.591979200398992,0.940981871112875,1,12,0.271639044460708,5,"Slc25a42 Pank3 Acot7 Acat1 Pank2"
"GOBP_COENZYME_A_METABOLIC_PROCESS",0.477691921792931,0.99118609921934,1,19,0.20000974344922,12,"Slc25a42 Pank3 Acot7 Acat1 Pank2 Nudt7 Enpp1 Pank4 Coasy Slc25a16 Mccc2 Crot"
"GOBP_COGNITION",1.0288984662853,0.432973027578543,1,197,0.326334686235143,52,"Specc1 Mapk8ip2 App Ager Plk2 Camk2n1 Atxn1 Ahr Fgf13 Slc7a11 Nrxn1 Ulk4 Lrrn4 Aph1b Pde4d Itga3 Trpm4 Ccnd2 Itgb1 Hrh2 Tifab Dnaaf4 Ddhd2 Lins1 Tanc1 Srcin1 Klk8 Nrgn Rcan1 Abcc1 Taco1 Abi2 Prkcz Cebpb Mapt Pak1 Idua Kcnab1 Pja2 Ctns Cpeb3 Abcg2 Thra Lgmn Cyfip1 Psen1 Tmem43 Cln3 Nrxn2 Crtc1 Pla2g6 Arc"
"GOBP_COLLATERAL_SPROUTING",0.937247133083428,0.579931757866802,1,18,0.396208434562619,9,"App Fgf13 Npr2 Dvl1 Ifrd1 Ptprs Nfix Ulk2 Sema4d"
"GOBP_COLUMNAR_CUBOIDAL_EPITHELIAL_CELL_DEVELOPMENT",1.12234037771726,0.336448598130841,1,11,0.525097805830641,3,"Prdm1 Tigar Gpat4"
"GOBP_COLUMNAR_CUBOIDAL_EPITHELIAL_CELL_DIFFERENTIATION",1.14471248617059,0.275440820560101,1,40,0.419909773296581,16,"Prdm1 Wnt4 Tigar Ext1 Rxra Notch1 Fgf2 Ttc8 Gpat4 Rptor Cebpb Lef1 Bccip Ift80 Cep63 Tmem231"
"GOBP_COMMON_MYELOID_PROGENITOR_CELL_PROLIFERATION",0.990577215330141,0.51567144015131,1,10,0.47245900912561,2,"Flt3 Nr4a3"
"GOBP_COMPLEMENT_ACTIVATION",1.14503386354737,0.293062049791482,1,18,0.484047439126076,10,"C2 Cd59a Cd55b Cfp Ighg3 Cd46 C1qc C8g C1qa C1qb"
"GOBP_COMPLEMENT_ACTIVATION_CLASSICAL_PATHWAY",0.973778936851704,0.534181444358777,1,16,0.4218280141217,8,"C2 Cd55b Ighg3 Cd46 C1qc C8g C1qa C1qb"
"GOBP_CONNECTIVE_TISSUE_DEVELOPMENT",1.05093090100498,0.386208997664263,1,159,0.336270143019759,45,"Smad3 Hmga2 Lmna Bmpr2 Maf Slc39a14 Selenom Itgb3 Loxl2 Agrn Errfi1 Dmd Serpinb7 Ecm1 Hyal2 Trps1 Trpm4 Ext1 Chadl Sox5 Bbs4 Hoxb3 Hspg2 Dhrs7b Notch1 Fgf2 Sulf2 Npr2 Poc1a Zmpste24 Csf1 Gpld1 Ccdc18 Hsd17b1 Idua Tlr4 Snai1 Col10a1 Ppard Smad5 Thra Ifrd1 Col11a2 Mustn1 Plaat3"
"GOBP_CONNECTIVE_TISSUE_REPLACEMENT",1.07029483770919,0.400423448458383,1,12,0.49112176037705,2,"Ager Lrrc25"
"GOBP_CONSTITUTIVE_HETEROCHROMATIN_FORMATION",0.563197177186246,0.984367816091954,1,41,0.205943872148113,21,"Ezh2 Cenpv Dnmt3a Zfp512b Dot1l Sirt6 Dicer1 Rif1 Ezh1 Trim28 Mbd2 Kmt2b Ehmt2 Tnrc18 Hells Bmi1 Mphosph8 Kmt2a Spin1 Smarca5 Mbd1"
"GOBP_COPII_COATED_VESICLE_BUDDING",-0.543788394443457,0.993715083798883,1,36,-0.155126542704725,7,"Sec24d Trappc2 Trappc11 Sec24a Trappc1 Klhl12 Insig1"
"GOBP_COPII_COATED_VESICLE_CARGO_LOADING",0.591691100912397,0.952230506761026,1,18,0.250129337889653,1,"Sec31b"
"GOBP_COPPER_ION_HOMEOSTASIS",-0.683761147311684,0.89009009009009,1,16,-0.236892784922509,4,"Ankrd9 Slc31a2 Abcb6 Atp7a"
"GOBP_COPPER_ION_TRANSPORT",-0.582391671222096,0.962372188139059,1,12,-0.221066911658151,3,"Slc31a2 Slc39a11 Atp7a"
"GOBP_CORTICAL_ACTIN_CYTOSKELETON_ORGANIZATION",0.968885327745858,0.535925313164736,1,32,0.368397085283398,6,"Rab13 Iqgap2 Fmnl2 Epb41l3 Kcnc3 Asb7"
"GOBP_CORTICAL_CYTOSKELETON_ORGANIZATION",0.838512114285038,0.742365542388332,1,43,0.304081672897652,6,"Rab13 Iqgap2 Fmnl2 Epb41l3 Kcnc3 Asb7"
"GOBP_COTRANSLATIONAL_PROTEIN_TARGETING_TO_MEMBRANE",-0.590952614293035,0.965009208103131,1,17,-0.201402166985341,17,"Zfand2b Sec63 Srp54c Srp9 Srp68 Arl6ip1 Tram2 Srp14 Ssr3 Sec61a1 Tram1 Sec61b Srp19 Srp72 Sec61a2 Srp54a Srprb"
"GOBP_CRISTAE_FORMATION",-0.683740578366499,0.904368932038835,1,19,-0.226417269113929,2,"Apoo Letm1"
"GOBP_CYCLIC_NUCLEOTIDE_METABOLIC_PROCESS",-1.02020905018854,0.413063063063063,1,16,-0.353456998913312,3,"Ampd2 Pde4a Adcy3"
"GOBP_CYCLIC_NUCLEOTIDE_TRANSPORT",0.887581072041534,0.647257497973521,1,10,0.423334665208941,5,"Abcc4 Slc19a1 Abcc1 Lrrc8b Slc46a2"
"GOBP_CYTOCHROME_COMPLEX_ASSEMBLY",0.647814702617824,0.939706052540215,1,38,0.239471295586143,10,"Ociad2 Slc25a33 Taco1 Coa6 Coa4 Cox19 Sco1 Cox15 Cox18 Pet100"
"GOBP_CYTOKINESIS",0.696315398721465,0.962932707035638,1,140,0.224387956958406,48,"Chmp4c Iqgap2 Cit Kif20a Prc1 Map9 Kif4 Kif13a Klhdc8b Rhoc Bbs4 Nusap1 Birc5 Exoc8 Cenpv Map10 Rhob Orc4 Svil Cdca8 Pdxp Igf1r Arl3 Lzts2 Trim36 Luzp1 Ckap2 Pkp4 Gipc1 Rab11fip4 Pin1 Incenp Plk3 Birc6 Uvrag Washc1 Chmp1b Usp8 Exoc2 Atxn10 Stambp Entr1 Klhl9 Chmp4b Cul3 Brca2 Ect2 Chmp7"
"GOBP_CYTOKINETIC_PROCESS",0.856770105871922,0.712698412698413,1,45,0.308665863429729,4,"Chmp4c Iqgap2 Kif20a Klhdc8b"
"GOBP_CYTOKINE_PRODUCTION_INVOLVED_IN_INFLAMMATORY_RESPONSE",1.17054876722055,0.236510280586164,1,44,0.423095695529003,24,"Nod2 Sirpa Tlr3 Tlr6 Ezh2 Ccr1 Chid1 Appl1 Tnf Tlr4 Hmox1 Appl2 Mapk9 Prkca Gbp5 Nfkbia Zc3h12a Pld3 Nlrc3 Cuedc2 Stat3 Ticam1 Adcy7 Hif1a"
"GOBP_CYTOPLASMIC_MICROTUBULE_ORGANIZATION",0.53651629419069,0.995132204889921,1,56,0.188188429089409,13,"Dst Ccdc88b Tubg2 Ppfibp1 Map10 Tacc3 Dvl1 Camsap2 Ift88 Tacc2 Tubgcp6 Clip1 Plk3"
"GOBP_CYTOPLASMIC_PATTERN_RECOGNITION_RECEPTOR_SIGNALING_PATHWAY",0.963230759135166,0.598967820279296,1,183,0.306618016737496,44,"Nlrp1b Nod2 Map3k20 Nlrx1 Zdhhc1 Ifih1 Tlr3 Tspan6 Gbp2 Peli3 Tlr6 Oas3 Tlr7 Aars2 Casp4 Hspa1b Slc19a1 Trim3 Alpk1 Tnfaip3 Eif2ak2 Rnf125 Rnf135 Ddx60 Zcchc3 Tnf Slc15a3 Tab1 Tlr4 Ipo5 Znrf1 Kcnk6 Zdhhc3 Nagk Ddx3x Ptpn22 Lamp2 Atat1 Kcnk13 Slc46a2 Irf1 Ufl1 Epg5 Zdhhc12"
"GOBP_CYTOPLASMIC_TRANSLATION",-0.749123533600706,1,1,185,-0.166081336402619,83,"Cpeb2 Zfp385a Ftsj1 Eif3l Mcts1 Dhx29 Rpl22l1 Nemf Eif3b Rragc Paip1 Eif3j2 Rps19 Ywhag Wdr24 Usp4 Gpr155 Rpl7 Mif4gd Eif3h Eif3c Zc3h15 Eif3f Eif2s2 Rpl13a Eif3i Eef2 Abce1 Rps8 Pabpc1 Rpl6 Fxr1 Rps2 Rps4x Rps12 Rpsa Csde1 Rpl35a Rpl10a Smyd5 Rpl35 Rps5 Eif2b1 Rps16 Hnrnpu Rpl5 Rplp0 Rpl14 Rps15a Rps17 Rps10 Rps26 Rpl18 Rpl4 Rps7 Rpl23 Rpl41 Rps29 Rps13 Ythdf2 Rpl15 Rpl8 Rpl12 Gsk3b Rps3 Uba52 Fau Eif2b5 Rpl17 Eif3k Rps24 Rpl28 Rps6 Rpl18a Rps3a1 Rpl19 Rpl7a Nck1 Fmr1 Rps28 Rps21 Rps15 Rps23"
"GOBP_CYTOPLASMIC_TRANSLATIONAL_INITIATION",0.366127696824858,1,1,49,0.130454027599181,3,"Mcts2 Impact Eif2d"
"GOBP_CYTOSKELETON_DEPENDENT_CYTOKINESIS",0.862848382028484,0.746691871455577,1,92,0.286939649580106,21,"Chmp4c Iqgap2 Cit Kif20a Map9 Kif4 Klhdc8b Rhoc Bbs4 Nusap1 Birc5 Exoc8 Cenpv Rhob Orc4 Cdca8 Arl3 Lzts2 Trim36 Luzp1 Ckap2"
"GOBP_CYTOSKELETON_DEPENDENT_INTRACELLULAR_TRANSPORT",1.01898135961326,0.458464347296886,1,162,0.325830702640176,44,"Bsn Armcx6 Mreg Kifap3 App Dst Kif3a Ift122 Wdpcp Ccdc88b Syne2 Myo10 Kif13a Map2 Nefh Lca5 Bicdl2 Wdr19 Uchl1 Kif1b Hap1 Klc3 Bbs12 Ttc21b Tmem108 Prkcz Ift81 Fnbp1l Rufy3 Wdr35 Mapt Sod1 Ift140 Tanc2 Tmem201 Cluap1 Arl3 Armcx2 Cln3 Ift57 Ift80 Bloc1s3 Tmem230 Ift88"
"GOBP_CYTOSOLIC_RIBOSOME_ASSEMBLY",-0.602831021764622,0.938461538461538,1,10,-0.240141072436887,4,"Abt1 Eif6 Efl1 Prkdc"
"GOBP_CYTOSOLIC_TRANSPORT",-0.764900696736738,0.964179104477612,1,116,-0.177288861411302,25,"Ykt6 Heatr5a Spag9 Rab6b Vti1a Vps54 Rab9 Rbsn Erc1 Stx6 Tmem87a Snx5 Eipr1 Ric1 Eps15 Washc2 Snx2 Sgsm2 Tbc1d14 Rufy1 Arfrp1 Snx6 Aldh7a1 Ap1s1 Prepl"
"GOBP_DEADENYLATION_DEPENDENT_DECAPPING_OF_NUCLEAR_TRANSCRIBED_MRNA",0.639300323210138,0.90882625380442,1,12,0.293353092141038,1,"Noct"
"GOBP_DECIDUALIZATION",0.850122425190775,0.698920585967618,1,16,0.368261666798776,3,"Pla2g4a Ppard Cited2"
"GOBP_DEFENSE_RESPONSE_TO_FUNGUS",1.02319150248006,0.45958196927726,1,19,0.42841057295327,5,"App Trim62 Clec4a3 Nlrp10 Zbp1"
"GOBP_DEFENSE_RESPONSE_TO_GRAM_NEGATIVE_BACTERIUM",1.15532518447168,0.264994165694282,1,36,0.4309381816872,10,"App Mpeg1 Tnfrsf14 Peli3 Dao Trem1 Naip5 Cd160 Cd4 Tlr4"
"GOBP_DEFENSE_RESPONSE_TO_VIRUS",1.05450889997839,0.357114147909968,1,245,0.33134989033553,50,"Il15 Nlrp1b Ifitm3 Il12rb1 Dtx4 Ifit3b Zdhhc1 Isg15 Foxp3 Ifih1 Tlr3 Gbp2 Trim34b Ifit3 Pbld1 Rnasel Prf1 Oas3 Ticam2 Hyal2 Tlr7 Ifit1bl2 Atg7 Rtp4 Usp27x Isg20 Plscr1 Nlrc5 Gbp7 Lyst Ifit2 Mov10 Eif2ak2 Rab2b Zmpste24 Fv1 Pmaip1 Rnf135 Ifitm2 Ddx60 Zcchc3 Gbp4 Tnf Ifit1 Trim30d Pqbp1 Bst2 Oasl2 Trim30c Apobec1"
"GOBP_DEFINITIVE_HEMOPOIESIS",0.700530527438701,0.869476372924649,1,17,0.29986974044963,5,"Tgfbr3 Hoxb3 Bcr Cdk5rap3 Lyl1"
"GOBP_DENDRITE_DEVELOPMENT",1.06137100988126,0.351806985665253,1,203,0.336370070541082,58,"Smad3 Mapk8ip2 App Plk2 Cit Xlr3b Cacna1a Camk1 Marcks Numbl Tet1 Lst1 Caprin2 Il2 Ulk4 Arhgap33 Dlg4 Gorasp1 Efna1 Neurl1a Map2 Celsr2 Camk2a Zfp365 Ezh2 Lrp8 Cask Atg7 Itgb1 Bbs4 Myo6 Akap5 Cdkl3 Ntn1 Igsf9 Cdk5r1 Itpka Srcin1 Ankrd27 Dbn1 D16Ertd472e Abi2 Dvl1 Pak1 Ss18l1 Pqbp1 Dip2a Tanc2 Cpeb3 Farp1 Zfp296 Fbxo31 Cyfip1 Psen1 Camsap2 Wls Crtc1 Pacsin1"
"GOBP_DENDRITE_EXTENSION",-0.738366706915535,0.882631890930646,1,27,-0.225843662375666,4,"Cxcr4 Smurf1 Spag9 Bcl11a"
"GOBP_DENDRITIC_CELL_CHEMOTAXIS",1.10168122938675,0.364827312425566,1,12,0.505523903963542,4,"Tnfsf18 Slamf9 Trpm4 Il12a"
"GOBP_DENDRITIC_SPINE_DEVELOPMENT",1.13255283501478,0.24508573818486,1,101,0.373870558586287,27,"Smad3 Plk2 Xlr3b Camk1 Marcks Caprin2 Il2 Ulk4 Arhgap33 Dlg4 Efna1 Neurl1a Camk2a Zfp365 Lrp8 Cask Cdk5r1 Itpka Srcin1 Dbn1 D16Ertd472e Abi2 Dvl1 Pak1 Dip2a Tanc2 Cpeb3"
"GOBP_DENDRITIC_SPINE_MAINTENANCE",0.85004905724457,0.695966135458167,1,20,0.351477082497402,4,"App Itga3 Itpka Tanc1"
"GOBP_DENDRITIC_TRANSPORT",1.00051477891649,0.495419945813443,1,15,0.438173507662102,2,"Kifap3 Kif3a"
"GOBP_DENSE_CORE_GRANULE_LOCALIZATION",0.734887178630896,0.840996168582375,1,17,0.314576480087931,4,"Unc13b Map2 Kif1b Tanc2"
"GOBP_DENTATE_GYRUS_DEVELOPMENT",1.09383072327336,0.368799794397327,1,16,0.473832842673176,5,"Kif3a Csf1r Tmem108 Lef1 Atat1"
"GOBP_DEOXYRIBONUCLEOSIDE_METABOLIC_PROCESS",0.950052194937387,0.564485981308411,1,11,0.444491112402873,2,"Tk1 Cdk1"
"GOBP_DEOXYRIBONUCLEOSIDE_TRIPHOSPHATE_METABOLIC_PROCESS",-0.707026054179608,0.844580777096115,1,12,-0.268376204507446,12,"Adk Itpa Rrm2b Guk1 Pnp Oga Nudt15 Dguok Samhd1 Ak3 Ada Nudt16"
"GOBP_DEOXYRIBONUCLEOTIDE_CATABOLIC_PROCESS",-0.722767594432775,0.839490445859873,1,13,-0.268397578846766,13,"Xdh Dut Dera Pnp Nudt15 Samhd1 Nt5m Nudt18 Nt5c Nt5c2 Ada Dctpp1 Nudt16"
"GOBP_DEOXYRIBONUCLEOTIDE_METABOLIC_PROCESS",1.03555817521439,0.434680174343268,1,33,0.391678351567342,3,"Dctd Rrm2 Tyms"
"GOBP_DEPHOSPHORYLATION",0.459128541893872,1,1,123,0.149204769975868,37,"Smad3 Plpp1 Plpp5 Plppr3 Mtmr7 Pip4p2 Eya2 Dusp18 Inpp5e Ubash3b Plpp6 Ptpn7 Pdxp Sgpp1 Ptpn22 Inpp5b Phlpp1 Cdk5rap3 Ocrl Plpp2 Dusp6 Ptprs Ptpn1 Sgpp2 Phlpp2 Synj1 Ssh1 Eya3 Stk11 Ppm1f Inppl1 Dusp5 Ppp3cc Epm2a Ppp5c Inpp5d Ctdspl2"
"GOBP_DERMATAN_SULFATE_PROTEOGLYCAN_METABOLIC_PROCESS",1.17576470495104,0.274579859732698,1,12,0.539518281636013,7,"Dse Dsel Chst14 Arsb B3galt6 Csgalnact2 Idua"
"GOBP_DETECTION_OF_EXTERNAL_STIMULUS",1.14574940511178,0.264415526138658,1,49,0.408239053784826,13,"Pkd1l3 Tmc1 Cabp4 Pkd1l1 Serpine2 Mmp24 Tac4 Lhfpl5 Lxn Best1 Kcnk4 Nr2f6 Pkd2l2"
"GOBP_DETECTION_OF_LIGHT_STIMULUS",0.674142060381093,0.892315600102801,1,16,0.292029325963717,2,"Cabp4 Best1"
"GOBP_DETECTION_OF_MECHANICAL_STIMULUS",1.1524219695479,0.278215541277731,1,24,0.459166966759315,10,"Pkd1l3 Tmc1 Pkd1l1 Serpine2 Lhfpl5 Kcnk4 Pkd2l2 Tnf Whrn Tlr4"
"GOBP_DETECTION_OF_MECHANICAL_STIMULUS_INVOLVED_IN_SENSORY_PERCEPTION",0.867356472378173,0.68058748403576,1,17,0.37128140753596,7,"Tmc1 Serpine2 Lhfpl5 Kcnk4 Tnf Whrn Tlr4"
"GOBP_DETECTION_OF_OTHER_ORGANISM",1.10667297746064,0.360195844912002,1,12,0.507814446732724,3,"Nod2 Tlr6 Naip5"
"GOBP_DETECTION_OF_STIMULUS_INVOLVED_IN_SENSORY_PERCEPTION_OF_PAIN",0.915306001863658,0.617184453399194,1,14,0.406301591391922,6,"Mmp24 Tac4 Lxn Nr2f6 Tnf Tlr4"
"GOBP_DETECTION_OF_TEMPERATURE_STIMULUS",0.897894190130177,0.637383177570093,1,11,0.420088485156694,4,"Mmp24 Tac4 Lxn Nr2f6"
"GOBP_DETERMINATION_OF_ADULT_LIFESPAN",0.792927302443983,0.785294808550623,1,34,0.298437512821603,11,"Rad54l Bbc3 Dmd Zmpste24 Ercc5 Sod1 Abcg2 Naglu Sgsh Sirt6 Lipa"
"GOBP_DETOXIFICATION",0.934996671495416,0.619779520881916,1,83,0.313526195231788,22,"Abcb1b Gstp2 Gstk1 Alox5ap Gsr Mgst2 S100a8 Gstt2 Slc29a4 Aifm2 Nos3 Slc39a8 Prxl2b Abcc1 Ltc4s Txnrd2 Sod1 Adh5 Abcg2 Trp53inp1 Clybl Txn1"
"GOBP_DEVELOPMENTAL_CELL_GROWTH",1.10745607563152,0.264469535143932,1,153,0.355209345756315,37,"Sema6d Ccr5 Mgll Raph1 Nrp2 Bmpr2 App Cit Sema7a Csf1r Fgf13 Vegfa Map2 Impact Rgs2 Ext1 Atg7 Itgb1 Cdkl3 Ntn1 Npr2 Dbn1 Tmem108 Sorbs2 Prkcz Rufy3 Mapt Dvl1 Pak1 Slc23a2 Rnf157 Rasal1 Prmt2 Ifrd1 Cyfip1 Golga4 C9orf72"
"GOBP_DEVELOPMENTAL_MATURATION",1.10863810592498,0.24211484027497,1,191,0.352199495649673,36,"Il15 Nrg2 Cdkn1c Tdrkh App Axl Clstn1 Rps6ka2 Cacna1a Sema7a Vegfa Diaph3 Fzd5 Nrxn1 Plp1 Dlg4 Rab32 Neurl1a Cdh5 Shb Nox1 Pabpc1l Ext1 Catspere2 Asb7 Bhlha15 Akap5 Igsf9 Cdk5r1 Farp2 Rbpj Rxra Tdrd7 Ankrd27 Npr2 Gpat4"
"GOBP_DEVELOPMENTAL_PIGMENTATION",0.771168279041806,0.816438356164384,1,30,0.296453094317535,8,"Mreg Mitf Rab32 Ankrd27 Tpcn2 Hps4 Rab27a Bloc1s3"
"GOBP_DIACYLGLYCEROL_METABOLIC_PROCESS",0.754851349739895,0.816499614494988,1,16,0.326991510873434,3,"Plpp1 Gpat4 Apoa2"
"GOBP_DICARBOXYLIC_ACID_BIOSYNTHETIC_PROCESS",-0.516937563657464,0.987307692307692,1,10,-0.205924938229349,4,"Got1 Haao Kmo Htt"
"GOBP_DICARBOXYLIC_ACID_METABOLIC_PROCESS",0.7966108770537,0.820190309526414,1,62,0.275857836720388,9,"Dglucy Gpt2 Me3 Slc7a11 Asl Kyat3 Fahd2a Mthfd1 Prodh"
"GOBP_DICARBOXYLIC_ACID_TRANSPORT",0.966200454011772,0.550490414623272,1,53,0.341282375105526,22,"Slc25a13 Slc7a11 Best1 Per2 Slc46a1 Itgb1 Myo6 Slc19a1 Abcc1 Tnf Lrrc8b Pak1 Psen1 Arhgef11 Slc26a11 Gipc1 Slc26a1 Ttyh2 Arl6ip5 Slc25a10 Adora2a Slc38a2"
"GOBP_DIOL_BIOSYNTHETIC_PROCESS",0.77883067160975,0.791698595146871,1,17,0.333386972019236,7,"Asah2 Acer2 Abca2 Acer3 Sphk2 Agk Sptlc1"
"GOBP_DIOL_METABOLIC_PROCESS",1.15743629404639,0.271305612801552,1,24,0.461164856621849,12,"Plpp1 Asah2 Degs2 Acer2 Abca2 Acer3 Sgpp1 Sphk2 Plpp2 Agk Sgpp2 Sptlc1"
"GOBP_DISRUPTION_OF_ANATOMICAL_STRUCTURE_IN_ANOTHER_ORGANISM",1.09290470826132,0.352395313768704,1,37,0.405523859473693,9,"C2 Gbp2 Dao Prf1 Nkg7 Trem1 Ccl25 Gbp7 Gzma"
"GOBP_DITERPENOID_METABOLIC_PROCESS",0.905604687299447,0.63122444070243,1,26,0.355865018625303,14,"Bco2 Dhrs3 Rdh10 Rdh9 Rdh5 Retsat Adh5 Aldh1a3 Rdh13 Lipa Dgat1 Dhrs7 Rdh12 Lipe"
"GOBP_DNA_BIOSYNTHETIC_PROCESS",0.688219759273974,0.969134536505332,1,134,0.222425857780528,13,"Egf Ccna2 Cdkn1a Dntt Poln Ahr Vegfa Tk1 Polq Cdk1 Poll Nat10 Fgf2"
"GOBP_DNA_CATABOLIC_PROCESS",-1.05427610310863,0.376777251184834,1,26,-0.325491414187341,8,"Nme7 Dffb Dnase1l2 Exog Vps54 Aifm1 Dnase1l3 Blvra"
"GOBP_DNA_CONFORMATION_CHANGE",-0.568170316712147,0.976065102920057,1,18,-0.190980798342762,18,"Top2a Mterf1a Top2b Top3a Wrn Blm Hmgb2 Abl1 Hmgb3 Hhex Hnrnpa2b1 Hmgb1 Top3b Ercc3 Tdrd3 Top1 Top1mt Mterf1b"
"GOBP_DNA_DAMAGE_RESPONSE_SIGNAL_TRANSDUCTION_BY_P53_CLASS_MEDIATOR",0.651840210251632,0.962527233115468,1,65,0.224576729018186,9,"Cdkn1a Ndrg1 Dyrk3 Acer2 Myo6 Spred2 Foxm1 Zmpste24 Pmaip1"
"GOBP_DNA_DAMAGE_TOLERANCE",-0.854042245018423,0.736154324828874,1,30,-0.255567900919644,4,"Pole2 Polh Rad18 Rev1"
"GOBP_DNA_DOUBLE_STRAND_BREAK_PROCESSING",0.77873842720762,0.792577218898791,1,23,0.312680284210336,7,"Setmar Nbn Dna2 Brip1 Ufl1 Mre11a Helq"
"GOBP_DNA_INTEGRITY_CHECKPOINT_SIGNALING",0.72602529869597,0.933035714285714,1,109,0.238056558653647,29,"Creb3l1 Map3k20 Cdkn1a Setmar Gnb1l Clspn Cdk1 Nek11 Eme1 Rad51 Nbn Rnaseh2b Mrnip Dna2 Hus1 Ccnd1 Fbxo31 Rad9b Cdk5rap3 Mbtps1 Cep63 Ufl1 Dot1l Abraxas1 Timeless Ccng1 Ppp1r10 Tipin Rnf168"
"GOBP_DNA_METHYLATION_DEPENDENT_CONSTITUTIVE_HETEROCHROMATIN_FORMATION",0.400172894261764,0.998779147845196,1,23,0.160678053039857,13,"Ezh2 Dnmt3a Trim28 Mbd2 Kmt2b Ehmt2 Hells Bmi1 Kmt2a Spin1 Smarca5 Mbd1 Ppm1d"
"GOBP_DNA_MODIFICATION",0.893033955929309,0.641178059983788,1,10,0.425935435828964,1,"Dntt"
"GOBP_DNA_RECOMBINATION",0.444159079833791,1,1,285,0.138920105476541,61,"Kdm4d Gfi1 Tcf7 Foxp3 Xrcc2 Rad54l Poln Cntd1 Il2 Zgrf1 Polq Zfp365 Ezh2 Poll Mcmdc2 Xrcc3 Palb2 Mnd1 Nabp1 Eme1 Ercc5 Rad51 Nhej1 Nbn Mrnip Pagr1a Rnf169 Hus1 1700028K03Rik Rmi2 Meaf6 Ung Brip1 Lef1 Supv3l1 Lig4 Dcaf1 Cep63 Ufl1 Cdc45 Mlh1 Timeless Sirt6 Exo1 Recql4 Xrcc5 Aste1 Zmynd8 Mcm3 Mad2l2 Rnf168 Mei4 Parp3 Rpa3 Ncaph Rif1 Klhl15 Brd8 Ints3 Pogz Rad51b"
"GOBP_DNA_REPAIR_DEPENDENT_CHROMATIN_REMODELING",-0.894534497005179,0.645365572826713,1,25,-0.277901785714286,25,"Brcc3 Ep300 Kat5 Aplf Apbb1 Sirt1 Prkdc Sirt7 Parp2 Babam1 Parp1 Trip12 Hdgfl2 Asf1a Kdm1a Hpf1 Dtx3l Usp3 Uimc1 Rnf8 Hdac3 Ubr5 Rnf168 Sirt6 Phf1"
"GOBP_DNA_REPLICATION",0.478141813352145,1,1,255,0.150033759603573,53,"Ccna2 Ager Setmar Poln Tk1 Polq Zfp365 Cinp Atg7 Cdk1 Ccne2 Poll Xrcc3 Dbf4 Zranb3 Fhit Zmpste24 Polg2 Eme1 Orc4 Rfc3 Endog Prim2 Rad51 Nbn Gins3 Dna2 Top1mt Polk Rmi2 Meaf6 Noc3l Top1 Faf1 Cdc45 Ccne1 Timeless Jade2 Supt16 Exo1 Recql4 Cst3 Nfix Tspyl2 Mcm3 Mad2l2 Atf1 Tipin Rnaseh1 Fen1 Rnaseh2a Wapl Rpa3"
"GOBP_DNA_REPLICATION_CHECKPOINT_SIGNALING",0.967954825713385,0.53993033157012,1,15,0.423913939282943,6,"Clspn Dna2 Hus1 Rad9b Timeless Tipin"
"GOBP_DNA_REPLICATION_INITIATION",0.824459004729857,0.740851470939967,1,28,0.319826566597988,15,"Ccne2 Orc4 Prim2 Gins3 Noc3l Cdc45 Ccne1 Mcm3 Orc2 Gmnn Cdk2 Pola2 Wrnip1 Kat7 Orc3"
"GOBP_DNA_STRAND_ELONGATION",-0.679385535482161,0.958798882681564,1,36,-0.193808345966648,36,"Pole Gins1 Tert Pole3 Mcm7 Pola1 Ino80d Rad50 Ruvbl2 Actr5 Pot1b Tfpt Actl6a Nfrkb Pcna Mcm4 Ino80c Ino80e Ino80 Mcrs1 Uchl5 Pold2 Actr8 Lig1 Yy1 Lig3 Ruvbl1 Dclre1b Ino80b Pold3 Nucks1 Mre11a Mcm3 Dna2 Nbn Rfc3"
"GOBP_DNA_STRAND_ELONGATION_INVOLVED_IN_DNA_REPLICATION",-0.837679416429652,0.695539194456475,1,14,-0.304235524629037,5,"Pole Gins1 Pole3 Mcm7 Pola1"
"GOBP_DNA_STRAND_RESECTION_INVOLVED_IN_REPLICATION_FORK_PROCESSING",0.881160776381612,0.660730534251917,1,14,0.39114462812112,7,"Zfp365 Cdk1 Nbn Exo1 Mre11a Brca1 Atr"
"GOBP_DNA_SYNTHESIS_INVOLVED_IN_DNA_REPLICATION",0.769394248820449,0.80526822227568,1,26,0.302339975186276,4,"Poln Tk1 Polq Cdk1"
"GOBP_DNA_TEMPLATED_DNA_REPLICATION",0.709372132317732,0.954397061824118,1,141,0.228392829422155,23,"Ager Setmar Poln Tk1 Polq Zfp365 Atg7 Cdk1 Ccne2 Xrcc3 Dbf4 Zranb3 Zmpste24 Polg2 Eme1 Orc4 Rfc3 Endog Prim2 Rad51 Nbn Gins3 Dna2"
"GOBP_DNA_TEMPLATED_DNA_REPLICATION_MAINTENANCE_OF_FIDELITY",0.636220593657885,0.96992234496336,1,62,0.22031639499142,10,"Setmar Polq Zfp365 Cdk1 Xrcc3 Zranb3 Eme1 Rad51 Nbn Dna2"
"GOBP_DNA_TEMPLATED_TRANSCRIPTION_ELONGATION",-0.556357069756594,1,1,151,-0.126095961993513,22,"Ints4 Cdc73 Zc3h4 Med18 Med4 Polr2h Polr2d Ints12 Ercc2 Tceanc2 Rtf1 Aff3 Vhl Ints11 Med24 Ell Polr2a Ppp2ca Epop Axin1 Recql5 Elof1"
"GOBP_DNA_TEMPLATED_TRANSCRIPTION_INITIATION",-0.605813732372202,1,1,211,-0.12990008452493,35,"Gtf3c4 Padi2 Ints4 Paxip1 Taf13 Gtf3c5 Med18 Med4 Polr2h Taf3 Foxo1 Polr2d Rbm14 Ctnnbip1 Myc Ints12 Ercc2 Ints11 Psmc6 Ogg1 Tet2 Med24 Smarca4 Tfam Ppp2ca Ep300 Gtf3c2 Tbp Gtf2a1 Ercc6 Taf8 Polr3h Ints7 Egr1 Ercc1"
"GOBP_DNA_TEMPLATED_TRANSCRIPTION_TERMINATION",0.48424839744853,0.997011494252874,1,41,0.177074733489101,5,"Zgrf1 Per2 Zmpste24 Mterf1b Ttf2"
"GOBP_DOLICHOL_LINKED_OLIGOSACCHARIDE_BIOSYNTHETIC_PROCESS",-0.96515426536858,0.485399712781235,1,18,-0.324420207642417,5,"Alg6 Alg9 Alg11 Dpagt1 Alg10b"
"GOBP_DOPAMINE_METABOLIC_PROCESS",-1.01377070886524,0.420257663260773,1,15,-0.360262465020759,4,"Cyp2d22 Chrnb2 Gch1 Atp7a"
"GOBP_DOPAMINE_SECRETION",-0.904096005274345,0.587837837837838,1,16,-0.313229000168865,4,"Pcp4 Xlr4b Prkcb Chrnb2"
"GOBP_DOPAMINE_TRANSPORT",0.73634496492165,0.835147167944596,1,21,0.300815589246003,4,"Slc18a2 Xlr4a Slc29a4 Entpd1"
"GOBP_DORSAL_VENTRAL_PATTERN_FORMATION",0.976556240387271,0.524430350011745,1,34,0.367550738400992,12,"Kif3a Ift122 Dmrt3 Acvrl1 Ttc21b Tulp3 Rab23 Psen1 Ift88 Ptch1 Disp1 Intu"
"GOBP_DOSAGE_COMPENSATION_BY_INACTIVATION_OF_X_CHROMOSOME",0.791021077422482,0.777926993041143,1,23,0.317612033339258,1,"Firre"
"GOBP_DOUBLE_STRAND_BREAK_REPAIR",0.60897343901223,0.999699398797595,1,284,0.19048497602164,11,"Dclre1a Kdm4d Gfi1 Hmga2 Lmna Xrcc2 Rad54l Dntt Ager Setmar Poln"
"GOBP_DOUBLE_STRAND_BREAK_REPAIR_VIA_BREAK_INDUCED_REPLICATION",0.45416183294589,0.994177583697234,1,12,0.20839935972209,3,"Mcmdc2 Cdc45 Mcm3"
"GOBP_DOUBLE_STRAND_BREAK_REPAIR_VIA_CLASSICAL_NONHOMOLOGOUS_END_JOINING",1.03010896516693,0.457443934071872,1,10,0.491313805165578,5,"Ercc8 Ercc6l2 Lig4 Rnf168 Uvrag"
"GOBP_DOUBLE_STRAND_BREAK_REPAIR_VIA_NONHOMOLOGOUS_END_JOINING",1.01852492993191,0.459491361734092,1,75,0.345196401302345,6,"Dclre1a Kdm4d Hmga2 Lmna Dntt Setmar"
"GOBP_D_GLUCOSE_IMPORT",0.813604568549743,0.791368490586811,1,58,0.283907070920658,20,"Slc27a1 Rnasel Repin1 Sgcb Esr1 Slc2a3 Slc27a4 Hk2 Appl1 Tnf Erbb3 Prkci Appl2 Ahi1 Sirt6 Sesn2 Prkca Nfe2l2 C2cd5 Capn10"
"GOBP_EARLY_ENDOSOME_TO_GOLGI_TRANSPORT",0.917187656338612,0.608045520709276,1,12,0.420866102037122,1,"Ehd3"
"GOBP_EATING_BEHAVIOR",1.15075092528804,0.285856573705179,1,20,0.475810865801661,5,"C1qtnf4 Ahr Uchl1 Bbs12 Ttc21b"
"GOBP_ELECTRON_TRANSPORT_CHAIN",0.575567158242806,0.994017632241814,1,93,0.191276643304412,49,"Cox7a1 Cdk1 Aifm2 Enox2 Immp2l Ccnb1 Bid Etfb Cox6a2 Uqcrq Ppargc1a Ndufs1 Ndufc2 Ndufa11 Fdx2 Ndufa7 Uqcr10 Coq9 Uqcc3 mt-Nd5 Ndufb6 Ndufv3 Ndufaf1 Cox6a1 Cox7b Mtch2 Cox8a Cyc1 Ndufb8 Sod2 Sdha Sdhb Cox7c Coq7 Ndufs7 Ndufa8 Cox4i1 Pum2 Uqcr11 Cox7a2 Por Ndufs2 Ndufb9 Dnajc15 Sdhd mt-Nd4l Ndufs3 Ndufa12 Ndufa10"
"GOBP_EMBRYONIC_BRAIN_DEVELOPMENT",-0.486909511960156,0.994369857080987,1,14,-0.176839931735993,4,"Tubb2b Cdk20 Ppil1 Pcnt"
"GOBP_EMBRYONIC_CAMERA_TYPE_EYE_DEVELOPMENT",0.942005674730569,0.577689243027888,1,20,0.389499174698852,7,"Fzd5 Wdr19 Rdh10 Tulp3 Ift140 Aldh1a3 Cited2"
"GOBP_EMBRYONIC_CAMERA_TYPE_EYE_MORPHOGENESIS",0.578452312980421,0.951615012423172,1,13,0.260774341737199,3,"Fzd5 Aldh1a3 Cited2"
"GOBP_EMBRYONIC_DIGESTIVE_TRACT_DEVELOPMENT",0.955769759665866,0.556606322615509,1,10,0.45585748048269,3,"Tcf7 Myb Tnf"
"GOBP_EMBRYONIC_EYE_MORPHOGENESIS",0.578452312980421,0.951615012423172,1,13,0.260774341737199,3,"Fzd5 Aldh1a3 Cited2"
"GOBP_EMBRYONIC_HEMOPOIESIS",-0.741863342155472,0.85490605427975,1,21,-0.240465204181257,2,"Pbx1 Thoc5"
"GOBP_EMBRYONIC_HINDLIMB_MORPHOGENESIS",1.02909422233076,0.459412550066756,1,11,0.481471689754178,3,"Lmbr1 Rpgrip1l Notch1"
"GOBP_EMBRYONIC_PLACENTA_DEVELOPMENT",1.00801603246338,0.477155124958714,1,58,0.351746893122619,14,"Cdkn1c Socs3 Plcd3 Prdm1 Fzd5 St14 Vash2 Rbpj Itgav Vcam1 Cebpb Snai1 Lef1 Cited2"
"GOBP_EMBRYONIC_SKELETAL_SYSTEM_DEVELOPMENT",1.1389659314558,0.269950958537673,1,53,0.402306784930135,16,"Smad3 Tgfb3 Mmp14 Acvr2a Ext1 Hoxb3 Wdr19 Mks1 Hspg2 Pcgf2 Sulf2 Rdh10 Ndst1 Hsd17b7 Tulp3 Ift140"
"GOBP_ENDOCHONDRAL_BONE_MORPHOGENESIS",1.15785271471886,0.266130938312456,1,32,0.440247729091202,18,"Bmpr2 Mmp14 Ext1 Hspg2 Npr2 Poc1a Zmpste24 Tlr4 Col10a1 Pex7 Ift80 Nfix Nab2 Carm1 Inppl1 Runx2 Rara Ctdspl2"
"GOBP_ENDOCRINE_PANCREAS_DEVELOPMENT",0.386320687068178,0.998586481624261,1,16,0.16734895577734,4,"Dll1 Pde3b Sox4 Bad"
"GOBP_ENDOCRINE_SYSTEM_DEVELOPMENT",1.11476315572161,0.302008210362809,1,55,0.391923791914626,21,"Cdkn1c Smad3 Hmga2 Wnt4 Rap1gap Dll1 Hoxb3 Rbpj Fgf2 Ctns Thra Igf1r Cited2 Pde3b Armc5 Tspo Sox4 Bad Creb1 Mdk Tgfbr1"
"GOBP_ENDOCYTIC_RECYCLING",-0.681475012290229,0.988522238163558,1,73,-0.169766708835688,16,"Ehd2 Rab11fip3 Inpp5f Ehbp1 Ehd4 Vti1a Stx6 Arhgap1 Eipr1 Eps15 Mtmr4 Snx4 Cmtm6 Aldh7a1 Scrib Vps35l"
"GOBP_ENDOCYTOSIS",0.882458987846407,0.87765106042417,1,477,0.272695334908742,74,"Il15 Fcer1g Ifitm3 Mctp1 Syp Egf Iqsec2 Nod2 Lrp11 Sirpa Pik3cb Myo1d App Tbc1d2b Ager C2 Axl Plk2 Kif3a Ehd3 Rap1gap Il15ra Clcn2 Sele Itgb3 Myo1f Apln Angpt1 Vegfa Cd9 Dlg4 Ralb Ackr3 Pip4p2 Cryba1 Kcnc3 Abr Ticam2 Magi2 Dll1 Elmo3 Cfp Cav2 Lrp8 Atg7 Cxcl16 Itgb1 Kcnn4 Myo6 Akap5 Cd302 Nr1h3 Scarb1 Cd209d Hspg2 Ighg3 Amn Clcn5 Hap1 Plscr1 Hfe Lyst Itgav Abca2 Snx10 Trf Capn2 Tpcn2 Apoa2 Appl1 Tmem108 Ramp1 Fnbp1l Bcr"
"GOBP_ENDODERMAL_CELL_DIFFERENTIATION",0.945405288516567,0.575588197062264,1,14,0.419662574540659,2,"Hmga2 Mmp14"
"GOBP_ENDODERM_FORMATION",0.797651764901363,0.76394422310757,1,20,0.329811924132012,2,"Hmga2 Mmp14"
"GOBP_ENDOLYSOSOMAL_TOLL_LIKE_RECEPTOR_SIGNALING_PATHWAY",0.952448540829531,0.564354149832621,1,39,0.350748257361804,17,"Tlr3 Tlr7 Trim3 Tnfaip3 Tnf Znrf1 Zdhhc3 Ddx3x Ptpn22 Irf1 Epg5 Ptprs Rsad2 Slc15a4 Oas1a Ticam1 Adcy7"
"GOBP_ENDOMEMBRANE_SYSTEM_ORGANIZATION",0.734127212910954,0.99359743897559,1,435,0.227167081970621,118,"Chn2 Izumo1r Ano7 Sec16b Chmp4c Lmna Spaca1 Tlcd2 Ndrg1 Cit Ehd3 Serpine2 Sec31b Atp10a Cd9 Agrn Grik5 Tmem95 Prf1 Rfx2 Syne2 Laptm4b Gorasp1 Tmed6 Tmem38b Epb41l3 Reep2 Nox1 Nbeal2 Adam1a Plscr3 Cav2 Dcst1 Reep3 Bhlha15 Prx Cdk1 Atl1 Tlcd1 Plekhm2 Mmgt1 Zpbp Smpd4 Exoc8 Plscr1 Lyst Rab2b Tmed1 Zmpste24 Snx10 Snap47 Emc1 Tmem38a Casp7 Fnbp1l Rtn1 Arv1 Cep70 Sod1 Hps4 Vps33b Zpbp2 Usp6nl Syngr2 Cplx2 Tmem201 Rab3gap2 Rab27a Bin3 Dcaf17 Tor1a Acrbp Tmem43 Tmem170 Camsap2 Cln3 Pheta1 Naglu Caml Lmnb2 Pacsin1 Tom1 Bloc1s3 Wee1 Zbed3 Cep78 Sec23ip Doc2a Stam Ubr4 Stx18 Tmem33 Akap9 Stx12 Rab29 Cog1 Rab18 Cog7 Stk25 Nup155 Wdr83os Synj1 Emc10 Plk3 Wasl Tmcc1 Plekha3 Washc1 Hikeshi Chmp1b Csnk1d Atl2 Tmem147 Serinc3 Usp8 Lmnb1 Creb1 Usp50"
"GOBP_ENDONUCLEOLYTIC_CLEAVAGE_OF_TRICISTRONIC_RRNA_TRANSCRIPT_SSU_RRNA_5_8S_RRNA_LSU_RRNA",-0.612776738341232,0.947297297297297,1,16,-0.212299848641759,16,"Fcf1 Abt1 Rcl1 Rrs1 Sde2 Npm1 Tbl3 Kri1 Rps21 Rpp40 Nol9 Nop9 Bms1 Utp23 Tsr1 Bop1"
"GOBP_ENDOPLASMIC_RETICULUM_CALCIUM_ION_HOMEOSTASIS",0.789156666370134,0.779636186057868,1,23,0.316863432066525,6,"App Tmtc4 Bak1 Wfs1 Psen1 Camk2d"
"GOBP_ENDOPLASMIC_RETICULUM_MEMBRANE_ORGANIZATION",0.591511992587222,0.945014948654621,1,14,0.262570400965637,6,"Atl1 Rtn1 Stx18 Atl2 Rtn3 Atl3"
"GOBP_ENDOPLASMIC_RETICULUM_ORGANIZATION",1.03364216316739,0.427873380072233,1,82,0.3470498827878,24,"Sec16b Sec31b Tmem38b Reep2 Cav2 Reep3 Atl1 Mmgt1 Smpd4 Emc1 Tmem38a Rtn1 Rab3gap2 Tmem170 Caml Zbed3 Stx18 Tmem33 Rab18 Wdr83os Emc10 Tmcc1 Atl2 Tmem147"
"GOBP_ENDOPLASMIC_RETICULUM_TO_CYTOSOL_TRANSPORT",0.80588985116658,0.767648827420325,1,27,0.31483457297031,4,"Derl3 Svip Edem1 Yod1"
"GOBP_ENDOPLASMIC_RETICULUM_TO_GOLGI_VESICLE_MEDIATED_TRANSPORT",-0.596086280280244,1,1,119,-0.137710729735905,18,"Ykt6 Sec24d Pgap1 Rangrf Vti1a Golga2 Trappc2 Cog3 Trappc11 Uso1 Nrbp1 Tmed4 Sec24a Rint1 Trappc1 Ergic2 Copg2 Yipf6"
"GOBP_ENDOPLASMIC_RETICULUM_TUBULAR_NETWORK_ORGANIZATION",1.13256244026917,0.309013944223108,1,20,0.468290316728646,9,"Reep2 Reep3 Atl1 Rtn1 Rab3gap2 Tmem170 Tmem33 Rab18 Atl2"
"GOBP_ENDOSOMAL_TRANSPORT",-1.04139966073965,0.354166666666667,1,248,-0.220766367297453,57,"Ap1s2 Vps25 Hook2 Ehd2 Sgsm3 Ykt6 Rab11fip3 Inpp5f Mapk3 Heatr5a Ehbp1 Spag9 Ehd4 Pik3r4 Rab6b Vti1a Bcl2l1 Reps1 Vps54 Rab9 Ap3d1 Rbsn Erc1 Stx6 Vps16 Tmem87a Snx5 Arhgap1 Rabgef1 Eipr1 Ric1 Washc4 Eps15 Mtmr4 Washc2 Snx2 Dync1li1 Snx4 Flna Washc3 Ap5m1 Sgsm2 Tbc1d14 Rufy1 Snx9 Arfrp1 Snx6 Ubxn6 Cmtm6 Aldh7a1 Ap1s1 Prepl Msn Pik3c3 Scrib Sh3glb1 Vps35l"
"GOBP_ENDOSOMAL_VESICLE_FUSION",-0.736210469386158,0.811042944785276,1,12,-0.279454159184791,4,"Rufy1 Vps4a Samd9l Ankfy1"
"GOBP_ENDOSOME_ORGANIZATION",0.493935610475094,0.998807200173498,1,67,0.169517281896412,21,"Chmp4c Laptm4b Exoc8 Snx10 Vps33b Rab27a Pheta1 Tom1 Stam Ubr4 Stx12 Synj1 Tmcc1 Plekha3 Washc1 Chmp1b Usp8 Usp50 Pi4k2a Chmp4b Chmp7"
"GOBP_ENDOSOME_TO_LYSOSOME_TRANSPORT",0.396400866403476,1,1,58,0.138323963804219,25,"Chmp4c Kif13a Lyst Rhob Tpcn2 Epg5 Tgfbrap1 Lipa Uevld Chmp1b Trak1 Dennd3 Chmp4b Chmp7 Atg14 Vcp Gprasp1 Dtx3l Chmp2a Tsg101 Vps11 Snx27 Stx8 Chmp2b Arl8b"
"GOBP_ENDOSOME_TO_LYSOSOME_TRANSPORT_VIA_MULTIVESICULAR_BODY_SORTING_PATHWAY",0.892035682783869,0.646998722860792,1,17,0.381845612990241,1,"Chmp4c"
"GOBP_ENDOSOME_TO_PLASMA_MEMBRANE_PROTEIN_TRANSPORT",0.565905985248419,0.961578000514007,1,16,0.245142905543539,8,"Akap5 Washc1 Zdhhc2 Gripap1 Atp6ap1 Snx27 Scarb2 Vamp4"
"GOBP_ENDOTHELIAL_CELL_CHEMOTAXIS",1.12876962405704,0.324580787729104,1,14,0.50105745361162,5,"Plekhg5 Rab13 Vegfa Notch1 Fgf2"
"GOBP_ENDOTHELIAL_CELL_DEVELOPMENT",1.12764143722554,0.286627776531299,1,49,0.401787049844991,10,"Abcb1b S1pr2 Foxp3 Tjp2 F11r Notch4 Vegfa Dmd Cdh5 Pde4d"
"GOBP_ENDOTHELIAL_CELL_DIFFERENTIATION",1.13108407542601,0.267060720042988,1,73,0.384140081664078,20,"Abcb1b Tmem100 S1pr2 Bmpr2 Foxp3 Tjp2 F11r Notch4 Vegfa Dmd Cdh5 Pde4d Fstl1 Apold1 Dll1 Rbpj Acvrl1 Notch1 Plod3 Zdhhc21"
"GOBP_ENDOTHELIUM_DEVELOPMENT",1.12973180943256,0.260634920634921,1,85,0.378292898689808,23,"Abcb1b Tmem100 S1pr2 Bmpr2 Foxp3 Tjp2 F11r Notch4 Slc40a1 Vegfa Dmd Cdh5 Pde4d Fstl1 Apold1 Dll1 Rbpj Acvrl1 Notch1 Plod3 Rhob Zdhhc21 Abcc1"
"GOBP_ENERGY_HOMEOSTASIS",0.802535626290615,0.794242831541219,1,50,0.285332265537012,4,"C1qtnf4 Pask Metrnl Nr4a3"
"GOBP_ENERGY_RESERVE_METABOLIC_PROCESS",-0.973170362018908,0.519230769230769,1,67,-0.246275999370253,24,"Sorbs1 Ppp1r3f 1810024B03Rik Pygm Pgm1 Agl Gfpt1 Phka2 Pygb Stk40 Gbe1 Gaa Blvra Ugp2 Rb1cc1 Ppp1r2 Ppp1r3e Ppp1ca Il6st Inpp5k Rubcnl Ppp1cb Atg12 Pomc"
"GOBP_ENSHEATHMENT_OF_NEURONS",0.990403232739963,0.517991631799163,1,100,0.327090945128022,28,"Cmtm8 Egr2 Tnfrsf21 Ndrg1 Tenm4 Bcas1 Itgb4 Cd9 Ulk4 Plp1 Epb41l3 Lpin1 Prx Rxra Abca2 Amigo1 Tnf Sod1 Erbb3 Tnfrsf1b Ccdc39 Acer3 Ppard Cyfip1 Arhgef10 Tspan2 Ski Galc"
"GOBP_ENTEROENDOCRINE_CELL_DIFFERENTIATION",0.47953107519882,0.989799921537858,1,13,0.216179272986563,1,"Dll1"
"GOBP_ENTRAINMENT_OF_CIRCADIAN_CLOCK",0.850685201793371,0.698243878308187,1,21,0.347526475267685,7,"Fbxl21 Per2 Nr2f6 Sik1 Phlpp1 Cry2 Crtc1"
"GOBP_ENUCLEATE_ERYTHROCYTE_DIFFERENTIATION",0.680806596628721,0.872436151912134,1,12,0.312398903958327,1,"Diaph3"
"GOBP_EPHRIN_RECEPTOR_SIGNALING_PATHWAY",1.10370094251183,0.342713197345785,1,22,0.446959122292001,8,"Epha2 Efna1 Cdk5r1 Rbpj Efnb1 Notch1 Anks1b Ptk2"
"GOBP_EPIBOLY",0.912187670654965,0.616992332426416,1,21,0.372651793280355,9,"Hbegf Rhoc Acvrl1 Itgav Arhgap35 Tor1a Rreb1 Arhgap24 Adam17"
"GOBP_EPIDERMIS_DEVELOPMENT",1.08164624369636,0.315570442549736,1,160,0.346007121116357,41,"Gfi1 Wnt10a Myo3b Tnfrsf19 Tmc1 Cdkn1a Slc39a2 Kif3a Ppl Wdpcp Krt10 Errfi1 St14 Lhfpl5 Epha2 Irf6 Trps1 Lgr5 Dll1 Ext1 Ezh2 Myo6 Rbpj Notch1 Plod3 Pkp3 Zdhhc21 Zmpste24 Gorab Bcr Tnf Mcoln3 Whrn Tmem79 Sod1 Snai1 Myo7a Ppard Sgpp1 Acvr1b Igf1r"
"GOBP_EPIDERMIS_MORPHOGENESIS",1.04885346826331,0.423680278884462,1,20,0.433678449320845,10,"Wnt10a Ext1 Notch1 Plod3 Gorab Tmem79 Snai1 Naglu Dicer1 Intu"
"GOBP_EPIGENETIC_PROGRAMMING_OF_GENE_EXPRESSION",1.06288449456583,0.396316670652954,1,28,0.412317285197962,5,"Cdkn1c Tet1 Kdm1b Dnmt3a Suv39h2"
"GOBP_EPIGENETIC_REGULATION_OF_GENE_EXPRESSION",0.550385605278779,0.999899376132019,1,224,0.173631352652982,74,"Cdkn1c Hmga2 Firre Lmna App Setmar Tet1 Oip5 Pabpc1l Ezh2 Kdm1b Uty Cenpv Zmpste24 Dnmt3a Suv39h2 Samd1 Rrp8 Ash2l Hdac11 Apobec1 Mettl3 Ing2 Hdac8 Lmnb2 Sphk2 Msl2 Zfp512b Dot1l Smarca2 Phf1 Sirt6 Znhit1 Cdyl Dicer1 Hdac2 Usp21 Rnf168 Rif1 Lmnb1 Ezh1 Tdrd3 Cbx5 Cdk2 Mis18bp1 Tdg Ubr5 Mta1 Eed Trim28 Scmh1 Nrde2 Mbd2 Hdac3 Hdac4 Trmt112 Kmt2b Hdac5 Kat8 Rnf8 Ehmt2 Tet3 Cggbp1 Brca1 Prmt5 Ncor2 Mta2 Kcnq1ot1 Tnrc18 Hells Bmi1 Mphosph8 Prmt3 Uhrf2"
"GOBP_EPITHELIAL_CELL_APOPTOTIC_PROCESS",-0.688357810505131,0.983314794215795,1,60,-0.175972239425378,8,"E2f2 Anxa2 Ryr2 Bcl2l1 Cast Myc Cul1 Gsn"
"GOBP_EPITHELIAL_CELL_DIFFERENTIATION_INVOLVED_IN_KIDNEY_DEVELOPMENT",1.07507756734374,0.38755980861244,1,19,0.450135283061457,6,"Nphs1 Basp1 Magi2 Ext1 Prom1 Notch1"
"GOBP_EPITHELIAL_TUBE_FORMATION",1.06069156772548,0.372034432080621,1,94,0.352274436993034,27,"Egf Wnt4 Ift122 Vegfa St14 Bbs4 Mks1 Fgf2 Mthfd1 Tulp3 Rab23 Apaf1 Arhgap35 Cluap1 Ipmk Enah Cited2 Ift57 Ski Luzp1 Nup50 Ptch1 Hs2st1 Sdc4 Gatad2a Plxnb2 Vangl2"
"GOBP_ERAD_PATHWAY",0.56152558022921,0.996220869200084,1,94,0.1864925805497,37,"Fbxo44 Derl3 Svip Brsk2 Dnajb2 Foxred2 Wfs1 Edem1 Yod1 Tor1a Man1c1 Usp14 Dnajc10 Faf1 Dnajb9 Trim13 Ubxn8 Ecpas Rhbdd1 Rnf5 Rcn3 Fbxo17 Ankzf1 Vcp Sgta Fbxo6 Ubxn4 Derl2 Rnf139 Man1a Ube2g2 Usp19 Canx Rnf121 Hspa5 Aup1 Bag6"
"GOBP_ERBB3_SIGNALING_PATHWAY",1.07158113110935,0.400267022696929,1,11,0.501349601142823,1,"Nrg2"
"GOBP_ERK1_AND_ERK2_CASCADE",1.10162100077002,0.268926324335295,1,164,0.352076367876316,38,"Spry2 Egf Nod2 Sirpa App Ager Gstp2 Itgb3 Sema7a Csf1r Angpt1 Vegfa Nrxn1 Errfi1 Dmd Epha2 Dbndd2 Ackr3 Tgfbr3 Spry1 Cryba1 Map3k12 Mfhas1 Pde8a Ccr1 Esr1 Spred2 Apip Notch1 Fgf2 Nampt Itgav Fgfbp3 Cd4 Prkcz Nqo2 Tlr4 Icam1"
"GOBP_ERROR_PRONE_TRANSLESION_SYNTHESIS",-1.10242793465933,0.331923076923077,1,10,-0.439158266504808,3,"Pole2 Polh Rev1"
"GOBP_ERYTHROCYTE_DEVELOPMENT",0.697491766811604,0.899779607934114,1,37,0.258805320436899,5,"Smim1 Diaph3 Hbb-bt Ank1 Slc25a40"
"GOBP_ERYTHROCYTE_HOMEOSTASIS",0.775612225318219,0.899157937974943,1,131,0.251008047057847,16,"Isg15 Axl Smim1 Vegfa Diaph3 Hbb-bt Acvr2a P4htm Ank1 Dyrk3 Tgfbr3 Mfhas1 Bbs4 Slc25a40 Hspa1b Myb"
"GOBP_ERYTHROCYTE_MATURATION",-0.82907024945359,0.704419889502762,1,17,-0.282554879671337,4,"G6pdx Klf2 Hdac6 Ercc2"
"GOBP_ER_NUCLEUS_SIGNALING_PATHWAY",-0.799914412232256,0.869488536155203,1,47,-0.214103178406005,47,"Nck2 Eif2a Erlin2 Eif2ak3 Qrich1 Bcl2l11 Insig1 Atad3a Insig2 Erlin1 Atf4 Gsk3b Trp53 Nck1 Tmco1 Srebf2 Ddrgk1 Ppp1r15b Akt1 Rpap2 Eif2s1 Amfr Ccdc47 Abca7 Manf Selenos Tmed2 Akt2 Akt3 Hspa5 Ptpn2 Zbtb7b Ddit3 Atp2a2 Atf6b Paqr3 Igtp Scap Nfe2l2 Tmem33 Ptpn1 Atg10 Armc5 Atf6 Srebf1 Wfs1 Bid"
"GOBP_ER_OVERLOAD_RESPONSE",0.490729037241361,0.987838367987446,1,13,0.221227469899107,3,"Bid Wfs1 Atg10"
"GOBP_ESTABLISHMENT_OF_CELL_POLARITY",0.848653150646452,0.788944202447625,1,112,0.277756096206838,21,"Spry2 Pard3b Lmna Wdpcp Enkd1 Fgf13 Diaph3 Nek3 Cdh5 Map2 Spry1 Ska2 Itgb1 Syne4 Brsk2 Ttc8 Prkcz Cyth3 Dock7 Rufy3 Pak1"
"GOBP_ESTABLISHMENT_OF_ENDOTHELIAL_BARRIER",1.11222405878824,0.322751933510331,1,39,0.409587115411069,8,"Abcb1b S1pr2 Foxp3 Tjp2 F11r Vegfa Cdh5 Pde4d"
"GOBP_ESTABLISHMENT_OF_EPITHELIAL_CELL_POLARITY",0.609031888200932,0.946588645418327,1,20,0.251821644160896,6,"Syne4 Ttc8 Cyth3 Sh3bp1 Vangl2 Sipa1l3"
"GOBP_ESTABLISHMENT_OF_MITOCHONDRION_LOCALIZATION",0.802103613497987,0.765789792702146,1,24,0.319587349919269,6,"Armcx6 Tspan4 Uchl1 Kif1b Mapt Armcx2"
"GOBP_ESTABLISHMENT_OF_MITOCHONDRION_LOCALIZATION_MICROTUBULE_MEDIATED",0.823938387336377,0.735205237975321,1,19,0.344983237000495,5,"Armcx6 Uchl1 Kif1b Mapt Armcx2"
"GOBP_ESTABLISHMENT_OF_MITOTIC_SPINDLE_LOCALIZATION",0.842387149687083,0.720461774060549,1,33,0.318615426991959,5,"Spry2 Enkd1 Spry1 Itgb1 Nusap1"
"GOBP_ESTABLISHMENT_OF_ORGANELLE_LOCALIZATION",0.8133616024785,0.934068136272545,1,304,0.253879794459069,90,"Fcer1g Spry2 Gab2 Armcx6 Mreg Lmna Enkd1 Cenpe Nr4a3 Slc18a2 Unc13b Lat Lin7b Tac4 Syne2 Kif13a Map2 Nefh Spry1 Apold1 Cdc42bpa Ska2 Fes Tspan4 Bicdl2 Itgb1 Ntn1 Nusap1 Uchl1 Kif1b Exoc8 Hap1 Milr1 Tacc3 Prkcz Fnbp1l Rasl2-9 Dock7 Mapt D6Wsu163e Myo7a Ptk2 Tanc2 Cplx2 Tmem201 Arfgap3 Rab27a Armcx2 Hmox1 Psen1 Tor1a Cln3 Naglu Lmnb2 Bccip Wipi1 Ahi1 Wdr11 Sphk2 Cep19 Trappc6a Bloc1s3 Arfgap2 Tmem230 Stard3nl Zbed3 Sdc4 Tacc2 Stam Syne3 Pld2 Kif1c Borcs6 Fyco1 Stk25 Riok2 Ap1ar Synj1 Wasl Sdc1 Sar1a Ap3m2 Cd84 Stk11 Lmnb1 Bloc1s4 Dctn2 Trak1 Exoc2 Kif16b"
"GOBP_ESTABLISHMENT_OF_PIGMENT_GRANULE_LOCALIZATION",1.04552145321834,0.433241794167647,1,13,0.471335601253549,5,"Mreg Myo7a Rab27a Bloc1s3 Dctn2"
"GOBP_ESTABLISHMENT_OF_PROTEIN_LOCALIZATION_TO_ENDOPLASMIC_RETICULUM",-0.604985966755007,0.985335195530726,1,36,-0.172584377244076,36,"Zfand2b Ryr2 Vps54 Sec63 Spcs1 Srp54c Srp9 Srp68 Spcs2 Rab10 Tram2 Srp14 Macf1 Herpud1 Ssr3 Rab3gap1 Sec61a1 Tram1 Sec62 Sec61b Get4 Sec61g Srp19 Bag6 Hspa5 Spcs3 Srp72 Man1a Ubl4a Sgta Sec61a2 Srp54a Edem1 Rab3gap2 Srprb Zfand2a"
"GOBP_ESTABLISHMENT_OF_PROTEIN_LOCALIZATION_TO_MEMBRANE",0.586891219587257,0.999395770392749,1,215,0.185515888486327,58,"Rilpl1 Zdhhc1 Clstn1 Colq Stom Nacad Gorasp1 Kif13a Camk2a Reep2 Arl6 Akap5 Rtp4 Cdk5r1 Amn Dusp18 Mmgt1 Zdhhc21 Snap47 Rilpl2 Emc1 Srprb Pak1 Stx3 Bid Rab3gap2 Zdhhc3 Golga4 Cln3 Caml Zdhhc24 Zdhhc12 Moap1 Cox18 Zdhhc4 Agk Tent2 Syne3 Bbs2 Mtx1 Srp54a Wdr83os Clip1 Emc10 Washc1 C2cd5 Pex3 Tmem147 Zdhhc2 Fyn Tmem126a Lypla1 Sec61a2 Prnp Emc4 Pex16 Timm22 Tomm40"
"GOBP_ESTABLISHMENT_OF_PROTEIN_LOCALIZATION_TO_MITOCHONDRIAL_MEMBRANE",-0.917344138281471,0.616912235746316,1,31,-0.272531504227149,31,"Timm8a1 Maip1 Calm1 Mtx2 Samm50 Timm13 Timm29 Mtx3 Oxa1l Timm9 Tomm22 Calm3 Timm10b Calm2 Mtch1 Trmt10b Bcs1l Ap3b1 Timm10 Tomm70a Ndufa13 Mtch2 Bax Romo1 Tomm40 Timm22 Tmem126a Mtx1 Agk Cox18 Moap1"
"GOBP_ESTABLISHMENT_OF_PROTEIN_LOCALIZATION_TO_MITOCHONDRION",0.770437276179374,0.877099076406381,1,93,0.256037291137479,32,"Bbc3 4930550C14Rik Dusp18 Hk2 Pmaip1 Immp2l Sirt4 Mapt Bid Dnlz Srebf1 Moap1 Tspo Cox18 Pin1 Agk Gfer Mtx1 Pmpcb Tomm40l Prkaa1 Tmem126a Timm22 Tomm40 Timm44 Fbxw7 Timm17b Romo1 Ddit3 Grpel2 Bax Tomm5"
"GOBP_ESTABLISHMENT_OF_PROTEIN_LOCALIZATION_TO_ORGANELLE",0.397863923286186,1,1,373,0.123477472085698,111,"Lmna Cdkn1a Bbc3 Ift122 Angpt1 Tnpo2 Hyal2 4930550C14Rik Mdfic Tspan17 Akap5 Pik3r2 Cdk1 Dusp18 Nos3 Ap4m1 Notch1 Efcab7 Hk2 Tnfaip3 Zfand2a Pmaip1 Appl1 Lamp3 Rasl2-9 Gbp4 Immp2l Pex12 Sirt4 Mapt Srprb Rab23 Snupn Ipo5 Bid Dnlz Rab3gap2 Ptpn22 Srebf1 Edem1 Lamp2 Cry2 Pex7 Psen1 Appl2 Mbtps1 Gnptab Nup50 Zdhhc12 Moap1 Stam Tspo Ubr4 Vps13c Cox18 Sirt6 Pin1 Agk Pkig Heatr3 Ptpn23 Gfer Mtx1 Pmpcb Srp54a Nup155 Vps53 Tomm40l Hikeshi Pex3 Nfkbia Prkaa1 Igtp Tmem126a Ubr5 Lypla1 Zc3h12a Sec61a2 Trim28 Jup M6pr Pex16 Timm22 Tomm40 Timm44 Vps28 Epm2a Brca2 Hdac3 Fbxw7 Ect2 Timm17b Zfp827 Atg14 Romo1 Pex6 Tnpo3 Ddit3 Mon1b Stat3 Pex2 Becn1 Brca1 Grpel2 Gpn1 Sgta Bax Agap3 Tomm5 Hcls1 Vps37b"
"GOBP_ESTABLISHMENT_OF_PROTEIN_LOCALIZATION_TO_PEROXISOME",-1.01997640811846,0.424271844660194,1,19,-0.337760080641325,5,"Trim37 Hacl1 Pex10 Zfand6 Pex13"
"GOBP_ESTABLISHMENT_OF_PROTEIN_LOCALIZATION_TO_PLASMA_MEMBRANE",0.579216342800681,0.986763732627399,1,57,0.202594337254441,6,"Rilpl1 Gorasp1 Kif13a Arl6 Akap5 Amn"
"GOBP_ESTABLISHMENT_OF_PROTEIN_LOCALIZATION_TO_POSTSYNAPTIC_MEMBRANE",1.12284001757072,0.338758766706365,1,12,0.515232949484681,3,"Clstn1 Snap47 Stx3"
"GOBP_ESTABLISHMENT_OF_PROTEIN_LOCALIZATION_TO_TELOMERE",-1.06840009707866,0.362261146496815,1,11,-0.415787555938683,6,"Tert Tcp1 Nabp2 Acd Wrap53 Usp7"
"GOBP_ESTABLISHMENT_OF_SPINDLE_ORIENTATION",0.832036777173916,0.734672304439746,1,34,0.313157316680274,5,"Spry2 Enkd1 Spry1 Ska2 Itgb1"
"GOBP_ESTABLISHMENT_OR_MAINTENANCE_OF_CELL_POLARITY",0.986588929504257,0.533001118681989,1,154,0.316342457956064,22,"Spry2 Dlg3 Pard3b Lmna Dst Kif3a Pard6b Wdpcp Enkd1 Fgf13 Diaph3 Nek3 Pard6g Syne2 Cdh5 Map2 Spry1 Ska2 Rpgrip1l Itgb1 Syne4 Brsk2"
"GOBP_ESTABLISHMENT_OR_MAINTENANCE_OF_MONOPOLAR_CELL_POLARITY",0.808221889481359,0.743793058624724,1,14,0.358767274797109,6,"Syne4 Ttc8 Prkci Sh3bp1 Myo9a Patj"
"GOBP_ESTROGEN_METABOLIC_PROCESS",0.888569752240497,0.644435622601562,1,12,0.407734322882651,9,"Hsd17b7 Hsd17b1 Star Plekha1 Hsd17b4 Hsd17b12 Chst10 Sgpl1 Comt"
"GOBP_ESTROGEN_RECEPTOR_SIGNALING_PATHWAY",-0.655974597220647,0.980361351139042,1,42,-0.181045748635985,7,"Padi2 Ufm1 Uba5 Psmc3ip Hdac6 Ufsp2 Cnot9"
"GOBP_ESTROUS_CYCLE",1.13914038739355,0.317211564442043,1,10,0.543316694906566,2,"Car2 Gnrh1"
"GOBP_ETHER_BIOSYNTHETIC_PROCESS",0.894039092882082,0.639962172385842,1,10,0.42641483915199,4,"Pla2g4a Dhrs7b Chpt1 Pex7"
"GOBP_ETHER_LIPID_METABOLIC_PROCESS",0.975526855885602,0.531611410948342,1,16,0.4225851892741,7,"Pla2g4a Dhrs7b Tmem86b Chpt1 Pex7 Plaat3 Pla2g6"
"GOBP_EXCRETION",0.857109072826417,0.685580774365821,1,11,0.401006773376611,1,"Corin"
"GOBP_EXECUTION_PHASE_OF_APOPTOSIS",0.59805510530855,0.980113953748185,1,52,0.211754466451428,2,"Cxcr3 Bbc3"
"GOBP_EXIT_FROM_MITOSIS",0.804887600982921,0.758908822806586,1,22,0.325950483344074,12,"Cdkn1c Birc5 Rgcc Eps8 Nfix Chmp4b Chmp7 Spast Ppp2r2d Chmp2a Ctdp1 Clasp2"
"GOBP_EXOCYTIC_PROCESS",1.07220873999712,0.363884939297823,1,62,0.371294432511695,10,"Fcer1g Syp Sytl2 Slc18a2 Unc13b Nrxn1 Grik5 Ralb Ctbp2 Camk2a"
"GOBP_EXOCYTOSIS",0.967273979968749,0.593143661405449,1,240,0.304331004084979,60,"Fcer1g Cacna1h Syp Rab13 Gab2 Cacna1a Myo1f Nr4a3 Sytl2 Slc18a2 Cplane2 Unc13b Lat Nrxn1 Lin7b Tac4 Grik5 Ralb Ctbp2 Glrx Abr Nkg7 Apold1 Camk2a Rab25 Fes Cask Rab3d Cbarp Brsk2 Ccr1 Srcin1 Prss12 Notch1 Exoc8 Cd160 Hap1 Milr1 Rab2b Snap47 Tpcn2 Stxbp5 Bcr Tmem79 Dvl1 Pak1 Sytl1 D6Wsu163e Stx3 Scamp4 Syngr2 Cplx2 Cacnb4 Fbxo45 Plek Rab27a Hmox1 Rab37 Psen1 C9orf72"
"GOBP_EXPLORATION_BEHAVIOR",0.92944296295508,0.595531681113417,1,23,0.373191407615755,7,"Abcb1b Dlg4 Itga3 Abcc1 Dpp4 Naglu Grn"
"GOBP_EXTRACELLULAR_MATRIX_ASSEMBLY",1.04153952745122,0.433769831276757,1,19,0.436092896224526,6,"Smad3 Efemp2 Tgfbr3 Notch1 Plod3 Rgcc"
"GOBP_EXTRACELLULAR_MATRIX_DISASSEMBLY",0.907417938773215,0.625670498084291,1,17,0.388430155605279,2,"Eng Noxo1"
"GOBP_EXTRACELLULAR_TRANSPORT",1.1729530866736,0.250937689050212,1,25,0.464555586064369,12,"Dnajb13 Rsph1 Ulk4 Rsph4a Rsph9 Dnaaf4 Spef2 Dnah1 Ropn1l Rsph3b Ccdc39 Cfap45"
"GOBP_EXTRACELLULAR_VESICLE_BIOGENESIS",-0.71657685179843,0.869417475728155,1,19,-0.237290836653386,19,"Smpd3 Atp13a2 Vps4a Hgs Rab11a Arrdc1 Snf8 Pdcd6ip Vps4b Sdcbp Rab7 Cops5 Tsg101 Chmp2a Steap3 Sdc1 Stam Sdc4 Rab27a"
"GOBP_EXTRINSIC_APOPTOTIC_SIGNALING_PATHWAY_VIA_DEATH_DOMAIN_RECEPTORS",0.73318993239788,0.891186071817193,1,64,0.252857788372722,27,"Tnfrsf10b Trps1 Tnfaip3 Pmaip1 Dele1 Tmbim1 Tnfsf10 Tnf Tnfrsf23 Icam1 Zdhhc3 Ddx3x Hmox1 Faf1 Moap1 Cflar Ripk1 Bad Fas Bex3 Rffl Fem1b Casp8 Itprip Tradd Brca1 Bax"
"GOBP_FACE_DEVELOPMENT",0.724860351433665,0.873625737761833,1,38,0.267952003521062,8,"Tgfb3 Asph Bbs4 Hoxb3 Aldh1a3 Lef1 Ski Plekha1"
"GOBP_FACULTATIVE_HETEROCHROMATIN_FORMATION",0.625155437103908,0.928863346104725,1,17,0.267604610109483,7,"Ezh2 Rrp8 Ezh1 Eed Jarid2 Ubtf Smarca5"
"GOBP_FARNESYL_DIPHOSPHATE_BIOSYNTHETIC_PROCESS",-1.19626082091601,0.237307692307692,1,10,-0.476537115837361,5,"Acat2 Mvd Hmgcr Idi1 Pmvk"
"GOBP_FARNESYL_DIPHOSPHATE_METABOLIC_PROCESS",-0.844954947180489,0.65439672801636,1,12,-0.32073188868155,5,"Acat2 Mvd Hmgcr Idi1 Pmvk"
"GOBP_FATTY_ACID_BETA_OXIDATION",0.752525711400667,0.867416721817781,1,57,0.263213304774807,28,"Acad8 Mtln Acad10 Cpt1b Acox1 Ppard Acad11 Pex7 Gcdh Etfb Mlycd Sesn2 Acad12 Acat1 Hadhb Decr1 Hsd17b4 Acadsb Acadm Acads Acsl5 Cpt2 Etfbkmt Pex2 Eci2 Acaa2 Echs1 Abcd4"
"GOBP_FATTY_ACID_BETA_OXIDATION_USING_ACYL_COA_DEHYDROGENASE",1.06937135156302,0.402380018307833,1,13,0.482087466881481,8,"Acad10 Acad11 Gcdh Etfb Acad12 Acadm Acads Etfbkmt"
"GOBP_FATTY_ACID_BIOSYNTHETIC_PROCESS",0.948162275245108,0.601822752985544,1,98,0.313611038414732,28,"Fabp5 Mgll Pla2g4a Gstp2 Elovl6 Asah2 Hacd4 Plp1 Ptges3l Nr1h3 Gstm4 Trib3 Prxl2b Ltc4s Acox1 Scd2 Pnpla8 Srebf1 Gstm1 Acot7 Sco1 Cbr4 Armc5 Mcat Mapk9 Mlycd Ubr4 Decr2"
"GOBP_FATTY_ACID_CATABOLIC_PROCESS",0.71429747326112,0.922928502519027,1,76,0.241848829910976,36,"Acad8 Mtln Lpin1 Slc27a4 Acad10 Cpt1b Acox1 Ppard Acad11 Acot7 Pex7 Gcdh Etfb Phyh Mlycd Decr2 Sesn2 Acad12 Acat1 Hadhb Decr1 Hsd17b4 Acadsb Acadm Acads Acsl5 Cpt2 Lipe Etfbkmt Pex2 Nudt7 Eci2 Abhd2 Acaa2 Echs1 Abcd4"
"GOBP_FATTY_ACID_DERIVATIVE_BIOSYNTHETIC_PROCESS",1.11232951646019,0.344084634240743,1,15,0.487142555186716,8,"Elovl6 Ggt5 Far2 Hmgcll1 Gcdh Acat1 Acsl1 Acsl5"
"GOBP_FATTY_ACID_DERIVATIVE_CATABOLIC_PROCESS",0.613191198442848,0.931236188743013,1,14,0.272193735480345,5,"Hpgd Acot7 Acat1 Fitm2 Nudt7"
"GOBP_FATTY_ACID_DERIVATIVE_METABOLIC_PROCESS",0.897568786653513,0.64215288249623,1,37,0.333044185605083,14,"Elovl6 Ggt5 Hpgd Bckdhb Far2 Hmgcll1 Acot7 Gcdh Dgat1 Acat1 Hsd17b4 Acsl1 Acsl5 Fitm2"
"GOBP_FATTY_ACID_METABOLIC_PROCESS",0.897098180944142,0.766887816646562,1,244,0.281996729709382,68,"Fabp5 Mgll Pla2g4a Gstp2 Acad8 Elovl6 Cyp4f17 Ahr Slc27a1 Slc27a3 Asah2 Hacd4 Ggt5 Plp1 Mtln Alox5ap Hpgd Per2 Mmut Ptges3l Cryl1 Lpin1 Nr1h3 Gstm4 Trib3 Cyp4x1 Gpat4 Slc27a4 Acad10 Prxl2b Cyp4f13 Cyp4f16 Ltc4s Tpk1 Cpt1b Sirt4 Arv1 Acox1 Cyp4v3 Scd2 Ppard Pnpla8 Adh5 Srebf1 Gstm1 Acad11 Acot7 Sco1 Pex7 Cbr4 Gcdh Appl2 Them4 Etfb Phyh Armc5 Mcat Mapk9 Aacs Mcrip2 Mlycd Ptgr2 Ubr4 Decr2 Gpam Ppargc1a Sesn2 Lipa"
"GOBP_FATTY_ACID_TRANSMEMBRANE_TRANSPORT",1.05048850452418,0.428847890594762,1,15,0.460059403904614,7,"Slc27a1 Abcc1 Cpt1b Slc25a20 Acsl1 Acsl5 Cpt2"
"GOBP_FATTY_ACYL_COA_METABOLIC_PROCESS",0.878567462411693,0.669449485783424,1,25,0.347962273201575,11,"Elovl6 Bckdhb Far2 Acot7 Gcdh Dgat1 Acat1 Hsd17b4 Acsl1 Acsl5 Fitm2"
"GOBP_FAT_CELL_DIFFERENTIATION",1.03234164186875,0.429861040673496,1,162,0.330102802530627,30,"Smad3 Hmga2 Egr2 Dkkl1 Cebpd Tmem120b Bbs7 Zfp423 Metrnl Nr4a3 Vegfa Rnasel Grk5 Noct Ctbp2 Nr1d1 Ffar2 Socs1 Per2 Atf5 Rgs2 Trpm4 Arl6 Jdp2 Lpin1 Bbs4 Dhrs7b Trib3 Ttc8 Npr2"
"GOBP_FEAR_RESPONSE",0.74008849087368,0.835094617842222,1,22,0.299709178055509,2,"Mapk8ip2 Ext1"
"GOBP_FEMALE_GAMETE_GENERATION",1.09039743558765,0.318019718900776,1,97,0.361155337737039,41,"Tdrkh Pla2g4a Wnt4 Rps6ka2 Ccnb2 M1ap Cenpe Paqr8 Pde4d Shb Hpgd Ska2 Lgr5 Pabpc1l Asb7 Mcmdc2 Nos3 Tdrd7 Npr2 Cenpv Orc4 Immp2l Ccnb1 Afp Gas2 Etv6 Mettl3 Fosl1 Rab24 Aspm Sos1 Mlh1 Ncaph2 Nrip1 Alms1 Tut7 Mei4 Wapl Diaph2 Ncaph Washc1"
"GOBP_FEMALE_MEIOTIC_NUCLEAR_DIVISION",-0.905594417851173,0.64454094292804,1,29,-0.273404068598388,6,"Ndc80 Fbxo5 Trip13 Cdc25b Aurka Top2a"
"GOBP_FERROPTOSIS",1.08379919287514,0.366539105477159,1,28,0.420430576596712,15,"Gstp2 Slc7a11 Camk2a Aifm2 Slc25a1 Psat1 Lamp2 Hmox1 Tmem164 Pck2 Ninj1 Gpx4 Nfe2l2 Prkaa1 Sc5d"
"GOBP_FIBROBLAST_ACTIVATION",0.96387179990367,0.546510127725455,1,15,0.422125786045612,3,"Nr1d1 Myb Rgcc"
"GOBP_FIBROBLAST_PROLIFERATION",0.967695645570623,0.553649908886269,1,76,0.327645089548912,24,"Egf Ccna2 Cdkn1a Ager Itgb3 Socs1 Kcnn4 Esr1 Myb Zmpste24 Pmaip1 Nbn Rnaseh2b Ccnb1 Lta Nras Lzts2 Lig4 Trp53inp1 Ski Trim32 Ifi30 Sirt6 Dicer1"
"GOBP_FILOPODIUM_ASSEMBLY",1.14991738617309,0.252786446723139,1,53,0.406175069675045,10,"Myo3b Gpm6a S1pr2 Tgfb3 Itgb4 Agrn Nrxn1 Neurl1a Myo10 Spef1"
"GOBP_FLUID_TRANSPORT",0.583345954177446,0.948345756505819,1,13,0.262980463198235,2,"Hyal2 Ext1"
"GOBP_FOAM_CELL_DIFFERENTIATION",0.829032600547222,0.731673052362708,1,17,0.354876455790331,9,"Itgb3 Itgav Csf1 Samd1 Tnf Abca5 Mapk9 Ldah Nfkbia"
"GOBP_FOCAL_ADHESION_ASSEMBLY",1.01499729213126,0.463393152042277,1,58,0.354183001596267,11,"Cdh11 Smad3 Wnt4 Wdpcp Mmp14 Vegfa Acvrl1 Itgav Pip5k1a Actn1 Bcr"
"GOBP_FOLIC_ACID_CONTAINING_COMPOUND_METABOLIC_PROCESS",0.65410602644988,0.917527071266683,1,19,0.273874379218705,3,"Tyms Slc46a1 Mthfd1"
"GOBP_FOREBRAIN_CELL_MIGRATION",0.973123481644559,0.532453763694193,1,33,0.368063726678709,6,"Axl Fgf13 Ulk4 Syne2 Lrp8 Cdk5r1"
"GOBP_FOREBRAIN_DEVELOPMENT",1.09949851596715,0.243961352657005,1,225,0.346848145971564,67,"Ndnf Hmga2 Nrp2 App Wnt4 Axl Kif3a Numbl Ckap2l Sema7a Nr4a3 Fktn Csf1r Fgf13 Slc7a11 Ulk4 Dmd Ncapd3 Syne2 Rtn4rl1 Atf5 Ext1 Kcnc1 Rpgrip1l Ncapg2 Lrp8 Atg7 Bbs4 Cdk5r1 Rbpj Cdon Wdr89 Notch1 Fgf2 Ttc8 Hap1 Ndst1 Nrgn Tacc3 Abcc1 D16Ertd472e Ttc21b Tmem108 Dock7 Pak1 Ccdc39 Apaf1 Arhgap35 Mettl3 Fbxo45 Aldh1a3 Lef1 Atat1 Psen1 Nf2 Ski Ift88 Aspm Szt2 Tacc2 Uqcrq Ncaph2 Ptprs Dicer1 Nfix Bbs2 Hdac2"
"GOBP_FOREBRAIN_GENERATION_OF_NEURONS",1.17332345465234,0.242240373395566,1,36,0.437651565874976,15,"Ndnf Nrp2 Wnt4 Csf1r Atf5 Atg7 Fgf2 D16Ertd472e Mettl3 Lef1 Psen1 Aspm Uqcrq Dicer1 Nfix"
"GOBP_FORELIMB_MORPHOGENESIS",1.0993538102728,0.365153538050734,1,11,0.514343317826551,3,"Ift122 Rpgrip1l Rdh10"
"GOBP_FORMATION_OF_PRIMARY_GERM_LAYER",1.1492251333321,0.253789135966368,1,56,0.403102151516327,10,"Smad3 Hmga2 Bmpr2 Mmp14 Itgb3 Nr4a3 Itgb4 Epha2 Itga3 Itgb1"
"GOBP_FORMATION_OF_TRANSLATION_PREINITIATION_COMPLEX",0.678382163587768,0.872061604971629,1,10,0.323556568692472,2,"Mcts2 Eif2d"
"GOBP_FRUCTOSE_6_PHOSPHATE_METABOLIC_PROCESS",-0.97455043825784,0.471337579617834,1,11,-0.379264234410084,5,"Mpi Gfpt1 Nfe2l1 Gnpda1 Hk1"
"GOBP_FRUCTOSE_METABOLIC_PROCESS",0.784101874138826,0.76749527154823,1,10,0.373979926830537,4,"Sord Pfkfb1 Pfkfb2 Khk"
"GOBP_G0_TO_G1_TRANSITION",-0.800189393013115,0.814561294337274,1,30,-0.239452702373188,14,"Dab2ip Bcl7a Smarcc1 Smarca4 Arid2 Phf10 Brd7 Rhno1 Rrm2b Arid1a Bcl7c Ppp2r5b Actb Smarcd1"
"GOBP_G1_TO_G0_TRANSITION",0.639617848470776,0.912387885090342,1,14,0.283924446236794,7,"Ezh2 Cdk5r1 Rrp8 Rab11fip4 Stk11 Zbtb17 Wdr6"
"GOBP_GAMMA_DELTA_T_CELL_ACTIVATION",1.03388295664859,0.443422733077905,1,17,0.44256488721348,3,"Tcf7 Itk Ccr9"
"GOBP_GAMMA_DELTA_T_CELL_DIFFERENTIATION",0.854120224484091,0.687768100870922,1,14,0.379141408164397,2,"Tcf7 Ccr9"
"GOBP_GANGLIOSIDE_BIOSYNTHETIC_PROCESS",1.14839641952218,0.302403204272363,1,11,0.537288377115458,2,"St8sia6 St6galnac6"
"GOBP_GANGLIOSIDE_METABOLIC_PROCESS",1.0766736793667,0.382719123505976,1,20,0.445181510879168,9,"St8sia6 St6galnac6 Abca2 St3gal2 Cln6 Naglu Neu3 St6galnac4 Gm2a"
"GOBP_GASTRULATION",0.965353543038469,0.56827687160184,1,101,0.318675877372496,14,"Smad3 Hmga2 Bmpr2 Tenm4 Mmp14 Itgb3 Nr4a3 Itgb4 Apln Acvr2a Epha2 Itga3 Ext1 Itgb1"
"GOBP_GASTRULATION_WITH_MOUTH_FORMING_SECOND",1.00571074531804,0.484802043422733,1,17,0.430505464577793,2,"Tenm4 Acvr2a"
"GOBP_GENERATION_OF_PRECURSOR_METABOLITES_AND_ENERGY",0.403709174503705,1,1,366,0.125337030895345,102,"Pask App Cox7a1 Slc25a13 Pygl Nr4a3 Tigar Mtln Nr1d1 Tefm Rpe Per2 Cbfa2t3 Cdk1 Aifm2 Slc25a33 Gabarapl1 Uchl1 Rbpj Gapdhs H6pd Hk2 Cox6b2 Hmgcll1 Rptor Phkg1 Sdhaf4 Tpk1 Etfrf1 Rasl2-9 Enox2 Tnf Immp2l Sirt4 Pfkfb1 Ccnb1 Bid Pfkfb2 Xpo4 Acox1 Aco1 Zbtb20 Khk Gys1 Selenon Psen1 Epm2aip1 Etfb Wipi1 Cox6a2 Chchd5 Uqcrq Sirt6 Ppargc1a Lipa Trap1 Ndufc1 Pnpt1 Bpgm Pdhx Mpc2 Dgat1 Acat1 Atg2b Ndufs1 Prkaa1 Ide Ndufb4 Ddit4 Ndufc2 Fkrp Acadm Prps2 Ndufa11 Fdx2 Ndufa7 Dnajc30 Pdk1 Bckdk Ndufa9 Epm2a Ndufb2 Uqcr10 Msh2 Pank2 Coq9 Hdac4 P2rx7 Uqcc3 Pfkp Dyrk2 Oas1a Sirt3 Cox6b1 Ahdc1 Stat3 Idh3g mt-Nd5 Phka1 Ndufb6 Vcp Ndufv3"
"GOBP_GENOMIC_IMPRINTING",0.888294183988997,0.647542019461645,1,18,0.375514243411434,3,"Cdkn1c Kdm1b Dnmt3a"
"GOBP_GERANYLGERANYL_DIPHOSPHATE_METABOLIC_PROCESS",-0.94941387644272,0.511923076923077,1,10,-0.378204269926304,5,"Acat2 Mvd Hmgcr Idi1 Pmvk"
"GOBP_GERMINAL_CENTER_FORMATION",-0.456174634237358,0.995753715498938,1,13,-0.169399082504112,2,"Bcl6 Rc3h1"
"GOBP_GLIAL_CELL_APOPTOTIC_PROCESS",0.989990250076384,0.513107170393215,1,16,0.428850538233775,3,"Tnfrsf21 Cers6 Dll1"
"GOBP_GLIAL_CELL_MIGRATION",0.919206039202089,0.609466760629551,1,34,0.345965592639495,7,"Mmp14 Cd9 Ulk4 Syne2 Lrp8 Cdk5r1 Csf1"
"GOBP_GLUCAN_BIOSYNTHETIC_PROCESS",-0.994313792786003,0.466367713004484,1,31,-0.295398228770963,8,"Sorbs1 Ppp1r3f 1810024B03Rik Pgm1 Agl Gfpt1 Gbe1 Ugp2"
"GOBP_GLUCAN_METABOLIC_PROCESS",-1.03589549106362,0.383211678832117,1,65,-0.262133267911797,24,"Sorbs1 Ppp1r3f 1810024B03Rik Pygm Pgm1 Agl Gfpt1 Phka2 Pygb Stk40 Gbe1 Gaa Blvra Ugp2 Rb1cc1 Ppp1r2 Ppp1r3e Ppp1ca Il6st Inpp5k Rubcnl Ppp1cb Atg12 Pomc"
"GOBP_GLUCOSE_6_PHOSPHATE_METABOLIC_PROCESS",0.830330503122626,0.732937325736453,1,24,0.330833972799151,5,"Tigar Rpe H6pd Hk2 Rptor"
"GOBP_GLUCOSE_CATABOLIC_PROCESS",0.77061909254098,0.798911699233243,1,21,0.314817439447829,3,"Tigar Hk2 Pfkfb2"
"GOBP_GLUCOSE_METABOLIC_PROCESS",0.618279995604126,0.992763962494904,1,143,0.198922559344792,19,"Fabp5 Slc39a14 Slc25a13 Gpt2 Errfi1 Tigar Per2 Slc2a8 Gapdhs Dcxr H6pd Hk2 Sik1 Zmpste24 Cd101 Pmaip1 Gpld1 Tnf Pfkfb1"
"GOBP_GLUTAMATE_METABOLIC_PROCESS",0.823332315544742,0.731822709163347,1,20,0.340430281908115,4,"Dglucy Slc7a11 Asl Prodh"
"GOBP_GLUTAMATE_RECEPTOR_CLUSTERING",0.804245462233493,0.746014590651175,1,10,0.383587476372517,2,"Slc7a11 Dlg4"
"GOBP_GLUTAMATE_SECRETION",1.07347930391751,0.393086610125932,1,16,0.465016879946367,9,"Best1 Myo6 Pak1 Gipc1 Adora2a Slc38a2 Stxbp1 P2rx7 Apba1"
"GOBP_GLUTAMINE_FAMILY_AMINO_ACID_BIOSYNTHETIC_PROCESS",0.63980247742021,0.907343124165554,1,11,0.299337779989409,3,"Asl Pycr2 Cln3"
"GOBP_GLUTAMINE_FAMILY_AMINO_ACID_METABOLIC_PROCESS",0.802452111817779,0.775836130077537,1,38,0.296634587153245,16,"Dglucy Slc7a11 Dao Asl Pfas Nos3 Prodh Sirt4 Pycr2 Cln3 Fpgs Cad Odc1 Ass1 Azin1 Got2"
"GOBP_GLUTAMINE_METABOLIC_PROCESS",0.620676536254715,0.926426621604056,1,14,0.275516454504229,3,"Asl Pfas Sirt4"
"GOBP_GLYCERALDEHYDE_3_PHOSPHATE_METABOLIC_PROCESS",0.543179438820006,0.969423300219327,1,15,0.23788438213321,3,"Rpe Khk Slc25a10"
"GOBP_GLYCEROLIPID_BIOSYNTHETIC_PROCESS",0.850905237779646,0.817637507611122,1,161,0.272169788228897,38,"Fabp5 Plpp1 Pik3cb Pla2g4a Sh3yl1 Slc27a1 Pcyt1b Pemt Impa2 Lpin1 Nr1h3 Scarb1 Itpka Dhrs7b Lcat Tmem150a Gpat4 Plscr1 Chpt1 Sik1 Inpp5e Capn2 Pip5k1a Chka Apoa2 Gpld1 Agpat5 Inpp1 Pigq Lclat1 Pigp Bpnt1 Pgap3 Srebf1 Gpat3 Pigb Agpat2 Cln3"
"GOBP_GLYCEROLIPID_CATABOLIC_PROCESS",0.934146457464295,0.585334426613564,1,35,0.350268132699485,12,"Mgll Pla2g4a Ddhd2 Scarb1 Smpd4 Apoa2 Gpld1 Gdpd3 Pnpla8 Pla2g6 Plcg1 Plcb3"
"GOBP_GLYCEROLIPID_METABOLIC_PROCESS",0.75237528494966,0.967965454910625,1,257,0.236038685844563,67,"Fabp5 Mgll Plpp1 Pik3cb Pla2g4a Sh3yl1 Slc27a1 Pcyt1b Plcd4 Mtmr7 Pip4p2 Pemt Impa2 Lpin1 Nr1h3 Ddhd2 Esr1 Scarb1 Itpka Dhrs7b Lcat Tmem150a Smpd4 Gpat4 Plscr1 Chpt1 Apof Sik1 Inpp5e Capn2 Pip5k1a Chka Apoa2 Gpld1 Agpat5 Inpp1 Pigq Arv1 Lclat1 Gdpd3 Pigp Bpnt1 Pgap3 Apobec1 Pnpla8 Srebf1 Ipmk Gk5 Serinc1 Inpp5b Gpat3 Pigb Plaat3 Plcl1 Agpat2 Cln3 Ocrl Pla2g6 Plcg1 Pigk Plcb3 Gpam Pigm Agpat1 Agk Lipa Pld2"
"GOBP_GLYCEROL_METABOLIC_PROCESS",0.814661979409936,0.73741336471819,1,13,0.367260942089344,1,"Pla2g4a"
"GOBP_GLYCEROPHOSPHOLIPID_BIOSYNTHETIC_PROCESS",0.783041861548777,0.89350143501435,1,135,0.253003568636281,31,"Fabp5 Pik3cb Pla2g4a Sh3yl1 Pcyt1b Pemt Impa2 Lpin1 Itpka Dhrs7b Lcat Tmem150a Gpat4 Plscr1 Chpt1 Inpp5e Capn2 Pip5k1a Chka Apoa2 Agpat5 Inpp1 Pigq Lclat1 Pigp Bpnt1 Pgap3 Gpat3 Pigb Agpat2 Cln3"
"GOBP_GLYCEROPHOSPHOLIPID_CATABOLIC_PROCESS",0.837618506074345,0.721455938697318,1,17,0.358551746389525,8,"Pla2g4a Scarb1 Smpd4 Gdpd3 Pnpla8 Pla2g6 Plcg1 Plcb3"
"GOBP_GLYCEROPHOSPHOLIPID_METABOLIC_PROCESS",0.722364274388355,0.968462549277267,1,199,0.229175259799353,52,"Fabp5 Pik3cb Pla2g4a Sh3yl1 Pcyt1b Plcd4 Mtmr7 Pip4p2 Pemt Impa2 Lpin1 Nr1h3 Scarb1 Itpka Dhrs7b Lcat Tmem150a Smpd4 Gpat4 Plscr1 Chpt1 Inpp5e Capn2 Pip5k1a Chka Apoa2 Agpat5 Inpp1 Pigq Lclat1 Gdpd3 Pigp Bpnt1 Pgap3 Pnpla8 Ipmk Serinc1 Inpp5b Gpat3 Pigb Plaat3 Plcl1 Agpat2 Cln3 Ocrl Pla2g6 Plcg1 Pigk Plcb3 Gpam Pigm Agpat1"
"GOBP_GLYCOLIPID_BIOSYNTHETIC_PROCESS",0.745191124847135,0.875846000221902,1,55,0.261991195037442,4,"St8sia6 Plekha8 A3galt2 St6galnac6"
"GOBP_GLYCOLIPID_CATABOLIC_PROCESS",-0.940179249402456,0.52484076433121,1,13,-0.349132744972644,3,"Gba2 Hexb Naga"
"GOBP_GLYCOLYTIC_PROCESS_THROUGH_GLUCOSE_6_PHOSPHATE",-1.10702540430507,0.316504854368932,1,19,-0.366585919883993,3,"Gale Galk1 Foxk1"
"GOBP_GLYCOPHAGY",0.513446503606899,0.977837116154873,1,11,0.240220914981031,3,"Gabarapl1 Wipi1 Atg2b"
"GOBP_GLYCOPROTEIN_BIOSYNTHETIC_PROCESS",0.943096223456894,0.647450782433115,1,204,0.298882117561188,52,"Il15 St8sia6 Bmpr2 Hs3st3b1 Tmtc3 Hbegf Tmtc2 Mgat4b Galnt14 Pxylp1 Tet1 Dse Fktn Angpt1 Derl3 Uggt2 Gorasp1 St6galnac2 Acer2 Crppa Itm2c Ext1 Engase Tmtc4 Chst14 B3gat2 Jak3 B3galt6 Rft1 Slc39a8 Ndst1 Abca2 Plod3 6430550D23Rik St3gal2 Eogt Ramp1 B3gnt7 Fut8 Csgalnact2 Tmem260 Galnt7 B3gnt3 St3gal6 Cant1 Mgat1 Glce Mustn1 Psen1 Man1c1 Dpy19l1 Hs3st1"
"GOBP_GLYCOPROTEIN_CATABOLIC_PROCESS",-0.921254072430935,0.608536585365854,1,28,-0.280099147221406,3,"Hgsnat Hexb Hpse"
"GOBP_GLYCOPROTEIN_METABOLIC_PROCESS",0.920370209359229,0.715175879396985,1,242,0.289429279719511,62,"Il15 St8sia6 Bmpr2 Hs3st3b1 Tmtc3 Hbegf Tmtc2 Mgat4b St6galnac6 Galnt14 Pxylp1 Tet1 Dse Fbxo44 Fktn Angpt1 Derl3 Uggt2 Gorasp1 St6galnac2 Dsel Acer2 Crppa Itm2c Ext1 Engase Tmtc4 Chst14 B3gat2 Jak3 Arsb B3galt6 Rft1 Slc39a8 Sulf2 Ndst1 Abca2 Plod3 6430550D23Rik St3gal2 Eogt Ramp1 B3gnt7 Fut8 Csgalnact2 Idua Tmem260 Galnt7 Ppard B3gnt3 Edem1 St3gal6 Cant1 Mgat1 Glce Mustn1 Psen1 Man1c1 Man2b2 Dpy19l1 Hs3st1 Naglu"
"GOBP_GLYCOSAMINOGLYCAN_CATABOLIC_PROCESS",0.743956108053052,0.822603535027738,1,15,0.325814135164774,6,"Hyal2 Fgf2 Cemip2 Idua Sgsh Pglyrp2"
"GOBP_GLYCOSAMINOGLYCAN_METABOLIC_PROCESS",1.14755473607269,0.264739229024943,1,45,0.413425924895311,17,"Il15 Egf Hs3st3b1 Pxylp1 Hyal2 Ext1 B3galt6 Fgf2 Ndst1 Habp4 Cemip2 Idua Cln6 Hs3st1 Naglu Sgsh Pglyrp2"
"GOBP_GLYCOSPHINGOLIPID_METABOLIC_PROCESS",1.1445417240627,0.280407360259229,1,38,0.423091492684736,15,"St8sia6 Plekha8 Lct A3galt2 St6galnac6 Gla Abca2 St3gal2 Cln6 Crem Naglu Neu3 Galc St6galnac4 Gm2a"
"GOBP_GLYCOSYLCERAMIDE_METABOLIC_PROCESS",1.02532229666617,0.464886515353805,1,11,0.47970695783367,3,"Lct St6galnac6 Gla"
"GOBP_GLYCOSYL_COMPOUND_CATABOLIC_PROCESS",-0.960247621653705,0.49025552187094,1,14,-0.348750886338788,5,"Gba2 Naga Pnp2 Ahcy Xdh"
"GOBP_GOLGI_LOCALIZATION",0.636426123501251,0.917091669935923,1,13,0.286909741211482,6,"Tbccd1 Stk25 Uvrag Stk11 Pdcd10 Arhgap21"
"GOBP_GOLGI_ORGANIZATION",-0.627256862420331,1,1,121,-0.144330736019395,14,"Pi4k2b Mapk3 Cul7 Cog2 Gorasp2 Atp8b2 Rab6b Vti1a Golga2 Rbsn Cog3 Trappc11 Uso1 Tmed4"
"GOBP_GOLGI_RIBBON_FORMATION",0.797470322532794,0.75317481761686,1,10,0.380356051562678,1,"Gorasp1"
"GOBP_GOLGI_TO_ENDOSOME_TRANSPORT",0.66873096518827,0.896941660241583,1,16,0.289685311883076,6,"Ap4m1 Wipi1 Ap1ar Kif16b Slc30a6 Dop1b"
"GOBP_GOLGI_TO_LYSOSOME_TRANSPORT",1.01619796313375,0.477843825992975,1,10,0.484678907719093,4,"Ehd3 Ap4m1 Cln3 Ccdc91"
"GOBP_GOLGI_TO_PLASMA_MEMBRANE_TRANSPORT",-1.06001636243579,0.329452852153667,1,62,-0.268860801943898,16,"Vamp5 Cnst Llgl2 Rab31 Rab11fip3 Rabep1 Gga2 Atp2c1 Dnm2 Chic2 Nsf Arfrp1 Aldh7a1 Prepl Blzf1 Vps35l"
"GOBP_GOLGI_TO_VACUOLE_TRANSPORT",-0.730079987782583,0.874500855675984,1,24,-0.229569057491735,5,"Ap1m2 Vti1a Vps54 Ap3d1 Rbsn"
"GOBP_GOLGI_VESICLE_TRANSPORT",-0.832790705800671,0.967741935483871,1,272,-0.176101666196222,74,"Vamp5 Cnst Llgl2 Ykt6 Rab31 Rab11fip3 Ap1m2 Rabep1 Dipk2a Cog2 Sec24d Pgap1 Rangrf Rab6b Vti1a Vps54 Golga2 Ap3d1 Trappc2 Rbsn Cog3 Trappc11 Stx6 Uso1 Nrbp1 Tmed4 Cux1 Bnip1 Gga2 Eps15 Sec24a Atp2c1 Rint1 Arf3 Snx2 Trappc1 Dnm2 Ergic2 Chic2 Nsf Copg2 Sgsm2 Tbc1d14 Yipf6 Rabif Rufy1 Arfrp1 Aldh7a1 Prepl Ap1g2 Blzf1 Vps35l Klhl12 Insig1 Cog5 Ap2m1 Rack1 Ap3s2 Vamp3 Exoc1 Gosr2 Tmed3 Snx3 Stx17 Creb3l2 Ankfy1 Htt Stx5a Arf4 Scyl1 Copb1 Commd1 Acsl3 Copb2"
"GOBP_GPI_ANCHOR_METABOLIC_PROCESS",-1.0940282281477,0.31280487804878,1,28,-0.33262960014029,7,"Pigw Pgap1 Pgap2 Pigu Pigl Pigs Pigf"
"GOBP_GRANULOCYTE_ACTIVATION",0.905669411480947,0.629402756508423,1,33,0.342550626941245,5,"Il15 Fcer1g Myo1f Dnase1 Abr"
"GOBP_GRANULOCYTE_DIFFERENTIATION",0.594093494368523,0.970636598543575,1,34,0.223601563846217,7,"Zbtb46 Cbfa2t3 Dhrs7b Lef1 Cited2 Evi2b C1qc"
"GOBP_GROWTH_HORMONE_RECEPTOR_SIGNALING_PATHWAY_VIA_JAK_STAT",0.978608572527611,0.526835781041389,1,11,0.457851489978877,2,"Socs2 Jak3"
"GOBP_GROWTH_HORMONE_SECRETION",1.16535595738923,0.278044975952164,1,14,0.517298017341996,1,"Hmga2"
"GOBP_GROWTH_PLATE_CARTILAGE_DEVELOPMENT",1.09985454666474,0.361972015169347,1,13,0.495829714873784,8,"Npr2 Poc1a Zmpste24 Tlr4 Ift80 Carm1 Rara Ctdspl2"
"GOBP_GUANINE_NUCLEOTIDE_TRANSPORT",0.733748755052258,0.8204539313699,1,10,0.349963843700567,4,"Abcc4 Slc19a1 Lrrc8b Slc46a2"
"GOBP_G_PROTEIN_COUPLED_ACETYLCHOLINE_RECEPTOR_SIGNALING_PATHWAY",0.588063618788766,0.941097000810592,1,10,0.280478846409932,1,"Cdk5r1"
"GOBP_G_PROTEIN_COUPLED_DOPAMINE_RECEPTOR_SIGNALING_PATHWAY",0.856274308688683,0.690635662833312,1,18,0.36197827811497,4,"Ptger1 Gnao1 Cav2 Gnal"
"GOBP_G_PROTEIN_COUPLED_RECEPTOR_INTERNALIZATION",1.20857100360951,0.234125911915698,1,10,0.576431852041934,7,"App Apln Pld2 Grk4 Adm Sag Arrb1"
"GOBP_HEAD_DEVELOPMENT",1.04409185872811,0.338535414165666,1,427,0.323163371156028,119,"Sema6d Ndnf Egf Hmga2 Nrp2 Egr2 Tgfb3 App Wnt4 Axl Kif3a Cacna1a Atxn1 Serpine2 Mmp14 Bbs7 Numbl Ckap2l Sema7a Nr4a3 Fktn Csf1r Fgf13 Slc7a11 Diaph3 Meis3 Nrxn1 Ulk4 Dmd Ncapd3 Ak8 Cenpf Syne2 Rtn4rl1 Celsr2 Abr Zfp365 Atf5 Dll1 Ext1 Kcnc1 Arl6 Rpgrip1l Ncapg2 Ezh2 Lrp8 Atg7 Itgb1 Asph Bbs4 Pfas Hoxb3 Ccr1 Arsb Mks1 Cdk5r1 Hspg2 Rbpj Cdon Wdr89 Spef2 Notch1 Fgf2 Ttc8 Hap1 Ndst1 Nrgn Tacc3 Hsd17b7 Abcc1 D16Ertd472e Ttc21b Tmem108 Amigo1 Bcr Tulp3 Pbx4 Immp2l Dock7 Whrn Amigo3 Rtn1 Pak1 Ccdc39 Apaf1 Ctns Arhgap35 Selenop Sox12 Mettl3 Fbxo45 Igf1r Aldh1a3 Lef1 Atat1 Psen1 Wls Naglu Nf2 Ski Wdr11 Sphk2 Ift88 Ptch1 Aspm Sos1 Szt2 Plekha1 Tacc2 Uqcrq Ccdc32 Atrn Ncaph2 Ptprs Dicer1 Plxnb2 Nfix Bbs2 Hdac2"
"GOBP_HEAD_MORPHOGENESIS",0.836905778405105,0.72351112174121,1,28,0.32465495571975,13,"Tgfb3 Asph Lef1 Ski Plekha1 Atp6ap2 Csrnp1 Sgpl1 Braf Lrp6 Specc1l Tiparp Nipbl"
"GOBP_HEART_FORMATION",1.02715093643013,0.462349799732977,1,11,0.480562504641725,3,"Ext1 Rbpj Notch1"
"GOBP_HEART_GROWTH",0.866186471553607,0.721243748641009,1,66,0.297822453538535,22,"Tenm4 Ahr Tgfbr3 Rgs2 Ccnd2 Fes Cdk1 Rbpj Rxra Notch1 Fgf2 Sorbs2 Pak1 Ccnb1 Fgf20 Abcg2 Cited2 Camk2d Dusp6 Sirt6 Pin1 Hdac2"
"GOBP_HEART_PROCESS",1.04941176551208,0.398787118360519,1,101,0.346424600097268,27,"Cacna1h Hbegf Rps6ka2 Scn2b Ehd3 Fgf13 Apln Gnao1 Agrn Kcnj2 Dmd Pde4d Tmem38b Rgs2 Trpm4 Ext1 Myl4 Uty Nos3 Zmpste24 Tmem38a Tnf Tmem65 Sod1 Smad5 Thra Srebf1"
"GOBP_HEART_TRABECULA_MORPHOGENESIS",0.992874643093389,0.509123618607042,1,16,0.430100018718785,4,"Eng Tgfbr3 Rbpj Notch1"
"GOBP_HEART_VALVE_MORPHOGENESIS",1.07213699667895,0.393024981449419,1,21,0.437995148704163,4,"Bmpr2 Efna1 Nos3 Notch1"
"GOBP_HEMATOPOIETIC_OR_LYMPHOID_ORGAN_DEVELOPMENT",0.713767135419301,0.93244809779745,1,89,0.238025012510678,19,"Il15 Aire Ccnb2 Ahr Flt3 Slc40a1 Il7r Jak3 Myb Zmpste24 Rcbtb2 Cdh17 Lta Cacnb4 Sco1 Psen1 Cited2 Slc46a2 Fam210b"
"GOBP_HEMATOPOIETIC_PROGENITOR_CELL_DIFFERENTIATION",0.99918576389864,0.499376817615289,1,110,0.327513397645284,34,"Sirpa Cebpd Rbm47 Flt3 Vegfa Hyal2 Ext1 Tifab Hoxb3 3830403N18Rik Notch1 Myb Eif2ak2 Fstl3 Zswim9 Tmem91 Mllt3 Agpat5 Dock7 Abcg2 Mettl3 Armc6 Plek Psen1 Cited2 Lig4 Herc6 Ufl1 Sos1 Fnip1 Tent2 Znhit1 Lipa Xrcc5"
"GOBP_HEMATOPOIETIC_STEM_CELL_DIFFERENTIATION",-0.814755420394181,0.801422643746295,1,27,-0.249208619997132,6,"Hoxb4 Pus7 Fancb Ercc2 Lmbr1l Ap2a2"
"GOBP_HEMATOPOIETIC_STEM_CELL_HOMEOSTASIS",1.12188506303878,0.325610677411231,1,19,0.469733594815037,9,"Gprasp2 Fstl1 Ext1 P2ry14 Nle1 Smarca2 Zfp251 Znhit1 Sox4"
"GOBP_HEMATOPOIETIC_STEM_CELL_PROLIFERATION",0.462424551924222,0.99220945083014,1,17,0.197945878061948,3,"Shb Eif2ak2 Etv6"
"GOBP_HEME_A_BIOSYNTHETIC_PROCESS",1.06429109693074,0.409619021885977,1,10,0.507617083550139,6,"Ppox Cox15 Alas1 Cpox Uros Fech"
"GOBP_HEME_BIOSYNTHETIC_PROCESS",-1.02312060035404,0.424075096631695,1,23,-0.325118419657214,3,"Iba57 Abcb10 Abcb7"
"GOBP_HEME_METABOLIC_PROCESS",-1.10706348086155,0.283758556316117,1,30,-0.33128324932273,7,"Iba57 Abcb10 Abcb7 Blvrb Abcb6 Blvra Cyb5r4"
"GOBP_HEMOGLOBIN_BIOSYNTHETIC_PROCESS",-0.953088751551158,0.507307692307692,1,10,-0.379668176755499,2,"Abcb10 Slc25a37"
"GOBP_HEPARAN_SULFATE_PROTEOGLYCAN_BIOSYNTHETIC_PROCESS",1.02484013577034,0.452814064216823,1,23,0.411495431234698,13,"Hs3st3b1 Pxylp1 Dse Ext1 B3galt6 Ndst1 Glce Hs3st1 Hs2st1 Vangl2 Hs6st1 Tm9sf2 Xylt2"
"GOBP_HEPARAN_SULFATE_PROTEOGLYCAN_METABOLIC_PROCESS",0.846087728096138,0.71318837154337,1,32,0.321706030629899,16,"Hs3st3b1 Pxylp1 Dse Ext1 B3galt6 Sulf2 Ndst1 Idua Glce Hs3st1 Naglu Hs2st1 Sgsh Vangl2 Hs6st1 Tm9sf2"
"GOBP_HEPARIN_PROTEOGLYCAN_METABOLIC_PROCESS",1.08697574550889,0.381235940187905,1,12,0.498776059467955,7,"Angpt1 Ext1 Ndst1 Idua Glce Naglu Hs2st1"
"GOBP_HEPATICOBILIARY_SYSTEM_DEVELOPMENT",1.10271314092996,0.287059066928727,1,116,0.359795310794121,46,"Smad3 Wnt4 Ahr Errfi1 Mki67 Tgfbr3 Asl Rpgrip1l Ezh2 Atg7 Mks1 Notch1 Sulf2 Foxm1 Tnfaip3 Zmpste24 Rcbtb2 Tnf Cebpb Arv1 Ccdc39 Ccnd1 Hmox1 Sco1 Cited2 Cdk5rap3 Naglu Hpcal1 Ift88 Ptch1 Aacs Cflar Lipa Gfer Pnpt1 Cad Pck2 Acat1 Dbp Ezh1 Mdk Ass1 Acadm Cul3 Ada Rara"
"GOBP_HEPATOCYTE_APOPTOTIC_PROCESS",0.780097699358902,0.787781350482315,1,21,0.318689690676528,15,"Kcnn4 Dnmt3a Bid Igf1r Cflar Pik3cg Prkaa1 Fas Casp8 Casp6 Mtch2 Arf6 Stk3 Atf2 Selplg"
"GOBP_HETEROCHROMATIN_ORGANIZATION",0.720677748526771,0.94766604976352,1,128,0.233573777354097,46,"Hmga2 Firre Lmna Loxl2 Oip5 Asb7 Ezh2 Cdk1 Uty Cenpv Dnmt3a Rrp8 Snai1 Mettl3 Hdac8 Lmnb2 Zfp512b Dot1l Smarca2 Sirt6 Cdyl Dicer1 Hdac2 Rif1 Lmnb1 Ezh1 Tdrd3 Cbx5 Cdk2 Mis18bp1 Ubr5 Eed Trim28 Scmh1 Nrde2 Mbd2 Hdac3 Kmt2b Kat8 Ehmt2 Brca1 Ncor2 Tnrc18 Hells Bmi1 Mphosph8"
"GOBP_HETEROPHILIC_CELL_CELL_ADHESION",1.12530361527607,0.319221534184254,1,18,0.475706745935171,7,"Nectin1 Sele Nrxn1 Jaml Amigo1 Vcam1 Amigo3"
"GOBP_HETEROTYPIC_CELL_CELL_ADHESION",0.891000672653387,0.647811528342502,1,28,0.345639606501238,10,"Sirpa Ager Itgb3 Itgb1 Itgav Tnfaip3 Vcam1 Tnf Icam4 Lck"
"GOBP_HINDBRAIN_DEVELOPMENT",1.12725656012151,0.252613969050606,1,101,0.372122188716417,19,"Egf Egr2 Cacna1a Serpine2 Fktn Nrxn1 Zfp365 Atf5 Dll1 Kcnc1 Rpgrip1l Ezh2 Atg7 Itgb1 Hoxb3 Ccr1 Cdk5r1 Fgf2 Hap1"
"GOBP_HINDBRAIN_MORPHOGENESIS",1.0705220986652,0.384188135192626,1,32,0.407042205703802,7,"Cacna1a Serpine2 Nrxn1 Zfp365 Dll1 Ttc21b Whrn"
"GOBP_HINDBRAIN_RADIAL_GLIA_GUIDED_CELL_MIGRATION",0.492119520318208,0.982437179140773,1,10,0.234717998095101,4,"Itgb1 Lef1 Arl13b Rnf7"
"GOBP_HINDLIMB_MORPHOGENESIS",0.953568960645969,0.560407569141194,1,12,0.43756024049946,5,"Lmbr1 Rpgrip1l Notch1 Ptch1 Dicer1"
"GOBP_HIPPOCAMPUS_DEVELOPMENT",0.996303724543416,0.498733898491688,1,58,0.347659886776029,17,"Kif3a Nr4a3 Csf1r Fgf13 Lrp8 Bbs4 Cdk5r1 Abcc1 Tmem108 Lef1 Atat1 Nf2 Uqcrq Ptprs Nfix Bbs2 Hdac2"
"GOBP_HIPPO_SIGNALING",-0.819475117337746,0.82626427406199,1,43,-0.225334516687854,14,"Ptpn14 Ptpn21 Tead2 Sike1 Mapk14 Ppp2ca Nuak2 Kpnb1 Strn4 Ywhab Prpf4b Limd1 Stk4 Sirt1"
"GOBP_HISTONE_MRNA_CATABOLIC_PROCESS",-0.795508084599866,0.75521990226566,1,15,-0.282698741436992,15,"Exosc4 Atm Lsm1 Ssb Eri1 Tut4 Dcp2 Xrn1 Mtpap Tut1 Exosc10 Upf1 Tut7 Tent2 Tent4b"
"GOBP_HISTONE_MRNA_METABOLIC_PROCESS",-0.747498275896755,0.864133563615429,1,25,-0.232222576530612,25,"Cpsf2 Exosc4 Atm Cpsf3 Lsm1 Ssb Ncbp1 Lsm10 Eri1 Tut4 Dcp2 Slbp Ncbp2 Xrn1 Mtpap Tut1 Fip1l1 Exosc10 Lsm11 Zfp473 Upf1 Tut7 Tent2 Tent4b Mblac1"
"GOBP_HOMEOSTASIS_OF_NUMBER_OF_CELLS",0.934994355504079,0.696793587174349,1,302,0.291872555967278,48,"Il2ra Fcer1g Nod2 Tnfrsf4 Isg15 Pik3cb Foxp3 Axl Kif3a Ccnb2 Ahr Smim1 Flt3 Csf1r Il2 Slc40a1 Vegfa Slc7a11 Diaph3 Hbb-bt Lat Acvr2a P4htm Gprasp2 Ank1 Dyrk3 Tgfbr3 Fstl1 Arsg Mfhas1 Ext1 Sit1 Il7r Ezh2 Bbs4 Slc25a40 Klhl10 Jak3 Hspa1b Nos3 Notch1 Myb Lilrb4a Mthfd1 Tnfaip3 Cd101 Pmaip1 Csf1"
"GOBP_HOMEOSTASIS_OF_NUMBER_OF_CELLS_WITHIN_A_TISSUE",0.776453919310444,0.811392105885134,1,32,0.295229324399335,6,"Flt3 Vegfa Klhl10 Nos3 Notch1 Csf1"
"GOBP_HOMOLOGOUS_CHROMOSOME_PAIRING_AT_MEIOSIS",0.81130371006991,0.760703181057163,1,28,0.314723325927999,13,"Stag3 Ccne2 Mcmdc2 Mnd1 Ago4 1700028K03Rik Brip1 Mlh1 Ccne1 Syde1 Mei4 Wapl Syce2"
"GOBP_HOMOLOGOUS_CHROMOSOME_SEGREGATION",0.801974226353512,0.779406672053561,1,39,0.29533465618792,20,"Stag3 Haspin Ccne2 Mcmdc2 Mnd1 Ago4 1700028K03Rik Brip1 Cep63 Mlh1 Ccne1 Zwint Syde1 Mei4 Wapl Cenpc1 Syce2 Brca2 BC005624 Ehmt2"
"GOBP_HOMOLOGOUS_RECOMBINATION",-0.86668051751541,0.729772191673213,1,42,-0.239199541852109,11,"Rad51c Trip13 Fancm Ccnb1ip1 Eme2 Psmc3ip Top2a Top2b Rmi1 Terb1 Rbbp8"
"GOBP_HOMOTYPIC_CELL_CELL_ADHESION",0.934995069294937,0.593424036281179,1,45,0.33684772424775,8,"Tjp2 Serpine2 F11r Itgb3 Cd9 Slc7a11 Gla Entpd1"
"GOBP_HORMONE_MEDIATED_SIGNALING_PATHWAY",0.980394415381719,0.543927913168134,1,137,0.316485473756994,29,"Hmga2 Ahr Trerf1 Paqr8 Slc27a1 Klf9 Errfi1 Greb1l Ctbp2 Nr2c1 Nr1d1 Ezh2 Dhrs3 Nr1h3 Dnaaf4 Esr1 Kdm5d Rxra Mettl21c Trim68 Appl1 Pak1 Pagr1a Prmt2 Ppard Thra Aldh1a3 Cry2 Appl2"
"GOBP_HORMONE_TRANSPORT",0.941111972115337,0.65015166835187,1,187,0.299268002530332,32,"Abcb1b Pask Hmga2 Camk2n1 Hmgn3 Selenom Slc18a2 Apln Gnao1 Nrxn1 Acvr2a Kiss1r Nr1d1 Glrx Ffar2 Per2 Trpm4 Slco4a1 Cask Atg7 Brsk2 Birc5 Cntf Pde1c Myb Ildr1 Tm7sf3 Hfe Rptor Gpld1 Tnf Sirt4"
"GOBP_HOST_MEDIATED_ACTIVATION_OF_VIRAL_PROCESS",0.707139915793086,0.888419074465586,1,34,0.266149339335021,3,"Stom Csf1r Cav2"
"GOBP_HOST_MEDIATED_ACTIVATION_OF_VIRAL_TRANSCRIPTION",-0.97827995467958,0.473423423423423,1,16,-0.338930434712565,4,"Snw1 Smarca4 Ep300 Tfap4"
"GOBP_HOST_MEDIATED_PERTURBATION_OF_VIRAL_GENOME_REPLICATION",0.914339618835743,0.61226695487706,1,10,0.436097240713789,1,"Stom"
"GOBP_HOST_MEDIATED_PERTURBATION_OF_VIRAL_PROCESS",0.727797792262947,0.894881976615928,1,57,0.254564142071344,4,"Hmga2 Stom Csf1r Cav2"
"GOBP_HOST_MEDIATED_PERTURBATION_OF_VIRAL_TRANSCRIPTION",0.854939362308374,0.699842405140017,1,24,0.340639040323298,1,"Hmga2"
"GOBP_HOST_MEDIATED_SUPPRESSION_OF_SYMBIONT_INVASION",1.05861738830103,0.412688597576057,1,21,0.432472045872851,6,"Ifitm3 Ifitm2 Trim30d Nbn Tmeff1 Trim30c"
"GOBP_HUMORAL_IMMUNE_RESPONSE_MEDIATED_BY_CIRCULATING_IMMUNOGLOBULIN",1.17421722870677,0.247745039085989,1,27,0.458727925707382,12,"Nod2 C2 Cd55b Ighg3 Cd46 Tnf Lta C1qc C8g C1qa Exo1 C1qb"
"GOBP_HYALURONAN_BIOSYNTHETIC_PROCESS",1.11342300039496,0.352067008916509,1,10,0.531050703936237,1,"Egf"
"GOBP_HYALURONAN_CATABOLIC_PROCESS",0.724217913477241,0.829640637665496,1,10,0.345418077962188,3,"Hyal2 Fgf2 Cemip2"
"GOBP_HYALURONAN_METABOLIC_PROCESS",1.08345339965488,0.369992627181126,1,22,0.438759596826964,6,"Il15 Egf Hyal2 Fgf2 Habp4 Cemip2"
"GOBP_HYDROGEN_PEROXIDE_BIOSYNTHETIC_PROCESS",1.16686539653332,0.283842794759825,1,12,0.535434692832013,6,"Mpv17l Cybb Abcc1 Sod1 Ctns Acox1"
"GOBP_HYDROGEN_PEROXIDE_METABOLIC_PROCESS",0.864422358338584,0.684862932061979,1,29,0.333727350874756,8,"Nox1 Mpv17l Cybb Abcc1 Sod1 Ctns Acox1 Txn1"
"GOBP_HYPEROSMOTIC_RESPONSE",0.621993137111008,0.935549096423607,1,18,0.26293911014984,2,"Errfi1 Wnk3"
"GOBP_ICOSANOID_SECRETION",0.801583616334845,0.757837698361502,1,15,0.351051990690512,7,"Pla2g4a Kiss1r Abcc4 Hrh2 Pnpla8 Pla2g6 Mapk9"
"GOBP_ICOSANOID_TRANSPORT",1.14733604673041,0.29121015936255,1,20,0.47439888664318,7,"Slco2a1 Pla2g4a Slc27a1 Kiss1r Slco4a1 Abcc4 Hrh2"
"GOBP_IMMUNE_RESPONSE_REGULATING_CELL_SURFACE_RECEPTOR_SIGNALING_PATHWAY",1.05339255384851,0.357071112896746,1,250,0.330785425999314,60,"Zap70 Fcer1g C1qtnf4 Rab13 Lcp2 Nod2 Foxp3 Tnfrsf21 Itk Pigr Klrd1 Nr4a3 Clec2g Lat Cd5 Cd276 Nr1d1 Pde4d Shb Tlr6 Ffar2 Ticam2 Mfhas1 Lag3 Kcnn4 Nr1h3 Bcl2a1d Tnip3 Cd160 Lilrb4a Plscr1 Tnfaip3 Cd247 Cd274 Rgcc Appl1 Cd4 Gpld1 Pdcd1lg2 Btnl1 Tlr4 Pja2 Znrf1 Sla2 Cacnb4 Ptpn22 Nras Phpt1 Lck Psen1 Appl2 Naglu Plcg1 Cd80 Vav3 Lax1 Trim32 Sos1 Plekha1 Tespa1"
"GOBP_IMMUNE_RESPONSE_REGULATING_SIGNALING_PATHWAY",1.07413333473345,0.242597038815526,1,432,0.332398139539671,108,"Nlrp1b Zap70 Fcer1g C1qtnf4 Gfi1 Rab13 Lcp2 Nod2 Map3k20 Nlrx1 Zdhhc1 Foxp3 App Ifih1 Tnfrsf21 Itk Gm6377 Pigr Tlr3 Tspan6 Klrd1 Gbp2 Nr4a3 Clec2g Peli3 Lat Cd5 Cd276 Nr1d1 Pde4d Shb Tlr6 Ffar2 Oas3 Ticam2 Tlr7 Mfhas1 Lag3 S100a8 Kcnn4 Tifab Nr1h3 Bcl2a1d Aars2 Tnip3 Esr1 Casp4 Hspa1b Slc19a1 Trim3 Tlr12 Cd160 Lilrb4a Plscr1 Alpk1 Tnfaip3 Eif2ak2 Rnf125 Cd247 Cd274 Rnf135 Rgcc Appl1 Cd4 Gpld1 Pdcd1lg2 Ddx60 Zcchc3 Tnf Slc15a3 Tab1 Btnl1 Tlr4 Pja2 Ipo5 Znrf1 Sla2 Kcnk6 Zdhhc3 Nagk Cacnb4 Nfkbil1 Ddx3x Ptpn22 Nras Fosl1 Phpt1 Lamp2 Mapkapk3 Atat1 Lck Kcnk13 Psen1 Appl2 Naglu Slc46a2 Plcg1 Cd80 Vav3 Irf1 Lax1 Ufl1 Epg5 Trim32 Zdhhc12 Sos1 Plekha1 Tespa1"
"GOBP_IMMUNE_RESPONSE_TO_TUMOR_CELL",1.12721462080261,0.306473079249849,1,25,0.446440573571721,9,"Adam15 Ahr Prf1 Nkg7 Lag3 Raet1d Cd160 Cd274 Il12a"
"GOBP_IMMUNE_SYSTEM_DEVELOPMENT",0.749942635908422,0.939096068098906,1,172,0.239292397426184,12,"Il15 Il2ra Zbtb46 Tcf7 Smad3 Aire Foxp3 Ccnb2 Ahr Flt3 Il2 Slc40a1"
"GOBP_IMMUNOGLOBULIN_PRODUCTION",0.522221365992219,0.998952440812906,1,98,0.172728222949856,14,"Cd27 Tnfrsf4 Foxp3 6030468B19Rik Il2 Polq Ezh2 Lilrb4a Tnfaip3 Tnf Nhej1 Nbn Zpbp2 Pagr1a"
"GOBP_IMMUNOGLOBULIN_PRODUCTION_INVOLVED_IN_IMMUNOGLOBULIN_MEDIATED_IMMUNE_RESPONSE",-0.637801981885523,0.994174757281553,1,53,-0.166969079884895,20,"Shld3 Paxip1 Pcyt1a Traf3ip2 Shld2 Bcl6 Swap70 Btk Tfrc Tbx21 Aplf Ercc1 Msh6 Kmt5c Kmt5b Il27ra Ptprc Ccr6 Tgfb1 Cd40"
"GOBP_IMMUNOGLOBULIN_V_D_J_RECOMBINATION",0.527052384543379,0.975676735974892,1,13,0.237602539666866,8,"Ezh2 Nhej1 Lig4 Ncaph Cyren Smc2 Yy1 Xrcc4"
"GOBP_IMMUNOLOGICAL_SYNAPSE_FORMATION",-0.943543452275559,0.522292993630573,1,13,-0.350382031621417,3,"Nck2 Ccr7 Git1"
"GOBP_IMPORT_INTO_NUCLEUS",0.505249781773607,0.999898280948022,1,153,0.162055587012769,25,"Lmna Cdkn1a Angpt1 Tnpo2 Hyal2 Mdfic Akap5 Pik3r2 Cdk1 Nos3 Notch1 Efcab7 Appl1 Rasl2-9 Gbp4 Rab23 Snupn Fchsd1 Ipo5 Ptpn22 Cry2 Psen1 Appl2 Mbtps1 Nup50"
"GOBP_IMP_BIOSYNTHETIC_PROCESS",-1.12510610838441,0.301486199575372,1,13,-0.417804779519858,3,"Ampd2 Adsl Gart"
"GOBP_IMP_METABOLIC_PROCESS",-1.09359836262871,0.322522522522523,1,16,-0.378883127139306,4,"Ampd2 Adsl Gart Xdh"
"GOBP_INDOLE_CONTAINING_COMPOUND_METABOLIC_PROCESS",-1.11891033203903,0.302058401148875,1,18,-0.376102697028151,7,"Nadsyn1 Cyp2d22 Afmid Gch1 Atp7a Haao Kmo"
"GOBP_INFLAMMASOME_MEDIATED_SIGNALING_PATHWAY",0.874737432371584,0.707098326588647,1,62,0.302912228219682,16,"Nlrp1b Map3k20 Zdhhc1 Gbp2 Tlr6 Casp4 Eif2ak2 Tlr4 Kcnk6 Ddx3x Ptpn22 Lamp2 Atat1 Kcnk13 Ufl1 Zdhhc12"
"GOBP_INFLAMMATORY_RESPONSE_TO_WOUNDING",1.09572319926535,0.358891911946574,1,21,0.447630710522471,9,"Ager Tlr3 Lrrc25 Tnf Tlr4 Abcg2 Hmox1 Mapk9 Grn"
"GOBP_INNATE_IMMUNE_RESPONSE_ACTIVATING_CELL_SURFACE_RECEPTOR_SIGNALING_PATHWAY",1.09402057353887,0.327165142549758,1,72,0.372265157491436,19,"C1qtnf4 Rab13 Nod2 Klrd1 Nr1d1 Tlr6 Ffar2 Ticam2 Mfhas1 Nr1h3 Tnip3 Tnfaip3 Appl1 Tlr4 Pja2 Znrf1 Ptpn22 Appl2 Naglu"
"GOBP_INNER_CELL_MASS_CELL_PROLIFERATION",0.522560404379175,0.975874080763772,1,15,0.228854315975338,2,"Ncapg2 Palb2"
"GOBP_INNER_EAR_RECEPTOR_CELL_STEREOCILIUM_ORGANIZATION",1.12356343632867,0.315010825114265,1,26,0.44151375186467,12,"Myo3b Kif3a Lhfpl5 Mks1 Ttc8 Whrn Sod1 Myo7a Ift88 Sdc4 Alms1 Vangl2"
"GOBP_INNER_MITOCHONDRIAL_MEMBRANE_ORGANIZATION",-0.620563240199666,0.990188679245283,1,40,-0.172384636110355,4,"Apoo Letm1 Timm8a1 Myc"
"GOBP_INORGANIC_ANION_TRANSPORT",0.953508977919154,0.575708061002179,1,65,0.328509846405294,6,"Abcb1b Apol7e Ano7 Slc12a3 Clcn2 Slc34a1"
"GOBP_INORGANIC_ION_HOMEOSTASIS",0.955098371166642,0.635097213870515,1,282,0.298769487848507,65,"Cxcr3 Ccr5 Slc39a4 Corin Slc12a3 Pik3cb App Slc39a14 Tmtc2 Slc35g1 Clstn1 Cacna1a Itgb3 Neo1 Slc34a1 Slc40a1 Gp1ba Dmd Mtln Ank1 Cdh5 Pde4d Tmem38b Atp2c2 Hyal2 Ckb Ext1 Tmtc4 Cav2 Asph Ccr1 Marcksl1 Nt5e Slc39a8 Fgf2 Hfe Mettl21c Itgav Snx10 Trf Tpcn2 Ubash3b Tmem38a Tmem203 Sod1 Eif2ak1 Ptk2 Aco1 Bak1 Cox19 Cacnb4 Smad5 Micu3 Wfs1 Pdzd8 Hmox1 Sco1 Selenon Lck Psen1 Plcl1 Cln3 Naglu Plcg1 Camk2d"
"GOBP_INOSITOL_PHOSPHATE_BIOSYNTHETIC_PROCESS",0.573693974609117,0.957208943716268,1,16,0.248516558393995,8,"Itpka Ipmk Plek Plcg1 Arrb1 Ippk Ip6k2 Itpkb"
"GOBP_INOSITOL_PHOSPHATE_METABOLIC_PROCESS",0.588433745086612,0.965033272837266,1,25,0.233052955326619,11,"Itpka Ipmk Plek Plcg1 Plcb3 Nudt4 Arrb1 Ippk Inppl1 Ip6k2 Itpkb"
"GOBP_INOSITOL_TRISPHOSPHATE_METABOLIC_PROCESS",0.984609564898006,0.51935914552737,1,11,0.46065911232684,6,"Ipmk Plcg1 Plcb3 Arrb1 Inppl1 Itpkb"
"GOBP_INSULIN_LIKE_GROWTH_FACTOR_RECEPTOR_SIGNALING_PATHWAY",0.425706428644019,0.99844534800287,1,28,0.165141292254452,8,"Atxn1 Atxn7 Igf1r Ift88 Sos1 Map2k5 Gigyf1 Inppl1"
"GOBP_INSULIN_METABOLIC_PROCESS",-1.12855773734447,0.299787685774947,1,13,-0.419086531583858,3,"Ern1 Ceacam1 Blvra"
"GOBP_INSULIN_RECEPTOR_RECYCLING",-0.825320024653904,0.71479342514438,1,15,-0.293292974350805,15,"Atp6v0a2 Atp6v1c1 Atp6v1d Sorl1 Atp6v1f Atp6v0b Ctsd Atp6v0d1 Atp6v1h Atp6v1g1 Ptpn2 Atp6v1a Atp6v0c Ide Ptpn1"
"GOBP_INSULIN_RECEPTOR_SIGNALING_PATHWAY",0.629987340753658,0.989174141664089,1,122,0.204792149348315,32,"Socs3 Slc39a14 Marcks Pik3r3 Socs1 Cav2 Pik3r2 Slc2a8 Gpr21 Trib3 Slc27a4 Appl1 Gpld1 Prkcz Tnf Pak1 Srebf1 Igf1r Ptpre Pde3b Gkap1 Sos1 Ptpn1 Mzb1 Prkca C2cd5 Prkaa1 Pip4k2a Stxbp4 Ncoa5 Ide Grb7"
"GOBP_INSULIN_SECRETION",0.70415751419303,0.959516244747361,1,136,0.22743619394858,35,"Camk2n1 Hmgn3 Slc18a2 Gnao1 Nrxn1 Nr1d1 Glrx Ffar2 Per2 Trpm4 Cask Atg7 Brsk2 Birc5 Pde1c Tm7sf3 Rptor Gpld1 Tnf Sirt4 Pfkfb2 Ppard Srebf1 Pde4c Pde3b Pla2g6 Aacs Ndufaf2 Sirt6 Mpc2 Pck2 Dgat1 Sox4 Bad Mrgpre"
"GOBP_INSULIN_SECRETION_INVOLVED_IN_CELLULAR_RESPONSE_TO_GLUCOSE_STIMULUS",0.895200566573226,0.67013015421634,1,62,0.309998392990946,20,"Camk2n1 Hmgn3 Nrxn1 Nr1d1 Trpm4 Atg7 Brsk2 Birc5 Pde1c Gpld1 Ppard Pde4c Pde3b Pla2g6 Ndufaf2 Mpc2 Bad Mrgpre Stxbp4 Arrb1"
"GOBP_INTEGRATED_STRESS_RESPONSE_SIGNALING",0.834074185722379,0.731387730792138,1,30,0.320635430641687,9,"Map3k20 Impact Dele1 Eif2ak1 Ubr4 Ptpn1 Tmem33 Nfe2l2 Igtp"
"GOBP_INTEGRIN_ACTIVATION",0.474014293365757,0.990584542958023,1,13,0.213692231066699,4,"Farp2 Cdh17 Plek Mzb1"
"GOBP_INTERFERON_BETA_PRODUCTION",1.12643729756202,0.282729957344416,1,62,0.390073202685722,8,"Nlrx1 Isg15 Sirpa Ifih1 Tlr3 Pbld1 Oas3 Tlr7"
"GOBP_INTERFERON_MEDIATED_SIGNALING_PATHWAY",1.06694905603064,0.367992282130989,1,76,0.361250585974426,24,"Ifitm3 Ttll12 Isg15 Ifih1 Ikbke Rbm47 Oas3 Dcst1 Usp27x Nlrc5 Ifitm2 Oasl2 Mettl3 Cnot7 Irf1 Epg5 Zbp1 Ubr4 Oas2 Ifnar2 Irf7 Usp18 Mul1 Igtp"
"GOBP_INTERLEUKIN_12_PRODUCTION",1.08372423052632,0.360558900374872,1,44,0.391712904166233,8,"Nod2 Tnfsf18 Ager Tlr3 Flt3 Tlr6 Jak3 Tnfsf9"
"GOBP_INTERLEUKIN_13_PRODUCTION",0.974435539742334,0.534720345852472,1,10,0.464760184707061,6,"Tnfrsf21 Il1rap Prkcz Tlr4 Lef1 Sphk2"
"GOBP_INTERLEUKIN_17_MEDIATED_SIGNALING_PATHWAY",0.750908454545276,0.802891110510673,1,10,0.358148217915819,2,"Ikbke Notch1"
"GOBP_INTERLEUKIN_18_PRODUCTION",1.09265136919896,0.375834445927904,1,11,0.511207515915243,6,"Nod2 Tnf Gbp5 Cd84 Usp50 Gsdmd"
"GOBP_INTERLEUKIN_1_MEDIATED_SIGNALING_PATHWAY",-1.02498929038947,0.421991940126655,1,25,-0.318429702924697,14,"Mapk3 Ikbkb Irak3 Tax1bp1 Tollip Tnip2 Egr1 Sigirr Myd88 Irak1 Rela Nek7 Rps6ka5 Otud4"
"GOBP_INTERLEUKIN_2_PRODUCTION",0.843895395277422,0.730725623582766,1,45,0.304027532056093,5,"Nod2 Foxp3 Cd276 Pde4d Lag3"
"GOBP_INTERLEUKIN_4_MEDIATED_SIGNALING_PATHWAY",0.52135836431728,0.975567423230975,1,11,0.243922555572015,1,"Jak3"
"GOBP_INTERLEUKIN_4_PRODUCTION",1.05885062669572,0.410089399744572,1,17,0.453252570966594,12,"Fcer1g Foxp3 Il1rap Prkcz Cebpb Lef1 Cd1d1 Rara Ddit3 Zfpm1 Cd83 Icosl"
"GOBP_INTERLEUKIN_8_PRODUCTION",0.887347498027778,0.677725647899911,1,51,0.314555490540148,14,"Nod2 Tlr3 Zfp580 Tlr6 Ffar2 Hyal2 Tlr7 Hspa1b Apoa2 Tnf Tlr4 Nlrp10 Anxa4 Ptpn22"
"GOBP_INTERMEDIATE_FILAMENT_BASED_PROCESS",0.948168367362429,0.568321454902925,1,22,0.383974032220063,5,"Dst Ppl Krt10 Nefh Eppk1"
"GOBP_INTERMEDIATE_FILAMENT_ORGANIZATION",0.755109970250332,0.802136181575434,1,11,0.353285506261254,3,"Krt10 Nefh Eppk1"
"GOBP_INTERMEMBRANE_LIPID_TRANSFER",-1.14165198979461,0.245657568238213,1,29,-0.344671182574127,3,"Pltp Pitpnm2 Mttp"
"GOBP_INTERNAL_PROTEIN_AMINO_ACID_ACETYLATION",0.759405924637496,0.797997329773031,1,11,0.355295410090283,1,"Kif3a"
"GOBP_INTERSTRAND_CROSS_LINK_REPAIR",0.692365521089058,0.902073327866932,1,35,0.25960980345166,2,"Dclre1a Poln"
"GOBP_INTRACELLULAR_DISTRIBUTION_OF_MITOCHONDRIA",0.553113035560374,0.960698689956332,1,12,0.253804688335528,6,"Bhlha15 Mapt Cluh Kat2a Synj2bp Dnm1l"
"GOBP_INTRACELLULAR_GLUCOSE_HOMEOSTASIS",0.942412772519544,0.619332851389032,1,119,0.306978864381384,37,"Smad3 Ager Slc39a14 Camk2n1 Hmgn3 Unc13b Nrxn1 Nr1d1 Trpm4 Atg7 Pik3r2 Brsk2 Birc5 Pde1c Hk2 Slc29a1 Rptor Gpld1 Vcam1 Endog Icam1 Star Zbtb20 Ppard Igf1r Pde4c Pde3b Pla2g6 Aacs Ndufaf2 Alms1 Mpc2 Pck2 Usf2 Sox4 Bad Mrgpre"
"GOBP_INTRACELLULAR_IRON_ION_HOMEOSTASIS",0.889381039358922,0.66835414557318,1,48,0.317681935812164,11,"Slc39a14 Neo1 Slc40a1 Slc39a8 Hfe Trf Sod1 Aco1 Smad5 Hmox1 Sco1"
"GOBP_INTRACELLULAR_LIPID_TRANSPORT",0.7457281476476,0.851206279579822,1,39,0.274621501362409,16,"Plekha8 Gramd1b Gramd1c Abca2 Tpcn2 Cpt1b Arv1 Star Slc25a20 Sgpp1 Tmem97 Vps53 Vps52 Pip4k2a Ldlrap1 Nus1"
"GOBP_INTRACELLULAR_MONOATOMIC_ION_HOMEOSTASIS",0.836165592148814,0.902204408817635,1,296,0.261165120829995,59,"Cxcr3 Ccr5 Slc39a4 Car2 Pik3cb App Slc39a14 Slc35g1 Clstn1 Slc9a9 Cacna1a Itgb3 Neo1 Slc40a1 Slc7a11 Gp1ba Dmd Mtln Cdh5 Pde4d Tmem38b Atp2c2 Ckb Tmtc4 Cav2 Asph Ccr1 Marcksl1 Slc9a5 Slc39a8 Fgf2 Hfe Mettl21c Itgav Trf Tpcn2 Ubash3b Tmem38a Tmem203 Sod1 Ptk2 Aco1 Bak1 Cox19 Cacnb4 Smad5 Micu3 Wfs1 Pdzd8 Lamp2 Cln6 Vma21 Hmox1 Sco1 Selenon Lck Psen1 Plcl1 Cln3"
"GOBP_INTRACELLULAR_MRNA_LOCALIZATION",-1.07358388299217,0.352732119058196,1,15,-0.381518200033861,4,"Stau2 Zfp385a Casc3 Caprin1"
"GOBP_INTRACELLULAR_PH_REDUCTION",0.599062326304943,0.969078179696616,1,36,0.223451226619985,7,"Car2 Tpcn2 Lamp2 Cln6 Vma21 Cln3 Grn"
"GOBP_INTRACELLULAR_PROTEIN_TRANSMEMBRANE_TRANSPORT",-0.795612909654019,0.818238213399504,1,29,-0.240200030213259,3,"Trim37 Zfand2b Pex10"
"GOBP_INTRACELLULAR_RECEPTOR_SIGNALING_PATHWAY",1.06465454547778,0.299048572859289,1,324,0.331528321301655,72,"Nlrp1b Fabp5 Nod2 Hmga2 Nr6a1 Map3k20 Nlrx1 Zdhhc1 Ifih1 Tlr3 Tspan6 Ahr Gbp2 Trerf1 Nr1i3 Paqr8 Nr4a3 Klf9 Peli3 Errfi1 Greb1l Ctbp2 Nr2c1 Nr1d1 Tlr6 Oas3 Tlr7 Ezh2 Dhrs3 Nr1h3 Dnaaf4 Aars2 Nr2f6 Esr1 Casp4 Kdm5d Hspa1b Slc19a1 Rxra Trim3 Alpk1 Tnfaip3 Eif2ak2 Rnf125 Trim68 Rnf135 Ddx60 Zcchc3 Tnf Slc15a3 Tab1 Arv1 Pak1 Tlr4 Pagr1a Ipo5 Znrf1 Kcnk6 Prmt2 Ppard Zdhhc3 Nagk Ddx3x Ptpn22 Thra Srebf1 Lamp2 Aldh1a3 Cry2 Atat1 Kcnk13 Cited2"
"GOBP_INTRACELLULAR_STEROL_TRANSPORT",0.567654167650683,0.97724836212031,1,30,0.218218045367977,12,"Gramd1b Gramd1c Abca2 Tpcn2 Arv1 Star Tmem97 Vps53 Vps52 Pip4k2a Ldlrap1 Nus1"
"GOBP_INTRACELLULAR_ZINC_ION_HOMEOSTASIS",1.1586412032463,0.275024900398406,1,20,0.479073326777566,2,"Slc39a4 Slc39a14"
"GOBP_INTRACILIARY_ANTEROGRADE_TRANSPORT",1.08920941110274,0.376056154946055,1,14,0.483496793628611,7,"Ift122 Ift81 Cluap1 Ift57 Ift80 Ift88 Ift22"
"GOBP_INTRINSIC_APOPTOTIC_SIGNALING_PATHWAY",0.741719694332755,0.973190079325233,1,259,0.23265138832797,52,"Nlrp1b Creb3l1 Nacc2 Tnfrsf10b Cdkn1a Pik3cb Bbc3 App Ikbke Bcl2a1a Siah1b Ddias Epha2 Ackr3 Nox1 Bcl2a1b S100a8 Tifab Brsk2 Bcl2a1d Trib3 Fgf2 Plscr1 Fhit Prodh Pmaip1 Tnf Cebpb Rrp8 Mapt Nbn Sod1 Styxl1 Tnfrsf1b Apaf1 Snai1 Bid Zfp622 Bak1 Wfs1 Sgpp1 Ddx3x Map3k5 Hmox1 Lck Ell3 Dnajc10 Cep63 Jmy Trim32 Moap1 Mlh1"
"GOBP_INTRINSIC_APOPTOTIC_SIGNALING_PATHWAY_BY_P53_CLASS_MEDIATOR",-1.04157908494908,0.333333333333333,1,71,-0.261664241615484,14,"E2f2 Chek2 Zfp385a Hipk1 Topors Knl1 Myc Mybbp1a Ppp2r5c Snw1 Ercc2 Cd44 Trp53bp2 Pml"
"GOBP_INTRINSIC_APOPTOTIC_SIGNALING_PATHWAY_IN_RESPONSE_TO_DNA_DAMAGE",0.811479556251434,0.825530128070544,1,95,0.269285248384434,22,"Nacc2 Cdkn1a Bbc3 Ikbke Bcl2a1a Ddias Epha2 Ackr3 Bcl2a1b Bcl2a1d Plscr1 Pmaip1 Tnf Tnfrsf1b Snai1 Bid Bak1 Hmox1 Ell3 Trim32 Moap1 Mlh1"
"GOBP_INTRINSIC_APOPTOTIC_SIGNALING_PATHWAY_IN_RESPONSE_TO_DNA_DAMAGE_BY_P53_CLASS_MEDIATOR",-0.989721565509358,0.474716981132075,1,40,-0.274932159800518,11,"Chek2 Zfp385a Hipk1 Topors Knl1 Ppp2r5c Snw1 Cd44 Pml Ep300 Hipk2"
"GOBP_INTRINSIC_APOPTOTIC_SIGNALING_PATHWAY_IN_RESPONSE_TO_ENDOPLASMIC_RETICULUM_STRESS",0.826394876493701,0.770771102998119,1,56,0.289866226429297,4,"Creb3l1 Tnfrsf10b Bbc3 App"
"GOBP_INTRINSIC_APOPTOTIC_SIGNALING_PATHWAY_IN_RESPONSE_TO_HYPOXIA",1.13715627271164,0.320048635503918,1,10,0.542370364986898,1,"Pik3cb"
"GOBP_INTRINSIC_APOPTOTIC_SIGNALING_PATHWAY_IN_RESPONSE_TO_OXIDATIVE_STRESS",0.799627388299666,0.794563986409966,1,46,0.287237531945925,18,"Nox1 Fgf2 Prodh Mapt Sod1 Zfp622 Map3k5 Trap1 Arl6ip5 Stk25 Nfe2l2 Fyn Rnf7 Pdk1 Fbxw7 Bag5 Pdcd10 Hif1a"
"GOBP_IN_UTERO_EMBRYONIC_DEVELOPMENT",1.03646941823536,0.377077077077077,1,359,0.321956462551143,84,"Specc1 Tmem100 Cdkn1c St8sia6 Socs3 Smad3 Celf4 Maf Plcd3 Cdkn1a Tgfb3 Xrcc2 Prdm1 Hbegf Kif3a Ccnb2 Tet1 Rcn1 Angpt1 Vegfa Diaph3 Zfp14 Fzd5 Pnldc1 St14 Spic Tgfbr3 Pemt Dll1 Rpgrip1l Ncapg2 Sox5 Vash2 Itgb1 Dhx35 Wdr19 Uty Rbpj Rxra Oosp1 Pcgf2 Acvrl1 Palb2 Nos3 Notch1 Smpd4 Myb Rdh10 Itgav Plod3 Egfl8 Capn2 Dbn1 Mxi1 Polg2 Vcam1 Cebpb Apba3 Tab1 Endog Nbn Rnaseh2b Ccnb1 Snai1 Tanc2 Phf6 Nle1 Slc25a20 Acvr1b Fosl1 Nek2 Inpp5b Lef1 Mgat1 Cited2 Lig4 Ocrl Armc5 Slc39a1 Pelo Plcg1 Tmem231 Ptch1 Grn"
"GOBP_IRE1_MEDIATED_UNFOLDED_PROTEIN_RESPONSE",-0.931832491830722,0.543278084714549,1,17,-0.317577211070592,2,"Ficd Ern1"
"GOBP_IRES_DEPENDENT_VIRAL_TRANSLATIONAL_INITIATION",-0.490526252776429,0.992436305732484,1,11,-0.190897316766768,5,"Mcts1 Eif3b Eif3f Csde1 Ptbp1"
"GOBP_IRON_ION_TRANSMEMBRANE_TRANSPORT",0.934838605288808,0.586279880478088,1,20,0.386535744957971,6,"Slc39a14 Slc40a1 Mmgt1 Slc39a8 Slc48a1 Mcoln2"
"GOBP_IRON_ION_TRANSPORT",0.986128602131315,0.512556417081356,1,38,0.364532470492961,11,"Nectin1 Slc39a14 Slc22a17 Slc40a1 Slc46a1 Mmgt1 Slc39a8 Hfe Trf Slc48a1 Mcoln2"
"GOBP_ISOPRENOID_BIOSYNTHETIC_PROCESS",0.694142682519147,0.88929219600726,1,25,0.274919657361974,8,"Crppa Pdss1 Rdh10 Rdh9 Lss Aldh1a3 Hmgcs1 Mvk"
"GOBP_ISOPRENOID_METABOLIC_PROCESS",0.825437166216762,0.767623729192269,1,52,0.292264049198663,23,"Crppa Bco2 Dhrs3 Pdss1 Rdh10 Rdh9 Plpp6 Rdh5 Lss Retsat Adh5 Aldh1a3 Rdh13 Phyh Hmgcs1 Lipa Dgat1 Mvk Dhrs7 Fdft1 Rdh12 Lipe Dpm1"
"GOBP_ISOTYPE_SWITCHING_TO_IGG_ISOTYPES",0.872469448196807,0.672945426396594,1,15,0.382096303323394,2,"Foxp3 Il2"
"GOBP_KERATINOCYTE_DIFFERENTIATION",1.13608764022877,0.27462418667265,1,49,0.404796494935452,12,"Cdkn1a Slc39a2 Ppl Krt10 Errfi1 St14 Epha2 Irf6 Rbpj Notch1 Bcr Tmem79"
"GOBP_KERATINOCYTE_PROLIFERATION",1.14135256111776,0.293683951830917,1,22,0.462206671475644,11,"Cdkn1a Klf9 Irf6 Cask Eppk1 Klk8 Ppard Ptch1 Intu Mdk Stxbp4"
"GOBP_KETONE_BIOSYNTHETIC_PROCESS",1.00157096458555,0.491590302749101,1,37,0.371634342889486,8,"Cacna1h Dkkl1 Wnt4 Clcn2 Pdss1 H6pd Sirt5 Hsd17b1"
"GOBP_KETONE_CATABOLIC_PROCESS",0.65609632582622,0.894931851263729,1,12,0.301060204313757,2,"Kyat3 Nqo2"
"GOBP_KETONE_METABOLIC_PROCESS",0.797862260937618,0.872926479623182,1,137,0.257561458616992,34,"Fabp5 Cacna1h Dkkl1 Pla2g4a Wnt4 Clcn2 Mtln Nr1d1 Kyat3 Nr1h3 Aifm2 Pdss1 Trib3 H6pd Rdh10 Rdh9 Sirt5 Tpk1 Sirt4 Nqo2 Hsd17b1 Afp Star Ppard Srebf1 Cbr4 Appl2 Tdo2 Mapk9 Mlycd Coq8a Ubr4 Sirt6 Ppargc1a"
"GOBP_KIDNEY_EPITHELIUM_DEVELOPMENT",1.11401921811723,0.302198403149951,1,62,0.385772954433362,16,"Maged1 Nphs1 Smad3 Hs3st3b1 Wnt4 Basp1 Vegfa Greb1l Spry1 Magi2 Dll1 Ext1 Prom1 Gzf1 Notch1 Fgf2"
"GOBP_KIDNEY_MORPHOGENESIS",1.0073244040581,0.480580845914487,1,40,0.369512316196674,17,"Maged1 Hs3st3b1 Wnt4 Ahr Vegfa Greb1l Gzf1 Fgf2 Zmpste24 Ctns Cited2 Lzts2 Ptch1 Hs2st1 Timeless Vangl2 Sox4"
"GOBP_KINETOCHORE_ORGANIZATION",1.05655508275499,0.406674612634088,1,29,0.407903989779694,5,"Cenpi Cenph Cenpe Hjurp Oip5"
"GOBP_LABYRINTHINE_LAYER_BLOOD_VESSEL_DEVELOPMENT",1.10974189771841,0.348882035466461,1,16,0.480725350679355,4,"Plcd3 Fzd5 Vash2 Rbpj"
"GOBP_LABYRINTHINE_LAYER_DEVELOPMENT",1.12651806472652,0.304276122040287,1,33,0.426082038811164,6,"Socs3 Plcd3 Fzd5 St14 Vash2 Rbpj"
"GOBP_LABYRINTHINE_LAYER_MORPHOGENESIS",1.11858213315266,0.336288871755333,1,16,0.484554822458292,3,"Socs3 Fzd5 St14"
"GOBP_LACTATION",1.08854311301029,0.360673481659651,1,27,0.425257875686447,13,"Vegfa Socs2 Uprt Gpat4 Cdo1 Hk2 Slc29a1 Afap1 Ccnd1 Oas2 Cad Usf2 Creb1"
"GOBP_LAMELLIPODIUM_ASSEMBLY",-1.05040504393341,0.353998203054807,1,48,-0.278863939723762,10,"Carmil1 Vcl S1pr1 Nck2 Nup85 Ccdc88a Abi3 Atp7a Dnm2 Spata13"
"GOBP_LAMELLIPODIUM_MORPHOGENESIS",-0.767747470056034,0.75,1,10,-0.305836451946811,10,"Cd44 Snx2 Plekho1 Wasf2 Coro1c Coro1b Abi1 Snx1 Myo9b Rreb1"
"GOBP_LAMELLIPODIUM_ORGANIZATION",-0.943234122715888,0.585094549499444,1,60,-0.241128986035541,12,"Carmil1 Vcl S1pr1 Nck2 Nup85 Ccdc88a Cd44 Abi3 Atp7a Snx2 Dnm2 Spata13"
"GOBP_LATE_ENDOSOME_TO_LYSOSOME_TRANSPORT",0.775424408780594,0.794088548107841,1,21,0.31678053297735,2,"Chmp4c Plekhm2"
"GOBP_LATE_ENDOSOME_TO_VACUOLE_TRANSPORT",0.640568919386939,0.932365396249244,1,25,0.253701425181745,11,"Chmp4c Tmem50b Stam Ptpn23 Leprot Chmp1b Leprotl1 Chmp4b Vps28 Chmp7 Becn1"
"GOBP_LATE_ENDOSOME_TO_VACUOLE_TRANSPORT_VIA_MULTIVESICULAR_BODY_SORTING_PATHWAY",0.860942383270063,0.684014392187098,1,16,0.372948727954794,9,"Chmp4c Tmem50b Stam Ptpn23 Leprot Leprotl1 Chmp4b Vps28 Chmp7"
"GOBP_LEARNING",0.958843709255913,0.572736842105263,1,91,0.319171689630412,19,"Specc1 Mapk8ip2 App Atxn1 Ahr Fgf13 Slc7a11 Nrxn1 Lrrn4 Itgb1 Hrh2 Ddhd2 Tanc1 Srcin1 Nrgn Taco1 Pak1 Idua Ctns"
"GOBP_LENS_FIBER_CELL_DEVELOPMENT",1.05614126703752,0.420697108889489,1,10,0.503729995803418,3,"Tmod1 Epha2 Abi2"
"GOBP_LENS_MORPHOGENESIS_IN_CAMERA_TYPE_EYE",1.1599367530251,0.284154426101651,1,14,0.514892448764123,6,"Nectin1 Epha2 Tdrd7 Abi2 Cited2 Ski"
"GOBP_LEUKOCYTE_AGGREGATION",1.0558905931267,0.420967306133477,1,10,0.503610436070276,2,"Nr4a3 S100a8"
"GOBP_LEUKOCYTE_CELL_CELL_ADHESION",1.02904015142895,0.418378595049604,1,290,0.321599413899723,52,"Il15 Zap70 Il2ra Pik3r6 Cd27 Il12rb1 Tnfsf18 Sirpa Foxp3 Ager Tnfrsf21 Tnfrsf14 Cd59a Sele F11r Nr4a3 Cd55b Il2 Nrarp Ccdc88b Gp1ba Cd5 Cd276 Shb Socs1 Clec4g Gnrh1 Lag3 Ext1 S100a8 Il7r Slfn1 Itgb1 Ccl25 Jak3 Efnb1 Tnfsf9 Nt5e Slc7a1 Slc39a8 Cd160 Hfe Cd46 Zdhhc21 Cd274 Il12a Cd4 Pdcd1lg2 Prkcz Vcam1 Tnf Cebpb"
"GOBP_LEUKOCYTE_DEGRANULATION",1.10223474610131,0.32009319871297,1,55,0.387519105789286,17,"Fcer1g Gab2 Myo1f Nr4a3 Slc18a2 Lat Tac4 Abr Nkg7 Fes Cd160 Milr1 Bcr D6Wsu163e Cplx2 Rab27a Hmox1"
"GOBP_LEUKOCYTE_DIFFERENTIATION",0.955789736417226,0.6737,1,499,0.295087146198225,85,"Il15 Zap70 Il2ra Zbtb46 Fcer1g Pik3r6 Cd27 Il12rb1 Car2 Cd3d Tcf7 Gab2 Aire Tnfsf18 Il9r Foxp3 Tjp2 Prdm1 App Wnt4 Sema4a Ager Itk Axl Slamf9 Sh3rf1 Il15ra Ahr Ccr9 Mmp14 Itgb3 Nfil3 6030468B19Rik Flt3 Csf1r Il2 Nrarp Clec2g Tmem176b Vegfa Diaph3 Mitf Fzd5 Epha2 Klf10 Shb Tmem176a Socs1 Lag3 Cbfa2t3 Dll1 Fes Il7r Ezh2 Jak3 Ccr1 Bcl2a1d Il3ra Farp2 Rbpj Rxra Dhrs7b Tnfsf9 Myb Lilrb4a Prr7 Tnfaip3 Cd46 Fstl3 Hs1bp3 Snx10 Cd101 Trf Rabl3 Ubash3b Il12a Csf1 Cd4 Rptor Prkcz Cdh17 Atraid Tcta Tnf Cebpb"
"GOBP_LEUKOCYTE_MEDIATED_CYTOTOXICITY",1.05556665954008,0.38336820083682,1,100,0.348611843036307,19,"Pik3r6 H2-Q2 Pik3cb Ager Klrd1 Klrb1c Serpinb9 Dnase1 Dao Prf1 Nkg7 Trem1 Lag3 Raet1d Il7r Plekhm2 Klrb1f Cd160 Lyst"
"GOBP_LEUKOCYTE_MIGRATION_INVOLVED_IN_INFLAMMATORY_RESPONSE",0.681201929182712,0.87230382426889,1,12,0.312580308570412,6,"Ffar2 S100a8 Cmtm4 Ninj1 Mdk Itgb2"
"GOBP_LIPID_BIOSYNTHETIC_PROCESS",0.897355643482853,0.836534613845538,1,444,0.277552842416017,131,"Fabp5 Gfi1 Cacna1h Mgll St8sia6 Sdr42e1 Plpp1 Plekha8 Pik3cb Dkkl1 Pla2g4a Wnt4 Gstp2 A3galt2 St6galnac6 Sh3yl1 Elovl6 Clcn2 Slc27a1 Asah2 Hacd4 Ggt5 Degs2 Plp1 Prf1 Cers6 Pcyt1b Smpd5 Nr1d1 Abca8b Acer2 Tmem38b Sccpdh Crppa Pemt Impa2 Ptges3l Far2 Atg7 Hsd17b13 Lpin1 Nr1h3 Scarb1 Itpka Pdss1 Dhrs7b Lcat Gstm4 Tmem150a Trib3 Smpd4 H6pd Rdh10 Gpat4 Plscr1 Prxl2b Rdh9 Chpt1 Abca2 Sik1 Inpp5e Hsd17b7 Hmgcll1 Capn2 Pip5k1a St3gal2 Chka Apoa2 Ltc4s Rptor Gpld1 Agpat5 Casp7 Inpp1 Tnf Sirt4 Pigq Arv1 Lclat1 Hsd17b1 Lss Snai1 Pigp Bpnt1 Acer3 Star Acox1 Scd2 Pgap3 Afap1 Hint2 Zbtb20 Ppard Pnpla8 Cyp2r1 Msmo1 Srebf1 Gstm1 Igf1r Serinc1 Acot7 St3gal6 Aldh1a3 Sco1 Pex7 Gpat3 Pigb Cbr4 Gcdh Plaat3 Agpat2 Cln3 Armc5 Mbtps1 Pla2g6 Sphk2 Mcat St6galnac4 Mapk9 Pigk Mlycd Tspo Ubr4 Hmgcs1 Decr2 Gh Gpam Pigm Agpat1 Agk Ppargc1a"
"GOBP_LIPID_CATABOLIC_PROCESS",0.844711129020982,0.843317506818871,1,197,0.267916174706358,64,"Mgll Plcd3 Pla2g4a Lct Acad8 Asah2 Mtln Plcd4 Smpd5 Acer2 Gla Mgst2 Hpgd Bco2 Lpin1 Pafah2 Ddhd2 Scarb1 Pcca Smpd4 Slc27a4 Acad10 Apoa2 Gpld1 Plpp6 Cpt1b Tnf Plbd1 Zpbp2 Gdpd3 Acer3 Acox1 Hint2 Ppard Pnpla8 Thra Acad11 Acot7 Sco1 Pex7 Gcdh Plaat3 Naglu Etfb Neu3 Phyh Pde3b Galc Pla2g6 Plcg1 Gm2a Mlycd Plcb3 Decr2 Sirt6 Sesn2 Lipa Pld2 Acad12 Abhd15 Acat1 Hadhb Decr1 Hsd17b4"
"GOBP_LIPID_EXPORT_FROM_CELL",1.10260593940165,0.341228177267733,1,23,0.44272007962976,5,"Abcb1b Pla2g4a Selenom Abcc4 Myb"
"GOBP_LIPID_HOMEOSTASIS",0.825363193438303,0.818266832917706,1,108,0.270779503396905,38,"Tlcd2 Abcb4 Errfi1 Mtln Nr1d1 Gramd1b Tm6sf2 Plscr3 Atg7 Nr1h3 Tlcd1 Scarb1 Lima1 Lcat Lyst Abca2 Apoa2 Plpp6 Ttc39d Abca5 Acox1 Zbtb20 Pnpla8 Ddx3x Hsdl2 Ttc39b Tmem97 Tspo Gpam Sesn2 Lipa Alms1 Dgat1 Usf2 Ldah Adck1 Prkaa1 Ldlrap1"
"GOBP_LIPID_IMPORT_INTO_CELL",1.05554034778387,0.420164770498235,1,13,0.475852258161354,6,"Slc27a1 Slc27a4 Abcc1 Lipa Acsl1 Acsl5"
"GOBP_LIPID_LOCALIZATION",0.998573622605782,0.509849246231156,1,241,0.314058141892488,67,"Fabp5 Abcb1b Slco2a1 Apol7e Ano7 Egf Plekha8 Nme4 Pla2g4a Ikbke Selenom Itgb3 Slc27a1 Abcb4 Slc27a3 Abca17 Atp10a Kiss1r Abca8b Repin1 Apold1 Gramd1b Slc10a1 Plscr3 Slco4a1 Abcc4 Kcnn4 Hrh2 Nr1h3 Scarb1 Rft1 Stard6 Lcat Abca6 Myb Osbpl1a Slc27a4 Plscr1 Gramd1c Apof Itgav Abca2 Tpcn2 Apoa2 Abcc1 Cpt1b Ttc39d Arv1 Abca5 Star Zdhhc8 Ppard Pnpla8 Abcg2 Slc25a20 Sgpp1 Pdzd8 Cry2 Cln3 Ttc39b Pla2g6 Tmem97 Mapk9 Slc43a3 Stard3nl Ptch1 Gm2a"
"GOBP_LIPID_MODIFICATION",0.817254848894629,0.839339184305627,1,120,0.266014910872375,40,"Plpp1 Acad8 Plpp5 Mtln Plppr3 Mtmr7 Pip4p2 Acad10 Inpp5e Plpp6 Cpt1b Samd1 Sirt4 Acox1 Cyp4v3 Ppard Adh5 Abcg2 Sgpp1 Acad11 Inpp5b Pex7 Gcdh Appl2 Ocrl Etfb Phyh Mlycd Plpp2 Agk Ppargc1a Sesn2 Sgpp2 Acad12 Dgat1 Synj1 Acat1 Hadhb Decr1 Hsd17b4"
"GOBP_LIPID_OXIDATION",0.792671746826562,0.837641529587695,1,78,0.267598463773189,32,"Acad8 Mtln Acad10 Cpt1b Samd1 Sirt4 Acox1 Cyp4v3 Ppard Adh5 Abcg2 Acad11 Pex7 Gcdh Appl2 Etfb Phyh Mlycd Ppargc1a Sesn2 Acad12 Dgat1 Acat1 Hadhb Decr1 Hsd17b4 Prkaa1 Acadsb Acadm Acads Acsl5 Cpt2"
"GOBP_LIPID_TRANSLOCATION",1.1446595100759,0.278949228413241,1,33,0.432943663372257,10,"Abcb1b Ano7 Abcb4 Atp10a Plscr3 Kcnn4 Rft1 Plscr1 Abca2 Abcc1"
"GOBP_LIPOPOLYSACCHARIDE_MEDIATED_SIGNALING_PATHWAY",0.818494707708474,0.78117048346056,1,56,0.287095163612881,18,"Sirpa Prdm1 Cd55b Tifab Scarb1 Nos3 Tnfaip3 Trim30d Tlr4 Trim30c Nfkbil1 Ptpn22 Cd180 Mtdh Prkca Ly96 Cd84 Nfkbia"
"GOBP_LIPOPROTEIN_BIOSYNTHETIC_PROCESS",0.688976461762016,0.920385050962627,1,46,0.247490145211476,11,"Zdhhc1 Hhat Svip Atg7 Lcat Zdhhc21 Rabl3 Zdhhc8 Apobec1 Rab3gap2 Zdhhc3"
"GOBP_LIPOPROTEIN_CATABOLIC_PROCESS",-0.793231061142426,0.756604590731919,1,14,-0.288092393468738,14,"Apoe Abhd10 Lypla2 Abhd17a Abhd13 Atm Ldlr Abhd12 Ctsd Ppt1 Abhd17b Abhd17c Lypla1 Lipa"
"GOBP_LIPOPROTEIN_LOCALIZATION",0.542384155820755,0.973052362707535,1,17,0.232173459484524,4,"Rxra Apobec1 Zdhhc3 Tmem97"
"GOBP_LIPOPROTEIN_METABOLIC_PROCESS",0.992330305975509,0.503193677600953,1,68,0.339992547227511,18,"Apol7e Zdhhc1 Hhat Itgb3 Svip Pemt Apold1 Atg7 Lcat Itgav Zdhhc21 Rabl3 Apoa2 Samd1 Zdhhc8 Apobec1 Rab3gap2 Zdhhc3"
"GOBP_LIPOSACCHARIDE_METABOLIC_PROCESS",0.816685311453392,0.803197768000859,1,75,0.276789327610314,22,"St8sia6 Plekha8 Lct A3galt2 St6galnac6 Gla Sccpdh Abca2 St3gal2 Pigq Pigp Pgap3 Cln6 St3gal6 Crem Pigb Naglu Neu3 Galc St6galnac4 Pigk Gm2a"
"GOBP_LIVER_MORPHOGENESIS",0.681621589738861,0.89146310752959,1,19,0.28539515338971,9,"Mki67 Sulf2 Tnfaip3 Tnf Cebpb Cflar Lipa Mdk Cul3"
"GOBP_LIVER_REGENERATION",1.05411231697255,0.418624783576552,1,21,0.430631610002669,9,"Ezh2 Sulf2 Cebpb Ccnd1 Hmox1 Ptch1 Gfer Pnpt1 Ezh1"
"GOBP_LOCOMOTION_INVOLVED_IN_LOCOMOTORY_BEHAVIOR",0.679006415561352,0.876234979973298,1,11,0.317679721798278,4,"Gla Rcan1 Dbn1 Cln6"
"GOBP_LOCOMOTORY_BEHAVIOR",1.05672784294879,0.373461853978671,1,134,0.34152404626744,37,"Grin2d App Cacna1a Atxn1 Tmod1 Dmrt3 Slc18a2 Gnao1 Ulk4 Dmd Dlg4 Asl Gla Ccnd2 Atg7 Myo6 Ddhd2 Uchl1 Abca2 Zmpste24 Rcan1 Dbn1 Qrfp Mcoln3 Mapt Sod1 Idua Ctns Zdhhc8 Selenop Dpp4 Cacnb4 Scn8a Cln6 Aldh1a3 Naglu Eps8"
"GOBP_LOCOMOTORY_EXPLORATION_BEHAVIOR",-1.00304153619691,0.436093418259023,1,13,-0.372476466670134,3,"Gad1 Apoe Prkce"
"GOBP_LOCOMOTOR_RHYTHM",-0.633826406547171,0.913846153846154,1,10,-0.25248825543435,10,"Id2 Egr1 Pten Ncor1 Ncoa2 Rogdi Mtor Ciart Mta1 Naglu"
"GOBP_LONG_CHAIN_FATTY_ACID_IMPORT_INTO_CELL",1.06922525531731,0.401879052534074,1,12,0.490630965533741,3,"Slc27a1 Slc27a4 Abcc1"
"GOBP_LONG_CHAIN_FATTY_ACID_TRANSPORT",1.15711206231012,0.266958165918223,1,32,0.439966112494503,10,"Fabp5 Pla2g4a Slc27a1 Kiss1r Hrh2 Slc27a4 Abcc1 Cpt1b Pnpla8 Slc25a20"
"GOBP_LONG_CHAIN_FATTY_ACYL_COA_METABOLIC_PROCESS",0.928006964152188,0.593489479952362,1,12,0.4258307130137,6,"Elovl6 Far2 Acot7 Dgat1 Acsl1 Acsl5"
"GOBP_LONG_TERM_MEMORY",1.13225885344459,0.30394515275439,1,26,0.444930689538812,8,"Camk2n1 Lrrn4 Trpm4 Ccnd2 Prkcz Pja2 Ctns Cpeb3"
"GOBP_LONG_TERM_SYNAPTIC_DEPRESSION",1.16824424325945,0.260041508973263,1,23,0.469075275146355,4,"Mgll Iqsec2 Ager Plk2"
"GOBP_LOW_DENSITY_LIPOPROTEIN_PARTICLE_CLEARANCE",1.01079369444454,0.477266922094508,1,17,0.432681276445485,6,"Rbm47 Itgb3 Scarb1 Itgav Apobec1 Cnpy2"
"GOBP_LUNG_CELL_DIFFERENTIATION",0.536167317147029,0.9745566692367,1,16,0.232260512185975,5,"Tmem38b Rbpj Thra Rbbp9 Creb1"
"GOBP_LUNG_EPITHELIUM_DEVELOPMENT",0.983083708950108,0.514467098034428,1,23,0.394729324735271,4,"Hmga2 Errfi1 Tmem38b Rbpj"
"GOBP_LYMPHOCYTE_ACTIVATION_INVOLVED_IN_IMMUNE_RESPONSE",0.65964297360537,0.987849331713244,1,176,0.210305162490767,36,"Sema6d Fcer1g Il12rb1 Tnfsf18 Foxp3 Sema4a 6030468B19Rik Il2 Shb Nkg7 Dll1 Jak3 Myb Cd160 Lilrb4a Tnfaip3 Cd46 Il12a Prkcz Cdh17 Nbn Tlr4 Icam1 Pagr1a Ung Rab27a Lef1 Psen1 Lig4 Entpd7 Cd180 Irf1 Mlh1 Rc3h2 Pglyrp2 Exo1"
"GOBP_LYMPHOCYTE_CHEMOTAXIS",0.974356355347317,0.526567615210275,1,19,0.407963282966317,3,"Cxcr3 Cxcl16 Ccl27a"
"GOBP_LYMPHOCYTE_COSTIMULATION",0.873230371062917,0.665223843680435,1,21,0.356736748579177,8,"Tnfrsf14 Cd5 Efnb1 Cd160 Cd274 Pdcd1lg2 Dpp4 Cd80"
"GOBP_LYMPHOCYTE_DIFFERENTIATION",0.969244820728701,0.606166783461808,1,352,0.301207054888597,30,"Il15 Zap70 Il2ra Zbtb46 Fcer1g Pik3r6 Cd27 Il12rb1 Cd3d Tcf7 Aire Tnfsf18 Il9r Foxp3 Prdm1 Wnt4 Sema4a Itk Axl Sh3rf1 Il15ra Ahr Ccr9 Mmp14 Nfil3 6030468B19Rik Flt3 Il2 Nrarp Fzd5"
"GOBP_LYMPHOCYTE_HOMEOSTASIS",0.982133938331044,0.529461816634759,1,80,0.33037574127817,14,"Il2ra Tnfrsf4 Foxp3 Ccnb2 Ahr Il2 Slc40a1 Lat Sit1 Bbs4 Jak3 Tnfaip3 Cd101 Pmaip1"
"GOBP_LYMPHOID_PROGENITOR_CELL_DIFFERENTIATION",0.824459991508885,0.730951195219124,1,20,0.340896551771603,7,"Flt3 Notch1 Lig4 Sos1 Fnip1 Znhit1 Sox4"
"GOBP_LYMPH_NODE_DEVELOPMENT",0.838869293149086,0.717252396166134,1,22,0.339711844524051,6,"Il15 Flt3 Il7r Jak3 Rcbtb2 Lta"
"GOBP_LYMPH_VESSEL_DEVELOPMENT",1.01586367040624,0.476147146756792,1,14,0.450938839123635,5,"Bmpr2 Vegfa Epha2 Acvrl1 Npr2"
"GOBP_LYSOSOMAL_LUMEN_ACIDIFICATION",0.671670150690747,0.894243125160627,1,16,0.29095852774011,6,"Lamp2 Cln6 Vma21 Cln3 Grn Atp6ap2"
"GOBP_LYSOSOMAL_TRANSPORT",-0.584053361669406,1,1,106,-0.137119352115925,13,"Hgsnat Hook2 Mtm1 Nedd4 Pik3r4 Vps54 Ap3d1 Rbsn Vps16 Scyl2 Snapin Plekhf2 Plekhm1"
"GOBP_LYTIC_VACUOLE_ORGANIZATION",0.588800450237368,0.994336060415356,1,97,0.195019190732593,26,"Chmp4c Slc7a11 Laptm4b Arsg Tmem63a Lyst Tpcn2 Hsd17b1 Idua Hps4 Myo7a Lamp2 Cln6 Vma21 Cln3 Naglu Mbtps1 Gnptab Zkscan3 Grn Fnip1 Lipa Chmp1b Prkaa1 Igtp Atp6ap2"
"GOBP_L_AMINO_ACID_BIOSYNTHETIC_PROCESS",0.772823237845143,0.81576157380139,1,33,0.292304323501143,14,"Asl Apip Mthfd1 Plod3 Pycr2 Psat1 Cln3 Psph Mri1 Ass1 Got2 Plod1 Enoph1 Mthfd2l"
"GOBP_L_AMINO_ACID_METABOLIC_PROCESS",0.7897826034044,0.868911917098446,1,114,0.258100006877707,42,"Acad8 Dglucy Gpt2 Slc7a11 Dao Gcat Asl Pemt Kyat3 Abcc4 Pfas Apip Nos3 Mthfd1 Prodh Cdo1 Plod3 Hmgcll1 Sirt4 P4ha1 Pycr2 Abcg2 Psat1 Gcdh Cln3 Aldh6a1 Tdo2 Shmt1 Psph Fpgs Cad Acat1 Odc1 Acadsb Mri1 Ass1 Azin1 Got2 Plod1 Enoph1 Mthfd2l Bckdk"
"GOBP_L_AMINO_ACID_TRANSPORT",1.13345702781901,0.279223693067085,1,49,0.403859188124519,28,"Slc25a13 Slc7a7 Slc7a11 Slc6a20b Per2 Slc36a4 Slc25a15 Itgb1 Slc7a1 Slc36a3 Tnf Pak1 Ctns Slc43a1 Psen1 Slc43a2 Cln3 Slc7a6 Arhgef11 Ttyh2 Arl6ip5 Slc38a2 Slc16a10 Slc36a1 Slc15a4 Epm2a Sfxn1 Stxbp1"
"GOBP_L_GLUTAMATE_IMPORT",1.18396970016322,0.2411183005738,1,23,0.4753893854589,11,"Slc25a13 Slc7a11 Per2 Itgb1 Tnf Pak1 Psen1 Arhgef11 Ttyh2 Arl6ip5 Slc38a2"
"GOBP_L_TRYPTOPHAN_METABOLIC_PROCESS",-0.778993772275877,0.749203821656051,1,11,-0.303159759673996,5,"Nadsyn1 Afmid Atp7a Haao Kmo"
"GOBP_MACROAUTOPHAGY",-0.675789704622932,1,1,315,-0.139070386517531,79,"Vps25 Ikbkg Chek2 Atg9a Adrb2 Irgm2 Mapk3 Smurf1 Rnf41 Mtm1 Syk Rab39 Lrsam1 Trp53inp2 Vps37c Pacs2 Scoc Snx14 Pik3r4 Nipsnap3b Ufm1 Tmem41b Vti1a Pex10 Nod1 Mfsd8 Uba5 Vps16 Hdac6 Cul1 Sptlc2 Snapin Pik3c2b Ccpg1 Vps13d Atg16l2 Gaa Plekhm1 Tlr2 Atp6v0a1 Qsox1 Mfn2 Snx4 Ep300 Rragc Atg5 Trim21 Gpsm1 Atg4d Rb1cc1 Tbc1d14 Kat5 Wdr24 Ubxn6 Stam2 Map1lc3a Pik3c3 Calm1 Emc6 Sh3glb1 Ube3c Chmp5 Phb2 Retreg1 Atp13a2 Rubcnl Ubxn2a Vps4a Atg13 Atg12 Armc3 Gabarap Fbxl4 Timm23 Nbr1 Bnip3l Stx17 Arhgap26 Tecpr1"
"GOBP_MACROMOLECULE_DEACYLATION",0.761202429962525,0.845186862967157,1,46,0.273434740346509,8,"Mbip Nek3 Tada2a Ndst1 Ppt2 Sirt5 Sirt4 Mapt"
"GOBP_MACROMOLECULE_DEPALMITOYLATION",-0.464758865618939,0.99447983014862,1,13,-0.172586811086333,13,"Abhd10 Desi2 Lypla2 Abhd17a Abhd13 Cln5 Desi1 Abhd12 Ppt1 Abhd17b Abhd17c Lypla1 Ppt2"
"GOBP_MACROMOLECULE_METHYLATION",-0.680828941981129,0.997222222222222,1,112,-0.158813252456609,10,"Slc25a26 Mrm1 Nsun4 Mettl8 Mrm2 Larp7 Ftsj1 Thada Trmt44 Mettl14"
"GOBP_MACROPHAGE_ACTIVATION_INVOLVED_IN_IMMUNE_RESPONSE",-0.935004278773924,0.523487261146497,1,11,-0.363874118812437,5,"Syk Tyrobp Prkce Ifi35 Nmi"
"GOBP_MACROPHAGE_CHEMOTAXIS",0.692072877249579,0.891591046581972,1,25,0.274099897721995,3,"Tnfsf18 Csf1r Trem1"
"GOBP_MACROPHAGE_CYTOKINE_PRODUCTION",1.11916144771967,0.337910291617628,1,13,0.504533534187156,2,"Tgfb3 Sema7a"
"GOBP_MACROPHAGE_DERIVED_FOAM_CELL_DIFFERENTIATION",0.752837675631096,0.810087092161705,1,14,0.33418238823509,6,"Itgb3 Itgav Csf1 Tnf Abca5 Mapk9"
"GOBP_MACROPHAGE_MIGRATION",0.984912661184592,0.516336056009335,1,36,0.367374032035562,10,"Tnfsf18 Mmp14 Csf1r Cd9 Abr Trem1 Csf1 Bcr Mcoln2 Ptk2"
"GOBP_MACROPINOCYTOSIS",-0.908643803670766,0.562692307692308,1,10,-0.361963285893784,1,"Carmil1"
"GOBP_MAINTENANCE_OF_CELL_NUMBER",0.5285375776301,0.999592626540381,1,145,0.169896742769466,32,"Hmga2 Tet1 Mmp24 Loxl2 Klf10 Padi4 Dll1 Ezh2 Rbpj Notch1 Sap30l Med17 Mettl3 Ing2 Selenon Lig4 Leo1 Ski Pelo Aspm Smarca2 Sirt6 Dicer1 Nfix Hdac2 Vangl2 Med6 Dis3l2 Sox4 Med15 Zc3h13 Rif1"
"GOBP_MAINTENANCE_OF_LOCATION",0.863845045873724,0.774676790478145,1,132,0.279415302353533,35,"Cxcr3 Ccr5 Itgb3 Gp1ba Dmd Grik5 Mtln Pde4d Tmem38b Bbs4 Fgf2 Mettl21c Itgav Hk2 Tacc3 Tpcn2 Dbn1 Ubash3b Cd4 Tbccd1 Tmem38a Selenon Lck Plcl1 Spout1 Plcg1 Camk2d Aspm Epg5 Plcb3 Tspo Vps13c Kdelr1 Kdelr2 Akap9"
"GOBP_MAINTENANCE_OF_PROTEIN_LOCALIZATION_IN_ENDOPLASMIC_RETICULUM",0.861123520935715,0.678735476898136,1,10,0.410715650571924,4,"Grik5 Kdelr1 Kdelr2 Fkrp"
"GOBP_MAINTENANCE_OF_PROTEIN_LOCALIZATION_IN_ORGANELLE",-0.783793510849445,0.878267363704257,1,39,-0.219640887342486,10,"Rangap1 Topors Arl2 Csprs Taf3 Pml Syne1 Fam76b Taf8 Insig1"
"GOBP_MAINTENANCE_OF_PROTEIN_LOCATION",-0.999252184511987,0.453993933265925,1,55,-0.25881439470154,14,"Lgals1 Rangap1 Topors Arl2 Csprs Taf3 Ccdc88a Vps13d Pml Syne1 Fam76b Taf8 Dand5 Insig1"
"GOBP_MAINTENANCE_OF_PROTEIN_LOCATION_IN_CELL",-0.729876213851155,0.949720670391061,1,50,-0.192747175927404,11,"Rangap1 Topors Arl2 Csprs Taf3 Ccdc88a Vps13d Pml Syne1 Fam76b Taf8"
"GOBP_MALE_GAMETE_GENERATION",0.873439618030501,0.868934467233617,1,381,0.270936961432889,80,"Chn2 Tssk4 Hmga2 Nr6a1 Tdrkh Spaca1 Axl Dnd1 Cit Xlr3b Xlr4c Cntd1 Kif18a Ggnbp1 M1ap Cntln Rsph1 Pnldc1 Acvr2a Rfx2 Ddias Cabcoco1 Pcyt1b Ggn Gsr Bbof1 Rnf151 Insl6 Rgs2 Catspere2 Tssk6 Rnf17 Xlr4a Celf3 Bbs4 Slc2a8 Ccdc28a Klhl10 3830403N18Rik Mns1 Spata6 Mcmdc2 Tdrd7 Spef2 Notch1 Zpbp Dnah1 Npr2 Ccnyl1 Poc1a Ropn1l Klc3 Boll Dnmt3a Suv39h2 Tsnax Tmem203 Armc2 Ift81 Immp2l Cep70 Sod1 Ago4 Ccnb1 Zpbp2 Acox1 Zfp296 Mkrn2 1700102P08Rik Mettl3 Ing2 Rad23b Brip1 Inpp5b Cip2a Atat1 Cnot7 Crem Dcaf17 Acrbp"
"GOBP_MALE_MEIOTIC_NUCLEAR_DIVISION",-1.14826725945584,0.237700059276823,1,27,-0.3512196322406,6,"Fanca Rad51c Hspa2 Trip13 Foxj2 Zscan21"
"GOBP_MAMMARY_GLAND_DUCT_MORPHOGENESIS",1.16564625347491,0.266807768924303,1,20,0.481969765043236,8,"Wnt4 Ahr Epha2 Ntn1 Esr1 Csf1 Mst1 Ptch1"
"GOBP_MAMMARY_GLAND_EPITHELIAL_CELL_DIFFERENTIATION",0.590815483849915,0.939881113212645,1,10,0.281791357358011,4,"Irf6 Fgf2 Cebpb Ptch1"
"GOBP_MAMMARY_GLAND_EPITHELIAL_CELL_PROLIFERATION",0.5234905710071,0.984006836772067,1,23,0.210192761529528,9,"Epha2 Esr1 Cebpb Ccnd1 Mst1 Rreb1 Brca2 Pygo2 Bax"
"GOBP_MAMMARY_GLAND_EPITHELIUM_DEVELOPMENT",0.992481835218508,0.5,1,45,0.357558300069632,13,"Wnt4 Ahr Epha2 Atp2c2 Irf6 Ntn1 Esr1 Fgf2 Csf1 Cebpb Ccnd1 Mst1 Ptch1"
"GOBP_MAMMARY_GLAND_MORPHOGENESIS",1.07173303078632,0.383879454675915,1,28,0.415749835443128,9,"Wnt4 Ahr Epha2 Ntn1 Esr1 Csf1 Mst1 Ptch1 B4galt1"
"GOBP_MANNOSE_METABOLIC_PROCESS",-0.744954870424661,0.782307692307692,1,10,-0.296756893792885,2,"Mpi Man2c1"
"GOBP_MARGINAL_ZONE_B_CELL_DIFFERENTIATION",0.846862010135937,0.693731423939476,1,10,0.403913576834693,3,"Dll1 Tnfaip3 Cdh17"
"GOBP_MAST_CELL_ACTIVATION_INVOLVED_IN_IMMUNE_RESPONSE",1.09708913747629,0.34567178165632,1,35,0.411365220644106,9,"Fcer1g Gab2 Nr4a3 Slc18a2 Lat Tac4 Fes Lilrb4a Milr1"
"GOBP_MATURATION_OF_5_8S_RRNA",-0.85293817094943,0.749488054607509,1,35,-0.245281644988131,15,"Fcf1 Mphosph6 Abt1 Pes1 Exosc4 Eif6 Rcl1 Exosc9 Rrs1 Prkdc Eri2 Npm1 Rrp15 Mak16 Kri1"
"GOBP_MATURATION_OF_5_8S_RRNA_FROM_TRICISTRONIC_RRNA_TRANSCRIPT_SSU_RRNA_5_8S_RRNA_LSU_RRNA",-0.675590665941905,0.92470051340559,1,24,-0.212435233160622,24,"Fcf1 Abt1 Pes1 Rcl1 Exosc9 Rrs1 Eri2 Npm1 Kri1 Exosc8 Rps21 Rpp40 Eri1 Eri3 Nol9 Nop9 Wdr12 Urb1 Exosc10 Ftsj3 Exosc3 Exosc7 Exosc2 Bop1"
"GOBP_MATURATION_OF_LSU_RRNA",-0.914638217426157,0.622560975609756,1,28,-0.278087655060411,13,"Znhit6 Znhit3 Ddx55 Pes1 Rpf2 Eif6 Rpl7 Ppan Pak1ip1 Npm1 Rrp15 Rpl35 Mak16"
"GOBP_MATURATION_OF_LSU_RRNA_FROM_TRICISTRONIC_RRNA_TRANSCRIPT_SSU_RRNA_5_8S_RRNA_LSU_RRNA",-0.900605969047027,0.594064145524174,1,18,-0.302723394555646,9,"Znhit6 Znhit3 Pes1 Rpf2 Rpl7 Ppan Pak1ip1 Npm1 Rpl35"
"GOBP_MATURATION_OF_SSU_RRNA",-0.531887329452315,0.998161764705882,1,49,-0.14103108416493,16,"Fcf1 Ercc2 Bysl Tsr2 Abt1 Rrp36 Rps19 Nol11 Rcl1 Rrs1 Riok3 Rps8 Nol7 Tbl3 Rps16 Kri1"
"GOBP_MATURATION_OF_SSU_RRNA_FROM_TRICISTRONIC_RRNA_TRANSCRIPT_SSU_RRNA_5_8S_RRNA_LSU_RRNA",-0.902871643977184,0.653246753246753,1,32,-0.266321988458987,13,"Fcf1 Ercc2 Bysl Tsr2 Abt1 Rrp36 Rps19 Rcl1 Rrs1 Rps8 Tbl3 Rps16 Kri1"
"GOBP_MATURE_B_CELL_DIFFERENTIATION",0.631762255075386,0.951397749681011,1,37,0.234416290836141,7,"6030468B19Rik Il2 Dll1 Lilrb4a Tnfaip3 Cdh17 Dpp4"
"GOBP_MATURE_B_CELL_DIFFERENTIATION_INVOLVED_IN_IMMUNE_RESPONSE",0.716869398716107,0.876673379931288,1,31,0.273835102415312,6,"6030468B19Rik Il2 Dll1 Lilrb4a Tnfaip3 Cdh17"
"GOBP_MEGAKARYOCYTE_DEVELOPMENT",-0.687315798443105,0.896869244935543,1,17,-0.23424363961111,5,"Zfp385a Fli1 Rabgap1l Flna Ep300"
"GOBP_MEGAKARYOCYTE_DIFFERENTIATION",-0.770413295922101,0.886006825938567,1,35,-0.221549752350929,11,"Mturn Zfp385a Fli1 Rabgap1l Uba5 Blvrb Flna Ep300 Eif6 Rbm15 Cib1"
"GOBP_MEIOSIS_I_CELL_CYCLE_PROCESS",-1.04433901917749,0.319548872180451,1,88,-0.252310055867884,23,"Cdc25a Rad51c Ndc80 Hspa2 Fbxo5 Trip13 Fancm Foxj2 Zscan21 Cdc25b Ccnb1ip1 Knl1 Eme2 Aurka Psmc3ip Top2a Foxj3 Cdc20 Top2b Pkmyt1 Rmi1 Terb1 Brdt"
"GOBP_MEIOTIC_CELL_CYCLE",0.892031039329869,0.761952895987062,1,194,0.283174296411644,47,"Hmga2 Tdrkh Rad54l Wnt4 Xlr3b Rps6ka2 Xlr4c Cntd1 Kif18a Ccnb2 M1ap Cenpe Rsph1 Exd1 Mki67 Ncapd3 Stag3 Ska2 Pdik1l Asb7 Xlr4a Haspin Slc2a8 Tubg2 3830403N18Rik Mns1 Ccne2 Birc5 Mcmdc2 Mnd1 Npr2 Cenpv Boll Suv39h2 Eme1 Orc4 Cdca2 Rad51 Nbn Ago4 Hus1 1700028K03Rik Mettl3 Igf1r Nek2 Ing2 Brip1"
"GOBP_MEIOTIC_CELL_CYCLE_PHASE_TRANSITION",-1.19199646555998,0.24203821656051,1,11,-0.463887356859947,6,"Cdc25a Ndc80 Cdc25b Knl1 Cdc20 Pkmyt1"
"GOBP_MEIOTIC_CELL_CYCLE_PROCESS",0.770415540132814,0.90914646567529,1,146,0.247541983697929,48,"Tdrkh Rad54l Wnt4 Rps6ka2 Cntd1 Kif18a Ccnb2 M1ap Cenpe Ncapd3 Stag3 Ska2 Pdik1l Asb7 Haspin Slc2a8 Tubg2 Ccne2 Birc5 Mcmdc2 Mnd1 Npr2 Cenpv Suv39h2 Eme1 Orc4 Rad51 Ago4 Hus1 1700028K03Rik Ing2 Brip1 Rab24 Cep63 Aspm Mlh1 Ccne1 Zwint Ncaph2 Dicer1 Incenp Syde1 Mcm3 Chfr Mei4 Wapl Ncaph Washc1"
"GOBP_MEIOTIC_CHROMOSOME_SEGREGATION",0.942769319285895,0.593137254901961,1,65,0.324809741120751,29,"Ccnb2 M1ap Cenpe Ncapd3 Stag3 Ska2 Asb7 Haspin Ccne2 Mcmdc2 Mnd1 Cenpv Ago4 1700028K03Rik Brip1 Cep63 Aspm Mlh1 Ccne1 Zwint Ncaph2 Syde1 Chfr Mei4 Wapl Ncaph Washc1 Cenpc1 Syce2"
"GOBP_MEIOTIC_SPINDLE_ASSEMBLY",0.907312839899555,0.626241775254806,1,15,0.397355899166417,4,"Ccnb2 Cenpe Ska2 Asb7"
"GOBP_MEIOTIC_SPINDLE_ORGANIZATION",0.952778737794046,0.558372495671531,1,21,0.389234273450998,5,"Ccnb2 Cenpe Ska2 Asb7 Tubg2"
"GOBP_MELANIN_METABOLIC_PROCESS",0.740455975144585,0.83012079157029,1,16,0.320755627092963,6,"Slc7a11 Appl1 Pmel Ctns Mfsd12 Gipc1"
"GOBP_MELANOCYTE_DIFFERENTIATION",1.11748257333216,0.340656466588205,1,13,0.503776674281098,10,"Mreg Mitf Hps4 Rab27a Gnaq Hps1 Enpp1 Zeb2 Mef2c Myo5a"
"GOBP_MEMBRANELESS_ORGANELLE_ASSEMBLY",0.552528791576211,1,1,371,0.171485193305964,114,"Chmp4c Cenpi Asb2 Plk2 Ccnb2 Prc1 Cenph Tmod1 Ckap2l Cenpe Neb Nbdy Map9 Diaph3 Noct Kif4 Kif15 Myom1 Hjurp Ska2 Oip5 Tmod4 Asb7 Mybpc2 Wnk3 Itgb1 Wdr90 Hspa1b Birc5 Farp2 Cep72 Mettl15 Mdm1 Cenpv Map10 Mtg2 Pan2 Mettl1 Haus5 Nebl Rcc1 Tnf Mybl2 Cdca8 Styxl1 Stard9 Bop1 Ddx3x Tpx2 Nek2 Arhgef10 Mterf4 Cnot7 Gtpbp10 Ccdc15 C9orf72 Rcc1l Haus3 Lzts2 Bccip Mcat Mapk9 Cep63 Hck Aspm Itgb3bp Abraxas1 Mlh1 Haus1 Cflar Csrp1 Haus8 Mrps2 Xrcc5 Dicer1 Alms1 Nat9 Hdac2 Cirbp Incenp Hspa1a Tubgcp6 Malsu1 Eif1ax Wapl Poc5 Washc1 Chmp1b Csnk1d Zfyve1 Kif11 Prkaa1 Pogz Cenpc1 C2cd3 Cdk2 Mis18bp1 Grb7 Mpv17l2 Mtg1 Cltc Patl1 Chmp4b Eif5b Pwp2 Ccsap Cnot6l Haus2 Tubgcp5 Hdac3 Fitm2 Chmp7 Mdn1 Cep97"
"GOBP_MEMBRANE_BIOGENESIS",0.982018312567226,0.521057347670251,1,50,0.349145260028834,7,"Chmp4c Tlcd2 Nrxn1 Magi2 Cav2 Reep3 Tlcd1"
"GOBP_MEMBRANE_DEPOLARIZATION",1.01497068161723,0.462853907134768,1,46,0.364591905994033,8,"Cacna1h Hcn3 Cacna1a Scn2b Clcn2 Chrnb1 Chrna2 Trpm4"
"GOBP_MEMBRANE_DEPOLARIZATION_DURING_ACTION_POTENTIAL",0.909568488425699,0.621228304405875,1,11,0.425550418578406,4,"Cacna1h Scn2b Clcn2 Trpm4"
"GOBP_MEMBRANE_DOCKING",0.666999684412673,0.954407951598963,1,69,0.228069762329445,14,"Sytl2 Unc13b Nrxn1 Ralb Ctbp2 Camk2a Cav2 Exoc8 Icam1 Stx3 Pdzd8 Plek Selenon Cln3"
"GOBP_MEMBRANE_FISSION",0.788515378767548,0.789392133492253,1,29,0.304421959869097,15,"Chmp4c Exoc8 Tmcc1 Chmp1b Exoc2 Chmp4b Chmp7 Spast Exoc4 Epn1 Chmp2a Dnm1l Exoc6b Exoc6 Chmp2b"
"GOBP_MEMBRANE_FUSION",0.668747522830345,0.976041131105398,1,127,0.216834687338714,13,"Izumo1r Chmp4c Pla2g4a Cplane2 Cd9 Diaph3 Grik5 Tmem95 Adam1a Cav2 Dcst1 Atl1 Plekhm2"
"GOBP_MEMBRANE_INVAGINATION",0.949510384437919,0.572282363554353,1,47,0.339821665558802,4,"Fcer1g Sirpa Ager Clcn2"
"GOBP_MEMBRANE_LIPID_BIOSYNTHETIC_PROCESS",1.05408593739876,0.388970127428452,1,102,0.347589193001952,30,"St8sia6 Plekha8 A3galt2 St6galnac6 Elovl6 Asah2 Hacd4 Degs2 Prf1 Cers6 Smpd5 Abca8b Acer2 Sccpdh Pemt Atg7 Smpd4 Abca2 St3gal2 Casp7 Pigq Pigp Acer3 Pgap3 St3gal6 Pigb Pla2g6 Sphk2 St6galnac4 Pigk"
"GOBP_MEMBRANE_LIPID_CATABOLIC_PROCESS",0.996018901456876,0.490911265247548,1,28,0.38637858728225,12,"Lct Asah2 Smpd5 Acer2 Gla Mgst2 Smpd4 Zpbp2 Acer3 Neu3 Galc Gm2a"
"GOBP_MEMBRANE_LIPID_METABOLIC_PROCESS",1.03864121521803,0.415602981721638,1,139,0.334810241612554,45,"St8sia6 Plpp1 Plekha8 Lct A3galt2 St6galnac6 Elovl6 Asah2 Hacd4 Degs2 Prf1 Cers6 Smpd5 Abca8b Acer2 Gla Sccpdh Pemt Mgst2 Atg7 Smpd4 Abca2 St3gal2 Casp7 Pigq Arv1 Zpbp2 Pigp Acer3 Pgap3 Sgpp1 Serinc1 Cln6 St3gal6 Crem Pigb Naglu Neu3 Galc Pla2g6 Sphk2 St6galnac4 Pigk Gm2a Plpp2"
"GOBP_MEMBRANE_PROTEIN_INTRACELLULAR_DOMAIN_PROTEOLYSIS",0.731237914275246,0.826518459706233,1,12,0.335540113864289,4,"Aph1b Adam9 Aph1a Mbtps1"
"GOBP_MEMBRANE_PROTEIN_PROTEOLYSIS",1.00115585832257,0.48746581586144,1,43,0.363063506231617,13,"Timp2 App Aph1b Tspan17 Gpld1 Tnf Tnfrsf1b Adam9 Lrig2 Aph1a Gm7324 Psen1 Mbtps1"
"GOBP_MEMBRANE_RAFT_ASSEMBLY",-0.839967545484926,0.653076923076923,1,10,-0.334605718522045,1,"Anxa2"
"GOBP_MEMBRANE_RAFT_ORGANIZATION",-1.02251635535726,0.421711899791232,1,21,-0.331435171679004,2,"Myadm Anxa2"
"GOBP_MEMBRANE_REPOLARIZATION",1.10787302729897,0.350448459638633,1,14,0.491781516930124,3,"Akap7 Scn2b Kcnj2"
"GOBP_MESENCHYMAL_CELL_PROLIFERATION",0.919076466160323,0.604857363145721,1,16,0.398131635296852,2,"Lmna Vegfa"
"GOBP_MESONEPHRIC_TUBULE_MORPHOGENESIS",1.02390352080037,0.453357531760436,1,25,0.405523550415577,7,"Maged1 Hs3st3b1 Wnt4 Vegfa Greb1l Gzf1 Fgf2"
"GOBP_MESONEPHROS_DEVELOPMENT",1.046956119527,0.421992808258903,1,37,0.388474569723122,17,"Maged1 Smad3 Hs3st3b1 Wnt4 Vegfa Greb1l Spry1 Gzf1 Fgf2 Epcam Smad5 Cited2 Lzts2 Ptch1 Hs2st1 Sdc4 Timeless"
"GOBP_METABOLIC_COMPOUND_SALVAGE",0.871903639145917,0.681171160745284,1,38,0.322308050818853,8,"Dctd Fcsk Nmnat3 Fuom Gmpr Uck2 Apip Nampt"
"GOBP_METALLO_SULFUR_CLUSTER_ASSEMBLY",0.738808040104601,0.842314168871783,1,26,0.290320865869604,1,"AK157302"
"GOBP_METANEPHROS_DEVELOPMENT",0.714769956213677,0.866129420254992,1,26,0.280874897566293,9,"Wnt4 Greb1l Spry1 Rdh10 Aph1a Ptch1 Lamb2 Gdf11 Acat1"
"GOBP_METAPHASE_CHROMOSOME_ALIGNMENT",0.658073283389262,0.970402359384875,1,90,0.219266541604803,35,"Chmp4c Kif18a Kif22 Cenpe Cenpf Ska2 Asb7 Nsl1 Cdk1 Birc5 Cenpv Cdca8 Knstrn Ccnb1 Nek2 Rab24 Abraxas1 Mlh1 Zwint Cenpq Incenp Wapl Chmp1b Dctn2 Cenpc1 Cdc23 Chmp4b Cul3 Brca2 Ect2 Chmp7 Kifc1 Dsn1 Nudc Becn1"
"GOBP_METENCEPHALON_DEVELOPMENT",0.988419332493605,0.515106382978723,1,81,0.332338598757719,22,"Cacna1a Serpine2 Fktn Nrxn1 Zfp365 Dll1 Kcnc1 Rpgrip1l Ezh2 Atg7 Ccr1 Cdk5r1 Hap1 Ttc21b Whrn Igf1r Psen1 Naglu Uqcrq Atrn Ptprs Nfix"
"GOBP_METHIONINE_METABOLIC_PROCESS",0.659082567042053,0.890299918940827,1,10,0.314351563651574,5,"Apip Mthfd1 Mri1 Enoph1 Mthfd2l"
"GOBP_METHYLATION",0.533228919812344,0.999898662342927,1,173,0.170106768871102,61,"Prdm1 Setmar Tpmt Mettl21a Tyms Pemt Hemk1 Eef1akmt1 Ezh2 Rab3d Mettl15 Camkmt Zcchc4 Mettl21c Wdr4 Nsun6 Dnmt3a Suv39h2 Mettl1 Lcmt2 Mettl9 Rrp8 Trmt61a Trmt5 Prmt2 Smyd4 Mettl3 Spout1 Mettl6 Prdm15 Thumpd2 Dot1l Eef1akmt4 Armt1 Gspt1 Ndufaf7 Tfb2m Ezh1 Mto1 Fbl Trmo Trmt12 Trmt10a Carm1 Bcdin3d Trmt112 Kmt2b Prmt6 Etfbkmt Mettl2 Smyd3 Ehmt2 Rnmt Prmt5 Nsd3 Alkbh8 As3mt Ftsj3 Pcif1 Wdr6 Nsd2"
"GOBP_MHC_CLASS_II_BIOSYNTHETIC_PROCESS",0.519709335442894,0.976101468624833,1,11,0.243151041456616,2,"Cdk5r1 Tlr4"
"GOBP_MICROAUTOPHAGY",-0.659820289237464,0.928496868475992,1,21,-0.213872032163535,7,"Atg9a Atg5 Atg4d Rb1cc1 Vps4a Atg13 Atg12"
"GOBP_MICROGLIA_DIFFERENTIATION",1.00085401254719,0.495887946543305,1,16,0.433556574866449,6,"App Csf1r Tlr4 Ccdc39 Tspan2 Naglu"
"GOBP_MICROTUBULE_ANCHORING",0.750598019666718,0.823075950966764,1,18,0.317305069133223,4,"Kif3a Bbs4 Bccip Cep19"
"GOBP_MICROTUBULE_ANCHORING_AT_MICROTUBULE_ORGANIZING_CENTER",0.889894581507385,0.645794392523364,1,11,0.416345790855812,2,"Kif3a Bbs4"
"GOBP_MICROTUBULE_CYTOSKELETON_ORGANIZATION",0.964095343651245,0.641192357707312,1,479,0.297904119274296,102,"Spry2 Chmp4c Pard3b Lmna Dnajb13 Xrcc2 Cfap74 Ttll11 Plk2 Tbc1d32 Dst Kif3a Kif20a Pard6b Kif18a Ccnb2 Prc1 Cenph Cntln Enkd1 Ckap2l Cenpe Fgf13 Rsph1 Cplane2 Map9 Ccdc88b Agrn Diaph3 Ulk4 Kif4 Kif15 Pard6g Syne2 Tube1 Rsph4a Cdh5 Map2 Nefh Katnb1 Spry1 Bbof1 Togaram1 Atf5 Cdc42bpa Ska2 Ccdc8 Spef1 Fes Asb7 Rsph9 Itgb1 Bbs4 Cdk1 Tubg2 Cul9 Dnaaf4 Brsk2 Spaca9 Mns1 Wdr90 Cdk5r1 Hspa1b Nusap1 Birc5 Spata7 Nat10 Cep72 Xrcc3 Zmynd10 Gas2l3 Tedc1 Map7d3 Spef2 Dnah1 Ppfibp1 Mdm1 Poc1a Bora Cenpv Map10 Tacc3 Efcab11 Tbcd Atxn7 Hdgfl3 Haus5 Prkcz Armc2 Rcc1 Mybl2 Tubb3 Dock7 Cdca8 Mapt Dvl1 Cep70 Pak1 Knstrn Ccdc39 Stard9 Ccnb1"
"GOBP_MICROTUBULE_CYTOSKELETON_ORGANIZATION_INVOLVED_IN_MITOSIS",0.760449814071077,0.917506874427131,1,145,0.244444202112612,22,"Spry2 Chmp4c Plk2 Prc1 Cenph Enkd1 Ckap2l Cenpe Map9 Kif4 Kif15 Spry1 Itgb1 Cdk1 Tubg2 Hspa1b Nusap1 Birc5 Poc1a Bora Map10 Tacc3"
"GOBP_MICROTUBULE_DEPOLYMERIZATION",1.00835649931002,0.476640838650866,1,43,0.365674777935504,14,"Kif18a Ckap2l Fgf13 Diaph3 Map2 Katnb1 Bbof1 Spef1 Atxn7 Hdgfl3 Tpx2 Apc2 Camsap2 Ckap2"
"GOBP_MICROTUBULE_NUCLEATION",-0.6789236319169,0.959497206703911,1,36,-0.193676578713293,12,"Nme7 Ccdc66 Git1 Golga2 Ndel1 Clasp1 Tubgcp4 Pcnt Dctn1 Tubgcp3 Slain1 Mecp2"
"GOBP_MICROTUBULE_ORGANIZING_CENTER_LOCALIZATION",0.541730428316809,0.98349677110739,1,28,0.210149664102453,6,"Syne2 Tbccd1 Tmem201 Spout1 Aspm Akap9"
"GOBP_MICROTUBULE_ORGANIZING_CENTER_ORGANIZATION",0.742209154479896,0.932526661197703,1,134,0.239874699342992,19,"Chmp4c Xrcc2 Plk2 Kif3a Pard6b Cntln Map9 Ulk4 Kif15 Pard6g Atf5 Fes Bbs4 Wdr90 Nat10 Cep72 Xrcc3 Mdm1 Poc1a"
"GOBP_MICROTUBULE_POLYMERIZATION",0.562720407876958,0.994878907500267,1,79,0.189630738345344,14,"Fgf13 Diaph3 Cdh5 Map2 Togaram1 Fes Cdk1 Tubg2 Hspa1b Map7d3 Tbcd Hdgfl3 Mapt Pak1"
"GOBP_MICROTUBULE_POLYMERIZATION_OR_DEPOLYMERIZATION",0.783154499237218,0.876855985878933,1,111,0.256545083259318,22,"Dst Kif18a Ckap2l Fgf13 Diaph3 Cdh5 Map2 Katnb1 Bbof1 Togaram1 Ska2 Spef1 Fes Cdk1 Tubg2 Hspa1b Map7d3 Tbcd Atxn7 Hdgfl3 Mapt Pak1"
"GOBP_MICROVILLUS_ORGANIZATION",0.871964838380935,0.666269683736933,1,12,0.400114894816389,2,"Rap1gap Prom1"
"GOBP_MIDBODY_ABSCISSION",1.08835554061636,0.364831653969034,1,22,0.44074478732296,2,"Chmp4c Kif20a"
"GOBP_MIDBRAIN_DEVELOPMENT",0.572930277997602,0.959897828863346,1,17,0.245249060575607,10,"Fgf2 Ndst1 Wls Sos1 Uqcrq Csnk1d Kdm2b Kat2a Aplp2 Lrp6"
"GOBP_MIRNA_CATABOLIC_PROCESS",0.942369418385932,0.575967957276369,1,11,0.440896651052332,8,"Parn Tent4b Tent2 Pnpt1 Dis3l2 Elob Zc3h12a Snd1"
"GOBP_MIRNA_MEDIATED_GENE_SILENCING_BY_INHIBITION_OF_TRANSLATION",-0.572170262239588,0.968817669987007,1,14,-0.207805655117483,14,"Eif6 Tnrc6a Limd1 Ago2 Eif4e2 Eif4g1 Tnrc6b Zfp36 Rbm4 Ago1 Ddx6 Eif4enif1 Ago3 Ago4"
"GOBP_MIRNA_METABOLIC_PROCESS",0.791944691593246,0.835395373856912,1,72,0.269477030387848,30,"Smad3 App Apln Esr1 Myb Tnf Ago4 Ppard Srebf1 Fosl1 Zfp512b Parn Rc3h2 Tent4b Tent2 Dicer1 Hdac2 Pnpt1 Tut7 Dis3l2 Elob Tgfbr1 Zc3h12a Rara Hdac4 Stat3 Ncor2 Snd1 Hif1a Smad4"
"GOBP_MIRNA_PROCESSING",0.963068050720651,0.546572323396358,1,37,0.357347781478001,12,"Zmpste24 Dgcr8 Ago4 Ddx3x Mettl3 Ago3 Spout1 Dicer1 Ripk1 Nup155 Tut7 Zc3h7a"
"GOBP_MIRNA_TRANSCRIPTION",0.777120316598526,0.82791115099843,1,49,0.276893761680981,9,"Smad3 App Apln Esr1 Myb Tnf Ppard Srebf1 Fosl1"
"GOBP_MISMATCH_REPAIR",-1.04764116374364,0.383342840844267,1,24,-0.329424170741403,8,"Xpc Pms1 Rpa1 Prkcg Mlh3 Msh6 Wrn Msh5"
"GOBP_MITOCHONDRIAL_CALCIUM_ION_HOMEOSTASIS",-0.732472227505594,0.853807106598985,1,20,-0.239904998387094,6,"Mcur1 Letm1 Prkce Mfn2 Maip1 Slc25a27"
"GOBP_MITOCHONDRIAL_CALCIUM_ION_TRANSMEMBRANE_TRANSPORT",0.56090611573968,0.971798315224026,1,23,0.225215910191676,5,"Bhlha15 Letm2 Micu3 Selenon Micu2"
"GOBP_MITOCHONDRIAL_DEPOLARIZATION",-0.970609746394744,0.478828828828829,1,16,-0.336273049149384,1,"Ngfr"
"GOBP_MITOCHONDRIAL_DNA_METABOLIC_PROCESS",0.838260641173238,0.723845314583586,1,24,0.333993629184486,7,"Stox1 Atg7 Polg2 Endog Dna2 Sesn2 Rnaseh1"
"GOBP_MITOCHONDRIAL_DNA_REPLICATION",0.866549742416601,0.677974813672578,1,16,0.375377760955752,4,"Atg7 Polg2 Endog Dna2"
"GOBP_MITOCHONDRIAL_ELECTRON_TRANSPORT_CYTOCHROME_C_TO_OXYGEN",0.991575775537976,0.513011638551066,1,13,0.447016140044754,1,"Cox7a1"
"GOBP_MITOCHONDRIAL_ELECTRON_TRANSPORT_NADH_TO_UBIQUINONE",-1.08085354734845,0.339950372208437,1,29,-0.326315789473684,29,"mt-Nd6 Dld Ndufs8 Iscu Ndufv1 Pink1 Ndufv2 mt-Nd2 mt-Nd3 mt-Nd1 Park7 mt-Nd4 Ndufs6 Ndufa10 Ndufs3 Dnajc15 Ndufb9 Ndufs2 Ndufa8 Ndufs7 Ndufb8 Ndufaf1 Ndufb6 mt-Nd5 Coq9 Ndufa7 Ndufa11 Ndufc2 Ndufs1"
"GOBP_MITOCHONDRIAL_ELECTRON_TRANSPORT_UBIQUINOL_TO_CYTOCHROME_C",0.700423720103308,0.854704247717348,1,12,0.321400532177888,8,"Uqcrq Uqcr10 Uqcc3 Cyc1 Uqcr11 Uqcrfs1 Uqcrb Uqcrc1"
"GOBP_MITOCHONDRIAL_FISSION",0.568191340618022,0.983333333333333,1,41,0.20777008399175,7,"Ggnbp1 4930550C14Rik Lpin1 Ddhd2 Inf2 Mapt Abcg2"
"GOBP_MITOCHONDRIAL_FUSION",0.573007840431462,0.97815362931642,1,34,0.215665464158645,11,"Bcl2a1a Bcl2a1b Bcl2a1d Msto1 Bak1 Rcc1l Fundc1 Miga2 Miga1 Adck1 Mul1"
"GOBP_MITOCHONDRIAL_GENE_EXPRESSION",0.360523848916981,1,1,162,0.115281538668916,46,"Tefm Mtrf1 Slc25a33 Aars2 Dars2 Mrpl52 Fastkd5 Mtg2 Taco1 Mterf1b Ears2 Trmt5 Ddx3x Supv3l1 Mrpl14 Mrpl47 Mrpl39 Qrsl1 Mrpl2 Mrps2 Pnpt1 Mrpl15 Mrpl24 Polrmt Malsu1 Tsfm Mrps10 Tfb2m Mrpl46 Mrpl58 Prkaa1 Mto1 Mpv17l2 Mtg1 Rmnd1 Gfm1 Mrps28 Aurkaip1 Mrpl36 Fastkd2 Sirt3 Mrps34 Kat8 Mrpl50 Mrpl34 Hars2"
"GOBP_MITOCHONDRIAL_LARGE_RIBOSOMAL_SUBUNIT_ASSEMBLY",-0.78428564653008,0.772545535317637,1,15,-0.278710637256029,3,"Nsun4 Mrm2 Ddx28"
"GOBP_MITOCHONDRIAL_MEMBRANE_ORGANIZATION",-0.54134738159191,1,1,103,-0.127777226302246,14,"Apoo Rhot2 Bcl2l1 Mtfp1 Letm1 Slc35f6 Timm8a1 Nme3 Myc Naif1 Cnp Bcl2l2 Mfn2 Ppm1k"
"GOBP_MITOCHONDRIAL_OUTER_MEMBRANE_PERMEABILIZATION",0.531938578216348,0.982175558539861,1,23,0.213584818737582,7,"Mpv17l Eya2 Bid Bak1 Tmem14a Hspa1a Mul1"
"GOBP_MITOCHONDRIAL_PROTEIN_PROCESSING",-0.536861940192607,0.983975747076657,1,14,-0.194982078853047,14,"Yme1l1 Mipep Atp23 Pmpca Stoml2 Oma1 Uqcrc1 Afg3l1 Spg7 Immp1l Afg3l2 Pmpcb Sirt4 Immp2l"
"GOBP_MITOCHONDRIAL_RESPIRATORY_CHAIN_COMPLEX_ASSEMBLY",0.446000239029942,0.999894736842105,1,91,0.148460743385616,18,"Cox7a1 Ociad2 Slc25a33 Sdhaf1 Atpaf1 Taco1 Sdhaf4 Immp2l Coa6 Coa4 Ndufaf8 Cox19 Sco1 Higd1a Cox18 Ndufaf2 Tmem186 Pet100"
"GOBP_MITOCHONDRIAL_RIBOSOME_ASSEMBLY",-0.824715196589397,0.770142180094787,1,26,-0.254618040613991,7,"Nsun4 Mrm2 Ddx28 Rbfa Noa1 Ngrn Dhx30"
"GOBP_MITOCHONDRIAL_RNA_METABOLIC_PROCESS",-0.821402693016381,0.854189336235038,1,58,-0.211538760987336,13,"Prorp Nsun4 Mettl8 Fastkd3 Sars2 Rpusd4 Mterf1a Angel2 Tfam Thap11 Twnk Gtpbp3 Cdk5rap1"
"GOBP_MITOCHONDRIAL_RNA_PROCESSING",-1.14445059896203,0.253310305123777,1,25,-0.355542314106518,7,"Prorp Mettl8 Fastkd3 Rpusd4 Angel2 Gtpbp3 Cdk5rap1"
"GOBP_MITOCHONDRIAL_TRANSCRIPTION",0.68856200546746,0.888819721115538,1,20,0.284705644618617,10,"Tefm Slc25a33 Mterf1b Polrmt Tfb2m Prkaa1 Sirt3 Kat8 Kansl1 Mrpl12"
"GOBP_MITOCHONDRIAL_TRANSLATION",-0.553614884100561,1,1,126,-0.126255726111066,126,"Mettl8 Mrpl16 Mrps22 Fastkd3 Mrps17 Sars2 Rpusd4 Mrpl55 Mrps30 Ngrn Mrpl28 Gfm2 Gatb Mrps7 Mrpl22 Cdk5rap1 Mrpl10 Tufm Mrpl19 Mrpl32 Mrpl1 Mrpl57 Gadd45gip1 Mrpl21 Mrpl49 Mrps18c Rars2 Coa3 Mtif3 Yars2 Mrpl35 Mrps18a Mrpl27 Mrpl40 Trub2 Mrps35 Mrpl33 Lrpprc C1qbp Mrpl38 Mrpl42 Mrps21 Rpusd3 Mrpl23 Mrpl20 Iars2 Mrpl45 Mrps12 Mrpl41 Uqcc2 Mrps11 Mrpl13 Dap3 Trmt10c Mrpl48 Mrpl53 Mrpl17 Mrpl30 Mrpl37 Mrps18b Mrps31 Mrpl44 Mrps9 Mtrf1l Mrpl11 Mrps33 Mrpl43 Mrps5 Mrpl18 Mtif2 Mrpl51 Mrpl9 Mrpl4 Ptcd3 Mrps6 Mrpl54 Mrps24 Wars2 Alkbh1 Mrps14 Mrps15 Mrps27 Lars2 Mrpl3 Shmt2 Mrps25 Mrps16 Nsun3 Mrpl12 Mrps23 Gatc Chchd1 Mrps26 Hars2 Mrpl34 Mrpl50 Mrps34 Fastkd2 Mrpl36 Aurkaip1 Mrps28 Gfm1 Rmnd1 Mtg1 Mpv17l2 Mrpl58 Mrpl46 Mrps10 Tsfm Malsu1 Mrpl24 Mrpl15 Mrps2 Mrpl2 Qrsl1 Mrpl39 Mrpl47 Mrpl14 Ddx3x Ears2 Taco1 Mtg2 Mrpl52 Dars2 Aars2 Mtrf1"
"GOBP_MITOCHONDRIAL_TRANSMEMBRANE_TRANSPORT",0.56327781093898,0.966884915638378,1,19,0.235844579564356,5,"Slc25a15 Slc25a40 Cpt1b Sfxn4 Slc25a20"
"GOBP_MITOCHONDRIAL_TRANSPORT",0.525720766645398,0.998605000536538,1,75,0.178176214840449,27,"Camk2a Slc25a15 Mpv17l Slc25a40 Eya2 Hk2 Pmaip1 Cpt1b Bid Bak1 Sfxn4 Slc25a20 Psen1 Tmem14a Them4 Mpc2 Hspa1a Slc25a10 Bad Mul1 Slc25a4 Sfxn1 Cpt2 Stat3 Slc25a38 Kif5b Bax"
"GOBP_MITOCHONDRION_DISTRIBUTION",0.655379086500546,0.919390513639715,1,22,0.265404920833143,5,"Tspan4 Bhlha15 Hap1 Msto1 Mapt"
"GOBP_MITOCHONDRION_ENDOPLASMIC_RETICULUM_MEMBRANE_TETHERING",-0.5820569208027,0.952307692307692,1,10,-0.231865594394458,10,"Pacs2 Calm1 Ahcyl1 Calm3 Calm2 Psen2 Vmp1 Atp2a2 Selenon Pdzd8"
"GOBP_MITOCHONDRION_LOCALIZATION",0.697957339933849,0.90250887845114,1,42,0.254192428998983,8,"Armcx6 Tspan4 Bhlha15 Uchl1 Kif1b Hap1 Msto1 Mapt"
"GOBP_MITOCHONDRION_ORGANIZATION",0.603275114548422,1,1,367,0.187277457212213,94,"Smad3 Lmna Bbc3 Cox7a1 Ggnbp1 Marcks Bcl2a1a Ociad2 Rab32 Stox1 Camk2a 4930550C14Rik Plscr3 Bcl2a1b Cav2 Atg7 Mpv17l Lpin1 Aifm2 Slc25a33 Bcl2a1d Ddhd2 Sdhaf1 Eya2 Apool Camkmt Inf2 Chchd6 Pim2 Hk2 Letm2 Atpaf1 Pmaip1 Taco1 Msto1 Sdhaf4 Polg2 Nipsnap2 Tnfsf10 Immp2l Coa6 Endog Wdr35 Mapt Coa4 Ndufaf8 Bid Bak1 Cox19 Abcg2 Bmf Sco1 Selenon Rcc1l Supv3l1 Higd1a Tmem14a Them4 Fundc1 Pla2g6 Mapk9 Mrpl39 Tmem11 Moap1 Miga2 Vps13c Cox18 Ndufaf2 Agk Ppargc1a Tmem186 Sesn2 Lipa Pet100 Miga1 Pnpt1 Rab29 Mtx1 Hspa1a Mrpl15 Fancg Bad Ndufaf7 Adck1 Mul1 Ndufs1 Prkaa1 Igtp Capn10 Slc25a4 Cluh Mfsd14a Fas Tmem126a"
"GOBP_MITOPHAGY",0.461293501783473,0.999893617021277,1,81,0.155101818589483,19,"Nod2 Tigar Atg7 Gabarapl1 Hk2 Abi2 Dele1 Nipsnap2 Eif2ak1 Srebf1 Fundc1 Tspo Vps13c Atg10 Clec16a Mul1 Igtp Slc25a4 Ulk2"
"GOBP_MITOTIC_CELL_CYCLE_CHECKPOINT_SIGNALING",0.776067886836785,0.891360579410243,1,117,0.253133837562495,35,"Creb3l1 Chmp4c Map3k20 Cdkn1a Setmar Bub1b Cenpe Clspn Haspin Cdk1 Nek11 Birc5 Xrcc3 Nabp1 Eme1 Cdca8 Nbn Mrnip Ccnb1 Hus1 Ccnd1 Fbxo31 Rad9b Cdk5rap3 Mbtps1 Abraxas1 Timeless Zwint Ccng1 Ppp1r10 Klhl22 Incenp Tipin Chfr Plk3"
"GOBP_MITOTIC_CELL_CYCLE_PHASE_TRANSITION",0.660479106935839,0.997797577335069,1,350,0.205261476742138,59,"Abcb1b Cdkn1c Creb3l1 Chmp4c Ccna2 Cdkn1a App Bub1b Plk2 Cit Ccnb2 Rrm2 Cenpe Cenpf Stox1 Cables1 Camk2a Ccnd2 Pdik1l Ezh2 Clspn Slfn1 Itgb1 Haspin Cdk1 Brsk2 Ccne2 Nek11 Birc5 Xrcc3 Cdkn2c Dbf4 Myb Foxm1 Pim2 Tacc3 Nabp1 Rgcc Appl1 Rptor Rcc1 Cdca8 Nbn Rnaseh2b Mrnip Ccnb1 Bid Mtbp Hus1 Prmt2 Abcg2 Cacnb4 Tjp3 Ddx3x Acvr1b Ccnd1 Mblac1 Nek2 Fbxo31"
"GOBP_MITOTIC_CENTROSOME_SEPARATION",0.63348709722593,0.912550066755674,1,11,0.296383068255926,1,"Map9"
"GOBP_MITOTIC_CHROMOSOME_CONDENSATION",0.978467212824585,0.525222551928783,1,15,0.428517818837231,7,"Ncapd3 Ncapg2 Nusap1 Phf13 Ncaph2 Ncaph Atf6b"
"GOBP_MITOTIC_CYTOKINESIS",0.879359913147482,0.712659574468085,1,81,0.295669289067689,13,"Chmp4c Iqgap2 Cit Kif20a Map9 Kif4 Klhdc8b Rhoc Bbs4 Nusap1 Birc5 Exoc8 Rhob"
"GOBP_MITOTIC_CYTOKINETIC_PROCESS",1.02550179878471,0.45367225020499,1,35,0.384522787909852,4,"Chmp4c Iqgap2 Kif20a Klhdc8b"
"GOBP_MITOTIC_DNA_INTEGRITY_CHECKPOINT_SIGNALING",0.835665487600129,0.767123287671233,1,66,0.287328368691964,21,"Creb3l1 Map3k20 Cdkn1a Setmar Clspn Cdk1 Nek11 Eme1 Nbn Mrnip Hus1 Ccnd1 Fbxo31 Rad9b Cdk5rap3 Mbtps1 Abraxas1 Timeless Ccng1 Ppp1r10 Tipin"
"GOBP_MITOTIC_DNA_REPLICATION",0.842839102741411,0.707948944774422,1,18,0.356298728155844,9,"Tk1 Cdk1 Zmpste24 Rad51 Cdc45 Mcm3 Gmnn Cdk2 Brca2"
"GOBP_MITOTIC_G1_S_TRANSITION_CHECKPOINT_SIGNALING",0.979632796490494,0.528272455479007,1,14,0.434856062763036,4,"Cdkn1a Ccnd1 Fbxo31 Plk3"
"GOBP_MITOTIC_G2_DNA_DAMAGE_CHECKPOINT_SIGNALING",0.769627850939688,0.821482956542111,1,35,0.288580134376269,10,"Creb3l1 Cdkn1a Clspn Cdk1 Nbn Mrnip Cdk5rap3 Mbtps1 Abraxas1 Ccng1"
"GOBP_MITOTIC_G2_M_TRANSITION_CHECKPOINT",0.694444580925456,0.918330715728068,1,49,0.247435780772105,12,"Creb3l1 Cdkn1a Clspn Cdk1 Nabp1 Nbn Mrnip Hus1 Cdk5rap3 Mbtps1 Abraxas1 Ccng1"
"GOBP_MITOTIC_INTRA_S_DNA_DAMAGE_CHECKPOINT_SIGNALING",-0.92745782495169,0.541537094624611,1,15,-0.329589560339431,3,"Xpc Chek2 Eme2"
"GOBP_MITOTIC_METAPHASE_CHROMOSOME_ALIGNMENT",0.735883917526572,0.885942527460335,1,55,0.25871900581367,7,"Chmp4c Kif18a Kif22 Cenpe Ska2 Cdk1 Birc5"
"GOBP_MITOTIC_NUCLEAR_DIVISION",0.904859730349078,0.740893539947676,1,223,0.285498195709555,66,"Cdkn1c Egf Chmp4c Cenpi Bub1b Cit Kif18a Kif22 Prc1 Ckap2l Cenpe Tom1l1 Map9 Mki67 Ncapd3 Kif4 Kif15 Katnb1 Klhdc8b Ska2 Ccdc8 Ncapg2 Cav2 Reep3 Haspin Nsl1 Cdk1 Tubg2 Cul9 Esr1 Hspa1b Nusap1 Birc5 Xrcc3 Bora Map10 Rgcc Rcc1 Rasl2-9 Tnf Mybl2 Cdca8 Cdca2 Knstrn Ccnb1 Pdxp Mtbp Tpx2 Igf1r Nek2 Arhgef10 Eps8 Bccip Sh2b1 Phf13 Abraxas1 Zwint Ncaph2 Fbxw5 Ccdc86 Nat9 Nfix Klhl22 Anapc7 Incenp Hspa1a"
"GOBP_MITOTIC_RECOMBINATION",-0.755521574739912,0.854922279792746,1,25,-0.234715145663829,5,"Rad51c Tert Ercc2 Tep1 Smc5"
"GOBP_MITOTIC_SISTER_CHROMATID_COHESION",-0.663540290114077,0.941853770869315,1,25,-0.206139653790244,9,"Naa10 Cdc20 Smc5 Mau2 Dscc1 Naa50 Pttg1 Rb1 Tnks"
"GOBP_MITOTIC_SISTER_CHROMATID_SEGREGATION",0.810393942932951,0.874923981350091,1,168,0.258636485858372,24,"Chmp4c Cenpi Bub1b Cit Kif18a Kif22 Prc1 Ckap2l Cenpe Map9 Ncapd3 Kif4 Kif15 Katnb1 Ska2 Ncapg2 Haspin Nsl1 Cdk1 Tubg2 Hspa1b Nusap1 Birc5 Xrcc3"
"GOBP_MITOTIC_SISTER_CHROMATID_SEPARATION",-0.917132364246503,0.641904761904762,1,51,-0.241868815186355,9,"Ndc80 Fbxo5 Trip13 Cdk5rap2 Cdc16 Knl1 Anapc15 Rad21 Cdc20"
"GOBP_MITOTIC_SPINDLE_ASSEMBLY",0.618923972245321,0.9803626998605,1,75,0.209764456048336,29,"Chmp4c Prc1 Ckap2l Map9 Kif4 Kif15 Hspa1b Birc5 Map10 Rcc1 Mybl2 Cdca8 Tpx2 Nek2 Arhgef10 Bccip Abraxas1 Nat9 Incenp Hspa1a Chmp1b Kif11 Cltc Chmp4b Ccsap Chmp7 Cep97 Cep192 Kifc1"
"GOBP_MITOTIC_SPINDLE_ELONGATION",0.978228164917922,0.530262091326668,1,10,0.466569089560425,5,"Prc1 Kif4 Birc5 Map10 Cdca8"
"GOBP_MITOTIC_SPINDLE_ORGANIZATION",0.610935479047287,0.992970123022847,1,118,0.199147870208017,23,"Chmp4c Plk2 Prc1 Cenph Ckap2l Cenpe Map9 Kif4 Kif15 Tubg2 Hspa1b Birc5 Poc1a Bora Map10 Tacc3 Rcc1 Mybl2 Cdca8 Ccnb1 Tpx2 Nek2 Arhgef10"
"GOBP_MODIFICATION_OF_POSTSYNAPTIC_ACTIN_CYTOSKELETON",0.799238396951849,0.76574145463891,1,16,0.346219386184313,5,"Marcks Itpka Dip2a Ptk2 Cyfip1"
"GOBP_MODIFICATION_OF_SYNAPTIC_STRUCTURE",0.595529217834277,0.970142344636038,1,38,0.220143434191722,8,"Marcks Itpka Rhob Pdxp Dip2a Ptk2 Cyfip1 Cln3"
"GOBP_MODIFIED_AMINO_ACID_BIOSYNTHETIC_PROCESS",1.03777615591917,0.430732578916021,1,30,0.398942696415701,8,"Slc7a11 Ggt5 Mgst2 Ckb Slc46a1 Plscr1 Mthfd1 Plod3"
"GOBP_MODIFIED_AMINO_ACID_CATABOLIC_PROCESS",0.698530320649604,0.858210947930574,1,11,0.326814169713213,2,"Ggt5 Pcyox1"
"GOBP_MODIFIED_AMINO_ACID_METABOLIC_PROCESS",0.997520632730468,0.50426638917794,1,106,0.327851562586874,27,"Gstp2 Gstk1 Tyms Slc7a11 Ggt5 Gsr Asl Pemt Mgst2 Nox1 Ckb Slc46a1 Slco4a1 Gstt2 Gstm4 Plscr1 Mthfd1 Plod3 Mmachc Abcc1 Pcyox1 Cpt1b Sod1 P4ha1 Ctns Gstm1 Serinc1"
"GOBP_MODULATION_BY_SYMBIONT_OF_ENTRY_INTO_HOST",0.671181726147133,0.903907594003441,1,22,0.271804420619979,6,"Trim62 Itgav Fuca2 Cd4 Trim30d Trim30c"
"GOBP_MODULATION_OF_PROCESS_OF_ANOTHER_ORGANISM",0.940541558497407,0.607650964274423,1,89,0.313649095228578,14,"Ifitm3 Nod2 Hmga2 Stom Csf1r Prf1 Cav2 Slpi Ifitm2 Trim30d Nbn Zdhhc8 Tmeff1 Trim30c"
"GOBP_MOLTING_CYCLE",0.948287527626842,0.580990922016843,1,62,0.328381840488517,22,"Wnt10a Tnfrsf19 Trps1 Lgr5 Ext1 Tspear Farp2 Rbpj Notch1 Pkp3 Zdhhc21 Zmpste24 Gorab Tnf Tmem79 Snai1 Acvr1b Naglu Sos1 Dicer1 Hdac2 Vangl2"
"GOBP_MOLTING_CYCLE_PROCESS",1.01468037813262,0.463546852527934,1,56,0.355909239768133,22,"Wnt10a Tnfrsf19 Trps1 Lgr5 Ext1 Tspear Farp2 Rbpj Notch1 Pkp3 Zdhhc21 Zmpste24 Gorab Tnf Tmem79 Snai1 Acvr1b Naglu Sos1 Dicer1 Hdac2 Vangl2"
"GOBP_MONOAMINE_TRANSPORT",0.916788866838929,0.613068844807468,1,36,0.341963745425756,6,"Fcer1g Itgb3 Slc18a2 Xlr4a Slc29a4 Entpd1"
"GOBP_MONOATOMIC_ANION_HOMEOSTASIS",1.14736949432524,0.307484463658471,1,10,0.547241594093387,3,"Slc12a3 Cacna1a Ckb"
"GOBP_MONOATOMIC_ANION_TRANSPORT",1.09470296620226,0.32843137254902,1,65,0.37715502592469,7,"Abcb1b Apol7e Car2 Ano7 Slc12a3 Slc39a14 Clcn2"
"GOBP_MONOATOMIC_ION_HOMEOSTASIS",0.92530229861756,0.734281137364838,1,333,0.287927789306675,71,"Cxcr3 Ccr5 Slc39a4 Corin Car2 Slc12a3 Pik3cb App Slc39a14 Tmtc2 Slc35g1 Clstn1 Slc9a9 Cacna1a Itgb3 Neo1 Slc34a1 Slc40a1 Slc7a11 Gp1ba Dmd Mtln Ank1 Dbndd2 Cdh5 Pde4d Tmem38b Atp2c2 Hyal2 Ckb Ext1 Tmtc4 Cav2 Wnk3 Asph Ccr1 Marcksl1 Slc9a5 Nt5e Slc39a8 Fgf2 Hfe Mettl21c Itgav Snx10 Trf Tpcn2 Ubash3b Tmem38a Tmem203 Sod1 Eif2ak1 Ptk2 Aco1 Bak1 Cox19 Cacnb4 Smad5 Micu3 Wfs1 Pdzd8 Lamp2 Cln6 Vma21 Hmox1 Sco1 Selenon Lck Psen1 Plcl1 Cln3"
"GOBP_MONOCARBOXYLIC_ACID_BIOSYNTHETIC_PROCESS",1.03101059736035,0.433066008636644,1,128,0.334153566153313,39,"Fabp5 Ldhal6b Mgll Pla2g4a Gstp2 Elovl6 Me3 Asah2 Hacd4 Errfi1 Plp1 Nr1d1 Per2 Ptges3l Nr1h3 Ldhb Gstm4 Trib3 Rdh10 Prxl2b Rdh9 Ltc4s Pfkfb2 Star Acox1 Scd2 Pnpla8 Srebf1 Gstm1 Acot7 Aldh1a3 Sco1 Cbr4 Armc5 Mcat Mapk9 Mlycd Ubr4 Decr2"
"GOBP_MONOCARBOXYLIC_ACID_CATABOLIC_PROCESS",0.959419117829413,0.571157894736842,1,91,0.319363226712899,30,"Ldhal6b Acad8 Xylb Pon3 Mtln Ldhd Sord Cryl1 Lpin1 Ldhb Dcxr Slc27a4 Acad10 Cpt1b Acox1 Ppard Acad11 Acot7 Pex7 Gcdh Etfb Phyh Mlycd Decr2 Sesn2 Acad12 Acat1 Hadhb Decr1 Hsd17b4"
"GOBP_MONOCARBOXYLIC_ACID_METABOLIC_PROCESS",0.846236922797454,0.915057528764382,1,381,0.262498810200586,113,"Fabp5 Ldhal6b Mgll Pla2g4a App Gstp2 Acad8 Elovl6 Cyp4f17 Xylb Pon3 Ahr Slc27a1 Slc27a3 Me3 Asah2 Hacd4 Ggt5 Errfi1 Tigar Plp1 Mtln Alox5ap Nr1d1 Hpgd Per2 Mmut Bco2 Cbfa2t3 Ldhd Sord Ptges3l Cryl1 Abcc4 Lpin1 Nr1h3 Ldhb Uchl1 Gapdhs Gstm4 Trib3 Dcxr Rdh10 Cyp4x1 Gpat4 Slc27a4 Acad10 Prxl2b Rdh9 Hk2 Cyp4f13 Cyp4f16 Ltc4s Rptor Tpk1 Cpt1b Rasl2-9 Sirt4 Pfkfb1 Arv1 Pfkfb2 Xpo4 Star Acox1 Cyp4v3 Scd2 Zbtb20 Ppard Pnpla8 Adh5 Abcg2 Khk Srebf1 Gstm1 Acad11 Acot7 Grhpr Aldh1a3 Sco1 Pex7 Psen1 Cbr4 Gcdh Appl2 Them4 Etfb Phyh Armc5 Mcat Mapk9 Aacs Mcrip2 Mlycd Ptgr2 Ubr4 Decr2 Gpam Sirt6 Ppargc1a Sesn2 Lipa Bpgm Pdhx Mpc2 Acad12 Pck2 Dgat1 Slc5a6 Gpx4 Acat1 Hadhb Decr1 Hsd17b4"
"GOBP_MONOCYTE_CHEMOTAXIS",0.888847930505827,0.650319284802043,1,17,0.380481060824714,2,"Tnfsf18 App"
"GOBP_MONONUCLEAR_CELL_DIFFERENTIATION",0.94987128748191,0.684705411623487,1,414,0.294162873174362,37,"Il15 Zap70 Il2ra Zbtb46 Fcer1g Pik3r6 Cd27 Il12rb1 Cd3d Tcf7 Aire Tnfsf18 Il9r Foxp3 Prdm1 App Wnt4 Sema4a Ager Itk Axl Slamf9 Sh3rf1 Il15ra Ahr Ccr9 Mmp14 Nfil3 6030468B19Rik Flt3 Csf1r Il2 Nrarp Tmem176b Vegfa Diaph3 Fzd5"
"GOBP_MONOSACCHARIDE_BIOSYNTHETIC_PROCESS",0.477920535408501,0.999677904230191,1,74,0.16214642217239,5,"Slc39a14 Slc25a13 Gpt2 Per2 Sord"
"GOBP_MONOSACCHARIDE_CATABOLIC_PROCESS",-1.0979286850751,0.290102389078498,1,35,-0.315734203400826,6,"Glyctk Gale Mpi Pgm1 Galk1 Foxk1"
"GOBP_MONOSACCHARIDE_METABOLIC_PROCESS",0.660325544296403,0.989990900818926,1,188,0.209919508924715,41,"Fabp5 Fggy Slc39a14 Slc25a13 Xylb Gpt2 Errfi1 Tigar Per2 Fuom Sord Slc2a8 Gapdhs Dcxr H6pd Hk2 Sik1 Zmpste24 Cd101 Pmaip1 Fuca2 Gpld1 Glb1l Tnf Pfkfb1 Slc23a2 Pfkfb2 Khk Mgat1 Selenon Man1c1 Man2b2 Epm2aip1 Mst1 Pmm2 Mlycd Sirt6 B4galt1 Ppargc1a Sesn2 Lipa"
"GOBP_MONOSACCHARIDE_TRANSMEMBRANE_TRANSPORT",1.12976250590627,0.263586665237432,1,76,0.382518138953069,24,"Fabp5 Slc5a3 Slc27a1 Nr4a3 Slc5a10 Rnasel Repin1 Sgcb Slc2a8 Esr1 Slc2a3 Trib3 Slc27a4 Hk2 Appl1 Tnf Erbb3 Slc23a2 Ctnnd1 Ctns Prkci Selenon Appl2 Ahi1"
"GOBP_MORPHOGENESIS_OF_AN_ENDOTHELIUM",0.70693098173293,0.846122669548771,1,10,0.33717301991286,3,"Rbpj Acvrl1 Rhob"
"GOBP_MORPHOGENESIS_OF_AN_EPITHELIAL_SHEET",0.82408198574738,0.749008168028005,1,36,0.307383927289312,13,"Hbegf Rhoc Acvrl1 Notch1 Itgav Dvl1 Arhgap35 Tor1a Sos1 Vangl2 Rreb1 Arhgap24 Adam17"
"GOBP_MORPHOGENESIS_OF_EMBRYONIC_EPITHELIUM",0.929310789347671,0.637020741671904,1,98,0.30737578288695,28,"Wnt4 Ift122 St14 Bbs4 Mks1 Rdh10 Mthfd1 Tgfb1i1 Tulp3 Dvl1 Rab23 Apaf1 Arhgap35 Cluap1 Ipmk Enah Aldh1a3 Cited2 Ift57 Ski Luzp1 Nup50 Ptch1 Hs2st1 Sdc4 Gatad2a Plxnb2 Vangl2"
"GOBP_MOTOR_BEHAVIOR",0.46499916586954,0.995150927385138,1,24,0.185272636395235,5,"Ext1 Adarb1 Dpp4 Naglu Sgsh"
"GOBP_MOTOR_NEURON_APOPTOTIC_PROCESS",-0.894171346500345,0.594055201698514,1,13,-0.33204784819274,3,"Kcnb1 Vps54 Fadd"
"GOBP_MOTOR_NEURON_AXON_GUIDANCE",0.76353842159575,0.788165360713321,1,10,0.364172121580883,2,"Egr2 Ntn1"
"GOBP_MRNA_3_END_PROCESSING",-0.765316448974467,0.905383360522023,1,43,-0.21044228005748,43,"Cdc73 Angel2 Cpsf2 Ahcyl1 Cpsf1 Cstf2t Cpsf7 Clp1 Papola Cstf1 Cpsf6 Cpsf3 Ythdc1 Pcf11 Wdr33 Cdk9 Ncbp1 Zcchc8 Lsm10 Nudt21 Pabpn1 Paf1 Cstf3 Slbp Ncbp2 Zfp36l1 Ssu72 Tut1 Fip1l1 Zc3h3 Sympk Rprd1a Rprd1b Lsm11 Zfp473 Dhx36 Rprd2 Tent2 Tent4b Cstf2 Leo1 Mblac1 Ccnb1"
"GOBP_MRNA_CATABOLIC_PROCESS",0.668742035316262,0.991445249597424,1,222,0.211030735200662,79,"Dnd1 Ikbke Zc3h12c Rbm47 Nbdy Vegfa Pnldc1 Rnasel Noct Prr5l Hspa1b Tent4a Magohb Mov10 Pkp3 Fastkd5 Boll Igf2bp3 Pan2 Ago4 Cpeb3 Apobec1 Pabpc4 Mettl3 Ago3 Cnot7 Exosc2 Supv3l1 Pelo Mapk9 Cryz Upf3b Nudt16 Mlh1 Parn Rc3h2 Dhx34 Tent4b Rbm8a Tent2 Carhsp1 Exosc7 Dicer1 Pnpt1 Cirbp Hspa1a Pcbp4 Tut7 Dis3l2 Gspt1 Mex3d Tnrc6c Zc3h12a Cnot8 Nrde2 Eif4a3 Mapkapk2 Angel1 Pias4 Patl1 Upf1 Larp1 Cnot6l Rbm38 Magoh Fastkd2 Dhx36 Exosc3 Stat3 Senp1 Snd1 Vim Plekhn1 Pnrc2 Gtpbp1 Rock2 Nbas Mettl16 Fastkd1"
"GOBP_MRNA_CIS_SPLICING_VIA_SPLICEOSOME",-0.878840159192439,0.690243902439024,1,28,-0.267203572282912,28,"Cactin Dcps Prpf4b Sde2 Prpf39 Snrpc Slu7 Rbm22 Clns1a Wbp4 Sfswap Eif1 Psip1 Sf1 Upf3a Prpf40a Rbm17 Sart1 Yju2 Ncbp2 Cwc15 Prpf40b Sf3a1 Srsf1 Exosc10 BC005624 Upf1 Upf3b"
"GOBP_MRNA_METHYLGUANOSINE_CAP_DECAPPING",0.462904263310424,0.991355954070443,1,15,0.202728024653596,1,"Noct"
"GOBP_MRNA_MODIFICATION",-0.977073887857114,0.494258872651357,1,21,-0.316705596021345,8,"Pus7 Mettl14 Rpusd4 Bag4 Pus1 Adar Dnajb11 Pus7l"
"GOBP_MRNA_PSEUDOURIDINE_SYNTHESIS",-1.17513488193549,0.256538461538462,1,10,-0.46812148117382,4,"Pus7 Rpusd4 Pus1 Pus7l"
"GOBP_MRNA_SPLICE_SITE_RECOGNITION",0.975971416906778,0.524356000488341,1,23,0.391873585991942,2,"Celf4 Celf3"
"GOBP_MRNA_TRANSCRIPTION",0.436144481529323,0.999332220367279,1,54,0.15373866486046,20,"Ifih1 Nr1h3 Tfcp2 Rxra Thra Srebf1 Taf2 Atf1 Creb1 Taf4b Rara Traf3 Zbtb1 Taf7 Stat3 Taf1 Hipk3 Nfkbiz Taf6 Enpp1"
"GOBP_MRNA_TRANSCRIPTION_BY_RNA_POLYMERASE_II",-0.500640943575039,1,1,44,-0.137020923695392,8,"Anxa2 Taf13 Taf3 Polr2a Flna Tbp Taf8 Hltf"
"GOBP_MRNA_TRANSPORT",-0.949913197365286,0.612244897959184,1,106,-0.223012982609664,27,"Ddx25 Nup188 Thoc5 Nup93 Nup35 Mettl14 Nup85 Casc3 Thoc3 Mcm3ap Nxf1 Nup214 Ddx19b Nsun2 Nup160 Nup54 Gle1 Tnks Zc3h11a Nxt1 Htt Chtop Ddx19a Nup153 Fxr1 Fxr2 Eny2"
"GOBP_MUCUS_SECRETION",0.729096257843291,0.828971962616822,1,11,0.341114739194823,2,"Sytl2 Atg7"
"GOBP_MULTICELLULAR_ORGANISMAL_LEVEL_WATER_HOMEOSTASIS",0.943642499820907,0.574499332443258,1,11,0.441492274520418,6,"Hyal2 Ext1 Ctns Wfs1 Aqp3 Nfat5"
"GOBP_MULTICELLULAR_ORGANISMAL_MOVEMENT",-1.06861117384235,0.335064935064935,1,32,-0.31521053364079,10,"Scn4a Tnni2 Adrb2 Stac2 Vti1a Vps54 Homer1 Gaa Gigyf2 Hipk2"
"GOBP_MULTICELLULAR_ORGANISMAL_RESPONSE_TO_STRESS",1.05600275778614,0.401321786690975,1,43,0.382953423929887,12,"Lrp11 Mapk8ip2 Cacna1a Ext1 Vwa1 Capn2 Dpp4 Atat1 Selenon Lpar5 Tspo Asic1"
"GOBP_MULTICELLULAR_ORGANISM_GROWTH",0.943802115228898,0.630556403214322,1,153,0.302718400531335,43,"Cdkn1c Hmga2 Cacna2d2 H2-Q2 Xrcc2 App Selenom Flt3 Plag1 Dmd Pde4d Atf5 Socs2 Ext1 Bbs4 Adarb1 Gpr21 Palb2 Ttc8 Npr2 Gpat4 Zmpste24 Csf1 Abcc1 Ercc5 Sod1 Gins3 Mbd5 Lgmn Sco1 Ift80 Wdr11 Ptch1 Sos1 Plekha1 Rc3h2 Gpam Rasal2 Atrn Dicer1 Alms1 Nfix Bbs2"
"GOBP_MULTIVESICULAR_BODY_LYSOSOME_FUSION",1.13843514190734,0.318157254796001,1,10,0.542980325789197,1,"Chmp4c"
"GOBP_MULTIVESICULAR_BODY_ORGANIZATION",0.764488730882902,0.808738353059683,1,19,0.320091648943542,1,"Chmp4c"
"GOBP_MULTIVESICULAR_BODY_SORTING_PATHWAY",0.914562093676773,0.616200119118523,1,30,0.351576653221371,13,"Chmp4c Laptm4b Lyst Rab27a Tmem50b Stam Ptpn23 Leprot Chmp1b Leprotl1 Chmp4b Vps28 Chmp7"
"GOBP_MUSCLE_ADAPTATION",0.905185442053402,0.666560306317805,1,80,0.304491373061381,12,"Smad3 Lmna Asb2 Nr4a3 Errfi1 Dmd Rgs2 Ezh2 Kcnn4 Nos3 Srl Notch1"
"GOBP_MUSCLE_CELL_APOPTOTIC_PROCESS",0.836030582784946,0.780433397068196,1,82,0.280700929297855,24,"Eng Rps6ka2 Tigar Trem1 Camk2a Hspb6 Atg7 Esr1 Rbpj Notch1 Capn2 Il12a Sirt5 Sirt4 Apaf1 Igf1r Map3k5 Hmox1 Camk2d Cflar Map2k5 Dicer1 Ptpn1 Ppp1r10"
"GOBP_MUSCLE_CELL_CELLULAR_HOMEOSTASIS",0.645172912343466,0.910422387864522,1,13,0.29085291518012,4,"Dmd Sod1 Lamp2 Trim32"
"GOBP_MUSCLE_CELL_MIGRATION",1.12401189934927,0.271197341622896,1,76,0.38057108255269,12,"Sema6d S1pr2 Ager Gstp2 Itgb3 Nr4a3 Nacad Dock4 Pde4d Nox1 Kcnn4 Rbpj"
"GOBP_MUSCLE_CONTRACTION",0.912565147156359,0.707062518998885,1,171,0.291128596239378,27,"Cacna1h Myl6b Scn2b Ehd3 Tmod1 Fgf13 Agrn Kcnj2 Dmd Chrnb1 Dock4 Myom1 Pde4d Tmem38b Rgs2 Trpm4 Tmod4 Mybpc2 Myl4 Tpm3-rs7 Tifab Uty Sulf2 Zdhhc21 Tpcn2 Dbn1 Tmem38a"
"GOBP_MUSCLE_HYPERTROPHY",0.749546122687319,0.884291270527226,1,69,0.256295182818239,12,"Smad3 Lmna Nr4a3 Errfi1 Rgs2 Ezh2 Kcnn4 Notch1 Sorbs2 Pak1 Tnfrsf1b Ptk2"
"GOBP_MUSCLE_ORGAN_DEVELOPMENT",0.874987253579422,0.787477240542181,1,185,0.278366657526677,28,"Eng Nphs1 Smad3 Lmna Egr2 Asb2 Myl6b Fktn Angpt1 Zbtb42 Efemp2 Dmd Cenpf Neurl1a Tgfbr3 Myom1 Sgcb Dll1 Cav2 Itgb1 Tifab Adarb1 Cntf Rbpj Cdon Rxra Notch1 Foxn2"
"GOBP_MUSCLE_STRUCTURE_DEVELOPMENT",0.869019468467104,0.894047023511756,1,443,0.268800423632984,89,"Eng Nphs1 Smad3 Cacna2d2 Lmna Egr2 Asb2 Tmtc3 Wnt4 Myl6b Camk1 Mmp14 Tmod1 Neb Notch4 Neo1 Fktn Csf1r Angpt1 Zbtb42 Vegfa Cd9 Efemp2 Tnpo2 Dmd Mtln Chrnb1 Greb1l Cenpf Bhlhe41 Neurl1a Tgfbr3 Myom1 Prickle4 Sgcb Rgs2 Ccnd2 Dll1 Tmod4 Mybpc2 Ezh2 Cav2 Atg7 Itgb1 Bhlha15 Cdk1 Tifab Adarb1 Utrn Tanc1 Cntf Uchl1 Rbpj Cdon Rxra Notch1 Foxn2 Mettl21c Plpp7 Nid1 Sik1 Zmpste24 Rcan1 Capn2 Fhl4 Sorbs2 Casp7 Nebl Actn1 Tnf Svil Pak1 Erbb3 Hsd17b1 Ccnb1 Ppard Abcg2 Cacnb4 Thra Nras Ifrd1 Map3k5 Scn8a Lef1 Bin3 Selenon Mustn1 Dcaf8 Cited2"
"GOBP_MUSCLE_SYSTEM_PROCESS",0.911391675954297,0.734726688102894,1,247,0.286323880407337,39,"Cacna1h Smad3 Lmna Asb2 Myl6b Scn2b Ehd3 Tmod1 Nr4a3 Fgf13 Agrn Kcnj2 Errfi1 Dmd Chrnb1 Dock4 Myom1 Pde4d Tmem38b Rgs2 Trpm4 Tmod4 Mybpc2 Ezh2 Myl4 Tpm3-rs7 Kcnn4 Tifab Utrn Uty Nos3 Srl Notch1 Sulf2 Zdhhc21 Tpcn2 Dbn1 Sorbs2 Tmem38a"
"GOBP_MUSCLE_TISSUE_DEVELOPMENT",0.933016205117701,0.681699477701888,1,250,0.292984948247989,64,"Eng Nphs1 Smad3 Lmna Egr2 Asb2 Bmpr2 Myl6b Tenm4 Neb Fktn Angpt1 Vegfa Efemp2 Dmd Greb1l Cenpf Neurl1a Tgfbr3 Myom1 Sgcb Rgs2 Ccnd2 Dll1 Fes Cav2 Atg7 Itgb1 Cdk1 Hspg2 Eya2 Rbpj Cdon Rxra Notch1 Nprl3 Fgf2 Npr2 Foxn2 Mettl21c Sik1 Zmpste24 Rcan1 Sorbs2 Nebl Svil Pak1 Erbb3 Hsd17b1 Ccnb1 Fgf20 Abcg2 Nras Ifrd1 Lef1 Bin3 Selenon Cited2 Naglu Ski Camk2d Arrdc2 Ift88 Ptch1"
"GOBP_MYD88_DEPENDENT_TOLL_LIKE_RECEPTOR_SIGNALING_PATHWAY",0.788901382566998,0.763530501521768,1,12,0.361999910790439,4,"Tlr6 Tlr4 Irf1 Irf7"
"GOBP_MYD88_INDEPENDENT_TOLL_LIKE_RECEPTOR_SIGNALING_PATHWAY",1.18367037433221,0.266243218208284,1,12,0.543145923409706,5,"Tlr6 Ticam2 Tnip3 Cd274 Tlr4"
"GOBP_MYELIN_MAINTENANCE",0.993486011160557,0.508544726301736,1,11,0.464812043602038,4,"Ndrg1 Epb41l3 Prx Sod1"
"GOBP_MYELOID_CELL_ACTIVATION_INVOLVED_IN_IMMUNE_RESPONSE",0.969824113396013,0.545048966267682,1,64,0.33446664989226,16,"Fcer1g Gab2 Myo1f Nr4a3 Slc18a2 Dnase1 Lat Tac4 Abr Fes Lilrb4a Milr1 Bcr Tnf D6Wsu163e Cplx2"
"GOBP_MYELOID_CELL_DEVELOPMENT",0.729460474097678,0.904654169360052,1,71,0.248621147509074,10,"Tjp2 App Smim1 Csf1r Diaph3 Gp1ba Hbb-bt Ank1 Nbeal2 Slc25a40"
"GOBP_MYELOID_CELL_DIFFERENTIATION",0.937473294014661,0.699269196115727,1,336,0.29164205916647,77,"Il15 Zbtb46 Fcer1g Cdkn1c Car2 Gab2 Maf Isg15 Tjp2 App Itgb3 Smim1 Csf1r Clec2g Vegfa Diaph3 Mitf Gp1ba Hbb-bt Acvr2a P4htm Epha2 Ank1 Dyrk3 Klf10 Tgfbr3 Socs1 Mfhas1 Nbeal2 Cbfa2t3 Dll1 Fes Tifab Slc25a40 Ccr1 Il3ra Hspa1b Farp2 Rbpj Rxra Dhrs7b Tnfsf9 Myb Plscr1 Fstl3 Snx10 Cd101 Trf Ubash3b Csf1 Cd4 Rptor Actn1 Atraid Tcta Tnf Cebpb Tlr4 Ccdc39 Vps33b Eif2ak1 Abcg2 Smad5 Pabpc4 Thra Acvr1b Lef1 Psen1 Cited2 Evi2b Cdk5rap3 Tspan2 C1qc Naglu Leo1 Fam210b Ift80"
"GOBP_MYELOID_CELL_HOMEOSTASIS",0.897907439661096,0.730070072103179,1,158,0.287389896858903,23,"Fcer1g Isg15 Pik3cb Foxp3 Axl Smim1 Csf1r Vegfa Slc7a11 Diaph3 Hbb-bt Acvr2a P4htm Ank1 Dyrk3 Tgfbr3 Mfhas1 Bbs4 Slc25a40 Hspa1b Myb Lilrb4a Mthfd1"
"GOBP_MYELOID_DENDRITIC_CELL_ACTIVATION",-1.13772415762686,0.271459227467811,1,22,-0.364575868779631,4,"Slamf1 Stard7 Cd244a Pirb"
"GOBP_MYELOID_DENDRITIC_CELL_DIFFERENTIATION",0.626167320578966,0.922786949174574,1,14,0.277953797211903,3,"Rbpj Tnfsf9 Psen1"
"GOBP_MYELOID_LEUKOCYTE_DIFFERENTIATION",1.10287390883475,0.259064209033826,1,182,0.351226108611191,48,"Il15 Zbtb46 Fcer1g Car2 Gab2 Tjp2 App Itgb3 Csf1r Clec2g Vegfa Diaph3 Mitf Epha2 Klf10 Socs1 Cbfa2t3 Fes Ccr1 Il3ra Farp2 Rbpj Rxra Dhrs7b Tnfsf9 Fstl3 Snx10 Cd101 Trf Ubash3b Csf1 Cd4 Rptor Atraid Tcta Tnf Cebpb Tlr4 Ccdc39 Eif2ak1 Abcg2 Lef1 Psen1 Cited2 Evi2b Tspan2 C1qc Naglu"
"GOBP_MYELOID_LEUKOCYTE_MEDIATED_IMMUNITY",1.00809140025381,0.478752017213556,1,72,0.343025819585202,15,"Fcer1g Gab2 Myo1f Nr4a3 Slc18a2 Dnase1 Lat Dao Tac4 Abr Trem1 Fes Ighg3 Milr1 Lyst"
"GOBP_MYOBLAST_DIFFERENTIATION",-0.941234494393833,0.5935960591133,1,64,-0.239698798261784,14,"Lgals1 Il18 Xkr8 Lrrc8a Plekhm3 Mapk12 Maml1 Flot2 Smarcc1 Smarca4 Mapk14 Arid2 Nr2c2 Ripor2"
"GOBP_MYOBLAST_FUSION",1.05992617305972,0.385708089351551,1,67,0.363763616263927,7,"Nphs1 Neo1 Cd9 Itgb1 Tanc1 Cdon Capn2"
"GOBP_MYOBLAST_PROLIFERATION",0.72772857207858,0.829429667857615,1,12,0.333929796541745,2,"Csf1r Fes"
"GOBP_MYOFIBRIL_ASSEMBLY",0.984373735272946,0.509079975947084,1,27,0.38456233707277,6,"Tmod1 Neb Myom1 Tmod4 Mybpc2 Itgb1"
"GOBP_MYOTUBE_CELL_DEVELOPMENT",-0.875979950194614,0.676453655728267,1,25,-0.272137511995342,4,"Hdac9 Xk Homer1 Ryr1"
"GOBP_MYOTUBE_DIFFERENTIATION",1.03293132140011,0.426735751295337,1,114,0.337560716086143,18,"Nphs1 Mmp14 Neo1 Fktn Csf1r Cd9 Dmd Bhlhe41 Cav2 Itgb1 Bhlha15 Tanc1 Cdon Notch1 Plpp7 Sik1 Rcan1 Capn2"
"GOBP_NADH_DEHYDROGENASE_COMPLEX_ASSEMBLY",-0.741736799935514,0.919911829537105,1,38,-0.209606831737201,37,"Acad9 mt-Nd6 Dmac2 Timm21 Ndufs8 Foxred1 Ndufa6 Tmem126b Ndufs4 Oxa1l mt-Nd2 Dmac1 mt-Nd1 mt-Nd4 Timmdc1 Ndufs6 Nubpl Ndufs3 Bcs1l Ndufs2 Ndufaf3 Ndufs5 Ndufs7 Ndufa13 Ndufaf4 Ndufaf6 Tmem70 Ndufaf5 Ndufaf1 mt-Nd5 Lyrm2 Ndufc2 Tmem126a Ndufs1 Ndufaf7 Tmem186 Ndufaf2"
"GOBP_NADPH_REGENERATION",0.717064181956436,0.858933398869501,1,22,0.290385162365525,5,"Tigar Rpe H6pd Rptor Aco1"
"GOBP_NADPLUS_BIOSYNTHETIC_PROCESS",-0.664540125464147,0.888136942675159,1,11,-0.258618017113096,2,"Nadsyn1 Afmid"
"GOBP_NADPLUS_METABOLIC_PROCESS",0.669587492463143,0.914613728773021,1,28,0.259748353190238,5,"Slc25a13 Nmnat3 Ldhb Nampt Nudt17"
"GOBP_NADPPLUS_METABOLIC_PROCESS",0.930268919620008,0.59171528588098,1,36,0.346991827140413,10,"Tigar Noct Rpe Dcxr H6pd Nampt Nudt17 Rptor Aco1 Nmrk1"
"GOBP_NATURAL_KILLER_CELL_ACTIVATION",0.92696786986807,0.623509000216873,1,67,0.318132708743553,14,"Il15 Prdm1 Axl Klrd1 Il15ra Nfil3 Klrb1c Nkg7 Raet1d Cd160 Lilrb4a Lyst Rabl3 Il12a"
"GOBP_NATURAL_KILLER_CELL_ACTIVATION_INVOLVED_IN_IMMUNE_RESPONSE",0.603499013425795,0.934045393858478,1,11,0.282352853075979,3,"Nkg7 Cd160 Rab27a"
"GOBP_NATURAL_KILLER_CELL_DEGRANULATION",0.787095886238457,0.764928397730343,1,10,0.375407930592395,3,"Nkg7 Cd160 Rab27a"
"GOBP_NATURAL_KILLER_CELL_MEDIATED_IMMUNITY",1.05033841465918,0.404040404040404,1,59,0.365696688601358,18,"Pik3r6 Pik3cb Klrd1 Klrb1c Serpinb9 Nkg7 Lag3 Raet1d Plekhm2 Klrb1f Cd160 Lyst Il12a Bid Dpp4 H60b Rab27a Hcst"
"GOBP_NATURAL_KILLER_CELL_PROLIFERATION",0.957093452429241,0.554739652870494,1,11,0.44778543285384,1,"Il15"
"GOBP_NECROPTOTIC_PROCESS",0.92428990457105,0.599523241954708,1,29,0.356840401358472,13,"Tlr3 Pygl Tnf Mutyh Ipmk Zbp1 Cflar Ripk1 Slc25a4 Birc2 Fas Casp8 Casp6"
"GOBP_NEGATIVE_REGULATION_OF_ACTIN_FILAMENT_DEPOLYMERIZATION",-0.844945967527123,0.766883116883117,1,32,-0.249235527235046,8,"Carmil1 Sptbn4 Add1 Sptan1 Swap70 Gsn Add3 Tmod3"
"GOBP_NEGATIVE_REGULATION_OF_ADENYLATE_CYCLASE_ACTIVATING_G_PROTEIN_COUPLED_RECEPTOR_SIGNALING_PATHWAY",1.15123293853628,0.302350716022697,1,10,0.549084276314937,2,"Grk5 Pde4d"
"GOBP_NEGATIVE_REGULATION_OF_ALPHA_BETA_T_CELL_ACTIVATION",0.883593988468271,0.659159859976663,1,36,0.32958200155083,8,"Tnfsf18 Foxp3 Tnfrsf14 Il2 Socs1 Jak3 Hfe Cd274"
"GOBP_NEGATIVE_REGULATION_OF_ALPHA_BETA_T_CELL_DIFFERENTIATION",0.8660097258421,0.686143775003031,1,24,0.345049877133965,5,"Tnfsf18 Foxp3 Il2 Socs1 Jak3"
"GOBP_NEGATIVE_REGULATION_OF_ALPHA_BETA_T_CELL_PROLIFERATION",0.720640369680286,0.836582109479306,1,11,0.337158570095949,2,"Tnfrsf14 Cd274"
"GOBP_NEGATIVE_REGULATION_OF_AMIDE_METABOLIC_PROCESS",0.761773045676742,0.813793103448276,1,17,0.326085269008634,6,"Hap1 Sirt4 Rtn1 Pin1 Prnp Rtn3"
"GOBP_NEGATIVE_REGULATION_OF_AMYLOID_PRECURSOR_PROTEIN_CATABOLIC_PROCESS",0.549975877888727,0.96704590035308,1,13,0.24793676904638,5,"Hap1 Rtn1 Pin1 Prnp Rtn3"
"GOBP_NEGATIVE_REGULATION_OF_ANDROGEN_RECEPTOR_SIGNALING_PATHWAY",-1.12109775384857,0.314615384615385,1,10,-0.446595492262007,5,"Foxp1 Smarca4 Pias2 Sirt1 Pten"
"GOBP_NEGATIVE_REGULATION_OF_ANTIGEN_RECEPTOR_MEDIATED_SIGNALING_PATHWAY",0.83740432023446,0.729429464182386,1,38,0.309555026592665,12,"Cd5 Lag3 Cd160 Cd274 Pdcd1lg2 Sla2 Ptpn22 Phpt1 Cd80 Fyn Lpxn Prnp"
"GOBP_NEGATIVE_REGULATION_OF_APOPTOTIC_SIGNALING_PATHWAY",0.972832585963487,0.575002532158412,1,181,0.309927435989713,48,"Creb3l1 Tnfrsf4 Lmna Pik3cb Mapk8ip2 Wnt4 Gstp2 Sh3rf1 Vegfa Asah2 Peli3 Meis3 Ddias Ackr3 Mpv17l Hspa1b Eya2 Pcgf2 Fgf2 Itgav Tnfaip3 Tmbim1 Siah2 Tnf Ctnna1 Tnfrsf23 Icam1 Snai1 Bid Bak1 Bmf Wfs1 Ddx3x Ing2 Hmox1 Psen1 Higd1a Tmem14a Ell3 Cep63 Trim32 Cflar Map2k5 Trap1 Ptpn1 Hdac2 Hspa1a Ripk1"
"GOBP_NEGATIVE_REGULATION_OF_AUTOPHAGOSOME_ASSEMBLY",-0.881081288701296,0.605095541401274,1,11,-0.342888995062908,11,"Mtm1 Fez2 Pink1 Lrrk2 Sec22b Becn1 Scfd1 Tmem39a Ehmt2 Phf23 Smcr8"
"GOBP_NEGATIVE_REGULATION_OF_AUTOPHAGY",-0.810290402214681,0.903743315508021,1,84,-0.198301605173342,17,"Mapk3 Rnf41 Mtm1 Kdm4a Syk Mlst8 Mtmr9 Golga2 Hdac6 Ctsa Foxk1 Cul1 Vhl Qsox1 Ep300 Rragc Tbc1d14"
"GOBP_NEGATIVE_REGULATION_OF_AUTOPHAGY_OF_MITOCHONDRION",0.759602785060728,0.793164009727101,1,10,0.36229500699674,4,"Tigar Tspo Vps13c Clec16a"
"GOBP_NEGATIVE_REGULATION_OF_AXON_REGENERATION",0.853697638313325,0.689185580774366,1,11,0.399410700729556,2,"Neo1 Rtn4rl1"
"GOBP_NEGATIVE_REGULATION_OF_BEHAVIOR",0.839164342941497,0.703053228857066,1,10,0.400242149550701,2,"Dbn1 Ttc21b"
"GOBP_NEGATIVE_REGULATION_OF_BLOOD_PRESSURE",1.1217531077591,0.321454902924551,1,22,0.454269598910811,8,"Bmpr2 Ahr Apln Tac4 Bbs4 Nos3 Tnf Kcnk6"
"GOBP_NEGATIVE_REGULATION_OF_BLOOD_VESSEL_ENDOTHELIAL_CELL_MIGRATION",1.05921886115143,0.402881211085338,1,23,0.425299231390667,8,"Angpt2 Pik3r2 Acvrl1 Notch1 Fgf2 Rgcc Tnf Tbxa2r"
"GOBP_NEGATIVE_REGULATION_OF_BMP_SIGNALING_PATHWAY",0.74882292010379,0.828464056249242,1,24,0.298358377356169,4,"Bambi Crim1 Notch1 Fstl3"
"GOBP_NEGATIVE_REGULATION_OF_BONE_REMODELING",1.18217644885136,0.262483311081442,1,11,0.553092690703219,4,"Vegfa Kiss1r Dusp18 Ubash3b"
"GOBP_NEGATIVE_REGULATION_OF_B_CELL_ACTIVATION",1.11375758634617,0.324392590810681,1,26,0.437660460207066,4,"Foxp3 Prdm1 Tnfrsf21 Flt3"
"GOBP_NEGATIVE_REGULATION_OF_B_CELL_APOPTOTIC_PROCESS",0.631797824430642,0.920099385379888,1,13,0.284823239668629,1,"Il2"
"GOBP_NEGATIVE_REGULATION_OF_B_CELL_PROLIFERATION",1.0731542816472,0.397247585020511,1,12,0.492433861576701,2,"Prdm1 Tnfrsf21"
"GOBP_NEGATIVE_REGULATION_OF_CALCINEURIN_MEDIATED_SIGNALING",-0.809931332803943,0.692692307692308,1,10,-0.322640627037469,1,"Homer3"
"GOBP_NEGATIVE_REGULATION_OF_CALCIUM_ION_TRANSMEMBRANE_TRANSPORT",0.702516993525443,0.88117859290439,1,27,0.274450208475514,2,"Ahr Cbarp"
"GOBP_NEGATIVE_REGULATION_OF_CALCIUM_ION_TRANSPORT",0.860515256445373,0.696312875485923,1,33,0.325472006508271,5,"Ahr Gnao1 Cbarp Nos3 Icam1"
"GOBP_NEGATIVE_REGULATION_OF_CALCIUM_MEDIATED_SIGNALING",-0.698461666340435,0.876576576576577,1,16,-0.241985860050014,3,"Homer3 Siglecg Mapk7"
"GOBP_NEGATIVE_REGULATION_OF_CAMP_PKA_SIGNAL_TRANSDUCTION",1.09727898612459,0.362533866597858,1,15,0.480551204605704,5,"Rab13 Prkar2a Pde4d Pde8a Pde1c"
"GOBP_NEGATIVE_REGULATION_OF_CANONICAL_NF_KAPPAB_SIGNAL_TRANSDUCTION",0.728682031084287,0.918690601900739,1,88,0.243353888547167,15,"Nod2 Nlrx1 Sirpa Tspan6 Nr1d1 Tgfbr3 Tifab Tnip3 Esr1 Slc39a8 Tnfaip3 Anxa4 Prmt2 Nagk Nfkbil1"
"GOBP_NEGATIVE_REGULATION_OF_CANONICAL_WNT_SIGNALING_PATHWAY",0.847346362370471,0.749649595687332,1,70,0.289197975537993,11,"Mcc Dkkl1 App Znrf3 Tmem88 Nphp4 Cdon Tle2 Notch1 Mllt3 Siah2"
"GOBP_NEGATIVE_REGULATION_OF_CARBOHYDRATE_METABOLIC_PROCESS",0.489013626426877,0.99641245226247,1,38,0.180768862155338,9,"Pask Tigar Cbfa2t3 Sik1 Pfkfb1 Plek Mst1 Sirt6 Ppargc1a"
"GOBP_NEGATIVE_REGULATION_OF_CARDIAC_MUSCLE_TISSUE_GROWTH",-0.818133679574115,0.737194830062231,1,18,-0.275001735712507,3,"Mapk11 G6pdx Foxp1"
"GOBP_NEGATIVE_REGULATION_OF_CATABOLIC_PROCESS",0.629486050199116,0.998797354179194,1,291,0.196714473944581,101,"Timp2 Smad3 Dnd1 Ikbke Serpine2 Rbm47 Vegfa Tigar Noct Svip Laptm4b Cbfa2t3 Tent4a Nampt Fhit Hfe Tnfaip3 Pkp3 Wdr4 Boll Igf2bp3 Apoa2 Rptor Mettl1 Gpld1 Lamp3 Atraid Tnf Pfkfb1 Deptor Lrig2 Ptk2 Rragb Apobec1 Bmf Ptpn22 Hmox1 Sco1 Psen1 Cdk5rap3 Usp14 Caml Pde3b Zkscan3 Cryz Rybp Parn Gipc1 Tspo Dap Dhx34 Vps13c Sirt6 Tent4b Pin1 Ppargc1a Tent2 Mycbp2 Cst3 Clec16a Dicer1 Plxnb2 Klhl22 Rragd Cirbp Mad2l2 Stk38l Washc1 Pik3cg Cbx4 Usp8 Rgp1 Usp38 Prkaa1 Fyn Ddit4 Lypla1 Smcr8 Azin1 Nrde2 Mapkapk2 Rnf5 Crtc3 Larp1 Naf1 Fbxw7 Psmf1 Hdac4 Rbm38 Prmt6 Etfbkmt Dhx36 Stat3 Phf23 Ehmt2 Tmem39a Scfd1 Becn1 Senp1 Sgta Herc1"
"GOBP_NEGATIVE_REGULATION_OF_CATALYTIC_ACTIVITY",1.00803778849658,0.485665079525884,1,170,0.321529568392466,32,"Timp2 Spry2 Inca1 Cdkn1a Gstp2 Zfyve28 Serpine2 Errfi1 Tigar Ecm1 Dbndd2 Shb Gla Spry1 Camk2a Bbs4 Akap5 Adarb1 Srcin1 Cdkn2c Nos3 Trib3 Notch1 Ttc8 Slc27a4 Ubash3b Apoa2 Prkcz Tmbim1 Prkrip1 Gzma Apba3"
"GOBP_NEGATIVE_REGULATION_OF_CD4_POSITIVE_ALPHA_BETA_T_CELL_ACTIVATION",0.695850709552901,0.886951292844257,1,27,0.27184591129426,3,"Tnfsf18 Foxp3 Il2"
"GOBP_NEGATIVE_REGULATION_OF_CD4_POSITIVE_ALPHA_BETA_T_CELL_DIFFERENTIATION",0.774049165074144,0.795404276234947,1,22,0.313462027716523,3,"Tnfsf18 Foxp3 Il2"
"GOBP_NEGATIVE_REGULATION_OF_CELLULAR_RESPONSE_TO_HYPOXIA",1.00264762035364,0.494965345887276,1,13,0.452007481558708,1,"Pik3cb"
"GOBP_NEGATIVE_REGULATION_OF_CELLULAR_RESPONSE_TO_INSULIN_STIMULUS",0.889370159878906,0.666134913400182,1,43,0.322525055313987,19,"Socs3 Socs1 Gpr21 Trib3 Slc27a4 Prkcz Tnf Sco1 Ptpre Appl2 Prkca Prkaa1 Pip4k2a Ncoa5 Grb7 Inppl1 Rps6kb2 Mapkap1 Ankrd26"
"GOBP_NEGATIVE_REGULATION_OF_CELLULAR_SENESCENCE",0.854666459040674,0.691936680682661,1,21,0.349152919803657,2,"Hmga2 Plk2"
"GOBP_NEGATIVE_REGULATION_OF_CELL_ACTIVATION",1.0377376027575,0.413561392791692,1,147,0.333348810234452,29,"Il2ra Tnfsf18 Foxp3 Prdm1 Tnfrsf21 Axl Serpine2 Tnfrsf14 Lst1 Flt3 Il2 Nrarp Cd9 Cd276 Nr1d1 Socs1 Clec4g Gnrh1 Lag3 Slfn1 Nr1h3 Jak3 Lilrb4a Milr1 Hfe Tnfaip3 Cd274 Ubash3b Pdcd1lg2"
"GOBP_NEGATIVE_REGULATION_OF_CELL_CELL_ADHESION",0.994926107943903,0.512304707444093,1,140,0.32061539511553,53,"Il2ra Tnfsf18 Foxp3 Tnfrsf21 Serpine2 Tnfrsf14 Notch4 Il2 Nrarp Vegfa Cd9 Cd276 Socs1 Clec4g Gnrh1 Lag3 Slfn1 Ccl25 Jak3 Notch1 Hfe Tnfaip3 Cd274 Rgcc Ubash3b Pdcd1lg2 Cebpb Ptk2 Epcam Socs6 Ptpn22 Mettl3 Tmem131l Nf2 Cd80 Irf1 Lax1 Ufl1 Sdc4 Rc3h2 Map2k5 Klhl22 Mad2l2 Adora2a Spn Prkaa1 Mdk Fyn Ppm1f Ass1 Zc3h12a Dtx1 Prnp"
"GOBP_NEGATIVE_REGULATION_OF_CELL_CYCLE",0.732466868231818,0.982357658380112,1,281,0.229135271525367,74,"Timp2 Cdkn1c Inca1 Creb3l1 Chmp4c Map3k20 Cdkn1a Setmar Bub1b Rps6ka2 Cenpe Tom1l1 Hpgd Gnb1l Atf5 Pdik1l Ezh2 Clspn Slfn1 Haspin Cdk1 Esr1 Nek11 Birc5 Xrcc3 Cdkn2c Npr2 Mdm1 Rhob Nabp1 Rgcc Eme1 Tnf Rrp8 Cdca8 Rad51 Nbn Rnaseh2b Mrnip Dna2 Ccnb1 Btg3 Mtbp Hus1 Prmt2 Nle1 Cacnb4 Ccnd1 Nek2 Fbxo31 Rad9b Plaat3 Cdk5rap3 Mbtps1 Wee1 Cep63 Ufl1 Dot1l Abraxas1 Timeless Zwint Znhit1 Recql4 Ccng1 Ppp1r10 Klhl22 Incenp Tipin Rnf168 Chfr Wapl Plk3 Tpra1 Poc5"
"GOBP_NEGATIVE_REGULATION_OF_CELL_CYCLE_G1_S_PHASE_TRANSITION",0.862207673124691,0.707586206896552,1,41,0.315282806789341,8,"Cdkn1a Ezh2 Slfn1 Haspin Prmt2 Cacnb4 Ccnd1 Fbxo31"
"GOBP_NEGATIVE_REGULATION_OF_CELL_CYCLE_G2_M_PHASE_TRANSITION",0.761727205947271,0.863834422657952,1,65,0.262435795806097,15,"Creb3l1 Chmp4c Cdkn1a Atf5 Pdik1l Clspn Cdk1 Nabp1 Nbn Mrnip Hus1 Cdk5rap3 Mbtps1 Wee1 Abraxas1"
"GOBP_NEGATIVE_REGULATION_OF_CELL_CYCLE_PROCESS",0.627097125672466,0.99798893916541,1,235,0.197464309886302,63,"Creb3l1 Chmp4c Map3k20 Cdkn1a Setmar Bub1b Rps6ka2 Cenpe Tom1l1 Gnb1l Atf5 Pdik1l Ezh2 Clspn Slfn1 Haspin Cdk1 Esr1 Nek11 Birc5 Xrcc3 Mdm1 Nabp1 Rgcc Eme1 Cdca8 Rad51 Nbn Rnaseh2b Mrnip Dna2 Ccnb1 Mtbp Hus1 Prmt2 Cacnb4 Ccnd1 Nek2 Fbxo31 Rad9b Cdk5rap3 Mbtps1 Wee1 Cep63 Ufl1 Dot1l Abraxas1 Timeless Zwint Znhit1 Recql4 Ccng1 Ppp1r10 Klhl22 Incenp Tipin Rnf168 Chfr Wapl Plk3 Tpra1 Poc5 Ccnf"
"GOBP_NEGATIVE_REGULATION_OF_CELL_DIVISION",0.858295131852487,0.682653336935963,1,10,0.409366641243825,1,"Chmp4c"
"GOBP_NEGATIVE_REGULATION_OF_CELL_JUNCTION_ASSEMBLY",0.980008850181907,0.520889653477513,1,22,0.39686828074898,5,"App Mmp14 Acvrl1 Tnf Ptk2"
"GOBP_NEGATIVE_REGULATION_OF_CELL_MIGRATION_INVOLVED_IN_SPROUTING_ANGIOGENESIS",0.87556220433697,0.661983247770873,1,10,0.417602227354898,6,"Pik3r2 Notch1 Tbxa2r Map2k5 Hdac5 Pdcd10"
"GOBP_NEGATIVE_REGULATION_OF_CELL_PROJECTION_ORGANIZATION",1.09070838395838,0.304196875319105,1,139,0.35159430630267,23,"Sema6d Ccr5 Gfi1 Spry2 Cit Rap1gap Il15ra Neo1 Fgf13 Nrxn1 Gorasp1 Efna1 Rtn4rl1 Map2 Itga3 Zfp365 Itm2c Odf2l Itgb1 Cdkl3 Ntn1 Lima1 Rbpj"
"GOBP_NEGATIVE_REGULATION_OF_CELL_SIZE",0.779784112957011,0.771683328830046,1,10,0.371920556659256,2,"Deptor Akt1s1"
"GOBP_NEGATIVE_REGULATION_OF_CELL_SUBSTRATE_ADHESION",0.988686712437923,0.505005959475566,1,29,0.381702062891045,8,"Adam15 Angpt2 Mmp14 Acer2 Cask Acvrl1 Notch1 Tbcd"
"GOBP_NEGATIVE_REGULATION_OF_CELL_SUBSTRATE_JUNCTION_ORGANIZATION",0.843246718346818,0.702527457985973,1,12,0.386937129990331,2,"Mmp14 Acvrl1"
"GOBP_NEGATIVE_REGULATION_OF_CGAS_STING_SIGNALING_PATHWAY",-0.629311869538767,0.944290976058932,1,17,-0.214475359223735,1,"Irgm2"
"GOBP_NEGATIVE_REGULATION_OF_CHEMOTAXIS",0.676013219071544,0.898655378486056,1,20,0.279516990159524,2,"Angpt2 Gstp2"
"GOBP_NEGATIVE_REGULATION_OF_CHROMATIN_ORGANIZATION",0.46282235384479,0.991855807743658,1,11,0.216535916659762,6,"Samd1 Kmt2a Kdm1a Eri3 Phf8 L3mbtl3"
"GOBP_NEGATIVE_REGULATION_OF_CHROMOSOME_ORGANIZATION",-0.696637812210471,0.995,1,80,-0.171291542858318,15,"Ndc80 Fbxo5 Trip13 Cdk5rap2 Knl1 Anapc15 Rad21 Naa10 Cdc20 Pml Ctc1 Dync1li1 Tinf2 Dusp1 Ep300"
"GOBP_NEGATIVE_REGULATION_OF_CHROMOSOME_SEGREGATION",-0.8829792156089,0.703915171288744,1,43,-0.24279650545222,8,"Ndc80 Fbxo5 Trip13 Cdk5rap2 Knl1 Anapc15 Rad21 Cdc20"
"GOBP_NEGATIVE_REGULATION_OF_CILIUM_ASSEMBLY",0.594355305273099,0.954432270916335,1,20,0.245753191399797,10,"Odf2l Lima1 Luzp1 Trim32 Evi5l Mphosph9 Cep97 Limk2 Kif24 Wdr44"
"GOBP_NEGATIVE_REGULATION_OF_COLLAGEN_METABOLIC_PROCESS",0.982603079849355,0.524858146446906,1,10,0.46865571939758,4,"Ager Errfi1 Notch1 Ppard"
"GOBP_NEGATIVE_REGULATION_OF_CYTOKINE_PRODUCTION",0.997353956103004,0.512064613831398,1,204,0.316077251656727,40,"Nod2 Tnfrsf4 Nlrx1 Tgfb3 Sirpa Foxp3 Ager Tnfrsf21 Gstp2 Axl Cd59a Flt3 Angpt1 Peli3 Errfi1 Cd276 Epha2 Laptm4b Tlr6 Cryba1 Oas3 Ticam2 Lag3 Dll1 Ezh2 Jak3 Ccr1 Clec4a3 Hfe Gbp7 Tnfaip3 Chid1 Rnf125 Cd274 Rgcc Apoa2 Il12a Pdcd1lg2 Gbp4 Tnf"
"GOBP_NEGATIVE_REGULATION_OF_CYTOKINE_PRODUCTION_INVOLVED_IN_IMMUNE_RESPONSE",1.10244576764879,0.351340996168582,1,17,0.471913947010058,9,"Tgfb3 Foxp3 Angpt1 Jak3 Hfe Apoa2 Tnf Bst2 Hmox1"
"GOBP_NEGATIVE_REGULATION_OF_CYTOKINE_PRODUCTION_INVOLVED_IN_INFLAMMATORY_RESPONSE",1.08117730554848,0.370105467329373,1,24,0.430780492767301,14,"Sirpa Ezh2 Ccr1 Chid1 Tlr4 Hmox1 Appl2 Prkca Nfkbia Zc3h12a Nlrc3 Cuedc2 Stat3 Adcy7"
"GOBP_NEGATIVE_REGULATION_OF_CYTOPLASMIC_PATTERN_RECOGNITION_RECEPTOR_SIGNALING_PATHWAY",0.599197709794407,0.979826125724476,1,53,0.211649266678916,17,"Nlrx1 Tspan6 Aars2 Tnfaip3 Rnf125 Ptpn22 Lamp2 Zdhhc12 Ptprs Igtp Spsb3 Nlrc3 Erbin Pcbp2 Dhx58 Sec14l1 F2rl1"
"GOBP_NEGATIVE_REGULATION_OF_CYTOSKELETON_ORGANIZATION",-0.924601332836364,0.717325227963526,1,118,-0.21351521213171,25,"Tacstd2 Carmil1 Myadm Trim37 Stmn1 S1pr1 Mkks Pfn2 Cdk5rap2 Sptbn4 Tmem67 Mid1 Rbm14 Add1 Pick1 Hdac6 Sptan1 Ccdc88c Swap70 Shank1 Gsn Add3 Tlr2 Tmod3 Mfn2"
"GOBP_NEGATIVE_REGULATION_OF_CYTOSOLIC_CALCIUM_ION_CONCENTRATION",1.07681728942505,0.393272088624696,1,10,0.513591491604749,1,"Smad3"
"GOBP_NEGATIVE_REGULATION_OF_DEFENSE_RESPONSE_TO_VIRUS",0.708438245490094,0.863402724235415,1,16,0.306885974746091,1,"Foxp3"
"GOBP_NEGATIVE_REGULATION_OF_DENDRITIC_SPINE_DEVELOPMENT",0.846929300742738,0.695460614152203,1,11,0.396244068504611,2,"Plk2 Efna1"
"GOBP_NEGATIVE_REGULATION_OF_DNA_BINDING_TRANSCRIPTION_FACTOR_ACTIVITY",0.669600528233494,0.953746630727763,1,70,0.22853360300334,13,"Gfi1 Nod2 Foxp3 Ezh2 Esr1 Nlrc5 Sik1 Prmt2 Nfkbil1 Thra Igf1r Hmox1 Cdk5rap3"
"GOBP_NEGATIVE_REGULATION_OF_DNA_BIOSYNTHETIC_PROCESS",1.01511064917552,0.467928237896289,1,22,0.411083244843647,3,"Cdkn1a Ahr Nat10"
"GOBP_NEGATIVE_REGULATION_OF_DNA_DAMAGE_RESPONSE_SIGNAL_TRANSDUCTION_BY_P53_CLASS_MEDIATOR",0.594862418444021,0.942805147536722,1,14,0.264057644963477,6,"Dyrk3 Snai1 Pcbp4 Mif Psmd10 Pttg1ip"
"GOBP_NEGATIVE_REGULATION_OF_DNA_METABOLIC_PROCESS",0.699233144816886,0.948843509064388,1,104,0.230185336714007,5,"Gfi1 Hmga2 Cdkn1a Foxp3 Ahr"
"GOBP_NEGATIVE_REGULATION_OF_DNA_RECOMBINATION",0.729255505211074,0.875243441402222,1,42,0.265591057826045,3,"Gfi1 Foxp3 Polq"
"GOBP_NEGATIVE_REGULATION_OF_DNA_REPAIR",0.881504993264751,0.66242707117853,1,36,0.328802802926358,3,"Gfi1 Hmga2 Polq"
"GOBP_NEGATIVE_REGULATION_OF_DNA_REPLICATION",0.517603062490673,0.980459770114943,1,17,0.221565641932134,11,"Atg7 Timeless Tspyl2 Tipin Wapl Gmnn Inppl1 Gtpbp4 Atr Lig3 Pds5a"
"GOBP_NEGATIVE_REGULATION_OF_DNA_TEMPLATED_TRANSCRIPTION_ELONGATION",0.361124102297961,0.999757546369257,1,24,0.143885020467708,8,"Ezh2 Zc3h6 Sirt6 Ppp1r10 Rnf168 Hexim1 Rnf8 Nelfe"
"GOBP_NEGATIVE_REGULATION_OF_DOUBLE_STRAND_BREAK_REPAIR_VIA_HOMOLOGOUS_RECOMBINATION",0.75682757194978,0.820303103199423,1,26,0.29740179326059,2,"Gfi1 Polq"
"GOBP_NEGATIVE_REGULATION_OF_D_GLUCOSE_IMPORT",-0.741928854577733,0.82985339848956,1,15,-0.263658355565818,3,"Rhoq Lmbrd1 Myc"
"GOBP_NEGATIVE_REGULATION_OF_D_GLUCOSE_TRANSMEMBRANE_TRANSPORT",0.828321306568181,0.730546461848401,1,19,0.346818366528793,8,"Fabp5 Esr1 Tnf Ctnnd1 Appl2 Ahi1 Sirt6 Prkca"
"GOBP_NEGATIVE_REGULATION_OF_ENDOCYTOSIS",1.0783498305248,0.363533408833522,1,46,0.387358597800019,9,"Mctp1 Sirpa Dlg4 Pip4p2 Atg7 Nr1h3 Plscr1 Abca2 Appl1"
"GOBP_NEGATIVE_REGULATION_OF_ENDOPLASMIC_RETICULUM_STRESS_INDUCED_INTRINSIC_APOPTOTIC_SIGNALING_PATHWAY",0.808153715313825,0.752432705674207,1,18,0.341635953984777,1,"Creb3l1"
"GOBP_NEGATIVE_REGULATION_OF_ENDOPLASMIC_RETICULUM_UNFOLDED_PROTEIN_RESPONSE",-0.696812223369693,0.893401015228426,1,20,-0.22822535660212,20,"Nck2 Crebrf Atad3a Pdia6 Nck1 Ddrgk1 Akt1 Abca7 Akt2 Akt3 Tmbim6 Bfar Xbp1 Hspa5 Atf6b Igtp Ptpn1 Dnajb9 Ufl1 Wfs1"
"GOBP_NEGATIVE_REGULATION_OF_ENDOTHELIAL_CELL_APOPTOTIC_PROCESS",1.13678759554309,0.302043422733078,1,17,0.486614341373861,4,"Ndnf Itgb3 Angpt1 Cdh5"
"GOBP_NEGATIVE_REGULATION_OF_ENDOTHELIAL_CELL_MIGRATION",0.948155546588756,0.566639023812345,1,31,0.362183504653404,9,"Angpt2 Ager Pik3r2 Acvrl1 Notch1 Fgf2 Rgcc Tnf Tbxa2r"
"GOBP_NEGATIVE_REGULATION_OF_EPITHELIAL_CELL_APOPTOTIC_PROCESS",0.943608070744065,0.572860447185813,1,16,0.408758398367159,9,"Wfs1 Igf1r Hmox1 Mst1 Trim32 Itgb3bp Cflar Prkaa1 Mdk"
"GOBP_NEGATIVE_REGULATION_OF_EPITHELIAL_CELL_MIGRATION",-1.14243034135814,0.296114519427403,1,12,-0.433648968259884,4,"Tacstd2 Dab2ip Dusp10 Pfn2"
"GOBP_NEGATIVE_REGULATION_OF_ERBB_SIGNALING_PATHWAY",1.01418139285489,0.468118572292801,1,25,0.401673039344998,4,"Spry2 Zfyve28 Errfi1 Spry1"
"GOBP_NEGATIVE_REGULATION_OF_ERK1_AND_ERK2_CASCADE",1.09835133000183,0.332502831257078,1,46,0.394543420917717,7,"Spry2 Sirpa Gstp2 Errfi1 Dmd Spry1 Cryba1"
"GOBP_NEGATIVE_REGULATION_OF_ESTABLISHMENT_OF_PROTEIN_LOCALIZATION",0.749513122353402,0.907144349279298,1,102,0.247155048843648,25,"Rhbdf1 Neo1 Gnao1 Angpt1 Derl3 Svip 4930550C14Rik Mdfic Nr1h3 Srcin1 Pde1c Il12a Rptor Gbp4 Sirt4 Mapt Rab23 Idua Srebf1 Yod1 Pde4c Pde3b Ndufaf2 Sirt6 Pkig"
"GOBP_NEGATIVE_REGULATION_OF_EXOCYTOSIS",0.63102626936846,0.938537406783738,1,26,0.247967107780229,6,"Abr Cbarp Notch1 Bcr Hmox1 C9orf72"
"GOBP_NEGATIVE_REGULATION_OF_EXTRINSIC_APOPTOTIC_SIGNALING_PATHWAY",1.07224977033149,0.36318082788671,1,65,0.369419287617421,26,"Tnfrsf4 Lmna Gstp2 Sh3rf1 Vegfa Peli3 Hspa1b Eya2 Itgav Tnfaip3 Tmbim1 Siah2 Tnf Ctnna1 Tnfrsf23 Icam1 Ddx3x Hmox1 Cflar Map2k5 Hspa1a Ripk1 Birc6 Eya3 Tgfbr1 Fyn"
"GOBP_NEGATIVE_REGULATION_OF_EXTRINSIC_APOPTOTIC_SIGNALING_PATHWAY_VIA_DEATH_DOMAIN_RECEPTORS",0.73831206983818,0.833168439277764,1,21,0.301619201483153,10,"Tnfaip3 Tmbim1 Tnfrsf23 Icam1 Ddx3x Hmox1 Cflar Rffl Itprip Brca1"
"GOBP_NEGATIVE_REGULATION_OF_FATTY_ACID_METABOLIC_PROCESS",-0.927885822386903,0.578685808945334,1,23,-0.29485553520511,11,"Wdtc1 Cop1 Erlin2 Ceacam1 Kat2b Insig1 Acadvl Sirt2 Insig2 Pibf1 Sirt1"
"GOBP_NEGATIVE_REGULATION_OF_FAT_CELL_DIFFERENTIATION",1.07516094370977,0.376722817764165,1,33,0.406657275449201,8,"Smad3 Vegfa Jdp2 Trib3 Tgfb1i1 Bbs12 Tnf Mmp11"
"GOBP_NEGATIVE_REGULATION_OF_FERROPTOSIS",1.18640709347619,0.247314545684317,1,18,0.501537407443152,11,"Gstp2 Slc7a11 Camk2a Aifm2 Slc25a1 Psat1 Hmox1 Gpx4 Nfe2l2 Prkaa1 Sc5d"
"GOBP_NEGATIVE_REGULATION_OF_FIBROBLAST_PROLIFERATION",0.739684194734965,0.849318344893566,1,28,0.286940472493713,15,"Socs1 Kcnn4 Pmaip1 Lta Lzts2 Trp53inp1 Ski Trim32 Ifi30 B4galt7 Nlrc3 Fth1 Pex2 Bax Parp10"
"GOBP_NEGATIVE_REGULATION_OF_GENE_EXPRESSION_EPIGENETIC",0.487649764364496,0.999898135886727,1,149,0.156621191012239,51,"Hmga2 Firre Lmna Setmar Oip5 Ezh2 Uty Cenpv Dnmt3a Suv39h2 Rrp8 Mettl3 Ing2 Hdac8 Lmnb2 Zfp512b Dot1l Smarca2 Phf1 Sirt6 Cdyl Dicer1 Hdac2 Rif1 Lmnb1 Ezh1 Tdrd3 Cbx5 Cdk2 Mis18bp1 Ubr5 Mta1 Eed Trim28 Scmh1 Nrde2 Mbd2 Hdac3 Hdac4 Kmt2b Kat8 Ehmt2 Brca1 Prmt5 Ncor2 Kcnq1ot1 Tnrc18 Hells Bmi1 Mphosph8 Uhrf2"
"GOBP_NEGATIVE_REGULATION_OF_GENE_EXPRESSION_VIA_CHROMOSOMAL_CPG_ISLAND_METHYLATION",-0.853748246948251,0.671171171171171,1,16,-0.295785744243361,3,"Uhrf1 Rsl1 Myc"
"GOBP_NEGATIVE_REGULATION_OF_GENE_SILENCING_BY_REGULATORY_NCRNA",0.747036779953905,0.824209714726291,1,16,0.323606343738173,6,"Dnd1 Zmpste24 Tent2 Elob Bcdin3d Stat3"
"GOBP_NEGATIVE_REGULATION_OF_GLIAL_CELL_DIFFERENTIATION",0.935089555910611,0.584698748548574,1,15,0.409520658090897,4,"Hmga2 Nr1d1 Atf5 Notch1"
"GOBP_NEGATIVE_REGULATION_OF_GLIAL_CELL_PROLIFERATION",0.612233506954999,0.928571428571429,1,11,0.286439370391302,5,"Notch1 Ski Tspo Dicer1 Fas"
"GOBP_NEGATIVE_REGULATION_OF_GLIOGENESIS",0.703367999642313,0.87646987513638,1,24,0.280247478306951,4,"Hmga2 Nr1d1 Atf5 Notch1"
"GOBP_NEGATIVE_REGULATION_OF_GLUCONEOGENESIS",-0.907291675330724,0.56319018404908,1,12,-0.344393950925896,1,"Xpc"
"GOBP_NEGATIVE_REGULATION_OF_GLYCOPROTEIN_BIOSYNTHETIC_PROCESS",1.02418086053166,0.467576330721427,1,10,0.488486376471858,3,"Hbegf Itm2c Jak3"
"GOBP_NEGATIVE_REGULATION_OF_GLYCOPROTEIN_METABOLIC_PROCESS",0.960941043931826,0.548865153538051,1,11,0.44958556576882,3,"Hbegf Itm2c Jak3"
"GOBP_NEGATIVE_REGULATION_OF_GTPASE_ACTIVITY",1.0293176802677,0.451195219123506,1,20,0.425600819317649,4,"Spry2 Spry1 Bbs4 Ttc8"
"GOBP_NEGATIVE_REGULATION_OF_G_PROTEIN_COUPLED_RECEPTOR_SIGNALING_PATHWAY",1.06512259873619,0.38598267521656,1,48,0.380455838464577,9,"Rgs1 App Apln Grk5 Rgs12 Pde4d Rgs2 Rpgrip1l Rgs18"
"GOBP_NEGATIVE_REGULATION_OF_HEMATOPOIETIC_PROGENITOR_CELL_DIFFERENTIATION",-0.785326753933565,0.738853503184713,1,11,-0.305624356010569,3,"Hes5 Mettl14 Hes1"
"GOBP_NEGATIVE_REGULATION_OF_HEMOPOIESIS",0.986299324463197,0.520828882717368,1,78,0.332965297556688,12,"Zbtb46 Tnfsf18 Foxp3 Tjp2 Flt3 Il2 Nrarp Clec2g Tmem176b Tmem176a Socs1 Lag3"
"GOBP_NEGATIVE_REGULATION_OF_HIPPO_SIGNALING",1.09149822263044,0.364265927977839,1,19,0.457010616097933,2,"Cit Wwc1"
"GOBP_NEGATIVE_REGULATION_OF_HORMONE_SECRETION",0.62520706270723,0.956135288006464,1,39,0.230238462588082,10,"Gnao1 Pde1c Rptor Sirt4 Srebf1 Cry2 Pde4c Pde3b Tspo Ndufaf2"
"GOBP_NEGATIVE_REGULATION_OF_IMMUNE_EFFECTOR_PROCESS",1.07992271426442,0.339105793450882,1,93,0.358887731612977,27,"Nod2 Tnfsf18 Tgfb3 Foxp3 Klrd1 Ahr Cd59a Cd55b Il2 Angpt1 Serpinb9 Abr Clec4g Lag3 Il7r Jak3 Lilrb4a Hfe Tnfaip3 Cd46 Cd274 Apoa2 Appl1 Bcr Tnf Zpbp2 Bst2"
"GOBP_NEGATIVE_REGULATION_OF_IMMUNE_RESPONSE",1.03924522909051,0.411489101650031,1,144,0.334167343750281,29,"Nod2 Dtx4 Ttll12 Tnfsf18 Nlrx1 Isg15 Foxp3 Klrd1 Ahr Tnfrsf14 Cd59a Cd55b Il2 Serpinb9 Abr Oas3 Clec4g Lag3 Il7r Dcst1 Jak3 Ccr1 Cd160 Lilrb4a Nlrc5 Hfe Tnfaip3 Cd46 Cd274"
"GOBP_NEGATIVE_REGULATION_OF_IMMUNE_SYSTEM_PROCESS",1.0527808148883,0.324359487590072,1,368,0.32681155346524,70,"Il2ra Zbtb46 Fcer1g Nod2 Tnfrsf4 Dtx4 Ttll12 Tnfsf18 Nlrx1 Tgfb3 Isg15 Foxp3 Tjp2 Prdm1 Tnfrsf21 Axl Tspan6 Klrd1 Ahr Tnfrsf14 Cd59a Lst1 Flt3 Cd55b Il2 Nrarp Clec2g Angpt1 Serpinb9 Tmem176b Cd5 Cd276 Nr1d1 Tlr6 Tmem176a Abr Oas3 Ticam2 Socs1 Clec4g Gnrh1 Mfhas1 Lag3 Il7r Tapbpl Dcst1 Slfn1 Nr1h3 Ccl25 Jak3 Ccr1 Aars2 Cd160 Lilrb4a Milr1 Nlrc5 Hfe Tnfaip3 Cd46 Fstl3 Rnf125 Cd274 Ubash3b Apoa2 Appl1 Pdcd1lg2 Bcr Tcta Tnf Cebpb"
"GOBP_NEGATIVE_REGULATION_OF_IMMUNOGLOBULIN_PRODUCTION",0.767287742638983,0.78958611481976,1,11,0.358982994909208,3,"Foxp3 Lilrb4a Zpbp2"
"GOBP_NEGATIVE_REGULATION_OF_INFLAMMASOME_MEDIATED_SIGNALING_PATHWAY",-0.684056584076985,0.88963963963964,1,16,-0.23699514060384,16,"Irgm2 Trim11 Sirt2 Abhd17a Trim65 Trim30a Hspa8 Csnk1a1 Abhd8 Ogt Irgm1 Cptp Nlrc3 Igtp Zdhhc12 Lamp2"
"GOBP_NEGATIVE_REGULATION_OF_INNATE_IMMUNE_RESPONSE",0.935976590576572,0.604718810601164,1,71,0.319007790351665,11,"Dtx4 Ttll12 Nlrx1 Isg15 Klrd1 Serpinb9 Oas3 Dcst1 Ccr1 Nlrc5 Tnfaip3"
"GOBP_NEGATIVE_REGULATION_OF_INSULIN_SECRETION",0.752849057866277,0.830907997594708,1,27,0.294113285210532,8,"Gnao1 Pde1c Rptor Sirt4 Srebf1 Pde4c Pde3b Ndufaf2"
"GOBP_NEGATIVE_REGULATION_OF_INSULIN_SECRETION_INVOLVED_IN_CELLULAR_RESPONSE_TO_GLUCOSE_STIMULUS",0.816505919660234,0.736497973061331,1,13,0.368092215980352,4,"Pde1c Pde4c Pde3b Ndufaf2"
"GOBP_NEGATIVE_REGULATION_OF_INTERFERON_BETA_PRODUCTION",1.09864059363475,0.362503212541763,1,16,0.475916414196386,2,"Nlrx1 Sirpa"
"GOBP_NEGATIVE_REGULATION_OF_INTERLEUKIN_12_PRODUCTION",0.742380382764188,0.814079661241233,1,12,0.34065301224185,2,"Nod2 Jak3"
"GOBP_NEGATIVE_REGULATION_OF_INTERLEUKIN_17_PRODUCTION",0.882984037214353,0.65904068633823,1,14,0.391953968141132,7,"Foxp3 Il12a Tlr4 Ubr5 Prnp Ddit3 Vsir"
"GOBP_NEGATIVE_REGULATION_OF_INTERLEUKIN_1_BETA_PRODUCTION",0.84133764315376,0.710742739655616,1,16,0.36445621669,3,"Gstp2 Errfi1 Tnfaip3"
"GOBP_NEGATIVE_REGULATION_OF_INTERLEUKIN_1_PRODUCTION",0.708580138769594,0.868295139763284,1,19,0.296682705532443,2,"Gstp2 Errfi1"
"GOBP_NEGATIVE_REGULATION_OF_INTERLEUKIN_2_PRODUCTION",1.19417386906818,0.236700077101002,1,16,0.517300151648045,5,"Nod2 Foxp3 Cd276 Lag3 Tnfaip3"
"GOBP_NEGATIVE_REGULATION_OF_INTERLEUKIN_6_PRODUCTION",1.03251306175483,0.439257858662255,1,32,0.392590115233211,4,"Nlrx1 Sirpa Foxp3 Flt3"
"GOBP_NEGATIVE_REGULATION_OF_INTERLEUKIN_8_PRODUCTION",0.517882133970161,0.97565171364298,1,12,0.237638430404499,5,"Tlr6 Anxa4 Ptpn22 Map2k5 Arrb1"
"GOBP_NEGATIVE_REGULATION_OF_INTRACELLULAR_ESTROGEN_RECEPTOR_SIGNALING_PATHWAY",-0.871055050162893,0.62062101910828,1,11,-0.338987099856665,11,"Cnot9 Phb2 Cnot3 Cnot1 Lbh Strn3 Cnot2 Vps18 Vps11 Brca1 Cdk12"
"GOBP_NEGATIVE_REGULATION_OF_INTRACELLULAR_PROTEIN_TRANSPORT",0.785358037326383,0.801803912381399,1,35,0.294478334780131,9,"Angpt1 Derl3 Svip Mdfic Gbp4 Rab23 Yod1 Sirt6 Pkig"
"GOBP_NEGATIVE_REGULATION_OF_INTRACELLULAR_STEROID_HORMONE_RECEPTOR_SIGNALING_PATHWAY",0.716313455635384,0.877069684335914,1,30,0.275365761527756,1,"Hmga2"
"GOBP_NEGATIVE_REGULATION_OF_INTRACELLULAR_TRANSPORT",0.699010403294943,0.91641354483069,1,48,0.249682608740619,13,"Angpt1 Derl3 Svip Mdfic Abca2 Gbp4 Mapt Rab23 Yod1 Sirt6 Pkig Sar1a Nfkbia"
"GOBP_NEGATIVE_REGULATION_OF_INTRINSIC_APOPTOTIC_SIGNALING_PATHWAY",0.598973202911679,0.98962962962963,1,85,0.200567344634465,27,"Creb3l1 Pik3cb Ddias Ackr3 Fgf2 Snai1 Bid Wfs1 Ddx3x Ell3 Cep63 Trim32 Trap1 Ptpn1 Hdac2 Hspa1a Nfe2l2 G2e3 Fyn Creb3 Mif Stat3 Hyou1 Bag5 Hif1a Pttg1ip Hells"
"GOBP_NEGATIVE_REGULATION_OF_INTRINSIC_APOPTOTIC_SIGNALING_PATHWAY_BY_P53_CLASS_MEDIATOR",-0.840185832588064,0.69985639061752,1,18,-0.282414192266295,7,"Zfp385a Cd44 Sh3glb1 Rrm2b Sirt1 Bcl2l12 Cd74"
"GOBP_NEGATIVE_REGULATION_OF_INTRINSIC_APOPTOTIC_SIGNALING_PATHWAY_IN_RESPONSE_TO_DNA_DAMAGE",0.698716995616227,0.878802869156567,1,21,0.285443609673975,6,"Ddias Ackr3 Snai1 Bid Ell3 Trim32"
"GOBP_NEGATIVE_REGULATION_OF_INTRINSIC_APOPTOTIC_SIGNALING_PATHWAY_IN_RESPONSE_TO_DNA_DAMAGE_BY_P53_CLASS_MEDIATOR",-0.969958229764751,0.484615384615385,1,10,-0.386388226725398,5,"Zfp385a Cd44 Sirt1 Bcl2l12 Cd74"
"GOBP_NEGATIVE_REGULATION_OF_JNK_CASCADE",1.00449310056154,0.481883194278903,1,29,0.387804431697807,4,"Sirpa Gstp2 Fktn Rgs2"
"GOBP_NEGATIVE_REGULATION_OF_KINASE_ACTIVITY",0.87334121704423,0.745785639958377,1,106,0.287037955190686,14,"Spry2 Inca1 Cdkn1a Gstp2 Zfyve28 Errfi1 Tigar Dbndd2 Shb Spry1 Adarb1 Srcin1 Cdkn2c Trib3"
"GOBP_NEGATIVE_REGULATION_OF_LEUKOCYTE_CELL_CELL_ADHESION",0.972326617916055,0.554907272348406,1,104,0.320086843136721,38,"Il2ra Tnfsf18 Foxp3 Tnfrsf21 Tnfrsf14 Il2 Nrarp Cd276 Socs1 Clec4g Gnrh1 Lag3 Slfn1 Ccl25 Jak3 Hfe Cd274 Pdcd1lg2 Cebpb Socs6 Ptpn22 Tmem131l Cd80 Irf1 Lax1 Ufl1 Sdc4 Rc3h2 Klhl22 Adora2a Spn Prkaa1 Mdk Fyn Ass1 Zc3h12a Dtx1 Prnp"
"GOBP_NEGATIVE_REGULATION_OF_LEUKOCYTE_MEDIATED_IMMUNITY",1.07424420808362,0.365804948407855,1,55,0.377678308897751,24,"Nod2 Foxp3 Klrd1 Ahr Serpinb9 Abr Clec4g Lag3 Il7r Jak3 Hfe Cd46 Cd274 Bcr Bst2 Hmox1 Cd80 Ufl1 Gfer Klhl22 Parp3 Cd84 Spn Prkaa1"
"GOBP_NEGATIVE_REGULATION_OF_LEUKOCYTE_MIGRATION",-0.836961159661584,0.726118166758697,1,23,-0.265962281914255,7,"Padi2 Cd200 Rin3 Rabgef1 Ptger4 Ripor2 Dusp1"
"GOBP_NEGATIVE_REGULATION_OF_LIPID_BIOSYNTHETIC_PROCESS",1.02481143671246,0.453188288392547,1,38,0.37883197384887,8,"Gfi1 Dkkl1 Wnt4 Atg7 Lpin1 Trib3 Abca2 Sik1"
"GOBP_NEGATIVE_REGULATION_OF_LIPID_CATABOLIC_PROCESS",0.884549913488372,0.657343550446999,1,17,0.378641247715948,8,"Apoa2 Gpld1 Tnf Pde3b Pik3cg Prkaa1 Crtc3 Etfbkmt"
"GOBP_NEGATIVE_REGULATION_OF_LIPID_LOCALIZATION",1.08533148842689,0.36263475891482,1,31,0.414582990737532,12,"Egf Itgb3 Hrh2 Nr1h3 Itgav Abca2 Apoa2 Ttc39d Ppard Cry2 Ttc39b Tspo"
"GOBP_NEGATIVE_REGULATION_OF_LIPID_METABOLIC_PROCESS",1.00249501765292,0.486975476839237,1,63,0.346338816477798,18,"Gfi1 Dkkl1 Wnt4 Atg7 Lpin1 Esr1 Trib3 Abca2 Sik1 Apoa2 Gpld1 Tnf Sirt4 Snai1 Apobec1 Srebf1 Appl2 Pde3b"
"GOBP_NEGATIVE_REGULATION_OF_LIPID_STORAGE",1.17508858033845,0.267817444749575,1,13,0.529746262819474,6,"Itgb3 Nr1h3 Itgav Ttc39d Ppard Ttc39b"
"GOBP_NEGATIVE_REGULATION_OF_LIPID_TRANSPORT",1.09795558233857,0.347088267610792,1,23,0.440852860911175,7,"Egf Itgb3 Hrh2 Nr1h3 Itgav Abca2 Apoa2"
"GOBP_NEGATIVE_REGULATION_OF_LYMPHOCYTE_ACTIVATION",0.986233153432625,0.526543655293269,1,123,0.320499985022722,24,"Il2ra Tnfsf18 Foxp3 Prdm1 Tnfrsf21 Axl Tnfrsf14 Lst1 Flt3 Il2 Nrarp Cd276 Socs1 Clec4g Gnrh1 Lag3 Slfn1 Jak3 Lilrb4a Hfe Tnfaip3 Cd274 Pdcd1lg2 Cebpb"
"GOBP_NEGATIVE_REGULATION_OF_LYMPHOCYTE_DIFFERENTIATION",0.938057652889041,0.593094804010939,1,43,0.340181299119526,9,"Tnfsf18 Foxp3 Flt3 Il2 Nrarp Socs1 Lag3 Jak3 Lilrb4a"
"GOBP_NEGATIVE_REGULATION_OF_MACROAUTOPHAGY",0.438820815589824,0.998227369416214,1,32,0.166851850054415,12,"Tigar Hmox1 Tspo Vps13c Clec16a Lypla1 Smcr8 Phf23 Ehmt2 Tmem39a Scfd1 Becn1"
"GOBP_NEGATIVE_REGULATION_OF_MAPK_CASCADE",1.07176017269868,0.348909335263103,1,118,0.349363824964891,17,"Dok2 Spry2 Sirpa Pik3cb Gstp2 Fktn Errfi1 Dmd Efna1 Spry1 Cryba1 Rgs2 Pik3r2 Spred2 Uchl1 Trib3 Foxm1"
"GOBP_NEGATIVE_REGULATION_OF_MAP_KINASE_ACTIVITY",0.74638081980863,0.832100860710389,1,24,0.297385355481646,2,"Spry2 Spry1"
"GOBP_NEGATIVE_REGULATION_OF_MEIOTIC_CELL_CYCLE",-0.740951634540077,0.831186139493558,1,15,-0.263311082068414,5,"Fbxo5 Trip13 Knl1 Pkmyt1 Dusp1"
"GOBP_NEGATIVE_REGULATION_OF_MEMBRANE_PERMEABILITY",-0.625852604287108,0.937202252057168,1,14,-0.227302464010977,4,"Heg1 Bcl2l1 Slc35f6 Bcl2l2"
"GOBP_NEGATIVE_REGULATION_OF_MEMBRANE_POTENTIAL",0.554483225188713,0.960551202377736,1,10,0.264462568990265,5,"Pmaip1 Mapt Arl6ip5 Bax Mtch2"
"GOBP_NEGATIVE_REGULATION_OF_MICROTUBULE_POLYMERIZATION",0.87613700250209,0.664218958611482,1,11,0.409909174395558,3,"Cdh5 Map2 Tbcd"
"GOBP_NEGATIVE_REGULATION_OF_MIRNA_METABOLIC_PROCESS",1.13148229772496,0.312020776651002,1,21,0.462239208966103,12,"Smad3 App Esr1 Ppard Zfp512b Tent2 Hdac2 Tgfbr1 Rara Hdac4 Ncor2 Hif1a"
"GOBP_NEGATIVE_REGULATION_OF_MITOCHONDRIAL_MEMBRANE_POTENTIAL",0.554483225188713,0.960551202377736,1,10,0.264462568990265,5,"Pmaip1 Mapt Arl6ip5 Bax Mtch2"
"GOBP_NEGATIVE_REGULATION_OF_MITOTIC_CELL_CYCLE",0.818173491896769,0.869177804779263,1,176,0.260847331122982,37,"Timp2 Cdkn1c Creb3l1 Chmp4c Map3k20 Cdkn1a Setmar Bub1b Cenpe Tom1l1 Pdik1l Ezh2 Clspn Slfn1 Haspin Cdk1 Esr1 Nek11 Birc5 Xrcc3 Nabp1 Rgcc Eme1 Tnf Cdca8 Nbn Mrnip Ccnb1 Btg3 Mtbp Hus1 Prmt2 Nle1 Cacnb4 Ccnd1 Fbxo31 Rad9b"
"GOBP_NEGATIVE_REGULATION_OF_MITOTIC_CELL_CYCLE_PHASE_TRANSITION",0.63816771587537,0.98847174046113,1,141,0.205467516461961,35,"Creb3l1 Chmp4c Cdkn1a Bub1b Cenpe Pdik1l Ezh2 Clspn Slfn1 Haspin Cdk1 Birc5 Xrcc3 Nabp1 Rgcc Cdca8 Nbn Mrnip Ccnb1 Hus1 Prmt2 Cacnb4 Ccnd1 Fbxo31 Cdk5rap3 Mbtps1 Wee1 Abraxas1 Zwint Ccng1 Klhl22 Incenp Chfr Plk3 Tpra1"
"GOBP_NEGATIVE_REGULATION_OF_MOLECULAR_FUNCTION",0.897941832877676,0.774368231046931,1,267,0.281365187281623,54,"Timp2 Gfi1 Spry2 Inca1 Nod2 Hmga2 Cdkn1a Foxp3 Gstp2 Zfyve28 Serpine2 Errfi1 Tigar Ecm1 Dbndd2 Shb Gla Spry1 Camk2a Ezh2 Bbs4 Akap5 Adarb1 Cbarp Esr1 Srcin1 Cdkn2c Nos3 Trib3 Notch1 Ttc8 Slc27a4 Nlrc5 Sik1 Ubash3b Apoa2 Prkcz Tmbim1 Prkrip1 Gzma Apba3 Deptor Kcnab1 Prmt2 Nfkbil1 Ptpn22 Thra Igf1r Akt1s1 Hmox1 Gtf2f1 Psen1 Cln3 Cdk5rap3"
"GOBP_NEGATIVE_REGULATION_OF_MONOATOMIC_ION_TRANSMEMBRANE_TRANSPORT",0.543105285265509,0.991900101248734,1,48,0.193994172056253,3,"Ahr Agrn Cbarp"
"GOBP_NEGATIVE_REGULATION_OF_MONOATOMIC_ION_TRANSPORT",0.956205205854256,0.565678661270918,1,62,0.331123647876009,8,"Serpine2 Ahr Gnao1 Agrn Wnk3 Akap5 Cbarp Nos3"
"GOBP_NEGATIVE_REGULATION_OF_MONONUCLEAR_CELL_MIGRATION",-0.882843310014587,0.624945864010394,1,14,-0.320638531065159,4,"Padi2 Cd200 Ripor2 Dusp1"
"GOBP_NEGATIVE_REGULATION_OF_MRNA_CATABOLIC_PROCESS",0.831079710314886,0.772425068119891,1,63,0.28711879680266,9,"Dnd1 Ikbke Rbm47 Vegfa Noct Tent4a Pkp3 Boll Igf2bp3"
"GOBP_NEGATIVE_REGULATION_OF_MRNA_METABOLIC_PROCESS",0.859108125257885,0.749155048584706,1,87,0.287113843639319,10,"Celf4 Dnd1 Ikbke Rbm47 Vegfa Noct Tent4a Pkp3 Boll Igf2bp3"
"GOBP_NEGATIVE_REGULATION_OF_MRNA_PROCESSING",1.16411516598841,0.265657428885362,1,23,0.467417361513833,1,"Celf4"
"GOBP_NEGATIVE_REGULATION_OF_MULTICELLULAR_ORGANISM_GROWTH",0.676435095358449,0.876802964139209,1,12,0.310392971271647,5,"Socs2 Lgmn Ptch1 Alms1 Bbs2"
"GOBP_NEGATIVE_REGULATION_OF_MUSCLE_CELL_APOPTOTIC_PROCESS",0.583386704899993,0.979818594104308,1,45,0.210174887927637,16,"Hspb6 Atg7 Esr1 Rbpj Notch1 Sirt5 Sirt4 Igf1r Hmox1 Cflar Map2k5 Ppp1r10 Nfe2l2 Mdk Slc25a4 Zc3h12a"
"GOBP_NEGATIVE_REGULATION_OF_MUSCLE_CONTRACTION",0.882785030975977,0.651845970623263,1,12,0.405079911788973,4,"Dock4 Rgs2 Dbn1 Sod1"
"GOBP_NEGATIVE_REGULATION_OF_MUSCLE_ORGAN_DEVELOPMENT",-1.18437543404305,0.252760736196319,1,12,-0.449570679639461,2,"Hdac9 Tsc22d3"
"GOBP_NEGATIVE_REGULATION_OF_MYELOID_CELL_DIFFERENTIATION",0.929515462414677,0.614112947964052,1,55,0.326795178691584,9,"Zbtb46 Tjp2 Csf1r Clec2g Dll1 Myb Fstl3 Ubash3b Tcta"
"GOBP_NEGATIVE_REGULATION_OF_MYELOID_LEUKOCYTE_DIFFERENTIATION",0.982358186538775,0.5142755597678,1,31,0.375248483337613,6,"Zbtb46 Tjp2 Clec2g Fstl3 Ubash3b Tcta"
"GOBP_NEGATIVE_REGULATION_OF_MYOBLAST_DIFFERENTIATION",0.7088484494169,0.853275794429188,1,13,0.319558732224108,4,"Dll1 Notch1 Tnf Ppard"
"GOBP_NEGATIVE_REGULATION_OF_NATURAL_KILLER_CELL_MEDIATED_IMMUNITY",0.982905818997244,0.523462888340049,1,14,0.436308947645738,2,"Klrd1 Serpinb9"
"GOBP_NEGATIVE_REGULATION_OF_NECROPTOTIC_PROCESS",0.604385140166546,0.936184124493265,1,13,0.272465220634376,7,"Mutyh Cflar Ripk1 Slc25a4 Birc2 Casp8 Rbck1"
"GOBP_NEGATIVE_REGULATION_OF_NEURAL_PRECURSOR_CELL_PROLIFERATION",1.05023494300661,0.430131288184063,1,14,0.466196144032878,1,"Ccr5"
"GOBP_NEGATIVE_REGULATION_OF_NEURON_APOPTOTIC_PROCESS",1.03245352307861,0.427881651941648,1,129,0.334389936945815,31,"Ndnf Tgfb3 Xrcc2 Axl Plxnd1 Cacna1a Nr4a3 Angpt1 Vegfa Map3k12 Atg7 Bbs10 Esr1 Hspg2 Birc5 Cntf Fgf2 Tmbim1 Cebpb Sod1 Erbb3 Star Fgf20 Prkci Wfs1 Ccnd1 Lgmn Hmox1 Psen1 Cln3 Lig4"
"GOBP_NEGATIVE_REGULATION_OF_NEURON_DIFFERENTIATION",1.13565076008516,0.280195989061076,1,43,0.411837321215846,10,"App Cit Rap1gap Dmd Fuom Dll1 Itgb1 Cntf Notch1 Nepro"
"GOBP_NEGATIVE_REGULATION_OF_NEURON_PROJECTION_DEVELOPMENT",1.09051005560423,0.318916649170691,1,95,0.361880060842986,15,"Sema6d Ccr5 Gfi1 Cit Il15ra Neo1 Fgf13 Efna1 Rtn4rl1 Map2 Zfp365 Itm2c Cdkl3 Ntn1 Rbpj"
"GOBP_NEGATIVE_REGULATION_OF_NEURON_PROJECTION_REGENERATION",0.781533376192977,0.77849993500585,1,14,0.346920323724052,2,"Neo1 Rtn4rl1"
"GOBP_NEGATIVE_REGULATION_OF_NF_KAPPAB_TRANSCRIPTION_FACTOR_ACTIVITY",0.927298229654002,0.603780108332373,1,40,0.340156671737661,3,"Gfi1 Nod2 Foxp3"
"GOBP_NEGATIVE_REGULATION_OF_NITRIC_OXIDE_BIOSYNTHETIC_PROCESS",0.992386788685538,0.511181685854175,1,12,0.45537241651781,4,"Sirpa Gla Wdr35 Tspo"
"GOBP_NEGATIVE_REGULATION_OF_NON_CANONICAL_NF_KAPPAB_SIGNAL_TRANSDUCTION",-0.735733425864618,0.848730964467005,1,20,-0.240973131427067,9,"Dab2ip Litaf Cpne1 Ifi35 Nmi Spi1 Rela Ppm1a Cyld"
"GOBP_NEGATIVE_REGULATION_OF_NUCLEAR_DIVISION",0.71962014039526,0.895601304983688,1,48,0.257044291628898,8,"Bub1b Rps6ka2 Cenpe Tom1l1 Haspin Esr1 Birc5 Xrcc3"
"GOBP_NEGATIVE_REGULATION_OF_NUCLEAR_TRANSCRIBED_MRNA_CATABOLIC_PROCESS_DEADENYLATION_DEPENDENT_DECAY",0.516074601827716,0.977303070761015,1,11,0.241450496163939,2,"Tent4a Tent4b"
"GOBP_NEGATIVE_REGULATION_OF_NUCLEOCYTOPLASMIC_TRANSPORT",0.493039322123212,0.993183448935661,1,28,0.191261266706807,6,"Angpt1 Mdfic Gbp4 Rab23 Sirt6 Pkig"
"GOBP_NEGATIVE_REGULATION_OF_NUCLEOTIDE_CATABOLIC_PROCESS",0.890440895461386,0.649551540361368,1,14,0.395264045171529,8,"Tigar Cbfa2t3 Pfkfb1 Sirt6 Ppargc1a Ddit4 Hdac4 Stat3"
"GOBP_NEGATIVE_REGULATION_OF_NUCLEOTIDE_METABOLIC_PROCESS",0.957908931693213,0.5492319315034,1,19,0.401076742006799,10,"Tigar Cbfa2t3 Entpd1 Pfkfb1 Tspo Sirt6 Ppargc1a Ddit4 Hdac4 Stat3"
"GOBP_NEGATIVE_REGULATION_OF_ORGANELLE_ASSEMBLY",-0.714956725248094,0.956769983686786,1,43,-0.19659465519819,9,"Trim37 Tbc1d7 Mtm1 Cdk5rap2 Rbm14 Mfn2 Dnm2 Ccp110 Kat2b"
"GOBP_NEGATIVE_REGULATION_OF_ORGANELLE_ORGANIZATION",0.583566913978399,0.999899739322238,1,275,0.18268133298367,46,"Lmna Vill Setmar Bub1b Rps6ka2 F11r Tmod1 Ckap2l Cenpe Nbdy Fgf13 Tom1l1 Diaph3 Cdh5 Map2 Katnb1 Bbof1 4930550C14Rik Tmod4 Spef1 Odf2l Mpv17l Haspin Bbs4 Esr1 Birc5 Nat10 Xrcc3 Lima1 Ankrd27 Mdm1 Tbcd Atxn7 Dbn1 Hdgfl3 Svil Cdca8 Mapt Nbn Styxl1 Ccnb1 Mtbp Bak1 Tpx2 Tmsb15b2 Apc2"
"GOBP_NEGATIVE_REGULATION_OF_ORGANIC_ACID_TRANSPORT",1.08997658214533,0.378060076750033,1,12,0.500153040949662,6,"Rgs2 Hrh2 Tnf Slc43a1 Slc43a2 Arl6ip5"
"GOBP_NEGATIVE_REGULATION_OF_ORGAN_GROWTH",0.540881954524297,0.983644016837042,1,27,0.211304732195721,5,"Wwc1 Rgs2 Pak1 Ptk2 Cited2"
"GOBP_NEGATIVE_REGULATION_OF_OSSIFICATION",1.15191546610642,0.27610405323654,1,25,0.45622350163318,8,"Smad3 Kremen2 Acvr2a Ecm1 Trpm4 Ccr1 Rbpj Notch1"
"GOBP_NEGATIVE_REGULATION_OF_OSTEOCLAST_DIFFERENTIATION",1.14840503750972,0.288638948565651,1,18,0.485472556911037,5,"Tjp2 Clec2g Fstl3 Ubash3b Tcta"
"GOBP_NEGATIVE_REGULATION_OF_OXIDATIVE_STRESS_INDUCED_INTRINSIC_APOPTOTIC_SIGNALING_PATHWAY",0.489776456817988,0.988919322709163,1,20,0.202512076980956,6,"Fgf2 Trap1 Nfe2l2 Fyn Bag5 Hif1a"
"GOBP_NEGATIVE_REGULATION_OF_PEPTIDE_SECRETION",0.616259784101702,0.961710124500822,1,34,0.231944387149266,8,"Gnao1 Pde1c Rptor Sirt4 Srebf1 Pde4c Pde3b Ndufaf2"
"GOBP_NEGATIVE_REGULATION_OF_PEPTIDYL_SERINE_PHOSPHORYLATION",0.602455043990612,0.934497816593886,1,12,0.276446051431948,6,"Bak1 Paqr3 Rassf2 Epm2a Cnksr3 Bax"
"GOBP_NEGATIVE_REGULATION_OF_PEPTIDYL_TYROSINE_PHOSPHORYLATION",0.781328664822234,0.786556893585648,1,22,0.316409962879762,4,"Zfyve28 Errfi1 Socs1 Srcin1"
"GOBP_NEGATIVE_REGULATION_OF_PERK_MEDIATED_UNFOLDED_PROTEIN_RESPONSE",-0.761197660111568,0.775079617834395,1,11,-0.296234075183475,1,"Nck2"
"GOBP_NEGATIVE_REGULATION_OF_PHOSPHATIDYLINOSITOL_3_KINASE_PROTEIN_KINASE_B_SIGNAL_TRANSDUCTION",0.907144993310671,0.649536364651994,1,52,0.321194489182533,21,"Pik3cb Serpine2 Obscn Cryba1 Hyal2 Magi2 Inpp5e Igf1r Phlpp1 Sco1 Them4 Plekha1 Ptpn1 Plk3 Mul1 Otud3 Stambp Fkbp5 Nlrc3 Rapgef1 Ddit3"
"GOBP_NEGATIVE_REGULATION_OF_PHOSPHORUS_METABOLIC_PROCESS",0.921984679387283,0.695072697899838,1,201,0.292305203309875,52,"Spry2 Inca1 Cdkn1a Ager Gstp2 Zfyve28 Atxn1 Gfra2 Il2 Angpt1 Errfi1 Tigar Dbndd2 Shb Spry1 Impact Socs1 Cbfa2t3 Prr5l Slfn1 Lpin1 Adarb1 Entpd1 Srcin1 Cdkn2c Trib3 Abca2 Atxn7 Ubash3b Prkrip1 Gbp4 Sirt4 Pfkfb1 Dvl1 Deptor Ccnb1 Bak1 Ptpn22 Plek Akt1s1 Psen1 C9orf72 Cdk5rap3 Nf2 Zbed3 Tspo Dusp6 Sirt6 Ppargc1a Pkig Socs4 Ptpn1"
"GOBP_NEGATIVE_REGULATION_OF_PHOSPHORYLATION",0.909109271577493,0.719323133042861,1,174,0.289987681453824,37,"Spry2 Inca1 Cdkn1a Ager Gstp2 Zfyve28 Atxn1 Gfra2 Il2 Angpt1 Errfi1 Tigar Dbndd2 Shb Spry1 Impact Socs1 Prr5l Slfn1 Adarb1 Srcin1 Cdkn2c Trib3 Atxn7 Ubash3b Prkrip1 Gbp4 Dvl1 Deptor Ccnb1 Bak1 Ptpn22 Akt1s1 Psen1 C9orf72 Cdk5rap3 Nf2"
"GOBP_NEGATIVE_REGULATION_OF_PLASMA_MEMBRANE_BOUNDED_CELL_PROJECTION_ASSEMBLY",-0.833807418198785,0.78763440860215,1,34,-0.24183026494387,3,"Tacstd2 Tbc1d7 Pfn2"
"GOBP_NEGATIVE_REGULATION_OF_POST_TRANSCRIPTIONAL_GENE_SILENCING",0.812446522421077,0.740421080162155,1,13,0.366262183289435,6,"Dnd1 Zmpste24 Tent2 Elob Bcdin3d Stat3"
"GOBP_NEGATIVE_REGULATION_OF_POST_TRANSLATIONAL_PROTEIN_MODIFICATION",0.882135797954574,0.702757806631613,1,75,0.298971673608665,23,"Spry2 Isg15 Peli3 Per2 Cdk1 Hspa1b Tnfaip3 Gbp4 Dnajb2 Hdac8 Caml Cep63 Cep78 Ufl1 Tspo Hmg20a Hspa1a Cops9 Mad2l2 Fyn Arrb1 Plaa Bex3"
"GOBP_NEGATIVE_REGULATION_OF_POTASSIUM_ION_TRANSMEMBRANE_TRANSPORT",-0.615683705490329,0.926923076923077,1,10,-0.245261010101257,5,"Nedd4 Nedd4l Pten Bin1 Oxsr1"
"GOBP_NEGATIVE_REGULATION_OF_POTASSIUM_ION_TRANSPORT",0.755244249917192,0.810089020771513,1,15,0.330757755009105,3,"Akap5 Nos3 Kcnab1"
"GOBP_NEGATIVE_REGULATION_OF_PRODUCTION_OF_MOLECULAR_MEDIATOR_OF_IMMUNE_RESPONSE",1.04815130874017,0.417849410632668,1,26,0.41187991873061,11,"Tgfb3 Foxp3 Angpt1 Jak3 Lilrb4a Hfe Apoa2 Tnf Zpbp2 Bst2 Hmox1"
"GOBP_NEGATIVE_REGULATION_OF_PROGRAMMED_NECROTIC_CELL_DEATH",0.758132260132872,0.803717665410113,1,14,0.336532638429507,8,"Atg7 Mutyh Cflar Ripk1 Slc25a4 Birc2 Casp8 Rbck1"
"GOBP_NEGATIVE_REGULATION_OF_PROTEASOMAL_PROTEIN_CATABOLIC_PROCESS",0.427596200936103,0.999778098302452,1,55,0.150332493156974,20,"Svip Fhit Hfe Lamp3 Sco1 Usp14 Caml Rybp Gipc1 Clec16a Cbx4 Usp38 Fbxw7 Psmf1 Senp1 Sgta Bag5 Kat2a F8a Csnk2b"
"GOBP_NEGATIVE_REGULATION_OF_PROTEASOMAL_UBIQUITIN_DEPENDENT_PROTEIN_CATABOLIC_PROCESS",-0.686447352442112,0.968578161822467,1,42,-0.189456078556452,13,"Mapk3 Mtm1 Fbxo32 Smarcc1 N4bp1 Usp5 Nop53 Styx Eif3h Phf20l1 Csnk2a2 Ccar2 Trim39"
"GOBP_NEGATIVE_REGULATION_OF_PROTEIN_CATABOLIC_PROCESS",0.67472574894448,0.960842105263158,1,91,0.224596934045565,26,"Timp2 Smad3 Serpine2 Svip Laptm4b Fhit Hfe Lamp3 Atraid Lrig2 Sco1 Cdk5rap3 Usp14 Caml Rybp Gipc1 Pin1 Mycbp2 Cst3 Clec16a Mad2l2 Cbx4 Usp8 Rgp1 Usp38 Fyn"
"GOBP_NEGATIVE_REGULATION_OF_PROTEIN_CONTAINING_COMPLEX_ASSEMBLY",-0.81242635352533,0.933333333333333,1,112,-0.189510262606311,17,"Carmil1 Myadm Stmn1 Irgm2 Mkks Pfn2 Sptbn4 Lmo4 Add1 Ctnnbip1 Hdac6 Sptan1 Gsn Add3 Ptger4 Tlr2 Tmod3"
"GOBP_NEGATIVE_REGULATION_OF_PROTEIN_CONTAINING_COMPLEX_DISASSEMBLY",1.00300399645371,0.484658599827139,1,69,0.342961006478002,21,"Vill Tmod1 Ckap2l Fgf13 Diaph3 Map2 Katnb1 Bbof1 Per2 Tmod4 Spef1 Lima1 Atxn7 Hdgfl3 Tnf Svil Tpx2 Apc2 Camsap2 Eps8 Ckap2"
"GOBP_NEGATIVE_REGULATION_OF_PROTEIN_EXIT_FROM_ENDOPLASMIC_RETICULUM",1.14862729839289,0.305863280194542,1,10,0.547841507814682,2,"Derl3 Svip"
"GOBP_NEGATIVE_REGULATION_OF_PROTEIN_IMPORT_INTO_NUCLEUS",0.947221325464345,0.567848882035466,1,16,0.410323611995726,7,"Angpt1 Mdfic Gbp4 Rab23 Sirt6 Pkig Nfkbia"
"GOBP_NEGATIVE_REGULATION_OF_PROTEIN_LOCALIZATION",0.675010042739817,0.982367247669234,1,173,0.215336740112341,50,"Maged1 App Plk2 Rhbdf1 Neo1 Gnao1 Angpt1 Derl3 Svip Mfhas1 Mdfic Wnk3 Nr1h3 Srcin1 Pde1c Inpp5e Il12a Rptor Tmbim1 Gbp4 Sirt4 Ctnna1 Rab23 Idua Srebf1 Yod1 Polr1a Pde4c Lzts2 Pde3b Fnip1 Ndufaf2 Sirt6 Pkig Lztfl1 Cops9 Sergef Leprot Nfkbia Prkaa1 Igtp Cdk2 Rsad2 Ppm1f Lypla1 Ilrun Cltc Pias4 Abhd17c Hdac3"
"GOBP_NEGATIVE_REGULATION_OF_PROTEIN_LOCALIZATION_TO_CELL_SURFACE",1.00139837727764,0.498649013780059,1,10,0.47762019734212,1,"Plk2"
"GOBP_NEGATIVE_REGULATION_OF_PROTEIN_LOCALIZATION_TO_CHROMATIN",-0.707782814753558,0.830769230769231,1,10,-0.281949199777052,10,"Spi1 Aurkb Rnf4 Cdk9 Jak2 Prkaca Vcp Pias4 Cdk2 Sirt6"
"GOBP_NEGATIVE_REGULATION_OF_PROTEIN_LOCALIZATION_TO_MEMBRANE",-0.765724458060206,0.831032578685809,1,23,-0.243325298709911,8,"Rhoq Sfn Bcl2l1 Abi3 Aldh7a1 Ap2m1 Picalm Tgfb1"
"GOBP_NEGATIVE_REGULATION_OF_PROTEIN_LOCALIZATION_TO_NUCLEUS",1.12118226265035,0.301942519595592,1,44,0.405252136873553,17,"Maged1 App Angpt1 Mfhas1 Mdfic Gbp4 Ctnna1 Rab23 Polr1a Lzts2 Fnip1 Sirt6 Pkig Cops9 Nfkbia Prkaa1 Igtp"
"GOBP_NEGATIVE_REGULATION_OF_PROTEIN_MATURATION",0.915847022209296,0.610510672791138,1,10,0.436816201631928,2,"Serpine2 Sirt4"
"GOBP_NEGATIVE_REGULATION_OF_PROTEIN_METABOLIC_PROCESS",0.797128087611867,0.977997799779978,1,492,0.246184587784598,124,"Timp2 Spry2 Inca1 Smad3 Map3k20 Cdkn1a Isg15 Hbegf Ager Gstp2 Zfyve28 Serpine2 Itgb3 Gfra2 Tyms Caprin2 Il2 Angpt1 Peli3 Errfi1 Ecm1 Svip Dbndd2 Laptm4b Efna1 Shb Spry1 Eif4ebp3 Impact Socs1 Per2 Rgs2 Itm2c Prr5l Slfn1 Cdk1 Adarb1 Nr1h3 Jak3 Hspa1b Hspg2 Srcin1 Cdkn2c Trib3 Hap1 Fhit Hfe Itgav Tnfaip3 Eif2ak2 Inpp5e Ubash3b Rptor Ncoa7 Habp4 Lamp3 Prkrip1 Atraid Enc1 Gbp4 Sirt4 Mapt Dvl1 Rtn1 Rab23 Dnajb2 Deptor Ago4 Ccnb1 Lrig2 Eif2ak1 Cpeb3 Aco1 Bak1 Hint2 Ddx3x Ptpn22 Hdac8 Cyfip1 Parp16 Akt1s1 Ago3 Sco1 Psen1 C9orf72 Cln3 Cdk5rap3 Usp14 Caml Nf2 Alkbh3 Shmt1 Cep63 Irf1 Zbed3 Cep78 Ufl1 Rybp Gipc1 Tspo Hmg20a Dap Dusp6 Pin1 Ppargc1a Pkig Sesn2 Mycbp2 Cdyl Pfdn6 Cst3 Clec16a Socs4 Cpeb4 Plxnb2 Ptpn1 Hdac2 Cirbp Hspa1a Cops9 Mad2l2 Prkca Dnajc3 Malsu1"
"GOBP_NEGATIVE_REGULATION_OF_PROTEIN_MODIFICATION_PROCESS",0.867254274261856,0.825374484769277,1,240,0.272862053098573,65,"Spry2 Inca1 Cdkn1a Isg15 Ager Gstp2 Zfyve28 Gfra2 Il2 Angpt1 Peli3 Errfi1 Dbndd2 Shb Spry1 Impact Socs1 Per2 Prr5l Slfn1 Cdk1 Adarb1 Hspa1b Srcin1 Cdkn2c Trib3 Tnfaip3 Ubash3b Ncoa7 Prkrip1 Gbp4 Mapt Dvl1 Dnajb2 Deptor Ccnb1 Bak1 Hint2 Ptpn22 Hdac8 Akt1s1 Psen1 C9orf72 Cdk5rap3 Caml Nf2 Cep63 Irf1 Zbed3 Cep78 Ufl1 Tspo Hmg20a Dusp6 Ppargc1a Pkig Cdyl Socs4 Ptpn1 Hdac2 Hspa1a Cops9 Mad2l2 Prkca Dnajc3"
"GOBP_NEGATIVE_REGULATION_OF_PROTEIN_POLYMERIZATION",-1.00032888539383,0.451971688574317,1,55,-0.25909326893502,12,"Carmil1 Myadm Stmn1 Mkks Pfn2 Sptbn4 Add1 Sptan1 Gsn Add3 Tlr2 Tmod3"
"GOBP_NEGATIVE_REGULATION_OF_PROTEIN_SECRETION",0.744282214243023,0.866351670604117,1,48,0.265853446551682,13,"Rhbdf1 Neo1 Gnao1 Nr1h3 Srcin1 Pde1c Il12a Rptor Sirt4 Idua Srebf1 Pde4c Pde3b"
"GOBP_NEGATIVE_REGULATION_OF_PROTEIN_SERINE_THREONINE_KINASE_ACTIVITY",0.961180500102582,0.550340136054422,1,45,0.346281466804974,3,"Spry2 Inca1 Cdkn1a"
"GOBP_NEGATIVE_REGULATION_OF_PROTEIN_TYROSINE_KINASE_ACTIVITY",0.92464312422377,0.596865711969738,1,10,0.44101153095872,3,"Zfyve28 Errfi1 Srcin1"
"GOBP_NEGATIVE_REGULATION_OF_PROTEIN_UBIQUITINATION",0.926479290517323,0.618477425024717,1,60,0.322168653917327,27,"Spry2 Isg15 Peli3 Per2 Cdk1 Hspa1b Tnfaip3 Gbp4 Hdac8 Caml Cep63 Cep78 Ufl1 Tspo Hspa1a Mad2l2 Fyn Arrb1 Plaa Bex3 Vps28 Svbp Bag5 Parp10 Gtpbp4 Prmt3 Dtx3l"
"GOBP_NEGATIVE_REGULATION_OF_PROTEOLYSIS",0.687873993549906,0.954992673225874,1,99,0.227346195285581,21,"Timp2 Serpine2 Ecm1 Svip Efna1 Nr1h3 Fhit Hfe Lamp3 Sirt4 Rab23 Lrig2 Sco1 Psen1 Cln3 Usp14 Caml Rybp Gipc1 Cst3 Clec16a"
"GOBP_NEGATIVE_REGULATION_OF_PROTEOLYSIS_INVOLVED_IN_PROTEIN_CATABOLIC_PROCESS",-0.597612446911674,1,1,71,-0.150131478214889,21,"Dmwd Mapk3 Mtm1 Fbxo32 Smarcc1 Ufsp2 Prkcg N4bp1 Pml Usp5 Hipk2 Fbxw8 Ubxn2a Nop53 Styx Eif3h Phf20l1 Csnk2a2 Ccar2 Trim39 Pdcl3"
"GOBP_NEGATIVE_REGULATION_OF_REACTIVE_OXYGEN_SPECIES_BIOSYNTHETIC_PROCESS",0.469196424392989,0.989678751128887,1,15,0.205483664400675,7,"Mpv17l Ctns Cflar Fyn Ndufc2 Stat3 Hif1a"
"GOBP_NEGATIVE_REGULATION_OF_REACTIVE_OXYGEN_SPECIES_METABOLIC_PROCESS",0.750925363034957,0.84046324745923,1,32,0.285522658962195,7,"Pon3 Tigar Mpv17l Hk2 Sirt5 Bcr Ctns"
"GOBP_NEGATIVE_REGULATION_OF_RECEPTOR_INTERNALIZATION",-0.841386327740876,0.660429936305732,1,11,-0.327440970632788,2,"Anxa2 Rin3"
"GOBP_NEGATIVE_REGULATION_OF_RECEPTOR_MEDIATED_ENDOCYTOSIS",-0.650563084413219,0.926759214935376,1,18,-0.218675727293427,3,"Anxa2 Rin3 Rabgef1"
"GOBP_NEGATIVE_REGULATION_OF_REGULATED_SECRETORY_PATHWAY",0.883963133639069,0.652732309242005,1,19,0.370115615340797,5,"Abr Cbarp Notch1 Bcr Hmox1"
"GOBP_NEGATIVE_REGULATION_OF_RELEASE_OF_CYTOCHROME_C_FROM_MITOCHONDRIA",0.858901142301653,0.690932311621967,1,17,0.367662011183981,1,"Lmna"
"GOBP_NEGATIVE_REGULATION_OF_REPRODUCTIVE_PROCESS",0.903758979588559,0.632592767667218,1,32,0.34363424065232,8,"Wnt4 Rps6ka2 Astl Shb Pdik1l Npr2 Ovgp1 Snai1"
"GOBP_NEGATIVE_REGULATION_OF_RESPONSE_TO_BIOTIC_STIMULUS",1.03875758321909,0.416684111366967,1,99,0.343315180662914,17,"Dtx4 Ttll12 Nlrx1 Isg15 Sirpa Foxp3 Prdm1 Klrd1 Ahr Serpinb9 Oas3 Lag3 Dcst1 Ccr1 Nlrc5 Tnfaip3 Cd274"
"GOBP_NEGATIVE_REGULATION_OF_RESPONSE_TO_CYTOKINE_STIMULUS",0.986154334815632,0.514382960035134,1,59,0.343349695354112,9,"Palm3 Ttll12 Isg15 Tjp2 Peli3 Ecm1 Oas3 Dcst1 Naip5"
"GOBP_NEGATIVE_REGULATION_OF_RESPONSE_TO_ENDOPLASMIC_RETICULUM_STRESS",0.570522625207774,0.982392366238782,1,44,0.206215814058292,14,"Creb3l1 Svip Nr1h3 Wfs1 Usp14 Ufl1 Dnajb9 Ptpn1 Hspa1a Igtp Atf6b Creb3 Hyou1 Sgta"
"GOBP_NEGATIVE_REGULATION_OF_RESPONSE_TO_TUMOR_CELL",0.728266691616028,0.83052177324441,1,13,0.32831274567265,6,"Ahr Lag3 Cd274 Ufl1 Klhl22 Prkaa1"
"GOBP_NEGATIVE_REGULATION_OF_RHO_PROTEIN_SIGNAL_TRANSDUCTION",0.794160829199825,0.772349534122387,1,19,0.332515364943789,4,"Arap3 Itga3 Ccdc125 Itgb1"
"GOBP_NEGATIVE_REGULATION_OF_RNA_CATABOLIC_PROCESS",0.822978491625214,0.79558305771898,1,79,0.277334919481631,20,"Dnd1 Ikbke Rbm47 Vegfa Noct Tent4a Pkp3 Wdr4 Boll Igf2bp3 Mettl1 Apobec1 Cryz Parn Dhx34 Tent4b Tent2 Dicer1 Plxnb2 Cirbp"
"GOBP_NEGATIVE_REGULATION_OF_RNA_SPLICING",0.972992147057742,0.527175208581645,1,29,0.375642865466391,1,"Celf4"
"GOBP_NEGATIVE_REGULATION_OF_SECRETION",0.922805180445205,0.655503390714658,1,103,0.30402578232615,28,"Egf Rhbdf1 Neo1 Gnao1 Abr Wnk3 Hrh2 Tifab Entpd1 Nr1h3 Cbarp Srcin1 Pde1c Notch1 Il12a Rptor Bcr Tnf Sirt4 Erbb3 Idua Tnfrsf1b Srebf1 Cry2 Hmox1 Pde4c C9orf72 Pde3b"
"GOBP_NEGATIVE_REGULATION_OF_SIGNALING_RECEPTOR_ACTIVITY",0.841374546924507,0.705636197201517,1,13,0.379303338763032,2,"Zfyve28 Errfi1"
"GOBP_NEGATIVE_REGULATION_OF_SIGNAL_TRANSDUCTION_BY_P53_CLASS_MEDIATOR",0.386345646591572,0.999764400989516,1,33,0.146127209087869,11,"Dyrk3 Snai1 Fbxo31 Ell3 Cep63 Ufl1 Pcbp4 Rffl Mif Psmd10 Pttg1ip"
"GOBP_NEGATIVE_REGULATION_OF_SIGNAL_TRANSDUCTION_IN_ABSENCE_OF_LIGAND",0.987413665490451,0.508058423570889,1,19,0.413430382435077,9,"Hspa1b Eya2 Tnf Ctnna1 Map2k5 Hspa1a Ripk1 Eya3 Fyn"
"GOBP_NEGATIVE_REGULATION_OF_SMAD_PROTEIN_SIGNAL_TRANSDUCTION",1.14171696483016,0.312888408538233,1,10,0.544545601854753,6,"Eng Tgfbr3 Pmepa1 Ski Ldlrad4 Pin1"
"GOBP_NEGATIVE_REGULATION_OF_SMALL_GTPASE_MEDIATED_SIGNAL_TRANSDUCTION",1.05150289863926,0.403337813620072,1,50,0.373849701444692,8,"Timp2 Spry2 Wnt4 Arap3 Spry1 Itga3 Ccdc125 Itgb1"
"GOBP_NEGATIVE_REGULATION_OF_SMALL_MOLECULE_METABOLIC_PROCESS",0.806818388611495,0.810501296456353,1,69,0.275878508541845,19,"Gfi1 Dkkl1 Wnt4 Tigar Cbfa2t3 Entpd1 Trib3 Slc27a4 Sik1 Sirt4 Pfkfb1 Snai1 Plek Appl2 Mst1 Tspo Ubr4 Sirt6 Ppargc1a"
"GOBP_NEGATIVE_REGULATION_OF_SMOOTHENED_SIGNALING_PATHWAY",0.874455085989423,0.675354588434962,1,24,0.348414816804073,2,"Ift122 Serpine2"
"GOBP_NEGATIVE_REGULATION_OF_SMOOTH_MUSCLE_CELL_APOPTOTIC_PROCESS",0.66892878263692,0.884245660881175,1,11,0.312964803720262,2,"Esr1 Rbpj"
"GOBP_NEGATIVE_REGULATION_OF_SMOOTH_MUSCLE_CELL_DIFFERENTIATION",0.467107509484908,0.988921912996487,1,10,0.22278843856995,10,"Rcan1 Nfatc1 Med28 Pdcd4 Foxo4 Nfatc3 Dnmt1 Nfatc2 Ankrd17 Mecp2"
"GOBP_NEGATIVE_REGULATION_OF_STEM_CELL_DIFFERENTIATION",-0.510330834762439,0.992233009708738,1,19,-0.168993500762517,2,"Hes5 Hes1"
"GOBP_NEGATIVE_REGULATION_OF_STEM_CELL_POPULATION_MAINTENANCE",0.820698349623417,0.736802788844621,1,20,0.339341193402534,4,"Tet1 Loxl2 Sap30l Ing2"
"GOBP_NEGATIVE_REGULATION_OF_STRIATED_MUSCLE_CELL_APOPTOTIC_PROCESS",0.503126456148058,0.991867974168859,1,28,0.195174297462093,10,"Hspb6 Atg7 Notch1 Sirt5 Sirt4 Cflar Ppp1r10 Nfe2l2 Mdk Slc25a4"
"GOBP_NEGATIVE_REGULATION_OF_SYNAPTIC_TRANSMISSION",1.12367763707658,0.307610993657505,1,34,0.422923461190923,5,"Mgll Iqsec2 Ager Plk2 Colq"
"GOBP_NEGATIVE_REGULATION_OF_TELOMERE_MAINTENANCE",-0.47377854206343,1,1,33,-0.138880025526484,33,"Pml Ctc1 Tinf2 Ercc1 Tnks Acd Hnrnpu Rad50 Atm Trp53 Slx4 Pot1b Gnl3l Terf1 Smg6 Mcrs1 Hnrnpa1 Dcp2 Parp1 Ten1 Tnks2 Pinx1 Xrcc4 Xrcc1 Exosc10 Stn1 Terf2ip Rtel1 Ercc4 Terf2 Tent4b Nbn Nat10"
"GOBP_NEGATIVE_REGULATION_OF_TELOMERE_MAINTENANCE_VIA_TELOMERASE",-0.412676062326178,0.999521302058401,1,18,-0.138714046689507,18,"Pml Ctc1 Tinf2 Acd Hnrnpu Trp53 Pot1b Gnl3l Terf1 Hnrnpa1 Dcp2 Ten1 Pinx1 Exosc10 Stn1 Terf2 Tent4b Nat10"
"GOBP_NEGATIVE_REGULATION_OF_TELOMERE_MAINTENANCE_VIA_TELOMERE_LENGTHENING",-0.441352101090002,0.999429549343982,1,24,-0.138780390593862,24,"Pml Ctc1 Tinf2 Tnks Acd Hnrnpu Trp53 Slx4 Pot1b Gnl3l Terf1 Mcrs1 Hnrnpa1 Dcp2 Parp1 Ten1 Tnks2 Pinx1 Exosc10 Stn1 Ercc4 Terf2 Tent4b Nat10"
"GOBP_NEGATIVE_REGULATION_OF_TOLL_LIKE_RECEPTOR_SIGNALING_PATHWAY",-0.785078304805916,0.767567567567568,1,16,-0.271994667639311,3,"Irak3 Cactin Irf4"
"GOBP_NEGATIVE_REGULATION_OF_TORC1_SIGNALING",-0.75486039298844,0.938820912124583,1,60,-0.192973002965159,12,"Tbc1d7 Mapk3 Syk Nlk Cul1 Vhl Stambpl1 Ywhag Wdr24 Usp4 Gpr155 Ube2d1"
"GOBP_NEGATIVE_REGULATION_OF_TOR_SIGNALING",-0.5911479495014,1,1,79,-0.144915633660469,14,"Tbc1d7 Mapk3 Mtm1 Syk Mapkapk5 Nlk Cul1 Vhl Stambpl1 Ywhag Wdr24 Usp4 Gpr155 Ube2d1"
"GOBP_NEGATIVE_REGULATION_OF_TRANSCRIPTION_ELONGATION_BY_RNA_POLYMERASE_II",0.454935913985878,0.995071401491217,1,18,0.192317948963642,7,"Ezh2 Sirt6 Ppp1r10 Rnf168 Hexim1 Rnf8 Nelfe"
"GOBP_NEGATIVE_REGULATION_OF_TRANSFORMING_GROWTH_FACTOR_BETA_RECEPTOR_SIGNALING_PATHWAY",1.01171321927373,0.470961391228262,1,62,0.350345479944353,19,"Spry2 Tgfb3 Bambi Tet1 Pbld1 Tgfbr3 Spry1 Cav2 Spred2 Sap30l Pmepa1 Ints9 Ing2 Ski Ldlrad4 Snx25 Pin1 Hdac2 Hspa1a"
"GOBP_NEGATIVE_REGULATION_OF_TRANSLATION",0.720293275830188,0.947758887171561,1,125,0.233846976393145,37,"Map3k20 Tyms Caprin2 Eif4ebp3 Rgs2 Eif2ak2 Inpp5e Rptor Habp4 Enc1 Ago4 Eif2ak1 Cpeb3 Aco1 Ddx3x Cyfip1 Parp16 Akt1s1 Ago3 Alkbh3 Shmt1 Dap Sesn2 Cpeb4 Plxnb2 Cirbp Prkca Dnajc3 Malsu1 Mvk Prkaa1 Gigyf1 Grb7 Eif4a3 Patl1 Rara Larp1"
"GOBP_NEGATIVE_REGULATION_OF_TRANSLATIONAL_INITIATION",-0.627479063918144,0.988216810683425,1,42,-0.173181122198632,13,"Paip2b Pml Gigyf2 Rragc Caprin1 Ywhag Wdr24 Scrib Usp4 Gpr155 Bc1 Rpl13a Ago2"
"GOBP_NEGATIVE_REGULATION_OF_TRANSMEMBRANE_TRANSPORT",0.792497361743625,0.834746217405301,1,75,0.2685915968044,18,"Fabp5 Ahr Agrn Rgs2 Cbarp Esr1 Tnf Ctnnd1 Kcnab1 Slc43a1 Appl2 Slc43a2 Ahi1 Camk2d Sirt6 Arl6ip5 Prkca Oaz2"
"GOBP_NEGATIVE_REGULATION_OF_TRANSPORT",0.972818344003466,0.585346296481908,1,280,0.304317801670017,68,"Fabp5 Mctp1 Egf Sirpa Serpine2 Ahr Rhbdf1 Itgb3 Neo1 Slc18a2 Gnao1 Angpt1 Agrn Derl3 Dlg4 Svip Pip4p2 Abr Rgs2 Mdfic Wnk3 Atg7 Hrh2 Akap5 Tifab Entpd1 Nr1h3 Cbarp Esr1 Srcin1 Pde1c Nos3 Notch1 Ankrd27 Plscr1 Itgav Abca2 Apoa2 Il12a Appl1 Rptor Bcr Gbp4 Tnf Sirt4 Mapt Rab23 Erbb3 Idua Tnfrsf1b Ctnnd1 Icam1 Kcnab1 Slc43a1 Srebf1 Cyfip1 Yod1 Cry2 Hmox1 Pde4c C9orf72 Appl2 Slc43a2 Neu3 Pacsin1 Pde3b Ahi1 Camk2d"
"GOBP_NEGATIVE_REGULATION_OF_TRANSPORTER_ACTIVITY",0.577441408542787,0.957726692209451,1,17,0.247180099256626,2,"Cbarp Kcnab1"
"GOBP_NEGATIVE_REGULATION_OF_TRIGLYCERIDE_METABOLIC_PROCESS",0.884477824641797,0.656570908618224,1,14,0.392617055903843,7,"Esr1 Sik1 Gpld1 Apobec1 Srebf1 Ccnc Pik3cg"
"GOBP_NEGATIVE_REGULATION_OF_TUMOR_NECROSIS_FACTOR_MEDIATED_SIGNALING_PATHWAY",0.877481583601187,0.667305236270754,1,17,0.37561557193786,3,"Tjp2 Peli3 Naip5"
"GOBP_NEGATIVE_REGULATION_OF_TYPE_I_INTERFERON_MEDIATED_SIGNALING_PATHWAY",1.15713478915046,0.277141434262948,1,20,0.478450456806796,7,"Ttll12 Isg15 Oas3 Dcst1 Nlrc5 Mettl3 Cnot7"
"GOBP_NEGATIVE_REGULATION_OF_TYPE_I_INTERFERON_PRODUCTION",0.627981329908921,0.9587640577076,1,44,0.22698430428314,3,"Nlrx1 Sirpa Peli3"
"GOBP_NEGATIVE_REGULATION_OF_T_CELL_DIFFERENTIATION",0.910478030852639,0.621236872812135,1,36,0.339609793290538,7,"Tnfsf18 Foxp3 Il2 Nrarp Socs1 Lag3 Jak3"
"GOBP_NEGATIVE_REGULATION_OF_T_CELL_MEDIATED_IMMUNE_RESPONSE_TO_TUMOR_CELL",0.846843155202733,0.695861148197597,1,11,0.396203764480149,6,"Ahr Lag3 Cd274 Ufl1 Klhl22 Prkaa1"
"GOBP_NEGATIVE_REGULATION_OF_T_CELL_MEDIATED_IMMUNITY",1.16361523083338,0.257115522602248,1,28,0.451393049240218,9,"Nod2 Foxp3 Klrd1 Ahr Clec4g Lag3 Il7r Hfe Cd274"
"GOBP_NEGATIVE_REGULATION_OF_T_CELL_RECEPTOR_SIGNALING_PATHWAY",0.792913388202412,0.78880285884455,1,30,0.304812365662233,8,"Lag3 Cd160 Cd274 Pdcd1lg2 Sla2 Ptpn22 Phpt1 Cd80"
"GOBP_NEGATIVE_REGULATION_OF_T_HELPER_17_TYPE_IMMUNE_RESPONSE",0.930938929017931,0.595866372026518,1,14,0.413241000909572,4,"Tnfsf18 Foxp3 Il2 Jak3"
"GOBP_NEGATIVE_REGULATION_OF_UBIQUITIN_DEPENDENT_PROTEIN_CATABOLIC_PROCESS",-0.720966577832156,0.968680089485459,1,59,-0.185514598674906,18,"Dmwd Mapk3 Mtm1 Fbxo32 Smarcc1 N4bp1 Pml Usp5 Hipk2 Fbxw8 Nop53 Styx Eif3h Phf20l1 Csnk2a2 Ccar2 Trim39 Pdcl3"
"GOBP_NEGATIVE_REGULATION_OF_VASCULAR_PERMEABILITY",0.820631641187634,0.727802037845706,1,12,0.376559843177238,6,"Angpt1 Vegfa Arhgap35 Amot Adora2a Adm"
"GOBP_NEGATIVE_REGULATION_OF_VIRAL_TRANSCRIPTION",0.94436862084935,0.572571281125016,1,15,0.413584406590879,2,"Ifitm3 Trim62"
"GOBP_NEGATIVE_REGULATION_OF_WNT_SIGNALING_PATHWAY",0.87105343972211,0.728704290847601,1,86,0.291373026360757,13,"Mcc Hmga2 Dkkl1 App Znrf3 Tmem88 Nphp4 Rnf43 Cdon Tle2 Notch1 Mllt3 Siah2"
"GOBP_NEPHRON_EPITHELIUM_DEVELOPMENT",1.15451298086733,0.249215949820789,1,50,0.410473745502574,14,"Maged1 Nphs1 Hs3st3b1 Wnt4 Basp1 Vegfa Greb1l Magi2 Dll1 Ext1 Prom1 Gzf1 Notch1 Fgf2"
"GOBP_NEURAL_PRECURSOR_CELL_PROLIFERATION",1.07924393995256,0.338403834132111,1,104,0.355283686930471,31,"Ccr5 Egf Hmga2 Kif3a Numbl Ckap2l Fgf13 Vegfa Atf5 Sox5 Cdon Trim3 Notch1 Fgf2 Tacc3 Dbn1 Shcbp1 Dock7 Ctnna1 Cip2a Lef1 Appl2 Nf2 Ell3 Ift88 Grn Aspm Tacc2 Gh Plxnb2 Nfix"
"GOBP_NEURAL_TUBE_DEVELOPMENT",1.10612467370468,0.278276110939272,1,122,0.359571748067496,33,"Tcf7 Tbc1d32 Kif3a Ift122 Marcks Wdpcp St14 Inka1 Epha2 Rpgrip1l Bbs4 Mks1 Notch1 Mthfd1 Plod3 Tulp3 Dvl1 Rab23 Apaf1 Ift140 Arhgap35 Cluap1 Ipmk Enah Psen1 Cited2 Ift57 Ski Luzp1 Nup50 Ptch1 Sdc4 Gatad2a"
"GOBP_NEURAL_TUBE_FORMATION",0.839822858071917,0.775767195767196,1,85,0.281216321177643,22,"Ift122 St14 Bbs4 Mks1 Mthfd1 Tulp3 Rab23 Apaf1 Arhgap35 Cluap1 Ipmk Enah Cited2 Ift57 Ski Luzp1 Nup50 Ptch1 Sdc4 Gatad2a Plxnb2 Vangl2"
"GOBP_NEURAL_TUBE_PATTERNING",1.1043376534672,0.347019539945585,1,21,0.451149933495686,11,"Tbc1d32 Kif3a Rpgrip1l Tulp3 Rab23 Ift140 Psen1 Ptch1 Atp6ap2 Tmem107 Arl13b"
"GOBP_NEUROBLAST_PROLIFERATION",1.12988343545951,0.299741602067183,1,34,0.425259164639103,13,"Numbl Ckap2l Fgf13 Vegfa Sox5 Notch1 Dock7 Ctnna1 Lef1 Aspm Gh Plxnb2 Nfix"
"GOBP_NEUROEPITHELIAL_CELL_DIFFERENTIATION",1.0325735198774,0.446612943842861,1,19,0.432338826304581,8,"Wnt4 Fgf2 Rptor Cebpb Lef1 Bccip Ift80 Tmem231"
"GOBP_NEUROMUSCULAR_PROCESS",0.830526037635357,0.803451882845188,1,100,0.27428984238272,22,"Grin2d App Cacna1a Nr4a3 Kcnj2 Nrxn1 Dmd Dlg4 Chrnb1 Aph1b Abr Tifab Adarb1 Uchl1 Ighmbp2 Npr2 Zmpste24 Dbn1 Bcr Dvl1 Nbn Myo7a"
"GOBP_NEUROMUSCULAR_PROCESS_CONTROLLING_BALANCE",1.05444807502752,0.408033826638478,1,34,0.396867228484632,13,"App Cacna1a Nr4a3 Nrxn1 Dlg4 Abr Tifab Bcr Nbn Myo7a Aldh1a3 Cln3 Gm2a"
"GOBP_NEUROMUSCULAR_SYNAPTIC_TRANSMISSION",1.13531196757124,0.314186584425598,1,16,0.491801963017926,6,"Cacna1a Nrxn1 Chrnb1 Chrna2 Adarb1 Kif1b"
"GOBP_NEURONAL_ACTION_POTENTIAL",-0.892023279900249,0.600177698800533,1,15,-0.316997229119475,5,"Cacna1i Scn4a Rapgef4 Chrnb2 Kcnmb4"
"GOBP_NEURONAL_STEM_CELL_POPULATION_MAINTENANCE",-0.834576740990887,0.713106796116505,1,19,-0.276365909147301,8,"Hes5 Wdr62 Mcph1 Foxo1 Hes1 Yme1l1 Wdr47 Mapk8"
"GOBP_NEURON_CELLULAR_HOMEOSTASIS",0.632651290178973,0.950875145857643,1,36,0.23597996503163,2,"Fggy Cacna1a"
"GOBP_NEURON_FATE_COMMITMENT",0.897867807966575,0.638569604086845,1,17,0.384342117848069,4,"Dmrt3 Dll1 Rbpj Notch1"
"GOBP_NEURON_INTRINSIC_APOPTOTIC_SIGNALING_PATHWAY_IN_RESPONSE_TO_OXIDATIVE_STRESS",0.952879257907877,0.561217907366791,1,15,0.417311623590525,3,"Fgf2 Prodh Map3k5"
"GOBP_NEURON_MATURATION",1.08048565576462,0.36937695453452,1,26,0.424585973775892,6,"Cdkn1c App Nrxn1 Nox1 Akap5 Farp2"
"GOBP_NEURON_MIGRATION",1.13378265137615,0.240338416544809,1,102,0.373869513717234,18,"Ndnf Gpm6a Nrp2 Axl Sh3rf1 Neo1 Fktn Fgf13 Vegfa Ulk4 Celsr2 Itga3 Camk2a Gnrh1 Bbs4 Dnaaf4 Ntn1 Cdk5r1"
"GOBP_NEURON_PROJECTION_ORGANIZATION",1.13379289516154,0.250370998516006,1,83,0.380187206476675,25,"Smad3 App Xlr3b Marcks Caprin2 Arhgap33 Dlg4 Efna1 Itga3 Zfp365 Lrp8 Cask Xlr4a Cdk5r1 Itpka Tanc1 Srcin1 Dbn1 Abi2 Dvl1 Dip2a Tanc2 Lgmn Igf1r Psen1"
"GOBP_NEURON_PROJECTION_REGENERATION",0.798053115771892,0.795165540153511,1,42,0.290646789368947,16,"Neo1 Rtn4rl1 Nefh Cntf Muc3a Ctnna1 Lrig2 Igf1r Grn Lamb2 Tspo Ptprs Diaph2 Adm Fas Adam17"
"GOBP_NEUROPEPTIDE_SIGNALING_PATHWAY",0.629299834973829,0.921668628220217,1,13,0.283697111305669,2,"Kiss1r Qrfp"
"GOBP_NEUROTRANSMITTER_GATED_ION_CHANNEL_CLUSTERING",0.976765706596498,0.532042116209541,1,14,0.433583370150704,4,"Slc7a11 Nrxn1 Dlg4 Lhfpl4"
"GOBP_NEUROTRANSMITTER_SECRETION",0.936554975968585,0.623267534649307,1,96,0.310574085440855,31,"Mctp1 Syp Cacna1a Unc13b Nrxn1 Lin7b Grik5 Ctbp2 Best1 Kcnc3 Camk2a Cask Snap47 Stxbp5 Mctp2 Dvl1 Pak1 Cplx2 Cacnb4 Micu3 Fbxo45 Psen1 Nrxn2 Doc2a Asic1 Syde1 Efr3a Prkca Synj1 Adora2a Slc38a2"
"GOBP_NEUROTROPHIN_SIGNALING_PATHWAY",0.967482186096039,0.535996173164315,1,28,0.37530854056861,8,"Spry2 Spry1 Magi2 Hap1 Tmem108 Cyfip1 Akt1s1 Sos1"
"GOBP_NEUROTROPHIN_TRK_RECEPTOR_SIGNALING_PATHWAY",1.10885377585933,0.340093989611674,1,21,0.452994884005585,7,"Spry2 Spry1 Hap1 Tmem108 Cyfip1 Akt1s1 Sos1"
"GOBP_NEUTRAL_AMINO_ACID_TRANSPORT",1.07788396333668,0.375699821322216,1,30,0.414360970141882,12,"Slc25a13 Slc7a7 Slc7a11 Slc6a20b Rgs2 Slc36a4 Slc36a3 Ctns Slc43a1 Slc43a2 Slc7a6 Mfsd12"
"GOBP_NEUTRAL_LIPID_CATABOLIC_PROCESS",1.00675229659465,0.486272569873856,1,21,0.411283840797515,4,"Mgll Ddhd2 Apoa2 Gpld1"
"GOBP_NEUTRAL_LIPID_METABOLIC_PROCESS",0.980498977523686,0.531493574889404,1,90,0.326697079603964,23,"Mgll Plpp1 Pla2g4a Slc27a1 Abca17 Lpin1 Nr1h3 Ddhd2 Esr1 Scarb1 Gpat4 Apof Sik1 Apoa2 Gpld1 Agpat5 Arv1 Apobec1 Srebf1 Gk5 Gpat3 Plaat3 Agpat2"
"GOBP_NEUTROPHIL_ACTIVATION",0.918115473492651,0.611792733770101,1,30,0.352942646183389,5,"Il15 Fcer1g Myo1f Dnase1 Abr"
"GOBP_NEUTROPHIL_ACTIVATION_INVOLVED_IN_IMMUNE_RESPONSE",1.07428479339024,0.392058596761758,1,16,0.465365807214987,4,"Fcer1g Myo1f Dnase1 Abr"
"GOBP_NEUTROPHIL_DEGRANULATION",0.658859677468088,0.892122830440587,1,11,0.308253875435222,3,"Myo1f Abr Bcr"
"GOBP_NEUTROPHIL_DIFFERENTIATION",0.467980905406614,0.990387182910547,1,11,0.218949394923716,3,"Dhrs7b Lef1 Evi2b"
"GOBP_NEUTROPHIL_HOMEOSTASIS",1.05965759022817,0.409200050549728,1,18,0.447955784741064,6,"Pik3cb Axl Csf1r Slc7a11 Lilrb4a Mthfd1"
"GOBP_NEUTROPHIL_MEDIATED_IMMUNITY",1.05469374704845,0.405892964521948,1,27,0.412034045329873,7,"Myo1f Dnase1 Dao Abr Trem1 Lyst Bcr"
"GOBP_NEUTROPHIL_MIGRATION",1.13605904111242,0.274074899687918,1,53,0.401280009961814,16,"Fcer1g Nod2 Pde4d Trem1 Itga9 S100a8 Ccl27a Bst1 Jaml Mcoln2 Dpp4 Vav3 Mpp1 Srp54a Prkca C5ar2"
"GOBP_NICOTINAMIDE_NUCLEOTIDE_BIOSYNTHETIC_PROCESS",-1.03176190622453,0.396712572190138,1,15,-0.366655974966008,4,"Nadsyn1 G6pdx Nadk Afmid"
"GOBP_NK_T_CELL_ACTIVATION",1.02155217611898,0.461092923696802,1,19,0.427724186539872,6,"Il15 Clec2g Il12a Abcc1 Tlr4 Lck"
"GOBP_NLRP3_INFLAMMASOME_COMPLEX_ASSEMBLY",0.782233756186693,0.819214759815502,1,48,0.279409525193085,17,"Zdhhc1 Tlr6 Casp4 Eif2ak2 Tlr4 Kcnk6 Ddx3x Ptpn22 Lamp2 Atat1 Kcnk13 Ufl1 Zdhhc12 Gbp5 Usp50 Igtp Gsdmd"
"GOBP_NONRIBOSOMAL_PEPTIDE_BIOSYNTHETIC_PROCESS",1.1904076159237,0.257227776276682,1,10,0.567768765494414,3,"Slc7a11 Ggt5 Mgst2"
"GOBP_NON_CANONICAL_NF_KAPPAB_SIGNAL_TRANSDUCTION",0.610353175093105,0.989182944759504,1,92,0.202972538199114,4,"C1qtnf4 Nod2 App Ager"
"GOBP_NON_LYTIC_VIRAL_RELEASE",1.08788149225994,0.377925984046031,1,13,0.49043209555248,1,"Chmp4c"
"GOBP_NON_PROTEINOGENIC_AMINO_ACID_METABOLIC_PROCESS",0.606705472397095,0.966666666666667,1,41,0.221853516495145,7,"Dao Asl Pemt Mmut Kyat3 Mthfd1 Plod3"
"GOBP_NOTCH_RECEPTOR_PROCESSING",1.00838778132287,0.488786814374493,1,10,0.480953816224608,3,"Aph1b Aph1a Psen1"
"GOBP_NOTCH_SIGNALING_PATHWAY",1.08518660086106,0.324854651162791,1,109,0.355822019097731,30,"Il2ra Tmem100 Egfl7 Nod2 Dtx4 Nrip2 App Mmp14 Zfp423 Notch4 Nrarp Aph1b Neurl1a Dll1 Tspear Rbpj Acvrl1 Notch1 Nepro Cd46 Sorbs2 Dtx3 Gas2 Snai1 Aph1a Anxa4 Nle1 Mettl3 Akt1s1 Psen1"
"GOBP_NUCLEAR_BODY_ORGANIZATION",0.83887391777881,0.714230421881048,1,15,0.367383205910715,3,"Dyrk3 Celf3 Habp4"
"GOBP_NUCLEAR_CHROMOSOME_SEGREGATION",0.769470089372517,0.955919269002912,1,259,0.241355711513642,78,"Chmp4c Cenpi Bub1b Cit Kif18a Ccnb2 Kif22 Prc1 M1ap Ckap2l Cenpe Map9 Ncapd3 Kif4 Kif15 Cenpf Katnb1 Klhdc8b Stag3 Ska2 Asb7 Ncapg2 Haspin Nsl1 Cdk1 Tubg2 Ccne2 Hspa1b Nusap1 Birc5 Mcmdc2 Xrcc3 Mnd1 Cenpv Map10 Tacc3 Rcc1 Rasl2-9 Mybl2 Cdca8 Knstrn Ago4 Ccnb1 1700028K03Rik Rmi2 Tpx2 Nek2 Brip1 Arhgef10 Bccip Rab24 Cep63 Aspm Phf13 Smarca2 Abraxas1 Mlh1 Ccne1 Zwint Ncaph2 Nat9 Cenpq Klhl22 Anapc7 Incenp Syde1 Hspa1a Riok2 Dis3l2 Chfr Mei4 Wapl Ncaph Washc1 Chmp1b Kif11 Dctn2 Cenpc1"
"GOBP_NUCLEAR_ENVELOPE_ORGANIZATION",0.806968541737549,0.795295684011983,1,55,0.28371064222056,12,"Chmp4c Lmna Syne2 Reep3 Cdk1 Zmpste24 Tmem201 Tor1a Tmem43 Tmem170 Lmnb2 Wee1"
"GOBP_NUCLEAR_EXPORT",-0.995301327416104,0.481081081081081,1,149,-0.225614541078054,40,"Ddx25 Ptpn14 Smurf1 Sfn Nup188 Rangap1 Thoc5 Nup93 Mettl14 Rapgef3 Csprs Nup85 Strada Casc3 Thoc3 Mcm3ap Nemf Xpot Nxf1 Nup214 Fam76b Ddx19b Nsun2 Nup160 Phax Rbm10 Eif6 Uhmk1 Adar Wipf1 Ahcyl1 Gle1 Zc3h11a Prpf4b Nxt1 Lsg1 Chtop Chp1 Ddx19a Tgfb1"
"GOBP_NUCLEAR_MEMBRANE_ORGANIZATION",0.614876486955401,0.961260210035006,1,36,0.229349934384011,17,"Chmp4c Reep3 Cdk1 Tor1a Tmem43 Wee1 Chmp1b Chmp4b Chmp7 Nemp1 Spast Atr Chmp2a Chmp2b Ubxn2b Tor1b Pafah1b1"
"GOBP_NUCLEAR_MEMBRANE_REASSEMBLY",0.936332926986894,0.579272817214939,1,21,0.382515742729317,2,"Chmp4c Reep3"
"GOBP_NUCLEAR_MRNA_SURVEILLANCE",-0.774277926733971,0.743076923076923,1,10,-0.308437895491557,4,"Dxo Exosc4 Dis3 Exosc9"
"GOBP_NUCLEAR_PORE_COMPLEX_ASSEMBLY",-0.737833536429823,0.798964968152866,1,11,-0.287141496561623,1,"Nup93"
"GOBP_NUCLEAR_PORE_ORGANIZATION",-1.00130579261978,0.441441441441441,1,16,-0.346907862058758,2,"Nup93 Nup35"
"GOBP_NUCLEAR_RECEPTOR_MEDIATED_CORTICOSTEROID_SIGNALING_PATHWAY",-1.11663196699615,0.298089737894269,1,15,-0.396816145340501,6,"Nedd4 Psmc3ip Cry1 Nr3c2 Crebrf Akap13"
"GOBP_NUCLEAR_RECEPTOR_MEDIATED_SIGNALING_PATHWAY",0.935151949681034,0.640467884260209,1,132,0.302479901939286,25,"Fabp5 Hmga2 Ahr Trerf1 Paqr8 Klf9 Errfi1 Greb1l Ctbp2 Nr2c1 Ezh2 Dhrs3 Dnaaf4 Esr1 Kdm5d Rxra Trim68 Arv1 Pak1 Pagr1a Prmt2 Thra Aldh1a3 Cry2 Cited2"
"GOBP_NUCLEAR_TRANSCRIBED_MRNA_CATABOLIC_PROCESS",0.629953854175784,0.98717285610841,1,116,0.205542524466503,35,"Nbdy Pnldc1 Noct Tent4a Magohb Pan2 Cpeb3 Apobec1 Pabpc4 Cnot7 Exosc2 Pelo Upf3b Mlh1 Parn Rc3h2 Dhx34 Tent4b Rbm8a Tent2 Exosc7 Tut7 Dis3l2 Gspt1 Tnrc6c Zc3h12a Cnot8 Eif4a3 Angel1 Patl1 Upf1 Cnot6l Magoh Dhx36 Exosc3"
"GOBP_NUCLEAR_TRANSCRIBED_MRNA_CATABOLIC_PROCESS_DEADENYLATION_DEPENDENT_DECAY",0.750046447357941,0.860444245007853,1,49,0.267247140254202,15,"Pnldc1 Noct Tent4a Pan2 Cpeb3 Cnot7 Mlh1 Parn Rc3h2 Tent4b Tnrc6c Cnot8 Patl1 Cnot6l Dhx36"
"GOBP_NUCLEAR_TRANSCRIBED_MRNA_CATABOLIC_PROCESS_NONSENSE_MEDIATED_DECAY",0.751975492494111,0.843356804802032,1,39,0.276922145674535,17,"Pnldc1 Magohb Apobec1 Pabpc4 Upf3b Parn Dhx34 Rbm8a Gspt1 Zc3h12a Eif4a3 Upf1 Magoh Pnrc2 Nbas Etf1 Exosc10"
"GOBP_NUCLEAR_TRANSCRIBED_MRNA_POLY_A_TAIL_SHORTENING",1.04864657331231,0.416766899206158,1,26,0.41207453713162,8,"Pnldc1 Tent4a Pan2 Cpeb3 Cnot7 Mlh1 Parn Tent4b"
"GOBP_NUCLEAR_TRANSPORT",-0.70095787892367,1,1,298,-0.148020633129789,57,"Ddx25 Ptpn14 E2f3 Mbtps2 Smurf1 Ipo11 Sfn Syk Nup188 Rangap1 Thoc5 Traf3ip2 Nup93 Nup35 Bach2 Mettl14 Nedd4 Rangrf Rapgef3 Ufm1 Csprs Nup85 Strada Casc3 Thoc3 Tert Mcm3ap Ipo7 Pml Ipo4 Nemf Mapk14 Axin1 Rsrc1 Kpna6 Xpot Nxf1 Kpna2 Flna Nup214 Ep300 Fam76b Zfp384 Ddx19b Nsun2 Nup160 Kpnb1 Rgs14 Phax Nup54 Rbm10 Eif6 Uhmk1 Phb2 Adar Wipf1 Insig1"
"GOBP_NUCLEIC_ACID_CATABOLIC_PROCESS",0.570810160759065,0.999899829710508,1,311,0.178025568028076,88,"Setmar Dnd1 Ikbke Zc3h12c Rbm47 Nbdy Vegfa Pnldc1 Dnase1 Rnasel Noct Prr5l Slfn1 Hspa1b Tent4a Isg20 Magohb Mov10 Pkp3 Fastkd5 Wdr4 Boll Igf2bp3 Pan2 Mettl1 Ints14 Endog Rnaseh2b Tnfrsf1b Ago4 Apaf1 Dna2 Cpeb3 Apobec1 Pabpc4 Ints9 Mettl3 Ago3 Cnot7 Exosc2 Supv3l1 Armc5 Pelo Mapk9 Cryz Upf3b Nudt16 Mlh1 Parn Rc3h2 Dhx34 Tent4b Oas2 Rbm8a Dnase1l1 Tent2 Carhsp1 Exosc7 Dicer1 Plxnb2 Pnpt1 Cirbp Hspa1a Pcbp4 Rnaseh1 Tut7 Dis3l2 Fen1 Rnaseh2a Gspt1 Mex3d Ints2 Ints3 Elob Tnrc6c Zc3h12a Cnot8 Nrde2 Eif4a3 Mapkapk2 Angel1 Pias4 Patl1 Upf1 Cul3 Larp1 Naf1 Cnot6l"
"GOBP_NUCLEOBASE_BIOSYNTHETIC_PROCESS",-0.720202047219167,0.847986141186661,1,14,-0.261569095977698,14,"Gart Ctps2 Dhodh Prps1l3 Ppat Prps1 Mtor Paics Umps Aprt Cmpk1 Ada Cad Shmt1"
"GOBP_NUCLEOBASE_CONTAINING_COMPOUND_CATABOLIC_PROCESS",0.592653660544065,1,1,441,0.183328693631288,129,"App Setmar Dnd1 Ikbke Zc3h12c Rbm47 Nbdy Vegfa Pnldc1 Dnase1 Tigar Rnasel Noct Pde4d Nudt1 Cbfa2t3 Prr5l Pde8a Slfn1 Entpd1 Hspa1b Uchl1 Gapdhs Tent4a Nt5e Isg20 Magohb Fhit Hk2 Nudt17 Mov10 Pkp3 Fastkd5 Wdr4 Boll Igf2bp3 Pan2 Rptor Mettl1 Ints14 Rasl2-9 Endog Pfkfb1 Rnaseh2b Tnfrsf1b Ago4 Apaf1 Dna2 Nudt9 Pfkfb2 Xpo4 Cpeb3 Zbtb20 Apobec1 Pabpc4 Ints9 Khk Mettl3 Acot7 Cant1 Ago3 Cnot7 Psen1 Pde4c Exosc2 Supv3l1 Entpd7 Armc5 Pelo Mapk9 Hddc2 Cryz Upf3b Nudt16 Mlycd Mlh1 Parn Rc3h2 Dhx34 Sirt6 Tent4b Oas2 Ppargc1a Rbm8a Dnase1l1 Tent2 Carhsp1 Lipa Exosc7 Dicer1 Plxnb2 Pnpt1 Bpgm Cirbp Hspa1a Dctpp1 Pcbp4 Pde7a Rnaseh1 Tut7 Dis3l2 Fen1 Rnaseh2a Acat1 Gspt1 Nudt4 Mex3d Ints2 Prkaa1 Adal Ints3 Elob Tnrc6c Ddit4 Zc3h12a Cnot8 Fkrp Nrde2 Eif4a3 Mapkapk2 Angel1 Pias4 Patl1 Upf1 Cul3 Ada Larp1 Naf1 Cnot6l"
"GOBP_NUCLEOBASE_CONTAINING_COMPOUND_TRANSPORT",-0.773904181784238,1,1,186,-0.172041144923017,32,"Ddx25 Slc35d1 Slc25a26 Lrrc8a Nup188 Thoc5 Nup93 Nup35 Panx1 Mettl14 Slc35e3 Slc25a24 Slc35a1 Nup85 Casc3 Slc25a17 Thoc3 Mcm3ap Rftn2 Lrrc8d Xpot Nxf1 Nup214 Slc35d2 Ddx19b Nsun2 Nup160 Slc35c2 Kpnb1 Phax Nup54 Slc35c1"
"GOBP_NUCLEOBASE_CONTAINING_SMALL_MOLECULE_CATABOLIC_PROCESS",-0.607900345861889,0.933076923076923,1,10,-0.242160465735003,3,"Pnp2 Ahcy Xdh"
"GOBP_NUCLEOBASE_CONTAINING_SMALL_MOLECULE_METABOLIC_PROCESS",0.605426914904277,0.999899959983994,1,475,0.187121772008851,144,"Dctd Nme4 App Slc25a13 Elovl6 Rrm2 Slc25a42 Tyms Slc27a3 Tigar Fcsk Uggt2 Tk1 Noct Ak8 Epha2 Gm17949 Nmnat3 Pde4d Pemt Rpe Fuom Mmut Nudt1 Cbfa2t3 Bckdhb Ldhd Gmpr Pde8a Far2 Cdk1 Entpd1 Pfas Ldhb Uck2 Hspa1b Uchl1 Gapdhs Pcca Nt5e Uprt Npr2 Dcxr H6pd Gpat4 Nampt Fhit Mthfd1 Flad1 Hk2 Nudt17 Extl2 Rptor Tpk1 Fut8 Nudt2 Rasl2-9 Sirt4 Pfkfb1 Rab23 Rnaseh2b Nudt9 Mcee Dip2a Ctns Pfkfb2 Xpo4 Aco1 Oasl2 Zbtb20 Nagk Cacnb4 Khk Pank3 Acot7 Nmrk1 Cant1 Selenon Psen1 Gcdh Pde4c Aldh6a1 Tdo2 Entpd7 Sphk2 Shmt1 Hddc2 Pmm2 Nudt16 Mlycd Cmpk2 Dmac2l Tspo Hmgcs1 Gpam Sirt6 Ppargc1a Gne Lipa Ndufc1 Bpgm Pdhx Mpc2 Hspa1a Dctpp1 Cad Pde7a Dgat1 Naxd Acat1 Mvk Bad Hsd17b4 Nudt4 Ndufs1 Prkaa1 Adal Naprt Acsl1 Gmps Acadsb Ndufb4 Ddit4 Ndufc2 Fkrp Got2 Prps2 Ndufa11 Tbpl1 Impdh1 Ndufa7 Dnajc30 Mthfd2l Pdk1 Acsl5 Ada Bckdk Ndufa9 Acaca Ndufb2 Fitm2 Pank2 Hdac4 Ugdh"
"GOBP_NUCLEOBASE_METABOLIC_PROCESS",-0.610451645281129,0.963003865267808,1,23,-0.193984046575026,7,"Gart Adk Xdh Tet2 Dpysl2 Ctps2 Dhodh"
"GOBP_NUCLEOLAR_CHROMATIN_ORGANIZATION",0.443205238729551,0.993591455273698,1,11,0.207357859531773,11,"Rrp8 Ubtf Smarca5 Phf8 Baz2a Phf2 Suv39h1 Ddx11 Bend3 Sirt1 Sirt2"
"GOBP_NUCLEOLAR_LARGE_RRNA_TRANSCRIPTION_BY_RNA_POLYMERASE_I",-0.79596534859715,0.813414634146341,1,28,-0.242006219599713,28,"Polr2h Ercc2 Smarca4 Nol11 Ercc6 Nop53 Tcof1 Polr1e Polr2e Polr2l Ddx11 Sirt7 Smarcb1 Pwp1 Pih1d1 Dedd Polr1d Mtor Polr2f Taf1b Ncl Ubtf Polr1b Ercc3 Ippk Polr1c Gtf2h5 Polr1a"
"GOBP_NUCLEOLUS_ORGANIZATION",-0.606406770546892,0.953398058252427,1,19,-0.200808565856139,18,"Pes1 Rps19 Sirt2 Sirt1 Bend3 Nolc1 Emg1 Ddx11 Suv39h1 Actr6 Phf2 Rrn3 Baz2a Phf8 Smarca5 Ubtf Polr1b Usp36"
"GOBP_NUCLEOPHAGY",-0.700535892992157,0.89874739039666,1,21,-0.227069457368275,11,"Atg9a Atg5 Atg4d Rb1cc1 Atg13 Atg12 Snx30 Atg2a Atg3 Wipi2 Atg4c"
"GOBP_NUCLEOSIDE_BIOSYNTHETIC_PROCESS",1.19891267889394,0.238788509034187,1,14,0.532193745460788,4,"Dctd Tk1 Cdk1 Nt5e"
"GOBP_NUCLEOSIDE_DIPHOSPHATE_METABOLIC_PROCESS",0.670878600313998,0.96612296110414,1,101,0.221465833017589,45,"App Rrm2 Tigar Cbfa2t3 Entpd1 Uchl1 Gapdhs Nt5e Hk2 Rptor Rasl2-9 Pfkfb1 Nudt9 Pfkfb2 Xpo4 Zbtb20 Khk Cant1 Psen1 Entpd7 Cmpk2 Sirt6 Ppargc1a Lipa Bpgm Cad Bad Prkaa1 Ddit4 Fkrp Hdac4 P2rx7 Pfkp Stat3 Rrm1 Cmpk1 Nudt7 Hif1a Dtymk Prkag2 Slc2a6 Mtch2 Ampd3 Enpp1 Aldoa"
"GOBP_NUCLEOSIDE_METABOLIC_PROCESS",1.01746731119755,0.460845871342258,1,31,0.388659727790043,6,"Dctd Tk1 Pemt Nudt1 Cdk1 Nt5e"
"GOBP_NUCLEOSIDE_MONOPHOSPHATE_BIOSYNTHETIC_PROCESS",0.835619851529602,0.739656563328339,1,40,0.306526701383098,7,"Dctd Tyms Tk1 Gmpr Pfas Uck2 Uprt"
"GOBP_NUCLEOSIDE_MONOPHOSPHATE_CATABOLIC_PROCESS",0.705799468272198,0.847338557146717,1,10,0.336633340905311,6,"Nt5e Hddc2 Ada Nt5c2 Ampd3 Nt5c"
"GOBP_NUCLEOSIDE_MONOPHOSPHATE_METABOLIC_PROCESS",0.930839255938427,0.612242626599889,1,54,0.328116003912012,10,"Dctd Tyms Tk1 Ak8 Gm17949 Gmpr Pfas Uck2 Nt5e Uprt"
"GOBP_NUCLEOSIDE_PHOSPHATE_BIOSYNTHETIC_PROCESS",0.591069977218714,0.999296128707893,1,235,0.186119853476998,81,"Dctd Nme4 Slc25a13 Elovl6 Rrm2 Slc25a42 Tyms Fcsk Tk1 Ak8 Gm17949 Nmnat3 Fuom Mmut Ldhd Gmpr Entpd1 Pfas Uck2 Pcca Uprt Npr2 Nampt Mthfd1 Flad1 Tpk1 Nudt2 Sirt4 Mcee Dip2a Oasl2 Nagk Pank3 Acot7 Nmrk1 Gcdh Sphk2 Shmt1 Pmm2 Mlycd Cmpk2 Dmac2l Gne Lipa Ndufc1 Pdhx Mpc2 Cad Acat1 Ndufs1 Naprt Acsl1 Gmps Ndufb4 Ndufc2 Prps2 Ndufa11 Tbpl1 Impdh1 Ndufa7 Dnajc30 Mthfd2l Pdk1 Acsl5 Ada Bckdk Ndufa9 Acaca Ndufb2 Pank2 Ugdh Uqcc3 Oas1a Stat3 Rrm1 mt-Nd5 Ndufb6 Vcp Ndufv3 Adcy7 Cmpk1"
"GOBP_NUCLEOSIDE_PHOSPHATE_CATABOLIC_PROCESS",0.65462786639432,0.982324529853047,1,130,0.211922316197883,36,"App Tigar Pde4d Cbfa2t3 Pde8a Entpd1 Uchl1 Gapdhs Nt5e Fhit Hk2 Nudt17 Rptor Rasl2-9 Pfkfb1 Nudt9 Pfkfb2 Xpo4 Zbtb20 Khk Acot7 Cant1 Psen1 Pde4c Entpd7 Hddc2 Nudt16 Mlycd Sirt6 Ppargc1a Lipa Bpgm Dctpp1 Pde7a Acat1 Nudt4"
"GOBP_NUCLEOSIDE_TRIPHOSPHATE_BIOSYNTHETIC_PROCESS",0.575710438128694,0.994961158933445,1,94,0.191203622837971,56,"Nme4 Slc25a13 Tyms Ldhd Entpd1 Uck2 Nudt2 Sphk2 Cmpk2 Dmac2l Lipa Ndufc1 Cad Ndufs1 Ndufb4 Ndufc2 Ndufa11 Tbpl1 Impdh1 Ndufa7 Dnajc30 Ndufa9 Ndufb2 Uqcc3 Stat3 mt-Nd5 Ndufb6 Vcp Ndufv3 Impdh2 Dtymk Ndufa1 Aldoa Ndufb11 Ndufb5 Fam3a Ndufa3 Ndufb8 Ak3 Sdha Sdhb Ndufa13 Ndufs7 Ndufa8 Map2k1 Ndufs5 Atpsckmt Ndufb10 Ndufs2 Ndufb9 Sdhd mt-Atp8 mt-Nd4l Ndufs3 Ndufa12 Ndufa10"
"GOBP_NUCLEOSIDE_TRIPHOSPHATE_CATABOLIC_PROCESS",0.645635675374134,0.901242907322345,1,10,0.30793802514602,5,"Entpd7 Nudt16 Dctpp1 Ada Enpp1"
"GOBP_NUCLEOSIDE_TRIPHOSPHATE_METABOLIC_PROCESS",0.478649324753214,1,1,215,0.151300704102238,82,"Nme4 App Slc25a13 Tyms Tigar Cbfa2t3 Ldhd Entpd1 Uck2 Hspa1b Uchl1 Gapdhs Nt5e Hk2 Rptor Nudt2 Rasl2-9 Pfkfb1 Rab23 Ctns Pfkfb2 Xpo4 Zbtb20 Khk Selenon Psen1 Entpd7 Sphk2 Nudt16 Cmpk2 Dmac2l Tspo Sirt6 Ppargc1a Lipa Ndufc1 Bpgm Hspa1a Dctpp1 Cad Bad Ndufs1 Prkaa1 Ndufb4 Ddit4 Ndufc2 Fkrp Ndufa11 Tbpl1 Impdh1 Ndufa7 Dnajc30 Ada Ndufa9 Ndufb2 Hdac4 P2rx7 Uqcc3 Pfkp Stat3 mt-Nd5 Ndufb6 Vcp Ndufv3 Impdh2 Hif1a Dtymk Gtpbp1 Prkag2 Atp6v1a Ndufa1 Slc2a6 Mtch2 Ampd3 Fignl1 Enpp1 Aldoa Ndufb11 Ndufb5 Dnm1l Fam3a Fis1"
"GOBP_NUCLEOSOME_ASSEMBLY",0.422671785769309,0.999773499433749,1,46,0.151829717620996,8,"Nap1l3 Padi4 Tspyl4 Tspyl3 Smarca2 Supt16 Tspyl2 Asf1b"
"GOBP_NUCLEOSOME_ORGANIZATION",-0.429083825185723,1,1,61,-0.109344708103615,10,"Mcm3ap Smarcc1 Chaf1a Chaf1b Smarca4 Kat6b Arid2 Nap1l1 Pole3 Grwd1"
"GOBP_NUCLEOTIDE_BINDING_DOMAIN_LEUCINE_RICH_REPEAT_CONTAINING_RECEPTOR_SIGNALING_PATHWAY",1.06556657327269,0.389583834496031,1,26,0.418723394172096,14,"Nod2 Peli3 Hspa1b Tnfaip3 Slc15a3 Tlr4 Nagk Ptpn22 Slc46a2 Hspa1a Nfkbia Igtp Slc15a4 Ripk2"
"GOBP_NUCLEOTIDE_BINDING_OLIGOMERIZATION_DOMAIN_CONTAINING_1_SIGNALING_PATHWAY",0.996408095325159,0.505944339367738,1,10,0.475240066212471,7,"Peli3 Tnfaip3 Tlr4 Slc46a2 Nfkbia Slc15a4 Ripk2"
"GOBP_NUCLEOTIDE_BIOSYNTHETIC_PROCESS",0.602557850926525,0.99654892407633,1,160,0.192751843331573,18,"Dctd Nme4 Slc25a13 Rrm2 Tyms Ak8 Gm17949 Nmnat3 Ldhd Gmpr Entpd1 Pfas Uck2 Uprt Npr2 Nampt Mthfd1 Flad1"
"GOBP_NUCLEOTIDE_CATABOLIC_PROCESS",0.621965966163959,0.990583609271523,1,115,0.202994861284804,30,"App Tigar Pde4d Cbfa2t3 Pde8a Entpd1 Uchl1 Gapdhs Nt5e Fhit Hk2 Nudt17 Rptor Rasl2-9 Pfkfb1 Nudt9 Pfkfb2 Xpo4 Zbtb20 Khk Psen1 Pde4c Entpd7 Nudt16 Sirt6 Ppargc1a Lipa Bpgm Dctpp1 Pde7a"
"GOBP_NUCLEOTIDE_EXCISION_REPAIR",-0.625043614100125,0.99713055954089,1,73,-0.155708713204221,17,"Xpc Pole Bcl7a Ercc2 Rpa1 Smarcc1 Ogg1 Smarca4 Gtf2h4 Arid2 Ddb2 Elof1 Kat5 Ercc6 Ercc1 Xpa Phf10"
"GOBP_NUCLEOTIDE_METABOLIC_PROCESS",0.545220283667063,1,1,336,0.169614609016801,93,"Dctd Nme4 App Slc25a13 Rrm2 Tyms Tigar Noct Ak8 Epha2 Gm17949 Nmnat3 Pde4d Rpe Cbfa2t3 Ldhd Gmpr Pde8a Entpd1 Pfas Ldhb Uck2 Hspa1b Uchl1 Gapdhs Nt5e Uprt Npr2 Dcxr H6pd Nampt Fhit Mthfd1 Flad1 Hk2 Nudt17 Rptor Nudt2 Rasl2-9 Pfkfb1 Rab23 Rnaseh2b Nudt9 Ctns Pfkfb2 Xpo4 Aco1 Oasl2 Zbtb20 Cacnb4 Khk Nmrk1 Selenon Psen1 Pde4c Entpd7 Sphk2 Shmt1 Nudt16 Cmpk2 Dmac2l Tspo Sirt6 Ppargc1a Lipa Ndufc1 Bpgm Hspa1a Dctpp1 Cad Pde7a Naxd Bad Nudt4 Ndufs1 Prkaa1 Adal Naprt Gmps Ndufb4 Ddit4 Ndufc2 Fkrp Got2 Prps2 Ndufa11 Tbpl1 Impdh1 Ndufa7 Dnajc30 Mthfd2l Ada Ndufa9"
"GOBP_NUCLEOTIDE_SALVAGE",-0.882646558032988,0.672561323445522,1,24,-0.277542655348471,3,"Ampd2 Nadsyn1 Adsl"
"GOBP_NUCLEOTIDE_SUGAR_BIOSYNTHETIC_PROCESS",-0.620054774917802,0.960852043753598,1,25,-0.192630166603099,10,"Mpi Gfpt1 Uap1 Slc35c1 Nans Uap1l1 Pgm3 Gmppa Gnpda1 Gmppb"
"GOBP_NUCLEOTIDE_SUGAR_METABOLIC_PROCESS",0.59429378521779,0.970720981367897,1,38,0.219686743955943,8,"Fcsk Uggt2 Fuom Extl2 Fut8 Nagk Pmm2 Gne"
"GOBP_NUCLEOTIDE_SUGAR_TRANSMEMBRANE_TRANSPORT",-1.12892724167437,0.30961145194274,1,12,-0.42852339951911,5,"Slc35d1 Slc35a1 Slc35d2 Slc35c2 Slc35c1"
"GOBP_NUCLEOTIDE_TRANSMEMBRANE_TRANSPORT",0.686935945609667,0.891005160973212,1,22,0.278184311976549,15,"Abcc4 Slc25a33 Slc25a47 Slc19a1 Lrrc8b Slc46a2 Slc25a4 Slc25a32 Slc25a53 Slc25a36 Slc35b3 Slc25a5 Slc17a9 Lrrc8c Slc25a23"
"GOBP_NUCLEOTIDE_TRANSPORT",0.769248329315112,0.822068642380227,1,35,0.288437828713493,21,"Slc25a42 Abcc4 Slc25a33 Slc25a47 Slc19a1 Abcc1 Lrrc8b Slc46a2 Epg5 Slc25a4 Slc25a32 P2rx7 Slc25a53 Slc25a36 Slc35b3 Ank Slc25a5 Slc17a9 Lrrc8c Abcc5 Slc25a23"
"GOBP_NUCLEUS_ORGANIZATION",0.537029582370318,0.999383413832083,1,130,0.173852288918825,20,"Chmp4c Lmna Dyrk3 Syne2 Tssk6 Reep3 Celf3 Cdk1 3830403N18Rik Zmpste24 Habp4 Armc2 Rrp8 Tmem201 Tor1a Tmem43 Tmem170 Lmnb2 Wee1 Ift88"
"GOBP_NUTRIENT_STORAGE",-0.902309001330366,0.693144722524483,1,58,-0.232374850718124,12,"Sqle Hexb Dab2ip Stard4 Hilpda Apoe Rab40c Soat1 Abcg1 Stat5a Cds2 Tmem135"
"GOBP_N_ACETYLGLUCOSAMINE_METABOLIC_PROCESS",-0.75801500500283,0.785276073619632,1,12,-0.287730825193428,1,"Hexb"
"GOBP_N_ACETYLNEURAMINATE_METABOLIC_PROCESS",-0.611242624371931,0.943099787685775,1,13,-0.226983115641924,13,"Slc35a1 Nans St3gal1 Gnpda1 Renbp Cmah Cmas Nanp Gnpda2 Amdhd2 St6gal1 Gne Nagk"
"GOBP_N_GLYCAN_PROCESSING",0.820475614687038,0.736571575430481,1,16,0.3554190649242,5,"St8sia6 Engase Fut8 Man1c1 Gnptab"
"GOBP_N_TERMINAL_PROTEIN_AMINO_ACID_MODIFICATION",0.763507458514851,0.794036877206748,1,13,0.344199773149478,1,"Hhat"
"GOBP_ODONTOBLAST_DIFFERENTIATION",0.73383526192963,0.820183734125912,1,10,0.350005103435732,4,"Rptor Cebpb Lef1 Ift80"
"GOBP_ODONTOGENESIS",1.00773148961021,0.47754691689008,1,51,0.357230367755171,20,"Wnt10a Car2 Nectin1 Dmrt3 Acvr2a Dll1 Relt Tspear Snx10 Csf1 Ctnna1 Lef1 Wls Nf2 Ift80 Ift88 Zfp422 Gh Dicer1 Hdac2"
"GOBP_ODONTOGENESIS_OF_DENTIN_CONTAINING_TOOTH",0.940616348383481,0.583631536419254,1,39,0.346390939666082,7,"Wnt10a Car2 Nectin1 Dmrt3 Acvr2a Dll1 Relt"
"GOBP_OLIGODENDROCYTE_DEVELOPMENT",0.99025899527435,0.500893388921977,1,30,0.380676113506141,7,"Tenm4 Cd9 Ulk4 Plp1 Abca2 Ccdc39 Hdac11"
"GOBP_OLIGODENDROCYTE_DIFFERENTIATION",0.956066165715622,0.56822633297062,1,64,0.329721898131098,14,"Tnfrsf21 Tenm4 Clcn2 Cd9 Ulk4 Plp1 Zfp365 Sox5 Cdkn2c Notch1 Abca2 Tnfrsf1b Ccdc39 Hdac11"
"GOBP_OLIGOPEPTIDE_TRANSMEMBRANE_TRANSPORT",1.13957103896886,0.311443684685847,1,15,0.499072927154443,6,"Car2 Slc7a11 Abcc4 Slc25a40 Abcc1 Slc15a3"
"GOBP_OLIGOPEPTIDE_TRANSPORT",1.15608229699839,0.280550992038418,1,18,0.488718013585552,8,"Car2 Slc7a11 Abcc4 Slc25a40 Abcc1 Cdh17 Slc15a3 Abcg2"
"GOBP_OLIGOSACCHARIDE_METABOLIC_PROCESS",0.93450211135373,0.590738271305613,1,24,0.372339742940517,10,"St8sia6 Lct St6galnac6 Gla St3gal2 Man2b2 Neu3 St6galnac4 Gm2a B4galt1"
"GOBP_ONE_CARBON_METABOLIC_PROCESS",0.43200315344163,0.997104004029212,1,19,0.180879843152485,6,"Tyms Mthfd1 Shmt1 Fpgs Mthfd2l Sfxn1"
"GOBP_OOCYTE_DIFFERENTIATION",1.11883607428306,0.315567529577135,1,35,0.419519465501937,9,"Tdrkh Wnt4 Rps6ka2 Shb Lgr5 Pabpc1l Asb7 Tdrd7 Npr2"
"GOBP_OOCYTE_MATURATION",0.711198617140763,0.865323175227329,1,22,0.288009819914703,5,"Rps6ka2 Shb Pabpc1l Asb7 Npr2"
"GOBP_OOGENESIS",0.876663093003095,0.702349582784365,1,59,0.305228091875782,11,"Tdrkh Wnt4 Rps6ka2 Paqr8 Shb Lgr5 Pabpc1l Asb7 Mcmdc2 Tdrd7 Npr2"
"GOBP_ORGANELLE_DISASSEMBLY",0.527615241939797,0.99817479063775,1,74,0.179006586714324,29,"Dyrk3 Cdk1 Eif2d Rnf25 Ptrh1 Elac1 Chka Zfand1 Plaat3 Cdk5rap3 Pelo Mrrf Ufl1 Klhdc10 Usp21 Plk3 Zfp598 Gspt1 Mrpl58 Prkaa1 Otud3 Ankzf1 Ascc3 Kif5b Vrk1 Tpgs2 Vcp Spast Denr"
"GOBP_ORGANELLE_FISSION",0.918209236735971,0.763010408326661,1,373,0.28496716782321,85,"Cdkn1c Egf Sec16b Chmp4c Cenpi Tdrkh Rad54l Wnt4 Bub1b Cit Rps6ka2 Cntd1 Kif18a Ccnb2 Kif22 Ggnbp1 Prc1 M1ap Ckap2l Cenpe Tom1l1 Map9 Mki67 Ncapd3 Kif4 Kif15 Katnb1 Klhdc8b Pex11g Stag3 4930550C14Rik Ska2 Ccdc8 Asb7 Ncapg2 Cav2 Reep3 Haspin Nsl1 Lpin1 Cdk1 Slc2a8 Tubg2 Cul9 Ddhd2 Esr1 Ccne2 Hspa1b Nusap1 Birc5 Mcmdc2 Xrcc3 Mnd1 Npr2 Inf2 Mroh1 Bora Cenpv Map10 Rgcc Suv39h2 Eme1 Orc4 Rcc1 Rasl2-9 Tnf Mybl2 Cdca8 Cdca2 Mapt Rad51 Knstrn Ago4 Ccnb1 Pdxp Acox1 Mtbp 1700028K03Rik Abcg2 Tpx2 Igf1r Nek2 Ing2 Brip1 Arhgef10"
"GOBP_ORGANELLE_FUSION",0.526343943047252,0.999693940012242,1,142,0.169454947258349,36,"Chmp4c Pla2g4a Bcl2a1a Cplane2 Diaph3 Grik5 Bcl2a1b Cav2 Atl1 Bcl2a1d Plekhm2 Ankrd27 Snap47 Msto1 Stx3 Znrf1 Cplx2 Bak1 C9orf72 Cln3 Rcc1l Fundc1 Tom1 Vav3 Doc2a Tgfbrap1 Miga2 Miga1 Stx12 Uvrag C2cd5 Chmp1b Atl2 Ldah Adck1 Mul1"
"GOBP_ORGANELLE_INHERITANCE",-0.590687030871048,0.959129275877388,1,15,-0.209911732442533,2,"Mapk3 Golga2"
"GOBP_ORGANELLE_LOCALIZATION",0.816162914337909,0.966189856957087,1,481,0.252183340814507,143,"Bsn Fcer1g Spry2 Chmp4c Gab2 Armcx6 Mreg Lmna Kif18a Kif22 Enkd1 Cenpe Nr4a3 Sytl2 Slc18a2 Unc13b Lat Nrxn1 Lin7b Tac4 Dmd Cenpf Ralb Ctbp2 Syne2 Kif13a Map2 Nefh Katnb1 Spry1 Apold1 Camk2a Cdc42bpa Ska2 Magi2 Pabpc1l Fes Asb7 Tspan4 Cav2 Bicdl2 Itgb1 Bhlha15 Nsl1 Cdk1 Ntn1 Plekhm2 Nusap1 Birc5 Uchl1 Kif1b Exoc8 Hap1 Milr1 Cenpv Tacc3 Tbccd1 Msto1 Prkcz Fnbp1l Rasl2-9 Dock7 Cdca8 Mapt Def8 Knstrn D6Wsu163e Vps33b Ccnb1 Stx3 Myo7a Ptk2 Tanc2 Cplx2 Tmem201 Arfgap3 Pdzd8 Nek2 Plek Rab27a Armcx2 Hmox1 Selenon Psen1 Tor1a Cln3 Spout1 Naglu Lmnb2 Bccip Wipi1 Ahi1 Wdr11 Sphk2 Cep19 Trappc6a Bloc1s3 Rab24 Cep63 Arfgap2 Tmem230 Stard3nl Aspm Zbed3 Sdc4 Abraxas1 Tacc2 Mlh1 Stam Zwint Syne3 Pld2 Kif1c Akap9 Cenpq Stx12 Incenp Syde1 Borcs6 Fyco1 Stk25 Riok2 Ap1ar Synj1 Wapl Wasl Sdc1 Sar1a Ap3m2 Uvrag Pik3cg Chmp1b Cd84 Stk11 Mul1 Lmnb1 Bloc1s4 Dctn2 Cenpc1 Trak1 Exoc2 Cluh Kif16b"
"GOBP_ORGANELLE_MEMBRANE_FUSION",0.507039912499473,0.999791623254845,1,104,0.166915933335364,31,"Chmp4c Pla2g4a Cplane2 Diaph3 Grik5 Cav2 Atl1 Plekhm2 Ankrd27 Snap47 Stx3 Znrf1 Cplx2 C9orf72 Cln3 Tom1 Vav3 Doc2a Tgfbrap1 Stx12 Uvrag C2cd5 Chmp1b Atl2 Pip4k2a Tmem175 Chmp4b Stx16 Chmp7 Stxbp1 Vti1b"
"GOBP_ORGANELLE_TRANSPORT_ALONG_MICROTUBULE",0.829485244305726,0.784127323221534,1,78,0.280026351371027,31,"Armcx6 Mreg Syne2 Kif13a Map2 Nefh Bicdl2 Uchl1 Kif1b Hap1 Prkcz Mapt Tmem201 Armcx2 Cln3 Bloc1s3 Kif1c Borcs6 Fyco1 Ap3m2 Stk11 Bloc1s4 Trak1 Kif16b Ap3s1 Kifc1 Borcs8 Agtpbp1 Kif5b Fbxw11 Spast"
"GOBP_ORGANIC_ACID_BIOSYNTHETIC_PROCESS",0.915339909587633,0.709938327772723,1,188,0.290989355143861,50,"Fabp5 Ldhal6b Mgll Pla2g4a Gstp2 Elovl6 Me3 Asah2 Hacd4 Ggt5 Errfi1 Plp1 Alox5ap Nr1d1 Gcat Asl Mgst2 Per2 Ptges3l Nr1h3 Ldhb Apip Gstm4 Trib3 Rdh10 Prxl2b Rdh9 Mthfd1 Cdo1 Plod3 Abcc1 Ltc4s Pycr2 Pfkfb2 Star Acox1 Scd2 Pnpla8 Srebf1 Gstm1 Psat1 Acot7 Aldh1a3 Sco1 Cbr4 Cln3 Armc5 Mcat Mapk9 Shmt1"
"GOBP_ORGANIC_ACID_CATABOLIC_PROCESS",0.876711604985549,0.765849191004376,1,151,0.281381456510397,36,"Ldhal6b Acad8 Xylb Pon3 Gpt2 Gcsh Dao Mtln Gcat Kyat3 Bckdhb Ldhd Sord Cryl1 Lpin1 Ldhb Nos3 Dcxr Slc27a4 Acad10 Prodh Cdo1 Hmgcll1 Cpt1b Acox1 Ppard Nagk Acad11 Acot7 Pex7 Gcdh Aldh6a1 Etfb Phyh Tdo2 Shmt1"
"GOBP_ORGANIC_CATION_TRANSPORT",0.898927501288149,0.665275184005273,1,60,0.312587950991932,28,"Cacna1a Slc7a7 Slc25a42 Slc22a21 Slc6a20b Rgs2 Slc36a4 Slc25a15 Slc29a4 Slc44a1 Slc7a1 Slc36a3 Slc43a1 Slc25a20 Psen1 Slc43a2 Cln3 Slc7a6 Mfsd12 Slc6a6 Slc29a3 Adora2a Slc38a2 Atp13a3 Slc16a10 Slc36a1 Slc15a4 Slc44a2"
"GOBP_ORGANIC_HYDROXY_COMPOUND_TRANSPORT",0.91506762440094,0.685487158581329,1,143,0.294409644681345,32,"Abcb1b Fcer1g Egf Slc2a13 Slc5a3 Selenom Itgb3 Abcb4 Slc18a2 Abca8b Gramd1b Slc10a1 Abcc4 Xlr4a Slc29a4 Entpd1 Slc44a1 Nr1h3 Scarb1 Lcat Myb Gramd1c Apof Abca2 Tpcn2 Apoa2 Emb Ttc39d Arv1 Abca5 Star Zdhhc8"
"GOBP_ORGANISM_EMERGENCE_FROM_PROTECTIVE_STRUCTURE",0.949065084963166,0.565376632889757,1,23,0.381070113060276,3,"St8sia6 Zfp14 Pemt"
"GOBP_ORGANOPHOSPHATE_BIOSYNTHETIC_PROCESS",0.608458685189285,1,1,440,0.188227874431818,136,"Fabp5 Dctd Nme4 Pik3cb Pla2g4a Sh3yl1 Slc25a13 Elovl6 Rrm2 Pygl Slc25a42 Tyms Fcsk Tk1 Pcyt1b Ak8 Gm17949 Abca8b Nmnat3 Tmem38b Pemt Fuom Mmut Ckb Impa2 Ldhd Gmpr Lpin1 Entpd1 Pfas Uck2 Itpka Dhrs7b Lcat Tmem150a Pcca Uprt Npr2 Gpat4 Nampt Plscr1 Chpt1 Mthfd1 Flad1 Abca2 Inpp5e Capn2 Pip5k1a Chka Apoa2 Agpat5 Tpk1 Nudt2 Inpp1 Sirt4 Pigq Lclat1 Mcee Dip2a Pigp Bpnt1 Pgap3 Oasl2 Ppard Nagk Ipmk Gk5 Serinc1 Plek Pank3 Acot7 Nmrk1 Gphn Gpat3 Pigb Gcdh Plaat3 Agpat2 Cln3 Plcg1 Sphk2 Shmt1 Pmm2 Pigk Mlycd Cmpk2 Dmac2l Hmgcs1 Gpam Pigm Agpat1 Gne Lipa Pld2 Ndufc1 Pdhx Mpc2 Cad Slc25a10 Acat1 Sptlc1 Mvk Uvrag Mocs1 Pik3cg Ndufs1 Prkaa1 Naprt Nfs1 Acsl1 Gmps Pip4k2a Ndufb4 Arrb1 Ndufc2 Vac14 Nus1 Rnf7 Pi4k2a Prps2 Ippk Ndufa11 Inppl1 Tbpl1 Impdh1 Ndufa7 Dnajc30 Mthfd2l Pdk1 Ip6k2 Acsl5 Itpkb Ada Bckdk Ndufa9 Acaca"
"GOBP_ORGANOPHOSPHATE_CATABOLIC_PROCESS",0.736219965331852,0.946455734712504,1,165,0.23520860920444,50,"Pla2g4a App Tigar Smpd5 Pde4d Cbfa2t3 Pde8a Entpd1 Scarb1 Uchl1 Gapdhs Nt5e Smpd4 Fhit Hk2 Nudt17 Apoa2 Rptor Plpp6 Rasl2-9 Pfkfb1 Gdpd3 Pdxp Nudt9 Pfkfb2 Xpo4 Zbtb20 Pnpla8 Khk Acot7 Cant1 Mgat1 Psen1 Pde4c Entpd7 Pla2g6 Plcg1 Hddc2 Nudt16 Mlycd Plcb3 Sirt6 Ppargc1a Lipa Pld2 Bpgm Dctpp1 Pde7a Acat1 Nudt4"
"GOBP_ORGANOPHOSPHATE_ESTER_TRANSPORT",0.78645622896548,0.874896523178808,1,115,0.256680560979976,18,"Abcb1b Ano7 Plekha8 Nme4 Slc25a42 Abcb4 Atp10a Plscr3 Abcc4 Slc35a3 Kcnn4 Slc25a33 Scarb1 Slc25a47 Slc19a1 Plscr1 Apoa2 Abcc1"
"GOBP_OSSIFICATION",1.08640342547421,0.289925297799314,1,203,0.344303352419354,56,"Creb3l1 Smad3 Lmna Egr2 Bmpr2 Isg15 Wnt4 Kremen2 Cebpd Ahr Bambi Mmp14 Nr1i3 Csf1r Crim1 Vegfa Acvr2a Noct Ecm1 Cd276 Epha2 Klf10 Tgfbr3 Tmem38b Hemgn Trpm4 Ext1 Dhrs3 Ccr1 Hspg2 Rbpj Rxra Notch1 Fgf2 Npr2 Fstl3 Zmpste24 Snx10 Csf1 Gpld1 Atraid Tnf Cebpb Snai1 Ptk2 Col10a1 Smad5 Thra Acvr1b Hdac8 Lef1 Pex7 Suco Ski Riox1 Ift80"
"GOBP_OVARIAN_FOLLICLE_DEVELOPMENT",1.16350512905581,0.240884229717411,1,43,0.421938550488278,13,"Ahr Mmp14 Angpt1 Vegfa Pcyt1b Gnrh1 Esr1 Npr2 Cebpb Immp2l Ctnna1 Sod1 Gas2"
"GOBP_OVULATION_CYCLE_PROCESS",1.1445040554261,0.284425736620565,1,27,0.447119969349736,11,"Pla2g4a Pde4d Esr1 Nos3 Notch1 Npr2 Afp Gas2 Plekha1 Scaper Nrip1"
"GOBP_OXIDATIVE_PHOSPHORYLATION",0.711746141861336,0.94971546818417,1,117,0.232153701133044,67,"Cox7a1 Tefm Cdk1 Slc25a33 Cox6b2 Etfrf1 Tnf Ccnb1 Bid Cox6a2 Uqcrq Ndufc1 Ndufs1 Ndufb4 Ndufc2 Ndufa11 Ndufa7 Dnajc30 Ndufa9 Ndufb2 Uqcr10 Msh2 Coq9 Uqcc3 Sirt3 Cox6b1 mt-Nd5 Ndufb6 Vcp Ndufv3 Ndufaf1 Cox6a1 Cox7b Ndufa1 Mtch2 Cox8a Ndufb11 Ndufb5 Cyc1 Ndufa3 Ndufb8 Shmt2 Slc25a23 Sdha Sdhb Cox6c Ndufa13 Cox7c Coq7 Ndufs7 Abcd1 Ndufa8 Cox4i1 Uqcr11 Ndufs5 Cox7a2 Atpsckmt Ndufb10 Ndufs2 Ndufb9 Dnajc15 Sdhd mt-Atp8 mt-Nd4l Ndufs3 Ndufa12 Ndufa10"
"GOBP_P38MAPK_CASCADE",1.02170935761557,0.456541218637993,1,50,0.363256952312852,14,"Nod2 Map3k20 Ager Map3k15 Ulk4 Mfhas1 Kcnn4 Rell2 Pja2 Nagk Ptpn22 Fbxo31 Map3k5 Phlpp1"
"GOBP_PALLIUM_DEVELOPMENT",0.935213399246107,0.633929494469141,1,118,0.304853397842109,33,"Kif3a Nr4a3 Fktn Csf1r Fgf13 Ulk4 Dmd Ncapd3 Syne2 Ncapg2 Lrp8 Atg7 Bbs4 Cdk5r1 Cdon Tacc3 Abcc1 Tmem108 Ccdc39 Fbxo45 Lef1 Atat1 Psen1 Nf2 Aspm Tacc2 Uqcrq Ncaph2 Ptprs Dicer1 Nfix Bbs2 Hdac2"
"GOBP_PANCREAS_DEVELOPMENT",0.703711991643849,0.892213452703499,1,33,0.26616443137844,11,"Dll1 Ccdc39 Wfs1 Igf1r Wls Pde3b Ift88 Srp54a Gdf11 Sox4 Bad"
"GOBP_PENTOSE_PHOSPHATE_SHUNT",0.755840557768267,0.819063208259884,1,19,0.316470656402009,4,"Tigar Rpe H6pd Rptor"
"GOBP_PEPTIDE_ANTIGEN_ASSEMBLY_WITH_MHC_CLASS_II_PROTEIN_COMPLEX",-0.917459226127883,0.550769230769231,1,10,-0.365474958197309,10,"H2-Ob H2-DMb2 H2-DMb1 H2-DMa H2-Oa H2-Ab1 H2-Aa H2-Eb1 H2-Eb2 B2m"
"GOBP_PEPTIDE_ANTIGEN_ASSEMBLY_WITH_MHC_PROTEIN_COMPLEX",0.5485010187369,0.969731800766284,1,17,0.234791849437831,7,"Tapbpl Tapbp B2m H2-Eb2 Tap2 Tap1 Pdia3"
"GOBP_PEPTIDE_CATABOLIC_PROCESS",-1.08607386510501,0.348076923076923,1,10,-0.432643532425621,5,"Ece1 Nln Lta4h Tpp1 Npepps"
"GOBP_PEPTIDE_METABOLIC_PROCESS",0.99598933387746,0.492714133396517,1,31,0.380455410337443,7,"Nod2 Slc7a11 Ggt5 Dmd Mgst2 Lgals4 Cpd"
"GOBP_PEPTIDE_TRANSPORT",0.92313499981459,0.690399027749646,1,182,0.293985659748028,33,"Car2 Pask Hmga2 Camk2n1 Hmgn3 Slc18a2 Apln Gnao1 Slc7a11 Nrxn1 Nr1d1 Glrx Ffar2 Per2 Trpm4 S100a8 Cask Abcc4 Atg7 Slc25a40 Brsk2 Birc5 Pde1c Ildr1 Tm7sf3 Hfe Abcc1 Rptor Gpld1 Cdh17 Tnf Sirt4 Slc15a3"
"GOBP_PEPTIDYL_AMINO_ACID_MODIFICATION",1.00394904646459,0.482744823447034,1,411,0.310937961607735,83,"Il15 Zap70 Tssk4 Spry2 Myo3b Il12rb1 Egf Nod2 Egr2 Tnfsf18 Zdhhc1 Il9r Prdm1 Hbegf Ifih1 Ttll11 Hhat Kif3a Ikbke Zfyve28 Rps6ka2 Tnfrsf14 Itgb3 Csf1r Cass4 Il2 Loxl2 Angpt1 Vegfa Errfi1 Il24 Lipt2 Dyrk3 Stox1 Map3k12 Socs1 Camk2a Eef1akmt1 Trpm4 S100a8 Fes Tssk6 Wnk3 Itgb1 Asph Rab3d Cdk1 Brsk2 Jak3 Cdk5r1 Cntf Srcin1 Fn3krp Camkmt Mettl21c Plod3 Zdhhc21 Apoa2 Il12a Cd4 Abi2 Ncoa7 Sirt5 Prkcz Dnajc24 Sirt4 Pak1 Tlr4 Ctnnd1 P4ha1 Icam1 Vps33b Dip2a Ptk2 Zdhhc8 Bak1 Hint2 Zdhhc3 Adh5 Srms Ptpn22 Acvr1b Igf1r"
"GOBP_PEPTIDYL_LYSINE_ACETYLATION",0.599048351335379,0.955271565495208,1,22,0.242593002334472,10,"Kif3a Dip2a Hint2 Atat1 Hdac2 Nat8f1 Sirt3 Kat2a Dip2b Kat7"
"GOBP_PEPTIDYL_LYSINE_METHYLATION",0.823553212342887,0.737037037037037,1,17,0.35253094384717,3,"Eef1akmt1 Camkmt Mettl21c"
"GOBP_PEPTIDYL_LYSINE_MODIFICATION",0.652811638748683,0.976346775033865,1,105,0.214778301032799,16,"Egr2 Ifih1 Kif3a Loxl2 Lipt2 Eef1akmt1 Trpm4 Fn3krp Camkmt Mettl21c Plod3 Sirt5 Sirt4 Vps33b Dip2a Hint2"
"GOBP_PEPTIDYL_L_CYSTEINE_S_PALMITOYLATION",1.10195773255701,0.364562657139076,1,12,0.505650781828356,6,"Zdhhc1 Zdhhc21 Zdhhc8 Zdhhc3 Zdhhc12 Zdhhc2"
"GOBP_PEPTIDYL_PROLINE_MODIFICATION",-0.635324509661188,0.912692307692308,1,10,-0.253085033097463,4,"Ntmt1 Ogfod1 Egln2 Ppil1"
"GOBP_PEPTIDYL_SERINE_MODIFICATION",0.938269615932008,0.625,1,115,0.306228830668293,14,"Tssk4 Spry2 Myo3b Ikbke Rps6ka2 Angpt1 Il24 Stox1 Map3k12 Camk2a Tssk6 Cdk1 Brsk2 Cdk5r1"
"GOBP_PEPTIDYL_THREONINE_DEPHOSPHORYLATION",-0.928276572306257,0.54,1,10,-0.369784107890023,4,"Pdp1 Pdp2 Ppp2ca Dusp1"
"GOBP_PEPTIDYL_TYROSINE_AUTOPHOSPHORYLATION",0.604744887140636,0.931099702783032,1,10,0.288435031343841,4,"Ctnnd1 Ptk2 Srms Igf1r"
"GOBP_PEPTIDYL_TYROSINE_DEPHOSPHORYLATION",0.508868172814942,0.981495759444873,1,16,0.220434887904086,7,"Dusp18 Ubash3b Dusp6 Ptprs Ptpn1 Dusp5 Epm2a"
"GOBP_PERICARDIUM_DEVELOPMENT",1.19814183509175,0.239963384333726,1,13,0.540138990445053,6,"Smad3 Tgfbr3 Rpgrip1l Rxra Notch1 Vcam1"
"GOBP_PERIPHERAL_NERVOUS_SYSTEM_AXON_ENSHEATHMENT",1.16291629057441,0.269859514687101,1,17,0.497799014547172,7,"Ndrg1 Itgb4 Prx Sod1 Arhgef10 Ski Dicer1"
"GOBP_PERIPHERAL_NERVOUS_SYSTEM_DEVELOPMENT",1.09383273139689,0.342525068368277,1,43,0.396672249770633,17,"Egr2 Ndrg1 Slc5a3 Itgb4 Dmd Nefh Prx Vcam1 Sod1 Erbb3 Arhgef10 Cited2 Ski Sos1 Lamb2 Dicer1 Tbce"
"GOBP_PERK_MEDIATED_UNFOLDED_PROTEIN_RESPONSE",-0.895831915658941,0.619796954314721,1,20,-0.293409833452865,20,"Nck2 Eif2ak3 Qrich1 Atad3a Atf4 Nck1 Ddrgk1 Akt1 Rpap2 Eif2s1 Abca7 Tmed2 Akt2 Akt3 Hspa5 Ptpn2 Igtp Nfe2l2 Tmem33 Ptpn1"
"GOBP_PEROXISOMAL_TRANSPORT",-0.778258698299401,0.79746192893401,1,20,-0.254901339257717,2,"Trim37 Pex10"
"GOBP_PEROXISOME_FISSION",1.1355105203795,0.321940016211835,1,10,0.541585418085159,2,"Sec16b Pex11g"
"GOBP_PEROXISOME_ORGANIZATION",0.606524289862323,0.963247459229497,1,32,0.23061736424341,6,"Sec16b Pex11g Pex12 Acox1 Pex7 Plaat3"
"GOBP_PEROXISOME_PROLIFERATOR_ACTIVATED_RECEPTOR_SIGNALING_PATHWAY",1.05152201980819,0.41916393855452,1,19,0.440272568612135,1,"Fabp5"
"GOBP_PHAGOCYTOSIS",1.10986294892423,0.255567985355436,1,155,0.355723046173353,41,"Il15 Fcer1g Nod2 Sirpa Ager C2 Axl Rap1gap Il15ra Clcn2 Itgb3 Pip4p2 Cryba1 Abr Ticam2 Elmo3 Cfp Atg7 Itgb1 Cd302 Nr1h3 Scarb1 Ighg3 Plscr1 Lyst Itgav Apoa2 Appl1 Bcr Sod1 Tlr4 Slc48a1 Myo7a Eif2ak1 Ptk2 Elmo1 Icam4 Rab27a Appl2 Cln3 4933434E20Rik"
"GOBP_PHAGOCYTOSIS_ENGULFMENT",1.10414754396275,0.335027180335618,1,32,0.419827533011621,4,"Fcer1g Sirpa Ager Clcn2"
"GOBP_PHAGOLYSOSOME_ASSEMBLY",-0.854064139124995,0.641308793456033,1,12,-0.32418959769488,2,"Rab39 Rab20"
"GOBP_PHAGOSOME_MATURATION",1.12215706266524,0.314613600293005,1,23,0.450570277546168,4,"Mreg Slc9a9 Unc13b Rab32"
"GOBP_PHENOL_CONTAINING_COMPOUND_BIOSYNTHETIC_PROCESS",0.707448884216192,0.869774919614148,1,21,0.289010807576535,7,"Slc7a11 Dao Appl1 Pmel Ctns Mfsd12 Gipc1"
"GOBP_PHENOL_CONTAINING_COMPOUND_METABOLIC_PROCESS",0.521418983545169,0.992528735632184,1,41,0.190666872691577,9,"Slc7a11 Dao Slco4a1 Appl1 Pmel Ctns Mfsd12 Aoc2 Gipc1"
"GOBP_PHOSPHATE_ION_TRANSMEMBRANE_TRANSPORT",0.896318260756865,0.636990002701972,1,10,0.427501895647017,1,"Slc34a1"
"GOBP_PHOSPHATE_ION_TRANSPORT",0.903063143574779,0.632263096321331,1,14,0.40086702328483,7,"Slc34a1 Cebpb Cry2 Slc25a10 Ip6k2 Slc20a2 Ank"
"GOBP_PHOSPHATIDIC_ACID_BIOSYNTHETIC_PROCESS",-0.72703297422013,0.845945945945946,1,16,-0.251884545752046,6,"Dgka Dgkh Abhd5 Bscl2 Sh3glb1 Dgkq"
"GOBP_PHOSPHATIDIC_ACID_METABOLIC_PROCESS",0.556429771539731,0.966283524904215,1,17,0.238185838638798,6,"Lpin1 Agpat2 Pla2g6 Gpam Agpat1 Pld2"
"GOBP_PHOSPHATIDYLETHANOLAMINE_METABOLIC_PROCESS",0.984092602777367,0.516219667943806,1,17,0.421251582642945,6,"Lpin1 Chka Pnpla8 Plaat3 Pla2g6 Prkaa1"
"GOBP_PHOSPHATIDYLGLYCEROL_METABOLIC_PROCESS",0.851427564832974,0.697250064250835,1,16,0.368827035839516,5,"Pla2g4a Lclat1 Pnpla8 Pla2g6 Gpam"
"GOBP_PHOSPHATIDYLINOSITOL_3_KINASE_PROTEIN_KINASE_B_SIGNAL_TRANSDUCTION",0.971953592774978,0.578539042821159,1,209,0.307628394194446,27,"Eng Tmem100 Spry2 Egf Gab2 Pik3cb Hbegf Axl Serpine2 Csf1r Cass4 Pik3r3 Angpt1 Vegfa Meis3 Nrxn1 Ulk4 Errfi1 Stox1 Obscn Cryba1 Hyal2 Mfhas1 Magi2 Prr5l Itgb1 Pik3r2"
"GOBP_PHOSPHATIDYLINOSITOL_3_PHOSPHATE_BIOSYNTHETIC_PROCESS",0.617598678720544,0.937318336913939,1,18,0.261081412838023,1,"Pik3cb"
"GOBP_PHOSPHATIDYLINOSITOL_BIOSYNTHETIC_PROCESS",-0.699667711230206,0.993333333333333,1,80,-0.172036544161289,21,"Pigw Pip5k1b Pi4k2b Pgap1 Pgap2 Pigu Pik3r4 Pigl Itpkc Pik3c2b Mtmr4 Pigs Pigf Inpp4a Pi4kb Mboat7 Pik3c3 Pi4ka Ube3c Ttc7b Pigo"
"GOBP_PHOSPHATIDYLINOSITOL_DEPHOSPHORYLATION",-0.705175440112601,0.896748431260696,1,24,-0.221737979210545,8,"Inpp5f Mtm1 Mtmr1 Mtmr9 Mtmr4 Mtmr6 Inpp5k Synj2"
"GOBP_PHOSPHATIDYLINOSITOL_MEDIATED_SIGNALING",0.745269986986316,0.826008738113595,1,16,0.322840992650079,6,"Pik3cb Plcl1 Plcg1 Plcb3 Synj1 Pik3cg"
"GOBP_PHOSPHATIDYLINOSITOL_METABOLIC_PROCESS",0.510722631615268,0.99979274611399,1,114,0.166903543031076,26,"Pik3cb Sh3yl1 Plcd4 Mtmr7 Pip4p2 Impa2 Itpka Tmem150a Inpp5e Pip5k1a Agpat5 Inpp1 Pigq Lclat1 Pigp Bpnt1 Pgap3 Ipmk Inpp5b Pigb Plcl1 Ocrl Plcg1 Pigk Plcb3 Pigm"
"GOBP_PHOSPHATIDYLINOSITOL_PHOSPHATE_BIOSYNTHETIC_PROCESS",0.599528718605081,0.970259799453054,1,43,0.217415696920566,8,"Pik3cb Impa2 Itpka Tmem150a Inpp5e Pip5k1a Inpp1 Bpnt1"
"GOBP_PHOSPHATIDYLSERINE_METABOLIC_PROCESS",-0.9227120519455,0.545769230769231,1,10,-0.367567450420875,1,"Serinc5"
"GOBP_PHOSPHOLIPASE_C_ACTIVATING_G_PROTEIN_COUPLED_RECEPTOR_SIGNALING_PATHWAY",1.15639387401083,0.254827586206897,1,41,0.422857645224651,9,"Gpr157 Ptger1 Sele Il2 Vegfa Nrxn1 Ffar2 Rgs2 Esr1"
"GOBP_PHOSPHOLIPID_BIOSYNTHETIC_PROCESS",0.651394944383724,0.98987444309437,1,176,0.207675553452099,44,"Fabp5 Pik3cb Pla2g4a Sh3yl1 Pcyt1b Abca8b Tmem38b Pemt Impa2 Lpin1 Itpka Dhrs7b Lcat Tmem150a Gpat4 Plscr1 Chpt1 Abca2 Inpp5e Capn2 Pip5k1a Chka Apoa2 Agpat5 Inpp1 Pigq Lclat1 Pigp Bpnt1 Pgap3 Ppard Serinc1 Gpat3 Pigb Plaat3 Agpat2 Cln3 Sphk2 Pigk Hmgcs1 Gpam Pigm Agpat1 Pld2"
"GOBP_PHOSPHOLIPID_CATABOLIC_PROCESS",0.966062922509959,0.537939249553306,1,30,0.371374640875228,12,"Pla2g4a Smpd5 Scarb1 Smpd4 Apoa2 Plpp6 Gdpd3 Pnpla8 Pla2g6 Plcg1 Plcb3 Pld2"
"GOBP_PHOSPHOLIPID_DEPHOSPHORYLATION",0.946480462096347,0.57173245095722,1,32,0.35987813369534,13,"Plpp1 Plpp5 Plppr3 Mtmr7 Pip4p2 Inpp5e Plpp6 Sgpp1 Inpp5b Ocrl Plpp2 Sgpp2 Synj1"
"GOBP_PHOSPHOLIPID_HOMEOSTASIS",0.990806213157692,0.515401242907322,1,10,0.472568230380674,3,"Tlcd2 Tlcd1 Lyst"
"GOBP_PHOSPHOLIPID_METABOLIC_PROCESS",0.767255085106436,0.95631214221151,1,253,0.240861464114631,66,"Fabp5 Plpp1 Pik3cb Pla2g4a Sh3yl1 Plpp5 Plppr3 Pcyt1b Plcd4 Smpd5 Mtmr7 Pip4p2 Abca8b Tmem38b Pemt Impa2 Lpin1 Nr1h3 Scarb1 Itpka Dhrs7b Lcat Tmem150a Smpd4 Gpat4 Plscr1 Chpt1 Lyst Abca2 Inpp5e Capn2 Pip5k1a Chka Apoa2 Plpp6 Agpat5 Inpp1 Pigq Lclat1 Gdpd3 Pigp Bpnt1 Pgap3 Ppard Pnpla8 Sgpp1 Ipmk Serinc1 Inpp5b Gpat3 Pigb Plaat3 Plcl1 Agpat2 Cln3 Ocrl Pla2g6 Plcg1 Sphk2 Pigk Plpp2 Plcb3 Hmgcs1 Gpam Pigm Agpat1"
"GOBP_PHOSPHOLIPID_TRANSPORT",0.930613527872883,0.614931880108992,1,63,0.321505426128023,12,"Abcb1b Ano7 Plekha8 Nme4 Abcb4 Atp10a Plscr3 Kcnn4 Scarb1 Plscr1 Apoa2 Abcc1"
"GOBP_PHOTOPERIODISM",0.762817965538784,0.807815978233985,1,21,0.311630481258744,6,"Fbxl21 Per2 Nr2f6 Sik1 Cry2 Crtc1"
"GOBP_PHYSIOLOGICAL_CARDIAC_MUSCLE_HYPERTROPHY",-0.741389261607266,0.873222748815166,1,26,-0.228892449057998,9,"Trip10 G6pdx Foxp1 Pdlim5 Ep300 Rbm10 Dyrk1a Sirt1 Akap13"
"GOBP_PIECEMEAL_MICROAUTOPHAGY_OF_THE_NUCLEUS",-0.836283044285967,0.696396396396396,1,16,-0.289734829367353,6,"Atg9a Atg5 Atg4d Rb1cc1 Atg13 Atg12"
"GOBP_PIGMENTATION",0.584283207250454,0.990981318445351,1,74,0.198232602644061,24,"Mreg Mitf Rab32 Kif13a Ankrd27 Lyst Tpcn2 Abcc1 Pmel Dock7 Hps4 Vps33b Myo7a Rab27a Bloc1s3 Mfsd12 Szt2 Atrn Recql4 Rab29 Bloc1s4 Dctn2 Atp6ap2 Gnaq"
"GOBP_PIGMENT_BIOSYNTHETIC_PROCESS",0.547849658418525,0.98584850945366,1,37,0.20328040149691,11,"Slc7a11 Appl1 Pmel Srrd Ctns Ppox Abcg2 Cox15 Mfsd12 Alas1 Gipc1"
"GOBP_PIGMENT_CELL_DIFFERENTIATION",1.16286247785108,0.271085827355924,1,21,0.475058808236791,7,"Mreg Mitf Rab32 Ankrd27 Hps4 Rab27a Bloc1s3"
"GOBP_PIGMENT_GRANULE_LOCALIZATION",1.11340354384536,0.341633337633854,1,15,0.487612923397764,5,"Mreg Vps33b Myo7a Rab27a Bloc1s3"
"GOBP_PIGMENT_GRANULE_ORGANIZATION",-0.934502566543414,0.56989247311828,1,34,-0.2710350115931,7,"Ap1s2 Hps6 Apoe Ap3d1 Snapin Abcb6 Ap1s3"
"GOBP_PIGMENT_METABOLIC_PROCESS",0.625870923317248,0.965125435932051,1,48,0.223557595326394,14,"Lct Slc7a11 Appl1 Pmel Srrd Slc48a1 Ctns Ppox Abcg2 Hmox1 Cox15 Mfsd12 Alas1 Gipc1"
"GOBP_PINOCYTOSIS",0.710856353102956,0.86643581498887,1,21,0.290402845018006,7,"Axl Kcnn4 Nr1h3 Appl1 Mapkapk3 Appl2 Cln3"
"GOBP_PLACENTA_DEVELOPMENT",0.919452002428607,0.656341873162537,1,96,0.304902511959539,19,"Cdkn1c Socs3 Bmpr2 Plcd3 Pla2g4a Prdm1 Fzd5 St14 Vash2 Rbpj Rxra Itgav Vcam1 Cebpb Snai1 Ppard Fosl1 Lef1 Cited2"
"GOBP_PLASMA_CELL_DIFFERENTIATION",-1.10560105010254,0.322452229299363,1,11,-0.430264991291487,2,"Lgals1 Itm2a"
"GOBP_PLASMA_LIPOPROTEIN_PARTICLE_CLEARANCE",0.984995588227417,0.511433756805808,1,25,0.39011381440453,13,"Rbm47 Itgb3 Scarb1 Itgav Apoa2 Gpld1 Apobec1 Cnpy2 Lrpap1 Lipa Washc1 Apom Ldlrap1"
"GOBP_PLASMA_MEMBRANE_ORGANIZATION",1.07870486159642,0.339648314841951,1,99,0.356517979193253,18,"Izumo1r Ano7 Chmp4c Tlcd2 Ndrg1 Atp10a Cd9 Agrn Tmem95 Prf1 Epb41l3 Nox1 Adam1a Plscr3 Cav2 Dcst1 Prx Tlcd1"
"GOBP_PLASMA_MEMBRANE_PHOSPHOLIPID_SCRAMBLING",-0.943633165024764,0.514438027543314,1,15,-0.335337771287248,5,"Serinc5 Atg9a Xkr8 Tmem41b Ano6"
"GOBP_PLASMA_MEMBRANE_REPAIR",0.749709551484969,0.826860254083485,1,25,0.296927271879095,2,"Chmp4c Prf1"
"GOBP_PLASMA_MEMBRANE_TUBULATION",0.5227836215761,0.978154716011308,1,16,0.226462874230746,5,"Atp10a Fnbp1l Bin3 Pacsin1 Wasl"
"GOBP_PLATELET_AGGREGATION",1.16802693778003,0.24997055012369,1,33,0.441781907116148,10,"Serpine2 F11r Itgb3 Cd9 Slc7a11 Gla Entpd1 Ubash3b Vps33b Plek"
"GOBP_PLATELET_DERIVED_GROWTH_FACTOR_RECEPTOR_SIGNALING_PATHWAY",0.898790146591275,0.650339979255503,1,40,0.329699178838256,7,"Itgb3 Nr4a3 Vegfa Glrx Npr2 Bcr Lrig2"
"GOBP_PLATELET_MORPHOGENESIS",0.867037236562965,0.674838872741059,1,18,0.366528158988279,3,"Csf1r Nbeal2 Actn1"
"GOBP_PODOSOME_ASSEMBLY",1.03686025105634,0.440667256413497,1,18,0.438318520729653,6,"Asb2 Diaph3 Farp2 Tnf Mapk9 Hck"
"GOBP_POLARIZED_EPITHELIAL_CELL_DIFFERENTIATION",0.77631547666332,0.778615852851661,1,12,0.356224668263263,2,"Syne4 Ttc8"
"GOBP_POLYAMINE_BIOSYNTHETIC_PROCESS",-0.766748059134326,0.753461538461539,1,10,-0.305438331077315,10,"Sms Amd1 Srm Sat1 Oaz1 Paox Azin1 Odc1 Amd2 Oaz2"
"GOBP_POLYAMINE_METABOLIC_PROCESS",-0.822711125294992,0.700636942675159,1,13,-0.305511309334183,13,"Hdac6 Dhps Sms Amd1 Srm Hdac10 Sat1 Oaz1 Paox Azin1 Odc1 Amd2 Oaz2"
"GOBP_POLYOL_BIOSYNTHETIC_PROCESS",0.66063389518259,0.93551724137931,1,41,0.241573480758411,18,"Asah2 Acer2 Impa2 Itpka Abca2 Acer3 Cyp2r1 Ipmk Plek Plcg1 Sphk2 Agk Pck2 Sptlc1 Arrb1 Ippk Ip6k2 Itpkb"
"GOBP_POLYOL_METABOLIC_PROCESS",0.907633869824544,0.660462614308768,1,72,0.308842880716438,31,"Plpp1 Pla2g4a Slc5a3 Asah2 Degs2 Acer2 Impa2 Sord Itpka Abca2 Acer3 Cyp2r1 Sgpp1 Ipmk Gk5 Plek Plcg1 Sphk2 Plpp2 Plcb3 Agk Sgpp2 Pck2 Sptlc1 Nudt4 Arrb1 Fkrp Ippk Inppl1 Ip6k2 Itpkb"
"GOBP_POLYSACCHARIDE_BIOSYNTHETIC_PROCESS",0.720026318837829,0.883720930232558,1,42,0.262229836204503,5,"Egf Pask Nr1d1 Per2 Ext1"
"GOBP_POLYSACCHARIDE_CATABOLIC_PROCESS",-0.845708175969232,0.742145820983995,1,27,-0.258676115774252,11,"Pygm Pgm1 Agl Pygb Gaa Rb1cc1 Ppp1r3e Ppp1ca Ppp1cb Atg12 Pomc"
"GOBP_POLYSACCHARIDE_METABOLIC_PROCESS",-0.796309580574826,0.912332838038633,1,76,-0.196683951617844,25,"Sorbs1 Ppp1r3f 1810024B03Rik Pygm Pgm1 Agl Gfpt1 Phka2 Pygb Stk40 Gbe1 Gaa Blvra Ugp2 Ptger4 Rb1cc1 Ppp1r2 Smpd3 Ppp1r3e Ppp1ca Il6st Inpp5k Rubcnl Ppp1cb Atg12"
"GOBP_PORE_COMPLEX_ASSEMBLY",0.718368171838483,0.856944268924555,1,18,0.303680340816151,1,"Plekha7"
"GOBP_PORPHYRIN_CONTAINING_COMPOUND_METABOLIC_PROCESS",-0.908193770333729,0.64177131526768,1,33,-0.266221373086279,7,"Iba57 Abcb10 Abcb7 Blvrb Abcb6 Blvra Cyb5r4"
"GOBP_POSITIVE_REGULATION_OF_ACTIN_FILAMENT_BUNDLE_ASSEMBLY",0.808901930654704,0.780765724703738,1,43,0.293343707375477,13,"Smad3 Tgfb3 Wnt4 Kiss1r Rhoc Lima1 Sorbs3 Rgcc Pak1 Plek Arhgef10 Nf2 Sdc4"
"GOBP_POSITIVE_REGULATION_OF_ADAPTIVE_IMMUNE_RESPONSE",0.890751599875046,0.714790195263814,1,110,0.291970816112071,10,"Fcer1g Il12rb1 Nod2 H2-Q2 Foxp3 Pla2g4a 6030468B19Rik Cd55b Il2 Fzd5"
"GOBP_POSITIVE_REGULATION_OF_ALCOHOL_BIOSYNTHETIC_PROCESS",-0.946974663748713,0.513164193393968,1,18,-0.318309443442332,6,"Gpr146 Mbtps2 Abcg1 Kpnb1 Myh9 Insig1"
"GOBP_POSITIVE_REGULATION_OF_ALPHA_BETA_T_CELL_ACTIVATION",0.724303481556053,0.900143124518331,1,58,0.252745483316004,5,"Zap70 Foxp3 Cd55b Shb Socs1"
"GOBP_POSITIVE_REGULATION_OF_ALPHA_BETA_T_CELL_DIFFERENTIATION",0.841691133336514,0.738263445761167,1,43,0.305234526165813,4,"Zap70 Foxp3 Shb Socs1"
"GOBP_POSITIVE_REGULATION_OF_ALPHA_BETA_T_CELL_PROLIFERATION",0.873565293934208,0.673690932311622,1,17,0.373939161389049,2,"Zap70 Cd55b"
"GOBP_POSITIVE_REGULATION_OF_AMIDE_METABOLIC_PROCESS",0.61205204355582,0.949084737543945,1,24,0.24386386910744,6,"Slc2a13 Efna1 Abca2 Tnf Pla2g6 Sphk2"
"GOBP_POSITIVE_REGULATION_OF_AMINO_ACID_TRANSPORT",0.595063815940032,0.943749193652432,1,15,0.260607044501241,6,"Itgb1 Psen1 Arhgef11 Adora2a Stxbp1 P2rx7"
"GOBP_POSITIVE_REGULATION_OF_AMYLOID_BETA_FORMATION",0.940367403452781,0.578376983615017,1,15,0.411832081189477,4,"Slc2a13 Efna1 Abca2 Tnf"
"GOBP_POSITIVE_REGULATION_OF_ANTIGEN_RECEPTOR_MEDIATED_SIGNALING_PATHWAY",-0.650647678144378,0.951985773562537,1,27,-0.199013109843751,3,"Ikbkg Ccr7 Foxp1"
"GOBP_POSITIVE_REGULATION_OF_APOPTOTIC_SIGNALING_PATHWAY",0.976261384353187,0.547530864197531,1,126,0.316666998328827,26,"Inca1 Maged1 Nacc2 Bbc3 App Siah1b Tlr6 Hyal2 Nox1 Trps1 Itm2c S100a8 Jak3 Plscr1 Pmaip1 Tnfsf10 Tnf Bcl2l14 Ctnna1 Wdr35 Sod1 Styxl1 Tlr4 Apaf1 Bid Lta"
"GOBP_POSITIVE_REGULATION_OF_ASTROCYTE_DIFFERENTIATION",1.19711698499918,0.244993324432577,1,11,0.560082765109267,3,"Serpine2 Csf1r Notch1"
"GOBP_POSITIVE_REGULATION_OF_ATP_DEPENDENT_ACTIVITY",0.88948059784449,0.645646404650575,1,18,0.376015783677428,4,"Setmar Plscr1 Dnajc24 Dnajb2"
"GOBP_POSITIVE_REGULATION_OF_ATTACHMENT_OF_SPINDLE_MICROTUBULES_TO_KINETOCHORE",0.9755002518764,0.533545057562525,1,12,0.4476237612948,4,"Cenpe Birc5 Cdca8 Ccnb1"
"GOBP_POSITIVE_REGULATION_OF_AUTOPHAGOSOME_ASSEMBLY",0.687355698554286,0.890636520029491,1,22,0.278354296798053,7,"Ralb Atg7 Rab3gap2 Usp33 Wipi1 Trim32 Moap1"
"GOBP_POSITIVE_REGULATION_OF_AUTOPHAGY",0.607665001577429,0.995219204557014,1,153,0.194904603802225,47,"Nod2 Ager Plk2 Ralb Svip Atg7 Nprl3 Pim2 Hk2 Dele1 Endog Deptor Bid Eif2ak1 Rab3gap2 Hmox1 Rab37 C9orf72 Cdk5rap3 Usp33 Trp53inp1 Atf6 Wipi1 Tom1 Mtdh Ufl1 Trim32 Moap1 Ubr4 Sesn2 Clec16a Rpgr Trim13 Fyco1 Plk3 Sptlc1 Atg101 Stk38l Stk11 Mul1 Prkaa1 Igtp Pip4k2a Slc25a4 Zc3h12a Ripk2 Smcr8"
"GOBP_POSITIVE_REGULATION_OF_AUTOPHAGY_OF_MITOCHONDRION",0.722584176233209,0.858431561222035,1,26,0.283945561391019,5,"Nod2 Atg7 Hk2 Dele1 Eif2ak1"
"GOBP_POSITIVE_REGULATION_OF_AXONOGENESIS",0.845125160336409,0.741706424054144,1,55,0.29712558742318,14,"Bmpr2 Plxnd1 Sema7a Vegfa Tiam2 Ntn1 Plxnc1 Dbn1 Amigo1 Rufy3 Mapt Pak1 Cyfip1 Golga4"
"GOBP_POSITIVE_REGULATION_OF_AXON_EXTENSION",0.862362193573461,0.693915903218229,1,34,0.324571026130895,10,"Bmpr2 Sema7a Vegfa Ntn1 Dbn1 Rufy3 Mapt Pak1 Cyfip1 Golga4"
"GOBP_POSITIVE_REGULATION_OF_BEHAVIOR",-0.847301407498359,0.682113469034214,1,14,-0.30773012106217,4,"Gad1 Ptger4 Nr2c2 Cfap20"
"GOBP_POSITIVE_REGULATION_OF_BINDING",0.863585404655394,0.678909362549801,1,20,0.35707407228885,2,"Egf Agrn"
"GOBP_POSITIVE_REGULATION_OF_BLOOD_CIRCULATION",1.00220974399709,0.489655172413793,1,17,0.42900682273949,4,"Apln Pde4d Rgs2 Trpm4"
"GOBP_POSITIVE_REGULATION_OF_BLOOD_PRESSURE",1.17010513122974,0.262552559980213,1,21,0.478017615789768,3,"Eng Camk2n1 F11r"
"GOBP_POSITIVE_REGULATION_OF_BLOOD_VESSEL_ENDOTHELIAL_CELL_MIGRATION",0.803787603591943,0.776268009839522,1,35,0.301388696330741,6,"Plk2 Angpt1 Vegfa Tgfbr3 Nos3 Fgf2"
"GOBP_POSITIVE_REGULATION_OF_BONE_RESORPTION",0.976750136167984,0.532153472034585,1,10,0.465864138964099,4,"Car2 Itgb3 Def8 Idua"
"GOBP_POSITIVE_REGULATION_OF_B_CELL_ACTIVATION",1.05711464882147,0.385692899914457,1,77,0.357272694994042,7,"Cd27 Nod2 Tnfrsf4 Cdkn1a Prdm1 Mmp14 Il2"
"GOBP_POSITIVE_REGULATION_OF_B_CELL_MEDIATED_IMMUNITY",0.936375386562984,0.583225957596345,1,35,0.351103893331106,4,"Fcer1g Nod2 6030468B19Rik Il2"
"GOBP_POSITIVE_REGULATION_OF_B_CELL_PROLIFERATION",0.838558337745156,0.728387918065039,1,38,0.309981620906284,3,"Tnfrsf4 Cdkn1a Il2"
"GOBP_POSITIVE_REGULATION_OF_CALCINEURIN_MEDIATED_SIGNALING",0.78743181325224,0.771480566748993,1,14,0.349538622259213,4,"Akap5 Tnf Erbb3 3425401B19Rik"
"GOBP_POSITIVE_REGULATION_OF_CALCIUM_ION_IMPORT",0.774224395353409,0.780829083300641,1,13,0.349031117215015,3,"Atp2c2 Cask Akap5"
"GOBP_POSITIVE_REGULATION_OF_CALCIUM_ION_TRANSMEMBRANE_TRANSPORT",0.843396609431915,0.71466030989273,1,29,0.325609944591713,4,"Cxcr3 Plp1 Asph Akap5"
"GOBP_POSITIVE_REGULATION_OF_CALCIUM_ION_TRANSPORT",1.06251443033656,0.385797621718645,1,49,0.378581811815128,10,"Cxcr3 Plp1 Atp2c2 Camk2a Cask Wnk3 Asph Akap5 Jak3 Ccr1"
"GOBP_POSITIVE_REGULATION_OF_CALCIUM_ION_TRANSPORT_INTO_CYTOSOL",1.15862069712808,0.290520694259012,1,11,0.54207190432668,4,"Asph Akap5 Cd4 Bak1"
"GOBP_POSITIVE_REGULATION_OF_CALCIUM_MEDIATED_SIGNALING",0.912485995021318,0.621129756558733,1,32,0.346952494068472,9,"Zap70 App Akap5 Hap1 Cd4 Tnf Erbb3 Sco1 3425401B19Rik"
"GOBP_POSITIVE_REGULATION_OF_CANONICAL_NF_KAPPAB_SIGNAL_TRANSDUCTION",0.772350166658228,0.903338111816506,1,137,0.249325786199986,24,"Tnfrsf19 Nod2 Tlr3 Ikbke Pbld1 S100a4 Tlr6 Trim62 Ticam2 Tlr7 Tifab Il1rap Nampt Alpk1 Pim2 Cd4 Casp7 Tnfsf10 Tnf Trim30d Tlr4 Lta Trim30c Nagk"
"GOBP_POSITIVE_REGULATION_OF_CANONICAL_WNT_SIGNALING_PATHWAY",1.13147000133809,0.264658418504572,1,72,0.385008169345905,28,"Egf Smad3 Bambi Jrk Caprin2 Nrarp Plekha4 Trpm4 Lgr5 Rbpj Fgf2 Sulf2 Ttc21b Nle1 Ddx3x Thra Wls Prdm15 Aspm Zbed3 Pin1 Nek4 Sox4 Csnk1d Usp8 Atp6ap2 Csnk1g1 Ubr5"
"GOBP_POSITIVE_REGULATION_OF_CARBOHYDRATE_METABOLIC_PROCESS",0.61499907842194,0.974127490917098,1,58,0.214603744525313,13,"Egf App Uchl1 Gapdhs Pmaip1 Rptor Gpld1 Pfkfb1 Zbtb20 Psen1 Epm2aip1 Sirt6 Ppargc1a"
"GOBP_POSITIVE_REGULATION_OF_CATABOLIC_PROCESS",0.577408596528782,1,1,431,0.178705911234357,142,"Egf Nod2 Tmtc3 App Ager Plk2 Dnd1 Zc3h12c Bbs7 Pnldc1 Mtln Noct Ralb Svip Cbfa2t3 Prr5l Atg7 Cdk1 Asb5 Hspa1b Uchl1 Gapdhs Tent4a Trib3 Nprl3 Pim2 Abca2 Hk2 Mov10 Tnfaip3 Zfand2a Tgfb1i1 Trf Apoa2 Pan2 Rptor Gpld1 Dele1 Tnf Endog Pfkfb1 Dvl1 Dnajb2 Idua Tnfrsf1b Deptor Adam9 Bid Eif2ak1 Ptk2 Cpeb3 Zbtb20 Rab3gap2 Mettl3 Det1 Ago3 Hmox1 Rab37 Cnot7 Psen1 C9orf72 Cdk5rap3 Supv3l1 Usp33 Trp53inp1 Atf6 Wipi1 Tom1 Mapk9 Dcaf1 Mtdh Faf1 Ufl1 Trim32 Moap1 Mlh1 Parn Ubr4 Rc3h2 Sirt6 Tent4b Sesn2 Clec16a Socs4 Trib2 Rpgr Ptpn1 Pnpt1 Trim13 Hspa1a Fyco1 Oaz2 Tut7 Dis3l2 Hspbp1 Chfr Plk3 Sptlc1 Atg101 Mex3d Stk38l Csnk1d Stk11 Mul1 Prkaa1 Igtp Pip4k2a Slc25a4 Paqr3 Rhbdd1 Tnrc6c Zc3h12a Ripk2 Smcr8 Cnot8 Traf7 Pias4 Patl1 Upf1 Acsl5 Vps28 Larp1 Cnot6l Epm2a Fbxw7 P2rx7 Depdc5 Ddit3 Trim8 Agtpbp1 Dhx36 Vsir Stat3 Ticam1 Phka1 Psmd10 Becn1 Senp1 Vcp Daglb Sgta Bax"
"GOBP_POSITIVE_REGULATION_OF_CATALYTIC_ACTIVITY",0.86564212093623,0.848697394789579,1,292,0.270455220368858,62,"Timp2 Pik3r6 Maged1 Egf Smad3 Hmga2 Rgs1 Cdkn1a Ager Setmar Rap1gap Cenpe Csf1r Cass4 Gnao1 Angpt1 Tom1l1 Fzd5 Tigar Epha2 Stox1 Tlr6 Abr Mmut Rhoc Ccdc125 Ezh2 Lrp8 Itgb1 Akap5 Esr1 Cdk5r1 Srcin1 Gnal Tbc1d2 Fgf2 Plscr1 Pip5k1a Csf1 Abi2 Sdhaf4 Polg2 Prkcz Bcr Rfc3 Tnf Tab1 Sod1 Tlr4 Mrnip Icam1 Ccnb1 Usp6nl Arhgap35 Tpx2 Apc2 Map3k5 Ralgapb Psen1 Camkk1 Higd1a Epm2aip1"
"GOBP_POSITIVE_REGULATION_OF_CATION_CHANNEL_ACTIVITY",1.07053485912528,0.394756369032896,1,21,0.437340634889009,7,"Ehd3 Fgf13 Kcnc1 Asph Amigo1 Nipsnap2 Cacnb4"
"GOBP_POSITIVE_REGULATION_OF_CD4_POSITIVE_ALPHA_BETA_T_CELL_ACTIVATION",0.73714162536134,0.858585858585859,1,34,0.277441213831395,6,"Foxp3 Cd55b Shb Socs1 Cd160 Prkcz"
"GOBP_POSITIVE_REGULATION_OF_CD4_POSITIVE_ALPHA_BETA_T_CELL_DIFFERENTIATION",0.657928843285005,0.923582874910309,1,28,0.255225695645809,3,"Foxp3 Shb Socs1"
"GOBP_POSITIVE_REGULATION_OF_CELLULAR_COMPONENT_BIOGENESIS",0.888989950691734,0.832449204283855,1,367,0.275973222560958,88,"Myo3b Nphs1 Gpm6a Iqsec2 Smad3 Tgfb3 Zdhhc1 Isg15 Bbc3 Adgrl2 Wnt4 Sema4a Mpp7 Xlr3b Clstn1 Adgrl1 Ahr Gbp2 Vegfa Agrn Unc13b Nrxn1 Dlg4 Mtln Kiss1r Ralb Epha2 Neurl1a Cdh5 Tlr6 Togaram1 Nox1 Rhoc Nphp4 Fes Atg7 Bbs4 Cdc42ep4 Mns1 Casp4 Hspa1b Il1rap Zmynd10 Lima1 Acvrl1 Sorbs3 Hap1 Rabl3 Rgcc Pan2 Abi2 Amigo1 Cdh17 Fnbp1l Tnf Amigo3 Mapt Def8 Pak1 Tlr4 Pqbp1 Fchsd1 Icam1 Bid Kcnk6 Bak1 Arhgap35 Rab3gap2 Bmf Ddx3x Ptpn22 Plek Cyfip1 Arhgef10 Atat1 Ccdc15 Usp33 Nf2 Eps8 Wipi1 Tmem216 Mapk9 Ift88 Trim32 Sdc4 Moap1 Stam Fnip1"
"GOBP_POSITIVE_REGULATION_OF_CELLULAR_EXTRAVASATION",0.808954453808761,0.739664955417455,1,10,0.38583344514628,1,"Ager"
"GOBP_POSITIVE_REGULATION_OF_CELLULAR_RESPIRATION",-1.06471214478708,0.358951577076855,1,15,-0.378365461207583,15,"Myc Mfn2 Ifnar1 Opn3 Iscu Chchd4 Pink1 Prelid1 Ifnlr1 Il10rb Park7 Oas1c Vcp Sirt3 Oas1a"
"GOBP_POSITIVE_REGULATION_OF_CELLULAR_RESPONSE_TO_INSULIN_STIMULUS",-0.589840006528567,0.990443686006826,1,35,-0.169621822552616,1,"Sorbs1"
"GOBP_POSITIVE_REGULATION_OF_CELLULAR_RESPONSE_TO_TRANSFORMING_GROWTH_FACTOR_BETA_STIMULUS",0.769065783554511,0.80417531436943,1,23,0.308796509041613,6,"Cdkn1c Tgfbr3 Tgfb1i1 Ing2 Cited2 Gipc1"
"GOBP_POSITIVE_REGULATION_OF_CELLULAR_SENESCENCE",-0.742901856928781,0.804907975460123,1,12,-0.281994106872661,12,"Abi3 Eef1e1 Sirt1 Ypel3 Trp53 Mtor Cgas Kras Morc3 Ilk B2m Sirt6"
"GOBP_POSITIVE_REGULATION_OF_CELL_ACTIVATION",1.06473919808288,0.317329858674952,1,280,0.333072555744615,50,"Il15 Zap70 Il2ra Pik3r6 Cd27 Il12rb1 Nod2 Tnfrsf4 Cdkn1a Sirpa Foxp3 Pla2g4a Prdm1 Ager Axl Il15ra Tnfrsf14 Cd59a Mmp14 Nr4a3 Csf1r Cd55b Il2 Ccdc88b Gp1ba Cd5 Cd276 Shb Tlr6 Socs1 Raet1d Il7r Kcnn4 Jak3 Efnb1 Tnfsf9 Slc7a1 Bst1 Myb Cd160 Lyst Cd46 Cd274 Il12a Cd4 Pdcd1lg2 Plpp6 Prkcz Vcam1 Tnf"
"GOBP_POSITIVE_REGULATION_OF_CELL_ADHESION_MEDIATED_BY_INTEGRIN",0.71111863699925,0.847263017356475,1,11,0.332703735325871,3,"Itgb3 Adam9 Ptk2"
"GOBP_POSITIVE_REGULATION_OF_CELL_CELL_ADHESION",1.04008121805347,0.398772388810626,1,227,0.327973646095476,43,"Il15 Zap70 Il2ra Ccr5 Pik3r6 Cd27 Il12rb1 Kifap3 Sirpa Foxp3 Ager Rap1gap Tnfrsf14 Cd59a Sele F11r Nr4a3 Cd55b Il2 Ccdc88b Gp1ba Cd5 Cd276 Myo10 Pde4d Shb Socs1 Il7r Jak3 Efnb1 Tnfsf9 Slc7a1 Cd160 Pkp3 Cd46 Fstl3 Cd274 Il12a Cd4 Pdcd1lg2 Prkcz Vcam1 Tnf"
"GOBP_POSITIVE_REGULATION_OF_CELL_CYCLE",0.635504744884418,0.997186495176849,1,245,0.199689568793091,56,"Egf Map3k20 App Wnt4 Cit Rrm2 Cenpe Nr4a3 Csf1r Ncapd3 Dyrk3 Shb Stox1 Ccnd2 Ncapg2 Ezh2 Kcnn4 Cdk1 Ccne2 Nusap1 Birc5 Xrcc3 Dbf4 Npr2 Plscr1 Poc1a Cenpv Map10 Pkp3 Rgcc Rptor Rcc1 Tnf Svil Cdca8 Ccnb1 Pagr1a Mtbp Ddx3x Ccnd1 Mblac1 Lgmn Igf1r Fosl1 Lef1 Ccdc15 Cited2 Camk2d Wee1 Sh2b1 Nudt16 Trim32 Pkp4 Gipc1 Rab11fip4 Ccne1"
"GOBP_POSITIVE_REGULATION_OF_CELL_CYCLE_CHECKPOINT",0.779371453541735,0.782995742484841,1,15,0.341324217059463,4,"Map3k20 Birc5 Xrcc3 Cdca8"
"GOBP_POSITIVE_REGULATION_OF_CELL_CYCLE_G1_S_PHASE_TRANSITION",1.13312669717351,0.284258210645527,1,46,0.407035227457943,15,"Rrm2 Csf1r Stox1 Ccnd2 Ezh2 Ccne2 Dbf4 Pkp3 Rgcc Rptor Pagr1a Mtbp Ddx3x Ccnd1 Mblac1"
"GOBP_POSITIVE_REGULATION_OF_CELL_CYCLE_PHASE_TRANSITION",0.690483513680113,0.951337686960185,1,90,0.230065459123365,21,"App Rrm2 Cenpe Csf1r Dyrk3 Stox1 Ccnd2 Ezh2 Cdk1 Ccne2 Birc5 Dbf4 Pkp3 Rgcc Rptor Ccnb1 Pagr1a Mtbp Ddx3x Ccnd1 Mblac1"
"GOBP_POSITIVE_REGULATION_OF_CELL_CYCLE_PROCESS",0.747362481814265,0.948751642575558,1,193,0.237316464967549,50,"Egf Map3k20 App Wnt4 Cit Rrm2 Cenpe Csf1r Ncapd3 Dyrk3 Stox1 Ccnd2 Ncapg2 Ezh2 Kcnn4 Cdk1 Ccne2 Nusap1 Birc5 Xrcc3 Dbf4 Npr2 Plscr1 Poc1a Cenpv Map10 Pkp3 Rgcc Rptor Rcc1 Tnf Svil Cdca8 Ccnb1 Pagr1a Mtbp Ddx3x Ccnd1 Mblac1 Igf1r Lef1 Ccdc15 Camk2d Wee1 Sh2b1 Nudt16 Pkp4 Gipc1 Rab11fip4 Ccne1"
"GOBP_POSITIVE_REGULATION_OF_CELL_DIVISION",0.68778768462603,0.924949517612744,1,49,0.245063878998212,9,"Tgfb3 Cit Vegfa Birc5 Fgf2 Cenpv Map10 Svil Cdca8"
"GOBP_POSITIVE_REGULATION_OF_CELL_GROWTH",0.688984519245383,0.96516075674558,1,118,0.224589673246644,24,"Bmpr2 Il9r Hbegf Mmp14 Sema7a Vegfa Cxcl16 Ntn1 Slc25a33 Cntf Dbn1 Rptor Rufy3 Mapt Pak1 Slc23a2 Ptk2 Rnf157 Rasal1 Ddx3x Cyfip1 Golga4 Exosc2 Supv3l1"
"GOBP_POSITIVE_REGULATION_OF_CELL_GROWTH_INVOLVED_IN_CARDIAC_MUSCLE_CELL_DEVELOPMENT",-1.0465173405481,0.386923076923077,1,10,-0.416885972038022,1,"Trip10"
"GOBP_POSITIVE_REGULATION_OF_CELL_KILLING",0.979130737584802,0.528038427167113,1,51,0.347091697613919,7,"Ccr5 H2-Q2 Klrd1 Klrb1c Prf1 Lag3 Raet1d"
"GOBP_POSITIVE_REGULATION_OF_CELL_MIGRATION_INVOLVED_IN_SPROUTING_ANGIOGENESIS",0.857708792923733,0.685366810513927,1,13,0.386667043864797,4,"Plk2 Vegfa Tgfbr3 Fgf2"
"GOBP_POSITIVE_REGULATION_OF_CELL_MORPHOGENESIS",1.06935080465505,0.371415770609319,1,50,0.3801953181273,13,"Xlr3b Marcks Numbl Caprin2 Dlg4 Lrp8 Cask Akap5 Cdkl3 Itpka Srcin1 Ankrd27 Dbn1"
"GOBP_POSITIVE_REGULATION_OF_CELL_PROJECTION_ORGANIZATION",0.944969073262167,0.661856083383444,1,282,0.295600887379125,59,"Ndnf Myo3b Gpm6a Bmpr2 Tgfb3 Xlr3b Plxnd1 Camk1 Marcks Serpine2 Numbl Sema7a Caprin2 Vegfa Agrn Nrxn1 Dmd Dlg4 Tiam2 Neurl1a Katnb1 Itga3 Nox1 Rgs2 Magi2 Fes Ezh2 Lrp8 Cask Itgb1 Bbs4 Akap5 Cdkl3 Ntn1 Cdc42ep4 Arsb Mns1 Itpka Cntf Zmynd10 Srcin1 Ankrd27 Hap1 Serpini1 Plxnc1 Rabl3 Dbn1 Abi2 Amigo1 Fnbp1l Enc1 Rufy3 Mapt Dvl1 Def8 Pak1 Styxl1 Ss18l1 Pqbp1"
"GOBP_POSITIVE_REGULATION_OF_CELL_SIZE",0.897409812770304,0.639143336343698,1,15,0.393018887634818,2,"Ahr Mitf"
"GOBP_POSITIVE_REGULATION_OF_CELL_SUBSTRATE_ADHESION",1.05331621685338,0.392013557885817,1,84,0.352928477397731,18,"Ndnf Smad3 Wnt4 Itgb3 Cass4 Vegfa Efemp2 Dmd Trem1 Itga3 Itgb1 Ccl25 Utrn Nid1 Rell2 Dbn1 Csf1 Prkcz"
"GOBP_POSITIVE_REGULATION_OF_CELL_SUBSTRATE_JUNCTION_ORGANIZATION",1.0984674967375,0.343895175699821,1,30,0.422273707652613,3,"Smad3 Wnt4 Vegfa"
"GOBP_POSITIVE_REGULATION_OF_CHEMOKINE_C_X_C_MOTIF_LIGAND_2_PRODUCTION",0.885916647029685,0.649419075925426,1,10,0.422540812312173,3,"Tnf Tlr4 Mcoln2"
"GOBP_POSITIVE_REGULATION_OF_CHOLESTEROL_EFFLUX",-1.08308964947526,0.343005630142919,1,14,-0.393365697264995,3,"Pltp Apoe Abcg1"
"GOBP_POSITIVE_REGULATION_OF_CHROMOSOME_ORGANIZATION",-0.487155679768635,1,1,96,-0.116094878516232,17,"Slx1b Mapk3 Mapkapk5 Rad21 Myc Gch1 Pml Smc5 Tinf2 Tcp1 Kat5 Pot1a Ercc1 Nabp2 Mad1l1 Ino80d Tnks"
"GOBP_POSITIVE_REGULATION_OF_CHROMOSOME_SEGREGATION",0.967086521852947,0.536685109453933,1,26,0.380024825332735,7,"Cenpe Ncapd3 Ncapg2 Cdk1 Birc5 Cdca8 Ccnb1"
"GOBP_POSITIVE_REGULATION_OF_CHROMOSOME_SEPARATION",1.01855082025788,0.461826981246219,1,25,0.403403579066512,12,"Cenpe Ncapd3 Ncapg2 Birc5 Plscr1 Cdca8 Ncaph2 Anapc7 Incenp Ncaph Cdc23 Cul3"
"GOBP_POSITIVE_REGULATION_OF_CILIUM_ASSEMBLY",0.646243114675136,0.937092761521147,1,31,0.246856749373308,9,"Bbs4 Mns1 Zmynd10 Hap1 Rabl3 Pqbp1 Arhgap35 Tmem216 Ift88"
"GOBP_POSITIVE_REGULATION_OF_CIRCADIAN_RHYTHM",0.60866999365152,0.928803026209133,1,10,0.290307123598887,3,"Nr1d1 Timeless Adora2a"
"GOBP_POSITIVE_REGULATION_OF_COAGULATION",0.809596165627673,0.745259578919838,1,13,0.364977202834112,2,"Angpt2 Angpt1"
"GOBP_POSITIVE_REGULATION_OF_COLD_INDUCED_THERMOGENESIS",-0.935090732326865,0.625,1,57,-0.241822060962655,8,"Zfp516 Cxcr4 Il18 Adrb2 Sfxn5 Syk Kdm3a Prkab1"
"GOBP_POSITIVE_REGULATION_OF_CYCLASE_ACTIVITY",0.885098001056174,0.649331745401614,1,12,0.406141254792287,3,"Timp2 Akap5 Gnal"
"GOBP_POSITIVE_REGULATION_OF_CYTOKINESIS",-0.829888281887073,0.8,1,35,-0.238653128527535,5,"Kif23 Rab11fip3 Cdc14b Cdc25b Racgap1"
"GOBP_POSITIVE_REGULATION_OF_CYTOKINE_PRODUCTION_INVOLVED_IN_INFLAMMATORY_RESPONSE",1.18028977986778,0.253886010362694,1,18,0.49895139660037,6,"Nod2 Tlr3 Tlr6 Appl1 Tnf Tlr4"
"GOBP_POSITIVE_REGULATION_OF_CYTOPLASMIC_TRANSLATION",-1.00515187702507,0.43558282208589,1,12,-0.38154017679382,12,"Paip1 Eef2 Pabpc1 Csde1 Hnrnpu Hnrnpd Ybx1 Cnbp Dhx9 Syncrip Pkm Dhx36"
"GOBP_POSITIVE_REGULATION_OF_CYTOSKELETON_ORGANIZATION",0.666593801399923,0.976863753213368,1,127,0.216136364732593,25,"Nphs1 Smad3 Tgfb3 Wnt4 Kiss1r Katnb1 Togaram1 Rhoc Fes Cdc42ep4 Hspa1b Lima1 Sorbs3 Rgcc Abi2 Mapt Pak1 Fchsd1 Icam1 Pdxp Plek Cyfip1 Arhgef10 Ccdc15 Nf2"
"GOBP_POSITIVE_REGULATION_OF_DEFENSE_RESPONSE_TO_VIRUS_BY_HOST",1.17036140281793,0.257000848587708,1,24,0.466314691618478,3,"Il12rb1 Zdhhc1 Pbld1"
"GOBP_POSITIVE_REGULATION_OF_DENDRITE_DEVELOPMENT",0.827672025409855,0.718558077436582,1,11,0.387234365900719,6,"Ezh2 Lrp8 Cyfip1 Crtc1 Pacsin1 Clip1"
"GOBP_POSITIVE_REGULATION_OF_DENDRITE_EXTENSION",-0.913855443274801,0.564331210191083,1,13,-0.339357478503705,2,"Cxcr4 Smurf1"
"GOBP_POSITIVE_REGULATION_OF_DENDRITIC_SPINE_DEVELOPMENT",1.07009612748165,0.371062882582081,1,54,0.377203327976343,12,"Xlr3b Camk1 Marcks Caprin2 Il2 Neurl1a Lrp8 Cask Itpka Srcin1 Dbn1 D16Ertd472e"
"GOBP_POSITIVE_REGULATION_OF_DENDRITIC_SPINE_MORPHOGENESIS",1.13494066248167,0.299458809380637,1,27,0.443383867288829,8,"Xlr3b Marcks Caprin2 Lrp8 Cask Itpka Srcin1 Dbn1"
"GOBP_POSITIVE_REGULATION_OF_DEVELOPMENTAL_GROWTH",0.929342379876982,0.644160962455922,1,112,0.304164912694396,30,"Hmga2 Cacna2d2 Bmpr2 Flt3 Sema7a Vegfa Agrn Tgfbr3 Ccnd2 Dll1 Bbs4 Cdk1 Ntn1 Rbpj Gpr21 Notch1 Fgf2 Dbn1 Csf1 Rufy3 Mapt Pak1 Slc23a2 Ccnb1 Rnf157 Rasal1 Ppard Igf1r Cyfip1 Golga4"
"GOBP_POSITIVE_REGULATION_OF_DNA_BINDING_TRANSCRIPTION_FACTOR_ACTIVITY",0.943575239959298,0.610132158590308,1,97,0.312525711585293,22,"Tssk4 Nod2 Hmga2 Tnfsf18 Ager Hmgn3 Tgfbr3 Camk2a Esr1 Hspa1b Il1rap Traf1 Rnf25 Eif2ak2 Prkcz Tnf Trim30d Tlr4 Icam1 Trim30c Prkci Fosl1"
"GOBP_POSITIVE_REGULATION_OF_DNA_BIOSYNTHETIC_PROCESS",1.09624340889296,0.341815290241963,1,44,0.396237970209456,7,"Egf Ccna2 Vegfa Fgf2 Polg2 Rfc3 Tnf"
"GOBP_POSITIVE_REGULATION_OF_DNA_DAMAGE_RESPONSE_SIGNAL_TRANSDUCTION_BY_P53_CLASS_MEDIATOR",0.579809940639705,0.947176438800324,1,10,0.276542227901452,3,"Spred2 Pmaip1 Znhit1"
"GOBP_POSITIVE_REGULATION_OF_DNA_METABOLIC_PROCESS",0.490184098080451,1,1,258,0.153772014356553,67,"Kdm4d Egf Ccna2 Ager Setmar Il2 Vegfa Tigar Cdk1 Eya2 Dbf4 Fgf2 Ercc8 Foxm1 Polg2 Rfc3 Tnf Endog Nbn Mrnip Dna2 Pagr1a Meaf6 Stk19 Igf1r Nek2 Camk2d Faf1 Smarca2 Abraxas1 Mlh1 Parn Timeless Sirt6 Cst3 Ppp1r10 Gfer Mad2l2 Atf1 Rnf168 Parp3 Eya3 Rif1 Brd8 Cdk2 Terf2 Trim28 Mre11a Pias4 Morf4l2 Helq Epc2 Naf1 Msh2 Nfatc1 Dhx36 Exosc3 Rnf8 Chtf18 Uimc1 Brca1 Cyren Bcl7b Bax Ddx39b Cacybp Rtel1"
"GOBP_POSITIVE_REGULATION_OF_DNA_RECOMBINATION",-0.67657740996088,0.985855728429986,1,72,-0.168947036666224,29,"Shld3 Paxip1 Shld2 Fancb Ercc2 Tfrc Tbx21 Arid2 Kat5 Ercc6 Kmt5c Kmt5b Zcwpw1 Ptprc Wrap53 Peli1 Tgfb1 Cd40 Hmces Trp53bp1 Skp2 Trrap Ruvbl2 Blm Actb Shld1 Vps72 Atm Prdm9"
"GOBP_POSITIVE_REGULATION_OF_DNA_REPAIR",0.455825684342547,1,1,131,0.147516904827907,32,"Kdm4d Ager Setmar Tigar Eya2 Ercc8 Foxm1 Nbn Mrnip Meaf6 Stk19 Smarca2 Abraxas1 Timeless Sirt6 Mad2l2 Rnf168 Parp3 Eya3 Rif1 Brd8 Trim28 Mre11a Pias4 Morf4l2 Helq Epc2 Rnf8 Uimc1 Brca1 Cyren Bcl7b"
"GOBP_POSITIVE_REGULATION_OF_DNA_REPLICATION",0.775173248169395,0.809020436927414,1,34,0.2917553418535,8,"Ager Cdk1 Dbf4 Endog Dna2 Faf1 Cst3 Atf1"
"GOBP_POSITIVE_REGULATION_OF_DNA_TEMPLATED_DNA_REPLICATION",0.992620455200237,0.509879839786382,1,11,0.464407084870613,3,"Ager Dbf4 Endog"
"GOBP_POSITIVE_REGULATION_OF_DNA_TEMPLATED_TRANSCRIPTION_ELONGATION",-0.707698499675396,0.975552968568102,1,62,-0.179499480291037,62,"Cdc73 Med18 Med4 Med24 Ell Ercc6 Ppp1ca Brd4 Med14 Med9 Ldb1 Eapp Ccnt1 Supt5 Med20 Med7 Cbx7 Cdk13 Ccnk Tox4 Cdk9 Ncbp1 Ell2 Scaf8 Med25 Eloc Ikzf1 Wdr82 Parp1 Med10 Med30 Med21 Supt4a Med23 Ctnnb1 Ncbp2 Med31 Map2k1 Med16 Med1 Med27 Cdk7 Med28 Kat7 Pwwp2a Med19 Ccnt2 Cdk12 Med8 Med11 Med15 Med29 Med6 Zmynd8 Ppp1r10 Supt16 Ell3 Leo1 Gtf2f1 Med26 Med22 Med17"
"GOBP_POSITIVE_REGULATION_OF_DOUBLE_STRAND_BREAK_REPAIR",0.615210137656682,0.986736842105263,1,91,0.204785886602959,3,"Kdm4d Ager Setmar"
"GOBP_POSITIVE_REGULATION_OF_DOUBLE_STRAND_BREAK_REPAIR_VIA_HOMOLOGOUS_RECOMBINATION",-0.755445144245661,0.921696574225122,1,43,-0.207727925914099,43,"Fancb Arid2 Kat5 Ercc6 Wrap53 Peli1 Skp2 Trrap Ruvbl2 Blm Actb Vps72 Atm Yeats4 Rad51ap1 Mbtd1 Actl6a Epc1 Morf4l1 Ep400 Mdc1 Crebbp Parp1 Prmt1 Actr2 Hdgfl2 Fus Was Wdr48 Dmap1 Rnf126 Ruvbl1 Mrgbp Ing3 Rnf8 Epc2 Helq Morf4l2 Pias4 Brd8 Timeless Meaf6 Mrnip"
"GOBP_POSITIVE_REGULATION_OF_DOUBLE_STRAND_BREAK_REPAIR_VIA_NONHOMOLOGOUS_END_JOINING",1.10040232082814,0.35389527458493,1,17,0.471039227288747,2,"Kdm4d Setmar"
"GOBP_POSITIVE_REGULATION_OF_D_GLUCOSE_IMPORT",-0.791105463243361,0.821341463414634,1,28,-0.240528614470003,2,"Sorbs1 Rhoq"
"GOBP_POSITIVE_REGULATION_OF_D_GLUCOSE_TRANSMEMBRANE_TRANSPORT",0.558253247108553,0.978557043004383,1,31,0.213245725608369,6,"Nr4a3 Rnasel Repin1 Appl1 Erbb3 Prkci"
"GOBP_POSITIVE_REGULATION_OF_EMBRYONIC_DEVELOPMENT",1.12873267061969,0.330289797538706,1,12,0.517936886789371,2,"Wnt4 Tenm4"
"GOBP_POSITIVE_REGULATION_OF_ENDOTHELIAL_CELL_APOPTOTIC_PROCESS",0.832931967170082,0.716625503704667,1,14,0.36973600423612,6,"Ager Cd160 Rgcc Prkci Plcg1 Ptpn1"
"GOBP_POSITIVE_REGULATION_OF_ENDOTHELIAL_CELL_MIGRATION",1.02546496382385,0.446074674258185,1,61,0.355746393671056,23,"Egf Pik3cb Plk2 Itgb3 Angpt1 Vegfa Zfp580 Tgfbr3 Nos3 Fgf2 Rhob Gpld1 Tmem201 Lgmn Hmox1 Plcg1 Grn Dicer1 Prkca Amot Emc10 Nfe2l2 Pik3cg"
"GOBP_POSITIVE_REGULATION_OF_EPIDERMIS_DEVELOPMENT",0.973368716800251,0.532843791722296,1,11,0.455399972774353,5,"Krt10 Notch1 Tmem79 Ppard Ptch1"
"GOBP_POSITIVE_REGULATION_OF_EPITHELIAL_CELL_APOPTOTIC_PROCESS",0.780949890866112,0.787943889801592,1,18,0.330135908459874,7,"Ager Ppargc1a Bad Capn10 Carm1 Pias4 Hdac3"
"GOBP_POSITIVE_REGULATION_OF_EPITHELIAL_CELL_DIFFERENTIATION",1.0566756719591,0.407079646017699,1,24,0.421018147833616,8,"Tmem100 Prom1 Acvrl1 Notch1 Fgf2 Rptor Lef1 Ptch1"
"GOBP_POSITIVE_REGULATION_OF_EPITHELIAL_CELL_PROLIFERATION",1.07674712839662,0.342351716961498,1,107,0.353603572787756,43,"Egfl7 Egf Nod2 Hmga2 Kif3a Itgb3 Nr4a3 Apln Nrarp Vegfa Zfp580 Ecm1 Ccnd2 Cav2 Vash2 Esr1 Hspg2 Acvrl1 Eppk1 Notch1 Fgf2 Tnfaip3 Rptor Jaml Tnf Erbb3 Ccnd1 Nras Hmox1 Ppp1r16b Mst1 Plcg1 Grn Itgb3bp Cflar Sirt6 B4galt1 Map2k5 Dicer1 Prkca Rreb1 Emc10 Bad"
"GOBP_POSITIVE_REGULATION_OF_ERAD_PATHWAY",-1.06270428202208,0.365605095541401,1,13,-0.394632048423065,13,"Tmem67 Tmx1 Rnft1 Ubqln2 Stub1 Bcap31 Ubqln1 Rnf185 Herpud1 Tmem259 Atxn3 Bag6 Sgta"
"GOBP_POSITIVE_REGULATION_OF_ERBB_SIGNALING_PATHWAY",1.07062637796591,0.393477713422312,1,19,0.448271568803612,5,"Spry2 Ralb Esr1 Rbpj Hap1"
"GOBP_POSITIVE_REGULATION_OF_ERYTHROCYTE_DIFFERENTIATION",0.577311459509778,0.969573060733614,1,27,0.225536537732199,3,"Isg15 Acvr2a Hspa1b"
"GOBP_POSITIVE_REGULATION_OF_ESTABLISHMENT_OF_PROTEIN_LOCALIZATION",0.843469009696067,0.859313676159807,1,230,0.265770397773806,73,"Sec16b Tgfb3 Bbc3 App Camk2n1 Kif3a Camk1 Rapgefl1 Stom Unc13b Myom1 Glrx Hyal2 Trpm4 Prr5l Cask Atg7 Kcnn4 Asph Akap5 Pik3r2 Cdk1 Cdk5r1 Rxra Tm7sf3 Efcab7 Pmaip1 Gpld1 Prkcz Rasl2-9 Zfand1 Tnf Rufy3 Pak1 Tlr4 Adam9 Ipo5 Pfkfb2 Xpo4 Ppard Ptpn22 Edem1 Psen1 Cln3 Wls Pla2g6 Tmem97 Aacs Cep131 Sirt6 Tent2 Ptpn23 Rab29 Mpc2 Pck2 Oaz2 Adora2a Sox4 Plk3 Bad Mrgpre C2cd5 Zdhhc2 Prkaa1 Capn10 Fyn Gnaq Ubr5 Arrb1 Zc3h12a Prnp Trim28 Jup"
"GOBP_POSITIVE_REGULATION_OF_EXCITATORY_POSTSYNAPTIC_POTENTIAL",1.07339940148511,0.389106533552382,1,18,0.453764947910501,7,"Grin2d App Nrxn1 Dlg4 Dbn1 Prkcz Dvl1"
"GOBP_POSITIVE_REGULATION_OF_EXECUTION_PHASE_OF_APOPTOSIS",1.1391299953682,0.311572700296736,1,15,0.498879772964611,1,"Cxcr3"
"GOBP_POSITIVE_REGULATION_OF_EXOCYTOSIS",0.640684997831146,0.967188012687302,1,62,0.22186237046446,9,"Fcer1g Cacna1h Gab2 Unc13b Glrx Rab3d Cd160 Rab2b Stxbp5"
"GOBP_POSITIVE_REGULATION_OF_EXTRACELLULAR_MATRIX_ORGANIZATION",0.766809412310281,0.807918263090677,1,17,0.328241140731642,2,"Smad3 Efemp2"
"GOBP_POSITIVE_REGULATION_OF_EXTRINSIC_APOPTOTIC_SIGNALING_PATHWAY_IN_ABSENCE_OF_LIGAND",0.748865678072475,0.805998378816536,1,10,0.357173909065112,2,"Jak3 Ctnna1"
"GOBP_POSITIVE_REGULATION_OF_FATTY_ACID_BIOSYNTHETIC_PROCESS",0.639550756809878,0.912387885090342,1,14,0.28389466444957,4,"Pla2g4a Nr1h3 Srebf1 Mapk9"
"GOBP_POSITIVE_REGULATION_OF_FATTY_ACID_METABOLIC_PROCESS",0.793887821235828,0.776527525710829,1,25,0.314424358700889,11,"Pla2g4a Mtln Nr1h3 Ppard Srebf1 Mapk9 Mlycd Ppargc1a Dgat1 Plaa Acsl5"
"GOBP_POSITIVE_REGULATION_OF_FATTY_ACID_OXIDATION",0.935116691769507,0.585020510784703,1,12,0.429093124285992,10,"Mtln Ppard Mlycd Ppargc1a Dgat1 Acsl5 Klhl25 Irs2 Abcd1 Akt2"
"GOBP_POSITIVE_REGULATION_OF_FAT_CELL_DIFFERENTIATION",0.864038085913043,0.691449377495889,1,34,0.325201789052085,12,"Dkkl1 Metrnl Noct Trpm4 Cebpb Aamdc Sirt6 Rreb1 Cbx4 Creb1 Zc3h12a Carm1"
"GOBP_POSITIVE_REGULATION_OF_FIBROBLAST_PROLIFERATION",1.0876247022875,0.354039414544197,1,40,0.398968516275311,5,"Egf Ccna2 Cdkn1a Ager Itgb3"
"GOBP_POSITIVE_REGULATION_OF_G1_S_TRANSITION_OF_MITOTIC_CELL_CYCLE",0.999163062638875,0.493345677583613,1,38,0.369350791430103,11,"Rrm2 Stox1 Ccnd2 Ccne2 Dbf4 Rgcc Rptor Mtbp Ddx3x Ccnd1 Mblac1"
"GOBP_POSITIVE_REGULATION_OF_GAMMA_DELTA_T_CELL_ACTIVATION",-0.727065279031147,0.805,1,10,-0.289630476094405,2,"Syk Stat5a"
"GOBP_POSITIVE_REGULATION_OF_GENE_EXPRESSION_EPIGENETIC",0.678815125855142,0.935670562047858,1,54,0.239278806807598,8,"App Tet1 Pabpc1l Kdm1b Zmpste24 Samd1 Ash2l Apobec1"
"GOBP_POSITIVE_REGULATION_OF_GLUCONEOGENESIS",0.502915459702769,0.988157734098401,1,23,0.20193141031643,12,"Pfkfb1 Sirt6 Ppargc1a Stk11 Ctdspl2 Arpp19 Kat2a Hif1a Prkag2 Ptpn2 Ppp4r3a Prkaca"
"GOBP_POSITIVE_REGULATION_OF_GLUCOSE_METABOLIC_PROCESS",-0.637570747076516,0.98566037735849,1,40,-0.177109106872057,40,"Sorbs1 Foxo1 Kat2b Ppp1r3e Ppp1ca Cry1 Sirt1 Prkag1 Slc25a12 Insr Cd36 Sirt7 Ppp4r3b Gpt Akt1 Ddb1 Phkb Wdr5 Phkg2 Tcf7l2 Akt2 Hmgb1 Prkaca Ppp4r3a Irs2 Ptpn2 Prkag2 Hif1a Kat2a Phka1 Dyrk2 Arpp19 Ctdspl2 Stk11 Ppargc1a Sirt6 Epm2aip1 Pfkfb1 Gpld1 Pmaip1"
"GOBP_POSITIVE_REGULATION_OF_GLYCOGEN_METABOLIC_PROCESS",-1.14044521345977,0.275877003031615,1,14,-0.414196578097184,1,"Sorbs1"
"GOBP_POSITIVE_REGULATION_OF_GLYCOPROTEIN_METABOLIC_PROCESS",1.0985481636678,0.355938697318008,1,17,0.470245535073141,4,"Il15 Pxylp1 Abca2 Ramp1"
"GOBP_POSITIVE_REGULATION_OF_GRANULOCYTE_CHEMOTAXIS",-0.978924703581724,0.468168038111737,1,14,-0.355534187572486,3,"Ccr7 Camk1d Ripor2"
"GOBP_POSITIVE_REGULATION_OF_GROWTH",0.930416904131424,0.674098094852047,1,175,0.29675129634141,43,"Hmga2 Cacna2d2 Bmpr2 Il9r Hbegf Ahr Mmp14 Flt3 Sema7a Vegfa Agrn Tgfbr3 Ccnd2 Dll1 Cxcl16 Bbs4 Cdk1 Ntn1 Slc25a33 Cntf Rbpj Gpr21 Notch1 Fgf2 Dbn1 Csf1 Rptor Rufy3 Mapt Pak1 Slc23a2 Ccnb1 Ptk2 Rnf157 Rasal1 Ppard Wfs1 Ddx3x Igf1r Cyfip1 Golga4 Exosc2 Supv3l1"
"GOBP_POSITIVE_REGULATION_OF_GTPASE_ACTIVITY",-0.914713594458018,0.707407407407407,1,86,-0.221782370954659,10,"Itga6 Rasgrp1 Mex3b Tbc1d7 Sgsm3 S1pr1 Rangap1 Snx13 Rapgef2 Rasgrp2"
"GOBP_POSITIVE_REGULATION_OF_HEART_GROWTH",0.984707092753988,0.513885475546817,1,22,0.398770899742449,6,"Tgfbr3 Ccnd2 Cdk1 Rbpj Notch1 Fgf2"
"GOBP_POSITIVE_REGULATION_OF_HEART_RATE",1.08573748569031,0.383004593353148,1,10,0.517846008086118,3,"Apln Pde4d Trpm4"
"GOBP_POSITIVE_REGULATION_OF_HIPPO_SIGNALING",-0.982484305121314,0.461943513642891,1,18,-0.330245406055529,2,"Ptpn14 Ptpn21"
"GOBP_POSITIVE_REGULATION_OF_HORMONE_SECRETION",0.800994672029822,0.832382160219827,1,86,0.267937914076349,28,"Camk2n1 Apln Acvr2a Kiss1r Glrx Trpm4 Cask Atg7 Cntf Myb Ildr1 Tm7sf3 Hfe Gpld1 Pfkfb2 Ppard Pla2g6 Aacs Sirt6 Mpc2 Pck2 Sox4 Bad Mrgpre Creb1 Capn10 Gnaq Arrb1"
"GOBP_POSITIVE_REGULATION_OF_HYDROLASE_ACTIVITY",0.613226974157916,0.988941053729786,1,103,0.202032687410698,11,"Smad3 Rgs1 Rap1gap Gnao1 Epha2 Abr Mmut Rhoc Ccdc125 Ezh2 Itgb1"
"GOBP_POSITIVE_REGULATION_OF_IMMUNE_EFFECTOR_PROCESS",0.90287217202243,0.733137532914725,1,182,0.287532669884102,21,"Fcer1g Cd27 Nod2 Tnfrsf4 Gab2 H2-Q2 Foxp3 Klrd1 Tnfrsf14 6030468B19Rik Sema7a Nr4a3 Klrb1c Cd55b Il2 Fzd5 Shb Ffar2 Lag3 Raet1d Cfp"
"GOBP_POSITIVE_REGULATION_OF_IMMUNOGLOBULIN_PRODUCTION",0.968465938141542,0.542046490428441,1,43,0.351208691678325,4,"Cd27 Tnfrsf4 6030468B19Rik Il2"
"GOBP_POSITIVE_REGULATION_OF_INFLAMMASOME_MEDIATED_SIGNALING_PATHWAY",0.96077192384639,0.55022453320728,1,32,0.365312143998091,9,"Zdhhc1 Gbp2 Tlr6 Casp4 Tlr4 Kcnk6 Ddx3x Ptpn22 Atat1"
"GOBP_POSITIVE_REGULATION_OF_INSULIN_SECRETION",0.630118216256452,0.971093835541443,1,61,0.218595750150053,20,"Camk2n1 Glrx Trpm4 Cask Atg7 Tm7sf3 Gpld1 Pfkfb2 Ppard Pla2g6 Aacs Sirt6 Mpc2 Pck2 Sox4 Bad Mrgpre Capn10 Gnaq Arrb1"
"GOBP_POSITIVE_REGULATION_OF_INSULIN_SECRETION_INVOLVED_IN_CELLULAR_RESPONSE_TO_GLUCOSE_STIMULUS",0.596683538282588,0.964340717924417,1,31,0.227925613937176,10,"Camk2n1 Trpm4 Atg7 Gpld1 Ppard Pla2g6 Mpc2 Bad Mrgpre Arrb1"
"GOBP_POSITIVE_REGULATION_OF_INTERLEUKIN_2_PRODUCTION",-0.936964298860138,0.587429993777225,1,30,-0.280381913767235,6,"Anxa1 Traf2 Btnl2 Pnp2 Stat5a Irf4"
"GOBP_POSITIVE_REGULATION_OF_INTERLEUKIN_4_PRODUCTION",1.18308173921001,0.266507873494773,1,12,0.54287581884856,5,"Fcer1g Foxp3 Il1rap Prkcz Cebpb"
"GOBP_POSITIVE_REGULATION_OF_INTERLEUKIN_8_PRODUCTION",0.999760202557187,0.493446235935506,1,37,0.370962457041819,11,"Nod2 Tlr3 Zfp580 Ffar2 Hyal2 Tlr7 Hspa1b Apoa2 Tnf Tlr4 Nlrp10"
"GOBP_POSITIVE_REGULATION_OF_INTRACELLULAR_ESTROGEN_RECEPTOR_SIGNALING_PATHWAY",0.705409935550378,0.848149148878681,1,10,0.33644755201281,3,"Pak1 Pagr1a Hdac2"
"GOBP_POSITIVE_REGULATION_OF_INTRACELLULAR_PROTEIN_TRANSPORT",1.05296608410691,0.392755004766444,1,84,0.352811160475117,37,"Sec16b Kif3a Camk1 Hyal2 Prr5l Asph Akap5 Pik3r2 Cdk1 Efcab7 Rasl2-9 Zfand1 Rufy3 Ipo5 Xpo4 Ptpn22 Edem1 Psen1 Cep131 Sirt6 Rab29 Oaz2 Plk3 Zdhhc2 Ubr5 Zc3h12a Trim28 Jup Tm9sf4 Hdac3 Ect2 Ctdspl2 Kif5b Brca1 Ice1 Hcls1 Pdcd10"
"GOBP_POSITIVE_REGULATION_OF_INTRACELLULAR_STEROID_HORMONE_RECEPTOR_SIGNALING_PATHWAY",-0.588633564785574,0.964864864864865,1,16,-0.203935314267506,16,"Psmc3ip Hdac6 Ncoa3 Skp2 Kmt2d Nr3c1 Hdac1 Parp1 Ncoa2 Wbp2 Med1 Ube2i Ppp5c Hdac2 Pagr1a Pak1"
"GOBP_POSITIVE_REGULATION_OF_INTRACELLULAR_TRANSPORT",0.78393400013231,0.879797248370746,1,116,0.255783455143933,45,"Sec16b Kif3a Camk1 Map2 Hyal2 Prr5l Asph Akap5 Pik3r2 Cdk1 Efcab7 Rasl2-9 Zfand1 Rufy3 Ipo5 Xpo4 Ptpn22 Edem1 Psen1 Nf2 Cep131 Sirt6 Stx18 Ptpn23 Rab29 Oaz2 Riok2 Plk3 Stk11 Zdhhc2 Ldlrap1 Ubr5 Zc3h12a Trim28 Jup Nrde2 Tm9sf4 Hdac3 Ect2 Ctdspl2 Kif5b Brca1 Ice1 Hcls1 Pdcd10"
"GOBP_POSITIVE_REGULATION_OF_INTRINSIC_APOPTOTIC_SIGNALING_PATHWAY",0.833021997123585,0.763248146918907,1,56,0.292190754937056,10,"Nacc2 Bbc3 Siah1b Nox1 S100a8 Plscr1 Pmaip1 Sod1 Styxl1 Bid"
"GOBP_POSITIVE_REGULATION_OF_INTRINSIC_APOPTOTIC_SIGNALING_PATHWAY_IN_RESPONSE_TO_DNA_DAMAGE",0.987193023271642,0.516688918558077,1,11,0.461867808325295,2,"Nacc2 Plscr1"
"GOBP_POSITIVE_REGULATION_OF_ISOTYPE_SWITCHING",-0.842253135244642,0.731721358664364,1,25,-0.261659724797161,12,"Shld3 Paxip1 Shld2 Tfrc Tbx21 Kmt5c Kmt5b Ptprc Tgfb1 Cd40 Hmces Trp53bp1"
"GOBP_POSITIVE_REGULATION_OF_ISOTYPE_SWITCHING_TO_IGG_ISOTYPES",0.546629983575303,0.962982977573629,1,10,0.260716939983586,3,"Il2 Pagr1a Mlh1"
"GOBP_POSITIVE_REGULATION_OF_JNK_CASCADE",1.00809444189428,0.479148845166809,1,77,0.340705351558242,11,"Cd27 Tnfrsf19 Nod2 App Ager Tlr3 Sh3rf1 Mbip Nox1 Mfhas1 Naip5"
"GOBP_POSITIVE_REGULATION_OF_JUN_KINASE_ACTIVITY",0.779450244189709,0.789751781764561,1,22,0.315649270191308,3,"Ager Fzd5 Tlr6"
"GOBP_POSITIVE_REGULATION_OF_KINASE_ACTIVITY",1.020186122069,0.453213077790304,1,136,0.329510434875411,33,"Pik3r6 Maged1 Egf Hmga2 Cdkn1a Ager Cenpe Csf1r Cass4 Angpt1 Tom1l1 Fzd5 Tigar Stox1 Tlr6 Ezh2 Lrp8 Cdk5r1 Srcin1 Fgf2 Csf1 Abi2 Prkcz Tnf Tab1 Tlr4 Mrnip Ccnb1 Tpx2 Map3k5 Psen1 Camkk1 Higd1a"
"GOBP_POSITIVE_REGULATION_OF_LAMELLIPODIUM_ASSEMBLY",-0.557644418981612,0.980203045685279,1,20,-0.182644035381305,20,"Atp7a Dnm2 Cfl1 Cdc42 Wasf2 Actr3 Pik3r1 Twf2 Rac1 Rac2 Mtor Arpc2 Actr2 Brk1 Carmil2 Hsp90aa1 Hdac4 Akirin1 Cyfip1 Abi2"
"GOBP_POSITIVE_REGULATION_OF_LAMELLIPODIUM_ORGANIZATION",-1.07448933414004,0.342270393610953,1,24,-0.337866408956972,1,"Carmil1"
"GOBP_POSITIVE_REGULATION_OF_LEUKOCYTE_ADHESION_TO_VASCULAR_ENDOTHELIAL_CELL",1.01985757509462,0.46398891966759,1,19,0.427014656609244,7,"Sele Gp1ba Tnf Icam1 Mdk Itgb2 Nfat5"
"GOBP_POSITIVE_REGULATION_OF_LEUKOCYTE_APOPTOTIC_PROCESS",0.995775956163687,0.495299719204004,1,23,0.399825535898549,5,"Pik3cb Bbc3 Nr4a3 Jak3 Cd274"
"GOBP_POSITIVE_REGULATION_OF_LEUKOCYTE_CELL_CELL_ADHESION",1.00976982159902,0.478396931152837,1,203,0.320016603957854,35,"Il15 Zap70 Il2ra Pik3r6 Cd27 Il12rb1 Sirpa Foxp3 Ager Tnfrsf14 Cd59a Sele Nr4a3 Cd55b Il2 Ccdc88b Gp1ba Cd5 Cd276 Shb Socs1 Il7r Jak3 Efnb1 Tnfsf9 Slc7a1 Cd160 Cd46 Cd274 Il12a Cd4 Pdcd1lg2 Prkcz Vcam1 Tnf"
"GOBP_POSITIVE_REGULATION_OF_LEUKOCYTE_CHEMOTAXIS",1.03313283778835,0.435259856630824,1,50,0.367318438645966,10,"Tnfsf18 App Csf1r Vegfa Zfp580 Trem1 Ccl27a Ccr1 Il12a Csf1"
"GOBP_POSITIVE_REGULATION_OF_LEUKOCYTE_DEGRANULATION",1.09273926143694,0.364240102171137,1,17,0.467758971053391,2,"Fcer1g Gab2"
"GOBP_POSITIVE_REGULATION_OF_LEUKOCYTE_MEDIATED_IMMUNITY",0.783538576469147,0.879449503311258,1,115,0.255728308773279,12,"Fcer1g Nod2 H2-Q2 Foxp3 Klrd1 6030468B19Rik Klrb1c Cd55b Il2 Fzd5 Lag3 Raet1d"
"GOBP_POSITIVE_REGULATION_OF_LIPID_BIOSYNTHETIC_PROCESS",0.810152225801254,0.805822102425876,1,70,0.276503675455546,25,"Pla2g4a Wnt4 Slc27a1 Nr1d1 Hsd17b13 Nr1h3 Scarb1 Rdh10 Rdh9 Capn2 Rptor Gpld1 Tnf Sirt4 Star Zbtb20 Srebf1 Igf1r Mbtps1 Pla2g6 Sphk2 Mapk9 Gh Gpam Ppargc1a"
"GOBP_POSITIVE_REGULATION_OF_LIPID_CATABOLIC_PROCESS",0.638765821300348,0.912647861692448,1,14,0.283546233929053,2,"Mtln Apoa2"
"GOBP_POSITIVE_REGULATION_OF_LIPID_LOCALIZATION",0.57127542219699,0.988202559821925,1,54,0.201371619716931,7,"Pla2g4a Ikbke Abcb4 Abca8b Nr1h3 Scarb1 Myb"
"GOBP_POSITIVE_REGULATION_OF_LIPID_METABOLIC_PROCESS",0.837266251216407,0.7819086961127,1,84,0.280537884531065,29,"Pla2g4a Wnt4 Slc27a1 Mtln Nr1d1 Hsd17b13 Nr1h3 Scarb1 Rdh10 Rdh9 Capn2 Apoa2 Rptor Gpld1 Tnf Sirt4 Star Zbtb20 Ppard Srebf1 Igf1r Mbtps1 Pla2g6 Sphk2 Mapk9 Mlycd Gh Gpam Ppargc1a"
"GOBP_POSITIVE_REGULATION_OF_LIPID_STORAGE",0.86250628100796,0.679482149862691,1,13,0.388829818166295,2,"Ikbke Scarb1"
"GOBP_POSITIVE_REGULATION_OF_LIPID_TRANSPORT",-0.849603813375088,0.762642740619902,1,43,-0.233619130846812,3,"Pltp Anxa2 Map2k6"
"GOBP_POSITIVE_REGULATION_OF_LYASE_ACTIVITY",1.05676154024622,0.419616319913537,1,10,0.50402583711799,3,"Timp2 Akap5 Gnal"
"GOBP_POSITIVE_REGULATION_OF_LYMPHOCYTE_ACTIVATION",1.0102654053441,0.477510040160643,1,255,0.317006195083737,42,"Il15 Zap70 Il2ra Pik3r6 Cd27 Il12rb1 Nod2 Tnfrsf4 Cdkn1a Sirpa Foxp3 Prdm1 Ager Axl Il15ra Tnfrsf14 Cd59a Mmp14 Csf1r Cd55b Il2 Ccdc88b Cd5 Cd276 Shb Socs1 Raet1d Il7r Jak3 Efnb1 Tnfsf9 Slc7a1 Bst1 Cd160 Lyst Cd46 Cd274 Il12a Cd4 Pdcd1lg2 Prkcz Vcam1"
"GOBP_POSITIVE_REGULATION_OF_LYMPHOCYTE_APOPTOTIC_PROCESS",0.81011176491632,0.743690336079508,1,13,0.36520964215898,8,"Bbc3 Cd274 Fnip1 P2rx7 Bax Pdcd7 Nfkbid Ccl5"
"GOBP_POSITIVE_REGULATION_OF_LYMPHOCYTE_MIGRATION",1.17544897672282,0.250060139523695,1,26,0.461902613646967,4,"App Tnfrsf14 Itgb3 Ccl27a"
"GOBP_POSITIVE_REGULATION_OF_MACROAUTOPHAGY",0.500667354693518,0.999262303720097,1,89,0.166961110215036,28,"Nod2 Ralb Atg7 Pim2 Hk2 Dele1 Eif2ak1 Rab3gap2 Hmox1 C9orf72 Cdk5rap3 Usp33 Wipi1 Tom1 Ufl1 Trim32 Moap1 Sesn2 Clec16a Trim13 Fyco1 Sptlc1 Mul1 Igtp Pip4k2a Slc25a4 Ripk2 Smcr8"
"GOBP_POSITIVE_REGULATION_OF_MACROPHAGE_ACTIVATION",1.12905725263094,0.315683053203589,1,18,0.477293544899707,4,"Pla2g4a Tlr6 Raet1d Kcnn4"
"GOBP_POSITIVE_REGULATION_OF_MACROPHAGE_CHEMOTAXIS",0.85503340450487,0.686858182763551,1,14,0.379546766039156,5,"Tnfsf18 Csf1r Trem1 Csf1 Ptk2"
"GOBP_POSITIVE_REGULATION_OF_MACROPHAGE_DIFFERENTIATION",-0.866962439661181,0.626194267515924,1,11,-0.337394385177428,3,"Trib1 Fadd Id2"
"GOBP_POSITIVE_REGULATION_OF_MACROPHAGE_MIGRATION",1.00895729701971,0.480332056194125,1,17,0.43189518647856,4,"Tnfsf18 Mmp14 Csf1r Trem1"
"GOBP_POSITIVE_REGULATION_OF_MAP_KINASE_ACTIVITY",0.898121412580328,0.648871577500286,1,42,0.327091142019408,9,"Pik3r6 Maged1 Ager Fzd5 Tlr6 Ezh2 Fgf2 Tnf Tab1"
"GOBP_POSITIVE_REGULATION_OF_MAST_CELL_DEGRANULATION",1.19831180906838,0.246419886517158,1,10,0.571538695998854,2,"Fcer1g Gab2"
"GOBP_POSITIVE_REGULATION_OF_MEMBRANE_DEPOLARIZATION",-0.867059274493415,0.619615384615385,1,10,-0.345397858646526,2,"Cacna1d Rangrf"
"GOBP_POSITIVE_REGULATION_OF_MEMBRANE_PERMEABILITY",0.46521561058001,0.99717281187419,1,33,0.175958133339683,8,"Mpv17l Eya2 Erbb3 Bid Bak1 Tmem14a Hspa1a Mul1"
"GOBP_POSITIVE_REGULATION_OF_MEMBRANE_POTENTIAL",0.921464412542829,0.603437381524074,1,18,0.389536504846539,5,"Slc34a1 Mtln Glrx Bid Ctns"
"GOBP_POSITIVE_REGULATION_OF_MESENCHYMAL_CELL_PROLIFERATION",0.71105747837582,0.844515019187508,1,12,0.326280000804868,2,"Vegfa Arhgap5"
"GOBP_POSITIVE_REGULATION_OF_METAPHASE_ANAPHASE_TRANSITION_OF_CELL_CYCLE",0.631219665500709,0.914516342463941,1,12,0.289645154197739,1,"Cenpe"
"GOBP_POSITIVE_REGULATION_OF_MICROTUBULE_POLYMERIZATION_OR_DEPOLYMERIZATION",0.769479571991209,0.811169576656302,1,28,0.298498783038794,9,"Katnb1 Togaram1 Fes Hspa1b Mapt Pak1 Akap9 Hspa1a Clip1"
"GOBP_POSITIVE_REGULATION_OF_MIRNA_METABOLIC_PROCESS",0.499174783919697,0.995505358995044,1,40,0.183110058537312,2,"Smad3 Apln"
"GOBP_POSITIVE_REGULATION_OF_MITOCHONDRIAL_FISSION",-0.71358376875336,0.872330097087379,1,19,-0.236299692189041,2,"Irgm2 Aurka"
"GOBP_POSITIVE_REGULATION_OF_MITOCHONDRIAL_MEMBRANE_PERMEABILITY",-0.559346188847148,0.992532669570628,1,30,-0.167381569477263,3,"Rhot2 Bcl2l1 Slc35f6"
"GOBP_POSITIVE_REGULATION_OF_MITOCHONDRIAL_MEMBRANE_POTENTIAL",0.50917595590755,0.981692166862822,1,13,0.229543597200025,3,"Mtln Bid Ctns"
"GOBP_POSITIVE_REGULATION_OF_MITOCHONDRIAL_TRANSLATION",-1.02067811988565,0.412162162162162,1,16,-0.353619510672438,5,"Mettl8 Fastkd3 Rpusd4 Ngrn Cdk5rap1"
"GOBP_POSITIVE_REGULATION_OF_MITOTIC_CELL_CYCLE",-0.850649184502441,0.884615384615385,1,100,-0.201900264441073,20,"Cdc25a Rad51c Anxa1 Hspa2 Fbxo5 Pbx1 Cdc25b Larp7 Cdc16 Cul4b Klhl18 Aurka Cdc20 Stat5a Tert Hes1 Dtl Tmod3 Cdc7 Dusp3"
"GOBP_POSITIVE_REGULATION_OF_MITOTIC_CELL_CYCLE_PHASE_TRANSITION",-0.912942269424412,0.686153846153846,1,77,-0.225211765371703,13,"Cdc25a Rad51c Anxa1 Hspa2 Fbxo5 Pbx1 Cdc25b Larp7 Cdc16 Cul4b Klhl18 Cdc20 Tert"
"GOBP_POSITIVE_REGULATION_OF_MITOTIC_NUCLEAR_DIVISION",0.95491149964695,0.556156303760138,1,22,0.386704757882514,9,"Egf Cenpe Nusap1 Tnf Igf1r Sh2b1 Anapc7 Cdc23 Cul3"
"GOBP_POSITIVE_REGULATION_OF_MITOTIC_SISTER_CHROMATID_SEPARATION",0.773498980339945,0.795296838858905,1,16,0.335069415094207,7,"Cenpe Birc5 Cdca8 Anapc7 Incenp Cdc23 Cul3"
"GOBP_POSITIVE_REGULATION_OF_MOLECULAR_FUNCTION",0.865103593326727,0.896458583433373,1,429,0.267747661638847,85,"Timp2 Pik3r6 Tssk4 Maged1 Egf Nod2 Smad3 Hmga2 Rgs1 Tnfsf18 Cdkn1a Ager Setmar Ehd3 Hmgn3 Rap1gap Clcn2 Cenpe Csf1r Fgf13 Cass4 Gnao1 Angpt1 Tom1l1 Agrn Fzd5 Tigar Epha2 Tgfbr3 Stox1 Tlr6 Abr Camk2a Mmut Rhoc Kcnc1 Ccdc125 Ezh2 Lrp8 Wnk3 Itgb1 Asph Akap5 Esr1 Cdk5r1 Hspa1b Il1rap Srcin1 Gnal Traf1 Tbc1d2 Fgf2 Plscr1 Rnf25 Eif2ak2 Pip5k1a Csf1 Abi2 Sdhaf4 Polg2 Amigo1 Nipsnap2 Prkcz Dnajc24 Bcr Rfc3 Tnf Tab1 Trim30d Sod1 Dnajb2 Tlr4 Mrnip Icam1 Ccnb1 Usp6nl Arhgap35 Trim30c Prkci Cacnb4 Tpx2 Fosl1 Apc2 Map3k5 Ralgapb"
"GOBP_POSITIVE_REGULATION_OF_MONOATOMIC_ION_TRANSMEMBRANE_TRANSPORT",1.05724015437587,0.390603009635163,1,68,0.362231981582078,17,"Cxcr3 Akap7 Ehd3 Clcn2 Fgf13 Kcnj2 Plp1 Kcnc1 Wnk3 Asph Akap5 Cd4 Amigo1 Nipsnap2 Fxyd4 Bak1 Cacnb4"
"GOBP_POSITIVE_REGULATION_OF_MONOATOMIC_ION_TRANSPORT",1.08167754231098,0.335048299034019,1,96,0.358698658450577,17,"Cxcr3 Akap7 Scn2b Ehd3 Clcn2 Fgf13 Kcnj2 Plp1 Atp2c2 Camk2a Kcnc1 Cask Wnk3 Asph Akap5 Jak3 Ccr1"
"GOBP_POSITIVE_REGULATION_OF_MONOCYTE_CHEMOTAXIS",1.19203130590472,0.254660902458795,1,10,0.56854318968638,3,"Tnfsf18 App Ccr1"
"GOBP_POSITIVE_REGULATION_OF_MRNA_CATABOLIC_PROCESS",0.750705744009636,0.903188588210615,1,97,0.248644556260186,35,"Dnd1 Zc3h12c Pnldc1 Noct Prr5l Tent4a Mov10 Pan2 Cpeb3 Mettl3 Ago3 Cnot7 Mapk9 Mlh1 Parn Rc3h2 Tent4b Pnpt1 Tut7 Dis3l2 Mex3d Tnrc6c Zc3h12a Cnot8 Pias4 Patl1 Upf1 Cnot6l Dhx36 Stat3 Senp1 Plekhn1 Gtpbp1 Rock2 Mettl16"
"GOBP_POSITIVE_REGULATION_OF_MRNA_METABOLIC_PROCESS",0.781516548588135,0.892133676092545,1,127,0.253398914654566,44,"Celf4 Dnd1 Zc3h12c Pnldc1 Noct Prr5l Celf3 Adarb1 Tent4a Mov10 Pan2 Ccnb1 Cpeb3 Apobec1 Mettl3 Ago3 Cnot7 Mapk9 Upf3b Mlh1 Parn Rc3h2 Tent4b Pnpt1 Tut7 Dis3l2 Mex3d Tnrc6c Zc3h12a Cnot8 Eif4a3 Pias4 Patl1 Upf1 Cnot6l Dhx36 Stat3 Prmt5 Senp1 Wdr77 Plekhn1 Gtpbp1 Rock2 Mettl16"
"GOBP_POSITIVE_REGULATION_OF_MRNA_PROCESSING",0.780167335784994,0.803577775145125,1,31,0.298014118999058,3,"Celf4 Celf3 Adarb1"
"GOBP_POSITIVE_REGULATION_OF_MULTICELLULAR_ORGANISM_GROWTH",0.997506276351573,0.494470385844188,1,22,0.40395410802513,5,"Hmga2 Flt3 Bbs4 Gpr21 Csf1"
"GOBP_POSITIVE_REGULATION_OF_MUSCLE_CELL_APOPTOTIC_PROCESS",-0.693180837478043,0.954395241242564,1,33,-0.203194032351367,11,"Adrb2 E2f3 Fbxo32 Foxo1 Tlr2 Mfn2 Hmgcr Ltk Rbm10 Zfas1 Mapk8"
"GOBP_POSITIVE_REGULATION_OF_MUSCLE_CELL_DIFFERENTIATION",1.14272510008749,0.271623324550349,1,42,0.416174531378775,5,"Eng Camk1 Mmp14 Notch4 Efemp2"
"GOBP_POSITIVE_REGULATION_OF_MUSCLE_CONTRACTION",0.656089344205952,0.90068893799558,1,14,0.291236093834626,10,"Rgs2 Tbxa2r Lck Ada Smtn Srf Atp1a1 Gsto1 Hsp90aa1 Map2k1"
"GOBP_POSITIVE_REGULATION_OF_MUSCLE_HYPERTROPHY",-0.685925275687459,0.944617299315495,1,30,-0.205259732662745,5,"Trip10 Ece1 Adk Gsn Ep300"
"GOBP_POSITIVE_REGULATION_OF_MUSCLE_ORGAN_DEVELOPMENT",-0.67772040482513,0.888747346072187,1,13,-0.251669440067894,2,"Adrb2 Mtm1"
"GOBP_POSITIVE_REGULATION_OF_MYELOID_CELL_DIFFERENTIATION",0.792675591195312,0.837641529587695,1,78,0.267599761595618,14,"Car2 Isg15 Itgb3 Csf1r Acvr2a Klf10 Fes Ccr1 Hspa1b Cd101 Csf1 Cd4 Rptor Tnf"
"GOBP_POSITIVE_REGULATION_OF_MYELOID_LEUKOCYTE_DIFFERENTIATION",0.964525287407675,0.54899313758578,1,48,0.344523041175152,11,"Car2 Itgb3 Csf1r Klf10 Fes Ccr1 Cd101 Csf1 Cd4 Rptor Tnf"
"GOBP_POSITIVE_REGULATION_OF_MYELOID_LEUKOCYTE_MEDIATED_IMMUNITY",0.776102964431753,0.793630734234803,1,18,0.328086936457495,1,"Fcer1g"
"GOBP_POSITIVE_REGULATION_OF_MYOBLAST_DIFFERENTIATION",-1.04770682472691,0.383087764253684,1,31,-0.31126063275096,10,"Xkr8 Lrrc8a Smarcc1 Smarca4 Mapk14 Arid2 Nr2c2 Ripor2 Kat5 Phf10"
"GOBP_POSITIVE_REGULATION_OF_NATURAL_KILLER_CELL_ACTIVATION",0.934559282080834,0.582364580756864,1,21,0.381791163811898,6,"Il15 Axl Il15ra Raet1d Lyst Il12a"
"GOBP_POSITIVE_REGULATION_OF_NATURAL_KILLER_CELL_MEDIATED_IMMUNITY",1.08986156349485,0.35832010743499,1,23,0.437602937671183,9,"Klrd1 Klrb1c Lag3 Raet1d Cd160 Il12a Bid Dpp4 H60b"
"GOBP_POSITIVE_REGULATION_OF_NERVOUS_SYSTEM_PROCESS",1.16222362049309,0.281164695177434,1,14,0.51590758238026,4,"Egr2 Tenm4 Unc13b Tac4"
"GOBP_POSITIVE_REGULATION_OF_NEURAL_PRECURSOR_CELL_PROLIFERATION",0.842349472454146,0.719182200841852,1,27,0.329078143952267,5,"Egf Vegfa Cdon Notch1 Fgf2"
"GOBP_POSITIVE_REGULATION_OF_NEUROGENESIS",1.11397720069406,0.237545565006075,1,176,0.355154478372612,60,"Egr2 Bmpr2 Xrcc2 Xlr3b Plxnd1 Atxn1 Tenm4 Marcks Serpine2 Clcn2 Numbl Sema7a Csf1r Caprin2 Vegfa Plag1 Dlg4 Tiam2 Neurl1a Zfp365 Lrp8 Cask Akap5 Cdkl3 Ntn1 Itpka Srcin1 Notch1 Ankrd27 Myb Hap1 Plxnc1 Dbn1 Amigo1 Tnf Rufy3 Mapt Pak1 Ss18l1 Tnfrsf1b Ptk2 Lta Star Prkci Fbxo31 Cyfip1 Golga4 Wls Lig4 Ell3 Aspm Ufl1 Trim32 Tspo Gh Jade2 Xrcc5 Dicer1 Plxnb2 Hdac2"
"GOBP_POSITIVE_REGULATION_OF_NEUROINFLAMMATORY_RESPONSE",1.14620544413486,0.308191081116845,1,12,0.525954546022232,3,"Csf1r Kcnn4 Ccr1"
"GOBP_POSITIVE_REGULATION_OF_NEURON_DIFFERENTIATION",1.10649410767429,0.321605773567885,1,47,0.396004800751563,9,"Timp2 Ccr5 App Dmd Impact Zc4h2 Socs2 Itgb1 Cdon"
"GOBP_POSITIVE_REGULATION_OF_NEURON_PROJECTION_DEVELOPMENT",0.982899061991696,0.537635508283903,1,138,0.317123315188571,38,"Ndnf Xlr3b Camk1 Marcks Serpine2 Caprin2 Nrxn1 Dmd Katnb1 Itga3 Nox1 Rgs2 Magi2 Fes Ezh2 Lrp8 Cask Itgb1 Arsb Itpka Cntf Srcin1 Ankrd27 Hap1 Serpini1 Dbn1 Amigo1 Enc1 Mapt Dvl1 Styxl1 Arhgap35 Prkci Igf1r Cyfip1 Crtc1 Pacsin1 Ahi1"
"GOBP_POSITIVE_REGULATION_OF_NEUROTRANSMITTER_SECRETION",-1.09324548562365,0.332484076433121,1,13,-0.405973432797335,5,"Cacna1d Bcl2l1 Ptger4 Kmo Slc4a8"
"GOBP_POSITIVE_REGULATION_OF_NEUROTRANSMITTER_TRANSPORT",-0.827328587847843,0.711563447379818,1,14,-0.300476222798088,5,"Cacna1d Bcl2l1 Ptger4 Kmo Slc4a8"
"GOBP_POSITIVE_REGULATION_OF_NEUTROPHIL_MIGRATION",-1.10320356334028,0.31353591160221,1,17,-0.375982071842577,4,"Ccr7 Ptger4 Camk1d Ripor2"
"GOBP_POSITIVE_REGULATION_OF_NF_KAPPAB_TRANSCRIPTION_FACTOR_ACTIVITY",0.90776487277042,0.659108006448146,1,73,0.308296155815362,17,"Nod2 Tnfsf18 Ager Tgfbr3 Camk2a Hspa1b Il1rap Traf1 Rnf25 Eif2ak2 Prkcz Tnf Trim30d Tlr4 Icam1 Trim30c Prkci"
"GOBP_POSITIVE_REGULATION_OF_NON_CANONICAL_NF_KAPPAB_SIGNAL_TRANSDUCTION",0.910620625529539,0.629625386642227,1,42,0.331643290293165,4,"C1qtnf4 Nod2 App Ager"
"GOBP_POSITIVE_REGULATION_OF_NOTCH_SIGNALING_PATHWAY",0.841999038225324,0.713074465470632,1,22,0.340979278534834,5,"Nod2 Dll1 Acvrl1 Notch1 Nepro"
"GOBP_POSITIVE_REGULATION_OF_NUCLEAR_DIVISION",0.963263086134101,0.544011373060064,1,31,0.367954394924424,6,"Egf Wnt4 Cenpe Nusap1 Npr2 Tnf"
"GOBP_POSITIVE_REGULATION_OF_NUCLEAR_TRANSCRIBED_MRNA_CATABOLIC_PROCESS_DEADENYLATION_DEPENDENT_DECAY",-0.599583555754325,0.955391944564747,1,14,-0.217761847869375,14,"Helz Tob1 Tnrc6a Ago2 Pabpc1 Cnot1 Tnrc6b Zfp36 Zfp36l2 Zfp36l1 Dhx36 Tnrc6c Cnot7 Cpeb3"
"GOBP_POSITIVE_REGULATION_OF_NUCLEOCYTOPLASMIC_TRANSPORT",0.79528655356648,0.817351095453044,1,58,0.277515005069492,23,"Camk1 Hyal2 Akap5 Pik3r2 Cdk1 Efcab7 Rasl2-9 Ipo5 Xpo4 Ptpn22 Psen1 Sirt6 Riok2 Ubr5 Zc3h12a Trim28 Jup Nrde2 Hdac3 Ect2 Ctdspl2 Brca1 Hcls1"
"GOBP_POSITIVE_REGULATION_OF_NUCLEOTIDE_CATABOLIC_PROCESS",1.00956150527513,0.479182630906769,1,17,0.432153824418852,7,"App Uchl1 Gapdhs Rptor Pfkfb1 Zbtb20 Psen1"
"GOBP_POSITIVE_REGULATION_OF_NUCLEOTIDE_METABOLIC_PROCESS",0.934162675612331,0.58749248346362,1,27,0.364946532873532,8,"App Tigar Uchl1 Gapdhs Rptor Pfkfb1 Zbtb20 Psen1"
"GOBP_POSITIVE_REGULATION_OF_OLIGODENDROCYTE_DIFFERENTIATION",0.983920016709589,0.521643052125309,1,14,0.43675914697107,3,"Tenm4 Clcn2 Zfp365"
"GOBP_POSITIVE_REGULATION_OF_ORGANELLE_ASSEMBLY",0.593662495735802,0.991122384273938,1,86,0.198583956082655,22,"Ralb Atg7 Bbs4 Mns1 Zmynd10 Hap1 Rabl3 Pan2 Tnf Pqbp1 Arhgap35 Rab3gap2 Ccdc15 Usp33 Wipi1 Tmem216 Mapk9 Ift88 Trim32 Sdc4 Moap1 Stx18"
"GOBP_POSITIVE_REGULATION_OF_ORGANELLE_ORGANIZATION",0.554447606697647,0.999899949974988,1,391,0.171860373388945,105,"Nphs1 Egf Smad3 Tgfb3 Pla2g4a Bbc3 Wnt4 Cenpe Ncapd3 Kiss1r Ralb Katnb1 Togaram1 Rhoc Fes Ncapg2 Atg7 Bbs4 Cdk1 Cdc42ep4 Ddhd2 Mns1 Hspa1b Nusap1 Zmynd10 Lima1 Sorbs3 Npr2 Hap1 Rabl3 Pmaip1 Rgcc Pan2 Abi2 Msto1 Tnfsf10 Tnf Endog Wdr35 Mapt Nbn Pak1 Pqbp1 Fchsd1 Icam1 Pdxp Bid Znrf1 Bak1 Arhgap35 Rab3gap2 Bmf Igf1r Nek2 Plek Cyfip1 Arhgef10 Ccdc15 Usp33 Lig4 Nf2 Wipi1 Pla2g6 Tom1 Tmem216 Mapk9 Ift88 Grn Sh2b1 Trim32 Sdc4 Moap1 Doc2a Parn Sirt6 Stx18 Ncaph2 Clec16a Akap9 Ppp1r10 Anapc7 Hspa1a Fyco1 Clip1 Fen1 Synj1 Sdc1 Bad Ncaph C2cd5 Adck1 Mul1 Prkaa1 Igtp Pip4k2a Tgfbr1 Fas Cdk2 Terf2 Slain2 Ppm1f Smcr8 Entr1 Fhod1 Mre11a"
"GOBP_POSITIVE_REGULATION_OF_ORGANIC_ACID_TRANSPORT",0.80994731481718,0.753010567707053,1,22,0.327999485177181,12,"Pla2g4a Itgb1 Psen1 Arhgef11 Pla2g6 Mapk9 Adora2a Acsl1 Acsl5 Stxbp1 P2rx7 Mif"
"GOBP_POSITIVE_REGULATION_OF_ORGAN_GROWTH",1.14333422999643,0.284501315474767,1,28,0.443525583632297,7,"Cacna2d2 Tgfbr3 Ccnd2 Cdk1 Rbpj Notch1 Fgf2"
"GOBP_POSITIVE_REGULATION_OF_OXIDOREDUCTASE_ACTIVITY",-0.802305197305873,0.764480612733365,1,18,-0.269681260335272,5,"Ccs Nod1 Gch1 Rfk Atp7a"
"GOBP_POSITIVE_REGULATION_OF_P38MAPK_CASCADE",1.10580932677247,0.346360153256705,1,17,0.473353755215267,6,"Ager Mfhas1 Kcnn4 Rell2 Pja2 Map3k5"
"GOBP_POSITIVE_REGULATION_OF_PEPTIDE_SECRETION",0.749831878875372,0.886514923770668,1,74,0.254399104835536,24,"Camk2n1 Apln Glrx Trpm4 S100a8 Cask Atg7 Ildr1 Tm7sf3 Hfe Gpld1 Pfkfb2 Ppard Pla2g6 Aacs Sirt6 Mpc2 Pck2 Sox4 Bad Mrgpre Capn10 Gnaq Arrb1"
"GOBP_POSITIVE_REGULATION_OF_PEPTIDYL_SERINE_PHOSPHORYLATION",0.946072057008712,0.568610944076969,1,27,0.36959913521223,3,"Spry2 Angpt1 Stox1"
"GOBP_POSITIVE_REGULATION_OF_PHOSPHOLIPID_TRANSPORT",0.920560648225829,0.603755741691435,1,10,0.439064380817452,1,"Abcb4"
"GOBP_POSITIVE_REGULATION_OF_PHOSPHORUS_METABOLIC_PROCESS",1.07372727738166,0.282207974353837,1,308,0.335015954362195,63,"Il15 Eng Pik3r6 Spry2 Maged1 Egf Nod2 Smad3 Hmga2 Tnfsf18 Cdkn1a Hbegf App Ager Tnfrsf14 Cenpe Flt3 Sema7a Csf1r Cass4 Apln Il2 Angpt1 Vegfa Tom1l1 Fzd5 Tigar Acvr2a Pde4d Stox1 Tlr6 Prr5l Ezh2 Lrp8 Wnk3 Itgb1 Akap5 Cdk5r1 Birc5 Cntf Uchl1 Cdon Srcin1 Gapdhs Fgf2 Capn2 Il12a Csf1 Cd4 Abi2 Rptor Prkcz Tnf Tab1 Pfkfb1 Cdca8 Dvl1 Pak1 Tlr4 Ctnnd1 Mrnip Icam1 Ccnb1"
"GOBP_POSITIVE_REGULATION_OF_PHOSPHORYLATION",1.06935107201781,0.303297584444222,1,278,0.334620011608358,56,"Il15 Eng Pik3r6 Spry2 Maged1 Egf Nod2 Hmga2 Tnfsf18 Cdkn1a Hbegf Ager Tnfrsf14 Cenpe Flt3 Sema7a Csf1r Cass4 Apln Il2 Angpt1 Vegfa Tom1l1 Fzd5 Tigar Acvr2a Pde4d Stox1 Tlr6 Prr5l Ezh2 Lrp8 Wnk3 Itgb1 Akap5 Cdk5r1 Birc5 Cntf Cdon Srcin1 Fgf2 Il12a Csf1 Cd4 Abi2 Prkcz Tnf Tab1 Cdca8 Dvl1 Pak1 Tlr4 Ctnnd1 Mrnip Icam1 Ccnb1"
"GOBP_POSITIVE_REGULATION_OF_PLASMA_MEMBRANE_BOUNDED_CELL_PROJECTION_ASSEMBLY",0.820817163649017,0.805775108019812,1,89,0.273723748196621,20,"Myo3b Gpm6a Tgfb3 Agrn Neurl1a Bbs4 Cdc42ep4 Mns1 Zmynd10 Hap1 Rabl3 Abi2 Fnbp1l Def8 Pqbp1 Arhgap35 Cyfip1 Eps8 Tmem216 Ift88"
"GOBP_POSITIVE_REGULATION_OF_POST_TRANSCRIPTIONAL_GENE_SILENCING",0.510685873236395,0.978237650200267,1,11,0.23892932734947,2,"Dgcr8 Ripk1"
"GOBP_POSITIVE_REGULATION_OF_POST_TRANSLATIONAL_PROTEIN_MODIFICATION",0.483884363702581,1,1,111,0.158510427373998,42,"Nod2 Angpt1 Tes3-ps Birc5 Trib3 Fbxo33 Dnajb2 Fanci Wfs1 Ddx3x Ptpn22 Cdk5rap3 Mapk9 Mycbp2 Hspbp1 Chfr Mul1 Birc2 Tank Arrb1 Zc3h12a Mta1 Ripk2 Traf7 Pias4 Cul3 Ip6k2 Hdac3 Fbxw7 Hdac4 Ube2l3 Phf23 Ticam1 Psmd10 Vcp Rassf5 Nsmce3 Laptm5 Pttg1ip Bmi1 Ndfip2 Aimp2"
"GOBP_POSITIVE_REGULATION_OF_POTASSIUM_ION_TRANSMEMBRANE_TRANSPORT",1.18379921807922,0.260080106809079,1,11,0.553851918988895,5,"Akap7 Kcnj2 Kcnc1 Wnk3 Amigo1"
"GOBP_POSITIVE_REGULATION_OF_POTASSIUM_ION_TRANSPORT",0.968223280659376,0.539672300348342,1,15,0.424031508606069,5,"Akap7 Kcnj2 Kcnc1 Wnk3 Amigo1"
"GOBP_POSITIVE_REGULATION_OF_PROGRAMMED_CELL_DEATH",0.978981667520759,0.579831932773109,1,465,0.30260036361559,123,"Cxcr3 Ccr5 Inca1 Maged1 Nacc2 Tnfrsf10b Map3k20 Cdkn1a Tgfb3 Pik3cb Dkkl1 Pla2g4a Bbc3 App Ager Rps6ka2 Ahr Nr4a3 Bcl2a1a Siah1b Agrn Unc13b Tigar Grik5 Prf1 Il24 Cers6 Neurl1a Katnb1 Tlr6 Spry1 Cryba1 Trem1 Hpgd Hyal2 Socs1 Camk2a Nox1 Trps1 Itm2c Bcl2a1b S100a8 Atg7 Itgb1 Tctn3 Aifm2 Jak3 Bcl2a1d Casp4 Cdk5r1 Rxra Nos3 Notch1 Usp27x Myb Cd160 Slc27a4 Plscr1 Fam72a Ifit2 Prr7 Sik1 Eif2ak2 Rhob Cd274 Capn2 Pmaip1 Rgcc Il12a Gpld1 Casp7 Gzma Tnfsf10 Tnf Mybl2 Bcl2l14 Endog Ctnna1 Nqo2 Wdr35 Sod1 Styxl1 Tnfrsf1b Tlr4 Apaf1 Bid Lta Zfp622 Bak1 Prmt2 Prkci Bmf Ddx3x Sp110 Fosl1 Map3k5 Lamp2 Aldh1a3 Hmox1 Lck Psen1 Lzts2 Trp53inp1 Atf6 Mst1 Plcg1 Sphk2 Camk2d Mapk9 Grn Irf1 Jmy Faf1 Rybp Moap1 Zbp1 Fnip1 Tspo Cflar Dusp6 Pin1 B4galt1 Ppargc1a"
"GOBP_POSITIVE_REGULATION_OF_PROTEASOMAL_PROTEIN_CATABOLIC_PROCESS",0.685362644375557,0.94926384916852,1,84,0.22964043529809,22,"Tmtc3 Plk2 Bbs7 Cbfa2t3 Atg7 Hspa1b Trib3 Zfand2a Trf Dvl1 Dnajb2 Det1 Psen1 Mapk9 Sirt6 Socs4 Trib2 Hspa1a Hspbp1 Chfr Plk3 Csnk1d"
"GOBP_POSITIVE_REGULATION_OF_PROTEASOMAL_UBIQUITIN_DEPENDENT_PROTEIN_CATABOLIC_PROCESS",0.856847596033595,0.735040871934605,1,63,0.29602100467981,21,"Plk2 Bbs7 Cbfa2t3 Atg7 Hspa1b Trib3 Zfand2a Trf Dvl1 Dnajb2 Det1 Psen1 Mapk9 Sirt6 Socs4 Trib2 Hspa1a Hspbp1 Chfr Plk3 Csnk1d"
"GOBP_POSITIVE_REGULATION_OF_PROTEIN_CATABOLIC_PROCESS",0.534332175867707,0.99949124949125,1,150,0.171524858925651,33,"Tmtc3 App Plk2 Bbs7 Cbfa2t3 Atg7 Asb5 Hspa1b Trib3 Abca2 Tnfaip3 Zfand2a Trf Gpld1 Tnf Dvl1 Dnajb2 Tnfrsf1b Adam9 Det1 Psen1 Mapk9 Dcaf1 Faf1 Trim32 Sirt6 Socs4 Trib2 Hspa1a Oaz2 Hspbp1 Chfr Plk3"
"GOBP_POSITIVE_REGULATION_OF_PROTEIN_CONTAINING_COMPLEX_ASSEMBLY",0.872742586025672,0.777292576419214,1,158,0.279335475688851,33,"Nphs1 Zdhhc1 Isg15 Bbc3 Mpp7 Ahr Gbp2 Vegfa Unc13b Mtln Cdh5 Tlr6 Togaram1 Rhoc Fes Cdc42ep4 Casp4 Hspa1b Cdh17 Tnf Mapt Pak1 Tlr4 Fchsd1 Icam1 Bid Kcnk6 Bak1 Bmf Ddx3x Ptpn22 Plek Atat1"
"GOBP_POSITIVE_REGULATION_OF_PROTEIN_EXPORT_FROM_NUCLEUS",0.532915696091151,0.975862068965517,1,17,0.2281203819235,1,"Camk1"
"GOBP_POSITIVE_REGULATION_OF_PROTEIN_IMPORT_INTO_NUCLEUS",1.02525748599891,0.457176196032672,1,36,0.382422717617467,17,"Hyal2 Akap5 Pik3r2 Cdk1 Efcab7 Rasl2-9 Ipo5 Ptpn22 Psen1 Ubr5 Zc3h12a Trim28 Jup Hdac3 Ect2 Brca1 Hcls1"
"GOBP_POSITIVE_REGULATION_OF_PROTEIN_LOCALIZATION",0.76557325437224,0.97586379569354,1,343,0.23808149430639,101,"Fcer1g Egf Sec16b Tgfb3 Zdhhc1 App Camk2n1 Kif3a Slc5a3 Camk1 Rapgefl1 Vegfa Agrn Unc13b Nrxn1 Dlg4 Epha2 Myom1 Glrx Itga3 Hyal2 Trpm4 Prr5l Cav2 Cask Wnk3 Atg7 Itgb1 Kcnn4 Asph Akap5 Pik3r2 Cdk1 Rxra Tm7sf3 Efcab7 Pkp3 Cd247 Gpld1 Prkcz Rasl2-9 Zfand1 Tnf Rufy3 Mapt Meak7 Tlr4 Ctnnd1 Adam9 Stx3 Lrig2 Ipo5 Pfkfb2 Xpo4 Ppard Prkci Zdhhc3 Cacnb4 Ptpn22 Edem1 Psen1 Cln3 Cdk5rap3 Wls Nf2 Pla2g6 Tmem97 Aacs Cep131 Sirt6 Sesn2 Ifnar2 Ptpn23 Cenpq Rab29 Mpc2 Cnpy4 Pck2 Oaz2 Adora2a Sox4 Ssh1 Plk3 Bad Mrgpre Washc1 Stk11 Zdhhc2 Prkaa1 Igtp Capn10 Fyn Gnaq Ubr5 Arrb1 Zc3h12a Entr1 Ppp1r9b Prnp Trim28 Jup"
"GOBP_POSITIVE_REGULATION_OF_PROTEIN_LOCALIZATION_TO_CELL_PERIPHERY",0.624944876926623,0.969053737012624,1,52,0.221275377135818,11,"Nrxn1 Epha2 Itga3 Wnk3 Itgb1 Akap5 Efcab7 Tnf Stx3 Prkci Cln3"
"GOBP_POSITIVE_REGULATION_OF_PROTEIN_LOCALIZATION_TO_CELL_SURFACE",0.920471380723486,0.605080247693669,1,18,0.389116714197173,5,"Fcer1g Cd247 Tnf Stx3 Lrig2"
"GOBP_POSITIVE_REGULATION_OF_PROTEIN_LOCALIZATION_TO_MEMBRANE",0.778134872697149,0.843960826985854,1,64,0.26835810786763,9,"Slc5a3 Agrn Nrxn1 Dlg4 Epha2 Itga3 Wnk3 Itgb1 Akap5"
"GOBP_POSITIVE_REGULATION_OF_PROTEIN_LOCALIZATION_TO_NUCLEUS",0.523658289141147,0.998399658593833,1,79,0.176467223545601,27,"Hyal2 Cav2 Akap5 Pik3r2 Cdk1 Efcab7 Rasl2-9 Ipo5 Cacnb4 Ptpn22 Psen1 Cdk5rap3 Sesn2 Ifnar2 Stk11 Igtp Fyn Ubr5 Zc3h12a Trim28 Jup Hdac3 Ect2 Trim8 Limk2 Brca1 Hcls1"
"GOBP_POSITIVE_REGULATION_OF_PROTEIN_LOCALIZATION_TO_PLASMA_MEMBRANE",0.636745970170509,0.956802721088435,1,45,0.229398462109113,10,"Nrxn1 Epha2 Itga3 Wnk3 Itgb1 Akap5 Tnf Stx3 Prkci Cln3"
"GOBP_POSITIVE_REGULATION_OF_PROTEIN_MATURATION",0.823318876252456,0.727213286256048,1,13,0.371163591495244,2,"Mmp14 Astl"
"GOBP_POSITIVE_REGULATION_OF_PROTEIN_MODIFICATION_PROCESS",0.831650970798959,0.934473789515806,1,387,0.257798766618983,75,"Il15 Eng Pik3r6 Spry2 Maged1 Egf Nod2 Hmga2 Tnfsf18 Cdkn1a Hbegf Ager Tnfrsf14 Cenpe Flt3 Sema7a Csf1r Cass4 Il2 Angpt1 Vegfa Tom1l1 Fzd5 Acvr2a Il24 Svip Pde4d Stox1 Tlr6 Prr5l Ezh2 Lrp8 Wnk3 Atg7 Itgb1 Akap5 Tes3-ps Cdk5r1 Birc5 Cntf Cdon Srcin1 Trib3 Fgf2 Il12a Csf1 Cd4 Abi2 Prkcz Tnf Fbxo33 Tab1 Cdca8 Dvl1 Pak1 Dnajb2 Tlr4 Ctnnd1 Mrnip Icam1 Ccnb1 Fanci Dip2a Rab3gap2 Wfs1 Ddx3x Ptpn22 Tpx2 Map3k5 Lck Psen1 Cln3 Cdk5rap3 Camkk1 Higd1a"
"GOBP_POSITIVE_REGULATION_OF_PROTEIN_POLYMERIZATION",-0.866363228623512,0.773881499395405,1,63,-0.220345676773895,10,"Carmil1 Nck2 Pfn2 Cdk5rap2 Mlst8 Arl2 Baiap2 Git1 Bag4 Prkce"
"GOBP_POSITIVE_REGULATION_OF_PROTEIN_POLYUBIQUITINATION",0.844364966267731,0.711621966794381,1,17,0.361439642331106,6,"Nod2 Ddx3x Ptpn22 Birc2 Ripk2 Ip6k2"
"GOBP_POSITIVE_REGULATION_OF_PROTEIN_SECRETION",0.722922748897069,0.933778984750366,1,102,0.238386763333534,27,"Tgfb3 Camk2n1 Rapgefl1 Unc13b Myom1 Glrx Trpm4 Cask Atg7 Kcnn4 Tm7sf3 Gpld1 Tlr4 Adam9 Pfkfb2 Ppard Wls Pla2g6 Aacs Sirt6 Ptpn23 Mpc2 Pck2 Adora2a Sox4 Bad Mrgpre"
"GOBP_POSITIVE_REGULATION_OF_PROTEIN_SERINE_THREONINE_KINASE_ACTIVITY",0.82284248752689,0.78431587006453,1,62,0.284941563201238,7,"Pik3r6 Maged1 Hmga2 Ager Fzd5 Tlr6 Ezh2"
"GOBP_POSITIVE_REGULATION_OF_PROTEIN_SUMOYLATION",-0.861133125984132,0.629038854805726,1,12,-0.326872876269627,2,"Rwdd3 Tollip"
"GOBP_POSITIVE_REGULATION_OF_PROTEIN_TARGETING_TO_MEMBRANE",0.580891420609643,0.96078187250996,1,20,0.240186163402692,8,"Stom Cdk5r1 Pak1 Tent2 C2cd5 Fyn Prnp Mief1"
"GOBP_POSITIVE_REGULATION_OF_PROTEIN_UBIQUITINATION",0.573351625539071,0.99440219687368,1,87,0.191614051975076,34,"Nod2 Angpt1 Birc5 Trib3 Fbxo33 Dnajb2 Fanci Wfs1 Ddx3x Ptpn22 Cdk5rap3 Mapk9 Mycbp2 Hspbp1 Chfr Birc2 Arrb1 Mta1 Ripk2 Cul3 Ip6k2 Hdac3 Fbxw7 Ube2l3 Phf23 Ticam1 Psmd10 Rassf5 Nsmce3 Laptm5 Pttg1ip Bmi1 Ndfip2 Aimp2"
"GOBP_POSITIVE_REGULATION_OF_PROTEOLYSIS",0.876688163810841,0.762962208413976,1,149,0.281570820692032,61,"Egf Tmtc3 App Plk2 Mmp14 Bbs7 Astl Cbfa2t3 Atg7 Asph Cdk1 Hspa1b Trib3 Cd46 Zfand2a Tgfb1i1 Trf Gpld1 Tnf Dvl1 Dnajb2 Tnfrsf1b Ctnnd1 Adam9 Ptk2 Bak1 Det1 Cln6 Psen1 Cdk5rap3 Mapk9 Grn Ufl1 Trim32 Sirt6 Socs4 Trib2 Hdac2 Hspa1a Hspbp1 Chfr Plk3 Bad Tbc1d10a Csnk1d Plgrkt Tank Paqr3 Rhbdd1 Traf7 Rcn3 Fbxw7 Casp8 Aurkaip1 Agtpbp1 Vsir Psmd10 Nlrc4 Vcp Fbxw11 Sgta"
"GOBP_POSITIVE_REGULATION_OF_PROTEOLYSIS_INVOLVED_IN_PROTEIN_CATABOLIC_PROCESS",0.781021310689605,0.870660811375993,1,101,0.257825387626622,28,"Egf Tmtc3 Plk2 Bbs7 Cbfa2t3 Atg7 Cdk1 Hspa1b Trib3 Zfand2a Tgfb1i1 Trf Dvl1 Dnajb2 Ptk2 Det1 Psen1 Cdk5rap3 Mapk9 Ufl1 Sirt6 Socs4 Trib2 Hspa1a Hspbp1 Chfr Plk3 Csnk1d"
"GOBP_POSITIVE_REGULATION_OF_RAC_PROTEIN_SIGNAL_TRANSDUCTION",0.975555219690679,0.533212010919017,1,14,0.433046038640596,2,"Pik3cb Agrn"
"GOBP_POSITIVE_REGULATION_OF_RAS_PROTEIN_SIGNAL_TRANSDUCTION",0.65218614078666,0.898504697631335,1,12,0.299265953895678,5,"Rasgef1a Notch1 Csf1 Stk19 Sos1"
"GOBP_POSITIVE_REGULATION_OF_REACTIVE_OXYGEN_SPECIES_BIOSYNTHETIC_PROCESS",1.03900180463626,0.444329763901432,1,15,0.455028825958724,4,"Slc5a3 Tlr6 Tlr4 Rab27a"
"GOBP_POSITIVE_REGULATION_OF_REACTIVE_OXYGEN_SPECIES_METABOLIC_PROCESS",1.07943268988882,0.354150374259859,1,52,0.382196709448222,12,"Cdkn1a Sirpa App Ager Slc5a3 Tlr6 Nox1 Dcxr Nqo2 Mapt Sod1 Tlr4"
"GOBP_POSITIVE_REGULATION_OF_RECEPTOR_CLUSTERING",0.772932420850273,0.789833569861953,1,15,0.338504255176017,2,"Agrn Dlg4"
"GOBP_POSITIVE_REGULATION_OF_RECEPTOR_SIGNALING_PATHWAY_VIA_STAT",0.902152616180101,0.633455751688189,1,31,0.344610963291728,5,"Gfra2 Camk2a Il7r Cntf Notch1"
"GOBP_POSITIVE_REGULATION_OF_REGULATED_SECRETORY_PATHWAY",0.865642340425503,0.685720979266721,1,35,0.324581786660623,3,"Fcer1g Cacna1h Gab2"
"GOBP_POSITIVE_REGULATION_OF_REGULATORY_T_CELL_DIFFERENTIATION",0.964863002673917,0.539032989171493,1,19,0.403988413503269,5,"Foxp3 Il2 Socs1 Cd46 Sox12"
"GOBP_POSITIVE_REGULATION_OF_RELEASE_OF_CYTOCHROME_C_FROM_MITOCHONDRIA",1.03024019457792,0.445318260014746,1,22,0.417210165708954,12,"Bbc3 Pmaip1 Tnfsf10 Wdr35 Bid Bak1 Bmf Pla2g6 Moap1 Bad Prkaa1 Fas"
"GOBP_POSITIVE_REGULATION_OF_REPRODUCTIVE_PROCESS",0.765885229350512,0.825926353457232,1,39,0.282044538910074,4,"Cacna1h Wnt4 Vegfa Tac4"
"GOBP_POSITIVE_REGULATION_OF_RESPONSE_TO_BIOTIC_STIMULUS",1.06977056515225,0.278906797477225,1,355,0.332378073436362,95,"Nlrp1b C1qtnf4 Gfi1 Rab13 Nod2 Map3k20 Nlrx1 Zdhhc1 App Ifih1 Gm6377 Tlr3 Ikbke Tspan6 Klrd1 Rbm47 Gbp2 Klrb1c Peli3 Unc13b Prf1 Ralb Nr1d1 Tlr6 Trim62 Ffar2 Oas3 Ticam2 Tlr7 Mfhas1 Lag3 Raet1d Cfp S100a8 Tifab Nr1h3 Aars2 Tnip3 Esr1 Casp4 Hspa1b Slc19a1 Trim3 Tlr12 Usp27x Cd160 Plscr1 Alpk1 Nlrc5 Gbp7 Tnfaip3 Eif2ak2 Rnf125 Cd274 Rnf135 Il12a Appl1 Ddx60 Zcchc3 Tnf Slc15a3 Tab1 Trim30d Tlr4 Pqbp1 Pja2 Ipo5 Bid Znrf1 Kcnk6 Nlrp10 Trim30c Dpp4 Zdhhc3 Nagk Nfkbil1 Ddx3x Ptpn22 Srebf1 Fosl1 H60b Lamp2 Mapkapk3 Atat1 Kcnk13 Appl2 Naglu Slc46a2 Cd180 Grn Irf1 Ufl1 Epg5 Trim32 Zdhhc12"
"GOBP_POSITIVE_REGULATION_OF_RESPONSE_TO_ENDOPLASMIC_RETICULUM_STRESS",-1.03057530215581,0.415853658536585,1,28,-0.313337299578585,5,"Fcgr2b Nck2 Ern1 Tmem67 Eif2ak3"
"GOBP_POSITIVE_REGULATION_OF_RESPONSE_TO_TUMOR_CELL",0.718298153681488,0.846873781359678,1,14,0.3188503979439,8,"Prf1 Raet1d Cd160 Il12a Ufl1 Klhl22 Prkaa1 Mr1"
"GOBP_POSITIVE_REGULATION_OF_RESPONSE_TO_WOUNDING",-0.921233750812998,0.61425422483468,1,38,-0.260330737013559,12,"Cxcr4 Anxa1 Hpse St3gal4 Ano6 Stk24 Prkce Ptger4 Atp7a Flna Ndel1 S100a9"
"GOBP_POSITIVE_REGULATION_OF_RHO_PROTEIN_SIGNAL_TRANSDUCTION",-0.730083735202137,0.835426591598094,1,14,-0.265158011341684,2,"Ngfr Prag1"
"GOBP_POSITIVE_REGULATION_OF_RNA_SPLICING",0.616034639994898,0.964273366370865,1,40,0.225977238082252,16,"Celf4 Celf3 Habp4 Upf3b Hspa1a Slc38a2 Eif4a3 Upf1 Smn1 Prmt5 Wdr77 Nup98 Exosc10 Srsf1 Prdx6 Snrnp70"
"GOBP_POSITIVE_REGULATION_OF_RRNA_PROCESSING",1.0320987169118,0.454741961631991,1,10,0.492262823700671,6,"Riok1 Utp15 Wdr75 Riok2 Trmt112 Wdr43"
"GOBP_POSITIVE_REGULATION_OF_RUFFLE_ASSEMBLY",0.483564076077606,0.986105597459309,1,12,0.221891045281174,3,"Def8 Cyfip1 Eps8"
"GOBP_POSITIVE_REGULATION_OF_SECRETION",0.787005384358509,0.922774076317383,1,203,0.249418020831847,56,"Fcer1g Cacna1h Gab2 Tgfb3 Pla2g4a Camk2n1 Rapgefl1 Sytl2 Apln Unc13b Tac4 Acvr2a Kiss1r Myom1 Glrx Trpm4 S100a8 Cask Atg7 Kcnn4 Rab3d Cntf Myb Cd160 Ildr1 Tm7sf3 Hfe Rab2b Rgcc Gpld1 Stxbp5 Tlr4 Adam9 Pfkfb2 Ppard Micu3 Rab27a Wls Pla2g6 Sphk2 Mapk9 Aacs Sdc4 Doc2a Stam Sirt6 Pld2 Ptpn23 Mpc2 Prkca Pck2 Adora2a Sox4 Sdc1 Bad Mrgpre"
"GOBP_POSITIVE_REGULATION_OF_SIGNAL_TRANSDUCTION_BY_P53_CLASS_MEDIATOR",-0.656786620466338,0.964125560538117,1,31,-0.195123114829383,5,"Zfp385a Knl1 Myc Pml Smarca4"
"GOBP_POSITIVE_REGULATION_OF_SKELETAL_MUSCLE_TISSUE_DEVELOPMENT",-0.809789967733266,0.692692307692308,1,10,-0.322584313479521,2,"Adrb2 Mtm1"
"GOBP_POSITIVE_REGULATION_OF_SMALL_GTPASE_MEDIATED_SIGNAL_TRANSDUCTION",0.766028160487207,0.838165345413364,1,46,0.275168211393184,13,"Pik3cb F11r Agrn Mcf2l Rasgef1a Cdon Notch1 Itgav Csf1 Stk19 Arhgef10 Camk2d Sos1"
"GOBP_POSITIVE_REGULATION_OF_SMALL_MOLECULE_METABOLIC_PROCESS",0.611943500700766,0.991379310344828,1,110,0.200583017015231,27,"Pla2g4a App Wnt4 Tigar Mtln Nr1d1 Nr1h3 Uchl1 Gapdhs Rdh10 Rdh9 Pmaip1 Rptor Gpld1 Tnf Pfkfb1 Star Zbtb20 Ppard Srebf1 Psen1 Epm2aip1 Mbtps1 Mapk9 Mlycd Sirt6 Ppargc1a"
"GOBP_POSITIVE_REGULATION_OF_SMOOTHENED_SIGNALING_PATHWAY",1.03619944575964,0.441678250979401,1,18,0.438039174308722,7,"Armc9 Tedc1 Ndst1 Gorab Ctnna1 Tubd1 Tmem216"
"GOBP_POSITIVE_REGULATION_OF_SMOOTH_MUSCLE_CELL_APOPTOTIC_PROCESS",-1.03216040115928,0.398487261146497,1,11,-0.401684211474859,5,"E2f3 Foxo1 Mfn2 Rbm10 Stk4"
"GOBP_POSITIVE_REGULATION_OF_SMOOTH_MUSCLE_CELL_PROLIFERATION",1.08634531149095,0.335620109336478,1,76,0.367817824223656,23,"Hbegf Ager Itgb3 Nr4a3 Vegfa Pde4d Hpgd Nox1 Abcc4 Kcnn4 Rbpj Fgf2 Myb Nampt Rgcc Tnf Nqo2 Pak1 Tlr4 Ptk2 Igf1r Map3k5 Hmox1"
"GOBP_POSITIVE_REGULATION_OF_SODIUM_ION_TRANSMEMBRANE_TRANSPORT",0.856491444194606,0.68611481975968,1,11,0.400717809844851,3,"Fgf13 Wnk3 Fxyd4"
"GOBP_POSITIVE_REGULATION_OF_SODIUM_ION_TRANSPORT",0.67273098425698,0.904163105847882,1,23,0.270116008155444,3,"Scn2b Fgf13 Wnk3"
"GOBP_POSITIVE_REGULATION_OF_SPINDLE_CHECKPOINT",-0.719484474810442,0.828220858895706,1,12,-0.273105229164027,8,"Ndc80 Knl1 Dync1li1 Mad1l1 Gen1 Aurkb Mad2l1 Tpr"
"GOBP_POSITIVE_REGULATION_OF_STEM_CELL_DIFFERENTIATION",-0.97698583435991,0.469745222929936,1,11,-0.380212013613578,2,"Tacstd2 Hoxb4"
"GOBP_POSITIVE_REGULATION_OF_STEM_CELL_POPULATION_MAINTENANCE",-0.498650581521787,1,1,43,-0.137116045876252,9,"Sap30 Bcl7a Smarcc1 Bicral Smarca4 Brd9 Phf10 Brms1 Ncoa3"
"GOBP_POSITIVE_REGULATION_OF_STEM_CELL_PROLIFERATION",0.698180844264729,0.87451029950714,1,18,0.29514642358806,1,"Hmga2"
"GOBP_POSITIVE_REGULATION_OF_STEROID_METABOLIC_PROCESS",-0.87363184197232,0.693127962085308,1,26,-0.269720297068482,5,"Gpr146 Stard4 Mbtps2 Apoe Abcg1"
"GOBP_POSITIVE_REGULATION_OF_STEROL_TRANSPORT",-1.04912247699712,0.385699373695198,1,21,-0.340059194607554,4,"Pltp Anxa2 Apoe Abcg1"
"GOBP_POSITIVE_REGULATION_OF_STRESS_ACTIVATED_PROTEIN_KINASE_SIGNALING_CASCADE",0.927711328951276,0.594063222821897,1,16,0.401872142392947,2,"Nod2 Mapk8ip2"
"GOBP_POSITIVE_REGULATION_OF_STRESS_FIBER_ASSEMBLY",0.862938758764508,0.692512440689735,1,38,0.318994091578602,11,"Smad3 Tgfb3 Wnt4 Kiss1r Rhoc Sorbs3 Rgcc Pak1 Arhgef10 Nf2 Sdc4"
"GOBP_POSITIVE_REGULATION_OF_STRIATED_MUSCLE_CELL_APOPTOTIC_PROCESS",0.717708845546355,0.859633935196636,1,21,0.293202261935841,7,"Tigar Trem1 Camk2a Capn2 Map3k5 Camk2d Ptpn1"
"GOBP_POSITIVE_REGULATION_OF_STRIATED_MUSCLE_CELL_DIFFERENTIATION",-0.818803639382653,0.763960852043754,1,25,-0.254374755021301,5,"Trip10 Hopx Maml1 Mapk14 Ep300"
"GOBP_POSITIVE_REGULATION_OF_SUBSTRATE_ADHESION_DEPENDENT_CELL_SPREADING",-1.12992397193194,0.242857142857143,1,32,-0.333296101411283,11,"Carmil1 Myadm Lims1 Flna Dnm2 Crk Crkl Tesk1 Triobp Pxn Cib1"
"GOBP_POSITIVE_REGULATION_OF_SYNAPTIC_TRANSMISSION",1.10664118491335,0.29773975496409,1,87,0.36983936571973,28,"Iqsec2 Grin2d App Ager Plk2 Clstn1 Serpine2 Rasgrf2 Nrxn1 Dlg4 Kiss1r Akap5 Hap1 Nrgn Snap47 Prkcz Tnf Pak1 Stx3 Ptk2 Cpeb3 Zdhhc3 Micu3 Lgmn Psen1 Crtc1 Arc Zdhhc12"
"GOBP_POSITIVE_REGULATION_OF_SYNAPTIC_TRANSMISSION_GLUTAMATERGIC",1.13331204917765,0.325129019452164,1,12,0.52003820726629,3,"Iqsec2 Grin2d Nrxn1"
"GOBP_POSITIVE_REGULATION_OF_SYNAPTIC_VESICLE_RECYCLING",-0.628583771223962,0.924761146496815,1,11,-0.244624940277114,11,"Bcl2l1 Ap2m1 Picalm Lrrk2 Sh3gl1 Mff Dnm1l Ppp3cc Plaa Synj1 Tor1a"
"GOBP_POSITIVE_REGULATION_OF_SYNCYTIUM_FORMATION_BY_PLASMA_MEMBRANE_FUSION",-1.09276356360168,0.332908704883227,1,13,-0.405794472499605,6,"Ehd2 Tyrobp Rapgef3 Smarca4 Mapk14 Ripor2"
"GOBP_POSITIVE_REGULATION_OF_TELOMERE_MAINTENANCE",-0.814719375572641,0.891666666666667,1,71,-0.20467281901026,15,"Slx1b Mapk3 Mapkapk5 Myc Gch1 Pml Tinf2 Tcp1 Pot1a Ercc1 Nabp2 Ino80d Tnks Acd Wrap53"
"GOBP_POSITIVE_REGULATION_OF_TELOMERE_MAINTENANCE_IN_RESPONSE_TO_DNA_DAMAGE",-1.15289347205577,0.264183629276743,1,14,-0.418717642373556,14,"Ino80d Ruvbl2 Actr5 Tfpt Actl6a Nfrkb Ino80c Ino80 Mcrs1 Uchl5 Actr8 Yy1 Ruvbl1 Ino80b"
"GOBP_POSITIVE_REGULATION_OF_TELOMERE_MAINTENANCE_VIA_TELOMERE_LENGTHENING",-0.884783403807762,0.663212435233161,1,25,-0.274872448979592,25,"Gch1 Tcp1 Tnks Wrap53 Atm Pot1b Hnrnpd Hnrnpa2b1 Cct5 Cct3 Cct2 Cct7 Ptges3 Cct8 Hnrnpa1 Cct4 Cct6a Dkc1 Ctnnb1 Fbxo4 Atr Rtel1 Dhx36 Naf1 Parn"
"GOBP_POSITIVE_REGULATION_OF_TOLL_LIKE_RECEPTOR_4_SIGNALING_PATHWAY",1.03464387604105,0.449457303517719,1,13,0.46643183829081,5,"Ticam2 Nr1h3 Znrf1 Ptpn22 Ninj1"
"GOBP_POSITIVE_REGULATION_OF_TORC1_SIGNALING",-0.72507127966054,0.978205128205128,1,67,-0.18349064149736,67,"Syk Nmt1 Gpr137c Nlk Foxp1 Rhebl1 Ep300 Rragc Stambpl1 Ywhag Wdr24 Usp4 Lamtor3 Gpr155 Pip4p1 Peli1 Pim1 Gpr137b Rnf167 Lamtor2 Gpr137 Mios Rraga Lamtor4 Ube3a Pih1d1 Wac Otub1 Tsc2 Tsc1 Akt1 Rbx1 Flcn Csnk1a1 Prmt1 Mtor Lamtor5 Lamtor1 Rheb Rps6kb1 Slc38a9 Ogt Sik3 Mat2a Nprl2 Otud5 Tbk1 Sec13 Atxn3 Wdr59 Seh1l Depdc5 Cul3 Prkaa1 Rragd Klhl22 Clec16a Sesn2 Fnip1 Shq1 Usp32 Srms Zdhhc3 Rragb Ctns Castor1 Rptor"
"GOBP_POSITIVE_REGULATION_OF_TOR_SIGNALING",-0.748462673714437,0.953125,1,78,-0.183652229605316,78,"Syk Nmt1 Mlst8 Gpr137c Nlk Foxp1 Rhebl1 Ep300 Rragc Stambpl1 Ywhag Wdr24 Usp4 Lamtor3 Gpr155 Pip4p1 Peli1 Pim1 Gpr137b Rnf167 Lamtor2 Gpr137 Otud7b Golph3 Mios Rraga Lamtor4 Ube3a Pih1d1 Usp9x Wac Otub1 Tsc2 Tsc1 Akt1 Rbx1 Flcn Csnk1a1 Prmt1 Mtor Lamtor5 Lamtor1 Rheb Rps6kb1 Slc38a9 Ogt Sik3 Rictor Mat2a Nprl2 Otud5 Tbk1 Akt3 Ccl5 Nckap1l Sec13 Atxn3 Wdr59 Xbp1 Seh1l Depdc5 Hdac3 Cul3 Smcr8 Prkaa1 Rragd Klhl22 Clec16a Sesn2 Fnip1 Shq1 Usp32 Srms Zdhhc3 Rragb Ctns Castor1 Rptor"
"GOBP_POSITIVE_REGULATION_OF_TRANSCRIPTION_BY_RNA_POLYMERASE_I",-1.0534293749919,0.377722464219042,1,30,-0.315233509471145,9,"Lyar Mybbp1a Eif2ak3 Smarca4 Nol11 Dhx33 Ercc6 Ppp1r15a Myo1c"
"GOBP_POSITIVE_REGULATION_OF_TRANSCRIPTION_BY_RNA_POLYMERASE_III",-0.691849575028661,0.892292963140259,1,18,-0.232553479626805,5,"Mybbp1a Ell Tbp Ercc6 Myo1c"
"GOBP_POSITIVE_REGULATION_OF_TRANSLATION",-0.624974076784605,1,1,138,-0.142170582034138,45,"Eif5a2 Mettl8 Mapk3 Nck2 Mettl14 Fastkd3 Rpusd4 Dhx29 Ythdf3 Ngrn Otud6b Usp5 Ythdf1 Ep300 Rragc Paip1 Ywhag Wdr24 Cdk5rap1 Fbxw8 Nsun5 Usp4 Eif6 Uhmk1 Gpr155 Ppp1r15a Mif4gd Serp1 Hnrnpl Polr2g Eef2 Ago2 Prkdc Coa3 Pabpc1 Fxr1 Fxr2 Npm1 Rps4x Csde1 Ptk2b Smyd5 Eif2b1 Hnrnpu Rpl5"
"GOBP_POSITIVE_REGULATION_OF_TRANSLATIONAL_INITIATION",0.555621028442826,0.988321995464853,1,45,0.200171835255018,14,"Rxra Boll Rptor Habp4 Tnf Ddx3x Mettl3 Akt1s1 Dnajc3 Prkaa1 Larp1 Rps6kb2 Depdc5 Sh3bgrl"
"GOBP_POSITIVE_REGULATION_OF_TRANSMEMBRANE_TRANSPORT",1.02259526754142,0.452761627906977,1,109,0.335298936171586,30,"Cxcr3 Car2 Akap7 Ehd3 Clcn2 Nr4a3 Fgf13 Slc34a1 Kcnj2 Rnasel Plp1 Repin1 Kcnc1 Wnk3 Itgb1 Asph Akap5 Appl1 Cd4 Amigo1 Nipsnap2 Erbb3 Fxyd4 Bak1 Prkci Cacnb4 Psen1 Arhgef11 Plcg1 Arc"
"GOBP_POSITIVE_REGULATION_OF_TRANSPORTER_ACTIVITY",1.0253103337136,0.450317124735729,1,34,0.385900529494495,17,"Ehd3 Clcn2 Fgf13 Kcnc1 Wnk3 Asph Amigo1 Nipsnap2 Cacnb4 Arc Stimate Stim2 Slc25a4 Cnksr3 Ctss Kif5b Kctd7"
"GOBP_POSITIVE_REGULATION_OF_TRIGLYCERIDE_BIOSYNTHETIC_PROCESS",1.13709919414058,0.314701676849084,1,14,0.504754924811047,7,"Slc27a1 Nr1h3 Scarb1 Gpld1 Srebf1 Gpam Dgat1"
"GOBP_POSITIVE_REGULATION_OF_TRIGLYCERIDE_METABOLIC_PROCESS",0.953737709748096,0.554016620498615,1,19,0.399330250192616,7,"Slc27a1 Nr1h3 Scarb1 Gpld1 Srebf1 Gpam Dgat1"
"GOBP_POSITIVE_REGULATION_OF_TUMOR_NECROSIS_FACTOR_MEDIATED_SIGNALING_PATHWAY",0.782804127209384,0.77094084954347,1,12,0.359202088471582,6,"Cdk5r1 Hspa1b Trim32 Hspa1a Ripk1 Adam17"
"GOBP_POSITIVE_REGULATION_OF_TYPE_I_INTERFERON_MEDIATED_SIGNALING_PATHWAY",1.14746016920721,0.300606373371178,1,15,0.502527956447145,4,"Ikbke Rbm47 Usp27x Nlrc5"
"GOBP_POSITIVE_REGULATION_OF_TYPE_I_INTERFERON_PRODUCTION",0.970633954127096,0.548253968253968,1,85,0.325018671695116,18,"Isg15 Ifih1 Tlr3 Ikbke Flt3 Pbld1 Oas3 Ticam2 Tlr7 Rab2b Rnf135 Zcchc3 Tab1 Tlr4 Pqbp1 Zbtb20 Ddx3x Ptpn22"
"GOBP_POSITIVE_REGULATION_OF_TYROSINE_PHOSPHORYLATION_OF_STAT_PROTEIN",1.13699430461629,0.301915708812261,1,17,0.486702825449429,5,"Tnfsf18 Csf1r Il2 Cntf Il12a"
"GOBP_POSITIVE_REGULATION_OF_T_CELL_CYTOKINE_PRODUCTION",-0.953025144163937,0.502154140737195,1,18,-0.320343209631921,4,"Il18 Slamf1 Cd55 Traf2"
"GOBP_POSITIVE_REGULATION_OF_T_CELL_MEDIATED_IMMUNITY",0.746003677138114,0.868632707774799,1,51,0.264450571087978,26,"H2-Q2 Foxp3 Cd55b Fzd5 Raet1d Il12a Prkcz H60b Ufl1 Klhl22 H2-Q7 H2-K1 H2-Q4 Cd1d1 H2-T24 H2-Q6 Prkaa1 Rsad2 H2-M3 Mr1 B2m P2rx7 Zbtb1 H2-T22 Cd7 H2-D1"
"GOBP_POSITIVE_REGULATION_OF_T_CELL_MIGRATION",1.18290121977108,0.242332403927749,1,24,0.471311012294622,4,"App Tnfrsf14 Itgb3 Ccl27a"
"GOBP_POSITIVE_REGULATION_OF_T_CELL_RECEPTOR_SIGNALING_PATHWAY",-0.640573296762537,0.941544885177453,1,21,-0.207633373757917,2,"Ikbkg Ccr7"
"GOBP_POSITIVE_REGULATION_OF_T_HELPER_17_TYPE_IMMUNE_RESPONSE",-0.559627804133313,0.969745222929936,1,11,-0.217789456919892,11,"Ep300 Arid5a Brd4 Tyk2 Malt1 Opa1 Brd2 Jak2 Nfkbid Nfkbiz Nlrp10"
"GOBP_POSITIVE_REGULATION_OF_T_HELPER_CELL_DIFFERENTIATION",-1.05997804402923,0.36237434179033,1,18,-0.356293609715378,7,"Il18 Anxa1 Ccr7 Ep300 Gpr65 Socs5 Brd4"
"GOBP_POSITIVE_REGULATION_OF_UBIQUITIN_DEPENDENT_PROTEIN_CATABOLIC_PROCESS",0.872982037605902,0.725673097307611,1,83,0.292731241832677,26,"Egf Plk2 Bbs7 Cbfa2t3 Atg7 Cdk1 Hspa1b Trib3 Zfand2a Tgfb1i1 Trf Dvl1 Dnajb2 Ptk2 Det1 Psen1 Cdk5rap3 Mapk9 Sirt6 Socs4 Trib2 Hspa1a Hspbp1 Chfr Plk3 Csnk1d"
"GOBP_POSITIVE_REGULATION_OF_VACUOLE_ORGANIZATION",-1.02986793747542,0.4212158808933,1,29,-0.310922945939673,4,"Anxa2 Chek2 Irgm2 Lrsam1"
"GOBP_POSITIVE_REGULATION_OF_VASCULAR_ASSOCIATED_SMOOTH_MUSCLE_CELL_MIGRATION",1.04083910107863,0.443000129988301,1,14,0.462025357956933,5,"Nr4a3 Dock4 Nox1 Dock7 Pak1"
"GOBP_POSITIVE_REGULATION_OF_VASCULAR_ASSOCIATED_SMOOTH_MUSCLE_CELL_PROLIFERATION",0.998350162825088,0.489868891537545,1,29,0.38543282906907,11,"Nr4a3 Hpgd Nox1 Fgf2 Rgcc Tnf Nqo2 Pak1 Map3k5 Camk2d Ppargc1a"
"GOBP_POSITIVE_REGULATION_OF_VASCULAR_ENDOTHELIAL_CELL_PROLIFERATION",1.11087494725635,0.349156531973323,1,13,0.500797864616588,9,"Apln Fgf2 Plcg1 Sirt6 Dicer1 Mdk Adam17 Stat3 Pdpk1"
"GOBP_POSITIVE_REGULATION_OF_VASCULAR_ENDOTHELIAL_GROWTH_FACTOR_PRODUCTION",0.595447908841413,0.938050734312417,1,11,0.278586065891177,2,"Nox1 Sulf2"
"GOBP_POSITIVE_REGULATION_OF_VASCULAR_PERMEABILITY",1.025210293717,0.46857218472939,1,12,0.470434002358307,3,"Tjp2 Angpt1 Vegfa"
"GOBP_POSITIVE_REGULATION_OF_VESICLE_FUSION",-1.04393123185497,0.386747509744478,1,14,-0.379143810592492,4,"Anxa2 Anxa1 Doc2g Erc1"
"GOBP_POSITIVE_REGULATION_OF_VIRAL_GENOME_REPLICATION",0.704616982861478,0.875015153351921,1,24,0.280745118799264,5,"Adarb1 Notch1 Gbp7 Ddx3x Cnot7"
"GOBP_POSITIVE_REGULATION_OF_VIRAL_LIFE_CYCLE",-0.75977710942517,0.816990291262136,1,19,-0.251596385667653,7,"Lgals1 Furin Kpna6 Kpna2 Trim11 Cd209a Vps4a"
"GOBP_POSITIVE_REGULATION_OF_VIRAL_PROCESS",0.784805414057027,0.824008024966563,1,53,0.277209821826264,8,"Axl Stom Clec4g Mdfic Adarb1 Notch1 Gbp7 Cd4"
"GOBP_POSITIVE_REGULATION_OF_WNT_SIGNALING_PATHWAY",0.972242815146059,0.546661049083632,1,90,0.323946169914778,30,"Egf Smad3 Bambi Jrk Caprin2 Nrarp Plekha4 Trpm4 Lgr5 Rbpj Fgf2 Sulf2 Ttc21b Mllt3 Nle1 Ddx3x Thra Lef1 Wls Prdm15 Aspm Zbed3 Pin1 Nek4 Sox4 Csnk1d Usp8 Atp6ap2 Csnk1g1 Ubr5"
"GOBP_POSITIVE_REGULATION_OF_WOUND_HEALING",-0.974054947734593,0.508886255924171,1,26,-0.300724375236684,7,"Cxcr4 Anxa1 Hpse St3gal4 Ano6 Prkce Ptger4"
"GOBP_POSTSYNAPSE_TO_NUCLEUS_SIGNALING_PATHWAY",-0.707611270038732,0.844171779141104,1,12,-0.26859834343735,1,"Nsmf"
"GOBP_POSTSYNAPTIC_ACTIN_CYTOSKELETON_ORGANIZATION",0.869977702635387,0.672690509288513,1,18,0.367771200890798,4,"Srcin1 Dbn1 Abi2 Farp1"
"GOBP_POSTSYNAPTIC_DENSITY_ASSEMBLY",0.956294674036119,0.55607476635514,1,11,0.447411716653389,5,"Nrxn1 Il1rap Nrxn2 Zdhhc12 Ptprs"
"GOBP_POSTSYNAPTIC_ENDOCYTOSIS",0.636838212937777,0.951655401535113,1,42,0.231933161189146,5,"Iqsec2 Itgb3 Myo6 Akap5 Hap1"
"GOBP_POSTSYNAPTIC_MODULATION_OF_CHEMICAL_SYNAPTIC_TRANSMISSION",0.852426380090366,0.703600436416535,1,24,0.339637776504094,6,"Rasgrf2 Gnao1 Nefh Nrgn Igf1r Cyfip1"
"GOBP_POSTSYNAPTIC_SIGNAL_TRANSDUCTION",0.837762313117312,0.727421236872812,1,36,0.312486711752874,8,"Ly6c2 Chrnb1 Chrna2 Lynx1 Cdk5r1 Prr7 Sorbs2 Anks1b"
"GOBP_POSTSYNAPTIC_SPECIALIZATION_ASSEMBLY",0.921929323210075,0.60547026190169,1,15,0.403757159694314,6,"Nrxn1 Il1rap Dock7 Nrxn2 Zdhhc12 Ptprs"
"GOBP_POST_ANAL_TAIL_MORPHOGENESIS",0.818655995739727,0.730040053404539,1,11,0.383016129177633,3,"Epha2 Palb2 Npr2"
"GOBP_POST_EMBRYONIC_DEVELOPMENT",0.926131036353589,0.637021276595745,1,81,0.311395255808372,11,"Tmtc3 Prdm1 Ahr Flt3 Slc18a2 Vegfa Fzd5 Asl Atf5 Mmut Atg7"
"GOBP_POST_GOLGI_VESICLE_MEDIATED_TRANSPORT",-0.933213531137759,0.650990099009901,1,104,-0.219946513655142,24,"Vamp5 Cnst Llgl2 Rab31 Rab11fip3 Ap1m2 Rabep1 Vti1a Vps54 Ap3d1 Rbsn Gga2 Eps15 Atp2c1 Dnm2 Chic2 Nsf Rabif Arfrp1 Aldh7a1 Prepl Ap1g2 Blzf1 Vps35l"
"GOBP_POST_TRANSCRIPTIONAL_GENE_SILENCING",0.617062971494418,0.976605005440696,1,64,0.212808675302577,16,"Dnd1 Mov10 Zmpste24 Tsnax Focad Dgcr8 Ago4 Ago3 Cnot7 Tent2 Dicer1 Ripk1 Elob Tnrc6c Cnot8 Gm20732"
"GOBP_POST_TRANSCRIPTIONAL_REGULATION_OF_GENE_EXPRESSION",0.614448601609557,0.999899959983994,1,451,0.189995012682303,135,"Aire Map3k20 App Dnd1 Ikbke Zc3h12c Rbm47 Tyms Caprin2 Vegfa Pnldc1 Rnasel Noct Neurl1a Eif4ebp3 Impact Rgs2 Pabpc1l Tifab Nat10 Rxra Bzw2 Tent4a Tdrd7 Zcchc4 Mov10 Eif2ak2 Inpp5e Fastkd5 Zmpste24 Wdr4 Boll Igf2bp3 Mtg2 Pan2 Taco1 Rptor Mettl1 Habp4 Tsnax Focad Enc1 Tnf Dgcr8 Eif4e3 Tnfrsf1b Ago4 Eif2ak1 Cpeb3 Aco1 Apobec1 Pabpc4 Ddx3x Mettl3 Cyfip1 Parp16 Akt1s1 Sepsecs Ago3 Sco1 Cnot7 Dnajc1 Spout1 Alkbh3 Pelo Mapk9 Shmt1 Cryz Upf3b Mlh1 Parn Dap Cnot11 Rc3h2 Eefsec Tent4b Rbm8a Tent2 Carhsp1 Sesn2 Cpeb4 Dicer1 Trap1 Plxnb2 Pnpt1 Cirbp Gemin5 Gtdc1 Guf1 Ripk1 Pcbp4 Prkca Dnajc3 Malsu1 Tut7 Dis3l2 Wapl Zfp598 Gspt1 Mvk Mex3d Zc3h7a Prkaa1 Eif2s3y Elob Gigyf1 Grb7 Tnrc6c Mpv17l2 Zc3h12a Mtg1 Jmjd4 Cnot8 Gm20732 Pa2g4 Nrde2 Eif4a3 Mapkapk2 Pias4 Patl1 Upf1 Rmnd1 Eif5b Rara Larp1 Naf1 Cnot6l Bcdin3d Rps6kb2 Atg14 Metap2 Rbm38 Magoh Depdc5 Fastkd2"
"GOBP_POST_TRANSLATIONAL_PROTEIN_TARGETING_TO_ENDOPLASMIC_RETICULUM_MEMBRANE",-0.901300869066942,0.569734151329243,1,12,-0.342119933105041,12,"Sec63 Macf1 Sec61a1 Sec62 Sec61b Get4 Sec61g Bag6 Hspa5 Ubl4a Sgta Sec61a2"
"GOBP_POTASSIUM_ION_HOMEOSTASIS",0.801669385820093,0.762271909534824,1,16,0.347272458054977,1,"Slc12a3"
"GOBP_POTASSIUM_ION_IMPORT_ACROSS_PLASMA_MEMBRANE",1.11216748159382,0.345669493703418,1,16,0.481776081179396,4,"Slc12a3 Kcnj13 Kcnj2 Wnk3"
"GOBP_POTASSIUM_ION_TRANSPORT",1.088336476802,0.330103223088266,1,90,0.362627964687593,26,"Slc12a3 Kcnk10 Hcn3 Akap7 Slc9a9 Kcnj13 Kcnmb3 Kcnj2 Kcng1 Tmem38b Kcnc3 Kcnk4 Kcnc1 Wnk3 Kcnn4 Akap5 Slc9a5 Nos3 Kcnh4 Tmem38a Abcb8 Amigo1 Mcoln3 Fxyd4 Kcnab1 Kcnk6"
"GOBP_PRENYLATION",-0.659665440690746,0.885769230769231,1,10,-0.262781377629369,3,"Chml Fnta Fntb"
"GOBP_PRESYNAPTIC_ENDOCYTOSIS",-0.58977279897472,1,1,64,-0.150194061101396,16,"Bcl2l1 Ap3d1 Ap2a2 Necap1 Aak1 Dnm2 Snx9 Pik3c3 Calm1 Scrib Diaph1 Atp8a1 Dgkq Synj2 Ap2m1 Ap3s2"
"GOBP_PRESYNAPTIC_MODULATION_OF_CHEMICAL_SYNAPTIC_TRANSMISSION",-1.13688693897125,0.252481389578164,1,29,-0.343232586822535,9,"Ngfr Cacna1d Adrb2 Pfn2 Prkcb Chrnb2 Prkce Prkcg Cyth1"
"GOBP_PRE_MIRNA_PROCESSING",0.903995223453037,0.632133108020278,1,14,0.401280770749689,6,"Dgcr8 Ago4 Ago3 Dicer1 Tut7 Bcdin3d"
"GOBP_PRIMARY_MIRNA_PROCESSING",0.798176914353997,0.757181853633173,1,14,0.354308340439168,3,"Dgcr8 Ddx3x Mettl3"
"GOBP_PRIMARY_NEURAL_TUBE_FORMATION",0.965930343975363,0.556259394459953,1,74,0.327715881071064,20,"Ift122 St14 Bbs4 Mks1 Mthfd1 Tulp3 Rab23 Apaf1 Arhgap35 Cluap1 Enah Cited2 Ift57 Ski Luzp1 Ptch1 Sdc4 Gatad2a Plxnb2 Vangl2"
"GOBP_PROCESS_UTILIZING_AUTOPHAGIC_MECHANISM",0.5915174389021,0.999899949974988,1,473,0.182843879638488,134,"Gm12185 Nod2 Chmp4c Pik3cb Ager Plk2 Tbc1d12 Itgb4 Lix1l Diaph3 Gm5431 Tigar Acvr2a Ralb Svip Dram1 Acer2 Cryba1 Zfp418 Tgtp2 S100a8 Atg7 Pik3r2 Gabarapl1 Arsb Plekhm2 Efnb1 Ap4m1 Trib3 Nprl3 Hap1 Nampt Pim2 Hk2 Tnfaip3 Rab2b Zmpste24 Tpcn2 Abi2 Rptor Dele1 Lamp3 Nipsnap2 Dnajc16 Fnbp1l Pex12 Endog Trim30d Mapt Rab23 Deptor Bid Znrf1 Eif2ak1 Ptk2 Rragb Trim30c Rab3gap2 Bmf Ptpn22 Srebf1 Lamp2 Yod1 Ifi47 Hmox1 Rab37 Psen1 C9orf72 Cln3 Cdk5rap3 Usp33 Naglu Trp53inp1 Fundc1 Atf6 Wipi1 Tom1 Rab24 Zkscan3 Mtdh Ift88 Ufl1 Epg5 Trim32 Tex264 Zdhhc12 Moap1 Stam Tspo Dap Ubr4 Vps13c Atg10 Sesn2 Clec16a 1600014C10Rik Rpgr Rab19 Stx12 Klhl22 Tbc1d25 Rragd Trim13 Fyco1 Plk3 Sptlc1 Atg2b Atg101 Uvrag Stk38l Washc1 Chmp1b Cd84 Stk11 Zfyve1 Mul1 Prkaa1 Igtp Capn10 Pip4k2a Slc25a4 Ulk2 Dram2 Plaa Lypla1 Zc3h12a Ripk2 Smcr8 Atp2a2 Wdr81 Rnf5 Ilrun Cltc Chmp4b"
"GOBP_PRODUCTION_OF_MOLECULAR_MEDIATOR_INVOLVED_IN_INFLAMMATORY_RESPONSE",1.05876241063906,0.386165577342048,1,65,0.364772524384376,32,"Fcer1g Nod2 Sirpa Tlr3 Slc18a2 Alox5ap Tlr6 Ezh2 Ccr1 Chid1 Appl1 Chil5 Tnf Tlr4 Hmox1 Appl2 Mapk9 Grn Lipa Prkca Gbp5 Nfkbia Zc3h12a Pld3 Adam17 Nlrc3 Cuedc2 Stat3 Ticam1 Pbxip1 Adcy7 Vamp8"
"GOBP_PRODUCTION_OF_MOLECULAR_MEDIATOR_OF_IMMUNE_RESPONSE",1.04907594054579,0.394969063799574,1,162,0.335453781961891,38,"Fcer1g Cd27 Nod2 Tnfrsf4 Tgfb3 Foxp3 Tlr3 Tnfrsf14 Ppl 6030468B19Rik Sema7a Nr4a3 Cd55b Il2 Angpt1 Fzd5 Polq Ffar2 Tlr7 Trpm4 Ezh2 Jak3 Cd160 Lilrb4a Hfe Tnfaip3 Pkp3 Lgals4 Apoa2 Prkcz Tnf Nhej1 Nbn Tnfrsf1b Tlr4 Zpbp2 Bst2 Pagr1a"
"GOBP_PROGRAMMED_CELL_DEATH_INVOLVED_IN_CELL_DEVELOPMENT",1.0183166681301,0.475141853553094,1,10,0.485689430924871,3,"Casp4 Cntf Fgf2"
"GOBP_PROGRAMMED_CELL_DEATH_IN_RESPONSE_TO_REACTIVE_OXYGEN_SPECIES",0.705905919888971,0.855193032627064,1,14,0.313349522498368,4,"Glrx Endog Trap1 Stk25"
"GOBP_PROGRAMMED_NECROTIC_CELL_DEATH",0.749700890863956,0.85278955206782,1,42,0.273037160823428,15,"Tlr3 Pygl Atg7 Tnf Mutyh Ipmk Map3k5 Zbp1 Tspo Cflar Ripk1 Ninj1 Slc25a4 Birc2 Fas"
"GOBP_PROSTANOID_BIOSYNTHETIC_PROCESS",1.10031136844963,0.353595349424997,1,18,0.465141614667466,7,"Fabp5 Pla2g4a Ptges3l Prxl2b Pnpla8 Sco1 Mapk9"
"GOBP_PROSTATE_GLAND_DEVELOPMENT",0.883081380991323,0.665292762759122,1,24,0.351851847522906,5,"Ahr Plag1 Esr1 Rxra Notch1"
"GOBP_PROTEASOME_ASSEMBLY",-0.927308240628246,0.541981341625944,1,15,-0.329536402740162,15,"Psmg3 Otud6b Ublcp1 Psmd5 Adrm1 Sem1 Psmg4 Pomp Psmg2 Elp2 Psmd9 Psmd11 Psmd10 Psmg1 Ecpas"
"GOBP_PROTEASOME_MEDIATED_UBIQUITIN_DEPENDENT_PROTEIN_CATABOLIC_PROCESS",0.49427702170686,1,1,417,0.153063315915234,117,"Smad3 Dtx4 Asb2 Plk2 Bbs7 Fbxo44 Siah1b Fbxl21 Klhl35 Trim2 Fbxl19 Zfp418 Socs2 Cbfa2t3 Asb7 Atg7 Klhl10 Hspa1b Rxra Trim3 Trib3 Ercc8 Fhit Hfe Klhl8 Zfand2a Trf Siah2 Fbxl18 Dvl1 Dnajb2 Pja2 Klhl26 Klhl7 Znrf1 Srms Fbxo45 Apc2 Fbxo31 Rad23b Det1 Psen1 Kbtbd3 Usp14 Naglu Caml Armc5 Mapk9 Dcaf1 Klhl5 Ufl1 Rybp Gipc1 Fbxl6 Fnip1 Ubr4 Psma6 Sirt6 Trim45 Fbxw5 Wdr26 Ranbp9 Clec16a Socs4 Trib2 Klhl22 Trim13 Anapc7 Klhdc10 Hspa1a Naa30 Traf4 Prkca Nhlrc3 Hspbp1 Chfr Plk3 Zfp598 Psmb9 Nfe2l2 Klhl36 Ccnf Ubxn7 Csnk1d Cbx4 Klhl15 Amn1 Usp38 Prkaa1 Arih2 Elob Psmc1 Birc2 Anapc13 Wwp1 Spsb2 Paqr3 Fbxo3 Ipp Ubr5 Arrb1 Plaa Mta1 Trim28 Psmb10 Rnf7 Rffl Cdc23 Klhl9 Spsb3 Cul3 Rara Asb1 Epm2a Fem1b Fbxw7 Psmf1"
"GOBP_PROTECTION_FROM_NON_HOMOLOGOUS_END_JOINING_AT_TELOMERE",0.750066169726823,0.807476635514019,1,11,0.350925715380943,8,"Nbn Cdk2 Terf2 Ercc4 Terf2ip Dclre1b Xrcc1 Xrcc4"
"GOBP_PROTEINOGENIC_AMINO_ACID_BIOSYNTHETIC_PROCESS",0.897569875416199,0.640857444067003,1,35,0.336553354901908,16,"Gcat Asl Apip Mthfd1 Plod3 Pycr2 Psat1 Cln3 Shmt1 Psph Mri1 Ass1 Got2 Plod1 Enoph1 Mthfd2l"
"GOBP_PROTEIN_ACETYLATION",0.83397854051738,0.741270024201913,1,40,0.305924626588443,7,"Abcb1b Kif3a Nat10 Dip2a Hint2 Abcg2 Atat1"
"GOBP_PROTEIN_ACYLATION",0.81690634225235,0.790968443960827,1,64,0.281729360813815,4,"Abcb1b Zdhhc1 Hhat Kif3a"
"GOBP_PROTEIN_AUTOPHOSPHORYLATION",0.988466443296039,0.526702746860002,1,140,0.318533765216734,16,"Zap70 Tssk4 Myo3b Pask Map3k20 Gfra2 Flt3 Csf1r Vegfa Tom1l1 Errfi1 Grk5 Obscn Map3k12 Camk2a Fes"
"GOBP_PROTEIN_AUTOPROCESSING",0.78214015270335,0.779641336601729,1,15,0.342536763489432,6,"Casp4 Capn2 Fam111a Ctse Casp6 Afg3l2"
"GOBP_PROTEIN_AUTOUBIQUITINATION",-0.987842070943003,0.477693144722524,1,58,-0.254402486764528,19,"Trim37 Rnf41 Uhrf1 Lrsam1 Rad18 Traf2 Rnf220 Rnf141 Ddb2 Trim21 Rnft1 Trim11 Rnf13 Cbl Rnf122 Rnf10 Ltn1 Ube4b Rnf4"
"GOBP_PROTEIN_AUTO_ADP_RIBOSYLATION",0.984663994317565,0.523091173746196,1,12,0.451828689844189,6,"Parp12 Parp8 Parp16 Parp3 Parp10 Parp11"
"GOBP_PROTEIN_BRANCHED_POLYUBIQUITINATION",-1.10461459754863,0.319902912621359,1,19,-0.365787593297236,4,"Cdc16 Anapc15 Cdc27 Anapc4"
"GOBP_PROTEIN_CATABOLIC_PROCESS_IN_THE_VACUOLE",0.663474895625784,0.910788891619563,1,22,0.268683431887618,5,"Laptm4b Plbd1 Lamp2 Cln3 Grn"
"GOBP_PROTEIN_COMPLEX_OLIGOMERIZATION",1.02371246917965,0.449039433771486,1,186,0.325621552201344,28,"Nlrp1b Syp Nacc2 Zdhhc1 Isg15 Nme4 App Ifih1 Basp1 Ehd3 Rrm2 Tmem120b Krt10 Kcnj2 Tk1 Prf1 Kcng1 Alox5ap Kctd4 Polq Best1 Kcnc3 Trpm4 Kcnc1 Kctd1 Vwa1 Kcnn4 Atl1"
"GOBP_PROTEIN_CONTAINING_COMPLEX_DISASSEMBLY",0.61435989637112,0.998892468787757,1,220,0.194008464914243,70,"Chmp4c Vill Kif18a Tmod1 Ckap2l Fgf13 Lix1l Diaph3 Dyrk3 Map2 Katnb1 Hemk1 Bbof1 Per2 Tmod4 Spef1 Asph Akap5 Mtrf1 Gabarapl1 Lima1 Rnf25 Zmpste24 Atxn7 Hdgfl3 Zfand1 Tnf Pex12 Svil Pdxp Tpx2 Igf1r Apc2 Plek Lamp2 Camsap2 Cln3 Eps8 Tom1 Ckap2 Epg5 Mical3 Sh3bp1 Supt16 Capg Clec16a Nedd1 Ppp1r10 Tbc1d25 Fyco1 Synj1 Gspt1 Uvrag Chmp1b Mrpl58 Igtp Ddit4 Smcr8 Jmjd4 Ppp1r9b Atp2a2 Cltc Chmp4b Upf1 Ccsap Sgk1 Chmp7 Taok1 Smn1 Atg14"
"GOBP_PROTEIN_CONTAINING_COMPLEX_REMODELING",-1.01485299085065,0.420382165605096,1,11,-0.394948714303406,4,"Pltp Mttp Apoe Abcg1"
"GOBP_PROTEIN_DEACETYLATION",0.872279899894344,0.677026707634129,1,32,0.331665021102126,7,"Mbip Nek3 Tada2a Ndst1 Sirt5 Sirt4 Mapt"
"GOBP_PROTEIN_DENEDDYLATION",-0.628583771223962,0.924761146496815,1,11,-0.244624940277114,11,"Cops7b Cops4 Cops2 Senp8 Cops5 Cops6 Cops8 Gps1 Cops7a Cops3 Tor1a"
"GOBP_PROTEIN_DEPHOSPHORYLATION",-0.604024888286768,1,1,76,-0.149190722806586,17,"Cdc14b Mtm1 Pdp1 Ptpn12 Pdp2 Ctdsp2 Ppp2cb Ppp2ca Ctdsp1 Dusp3 Dusp1 Dusp7 Dusp4 Ppp1ca Sdhaf2 Nceh1 Ppp1cb"
"GOBP_PROTEIN_DEPOLYMERIZATION",0.809141392253135,0.827141057934509,1,93,0.268899723085916,27,"Vill Kif18a Tmod1 Ckap2l Fgf13 Diaph3 Map2 Katnb1 Bbof1 Tmod4 Spef1 Asph Lima1 Atxn7 Hdgfl3 Svil Pdxp Tpx2 Apc2 Plek Camsap2 Eps8 Ckap2 Mical3 Sh3bp1 Capg Nedd1"
"GOBP_PROTEIN_DESTABILIZATION",0.460844802676538,0.999334294907356,1,55,0.162021898214083,3,"Isoc2b Siah1b Nr1d1"
"GOBP_PROTEIN_DEUBIQUITINATION",0.55568165750945,0.99662090813094,1,88,0.185577915168349,26,"Uchl4 Cdk1 Usp40 Usp54 Uchl1 Usp27x Tnfaip3 Usp45 Otud1 Dnajb2 Srms Yod1 Usp33 Usp14 Usp32 Usp11 Usp21 Usp18 Usp8 Usp38 Usp50 Otud3 Josd2 Tank Stambp Zc3h12a"
"GOBP_PROTEIN_DNA_COMPLEX_ORGANIZATION",-0.501882403676096,1,1,144,-0.11500413775852,23,"Rad51c Taf13 Med18 Med4 Taf3 Cdt1 Myc Mcm3ap Smarcc1 Chaf1a Psmc6 Chaf1b Med24 Smarca4 Kat6b Arid2 Nap1l1 Ep300 Pole3 Grwd1 Tbp Gtf2a1 Taf8"
"GOBP_PROTEIN_EXIT_FROM_ENDOPLASMIC_RETICULUM",0.912430579416505,0.628275862068965,1,41,0.333647777728901,3,"Sec16b Derl3 Svip"
"GOBP_PROTEIN_EXPORT_FROM_NUCLEUS",-0.828738007606942,0.855769230769231,1,57,-0.214318382237524,15,"Ptpn14 Smurf1 Sfn Rangap1 Rapgef3 Csprs Strada Nup214 Fam76b Uhmk1 Adar Wipf1 Ahcyl1 Prpf4b Nxt1"
"GOBP_PROTEIN_FOLDING",0.458007997167288,1,1,166,0.146293268125412,32,"Dnajb13 Cct6b Mettl21a Dnajb5 Hspb6 Pdia5 Ptges3l Hspa13 Hspa1b Zmynd10 Telo2 Tbcd Qsox2 Dnajb2 Dnlz Cox19 Dnajc18 Tor1a Dnajc1 Nudcd2 Dnajc10 Grn Cdc37l1 Hspa14 Pfdn6 Trap1 Gfer Hspe1-rs1 Hspa1a Tbce Wdr83os Dnajc3"
"GOBP_PROTEIN_HETEROOLIGOMERIZATION",0.984514063331983,0.520916334661355,1,20,0.407075483124769,3,"Rrm2 Tmem120b Krt10"
"GOBP_PROTEIN_HETEROTETRAMERIZATION",1.10000762261896,0.366657660091867,1,10,0.524652196083436,2,"Rrm2 Krt10"
"GOBP_PROTEIN_HEXAMERIZATION",-0.957622488775954,0.494887525562372,1,12,-0.363498752796142,6,"Lrrc8a Letm1 Nme3 Lrrc8d Yme1l1 Twnk"
"GOBP_PROTEIN_HOMOOLIGOMERIZATION",0.990071820248691,0.524758578179577,1,129,0.320663396602677,20,"Nlrp1b Syp Nacc2 App Basp1 Ehd3 Kcnj2 Tk1 Prf1 Kcng1 Alox5ap Kctd4 Polq Kcnc3 Trpm4 Kcnc1 Kctd1 Vwa1 Kcnn4 Atl1"
"GOBP_PROTEIN_HOMOTETRAMERIZATION",0.839748032708819,0.728615952903151,1,39,0.309245220575479,17,"Kcnj2 Tk1 Trpm4 Kcnn4 Apip Aldh1a3 Cbr4 Appl2 Tdo2 Crtc1 Shmt1 Cryz Gbp5 Acot13 Crtc3 Acaca B2m"
"GOBP_PROTEIN_HYDROXYLATION",0.813848282893398,0.744033027996388,1,15,0.356423277631508,4,"Asph Plod3 P4ha1 Vps33b"
"GOBP_PROTEIN_IMPORT_INTO_MITOCHONDRIAL_MATRIX",0.604483937807163,0.952445318260015,1,22,0.244794219045442,13,"Dnlz Tomm40l Tomm40 Timm44 Timm17b Romo1 Grpel2 Grpel1 Hsp90aa1 Tomm70a Dnajc15 Dnajc19 Tomm7"
"GOBP_PROTEIN_IMPORT_INTO_PEROXISOME_MATRIX_RECEPTOR_RECYCLING",-0.50978559673874,0.990384615384615,1,10,-0.203075912641933,2,"Pex10 Pex13"
"GOBP_PROTEIN_INSERTION_INTO_ER_MEMBRANE",0.678271130125311,0.903055087803705,1,26,0.266532375262802,13,"Mmgt1 Emc1 Caml Wdr83os Emc10 Tmem147 Emc4 Rab5if Sgta Ubl4a Emc8 Bag6 Wnk1"
"GOBP_PROTEIN_INSERTION_INTO_ER_MEMBRANE_BY_STOP_TRANSFER_MEMBRANE_ANCHOR_SEQUENCE",0.630639354656465,0.914686248331108,1,11,0.295050724339157,4,"Mmgt1 Emc1 Emc10 Emc4"
"GOBP_PROTEIN_INSERTION_INTO_MEMBRANE",0.624396611257397,0.971152779318762,1,55,0.219522762558682,22,"Rtp4 Mmgt1 Emc1 Caml Moap1 Cox18 Agk Mtx1 Wdr83os Emc10 Tmem147 Tmem126a Emc4 Timm22 Tomm40 Rab5if Romo1 Sgta Bax Ubl4a Mtch2 Emc8"
"GOBP_PROTEIN_INSERTION_INTO_MITOCHONDRIAL_INNER_MEMBRANE",-0.821209071998192,0.715469613259669,1,17,-0.279875717017208,17,"Timm8a1 Maip1 Timm13 Timm29 Oxa1l Timm9 Timm10b Trmt10b Bcs1l Timm10 Tomm70a Ndufa13 Romo1 Timm22 Tmem126a Agk Cox18"
"GOBP_PROTEIN_K11_LINKED_UBIQUITINATION",-0.911619190447507,0.620967741935484,1,34,-0.26439811585039,5,"Cdc16 Anapc15 Cdc27 Ube2h Anapc4"
"GOBP_PROTEIN_K27_LINKED_UBIQUITINATION",0.668206643577786,0.893820152238421,1,15,0.292639804058344,4,"Trim62 Ube2t Ubr4 Wsb1"
"GOBP_PROTEIN_K48_LINKED_DEUBIQUITINATION",0.524390861617386,0.986649025739716,1,26,0.206063822718162,11,"Usp27x Tnfaip3 Yod1 Usp33 Usp14 Usp8 Otud3 Mindy3 Trim14 Bap1 Usp19"
"GOBP_PROTEIN_K48_LINKED_UBIQUITINATION",-0.482336578211081,1,1,97,-0.11447918176204,19,"Topors Cdc16 Anapc15 Cdc27 Ube2h Anapc4 Cul1 Tax1bp1 Trim44 Kbtbd7 Trim21 Ube2g1 Ube3c Kbtbd2 Ube2d1 Anapc2 Nmi Gabarap Nedd4l"
"GOBP_PROTEIN_K63_LINKED_DEUBIQUITINATION",0.539971536833836,0.982335148215366,1,25,0.213859187210379,7,"Usp27x Tnfaip3 Otud1 Yod1 Usp33 Usp8 Stambp"
"GOBP_PROTEIN_K63_LINKED_UBIQUITINATION",0.481936087534024,0.999678422124558,1,76,0.163175264123284,26,"Nod2 Peli3 Trim3 Rnf135 Trim30d Trim30c Nagk Ddx3x Ptpn22 Ube2t Cep63 Trim32 Sesn2 Rnf168 Zfp598 Arih2 Birc2 Plaa Ripk2 Rnf5 Fbxw7 Trim8 Rnf8 Parp10 Ube2o Zfp91"
"GOBP_PROTEIN_K6_LINKED_UBIQUITINATION",-0.675025134305099,0.931529541689674,1,23,-0.214503651688989,5,"Rnf144a Stambpl1 Trim21 Ywhag Wdr24"
"GOBP_PROTEIN_LIPID_COMPLEX_ASSEMBLY",-0.699787009742242,0.892718446601942,1,19,-0.231730964521329,3,"Mttp Apoe Soat1"
"GOBP_PROTEIN_LOCALIZATION_TO_CELL_CELL_JUNCTION",1.18753177780854,0.240168191936681,1,21,0.485136842794653,8,"Tjp2 Mpp7 F11r Cdh5 Ildr1 Ctnnd1 Tjp3 Mapk9"
"GOBP_PROTEIN_LOCALIZATION_TO_CELL_PERIPHERY",0.842108912819856,0.877620623934196,1,263,0.263963043588225,48,"Fcer1g Rilpl1 Rab13 Iqsec2 Cacna2d2 Ager Clstn1 Ehd3 F11r Mmp14 Fgf13 Sytl2 Nrxn1 Errfi1 Dlg4 Epha2 Ank1 Kif13a Epb41l3 Atp2c2 Itga3 Camk2a Tmem88 Magi2 Arl6 Lhfpl4 Cask Wnk3 Itgb1 Akap5 Pik3r2 Wdr19 Amn Kif1b Tmem150a Ap4m1 Ttc8 Efcab7 Abca2 Pkp3 Snap47 Pip5k1a Rilpl2 Appl1 Tmem108 Prkcz Ramp1 Tmbim1"
"GOBP_PROTEIN_LOCALIZATION_TO_CELL_SURFACE",1.00648002068983,0.478344020699741,1,48,0.359509037385689,11,"Fcer1g Egf Plk2 Angpt1 Hfe Abca2 Cd247 Abcc1 Tnf Stx3 Lrig2"
"GOBP_PROTEIN_LOCALIZATION_TO_CHROMATIN",-0.623873808762474,0.997206703910615,1,50,-0.164753847970394,16,"Mcm8 Uhrf1 Pphln1 Rad21 Cenpa Ep300 Mms22l Aplf Ercc6 Hltf Brd3 Spi1 Prkdc Ints6 Aurkb Rnf4"
"GOBP_PROTEIN_LOCALIZATION_TO_CHROMOSOME",-0.612881171274756,1,1,105,-0.143732537292338,36,"Mcm8 Snhg15 Uhrf1 Champ1 Knl1 Pphln1 Rad21 Rpa1 Pml Smc5 Cenpa Tinf2 Ep300 Mms22l Kat5 Aplf Ercc6 Hltf Mapk8 Rb1 Tnks Iffo1 Acd Brd3 Rhno1 Spi1 Rcc2 Prkdc Ints6 Tpp1 Spo11 Aurkb Rnf4 Trp53bp1 Skp2 Trappc12"
"GOBP_PROTEIN_LOCALIZATION_TO_CHROMOSOME_CENTROMERIC_REGION",0.687573609892963,0.890636520029491,1,22,0.278442543040238,3,"Bub1b Haspin Cdk1"
"GOBP_PROTEIN_LOCALIZATION_TO_CHROMOSOME_TELOMERIC_REGION",-0.795424124623605,0.754006063230836,1,14,-0.288888888888889,14,"Pml Tinf2 Tnks Acd Tpp1 Gnl3l Atrx Tnks2 Pinx1 Gnl3 Atr Terf2ip Terf2 Xrcc5"
"GOBP_PROTEIN_LOCALIZATION_TO_CILIARY_MEMBRANE",0.857997646785518,0.682653336935963,1,10,0.409224754778242,7,"Wdr19 Efcab7 Arl3 Ift80 Rab29 Lztfl1 Arl13b"
"GOBP_PROTEIN_LOCALIZATION_TO_CILIUM",1.10331893900715,0.314873940328085,1,58,0.385002813864676,28,"Tbc1d32 Ift122 Tulp2 Nphp4 Arl6 Bbs4 Wdr19 Spata7 Zmynd10 Efcab7 Inpp5e Snx10 Ttc21b Tulp3 Wdr35 Ccdc39 Ift140 Zdhhc3 Arl3 Ift80 Cep78 Rpgr Rab29 Lztfl1 Csnk1d Tmem107 Arl13b Entr1"
"GOBP_PROTEIN_LOCALIZATION_TO_CONDENSED_CHROMOSOME",-1.0833679979791,0.342572542226072,1,14,-0.393466790238556,3,"Snhg15 Champ1 Knl1"
"GOBP_PROTEIN_LOCALIZATION_TO_CYTOSKELETON",-0.689772724184535,0.979351032448378,1,54,-0.179520796983054,8,"Rab11fip3 Mark4 Champ1 Mid1 Mcph1 Aurka Bicd1 Klhl21"
"GOBP_PROTEIN_LOCALIZATION_TO_ENDOPLASMIC_RETICULUM",1.06298958401048,0.394828622970535,1,27,0.415274955093895,2,"Sec16b Grik5"
"GOBP_PROTEIN_LOCALIZATION_TO_EXTRACELLULAR_REGION",0.696559613194924,0.987751004016064,1,256,0.218550056392718,52,"Tgfb3 Camk2n1 Hmgn3 Rhbdf1 Rapgefl1 Neo1 Slc18a2 Gnao1 Unc13b Nrxn1 Prf1 Nr1d1 Myom1 Glrx Ffar2 Per2 Trpm4 Cask Atg7 Kcnn4 Akap5 Nr1h3 Brsk2 Birc5 Srcin1 Pde1c Tm7sf3 Lyst Il12a Rptor Gpld1 Tnf Sirt4 Idua Tlr4 Adam9 Pfkfb2 Ppard Arfgap3 Srebf1 Plek Rab27a Sco1 Pde4c Dnajc1 Wls Pde3b Ahi1 Pla2g6 Gnptab Bloc1s3 Aacs"
"GOBP_PROTEIN_LOCALIZATION_TO_GOLGI_APPARATUS",-1.11920498669449,0.277439024390244,1,28,-0.340284370751124,6,"Atg9a Arl5a Rab6b Vps13d Pacs1 Arfrp1"
"GOBP_PROTEIN_LOCALIZATION_TO_LYSOSOME",-0.736414794653121,0.952121871599565,1,58,-0.189651524834431,16,"Nmt1 Lmbrd1 Nedd4 Pik3r4 Nlk Vps54 Ap3d1 Rragc Ywhag Wdr24 Pik3c3 Atp13a2 Gpr155 Vps4a Igf2r Ncoa4"
"GOBP_PROTEIN_LOCALIZATION_TO_MEMBRANE",0.920420866690214,0.746270151196555,1,329,0.28651494405967,61,"Fcer1g Rilpl1 Lrrc4 Rab13 Dlg3 Iqsec2 Cacna2d2 Ager Pigr Cit Clstn1 Cacna1a Colq Ift122 Slc5a3 Ehd3 F11r Mmp14 Fgf13 Sytl2 Agrn Slc7a11 Nrxn1 Errfi1 Grik5 Dlg4 Rab32 Epha2 Ank1 Kif13a Epb41l3 Atp2c2 Itga3 Camk2a Reep2 Tmem88 Magi2 Arl6 Lhfpl4 Cask Wnk3 Itgb1 Akap5 Pik3r2 Wdr19 Amn Tmem150a Ap4m1 Ttc8 Efcab7 Pkp3 Snap47 Pip5k1a Dbn1 Rilpl2 Appl1 Tmem108 Sorbs2 Prkcz Ramp1 Tmbim1"
"GOBP_PROTEIN_LOCALIZATION_TO_MICROTUBULE",-0.974926044366709,0.477027027027027,1,16,-0.337768454162018,8,"Champ1 Mid1 Kif20b Diaph1 Mapre2 Abhd17a Mapre1 Hnrnpu"
"GOBP_PROTEIN_LOCALIZATION_TO_MICROTUBULE_ORGANIZING_CENTER",-0.63071442834553,0.97695530726257,1,36,-0.179923936779424,5,"Rab11fip3 Mark4 Mcph1 Aurka Bicd1"
"GOBP_PROTEIN_LOCALIZATION_TO_MITOCHONDRION",0.689483025891078,0.93307901907357,1,63,0.238200420913534,30,"Isg15 Hk2 Dele1 Eif2ak1 Dnlz Moap1 Tspo Cox18 Agk Gfer Mtx1 Tomm40l Tmem126a Timm22 Tomm40 Timm44 Timm17b Romo1 Grpel2 Bax Bag1 Mtch2 Hspd1 Dnm1l Grpel1 Ndufa13 Hsp90aa1 Tomm70a Timm10 Mavs"
"GOBP_PROTEIN_LOCALIZATION_TO_NUCLEAR_ENVELOPE",1.09134655292296,0.374002876945207,1,13,0.491994193055077,6,"Lmna Tmem201 Lmnb2 Nup155 Tmem147 Lmnb1"
"GOBP_PROTEIN_LOCALIZATION_TO_NUCLEOLUS",-0.683781805859779,0.912839248434238,1,21,-0.221638841304335,8,"Glul Tert Sigmar1 Rpf2 Nop53 Wrn Rrs1 Npm1"
"GOBP_PROTEIN_LOCALIZATION_TO_NUCLEUS",0.480047822676758,1,1,282,0.150166356109199,64,"Maged1 Lmna Cdkn1a App Ahr Angpt1 Tnpo2 Syne2 Hyal2 Mfhas1 Mdfic Cav2 Bbs4 Akap5 Pik3r2 Cdk1 Nos3 Notch1 Efcab7 Appl1 Mamdc4 Rasl2-9 Gbp4 Ctnna1 Dvl1 Rab23 Snupn Ipo5 Tmem201 Cacnb4 Ptpn22 Cry2 Polr1a Psen1 Tor1a Appl2 Cdk5rap3 Lzts2 Lmnb2 Nf2 Mbtps1 Nup50 Fnip1 Sirt6 Pin1 Pkig Sesn2 Ifnar2 Heatr3 Cops9 Nup155 Hikeshi Tmem147 Stk11 Nfkbia Lmnb1 Prkaa1 Igtp Fyn Nol8 Ubr5 Zc3h12a Trim28 Jup"
"GOBP_PROTEIN_LOCALIZATION_TO_PLASMA_MEMBRANE",0.743663999649054,0.958803384367446,1,214,0.235128860957567,36,"Fcer1g Rilpl1 Rab13 Ager Ehd3 F11r Mmp14 Fgf13 Sytl2 Nrxn1 Errfi1 Epha2 Ank1 Kif13a Epb41l3 Atp2c2 Itga3 Camk2a Tmem88 Arl6 Cask Wnk3 Itgb1 Akap5 Pik3r2 Amn Tmem150a Ttc8 Pkp3 Pip5k1a Rilpl2 Appl1 Prkcz Ramp1 Tmbim1 Tnf"
"GOBP_PROTEIN_LOCALIZATION_TO_SITE_OF_DOUBLE_STRAND_BREAK",0.395692723740619,0.999023318276157,1,23,0.158879167890596,8,"Cdk1 Nbn Sirt6 Parp3 Rnf8 Cyren Atr Htatsf1"
"GOBP_PROTEIN_MATURATION",0.606888866237307,0.999799939981995,1,417,0.187935951255712,92,"Corin AK157302 Map3k20 Dnajb13 Cct6b C2 Rps6ka2 F8 Serpine2 Mettl21a Mmp14 Itgb3 Notch4 Cplane2 Astl Gp1ba St14 Prf1 Lipt2 Aph1b Dnajb5 Hspb6 Pdia5 Ptges3l Tspan17 Casp4 Hspa13 Hspa1b Zmynd10 Prss12 Ufsp1 Klk8 Zmpste24 Telo2 Tbcd Capn2 Qsox2 Cpd Casp7 Gzma Immp2l Sirt4 Pigq Dnajb2 Ctnnd1 Klk1 Adam9 Pigp Aph1a Tmem260 Pgap3 Dnlz Cox19 F9 Lgmn Glrx5 Yae1d1 Dnajc18 Inpp5b Psen1 Pigb Tor1a Dnajc1 Nudcd2 Cln3 Naglu Xpnpep3 Mbtps1 Dnajc10 Tasp1 Ift88 Ptch1 Grn Pigk Cdc37l1 Tmprss13 Tspan5 Rasal2 Hspa14 Pigm Pfdn6 Trap1 Gfer Hspe1-rs1 Hspa1a Pmpcb Tbce Wdr83os Dnajc3 Gbp5 Bace1 Disp1"
"GOBP_PROTEIN_METHYLATION",0.86932169542279,0.697789806044204,1,47,0.311122817914045,7,"Prdm1 Mettl21a Eef1akmt1 Rab3d Camkmt Mettl21c Lcmt2"
"GOBP_PROTEIN_MODIFICATION_BY_SMALL_PROTEIN_REMOVAL",0.54714443552022,0.998233582709892,1,108,0.179503398884748,53,"Uchl4 Cdk1 Usp40 Usp54 Uchl1 Usp27x Tnfaip3 Usp45 Otud1 Dnajb2 Srms Yod1 Tor1a Usp33 Usp14 Usp32 Usp11 Usp21 Usp18 Usp8 Usp38 Usp50 Otud3 Josd2 Tank Stambp Zc3h12a Uspl1 Cops3 Cops7a Mindy3 Senp1 Vcp Usp3 Josd1 Gps1 Trim14 Usp36 Usp16 Cops8 Abraxas2 Usp28 Usp47 Bap1 Usp19 Usp46 Usp48 Shmt2 Usp1 Senp5 Usp49 Senp7 Atxn3"
"GOBP_PROTEIN_NEDDYLATION",0.547730830742529,0.970114942528736,1,17,0.234462162058162,5,"Tes3-ps Cops9 Rnf7 Uba3 Hif1a"
"GOBP_PROTEIN_N_LINKED_GLYCOSYLATION",0.597996777065146,0.98480930833872,1,71,0.203814531698337,8,"St8sia6 Mgat4b Derl3 Uggt2 Gorasp1 Engase Rft1 Slc39a8"
"GOBP_PROTEIN_N_LINKED_GLYCOSYLATION_VIA_ASPARAGINE",0.80393439484127,0.756100597609562,1,20,0.332409657077976,6,"Derl3 Uggt2 Fut8 Mgat1 Mgat5 Alg8"
"GOBP_PROTEIN_O_LINKED_GLYCOSYLATION_VIA_N_ACETYL_GALACTOSAMINE",-1.18793192374711,0.250715746421268,1,12,-0.450920668373969,4,"Galnt10 Xxylt1 Gxylt1 Pomgnt1"
"GOBP_PROTEIN_O_LINKED_GLYCOSYLATION_VIA_XYLOSE",0.837428982715441,0.729265746433128,1,37,0.310729225099737,9,"Hs3st3b1 Pxylp1 Dse Angpt1 Ext1 Chst14 B3gat2 B3galt6 Ndst1"
"GOBP_PROTEIN_PALMITOYLATION",0.737865538865872,0.839587005791992,1,19,0.308944510877779,2,"Zdhhc1 Hhat"
"GOBP_PROTEIN_POLYMERIZATION",0.556176898275236,0.999697092084006,1,201,0.176329829509357,52,"Nphs1 Vill Tmod1 Fgf13 Diaph3 Cdh5 Map2 Togaram1 Arl6 Tmod4 Fes Bbs4 Pik3r2 Cdk1 Tubg2 Cdc42ep4 Hspa1b Map7d3 Tbcd Rnf135 Dbn1 Hdgfl3 Orc4 Svil Mapt Pak1 Fchsd1 Icam1 Msrb2 Tpx2 Tmsb15b2 Cyfip1 Camsap2 Eps8 Ckap2 Trim32 Abitram Capg Plekhg2 Nedd1 Akap9 Hspa1a Tubgcp6 Clip1 Gpx4 Ssh1 Diaph2 Wasl Clec2i Washc1 Kank3 Csnk1d"
"GOBP_PROTEIN_POLYUBIQUITINATION",0.41683161036965,1,1,249,0.130915033436122,79,"Nod2 Dtx4 Asb2 Peli3 Ubox5 Trim62 Trim2 Trim3 Ercc8 Rnf25 Tnfaip3 Rnf125 Rnf135 Castor1 Pex12 Trim30d Znrf1 Trim30c Nagk Mkrn2 Ddx3x Ptpn22 Fbxo45 Ube2q2 Ube2t Cep63 Trim32 Ubr4 Rc3h2 Jade2 Trim45 Sesn2 Mycbp2 Wsb2 Anapc7 Wsb1 Nhlrc3 Rnf168 Chfr Zfp598 Ube3b Mul1 Usp38 Prkaa1 G2e3 Arih2 Birc2 Anapc13 Ubr5 Plaa Ripk2 Rusc1 Traf7 Rnf7 Rffl Rnf5 Cdc23 Spsb3 Rnf123 Cul3 Ip6k2 Ube2l6 Fbxw7 Hace1 Rnf6 Trim8 Ube2w Ube2l3 Rnf8 Brca1 Fbxw11 Wdr77 Parp10 Nt5c2 Trim26 Ube2o Zfp91 Rbck1 Rnf20"
"GOBP_PROTEIN_POLY_ADP_RIBOSYLATION",0.434368331027334,0.996076892899176,1,13,0.195819280264461,7,"Casp7 Sirt6 Parp10 Enpp1 Hpf1 Tnks2 Casp1"
"GOBP_PROTEIN_PROCESSING",0.816794875828648,0.850301235576432,1,139,0.263297167219268,31,"Corin Rps6ka2 Serpine2 Mmp14 Notch4 Cplane2 Astl St14 Aph1b Casp4 Prss12 Zmpste24 Capn2 Cpd Casp7 Immp2l Sirt4 Ctnnd1 Klk1 Adam9 Aph1a F9 Lgmn Inpp5b Psen1 Cln3 Naglu Xpnpep3 Mbtps1 Ift88 Ptch1"
"GOBP_PROTEIN_QUALITY_CONTROL_FOR_MISFOLDED_OR_INCOMPLETELY_SYNTHESIZED_PROTEINS",-0.805966235727678,0.802738021157436,1,30,-0.241181393869558,6,"Afg1l Zyg11b Clpp Hdac6 Zswim8 Yme1l1"
"GOBP_PROTEIN_REFOLDING",0.518657857757531,0.983551817956963,1,21,0.211884886202763,15,"Hspb6 Hspa13 Hspa1b Dnajb2 Hspa14 Hspa1a B2m Hdac4 Bag5 Sdf2 Hspd1 Hspa5 Snrnp70 Dnaja2 Hsp90aa1"
"GOBP_PROTEIN_RNA_COMPLEX_ORGANIZATION",-0.708239232672955,1,1,192,-0.155488964886934,49,"Nsun4 Ddx20 Usp39 Mrm2 Znhit6 Dnajc17 Znhit3 Aar2 Gcfc2 Gemin6 Ddx28 Eif3l Prpf18 Rbfa Noa1 Mrto4 Mcts1 Dhx29 Abt1 Eif3b Prmt7 Prpf6 Dhx30 Eif3j2 Trim21 Puf60 Rps19 Rpf2 Sf3a3 Usp4 Eif6 Tufm Adar Nop53 Tfb1m Prpf4b Eif3h Eif3c Eif3f Gemin7 Eif2s2 Zrsr2 Strap Mettl17 Rpl13a Rrs1 Eif3i Clp1 Ago2"
"GOBP_PROTEIN_STABILIZATION",0.411069233186239,1,1,185,0.130776726159155,52,"Smad3 Efna1 Tspan1 Bbof1 Tmem88 Cfp Hspa1b Usp27x Pim2 Telo2 Rabl3 Apoa2 Dvl1 Hps4 Ctnnd1 Dnlz Wfs1 Lamp2 Usp33 Caml Ift80 Cep63 Grn Zbed3 Ufl1 Cdc37l1 Ifi30 Ccnh Ubr4 Pin1 Stx12 Ppp1r10 Hspa1a Naa30 Cog7 Sox4 Cbx4 Mul1 Creb1 Prkaa1 Igtp Otud3 Taf9b Stxbp4 Gnaq Wdr81 Rassf2 Ip6k2 Fbxw7 Mfsd1 Stxbp1 Pex6"
"GOBP_PROTEIN_SUMOYLATION",0.637052496931633,0.950574712643678,1,41,0.232950489267702,2,"Egr2 Ifih1"
"GOBP_PROTEIN_TARGETING",0.456353063992846,1,1,208,0.144510705169982,54,"Zdhhc1 Gbp2 Stom Nacad 4930550C14Rik Arl6 Myo6 Rtp4 Cdk5r1 Dusp18 Ap4m1 Hap1 Zdhhc21 Zfand2a Immp2l Sirt4 Srprb Pak1 Hps4 Bid Syngr2 Ap4b1 Zdhhc3 Srebf1 Edem1 Lamp2 Pex7 Zdhhc24 Gnptab Zdhhc12 Gipc1 Ubr4 Vps13c Zdhhc4 Pin1 Tent2 Pmpcb Srp54a Gbp5 Vps53 Vps52 C2cd5 Zdhhc2 Prkaa1 Igtp Trak1 Fyn Stxbp4 Lypla1 Sec61a2 Prnp M6pr Pex16 Tomm40"
"GOBP_PROTEIN_TARGETING_TO_LYSOSOME",-0.519466643354844,0.995260663507109,1,26,-0.160377278656099,3,"Nedd4 Pik3r4 Vps54"
"GOBP_PROTEIN_TARGETING_TO_MEMBRANE",-0.722147293562116,0.980392156862745,1,84,-0.176730425404954,7,"Zdhhc23 Kcnb1 Irgm2 Cacnb1 Chml Vps37c Zfand2b"
"GOBP_PROTEIN_TARGETING_TO_MITOCHONDRION",0.693799249270389,0.901487642028816,1,35,0.260147395056125,11,"4930550C14Rik Dusp18 Immp2l Sirt4 Bid Srebf1 Pin1 Pmpcb Prkaa1 Tomm40 Fbxw7"
"GOBP_PROTEIN_TARGETING_TO_VACUOLE_INVOLVED_IN_AUTOPHAGY",-1.13785624924071,0.278908618449545,1,14,-0.413256296084778,4,"Irgm2 Smurf1 Ate1 Hdac6"
"GOBP_PROTEIN_TETRAMERIZATION",1.04774701908695,0.406759269386416,1,62,0.362823599879213,18,"App Rrm2 Krt10 Kcnj2 Tk1 Kcnc3 Trpm4 Kcnc1 Kcnn4 Apip Snupn Aldh1a3 Cbr4 Appl2 Tdo2 Crtc1 Shmt1 Cryz"
"GOBP_PROTEIN_TRANSMEMBRANE_IMPORT_INTO_INTRACELLULAR_ORGANELLE",-0.936375692138769,0.5250999555753,1,15,-0.332758691965991,2,"Trim37 Pex10"
"GOBP_PROTEIN_TRANSMEMBRANE_TRANSPORT",-0.564945865141007,1,1,69,-0.142152052023573,5,"Trim37 Hpse Zfand2b Pex10 Aifm1"
"GOBP_PROTEIN_TRIMERIZATION",1.00071146954708,0.499198931909212,1,11,0.468192544223962,8,"App Alox5ap Ski Clybl Pnpt1 P2rx7 Steap4 Mif"
"GOBP_PROTEIN_UNFOLDING",-0.557022967817744,0.970961145194274,1,12,-0.211437342432679,3,"Pex10 Ubxn6 Pex13"
"GOBP_PROTEOGLYCAN_BIOSYNTHETIC_PROCESS",0.954559542381266,0.558941459502807,1,42,0.347645615024334,16,"Bmpr2 Hs3st3b1 Pxylp1 Dse Ext1 Chst14 B3gat2 B3galt6 Ndst1 B3gnt7 Csgalnact2 Cant1 Glce Mustn1 Man1c1 Hs3st1"
"GOBP_PROTEOGLYCAN_METABOLIC_PROCESS",0.923551281335107,0.622443399321886,1,62,0.319815942649086,25,"Bmpr2 Hs3st3b1 Pxylp1 Dse Angpt1 Dsel Ext1 Chst14 B3gat2 Arsb B3galt6 Sulf2 Ndst1 B3gnt7 Csgalnact2 Idua Ppard Cant1 Glce Mustn1 Man1c1 Hs3st1 Naglu Hs2st1 Sgsh"
"GOBP_PROTON_TRANSMEMBRANE_TRANSPORT",0.677885761895047,0.960415791684166,1,96,0.224795933966607,22,"Cox7a1 Slc25a13 Slc9a9 Slc18a2 Slc7a11 Slc46a1 Slc9a5 Taco1 Slc36a3 Atp6v1g2 Ctns Lamp2 Sco1 Sphk2 Dmac2l Tmco3 Ndufs1 Atp6ap2 Slc25a4 Slc36a1 Slc15a4 Tmem175"
"GOBP_PROTON_TRANSPORTING_TWO_SECTOR_ATPASE_COMPLEX_ASSEMBLY",-0.667341389661499,0.901255954958857,1,14,-0.242370713435558,5,"Atpaf2 Atp23 Ccdc115 Tmem242 Pip4p1"
"GOBP_PROTOPORPHYRINOGEN_IX_METABOLIC_PROCESS",1.13914499773082,0.314419225634179,1,11,0.532960009910729,7,"Eif2ak1 Ppox Abcg2 Alas1 Cpox Uros Fech"
"GOBP_PRO_B_CELL_DIFFERENTIATION",0.914262589053379,0.613181639858768,1,13,0.412162281116874,6,"Flt3 Notch1 Lig4 Sos1 Fnip1 Sox4"
"GOBP_PSEUDOURIDINE_SYNTHESIS",-0.835781617324586,0.707515557683102,1,18,-0.280933790136244,18,"Pus7 Rpusd4 Pus1 Pus7l Pus10 Pusl1 Nhp2 Trub2 Rpusd3 Nop10 Trub1 Tsr3 Dkc1 Gar1 Pus3 Naf1 Rpusd2 Rpusd1"
"GOBP_PTERIDINE_CONTAINING_COMPOUND_BIOSYNTHETIC_PROCESS",0.520053377975179,0.977899829998692,1,13,0.234447290237172,2,"Slc46a1 Mthfd1"
"GOBP_PTERIDINE_CONTAINING_COMPOUND_METABOLIC_PROCESS",0.582822774427057,0.96398486143328,1,23,0.23401592163054,3,"Tyms Slc46a1 Mthfd1"
"GOBP_PURINERGIC_NUCLEOTIDE_RECEPTOR_SIGNALING_PATHWAY",1.09015048289398,0.37841124020535,1,10,0.519950801386281,7,"Gpr34 P2ry14 Adora2a Adam17 Ada Gpr171 P2rx7"
"GOBP_PURINE_CONTAINING_COMPOUND_BIOSYNTHETIC_PROCESS",-0.670477824487652,1,1,189,-0.147518120031613,22,"Ampd2 Nme7 Nadsyn1 Adcy3 Acss1 Pdp1 G6pdx Adsl Nadk Afmid Dcakd Bcl2l1 Cox11 Gart Prpsap2 Pnp2 Nme3 mt-Nd6 Pank1 Myc Letmd1 Acsl4"
"GOBP_PURINE_CONTAINING_COMPOUND_METABOLIC_PROCESS",0.483171287453936,1,1,401,0.149685594842668,118,"Nme4 App Slc25a13 Elovl6 Slc25a42 Slc27a3 Tigar Noct Epha2 Nmnat3 Pde4d Pemt Rpe Mmut Nudt1 Cbfa2t3 Bckdhb Ldhd Gmpr Pde8a Far2 Entpd1 Pfas Ldhb Hspa1b Uchl1 Gapdhs Pcca Nt5e Npr2 Dcxr H6pd Gpat4 Nampt Fhit Hfe Mthfd1 Hk2 Nudt17 Rptor Tpk1 Nudt2 Rasl2-9 Sirt4 Pfkfb1 Rab23 Nudt9 Mcee Dip2a Ctns Pfkfb2 Xpo4 Aco1 Oasl2 Zbtb20 Abcg2 Cacnb4 Khk Pank3 Acot7 Nmrk1 Selenon Psen1 Gcdh Pde4c Tdo2 Entpd7 Sphk2 Shmt1 Nudt16 Mlycd Dmac2l Tspo Hmgcs1 Gpam Sirt6 Ppargc1a Lipa Ndufc1 Bpgm Pdhx Mpc2 Hspa1a Pde7a Dgat1 Acat1 Mvk Bad Hsd17b4 Nudt4 Ndufs1 Prkaa1 Adal Naprt Acsl1 Gmps Acadsb Ndufb4 Ddit4 Ndufc2 Fkrp Got2 Prps2 Ndufa11 Impdh1 Ndufa7 Dnajc30 Mthfd2l Pdk1 Acsl5 Ada Bckdk Ndufa9 Acaca Ndufb2 Fitm2 Pank2 Hdac4"
"GOBP_PURINE_CONTAINING_COMPOUND_SALVAGE",-1.07252243372388,0.347874102705687,1,23,-0.340816907194082,5,"Ampd2 Nadsyn1 Adsl Pnp2 Adk"
"GOBP_PURINE_CONTAINING_COMPOUND_TRANSMEMBRANE_TRANSPORT",0.767564971993168,0.814039703420234,1,28,0.297756065765686,9,"Slc25a42 Abcc4 Slc29a2 Slc25a47 Slc19a1 Slc29a1 Lrrc8b Slc46a2 Slc43a3"
"GOBP_PURINE_DEOXYRIBONUCLEOSIDE_TRIPHOSPHATE_METABOLIC_PROCESS",-0.673602961231147,0.871153846153846,1,10,-0.26833346604029,10,"Adk Guk1 Pnp Oga Nudt15 Dguok Samhd1 Ak3 Ada Nudt16"
"GOBP_PURINE_DEOXYRIBONUCLEOTIDE_METABOLIC_PROCESS",-0.755385247985784,0.814304753442914,1,15,-0.268440337740959,15,"Adk Xdh Dck Guk1 Pnp Oga Nudt15 Dguok Samhd1 Nudt18 Ak3 Nt5c Nt5c2 Ada Nudt16"
"GOBP_PURINE_NUCLEOBASE_METABOLIC_PROCESS",-0.595319779642761,0.959660297239915,1,13,-0.221070214999199,3,"Gart Adk Xdh"
"GOBP_PURINE_NUCLEOSIDE_DIPHOSPHATE_METABOLIC_PROCESS",0.609043391202968,0.987000634115409,1,86,0.203728965396706,21,"App Tigar Cbfa2t3 Entpd1 Uchl1 Gapdhs Nt5e Hk2 Rptor Rasl2-9 Pfkfb1 Nudt9 Pfkfb2 Xpo4 Zbtb20 Khk Psen1 Sirt6 Ppargc1a Lipa Bpgm"
"GOBP_PURINE_NUCLEOSIDE_METABOLIC_PROCESS",-0.826921939391299,0.743562231759657,1,22,-0.26498143899428,6,"Gamt Pnp2 Ahcy Adk Xdh Nt5c3"
"GOBP_PURINE_NUCLEOSIDE_MONOPHOSPHATE_BIOSYNTHETIC_PROCESS",-0.910227244541614,0.593423799582463,1,21,-0.29503813946932,5,"Ampd2 Adsl Gart Adk Dck"
"GOBP_PURINE_NUCLEOSIDE_MONOPHOSPHATE_METABOLIC_PROCESS",-0.805561882569671,0.803048780487805,1,28,-0.244923960820538,6,"Ampd2 Adsl Gart Adk Xdh Dck"
"GOBP_PURINE_NUCLEOTIDE_TRANSPORT",0.624716888529602,0.948986889153755,1,29,0.241184312558055,4,"Slc25a42 Abcc4 Slc25a47 Slc19a1"
"GOBP_PURINE_RIBONUCLEOTIDE_SALVAGE",-1.16941967138446,0.260748407643312,1,11,-0.455101182002011,3,"Ampd2 Adsl Adk"
"GOBP_PYRAMIDAL_NEURON_DIFFERENTIATION",0.869443855954691,0.670089165090516,1,10,0.414684061290264,2,"Ulk4 Atg7"
"GOBP_PYRIDINE_CONTAINING_COMPOUND_BIOSYNTHETIC_PROCESS",-1.02967127664114,0.401627573001436,1,18,-0.346106504791526,10,"Nadsyn1 G6pdx Nadk Afmid Pdxk Haao Kmo Htt Nmnat1 Nadk2"
"GOBP_PYRIDINE_CONTAINING_COMPOUND_CATABOLIC_PROCESS",0.579113864315434,0.993644741023197,1,84,0.194040280689243,20,"App Tigar Cbfa2t3 Uchl1 Gapdhs Hk2 Nudt17 Rptor Rasl2-9 Pfkfb1 Pdxp Pfkfb2 Xpo4 Zbtb20 Khk Psen1 Sirt6 Ppargc1a Lipa Bpgm"
"GOBP_PYRIDINE_CONTAINING_COMPOUND_METABOLIC_PROCESS",0.595372894544291,0.995813336056367,1,140,0.191859188638517,26,"App Slc25a13 Tigar Noct Nmnat3 Rpe Cbfa2t3 Ldhb Uchl1 Gapdhs Dcxr H6pd Nampt Hk2 Nudt17 Rptor Rasl2-9 Pfkfb1 Pdxp Pfkfb2 Xpo4 Aco1 Zbtb20 Khk Nmrk1 Psen1"
"GOBP_PYRIMIDINE_CONTAINING_COMPOUND_BIOSYNTHETIC_PROCESS",1.03594977868996,0.434767194516663,1,32,0.393896850370583,8,"Dctd Nme4 Tyms Tk1 Cdk1 Uck2 Uprt Tpk1"
"GOBP_PYRIMIDINE_CONTAINING_COMPOUND_METABOLIC_PROCESS",0.879100513070094,0.680790639554697,1,44,0.317751514018907,14,"Dctd Nme4 Tyms Tk1 Cdk1 Uck2 Uprt Tpk1 Aldh6a1 Entpd7 Shmt1 Cmpk2 Dctpp1 Cad"
"GOBP_PYRIMIDINE_DEOXYRIBONUCLEOTIDE_BIOSYNTHETIC_PROCESS",1.16262040627014,0.285313751668892,1,11,0.543943206951228,2,"Dctd Tyms"
"GOBP_PYRIMIDINE_DEOXYRIBONUCLEOTIDE_METABOLIC_PROCESS",1.08339892089557,0.384245417912388,1,14,0.480917534437547,2,"Dctd Tyms"
"GOBP_PYRIMIDINE_NUCLEOBASE_METABOLIC_PROCESS",-0.646794694283511,0.909633757961783,1,11,-0.251712056059882,11,"Tet2 Dpysl2 Ctps2 Dhodh Mapk1 Mtor Umps Cmpk1 Cad Shmt1 Aldh6a1"
"GOBP_PYRIMIDINE_NUCLEOSIDE_MONOPHOSPHATE_BIOSYNTHETIC_PROCESS",1.18847007468395,0.245774738743388,1,15,0.520488165042061,4,"Dctd Tyms Uck2 Uprt"
"GOBP_PYRIMIDINE_NUCLEOSIDE_MONOPHOSPHATE_METABOLIC_PROCESS",1.15407344905953,0.280970625798212,1,17,0.494013739693269,4,"Dctd Tyms Uck2 Uprt"
"GOBP_PYRIMIDINE_NUCLEOSIDE_TRIPHOSPHATE_BIOSYNTHETIC_PROCESS",0.868765888579281,0.673729364357208,1,14,0.385642574568585,3,"Nme4 Tyms Uck2"
"GOBP_PYRIMIDINE_NUCLEOSIDE_TRIPHOSPHATE_METABOLIC_PROCESS",0.792925151245042,0.772147099709339,1,18,0.335198286354386,7,"Nme4 Tyms Uck2 Entpd7 Cmpk2 Dctpp1 Cad"
"GOBP_PYRIMIDINE_NUCLEOTIDE_BIOSYNTHETIC_PROCESS",0.99840896136676,0.49339313856225,1,24,0.397802564069429,5,"Dctd Nme4 Tyms Uck2 Uprt"
"GOBP_PYRIMIDINE_NUCLEOTIDE_METABOLIC_PROCESS",0.858650879093917,0.696247766527695,1,30,0.330083221734881,5,"Dctd Nme4 Tyms Uck2 Uprt"
"GOBP_PYRIMIDINE_RIBONUCLEOSIDE_TRIPHOSPHATE_BIOSYNTHETIC_PROCESS",0.744110416286323,0.811267225074304,1,10,0.354905871564502,2,"Nme4 Uck2"
"GOBP_PYRIMIDINE_RIBONUCLEOSIDE_TRIPHOSPHATE_METABOLIC_PROCESS",0.662845603153274,0.890168056106921,1,12,0.304157217253884,2,"Nme4 Uck2"
"GOBP_PYRIMIDINE_RIBONUCLEOTIDE_BIOSYNTHETIC_PROCESS",0.725940432493717,0.845926497044462,1,16,0.314467688117706,3,"Nme4 Uck2 Uprt"
"GOBP_PYRIMIDINE_RIBONUCLEOTIDE_METABOLIC_PROCESS",0.609958188264162,0.945731553764795,1,19,0.255389666820343,3,"Nme4 Uck2 Uprt"
"GOBP_PYROPTOTIC_CELL_DEATH",0.72356189320343,0.833928807727934,1,12,0.3320178498594,3,"Prf1 Casp4 Gzma"
"GOBP_PYROPTOTIC_INFLAMMATORY_RESPONSE",1.07078834497722,0.381900243027427,1,38,0.39582780575067,9,"Nlrp1b Map3k20 Gbp2 Prf1 Naip5 Casp4 Apip Casp7 Gzma"
"GOBP_PYRUVATE_DECARBOXYLATION_TO_ACETYL_COA",-0.555186890405838,0.982965009208103,1,17,-0.18921287444232,17,"Pdp1 Pdhb Dld Dlat Vdac1 Pdk2 Pdk3 Mpc1 Pgk1 Pdpr Pdha1 Bckdk Pdk1 Mpc2 Pdhx Sirt4 Tpk1"
"GOBP_PYRUVATE_METABOLIC_PROCESS",0.668296502693806,0.967657798643714,1,103,0.220175798058797,26,"Ldhal6b App Me3 Tigar Cbfa2t3 Ldhb Uchl1 Gapdhs Hk2 Rptor Tpk1 Rasl2-9 Sirt4 Pfkfb1 Pfkfb2 Xpo4 Zbtb20 Khk Psen1 Sirt6 Ppargc1a Lipa Bpgm Pdhx Mpc2 Pck2"
"GOBP_P_BODY_ASSEMBLY",0.775185543484315,0.794298353403785,1,22,0.313922220036053,4,"Nbdy Noct Pan2 Cnot7"
"GOBP_QUINONE_BIOSYNTHETIC_PROCESS",-0.55533160390158,0.981330780277645,1,18,-0.186665283170402,4,"Coq8b Adck2 Coq3 Fdxr"
"GOBP_QUINONE_METABOLIC_PROCESS",0.482065600530744,0.990477368290873,1,21,0.196936021276813,13,"Aifm2 Pdss1 Nqo2 Coq8a Fdx2 Ndufa9 Coq9 Ubiad1 Coq6 Coq4 Coq2 Pptc7 Coq7"
"GOBP_RAC_PROTEIN_SIGNAL_TRANSDUCTION",0.921586647091524,0.613218390804598,1,41,0.336995869848369,12,"Pik3cb Agrn Arap3 Farp2 Abi2 Dock7 Farp1 Elmo1 Cyfip1 Eps8 Camk2d Sh3bp1"
"GOBP_RADIAL_GLIAL_CELL_DIFFERENTIATION",0.659674616817701,0.88908403134288,1,10,0.3146339437084,1,"Gpr157"
"GOBP_RANDOM_INACTIVATION_OF_X_CHROMOSOME",-0.811871029140804,0.733451799200355,1,15,-0.288513621156603,15,"Lbr Spen Suz12 Rlim Hnrnpu Pcgf5 Hnrnpk Ciz1 Pcgf3 Ctcf Jarid2 Ncor2 Brca1 Hdac3 Cdyl"
"GOBP_RAP_PROTEIN_SIGNAL_TRANSDUCTION",1.16517145989168,0.267432950191571,1,17,0.498764364394681,3,"Timp2 Plk2 Rapgefl1"
"GOBP_REACTIVE_OXYGEN_SPECIES_BIOSYNTHETIC_PROCESS",1.08976602028398,0.34563986409966,1,46,0.391459455547808,17,"Slc5a3 Ahr Dmd Tlr6 Mpv17l Slc25a33 Cybb Abcc1 Sod1 Tlr4 Ctns Acox1 Abcg2 Rab27a Sphk2 Cflar Lipa"
"GOBP_REACTIVE_OXYGEN_SPECIES_METABOLIC_PROCESS",0.894113048455599,0.736858128678709,1,161,0.285990199902698,38,"Cdkn1a Sirpa App Ager Slc5a3 Pon3 Ahr Noxo1 Tigar Dmd Tlr6 Nox1 Bco2 Mpv17l Slc25a33 Cybb Nos3 Foxm1 Dcxr Hk2 Pmaip1 Abcc1 Sirt5 Bcr Tnf Immp2l Nqo2 Mapt Sod1 Tlr4 Ctns Acox1 Abcg2 Rab27a Naglu Fam210b Txn1 Sphk2"
"GOBP_RECEPTOR_CATABOLIC_PROCESS",-1.02338488165801,0.426219512195122,1,28,-0.311151115864595,7,"Anxa2 Smurf1 Nedd4 Apoe Pik3r4 Git1 Furin"
"GOBP_RECEPTOR_MEDIATED_ENDOCYTOSIS",1.00554796329041,0.493569620253165,1,180,0.320443794645757,33,"Fcer1g Ifitm3 Egf Iqsec2 App Plk2 Kif3a Sele Itgb3 Apln Angpt1 Vegfa Cd9 Dlg4 Ralb Ackr3 Magi2 Dll1 Cav2 Cxcl16 Itgb1 Myo6 Akap5 Hspg2 Amn Hap1 Hfe Abca2 Trf Tpcn2 Tmem108 Ramp1 Fnbp1l"
"GOBP_RECEPTOR_METABOLIC_PROCESS",-0.842509975254506,0.843076923076923,1,77,-0.207836974171396,18,"Anxa2 Inpp5f Smurf1 Ece1 Nedd4 Apoe Pik3r4 Pex10 Git1 Furin Eps15 Mylip Atp6v0a2 Nsf Pex13 Scrib Sh3glb1 Chmp5"
"GOBP_RECEPTOR_RECYCLING",-0.779690103531673,0.9,1,51,-0.205622142348742,12,"Anxa2 Inpp5f Ece1 Pex10 Eps15 Atp6v0a2 Nsf Pex13 Scrib Chmp5 Vamp3 Atp6v1c1"
"GOBP_RECOMBINATIONAL_REPAIR",0.577174578910999,0.998986726112068,1,171,0.184131538955895,45,"Kdm4d Gfi1 Xrcc2 Rad54l Poln Zgrf1 Polq Zfp365 Poll Mcmdc2 Xrcc3 Palb2 Nabp1 Ercc5 Rad51 Nbn Mrnip Rnf169 Hus1 Rmi2 Meaf6 Ufl1 Cdc45 Timeless Sirt6 Recql4 Xrcc5 Aste1 Zmynd8 Mcm3 Mad2l2 Rpa3 Rif1 Klhl15 Brd8 Ints3 Pogz Rad51b Mre11a Pias4 Morf4l2 Helq Epc2 Ercc4 Brca2"
"GOBP_REGULATED_EXOCYTOSIS",0.977509989278999,0.553620531622365,1,145,0.314217513062708,37,"Fcer1g Cacna1h Syp Gab2 Cacna1a Myo1f Nr4a3 Slc18a2 Unc13b Lat Tac4 Grik5 Ctbp2 Abr Nkg7 Camk2a Fes Cask Rab3d Cbarp Notch1 Cd160 Milr1 Snap47 Stxbp5 Bcr Tmem79 Dvl1 D6Wsu163e Syngr2 Cplx2 Cacnb4 Fbxo45 Plek Rab27a Hmox1 Psen1"
"GOBP_REGULATION_OF_ACTIN_FILAMENT_BASED_MOVEMENT",1.17812714033613,0.252739043824701,1,20,0.487130344498709,5,"Cacna1h Fgf13 Kcnj2 Pde4d Trpm4"
"GOBP_REGULATION_OF_ACTIN_FILAMENT_BASED_PROCESS",0.808800157716452,0.914389067524116,1,246,0.254093815847177,32,"Cacna1h Myo3b Nphs1 Smad3 Tgfb3 Vill Wnt4 Iqgap2 Cit F11r Tmod1 Itgb3 Myo1f Neb Csf1r Fgf13 Kcnj2 Arap3 Kiss1r Pde4d Trpm4 Rhoc Tmod4 Bbs4 Pik3r2 Cdc42ep4 Cdk5r1 Frmd6 Lima1 Bst1 Sorbs3 Ttc8"
"GOBP_REGULATION_OF_ACTIN_FILAMENT_BUNDLE_ASSEMBLY",0.696870081307098,0.935143288084465,1,71,0.237513402619417,13,"Smad3 Tgfb3 Wnt4 F11r Kiss1r Rhoc Bbs4 Pik3r2 Lima1 Sorbs3 Ttc8 Rgcc Dbn1"
"GOBP_REGULATION_OF_ACTIN_FILAMENT_LENGTH",0.658344749696341,0.978373344370861,1,115,0.214868028819054,20,"Myo3b Nphs1 Vill Cit Tmod1 Neb Tmod4 Bbs4 Pik3r2 Cdc42ep4 Lima1 Dbn1 Svil Fchsd1 Icam1 Pdxp Arhgap35 Tmsb15b2 Plek Cyfip1"
"GOBP_REGULATION_OF_ACTIN_FILAMENT_ORGANIZATION",0.572749679318282,0.998987136635268,1,181,0.182468023929564,33,"Nphs1 Smad3 Tgfb3 Vill Wnt4 Cit F11r Tmod1 Kiss1r Rhoc Tmod4 Bbs4 Pik3r2 Cdc42ep4 Lima1 Sorbs3 Ttc8 Rgcc Dbn1 Abi2 Svil Pak1 Fchsd1 Icam1 Pdxp Arhgap35 Tmsb15b2 Plek Cyfip1 Arhgef10 C9orf72 Nf2 Eps8"
"GOBP_REGULATION_OF_ACTION_POTENTIAL",-0.772009767203446,0.845731707317073,1,28,-0.234722737094323,6,"Kcnb1 Rangrf Cnr2 Ryr2 Rapgef4 Chrnb2"
"GOBP_REGULATION_OF_ACTIVIN_RECEPTOR_SIGNALING_PATHWAY",0.791949454088244,0.762390479926769,1,13,0.357021820026824,5,"Acvr2a Magi2 Fstl3 Acvr1b Ski"
"GOBP_REGULATION_OF_ACTOMYOSIN_STRUCTURE_ORGANIZATION",0.661300938413204,0.957735849056604,1,70,0.225700966102523,10,"Smad3 Tgfb3 Wnt4 F11r Kiss1r Rhoc Bbs4 Pik3r2 Sorbs3 Ttc8"
"GOBP_REGULATION_OF_ADAPTIVE_IMMUNE_RESPONSE",0.885160248556855,0.761957843534657,1,173,0.282377313421294,35,"Fcer1g Il12rb1 Nod2 Tnfsf18 H2-Q2 Foxp3 Pla2g4a Ager Klrd1 Ahr Tnfrsf14 6030468B19Rik Cd55b Il2 Fzd5 Clec4g Lag3 Raet1d Trpm4 Il7r Jak3 Ighg3 Cd160 Hfe Tnfaip3 Cd46 Cd274 Il12a Cd4 Prkcz Tnf Tnfrsf1b Pagr1a Lta Nlrp10"
"GOBP_REGULATION_OF_ADENYLATE_CYCLASE_ACTIVATING_G_PROTEIN_COUPLED_RECEPTOR_SIGNALING_PATHWAY",0.786636909464351,0.772390484856363,1,14,0.349185766849803,2,"Grk5 Pde4d"
"GOBP_REGULATION_OF_ADENYLATE_CYCLASE_ACTIVITY",0.96227505803563,0.550218340611354,1,12,0.44155517135905,3,"Timp2 Akap5 Gnal"
"GOBP_REGULATION_OF_ADIPOSE_TISSUE_DEVELOPMENT",1.09979463280197,0.362102785406042,1,13,0.495802704871793,4,"Lmna Trpm4 Ccdc18 Plaat3"
"GOBP_REGULATION_OF_AEROBIC_RESPIRATION",0.803414977032571,0.764307320024198,1,25,0.318197649802611,5,"Tefm Cbfa2t3 Slc25a33 Etfrf1 Tnf"
"GOBP_REGULATION_OF_ALCOHOL_BIOSYNTHETIC_PROCESS",-0.814306997138053,0.811688311688312,1,32,-0.240197884317821,10,"Gpr146 Mbtps2 Apoe Erlin2 Abcg1 Dhcr7 Kpnb1 Myh9 Dgkq Insig1"
"GOBP_REGULATION_OF_ALPHA_BETA_T_CELL_ACTIVATION",0.988278731778684,0.515228158920856,1,89,0.329568350548208,17,"Zap70 Tnfsf18 Foxp3 Prdm1 Ager Sh3rf1 Tnfrsf14 Cd55b Il2 Shb Socs1 Jak3 Cd160 Hfe Cd274 Il12a Prkcz"
"GOBP_REGULATION_OF_ALPHA_BETA_T_CELL_DIFFERENTIATION",1.00048072217908,0.488667469615679,1,61,0.347079053315914,8,"Zap70 Tnfsf18 Foxp3 Prdm1 Sh3rf1 Il2 Shb Socs1"
"GOBP_REGULATION_OF_ALTERNATIVE_MRNA_SPLICING_VIA_SPLICEOSOME",0.693096707805104,0.923998668589815,1,55,0.243676056651406,2,"Celf4 Rbm47"
"GOBP_REGULATION_OF_AMIDE_METABOLIC_PROCESS",0.833631319951645,0.762805620090718,1,56,0.292404480982402,11,"Slc2a13 Slc7a11 Tigar Efna1 Hap1 Abca2 Rptor Tpk1 Tnf Sirt4 Rtn1"
"GOBP_REGULATION_OF_AMINE_METABOLIC_PROCESS",-1.06891979846158,0.361863057324841,1,11,-0.415989807294155,11,"Chrnb2 Vhl Pnkd Vps35 Park7 Pebp1 Aldh2 Nt5dc2 Itgam Comt Paox"
"GOBP_REGULATION_OF_AMINO_ACID_TRANSPORT",1.10774759638982,0.333536808692467,1,23,0.444784565870845,13,"Per2 Rgs2 Itgb1 Tnf Slc43a1 Psen1 Slc43a2 Arhgef11 Arl6ip5 Adora2a Slc38a2 Stxbp1 P2rx7"
"GOBP_REGULATION_OF_AMYLOID_BETA_CLEARANCE",0.803930539725223,0.745794392523364,1,11,0.376126682093142,1,"App"
"GOBP_REGULATION_OF_AMYLOID_FIBRIL_FORMATION",0.919932091342353,0.604340346698425,1,12,0.422125429563323,6,"App Hspg2 Psen1 Pfdn6 Usp8 Pfdn4"
"GOBP_REGULATION_OF_AMYLOID_PRECURSOR_PROTEIN_CATABOLIC_PROCESS",1.12558673604285,0.305454117092708,1,33,0.425729783097944,8,"App Ager Slc2a13 Efna1 Hap1 Abca2 Tnf Rtn1"
"GOBP_REGULATION_OF_ANATOMICAL_STRUCTURE_SIZE",1.03484733737872,0.390981963927856,1,314,0.322723858303675,72,"Sema6d Ccr5 Mgll Myo3b Nphs1 Slc12a3 Bmpr2 Plekha7 Vill Cit Ahr Tmod1 Neb Sema7a Fgf13 Apln Vegfa Mitf Dock4 Tgfbr3 Map2 Gla Pex11g Per2 Rgs2 Trpm4 Itga9 Ext1 Tmod4 Il7r Wnk3 Itgb1 Kcnn4 Hrh2 Bbs4 Pik3r2 Cdkl3 Ntn1 Cdc42ep4 Scarb1 Lima1 Nos3 Inf2 Plod3 Arhgap5 Zdhhc21 Dbn1 Abcc1 Rptor Abcb8 Dnajc16 Tnf Svil Rufy3 Wdr35 Mapt Pak1 Sod1 Deptor Fchsd1 Icam1 Pdxp Ptk2 Kcnk6 Arhgap35 Ppard Tbxa2r Tmsb15b2 Ifrd1 Plek Cyfip1 Akt1s1"
"GOBP_REGULATION_OF_ANDROGEN_RECEPTOR_SIGNALING_PATHWAY",0.566858184938795,0.968002988047809,1,20,0.234383720955927,4,"Kdm5d Trim68 Prmt2 Shq1"
"GOBP_REGULATION_OF_ANOIKIS",0.705506164539771,0.86751477769211,1,16,0.305615836486049,5,"Cryba1 Itgb1 Notch1 Sik1 Ptk2"
"GOBP_REGULATION_OF_ANTIGEN_PROCESSING_AND_PRESENTATION",0.84732797276601,0.704167204231712,1,15,0.371085642901923,4,"Nod2 Tapbpl Hfe Ptpn22"
"GOBP_REGULATION_OF_ANTIGEN_RECEPTOR_MEDIATED_SIGNALING_PATHWAY",0.544908697397419,0.994795055302537,1,67,0.18701109882658,19,"Cd5 Lag3 Kcnn4 Cd160 Cd274 Pdcd1lg2 Sla2 Ptpn22 Phpt1 Lck Cd80 Tespa1 Lipa Rab29 Cmtm3 Fyn Lpxn Prnp Ada"
"GOBP_REGULATION_OF_APOPTOTIC_SIGNALING_PATHWAY",0.956384720025374,0.637274549098196,1,314,0.298254781860944,72,"Inca1 Maged1 Creb3l1 Nacc2 Tnfrsf4 Lmna Pik3cb Mapk8ip2 Bbc3 App Wnt4 Gstp2 Sh3rf1 Vegfa Asah2 Siah1b Peli3 Meis3 Ddias Ackr3 Tlr6 Hyal2 Nox1 Trps1 Itm2c S100a8 Mpv17l Tifab Jak3 Hspa1b Eya2 Pcgf2 Traf1 Fgf2 Plscr1 Prodh Itgav Tnfaip3 Pmaip1 Tmbim1 Siah2 Tnfsf10 Tnf Bcl2l14 Ctnna1 Wdr35 Tnfrsf23 Sod1 Styxl1 Tlr4 Deptor Apaf1 Icam1 Snai1 Bid Lta Bak1 Bmf Wfs1 Ddx3x Ing2 Hmox1 Lck Psen1 Higd1a Tmem14a Trp53inp1 Ell3 Mapk9 Cep63 Faf1 Trim32"
"GOBP_REGULATION_OF_ATP_DEPENDENT_ACTIVITY",0.663097366428453,0.919636450609902,1,28,0.257230684374014,4,"Setmar Plscr1 Dnajc24 Dnajb2"
"GOBP_REGULATION_OF_ATTACHMENT_OF_MITOTIC_SPINDLE_MICROTUBULES_TO_KINETOCHORE",0.840393465021486,0.701296946771143,1,10,0.400828383305141,3,"Cdk1 Birc5 Cdca8"
"GOBP_REGULATION_OF_ATTACHMENT_OF_SPINDLE_MICROTUBULES_TO_KINETOCHORE",0.984093318047982,0.521538844621514,1,20,0.406901513959537,7,"Cenpe Cdk1 Birc5 Cdca8 Knstrn Ccnb1 Nek2"
"GOBP_REGULATION_OF_AUTOPHAGOSOME_ASSEMBLY",0.77384924488048,0.825400431671021,1,44,0.279708367276945,19,"Tbc1d12 Ralb Atg7 Efnb1 Rab3gap2 C9orf72 Usp33 Wipi1 Ift88 Trim32 Moap1 Pip4k2a Smcr8 Rnf5 Phf23 Ehmt2 Tmem39a Scfd1 Becn1"
"GOBP_REGULATION_OF_AUTOPHAGOSOME_MATURATION",-0.818250785374998,0.720994475138122,1,17,-0.278867505322963,2,"Adrb2 Irgm2"
"GOBP_REGULATION_OF_AUTOPHAGY",0.59870865423291,0.999699067108035,1,263,0.187668074981812,96,"Nod2 Ager Plk2 Tigar Ralb Svip Dram1 Acer2 Cryba1 Atg7 Pik3r2 Trib3 Nprl3 Nampt Pim2 Hk2 Tnfaip3 Zmpste24 Tpcn2 Rptor Dele1 Lamp3 Endog Mapt Deptor Bid Eif2ak1 Ptk2 Rragb Rab3gap2 Bmf Ptpn22 Srebf1 Hmox1 Rab37 C9orf72 Cln3 Cdk5rap3 Usp33 Trp53inp1 Atf6 Wipi1 Tom1 Zkscan3 Mtdh Ufl1 Trim32 Moap1 Tspo Dap Ubr4 Vps13c Sesn2 Clec16a Rpgr Klhl22 Tbc1d25 Rragd Trim13 Fyco1 Plk3 Sptlc1 Atg101 Uvrag Stk38l Washc1 Stk11 Mul1 Prkaa1 Igtp Pip4k2a Slc25a4 Ulk2 Dram2 Lypla1 Zc3h12a Ripk2 Smcr8 Rnf5 Chmp4b Larp1 Ercc4 Epm2a Fbxw7 Atg14 Depdc5 Ddit3 Trim8 Kat8 Stat3 Phf23 Ehmt2 Tmem39a Ticam1 Scfd1 Becn1"
"GOBP_REGULATION_OF_AUTOPHAGY_OF_MITOCHONDRION",0.710568012823135,0.893114904341849,1,42,0.258785170402552,13,"Nod2 Tigar Atg7 Hk2 Dele1 Eif2ak1 Srebf1 Tspo Vps13c Clec16a Mul1 Igtp Slc25a4"
"GOBP_REGULATION_OF_BEHAVIOR",0.885898367676508,0.670668176670442,1,46,0.3182272948747,21,"Ahr Nr4a3 Nrxn1 Dlg4 Nr1d1 Gla Dbn1 Ttc21b Qrfp Mbd5 Ahi1 Ift88 Hdac2 Dgat1 Adora2a Mdk Ada Gpr171 Hdac4 Ankrd26 Stat3"
"GOBP_REGULATION_OF_BINDING",0.930606869352168,0.590226460071514,1,29,0.359279190570292,3,"Egf Hmga2 Agrn"
"GOBP_REGULATION_OF_BIOLOGICAL_PROCESS_INVOLVED_IN_SYMBIOTIC_INTERACTION",0.709344091180799,0.872865046908828,1,26,0.278742758026753,7,"Trim62 Itgav Fuca2 Cd4 Trim30d Bst2 Trim30c"
"GOBP_REGULATION_OF_BLOOD_VESSEL_ENDOTHELIAL_CELL_MIGRATION",0.957193515106665,0.56520310960254,1,61,0.332062189404074,14,"Angpt2 Plk2 Angpt1 Vegfa Epha2 Efna1 Tgfbr3 Pik3r2 Acvrl1 Nos3 Notch1 Fgf2 Rgcc Tnf"
"GOBP_REGULATION_OF_BONE_REMODELING",1.14778060705064,0.27921381774866,1,30,0.441230690894866,10,"Car2 Itgb3 Csf1r Vegfa Kiss1r Dusp18 Itgav Ubash3b Def8 Idua"
"GOBP_REGULATION_OF_BROWN_FAT_CELL_DIFFERENTIATION",0.573283045003716,0.956650754741324,1,15,0.251068198097507,1,"Metrnl"
"GOBP_REGULATION_OF_B_CELL_ACTIVATION",1.10629745491886,0.279507603186097,1,116,0.360964807481657,11,"Cd27 Nod2 Tnfrsf4 Cdkn1a Foxp3 Prdm1 Tnfrsf21 Ahr Mmp14 Flt3 Il2"
"GOBP_REGULATION_OF_B_CELL_APOPTOTIC_PROCESS",0.467519210354922,0.992164792114242,1,18,0.197637365774889,1,"Il2"
"GOBP_REGULATION_OF_B_CELL_MEDIATED_IMMUNITY",0.92570697534946,0.613679829002137,1,48,0.330657357093891,5,"Fcer1g Nod2 Foxp3 6030468B19Rik Il2"
"GOBP_REGULATION_OF_B_CELL_PROLIFERATION",1.09729200664395,0.329326655537006,1,54,0.386789734154082,6,"Tnfrsf4 Cdkn1a Prdm1 Tnfrsf21 Ahr Il2"
"GOBP_REGULATION_OF_B_CELL_RECEPTOR_SIGNALING_PATHWAY",0.556764632964626,0.966155810983397,1,17,0.238329179727639,1,"Cd5"
"GOBP_REGULATION_OF_CALCINEURIN_MEDIATED_SIGNALING",0.488046276835245,0.993023815251383,1,26,0.191781910840039,9,"Akap5 Rcan1 Tnf Erbb3 3425401B19Rik Nfat5 Prnp Ppp3cc Dyrk2"
"GOBP_REGULATION_OF_CALCIUM_ION_DEPENDENT_EXOCYTOSIS",0.899044872570231,0.640846764493625,1,26,0.353287283965213,5,"Cacna1h Cacna1a Unc13b Cbarp Notch1"
"GOBP_REGULATION_OF_CALCIUM_ION_IMPORT",1.11784579010453,0.325878594249201,1,22,0.452687276016867,6,"Egf Atp2c2 Cask Wnk3 Kcnn4 Akap5"
"GOBP_REGULATION_OF_CALCIUM_ION_IMPORT_ACROSS_PLASMA_MEMBRANE",0.677820316659566,0.877570093457944,1,11,0.317124793950014,2,"Kcnn4 Akap5"
"GOBP_REGULATION_OF_CALCIUM_ION_TRANSMEMBRANE_TRANSPORT",1.03902391561064,0.417194761301225,1,87,0.347241681545727,16,"Cxcr3 Tmc1 Ahr Itgb3 Plp1 Dmd Pde4d Tmem38b Kcnn4 Asph Akap5 Cbarp Mettl21c Ubash3b Cd4 Tmem38a"
"GOBP_REGULATION_OF_CALCIUM_ION_TRANSPORT",1.09642209895109,0.295653067516185,1,130,0.354944118129395,26,"Cxcr3 Egf Tmc1 Ahr Itgb3 Gnao1 Plp1 Dmd Pde4d Tmem38b Best1 Atp2c2 Camk2a Cask Wnk3 Kcnn4 Asph Akap5 Cbarp Jak3 Ccr1 Nos3 Mettl21c Ubash3b Cd4 Tmem38a"
"GOBP_REGULATION_OF_CALCIUM_ION_TRANSPORT_INTO_CYTOSOL",0.99288491015912,0.50916417522423,1,14,0.44073863630883,4,"Asph Akap5 Cd4 Bak1"
"GOBP_REGULATION_OF_CALCIUM_MEDIATED_SIGNALING",1.02225039063712,0.449080700209182,1,58,0.35671396815115,16,"Zap70 Tmem100 App Akap5 Bst1 Hap1 Rcan1 Cd4 Tmbim1 Tnf Mapt Erbb3 Sla2 Sco1 3425401B19Rik Jpt2"
"GOBP_REGULATION_OF_CAMP_PKA_SIGNAL_TRANSDUCTION",1.08640825728756,0.363437992483937,1,24,0.432864694827626,7,"Rab13 App Prkar2a Myom1 Pde4d Pde8a Pde1c"
"GOBP_REGULATION_OF_CANONICAL_WNT_SIGNALING_PATHWAY",1.01551726027017,0.468403378447135,1,151,0.325931268824687,51,"Mcc Egf Smad3 Dkkl1 App Bambi Jrk Caprin2 Znrf3 Nrarp Plekha4 Tmem88 Trpm4 Lgr5 Nphp4 Mks1 Rbpj Cdon Tle2 Notch1 Fgf2 Sulf2 Ccnyl1 Ttc21b Mllt3 Siah2 Nle1 Ddx3x Thra Apc2 Tmem131l Psen1 Wls Lzts2 Prdm15 Aspm Zbed3 Tle1 Pin1 Hdac2 Mad2l2 Nek4 Sox4 Csnk1d Stk11 Usp8 Atp6ap2 Mdk Csnk1g1 Gnaq Ubr5"
"GOBP_REGULATION_OF_CARBOHYDRATE_BIOSYNTHETIC_PROCESS",-0.927751322200134,0.656294200848656,1,72,-0.231667262816159,18,"Sorbs1 Xpc Zfp692 Ppp1r3f 1810024B03Rik Nln Gfpt1 Foxo1 Ptger4 Ep300 Kat2b Smpd3 Ppp1r3e Myh9 Ppp1ca Cry1 Inpp5k Dgkq"
"GOBP_REGULATION_OF_CARBOHYDRATE_CATABOLIC_PROCESS",0.630946991638185,0.964941756272401,1,50,0.224325909853992,21,"App Tigar Cbfa2t3 Uchl1 Gapdhs Rptor Pfkfb1 Zbtb20 Psen1 Sirt6 Ppargc1a Prkaa1 Ddit4 Hdac4 P2rx7 Stat3 Phka1 Hif1a Prkag2 Slc2a6 Mtch2"
"GOBP_REGULATION_OF_CARBOHYDRATE_METABOLIC_PROCESS",-0.711146356670888,0.996677740863787,1,123,-0.16248073127175,29,"Sorbs1 Xpc Zfp692 Ppp1r3f 1810024B03Rik Mlst8 Nln Arl2 Gfpt1 Foxo1 Hsd11b1 Git1 Myc Foxk1 Sik2 Ptger4 Ppp2ca Ep300 Kat2b Smpd3 Ppp1r3e Myh9 Eif6 Ppp1ca Cry1 Inpp5k Nfe2l1 Dgkq Rubcnl"
"GOBP_REGULATION_OF_CARDIAC_MUSCLE_CELL_ACTION_POTENTIAL",0.851641248859062,0.690497855193033,1,14,0.378040998313025,7,"Fgf13 Trpm4 Camk2d Tmem161b Akap9 Atp2a2 Jup"
"GOBP_REGULATION_OF_CARDIAC_MUSCLE_CELL_DIFFERENTIATION",1.03790548322173,0.446461949265688,1,11,0.485594123422528,2,"Ccnd2 Dll1"
"GOBP_REGULATION_OF_CARDIAC_MUSCLE_CELL_PROLIFERATION",0.973128662005152,0.529340592861464,1,25,0.385413842232923,9,"Tgfbr3 Ccnd2 Cdk1 Rbpj Notch1 Fgf2 Ccnb1 Fgf20 Cited2"
"GOBP_REGULATION_OF_CARDIAC_MUSCLE_CONTRACTION_BY_CALCIUM_ION_SIGNALING",0.870604522063662,0.668628220217079,1,13,0.392480617779575,3,"Dmd Tmem38b Tmem38a"
"GOBP_REGULATION_OF_CARDIOCYTE_DIFFERENTIATION",0.967159956915048,0.543337303162631,1,12,0.443796684680799,2,"Ccnd2 Dll1"
"GOBP_REGULATION_OF_CD4_POSITIVE_ALPHA_BETA_T_CELL_ACTIVATION",0.907261914612054,0.650197628458498,1,59,0.315881694163699,12,"Tnfsf18 Foxp3 Ager Sh3rf1 Cd55b Il2 Shb Socs1 Jak3 Cd160 Cd274 Prkcz"
"GOBP_REGULATION_OF_CD4_POSITIVE_ALPHA_BETA_T_CELL_DIFFERENTIATION",0.821655151086595,0.764997744700045,1,47,0.294063368377486,7,"Tnfsf18 Foxp3 Sh3rf1 Il2 Shb Socs1 Jak3"
"GOBP_REGULATION_OF_CD8_POSITIVE_ALPHA_BETA_T_CELL_ACTIVATION",1.05250743413383,0.426881580657741,1,14,0.467204896034432,6,"Sh3rf1 Socs1 Hfe Cd274 Ptpn22 Irf1"
"GOBP_REGULATION_OF_CELLULAR_COMPONENT_SIZE",0.929538759215036,0.692245881880273,1,250,0.291892963669116,52,"Sema6d Ccr5 Mgll Myo3b Nphs1 Slc12a3 Bmpr2 Vill Cit Ahr Tmod1 Neb Sema7a Fgf13 Vegfa Mitf Map2 Gla Pex11g Tmod4 Il7r Wnk3 Kcnn4 Bbs4 Pik3r2 Cdkl3 Ntn1 Cdc42ep4 Lima1 Inf2 Arhgap5 Dbn1 Rptor Abcb8 Dnajc16 Svil Rufy3 Mapt Pak1 Deptor Fchsd1 Icam1 Pdxp Kcnk6 Arhgap35 Tmsb15b2 Ifrd1 Plek Cyfip1 Akt1s1 Golga4 Cln3"
"GOBP_REGULATION_OF_CELLULAR_LOCALIZATION",0.757626706154405,0.985694277711084,1,419,0.23460093672973,82,"Sec16b Iqsec2 Cacna2d2 Camk2n1 Kif3a Pard6b Slc5a3 Hmgn3 Camk1 Mmp14 Itgb3 Stom Angpt1 Agrn Slc7a11 Derl3 Nrxn1 Dlg4 Pard6g Epha2 Svip Nr1d1 Map2 Nefh Epb41l3 Itga3 Hyal2 Camk2a Reep2 Trpm4 Magi2 Prr5l Mdfic Wnk3 Atg7 Itgb1 Asph Akap5 Pik3r2 Cdk1 Brsk2 Cdk5r1 Birc5 Pde1c Hap1 Efcab7 Abca2 Dbn1 Appl1 Cd4 Ttc21b Tmem108 Sorbs2 Gpld1 Prkcz Tmbim1 Rasl2-9 Zfand1 Gbp4 Tnf Rufy3 Mapt Arv1 Rab23 Pak1 Stx3 Ipo5 Xpo4 Bak1 Ppard Prkci Ptpn22 Edem1 Yod1 Psen1 Pde4c Cln3 Nf2 Pde3b Pla2g6 Tmem97 Camk2d"
"GOBP_REGULATION_OF_CELLULAR_PH",0.582616466671677,0.984806781900253,1,58,0.203303841837739,10,"Car2 Slc9a9 Slc7a11 Slc9a5 Tpcn2 Lamp2 Cln6 Vma21 Cln3 Grn"
"GOBP_REGULATION_OF_CELLULAR_RESPIRATION",0.520990479010339,0.992035091769595,1,39,0.191859711870433,5,"Tefm Cbfa2t3 Slc25a33 Etfrf1 Tnf"
"GOBP_REGULATION_OF_CELLULAR_RESPONSE_TO_HYPOXIA",0.717617994264522,0.860236716192395,1,19,0.30046685819738,1,"Pik3cb"
"GOBP_REGULATION_OF_CELLULAR_RESPONSE_TO_INSULIN_STIMULUS",0.611258813296506,0.98565965583174,1,82,0.205232823376234,27,"Socs3 Marcks Socs1 Gpr21 Trib3 Slc27a4 Gpld1 Prkcz Tnf Pak1 Sco1 Ptpre Appl2 Gkap1 Ptpn1 Prkca Prkaa1 Pip4k2a Ncoa5 Ide Grb7 Inppl1 Cul3 Rps6kb2 Mapkap1 Nucks1 Ankrd26"
"GOBP_REGULATION_OF_CELLULAR_RESPONSE_TO_OXIDATIVE_STRESS",0.879486348119155,0.659405691261647,1,19,0.368241183970983,6,"Slc7a11 Aifm2 Ncoa7 Fut8 Meak7 Pnpla8"
"GOBP_REGULATION_OF_CELLULAR_RESPONSE_TO_STRESS",0.607641248987884,1,1,447,0.187927759957,95,"Kdm4d Gfi1 Creb3l1 Nacc2 Nod2 Hmga2 Map3k20 Pik3cb Mapk8ip2 App Ager Setmar Mmp14 Neo1 Slc7a11 Tigar Ddias Svip Dyrk3 Ackr3 Rtn4rl1 Polq Zfp365 Tifab Nr1h3 Aifm2 Spred2 Eya2 Cntf Ercc8 Foxm1 Plscr1 Eif2ak2 Zmpste24 Atxn7 Pmaip1 Dnmt3a Ncoa7 Fut8 Mapt Meak7 Rad51 Nbn Rnaseh2b Tlr4 Mrnip Snai1 Lrig2 Bid Eif2ak1 Rnf169 Pnpla8 Rmi2 Meaf6 Stk19 Wfs1 Igf1r Cln3 Usp14 Atf6 Riox1 Ell3 Grn Ufl1 Trim32 Smarca2 Abraxas1 Timeless Sirt6 Taf2 Znhit1 Ptprs Dnajb9 Ptpn1 Tmem33 Ppp1r10 Arl6ip5 Klhdc10 Hspa1a Mad2l2 Pcbp4 Stk25 Rnf168 Sox4 Parp3 Diaph2 Slc38a2 Bad Nfe2l2 Eya3 Supt20 Rif1 Klhl15 Serinc3 Brd8"
"GOBP_REGULATION_OF_CELLULAR_RESPONSE_TO_TRANSFORMING_GROWTH_FACTOR_BETA_STIMULUS",1.07795780340756,0.342221289103506,1,95,0.357714661573805,13,"Eng Cdkn1c Spry2 Smad3 Tgfb3 Bambi Tet1 Pbld1 Zfyve9 Tgfbr3 Spry1 Itga3 Cav2"
"GOBP_REGULATION_OF_CELLULAR_SENESCENCE",0.677950704206909,0.917526969029115,1,37,0.251554581131109,2,"Hmga2 Plk2"
"GOBP_REGULATION_OF_CELL_ACTIVATION",1.05567420182758,0.298719487795118,1,442,0.326551578713625,80,"Il15 Zap70 Il2ra Fcer1g Pik3r6 Cd27 Il12rb1 Nod2 Tcf7 Tnfrsf4 Tnfsf18 Cdkn1a Sirpa Foxp3 Pla2g4a Prdm1 Ager Tnfrsf21 Axl Sh3rf1 Klrd1 Serpine2 Il15ra Ahr Tnfrsf14 Cd59a F11r Mmp14 Lst1 Flt3 Nr4a3 Csf1r Cd55b Il2 Nrarp Cd9 Ccdc88b Gp1ba Lat Cd5 Cd276 Nr1d1 Shb Tlr6 Socs1 Clec4g Gnrh1 Mfhas1 Lag3 Raet1d Sit1 Ebi3 Il7r Slfn1 Kcnn4 Nr1h3 Jak3 Efnb1 Tnfsf9 Slc7a1 Bst1 Myb Cd160 Lilrb4a Plscr1 Milr1 Hfe Lyst Tnfaip3 Cd46 Cd274 Ubash3b Il12a Cd4 Pdcd1lg2 Plpp6 Prkcz Vcam1 Tnf Cebpb"
"GOBP_REGULATION_OF_CELL_ADHESION_MEDIATED_BY_INTEGRIN",0.915201821356088,0.618027828191168,1,25,0.36247154580835,7,"Itgb3 Epha2 Efna1 Acer2 Adam9 Ptk2 Dpp4"
"GOBP_REGULATION_OF_CELL_CELL_ADHESION",1.04462175639963,0.356728073688426,1,332,0.325087148975755,65,"Il15 Zap70 Il2ra Ccr5 Pik3r6 Cd27 Il12rb1 Tnfsf18 Kifap3 Sirpa Foxp3 Wnt4 Ager Tnfrsf21 Rap1gap Serpine2 Tnfrsf14 Cd59a Sele F11r Notch4 Nr4a3 Cd55b Il2 Nrarp Vegfa Cd9 Ccdc88b Gp1ba Cd5 Cd276 Myo10 Pde4d Shb Celsr2 Socs1 Clec4g Gnrh1 Lag3 Magi2 Il7r Slfn1 Ccl25 Jak3 Efnb1 Tnfsf9 Slc7a1 Notch1 Cd160 Hfe Tnfaip3 Pkp3 Cd46 Fstl3 Zdhhc21 Cd274 Rgcc Ubash3b Il12a Cd4 Pdcd1lg2 Prkcz Vcam1 Tnf Cebpb"
"GOBP_REGULATION_OF_CELL_CELL_ADHESION_MEDIATED_BY_CADHERIN",0.824811924005869,0.721361815754339,1,11,0.38589623978363,5,"Notch4 Vegfa Notch1 Rgcc Epcam"
"GOBP_REGULATION_OF_CELL_CYCLE_CHECKPOINT",-0.801597877641619,0.852317360565593,1,42,-0.221237054723673,6,"Ndc80 Chek2 Cdk5rap2 Nek1 Knl1 Anapc15"
"GOBP_REGULATION_OF_CELL_CYCLE_G1_S_PHASE_TRANSITION",0.835119021401825,0.819601397164578,1,129,0.270477450719633,34,"Cdkn1a Rrm2 Csf1r Stox1 Ccnd2 Ezh2 Slfn1 Haspin Ccne2 Cdkn2c Dbf4 Pkp3 Rgcc Appl1 Rptor Pagr1a Bid Mtbp Prmt2 Cacnb4 Tjp3 Ddx3x Ccnd1 Mblac1 Fbxo31 Appl2 Plpp2 Smarca2 Ccnh Ccne1 Cirbp Psme1 Klf11 Plk3"
"GOBP_REGULATION_OF_CELL_CYCLE_G2_M_PHASE_TRANSITION",0.660617275033236,0.972111969918529,1,102,0.217841275900719,23,"Creb3l1 Chmp4c Cdkn1a App Cenpf Dyrk3 Stox1 Atf5 Pdik1l Clspn Cdk1 Nabp1 Nbn Rnaseh2b Mrnip Ccnb1 Pagr1a Hus1 Ccnd1 Cdk5rap3 Mbtps1 Camk2d Wee1"
"GOBP_REGULATION_OF_CELL_CYCLE_PHASE_TRANSITION",0.620881565559323,0.999599559515467,1,336,0.193152359042444,83,"Cdkn1c Creb3l1 Chmp4c Map3k20 Cdkn1a App Setmar Bub1b Rrm2 Cenpe Csf1r Cenpf Dyrk3 Stox1 Gnb1l Atf5 Ccnd2 Pdik1l Ezh2 Clspn Slfn1 Haspin Cdk1 Ccne2 Nek11 Birc5 Xrcc3 Cdkn2c Dbf4 Pkp3 Nabp1 Rgcc Appl1 Rptor Eme1 Cdca8 Rad51 Nbn Rnaseh2b Mrnip Dna2 Ccnb1 Pagr1a Bid Mtbp Hus1 Prmt2 Cacnb4 Tjp3 Ddx3x Ccnd1 Mblac1 Fbxo31 Rad9b Appl2 Cdk5rap3 Mbtps1 Camk2d Wee1 Cep63 Ufl1 Dot1l Plpp2 Smarca2 Abraxas1 Ccnh Ccne1 Timeless Zwint Ccng1 Ppp1r10 Klhl22 Cirbp Anapc7 Incenp Psme1 Tipin Riok2 Rnf168 Klf11 Chfr Plk3 Tpra1"
"GOBP_REGULATION_OF_CELL_DIVISION",0.722750780473905,0.942886704604242,1,117,0.235743137637551,34,"Chmp4c Tgfb3 Cit Kif20a Prc1 Vegfa Map9 Mbip Kif13a Tada2a Dll1 Bbs4 Birc5 Fgf2 Cenpv Map10 Mllt3 Svil Cdca8 Pdxp Igf1r Evi2b Prdm15 Ptch1 Aspm Pkp4 Gipc1 Rab11fip4 Pin1 Incenp Plk3 Intu Birc6 Uvrag"
"GOBP_REGULATION_OF_CELL_FATE_COMMITMENT",0.845605124172184,0.712150203300646,1,28,0.328029631564603,2,"Gfi1 Tnfsf18"
"GOBP_REGULATION_OF_CELL_FATE_SPECIFICATION",1.00736665071614,0.485872790607664,1,15,0.44117427163258,8,"Gfi1 Fgf2 Gatad2a Hdac2 Mta1 Rbbp7 Mta2 Chd3"
"GOBP_REGULATION_OF_CELL_GROWTH",1.00146645215666,0.500301023479831,1,262,0.313977023900159,69,"Sema6d Ccr5 Mgll Smad3 Adam15 Osgin1 Bmpr2 Cdkn1a Il9r Bbc3 Hbegf Cit Clstn1 Serpine2 Mmp14 Sema7a Fgf13 Caprin2 Vegfa Map2 Hyal2 Rgs2 Atg7 Cxcl16 Cdkl3 Ntn1 Slc25a33 Il3ra Hspa1b Csf2rb Cntf Cdkn2c Acvrl1 Sertad2 Dbn1 Rptor Rufy3 Mapt Pak1 Dnajb2 Slc23a2 Bst2 Ptk2 Rnf157 Rasal1 Ppard Meaf6 Ddx3x Acvr1b Ifrd1 Cyfip1 Golga4 Exosc2 Supv3l1 Nf2 Sphk2 Trim32 Smarca2 St7l Jade2 Pin1 Map2k5 Sesn2 Ptprs Klhl22 Cirbp Hspa1a Tspyl2 Mad2l2"
"GOBP_REGULATION_OF_CELL_GROWTH_INVOLVED_IN_CARDIAC_MUSCLE_CELL_DEVELOPMENT",-0.859455742611923,0.678680203045685,1,20,-0.281495626458434,6,"Trip10 G6pdx Foxp1 Ep300 Rbm10 Dyrk1a"
"GOBP_REGULATION_OF_CELL_MATURATION",0.873446733483297,0.668269855712986,1,14,0.387720387594707,3,"Shb Nox1 Npr2"
"GOBP_REGULATION_OF_CELL_MIGRATION_INVOLVED_IN_SPROUTING_ANGIOGENESIS",0.87133280983502,0.678748939265366,1,24,0.347170788046305,6,"Plk2 Vegfa Tgfbr3 Pik3r2 Notch1 Fgf2"
"GOBP_REGULATION_OF_CELL_PROJECTION_ASSEMBLY",0.828181621515315,0.842742345641339,1,153,0.265633877874665,37,"Myo3b Gpm6a Tgfb3 Sh3yl1 Rap1gap Wdpcp Agrn Nrxn1 Epha2 Syne2 Neurl1a Myo10 Odf2l Bbs4 Cdc42ep4 Mns1 Zmynd10 Lima1 Hap1 Rabl3 Dbn1 Abi2 Fnbp1l Def8 Pqbp1 Icam1 Ift140 Arhgap35 Cyfip1 Bin3 Ppp1r16b Cln3 Eps8 Tmem216 Luzp1 Ift88 Trim32"
"GOBP_REGULATION_OF_CELL_PROJECTION_ORGANIZATION",0.997834362302818,0.511204481792717,1,464,0.308443925295165,120,"Sema6d Ndnf Ccr5 Gfi1 Spry2 Myo3b Gpm6a Smad3 Bmpr2 Tgfb3 App Sh3yl1 Cit Xlr3b Plxnd1 Cacna1a Rap1gap Camk1 Marcks Serpine2 Il15ra Wdpcp Numbl Sema7a Neo1 Fgf13 Caprin2 Vegfa Agrn Nrxn1 Ulk4 Dmd Arhgap33 Dlg4 Epha2 Syne2 Gorasp1 Efna1 Rtn4rl1 Tiam2 Neurl1a Myo10 Map2 Gla Katnb1 Itga3 Zfp365 Nox1 Rgs2 Magi2 Itm2c Odf2l Fes Ezh2 Lrp8 Cask Itgb1 Bbs4 Akap5 Cdkl3 Ntn1 Brsk2 Cdc42ep4 Arsb Mns1 Cdk5r1 Itpka Cntf Zmynd10 Lima1 Rbpj Srcin1 Ankrd27 Hap1 Acap3 Mov10 Serpini1 Plxnc1 Rabl3 Dbn1 Abi2 Amigo1 Fnbp1l Enc1 Rufy3 Amigo3 Mapt Dvl1 Def8 Pak1 Styxl1 Ss18l1 Pqbp1 Icam1 Lrig2 Ift140 Ptk2 Tanc2 Arhgap35 Zfp296 Prkci Igf1r Ifrd1 Fbxo31 Cyfip1 Bin3 Glce Psen1 Golga4 Ppp1r16b Camsap2 Cln3 Wls Eps8 Crtc1 Pacsin1 Ahi1 Tmem216 Luzp1 Arc"
"GOBP_REGULATION_OF_CELL_SUBSTRATE_ADHESION",1.12303179061584,0.246147524142182,1,129,0.363726328844716,29,"Ndnf Smad3 Adam15 Pik3cb Angpt2 Wnt4 Wdpcp Mmp14 Itgb3 Cass4 Vegfa Efemp2 Dmd Acer2 Trem1 Itga3 Cask Itgb1 Ccl25 Utrn Acvrl1 Bst1 Notch1 Nid1 Rell2 Tbcd Dbn1 Csf1 Prkcz"
"GOBP_REGULATION_OF_CELL_SUBSTRATE_JUNCTION_ORGANIZATION",1.07039319000409,0.367962466487936,1,51,0.37944329104541,5,"Smad3 Wnt4 Wdpcp Mmp14 Vegfa"
"GOBP_REGULATION_OF_CENTRIOLE_REPLICATION",-1.05528941497446,0.374739039665971,1,21,-0.342058126102923,5,"Plk4 Trim37 Cdk5rap2 Rbm14 Poc1b"
"GOBP_REGULATION_OF_CENTROSOME_CYCLE",-0.774070221958107,0.91747572815534,1,53,-0.202642507231718,8,"Plk4 Trim37 Mark4 Cdk5rap2 Tmem67 Wdr62 Mcph1 Rbm14"
"GOBP_REGULATION_OF_CENTROSOME_DUPLICATION",0.610214880588863,0.968192661592639,1,44,0.220562608372084,6,"Chmp4c Plk2 Nat10 Xrcc3 Mdm1 Poc1a"
"GOBP_REGULATION_OF_CHEMOTAXIS",1.12182567740518,0.26039273031126,1,102,0.369926652147931,19,"Cxcr3 Nod2 Smad3 Tnfsf18 Bmpr2 Angpt2 App Ager Gstp2 Csf1r Vegfa Agrn Zfp580 Trem1 Ccl27a Ccr1 Bst1 Notch1 Fgf2"
"GOBP_REGULATION_OF_CHOLESTEROL_EFFLUX",0.731989770552866,0.848345253970178,1,24,0.291651436301118,9,"Egf Abca8b Nr1h3 Abca2 Ttc39d Abca5 Zdhhc8 Ttc39b Ptch1"
"GOBP_REGULATION_OF_CHROMATIN_ORGANIZATION",1.02369175147248,0.45168619947381,1,28,0.397113520805565,5,"Mki67 Asb7 Cdk1 Mllt3 Samd1"
"GOBP_REGULATION_OF_CHROMOSOME_CONDENSATION",0.847180776050697,0.697789982999869,1,13,0.381920867545234,6,"Ncapd3 Ncapg2 Ccnb1 Ncaph2 Wapl Ncaph"
"GOBP_REGULATION_OF_CHROMOSOME_ORGANIZATION",0.382357844841601,1,1,205,0.121140735189132,37,"Lmna Setmar Bub1b Cit Cenpe Ncapd3 Ncapg2 Haspin Cdk1 Birc5 Nat10 Xrcc3 Cenpv Tacc3 Cdca8 Nbn Ccnb1 Rmi2 Nek2 Hdac8 Lig4 Smarca2 Parn Zwint Sirt6 Tent4b Recql4 Ncaph2 Xrcc5 Ppp1r10 Klhl22 Anapc7 Incenp Riok2 Fen1 Chfr Wapl"
"GOBP_REGULATION_OF_CHROMOSOME_SEGREGATION",-0.684116669605285,0.997448979591837,1,106,-0.160611410984529,37,"Ndc80 Fbxo5 Trip13 Cdk5rap2 Rad18 Cdc16 Knl1 Bcl7a Anapc15 Cdc27 Rad21 Cdc20 Anapc4 Smarcc1 Smc5 Smarca4 Arid2 Dync1li1 Dusp1 Kat2b Kat5 Phf10 Mad1l1 Anapc2 Rb1 Prpf4b Spc25 Zfp207 Sirt2 Lcmt1 Brd7 Csnk2a2 Gen1 Rcc2 Sirt1 Nek6 Csnk2a1"
"GOBP_REGULATION_OF_CILIUM_ASSEMBLY",0.647111384478513,0.96466623178952,1,66,0.222497472042521,20,"Wdpcp Syne2 Odf2l Bbs4 Mns1 Zmynd10 Lima1 Hap1 Rabl3 Pqbp1 Ift140 Arhgap35 Tmem216 Luzp1 Ift88 Trim32 Rab29 Evi5l Mphosph9 Intu"
"GOBP_REGULATION_OF_CILIUM_DEPENDENT_CELL_MOTILITY",0.626438517069941,0.915698459875709,1,10,0.298781878355986,4,"Tac4 Bbs4 Cfap45 Bbs2"
"GOBP_REGULATION_OF_CILIUM_MOVEMENT",0.877866307373105,0.664110230079293,1,14,0.389682223200556,7,"Tac4 Rsph4a Bbs4 Ccdc39 Cfap45 Bbs2 Cyb5d1"
"GOBP_REGULATION_OF_CIRCADIAN_RHYTHM",0.975743288799968,0.539972100010731,1,75,0.330696934351111,28,"Maged1 Noct Fbxl21 Nr1d1 Klf10 Per2 Ezh2 Atg7 Cdk1 Nr2f6 Sik1 Siah2 Srrd Phlpp1 Cry2 Crtc1 Mapk9 Timeless Sirt6 Ppargc1a Cipc Adora2a Csnk1d Prkaa1 Mta1 Ada Hdac3 Fbxw7"
"GOBP_REGULATION_OF_CIRCADIAN_SLEEP_WAKE_CYCLE",0.593967086895786,0.938395028370711,1,10,0.283294524631763,1,"Nr1d1"
"GOBP_REGULATION_OF_CLATHRIN_DEPENDENT_ENDOCYTOSIS",-0.683090441622667,0.882802547770701,1,13,-0.253663587129659,13,"Tnk2 Aak1 Dnm2 Unc119 Hip1r Ubqln2 Bmp2k Dgkd Syt11 Smap1 Wasl Ccdc32 Neu3"
"GOBP_REGULATION_OF_CYCLIN_DEPENDENT_PROTEIN_SERINE_THREONINE_KINASE_ACTIVITY",1.06576046241087,0.402052930991838,1,21,0.435390172769541,2,"Inca1 Cdkn1a"
"GOBP_REGULATION_OF_CYTOKINESIS",0.648096260310762,0.966577109081139,1,73,0.220107201375099,28,"Chmp4c Cit Kif20a Prc1 Map9 Kif13a Bbs4 Birc5 Cenpv Map10 Svil Cdca8 Pdxp Igf1r Pkp4 Gipc1 Rab11fip4 Pin1 Incenp Plk3 Birc6 Uvrag Atxn10 Entr1 Klhl9 Cul3 Brca2 Ect2"
"GOBP_REGULATION_OF_CYTOPLASMIC_PATTERN_RECOGNITION_RECEPTOR_SIGNALING_PATHWAY",1.08857796218043,0.316225165562914,1,115,0.355285890952207,30,"Nlrx1 Zdhhc1 Tlr3 Tspan6 Gbp2 Peli3 Tlr6 Aars2 Casp4 Hspa1b Slc19a1 Trim3 Tnfaip3 Eif2ak2 Rnf125 Ddx60 Zcchc3 Slc15a3 Tab1 Tlr4 Znrf1 Kcnk6 Zdhhc3 Nagk Ddx3x Ptpn22 Lamp2 Atat1 Kcnk13 Slc46a2"
"GOBP_REGULATION_OF_CYTOPLASMIC_TRANSLATION",-0.73461049342068,0.89454094292804,1,29,-0.221783056274637,2,"Cpeb2 Zfp385a"
"GOBP_REGULATION_OF_CYTOSKELETON_ORGANIZATION",0.786710962150527,0.9677742193755,1,364,0.244273130096831,76,"Myo3b Nphs1 Chmp4c Smad3 Tgfb3 Vill Wnt4 Iqgap2 Dst Cit Kif18a F11r Tmod1 Itgb3 Ckap2l Myo1f Neb Csf1r Fgf13 Map9 Agrn Diaph3 Arap3 Kiss1r Cdh5 Map2 Katnb1 Bbof1 Togaram1 Ska2 Rhoc Tmod4 Spef1 Fes Bbs4 Pik3r2 Cdc42ep4 Cdk5r1 Hspa1b Lima1 Bst1 Sorbs3 Ttc8 Mdm1 Bora Tacc3 Tbcd Atxn7 Rgcc Dbn1 Abi2 Hdgfl3 Rcc1 Svil Mapt Cep70 Pak1 Fchsd1 Icam1 Bst2 Pdxp Arhgap35 Tpx2 Tmsb15b2 Apc2 Plek Cyfip1 Arhgef10 Atat1 Ccdc15 C9orf72 Camsap2 Cln3 Trim36 Nf2 Eps8"
"GOBP_REGULATION_OF_CYTOSOLIC_CALCIUM_ION_CONCENTRATION",0.935973193509332,0.588142770719903,1,25,0.370698180849123,5,"Slc35g1 Cacna1a Cav2 Asph Marcksl1"
"GOBP_REGULATION_OF_DEFENSE_RESPONSE_TO_BACTERIUM",1.07582235646469,0.39479305740988,1,11,0.50333389946474,2,"Nod2 Unc13b"
"GOBP_REGULATION_OF_DEFENSE_RESPONSE_TO_VIRUS",1.16430956927938,0.235058430717863,1,54,0.410413076963888,5,"Il15 Il12rb1 Zdhhc1 Foxp3 Pbld1"
"GOBP_REGULATION_OF_DENDRITE_DEVELOPMENT",0.821978159723348,0.804615871008536,1,89,0.274110913830067,25,"Cit Xlr3b Marcks Numbl Caprin2 Dlg4 Gorasp1 Ezh2 Lrp8 Cask Akap5 Cdkl3 Itpka Srcin1 Ankrd27 Dbn1 Ss18l1 Pqbp1 Zfp296 Fbxo31 Cyfip1 Camsap2 Wls Crtc1 Pacsin1"
"GOBP_REGULATION_OF_DENDRITE_EXTENSION",-1.02649643360886,0.418446601941748,1,19,-0.339919154437438,4,"Cxcr4 Smurf1 Spag9 Bcl11a"
"GOBP_REGULATION_OF_DENDRITE_MORPHOGENESIS",0.950624260991989,0.579738562091503,1,65,0.327515982753654,17,"Cit Xlr3b Marcks Numbl Caprin2 Dlg4 Gorasp1 Lrp8 Cask Akap5 Cdkl3 Itpka Srcin1 Ankrd27 Dbn1 Ss18l1 Pqbp1"
"GOBP_REGULATION_OF_DENDRITIC_SPINE_DEVELOPMENT",1.0437090397155,0.411502500543596,1,66,0.358860357667433,16,"Plk2 Xlr3b Camk1 Marcks Caprin2 Il2 Efna1 Neurl1a Lrp8 Cask Itpka Srcin1 Dbn1 D16Ertd472e Tanc2 Cpeb3"
"GOBP_REGULATION_OF_DENDRITIC_SPINE_MAINTENANCE",-0.84898281151528,0.646894904458599,1,11,-0.330397282066045,3,"Fcgr2b Apoe Homer1"
"GOBP_REGULATION_OF_DEPHOSPHORYLATION",0.776464032427334,0.792469802107427,1,16,0.336353836009938,1,"Smad3"
"GOBP_REGULATION_OF_DNA_BINDING",1.14523136316058,0.309249702262803,1,12,0.525507573518968,2,"Egf Hmga2"
"GOBP_REGULATION_OF_DNA_BINDING_TRANSCRIPTION_FACTOR_ACTIVITY",0.73895548369501,0.947368421052632,1,169,0.235841846673625,38,"Gfi1 Tssk4 Nod2 Hmga2 Tnfsf18 Foxp3 Ager Hmgn3 Tgfbr3 Camk2a Ezh2 Esr1 Hspa1b Il1rap Traf1 Nlrc5 Rnf25 Sik1 Eif2ak2 Prkcz Tnf Trim30d Tlr4 Icam1 Prmt2 Trim30c Prkci Nfkbil1 Thra Igf1r Fosl1 Hmox1 Cdk5rap3 Crtc1 Mtdh Hck Ufl1 Lpar5"
"GOBP_REGULATION_OF_DNA_BIOSYNTHETIC_PROCESS",0.995496483140877,0.501717844105647,1,74,0.337746928761955,17,"Egf Ccna2 Cdkn1a Ahr Vegfa Nat10 Fgf2 Polg2 Rfc3 Tnf Meaf6 Camk2d Sh2b1 Parn Jade2 Tent4b Gfer"
"GOBP_REGULATION_OF_DNA_DAMAGE_CHECKPOINT",0.547471127365655,0.975792578029,1,22,0.221706084630749,1,"Map3k20"
"GOBP_REGULATION_OF_DNA_DAMAGE_RESPONSE_SIGNAL_TRANSDUCTION_BY_P53_CLASS_MEDIATOR",0.694817358458174,0.894636471990465,1,29,0.268247985655662,13,"Dyrk3 Spred2 Zmpste24 Pmaip1 Snai1 Znhit1 Pcbp4 Sox4 Cops3 Mif Psmd10 Pttg1ip Atr"
"GOBP_REGULATION_OF_DNA_METABOLIC_PROCESS",0.57569844467257,1,1,407,0.178297248113517,139,"Kdm4d Gfi1 Egf Hmga2 Lmna Ccna2 Cdkn1a Foxp3 Ager Setmar Ahr Il2 Vegfa Tigar Polq Stox1 Zfp365 Atg7 Cdk1 Eya2 Nat10 Dbf4 Fgf2 Ercc8 Foxm1 Zmpste24 Atxn7 Polg2 Rfc3 Tnf Endog Rad51 Nbn Mrnip Apaf1 Dna2 Pagr1a Rnf169 Rmi2 Meaf6 Stk19 Igf1r Nek2 Hdac8 Riox1 Camk2d Sh2b1 Faf1 Smarca2 Abraxas1 Mlh1 Parn Timeless Sirt6 Jade2 Tent4b Taf2 Xrcc5 Cst3 Ppp1r10 Gfer Tspyl2 Mad2l2 Atf1 Tipin Rnf168 Wapl Parp3 Eya3 Supt20 Rif1 Klhl15 Brd8 Gmnn Taf6l Cdk2 Terf2 Slc15a4 Trim28 Mre11a Inppl1 Pias4 Morf4l2 Upf1 Helq Epc2 Ercc4 Naf1 Msh2 Nfatc1 Nucks1 Dhx36 Taf7 Exosc3 Rnf8 Ehmt2 Chtf18 Uimc1 Brca1 Cyren Bcl7b Bax Ddx39b Cacybp Rtel1 Taf5l Kat2a Terf2ip Nsd2 Gtpbp4 Ing3 Smc3 Mrgbp Wrnip1 Ino80b Atr Ruvbl1 Kat7 Supt7l Stn1 Kctd13 Fignl1 Taf6 Nudt16l1 Orc3 Tada3 Atrip Exosc10 Pkib Ylpm1 Tfdp1 Babam2 Lig3 Ndfip1 Gnl3 Pbrm1 Smarcad1 Ube2v2 Baz1a"
"GOBP_REGULATION_OF_DNA_RECOMBINATION",0.437209140496506,1,1,116,0.142653417963542,5,"Gfi1 Foxp3 Il2 Polq Zfp365"
"GOBP_REGULATION_OF_DNA_REPAIR",0.559545016762213,0.999798285426122,1,206,0.177235569948636,66,"Kdm4d Gfi1 Hmga2 Ager Setmar Tigar Polq Zfp365 Eya2 Ercc8 Foxm1 Atxn7 Rad51 Nbn Mrnip Rnf169 Rmi2 Meaf6 Stk19 Riox1 Smarca2 Abraxas1 Timeless Sirt6 Taf2 Mad2l2 Rnf168 Parp3 Eya3 Supt20 Rif1 Klhl15 Brd8 Taf6l Trim28 Mre11a Pias4 Morf4l2 Helq Epc2 Taf7 Rnf8 Uimc1 Brca1 Cyren Bcl7b Rtel1 Taf5l Kat2a Terf2ip Nsd2 Ing3 Mrgbp Ino80b Atr Ruvbl1 Kat7 Supt7l Fignl1 Taf6 Nudt16l1 Tada3 Atrip Babam2 Pbrm1 Ube2v2"
"GOBP_REGULATION_OF_DNA_REPLICATION",0.635439117583252,0.97946071202865,1,90,0.211724957128324,45,"Ccna2 Ager Atg7 Cdk1 Dbf4 Zmpste24 Endog Dna2 Meaf6 Faf1 Timeless Jade2 Cst3 Tspyl2 Atf1 Tipin Wapl Gmnn Cdk2 Inppl1 Nucks1 Ehmt2 Cacybp Gtpbp4 Smc3 Wrnip1 Ino80b Atr Ruvbl1 Kat7 Stn1 Kctd13 Orc3 Lig3 Baz1a Pds5a Smarca5 Yy1 Zbtb38 Actr8 Jade1 Rad17 Senp2 Ticrr Uchl5"
"GOBP_REGULATION_OF_DNA_STRAND_ELONGATION",-1.1145815130337,0.302486187845304,1,17,-0.379859783301466,17,"Ino80d Ruvbl2 Actr5 Pot1b Tfpt Actl6a Nfrkb Ino80c Ino80e Ino80 Mcrs1 Uchl5 Actr8 Yy1 Ruvbl1 Ino80b Nucks1"
"GOBP_REGULATION_OF_DNA_TEMPLATED_DNA_REPLICATION",0.789184295272523,0.78173018753781,1,25,0.312561497103714,9,"Ager Atg7 Dbf4 Zmpste24 Endog Timeless Tipin Gmnn Cdk2"
"GOBP_REGULATION_OF_DNA_TEMPLATED_TRANSCRIPTION_ELONGATION",-0.594961213906878,1,1,98,-0.141363754350926,97,"Ints4 Cdc73 Zc3h4 Med18 Med4 Ints12 Vhl Ints11 Med24 Ell Ppp2ca Axin1 Recql5 Ercc6 Eaf1 Ppp1ca Brd4 Med14 Zmynd11 Med9 Ccar2 Ints6 Ldb1 Hnrnpu Eapp Nelfcd Ccnt1 Supt5 Zc3h8 Ints13 Med20 Med7 Eaf2 Cbx7 Cdk13 Ccnk Tox4 Cdk9 Ncbp1 Ell2 Ppp2r1a Ints1 Scaf8 Med25 Eloc Ikzf1 Setd5 Wdr82 Parp1 Med10 Med30 Nelfa Med21 Supt4a Med23 Ints5 Ctnnb1 Ncbp2 Ints8 Med31 Map2k1 Med16 Med1 Med27 Nelfb Cdk7 Med28 Kat7 Nelfe Wdr43 Rnf8 Hexim1 Pwwp2a Med19 Ccnt2 Cdk12 Ints3 Med8 Med11 Med15 Med29 Rnf168 Med6 Zmynd8 Ppp1r10 Supt16 Sirt6 Ell3 Leo1 Gtf2f1 Ints9 Zfp326 Med26 Zc3h6 Med22 Ints14 Med17"
"GOBP_REGULATION_OF_DNA_TEMPLATED_TRANSCRIPTION_INITIATION",-0.588877379330142,1,1,79,-0.144359019845913,16,"Paxip1 Taf13 Med18 Med4 Taf3 Foxo1 Ctnnbip1 Myc Psmc6 Med24 Tbp Gtf2a1 Ercc6 Taf8 Ercc1 Xpa"
"GOBP_REGULATION_OF_DOUBLE_STRAND_BREAK_REPAIR",0.758028863526239,0.91655533860857,1,130,0.245396263663736,5,"Kdm4d Gfi1 Hmga2 Ager Setmar"
"GOBP_REGULATION_OF_DOUBLE_STRAND_BREAK_REPAIR_VIA_HOMOLOGOUS_RECOMBINATION",0.50755073958258,0.999464036874263,1,76,0.171847944425844,24,"Gfi1 Polq Zfp365 Rad51 Mrnip Rmi2 Meaf6 Timeless Sirt6 Mad2l2 Rif1 Klhl15 Brd8 Pias4 Morf4l2 Helq Epc2 Rnf8 Rtel1 Terf2ip Ing3 Mrgbp Ruvbl1 Fignl1"
"GOBP_REGULATION_OF_D_GLUCOSE_IMPORT",0.557370254727843,0.988561721404304,1,46,0.200215323650344,15,"Rnasel Repin1 Esr1 Hk2 Appl1 Tnf Erbb3 Prkci Appl2 Ahi1 Sirt6 Prkca Nfe2l2 C2cd5 Capn10"
"GOBP_REGULATION_OF_D_GLUCOSE_TRANSMEMBRANE_TRANSPORT",0.815416128358972,0.784489434671977,1,56,0.286015321270937,20,"Fabp5 Nr4a3 Rnasel Repin1 Esr1 Trib3 Hk2 Appl1 Tnf Erbb3 Ctnnd1 Prkci Appl2 Ahi1 Sirt6 Prkca Nfe2l2 C2cd5 Capn10 Stxbp4"
"GOBP_REGULATION_OF_EARLY_ENDOSOME_TO_LATE_ENDOSOME_TRANSPORT",-0.920626006265394,0.558471454880295,1,17,-0.313757936187027,6,"Mapk3 Msn Sh3glb1 Rab21 Snx3 Rdx"
"GOBP_REGULATION_OF_EMBRYONIC_DEVELOPMENT",1.03341496278028,0.430489293243093,1,55,0.363323732718795,6,"Wnt4 Tenm4 Wdpcp Mbip Noct Tada2a"
"GOBP_REGULATION_OF_ENDOCRINE_PROCESS",1.00822059623962,0.484840665720552,1,15,0.441548255418989,3,"Apln Acvr2a Kcnn4"
"GOBP_REGULATION_OF_ENDOPLASMIC_RETICULUM_STRESS_INDUCED_INTRINSIC_APOPTOTIC_SIGNALING_PATHWAY",0.806693668642414,0.764243146603099,1,29,0.311440048266339,2,"Creb3l1 App"
"GOBP_REGULATION_OF_ENDOPLASMIC_RETICULUM_UNFOLDED_PROTEIN_RESPONSE",-1.03433419727009,0.407926829268293,1,28,-0.314480158370219,3,"Ficd Nck2 Ern1"
"GOBP_REGULATION_OF_ENDOSOME_SIZE",-0.770792664778862,0.75875796178344,1,11,-0.299968147794235,11,"Snapin Rab5a Chmp3 Borcs7 Bloc1s1 Als2 Kxd1 Borcs5 Bloc1s2 Borcs8 Borcs6"
"GOBP_REGULATION_OF_ENDOTHELIAL_CELL_DEVELOPMENT",1.05451234883201,0.42415182633563,1,14,0.468094871660965,6,"S1pr2 F11r Vegfa Cdh5 Zdhhc21 Tnf"
"GOBP_REGULATION_OF_ENDOTHELIAL_CELL_DIFFERENTIATION",1.18456132937147,0.235160905840286,1,29,0.457323333421896,11,"Tmem100 S1pr2 F11r Notch4 Vegfa Cdh5 Apold1 Acvrl1 Notch1 Zdhhc21 Tnf"
"GOBP_REGULATION_OF_ENDOTHELIAL_CELL_MIGRATION",1.04259506883047,0.406649884623453,1,97,0.345322505278557,22,"Egf Pik3cb Angpt2 Sema4a Ager Plk2 Itgb3 Angpt1 Vegfa Zfp580 Epha2 Efna1 Tgfbr3 Pik3r2 Acvrl1 Nos3 Notch1 Fgf2 Rhob Rgcc Gpld1 Tnf"
"GOBP_REGULATION_OF_EPIDERMIS_DEVELOPMENT",0.878986005817775,0.66388557806913,1,29,0.339349935072654,9,"Krt10 Errfi1 Dll1 Ezh2 Notch1 Tmem79 Ppard Sgpp1 Ptch1"
"GOBP_REGULATION_OF_EPITHELIAL_CELL_APOPTOTIC_PROCESS",0.936102866894985,0.583343094763969,1,35,0.351001709188062,16,"Ager Wfs1 Igf1r Hmox1 Mst1 Trim32 Itgb3bp Cflar Ppargc1a Bad Prkaa1 Capn10 Mdk Carm1 Pias4 Hdac3"
"GOBP_REGULATION_OF_ERAD_PATHWAY",0.4813836053722,0.990808360614455,1,19,0.201555452413303,1,"Svip"
"GOBP_REGULATION_OF_ERBB_SIGNALING_PATHWAY",1.03077732494087,0.438844086021505,1,50,0.366480963280071,10,"Spry2 Mvb12b Zfyve28 Rhbdf1 Errfi1 Ralb Spry1 Esr1 Rbpj Hap1"
"GOBP_REGULATION_OF_ERYTHROCYTE_DIFFERENTIATION",0.610281018987915,0.966319165998396,1,42,0.222261169433672,3,"Isg15 Acvr2a P4htm"
"GOBP_REGULATION_OF_ER_TO_GOLGI_VESICLE_MEDIATED_TRANSPORT",-0.837548274786601,0.664212678936605,1,12,-0.317920429876954,2,"Pgap1 Rint1"
"GOBP_REGULATION_OF_ESTABLISHMENT_OF_CELL_POLARITY",-0.846765809736025,0.673572744014733,1,17,-0.288585691788423,8,"Plekhg3 Flot2 Gsn Ripor2 Kif20b Rack1 Rap1b Dock8"
"GOBP_REGULATION_OF_ESTABLISHMENT_OF_PROTEIN_LOCALIZATION",0.820680174601371,0.946673336668334,1,392,0.254330950905054,118,"Egf Sec16b Tgfb3 Bbc3 App Camk2n1 Kif3a Hmgn3 Camk1 Rhbdf1 Rapgefl1 Stom Neo1 Gnao1 Angpt1 Slc7a11 Unc13b Derl3 Nrxn1 Svip Nr1d1 Myom1 Glrx Ffar2 Hyal2 Per2 4930550C14Rik Trpm4 Prr5l Mdfic Cask Atg7 Kcnn4 Asph Akap5 Pik3r2 Cdk1 Nr1h3 Brsk2 Cdk5r1 Birc5 Rxra Srcin1 Pde1c Tm7sf3 Efcab7 Pmaip1 Il12a Rptor Gpld1 Prkcz Rasl2-9 Zfand1 Gbp4 Tnf Sirt4 Rufy3 Mapt Rab23 Pak1 Idua Tlr4 Adam9 Ipo5 Pfkfb2 Xpo4 Ppard Ptpn22 Srebf1 Edem1 Yod1 Psen1 Pde4c Dnajc1 Cln3 Wls Pde3b Ahi1 Pla2g6 Tmem97 Aacs Cep131 Ndufaf2 Sirt6 Tent2 Pkig Nedd1 Ptpn23 Ptpn1 Rab29 Mpc2 Pck2 Oaz2 Sergef Adora2a Sox4 Plk3 Ifi27 Bad Mrgpre C2cd5 Zdhhc2 Nfkbia Prkaa1 Capn10 Fyn Stxbp4 Gapvd1 Gnaq Rsad2 Ubr5 Ppm1f Arrb1 Lypla1 Zc3h12a Prnp Trim28 Jup"
"GOBP_REGULATION_OF_ESTABLISHMENT_OF_PROTEIN_LOCALIZATION_TO_MITOCHONDRION",1.04471310751015,0.431062808037407,1,18,0.441638208624745,5,"Bbc3 4930550C14Rik Pmaip1 Mapt Srebf1"
"GOBP_REGULATION_OF_ESTABLISHMENT_OR_MAINTENANCE_OF_CELL_POLARITY",0.747855581469847,0.828809760956175,1,20,0.309222268602309,3,"Kif3a Wdpcp Cdh5"
"GOBP_REGULATION_OF_EXECUTION_PHASE_OF_APOPTOSIS",1.06545266694744,0.40191570881226,1,17,0.45607864637541,1,"Cxcr3"
"GOBP_REGULATION_OF_EXOCYTOSIS",0.733371084290665,0.93764125744812,1,129,0.237523438248917,32,"Fcer1g Cacna1h Gab2 Cacna1a Cplane2 Unc13b Glrx Abr Fes Cask Rab3d Cbarp Notch1 Cd160 Hap1 Rab2b Tpcn2 Stxbp5 Bcr Dvl1 D6Wsu163e Cacnb4 Fbxo45 Rab27a Hmox1 Rab37 C9orf72 Pla2g6 Sphk2 Sdc4 Doc2a Stam"
"GOBP_REGULATION_OF_EXOSOMAL_SECRETION",-0.748273259778258,0.81203984408835,1,14,-0.271764237355635,14,"Smpd3 Atp13a2 Vps4a Hgs Snf8 Pdcd6ip Vps4b Sdcbp Rab7 Tsg101 Chmp2a Sdc1 Stam Sdc4"
"GOBP_REGULATION_OF_EXTRACELLULAR_MATRIX_ORGANIZATION",1.14056253375229,0.287999052244995,1,31,0.435680556040603,15,"Smad3 Itgb3 Efemp2 Tgfbr3 Chadl Notch1 Nid1 Rgcc Tnfrsf1b Dpp4 Lamb2 Cflar Cst3 Mad2l2 Colgalt1"
"GOBP_REGULATION_OF_EXTRINSIC_APOPTOTIC_SIGNALING_PATHWAY_IN_ABSENCE_OF_LIGAND",0.858649909566515,0.694451088256398,1,28,0.33309000315463,10,"Jak3 Hspa1b Eya2 Tnf Ctnna1 Map2k5 Hspa1a Ripk1 Eya3 Fyn"
"GOBP_REGULATION_OF_EXTRINSIC_APOPTOTIC_SIGNALING_PATHWAY_VIA_DEATH_DOMAIN_RECEPTORS",0.798148513908846,0.783764788567412,1,35,0.299274259779983,10,"Trps1 Tnfaip3 Pmaip1 Tmbim1 Tnfrsf23 Icam1 Ddx3x Hmox1 Faf1 Cflar"
"GOBP_REGULATION_OF_FATTY_ACID_BETA_OXIDATION",0.90115757568357,0.627497684266243,1,12,0.413510445303188,8,"Mtln Mlycd Acsl5 Etfbkmt Irs2 Abcd1 Akt2 Lonp2"
"GOBP_REGULATION_OF_FATTY_ACID_BIOSYNTHETIC_PROCESS",0.733765179462787,0.862012416539768,1,35,0.27513304492744,2,"Fabp5 Pla2g4a"
"GOBP_REGULATION_OF_FATTY_ACID_METABOLIC_PROCESS",0.57949820749528,0.989931796037675,1,68,0.198547873116111,23,"Fabp5 Pla2g4a Mtln Nr1h3 Trib3 Tpk1 Sirt4 Ppard Srebf1 Appl2 Mapk9 Mlycd Ubr4 Ppargc1a Dgat1 Scap Plaa Pdk1 Acsl5 Bckdk Pank2 Etfbkmt Ankrd26"
"GOBP_REGULATION_OF_FATTY_ACID_OXIDATION",0.939728828670289,0.574944348256245,1,21,0.383903054674908,9,"Mtln Sirt4 Ppard Appl2 Mlycd Ppargc1a Dgat1 Acsl5 Etfbkmt"
"GOBP_REGULATION_OF_FATTY_ACID_TRANSPORT",0.745064448067496,0.826137239784117,1,16,0.322751955938902,3,"Pla2g4a Repin1 Hrh2"
"GOBP_REGULATION_OF_FAT_CELL_DIFFERENTIATION",0.954840067096865,0.584131035949798,1,80,0.321194475272165,28,"Smad3 Dkkl1 Metrnl Vegfa Noct Nr1d1 Trpm4 Jdp2 Lpin1 Trib3 Tgfb1i1 Bbs12 Tnf Cebpb Mmp11 Ppard Atat1 Ift88 Aamdc Sirt6 Pin1 Trib2 Alms1 Rreb1 Cbx4 Creb1 Zc3h12a Carm1"
"GOBP_REGULATION_OF_FC_RECEPTOR_MEDIATED_STIMULATORY_SIGNALING_PATHWAY",0.759425718519348,0.794098187111288,1,12,0.348474534879677,3,"Plscr1 Appl1 Appl2"
"GOBP_REGULATION_OF_FEEDING_BEHAVIOR",1.07072844980332,0.392771388853785,1,18,0.45263583953846,9,"Ahr Nr4a3 Ttc21b Qrfp Ift88 Dgat1 Gpr171 Ankrd26 Stat3"
"GOBP_REGULATION_OF_GAMMA_DELTA_T_CELL_ACTIVATION",0.66019297545467,0.891755987825857,1,12,0.302940016965642,1,"Tcf7"
"GOBP_REGULATION_OF_GENERATION_OF_PRECURSOR_METABOLITES_AND_ENERGY",0.590640901551495,0.992290060429256,1,104,0.194437114156394,19,"Pask App Tigar Tefm Cbfa2t3 Cdk1 Slc25a33 Uchl1 Rbpj Gapdhs Rptor Etfrf1 Tnf Pfkfb1 Ccnb1 Zbtb20 Khk Psen1 Epm2aip1"
"GOBP_REGULATION_OF_GENE_SILENCING_BY_REGULATORY_NCRNA",0.756248420439456,0.829320619785459,1,29,0.291964662322656,9,"Dnd1 Zmpste24 Dgcr8 Tent2 Ripk1 Elob Tnrc6c Bcdin3d Stat3"
"GOBP_REGULATION_OF_GLIAL_CELL_APOPTOTIC_PROCESS",0.742762159907997,0.812753309916239,1,10,0.354262816320859,2,"Cers6 Dll1"
"GOBP_REGULATION_OF_GLIAL_CELL_MIGRATION",0.590016740477343,0.940286409078627,1,10,0.281410394121111,4,"Csf1 Fas Fubp1 Vim"
"GOBP_REGULATION_OF_GLIAL_CELL_PROLIFERATION",1.09393381295602,0.35092316855271,1,30,0.420530865497142,15,"Atxn1 Plag1 Notch1 Myb Tnf Ptk2 Lta Prkci Ski Ufl1 Tspo Dicer1 Creb1 Fas Runx2"
"GOBP_REGULATION_OF_GLIOGENESIS",1.15407794661519,0.234539969834087,1,71,0.393343016641589,25,"Hmga2 Egr2 Atxn1 Tenm4 Serpine2 Clcn2 Csf1r Plag1 Nr1d1 Zfp365 Atf5 Ezh2 Notch1 Myb Tnf Tnfrsf1b Ptk2 Lta Prkci Nf2 Ski Ufl1 Tspo Dicer1 Hdac2"
"GOBP_REGULATION_OF_GLUCONEOGENESIS",-0.911517502474506,0.640552995391705,1,41,-0.252511387658203,4,"Xpc Zfp692 Nln Foxo1"
"GOBP_REGULATION_OF_GLUCOSE_METABOLIC_PROCESS",-0.815597882040892,0.888583218707015,1,70,-0.205639561995657,3,"Sorbs1 Xpc Zfp692"
"GOBP_REGULATION_OF_GLUTAMATE_SECRETION",-0.777741579273114,0.739615384615385,1,10,-0.309817660641771,10,"Kmo Dpysl2 Dtnbp1 Nr3c1 Rab3gap1 Gabbr1 P2rx7 Stxbp1 Slc38a2 Adora2a"
"GOBP_REGULATION_OF_GLYCOGEN_BIOSYNTHETIC_PROCESS",-1.12308280777817,0.295939086294416,1,20,-0.367840812348801,4,"Sorbs1 Ppp1r3f 1810024B03Rik Gfpt1"
"GOBP_REGULATION_OF_GLYCOGEN_METABOLIC_PROCESS",-1.06666997370504,0.356042654028436,1,26,-0.329317829730467,10,"Sorbs1 Ppp1r3f 1810024B03Rik Gfpt1 Ppp1r3e Ppp1ca Inpp5k Rubcnl Ppp1cb Pomc"
"GOBP_REGULATION_OF_GLYCOLYTIC_PROCESS",0.833167184607547,0.734637194769124,1,38,0.307988726300235,20,"App Tigar Cbfa2t3 Uchl1 Gapdhs Rptor Pfkfb1 Zbtb20 Psen1 Sirt6 Ppargc1a Prkaa1 Ddit4 Hdac4 P2rx7 Stat3 Hif1a Prkag2 Slc2a6 Mtch2"
"GOBP_REGULATION_OF_GLYCOPROTEIN_METABOLIC_PROCESS",1.16486214045184,0.255731505554243,1,32,0.442912907245512,8,"Il15 Hbegf Pxylp1 Acer2 Itm2c Jak3 Abca2 Ramp1"
"GOBP_REGULATION_OF_GOLGI_ORGANIZATION",0.614840116467903,0.934721151374968,1,16,0.266340516843103,5,"Ehd3 Usp6nl Camsap2 Stx18 Akap9"
"GOBP_REGULATION_OF_GRANULOCYTE_CHEMOTAXIS",0.962025432213363,0.545906883070726,1,31,0.367481626678566,8,"Nod2 Tnfsf18 Csf1r Trem1 Bst1 Csf1 Ptk2 Dpp4"
"GOBP_REGULATION_OF_GRANULOCYTE_DIFFERENTIATION",0.892299490858228,0.639727997907676,1,13,0.402261011218167,1,"Zbtb46"
"GOBP_REGULATION_OF_GROWTH",1.07093993809375,0.263205282112845,1,386,0.332002246327253,114,"Sema6d Ccr5 Mgll Smad3 Adam15 Hmga2 Osgin1 Cacna2d2 Bmpr2 Cdkn1a Il9r Bbc3 Hbegf App Cit Clstn1 Colq Ccnb2 Serpine2 Ahr Mmp14 Flt3 Sema7a Fgf13 Caprin2 Vegfa Wwc1 Agrn Lin7b Tgfbr3 Map2 Hyal2 Rgs2 Ccnd2 Socs2 Dll1 Atg7 Cxcl16 Bbs4 Cdk1 Cdkl3 Ntn1 Slc25a33 Il3ra Hspa1b Csf2rb Cntf Rbpj Cdkn2c Gpr21 Acvrl1 Eppk1 Sertad2 Notch1 Fgf2 Gpat4 Zmpste24 Dbn1 Csf1 Rptor Rufy3 Mapt Pak1 Sod1 Dnajb2 Slc23a2 Ccnb1 Bst2 Mbd5 Ptk2 Rnf157 Fgf20 Rasal1 Selenop Socs6 Ppard Meaf6 Wfs1 Ddx3x Acvr1b Lgmn Igf1r Ifrd1 Cyfip1 Golga4 Cited2 Exosc2 Supv3l1 Nf2 Ahi1 Sphk2 Dcaf1 Ptch1 Trim32 Smarca2 St7l Gh Gpam Dusp6 Jade2 Pin1 Atrn Map2k5 Sesn2 Mycbp2 Ptprs Alms1 Bbs2 Hdac2 Klhl22 Cirbp Hspa1a Tspyl2 Mad2l2"
"GOBP_REGULATION_OF_GTPASE_ACTIVITY",0.632787087074318,0.987979274611399,1,114,0.206794060570588,22,"Spry2 Rgs1 Rap1gap Gnao1 Epha2 Spry1 Abr Mmut Ccdc125 Ezh2 Itgb1 Bbs4 Tbc1d2 Ttc8 Pip5k1a Bcr Icam1 Usp6nl Arhgap35 Rab3gap2 Apc2 Ralgapb"
"GOBP_REGULATION_OF_HAIR_CYCLE",-1.02884410063018,0.405944798301486,1,13,-0.382058171598898,3,"Ngfr Hpse Tert"
"GOBP_REGULATION_OF_HEART_GROWTH",0.857769529062676,0.711791383219955,1,45,0.309025922470061,15,"Ahr Tgfbr3 Rgs2 Ccnd2 Cdk1 Rbpj Notch1 Fgf2 Pak1 Ccnb1 Fgf20 Cited2 Dusp6 Pin1 Hdac2"
"GOBP_REGULATION_OF_HEART_RATE",0.977554812854812,0.520909844805118,1,31,0.373413654947612,6,"Scn2b Apln Kcnj2 Dmd Pde4d Trpm4"
"GOBP_REGULATION_OF_HEMATOPOIETIC_PROGENITOR_CELL_DIFFERENTIATION",0.592661324654991,0.965643881056747,1,31,0.226389178872963,9,"Vegfa Notch1 Myb Eif2ak2 Mettl3 Sos1 Fnip1 Znhit1 Nfe2l2"
"GOBP_REGULATION_OF_HEMATOPOIETIC_STEM_CELL_DIFFERENTIATION",-0.619727300133929,0.936730360934183,1,13,-0.230133874543348,3,"Pus7 Ap2a2 Kat5"
"GOBP_REGULATION_OF_HEMOPOIESIS",1.01857878467457,0.446092184368737,1,305,0.31789248856756,55,"Il15 Zap70 Il2ra Zbtb46 Pik3r6 Cd27 Car2 Tcf7 Tnfsf18 Isg15 Foxp3 Tjp2 Prdm1 Ager Axl Sh3rf1 Il15ra Mmp14 Itgb3 Flt3 Csf1r Il2 Nrarp Clec2g Tmem176b Mitf Acvr2a P4htm Klf10 Shb Tmem176a Socs1 Lag3 Dll1 Fes Il7r Atg7 Jak3 Ccr1 Hspa1b Tnfsf9 Myb Lilrb4a Cd46 Fstl3 Cd101 Ubash3b Il12a Csf1 Cd4 Rptor Prkcz Tcta Tnf Cebpb"
"GOBP_REGULATION_OF_HEPATOCYTE_PROLIFERATION",-0.650518600505572,0.903885480572597,1,12,-0.246926845104397,3,"Il18 Ceacam1 Lims1"
"GOBP_REGULATION_OF_HETEROCHROMATIN_ORGANIZATION",0.977252784836288,0.532234863345103,1,13,0.440559136782556,2,"Asb7 Cdk1"
"GOBP_REGULATION_OF_HETEROTYPIC_CELL_CELL_ADHESION",0.596534485664934,0.938467645891227,1,12,0.273729309348481,5,"Ager Tnfaip3 Tnf Lck Map2k5"
"GOBP_REGULATION_OF_HIPPO_SIGNALING",-0.811072920449596,0.839432412247946,1,39,-0.227285341714483,13,"Ptpn14 Ptpn21 Sike1 Mapk14 Ppp2ca Nuak2 Kpnb1 Strn4 Ywhab Prpf4b Limd1 Stk4 Sirt1"
"GOBP_REGULATION_OF_HOMOTYPIC_CELL_CELL_ADHESION",-1.10277182727807,0.313841201716738,1,22,-0.35337563529829,4,"Lgals1 Zfp703 Plaur Syk"
"GOBP_REGULATION_OF_HORMONE_LEVELS",1.00618939876447,0.48741602326281,1,274,0.315001340734072,90,"Abcb1b Cacna1h Corin Pask Hmga2 Wnt4 Slc39a14 Camk2n1 Cacna1a Hmgn3 Selenom Clcn2 Slc18a2 Apln Gnao1 Nrxn1 Acvr2a Kiss1r Nr1d1 Glrx Ffar2 Per2 Bco2 Trpm4 Dhrs3 Slco4a1 Cask Atg7 Kcnn4 Brsk2 Esr1 Scarb1 Birc5 Cntf Pde1c Myb H6pd Rdh10 Ildr1 Tm7sf3 Rdh9 Hfe Zmpste24 Hsd17b7 Rptor Gpld1 Tnf Sirt4 Hsd17b1 Rdh5 Retsat Afp Ctns Pfkfb2 Star Ppard Srebf1 Igf1r Aldh1a3 Cry2 Pde4c Rdh13 Naglu Pde3b Pla2g6 Aacs Plekha1 Tspo Ndufaf2 Gh Sirt6 Ppargc1a Mpc2 Pck2 Dgat1 Sox4 Disp1 Bad Mrgpre Hsd17b4 Hsd17b12 Creb1 Adm Atp6ap2 Capn10 Slc16a10 Stxbp4 Ide Gnaq Dhrs7"
"GOBP_REGULATION_OF_HORMONE_SECRETION",0.905737966284038,0.711829925745092,1,152,0.290637117706438,28,"Pask Hmga2 Camk2n1 Hmgn3 Apln Gnao1 Nrxn1 Acvr2a Kiss1r Nr1d1 Glrx Ffar2 Per2 Trpm4 Cask Atg7 Brsk2 Birc5 Cntf Pde1c Myb Ildr1 Tm7sf3 Hfe Rptor Gpld1 Tnf Sirt4"
"GOBP_REGULATION_OF_HUMORAL_IMMUNE_RESPONSE",1.14814138002817,0.291367796190947,1,21,0.469044866501726,8,"Nod2 Cd59a Ppl Cd55b Cfp Cd46 Tnf Lta"
"GOBP_REGULATION_OF_HUMORAL_IMMUNE_RESPONSE_MEDIATED_BY_CIRCULATING_IMMUNOGLOBULIN",1.130369539908,0.326568758344459,1,11,0.528854327054253,4,"Nod2 Cd46 Tnf Lta"
"GOBP_REGULATION_OF_HYDROGEN_PEROXIDE_MEDIATED_PROGRAMMED_CELL_DEATH",0.713144020560078,0.844325767690254,1,11,0.333651330623047,3,"Glrx Endog Trap1"
"GOBP_REGULATION_OF_HYDROGEN_PEROXIDE_METABOLIC_PROCESS",0.44884534707946,0.993324432576769,1,11,0.209996638798725,2,"Mpv17l Ctns"
"GOBP_REGULATION_OF_HYDROLASE_ACTIVITY",0.853090711919837,0.805841050167905,1,151,0.273800307524675,32,"Timp2 Spry2 Smad3 Rgs1 Rap1gap Serpine2 Gnao1 Ecm1 Epha2 Spry1 Abr Camk2a Mmut Rhoc Ccdc125 Ezh2 Itgb1 Bbs4 Nos3 Tbc1d2 Ttc8 Slc27a4 Pip5k1a Apoa2 Prkcz Bcr Icam1 Usp6nl Arhgap35 Rab3gap2 Apc2 Ralgapb"
"GOBP_REGULATION_OF_IMMUNE_EFFECTOR_PROCESS",1.06484560801456,0.315625939661221,1,278,0.333210167398613,63,"Fcer1g Pik3r6 Cd27 Nod2 Tnfrsf4 Gab2 Tnfsf18 Tgfb3 H2-Q2 Foxp3 Ager Tlr3 Klrd1 Ahr Tnfrsf14 Cd59a Ppl 6030468B19Rik Sema7a Nr4a3 Klrb1c Cd55b Il2 Angpt1 Serpinb9 Fzd5 Dnase1 Shb Abr Ffar2 Clec4g Tlr7 Lag3 Raet1d Trpm4 Cfp Fes Il7r Jak3 Ighg3 Klrb1f Cd160 Lilrb4a Hfe Tnfaip3 Pkp3 Cd46 Cd274 Apoa2 Il12a Appl1 Ddx60 Prkcz Bcr Tnf Tnfrsf1b Tlr4 D6Wsu163e Zpbp2 Bst2 Pagr1a Bid Lta"
"GOBP_REGULATION_OF_IMMUNOGLOBULIN_PRODUCTION",0.837477137452442,0.763873775843308,1,64,0.288823683239046,5,"Cd27 Tnfrsf4 Foxp3 6030468B19Rik Il2"
"GOBP_REGULATION_OF_INCLUSION_BODY_ASSEMBLY",-0.983666414017201,0.46747572815534,1,19,-0.325736207894749,3,"Sacs Hspa2 Apoe"
"GOBP_REGULATION_OF_INFLAMMASOME_MEDIATED_SIGNALING_PATHWAY",0.84035137842636,0.738159675236806,1,47,0.300754588629938,12,"Zdhhc1 Gbp2 Tlr6 Casp4 Eif2ak2 Tlr4 Kcnk6 Ddx3x Ptpn22 Lamp2 Atat1 Kcnk13"
"GOBP_REGULATION_OF_INFLAMMATORY_RESPONSE_TO_ANTIGENIC_STIMULUS",1.0764540354498,0.387611749680715,1,17,0.460787902272447,6,"Fcer1g Nod2 Ighg3 Tnf Lta Mkrn2"
"GOBP_REGULATION_OF_INSULIN_RECEPTOR_SIGNALING_PATHWAY",0.552166976260332,0.995598024479278,1,74,0.187336372909427,28,"Socs3 Marcks Socs1 Gpr21 Trib3 Slc27a4 Prkcz Tnf Pak1 Ptpre Gkap1 Ptpn1 Mzb1 Prkca Prkaa1 Pip4k2a Ncoa5 Ide Grb7 Inppl1 Rps6kb2 Mapkap1 Nucks1 Ankrd26 Zbtb7b C1qtnf12 Atp6v0c Atp6v1a"
"GOBP_REGULATION_OF_INSULIN_SECRETION",0.823276311349141,0.827300072606576,1,113,0.269306807200378,37,"Camk2n1 Hmgn3 Gnao1 Nrxn1 Nr1d1 Glrx Ffar2 Per2 Trpm4 Cask Atg7 Brsk2 Birc5 Pde1c Tm7sf3 Rptor Gpld1 Tnf Sirt4 Pfkfb2 Ppard Srebf1 Pde4c Pde3b Pla2g6 Aacs Ndufaf2 Sirt6 Mpc2 Pck2 Sox4 Bad Mrgpre Capn10 Stxbp4 Gnaq Arrb1"
"GOBP_REGULATION_OF_INTRACELLULAR_ESTROGEN_RECEPTOR_SIGNALING_PATHWAY",-0.596717496740395,0.980769230769231,1,29,-0.180152381901587,5,"Ufm1 Uba5 Hdac6 Ufsp2 Cnot9"
"GOBP_REGULATION_OF_INTRACELLULAR_PROTEIN_TRANSPORT",0.814979719772038,0.85354104745311,1,136,0.263230714540697,50,"Sec16b Kif3a Camk1 Angpt1 Derl3 Svip Hyal2 Prr5l Mdfic Asph Akap5 Pik3r2 Cdk1 Efcab7 Rasl2-9 Zfand1 Gbp4 Rufy3 Rab23 Ipo5 Xpo4 Ptpn22 Edem1 Yod1 Psen1 Cep131 Sirt6 Pkig Ptpn1 Rab29 Oaz2 Plk3 Ifi27 Zdhhc2 Nfkbia Ubr5 Zc3h12a Trim28 Jup Tm9sf4 Epm2a Hdac3 Ect2 Ctdspl2 Gripap1 Kif5b Brca1 Ice1 Hcls1 Pdcd10"
"GOBP_REGULATION_OF_INTRACELLULAR_STEROID_HORMONE_RECEPTOR_SIGNALING_PATHWAY",0.499560904827016,0.998038147138965,1,63,0.172586725609311,10,"Hmga2 Dnaaf4 Kdm5d Trim68 Pak1 Pagr1a Prmt2 Cry2 Shq1 Ufl1"
"GOBP_REGULATION_OF_INTRACELLULAR_TRANSPORT",0.601259548272111,0.998892914653784,1,222,0.189735709462731,59,"Sec16b Kif3a Camk1 Angpt1 Derl3 Svip Map2 Nefh Hyal2 Reep2 Prr5l Mdfic Asph Akap5 Pik3r2 Cdk1 Hap1 Efcab7 Abca2 Dbn1 Ttc21b Rasl2-9 Zfand1 Gbp4 Rufy3 Mapt Arv1 Rab23 Ipo5 Xpo4 Ptpn22 Edem1 Yod1 Psen1 Nf2 Tmem97 Cep131 Sirt6 Stx18 Pkig Ptpn23 Ptpn1 Rab29 Oaz2 Riok2 Plk3 Ifi27 Sar1a Stk11 Zdhhc2 Nfkbia Ldlrap1 Ubr5 Zc3h12a Trim28 Nus1 Jup Nrde2 Tm9sf4"
"GOBP_REGULATION_OF_INTRINSIC_APOPTOTIC_SIGNALING_PATHWAY",0.694962525588963,0.968559218559219,1,150,0.223088472946039,58,"Creb3l1 Nacc2 Pik3cb Bbc3 App Siah1b Ddias Ackr3 Nox1 S100a8 Tifab Fgf2 Plscr1 Prodh Pmaip1 Sod1 Styxl1 Snai1 Bid Wfs1 Ddx3x Lck Ell3 Cep63 Trim32 Trap1 Ptpn1 Hdac2 Hspa1a Bad Nfe2l2 Serinc3 G2e3 Fyn Pias4 Fbxw7 Ddit3 Creb3 Mif Stat3 Steap3 Hyou1 Becn1 Bax Bag5 Bclaf1 Hif1a Pttg1ip Hells Ptpmt1 Mtch2 Parl Fignl1 Taf6 P4hb Ptpn2 Usp47 Fis1"
"GOBP_REGULATION_OF_INTRINSIC_APOPTOTIC_SIGNALING_PATHWAY_BY_P53_CLASS_MEDIATOR",-0.878483419593186,0.693548387096774,1,29,-0.265219105129769,11,"Zfp385a Knl1 Myc Cd44 Sh3glb1 Rrm2b Sirt1 Bcl2l12 Trp53bp1 Usp15 Cd74"
"GOBP_REGULATION_OF_INTRINSIC_APOPTOTIC_SIGNALING_PATHWAY_IN_RESPONSE_TO_DNA_DAMAGE",0.817093631629051,0.754388031570267,1,33,0.309048679613177,8,"Nacc2 Ddias Ackr3 Plscr1 Snai1 Bid Ell3 Trim32"
"GOBP_REGULATION_OF_INTRINSIC_APOPTOTIC_SIGNALING_PATHWAY_IN_RESPONSE_TO_DNA_DAMAGE_BY_P53_CLASS_MEDIATOR",-1.14983121104529,0.266349068860979,1,14,-0.417605464412867,3,"Zfp385a Knl1 Cd44"
"GOBP_REGULATION_OF_IRE1_MEDIATED_UNFOLDED_PROTEIN_RESPONSE",-1.10117378191848,0.333461538461538,1,10,-0.438658667822403,1,"Ficd"
"GOBP_REGULATION_OF_ISOTYPE_SWITCHING",0.515962309872901,0.990811638591118,1,33,0.195152017374646,2,"Foxp3 Il2"
"GOBP_REGULATION_OF_JUN_KINASE_ACTIVITY",0.623987844843778,0.94958283671037,1,29,0.240902850821677,8,"Ager Fzd5 Tlr6 Tnf Ptpn22 Map3k5 Magi3 Vangl2"
"GOBP_REGULATION_OF_KERATINOCYTE_DIFFERENTIATION",0.910701998657317,0.617627827906368,1,13,0.410557117482995,3,"Errfi1 Notch1 Sgpp1"
"GOBP_REGULATION_OF_KERATINOCYTE_PROLIFERATION",0.855383803562646,0.695265127080377,1,15,0.374613678380936,3,"Klf9 Cask Eppk1"
"GOBP_REGULATION_OF_KETONE_BIOSYNTHETIC_PROCESS",1.16956489609795,0.273832875637505,1,13,0.52725610919841,5,"Dkkl1 Wnt4 Clcn2 H6pd Sirt5"
"GOBP_REGULATION_OF_KETONE_METABOLIC_PROCESS",0.8299613025506,0.793620616814533,1,87,0.27737297860577,23,"Fabp5 Dkkl1 Pla2g4a Wnt4 Clcn2 Mtln Nr1d1 Nr1h3 Trib3 H6pd Rdh10 Rdh9 Sirt5 Tpk1 Sirt4 Star Ppard Srebf1 Appl2 Mapk9 Mlycd Ubr4 Ppargc1a"
"GOBP_REGULATION_OF_KINASE_ACTIVITY",0.945967928334814,0.653278441610603,1,259,0.296716877713232,59,"Pik3r6 Spry2 Inca1 Maged1 Egf Tnfrsf4 Hmga2 Cdkn1a Ager Gstp2 Zfyve28 Itgb3 Cenpe Csf1r Cass4 Angpt1 Tom1l1 Prkar2a Fzd5 Errfi1 Tigar Dbndd2 Shb Stox1 Tlr6 Spry1 Ezh2 Lrp8 Adarb1 Ksr1 Cdk5r1 Srcin1 Cdkn2c Trib3 Fgf2 Ccnyl1 Nlrc5 Ubash3b Csf1 Abi2 Prkcz Prkrip1 Tnf Tab1 Tlr4 Mrnip Deptor Ccnb1 Ptpn22 Tpx2 Map3k5 Akt1s1 Psen1 Cdk5rap3 Camkk1 Higd1a Nf2 Bccip Mst1"
"GOBP_REGULATION_OF_LAMELLIPODIUM_ASSEMBLY",0.646898839949904,0.928081779915815,1,27,0.252722031101144,4,"Epha2 Abi2 Cyfip1 Bin3"
"GOBP_REGULATION_OF_LAMELLIPODIUM_ORGANIZATION",-0.759632015571258,0.896232650363516,1,33,-0.222673051535429,5,"Carmil1 Cd44 Abi3 Atp7a Dnm2"
"GOBP_REGULATION_OF_LEUKOCYTE_ADHESION_TO_VASCULAR_ENDOTHELIAL_CELL",1.18232687959368,0.246375030720079,1,22,0.478799794410585,6,"Sele Gp1ba Ccl25 Zdhhc21 Tnf Icam1"
"GOBP_REGULATION_OF_LEUKOCYTE_CHEMOTAXIS",0.91967610612286,0.635464231354642,1,66,0.316213890866945,15,"Nod2 Tnfsf18 App Csf1r Vegfa Zfp580 Trem1 Ccl27a Ccr1 Bst1 Il12a Csf1 Ptk2 Dpp4 Lgmn"
"GOBP_REGULATION_OF_LEUKOCYTE_DEGRANULATION",0.950002616942912,0.566414559205861,1,32,0.361217354697283,9,"Fcer1g Gab2 Abr Fes Cd160 Bcr D6Wsu163e Hmox1 Sphk2"
"GOBP_REGULATION_OF_LEUKOCYTE_DIFFERENTIATION",1.09403799865609,0.243922041390396,1,248,0.343667397034609,48,"Il15 Zap70 Il2ra Zbtb46 Pik3r6 Cd27 Car2 Tcf7 Tnfsf18 Foxp3 Tjp2 Prdm1 Ager Axl Sh3rf1 Il15ra Mmp14 Itgb3 Flt3 Csf1r Il2 Nrarp Clec2g Tmem176b Mitf Klf10 Shb Tmem176a Socs1 Lag3 Fes Il7r Jak3 Ccr1 Tnfsf9 Lilrb4a Cd46 Fstl3 Cd101 Ubash3b Il12a Csf1 Cd4 Rptor Prkcz Tcta Tnf Cebpb"
"GOBP_REGULATION_OF_LEUKOCYTE_MEDIATED_IMMUNITY",0.991432895231434,0.527449196239005,1,188,0.315179547870666,42,"Fcer1g Pik3r6 Nod2 Gab2 H2-Q2 Foxp3 Ager Tlr3 Klrd1 Ahr 6030468B19Rik Klrb1c Cd55b Il2 Serpinb9 Fzd5 Dnase1 Abr Clec4g Lag3 Raet1d Trpm4 Fes Il7r Jak3 Ighg3 Klrb1f Cd160 Hfe Cd46 Cd274 Il12a Prkcz Bcr Tnf Tnfrsf1b Tlr4 D6Wsu163e Bst2 Pagr1a Bid Lta"
"GOBP_REGULATION_OF_LIPID_BIOSYNTHETIC_PROCESS",0.917188813722773,0.673538810431914,1,124,0.29798166079417,39,"Fabp5 Gfi1 Dkkl1 Pla2g4a Wnt4 Clcn2 Slc27a1 Nr1d1 Atg7 Hsd17b13 Lpin1 Nr1h3 Scarb1 Trib3 H6pd Rdh10 Rdh9 Abca2 Sik1 Capn2 Rptor Gpld1 Tnf Sirt4 Snai1 Star Zbtb20 Srebf1 Igf1r Armc5 Mbtps1 Pla2g6 Sphk2 Mapk9 Tspo Ubr4 Gh Gpam Ppargc1a"
"GOBP_REGULATION_OF_LIPID_CATABOLIC_PROCESS",0.8364323218684,0.737812608044255,1,40,0.306824736252026,16,"Mtln Hpgd Scarb1 Apoa2 Gpld1 Tnf Thra Pde3b Mlycd Sirt6 Pik3cg Prkaa1 Crtc3 Acsl5 Etfbkmt Daglb"
"GOBP_REGULATION_OF_LIPID_LOCALIZATION",0.80759958945814,0.829135180520571,1,93,0.26838734002333,25,"Egf Pla2g4a Ikbke Itgb3 Abcb4 Abca8b Repin1 Hrh2 Nr1h3 Scarb1 Myb Itgav Abca2 Apoa2 Ttc39d Arv1 Abca5 Zdhhc8 Ppard Cry2 Ttc39b Pla2g6 Tmem97 Mapk9 Ptch1"
"GOBP_REGULATION_OF_LIPID_METABOLIC_PROCESS",0.822458880276352,0.883863819500403,1,214,0.260041927261607,58,"Fabp5 Gfi1 Dkkl1 Pla2g4a Wnt4 Clcn2 Slc27a1 Mtln Nr1d1 Hpgd Tm6sf2 Atg7 Hsd17b13 Lpin1 Bbs4 Nr1h3 Esr1 Scarb1 Trib3 H6pd Rdh10 Rdh9 Abca2 Sik1 Zmpste24 Capn2 Apoa2 Rptor Gpld1 Tpk1 Ttc39d Tnf Sirt4 Arv1 Snai1 Star Zbtb20 Ppard Apobec1 Thra Srebf1 Igf1r Fmo5 Appl2 Ttc39b Pde3b Armc5 Mbtps1 Pla2g6 Sphk2 Mapk9 Mlycd Tspo Ubr4 Gh Gpam Sirt6 Ppargc1a"
"GOBP_REGULATION_OF_LIPID_STORAGE",1.04714901848155,0.41676632384597,1,28,0.406213132946668,8,"Ikbke Itgb3 Nr1h3 Scarb1 Itgav Ttc39d Ppard Ttc39b"
"GOBP_REGULATION_OF_LIPID_TRANSPORT",0.778011256722456,0.856761375774407,1,78,0.262649221358877,22,"Egf Pla2g4a Itgb3 Abcb4 Abca8b Repin1 Hrh2 Nr1h3 Myb Itgav Abca2 Apoa2 Ttc39d Arv1 Abca5 Zdhhc8 Cry2 Ttc39b Pla2g6 Tmem97 Mapk9 Ptch1"
"GOBP_REGULATION_OF_LIPOPOLYSACCHARIDE_MEDIATED_SIGNALING_PATHWAY",0.987709070683278,0.507803992740472,1,25,0.391188506518716,11,"Sirpa Prdm1 Cd55b Tnfaip3 Trim30d Trim30c Nfkbil1 Cd180 Prkca Ly96 Cd84"
"GOBP_REGULATION_OF_LIPOPROTEIN_PARTICLE_CLEARANCE",0.794550526874775,0.756649464073045,1,12,0.364592110247364,5,"Itgb3 Itgav Gpld1 Cnpy2 Lrpap1"
"GOBP_REGULATION_OF_LONG_TERM_SYNAPTIC_DEPRESSION",0.811119018564429,0.737917222963952,1,11,0.379489881476028,2,"Iqsec2 Ager"
"GOBP_REGULATION_OF_LONG_TERM_SYNAPTIC_POTENTIATION",0.992767258636708,0.496962477665277,1,30,0.381640342008977,14,"App Ager Akap5 Nrgn Pak1 Cpeb3 Lgmn Crtc1 Arc Adora2a 2510002D24Rik Zdhhc2 Creb1 Prnp"
"GOBP_REGULATION_OF_LOW_DENSITY_LIPOPROTEIN_PARTICLE_CLEARANCE",0.674346359696593,0.876654958119427,1,10,0.321631678963594,3,"Itgb3 Itgav Cnpy2"
"GOBP_REGULATION_OF_LYMPHOCYTE_ACTIVATION",0.975198218595563,0.590172137710168,1,377,0.302595617759497,62,"Il15 Zap70 Il2ra Pik3r6 Cd27 Il12rb1 Nod2 Tcf7 Tnfrsf4 Tnfsf18 Cdkn1a Sirpa Foxp3 Prdm1 Ager Tnfrsf21 Axl Sh3rf1 Klrd1 Il15ra Ahr Tnfrsf14 Cd59a Mmp14 Lst1 Flt3 Csf1r Cd55b Il2 Nrarp Ccdc88b Lat Cd5 Cd276 Shb Socs1 Clec4g Gnrh1 Lag3 Raet1d Sit1 Ebi3 Il7r Slfn1 Jak3 Efnb1 Tnfsf9 Slc7a1 Bst1 Cd160 Lilrb4a Hfe Lyst Tnfaip3 Cd46 Cd274 Il12a Cd4 Pdcd1lg2 Prkcz Vcam1 Cebpb"
"GOBP_REGULATION_OF_LYMPHOCYTE_CHEMOTAXIS",-1.0383598762438,0.401635991820041,1,12,-0.39414542201346,2,"Padi2 Ccr7"
"GOBP_REGULATION_OF_LYMPHOCYTE_DIFFERENTIATION",1.05252925284523,0.380701398743158,1,168,0.335913748607016,16,"Il15 Zap70 Il2ra Pik3r6 Cd27 Tcf7 Tnfsf18 Foxp3 Prdm1 Axl Sh3rf1 Il15ra Mmp14 Flt3 Il2 Nrarp"
"GOBP_REGULATION_OF_LYMPHOCYTE_MEDIATED_IMMUNITY",0.982241600381751,0.542778569973518,1,144,0.315837934428476,32,"Fcer1g Pik3r6 Nod2 H2-Q2 Foxp3 Ager Klrd1 Ahr 6030468B19Rik Klrb1c Cd55b Il2 Serpinb9 Fzd5 Clec4g Lag3 Raet1d Trpm4 Il7r Ighg3 Klrb1f Cd160 Hfe Cd46 Cd274 Il12a Prkcz Tnf Tnfrsf1b Pagr1a Bid Lta"
"GOBP_REGULATION_OF_LYMPHOCYTE_MIGRATION",0.940143737590563,0.584467120181406,1,45,0.338702618733553,5,"Aire App Tnfrsf14 Itgb3 Ecm1"
"GOBP_REGULATION_OF_LYMPHOID_PROGENITOR_CELL_DIFFERENTIATION",0.628588522962304,0.917089452603471,1,11,0.294091222886556,4,"Notch1 Sos1 Fnip1 Znhit1"
"GOBP_REGULATION_OF_LYSOSOMAL_LUMEN_PH",0.753135095928288,0.819243057262227,1,22,0.304992583115241,10,"Slc7a11 Lamp2 Cln6 Vma21 Cln3 Grn Atp6ap2 Tmem175 Atp6v0c Tmem165"
"GOBP_REGULATION_OF_LYSOSOME_ORGANIZATION",0.422544023946644,0.99597036266736,1,14,0.187566026020925,4,"Laptm4b Grn Fnip1 Igtp"
"GOBP_REGULATION_OF_MACROAUTOPHAGY",-0.653405682665553,1,1,132,-0.148818224390958,22,"Ikbkg Chek2 Adrb2 Irgm2 Mapk3 Rnf41 Mtm1 Lrsam1 Scoc Pik3r4 Nod1 Hdac6 Sptlc2 Vps13d Tlr2 Atp6v0a1 Qsox1 Snx4 Atg5 Gpsm1 Kat5 Wdr24"
"GOBP_REGULATION_OF_MACROPHAGE_ACTIVATION",1.14330713379872,0.280361757105943,1,34,0.430311500626115,7,"Pla2g4a Nr1d1 Tlr6 Mfhas1 Raet1d Kcnn4 Nr1h3"
"GOBP_REGULATION_OF_MACROPHAGE_CHEMOTAXIS",0.781550719145466,0.786932895235688,1,18,0.330389900415252,6,"Tnfsf18 Csf1r Trem1 Csf1 Ptk2 Mst1"
"GOBP_REGULATION_OF_MACROPHAGE_DIFFERENTIATION",0.748539606713807,0.817829957424848,1,15,0.327821469516919,1,"Zbtb46"
"GOBP_REGULATION_OF_MACROPHAGE_MIGRATION",1.08169066146343,0.367813326918451,1,26,0.425059490953383,6,"Tnfsf18 Mmp14 Csf1r Cd9 Abr Trem1"
"GOBP_REGULATION_OF_MAMMARY_GLAND_EPITHELIAL_CELL_PROLIFERATION",-0.875162764125825,0.636639237765266,1,14,-0.317849045180613,1,"Zfp703"
"GOBP_REGULATION_OF_MAP_KINASE_ACTIVITY",0.872485207917253,0.718210108380728,1,75,0.295700915227178,11,"Pik3r6 Spry2 Maged1 Ager Fzd5 Tlr6 Spry1 Ezh2 Ksr1 Trib3 Fgf2"
"GOBP_REGULATION_OF_MAST_CELL_ACTIVATION",1.04503736265547,0.436760691537762,1,14,0.463888953690244,6,"Nr4a3 Lilrb4a Plscr1 Milr1 Ptpre Sphk2"
"GOBP_REGULATION_OF_MAST_CELL_DEGRANULATION",0.954871652579365,0.553387056157139,1,19,0.399805032378417,2,"Fcer1g Gab2"
"GOBP_REGULATION_OF_MEGAKARYOCYTE_DIFFERENTIATION",-1.00523592739593,0.434819532908705,1,13,-0.373291347261622,4,"Mturn Eif6 Rbm15 Cib1"
"GOBP_REGULATION_OF_MEIOTIC_CELL_CYCLE",-0.856418548022598,0.744709897610922,1,35,-0.246282506061959,6,"Cdc25a Fbxo5 Trip13 Cdc25b Lfng Knl1"
"GOBP_REGULATION_OF_MEIOTIC_NUCLEAR_DIVISION",0.817205841649244,0.740806268166309,1,18,0.345462616855455,2,"Wnt4 Rps6ka2"
"GOBP_REGULATION_OF_MEMBRANE_DEPOLARIZATION",0.855481795990437,0.699115044247788,1,28,0.331861019200526,4,"Hcn3 Scn2b Clcn2 Trpm4"
"GOBP_REGULATION_OF_MEMBRANE_INVAGINATION",0.76658353762302,0.790520694259012,1,11,0.358653525778383,1,"Ager"
"GOBP_REGULATION_OF_MEMBRANE_LIPID_DISTRIBUTION",1.16034246855859,0.256608565162184,1,39,0.427307178648574,13,"Abcb1b Ano7 Tlcd2 Abcb4 Atp10a Plscr3 Kcnn4 Tlcd1 Rft1 Plscr1 Abca2 Abcc1 Arv1"
"GOBP_REGULATION_OF_MEMBRANE_PERMEABILITY",0.892328580041805,0.673726009265387,1,57,0.312112597535901,14,"Tjp2 F11r Laptm4b Apold1 Camk2a Mpv17l Eya2 Hk2 Pmaip1 Erbb3 Bid Bak1 Tmem14a Them4"
"GOBP_REGULATION_OF_MESENCHYMAL_CELL_PROLIFERATION",0.919076466160323,0.604857363145721,1,16,0.398131635296852,2,"Lmna Vegfa"
"GOBP_REGULATION_OF_METAL_ION_TRANSPORT",1.07088139505792,0.327804187316678,1,190,0.340362214451902,37,"Cxcr3 Egf Tmc1 Akap7 Scn2b Serpine2 Ahr Itgb3 Fgf13 Gnao1 Agrn Kcnj2 Plp1 Dmd Kcng1 Pde4d Tmem38b Best1 Atp2c2 Camk2a Kcnc1 Cask Wnk3 Kcnn4 Asph Akap5 Cbarp Jak3 Ccr1 Nos3 Hfe Mettl21c Sik1 Ubash3b Cd4 Tmem38a Amigo1"
"GOBP_REGULATION_OF_METAPHASE_PLATE_CONGRESSION",0.71270255946198,0.849993500584947,1,14,0.316366530437798,3,"Cdk1 Birc5 Cdca8"
"GOBP_REGULATION_OF_MICROGLIAL_CELL_ACTIVATION",1.16926298658894,0.281196241894932,1,12,0.53653486505306,2,"Nr1d1 Kcnn4"
"GOBP_REGULATION_OF_MICROTUBULE_BASED_PROCESS",0.944612970077516,0.644300727566694,1,196,0.299693161676803,51,"Chmp4c Plk2 Dst Kif3a Kif18a Ckap2l Fgf13 Map9 Agrn Diaph3 Tac4 Rsph4a Cdh5 Map2 Nefh Katnb1 Bbof1 Togaram1 Atf5 Ska2 Spef1 Fes Bbs4 Cdk5r1 Hspa1b Nat10 Xrcc3 Hap1 Mdm1 Poc1a Bora Map10 Tacc3 Tbcd Atxn7 Ttc21b Hdgfl3 Rcc1 Rufy3 Mapt Cep70 Pak1 Ccdc39 Cfap45 Tpx2 Apc2 Memo1 Atat1 Ccdc15 Camsap2 Trim36"
"GOBP_REGULATION_OF_MICROTUBULE_CYTOSKELETON_ORGANIZATION",1.0163747053044,0.461601896711679,1,124,0.330205752778982,27,"Chmp4c Dst Kif18a Ckap2l Fgf13 Map9 Agrn Diaph3 Cdh5 Map2 Katnb1 Bbof1 Togaram1 Ska2 Spef1 Fes Cdk5r1 Hspa1b Bora Tacc3 Tbcd Atxn7 Hdgfl3 Rcc1 Mapt Cep70 Pak1"
"GOBP_REGULATION_OF_MICROTUBULE_NUCLEATION",-0.845458371894923,0.653264331210191,1,11,-0.329025681539418,2,"Nme7 Git1"
"GOBP_REGULATION_OF_MICROTUBULE_POLYMERIZATION",-0.804496651018864,0.859049207673061,1,44,-0.220183498068076,6,"Nme7 Gba2 Stmn1 Cdk5rap2 Arl2 Git1"
"GOBP_REGULATION_OF_MICROTUBULE_POLYMERIZATION_OR_DEPOLYMERIZATION",0.929002035808482,0.621816227834498,1,73,0.315508745684671,18,"Dst Ckap2l Fgf13 Diaph3 Cdh5 Map2 Katnb1 Bbof1 Togaram1 Ska2 Spef1 Fes Hspa1b Tbcd Atxn7 Hdgfl3 Mapt Pak1"
"GOBP_REGULATION_OF_MIRNA_METABOLIC_PROCESS",0.712094676607624,0.911176987263944,1,59,0.247930249500169,15,"Smad3 App Apln Esr1 Myb Tnf Ppard Srebf1 Fosl1 Zfp512b Rc3h2 Tent2 Dicer1 Hdac2 Pnpt1"
"GOBP_REGULATION_OF_MITOCHONDRIAL_DEPOLARIZATION",-0.96626674832175,0.483759203118233,1,14,-0.350936963880798,1,"Ngfr"
"GOBP_REGULATION_OF_MITOCHONDRIAL_FISSION",-0.750112398915183,0.879032258064516,1,29,-0.226463169081959,6,"Irgm2 Myo19 Mfn1 Aurka Tmem135 Mfn2"
"GOBP_REGULATION_OF_MITOCHONDRIAL_FUSION",-0.564125519967432,0.974014724989173,1,14,-0.204883897297401,3,"Mfn1 Tfrc Yme1l1"
"GOBP_REGULATION_OF_MITOCHONDRIAL_GENE_EXPRESSION",0.48507597469638,0.995036634365398,1,32,0.184439344989259,12,"Tefm Mtg2 Taco1 Ddx3x Malsu1 Prkaa1 Mpv17l2 Mtg1 Rmnd1 Fastkd2 Sirt3 Kat8"
"GOBP_REGULATION_OF_MITOCHONDRIAL_MEMBRANE_PERMEABILITY",0.560210208199541,0.987768969422424,1,46,0.201235475333475,13,"Camk2a Mpv17l Eya2 Hk2 Pmaip1 Bid Bak1 Tmem14a Them4 Hspa1a Bad Mul1 Slc25a4"
"GOBP_REGULATION_OF_MITOCHONDRIAL_MEMBRANE_PERMEABILITY_INVOLVED_IN_APOPTOTIC_PROCESS",0.532336605521813,0.987827936658,1,32,0.202409148170458,10,"Camk2a Mpv17l Eya2 Bid Bak1 Tmem14a Them4 Hspa1a Mul1 Slc25a4"
"GOBP_REGULATION_OF_MITOCHONDRIAL_MEMBRANE_POTENTIAL",0.695844960444913,0.929332463579039,1,66,0.239253625181218,12,"Smad3 Mtln Stox1 Bco2 Tspan4 Slc25a33 Pmaip1 Mapt Sod1 Bid Ctns Bak1"
"GOBP_REGULATION_OF_MITOCHONDRIAL_OUTER_MEMBRANE_PERMEABILIZATION_INVOLVED_IN_APOPTOTIC_SIGNALING_PATHWAY",0.604350370662079,0.938201522384209,1,15,0.264674073137302,5,"Mpv17l Bak1 Tmem14a Hspa1a Mul1"
"GOBP_REGULATION_OF_MITOCHONDRIAL_TRANSLATION",-0.671127223313057,0.933186085035892,1,23,-0.213265007230791,4,"Mettl8 Fastkd3 Rpusd4 Ngrn"
"GOBP_REGULATION_OF_MITOCHONDRION_ORGANIZATION",0.728483381622608,0.928377248013384,1,101,0.240481927542494,29,"Lmna Bbc3 Stox1 4930550C14Rik Plscr3 Mpv17l Ddhd2 Inf2 Pmaip1 Msto1 Tnfsf10 Endog Wdr35 Mapt Bid Bak1 Bmf Higd1a Tmem14a Pla2g6 Moap1 Ppargc1a Hspa1a Bad Adck1 Mul1 Prkaa1 Igtp Fas"
"GOBP_REGULATION_OF_MITOTIC_CELL_CYCLE",0.772160452030477,0.977682145716573,1,375,0.239592104350612,73,"Timp2 Cdkn1c Creb3l1 Egf Chmp4c Map3k20 Ttll12 Cdkn1a App Setmar Bub1b Rrm2 Cenpe Tom1l1 Asah2 Mki67 Cenpf Shb Stox1 Ccdc8 Ccnd2 Pdik1l Ezh2 Cav2 Clspn Slfn1 Haspin Cdk1 Cul9 Esr1 Ccne2 Nek11 Nusap1 Birc5 Xrcc3 Cdkn2c Dbf4 Foxm1 Bora Pim2 Sik1 Zmpste24 Nabp1 Rgcc Ttc28 Appl1 Rptor Eme1 Rcc1 Tnf Cdca8 Cdca2 Nbn Rnaseh2b Mrnip Ccnb1 Thap1 Btg3 Pdxp Bid Mtbp Hus1 Prmt2 Nle1 Cacnb4 Tjp3 Ddx3x Ccnd1 Mblac1 Lgmn Igf1r Fbxo31 Rad9b"
"GOBP_REGULATION_OF_MITOTIC_CELL_CYCLE_PHASE_TRANSITION",0.556115501782189,1,1,263,0.174317048783477,62,"Cdkn1c Creb3l1 Chmp4c Cdkn1a App Bub1b Rrm2 Cenpe Cenpf Stox1 Ccnd2 Pdik1l Ezh2 Clspn Slfn1 Haspin Cdk1 Ccne2 Nek11 Birc5 Xrcc3 Cdkn2c Dbf4 Nabp1 Rgcc Appl1 Rptor Cdca8 Nbn Rnaseh2b Mrnip Ccnb1 Bid Mtbp Hus1 Prmt2 Cacnb4 Tjp3 Ddx3x Ccnd1 Mblac1 Fbxo31 Appl2 Cdk5rap3 Mbtps1 Camk2d Wee1 Smarca2 Abraxas1 Ccnh Ccne1 Zwint Ccng1 Klhl22 Anapc7 Incenp Psme1 Riok2 Klf11 Chfr Plk3 Tpra1"
"GOBP_REGULATION_OF_MITOTIC_CYTOKINESIS",0.629663556595675,0.919797218250357,1,14,0.279505765902788,3,"Map9 Birc5 Cdca8"
"GOBP_REGULATION_OF_MITOTIC_NUCLEAR_DIVISION",0.932685660732713,0.619205298013245,1,78,0.314865833170619,22,"Egf Bub1b Cenpe Tom1l1 Mki67 Ccdc8 Cav2 Haspin Cul9 Esr1 Nusap1 Birc5 Xrcc3 Bora Rcc1 Tnf Cdca8 Cdca2 Ccnb1 Pdxp Mtbp Igf1r"
"GOBP_REGULATION_OF_MITOTIC_SISTER_CHROMATID_SEGREGATION",-0.816327215475751,0.843915343915344,1,47,-0.218496190067314,8,"Ndc80 Fbxo5 Trip13 Cdk5rap2 Knl1 Anapc15 Rad21 Cdc20"
"GOBP_REGULATION_OF_MITOTIC_SPINDLE_ASSEMBLY",1.02157084804526,0.45944949619071,1,22,0.413699392665428,10,"Chmp4c Hspa1b Rcc1 Nat9 Hspa1a Chmp1b Chmp4b Ccsap Chmp7 Cep97"
"GOBP_REGULATION_OF_MODIFICATION_OF_POSTSYNAPTIC_ACTIN_CYTOSKELETON",0.983467366076693,0.523912456092948,1,10,0.469067943511208,5,"Marcks Dip2a Ptk2 Cyfip1 Amot"
"GOBP_REGULATION_OF_MODIFICATION_OF_SYNAPTIC_STRUCTURE",0.695661327397015,0.887071557426338,1,27,0.271771925934983,7,"Marcks Rhob Pdxp Dip2a Ptk2 Cyfip1 Cln3"
"GOBP_REGULATION_OF_MONOATOMIC_ION_TRANSMEMBRANE_TRANSPORT",1.09348204860508,0.287250228217872,1,162,0.349653132375884,41,"Cxcr3 Tmc1 Grin2d Akap7 Ehd3 Ahr Clcn2 Itgb3 Stom Fgf13 Agrn Kcnj2 Plp1 Dmd Kcng1 Pde4d Tmem38b Kcnc1 Wnk3 Kcnn4 Asph Akap5 Cbarp Mettl21c Ubash3b Taco1 Cd4 Tmem38a Amigo1 Nipsnap2 Fxyd4 Kcnab1 Bak1 Cacnb4 Ptpn22 Sco1 Selenon Plcg1 Sphk2 Camk2d Arc"
"GOBP_REGULATION_OF_MONOCYTE_CHEMOTAXIS",1.09890480337632,0.3630181770629,1,13,0.495401557400301,3,"Tnfsf18 App Ccr1"
"GOBP_REGULATION_OF_MONOCYTE_DIFFERENTIATION",1.15855838340771,0.287694520727083,1,13,0.522294220314551,4,"Zbtb46 Fes Csf1 Cd4"
"GOBP_REGULATION_OF_MONONUCLEAR_CELL_MIGRATION",1.09785735286739,0.310666242982735,1,84,0.367852614198692,14,"Aire Tnfsf18 App Ager Tnfrsf14 Mmp14 Itgb3 Csf1r Cd9 Ecm1 Abr Trem1 Ccl27a Ccr1"
"GOBP_REGULATION_OF_MORPHOGENESIS_OF_A_BRANCHING_STRUCTURE",1.00714218452765,0.485901558248825,1,21,0.411443119904307,7,"Maged1 Vegfa Esr1 Rxra Fgf2 Tnf Ctnnd1"
"GOBP_REGULATION_OF_MRNA_3_END_PROCESSING",-0.578091533638771,0.964919878735383,1,14,-0.209956192751892,14,"Cdc73 Ahcyl1 Clp1 Cstf1 Cdk9 Ncbp1 Pabpn1 Cstf3 Ncbp2 Zfp36l1 Fip1l1 Dhx36 Cstf2 Ccnb1"
"GOBP_REGULATION_OF_MRNA_CATABOLIC_PROCESS",0.825097938361278,0.852239260688535,1,159,0.264009557120007,63,"Dnd1 Ikbke Zc3h12c Rbm47 Vegfa Pnldc1 Rnasel Noct Prr5l Tent4a Magohb Mov10 Pkp3 Fastkd5 Boll Igf2bp3 Pan2 Cpeb3 Apobec1 Pabpc4 Mettl3 Ago3 Cnot7 Mapk9 Cryz Mlh1 Parn Rc3h2 Dhx34 Tent4b Rbm8a Carhsp1 Dicer1 Pnpt1 Cirbp Pcbp4 Tut7 Dis3l2 Mex3d Tnrc6c Zc3h12a Cnot8 Nrde2 Eif4a3 Mapkapk2 Pias4 Patl1 Upf1 Larp1 Cnot6l Rbm38 Magoh Fastkd2 Dhx36 Stat3 Senp1 Vim Plekhn1 Gtpbp1 Rock2 Nbas Mettl16 Fastkd1"
"GOBP_REGULATION_OF_MRNA_METABOLIC_PROCESS",0.571603522765671,1,1,262,0.179207573596022,77,"Celf4 Dnd1 Ikbke Zc3h12c Rbm47 Vegfa Pnldc1 Rnasel Noct Prr5l Celf3 Adarb1 Tent4a Magohb Mov10 Pkp3 Fastkd5 Boll Igf2bp3 Pan2 Ccnb1 Cpeb3 Apobec1 Gm7324 Pabpc4 Mettl3 Ago3 Cnot7 Mapk9 Cryz Upf3b Thumpd2 Mlh1 Parn Cstf2 Rc3h2 Dhx34 Tent4b Rbm8a Carhsp1 Dicer1 Pnpt1 Cirbp Pcbp4 Tut7 Dis3l2 Mex3d Srpk3 Tnrc6c Zc3h12a Cnot8 Nrde2 Eif4a3 Mapkapk2 Pias4 Patl1 Upf1 Larp1 Cnot6l Mbnl1 Rbm38 Magoh Fastkd2 Dhx36 Kat8 Stat3 Srpk1 Prmt5 Senp1 Wdr77 Vim Plekhn1 Gtpbp1 Rock2 Nbas Mettl16 Fastkd1"
"GOBP_REGULATION_OF_MRNA_PROCESSING",0.297953805155565,1,1,122,0.0968568671416797,2,"Celf4 Rbm47"
"GOBP_REGULATION_OF_MRNA_SPLICING_VIA_SPLICEOSOME",0.429565047828839,1,1,97,0.142278131684199,2,"Celf4 Rbm47"
"GOBP_REGULATION_OF_MULTICELLULAR_ORGANISM_GROWTH",1.00261606882535,0.482414290469322,1,55,0.352495585732022,18,"Hmga2 Cacna2d2 App Flt3 Socs2 Bbs4 Gpr21 Gpat4 Zmpste24 Csf1 Sod1 Mbd5 Lgmn Ptch1 Gpam Atrn Alms1 Bbs2"
"GOBP_REGULATION_OF_MUSCLE_ADAPTATION",0.857717069746745,0.73455525606469,1,70,0.292737481590424,10,"Smad3 Lmna Nr4a3 Errfi1 Dmd Rgs2 Kcnn4 Nos3 Srl Notch1"
"GOBP_REGULATION_OF_MUSCLE_CELL_DIFFERENTIATION",1.13924198124793,0.246,1,91,0.379221122840731,18,"Eng Camk1 Mmp14 Notch4 Csf1r Efemp2 Tnpo2 Bhlhe41 Rgs2 Ccnd2 Dll1 Ezh2 Bhlha15 Notch1 Plpp7 Nid1 Sik1 Rcan1"
"GOBP_REGULATION_OF_MUSCLE_CONTRACTION",1.08540257010419,0.342437431991295,1,64,0.374326598393167,11,"Cacna1h Ehd3 Fgf13 Agrn Kcnj2 Dmd Dock4 Pde4d Tmem38b Rgs2 Trpm4"
"GOBP_REGULATION_OF_MUSCLE_HYPERTROPHY",0.851514705707184,0.731997774067891,1,54,0.300154511884312,10,"Smad3 Lmna Nr4a3 Errfi1 Rgs2 Kcnn4 Notch1 Pak1 Tnfrsf1b Ptk2"
"GOBP_REGULATION_OF_MUSCLE_ORGAN_DEVELOPMENT",0.705194620018088,0.886174016686532,1,29,0.272254332757073,8,"Smad3 Cenpf Dll1 Tifab Cdon Erbb3 Nras Lef1"
"GOBP_REGULATION_OF_MUSCLE_SYSTEM_PROCESS",1.01687001129918,0.464351756728991,1,129,0.329342765906308,31,"Cacna1h Smad3 Lmna Ehd3 Nr4a3 Fgf13 Agrn Kcnj2 Errfi1 Dmd Dock4 Pde4d Tmem38b Rgs2 Trpm4 Kcnn4 Tifab Utrn Nos3 Srl Notch1 Zdhhc21 Dbn1 Tmem38a Pak1 Sod1 Tnfrsf1b Ptk2 Tbxa2r Selenon Lck"
"GOBP_REGULATION_OF_MYELINATION",1.01368885205668,0.465940054495913,1,31,0.387216403876838,8,"Egr2 Tnfrsf21 Tenm4 Lpin1 Rxra Tnf Tnfrsf1b Cyfip1"
"GOBP_REGULATION_OF_MYELOID_CELL_DIFFERENTIATION",0.863036731048063,0.785496027704217,1,146,0.277302070478723,25,"Zbtb46 Car2 Isg15 Tjp2 Itgb3 Csf1r Clec2g Mitf Acvr2a P4htm Klf10 Dll1 Fes Ccr1 Hspa1b Myb Fstl3 Cd101 Ubash3b Csf1 Cd4 Rptor Tcta Tnf Cebpb"
"GOBP_REGULATION_OF_MYELOID_LEUKOCYTE_DIFFERENTIATION",1.04691092783895,0.401267159450898,1,88,0.349631024759908,19,"Zbtb46 Car2 Tjp2 Itgb3 Csf1r Clec2g Mitf Klf10 Fes Ccr1 Fstl3 Cd101 Ubash3b Csf1 Cd4 Rptor Tcta Tnf Cebpb"
"GOBP_REGULATION_OF_MYELOID_LEUKOCYTE_MEDIATED_IMMUNITY",0.822391148353411,0.755099688832546,1,40,0.301674075226897,6,"Fcer1g Gab2 Dnase1 Abr Fes Ighg3"
"GOBP_REGULATION_OF_MYOBLAST_DIFFERENTIATION",-0.868945588139877,0.738054607508532,1,46,-0.233305373152575,10,"Il18 Xkr8 Lrrc8a Flot2 Smarcc1 Smarca4 Mapk14 Arid2 Nr2c2 Ripor2"
"GOBP_REGULATION_OF_MYOTUBE_DIFFERENTIATION",1.01007956060482,0.475301056770705,1,22,0.40904583521109,7,"Mmp14 Csf1r Bhlhe41 Bhlha15 Notch1 Plpp7 Sik1"
"GOBP_REGULATION_OF_NATURAL_KILLER_CELL_ACTIVATION",1.001145124325,0.487667371388302,1,34,0.376805364068207,9,"Il15 Prdm1 Axl Klrd1 Il15ra Raet1d Lilrb4a Lyst Il12a"
"GOBP_REGULATION_OF_NATURAL_KILLER_CELL_MEDIATED_IMMUNITY",1.16744965308196,0.250202522856151,1,38,0.431559641708321,12,"Pik3r6 Klrd1 Klrb1c Serpinb9 Lag3 Raet1d Klrb1f Cd160 Il12a Bid Dpp4 H60b"
"GOBP_REGULATION_OF_NECROPTOTIC_PROCESS",-0.62966132474887,0.943147208121827,1,20,-0.206231572236832,20,"Aifm1 Fadd Spata2 Ybx3 Peli1 Birc3 Cyld Rnf31 Parp1 Ripk3 Map3k7 Rbck1 Casp6 Casp8 Birc2 Slc25a4 Ripk1 Cflar Zbp1 Mutyh"
"GOBP_REGULATION_OF_NEURAL_PRECURSOR_CELL_PROLIFERATION",0.948073205179213,0.578181003584229,1,50,0.337076469463502,13,"Ccr5 Egf Vegfa Cdon Notch1 Fgf2 Shcbp1 Ctnna1 Cip2a Appl2 Nf2 Ell3 Aspm"
"GOBP_REGULATION_OF_NEUROBLAST_PROLIFERATION",0.796724067448894,0.758611724944755,1,14,0.35366342605164,4,"Vegfa Notch1 Ctnna1 Aspm"
"GOBP_REGULATION_OF_NEUROINFLAMMATORY_RESPONSE",1.01751239789375,0.464487589088228,1,22,0.412055866554581,4,"Csf1r Nr1d1 Kcnn4 Ccr1"
"GOBP_REGULATION_OF_NEURONAL_SYNAPTIC_PLASTICITY",1.14470500219555,0.281521865212852,1,37,0.424744432831364,7,"Syp Grin2d App Unc13b Dlg4 Neurl1a Camk2a"
"GOBP_REGULATION_OF_NEURON_DIFFERENTIATION",0.955304342567908,0.590606816292602,1,108,0.313409705605901,18,"Timp2 Ccr5 App Cit Rap1gap Dmd Impact Fuom Nox1 Zc4h2 Socs2 Dll1 Sox5 Itgb1 Cntf Cdon Notch1 Nepro"
"GOBP_REGULATION_OF_NEURON_MIGRATION",-0.861472396566935,0.717073170731707,1,28,-0.261923057768918,5,"Nsmf Dab2ip Rapgef2 Wdr62 Zswim6"
"GOBP_REGULATION_OF_NEURON_PROJECTION_DEVELOPMENT",1.07745469471099,0.267755183812481,1,319,0.335779114078257,88,"Sema6d Ndnf Ccr5 Gfi1 Smad3 Bmpr2 Cit Xlr3b Plxnd1 Cacna1a Camk1 Marcks Serpine2 Il15ra Numbl Sema7a Neo1 Fgf13 Caprin2 Vegfa Agrn Nrxn1 Ulk4 Dmd Arhgap33 Dlg4 Gorasp1 Efna1 Rtn4rl1 Tiam2 Map2 Gla Katnb1 Itga3 Zfp365 Nox1 Rgs2 Magi2 Itm2c Fes Ezh2 Lrp8 Cask Itgb1 Akap5 Cdkl3 Ntn1 Brsk2 Arsb Cdk5r1 Itpka Cntf Rbpj Srcin1 Ankrd27 Hap1 Acap3 Serpini1 Plxnc1 Dbn1 Abi2 Amigo1 Enc1 Rufy3 Amigo3 Mapt Dvl1 Pak1 Styxl1 Ss18l1 Pqbp1 Lrig2 Ptk2 Tanc2 Arhgap35 Zfp296 Prkci Igf1r Ifrd1 Fbxo31 Cyfip1 Psen1 Golga4 Camsap2 Wls Crtc1 Pacsin1 Ahi1"
"GOBP_REGULATION_OF_NEURON_PROJECTION_REGENERATION",0.669483780258198,0.911354342073611,1,26,0.263079311836803,8,"Neo1 Rtn4rl1 Cntf Lrig2 Igf1r Grn Ptprs Diaph2"
"GOBP_REGULATION_OF_NEUROTRANSMITTER_TRANSPORT",1.02408434921006,0.449143352851876,1,67,0.351462805331584,18,"Mctp1 App Cacna1a Itgb3 Slc18a2 Unc13b Kcnc3 Per2 Camk2a Cask Itgb1 Stxbp5 Mctp2 Dvl1 Cacnb4 Micu3 Fbxo45 Tor1a"
"GOBP_REGULATION_OF_NEUROTROPHIN_TRK_RECEPTOR_SIGNALING_PATHWAY",1.18713805555851,0.256475300400534,1,11,0.555414026411214,4,"Spry2 Spry1 Tmem108 Cyfip1"
"GOBP_REGULATION_OF_NEUTROPHIL_CHEMOTAXIS",0.800414427170867,0.764165197683203,1,19,0.335133748191988,6,"Nod2 Bst1 Dpp4 Mpp1 C5ar2 Mdk"
"GOBP_REGULATION_OF_NEUTROPHIL_MIGRATION",0.658346925348474,0.914540349163716,1,23,0.264340498086245,6,"Nod2 Bst1 Dpp4 Mpp1 C5ar2 Mdk"
"GOBP_REGULATION_OF_NITRIC_OXIDE_SYNTHASE_ACTIVITY",0.787357984823196,0.764793299108349,1,10,0.37553293936074,3,"Gla Esr1 Tnf"
"GOBP_REGULATION_OF_NON_CANONICAL_NF_KAPPAB_SIGNAL_TRANSDUCTION",0.741204756261007,0.883133841131665,1,64,0.255621888842022,4,"C1qtnf4 Nod2 App Ager"
"GOBP_REGULATION_OF_NON_MOTILE_CILIUM_ASSEMBLY",0.60584886427564,0.932843791722296,1,11,0.283452253533969,3,"Bbs4 Hap1 Pqbp1"
"GOBP_REGULATION_OF_NOTCH_SIGNALING_PATHWAY",0.946791453114918,0.583067268523616,1,58,0.33038259446565,16,"Egfl7 Nod2 Mmp14 Notch4 Nrarp Neurl1a Dll1 Tspear Acvrl1 Notch1 Nepro Cd46 Dtx3 Gas2 Nle1 Mettl3"
"GOBP_REGULATION_OF_NUCLEAR_DIVISION",1.0379318133505,0.417263157894737,1,91,0.345497861007315,24,"Egf Wnt4 Bub1b Rps6ka2 Cenpe Tom1l1 Mki67 Ccdc8 Cav2 Haspin Cul9 Esr1 Nusap1 Birc5 Xrcc3 Npr2 Bora Rcc1 Tnf Cdca8 Cdca2 Ccnb1 Pdxp Mtbp"
"GOBP_REGULATION_OF_NUCLEAR_RECEPTOR_MEDIATED_GLUCOCORTICOID_SIGNALING_PATHWAY",-0.737334085237563,0.791538461538462,1,10,-0.293721111854716,4,"Psmc3ip Cry1 Crebrf Akap13"
"GOBP_REGULATION_OF_NUCLEAR_TRANSCRIBED_MRNA_CATABOLIC_PROCESS_DEADENYLATION_DEPENDENT_DECAY",0.404924256266489,0.998787731846284,1,24,0.161336600160527,6,"Tent4a Cpeb3 Cnot7 Tent4b Tnrc6c Dhx36"
"GOBP_REGULATION_OF_NUCLEAR_TRANSCRIBED_MRNA_CATABOLIC_PROCESS_NONSENSE_MEDIATED_DECAY",0.846438707559908,0.698574604420034,1,13,0.381586332756684,7,"Magohb Apobec1 Dhx34 Rbm8a Eif4a3 Magoh Nbas"
"GOBP_REGULATION_OF_NUCLEAR_TRANSCRIBED_MRNA_POLY_A_TAIL_SHORTENING",0.747186367904711,0.81886208231196,1,15,0.327228821204089,5,"Tent4a Cpeb3 Cnot7 Tent4b Tnrc6c"
"GOBP_REGULATION_OF_NUCLEOBASE_CONTAINING_COMPOUND_TRANSPORT",-1.02912800813696,0.396869244935543,1,17,-0.350736431197703,6,"Thoc5 Nsun2 Nup153 Tpr Iws1 Cpsf6"
"GOBP_REGULATION_OF_NUCLEOCYTOPLASMIC_TRANSPORT",0.459793950210241,1,1,109,0.150761916524692,29,"Camk1 Angpt1 Hyal2 Mdfic Akap5 Pik3r2 Cdk1 Efcab7 Rasl2-9 Gbp4 Rab23 Ipo5 Xpo4 Ptpn22 Psen1 Sirt6 Pkig Riok2 Ifi27 Nfkbia Ubr5 Zc3h12a Trim28 Jup Nrde2 Epm2a Hdac3 Ect2 Ctdspl2"
"GOBP_REGULATION_OF_NUCLEOTIDE_BIOSYNTHETIC_PROCESS",0.534934250428166,0.972312491875731,1,14,0.237455710763911,6,"Entpd1 Sphk2 Ndufc2 Dnajc30 Stat3 Vcp"
"GOBP_REGULATION_OF_NUCLEOTIDE_EXCISION_REPAIR",-0.696218582852435,0.908157444381061,1,24,-0.21892155181394,10,"Bcl7a Smarcc1 Smarca4 Arid2 Phf10 Brd7 Arid1a Bcl7c Actb Smarcd1"
"GOBP_REGULATION_OF_NUCLEOTIDE_METABOLIC_PROCESS",0.730639584473997,0.894378568291612,1,59,0.254387036477108,28,"App Tigar Cbfa2t3 Entpd1 Uchl1 Gapdhs Rptor Pfkfb1 Zbtb20 Psen1 Sphk2 Tspo Sirt6 Ppargc1a Prkaa1 Ddit4 Ndufc2 Dnajc30 Hdac4 P2rx7 Stat3 Vcp Hif1a Prkag2 Slc2a6 Mtch2 Dnm1l Fis1"
"GOBP_REGULATION_OF_OLIGODENDROCYTE_DIFFERENTIATION",0.853881331671029,0.701948520567717,1,26,0.335539888717948,5,"Tnfrsf21 Tenm4 Clcn2 Zfp365 Notch1"
"GOBP_REGULATION_OF_ORGANELLE_ASSEMBLY",0.644157946183045,0.994743758212878,1,199,0.204363739878076,71,"Chmp4c Plk2 Tbc1d12 Wdpcp Nbdy Nrxn1 Ralb Syne2 Odf2l Atg7 Bbs4 Mns1 Hspa1b Il1rap Zmynd10 Lima1 Efnb1 Hap1 Mdm1 Rabl3 Pan2 Rcc1 Tnf Styxl1 Pqbp1 Ift140 Arhgap35 Rab3gap2 Ccdc15 C9orf72 Usp33 Nf2 Wipi1 Tmem216 Luzp1 Mapk9 Ift88 Hck Trim32 Sdc4 Moap1 Stam Stx18 Ptprs Alms1 Nat9 Rab29 Hspa1a Evi5l Mphosph9 Sdc1 Intu Chmp1b Prkaa1 Pip4k2a Smcr8 Entr1 Rnf5 Chmp4b Ccsap Cnot6l Chmp7 Cep97 Cep192 Limk2 Cdkl5 Phf23 Ehmt2 Tmem39a Scfd1 Becn1"
"GOBP_REGULATION_OF_ORGANIC_ACID_TRANSPORT",0.995584617426183,0.498900590209466,1,38,0.368027982750701,21,"Pla2g4a Repin1 Per2 Rgs2 Itgb1 Hrh2 Tnf Slc43a1 Psen1 Slc43a2 Arhgef11 Pla2g6 Mapk9 Arl6ip5 Adora2a Slc38a2 Acsl1 Acsl5 Stxbp1 P2rx7 Mif"
"GOBP_REGULATION_OF_ORGAN_GROWTH",0.952945374076343,0.574863982589771,1,64,0.32864561975218,14,"Cacna2d2 Ahr Wwc1 Tgfbr3 Rgs2 Ccnd2 Cdk1 Rbpj Notch1 Fgf2 Pak1 Ccnb1 Ptk2 Fgf20"
"GOBP_REGULATION_OF_OXIDATIVE_PHOSPHORYLATION",0.825612408981716,0.731201819790219,1,18,0.349016378467813,4,"Tefm Slc25a33 Etfrf1 Tnf"
"GOBP_REGULATION_OF_OXIDATIVE_STRESS_INDUCED_INTRINSIC_APOPTOTIC_SIGNALING_PATHWAY",0.812154156272756,0.756853396901073,1,29,0.31354817753183,11,"Nox1 Fgf2 Prodh Sod1 Trap1 Nfe2l2 Fyn Fbxw7 Bag5 Hif1a P4hb"
"GOBP_REGULATION_OF_OXIDOREDUCTASE_ACTIVITY",0.600579455879368,0.958981104998804,1,28,0.232978552288507,5,"Gla Esr1 Sdhaf4 Gzma Tnf"
"GOBP_REGULATION_OF_P38MAPK_CASCADE",0.964698659042193,0.540062186079885,1,28,0.374228746551495,9,"Ager Ulk4 Mfhas1 Kcnn4 Rell2 Pja2 Ptpn22 Map3k5 Phlpp1"
"GOBP_REGULATION_OF_PEPTIDE_TRANSPORT",1.00220444393795,0.497284001229886,1,136,0.323702523502597,26,"Car2 Pask Hmga2 Camk2n1 Hmgn3 Apln Gnao1 Nrxn1 Nr1d1 Glrx Ffar2 Per2 Trpm4 S100a8 Cask Atg7 Brsk2 Birc5 Pde1c Ildr1 Tm7sf3 Hfe Rptor Gpld1 Tnf Sirt4"
"GOBP_REGULATION_OF_PEPTIDYL_SERINE_PHOSPHORYLATION",0.695861568413221,0.906221513217867,1,43,0.252350259732022,17,"Spry2 Angpt1 Stox1 Pak1 Bak1 Mad2l2 Prkaa1 Igtp Paqr3 Rassf2 Ip6k2 Epm2a Cnksr3 Mapkap1 Smyd3 Bax Pdcd10"
"GOBP_REGULATION_OF_PEPTIDYL_THREONINE_PHOSPHORYLATION",1.16232807957822,0.277178103315343,1,16,0.503504981481273,3,"Egf Stox1 Wnk3"
"GOBP_REGULATION_OF_PERK_MEDIATED_UNFOLDED_PROTEIN_RESPONSE",-0.789682576469281,0.745647558386412,1,13,-0.293246256769672,13,"Nck2 Atad3a Nck1 Ddrgk1 Akt1 Abca7 Akt2 Akt3 Hspa5 Ptpn2 Igtp Tmem33 Ptpn1"
"GOBP_REGULATION_OF_PH",0.573361359422601,0.987476656047457,1,60,0.199377427281991,10,"Car2 Slc9a9 Slc7a11 Slc9a5 Tpcn2 Lamp2 Cln6 Vma21 Cln3 Grn"
"GOBP_REGULATION_OF_PHOSPHOLIPID_METABOLIC_PROCESS",0.809228902428173,0.749501992031873,1,20,0.334598822590302,4,"Lpin1 Scarb1 Abca2 Capn2"
"GOBP_REGULATION_OF_PHOSPHORYLATION",0.983529814908317,0.56881376275255,1,486,0.303832212661033,111,"Il15 Eng Pik3r6 Kdm4d Spry2 Inca1 Maged1 Egf Socs3 Nod2 Tnfrsf4 Hmga2 Tnfsf18 Cdkn1a Il9r Hbegf Ager Gstp2 Zfyve28 Atxn1 Tnfrsf14 Itgb3 Gfra2 Cenpe Flt3 Sema7a Csf1r Cass4 Apln Il2 Angpt1 Vegfa Tom1l1 Prkar2a Fzd5 Errfi1 Tigar Acvr2a Dbndd2 Pde4d Shb Stox1 Tlr6 Spry1 Impact Socs1 Tlr7 Tada2a Prr5l Ezh2 Lrp8 Slfn1 Wnk3 Itgb1 Akap5 Adarb1 Ksr1 Cdk5r1 Birc5 Cntf Cdon Srcin1 Cdkn2c Trib3 Fgf2 Ccnyl1 Nlrc5 Ropn1l Atxn7 Ubash3b Il12a Csf1 Cd4 Abi2 Rptor Prkcz Prkrip1 Gbp4 Tnf Tab1 Cdca8 Dvl1 Rad51 Pak1 Tlr4 Ctnnd1 Mrnip Deptor Icam1 Ccnb1 Eif2ak1 Hus1 Bak1 Ptpn22 Nras Tpx2 Map3k5 Phlpp1 Akt1s1 Lck Cnot7 Psen1 C9orf72 Cln3 Cdk5rap3 Camkk1 Higd1a Nf2 Bccip Mst1 Pla2g6"
"GOBP_REGULATION_OF_PLASMA_LIPOPROTEIN_PARTICLE_LEVELS",-0.890800569537658,0.682027649769585,1,41,-0.246772319050409,6,"Pltp Anxa2 Mttp Apoe Soat1 Abcg1"
"GOBP_REGULATION_OF_PLASMA_MEMBRANE_ORGANIZATION",-0.793616492167855,0.742675159235669,1,13,-0.294707104567799,6,"Anxa2 Gsn Dnm2 Myh9 Sh3glb1 Rab3a"
"GOBP_REGULATION_OF_PLATELET_AGGREGATION",1.11608663765707,0.33913947744703,1,14,0.495427513954915,5,"Serpine2 F11r Cd9 Ubash3b Vps33b"
"GOBP_REGULATION_OF_PLATELET_DERIVED_GROWTH_FACTOR_RECEPTOR_SIGNALING_PATHWAY",0.77414876515191,0.78655920967113,1,14,0.343642317011885,3,"Glrx Npr2 Lrig2"
"GOBP_REGULATION_OF_PODOSOME_ASSEMBLY",-0.774403996293728,0.76359918200409,1,12,-0.293951833955914,4,"Kif9 Gsn Msn Mapk8"
"GOBP_REGULATION_OF_POLYSACCHARIDE_BIOSYNTHETIC_PROCESS",0.82186971200816,0.746121467227901,1,27,0.321077377314974,2,"Egf Pask"
"GOBP_REGULATION_OF_POLYSACCHARIDE_METABOLIC_PROCESS",0.784966664901203,0.798562846036047,1,33,0.296897322335526,2,"Egf Pask"
"GOBP_REGULATION_OF_POSTSYNAPTIC_DENSITY_ORGANIZATION",0.883548030769854,0.65091967712055,1,12,0.405430026345013,5,"Nrxn1 Il1rap Dbn1 Ptprs Zmynd8"
"GOBP_REGULATION_OF_POSTSYNAPTIC_MEMBRANE_NEUROTRANSMITTER_RECEPTOR_LEVELS",0.987204447029859,0.522246535375638,1,105,0.324795210930244,25,"Dlg3 Iqsec2 Cacna2d2 Clstn1 Itgb3 Dlg4 Epb41l3 Camk2a Magi2 Lhfpl4 Itgb1 Myo6 Akap5 Hap1 Nsg2 Snap47 Tmem108 Prkcz Ctnnd1 Stx3 Prkci Gphn Eps8 Pacsin1 Arc"
"GOBP_REGULATION_OF_POSTSYNAPTIC_NEUROTRANSMITTER_RECEPTOR_INTERNALIZATION",0.668062794587801,0.921810212060182,1,31,0.255191592922572,4,"Iqsec2 Itgb3 Akap5 Hap1"
"GOBP_REGULATION_OF_POST_TRANSCRIPTIONAL_GENE_SILENCING",0.888992161364083,0.654446460980036,1,25,0.352091042021397,10,"Dnd1 Zmpste24 Focad Dgcr8 Tent2 Ripk1 Elob Tnrc6c Bcdin3d Stat3"
"GOBP_REGULATION_OF_POST_TRANSLATIONAL_PROTEIN_MODIFICATION",0.713680029398232,0.973341411693426,1,200,0.226314823586266,79,"Spry2 Nod2 Isg15 Angpt1 Peli3 Per2 Atg7 Cdk1 Tes3-ps Hspa1b Birc5 Trib3 Abca2 Tnfaip3 Siah2 Gbp4 Fbxo33 Dnajb2 Fanci Mtbp Wfs1 Ddx3x Ptpn22 Hdac8 Cdk5rap3 Caml Mapk9 Cep63 Cep78 Ufl1 Tspo Hmg20a Mycbp2 Hspa1a Cops9 Mad2l2 Hspbp1 Chfr Washc1 Mul1 Birc2 Tgfbr1 Fyn Tank Arrb1 Plaa Zc3h12a Mta1 Ripk2 Bex3 Traf7 Pias4 Nlrc3 Cul3 Ip6k2 Vps28 Epm2a Hdac3 Fbxw7 Hdac4 Svbp Ube2l3 Phf23 Ticam1 Psmd10 Vcp Bag5 Parp10 Rassf5 Nsmce3 Laptm5 Hif1a Gtpbp4 Pttg1ip Bmi1 Prmt3 Ndfip2 Aimp2 Dtx3l"
"GOBP_REGULATION_OF_POTASSIUM_ION_TRANSMEMBRANE_TRANSPORT",0.94039450277894,0.578928486008132,1,28,0.364800606635328,7,"Akap7 Kcnj2 Kcng1 Kcnc1 Wnk3 Amigo1 Kcnab1"
"GOBP_REGULATION_OF_POTASSIUM_ION_TRANSPORT",0.904276719847303,0.62975495915986,1,36,0.337296694152187,9,"Akap7 Kcnj2 Kcng1 Kcnc1 Wnk3 Akap5 Nos3 Amigo1 Kcnab1"
"GOBP_REGULATION_OF_PROGRAMMED_NECROTIC_CELL_DEATH",0.580454993763965,0.966905079403564,1,24,0.231274451433321,11,"Atg7 Mutyh Zbp1 Tspo Cflar Ripk1 Slc25a4 Birc2 Casp8 Casp6 Rbck1"
"GOBP_REGULATION_OF_PROTEASOMAL_PROTEIN_CATABOLIC_PROCESS",0.629354414663461,0.993818402918525,1,173,0.200772017374529,41,"Tmtc3 Plk2 Rhbdf1 Bbs7 Svip Zfp418 Cbfa2t3 Atg7 Dnaaf4 Hspa1b Trib3 Fhit Hfe Zfand2a Trf Lamp3 Dvl1 Dnajb2 Rad23b Det1 Sco1 Psen1 Usp14 Caml Mapk9 Ufl1 Rybp Gipc1 Psma6 Sirt6 Clec16a Socs4 Trib2 Psme1 Hspa1a Hspbp1 Chfr Plk3 Csnk1d Cbx4 Usp38"
"GOBP_REGULATION_OF_PROTEASOMAL_UBIQUITIN_DEPENDENT_PROTEIN_CATABOLIC_PROCESS",0.717266459164295,0.943204236320216,1,111,0.234961535258553,32,"Plk2 Bbs7 Zfp418 Cbfa2t3 Atg7 Hspa1b Trib3 Fhit Hfe Zfand2a Trf Dvl1 Dnajb2 Rad23b Det1 Psen1 Caml Mapk9 Ufl1 Rybp Gipc1 Sirt6 Clec16a Socs4 Trib2 Hspa1a Hspbp1 Chfr Plk3 Csnk1d Cbx4 Usp38"
"GOBP_REGULATION_OF_PROTEIN_ACETYLATION",-0.625661974247546,0.932484076433121,1,13,-0.232337697979275,5,"Hdac6 Pml Ep300 Kat5 Arid5a"
"GOBP_REGULATION_OF_PROTEIN_AUTOPHOSPHORYLATION",1.1668084147349,0.268924554530519,1,18,0.49325233347548,4,"Gfra2 Vegfa Tom1l1 Errfi1"
"GOBP_REGULATION_OF_PROTEIN_CATABOLIC_PROCESS",0.628216550144417,0.999098377078742,1,288,0.196364637378078,73,"Timp2 Smad3 Tmtc3 App Plk2 Serpine2 Rhbdf1 Bbs7 Svip Laptm4b Zfp418 Cbfa2t3 Atg7 Tspan17 Dnaaf4 Asb5 Hspa1b Trib3 Fhit Hfe Abca2 Tnfaip3 Zfand2a Trf Gpld1 Lamp3 Atraid Tnf Dvl1 Dnajb2 Tnfrsf1b Adam9 Lrig2 Rad23b Det1 Sco1 Psen1 Cdk5rap3 Usp14 Caml Mapk9 Dcaf1 Faf1 Ufl1 Trim32 Rybp Gipc1 Tspan5 Psma6 Sirt6 Pin1 Mycbp2 Cst3 Clec16a Socs4 Trib2 Psme1 Hspa1a Mad2l2 Oaz2 Hspbp1 Chfr Plk3 Csnk1d Cbx4 Zdhhc2 Usp8 Rgp1 Usp38 Odc1 Fyn Paqr3 Rhbdd1"
"GOBP_REGULATION_OF_PROTEIN_CONTAINING_COMPLEX_ASSEMBLY",0.79888169163928,0.95332532051282,1,321,0.248912545727188,61,"Syp Nphs1 Tnfsf18 Zdhhc1 Isg15 Bbc3 Vill Mpp7 Ikbke Ahr Gbp2 Tmod1 Vegfa Unc13b Ulk4 Mtln Ralb Svip Cdh5 Map2 Hjurp Tlr6 Togaram1 Rhoc Tmod4 Fes Bbs4 Pik3r2 Bbs10 Cdc42ep4 Casp4 Hspa1b Farp2 Lcat Ankrd27 Eif2ak2 Tbcd Dbn1 Stxbp5 Prkcz Cdh17 Tnf Svil Mapt Pak1 Tlr4 Fchsd1 Icam1 Bid Kcnk6 Bak1 Bmf Ddx3x Ptpn22 Thra Tmsb15b2 Plek Lamp2 Cyfip1 Atat1 Kcnk13"
"GOBP_REGULATION_OF_PROTEIN_CONTAINING_COMPLEX_DISASSEMBLY",0.742810175436634,0.92180045633686,1,112,0.243114698148276,34,"Vill Tmod1 Ckap2l Fgf13 Diaph3 Map2 Katnb1 Bbof1 Per2 Tmod4 Spef1 Asph Lima1 Zmpste24 Atxn7 Hdgfl3 Tnf Svil Pdxp Tpx2 Igf1r Apc2 Plek Camsap2 Cln3 Eps8 Tom1 Ckap2 Sh3bp1 Capg Clec16a Ppp1r10 Tbc1d25 Fyco1"
"GOBP_REGULATION_OF_PROTEIN_DEACETYLATION",0.848693001313571,0.703981322192185,1,22,0.343690092444052,3,"Mbip Nek3 Tada2a"
"GOBP_REGULATION_OF_PROTEIN_DEPOLYMERIZATION",0.937947393496511,0.600537923614847,1,72,0.319157740360587,22,"Vill Tmod1 Ckap2l Fgf13 Diaph3 Map2 Katnb1 Bbof1 Tmod4 Spef1 Asph Lima1 Atxn7 Hdgfl3 Svil Pdxp Tpx2 Apc2 Plek Camsap2 Eps8 Ckap2"
"GOBP_REGULATION_OF_PROTEIN_DEUBIQUITINATION",0.442601520514377,0.993591455273698,1,11,0.207075404123038,4,"Dnajb2 Tank Zc3h12a Vcp"
"GOBP_REGULATION_OF_PROTEIN_EXPORT_FROM_NUCLEUS",-1.0631577226968,0.346774193548387,1,34,-0.308349036174675,5,"Ptpn14 Sfn Rangap1 Rapgef3 Csprs"
"GOBP_REGULATION_OF_PROTEIN_FOLDING",0.549562138324627,0.966713972390659,1,15,0.240679673006696,1,"Mettl21a"
"GOBP_REGULATION_OF_PROTEIN_IMPORT_INTO_NUCLEUS",1.01528392564164,0.462551167164509,1,56,0.356120940062857,23,"Angpt1 Hyal2 Mdfic Akap5 Pik3r2 Cdk1 Efcab7 Rasl2-9 Gbp4 Rab23 Ipo5 Ptpn22 Psen1 Sirt6 Pkig Nfkbia Ubr5 Zc3h12a Trim28 Jup Epm2a Hdac3 Ect2"
"GOBP_REGULATION_OF_PROTEIN_K63_LINKED_UBIQUITINATION",1.17465217534024,0.275506153235411,1,12,0.539007779780191,7,"Nod2 Ddx3x Ptpn22 Cep63 Birc2 Plaa Ripk2"
"GOBP_REGULATION_OF_PROTEIN_LOCALIZATION_TO_CELL_PERIPHERY",0.839936510960513,0.802730940312403,1,116,0.274056059360558,20,"Iqsec2 Cacna2d2 Mmp14 Nrxn1 Epha2 Epb41l3 Itga3 Camk2a Magi2 Wnk3 Itgb1 Akap5 Pik3r2 Efcab7 Abca2 Appl1 Tmem108 Prkcz Tmbim1 Tnf"
"GOBP_REGULATION_OF_PROTEIN_LOCALIZATION_TO_CELL_SURFACE",1.13325966188957,0.29492600422833,1,34,0.426529889730047,9,"Fcer1g Egf Plk2 Hfe Abca2 Cd247 Tnf Stx3 Lrig2"
"GOBP_REGULATION_OF_PROTEIN_LOCALIZATION_TO_CENTROSOME",-1.08429474364549,0.340976645435244,1,13,-0.40264960160412,3,"Rab11fip3 Mark4 Bicd1"
"GOBP_REGULATION_OF_PROTEIN_LOCALIZATION_TO_CHROMATIN",-0.759442151895091,0.788110403397028,1,13,-0.282016565785282,13,"Spi1 Aurkb Rnf4 Vcpip1 Cdk9 Setd2 Jak2 Prkaca Vcp Vrk1 Pias4 Cdk2 Sirt6"
"GOBP_REGULATION_OF_PROTEIN_LOCALIZATION_TO_CILIUM",-0.760206801687353,0.762307692307692,1,10,-0.302832584986472,3,"Ccdc66 Ccdc88a Gas8"
"GOBP_REGULATION_OF_PROTEIN_LOCALIZATION_TO_MEMBRANE",0.930983685592829,0.649502513078264,1,133,0.301034673966286,25,"Iqsec2 Cacna2d2 Slc5a3 Mmp14 Agrn Slc7a11 Nrxn1 Dlg4 Epha2 Epb41l3 Itga3 Camk2a Magi2 Wnk3 Itgb1 Akap5 Pik3r2 Efcab7 Dbn1 Appl1 Tmem108 Sorbs2 Prkcz Tmbim1 Tnf"
"GOBP_REGULATION_OF_PROTEIN_LOCALIZATION_TO_NUCLEOLUS",-0.809741096552379,0.706210191082803,1,11,-0.315125646655415,3,"Glul Tert Sigmar1"
"GOBP_REGULATION_OF_PROTEIN_LOCALIZATION_TO_NUCLEUS",0.825593493433693,0.835181762168823,1,131,0.267183269791079,44,"Maged1 Lmna App Angpt1 Hyal2 Mfhas1 Mdfic Cav2 Akap5 Pik3r2 Cdk1 Efcab7 Rasl2-9 Gbp4 Ctnna1 Rab23 Ipo5 Cacnb4 Ptpn22 Polr1a Psen1 Cdk5rap3 Lzts2 Nf2 Fnip1 Sirt6 Pin1 Pkig Sesn2 Ifnar2 Cops9 Stk11 Nfkbia Prkaa1 Igtp Fyn Ubr5 Zc3h12a Trim28 Jup Ilrun Epm2a Hdac3 Ect2"
"GOBP_REGULATION_OF_PROTEIN_LOCALIZATION_TO_PLASMA_MEMBRANE",0.551669506167997,0.996620194338826,1,87,0.184367889998657,9,"Mmp14 Nrxn1 Epha2 Itga3 Camk2a Wnk3 Itgb1 Akap5 Pik3r2"
"GOBP_REGULATION_OF_PROTEIN_MATURATION",0.959018018320453,0.552858809801634,1,36,0.357715287933645,5,"Rps6ka2 Serpine2 Mmp14 Notch4 Astl"
"GOBP_REGULATION_OF_PROTEIN_NEDDYLATION",0.495028747127116,0.980140502566874,1,10,0.236105563238118,1,"Tes3-ps"
"GOBP_REGULATION_OF_PROTEIN_POLYMERIZATION",-0.846955961905472,0.905,1,141,-0.193304207004356,23,"Carmil1 Nme7 Myadm Gba2 Stmn1 Nck2 Mkks Pfn2 Cdk5rap2 Sptbn4 Mlst8 Arl2 Baiap2 Git1 Add1 Sptan1 Bag4 Prkce Gsn Add3 Tlr2 Ppp2cb Tmod3"
"GOBP_REGULATION_OF_PROTEIN_POLYUBIQUITINATION",0.780266353562849,0.790762516668687,1,24,0.310886588677547,8,"Nod2 Ddx3x Ptpn22 Cep63 Birc2 Plaa Ripk2 Ip6k2"
"GOBP_REGULATION_OF_PROTEIN_SECRETION",0.833107825691126,0.851443037974684,1,180,0.265491297043618,52,"Tgfb3 Camk2n1 Hmgn3 Rhbdf1 Rapgefl1 Neo1 Gnao1 Unc13b Nrxn1 Nr1d1 Myom1 Glrx Ffar2 Per2 Trpm4 Cask Atg7 Kcnn4 Nr1h3 Brsk2 Birc5 Srcin1 Pde1c Tm7sf3 Il12a Rptor Gpld1 Tnf Sirt4 Idua Tlr4 Adam9 Pfkfb2 Ppard Srebf1 Pde4c Dnajc1 Wls Pde3b Ahi1 Pla2g6 Aacs Ndufaf2 Sirt6 Ptpn23 Mpc2 Pck2 Sergef Adora2a Sox4 Bad Mrgpre"
"GOBP_REGULATION_OF_PROTEIN_SERINE_THREONINE_KINASE_ACTIVITY",0.855728051150572,0.785278610565492,1,118,0.278943398621482,15,"Pik3r6 Spry2 Inca1 Maged1 Hmga2 Cdkn1a Ager Fzd5 Tlr6 Spry1 Ezh2 Ksr1 Cdkn2c Trib3 Fgf2"
"GOBP_REGULATION_OF_PROTEIN_STABILITY",0.412476626613798,1,1,301,0.128770603235019,80,"Smad3 Lmna Isoc2b Cenpe Siah1b Efna1 Nr1d1 Tspan1 Bbof1 Tada2a Tmem88 Cfp Asph Usp40 Hspa1b Usp27x Pim2 Telo2 Rabl3 Apoa2 Dvl1 Hps4 Ctnnd1 Lss Dnlz Wfs1 Srebf1 Lamp2 Hdac8 Usp33 Caml Nf2 Ift80 Cep63 Grn Zbed3 Ufl1 Cdc37l1 Ifi30 Gipc1 Ccnh Fnip1 Ubr4 Sirt6 Qrsl1 Pin1 Clec16a Stx12 Ppp1r10 Hspa1a Naa30 Cog7 Chfr Sox4 Usp18 Cbx4 Mul1 Usp8 Usp38 Creb1 Prkaa1 Igtp Otud3 Taf9b Stxbp4 Gnaq Ubr5 Prnp Wdr81 Rnf5 D2hgdh Rassf2 Cul3 Ip6k2 Dad1 Hdac3 Fbxw7 Mfsd1 Stxbp1 Pex6"
"GOBP_REGULATION_OF_PROTEIN_SUMOYLATION",-0.836888613349544,0.709708737864078,1,19,-0.277131474103586,19,"Rwdd3 Tollip Hmg20b Egr1 Sae1 Rela Gnl3l Pias1 Park7 Pias3 Ctnnb1 Uba2 Arnt Gnl3 Hdac4 Pias4 Traf7 Mul1 Hmg20a"
"GOBP_REGULATION_OF_PROTEIN_TARGETING",0.600001142698699,0.968261376896149,1,36,0.223801406668945,12,"Stom 4930550C14Rik Cdk5r1 Pak1 Srebf1 Tent2 C2cd5 Prkaa1 Fyn Prnp Fbxw7 Mief1"
"GOBP_REGULATION_OF_PROTEIN_TARGETING_TO_MEMBRANE",0.528429909113697,0.983152240263704,1,23,0.212176012373486,8,"Stom Cdk5r1 Pak1 Tent2 C2cd5 Fyn Prnp Mief1"
"GOBP_REGULATION_OF_PROTEIN_TARGETING_TO_MITOCHONDRION",0.618791637966512,0.924440915707291,1,12,0.283942356664235,4,"4930550C14Rik Srebf1 Prkaa1 Fbxw7"
"GOBP_REGULATION_OF_PROTEIN_UBIQUITINATION",0.842532201171156,0.830713054062278,1,162,0.269409107943606,68,"Spry2 Nod2 Isg15 Angpt1 Peli3 Per2 Atg7 Cdk1 Tes3-ps Hspa1b Birc5 Trib3 Tnfaip3 Siah2 Gbp4 Fbxo33 Dnajb2 Fanci Mtbp Wfs1 Ddx3x Ptpn22 Hdac8 Cdk5rap3 Caml Mapk9 Cep63 Cep78 Ufl1 Tspo Mycbp2 Hspa1a Mad2l2 Hspbp1 Chfr Washc1 Birc2 Tgfbr1 Fyn Arrb1 Plaa Mta1 Ripk2 Bex3 Nlrc3 Cul3 Ip6k2 Vps28 Epm2a Hdac3 Fbxw7 Svbp Ube2l3 Phf23 Ticam1 Psmd10 Bag5 Parp10 Rassf5 Nsmce3 Laptm5 Gtpbp4 Pttg1ip Bmi1 Prmt3 Ndfip2 Aimp2 Dtx3l"
"GOBP_REGULATION_OF_PROTEOLYSIS",0.850274962100404,0.877955911823647,1,293,0.265643777362919,109,"Timp2 Egf Tmtc3 App Plk2 Rps6ka2 Serpine2 Mmp14 Rhbdf1 Bbs7 Notch4 Astl Serpinb7 Ecm1 Svip Efna1 Zfp418 Cbfa2t3 Atg7 Tspan17 Asph Cdk1 Nr1h3 Dnaaf4 Hspa1b Trib3 Fhit Hfe Cd46 Zfand2a Tgfb1i1 Trf Gpld1 Lamp3 Tnf Sirt4 Dvl1 Rab23 Dnajb2 Tnfrsf1b Ctnnd1 Adam9 Lrig2 Ptk2 Bak1 Rad23b Det1 Cln6 Inpp5b Sco1 Psen1 Cln3 Cdk5rap3 Usp14 Caml Mapk9 Ift88 Grn Ufl1 Trim32 Rybp Gipc1 Tspan5 Psma6 Sirt6 Cst3 Clec16a Socs4 Trib2 Ptpn1 Hdac2 Psme1 Hspa1a Hspbp1 Chfr Plk3 Bad Tbc1d10a Csnk1d Cbx4 Plgrkt Usp38 C2cd3 Ide Tank Paqr3 Rhbdd1 Traf7 Rcn3 Tmf1 Epm2a Tmem168 Fbxw7 Psmf1 Casp8 Aurkaip1 Traf3 Prmt6 Svbp Psme2 Psma4 Agtpbp1 Vsir Psmd10 Nlrc4 Senp1 Vcp Fbxw11 Sgta"
"GOBP_REGULATION_OF_PROTEOLYSIS_INVOLVED_IN_PROTEIN_CATABOLIC_PROCESS",0.61591906731483,0.998182735991923,1,204,0.195194499253323,47,"Egf Tmtc3 Plk2 Rhbdf1 Bbs7 Svip Efna1 Zfp418 Cbfa2t3 Atg7 Cdk1 Dnaaf4 Hspa1b Trib3 Fhit Hfe Zfand2a Tgfb1i1 Trf Lamp3 Dvl1 Dnajb2 Ptk2 Rad23b Det1 Sco1 Psen1 Cdk5rap3 Usp14 Caml Mapk9 Ufl1 Rybp Gipc1 Psma6 Sirt6 Clec16a Socs4 Trib2 Psme1 Hspa1a Hspbp1 Chfr Plk3 Csnk1d Cbx4 Usp38"
"GOBP_REGULATION_OF_RAC_PROTEIN_SIGNAL_TRANSDUCTION",0.927642341831675,0.600725952813067,1,25,0.367398693659482,3,"Pik3cb Agrn Arap3"
"GOBP_REGULATION_OF_RAS_PROTEIN_SIGNAL_TRANSDUCTION",1.03236368697548,0.44207846314084,1,38,0.381623739993988,11,"Timp2 Spry2 Wnt4 Spry1 Rasgef1a Notch1 Foxm1 Rabl3 Csf1 Rasal1 Stk19"
"GOBP_REGULATION_OF_REACTIVE_OXYGEN_SPECIES_BIOSYNTHETIC_PROCESS",0.890210492921063,0.654847449640712,1,33,0.336703612371256,14,"Slc5a3 Tlr6 Mpv17l Slc25a33 Tlr4 Ctns Rab27a Sphk2 Cflar Fyn Fas Ndufc2 Hdac4 Stat3"
"GOBP_REGULATION_OF_REACTIVE_OXYGEN_SPECIES_METABOLIC_PROCESS",0.935703801887005,0.629779717373234,1,108,0.306979294468016,23,"Cdkn1a Sirpa App Ager Slc5a3 Pon3 Tigar Tlr6 Nox1 Bco2 Mpv17l Slc25a33 Foxm1 Dcxr Hk2 Sirt5 Bcr Tnf Nqo2 Mapt Sod1 Tlr4 Ctns"
"GOBP_REGULATION_OF_RECEPTOR_CLUSTERING",0.705501889538146,0.871762948207171,1,20,0.291709923936694,3,"Agrn Slc7a11 Dlg4"
"GOBP_REGULATION_OF_RECEPTOR_MEDIATED_ENDOCYTOSIS",1.03865332997068,0.415512174643157,1,93,0.345172791165288,17,"Egf Iqsec2 App Plk2 Kif3a Sele Itgb3 Apln Angpt1 Vegfa Dlg4 Magi2 Akap5 Hap1 Hfe Abca2 Trf"
"GOBP_REGULATION_OF_REGULATED_SECRETORY_PATHWAY",0.798250546213298,0.837792289867285,1,90,0.265972865059774,20,"Fcer1g Cacna1h Gab2 Cacna1a Unc13b Abr Fes Cask Rab3d Cbarp Notch1 Cd160 Stxbp5 Bcr Dvl1 D6Wsu163e Cacnb4 Fbxo45 Rab27a Hmox1"
"GOBP_REGULATION_OF_REGULATORY_NCRNA_PROCESSING",0.864949116989818,0.677303070761015,1,11,0.404674813901171,5,"Zmpste24 Dgcr8 Ripk1 Bcdin3d Stat3"
"GOBP_REGULATION_OF_REGULATORY_T_CELL_DIFFERENTIATION",0.689117488230797,0.89880810488677,1,29,0.266047438003275,4,"Foxp3 Il2 Socs1 Lag3"
"GOBP_REGULATION_OF_RELEASE_OF_CYTOCHROME_C_FROM_MITOCHONDRIA",1.00941381683852,0.478125360729539,1,39,0.371726263452177,15,"Lmna Bbc3 Plscr3 Pmaip1 Tnfsf10 Wdr35 Bid Bak1 Bmf Higd1a Pla2g6 Moap1 Bad Prkaa1 Fas"
"GOBP_REGULATION_OF_RELEASE_OF_SEQUESTERED_CALCIUM_ION_INTO_CYTOSOL_BY_SARCOPLASMIC_RETICULUM",1.14753691923089,0.300532952034317,1,14,0.509388199700614,5,"Dmd Pde4d Tmem38b Mettl21c Tmem38a"
"GOBP_REGULATION_OF_REPRODUCTIVE_PROCESS",0.78809418030367,0.848571428571429,1,85,0.263894872586963,27,"Cacna1h Wnt4 Rps6ka2 Cntd1 Astl Vegfa Tac4 Shb Pdik1l Esr1 Rxra Npr2 Ovgp1 Snai1 Mettl3 Acvr1b Igf1r Cited2 Aspm Zwint B4galt1 Hdac2 Syde1 Chfr Wapl Stk11 Eif2s3y"
"GOBP_REGULATION_OF_RESPIRATORY_BURST",1.07112424379272,0.400934579439252,1,11,0.501135841990752,1,"Jchain"
"GOBP_REGULATION_OF_RESPIRATORY_GASEOUS_EXCHANGE",1.18183361029899,0.266549581194272,1,10,0.563679365759599,2,"Pask Slc5a3"
"GOBP_REGULATION_OF_RESPONSE_TO_CYTOKINE_STIMULUS",1.1058611803183,0.276967331004726,1,129,0.358165130043634,23,"C1qtnf4 Gfi1 Palm3 Ttll12 Isg15 Tjp2 Ifih1 Axl Ikbke Rbm47 Angpt1 Peli3 Ecm1 Oas3 Ticam2 Ext1 Dcst1 Naip5 Casp4 Cdk5r1 Hspa1b Usp27x Nlrc5"
"GOBP_REGULATION_OF_RESPONSE_TO_ENDOPLASMIC_RETICULUM_STRESS",-0.877272504222641,0.775988286969253,1,75,-0.217301379772813,8,"Ficd Ikbkg Fcgr2b Mbtps2 Nck2 Ern1 Tmem67 Bcl2l1"
"GOBP_REGULATION_OF_RESPONSE_TO_NUTRIENT_LEVELS",0.544737988821297,0.971858134155744,1,16,0.235973212548682,5,"Bbs4 Rxra Nenf Gh Bbs2"
"GOBP_REGULATION_OF_RESPONSE_TO_OXIDATIVE_STRESS",1.12489134501184,0.310571633580483,1,28,0.436371165342311,9,"Mctp1 Slc7a11 Stox1 Aifm2 Ncoa7 Fut8 Meak7 Pnpla8 Selenon"
"GOBP_REGULATION_OF_RESPONSE_TO_TYPE_II_INTERFERON",-0.733804613195364,0.80453821656051,1,11,-0.285573566954259,1,"Irgm2"
"GOBP_REGULATION_OF_RESPONSE_TO_WOUNDING",0.965772513260455,0.557562315166878,1,87,0.32276107070944,17,"Smad3 Hbegf Angpt2 Tfpi Wnt4 Serpine2 Serpinc1 Neo1 Angpt1 Cd9 Gp1ba Rtn4rl1 Cask Itgb1 Cntf Eppk1 Fgf2"
"GOBP_REGULATION_OF_RETROGRADE_PROTEIN_TRANSPORT_ER_TO_CYTOSOL",1.19268427089647,0.254201402673018,1,12,0.547282092802032,4,"Derl3 Svip Edem1 Yod1"
"GOBP_REGULATION_OF_RHO_PROTEIN_SIGNAL_TRANSDUCTION",-0.872540303447587,0.756395995550612,1,60,-0.223056771991732,14,"Ngfr Stmn1 Heg1 Prag1 Kctd10 Ccr7 Apoe Dock6 Bcl6 Tagap Cdc42se1 Arhgef3 Ripor2 Dock9"
"GOBP_REGULATION_OF_RIG_I_SIGNALING_PATHWAY",1.07382431602472,0.391060025542784,1,17,0.459662222162064,4,"Nlrx1 Rnf125 Ddx60 Zcchc3"
"GOBP_REGULATION_OF_RNA_SPLICING",0.25079503530225,1,1,161,0.0802190756578097,39,"Celf4 Rbm47 Celf3 Prx Rbm12b1 Ildr1 Atxn7 Habp4 Pqbp1 Zfp326 Gm7324 Upf3b Thumpd2 Rbm8a Hspa1a Pcbp4 Slc38a2 Supt20 Taf6l Cdk12 Eif4a3 Upf1 Smn1 Mbnl1 Rbm38 Magoh Prmt5 Wdr77 Taf5l Kat2a Mettl16 Supt7l Ahnak Nup98 Son Nsrp1 Tada3 Exosc10 Srrm1"
"GOBP_REGULATION_OF_RNA_STABILITY",0.751360633238374,0.932060526048543,1,159,0.240415566196476,49,"Dnd1 Ikbke Zc3h12c Rbm47 Vegfa Pnldc1 Rnasel Noct Tent4a Mov10 Fastkd5 Wdr4 Boll Igf2bp3 Pan2 Mettl1 Tnfrsf1b Cpeb3 Apobec1 Pabpc4 Mettl3 Ago3 Cnot7 Mapk9 Cryz Mlh1 Parn Rc3h2 Tent4b Carhsp1 Dicer1 Plxnb2 Pnpt1 Cirbp Pcbp4 Tut7 Dis3l2 Mex3d Tnrc6c Zc3h12a Cnot8 Nrde2 Mapkapk2 Pias4 Patl1 Upf1 Larp1 Naf1 Cnot6l"
"GOBP_REGULATION_OF_RRNA_PROCESSING",0.684912886625793,0.883320483166281,1,16,0.296695103865979,8,"Riok1 Nudt16 Utp15 Wdr75 Riok2 Trmt112 Wdr43 Usp36"
"GOBP_REGULATION_OF_RUFFLE_ASSEMBLY",0.599392302968724,0.95495055548773,1,23,0.240668944921323,2,"Sh3yl1 Wdpcp"
"GOBP_REGULATION_OF_SECONDARY_METABOLIC_PROCESS",0.907088287920364,0.620087336244541,1,12,0.416231846669805,6,"Slc7a11 Appl1 Pmel Ctns Mfsd12 Gipc1"
"GOBP_REGULATION_OF_SECRETION",1.01270090037541,0.453963170536429,1,378,0.314220851709272,96,"Fcer1g Mctp1 Cacna1h Corin Egf Pask Gab2 Hmga2 Tgfb3 Pla2g4a Camk2n1 Cacna1a Hmgn3 Rhbdf1 Rapgefl1 Neo1 Sytl2 Apln Gnao1 Cplane2 Unc13b Nrxn1 Tac4 Acvr2a Kiss1r Nr1d1 Myom1 Glrx Kcnc3 Abr Ffar2 Per2 Camk2a Trpm4 S100a8 Fes Cask Wnk3 Atg7 Kcnn4 Hrh2 Rab3d Myo6 Tifab Entpd1 Nr1h3 Cbarp Brsk2 Birc5 Cntf Srcin1 Pde1c Notch1 Myb Cd160 Hap1 Ildr1 Tm7sf3 Hfe Rab2b Rgcc Tpcn2 Il12a Rptor Gpld1 Stxbp5 Bcr Mctp2 Tnf Sirt4 Dvl1 Erbb3 Idua Tnfrsf1b Tlr4 D6Wsu163e Adam9 Pfkfb2 Ppard Cacnb4 Micu3 Fbxo45 Srebf1 Rab27a Cry2 Hmox1 Rab37 Pde4c C9orf72 Dnajc1 Wls Pde3b Ahi1 Pla2g6 Sphk2 Mapk9"
"GOBP_REGULATION_OF_SIGNALING_RECEPTOR_ACTIVITY",1.06518527182769,0.396903416072745,1,22,0.431361663143065,5,"Zfyve28 Rasgrf2 Errfi1 Dlg4 Lynx1"
"GOBP_REGULATION_OF_SIGNAL_TRANSDUCTION_BY_P53_CLASS_MEDIATOR",0.552410241392126,0.996581926938688,1,78,0.186488458256421,24,"Dyrk3 Tifab Spred2 Zmpste24 Fam193a Pmaip1 Bop1 Snai1 Fbxo31 Cdk5rap3 Ell3 Cep63 Ufl1 Znhit1 Pcbp4 Sox4 Rffl Hexim1 Prmt6 Cops3 Mif Trim24 Steap3 Psmd10"
"GOBP_REGULATION_OF_SISTER_CHROMATID_COHESION",-0.808732930187748,0.737894269213683,1,15,-0.287398438744623,15,"Rad21 Naa10 Smc5 Tnks Sfpq Nsmce2 Ddx11 Slf2 Atrx Ctnnb1 Slf1 Sgo2a Wapl Fen1 Recql4"
"GOBP_REGULATION_OF_SISTER_CHROMATID_SEGREGATION",-0.831143390466762,0.880570409982175,1,84,-0.203404937301856,31,"Ndc80 Fbxo5 Trip13 Cdk5rap2 Cdc16 Knl1 Bcl7a Anapc15 Cdc27 Rad21 Cdc20 Anapc4 Smarcc1 Smarca4 Arid2 Dync1li1 Dusp1 Kat2b Kat5 Phf10 Mad1l1 Anapc2 Rb1 Prpf4b Spc25 Zfp207 Lcmt1 Brd7 Gen1 Sirt1 Nek6"
"GOBP_REGULATION_OF_SKELETAL_MUSCLE_CELL_PROLIFERATION",0.993028761644758,0.512023777357471,1,10,0.473628282075466,7,"Angpt1 Fgf2 Ppard Selenon Cflar Akirin1 Stat3"
"GOBP_REGULATION_OF_SKELETAL_MUSCLE_TISSUE_DEVELOPMENT",-0.957814331155844,0.494594594594595,1,16,-0.331840007637592,3,"Adrb2 Tsc22d3 Mtm1"
"GOBP_REGULATION_OF_SMALL_GTPASE_MEDIATED_SIGNAL_TRANSDUCTION",0.721329439088129,0.95997568142669,1,174,0.230089669245798,33,"Timp2 Spry2 Iqsec2 Pik3cb Wnt4 Rap1gap F11r Arhgap19 Agrn Arap3 Spry1 Itga3 Cdc42bpa Mcf2l Rasgef1a Ccdc125 Itgb1 Cdon Notch1 Foxm1 Itgav Rabl3 Garnl3 Csf1 Cyth3 Bcr Dock7 Arhgap35 Stard8 Rasal1 Stk19 Ralgapb Arhgef10"
"GOBP_REGULATION_OF_SMALL_MOLECULE_METABOLIC_PROCESS",0.71632936144436,0.976549919484702,1,225,0.225973484560296,56,"Fabp5 Gfi1 Dkkl1 Pla2g4a App Wnt4 Cacna1a Clcn2 Slc7a11 Tigar Mtln Nr1d1 Cbfa2t3 Entpd1 Nr1h3 Uchl1 Gapdhs Trib3 H6pd Rdh10 Slc27a4 Rdh9 Sik1 Zmpste24 Pmaip1 Rptor Gpld1 Sirt5 Tpk1 Ttc39d Tnf Sirt4 Pfkfb1 Arv1 Snai1 Star Zbtb20 Ppard Srebf1 Plek Psen1 Fmo5 Appl2 Cln3 Ttc39b Epm2aip1 Mst1 Mbtps1 Sphk2 Mapk9 Mlycd Tspo Ubr4 Sirt6 Ppargc1a Sesn2"
"GOBP_REGULATION_OF_SMOOTH_MUSCLE_CONTRACTION",0.937744629503195,0.582886334610473,1,17,0.401411826669843,6,"Dock4 Rgs2 Zdhhc21 Sod1 Tbxa2r Lck"
"GOBP_REGULATION_OF_SODIUM_ION_TRANSMEMBRANE_TRANSPORT",0.976911677745797,0.528635458167331,1,20,0.403932059479886,4,"Fgf13 Agrn Dmd Wnk3"
"GOBP_REGULATION_OF_SODIUM_ION_TRANSPORT",0.864938794193927,0.705332725615314,1,43,0.313665158811481,8,"Scn2b Serpine2 Fgf13 Agrn Dmd Wnk3 Nos3 Sik1"
"GOBP_REGULATION_OF_SPHINGOLIPID_BIOSYNTHETIC_PROCESS",0.9811798414246,0.526134709540823,1,12,0.450229931033132,4,"Atg7 Abca2 Pla2g6 Sphk2"
"GOBP_REGULATION_OF_SPINDLE_ASSEMBLY",0.941359571123407,0.575586289837643,1,27,0.367758122474346,14,"Chmp4c Hspa1b Rcc1 Nat9 Hspa1a Chmp1b Chmp4b Ccsap Chmp7 Cep97 Chmp2a Numa1 Chmp2b Eml3"
"GOBP_REGULATION_OF_SPINDLE_CHECKPOINT",-0.972486046570501,0.491878172588832,1,20,-0.318516190338678,13,"Ndc80 Cdk5rap2 Knl1 Anapc15 Dync1li1 Dusp1 Mad1l1 Prpf4b Lcmt1 Gen1 Aurkb Mad2l1 Tpr"
"GOBP_REGULATION_OF_SPINDLE_ORGANIZATION",1.11902679967442,0.31226075861269,1,37,0.415216498957528,16,"Chmp4c Map9 Hspa1b Bora Tacc3 Rcc1 Tpx2 Nat9 Hspa1a Parp3 Chmp1b Cltc Chmp4b Ccsap Chmp7 Cep97"
"GOBP_REGULATION_OF_SPROUTING_ANGIOGENESIS",0.887275896180091,0.656624319419238,1,25,0.351411304197737,5,"Creb3l1 Pik3cb Vegfa Dll1 Fgf2"
"GOBP_REGULATION_OF_STEM_CELL_DIFFERENTIATION",-1.0814637728471,0.298657718120805,1,59,-0.278275476242514,9,"Tacstd2 Slc4a11 Hoxb4 Pus7 Kdm3a Hes5 Tead2 Hes1 Ap2a2"
"GOBP_REGULATION_OF_STEM_CELL_POPULATION_MAINTENANCE",0.605123787281182,0.977931488801054,1,59,0.210686158017411,3,"Hmga2 Tet1 Loxl2"
"GOBP_REGULATION_OF_STEM_CELL_PROLIFERATION",0.712989254235494,0.879141835518474,1,29,0.275263605485063,12,"Hmga2 Eif2ak2 Dgcr8 Epcam Ago3 Nf2 Ccne1 Sirt6 Tgfbr1 Taf4b Nfatc1 Hdac5"
"GOBP_REGULATION_OF_STEROID_BIOSYNTHETIC_PROCESS",0.79373604823919,0.806227598566308,1,50,0.282203677273849,16,"Gfi1 Dkkl1 Wnt4 Clcn2 Nr1d1 H6pd Tnf Snai1 Star Srebf1 Igf1r Armc5 Mbtps1 Tspo Gh Ppargc1a"
"GOBP_REGULATION_OF_STEROID_METABOLIC_PROCESS",0.888861654300418,0.681504976484742,1,62,0.307803295387955,21,"Gfi1 Dkkl1 Wnt4 Clcn2 Nr1d1 H6pd Abca2 Ttc39d Tnf Arv1 Snai1 Star Srebf1 Igf1r Fmo5 Ttc39b Armc5 Mbtps1 Tspo Gh Ppargc1a"
"GOBP_REGULATION_OF_STEROL_TRANSPORT",0.702370028634317,0.895139774968101,1,37,0.260615406482751,13,"Egf Abcb4 Abca8b Nr1h3 Abca2 Apoa2 Ttc39d Arv1 Abca5 Zdhhc8 Ttc39b Tmem97 Ptch1"
"GOBP_REGULATION_OF_STRESS_ACTIVATED_PROTEIN_KINASE_SIGNALING_CASCADE",0.888203501663599,0.654913639070876,1,30,0.341443863301812,3,"Nod2 Map3k20 Mapk8ip2"
"GOBP_REGULATION_OF_STRIATED_MUSCLE_CELL_DIFFERENTIATION",0.84675409129879,0.743223807943357,1,56,0.297007423617805,11,"Mmp14 Csf1r Bhlhe41 Rgs2 Ccnd2 Dll1 Ezh2 Bhlha15 Notch1 Plpp7 Sik1"
"GOBP_REGULATION_OF_SULFUR_METABOLIC_PROCESS",0.924408252659865,0.605225529702327,1,14,0.410342053244261,4,"Cacna1a Slc7a11 Tpk1 Sirt4"
"GOBP_REGULATION_OF_SUPEROXIDE_ANION_GENERATION",0.831172240887404,0.725698738560475,1,21,0.339554935958678,5,"App Pon3 Nox1 Mapt Sod1"
"GOBP_REGULATION_OF_SUPEROXIDE_METABOLIC_PROCESS",0.680620162134683,0.901010343998076,1,26,0.267455447251596,3,"App Pon3 Nox1"
"GOBP_REGULATION_OF_SUPRAMOLECULAR_FIBER_ORGANIZATION",0.695221573057963,0.98956765974521,1,263,0.217920508379455,54,"Nphs1 Smad3 Tgfb3 App Vill Wnt4 Cit F11r Tmod1 Ckap2l Fgf13 Diaph3 Kiss1r Cdh5 Map2 Katnb1 Bbof1 Togaram1 Rhoc Tmod4 Spef1 Fes Bbs4 Pik3r2 Cdc42ep4 Hspa1b Hspg2 Lima1 Sorbs3 Ttc8 Tbcd Atxn7 Rgcc Dbn1 Abi2 Hdgfl3 Svil Mapt Pak1 Fchsd1 Icam1 Pdxp Arhgap35 Tpx2 Tmsb15b2 Apc2 Plek Cyfip1 Arhgef10 Psen1 C9orf72 Camsap2 Nf2 Eps8"
"GOBP_REGULATION_OF_SYNAPTIC_PLASTICITY",1.02779025867923,0.438154920895829,1,129,0.332879603886152,36,"Mgll Syp Iqsec2 Grin2d App Ager Plk2 Serpine2 Rasgrf2 Unc13b Dlg4 Neurl1a Best1 Chrna2 Camk2a Hrh2 Myo6 Akap5 Itpka Gnal Nrgn Snap47 Dbn1 Prkcz Mapt Pak1 Stx3 Cpeb3 Cplx2 Star Lgmn Psen1 Cln3 Crtc1 Camk2d Arc"
"GOBP_REGULATION_OF_SYNAPTIC_TRANSMISSION_GABAERGIC",0.757601978550828,0.817426340972047,1,19,0.31720816378439,7,"Nrxn1 Hap1 Zdhhc3 Plcl1 Cln3 Zdhhc12 Adora2a"
"GOBP_REGULATION_OF_SYNAPTIC_TRANSMISSION_GLUTAMATERGIC",1.13994064889042,0.284862932061979,1,29,0.440096637065051,5,"Iqsec2 Grin2d Mapk8ip2 Serpine2 Nrxn1"
"GOBP_REGULATION_OF_SYNAPTIC_VESICLE_ENDOCYTOSIS",-0.429575336896419,1,1,26,-0.132624730366303,6,"Bcl2l1 Snx9 Calm1 Dgkq Ap2m1 Picalm"
"GOBP_REGULATION_OF_SYNAPTIC_VESICLE_EXOCYTOSIS",-0.878782498873744,0.707991038088125,1,39,-0.246259461403926,13,"Cacna1d Pfn2 Prkcb Bcl2l1 Git1 Snapin Prkcg Cacna1e Prepl Calm1 Slc4a8 Rab3a Rap1b"
"GOBP_REGULATION_OF_SYNAPTIC_VESICLE_RECYCLING",0.352495924951122,0.999881530624334,1,31,0.134649014008473,13,"Kcnc3 Cyfip1 Tor1a Synj1 Plaa Ppp3cc Gripap1 Dnm1l Vamp4 Syt11 Pip5k1c Vamp2 Mff"
"GOBP_REGULATION_OF_SYNCYTIUM_FORMATION_BY_PLASMA_MEMBRANE_FUSION",-1.09302194169091,0.268124280782509,1,61,-0.27853803417854,31,"Ehd2 Tyrobp Rapgef3 Smarca4 Mapk14 Ripor2 Rpl7 Rpl13a Rpl6 Rpl35a Rpl10a Rpl35 Rpl5 Rplp0 Nfatc2 Rpl14 Rpl18 Rpl4 Rpl23 Rpl41 Rpl15 Rpl8 Plekho1 Rpl12 Uba52 Rpl17 Rpl28 Rpl18a Dnmt1 Rpl19 Rpl7a"
"GOBP_REGULATION_OF_SYSTEMIC_ARTERIAL_BLOOD_PRESSURE_BY_RENIN_ANGIOTENSIN",1.18236516722915,0.26756649464073,1,12,0.542547008430833,3,"Rps6ka2 Nox1 Kcnn4"
"GOBP_REGULATION_OF_SYSTEMIC_ARTERIAL_BLOOD_PRESSURE_MEDIATED_BY_A_CHEMICAL_SIGNAL",1.16551916138304,0.266932270916335,1,20,0.481917215184754,5,"Corin Rps6ka2 Nox1 Kcnn4 Nos3"
"GOBP_REGULATION_OF_TELOMERE_CAPPING",-0.558792575004397,0.975313988739714,1,14,-0.20294703305456,14,"Ercc1 Nabp2 Tnks Rad50 Atm Hnrnpd Smg6 Tnks2 Xrcc4 Xrcc1 Rtel1 Ercc4 Terf2 Nbn"
"GOBP_REGULATION_OF_TELOMERE_MAINTENANCE",-0.356525466745244,1,1,94,-0.0854978850942451,15,"Slx1b Mapk3 Mapkapk5 Myc Gch1 Pml Ctc1 Tinf2 Tcp1 Pot1a Ercc1 Nabp2 Ino80d Tnks Acd"
"GOBP_REGULATION_OF_TELOMERE_MAINTENANCE_IN_RESPONSE_TO_DNA_DAMAGE",-1.09002455965309,0.33495145631068,1,19,-0.360956175298805,19,"Ercc1 Ino80d Ruvbl2 Actr5 Tfpt Actl6a Nfrkb Ino80c Ino80 Mcrs1 Uchl5 Actr8 Xrcc4 Yy1 Xrcc1 Ruvbl1 Ino80b Rtel1 Ercc4"
"GOBP_REGULATION_OF_TELOMERE_MAINTENANCE_VIA_TELOMERASE",-0.588930207363649,0.988050784167289,1,39,-0.165034733686374,9,"Gch1 Pml Ctc1 Tinf2 Tcp1 Pot1a Tnks Acd Wrap53"
"GOBP_REGULATION_OF_TELOMERE_MAINTENANCE_VIA_TELOMERE_LENGTHENING",-0.621992775410545,0.988536155202822,1,47,-0.166481098633218,46,"Gch1 Pml Ctc1 Tinf2 Tcp1 Pot1a Tnks Acd Wrap53 Hnrnpu Atm Trp53 Slx4 Pot1b Gnl3l Terf1 Hnrnpd Hnrnpa2b1 Cct5 Cct3 Cct2 Cct7 Ptges3 Cct8 Mcrs1 Hnrnpa1 Cct4 Dcp2 Parp1 Cct6a Dkc1 Ten1 Ctnnb1 Tnks2 Pinx1 Fbxo4 Exosc10 Stn1 Atr Rtel1 Dhx36 Naf1 Ercc4 Terf2 Tent4b Parn"
"GOBP_REGULATION_OF_THE_FORCE_OF_HEART_CONTRACTION",0.748266930493302,0.815026647601716,1,14,0.332153448165266,3,"Apln Myl4 Nos3"
"GOBP_REGULATION_OF_TOLL_LIKE_RECEPTOR_4_SIGNALING_PATHWAY",1.06122515270027,0.396370235934664,1,25,0.420305021880309,10,"Nr1d1 Ticam2 Mfhas1 Nr1h3 Appl1 Tlr4 Znrf1 Ptpn22 Appl2 Trim32"
"GOBP_REGULATION_OF_TOLL_LIKE_RECEPTOR_9_SIGNALING_PATHWAY",0.585646820114866,0.943391188251001,1,11,0.27400053169207,6,"Zdhhc3 Ptpn22 Ptprs Rsad2 Slc15a4 Adcy7"
"GOBP_REGULATION_OF_TORC2_SIGNALING",-0.547158441928907,0.975869120654397,1,12,-0.207692920283507,12,"Ep300 Gsk3b Otud7b Usp9x Akt1 Mtor Rps6kb1 Sik3 Otud5 Tbk1 Nckap1l Deptor"
"GOBP_REGULATION_OF_TOR_SIGNALING",0.40025145428501,1,1,134,0.129357333682433,34,"Dyrk3 Tnfaip8l1 Cryba1 Slc7a1 Nprl3 Zmpste24 Rptor Castor1 Endog Deptor Ctns Rragb Zdhhc3 Srms Akt1s1 Gpat3 C9orf72 Usp32 Shq1 Szt2 Fnip1 Sesn2 Clec16a Kptn Klhl22 Rragd Sar1a Stk11 Prkaa1 Ddit4 Smcr8 Cul3 Epm2a Hdac3"
"GOBP_REGULATION_OF_TRANSCRIPTION_BY_GLUCOSE",-0.784538339702335,0.727307692307692,1,10,-0.312525187759058,6,"Sik2 Kpna2 Kat2b Sirt1 Usf1 Mlx"
"GOBP_REGULATION_OF_TRANSCRIPTION_BY_RNA_POLYMERASE_I",-0.87377166323882,0.717854518736223,1,38,-0.246918462194617,11,"Lyar Mybbp1a Eif2ak3 Smarca4 Flna Nol11 Dhx33 Ercc6 Ppp1r15a Nop53 Myo1c"
"GOBP_REGULATION_OF_TRANSCRIPTION_BY_RNA_POLYMERASE_III",-0.588658099865141,0.972941853770869,1,25,-0.182876275510204,25,"Mybbp1a Ell Tbp Ercc6 Myo1c Zc3h8 Sf3b1 Prdx5 Brf2 Dek Maf1 Bdp1 Chd8 Setd5 Mtor Brf1 Ice2 Smarca5 Baz1b Ice1 Dhx36 Ddx21 Nab2 Ski Rptor"
"GOBP_REGULATION_OF_TRANSCRIPTION_INITIATION_BY_RNA_POLYMERASE_II",-0.724200155808487,0.977777777777778,1,71,-0.181932689783903,16,"Paxip1 Taf13 Med18 Med4 Taf3 Foxo1 Ctnnbip1 Myc Psmc6 Med24 Tbp Gtf2a1 Ercc6 Taf8 Ercc1 Xpa"
"GOBP_REGULATION_OF_TRANSCRIPTION_OF_NUCLEOLAR_LARGE_RRNA_BY_RNA_POLYMERASE_I",-0.933773762857923,0.523926380368098,1,12,-0.354446143622289,3,"Smarca4 Nol11 Nop53"
"GOBP_REGULATION_OF_TRANSFERASE_ACTIVITY",0.917256806754456,0.736773547094188,1,293,0.286570314097206,64,"Bsn Pik3r6 Spry2 Inca1 Maged1 Egf Tnfrsf4 Hmga2 Cdkn1a Ager Gstp2 Zfyve28 Itgb3 Cenpe Csf1r Cass4 Angpt1 Tom1l1 Prkar2a Fzd5 Errfi1 Tigar Dbndd2 Shb Stox1 Tlr6 Spry1 Ezh2 Lrp8 Spindoc Adarb1 Ksr1 Cdk5r1 Srcin1 Cdkn2c Trib3 Fgf2 Ccnyl1 Nlrc5 Ubash3b Csf1 Abi2 Polg2 Prkcz Prkrip1 Rfc3 Tnf Tab1 Tlr4 Mrnip Deptor Ccnb1 Ptpn22 Tpx2 Map3k5 Akt1s1 Psen1 Cdk5rap3 Camkk1 Higd1a Epm2aip1 Nf2 Bccip Mst1"
"GOBP_REGULATION_OF_TRANSLATION",0.459524841907137,1,1,318,0.143229820295868,89,"Aire Map3k20 App Tyms Caprin2 Neurl1a Eif4ebp3 Impact Rgs2 Pabpc1l Tifab Nat10 Rxra Bzw2 Zcchc4 Eif2ak2 Inpp5e Boll Igf2bp3 Mtg2 Taco1 Rptor Habp4 Enc1 Tnf Eif4e3 Ago4 Eif2ak1 Cpeb3 Aco1 Ddx3x Mettl3 Cyfip1 Parp16 Akt1s1 Sepsecs Ago3 Cnot7 Dnajc1 Alkbh3 Pelo Shmt1 Upf3b Dap Cnot11 Eefsec Rbm8a Tent2 Sesn2 Cpeb4 Trap1 Plxnb2 Cirbp Gemin5 Gtdc1 Guf1 Prkca Dnajc3 Malsu1 Wapl Zfp598 Gspt1 Mvk Prkaa1 Eif2s3y Gigyf1 Grb7 Tnrc6c Mpv17l2 Mtg1 Jmjd4 Cnot8 Pa2g4 Eif4a3 Patl1 Upf1 Rmnd1 Eif5b Rara Larp1 Cnot6l Rps6kb2 Metap2 Magoh Depdc5 Fastkd2 Dhx36 Msi2 Eif2s3x"
"GOBP_REGULATION_OF_TRANSLATIONAL_FIDELITY",-0.873486857459678,0.637505413598961,1,14,-0.317240375164609,4,"Dtd2 Aarsd1 Cdk5rap1 Vars2"
"GOBP_REGULATION_OF_TRANSLATIONAL_INITIATION",0.419792207827012,1,1,97,0.139041226298771,13,"Eif4ebp3 Impact Rxra Bzw2 Eif2ak2 Boll Rptor Habp4 Tnf Eif2ak1 Ddx3x Mettl3 Akt1s1"
"GOBP_REGULATION_OF_TRANSLATIONAL_INITIATION_IN_RESPONSE_TO_STRESS",-0.835978572638242,0.698137721957557,1,14,-0.303617797736096,4,"Nck2 Hbb-bs Eif2ak3 Pml"
"GOBP_REGULATION_OF_TRANSLATION_AT_SYNAPSE",-0.90500020744288,0.569267515923567,1,11,-0.352197482390317,1,"Cpeb2"
"GOBP_REGULATION_OF_TRANSLATION_IN_RESPONSE_TO_ENDOPLASMIC_RETICULUM_STRESS",0.808530861412699,0.740053404539386,1,11,0.378278987108775,1,"Map3k20"
"GOBP_REGULATION_OF_TRANSLATION_IN_RESPONSE_TO_STRESS",0.791960983509077,0.773806579272817,1,21,0.323536143062344,7,"Map3k20 Impact Eif2ak1 Ddx3x Sesn2 Plxnb2 Dnajc3"
"GOBP_REGULATION_OF_TRANS_SYNAPTIC_SIGNALING",1.08877132273344,0.243611584327087,1,299,0.3399734131303,83,"Fabp5 Bsn Mctp1 Mgll Syp Lrrc4 Iqsec2 Cdh11 S1pr2 Celf4 Cacna2d2 Grin2d Mapk8ip2 App Akap7 Ager Plk2 Clstn1 Cacna1a Colq Serpine2 Rasgrf2 Neo1 Gnao1 Prkar2a Agrn Slc7a11 Unc13b Nrxn1 Grik5 Dlg4 Kiss1r Neurl1a Nefh Best1 Kcnc3 Abr Chrna2 Camk2a Lrp8 Cask Itgb1 Hrh2 Myo6 Akap5 Itpka Hspg2 Gnal Hap1 Nrgn Snap47 Dbn1 Tmem108 Stxbp5 Prkcz Bcr Mctp2 Tnf Mapt Dvl1 Pak1 Stx3 Ptk2 Cpeb3 Cplx2 Star Zdhhc3 Cacnb4 Micu3 Fbxo45 Lgmn Igf1r Cyfip1 Psen1 Plcl1 Cln3 Nrxn2 Crtc1 Pla2g6 Plcg1 Camk2d Arc Mapk9"
"GOBP_REGULATION_OF_TRIGLYCERIDE_BIOSYNTHETIC_PROCESS",1.12179454955592,0.323116219667944,1,17,0.480196404349529,8,"Slc27a1 Nr1h3 Scarb1 Sik1 Gpld1 Srebf1 Gpam Dgat1"
"GOBP_REGULATION_OF_TRIGLYCERIDE_CATABOLIC_PROCESS",-0.482828118856972,0.995,1,10,-0.19233725219647,3,"Abhd5 Pak4 Ppp1ca"
"GOBP_REGULATION_OF_TRIGLYCERIDE_METABOLIC_PROCESS",0.833953154488754,0.733838973162194,1,36,0.31106588936,15,"Slc27a1 Nr1h3 Esr1 Scarb1 Sik1 Gpld1 Apobec1 Srebf1 Gpam Dgat1 Ccnc Pik3cg Acsl5 Pank2 Atg14"
"GOBP_REGULATION_OF_TUMOR_NECROSIS_FACTOR_MEDIATED_SIGNALING_PATHWAY",0.791729144614956,0.804215832283194,1,42,0.288343632001974,16,"Tjp2 Peli3 Ext1 Naip5 Cdk5r1 Hspa1b Anxa4 Trim32 Nkiras2 Dicer1 Hspa1a Ripk1 Tank Rffl Adam17 Pias4"
"GOBP_REGULATION_OF_TYPE_2_IMMUNE_RESPONSE",0.667038312789492,0.905313523042055,1,19,0.279289131185389,2,"Nod2 Ecm1"
"GOBP_REGULATION_OF_TYPE_2_MITOPHAGY",0.495293684438126,0.980140502566874,1,10,0.236231925946146,3,"Hk2 Vps13c Mul1"
"GOBP_REGULATION_OF_T_CELL_ACTIVATION",0.975439668380386,0.57501002807862,1,269,0.305582920873249,46,"Il15 Zap70 Il2ra Pik3r6 Cd27 Il12rb1 Tcf7 Tnfsf18 Sirpa Foxp3 Prdm1 Ager Tnfrsf21 Sh3rf1 Tnfrsf14 Cd59a Cd55b Il2 Nrarp Ccdc88b Lat Cd5 Cd276 Shb Socs1 Clec4g Gnrh1 Lag3 Sit1 Ebi3 Il7r Slfn1 Jak3 Efnb1 Tnfsf9 Slc7a1 Cd160 Hfe Cd46 Cd274 Il12a Cd4 Pdcd1lg2 Prkcz Vcam1 Cebpb"
"GOBP_REGULATION_OF_T_CELL_DIFFERENTIATION",0.976012365730856,0.557743317690267,1,141,0.314241588588988,16,"Il15 Zap70 Il2ra Pik3r6 Cd27 Tcf7 Tnfsf18 Foxp3 Prdm1 Sh3rf1 Il2 Nrarp Shb Socs1 Lag3 Il7r"
"GOBP_REGULATION_OF_T_CELL_DIFFERENTIATION_IN_THYMUS",-1.12417687506999,0.298707515557683,1,18,-0.377872955985677,3,"Rasgrp1 Egr3 Zfp608"
"GOBP_REGULATION_OF_T_CELL_MEDIATED_CYTOTOXICITY",1.04842628914771,0.41665685004123,1,33,0.396545448147538,19,"H2-Q2 Ager Klrd1 Raet1d Il7r Il12a H60b H2-Q7 H2-K1 H2-Q4 Cd1d1 H2-T24 H2-Q6 H2-M3 Mr1 B2m P2rx7 H2-T22 H2-D1"
"GOBP_REGULATION_OF_T_CELL_MEDIATED_IMMUNITY",0.992585137902996,0.509516680923867,1,77,0.335463677118646,31,"Nod2 H2-Q2 Foxp3 Ager Klrd1 Ahr Cd55b Fzd5 Clec4g Lag3 Raet1d Trpm4 Il7r Hfe Cd274 Il12a Prkcz Tnfrsf1b Dpp4 H60b Cd80 Ufl1 Klhl22 H2-Q7 H2-K1 H2-Q4 Cd1d1 H2-T24 Spn H2-Q6 Prkaa1"
"GOBP_REGULATION_OF_T_CELL_MIGRATION",1.08065430693724,0.370595099183197,1,36,0.403085822349605,6,"Aire App Tnfrsf14 Itgb3 Ecm1 Ccl27a"
"GOBP_REGULATION_OF_T_CELL_RECEPTOR_SIGNALING_PATHWAY",0.559424870263767,0.990839012400849,1,52,0.198076588379338,13,"Lag3 Kcnn4 Cd160 Cd274 Pdcd1lg2 Sla2 Ptpn22 Phpt1 Lck Cd80 Tespa1 Lipa Rab29"
"GOBP_REGULATION_OF_T_HELPER_17_CELL_DIFFERENTIATION",0.902591438792003,0.627999010635667,1,21,0.368731489238206,4,"Tnfsf18 Foxp3 Il2 Jak3"
"GOBP_REGULATION_OF_T_HELPER_17_CELL_LINEAGE_COMMITMENT",0.709864876580719,0.843015401242907,1,10,0.338572350556865,2,"Tnfsf18 Jak3"
"GOBP_REGULATION_OF_T_HELPER_17_TYPE_IMMUNE_RESPONSE",0.820773618781809,0.747428844773978,1,28,0.318396920821072,3,"Tnfsf18 Foxp3 Il2"
"GOBP_REGULATION_OF_T_HELPER_1_TYPE_IMMUNE_RESPONSE",0.792038386599581,0.778671775223499,1,17,0.339040678618453,2,"Il12rb1 Pla2g4a"
"GOBP_REGULATION_OF_T_HELPER_CELL_DIFFERENTIATION",-0.884132520178141,0.689358889623265,1,33,-0.259168231715094,12,"Lgals1 Il18 Anxa1 Smad7 Ccr7 Bcl6 Stat5a Rc3h1 Tbx21 Ep300 Gpr65 Socs5"
"GOBP_REGULATION_OF_UBIQUITIN_DEPENDENT_PROTEIN_CATABOLIC_PROCESS",0.694985368756693,0.965271412567471,1,145,0.223400861966402,39,"Egf Plk2 Bbs7 Svip Zfp418 Cbfa2t3 Atg7 Cdk1 Hspa1b Trib3 Fhit Hfe Zfand2a Tgfb1i1 Trf Dvl1 Dnajb2 Ptk2 Rad23b Det1 Psen1 Cdk5rap3 Usp14 Caml Mapk9 Ufl1 Rybp Gipc1 Sirt6 Clec16a Socs4 Trib2 Hspa1a Hspbp1 Chfr Plk3 Csnk1d Cbx4 Usp38"
"GOBP_REGULATION_OF_UBIQUITIN_PROTEIN_LIGASE_ACTIVITY",0.92595681345546,0.596662216288385,1,11,0.433217855022125,1,"Bsn"
"GOBP_REGULATION_OF_UBIQUITIN_PROTEIN_TRANSFERASE_ACTIVITY",0.849696276360213,0.700113736888664,1,18,0.35919750472088,1,"Bsn"
"GOBP_REGULATION_OF_URINE_VOLUME",-0.636049006486514,0.911538461538462,1,10,-0.253373640415815,4,"Adrb2 Ptger4 Inpp5k Mllt6"
"GOBP_REGULATION_OF_VACUOLE_ORGANIZATION",0.607103930388106,0.976836532097948,1,57,0.212348667212709,23,"Tbc1d12 Ralb Laptm4b Atg7 Efnb1 Rab3gap2 C9orf72 Usp33 Wipi1 Ift88 Grn Trim32 Moap1 Fnip1 Igtp Pip4k2a Smcr8 Rnf5 Phf23 Ehmt2 Tmem39a Scfd1 Becn1"
"GOBP_REGULATION_OF_VASCULAR_ENDOTHELIAL_GROWTH_FACTOR_RECEPTOR_SIGNALING_PATHWAY",0.880677677387816,0.659213569776407,1,16,0.381497793467254,3,"Cd59a Angpt1 Dll1"
"GOBP_REGULATION_OF_VASCULAR_PERMEABILITY",0.96879226498101,0.533613950691521,1,27,0.378475170770191,9,"Tjp2 Angpt1 Vegfa Cdh5 Abr Fgfbp3 Bcr Arhgap35 Tjp3"
"GOBP_REGULATION_OF_VASCULOGENESIS",1.04582251131332,0.433261280734937,1,10,0.498808431861289,2,"Tmem100 Elmo3"
"GOBP_REGULATION_OF_VESICLE_FUSION",-0.875638050426536,0.655042918454936,1,22,-0.28059218118093,4,"Anxa2 Anxa1 Slamf1 Doc2g"
"GOBP_REGULATION_OF_VESICLE_MEDIATED_TRANSPORT",0.901969892933085,0.811005502751376,1,398,0.279492125806287,62,"Il15 Bsn Fcer1g Mctp1 Cacna1h Egf Iqsec2 Nod2 Gab2 Sirpa Pla2g4a App Ager C2 Axl Plk2 Kif3a Cacna1a Rap1gap Il15ra Sele Itgb3 Apln Angpt1 Cplane2 Vegfa Unc13b Nrxn1 Grik5 Dlg4 Pip4p2 Glrx Kcnc3 Abr Magi2 Dll1 Cfp Rab25 Fes Cask Atg7 Itgb1 Rab3d Akap5 Nr1h3 Cbarp Scarb1 Cdk5r1 Ighg3 Notch1 Ankrd27 Cd160 Hap1 Plscr1 Hfe Itgav Abca2 Rab2b Trf Tpcn2 Apoa2 Appl1"
"GOBP_REGULATION_OF_VESICLE_SIZE",-0.866165093182522,0.650900900900901,1,16,-0.300087628455349,16,"Rin3 Snapin Ap2m1 Rab22a Picalm Rab5a Chmp3 Washc5 Borcs7 Bloc1s1 Als2 Kxd1 Borcs5 Bloc1s2 Borcs8 Borcs6"
"GOBP_REGULATION_OF_VIRAL_ENTRY_INTO_HOST_CELL",-0.890835297018038,0.609382479655337,1,18,-0.299439149163807,3,"Lgals1 Trim5 Furin"
"GOBP_REGULATION_OF_VIRAL_PROCESS",1.11279000526607,0.269246688741722,1,115,0.363188124506726,28,"Ifitm3 Hmga2 Isg15 Ifih1 Axl Stom Rnasel Trim62 Oas3 Clec4g Mdfic Adarb1 Slpi Notch1 Isg20 Plscr1 Gbp7 Eif2ak2 Cd4 Ifitm2 Lamp3 Tnf Ifit1 Trim30d Bst2 Oasl2 Trim30c Ddx3x"
"GOBP_REGULATION_OF_VOLTAGE_GATED_CALCIUM_CHANNEL_ACTIVITY",1.2016191963013,0.24149794892153,1,12,0.551382025025424,5,"Cacna1a Ehd3 Cbarp Nipsnap2 Cacnb4"
"GOBP_REGULATION_OF_WNT_SIGNALING_PATHWAY",0.949638113125351,0.629498584714921,1,192,0.301616859902882,45,"Mcc Egf Smad3 Hmga2 Dkkl1 App Bambi Jrk Caprin2 Znrf3 Nrarp Plekha4 Itga3 Tmem88 Trpm4 Lgr5 Nphp4 Mdfic Spef1 Rnf43 Mks1 Rbpj Cdon Tle2 Notch1 Fgf2 Sulf2 Ccnyl1 Ttc21b Mllt3 Siah2 Nle1 Ddx3x Thra Apc2 Tmem131l Lef1 Psen1 Wls Lzts2 Ift80 Prdm15 Aspm Zbed3 Tle1"
"GOBP_REGULATION_OF_WOUND_HEALING",1.084639588724,0.347010809618354,1,57,0.37937782897311,14,"Smad3 Hbegf Angpt2 Tfpi Wnt4 Serpine2 Serpinc1 Angpt1 Cd9 Gp1ba Cask Itgb1 Eppk1 Fgf2"
"GOBP_REGULATION_OF_XENOPHAGY",-1.04537021989033,0.392638036809816,1,12,-0.396806440527597,5,"Irgm2 Mapk3 Lrsam1 Nod1 Tlr2"
"GOBP_REGULATION_PROTEIN_CATABOLIC_PROCESS_AT_POSTSYNAPSE",0.753919133804294,0.801376207489745,1,12,0.345947751152764,2,"Plk2 Trim3"
"GOBP_REGULATION_PROTEIN_CATABOLIC_PROCESS_AT_SYNAPSE",1.08737582651823,0.37543542768675,1,15,0.47621413505601,2,"Plekhg5 Plk2"
"GOBP_REGULATORY_NCRNA_MEDIATED_GENE_SILENCING",0.855754320985138,0.769431131485726,1,104,0.281711612186256,31,"Tdrkh Dnd1 Exd1 Pnldc1 Ezh2 Tdrd7 Mov10 Zmpste24 Dnmt3a Tsnax Dgcr8 Ago4 Ddx3x Mettl3 Ago3 Cnot7 Spout1 Parn Cnot11 Tent2 Dicer1 Ripk1 Nup155 Tut7 Zc3h7a Elob Tdrd3 Tnrc6c Cnot8 Gm20732 Nrde2"
"GOBP_REGULATORY_NCRNA_MEDIATED_HETEROCHROMATIN_FORMATION",0.467531849003596,0.991630704851576,1,13,0.210769855058415,2,"Ezh2 Dnmt3a"
"GOBP_REGULATORY_T_CELL_DIFFERENTIATION",0.956348915262265,0.556487827936658,1,32,0.363630393409127,5,"Zbtb46 Foxp3 Il2 Socs1 Lag3"
"GOBP_RELAXATION_OF_CARDIAC_MUSCLE",1.16321387021584,0.284646194926569,1,11,0.544220864800765,3,"Kcnj2 Pde4d Rgs2"
"GOBP_RELAXATION_OF_MUSCLE",1.17105790546244,0.268997548703393,1,15,0.512862539289629,6,"Kcnj2 Pde4d Rgs2 Tifab Sod1 Camk2d"
"GOBP_RENAL_ABSORPTION",1.1841478896055,0.246663308990179,1,19,0.495803057998114,5,"Slc12a3 Hyal2 Wnk3 Maged2 Amn"
"GOBP_RENAL_TUBULE_DEVELOPMENT",1.09534909336103,0.342421812349639,1,42,0.398920436411862,12,"Maged1 Hs3st3b1 Wnt4 Vegfa Greb1l Lgr5 Dll1 Prom1 Gzf1 Notch1 Fgf2 Ttc8"
"GOBP_RENAL_TUBULE_MORPHOGENESIS",0.928828694625124,0.595476498998704,1,33,0.351310144332447,14,"Maged1 Hs3st3b1 Wnt4 Vegfa Greb1l Lgr5 Gzf1 Fgf2 Ctns Cited2 Lzts2 Ptch1 Hs2st1 Timeless"
"GOBP_REPLACEMENT_OSSIFICATION",1.00904362001242,0.478342986653236,1,19,0.422486850542219,11,"Mmp14 Ext1 Hspg2 Npr2 Col10a1 Pex7 Ift80 Nfix Nab2 Inppl1 Runx2"
"GOBP_RESCUE_OF_STALLED_RIBOSOME",0.640203409342976,0.94197589222406,1,32,0.243423099964943,11,"Rnf25 Ptrh1 Elac1 Cdk5rap3 Pelo Ufl1 Klhdc10 Usp21 Zfp598 Mrpl58 Otud3"
"GOBP_RESPIRATORY_BURST",0.927051645277418,0.595102646549592,1,21,0.378724103810877,1,"Jchain"
"GOBP_RESPIRATORY_CHAIN_COMPLEX_IV_ASSEMBLY",0.518899616197699,0.988695129284426,1,27,0.202716957960911,7,"Taco1 Coa6 Coa4 Cox19 Sco1 Cox18 Pet100"
"GOBP_RESPIRATORY_GASEOUS_EXCHANGE_BY_RESPIRATORY_SYSTEM",0.616185155007637,0.960983493016276,1,39,0.226916059048091,8,"Pask Slc5a3 Spef2 Ndst1 Mtg2 Fut8 Adh5 Selenon"
"GOBP_RESPIRATORY_SYSTEM_DEVELOPMENT",1.01515662519357,0.466659848639804,1,138,0.327530920382285,43,"Spry2 Hmga2 Bmpr2 Tgfb3 Tmtc3 Atxn1 Clcn2 Wdpcp Mmp14 Vegfa Slc7a11 Errfi1 Tmem38b Spry1 Itga3 Ext1 Rpgrip1l Rbpj Nos3 Spef2 Notch1 Fgf2 Rdh10 Plod3 Gstcd Tnf Tulp3 Tab1 Ccdc39 Thra Srebf1 Aldh1a3 Lef1 Selenon Ski Ift88 Nkiras2 Timeless Rc3h2 Gh Lipa Dicer1 Vangl2"
"GOBP_RESPIRATORY_SYSTEM_PROCESS",-1.08911017309763,0.320719602977667,1,29,-0.328808511412138,10,"Pbx3 Adrb2 Stard7 Ccdc88c Stk40 Gaa Hipk2 Ttll1 Kdm6a Rab3a"
"GOBP_RESPONSE_TO_ACETYLCHOLINE",0.945089786779776,0.568919894154438,1,26,0.371381022306656,6,"Ly6c2 Chrnb1 Chrna2 Lynx1 Cdk5r1 Sorbs2"
"GOBP_RESPONSE_TO_ACIDIC_PH",1.02842458214598,0.463808389572582,1,12,0.471908929580207,2,"Pkd1l3 Kcnk4"
"GOBP_RESPONSE_TO_ACID_CHEMICAL",0.934980038848596,0.620086415849932,1,89,0.311794455643346,35,"Lrp11 Grin2d Vegfa Lrrc25 Neurl1a Socs1 Cybb Cdo1 Capn2 Dnmt3a Rptor Amigo1 Castor1 Tnf Cebpb Meak7 Ipo5 Cpeb3 Rragb Igf1r Ufl1 Sesn2 Cpeb4 Klhl22 Rragd Nfe2l2 Lmnb1 Creb1 Gmps Fyn Ass1 Nfat5 Ppp1r9b Cul3 Zeb1"
"GOBP_RESPONSE_TO_ACTIVITY",0.782301139434701,0.815855039637599,1,46,0.28101369690141,17,"Angpt2 Itgb3 Metrnl Itgb1 Cdk1 Srl Star Ppard Cry2 Selenon Gpam Ppargc1a Slc38a2 Creb1 Prkaa1 Kdm6b Fkrp"
"GOBP_RESPONSE_TO_ALCOHOL",1.07043551858857,0.341079764562614,1,161,0.342388547480522,65,"Ccr5 Slc12a3 Smad3 Adam15 Foxp3 Lct Ptger1 Ahr Il2 Klf9 Tgfbr3 Hpgd Gramd1b Slc10a1 Gnrh1 Rgs2 Cdk1 Cybb Fgf2 Gramd1c Cdo1 Dnmt3a Gpld1 Ctnna1 Rad51 Sod1 Tlr4 Slc23a2 Star Apobec1 Tbxa2r Srebf1 Ccnd1 Igf1r Hdac8 Trp53inp1 Eps8 Tdo2 Sphk2 Ptch1 Aacs Alas1 Tspo Lipa Pld2 Cad Prkca Creb1 Prkaa1 Birc2 Tgfbr1 Fyn Gnaq Fkbp5 Itpr2 Ppp1r9b Jup Fkrp Got2 Fdx2 Rara Acaca Larp1 Sgk1 Casp8"
"GOBP_RESPONSE_TO_ALKALOID",0.65275259517761,0.955411207750743,1,58,0.227777822908578,21,"Smad3 Ccna2 Dlg4 Tmem38b Xlr4a Gnal Dnmt3a Tmem38a Casp7 Rad51 Star Selenon Ptch1 Dhx15 Cad Adora2a Creb1 Prkaa1 Fyn Fkbp5 Ppp1r9b"
"GOBP_RESPONSE_TO_AMINE",1.02236860311672,0.455898366606171,1,25,0.404915636431472,12,"Slc18a2 Rgs2 Kcnc1 Cdk1 Gnal Sod1 Asic1 Cad Adora2a Ass1 Ppp1r9b Uros"
"GOBP_RESPONSE_TO_AMINO_ACID_STARVATION",0.64786288269938,0.963982589771491,1,64,0.223430748908924,23,"Cdkn1a Impact Nprl3 Eif2ak2 Castor1 Rragb Map3k5 Trim32 Szt2 Sesn2 Kptn Klhl22 Rragd Slc38a2 Sar1a Prkaa1 Fas Cul3 Larp1 Depdc5 Pex2 Becn1 Seh1l"
"GOBP_RESPONSE_TO_AMPHETAMINE",0.930619830281663,0.591278544703909,1,15,0.407563150417453,7,"Slc18a2 Rgs2 Gnal Sod1 Asic1 Adora2a Ppp1r9b"
"GOBP_RESPONSE_TO_AMYLOID_BETA",0.873647097173797,0.674806432400238,1,30,0.335848079255168,12,"App Ager Cacna1a Tlr6 Apoa2 Abcc1 Vcam1 Tlr4 Icam1 Lgmn Igf1r Psen1"
"GOBP_RESPONSE_TO_ANTIBIOTIC",0.859256680351135,0.69843326658028,1,33,0.32499597626515,8,"Pla2g4a Hyal2 Ezh2 Dusp18 Slc29a1 Endog Star Hdac8"
"GOBP_RESPONSE_TO_ATP",1.0432297210176,0.432705674207001,1,18,0.441011127229328,6,"Dntt Trpm4 Asph Nt5e Sod1 Pdxp"
"GOBP_RESPONSE_TO_AUDITORY_STIMULUS",0.835917980194543,0.708277703604806,1,11,0.391092315637166,3,"Nrxn1 Kcnc1 Tifab"
"GOBP_RESPONSE_TO_AXON_INJURY",0.793255651209324,0.806147632936953,1,49,0.282642901680204,16,"Neo1 Rtn4rl1 Nefh Cdk1 Cntf Fgf2 Muc3a Ctnna1 Sod1 Lrig2 Igf1r Grn Lamb2 Tspo Ptprs Cst3"
"GOBP_RESPONSE_TO_CADMIUM_ION",0.863939976971301,0.691718694781482,1,33,0.326767335850726,9,"Slc34a1 Sord Cdk1 Cybb Slc39a8 Sod1 Star Hmox1 Mapk9"
"GOBP_RESPONSE_TO_CAFFEINE",0.942245341617927,0.575967957276369,1,11,0.440838600535815,7,"Tmem38b Gnal Tmem38a Selenon Cad Adora2a Prkaa1"
"GOBP_RESPONSE_TO_CALCIUM_ION",0.835129734292054,0.785005279831045,1,88,0.278903636444723,18,"Pla2g4a App Slc25a13 Krt10 Kcnmb3 Nrxn1 Alox5ap Asph Akap5 Itpka Pde1c Endog Adam9 Rasal1 Apobec1 Micu3 Ccnd1 Lgmn"
"GOBP_RESPONSE_TO_CAMP",0.913821096617279,0.632692091348858,1,48,0.326411787650237,21,"Hcn3 Akap7 Ahr Pde4d Tifab Cdo1 Star Srebf1 Crem Crtc1 Top1 Alas1 Akap9 Pnpt1 Pik3cg Birc2 Cdk2 Ass1 Carm1 Itpr2 Crtc3"
"GOBP_RESPONSE_TO_CARBOHYDRATE",0.951476521529007,0.617101125874835,1,162,0.30424527458784,49,"Smad3 Angpt2 Ager Slc39a14 Camk2n1 Rps6ka2 Hmgn3 Unc13b Nrxn1 Nr1d1 Sgcb Trpm4 Atg7 Brsk2 Birc5 Pde1c Apoa2 Slc29a1 Rptor Gpld1 Vcam1 Endog Arv1 Icam1 Pfkfb2 Star Zbtb20 Ppard Khk Srebf1 Igf1r Pde4c Naglu Pde3b Pla2g6 Aacs Zbed3 Ndufaf2 Gpam Rasal2 Sesn2 Cst3 Mpc2 Prkca Pck2 Usf2 Sox4 Bad Mrgpre"
"GOBP_RESPONSE_TO_CHOLESTEROL",1.06001412109087,0.408694553266776,1,18,0.448106503297566,4,"Ccr5 Gramd1b Gramd1c Gpld1"
"GOBP_RESPONSE_TO_COCAINE",0.95974165842991,0.550998185117967,1,25,0.380111833685267,4,"Smad3 Ccna2 Dlg4 Xlr4a"
"GOBP_RESPONSE_TO_COLD",0.70386743631696,0.892095653198257,1,33,0.266223225094506,3,"Lrp11 Slc27a1 Metrnl"
"GOBP_RESPONSE_TO_COPPER_ION",1.01594355423102,0.468722355617339,1,18,0.429476272604425,5,"Loxl2 Sord Cdk1 Lcat Sod1"
"GOBP_RESPONSE_TO_CORTICOSTEROID",0.651314420504308,0.97063811744753,1,83,0.218400918832911,25,"Slc12a3 Klf9 Errfi1 Cybb Rxra Lcat Cdo1 Mettl21c Abcc1 Tnf Adam9 Star Ccnd1 Hdac8 Tdo2 Cad Pck2 Usp8 Mdk Fas Ass1 Ddit4 Fkrp Hdac3 Sgk1"
"GOBP_RESPONSE_TO_CORTICOSTERONE",-1.04813454067106,0.388548057259714,1,12,-0.397855734135361,5,"Fosb Hdac6 Fos Calm1 Nr3c2"
"GOBP_RESPONSE_TO_DECREASED_OXYGEN_LEVELS",1.03950777756951,0.404117884537747,1,205,0.329342625261838,48,"Ndnf Eng Smad3 Adam15 Lmna Ccna2 Tgfb3 Pik3cb Bbc3 Angpt2 Ager Lct Ndrg1 Mmp14 Loxl2 Vegfa Tigar Acvr2a Dram1 Cbfa2t3 Slc2a8 Cybb Hif3a Notch1 Hk2 Tacc3 Capn2 Rgcc Dnmt3a Suv39h2 Slc29a1 Rptor Endog Pak1 Apaf1 Ccnb1 Lta Prmt2 Ppard Dpp4 Abcg2 Ccnd1 Hmox1 Cited2 Ado Higd1a Fundc1 Camk2d"
"GOBP_RESPONSE_TO_DEXAMETHASONE",0.593410165448814,0.962688352068883,1,28,0.230197420018506,11,"Errfi1 Mettl21c Star Pck2 Usp8 Ass1 Ddit4 Hdac3 Smyd3 Bmi1 Eif4e"
"GOBP_RESPONSE_TO_DIETARY_EXCESS",0.779664414900324,0.779539841414273,1,14,0.346090697406833,1,"C1qtnf4"
"GOBP_RESPONSE_TO_DOPAMINE",0.808645978783206,0.754019292604502,1,21,0.330352386703648,4,"Ptger1 Gnao1 Cav2 Gnal"
"GOBP_RESPONSE_TO_DSRNA",1.05704346145616,0.407609326064262,1,37,0.392217492413474,8,"Nod2 Ifih1 Tlr3 Oas3 Raet1d Pmaip1 Zcchc3 Pqbp1"
"GOBP_RESPONSE_TO_ELECTRICAL_STIMULUS",-0.900665809208993,0.617489270386266,1,22,-0.288612154072033,4,"Nsmf Fbxo32 Palm Ciita"
"GOBP_RESPONSE_TO_ENDOPLASMIC_RETICULUM_STRESS",0.745954699126052,0.965506838294449,1,238,0.234799011082764,56,"Creb3l1 Tnfrsf10b Nod2 Map3k20 Tmtc3 Bbc3 App Marcks Rasgrf2 Fbxo44 Derl3 Svip Tmtc4 Bhlha15 Pik3r2 Nr1h3 Brsk2 Bbs10 Trib3 Eif2ak2 Pmaip1 Parp8 Cebpb Dnajb2 Apaf1 Foxred2 Bid Bak1 Wfs1 Ddx3x Ccnd1 Edem1 Map3k5 Yod1 Parp16 Selenon Tor1a Man1c1 Cdk5rap3 Usp14 Atf6 Pla2g6 Dnajc10 Faf1 Ufl1 Atg10 Sesn2 Dnajb9 Ptpn1 Tmem33 Tbl2 Trim13 Hspa1a Ubxn8 Dnajc3 Ermp1"
"GOBP_RESPONSE_TO_ESTRADIOL",1.03722483339092,0.425047018475495,1,56,0.36381693179105,24,"Ccna2 Kif18a Errfi1 Glrx Hpgd Socs2 Esr1 Nos3 Dnmt3a Endog Ccnd1 Fam210b Ptch1 Grn Gh Cst3 Nrip1 Prkca Gpx4 Ass1 Ppp1r9b Rara Mbd2 Stxbp1"
"GOBP_RESPONSE_TO_ETHANOL",1.05616482265826,0.387831479897348,1,77,0.356951682553731,34,"Lct Il2 Hpgd Slc10a1 Gnrh1 Rgs2 Cdk1 Cybb Fgf2 Cdo1 Dnmt3a Sod1 Tlr4 Slc23a2 Star Apobec1 Tbxa2r Srebf1 Ccnd1 Igf1r Trp53inp1 Eps8 Tdo2 Aacs Alas1 Prkca Creb1 Prkaa1 Birc2 Fyn Itpr2 Got2 Rara Casp8"
"GOBP_RESPONSE_TO_ETHER",1.1579227801407,0.288479142147247,1,13,0.522007681528485,2,"Foxp3 Abcb4"
"GOBP_RESPONSE_TO_FATTY_ACID",0.947221528683651,0.5728962253261,1,39,0.348823360296206,14,"Kcnk10 Ffar2 Kcnk4 Ildr1 Tlr4 Ccnb1 Scd2 Srebf1 Hmox1 Aacs Creb1 Acsl1 Ass1 Zc3h12a"
"GOBP_RESPONSE_TO_FLUID_SHEAR_STRESS",0.517918905530384,0.98777979431337,1,25,0.205125101273072,11,"Car2 Nos3 Abcc1 Cited2 Ift88 Nfe2l2 Ass1 Hdac3 P2rx7 Hdac5 Abca1"
"GOBP_RESPONSE_TO_FOOD",-0.716123445954004,0.887339055793991,1,22,-0.22947682503879,8,"Mkks Prkcg Blvra Tmem135 Slc16a1 Plec Bcl10 Nucb2"
"GOBP_RESPONSE_TO_FORSKOLIN",0.607085749717196,0.932443257676903,1,11,0.28403094235629,1,"Ahr"
"GOBP_RESPONSE_TO_FUNGUS",0.72232874103375,0.867256637168142,1,28,0.280207893751573,5,"App Trim62 Clec4a3 Nlrp10 Bak1"
"GOBP_RESPONSE_TO_GAMMA_RADIATION",1.15081043192685,0.25638429519631,1,48,0.411063053503903,6,"Smad3 Map3k20 Cdkn1a Xrcc2 Tigar Ddias"
"GOBP_RESPONSE_TO_GLUCAGON",1.02361237367718,0.471351065237528,1,12,0.469700771406189,5,"Ccna2 Cdo1 Srebf1 Creb1 Ass1"
"GOBP_RESPONSE_TO_GONADOTROPIN",1.18302653221386,0.252354534898723,1,15,0.51810417617104,9,"Ccna2 Tgfbr3 Pde4d Notch1 Npr2 Star Top1 Alas1 Ppargc1a"
"GOBP_RESPONSE_TO_GRANULOCYTE_MACROPHAGE_COLONY_STIMULATING_FACTOR",0.782810939366658,0.772496662216288,1,11,0.366245672705545,3,"Npr2 Cd4 Csf2ra"
"GOBP_RESPONSE_TO_GROWTH_HORMONE",1.1025700606142,0.341472215540053,1,26,0.433264227381846,14,"Socs2 Jak3 Mbd5 Ptk2 Star Irf1 Gh Pnpt1 Leprot Leprotl1 Ass1 Rnf7 Stat3 Cacybp"
"GOBP_RESPONSE_TO_HEAT",0.720377725054567,0.905525650884324,1,60,0.250500064457206,10,"Zfp976 Lrp11 Scn2b Hspb6 Hspa1b Mapt Sod1 Zfp709 Hmox1 Trp53inp1"
"GOBP_RESPONSE_TO_HEPATOCYTE_GROWTH_FACTOR",0.779502563581324,0.776234979973298,1,11,0.364697817081501,4,"Appl1 Lgmn Appl2 Creb1"
"GOBP_RESPONSE_TO_HYDROGEN_PEROXIDE",0.87247881137816,0.722659574468085,1,81,0.293355639744222,27,"Sirpa Axl Nr4a3 Zfp580 Ezh2 Cdk1 Pcgf2 Tnfaip3 Rhob Capn2 Sod1 Fchsd1 Adam9 Star Map3k5 Hmox1 Lck Txn1 Plekha1 Pld2 Cst3 Hdac2 Ripk1 Nfe2l2 Prkaa1 Fyn Kdm6b"
"GOBP_RESPONSE_TO_HYDROPEROXIDE",0.764812610430285,0.792336864129724,1,13,0.344788153771315,5,"Ddias Trp53inp1 Oxr1 Mgst1 Xrcc1"
"GOBP_RESPONSE_TO_HYDROXYUREA",-0.743526744571875,0.792993630573248,1,11,-0.289357113262994,1,"Spidr"
"GOBP_RESPONSE_TO_HYPEROXIA",0.76800488162147,0.786423183803097,1,12,0.352411219928345,2,"Nox1 Atg7"
"GOBP_RESPONSE_TO_IMMOBILIZATION_STRESS",0.980944811863857,0.526088662220479,1,13,0.442223553876559,1,"Lrp11"
"GOBP_RESPONSE_TO_INCREASED_OXYGEN_LEVELS",0.570994875537153,0.964366658272475,1,19,0.239075716705359,2,"Nox1 Atg7"
"GOBP_RESPONSE_TO_INSULIN",0.660514116281912,0.99265076009262,1,218,0.208665942001504,61,"Rab13 Socs3 Egr2 Slc39a14 Marcks Slc27a1 Pik3r3 Errfi1 Socs1 Sgcb Cav2 Lpin1 Pik3r2 Slc2a8 Slc25a33 Gpr21 Trib3 Uprt Slc27a4 Cd101 Appl1 Gpld1 Prkcz Tnf Meak7 Arv1 Pak1 Star Prkci Khk Srebf1 Igf1r Cyfip1 Cry2 Sco1 Ptpre Appl2 Epm2aip1 Pde3b Gkap1 Zbed3 Sos1 Alas1 Vps13c Gpam Sesn2 Ptpn1 Mzb1 Cad Prkca Pck2 C2cd5 Scap Prkaa1 Capn10 Pip4k2a Stxbp4 Ncoa5 Ide Cdk2 Grb7"
"GOBP_RESPONSE_TO_INTERLEUKIN_1",0.633434546775053,0.973928032751562,1,71,0.21589274468354,6,"Sirpa App Sele Saa3 Nr1d1 Hyal2"
"GOBP_RESPONSE_TO_INTERLEUKIN_17",1.05440052248986,0.420714469288101,1,16,0.456752206952403,2,"Socs3 Ikbke"
"GOBP_RESPONSE_TO_INTERLEUKIN_18",0.643068932606003,0.904988752150324,1,12,0.295082378329722,2,"Ticam2 Casp4"
"GOBP_RESPONSE_TO_INTERLEUKIN_4",0.9327208981159,0.59009596019429,1,31,0.356287662882395,3,"Tcf7 Nfil3 Jak3"
"GOBP_RESPONSE_TO_INTERLEUKIN_7",0.626620689543968,0.934330942369528,1,21,0.255990440538916,13,"Il7r Jak3 Rad23b Gipc1 Stip1 Atic P4hb Stat1 Hspd1 Il2rg Hmgb1 Pdia3 Hnrnph1"
"GOBP_RESPONSE_TO_IONIZING_RADIATION",0.947577081977733,0.610681513558099,1,122,0.30803213769228,26,"Kdm4d Smad3 Map3k20 Cdkn1a Xrcc2 Rad54l Bbc3 Tigar Ddias Ccnd2 Ercc8 Rhob Zmpste24 Nabp1 Pmaip1 Dnmt3a Tnf Rad51 Nhej1 Mrnip Star Hus1 Bak1 Apobec1 Ccnd1 Rad9b"
"GOBP_RESPONSE_TO_IRON_ION",0.96605749448447,0.544073705179283,1,20,0.399444087129267,6,"Lct Hfe Trf Ccnb1 Aco1 Ccnd1"
"GOBP_RESPONSE_TO_KETONE",1.02986520012118,0.433018286418738,1,129,0.333551633689364,45,"Slc12a3 Adam15 Tgfb3 Foxp3 Ptger1 Ahr Trerf1 Mmp14 Abcb4 Klf9 Errfi1 Tgfbr3 Gnrh1 Nr1h3 Cybb Fgf2 Mettl21c Star Tbxa2r Srebf1 Ccnd1 Hdac8 Tdo2 Plcg1 Sphk2 Tspo Cflar Lipa Psph Pld2 Cad Prkca Pck2 Usp8 Creb1 Prkaa1 Gnaq Ass1 Ddit4 Ppp1r9b Fdx2 Acaca Larp1 Hdac3 Sgk1"
"GOBP_RESPONSE_TO_LEAD_ION",1.00969730571747,0.479182630906769,1,17,0.432211955280824,6,"Lct Slc34a1 Plscr1 Dnmt3a Mapt Star"
"GOBP_RESPONSE_TO_LEUKEMIA_INHIBITORY_FACTOR",0.988264939437949,0.512357414448669,1,87,0.330278037133957,25,"Spry2 Socs3 Nrp2 Rfx2 Ctbp2 Nefh Trim2 Ext1 Gstt2 Bspry Myb Ildr1 Hk2 Rnf125 Snx10 Mybl2 Wdr35 Icam1 Cacnb4 Enah Parp16 Gtf2h1 Eps8 Mynn Shmt1"
"GOBP_RESPONSE_TO_LIGHT_STIMULUS",0.757579540612246,0.950010078613183,1,212,0.239676714730605,39,"Nlrp1b Cabp4 Map3k20 Cdkn1a App Atxn1 Slc7a11 Lrrn4 Ddias Fbxl21 Best1 Hyal2 Per2 Ext1 Kcnc1 Itgb1 Hrh2 Bbs10 Nr2f6 Ddhd2 Tanc1 Ercc8 Zranb3 Sik1 Pmaip1 Il12a Casp7 Cpt1b Ercc5 Idua Ctns Polk Hus1 Bak1 Abcg2 Cacnb4 Bmf Mettl3 Ccnd1"
"GOBP_RESPONSE_TO_L_GLUTAMATE",0.805486205716704,0.748790375310579,1,13,0.363124375788047,8,"Grin2d Amigo1 Tnf Igf1r Ufl1 Lmnb1 Creb1 Fyn"
"GOBP_RESPONSE_TO_L_LEUCINE",0.560274349126038,0.962992023015562,1,13,0.252579463003245,4,"Rptor Sesn2 Klhl22 Rragd"
"GOBP_RESPONSE_TO_MACROPHAGE_COLONY_STIMULATING_FACTOR",0.919157907782642,0.605512023777357,1,10,0.438395339222722,3,"Csf1r Csf1 Tlr4"
"GOBP_RESPONSE_TO_MANGANESE_ION",0.737590730447514,0.829699393626629,1,15,0.323026430383409,5,"A3galt2 Adam9 Tspo Bace1 D2hgdh"
"GOBP_RESPONSE_TO_METAL_ION",0.955974180823469,0.617229219143577,1,209,0.302570826759791,47,"Car2 Pla2g4a App Lct A3galt2 Slc25a13 Krt10 Slc34a1 Kcnmb3 Loxl2 Nrxn1 Tigar Dlg4 Alox5ap Gnrh1 Impa2 Kcnc1 Sord Asph Akap5 Cdk1 Itpka Cybb Pde1c Lcat Slc39a8 Plscr1 Hfe Trf Dnmt3a Endog Mapt Sod1 Hsd17b1 Adam9 Ccnb1 Star Aco1 Rasal1 Apobec1 Micu3 Khk Ccnd1 Lgmn Hmox1 Gphn Lck"
"GOBP_RESPONSE_TO_MINERALOCORTICOID",0.902240977234578,0.63035358565737,1,20,0.373057323792521,5,"Slc12a3 Cybb Star Ccnd1 Hdac8"
"GOBP_RESPONSE_TO_MISFOLDED_PROTEIN",0.592443758590521,0.955179282868526,1,20,0.244962807779788,9,"Rxra Dnajc18 Ubr4 Klhl15 Ubr5 Cul3 Rara Ube2w Vcp"
"GOBP_RESPONSE_TO_MONOAMINE",1.01935702073257,0.460254083484574,1,25,0.403722879930513,6,"App Ptger1 Nr4a3 Gnao1 Cav2 Gnal"
"GOBP_RESPONSE_TO_MURAMYL_DIPEPTIDE",0.921358530276477,0.606768837803321,1,17,0.394397577997393,5,"Nod2 Notch1 Tnfaip3 Nagk Ptpn22"
"GOBP_RESPONSE_TO_MUSCLE_ACTIVITY",0.895500903422065,0.634627958676605,1,13,0.403704252493602,6,"Metrnl Itgb1 Srl Selenon Ppargc1a Slc38a2"
"GOBP_RESPONSE_TO_MUSCLE_STRETCH",-0.864934812361986,0.64504664593514,1,15,-0.30737083332442,5,"Ryr2 Fos Gsn Mapk14 Ankrd23"
"GOBP_RESPONSE_TO_NERVE_GROWTH_FACTOR",0.454755332417234,0.998133022170362,1,36,0.169624482092509,12,"Magi2 Kcnc1 Tmem108 Cstf2 Ptpn1 Usp8 Creb1 Acap2 Rapgef1 Kat2a Eef2k Arf6"
"GOBP_RESPONSE_TO_NICOTINE",0.798351532330645,0.763695219123506,1,20,0.330101262979429,9,"Chrnb1 Chrna2 Tnf Star Hmox1 Bad Creb1 Ppp1r9b B2m"
"GOBP_RESPONSE_TO_NITRIC_OXIDE",0.658290865261455,0.899045377272133,1,13,0.296766670662405,5,"Ccna2 Itgav Txn1 Cflar Ptpn1"
"GOBP_RESPONSE_TO_NITROSATIVE_STRESS",0.819447156889332,0.728721967035936,1,10,0.390837973843059,3,"Stox1 Adh5 Dusp6"
"GOBP_RESPONSE_TO_NUTRIENT",0.965302197578864,0.567380352644836,1,93,0.320796212019738,22,"Maf Lct Serpinc1 Pemt Bckdhb Fes Arsb Cybb Cdon Rxra Slc27a4 Suox Eif2ak2 Dnmt3a Mapt Apaf1 Lta Star Ppard Tbxa2r Srebf1 Ccnd1"
"GOBP_RESPONSE_TO_NUTRIENT_LEVELS",0.803962674965589,0.951546701371509,1,352,0.249843202035047,90,"C1qtnf4 Slc39a4 Nod2 Bmpr2 Lrp11 Maf Cdkn1a Wnt4 Lct Il15ra Serpinc1 Slc34a1 Acvr2a Klf10 Dram1 Asl Pemt Impact Slc10a1 Bckdhb Fes Atg7 Bhlha15 Bbs4 Gabarapl1 Arsb Cybb Cdon Rxra Nprl3 Slc27a4 Hfe Suox Eif2ak2 Pmaip1 Chka Dnmt3a Rptor Sirt5 Dele1 Castor1 Rrp8 Mapt Meak7 Arv1 Pak1 Sod1 Deptor Apaf1 Afp Eif2ak1 Lta Star Rragb Ppard Tbxa2r Zdhhc3 Srms Srebf1 Ccnd1 Map3k5 Lamp2 Akt1s1 Nenf Appl2 Higd1a Wipi1 Aacs Jmy Mlycd Trim32 Alas1 Szt2 Fnip1 Tspo Gh Rasal2 Ppargc1a Sesn2 Lipa Psph Cst3 Clec16a Kptn Cpeb4 Ptpn1 Bbs2 Klhl22 Tbl2 Rragd"
"GOBP_RESPONSE_TO_ORGANOPHOSPHORUS",1.01509413548385,0.464443249058634,1,72,0.34540865807685,30,"Hcn3 Akap7 Dntt Ahr Errfi1 Pde4d Tlr7 Trpm4 Asph Tifab Nt5e Npr2 Cdo1 Sod1 Pdxp Star Srebf1 Crem Crtc1 Top1 Alas1 Akap9 Pnpt1 Ssh1 Pik3cg Birc2 Cdk2 Ass1 Carm1 Itpr2"
"GOBP_RESPONSE_TO_OSMOTIC_STRESS",-0.720279721268334,0.968680089485459,1,59,-0.185337861051134,8,"Slc4a11 Lrrc8a Tsc22d3 Slc12a2 Mlst8 Nlk Letm1 Ryr1"
"GOBP_RESPONSE_TO_OXIDATIVE_STRESS",0.681343888067936,0.995490981963928,1,304,0.212672255158742,79,"Mctp1 Sirpa App Axl Mmp14 Tet1 Nr4a3 Slc7a11 Zfp580 Ddias Gsr Glrx Stox1 Hyal2 Nox1 Prr5l Ezh2 Atg7 Cdk1 Aifm2 Pcgf2 Nos3 Ercc8 Tnfaip3 Rhob Rcan1 Ercc6l2 Capn2 Abcc1 Ncoa7 Vrk2 Fut8 Pex12 Txnrd2 Endog Meak7 Sod1 Tlr4 Mutyh Slc23a2 Fchsd1 Adam9 Pycr2 Star Msrb2 Pnpla8 Abcg2 Fbxo31 Map3k5 Hmox1 Selenon Lck Psen1 Tor1a Naglu Trp53inp1 Txn1 Mapk9 Trim32 Plekha1 Ubr4 Psma6 Atrn Ppargc1a Sesn2 Pld2 Cst3 1600014C10Rik Trap1 Hdac2 Arl6ip5 Pnpt1 Vkorc1l1 Ripk1 Prkca Stk25 Ermp1 Gpx4 Plk3"
"GOBP_RESPONSE_TO_OXYGEN_GLUCOSE_DEPRIVATION",1.06246512771171,0.412320994325858,1,10,0.506746181620878,2,"Acvr2a Dram1"
"GOBP_RESPONSE_TO_OXYGEN_LEVELS",1.00274766396583,0.5027168444355,1,224,0.31633900231787,50,"Ndnf Eng Smad3 Adam15 Lmna Ccna2 Tgfb3 Pik3cb Bbc3 Angpt2 Ager Lct Ndrg1 Mmp14 Loxl2 Vegfa Tigar Acvr2a Dram1 Nox1 Cbfa2t3 Atg7 Slc2a8 Cybb Hif3a Notch1 Hk2 Tacc3 Capn2 Rgcc Dnmt3a Suv39h2 Slc29a1 Rptor Endog Pak1 Apaf1 Ccnb1 Lta Prmt2 Ppard Dpp4 Abcg2 Ccnd1 Hmox1 Cited2 Ado Higd1a Fundc1 Camk2d"
"GOBP_RESPONSE_TO_OXYGEN_RADICAL",-0.732510664869461,0.847605893186004,1,17,-0.249646471944411,5,"Dhfr Ccs Gch1 Atp7a Ercc6"
"GOBP_RESPONSE_TO_PAIN",1.02698768038464,0.454533844189017,1,17,0.439613288928164,6,"Cacna1a Vwa1 Capn2 Atat1 Lpar5 Tspo"
"GOBP_RESPONSE_TO_PEPTIDE_HORMONE",0.792595016562719,0.95713141025641,1,323,0.246872387562447,93,"Rab13 Car2 Socs3 Smad3 Egr2 Ccna2 Slc39a14 Marcks Itgb3 Slc27a1 Nr4a3 Pik3r3 Errfi1 Lrrc25 Tgfbr3 Socs1 Camk2a Gnrh1 Sgcb Socs2 Cav2 Serpina3g Lpin1 Pik3r2 Slc2a8 Slc25a33 Jak3 Cybb Gpr21 Trib3 Uprt Serpina3f Npr2 Slc27a4 Cdo1 Cd101 Appl1 Gpld1 Prkcz Tnf Meak7 Arv1 Pak1 Mbd5 Ptk2 Star Prkci Abcg2 Khk Srebf1 Tcf12 Igf1r Cyfip1 Cry2 Sco1 Ptpre Appl2 Epm2aip1 Pde3b Top1 Gkap1 Irf1 Zbed3 Sos1 Alas1 Vps13c Gh Gpam Sesn2 Pld2 Ptpn1 Pnpt1 Mzb1 Cad Prkca Pck2 Klf11 Nfe2l2 Leprot C2cd5 Scap Creb1 Prkaa1 Capn10 Pip4k2a Leprotl1 Fyn Stxbp4 Ncoa5 Ide Cdk2 Grb7 Ass1"
"GOBP_RESPONSE_TO_PHORBOL_13_ACETATE_12_MYRISTATE",1.05080093028539,0.426506349635234,1,10,0.50118290490403,4,"Adam15 Sphk2 Pld2 Prkca"
"GOBP_RESPONSE_TO_PROGESTERONE",1.14928460172023,0.288222111553785,1,20,0.475204572405746,4,"Tgfb3 Trerf1 Errfi1 Nr1h3"
"GOBP_RESPONSE_TO_PROSTAGLANDIN",0.892371372715389,0.644432976390143,1,15,0.390812312581125,3,"Ptger1 Tgfbr3 Gnrh1"
"GOBP_RESPONSE_TO_PROSTAGLANDIN_E",0.970442930430051,0.541127239440303,1,13,0.437489159776218,3,"Ptger1 Tgfbr3 Gnrh1"
"GOBP_RESPONSE_TO_PURINE_CONTAINING_COMPOUND",1.08983508970254,0.32372270510918,1,83,0.36544712887377,41,"Hcn3 Akap7 Dntt Ahr Pde4d Tmem38b Tlr7 Trpm4 Asph Tifab Gnal Nt5e Npr2 Cdo1 Tmem38a Sod1 Pdxp Star Srebf1 Selenon Crem Crtc1 Top1 Alas1 Hmgcs1 Akap9 Pnpt1 Cad Atf1 Adora2a Ssh1 Pik3cg Creb1 Prkaa1 Birc2 Cdk2 Ass1 Carm1 Itpr2 Crtc3 Ada"
"GOBP_RESPONSE_TO_RADIATION",0.766502794714767,0.971749148467241,1,308,0.239158183555563,65,"Nlrp1b Kdm4d Smad3 Cabp4 Map3k20 Cdkn1a Xrcc2 Rad54l Bbc3 App Atxn1 Slc7a11 Tigar Lrrn4 Ddias Fbxl21 Best1 Hyal2 Per2 Ccnd2 Ext1 Kcnc1 Itgb1 Hrh2 Bbs10 Nr2f6 Ddhd2 Tanc1 Ercc8 Zranb3 Sik1 Rhob Zmpste24 Nabp1 Pmaip1 Il12a Dnmt3a Casp7 Cpt1b Tnf Ercc5 Rad51 Nhej1 Idua Mrnip Ctns Star Polk Hus1 Bak1 Apobec1 Abcg2 Cacnb4 Bmf Mettl3 Ccnd1 Rad9b Cry2 Rdh13 Lig4 Trp53inp1 Crtc1 Txn1 Mapk9 Top1"
"GOBP_RESPONSE_TO_REACTIVE_OXYGEN_SPECIES",0.818246821767723,0.852683125892675,1,141,0.263446642848258,40,"Sirpa Axl Tet1 Nr4a3 Zfp580 Glrx Hyal2 Nox1 Ezh2 Atg7 Cdk1 Pcgf2 Nos3 Tnfaip3 Rhob Ercc6l2 Capn2 Pex12 Txnrd2 Endog Sod1 Fchsd1 Adam9 Star Map3k5 Hmox1 Lck Txn1 Mapk9 Plekha1 Sesn2 Pld2 Cst3 Trap1 Hdac2 Ripk1 Prkca Stk25 Plk3 Nfe2l2"
"GOBP_RESPONSE_TO_RETINOIC_ACID",-0.669534550243333,0.977954144620811,1,47,-0.179206016378301,9,"Ovca2 Slc10a3 Csprs Tead2 Add1 Snw1 Tfrc Dusp1 Ltk"
"GOBP_RESPONSE_TO_SALT_STRESS",-0.812991778766896,0.732119058196357,1,15,-0.288911900589454,15,"Letm1 Kmo Nedd4l Xrcc6 Ptk2b Mknk1 Slc12a6 Anxa7 Akt1 Zfp36l1 Hsp90aa1 Slc25a23 Micu1 Bax Xrcc5"
"GOBP_RESPONSE_TO_STARVATION",0.713152047013755,0.967696202531646,1,180,0.227264294143348,51,"Slc39a4 Bmpr2 Lrp11 Cdkn1a Wnt4 Slc34a1 Klf10 Impact Atg7 Bhlha15 Gabarapl1 Nprl3 Hfe Eif2ak2 Pmaip1 Chka Rptor Dele1 Castor1 Rrp8 Pak1 Eif2ak1 Rragb Srebf1 Map3k5 Lamp2 Higd1a Wipi1 Jmy Trim32 Szt2 Fnip1 Sesn2 Clec16a Kptn Cpeb4 Klhl22 Tbl2 Rragd Cad Pck2 Acat1 Slc38a2 Sar1a Nfe2l2 Zfyve1 Prkaa1 Ulk2 Fas Zc3h12a Mfsd5"
"GOBP_RESPONSE_TO_STEROID_HORMONE",0.806718014180981,0.900636170857316,1,200,0.255818066279891,33,"Car2 Slc12a3 Hmga2 Tgfb3 Tfpi Ahr Trerf1 Paqr8 Klf9 Errfi1 Gnrh1 Nr1h3 Dnaaf4 Esr1 Kdm5d Cybb Rxra Lcat Cdo1 Mettl21c Abca2 Trim68 Abcc1 Tnf Pak1 Adam9 Pagr1a Star Prmt2 Srebf1 Ccnd1 Hdac8 Cry2"
"GOBP_RESPONSE_TO_STEROL",1.01803774392491,0.470071728914173,1,21,0.41589423219052,4,"Ccr5 Gramd1b Gramd1c Gpld1"
"GOBP_RESPONSE_TO_STEROL_DEPLETION",-0.827181705656475,0.707642725598527,1,17,-0.281911246317348,6,"Eif2a Erlin2 Eif2ak3 Insig1 Pip4p1 Insig2"
"GOBP_RESPONSE_TO_TEMPERATURE_STIMULUS",0.721981142586535,0.933833489632177,1,105,0.237535414472216,12,"Zfp976 Lrp11 Scn2b Slc27a1 Metrnl Mmp24 Tac4 Lxn Hspb6 Kcnk4 Nr2f6 Hspa1b"
"GOBP_RESPONSE_TO_TESTOSTERONE",0.857300200668556,0.68886642234298,1,18,0.362411959948745,6,"Gnrh1 Tbxa2r Tspo Cflar Psph Cad"
"GOBP_RESPONSE_TO_THYROID_HORMONE",-0.739335256655471,0.808588957055215,1,12,-0.280640280321733,12,"Hes1 Crls1 Rdx Gclm Ctsh Ctsb Med1 Tomm70a Gclc Brd8 Ppargc1a Gh"
"GOBP_RESPONSE_TO_TOPOLOGICALLY_INCORRECT_PROTEIN",0.554653787142722,0.998148148148148,1,126,0.179911397399551,43,"Creb3l1 Derl3 Dnajb5 Tmtc4 Bhlha15 Rxra Tm7sf3 Eif2ak2 Parp8 Wfs1 Ccnd1 Edem1 Dnajc18 Yod1 Parp16 Cdk5rap3 Atf6 Dnajc10 Ufl1 Epg5 Ubr4 Dnajb9 Ptpn1 Tmem33 Tbl2 Hspa1a Dnajc3 Ermp1 Nfe2l2 Klhl15 Igtp Rhbdd1 Aatf Ubr5 Atf6b Rnf7 Cul3 Rara Ddit3 Creb3 Erp27 Ube2w Stat3"
"GOBP_RESPONSE_TO_TOXIC_SUBSTANCE",1.01504270659872,0.465559655596556,1,135,0.327963854422498,51,"Abcb1b Gstp2 Scn2b Pon3 Ahr Gstk1 Slc18a2 Slc7a11 Alox5ap Gsr Mgst2 Kcnc1 S100a8 Gstt2 Slc29a4 Cdk1 Aifm2 Slc19a1 Nos3 Slc39a8 Prxl2b Eif2ak2 Abcc1 Dnmt3a Ltc4s Txnrd2 Rad51 Sod1 Ccnb1 Star Bak1 Adh5 Abcg2 Scn8a Trp53inp1 Clybl Txn1 Alas1 Sesn2 Cst3 Dhx15 Rab29 Slc30a4 Gpx4 Wapl Nfe2l2 Apom Adal Fas Kdm6b Ass1"
"GOBP_RESPONSE_TO_TUMOR_CELL",1.07845136061453,0.373081878880169,1,35,0.404376788319734,10,"Adam15 Ahr Prf1 Nkg7 Lag3 Raet1d Notch1 Cd160 Cd274 Il12a"
"GOBP_RESPONSE_TO_TUMOR_NECROSIS_FACTOR",0.685018285138054,0.974061641745499,1,152,0.219811631376724,24,"Tnfrsf4 Tnfsf18 Tjp2 Tnfrsf21 Peli3 Slc22a21 Nr1d1 Nmnat3 Hyal2 Ext1 Naip5 Cxcl16 Ccr1 Cdk5r1 Hspa1b Traf1 Smpd4 Dbn1 Tnf Endog Wdr35 Tnfrsf1b Adam9 Anxa4"
"GOBP_RESPONSE_TO_TYPE_II_INTERFERON",0.974908199170001,0.548907388137357,1,107,0.320159685849293,20,"Ifitm3 Gbp6 Gbp8 Il12rb1 Sirpa Gbp2 Slc22a21 Camk2a Cxcl16 Cdc42ep4 Nlrc5 Gbp7 Gbp9 Abcc1 Ifitm2 Gbp4 Tnf Tlr4 Bst2 Star"
"GOBP_RESPONSE_TO_TYPE_I_INTERFERON",1.13291493811608,0.26984126984127,1,66,0.389532182273647,21,"Ifitm3 Ttll12 Isg15 Ifih1 Ikbke Rbm47 Oas3 Dcst1 Usp27x Nlrc5 Ifitm2 Oasl2 Mettl3 Cnot7 Zbp1 Ubr4 Oas2 Ifnar2 Irf7 Usp18 Mul1"
"GOBP_RESPONSE_TO_UV",0.496845799245795,0.999896960329727,1,125,0.161303585339391,40,"Nlrp1b Map3k20 Cdkn1a Ddias Hyal2 Ercc8 Zranb3 Pmaip1 Il12a Casp7 Ercc5 Polk Hus1 Bak1 Bmf Mettl3 Ccnd1 Trp53inp1 Mapk9 Trim32 Sirt6 Cirbp Cops9 Tipin Rnf168 Stk11 Prkaa1 Rhbdd1 Ercc4 Brca2 Msh2 Fbxw7 Hmgn1 Zbtb1 Dhx36 Ercc3 Bax Fech Pold3 Nsmce3"
"GOBP_RESPONSE_TO_UV_B",1.07530946228129,0.386326298496146,1,18,0.454572400044799,3,"Nlrp1b Map3k20 Cdkn1a"
"GOBP_RESPONSE_TO_UV_C",-0.514965536914637,0.986066878980892,1,11,-0.200408313862802,1,"Polh"
"GOBP_RESPONSE_TO_VIRUS",1.01457636555901,0.458316633266533,1,306,0.316630763988399,59,"Il15 Nlrp1b Ifitm3 Il12rb1 Smad3 Dtx4 Ifit3b Hmga2 Zdhhc1 Isg15 Foxp3 Ifih1 Tlr3 Ikbke Gbp2 Trim34b Ifit3 Flt3 Pbld1 Rnasel Prf1 Oas3 Ticam2 Hyal2 Tlr7 Ifit1bl2 Ext1 Atg7 Rtp4 Usp27x Isg20 Plscr1 Nlrc5 Gbp7 Pim2 Lyst Ifit2 Mov10 Eif2ak2 Rab2b Zmpste24 Fv1 Pmaip1 Rnf135 Il12a Ifitm2 Ddx60 Zcchc3 Gbp4 Tnf Ifit1 Trim30d Pqbp1 Bst2 Oasl2 Trim30c Apobec1 Ddx3x Ptpn22"
"GOBP_RESPONSE_TO_VITAMIN",0.82048367888079,0.757635127348162,1,40,0.300974366711881,22,"Pemt Fes Cdon Rxra Eif2ak2 Dnmt3a Ppard Ccnd1 Tspo Lipa Scap Ubr5 Ada Rara Trim24 Becn1 Abca1 Nfkbiz Enpp1 Kynu Lrp6 Sod2"
"GOBP_RESPONSE_TO_VITAMIN_D",0.913271128258094,0.616952651270804,1,15,0.39996532000131,3,"Fes Cdon Rxra"
"GOBP_RESPONSE_TO_XENOBIOTIC_STIMULUS",0.99737373436768,0.509138644855094,1,200,0.316276834778916,58,"Abcb1b Rad54l Lct Gstp2 Pon3 Ahr Tpmt Itgb3 Slc18a2 Errfi1 Tigar Dmd Acer2 Pemt Slc10a1 Kcnc1 Abcc4 Myo6 Akap5 Pfas Cybb Uchl1 Slc19a1 Tent4a Gstm4 Lyst Abcc1 Dnmt3a Rptor Gpld1 Atraid Rad51 Sod1 Ccnb1 Lta Ppox Star Apobec1 Tbxa2r Abcg2 Cyp2r1 Srebf1 Ccnd1 Gstm1 Lck Fmo5 Agpat2 Bloc1s3 Top1 Cryz Ptch1 Aacs Vav3 Alas1 Tspo Dusp6 Lipa Cst3"
"GOBP_RESPONSE_TO_X_RAY",1.02546589545083,0.458199356913183,1,21,0.418928820440219,11,"Xrcc2 Ccnd2 Ercc8 Pmaip1 Rad51 Ccnd1 Lig4 Xrcc5 Brca2 Msh2 Nucks1"
"GOBP_RESPONSE_TO_ZINC_ION",0.769508339884745,0.799777393024981,1,21,0.314363668823041,8,"Car2 Khk Tspo Slc30a4 Creb1 Ass1 D2hgdh P2rx7"
"GOBP_RETICULOPHAGY",-0.966184078952036,0.514484978540773,1,22,-0.309607032270218,6,"Atg9a Ufm1 Uba5 Ccpg1 Rb1cc1 Retreg1"
"GOBP_RETINAL_ROD_CELL_DIFFERENTIATION",1.05955244478189,0.415563361253715,1,10,0.505356968069805,8,"Samd11 Rpgrip1l Bbs4 Bbs10 Naglu Ahi1 Alms1 Rpgrip1"
"GOBP_RETINA_HOMEOSTASIS",1.00898162516417,0.474025209094122,1,33,0.381626324010451,16,"Lca5 Nphp4 Prom1 Bbs4 Bbs10 Spata7 Usp45 Bbs12 Whrn Sod1 Tmem216 Epg5 Bbs2 Iqcb1 Dram2 Wdr36"
"GOBP_RETINOIC_ACID_RECEPTOR_SIGNALING_PATHWAY",1.13298716378593,0.301428397021121,1,23,0.454918796866817,8,"Greb1l Ctbp2 Nr2c1 Ezh2 Dhrs3 Rxra Thra Aldh1a3"
"GOBP_RETINOL_METABOLIC_PROCESS",1.01593579062686,0.473528655872526,1,16,0.440089799457791,12,"Dhrs3 Rdh10 Rdh9 Rdh5 Retsat Aldh1a3 Rdh13 Dgat1 Dhrs7 Rdh12 Lipe Rdh14"
"GOBP_RETROGRADE_TRANSPORT_VESICLE_RECYCLING_WITHIN_GOLGI",-1.01076474618289,0.434615384615385,1,10,-0.402643728285984,3,"Cog2 Cog3 Cux1"
"GOBP_RETROGRADE_VESICLE_MEDIATED_TRANSPORT_GOLGI_TO_ENDOPLASMIC_RETICULUM",-0.854738856517765,0.753670473083197,1,43,-0.235031135238704,43,"Rab6b Cog3 Bnip1 Rint1 Arf3 Ergic2 Htt Arf4 Scyl1 Copb2 Tmem115 Rer1 Plpp3 Golph3 Rab33b Copz1 Rab6a Pitpnb Copa Arcn1 Golph3l Gbf1 Cope Use1 Psmd14 Tmed10 Sec22b Bicd2 Atp9b Lman2 Arf5 Nbas Ergic3 Bet1l Scfd1 Cog4 Uvrag Cog7 Kdelr2 Kif1c Kdelr1 Stx18 Ergic1"
"GOBP_RHO_PROTEIN_SIGNAL_TRANSDUCTION",0.56467530124329,0.995776135163675,1,88,0.188581472387375,21,"F11r Arap3 Itga3 Mcf2l Ccdc125 Itgb1 Ntn1 Cdc42ep4 Ctnnal1 Arhgap5 Bcr Dock7 Arhgap35 Stard8 Arhgef10 Arhgef11 Eps8 Pkp4 Pin1 Nfix Vangl2"
"GOBP_RHYTHMIC_BEHAVIOR",0.980562620345487,0.51668653158522,1,29,0.37856559643328,3,"Egr2 Gpr157 Nr1d1"
"GOBP_RIBONUCLEOPROTEIN_COMPLEX_LOCALIZATION",-1.12924254198431,0.30879345603272,1,12,-0.428643082662274,3,"Thoc5 Nsun2 Rbm10"
"GOBP_RIBONUCLEOSIDE_METABOLIC_PROCESS",-1.03841771784555,0.388702728578267,1,18,-0.349046472394097,6,"Gamt Pnp2 Ahcy Adk Xdh Nt5c3"
"GOBP_RIBONUCLEOSIDE_MONOPHOSPHATE_BIOSYNTHETIC_PROCESS",-0.686497395272044,0.943995021779714,1,30,-0.205430936607468,6,"Ampd2 Adsl Gart Adk Rfk Dck"
"GOBP_RIBONUCLEOTIDE_CATABOLIC_PROCESS",0.576921699133632,0.994981179422836,1,101,0.190449426505409,25,"App Tigar Pde4d Cbfa2t3 Pde8a Entpd1 Uchl1 Gapdhs Nt5e Hk2 Rptor Rasl2-9 Pfkfb1 Nudt9 Pfkfb2 Xpo4 Zbtb20 Khk Psen1 Pde4c Entpd7 Sirt6 Ppargc1a Lipa Bpgm"
"GOBP_RIBOSE_PHOSPHATE_BIOSYNTHETIC_PROCESS",-0.639410043286962,1,1,126,-0.145821909085883,16,"Ampd2 Nme7 Adcy3 G6pdx Adsl Bcl2l1 Cox11 Gart Prpsap2 Nme3 mt-Nd6 Myc Letmd1 Adk Ptger4 Rfk"
"GOBP_RIBOSE_PHOSPHATE_METABOLIC_PROCESS",0.448890509269633,1,1,254,0.140886205354282,99,"Nme4 App Slc25a13 Pygl Tigar Epha2 Pde4d Cbfa2t3 Ldhd Gmpr Pde8a Entpd1 Pfas Uck2 Hspa1b Uchl1 Gapdhs Nt5e Uprt Npr2 Mthfd1 Hk2 Rptor Nudt2 Rasl2-9 Pfkfb1 Rab23 Rnaseh2b Nudt9 Ctns Pfkfb2 Xpo4 Zbtb20 Cacnb4 Khk Selenon Psen1 Pde4c Entpd7 Sphk2 Dmac2l Tspo Sirt6 Ppargc1a Lipa Ndufc1 Bpgm Hspa1a Cad Pde7a Bad Nudt4 Ndufs1 Prkaa1 Gmps Ndufb4 Ddit4 Ndufc2 Fkrp Prps2 Ndufa11 Impdh1 Ndufa7 Dnajc30 Ada Ndufa9 Ndufb2 Hdac4 P2rx7 Uqcc3 Pfkp Stat3 mt-Nd5 Ndufb6 Vcp Ndufv3 Adcy7 Cmpk1 Impdh2 Nt5c2 Hif1a Atic Gtpbp1 Prkag2 Atp6v1a Ndufa1 Slc2a6 Mtch2 Aprt Ampd3 Fignl1 Enpp1 Aldoa Ndufb11 Ndufb5 Dnm1l Fam3a Fis1 Nt5c"
"GOBP_RIBOSOMAL_LARGE_SUBUNIT_ASSEMBLY",-0.840230536929264,0.752815649081209,1,27,-0.257000674492336,9,"Nsun4 Mrm2 Ddx28 Mrto4 Dhx30 Rpf2 Eif6 Tufm Nop53"
"GOBP_RIBOSOMAL_LARGE_SUBUNIT_BIOGENESIS",-0.673512700878547,0.988995873452545,1,70,-0.169815125635935,16,"Nsun4 Mrm2 Znhit6 Znhit3 Ddx28 Mrto4 Dhx30 Ddx55 Pes1 Rpf2 Gtf3a Eif6 Tufm Rpl7 Ppan Nop53"
"GOBP_RIBOSOMAL_SMALL_SUBUNIT_ASSEMBLY",-0.839807864561265,0.740444951511694,1,24,-0.264072297786212,16,"Nsun4 Rbfa Noa1 Abt1 Rps19 Tfb1m Mettl17 Prkdc Rpsa Rps10 Rps27 Fau Rrp7a Rps6 Rps28 Rps15"
"GOBP_RIBOSOMAL_SMALL_SUBUNIT_BIOGENESIS",-0.633076239028554,1,1,110,-0.148156610489083,108,"Nsun4 Fcf1 Rbfa Noa1 Ercc2 Bysl Utp18 Tsr2 Krr1 Abt1 Mphosph10 Rrp36 Rps19 Nol11 Rcl1 Tfb1m Mettl17 Rrs1 Riok3 Prkdc Rps8 Nol7 Npm1 Rps4x Rps12 Rpsa Rps19bp1 Rps5 Tbl3 Rps16 Nop58 Kri1 Rps15a Rps17 Rps10 Rps7 Rps13 Rps27 Dimt1 Fau Rrp7a Emg1 Rps24 Rps6 Rps3a1 Rps28 Rps21 Rps15 Rps23 Ak6 Surf6 Rps25 Heatr1 Rpp40 Utp3 Pdcd2 Rrp9 Snu13 Rps27a Dnttip2 Ddx52 Utp11 Wdr46 Rps11 Rps14 Srfbp1 Tsr3 Dhx37 Nol10 Rps9 Nob1 Utp25 Dcaf13 Wdr3 Eral1 Nop9 Ngdn Nop56 Rps27l Nol6 Ltv1 Lsm6 Exosc10 Imp3 Utp6 Utp20 Bms1 Utp4 Wdr43 Nop14 Trmt112 Pwp2 Wdr36 Imp4 Aatf Fbl Nom1 Gtf2h5 Riok2 Wdr75 Utp15 Xrcc5 Utp23 Pno1 Mcat Rcc1l Tsr1 Riok1"
"GOBP_RIBOSOME_ASSEMBLY",-0.887524976214744,0.72051282051282,1,67,-0.224602093337384,16,"Nsun4 Mrm2 Eif2a Ddx28 Rbfa Noa1 Mrto4 Dhx29 Ngrn Abt1 Dhx30 Rps19 Rpf2 Eif6 Tufm Efl1"
"GOBP_RIBOSOME_BIOGENESIS",-0.564617354781337,1,1,312,-0.118640385168204,50,"Mrm1 Nsun4 Glul Mrm2 Eif2a Rexo5 Riox2 Znhit6 Cul4b Znhit3 Fcf1 Ddx28 Mphosph6 Rbfa Lyar Noa1 Rpusd4 Mybbp1a Mrto4 Ercc2 Dhx29 Bysl Ngrn Rmrp Utp18 Tsr2 Krr1 Ipo4 Abt1 Ddx51 Mphosph10 Rrp36 Dhx30 Ddx55 Pes1 Fdxacb1 Exosc4 Rps19 Nol11 Kat2b Mettl18 Rpf2 Grwd1 Gtf3a Nsun5 Dis3 Rbm10 Eif6 Tufm Efl1"
"GOBP_RIBOSOME_DISASSEMBLY",0.620806592354678,0.961507618283881,1,42,0.226094528448076,14,"Eif2d Rnf25 Ptrh1 Elac1 Cdk5rap3 Pelo Mrrf Ufl1 Klhdc10 Usp21 Zfp598 Gspt1 Mrpl58 Otud3"
"GOBP_RIBOSOME_LOCALIZATION",-0.530721362445306,0.986574274577739,1,14,-0.192751891676623,14,"Rbm10 Eif6 Lsg1 Npm1 Rps15 Ran Nmd3 Nop9 Xpo1 Ltv1 Nup88 Sdad1 Riok2 Rasl2-9"
"GOBP_RIG_I_SIGNALING_PATHWAY",0.961388881922977,0.546453424490294,1,23,0.386018383495268,6,"Nlrx1 Oas3 Rnf125 Rnf135 Ddx60 Zcchc3"
"GOBP_RISC_COMPLEX_ASSEMBLY",0.779051760229144,0.772629019184004,1,10,0.37157125865524,3,"Ago4 Ago3 Dicer1"
"GOBP_RNA_3_END_PROCESSING",0.369642725857314,1,1,91,0.123043507750627,19,"Pnldc1 Tent4a Elac1 Ints14 Ccnb1 Ints9 Mblac1 Exosc2 Supv3l1 Leo1 Parn Cstf2 Tent4b Tent2 Exosc7 Pnpt1 Tut7 Rprd2 Ints2"
"GOBP_RNA_DECAPPING",-0.62172207364492,0.948543689320388,1,19,-0.205880151795052,5,"Edc4 Nudt3 Dxo Dcps Caprin1"
"GOBP_RNA_LOCALIZATION",-0.990350393262206,0.534591194968553,1,156,-0.224759677407939,26,"Ddx25 Stau2 Zfp385a Nup188 Thoc5 Nup93 Nup35 Znhit6 Mettl14 Nup85 Casc3 Thoc3 Mcm3ap Rftn2 Prpf6 Xpot Nxf1 Nup214 Caprin1 Tcp1 Ddx19b Nsun2 Nup160 Kpnb1 Phax Nup54"
"GOBP_RNA_METHYLATION",-1.01655497667133,0.427860696517413,1,66,-0.256753484451382,9,"Mrm1 Nsun4 Mettl8 Mrm2 Larp7 Ftsj1 Thada Trmt44 Mettl14"
"GOBP_RNA_MODIFICATION",-0.975171334063271,0.535,1,142,-0.222401484292698,15,"Osgepl1 Thg1l Dtwd2 Mrm1 Dus2 Nsun4 Mettl8 Mrm2 Pus7 Larp7 Ftsj1 Trmu Thada Trmt44 Mettl14"
"GOBP_RNA_POLYMERASE_II_PREINITIATION_COMPLEX_ASSEMBLY",0.486086776609014,0.998899042166685,1,58,0.169619835353582,17,"Ahr Esr1 Med17 Med22 Med26 Thra Taf2 Med6 Med29 Med15 Med11 Med8 Gtf2e2 Creb1 Taf6l Taf4b Med19"
"GOBP_RNA_POLYMERASE_II_TRANSCRIPTION_INITIATION_SURVEILLANCE",-0.802200216699307,0.769035532994924,1,20,-0.262742851491804,5,"Ints4 Ints12 Ints11 Ppp2ca Ints7"
"GOBP_RNA_SURVEILLANCE",-0.752890189355015,0.912621359223301,1,39,-0.210980911391025,9,"Ints4 Zc3h4 Ints12 Ints11 Dxo Ppp2ca Exosc4 Ints7 Dis3"
"GOBP_RNA_TEMPLATED_DNA_BIOSYNTHETIC_PROCESS",-0.600520496632126,0.998095238095238,1,51,-0.158371012383655,12,"Tert Rpa1 Tep1 Gch1 Pml Ctc1 Tinf2 Tcp1 Pot1a Tnks Acd Wrap53"
"GOBP_RRNA_3_END_PROCESSING",-0.65100944988704,0.903067484662577,1,12,-0.247113163972286,12,"Rexo5 Exosc9 Eri2 Rexo1 Exosc8 Rps21 Eri1 Eri3 Exosc10 Exosc3 Exosc7 Exosc2"
"GOBP_RRNA_CATABOLIC_PROCESS",-0.675383630889882,0.907458563535912,1,17,-0.230177045532453,9,"Slfn2 Exosc4 Slfn8 Dis3 Exosc9 Dis3l Rnf10 Riok3 Slfn9"
"GOBP_RRNA_METABOLIC_PROCESS",-0.663838390130475,1,1,248,-0.140727134247006,78,"Mrm1 Nsun4 Mrm2 Rexo5 Gtf3c5 Znhit6 Znhit3 Polr2h Fcf1 Slfn2 Mphosph6 Rbfa Lyar Myc Rpusd4 Mrto4 Ercc2 Bysl Rmrp Utp18 Tsr2 Krr1 Abt1 Smarca4 Ddx51 Mphosph10 Rrp36 Ddx55 Pes1 Fdxacb1 Exosc4 Rps19 Nol11 Kat2b Mettl18 Rpf2 Slfn8 Ercc6 Nsun5 Dis3 Eif6 Rpp38 Rpl7 Ppan Nop53 Rcl1 Tfb1m Pak1ip1 Exosc9 Dis3l Rrs1 Rnf10 Pop5 Bud23 Ddx54 Riok3 Prkdc Slfn9 Rps8 Ddx47 Sde2 Eri2 Rexo1 Nol7 Wdr55 Npm1 Rrp15 Rpl35a Tcof1 Rpl35 Nhp2 Tbl3 Rps16 Rpl5 Rpl14 Mak16 Kri1 Rps17"
"GOBP_RRNA_METHYLATION",-0.983120342271067,0.483369098712446,1,22,-0.315034141180603,3,"Mrm1 Nsun4 Mrm2"
"GOBP_RRNA_MODIFICATION",-0.747238086882619,0.90482485128883,1,33,-0.219039984649042,3,"Mrm1 Nsun4 Mrm2"
"GOBP_RRNA_PROCESSING",-0.64009756336435,1,1,213,-0.136958751070426,67,"Mrm1 Nsun4 Mrm2 Rexo5 Znhit6 Znhit3 Fcf1 Mphosph6 Rbfa Lyar Rpusd4 Mrto4 Ercc2 Bysl Rmrp Utp18 Tsr2 Krr1 Abt1 Ddx51 Mphosph10 Rrp36 Ddx55 Pes1 Fdxacb1 Exosc4 Rps19 Nol11 Kat2b Mettl18 Rpf2 Nsun5 Dis3 Eif6 Rpp38 Rpl7 Ppan Nop53 Rcl1 Tfb1m Pak1ip1 Exosc9 Rrs1 Pop5 Bud23 Ddx54 Riok3 Prkdc Rps8 Ddx47 Sde2 Eri2 Rexo1 Nol7 Wdr55 Npm1 Rrp15 Rpl35a Rpl35 Nhp2 Tbl3 Rps16 Rpl5 Rpl14 Mak16 Kri1 Rps17"
"GOBP_RRNA_PSEUDOURIDINE_SYNTHESIS",-0.704784581988434,0.833076923076923,1,10,-0.280754837168564,10,"Rpusd4 Nhp2 Rpusd3 Nop10 Tsr3 Dkc1 Gar1 Naf1 Rpusd2 Rpusd1"
"GOBP_RRNA_TRANSCRIPTION",-0.842018251732458,0.771331058020478,1,35,-0.242141375458752,35,"Gtf3c5 Polr2h Ercc2 Smarca4 Nol11 Ercc6 Nop53 Npm1 Tcof1 Polr1e Polr2e Polr2l Ddx11 Sirt7 Smarcb1 Pwp1 Pih1d1 Dedd Polr1d Mtor Polr3b Polr2f Taf1b Ncl Spin1 Ubtf Polr1b Ercc3 Ippk Gtf3c1 Polr1c Gtf2h5 Npm3 Top1 Polr1a"
"GOBP_RUFFLE_ASSEMBLY",0.581818160573925,0.970619594834735,1,31,0.22224722644486,9,"Sh3yl1 Wdpcp Snx10 Pip5k1a Def8 Icam1 Cyfip1 Eps8 Sh3bp1"
"GOBP_RUFFLE_ORGANIZATION",0.722547528556955,0.87714647919788,1,40,0.26504888570521,14,"Sh3yl1 Wdpcp Csf1r Lpin1 Lima1 Snx10 Pip5k1a Def8 Icam1 Plek Cyfip1 Eps8 Plekha1 Sh3bp1"
"GOBP_R_LOOP_PROCESSING",0.79506900255891,0.755876790056741,1,10,0.379210734228605,6,"Nbn Nfat5 Mre11a Ddx21 Srpk2 Ddx23"
"GOBP_SARCOMERE_ORGANIZATION",0.843323591086092,0.710981944100915,1,21,0.344519070629635,4,"Neb Myom1 Mybpc2 Itgb1"
"GOBP_SCF_DEPENDENT_PROTEASOMAL_UBIQUITIN_DEPENDENT_PROTEIN_CATABOLIC_PROCESS",0.465819684341168,0.999114946343622,1,56,0.163390889678985,22,"Fbxo44 Fbxl21 Fbxl18 Fbxo31 Ufl1 Fbxl6 Fnip1 Fbxw5 Ccnf Amn1 Prkaa1 Fbxo3 Rnf7 Fbxw7 Fbxo17 Fbxl20 Cul2 Fbxw11 Kat2a Fbxo6 Fbxo9 Fbxl5"
"GOBP_SCHWANN_CELL_DIFFERENTIATION",1.01414289433422,0.466643175945502,1,34,0.381697391548942,11,"Egr2 Ndrg1 Itgb4 Prx Sod1 Erbb3 Arhgef10 Ski Sos1 Lamb2 Dicer1"
"GOBP_SECONDARY_METABOLIC_PROCESS",0.862849780291951,0.689655172413793,1,25,0.341737184481772,9,"Pon3 Slc7a11 Appl1 Pmel Ctns Abcg2 Cbr4 Mfsd12 Gipc1"
"GOBP_SECONDARY_PALATE_DEVELOPMENT",1.07768552619676,0.393457943925234,1,11,0.5042056014525,4,"Tgfb3 Tgfbr3 Col11a2 Lef1"
"GOBP_SECRETION_OF_LYSOSOMAL_ENZYMES",1.06327953421887,0.410564712239935,1,10,0.507134615440516,5,"Nr1h3 Lyst Idua Gnptab Bloc1s3"
"GOBP_SECRETORY_GRANULE_LOCALIZATION",-0.62026277497276,0.954935622317597,1,22,-0.198758933385964,4,"Rasgrp1 Stxbp2 Uso1 Eipr1"
"GOBP_SECRETORY_GRANULE_ORGANIZATION",0.87215507066163,0.699396782841823,1,51,0.309169932510993,16,"Chn2 Spaca1 Serpine2 Rfx2 Nbeal2 Zpbp Lyst Cep70 Hps4 Vps33b Zpbp2 Dcaf17 Acrbp Bloc1s3 Cep78 Sec23ip"
"GOBP_SEMINIFEROUS_TUBULE_DEVELOPMENT",0.98422899394723,0.521123098921097,1,14,0.436896301040968,4,"Kif18a Ing2 Brip1 Scaper"
"GOBP_SENSORY_PERCEPTION_OF_LIGHT_STIMULUS",1.12282536681906,0.294144043078304,1,49,0.400071048058796,21,"Myo3b Cabp4 Hsf4 Impg2 Best1 Cryba1 Bbs10 Spata7 Crygn Rdh10 Whrn Rdh5 Myo7a Cacnb4 Wfs1 Cln6 Atf6 Lamb2 Bfsp2 Rpgr Bbs2"
"GOBP_SENSORY_PERCEPTION_OF_MECHANICAL_STIMULUS",0.923458588673568,0.639685574676015,1,82,0.310055265137872,25,"Spry2 Myo3b Tmc1 Cabp4 Serpine2 Serpinb6b Diaph3 Lhfpl5 Kcnk4 Tmtc4 Lhfpl4 Myo6 Tspear Npr2 Tmc7 Tnf Loxhd1 Whrn Sod1 Tlr4 Lrig2 Myo7a Wfs1 Scn8a Col11a2"
"GOBP_SERTOLI_CELL_DEVELOPMENT",0.895799973205451,0.641362277395034,1,14,0.397642923722935,5,"Rab13 Icam1 Cst3 Akap9 Hsd17b4"
"GOBP_SERTOLI_CELL_DIFFERENTIATION",0.86761418762763,0.680459770114943,1,17,0.371391725362147,1,"Rab13"
"GOBP_SIGNALING_RECEPTOR_LIGAND_PRECURSOR_PROCESSING",0.923171975027676,0.604980842911877,1,17,0.395173842821783,1,"Corin"
"GOBP_SIGNAL_PEPTIDE_PROCESSING",-0.544945350243697,0.975,1,10,-0.217081994957639,3,"Furin Sec11a Spcs1"
"GOBP_SIGNAL_RELEASE",0.967500364674751,0.602885193348026,1,288,0.302416194270657,86,"Abcb1b Fcer1g Mctp1 Syp Pask Hmga2 Pla2g4a Camk2n1 Cacna1a Hmgn3 Selenom Slc18a2 Apln Gnao1 Unc13b Nrxn1 Lin7b Grik5 Acvr2a Kiss1r Ctbp2 Nr1d1 Glrx Best1 Kcnc3 Ffar2 Per2 Camk2a Trpm4 Cask Abcc4 Xlr4a Atg7 Kcnn4 Entpd1 Brsk2 Birc5 Cntf Pde1c Myb Ildr1 Tm7sf3 Hfe Snap47 Rptor Gpld1 Stxbp5 Mctp2 Tnf Sirt4 Dvl1 Pak1 Pfkfb2 Cplx2 Ppard Cacnb4 Micu3 Fbxo45 Srebf1 Cry2 Psen1 Pde4c Wls Nrxn2 Pde3b Pla2g6 Mapk9 Aacs Doc2a Tspo Ndufaf2 Sirt6 Ptpn23 Mpc2 Asic1 Syde1 Efr3a Prkca Pck2 Dgat1 Synj1 Adora2a Sox4 Slc38a2 Bad Mrgpre"
"GOBP_SIGNAL_TRANSDUCTION_BY_P53_CLASS_MEDIATOR",-0.65050550365607,1,1,138,-0.147978531440861,26,"E2f2 Chek2 Paxip1 Zfp385a Hipk1 Topors Knl1 Pidd1 Csprs Cradd Taf3 Myc Mybbp1a Ppp2r5c Snw1 Ercc2 Cd44 Trp53bp2 Pml Smarca4 Ep300 Hipk2 Tfap4 Kat5 Rpf2 Cables2"
"GOBP_SIGNAL_TRANSDUCTION_INVOLVED_IN_REGULATION_OF_GENE_EXPRESSION",0.715614918643049,0.851374016255967,1,15,0.313402166209607,4,"Smad3 Ccr1 Tlr4 Epcam"
"GOBP_SIGNAL_TRANSDUCTION_IN_ABSENCE_OF_LIGAND",1.05805269805566,0.393089522100067,1,49,0.376992063344416,20,"Bcl2a1a Il2 Bcl2a1b Jak3 Bcl2a1d Hspa1b Eya2 Itgav Tnf Ctnna1 Erbb3 Bak1 Moap1 Map2k5 Hspa1a Ripk1 Bad Eya3 Fyn Fas"
"GOBP_SIGNAL_TRANSDUCTION_IN_RESPONSE_TO_DNA_DAMAGE",0.632584919189137,0.993712605212453,1,169,0.201893075850057,42,"Creb3l1 Map3k20 Cdkn1a Ndrg1 Dyrk3 Acer2 Gnb1l Clspn Myo6 Cdk1 Spred2 Nek11 Foxm1 Zmpste24 Pmaip1 Eme1 Rad51 Nbn Rnaseh2b Mrnip Snai1 Bid Hus1 Ccnd1 Fbxo31 Rad9b Cdk5rap3 Mbtps1 Cep63 Ufl1 Dot1l Abraxas1 Timeless Znhit1 Sesn2 Ccng1 Ppp1r10 Mad2l2 Pcbp4 Tipin Rnf168 Sox4"
"GOBP_SINGLE_STRAND_BREAK_REPAIR",0.59235153988383,0.940849543469631,1,12,0.271809898338358,3,"Ercc8 Stk19 Lig4"
"GOBP_SISTER_CHROMATID_COHESION",0.655237616222614,0.94937563280459,1,48,0.234047213878755,5,"Bub1b Kif22 Stag3 Haspin Cdca5"
"GOBP_SISTER_CHROMATID_SEGREGATION",0.691302373327989,0.982310724754877,1,199,0.219320648355011,24,"Chmp4c Cenpi Bub1b Cit Kif18a Kif22 Prc1 Ckap2l Cenpe Map9 Ncapd3 Kif4 Kif15 Katnb1 Ska2 Ncapg2 Haspin Nsl1 Cdk1 Tubg2 Hspa1b Nusap1 Birc5 Xrcc3"
"GOBP_SKELETAL_MUSCLE_ACETYLCHOLINE_GATED_CHANNEL_CLUSTERING",0.832817420110068,0.716097816137047,1,13,0.375445667072345,4,"Colq Agrn Sorbs2 Dvl1"
"GOBP_SKELETAL_MUSCLE_ADAPTATION",0.878220335506379,0.658875979465009,1,10,0.418870031619916,1,"Asb2"
"GOBP_SKELETAL_MUSCLE_CELL_DIFFERENTIATION",0.807512594055256,0.78281677301732,1,43,0.292839872320288,6,"Egr2 Asb2 Fktn Cdon Notch1 Foxn2"
"GOBP_SKELETAL_MUSCLE_CELL_PROLIFERATION",-0.797126763195603,0.753153153153153,1,16,-0.276168921870014,4,"Ndc80 Snhg15 Paxbp1 Fos"
"GOBP_SKELETAL_MUSCLE_CONTRACTION",-1.12559682419174,0.286012526096033,1,21,-0.364847344213859,6,"Scn4a Tnni2 Adrb2 Stac2 Homer1 Gaa"
"GOBP_SKELETAL_MUSCLE_FIBER_DEVELOPMENT",-1.11208926190088,0.299582463465553,1,21,-0.360469046298739,4,"Hdac9 Xk Homer1 Ryr1"
"GOBP_SKELETAL_MUSCLE_ORGAN_DEVELOPMENT",-0.906300398078717,0.756676557863502,1,117,-0.20926462201875,20,"Vamp5 Hdac9 Xk Adrb2 Snhg15 Mettl8 Tsc22d3 Mtm1 Sap30 Gtf3c5 Flnb Nln Vps54 Homer1 Foxp1 Myc Ryr1 Vrk3 Hivep3 Snw1"
"GOBP_SKELETAL_MUSCLE_SATELLITE_CELL_PROLIFERATION",-0.8207104568091,0.704033970276008,1,13,-0.304768367091303,3,"Ndc80 Snhg15 Paxbp1"
"GOBP_SKELETAL_MUSCLE_TISSUE_REGENERATION",0.769680759605827,0.803370105467329,1,24,0.306668901756411,10,"Cd9 Dmd Ezh2 Ppard Ifrd1 Bin3 Selenon Cflar Dicer1 Nfix"
"GOBP_SKELETAL_SYSTEM_DEVELOPMENT",0.804896028021869,0.920550421856167,1,250,0.252752760157312,61,"Cdkn1c Smad3 Hmga2 Bmpr2 Maf Tgfb3 Tjp2 Slc39a14 Mmp14 Loxl2 Vegfa Agrn Errfi1 Dmd Acvr2a Ecm1 Epha2 Tmem38b Hyal2 Trps1 Ext1 Chadl Dhrs3 Sox5 Tifab Hoxb3 Wdr19 Mks1 Hspg2 Pcgf2 Spef2 Fgf2 Sulf2 Npr2 Rdh10 Poc1a Ndst1 Zmpste24 Hsd17b7 Snx10 Gpld1 Tulp3 Rab23 Hsd17b1 Idua Tlr4 Snai1 Ift140 Col10a1 Nle1 Smad5 Thra Col11a2 Pex7 Mustn1 Psen1 Cited2 Ski Slc39a1 Ift80 Zfp219"
"GOBP_SKIN_DEVELOPMENT",0.891532281779546,0.732359848871643,1,139,0.287389075548424,29,"Wnt10a Tnfrsf19 Cdh11 Cdkn1a Slc39a2 Ppl Itgb4 Krt10 Errfi1 St14 Epha2 Itga3 Irf6 Trps1 Lgr5 Dll1 Ext1 Rbpj Notch1 Slc27a4 Pkp3 Zdhhc21 Zmpste24 Gorab Bcr Tnf Tmem79 Vps33b Snai1"
"GOBP_SKIN_EPIDERMIS_DEVELOPMENT",0.724870930105362,0.909940891993552,1,73,0.246181503511766,22,"Wnt10a Tnfrsf19 Trps1 Lgr5 Dll1 Ext1 Rbpj Notch1 Pkp3 Zdhhc21 Zmpste24 Gorab Tnf Tmem79 Snai1 Acvr1b Naglu Sos1 Tmprss13 Dicer1 Hdac2 Vangl2"
"GOBP_SMAD_PROTEIN_SIGNAL_TRANSDUCTION",1.15484158274657,0.255215419501134,1,45,0.416051134160734,16,"Eng Smad3 Bmpr2 Tgfb3 Acvr2a Tgfbr3 Magi2 Acvrl1 Hfe Pmepa1 Smad5 Glce Ski Ldlrad4 Sh2b1 Pin1"
"GOBP_SMALL_GTPASE_MEDIATED_SIGNAL_TRANSDUCTION",0.825485807407163,0.923061510719295,1,317,0.25731147384892,63,"Dok2 Timp2 Spry2 Iqsec2 Ccna2 Cdkn1a Pik3cb Wnt4 Plk2 Rap1gap Rasgrf2 F11r Rapgefl1 Arhgap19 Agrn Lat Arap3 Arhgap33 Plcd4 Ralb Dock4 Tiam2 Spry1 Itga3 Ralgds Cdc42bpa Mcf2l Rasgef1a Rhoc Arl6 Ccdc125 Itgb1 Ntn1 Cdc42ep4 Ctnnal1 Ksr1 Farp2 Cdon Notch1 Foxm1 Itgav Arhgap5 Rhob Rabl3 Garnl3 Csf1 Abi2 Cyth3 Bcr Dock7 Farp1 Elmo1 Arhgap35 Stard8 Rasal1 Stk19 Nras Ralgapb Cyfip1 Arl3 Arhgef10 Hmox1 Rit1"
"GOBP_SMALL_MOLECULE_BIOSYNTHETIC_PROCESS",0.751124163445927,0.986194477791116,1,385,0.232890669741867,102,"Fabp5 Gfi1 Ldhal6b Cacna1h Mgll Dctd Dkkl1 Pla2g4a Wnt4 Gstp2 Slc39a14 Slc25a13 Elovl6 Clcn2 Gpt2 Me3 Asah2 Hacd4 Ggt5 Errfi1 Plp1 Tk1 Alox5ap Nr1d1 Gcat Acer2 Asl Mgst2 Per2 Impa2 Sord Ptges3l Cdk1 Nr1h3 Ldhb Itpka Pdss1 Apip Gstm4 Trib3 Nt5e H6pd Rdh10 Prxl2b Rdh9 Mthfd1 Cdo1 Abca2 Plod3 Sik1 Hsd17b7 Hmgcll1 Abcc1 Ltc4s Sirt5 Tpk1 Tnf Pfkfb1 Arv1 Hsd17b1 Lss Pycr2 Snai1 Pfkfb2 Acer3 Star Acox1 Scd2 Pnpla8 Abcg2 Cyp2r1 Msmo1 Srebf1 Ipmk Gstm1 Psat1 Plek Acot7 Aldh1a3 Sco1 Cbr4 Cln3 Mst1 Armc5 Mbtps1 Plcg1 Sphk2 Mcat Mapk9 Shmt1 Mlycd Coq8a Ubr4 Hmgcs1 Decr2 Sirt6 Agk Ppargc1a Gne Sesn2 Lipa Psph"
"GOBP_SMALL_MOLECULE_CATABOLIC_PROCESS",0.745644077414566,0.959323399113975,1,220,0.23546664371499,48,"Ldhal6b Acad8 Xylb Pon3 Gpt2 Gcsh Tigar Dao Mtln Gcat Nudt1 Kyat3 Bckdhb Ldhd Sord Cryl1 Lpin1 Ldhb Scarb1 Nos3 Dcxr Slc27a4 Acad10 Prodh Cdo1 Hk2 Hmgcll1 Cpt1b Glb1l Nqo2 Pdxp Pfkfb2 Acox1 Ppard Adh5 Nagk Khk Gk5 Acad11 Acot7 Mgat1 Pex7 Gcdh Aldh6a1 Etfb Phyh Tdo2 Entpd7"
"GOBP_SMALL_NUCLEOLAR_RIBONUCLEOPROTEIN_COMPLEX_ASSEMBLY",-0.949862711910214,0.511153846153846,1,10,-0.37838306601778,2,"Znhit6 Znhit3"
"GOBP_SMOOTH_MUSCLE_CELL_APOPTOTIC_PROCESS",-0.750402041495173,0.850358917725014,1,23,-0.238456273633856,6,"E2f3 Dipk2a Foxo1 Mfn2 Mapk7 Rbm10"
"GOBP_SMOOTH_MUSCLE_CONTRACTION",0.960074258250466,0.551288111557551,1,32,0.365046872180384,11,"Dock4 Pde4d Rgs2 Tifab Sulf2 Zdhhc21 Tpcn2 Sod1 Tbxa2r Lck Pla2g6"
"GOBP_SNARE_COMPLEX_ASSEMBLY",0.637855622459483,0.909212283044059,1,11,0.298426925057657,6,"Ankrd27 Uvrag Stxbp1 Vamp8 Vamp4 Vamp2"
"GOBP_SNO_S_RNA_METABOLIC_PROCESS",-0.680507598209828,0.890428757037679,1,14,-0.247152528872959,14,"Larp7 Exosc4 Nolc1 Zcchc7 Dkc1 Exosc5 Exosc10 Nudt16l1 Exosc3 Fbl Tent4b Parn Nudt16 Exosc2"
"GOBP_SNO_S_RNA_PROCESSING",-0.620234418011943,0.921153846153846,1,10,-0.247073811609205,10,"Larp7 Exosc4 Dkc1 Exosc5 Exosc10 Exosc3 Fbl Tent4b Parn Exosc2"
"GOBP_SNRNA_3_END_PROCESSING",-0.606401556281325,0.964509394572025,1,21,-0.196557055405039,6,"Ints12 Ints11 Toe1 Usb1 Exosc4 Ints7"
"GOBP_SNRNA_METABOLIC_PROCESS",-0.962524150876464,0.538095238095238,1,51,-0.253839669208501,11,"Ints4 Larp7 Snapc2 Ints12 Ints11 Ell Toe1 Usb1 Exosc4 Ints7 Snapc1"
"GOBP_SNRNA_PROCESSING",-0.951339002225607,0.543291473892928,1,33,-0.278868655254005,8,"Ints4 Larp7 Ints12 Ints11 Toe1 Usb1 Exosc4 Ints7"
"GOBP_SNRNA_TRANSCRIPTION",-1.15876261969359,0.257366482504604,1,17,-0.394917116843779,5,"Larp7 Snapc2 Ell Snapc1 Snapc3"
"GOBP_SNRNA_TRANSCRIPTION_BY_RNA_POLYMERASE_II",-1.0083240467007,0.429723991507431,1,13,-0.374438111105178,4,"Larp7 Ell Snapc1 Snapc3"
"GOBP_SODIUM_ION_TRANSPORT",1.05878372989078,0.378794222315261,1,99,0.349933933944374,20,"Cacna1h Slc12a3 Slc6a13 Hcn3 Slc9a9 Scn2b Slc5a3 Serpine2 Fgf13 Slc34a1 Agrn Slc5a10 Dmd Slc6a20b Slc10a1 Trpm4 Wnk3 Maged2 Slc9a5 Nos3"
"GOBP_SOMATIC_DIVERSIFICATION_OF_IMMUNE_RECEPTORS",-0.750231560643248,0.950965824665676,1,76,-0.185302941940268,14,"Polm Shld3 Paxip1 Pcyt1a Shld2 Rev1 Foxp1 Bcl6 Mcm3ap Swap70 Ighd Tcf3 Tfrc Tbx21"
"GOBP_SOMATIC_DIVERSIFICATION_OF_IMMUNE_RECEPTORS_VIA_SOMATIC_MUTATION",-1.11822260221388,0.295868502887606,1,15,-0.397381407445116,4,"Polm Rev1 Mcm3ap Ighd"
"GOBP_SOMATIC_DIVERSIFICATION_OF_IMMUNOGLOBULINS",-0.910656974011812,0.681045751633987,1,68,-0.22885440503724,14,"Polm Shld3 Paxip1 Pcyt1a Shld2 Rev1 Foxp1 Bcl6 Mcm3ap Swap70 Ighd Tcf3 Tfrc Tbx21"
"GOBP_SOMATIC_STEM_CELL_POPULATION_MAINTENANCE",0.995460607183262,0.495188838104402,1,26,0.391174662061892,8,"Hmga2 Klf10 Rbpj Lig4 Ski Vangl2 Sox4 Taf6l"
"GOBP_SOMITE_DEVELOPMENT",1.13851356697348,0.28778563971697,1,37,0.422447091912292,10,"Smad3 Xrcc2 Wnt4 Nrarp Dll1 Wdr19 Rbpj Palb2 Notch1 Mthfd1"
"GOBP_SOMITOGENESIS",1.02212308108039,0.452412150089339,1,30,0.392925329522311,10,"Smad3 Xrcc2 Nrarp Dll1 Rbpj Palb2 Notch1 Nle1 Lef1 Psen1"
"GOBP_SPERMATID_DIFFERENTIATION",0.965416002289401,0.569852562119806,1,122,0.313831096808363,40,"Chn2 Tssk4 Spaca1 Xlr3b Xlr4c Rsph1 Rfx2 Ddias Cabcoco1 Bbof1 Insl6 Catspere2 Tssk6 Rnf17 Xlr4a Bbs4 Klhl10 3830403N18Rik Mns1 Spef2 Zpbp Dnah1 Ropn1l Klc3 Armc2 Ift81 Cep70 Zpbp2 Ing2 Brip1 Dcaf17 Acrbp Ift88 Ptch1 Cep78 Sec23ip Cep131 Cdyl Alms1 Bbs2"
"GOBP_SPERMATID_NUCLEUS_DIFFERENTIATION",-0.680655727420129,0.909223300970874,1,19,-0.22539573616854,2,"Agfg2 Kdm3a"
"GOBP_SPERM_CAPACITATION",0.623853738299387,0.917184544717644,1,10,0.297549059755027,2,"Catspere2 Ropn1l"
"GOBP_SPHINGOID_BIOSYNTHETIC_PROCESS",1.15762134775615,0.293434206971089,1,10,0.552131248770186,7,"Asah2 Acer2 Abca2 Acer3 Sphk2 Agk Sptlc1"
"GOBP_SPHINGOLIPID_CATABOLIC_PROCESS",0.998918113485643,0.492544550854649,1,24,0.39800542885353,10,"Lct Asah2 Smpd5 Acer2 Gla Smpd4 Acer3 Neu3 Galc Gm2a"
"GOBP_SPHINGOLIPID_MEDIATED_SIGNALING_PATHWAY",0.805710335484705,0.754612308089279,1,15,0.352859279341449,2,"S1pr2 Pik3cb"
"GOBP_SPHINGOMYELIN_METABOLIC_PROCESS",1.1063174717997,0.353765098946286,1,16,0.479241935162617,5,"Smpd5 Abca8b Pemt Smpd4 Abca2"
"GOBP_SPHINGOSINE_1_PHOSPHATE_RECEPTOR_SIGNALING_PATHWAY",0.879549874352711,0.656080455207093,1,12,0.403595408865167,2,"S1pr2 Pik3cb"
"GOBP_SPINAL_CORD_DEVELOPMENT",1.10498094419751,0.321292349113754,1,49,0.393712947261314,20,"Cacna1a Ift122 Dmrt3 Zc4h2 Dll1 Lrp8 Adarb1 Ighmbp2 Notch1 Rab23 Sox12 Ift80 Ift88 Ptch1 Ptprs Dicer1 Nfix Gdf11 Sox4 Intu"
"GOBP_SPINAL_CORD_MOTOR_NEURON_DIFFERENTIATION",0.919691239901375,0.608050574119469,1,15,0.402776995448389,3,"Cacna1a Zc4h2 Ighmbp2"
"GOBP_SPINDLE_ASSEMBLY",0.750660178791087,0.923298375488382,1,128,0.243291171162089,51,"Chmp4c Ccnb2 Prc1 Ckap2l Cenpe Map9 Kif4 Kif15 Ska2 Asb7 Hspa1b Birc5 Cenpv Map10 Haus5 Rcc1 Mybl2 Cdca8 Stard9 Tpx2 Nek2 Arhgef10 Haus3 Lzts2 Bccip Cep63 Aspm Abraxas1 Mlh1 Haus1 Haus8 Dicer1 Nat9 Incenp Hspa1a Tubgcp6 Wapl Washc1 Chmp1b Csnk1d Kif11 Cltc Chmp4b Ccsap Haus2 Tubgcp5 Hdac3 Chmp7 Cep97 Cep192 Kifc1"
"GOBP_SPINDLE_ASSEMBLY_INVOLVED_IN_FEMALE_MEIOSIS",0.911330432018853,0.616725209402864,1,10,0.434661999321418,3,"Ccnb2 Cenpe Ska2"
"GOBP_SPINDLE_ELONGATION",0.951161245289286,0.564245070795289,1,12,0.43645542212344,5,"Prc1 Kif4 Birc5 Map10 Cdca8"
"GOBP_SPINDLE_LOCALIZATION",0.75166715272636,0.855442176870748,1,45,0.270800754038834,6,"Spry2 Enkd1 Spry1 Ska2 Itgb1 Nusap1"
"GOBP_SPINDLE_MIDZONE_ASSEMBLY",1.01334361303276,0.485510123064708,1,12,0.464988787729455,8,"Prc1 Kif4 Birc5 Map10 Cdca8 Lzts2 Mlh1 Incenp"
"GOBP_SPINDLE_ORGANIZATION",0.732682346370258,0.955944905813247,1,182,0.233333264394326,57,"Chmp4c Plk2 Ccnb2 Prc1 Cenph Ckap2l Cenpe Map9 Kif4 Kif15 Ska2 Asb7 Tubg2 Hspa1b Birc5 Cep72 Poc1a Bora Cenpv Map10 Tacc3 Haus5 Rcc1 Mybl2 Cdca8 Knstrn Stard9 Ccnb1 Tpx2 Nek2 Arhgef10 Haus3 Lzts2 Trim36 Bccip Cep63 Aspm Abraxas1 Tacc2 Mlh1 Haus1 Haus8 Dicer1 Nat9 Incenp Hspa1a Tbce Tubgcp6 Wapl Parp3 Plk3 Uvrag Washc1 Chmp1b Csnk1d Kif11 Dctn2"
"GOBP_SPLEEN_DEVELOPMENT",0.744002294275522,0.852714071683762,1,40,0.272919041676997,13,"Ahr Flt3 Slc40a1 Myb Rcbtb2 Cdh17 Cacnb4 Sco1 Cited2 Fam210b Rc3h2 Lipa Dicer1"
"GOBP_SPLICEOSOMAL_COMPLEX_ASSEMBLY",0.491696670995149,0.997168742921857,1,46,0.176624438218649,1,"Celf4"
"GOBP_SPLICEOSOMAL_SNRNP_ASSEMBLY",-1.05179444611442,0.36760752688172,1,34,-0.305053330084071,13,"Ddx20 Aar2 Gemin6 Prmt7 Prpf6 Usp4 Prpf4b Gemin7 Strap Lsm2 Snrpc Prpf19 Clns1a"
"GOBP_SPROUTING_ANGIOGENESIS",1.08101491102619,0.34308908352916,1,78,0.36494038126707,25,"Eng Creb3l1 Pik3cb Plk2 Pik3r3 Nrarp Loxl2 Angpt1 Vegfa Epha2 Cdh5 Tgfbr3 Dll1 Itgb1 Pik3r2 Notch1 Fgf2 Il12a Gpld1 Cemip2 Ctnnd1 Tbxa2r Lef1 Hmox1 Ppp1r16b"
"GOBP_STEM_CELL_DIFFERENTIATION",1.09247225142699,0.300520780149086,1,139,0.352162896191732,20,"Sema6d Eng Wnt10a Gpm6a Shc4 Hmga2 Nr6a1 Nrp2 Bmpr2 Sema4a Sema7a Sema3b Ext1 Sox5 Esr1 Rbpj Efnb1 Notch1 Fgf2 Rdh10"
"GOBP_STEM_CELL_DIVISION",0.815792167450449,0.754604161683808,1,28,0.316464501541466,9,"Ulk4 Ext1 Notch1 Myb Mllt3 Ing2 Evi2b Prdm15 Vangl2"
"GOBP_STEM_CELL_PROLIFERATION",1.10014859371352,0.333673469387755,1,45,0.396347063526454,15,"Abcb1b Hmga2 Znrf3 Shb Rnf43 Eif2ak2 Dgcr8 Epcam Etv6 Abcg2 Ago3 Nf2 Ift80 Ccne1 Sirt6"
"GOBP_STEROID_BIOSYNTHETIC_PROCESS",-0.940801111194949,0.644351464435146,1,96,-0.224203874137292,17,"Sqle Gpr146 Dhcr24 Cyp27a1 Tm7sf2 Ddx20 Acat2 Stard4 Mbtps2 Pbx1 Ggcx G6pdx Dhrs11 Apoe Hsd11b1 Erlin2 Abcg1"
"GOBP_STEROID_HORMONE_BIOSYNTHETIC_PROCESS",1.16885127557571,0.259308997680381,1,23,0.46931901172149,9,"Cacna1h Wnt4 Clcn2 Scarb1 H6pd Rdh9 Hsd17b7 Hsd17b1 Star"
"GOBP_STEROID_HORMONE_RECEPTOR_SIGNALING_PATHWAY",0.741136382628474,0.913544065312958,1,99,0.244949712241269,10,"Hmga2 Ahr Trerf1 Paqr8 Klf9 Errfi1 Dnaaf4 Esr1 Kdm5d Rxra"
"GOBP_STEROID_METABOLIC_PROCESS",0.741525922665272,0.941648061700832,1,161,0.237183818335255,59,"Gfi1 Cacna1h Sdr42e1 Dkkl1 App Wnt4 Clcn2 Bdh1 Errfi1 Nr1d1 Nr1h3 Esr1 Scarb1 Lima1 Lcat H6pd Rdh9 Apof Abca2 Hsd17b7 Apoa2 Abcc1 Ttc39d Tnf Arv1 Hsd17b1 Rdh5 Lss Afp Snai1 Abca5 Star Hint2 Cyp2r1 Msmo1 Srebf1 Igf1r Cln6 Fmo5 Ttc39b Armc5 Mbtps1 Plekha1 Tspo Pctp Hmgcs1 Gh Ppargc1a Lipa Cnpy4 Mvk Hsd17b4 Scap Hsd17b12 Creb1 Prkaa1 Adm Sc5d Ldlrap1"
"GOBP_STEROL_HOMEOSTASIS",0.706357584114592,0.91698777936805,1,58,0.246483267769784,17,"Errfi1 Nr1d1 Gramd1b Plscr3 Nr1h3 Scarb1 Lima1 Lcat Abca2 Apoa2 Plpp6 Ttc39d Abca5 Acox1 Hsdl2 Ttc39b Tmem97"
"GOBP_STEROL_TRANSPORT",0.768101169890944,0.870479035527579,1,79,0.258841850999991,31,"Egf Abcb4 Abca8b Gramd1b Nr1h3 Scarb1 Lcat Gramd1c Apof Abca2 Tpcn2 Apoa2 Ttc39d Arv1 Abca5 Star Zdhhc8 Ttc39b Tmem97 Stard3nl Ptch1 Tspo Lipa Stx12 Vps53 Washc1 Vps52 Nfkbia Apom Pip4k2a Ldlrap1"
"GOBP_STORE_OPERATED_CALCIUM_ENTRY",-0.76474175351619,0.802025782688766,1,17,-0.260631127804701,2,"Homer3 Homer1"
"GOBP_STRESS_ACTIVATED_PROTEIN_KINASE_SIGNALING_CASCADE",0.739544249255562,0.865086599817685,1,43,0.268191536728383,7,"Nod2 Map3k20 Mapk8ip2 Errfi1 Foxm1 Eif2ak2 Zmpste24"
"GOBP_STRESS_FIBER_ASSEMBLY",-0.902811342227781,0.717423133235725,1,75,-0.223627378489972,8,"Tacstd2 Carmil1 Sorbs1 Stmn1 Pdlim1 S1pr1 Mkks Pfn2"
"GOBP_STRESS_GRANULE_ASSEMBLY",-0.637547921740095,0.978839590443686,1,35,-0.18334131163236,35,"Ythdf3 Bicd1 Ythdf1 Atg5 Caprin1 Trim21 Ogfod1 Atxn2 Ubap2l Usp10 Csde1 Lsm14a Ythdf2 Fmr1 Rps23 Dazap2 Dync1h1 Prrc2c Hsf1 Tia1 Atxn2l Eif2s1 G3bp1 Ddx6 Pum2 G3bp2 Hif1a Becn1 Grb7 Prkaa1 Cirbp C9orf72 Ddx3x Styxl1 Mettl1"
"GOBP_STRIATED_MUSCLE_ADAPTATION",1.18996478621666,0.23384652685174,1,24,0.474125394929651,5,"Smad3 Lmna Asb2 Errfi1 Ezh2"
"GOBP_STRIATED_MUSCLE_CELL_APOPTOTIC_PROCESS",0.956988265520635,0.566640598815775,1,52,0.338842587859943,20,"Eng Rps6ka2 Tigar Trem1 Camk2a Hspb6 Atg7 Notch1 Capn2 Sirt5 Sirt4 Apaf1 Map3k5 Camk2d Cflar Ptpn1 Ppp1r10 Nfe2l2 Mdk Slc25a4"
"GOBP_STRIATED_MUSCLE_CELL_DIFFERENTIATION",1.0710879111376,0.31945984077396,1,213,0.338767556868127,57,"Nphs1 Lmna Asb2 Mmp14 Tmod1 Neb Neo1 Fktn Csf1r Vegfa Cd9 Dmd Mtln Greb1l Bhlhe41 Myom1 Sgcb Rgs2 Ccnd2 Dll1 Tmod4 Mybpc2 Ezh2 Cav2 Atg7 Itgb1 Bhlha15 Cdk1 Tanc1 Cdon Rxra Notch1 Plpp7 Sik1 Zmpste24 Rcan1 Capn2 Sorbs2 Casp7 Nebl Pak1 Ccnb1 Abcg2 Thra Bin3 Selenon Dcaf8 Naglu Ski Camk2d Arrdc2 Ift88 Trim32 Cflar Sirt6 Pin1 Csrp1"
"GOBP_STRIATED_MUSCLE_CELL_PROLIFERATION",0.855323594504828,0.722408400357462,1,51,0.303203348674576,15,"Tenm4 Angpt1 Tgfbr3 Ccnd2 Fes Cdk1 Rbpj Rxra Notch1 Fgf2 Ccnb1 Fgf20 Ppard Selenon Cited2"
"GOBP_STRIATED_MUSCLE_CONTRACTION",0.86412023305023,0.771466859086692,1,123,0.280816479132234,13,"Cacna1h Scn2b Ehd3 Fgf13 Agrn Kcnj2 Dmd Chrnb1 Pde4d Tmem38b Rgs2 Trpm4 Myl4"
"GOBP_STRIATUM_DEVELOPMENT",0.776025641448013,0.780106809078772,1,11,0.363071105417648,4,"Slc7a11 Bbs4 Aldh1a3 Bbs2"
"GOBP_SUBPALLIUM_DEVELOPMENT",0.776025641448013,0.780106809078772,1,11,0.363071105417648,4,"Slc7a11 Bbs4 Aldh1a3 Bbs2"
"GOBP_SUBSTRATE_ADHESION_DEPENDENT_CELL_SPREADING",-0.858003687228698,0.779976717112922,1,62,-0.217622640172314,4,"Tacstd2 Carmil1 Myadm Lamb3"
"GOBP_SUBSTRATE_DEPENDENT_CELL_MIGRATION",-0.87329173045892,0.613076923076923,1,10,-0.347880591958908,5,"Tnfrsf12a Itgb1bp1 Fmnl1 Ptprc Stk4"
"GOBP_SUCCINYL_COA_METABOLIC_PROCESS",1.00905469495529,0.490538573508006,1,12,0.463020749650504,3,"Mmut Pcca Mcee"
"GOBP_SULFUR_AMINO_ACID_BIOSYNTHETIC_PROCESS",0.659082567042053,0.890299918940827,1,10,0.314351563651574,5,"Apip Mthfd1 Mri1 Enoph1 Mthfd2l"
"GOBP_SULFUR_AMINO_ACID_METABOLIC_PROCESS",1.11496661697421,0.333914342629482,1,20,0.461014820587399,6,"Cacna1a Slc7a11 Mmut Apip Mthfd1 Cdo1"
"GOBP_SULFUR_COMPOUND_BIOSYNTHETIC_PROCESS",0.846950096830885,0.762800084979817,1,82,0.284367203957289,35,"Gstp2 Elovl6 Slc25a42 Slc7a11 Ggt5 Mgst2 Mmut Apip Pcca Mthfd1 Cdo1 Tpk1 Sirt4 Mcee Dip2a Gstm1 Pank3 Acot7 Gcdh Mlycd Pdhx Mpc2 Acat1 Nfe2l2 Acsl1 Mri1 Enoph1 Mthfd2l Pdk1 Acsl5 Bckdk Acaca Pank2 Hagh Gss"
"GOBP_SULFUR_COMPOUND_CATABOLIC_PROCESS",0.470178715241647,0.992193402165701,1,19,0.196863961730401,11,"Ggt5 Cdo1 Acot7 Mlycd Acat1 Fitm2 Nudt7 Enpp1 Pank4 Mtrr Abcd1"
"GOBP_SULFUR_COMPOUND_METABOLIC_PROCESS",0.879879125183882,0.777665385393486,1,185,0.279922947566346,57,"Tstd1 Hs3st3b1 Gstp2 Elovl6 Cacna1a Gstk1 Slc25a42 Slc27a3 Slc7a11 Ggt5 Gsr Pemt Mgst2 Nox1 Arsg Mmut Ext1 Bckdhb Far2 Gstt2 Apip Gstm4 Pcca Sulf2 Gpat4 Mthfd1 Ndst1 Cdo1 Suox Mmachc Abcc1 Tpk1 Sirt4 Sod1 Mcee Dip2a Ctns Gstm1 Pank3 Acot7 Gcdh Tdo2 Gstt3 Mlycd Mical3 Hmgcs1 Gpam Arl6ip5 Pdhx Mpc2 Amd2 Dgat1 Slc5a6 Acat1 Mvk Hsd17b4 Nfe2l2"
"GOBP_SULFUR_COMPOUND_TRANSPORT",0.870777218916439,0.695419325432999,1,43,0.315782430496008,19,"Slc6a13 Slc27a1 Slc25a42 Slc7a11 Abcc4 Slc25a40 Slc25a47 Abcc1 Ctns Abcg2 Slc43a2 Mfsd12 Slc26a11 Slc26a1 Slc6a6 Slc25a10 Slc5a6 Slc36a1 Slc16a6"
"GOBP_SUPEROXIDE_ANION_GENERATION",1.05573061281379,0.404099040398057,1,31,0.403275828206097,8,"App Pon3 Noxo1 Nox1 Cybb Abcc1 Mapt Sod1"
"GOBP_SUPEROXIDE_METABOLIC_PROCESS",0.862438106368122,0.706247180875056,1,47,0.308659240120777,10,"App Pon3 Noxo1 Nox1 Cybb Nos3 Abcc1 Immp2l Mapt Sod1"
"GOBP_SUPPRESSION_OF_VIRAL_RELEASE_BY_HOST",-0.68800408891206,0.90242718446602,1,19,-0.227829109284173,6,"Trim35 Trim5 Pml Trim56 Trim21 Trim11"
"GOBP_SUPRAMOLECULAR_FIBER_ORGANIZATION",0.754794604536908,0.990195097548774,1,469,0.233299040099539,137,"Nphs1 Smad3 Tgfb3 Sirpa Xrcc2 Myo1d App Vill Wnt4 Iqgap2 Dst Basp1 Cit Kif18a Marcks F11r Tmod1 Ckap2l Myo1f Neb Fgf13 Krt10 Efemp2 Ccdc88b Diaph3 Kiss1r Cdh5 Myom1 Map2 Nefh Katnb1 Bbof1 Togaram1 Rhoc Elmo3 Tmod4 Spef1 Fes Mybpc2 Tpm3-rs7 Itgb1 Bbs4 Myo6 Pik3r2 Cdk1 Tubg2 Cdc42ep4 Casp4 Hspa1b Hspg2 Lima1 Gas2l3 Marcksl1 Map7d3 Eppk1 Sorbs3 Ttc8 Inf2 Ppfibp1 Map10 Tacc3 Rhob Tbcd Atxn7 Rgcc Dbn1 Abi2 Hdgfl3 Nebl Actn1 Svil Rufy3 Mapt Dvl1 Pak1 Fchsd1 Icam1 Gas2 Myo7a Pdxp Bid Elmo1 Arhgap35 Msrb2 Prkci Tpx2 Tmsb15b2 Apc2 Enah Plek Cyfip1 Arhgef10 Psen1 C9orf72 Camsap2 Nf2 Eps8 Pacsin1 Luzp1 Tmsb15b1 Ckap2 Ift88 Jmy Zbed3 Sdc4 Mical3 Tacc2 Cflar Abitram Sh3bp1 Bfsp2 Csrp1 Capg Pfdn6 Cst3 Plekhg2 Kptn Alms1 Nedd1 Hdac2 Akap9 Hspa1a Ripk1 Mad2l2 Tubgcp6 Ap1ar Clip1 Ssh1 Rhobtb2 Plk3 Diaph2 Wasl Clec2i Washc1 Kank3 Csnk1d Pdlim3"
"GOBP_SURFACTANT_HOMEOSTASIS",1.08138982351019,0.383063479825238,1,16,0.468443611254847,4,"Pla2g4a Vegfa Tmem63a Lamp3"
"GOBP_SYNAPTIC_TRANSMISSION_DOPAMINERGIC",0.77987519731289,0.774381368267831,1,12,0.357858102537887,3,"Aph1b Tor1a Adora2a"
"GOBP_SYNAPTIC_TRANSMISSION_GABAERGIC",0.997892940178346,0.488033674082983,1,27,0.389843844337229,10,"Nrxn1 Best1 Ezh2 Hap1 Pak1 Zdhhc3 Gphn Plcl1 Cln3 Zdhhc12"
"GOBP_SYNAPTIC_VESICLE_CYCLE",0.675239467083631,0.978846740567477,1,155,0.216421532370533,26,"Bsn Syp Cacna1a Slc18a2 Unc13b Nrxn1 Grik5 Ctbp2 Kcnc3 Camk2a Magi2 Cask Atg7 Cdk5r1 Capn2 Snap47 Stxbp5 Dvl1 Atp6v1g2 Cplx2 Cacnb4 Fbxo45 Cyfip1 Psen1 Tor1a C9orf72"
"GOBP_SYNAPTIC_VESICLE_CYTOSKELETAL_TRANSPORT",0.549798131962346,0.973432384789725,1,19,0.230200634144942,6,"Map2 Kif1b Bloc1s3 Ap3m2 Bloc1s4 Ap3s1"
"GOBP_SYNAPTIC_VESICLE_EXOCYTOSIS",0.699944866396652,0.930350404312668,1,70,0.238890077705463,19,"Syp Cacna1a Unc13b Grik5 Ctbp2 Camk2a Cask Snap47 Stxbp5 Dvl1 Cplx2 Cacnb4 Fbxo45 Psen1 Doc2a Syde1 Efr3a Prkca Synj1"
"GOBP_SYNAPTIC_VESICLE_LOCALIZATION",0.838866031337737,0.739963915200722,1,47,0.300222995579602,6,"Bsn Nrxn1 Lin7b Map2 Magi2 Kif1b"
"GOBP_SYNAPTIC_VESICLE_LUMEN_ACIDIFICATION",0.49051996515517,0.987021331277307,1,16,0.212486689697173,11,"Atp6v1g2 Atp6ap2 Atp6ap1 Atp6v0c Atp6v1a Slc9a6 Atp6v1e1 Atp6v1g1 Clcn3 Atp6v1h Atp6v0d1"
"GOBP_SYNAPTIC_VESICLE_MATURATION",0.4763457043601,0.991942375778293,1,23,0.191263080153586,9,"Dlg4 Atp6v1g2 Zdhhc2 Atp6ap2 Stxbp1 Atp6ap1 Atp6v0c Atp6v1a Slc9a6"
"GOBP_SYNAPTIC_VESICLE_MEMBRANE_ORGANIZATION",-0.819726059455984,0.739086294416244,1,20,-0.268483051762047,5,"Doc2g Stx11 Ap3d1 Erc1 Snapin"
"GOBP_SYNAPTIC_VESICLE_PRIMING",1.17201201014627,0.260791826309068,1,17,0.501692536614207,4,"Syp Unc13b Snap47 Stxbp5"
"GOBP_SYNAPTIC_VESICLE_RECYCLING",-0.848010586129362,0.828060522696011,1,70,-0.21381189105464,17,"Ap1s2 Bcl2l1 Git1 Ap3d1 Ap2a2 Dnm2 Snx9 Pik3c3 Calm1 Scrib Diaph1 Atp8a1 Dgkq Synj2 Ap2m1 Rab3a Ap3s2"
"GOBP_SYNAPTIC_VESICLE_TRANSPORT",-0.618474667979409,0.990783410138249,1,41,-0.171331758544367,4,"Ap1s2 Kifc2 Ap3d1 Snapin"
"GOBP_SYNAPTONEMAL_COMPLEX_ORGANIZATION",-0.907643947783723,0.562372188139059,1,12,-0.344527668125325,2,"Hspa2 Trip13"
"GOBP_SYNCYTIUM_FORMATION",0.955879624812521,0.582127659574468,1,81,0.321397694933596,11,"Nphs1 Camk1 Neo1 Cd9 Vash2 Itgb1 Tanc1 Cdon Capn2 Tcta Adam9"
"GOBP_S_ADENOSYLMETHIONINE_METABOLIC_PROCESS",-0.795400002268993,0.730879345603272,1,12,-0.301921594561123,2,"Gamt Ahcy"
"GOBP_TAIL_ANCHORED_MEMBRANE_PROTEIN_INSERTION_INTO_ER_MEMBRANE",0.752717484651901,0.813185395432847,1,15,0.329651163059978,9,"Mmgt1 Emc1 Caml Emc10 Emc4 Sgta Ubl4a Emc8 Bag6"
"GOBP_TELENCEPHALON_DEVELOPMENT",1.01863918223689,0.461304391926159,1,163,0.325607673854977,48,"Kif3a Numbl Sema7a Nr4a3 Fktn Csf1r Fgf13 Slc7a11 Ulk4 Dmd Ncapd3 Syne2 Rtn4rl1 Atf5 Ext1 Kcnc1 Rpgrip1l Ncapg2 Lrp8 Atg7 Bbs4 Cdk5r1 Cdon Wdr89 Ttc8 Nrgn Tacc3 Abcc1 Tmem108 Ccdc39 Fbxo45 Aldh1a3 Lef1 Atat1 Psen1 Nf2 Ski Ift88 Aspm Szt2 Tacc2 Uqcrq Ncaph2 Ptprs Dicer1 Nfix Bbs2 Hdac2"
"GOBP_TELENCEPHALON_GLIAL_CELL_MIGRATION",1.02098250911577,0.465690053970702,1,16,0.442275970422726,4,"Ulk4 Syne2 Lrp8 Cdk5r1"
"GOBP_TELOMERE_CAPPING",-0.705737582091991,0.914691943127962,1,26,-0.217885545316783,25,"Tinf2 Pot1a Ercc1 Nabp2 Tnks Acd Prkdc Rad50 Atm Pot1b Terf1 Hnrnpd Smg6 Hnrnpa2b1 Tnks2 Xrcc4 Xrcc1 Stn1 Dclre1b Terf2ip Rtel1 Ercc4 Mre11a Terf2 Cdk2"
"GOBP_TELOMERE_MAINTENANCE",-0.546460430089535,1,1,144,-0.125218995767295,17,"Rad51c Shld3 Slx1b Mapk3 Shld2 Mapkapk5 Csprs Eme2 Myc Tert Rpa1 Tep1 Gch1 Pml Smc5 Ctc1 Tinf2"
"GOBP_TELOMERE_MAINTENANCE_IN_RESPONSE_TO_DNA_DAMAGE",-0.740005097314502,0.910773298083278,1,33,-0.216919758242253,32,"Shld3 Shld2 Ercc1 Ppp1ca Ino80d Acd Ruvbl2 Actr5 Shld1 Pot1b Tfpt Actl6a Nfrkb Apex1 Ino80c Ino80 Mcrs1 Uchl5 Actr8 Xrcc4 Yy1 Xrcc1 Ruvbl1 Dclre1b Ino80b Terf2ip Rtel1 Ercc4 Terf2 Cdk2 Rif1 Mad2l2"
"GOBP_TELOMERE_MAINTENANCE_VIA_RECOMBINATION",-0.899759089144831,0.590990990990991,1,16,-0.31172645188291,5,"Rad51c Tert Tep1 Smc5 Ercc1"
"GOBP_TELOMERE_MAINTENANCE_VIA_TELOMERE_LENGTHENING",-0.563255789700553,1,1,61,-0.14353614910984,59,"Tert Rpa1 Gch1 Pml Ctc1 Tinf2 Tcp1 Pot1a Tnks Acd Wrap53 Nhp2 Hnrnpu Rad50 Hmbox1 Atm Trp53 Slx4 Pot1b Gnl3l Terf1 Hnrnpd Hnrnpa2b1 Cct5 Hsp90ab1 Cct3 Cct2 Cct7 Ptges3 Nop10 Cct8 Mcrs1 Hnrnpa1 Cct4 Dcp2 Parp1 Cct6a Dkc1 Ten1 Ctnnb1 Tnks2 Pinx1 Hsp90aa1 Fbxo4 Exosc10 Zbtb48 Stn1 Dclre1b Atr Gar1 Terf2ip Rtel1 Dhx36 Naf1 Ercc4 Terf2 Xrcc5 Tent4b Parn"
"GOBP_TEMPERATURE_HOMEOSTASIS",1.03000789708255,0.433260393873085,1,105,0.338877760527982,17,"Il15 Fabp5 Ccr5 Nod2 Elovl6 Zfp423 Slc27a1 Apln Vegfa Nr1d1 Pemt Per2 Lpin1 Nr1h3 Rbpj Dhrs7b Notch1"
"GOBP_TERMINATION_OF_RNA_POLYMERASE_III_TRANSCRIPTION",-0.94165383584222,0.517992003553976,1,15,-0.334634379480644,15,"Polr2h Polr3h Polr3d Polr3c Polr3a Polr2e Polr2l Crcp Polr1d Polr3e Polr3k Polr3b Polr2f Polr3f Polr1c"
"GOBP_TERMINATION_OF_RNA_POLYMERASE_II_TRANSCRIPTION",0.65335110276079,0.903360795083039,1,13,0.294539757076716,1,"Zgrf1"
"GOBP_TERPENOID_BIOSYNTHETIC_PROCESS",0.497115472138213,0.988793754721733,1,19,0.208142389500364,6,"Rdh10 Rdh9 Lss Aldh1a3 Hmgcs1 Mvk"
"GOBP_TETRAHYDROFOLATE_INTERCONVERSION",0.662744455599472,0.88958611481976,1,11,0.310071406474315,3,"Tyms Mthfd1 Shmt1"
"GOBP_TETRAHYDROFOLATE_METABOLIC_PROCESS",0.721744164535557,0.850424055512722,1,16,0.312649920950513,3,"Tyms Slc46a1 Mthfd1"
"GOBP_TETRAPYRROLE_BIOSYNTHETIC_PROCESS",-0.875988710208118,0.686611374407583,1,26,-0.270447943624124,4,"Iba57 Abcb10 Abcb7 Abcb6"
"GOBP_TETRAPYRROLE_METABOLIC_PROCESS",-0.897779378823693,0.668499607227023,1,42,-0.247782673959877,9,"Iba57 Abcb10 Mmaa Abcb7 Blvrb Abcb6 Mtr Blvra Cyb5r4"
"GOBP_THYMOCYTE_APOPTOTIC_PROCESS",1.03208160445085,0.453360856663656,1,15,0.451998137704174,3,"Bbc3 Efna1 Jak3"
"GOBP_THYMUS_DEVELOPMENT",0.690410956680698,0.909726200022912,1,42,0.251444075511565,9,"Aire Ccnb2 Myb Zmpste24 Cacnb4 Sco1 Psen1 Cited2 Slc46a2"
"GOBP_THYROID_GLAND_DEVELOPMENT",1.11533586930538,0.341171935235158,1,16,0.483148584368526,5,"Smad3 Rap1gap Hoxb3 Ctns Thra"
"GOBP_TISSUE_MIGRATION",1.14924963564613,0.247511757628787,1,62,0.397972871665502,11,"Epb41l4b Mcc Gab2 Bmpr2 Hbegf Wdpcp Tgfbr3 Itga3 Rab25 Arsb Eppk1"
"GOBP_TOLL_LIKE_RECEPTOR_2_SIGNALING_PATHWAY",1.16635161735336,0.274674235582505,1,15,0.510801429536648,3,"Nod2 Tlr6 Mfhas1"
"GOBP_TOLL_LIKE_RECEPTOR_3_SIGNALING_PATHWAY",1.17072451507862,0.256989378586253,1,23,0.470071157807646,7,"Tlr3 Trim3 Tnfaip3 Tnf Znrf1 Ptpn22 Irf1"
"GOBP_TOLL_LIKE_RECEPTOR_4_SIGNALING_PATHWAY",0.944458761714037,0.585090030742205,1,59,0.32883253326637,19,"C1qtnf4 Rab13 Nr1d1 Ticam2 Mfhas1 Nr1h3 Tnip3 Appl1 Tlr4 Znrf1 Ptpn22 Appl2 Naglu Trim32 Ninj1 Ly96 Nfkbia Tmem126a Ripk2"
"GOBP_TOLL_LIKE_RECEPTOR_9_SIGNALING_PATHWAY",0.521391934847147,0.976519158818217,1,15,0.228342587009175,8,"Zdhhc3 Ptpn22 Epg5 Ptprs Rsad2 Slc15a4 Adcy7 Pik3ap1"
"GOBP_TOOTH_MINERALIZATION",0.944929415284703,0.571787746460236,1,12,0.433595848093565,4,"Nectin1 Tspear Wls Dicer1"
"GOBP_TORC1_SIGNALING",-0.693796667934,0.997229916897507,1,113,-0.1608520440833,23,"Tbc1d7 Mapk3 Syk Nmt1 Mlst8 Gpr137c Traf2 Nlk Mfsd8 Foxp1 Cul1 Rhebl1 Vhl Ep300 Rragc Stambpl1 Ywhag Wdr24 Usp4 Lamtor3 Dgkq Gpr155 Ube2d1"
"GOBP_TORC2_SIGNALING",-0.599063087794334,0.968525676421866,1,23,-0.190365089229234,4,"Mlst8 Traf2 Ep300 Syap1"
"GOBP_TOR_SIGNALING",0.419902758660708,1,1,159,0.134357797048503,42,"Rps6ka2 Dyrk3 Tnfaip8l1 Cryba1 Prr5l Slc7a1 Nprl3 Zmpste24 Rptor Castor1 Endog Meak7 Deptor Ctns Rragb Zdhhc3 Srms Akt1s1 Gpat3 C9orf72 Usp32 Shq1 Szt2 Fnip1 Sesn2 Lipa Clec16a Kptn Klhl22 Rragd Sar1a Stk11 Prkaa1 Ddit4 Smcr8 Cul3 Larp1 Epm2a Hdac3 Rps6kb2 Depdc5 Mapkap1"
"GOBP_TRABECULA_MORPHOGENESIS",1.18572796132645,0.242811501597444,1,22,0.480177109992702,6,"Eng Slc40a1 Vegfa Tgfbr3 Rbpj Notch1"
"GOBP_TRANSCRIPTION_BY_RNA_POLYMERASE_I",-0.652245348790455,0.989643268124281,1,61,-0.1662136232811,61,"Polr2h Lyar Mybbp1a Eif2ak3 Ercc2 Smarca4 Flna Nol11 Tbp Dhx33 Ercc6 Ppp1r15a Nop53 Myo1c Spty2d1 Tcof1 Atf4 Polr1e Polr2e Polr2l Ddx11 Sf3b1 Sirt7 Smarcb1 Pwp1 Heatr1 Actr6 Dek Pih1d1 Maf1 Dedd Rrn3 Polr1d Baz2a Taf1c Crebbp Mtor Ttf1 Polr2f Phf8 Taf1b Ncl Smarca5 Ubtf Polr1b Baz1b Taf1 Wdr43 Ercc3 Lipe Ddx21 Ippk Polr1c Gtf2h5 Wdr75 Utp15 Gtf2h1 Polr1a Taf1a Zmpste24 Prr7"
"GOBP_TRANSCRIPTION_BY_RNA_POLYMERASE_III",-1.04625171658968,0.362135922330097,1,53,-0.273896430880524,13,"Gtf3c4 Gtf3c5 Polr2h Mybbp1a Ell Gtf3c2 Tbp Ercc6 Polr3h Gtf3a Snapc1 Snapc3 Myo1c"
"GOBP_TRANSCRIPTION_COUPLED_NUCLEOTIDE_EXCISION_REPAIR",0.46107297676559,0.992192669048564,1,12,0.211570647669452,2,"Ercc8 Ercc5"
"GOBP_TRANSCRIPTION_ELONGATION_BY_RNA_POLYMERASE_I",-0.665594766537811,0.902988306626245,1,14,-0.24173636001593,14,"Polr2h Ercc2 Ercc6 Polr1e Polr2e Polr2l Polr1d Polr2f Ubtf Polr1b Ercc3 Polr1c Gtf2h5 Polr1a"
"GOBP_TRANSCRIPTION_ELONGATION_BY_RNA_POLYMERASE_II",-0.609020239683398,1,1,128,-0.138360359938638,19,"Ints4 Cdc73 Med18 Med4 Polr2h Polr2d Ints12 Tceanc2 Rtf1 Vhl Ints11 Med24 Ell Polr2a Ppp2ca Epop Axin1 Recql5 Elof1"
"GOBP_TRANSCRIPTION_INITIATION_AT_RNA_POLYMERASE_II_PROMOTER",-0.618615093038822,1,1,167,-0.138604607547131,32,"Padi2 Ints4 Paxip1 Taf13 Med18 Med4 Polr2h Taf3 Foxo1 Polr2d Rbm14 Ctnnbip1 Myc Ints12 Ercc2 Ints11 Psmc6 Ogg1 Tet2 Med24 Smarca4 Ppp2ca Ep300 Tbp Gtf2a1 Ercc6 Taf8 Ints7 Egr1 Ercc1 Xpa Gtf2f2"
"GOBP_TRANSCRIPTION_PREINITIATION_COMPLEX_ASSEMBLY",0.425564827101163,1,1,68,0.145807165925789,17,"Ahr Esr1 Med17 Med22 Med26 Thra Taf2 Med6 Med29 Med15 Med11 Med8 Gtf2e2 Creb1 Taf6l Taf4b Med19"
"GOBP_TRANSCYTOSIS",1.19253003376707,0.247548058061985,1,13,0.537609112417835,2,"Ager Pigr"
"GOBP_TRANSFORMING_GROWTH_FACTOR_BETA_RECEPTOR_SIGNALING_PATHWAY",1.0799370611055,0.328442437923251,1,132,0.349311420946308,38,"Eng Cdkn1c Spry2 Smad3 Tgfb3 Bambi Tet1 Pbld1 Zfyve9 Cdh5 Tgfbr3 Spry1 Itga3 Hpgd Cav2 Itgb1 Spred2 Acvrl1 Sap30l Tgfb1i1 Rgcc Appl1 Pmepa1 Fut8 Tab1 Adam9 Ptk2 Smad5 Ints9 Ing2 Selenon Cited2 Appl2 Ski Ldlrad4 Gipc1 Snx25 Pin1"
"GOBP_TRANSITION_METAL_ION_TRANSPORT",0.917289197091208,0.64021563342318,1,70,0.313069354590166,15,"Slc39a4 Slc39a2 Nectin1 Slc39a14 Slc22a17 Slc40a1 Atp2c2 Slc46a1 Mmgt1 Slc39a8 Hfe Trf Slc48a1 Slc46a3 Mcoln2"
"GOBP_TRANSLATIONAL_ELONGATION",-0.644355646378225,0.991379310344828,1,64,-0.164094362255098,64,"Cpeb2 Eif5a2 Ascc2 Abtb1 Ufsp2 Nemf Gigyf2 Pstk Mettl18 Tufm Efl1 Rack1 Trip4 Eef2 Usp10 Ltn1 Abce1 Srp9 Smyd5 Eef1b2 Hbs1l Eif4e2 Trnt1 Gtpbp2 Eef1a1 Gcn1 Saysd1 Trnau1ap Ddrgk1 Eef1g Rnf14 Secisbp2 Eif5a Tcf25 Secisbp2l Mrpl44 Rplp1 Shfl Rchy1 Rplp2 Eef1d Alkbh1 Usp16 Gtpbp1 Eef2k Ascc3 Ankzf1 Gfm1 Eif4a3 Otud3 Mrpl58 Zfp598 Tsfm Usp21 Klhdc10 Eefsec Ufl1 Pelo Cdk5rap3 Sepsecs Cpeb3 Elac1 Ptrh1 Rnf25"
"GOBP_TRANSLATIONAL_INITIATION",0.447813306034894,1,1,144,0.143993524131617,18,"Map3k20 Mcts2 Eif4ebp3 Impact Rxra Bzw2 Eif2d Eif2ak2 Boll Rptor Habp4 Dele1 Tnf Eif4e3 Eif2ak1 Ddx3x Mettl3 Akt1s1"
"GOBP_TRANSLATIONAL_TERMINATION",0.752141857559155,0.813959489098181,1,15,0.329399068290717,7,"Hemk1 Mtrf1 Rnf25 Gspt1 Mrpl58 Jmjd4 Upf1"
"GOBP_TRANSLESION_SYNTHESIS",-0.740744063940498,0.857296137339056,1,22,-0.237366332466531,3,"Pole2 Polh Rev1"
"GOBP_TRANSMISSION_OF_NERVE_IMPULSE",0.866691526205953,0.684694494857834,1,25,0.343258732568278,11,"Cacna1a Dmrt3 Kcnmb3 Kcnk4 Prx Bbs10 Npr2 Pak1 Sod1 Cacnb4 Scn8a"
"GOBP_TRANSPOSABLE_ELEMENT_SILENCING_BY_HETEROCHROMATIN_FORMATION",-1.01015899962036,0.425557324840764,1,11,-0.393121961248465,4,"Dnmt3b Pphln1 Setdb1 Morc2a"
"GOBP_TRANSPOSITION",-0.619662385332012,0.949514563106796,1,19,-0.20519809632286,2,"Dnmt3b Pphln1"
"GOBP_TRICARBOXYLIC_ACID_CYCLE",-0.861295874439453,0.717249555423829,1,27,-0.263443913235256,26,"Pdhb Dld Sdhaf2 Dlat Mdh2 Sdhc Aco2 Cs Idh2 Idh3b Sucla2 Ndufs4 Suclg1 Ogdh Fh1 Mdh1 Sdhd Dlst Sdhb Sdha Idh1 Suclg2 Pdha1 Mrps36 Idh3a Idh3g"
"GOBP_TRICARBOXYLIC_ACID_METABOLIC_PROCESS",0.617993343738532,0.932536622976099,1,16,0.267706452731945,3,"Asl Sirt4 Aco1"
"GOBP_TRIGLYCERIDE_CATABOLIC_PROCESS",1.04250142181142,0.436903360795083,1,13,0.469974129124398,3,"Mgll Ddhd2 Gpld1"
"GOBP_TRIGLYCERIDE_METABOLIC_PROCESS",0.910067078395109,0.651260504201681,1,71,0.310177082069734,30,"Mgll Slc27a1 Lpin1 Nr1h3 Ddhd2 Esr1 Scarb1 Gpat4 Apof Sik1 Gpld1 Arv1 Apobec1 Srebf1 Gk5 Gpat3 Plaat3 Agpat2 Gpam Lipa Pck2 Dgat1 Ccnc Pik3cg Acsl1 Acsl5 Fitm2 Pank2 Lipe Atg14"
"GOBP_TRNA_DECAY",0.462237762111905,0.993704356585243,1,19,0.193539082397586,5,"Wdr4 Mettl1 Exosc2 Exosc7 Plxnb2"
"GOBP_TRNA_METHYLATION",-0.839290312527821,0.792064658339456,1,38,-0.237174403820838,5,"Nsun4 Mettl8 Ftsj1 Thada Trmt44"
"GOBP_TRNA_MODIFICATION",-1.08567300278559,0.240601503759398,1,88,-0.262296257208531,11,"Osgepl1 Thg1l Dtwd2 Dus2 Nsun4 Mettl8 Pus7 Ftsj1 Trmu Thada Trmt44"
"GOBP_TRNA_WOBBLE_BASE_MODIFICATION",0.749348706130758,0.834034876728803,1,27,0.29274581328828,18,"Adat2 Elp5 Nat10 Slc35f2 Ctu1 Gtdc1 Mto1 Ctu2 Trmt112 Elp1 Alkbh8 Mpst Elp4 Nsun3 Elp2 Alkbh1 Qtrt2 Kti12"
"GOBP_TRNA_WOBBLE_URIDINE_MODIFICATION",0.402189942592474,0.998989005434096,1,18,0.170020309400305,11,"Elp5 Ctu1 Mto1 Ctu2 Trmt112 Elp1 Alkbh8 Mpst Elp4 Elp2 Kti12"
"GOBP_TROPHECTODERMAL_CELL_DIFFERENTIATION",-0.751735171626783,0.799575371549894,1,13,-0.279154601773383,6,"Hopx Bysl Cnot3 Ctr9 Cnot1 Sp3"
"GOBP_TUBE_FORMATION",0.998855513157545,0.499372647427854,1,101,0.329735317510665,27,"Egf Wnt4 Ift122 Vegfa St14 Bbs4 Mks1 Notch1 Fgf2 Mthfd1 Tulp3 Rab23 Apaf1 Arhgap35 Cluap1 Abcg2 Ipmk Enah Cited2 Ift57 Ski Luzp1 Nup50 Ptch1 Hs2st1 Sdc4 Gatad2a"
"GOBP_TUBULIN_DEACETYLATION",0.919533425740867,0.60312263913372,1,19,0.385008906755464,3,"Mbip Nek3 Tada2a"
"GOBP_TUMOR_NECROSIS_FACTOR_MEDIATED_SIGNALING_PATHWAY",0.636472217161675,0.977503168567807,1,87,0.212708946948993,9,"Tnfrsf4 Tnfsf18 Tjp2 Peli3 Ext1 Naip5 Cdk5r1 Hspa1b Traf1"
"GOBP_TYPE_2_IMMUNE_RESPONSE",0.625723568482544,0.944317498496693,1,27,0.24444955125752,5,"Nod2 Ecm1 Myb Lilrb4a Prkcz"
"GOBP_TYPE_2_MITOPHAGY",-0.720788011850507,0.847986141186661,1,14,-0.261781911588937,3,"Smurf1 Hdac6 Mfn2"
"GOBP_TYPE_B_PANCREATIC_CELL_APOPTOTIC_PROCESS",0.728093277089843,0.829165012571126,1,12,0.334097147220118,1,"Ager"
"GOBP_TYPE_B_PANCREATIC_CELL_DIFFERENTIATION",0.565506535443963,0.957009345794393,1,11,0.26457770462511,1,"Dll1"
"GOBP_TYPE_II_INTERFERON_MEDIATED_SIGNALING_PATHWAY",-0.550860512903896,0.983820459290188,1,21,-0.17855415975395,1,"Irgm2"
"GOBP_TYPE_I_INTERFERON_PRODUCTION",0.905311802029778,0.697556952891454,1,124,0.294122987839814,24,"Nlrx1 Isg15 Sirpa Ifih1 Tlr3 Ikbke Flt3 Pbld1 Peli3 Oas3 Ticam2 Tlr7 Gbp7 Rab2b Rnf125 Rnf135 Zcchc3 Gbp4 Tab1 Tlr4 Pqbp1 Zbtb20 Ddx3x Ptpn22"
"GOBP_T_CELL_ACTIVATION",1.04307208391381,0.340636254501801,1,438,0.32273941922179,78,"Sema6d Il15 Zap70 Il2ra Zbtb46 Fcer1g Pik3r6 Cd27 Il12rb1 Zbtb32 Cd3d Tcf7 Tnfrsf4 Smad3 Aire Tnfsf18 Sirpa Foxp3 Prdm1 Wnt4 Sema4a Ager Tnfrsf21 Itk Slamf9 Sh3rf1 Tnfrsf14 Cd59a Ccr9 Flt3 Cd55b Il2 Nrarp Clec2g Ccdc88b Fzd5 Lat Cd5 Cd276 Shb Nkg7 Socs1 Clec4g Gnrh1 Lag3 Sit1 Ebi3 Il7r Slfn1 Jak3 Bcl2a1d Clec4a3 Efnb1 Crip3 Tnfsf9 Slc7a1 Myb Cd160 Lilrb4a Hfe Itgav Prr7 Cd46 Hs1bp3 Cd274 Rabl3 Il12a Abcc1 Cd4 Pdcd1lg2 Jaml Prkcz Vcam1 Cebpb Btnl1 Nhej1 Tnfrsf1b Tlr4"
"GOBP_T_CELL_ACTIVATION_INVOLVED_IN_IMMUNE_RESPONSE",0.968771688107481,0.560453400503778,1,93,0.321949218220294,6,"Sema6d Fcer1g Il12rb1 Tnfsf18 Foxp3 Sema4a"
"GOBP_T_CELL_CHEMOTAXIS",1.18975933361387,0.251078854452727,1,13,0.536360042282942,3,"Cxcr3 Cxcl16 Ccl27a"
"GOBP_T_CELL_CYTOKINE_PRODUCTION",0.810564205474988,0.75524305976482,1,24,0.32295835850616,7,"Foxp3 Cd55b Fzd5 Trpm4 Hfe Prkcz Tnfrsf1b"
"GOBP_T_CELL_DIFFERENTIATION",1.06523536938691,0.319578313253012,1,255,0.334254948780463,23,"Il15 Zap70 Il2ra Zbtb46 Fcer1g Pik3r6 Cd27 Il12rb1 Cd3d Tcf7 Aire Tnfsf18 Foxp3 Prdm1 Wnt4 Sema4a Itk Sh3rf1 Ccr9 Flt3 Il2 Nrarp Fzd5"
"GOBP_T_CELL_DIFFERENTIATION_INVOLVED_IN_IMMUNE_RESPONSE",0.90126737335468,0.668323249783924,1,69,0.308173812431836,12,"Fcer1g Il12rb1 Tnfsf18 Foxp3 Sema4a Il2 Shb Jak3 Myb Cd46 Il12a Prkcz"
"GOBP_T_CELL_DIFFERENTIATION_IN_THYMUS",0.981833977989788,0.523964432877901,1,67,0.336962599360434,6,"Zap70 Cd3d Aire Foxp3 Wnt4 Fzd5"
"GOBP_T_CELL_EXTRAVASATION",0.689223189937175,0.868357810413885,1,11,0.322459738550703,1,"F11r"
"GOBP_T_CELL_HOMEOSTASIS",1.08847608909682,0.351700680272109,1,45,0.39214184710818,9,"Il2ra Tnfrsf4 Ccnb2 Ahr Il2 Sit1 Jak3 Cd101 Pmaip1"
"GOBP_T_CELL_LINEAGE_COMMITMENT",0.839290738515924,0.719785458879619,1,29,0.32402479190494,2,"Tnfsf18 Foxp3"
"GOBP_T_CELL_MEDIATED_CYTOTOXICITY",1.06393299874087,0.392070992278437,1,40,0.390277794381856,22,"H2-Q2 Ager Klrd1 Serpinb9 Prf1 Raet1d Il7r Il12a H60b Rab27a H2-Q7 H2-K1 H2-Q4 Cd1d1 H2-T24 H2-Q6 H2-M3 Mr1 B2m P2rx7 H2-T22 H2-D1"
"GOBP_T_CELL_MEDIATED_IMMUNE_RESPONSE_TO_TUMOR_CELL",0.764988659102034,0.797088262056415,1,14,0.339576173385813,7,"Ahr Lag3 Cd274 Ufl1 Klhl22 Prkaa1 Mr1"
"GOBP_T_CELL_MEDIATED_IMMUNITY",1.13350336936202,0.24737505249895,1,96,0.37588479194151,29,"Nod2 Aire H2-Q2 Foxp3 Ager Klrd1 Ahr Cd55b Serpinb9 Fzd5 Prf1 Clec4g Lag3 Raet1d Trpm4 Il7r Kdm5d Hfe Lyst Cd46 Cd274 Il12a Prkcz Cdh17 Tnfrsf1b Icam1 Dpp4 H60b Rab27a"
"GOBP_T_CELL_RECEPTOR_SIGNALING_PATHWAY",1.09232741266393,0.309809602649007,1,115,0.356509622188638,30,"Zap70 Lcp2 Foxp3 Tnfrsf21 Itk Clec2g Lat Cd276 Pde4d Shb Lag3 Kcnn4 Bcl2a1d Cd160 Cd247 Cd274 Cd4 Pdcd1lg2 Btnl1 Sla2 Cacnb4 Ptpn22 Nras Phpt1 Lck Psen1 Plcg1 Cd80 Tespa1 Rc3h2"
"GOBP_T_HELPER_17_CELL_DIFFERENTIATION",0.786895302572717,0.796664681357951,1,30,0.302498888623204,3,"Tnfsf18 Foxp3 Il2"
"GOBP_T_HELPER_17_CELL_LINEAGE_COMMITMENT",-0.849663806308147,0.678793681187171,1,18,-0.285600052094749,5,"Lgals1 Stat5a Irf4 Tbx21 Ep300"
"GOBP_T_HELPER_17_TYPE_IMMUNE_RESPONSE",0.677967911588512,0.916657047212282,1,39,0.249668148296794,5,"Tnfsf18 Foxp3 Il2 Jak3 Notch1"
"GOBP_T_HELPER_1_CELL_DIFFERENTIATION",0.866436675173177,0.678790857704596,1,22,0.350875641163867,6,"Il12rb1 Sema4a Jak3 Il12a Lef1 Irf1"
"GOBP_T_HELPER_1_TYPE_IMMUNE_RESPONSE",0.989046456833458,0.507672484479325,1,35,0.370853470373877,6,"Il12rb1 Pla2g4a Sema4a Vegfa Il18bp Jak3"
"GOBP_T_HELPER_2_CELL_DIFFERENTIATION",-1.04329685766156,0.392781316348195,1,13,-0.387425159583366,3,"Il18 Anxa1 Bcl6"
"GOBP_T_HELPER_CELL_LINEAGE_COMMITMENT",-0.812106054148181,0.759916492693111,1,21,-0.263233451541338,5,"Lgals1 Stat5a Irf4 Tbx21 Ep300"
"GOBP_UBIQUITIN_DEPENDENT_PROTEIN_CATABOLIC_PROCESS_VIA_THE_C_END_DEGRON_RULE_PATHWAY",-0.978958699457436,0.472522522522523,1,16,-0.339165589548885,4,"Dcaf12 Klhdc1 Nemf Fem1a"
"GOBP_UBIQUITIN_DEPENDENT_PROTEIN_CATABOLIC_PROCESS_VIA_THE_MULTIVESICULAR_BODY_SORTING_PATHWAY",-0.775812096352312,0.842073170731707,1,28,-0.235878801619761,4,"Vps25 Vps37c Nedd4 Hdac6"
"GOBP_UBIQUITIN_RECYCLING",0.692680699492846,0.861253715212105,1,10,0.330376301673518,5,"Rnf135 Trim32 Ide Plaa Fbxw7"
"GOBP_UDP_N_ACETYLGLUCOSAMINE_METABOLIC_PROCESS",-0.813798957756555,0.699442675159236,1,11,-0.316704838006143,5,"Gfpt1 Uap1 Uap1l1 Pgm3 Gnpda1"
"GOBP_UROGENITAL_SYSTEM_DEVELOPMENT",0.749768200568913,0.837120306146855,1,28,0.290852289751967,5,"Ahr Plag1 Esr1 Rxra Notch1"
"GOBP_VACUOLAR_ACIDIFICATION",-0.754177197439838,0.851112378779236,1,24,-0.237146273415703,24,"Snapin Atp6v0a1 Atp6v0a2 Tmem106b Ccdc115 Creg1 Lamp1 Cln5 Atp6v1d Tmem9 Tcirg1 Atp6v1b2 Atp6v0d1 Ppt1 Clic4 Tmem199 Atp6v0c Dmxl1 Atp6ap2 Grn Cln3 Vma21 Cln6 Lamp2"
"GOBP_VACUOLAR_LOCALIZATION",0.909402363785583,0.650572207084469,1,63,0.314177460066594,15,"Fcer1g Gab2 Nr4a3 Slc18a2 Lat Tac4 Apold1 Fes Plekhm2 Kif1b Milr1 Def8 D6Wsu163e Vps33b Cplx2"
"GOBP_VACUOLAR_TRANSPORT",-0.851712949362045,0.923076923076923,1,154,-0.193653961566605,22,"Hgsnat Vps25 Hook2 Irgm2 Ap1m2 Smurf1 Mtm1 Vps37c Nedd4 Pik3r4 Vti1a Vps54 Ap3d1 Rbsn Ate1 Vps16 Scyl2 Hdac6 Snapin Vps13d Plekhf2 Plekhm1"
"GOBP_VACUOLE_FUSION",1.02957353832843,0.460764853777954,1,12,0.472436146346134,1,"Chmp4c"
"GOBP_VACUOLE_ORGANIZATION",0.537866169483209,0.99989944695827,1,236,0.169332698278173,48,"Gm12185 Chmp4c Tbc1d12 Slc7a11 Gm5431 Ralb Laptm4b Arsg Tgtp2 Tmem63a Ext1 Atg7 Gabarapl1 Efnb1 Ap4m1 Npr2 Lyst Tpcn2 Rptor Dnajc16 Rab23 Hsd17b1 Idua Hps4 Deptor Myo7a Rab3gap2 Lamp2 Cln6 Vma21 Ifi47 Psen1 C9orf72 Cln3 Usp33 Naglu Trp53inp1 Wipi1 Mbtps1 Gnptab Tom1 Zkscan3 Ift88 Grn Trim32 Moap1 Fnip1 Atg10"
"GOBP_VASCULAR_ASSOCIATED_SMOOTH_MUSCLE_CELL_MIGRATION",0.954922702198001,0.557531760435572,1,25,0.378203255190554,6,"Nr4a3 Dock4 Nox1 Kcnn4 Dock7 Pak1"
"GOBP_VASCULAR_ASSOCIATED_SMOOTH_MUSCLE_CONTRACTION",0.6758061467256,0.87890520694259,1,11,0.316182445056671,2,"Dock4 Zdhhc21"
"GOBP_VASCULAR_ENDOTHELIAL_CELL_PROLIFERATION",1.07017764204869,0.396168582375479,1,17,0.458101223553342,15,"Apln Fgf2 Plcg1 Sirt6 Dicer1 Mdk Tgfbr1 Adam17 Stat3 Pdpk1 Mef2c Hmgb1 Akt3 Sp1 Slc39a9"
"GOBP_VASCULAR_ENDOTHELIAL_GROWTH_FACTOR_PRODUCTION",0.632317962696934,0.917717405433511,1,14,0.280684048816858,3,"Nox1 Sulf2 Tnf"
"GOBP_VASCULAR_ENDOTHELIAL_GROWTH_FACTOR_RECEPTOR_SIGNALING_PATHWAY",0.956391167306328,0.554681739985254,1,22,0.387303969981413,4,"Cd59a Angpt1 Vegfa Dll1"
"GOBP_VASCULAR_WOUND_HEALING",0.92177557649711,0.60347129506008,1,11,0.431261622852208,4,"Ndnf Vegfa Npr2 Tnf"
"GOBP_VASODILATION",0.915932625818884,0.615457338690617,1,32,0.348262998731419,10,"Plekha7 Vegfa Rgs2 Ext1 Scarb1 Plod3 Tnf Sod1 Ptk2 Ppard"
"GOBP_VENTRAL_SPINAL_CORD_DEVELOPMENT",1.13558563128892,0.308108788718207,1,19,0.475470026636061,5,"Cacna1a Dmrt3 Zc4h2 Lrp8 Ighmbp2"
"GOBP_VENTRICULAR_CARDIAC_MUSCLE_TISSUE_DEVELOPMENT",1.03303427103809,0.436297640653358,1,25,0.409139842555545,6,"Eng Tgfbr3 Rbpj Rxra Notch1 Zmpste24"
"GOBP_VENTRICULAR_CARDIAC_MUSCLE_TISSUE_MORPHOGENESIS",1.08839990710276,0.370022260697502,1,21,0.444638959981546,5,"Eng Tgfbr3 Rbpj Rxra Notch1"
"GOBP_VENTRICULAR_SEPTUM_DEVELOPMENT",0.781265175303088,0.816932065528697,1,42,0.284532708863596,7,"Bmpr2 Prdm1 Tgfbr3 Rbpj Nos3 Notch1 Nprl3"
"GOBP_VENTRICULAR_SEPTUM_MORPHOGENESIS",0.956834511841055,0.551199604254267,1,21,0.39089115998913,5,"Bmpr2 Tgfbr3 Rbpj Nos3 Notch1"
"GOBP_VERY_LONG_CHAIN_FATTY_ACID_METABOLIC_PROCESS",1.07407870434457,0.387842790345002,1,18,0.454052113923647,4,"Elovl6 Hacd4 Slc27a4 Acox1"
"GOBP_VESICLE_BUDDING_FROM_MEMBRANE",-0.788211629279666,0.921511627906977,1,74,-0.195663590089053,7,"Ap1s2 Anxa2 Sec24d Fsip1 Ap3d1 Trappc2 Trappc11"
"GOBP_VESICLE_CARGO_LOADING",0.608004065159924,0.953818400481058,1,27,0.237527125998352,2,"Sec31b Kif13a"
"GOBP_VESICLE_COATING",-0.757607596789672,0.878283151825753,1,31,-0.225075769660233,31,"Ap3d1 Trappc2 Trappc11 Trappc1 Klhl12 Ap3s2 Trappc6b Sec16a Trappc12 Tmed9 Trappc13 Trappc8 Trappc10 Tfg Trappc2l Pdcd6 Gbf1 Trappc4 Preb Sar1b Pef1 Trappc9 Trappc5 Trappc3 Ap3s1 Cul3 Ap3m2 Sar1a Arfgap2 Trappc6a Arfgap3"
"GOBP_VESICLE_CYTOSKELETAL_TRAFFICKING",0.707827509107464,0.911071388671657,1,52,0.250621782508428,29,"Kif13a Map2 Bicdl2 Kif1b Hap1 Prkcz Fnbp1l Tanc2 Cln3 Bloc1s3 Kif1c Fyco1 Wasl Ap3m2 Stk11 Bloc1s4 Trak1 Kif16b Ap3s1 Kifc1 Kif5b Fbxw11 F8a Ccdc186 Ap3m1 Bloc1s2 Myo5a Pafah1b1 Borcs5"
"GOBP_VESICLE_DOCKING",0.826379284299124,0.759115770282589,1,43,0.299681770765951,8,"Sytl2 Unc13b Nrxn1 Ralb Ctbp2 Camk2a Cav2 Exoc8"
"GOBP_VESICLE_DOCKING_INVOLVED_IN_EXOCYTOSIS",1.04825530609294,0.415331260464004,1,28,0.406642287296842,6,"Sytl2 Unc13b Nrxn1 Ralb Ctbp2 Camk2a"
"GOBP_VESICLE_FUSION_TO_PLASMA_MEMBRANE",-0.831236005252704,0.704054054054054,1,16,-0.287986255121942,4,"Doc2g Stx11 Erc1 Snapin"
"GOBP_VESICLE_LOCALIZATION",0.623735318569433,0.99534224382341,1,176,0.198857204232801,49,"Bsn Mreg Unc13b Nrxn1 Lin7b Kif13a Map2 Magi2 Bicdl2 Kif1b Exoc8 Hap1 Prkcz Fnbp1l Vps33b Myo7a Tanc2 Arfgap3 Rab27a Psen1 Tor1a Cln3 Naglu Wipi1 Ahi1 Wdr11 Cep19 Trappc6a Bloc1s3 Arfgap2 Tmem230 Stard3nl Sdc4 Stam Kif1c Fyco1 Ap1ar Synj1 Wasl Sdc1 Sar1a Ap3m2 Pik3cg Stk11 Bloc1s4 Dctn2 Trak1 Exoc2 Kif16b"
"GOBP_VESICLE_MEDIATED_TRANSPORT_BETWEEN_ENDOSOMAL_COMPARTMENTS",-0.913966089136371,0.636215334420881,1,43,-0.25131709628195,12,"Hook2 Rab11fip3 Mapk3 Pik3r4 Dync1li1 Flna Msn Pik3c3 Sh3glb1 Rab21 Snx3 Rdx"
"GOBP_VESICLE_MEDIATED_TRANSPORT_IN_SYNAPSE",0.69183582239551,0.981400990599414,1,194,0.219622539577093,36,"Bsn Syp Iqsec2 Cacna1a Itgb3 Slc18a2 Unc13b Nrxn1 Grik5 Ctbp2 Kcnc3 Camk2a Magi2 Cask Atg7 Myo6 Akap5 Cdk5r1 Hap1 Capn2 Snap47 Stxbp5 Dvl1 Atp6v1g2 Stx3 Cplx2 Arfgap3 Cacnb4 Fbxo45 Cyfip1 Psen1 Tor1a C9orf72 Pacsin1 Arc Grn"
"GOBP_VESICLE_MEDIATED_TRANSPORT_TO_THE_PLASMA_MEMBRANE",-0.818871111042674,0.944664031620553,1,133,-0.186385468790035,29,"Vamp5 Ehd2 Cnst Llgl2 Rab31 Rab11fip3 Rabep1 Inpp5f Ehbp1 Ehd4 Vti1a Stx6 Arhgap1 Gga2 Eipr1 Eps15 Mtmr4 Atp2c1 Snx4 Dnm2 Chic2 Nsf Arfrp1 Cmtm6 Aldh7a1 Prepl Scrib Blzf1 Vps35l"
"GOBP_VESICLE_ORGANIZATION",0.588057182757785,0.999899799599198,1,296,0.183671782996006,92,"Chn2 Chmp4c Spaca1 Pla2g4a Serpine2 Sec31b Cplane2 Diaph3 Grik5 Dlg4 Rfx2 Rab32 Laptm4b Kif13a Nbeal2 Cav2 Plekhm2 Zpbp Ankrd27 Exoc8 Lyst Snx10 Snap47 Fnbp1l Pmel Cep70 Atp6v1g2 Hps4 Vps33b Stx3 Zpbp2 Myo7a Znrf1 Cplx2 Arfgap3 Prkci Rab27a Dcaf17 Acrbp C9orf72 Cln3 Pheta1 Tom1 Trappc6a Bloc1s3 Arfgap2 Vav3 Cep78 Sec23ip Sdc4 Doc2a Tgfbrap1 Stam Ubr4 Stx12 Rab29 Synj1 Wasl Sdc1 Sar1a Tmcc1 Ap3m2 Plekha3 Uvrag Washc1 C2cd5 Chmp1b Scap Zdhhc2 Usp8 Bloc1s4 Creb1 Usp50 Atp6ap2 Pip4k2a Snx11 Mfsd14a Mta1 Pi4k2a Tmem175 Tbpl1 Chmp4b Cul3 Ap3s1 Tmf1 Stx16 Trappc3 Chmp7 Stxbp1 Vti1b Surf4 P2rx7"
"GOBP_VESICLE_TARGETING",-0.667589587579819,0.987538940809969,1,56,-0.172864728247895,55,"Ykt6 Dipk2a Trappc2 Trappc11 Exoc7 Trappc1 Scrib Klhl12 Clasp1 Exoc1 Trappc6b Sec16a Trappc12 Tmed9 Map4k2 Trappc13 Trappc8 Exoc5 Trappc10 Exoc3 Tfg Trappc2l Stard3 Pdcd6 Gbf1 Trappc4 Preb Sar1b Pef1 Clasp2 Trip11 Exoc6 Exoc6b Tmed10 Trappc9 Fam91a1 Trappc5 Exoc4 5730455P16Rik Trappc3 Cul3 Tbc1d23 Exoc2 Sar1a Ap1ar Stard3nl Arfgap2 Trappc6a Cep19 Wdr11 Ahi1 Wipi1 Naglu Psen1 Arfgap3"
"GOBP_VESICLE_TARGETING_ROUGH_ER_TO_CIS_GOLGI",-0.78780141463669,0.783495145631068,1,19,-0.260876494023904,19,"Trappc2 Trappc11 Trappc1 Klhl12 Sec16a Trappc12 Trappc8 Tfg Trappc2l Pdcd6 Trappc4 Preb Sar1b Pef1 Trappc5 Trappc3 Cul3 Sar1a Trappc6a"
"GOBP_VESICLE_TARGETING_TO_FROM_OR_WITHIN_GOLGI",-0.740103530062985,0.885975609756098,1,28,-0.225021928075911,28,"Dipk2a Trappc2 Trappc11 Trappc1 Klhl12 Sec16a Trappc12 Tmed9 Trappc8 Tfg Trappc2l Pdcd6 Gbf1 Trappc4 Preb Sar1b Pef1 Tmed10 Trappc5 Trappc3 Cul3 Sar1a Ap1ar Arfgap2 Trappc6a Cep19 Wipi1 Arfgap3"
"GOBP_VESICLE_TETHERING",0.559727508073896,0.978320104253051,1,31,0.213808874772156,16,"Exoc8 Naglu Wdr11 Trappc6a Stard3nl Exoc2 Tbc1d23 Trappc3 5730455P16Rik Exoc4 Trappc5 Fam91a1 Trappc9 Exoc6b Exoc6 Trip11"
"GOBP_VESICLE_TRANSPORT_ALONG_MICROTUBULE",0.688974234466245,0.914460979211632,1,44,0.249030233593108,19,"Kif13a Map2 Bicdl2 Kif1b Hap1 Prkcz Cln3 Bloc1s3 Kif1c Fyco1 Ap3m2 Stk11 Bloc1s4 Trak1 Kif16b Ap3s1 Kifc1 Kif5b Fbxw11"
"GOBP_VIRAL_BUDDING",1.18219692607343,0.246887450199203,1,20,0.488813113752017,2,"Mvb12b Chmp4c"
"GOBP_VIRAL_BUDDING_VIA_HOST_ESCRT_COMPLEX",0.907294830920439,0.624004112053457,1,16,0.393027988454362,1,"Chmp4c"
"GOBP_VIRAL_GENE_EXPRESSION",0.606106083454457,0.972710870545783,1,47,0.216920196093213,5,"Ifitm3 Trim62 Mdfic Eif2d Ifit1"
"GOBP_VIRAL_PROCESS",1.02328365805471,0.444444444444444,1,222,0.32291121430102,46,"Ifitm3 Mvb12b Chmp4c Hmga2 Isg15 Ifih1 Nectin1 Axl Tnfrsf14 Itgb3 Stom Cd55b Rnasel Trim62 Oas3 Hyal2 Clec4g Mdfic Cav2 Naip5 Atg7 Adarb1 Cd209d Slpi Slc7a1 Notch1 Isg20 Plscr1 Eif2d Gbp7 Itgav Eif2ak2 Tpcn2 Cd4 Ifitm2 Lamp3 Tnf Ifit1 Trim30d Icam1 Bst2 Usp6nl Oasl2 Trim30c Dpp4 Ddx3x"
"GOBP_VIRAL_RELEASE_FROM_HOST_CELL",1.16890424383665,0.2621037109855,1,22,0.473364110462399,3,"Chmp4c Trim62 Cav2"
"GOBP_VIRAL_RNA_GENOME_REPLICATION",0.743549712414889,0.83291362377235,1,19,0.311324475958605,2,"Hmga2 Atg7"
"GOBP_VIRAL_TRANSCRIPTION",0.97757779212426,0.522686025408348,1,25,0.387175948725878,3,"Ifitm3 Trim62 Mdfic"
"GOBP_VIRAL_TRANSLATION",-0.620944522893486,0.949746192893401,1,20,-0.203376577526414,6,"Eif3l Mcts1 Eif3b Atg5 Atg12 Eif3f"
"GOBP_VIRION_ASSEMBLY",1.00070364514428,0.486650774731824,1,29,0.386341437473445,2,"Mvb12b Chmp4c"
"GOBP_VISUAL_BEHAVIOR",1.0932526976977,0.347009335023626,1,40,0.401033008718053,8,"App Atxn1 Slc7a11 Lrrn4 Itgb1 Hrh2 Ddhd2 Tanc1"
"GOBP_VITAMIN_BIOSYNTHETIC_PROCESS",-1.03475042992989,0.392532312111058,1,18,-0.347813775871093,5,"Pltp Cyp27a1 Slc19a2 Thtpa Rfk"
"GOBP_VITAMIN_METABOLIC_PROCESS",-0.929423572456964,0.581462291306851,1,25,-0.288740648164456,5,"Pltp Cyp27a1 Slc19a2 Cd320 Thtpa"
"GOBP_VITAMIN_TRANSMEMBRANE_TRANSPORT",1.15537033761049,0.297340214370782,1,12,0.530160002742035,6,"Slc27a1 Slc46a1 Scarb1 Slc19a1 Slc23a2 Selenon"
"GOBP_VITAMIN_TRANSPORT",1.10346637678979,0.340228502705953,1,27,0.4310879024234,11,"Slc27a1 Slc46a1 Slc2a8 Scarb1 Slc19a1 Slc2a3 Amn Abcc1 Slc23a2 Abcg2 Selenon"
"GOBP_V_D_J_RECOMBINATION",0.899844785596535,0.633715139442231,1,20,0.372066549861456,6,"Tcf7 Ezh2 Nhej1 Lef1 Lig4 Dcaf1"
"GOBP_WNT_SIGNALING_PATHWAY",1.03997583114261,0.390493381468111,1,267,0.325870767775739,67,"Wnt10a Mcc Egf Tcf7 Smad3 Hmga2 Dkkl1 App Wnt4 Kremen2 Bambi Jrk Caprin2 Daam1 Znrf3 Nrarp Siah1b Mitf Fzd5 Plekha4 Grk5 Celsr2 Itga3 Tmem88 Trpm4 Lgr5 Ext1 Nphp4 Arl6 Mdfic Spef1 Bbs4 Rnf43 Mks1 Rbpj Cdon Tle2 Notch1 Fgf2 Sulf2 Ccnyl1 Tgfb1i1 Ttc21b Mamdc4 Mllt3 Siah2 Dvl1 Ctnnd1 Snai1 Abcg2 Nle1 Ddx3x Thra Ccnd1 Apc2 Ifrd1 Tmem131l Lef1 Psen1 Wls Lzts2 Leo1 Ift80 Prdm15 Aspm Zbed3 Tle1"
"GOBP_WOUND_HEALING_SPREADING_OF_EPIDERMAL_CELLS",1.11186907254558,0.35409348824642,1,10,0.530309553018759,6,"Hbegf Acvrl1 Itgav Rreb1 Arhgap24 Adam17"
"GOBP_XENOBIOTIC_METABOLIC_PROCESS",1.02857812325591,0.443434585027505,1,28,0.399009056546756,4,"Gstp2 Pon3 Ahr Tpmt"
"GOBP_XENOPHAGY",-1.06537858959334,0.354504504504504,1,16,-0.369106232604549,5,"Irgm2 Mapk3 Lrsam1 Nod1 Tlr2"
"GOBP_ZYMOGEN_ACTIVATION",-1.02323513172344,0.420873786407767,1,19,-0.338839190647054,3,"Dhcr24 Anxa2 Plaur"
"GOBP_ZYMOSTEROL_METABOLIC_PROCESS",-1.1073849797003,0.310528653931586,1,15,-0.393530054700788,7,"Sqle Acat2 Mvd Lbr Hmgcr Idi1 Pmvk"
"GOBP_LEUKOCYTE_MEDIATED_IMMUNITY",NA,NA,NA,381,-0.379591160866277,78,"Ighv1-72 Ighv1-75 Ighv7-3 Ighv1-69 Ighv8-12 Ighv6-6 Ighv1-78 Ighv1-50 Ighv1-85 Ighv1-55 Ighv6-3 Ighv1-9 Ighv1-74 Ighv10-1 Ighv1-58 Ighv10-3 Ighv1-42 Ighv14-2 Ighv1-66 Ighv4-1 Ighv1-63 Ighv1-61 Ighv1-20 Ighv13-2 Ighv3-1 Ighv9-4 Ighv7-1 Ighv1-77 Ighv2-6-8 Rasgrp1 Ighv1-47 Ighv3-8 Ighv1-54 Ighv9-2 Ighv12-3 Ighv1-34 Ighv1-49 Ighv1-11 Ighv1-64 Ighv1-84 Ighv1-12 Ighv1-31 Ighg2b Fcgr2b Ighv1-36 Il18 Ighv15-2 Ighv8-8 Ighv3-5 Cd2 Ighv8-6 Ighv5-16 Slamf1 Shld3 Paxip1 Stx11 Mapk3 Ighv5-17 Smad7 Cd55 Ighv1-52 Ighv1-82 Pcyt1a Syk Ighv1-80 Traf3ip2 Tyrobp Ighv2-9 Ighv5-15 Shld2 Ighv1-22 Ighv14-1 Stxbp2 Pirb Traf2 Ighv5-9-1 Ighv1-67 Ighv5-9"
"GOBP_MRNA_PROCESSING",NA,NA,NA,443,-0.105428609699484,101,"Ddx20 Usp39 Tsen15 Pus7 Cdc73 Larp7 Thoc5 Ern1 Rnf113a1 Mettl14 Dnajc17 Dhx16 Aar2 Txnl4b Rbpms Rnf113a2 Gcfc2 Gemin6 Rbm14 Prpf18 Paxbp1 Sap30bp Casc3 Rnpc3 Rpusd4 Snrnp27 Thoc3 Kin Dhx40 Snw1 Phrf1 Angel2 Tsen54 Rbm19 Cactin Gpatch8 Brdt Mfap1a Ppil2 Cpsf2 Prmt7 Rbm4b Prpf6 Rsrc1 Clasrp Lsm7 Dcps Puf60 Xrn2 Prmt9 Nsun2 Rbbp6 Sf3a3 Pus1 Usp4 Rbm10 Jmjd6 Sugp2 Cbll1 Ppil1 Bcas2 Adar Ahcyl1 Rtcb Rbm15 Pus7l Dyrk1a Mbnl3 Dhx38 Prpf4b Zmat5 Lsm3 Hnrnpl Gemin7 Zrsr2 Strap Cpsf1 Gpkow Trmt2a Ramac Cstf2t Syf2 Fam50a Arvcf Ccar2 Cpsf7 Clp1 Hnrnpf Ccnl1 Pabpc1 Sfpq Ddx47 Lsm2 Sde2 Zpr1 Tbrg4 Npm1 Papola Scaf4 Cstf1 Nono"
"GOBP_RIBONUCLEOPROTEIN_COMPLEX_BIOGENESIS",NA,NA,NA,434,-0.116401302794887,128,"Mrm1 Nsun4 Ddx20 Usp39 Glul Mrm2 Eif2a Rexo5 Riox2 Znhit6 Cul4b Znhit3 Aar2 Fcf1 Gcfc2 Gemin6 Ddx28 Eif3l Prpf18 Mphosph6 Rbfa Lyar Noa1 Rpusd4 Mybbp1a Mrto4 Mcts1 Ercc2 Dhx29 Bysl Ngrn Rmrp Utp18 Tsr2 Krr1 Ipo4 Abt1 Eif3b Ddx51 Mphosph10 Prmt7 Rrp36 Prpf6 Dhx30 Ddx55 Pes1 Fdxacb1 Eif3j2 Exosc4 Puf60 Rps19 Nol11 Kat2b Mettl18 Rpf2 Grwd1 Gtf3a Nsun5 Sf3a3 Dis3 Usp4 Rbm10 Eif6 Tufm Efl1 Adar Noc4l Rpp38 Rpl7 Ppan Nop53 Rcl1 Tfb1m Prpf4b Eif3h Eif3c Eif3f Lsg1 Gemin7 Eif2s2 Zrsr2 Strap Pak1ip1 Mettl17 Rpl13a Exosc9 Rrs1 Eif3i Pop5 Bud23 Clp1 Ago2 Ddx54 LTO1 Riok3 Prkdc Rps8 Ddx47 Lsm2 Sde2 Eri2 Rexo1 Nol7 Wdr55 Npm1 Rrp15 Rps4x Rps12 Rpsa Rps19bp1 Prpf39 Rpl35a Snrpc Rpl35 Slu7 Rps5 Nhp2 Tbl3 Rps16 Nop58 Rpl5 Rplp0 Rpl14 Mak16 Kri1 Ruvbl2 Rps15a Rps17"
