"pathway","NES","pval","padj","size","ES","leading_edge_n","leading_edge_genes"
"GOBP_ADAPTIVE_IMMUNE_RESPONSE",-2.54682944298666,2.19782674793112e-30,8.78251568473276e-27,451,-0.53304285073196,119,"Igkv1-117 Igkv3-12 Igkv3-4 Igkv3-5 Igkv12-98 Igkv9-120 Igkv6-20 Igkv15-103 Ighv8-12 Ighv1-72 Ighv1-64 Ighv1-82 Ighv1-9 Ighv6-3 Ighv1-81 Ighv7-3 Ighv1-76 Ighv10-3 Igkv14-111 Ighv1-50 Ighv1-39 Ighv7-1 Ighv1-52 Igkv8-19 Ighv1-5 Igkv8-21 Ighv8-5 Ighv1-69 Ighv13-2 Ighv1-74 Igkv6-25 Ighv1-75 Igkv6-32 Igkv1-122 Ighv1-55 Ighv3-8 Igkv14-126 Ighv1-53 Ighv9-4 Ighv1-78 Ighv1-12 Ighv2-9-1 Ighv1-54 Igkv13-85 Ighv1-63 Ighv2-3 Ighv3-3 Igkv12-44 Igkv5-48 Ighv2-5 Ighv1-58 Igkv13-84 Ighv11-2 Igkv12-89 Igkv4-86 Igkv3-10 Igkv4-80 Ighv1-26 Ighv1-15 Ighv2-6 Igkv12-46 Igkv4-79 Tbx21 Igkv4-63 Igkv4-70 Ighv12-3 Ighv8-8 Hlx Igkv2-109 Ighv6-5 Rab27a Igkv10-94 Ighv1-49 Aicda Anxa1 Igkv14-130 Ighv8-2 Igkv4-71 Bach2 Nfkbid Ighv1-23 Ighv9-1 Igkv9-124 Clcf1 Igkv6-17 Fas Ighv1-11 Igkv4-74 Socs5 Ighv1-19 Dusp10 Syk Igkv3-1 H2-DMb1 Jak2 Siglecg Pirb Igkv9-123 Nsd2 H2-Ob Ighv1-61 Tnfrsf13c Ighd Iglv1 Cd46 Cd55 Slamf1 Tsc1 Ager Rag1 Bcl6 Tnf Ighv1-67 Slfn2 Irf7 Igkv1-135 Igkv5-39 H2-DMa Dbnl"
"GOBP_B_CELL_MEDIATED_IMMUNITY",-2.77353397510348,6.64993807360216e-21,1.32865762710571e-17,164,-0.648791060039657,49,"Ighv8-12 Ighv1-72 Ighv1-64 Ighv1-82 Ighv1-9 Ighv6-3 Ighv1-81 Ighv7-3 Ighv1-76 Ighv10-3 Ighv1-50 Ighv1-39 Ighv7-1 Ighv1-52 Ighv1-5 Ighv8-5 Ighv1-69 Ighv13-2 Ighv1-74 Ighv1-75 Ighv1-55 Ighv3-8 Ighv1-53 Ighv9-4 Ighv1-78 Ighv1-12 Ighv2-9-1 Ighv1-54 Ighv1-63 Ighv2-3 Ighv3-3 Ighv2-5 Ighv1-58 Ighv11-2 Ighv1-26 Ighv1-15 Ighv2-6 Tbx21 Ighv12-3 Ighv8-8 Ighv6-5 Ighv1-49 Aicda Ighv8-2 Ighv1-23 Ighv9-1 Clcf1 Fas Ighv1-11"
"GOBP_ADAPTIVE_IMMUNE_RESPONSE_BASED_ON_SOMATIC_RECOMBINATION_OF_IMMUNE_RECEPTORS_BUILT_FROM_IMMUNOGLOBULIN_SUPERFAMILY_DOMAINS",-2.3961661283755,3.84451652314795e-19,4.44747473339515e-16,299,-0.522239238685199,72,"Ighv8-12 Ighv1-72 Ighv1-64 Ighv1-82 Ighv1-9 Ighv6-3 Ighv1-81 Ighv7-3 Ighv1-76 Ighv10-3 Ighv1-50 Ighv1-39 Ighv7-1 Ighv1-52 Ighv1-5 Ighv8-5 Ighv1-69 Ighv13-2 Ighv1-74 Ighv1-75 Ighv1-55 Ighv3-8 Ighv1-53 Ighv9-4 Ighv1-78 Ighv1-12 Ighv2-9-1 Ighv1-54 Ighv1-63 Ighv2-3 Ighv3-3 Ighv2-5 Ighv1-58 Ighv11-2 Ighv1-26 Ighv1-15 Ighv2-6 Tbx21 Ighv12-3 Ighv8-8 Hlx Ighv6-5 Rab27a Ighv1-49 Aicda Anxa1 Ighv8-2 Bach2 Nfkbid Ighv1-23 Ighv9-1 Clcf1 Fas Ighv1-11 Socs5 Ighv1-19 Jak2 Pirb Nsd2 Ighv1-61 Tnfrsf13c Ighd Cd46 Cd55 Slamf1 Ager Bcl6 Tnf Ighv1-67 Slfn2 Irf7 H2-DMa"
"GOBP_LYMPHOCYTE_MEDIATED_IMMUNITY",-2.44780638315029,4.45192666005521e-19,4.44747473339515e-16,276,-0.537360088140829,52,"Ighv8-12 Ighv1-72 Ighv1-64 Ighv1-82 Ighv1-9 Ighv6-3 Ighv1-81 Ighv7-3 Ighv1-76 Ighv10-3 Ighv1-50 Ighv1-39 Ighv7-1 Ighv1-52 Ighv1-5 Ighv8-5 Ighv1-69 Ighv13-2 Ighv1-74 Ighv1-75 Ighv1-55 Ighv3-8 Ighv1-53 Ighv9-4 Ighv1-78 Ighv1-12 Ighv2-9-1 Ighv1-54 Ighv1-63 Ighv2-3 Ighv3-3 Ighv2-5 Ighv1-58 Ighv11-2 Ighv1-26 Ighv1-15 Ighv2-6 Tbx21 Ighv12-3 Ighv8-8 Rasgrp1 Ighv6-5 Rab27a Ighv1-49 Cd2 Aicda Ighv8-2 Ighv1-23 Ighv9-1 Clcf1 Fas Ighv1-11"
"GOBP_LEUKOCYTE_MEDIATED_IMMUNITY",-2.26468158334473,4.78663355867182e-17,3.82547754009052e-14,339,-0.486646279431573,73,"Ighv8-12 Ighv1-72 Ighv1-64 Ighv1-82 Ighv1-9 Ighv6-3 Ighv1-81 Ighv7-3 Ighv1-76 Ighv10-3 Ighv1-50 Ighv1-39 Ighv7-1 Ighv1-52 Ighv1-5 Ighv8-5 Ighv1-69 Ighv13-2 Ighv1-74 Ighv1-75 Ighv1-55 Ighv3-8 Ighv1-53 Ighv9-4 Ighv1-78 Ighv1-12 Ighv2-9-1 Ighv1-54 Ighv1-63 Ighv2-3 Ighv3-3 Ighv2-5 Ighv1-58 Ighv11-2 Ighv1-26 Ighv1-15 Ighv2-6 Tbx21 Ighv12-3 Ighv8-8 Rasgrp1 Ighv6-5 Rab27a Ighv1-49 Cd2 Aicda Ighv8-2 Cplx2 Irak4 Ighv1-23 Ighv9-1 Clcf1 Fas Ighv1-11 Scimp Ighv1-19 Syk Pirb Stxbp1 Milr1 Nsd2 Ighv1-61 Ighd Cd46 Cd55 Slamf1 Ager Bcl6 Tnf Ighv1-67 Slfn2 Irf7 H2-DMa"
"GOBP_IMMUNE_EFFECTOR_PROCESS",-1.97073232302473,2.79024287679984e-14,1.8583017559487e-11,491,-0.410973815731231,89,"Ighv8-12 Ighv1-72 Ighv1-64 Ighv1-82 Ighv1-9 Ighv6-3 Ighv1-81 Ighv7-3 Ighv1-76 Ighv10-3 Ighv1-50 Ighv1-39 Ighv7-1 Ighv1-52 Ighv1-5 Ighv8-5 Ighv1-69 Ighv13-2 Ighv1-74 Ighv1-75 Ighv1-55 Ighv3-8 Ighv1-53 Ighv9-4 Ighv1-78 Ighv1-12 Ighv2-9-1 Ighv1-54 Ighv1-63 Ighv2-3 Ighv3-3 Ighv2-5 Ighv1-58 Ighv11-2 Ighv1-26 Ighv1-15 Ighv2-6 Lgals3 Tbx21 Ighv12-3 Ighv8-8 Hlx Rasgrp1 Ighv6-5 Rab27a Ighv1-49 Cd2 Aicda Anxa1 Ighv8-2 Cplx2 Irak4 Nfkbid Ighv1-23 Ighv9-1 Clcf1 Zpbp2 Fas Ighv1-11 Ifi35 Socs5 Scimp Ighv1-19 Dusp10 Syk Ptger4 H2-DMb1 Jak2 Siglecg Myo18a Pirb Stxbp1 Psen2 Itfg2 Milr1 Nsd2 Ighv1-61 Ighd Cd46 Cd55 Slamf1 Tsc1 Ager Bcl6 Tnf Ighv1-67 Slfn2 Irf7 Nmi"
"GOBP_NEUROTRANSMITTER_UPTAKE",1.93537215919862,0.000127661846868636,0.0728766771552957,14,0.804878521704779,8,"App Slc29a2 Slc18a2 Slc29a1 Slc29a4 Gpm6b Rab3b Itgb3"
"GOBP_CIRCULATORY_SYSTEM_PROCESS",1.54040524350226,0.000303475771667687,0.15158614794801,229,0.403206805060947,49,"Eng Slc8a1 Abcb1b Kcnk3 Dll1 Myl4 Rps6ka2 Itga9 App Angpt1 Cxcr2 Bmpr2 Apoe Smad3 Fgf13 S100a1 Plekha7 Ehd3 Ahr Ptk2 Kcnn4 Hmox1 Vegfa Abr Fgfbp3 Tjp2 Cacna1d Smpd3 Cacna1h Gsto1 Slc23a2 Tmem38b Slc5a6 Uty Arhgef12 Ada Npr2 Rarres2 Fabp5 Arhgap35 Id2 Agtrap Mgll Ext1 Cdh5 Immp2l Slc22a5 Ppcs Hrh2"
"GOBP_NEGATIVE_REGULATION_OF_PROTEIN_CONTAINING_COMPLEX_ASSEMBLY",-1.69426268216742,0.000505344175038809,0.224372813717231,109,-0.417522220177019,26,"Stmn1 Aida Irgm2 Thra Sorl1 Pex5 Carmil1 Myadm Ptger4 Eps8 Add3 Stxbp1 Psen2 Crbn Mtpn Map2 Xaf1 Add1 Eif4ebp1 Tpm1 Ctnnbip1 Tmod3 Sptan1 Abhd8 Lmo4 Irgm1"
"GOBP_MESENCHYMAL_CELL_MIGRATION",1.76777666439688,0.00180463330768941,0.677491351235688,16,0.712810623179405,3,"Eng Sema6d Sema7a"
"GOBP_NEGATIVE_REGULATION_OF_AXONOGENESIS",1.74499520570327,0.00186496618208022,0.677491351235688,31,0.612335306618093,8,"Sema6d Slit1 Ryk Rufy3 Fgf13 Plxna3 Ptk2 Ptprs"
"GOBP_POSITIVE_REGULATION_OF_VASCULAR_PERMEABILITY",1.78852466055475,0.00212925086997079,0.709040539700272,13,0.758140797240389,6,"Angpt1 Cxcr2 Apoe Vegfa Fgfbp3 Tjp2"
"GOBP_ACUTE_INFLAMMATORY_RESPONSE_TO_ANTIGENIC_STIMULUS",1.78101218497595,0.00247687867919829,0.761354400159721,13,0.754956321034847,6,"Ighg3 Serpinb9 Fcer1g Cxcr2 Ext1 Spn"
"GOBP_POSITIVE_REGULATION_OF_CATION_CHANNEL_ACTIVITY",1.75488027169339,0.00274809160305344,0.784383860414395,18,0.690041103969217,7,"Kcnk3 Asph Fgf13 S100a1 Ehd3 Stac2 Atpsckmt"
"GOBP_BIOLOGICAL_PROCESS_INVOLVED_IN_INTERACTION_WITH_SYMBIONT",1.71395023653459,0.00413683373110581,0.85303605313093,11,0.757898350980644,4,"Trem1 Pcyox1l Hspd1 Tusc2"
"GOBP_GROWTH_HORMONE_SECRETION",-1.89279195352892,0.00426555139935782,0.85303605313093,13,-0.734049108443811,4,"Chd7 Cdk16 Kalrn Itsn1"
"GOBP_NEGATIVE_CHEMOTAXIS",1.74847888708343,0.00405806149523958,0.85303605313093,14,0.727153738974141,8,"Sema6d Slit1 Ryk Plxna3 Sema7a Itgb3 Dpp4 Sema5a"
"GOBP_NUCLEOSIDE_BIOSYNTHETIC_PROCESS",1.75150849081118,0.00374590291868269,0.85303605313093,14,0.728413684229709,6,"Pnp2 Dctd Dnph1 Tk1 Cdk1 Ada"
"GOBP_PEPTIDYL_CYSTEINE_MODIFICATION",1.73568392916587,0.0037913254473764,0.85303605313093,20,0.666139391831976,5,"Zdhhc1 Zdhhc2 Hhat Rab3b Ncoa7"
"GOBP_PEPTIDYL_L_CYSTEINE_S_PALMITOYLATION",1.72276643626228,0.00426944971537002,0.85303605313093,12,0.744568183074818,2,"Zdhhc1 Zdhhc2"
"GOBP_NEGATIVE_REGULATION_OF_CYTOSOLIC_CALCIUM_ION_CONCENTRATION",1.70190486630352,0.004639257718765,0.869390497520397,10,0.769822239422852,4,"Slc8a1 Kcnk3 Smad3 Smpd3"
"GOBP_REGULATION_OF_EXTENT_OF_CELL_GROWTH",1.60242159089496,0.00516936471228404,0.869390497520397,66,0.490615109287404,12,"Sema6d Slit1 Ryk Rufy3 Bmpr2 Apoe Fgf13 Plxna3 Vegfa Cyfip1 Ptprs Sema7a"
"GOBP_REGULATION_OF_FEEDING_BEHAVIOR",1.71412343294097,0.00540290213028713,0.869390497520397,16,0.691176332988836,9,"Ift88 Napepld Ahr Ankrd26 Agrp Nr4a3 Dgat1 Ttc21b Cfap20"
"GOBP_REGULATION_OF_URINE_VOLUME",-1.81654712039566,0.0050653159157558,0.869390497520397,10,-0.7563188582176,6,"Adrb2 Adm Adora2a Ptger4 Mllt6 Gnai2"
"GOBP_SODIUM_ION_IMPORT_ACROSS_PLASMA_MEMBRANE",1.68958825056682,0.00543912973924172,0.869390497520397,10,0.764251067440057,4,"Slc8a1 Slc9a9 Slc12a2 Slc5a6"
"GOBP_BRANCHING_INVOLVED_IN_BLOOD_VESSEL_MORPHOGENESIS",1.66197483220926,0.00596925831965378,0.917429086359097,25,0.608587305588207,10,"Eng Nrarp Angpt1 Ahr Vegfa Lef1 Fkbpl Sema5a Dll4 Rbm15"
"GOBP_DEVELOPMENTAL_GROWTH_INVOLVED_IN_MORPHOGENESIS",1.47544099834743,0.0076675735839723,0.957488251298541,144,0.406218876807203,33,"Sema6d Slit1 Plxna1 Ryk Rufy3 Impact App Bmpr2 Apoe Fgf13 Pak6 Prkcz Ahr Plxna3 Aurka Vegfa Slc12a2 Slc23a2 Cyfip1 Ptprs Cpne5 Sema7a Npr2 C9orf72 Rasal1 Mgll Nfix Jade2 Notch1 Tiam1 Atg16l1 Sema5a Ctdspl2"
"GOBP_METABOLIC_COMPOUND_SALVAGE",1.62791503401288,0.00766117374963862,0.957488251298541,37,0.551111162314576,17,"Pnp2 Nmnat3 Dctd Dnph1 Uck2 Pdxk Ada Impdh1 Apip Nmnat1 Fuom Fcsk Mtr Gmpr2 Nme6 Aprt Adk"
"GOBP_NEURON_PROJECTION_EXTENSION",1.51598316823918,0.00755345026245039,0.957488251298541,110,0.430998953374359,21,"Sema6d Slit1 Plxna1 Ryk Rufy3 Impact Bmpr2 Apoe Pak6 Prkcz Plxna3 Aurka Vegfa Slc23a2 Cyfip1 Ptprs Cpne5 Sema7a C9orf72 Rasal1 Mgll"
"GOBP_REGULATION_OF_SYNAPSE_ASSEMBLY",1.54316385622968,0.00736164059418956,0.957488251298541,88,0.451843117628994,16,"Iqsec2 Slit1 Adgrl2 Nectin1 Xlr4b App Srcin1 Ptk2 Rtn4rl2 Chrnb2 Amigo2 Ptprs Srgap2 Sigmar1 Carmil3 Amigo3"
"GOBP_REGULATION_OF_VESICLE_FUSION",-1.77097973625024,0.00733568075117371,0.957488251298541,20,-0.615030221248626,8,"Anxa2 Rab3a Anxa1 Cplx2 Rph3al Stxbp1 Vamp1 Slamf1"
"GOBP_SMOOTHENED_SIGNALING_PATHWAY",1.53645012418152,0.00650364203954214,0.957488251298541,96,0.444326719502285,35,"Intu Ift88 Tbc1d32 Cdon Arl6 Hspg2 Gas8 Armc9 B9d1 Cdk20 Gorab Hhat Wdr19 Tmem17 Runx2 Rpgrip1l Ctnna1 Ift140 Tctn2 Ift80 Ptch1 Traf3ip1 Ext1 Tctn3 Tmem216 Kctd6 Wdr11 Cluap1 Ttbk2 Kctd11 Ttc21b Fbxl17 Arl3 Ubr5 Rb1"
"GOBP_2FE_2S_CLUSTER_ASSEMBLY",0.549529204608082,0.96048632218845,1,10,0.248568419595909,7,"Bola2 Iscu Lyrm4 Glrx3 Ndufab1 Fdx2 Glrx5"
"GOBP_2_OXOGLUTARATE_METABOLIC_PROCESS",-0.758833401138481,0.76997578692494,1,11,-0.30749243554408,1,"Idh1"
"GOBP_3_UTR_MEDIATED_MRNA_DESTABILIZATION",0.901671272935726,0.605107159142727,1,19,0.350022332998142,5,"Zc3h12c Plekhn1 Dhx36 Zc3h12d Tardbp"
"GOBP_3_UTR_MEDIATED_MRNA_STABILIZATION",0.7775401230938,0.773673810609515,1,19,0.301835509296917,1,"Rbm47"
"GOBP_ACETYL_COA_BIOSYNTHETIC_PROCESS",0.91293764262696,0.594397258232752,1,24,0.337090187036383,12,"Mlycd Ppcs Tpk1 Dld Vdac1 Dip2a Pdk1 Pdhx Dlat Bckdk Mpc2 Pdk3"
"GOBP_ACETYL_COA_METABOLIC_PROCESS",0.857354353639756,0.706320768238498,1,41,0.284858443932871,19,"Gcdh Nudt8 Mlycd Ppcs Tpk1 Dld Kynu Fasn Vdac1 Nudt7 Mvk Dip2a Dlst Pdk1 Pdhx Nme1 Dlat Bckdk Mpc2"
"GOBP_ACIDIC_AMINO_ACID_TRANSPORT",0.572843222839205,0.983836051378265,1,38,0.193144548119673,3,"Slc38a6 Slc12a2 Ttyh2"
"GOBP_ACID_SECRETION",1.17076540441473,0.27610426096457,1,14,0.486895465293152,4,"Snx10 Slc26a6 Cacna1a Hrh2"
"GOBP_ACROSOME_ASSEMBLY",0.84725427084308,0.68294862248697,1,23,0.31500326079943,5,"Chn2 Fsip1 Acrbp Rab1a Zpbp"
"GOBP_ACROSOME_REACTION",0.862753051015605,0.654574383452665,1,11,0.38150414214494,3,"Adcy3 Cacna1h Stx2"
"GOBP_ACTIN_FILAMENT_BASED_MOVEMENT",0.908542632083554,0.625052134019185,1,54,0.287276293313543,8,"Myl4 Fgf13 Cacna1d Cacna1h Myl6b Uty Frmd6 Myo7a"
"GOBP_ACTIN_FILAMENT_BASED_PROCESS",0.864142620411354,0.851203973652953,1,434,0.215829101796688,64,"Spire1 Epb41l4b Ttc8 Fer Lpin1 Myo1f Myl4 Rufy3 Stard8 Phactr2 Smad3 Fgf13 Srcin1 Sirpa Abr Gas2 Cacna1d Vill Cacna1h Marcks Cyfip1 Shank1 Gpm6b Myl6b Srgap2 Syde1 Uty Zbed3 Pfn2 Frmd5 Ankrd23 Trim32 Arhgap18 Elmo3 Ect2 Carmil3 C9orf72 Rhobtb1 Sh3bp1 Tpm3-rs7 Gas7 Pacsin1 Arhgap35 Ehbp1 Prkci Jmy Itgb3 Enah Frmd6 Rap2a Diaph2 Daam1 Myo7a Rgcc Arhgef10 Kcnc3 Bst1 Cdk5r1 Calr Arrb1 Tlr2 Kank3 Sema5a Fgr"
"GOBP_ACTIN_FILAMENT_BUNDLE_ORGANIZATION",-1.23246748531352,0.100697471665214,1,98,-0.309240322760331,18,"Tacstd2 Stmn1 Sorbs1 Alms1 Diaph3 Ccdc88a Carmil1 Braf Flna Arhgef18 Tnfaip1 Pdlim1 Ptger4 Eps8 S1pr1 Tsc1 Add1 Tpm1"
"GOBP_ACTIN_FILAMENT_DEPOLYMERIZATION",-1.18762694932318,0.200326264274062,1,39,-0.354541638280931,12,"Carmil1 Eps8 Add3 Mtpn Mical1 Add1 Tpm1 Tmod3 Sptan1 Swap70 Dstn Twf2"
"GOBP_ACTIN_FILAMENT_ORGANIZATION",-0.952679984636276,0.637755102040816,1,270,-0.209849425939199,43,"Tacstd2 Stmn1 Cit Sorbs1 Hip1 Alms1 Bcl2 Diaph3 Ccdc88a Carmil1 Braf Washc5 Flna Arhgef18 Tnfaip1 Pdlim1 Myadm Ptger4 Eps8 Naa80 Add3 Mtpn S1pr1 Snx9 Tsc1 Mical1 Rhof Add1 Dbnl Tpm1 Wasl Cnn3 Cotl1 Tmod3 Sptan1 Rhoh Washc4 Myo1g Tagln2 Tesk1 Kptn Nebl Arhgap12"
"GOBP_ACTIN_FILAMENT_SEVERING",1.08551060831797,0.373721479150275,1,13,0.460138960425531,2,"Vill Srgap2"
"GOBP_ACTIN_MEDIATED_CELL_CONTRACTION",1.07656047341138,0.359359214893924,1,38,0.362982013001677,6,"Myl4 Fgf13 Cacna1d Cacna1h Myl6b Uty"
"GOBP_ACTIN_NUCLEATION",0.839354041210244,0.733428165007112,1,44,0.275288741189252,4,"Spire1 Cyfip1 Carmil3 Jmy"
"GOBP_ACTIN_POLYMERIZATION_OR_DEPOLYMERIZATION",-0.928822565996554,0.654779593858346,1,126,-0.225825209756847,37,"Cit Diaph3 Carmil1 Washc5 Myadm Eps8 Naa80 Add3 Mtpn Snx9 Mical1 Add1 Dbnl Tpm1 Wasl Cotl1 Tmod3 Sptan1 Nck2 Mtss1 Swap70 Dstn Vasp Pycard Twf2 Bin1 Ptk2b Baiap2 Diaph1 Gba2 Map3k1 Plekhg2 Hip1r Coro1a Arpc5l Capza2 Grb2"
"GOBP_ACTION_POTENTIAL",0.898150953862895,0.642717633928571,1,52,0.28588147189948,8,"Kcnk3 Fgf13 Akap7 Bbs10 Chrnb2 Cacna1d Cacna1h Npr2"
"GOBP_ACTIVATED_T_CELL_PROLIFERATION",-0.778077883675658,0.826443673082991,1,34,-0.241009356296408,14,"Satb1 Casp3 Slamf1 Ager Gpam Fyn Pycard Prnp Icosl Itgam Lrrc32 Ripk3 Il18 Tnfsf9"
"GOBP_ACTIVATION_INDUCED_CELL_DEATH_OF_T_CELLS",-0.956420437976944,0.510603588907015,1,12,-0.379763027930539,7,"Tsc22d3 Fas Gpam Ripk3 Cd47 Dnaja3 Tnfrsf4"
"GOBP_ACTIVATION_OF_GTPASE_ACTIVITY",-0.716168700041158,0.889751552795031,1,29,-0.229620199447862,4,"Rasgrp1 Ccdc125 Tsc1 Tbc1d7"
"GOBP_ACTIVATION_OF_IMMUNE_RESPONSE",0.75790037211913,0.986517096321864,1,435,0.189219917424659,52,"C4bp Cd300lf Ighg3 Zdhhc1 Lime1 Cd247 Tnfrsf21 C1qtnf4 Cd276 Lcp2 Fcer1g Nlrx1 App Gm6377 Fcrl5 Rnf135 Kcnn4 Slc39a6 Tlr4 Sla2 Ptprs Slc15a2 Ifih1 Nlrc4 Tlr6 Trim32 Ada Alpk1 Hspd1 Cd5 Ddx60 Fosl1 Plscr1 Vav3 Tlr7 Nr4a3 Bcl2a1d Tespa1 Rgcc Ptpn22 Mapk8 Sec14l1 Trim56 Letmd1 Slc19a1 Dhx33 Tlr2 Nlrp10 C2 Mfhas1 Atat1 Traf2"
"GOBP_ACTIVATION_OF_INNATE_IMMUNE_RESPONSE",-0.903452345946835,0.836332476435304,1,277,-0.198223135216174,43,"Irgm2 Trim30c Aars2 Ifi206 Mapk11 Elp6 Gbp3 Ly96 Irak4 Tlr12 Trim25 Smpdl3a Gramd4 Ifi35 Scimp Syk Ifi209 Hexim1 Trim5 Ppp6c Tnip1 Xpnpep1 Ifi214 Ifi213 Tax1bp1 Oas1a Tnf Irf7 Nmi Znfx1 Zbp1 Lats2 Hspa1b Dhx58 Traf3ip3 Washc4 Abhd8 Trim3 Gbp5 Rnf144a Irgm1 Oasl1 Trim12c"
"GOBP_ACTIVATION_OF_PROTEIN_KINASE_ACTIVITY",0.902669046187654,0.614715423179003,1,29,0.320468276784057,4,"Angpt1 Prkcz Tlr4 Ect2"
"GOBP_ACTIVIN_RECEPTOR_SIGNALING_PATHWAY",1.02294591544846,0.438123603871929,1,23,0.380324195553574,4,"Bmpr2 Smad3 Gdf11 Dand5"
"GOBP_ACTOMYOSIN_STRUCTURE_ORGANIZATION",-1.40085884346167,0.016289592760181,1,108,-0.34584714343474,23,"Tacstd2 Stmn1 Csrp2 Alkbh4 Sorbs1 Alms1 Racgap1 Ccdc88a Carmil1 Braf Arhgef18 Tnfaip1 Pdlim1 Ptger4 Myo18a S1pr1 Tsc1 Cdc42bpg Tpm1 Cnn3 Tmod3 Tesk1 Nebl"
"GOBP_ACUTE_INFLAMMATORY_RESPONSE",1.28652001614437,0.131655513529241,1,35,0.440069621044787,9,"Ighg3 Serpinb9 Fcer1g Cxcr2 Rhbdd3 Plscr1 Ext1 Spn Alox5ap"
"GOBP_ACYLGLYCEROL_HOMEOSTASIS",1.07637012046791,0.375037913254474,1,20,0.413100867840138,7,"Apoe Mtln Lipc Angptl4 Scarb1 Xbp1 Sesn2"
"GOBP_ACYL_COA_BIOSYNTHETIC_PROCESS",0.792439874898956,0.791456198585655,1,38,0.267185567441602,16,"Pcca Gcdh Mlycd Ppcs Tpk1 Dld Fasn Vdac1 Acsl5 Dip2a Dlst Pdk1 Pdhx Dlat Bckdk Mpc2"
"GOBP_ACYL_COA_METABOLIC_PROCESS",-0.82704442415484,0.835463258785943,1,77,-0.216664711591923,11,"Acsl4 Acaa2 Acss1 Acot8 Fitm2 Bckdha Elovl6 Pmvk Acat2 Gpam Pdk2"
"GOBP_ADAPTIVE_THERMOGENESIS",-0.899897511636125,0.694036300777874,1,96,-0.226589166084592,13,"Adrb2 Thra Alms1 Sorl1 Cxcr4 Prkab2 Sirt6 Il4ra Scd1 Syk Nr1h2 Jak2 Elovl6"
"GOBP_ADENYLATE_CYCLASE_ACTIVATING_G_PROTEIN_COUPLED_RECEPTOR_SIGNALING_PATHWAY",-1.07372866354668,0.31185475258099,1,54,-0.299362081790518,11,"Adrb2 Adm Adora2a Prkar2b S1pr4 Tbxa2r Cnr2 Plcb3 Prkx Ptger4 S1pr1"
"GOBP_ADENYLATE_CYCLASE_INHIBITING_G_PROTEIN_COUPLED_RECEPTOR_SIGNALING_PATHWAY",-1.09483901378265,0.330392455126255,1,23,-0.370080809399625,6,"Adrb2 Cxcr4 Flna Ptger4 Gpr146 S1pr1"
"GOBP_ADENYLATE_CYCLASE_MODULATING_G_PROTEIN_COUPLED_RECEPTOR_SIGNALING_PATHWAY",-1.15404158502461,0.189715621347877,1,74,-0.30355462780873,15,"Adrb2 Adm Adora2a Gna15 Cxcr4 Prkar2b S1pr4 Tbxa2r Cnr2 Plcb3 Flna Prkx Ptger4 Gpr146 S1pr1"
"GOBP_ADHERENS_JUNCTION_ASSEMBLY",-0.986122591814185,0.471607571314316,1,10,-0.410571850479187,1,"Vcl"
"GOBP_ADHERENS_JUNCTION_ORGANIZATION",1.25161622529454,0.1685360094451,1,30,0.44127574773968,7,"Fer Plekha7 Vegfa Cdh11 Cdh17 Cdh5 Cdh24"
"GOBP_ADHESION_OF_SYMBIONT_TO_HOST",0.561243452816661,0.955449482895784,1,11,0.248178435010149,6,"Hspd1 Scarb1 Gbp2 Icam1 Hsp90ab1 Zdhhc20"
"GOBP_ADIPOSE_TISSUE_DEVELOPMENT",-0.656336986447152,0.970932293512939,1,53,-0.18356056493103,12,"Sorl1 Csf1 Ap1s2 Rasal2 Lmna Lipa Amer1 Arrdc3 Pum2 Enpp1 Spi1 Ncoa1"
"GOBP_ADRENAL_GLAND_DEVELOPMENT",0.589860295775969,0.940991345397325,1,13,0.250036896198757,1,"Smad3"
"GOBP_ADRENERGIC_RECEPTOR_SIGNALING_PATHWAY",-1.50554639078738,0.0620305980528512,1,14,-0.573624257979754,6,"Adrb2 Gnai2 Rapgef2 Arrdc3 Adcy9 Pde4b"
"GOBP_ADULT_BEHAVIOR",0.892283358568254,0.666666666666667,1,81,0.26435699801427,13,"Atxn1 App Fgfbp3 Chrnb2 Shank1 Chrnb1 Agrp Id2 Htra2 Cacna1a Bbs1 Nr4a3 Wdr47"
"GOBP_ADULT_LOCOMOTORY_BEHAVIOR",-1.0683770665452,0.32612548741581,1,53,-0.298797571893635,14,"Chd7 Kalrn Uchl1 Eps8 Tsc1 Cnp Dmrt3 Tuba1a Ccnd2 Fxn Zmpste24 Inpp5f Oxr1 Agtpbp1"
"GOBP_ADULT_WALKING_BEHAVIOR",-1.07844582164354,0.349829879369007,1,27,-0.352144790367899,9,"Chd7 Uchl1 Dmrt3 Fxn Zmpste24 Oxr1 Agtpbp1 Idua Enpp1"
"GOBP_AEROBIC_ELECTRON_TRANSPORT_CHAIN",-0.556145212465913,0.996077032810271,1,58,-0.152670429874077,58,"Cox6a2 Uqcc3 Ndufs8 Uqcrfs1 Uqcrc1 mt-Nd6 mt-Nd3 mt-Nd2 Sdha Cox7a2l Ndufa7 Park7 Ndufs6 Cox6a1 mt-Nd5 Cyc1 Slc25a51 Uqcrc2 Uqcrh mt-Co3 mt-Cytb Ndufb8 Ndufa11 Cox7b Cox7a2 Ndufv2 Sdhb mt-Nd1 Ndufs2 Ndufs1 Cox5a Ndufs7 Ndufb9 Cox4i1 Ndufc2 Cox5b mt-Nd4 Dnajc15 Cox8a Cox7c Sdhd Ndufb6 Ndufaf1 Ndufs3 Sdhaf2 Ndufv1 Uqcrb Cycs Uqcr11 Uqcrq Uqcr10 Ndufa10 Iscu Sdhc Pink1 Ndufa8 Dld Coq9"
"GOBP_AGGREPHAGY",-0.580778781261676,0.945434603783932,1,13,-0.225233494781814,3,"Atg4c Hdac6 Atg4d"
"GOBP_ALCOHOL_BIOSYNTHETIC_PROCESS",-1.197204388704,0.13622690159003,1,92,-0.304123827981251,25,"Idi1 Ippk Dhcr24 Dhcr7 Cyp51 Cyp27a1 H6pd Lss Ephx1 Gpr146 Insig2 Pmvk Acat2 G6pdx Fdft1 Lipa Pck2 Ipmk Srebf1 Hmgcs1 Erlin1 Insig1 Srebf2 Sphk2 Ip6k1"
"GOBP_ALCOHOL_CATABOLIC_PROCESS",0.907454091864382,0.598473282442748,1,18,0.356822418857807,5,"Apoe Synj2 Sord Tpi1 Scarb1"
"GOBP_ALCOHOL_METABOLIC_PROCESS",0.898200142743622,0.704085257548845,1,193,0.239302983114459,36,"Ces2c Cln6 Mttp Dhrs3 App Apoe Napepld Synj2 Mogat1 Hsd17b7 Cacna1h Mbtps2 Pecr Lipc Coq3 Ttc39b Tm7sf2 Asah2 Spr Rdh5 Thtpa Sord Grk3 Dgkq Ppip5k2 Cyp2r1 Tpk1 Rdh13 Arrb1 Impa2 Tpi1 Scarb1 Fdx1 Mvk Abca5 Dgat1"
"GOBP_ALDEHYDE_BIOSYNTHETIC_PROCESS",0.853476122568872,0.66980549552331,1,16,0.344142367669854,2,"Pdxk Cacna1h"
"GOBP_ALDEHYDE_CATABOLIC_PROCESS",-0.449350283934929,0.99347471451876,1,12,-0.178422185110906,4,"Esd Glo1 Pnkd Hagh"
"GOBP_ALDEHYDE_METABOLIC_PROCESS",0.775865264423913,0.829539066891512,1,47,0.250773617800746,4,"Shpk Alpl Pdxk Cacna1h"
"GOBP_ALPHA_AMINO_ACID_CATABOLIC_PROCESS",1.17848985119203,0.209263392857143,1,52,0.37511335018724,12,"Tha1 Acad8 Hmgcll1 Gcsh Gcdh Prodh Kyat3 Gpt2 Dld Aldh6a1 Kynu Gstz1"
"GOBP_ALPHA_AMINO_ACID_METABOLIC_PROCESS",1.41426266964792,0.0204107187578262,1,125,0.39573714442399,48,"Tha1 Pemt Mttp Acad8 Dglucy Hmgcll1 Abcc4 Gcsh Mthfr Spr Gcdh Cacna1a Pfas Apip Mthfd1 Bcat1 Prodh Atp7a Fpgs Kyat3 Gpt2 Shmt2 Dld Aldh6a1 Kynu Gstz1 Mthfd2l Aasdhppt Odc1 Mtr Htatip2 Cln3 Plod3 Bphl Mccc2 Dlst Txnrd1 Gclm Echs1 Sephs2 Psat1 Icmt Mpst Bckdk Ppat Bcat2 Acadsb P4ha1"
"GOBP_ALPHA_BETA_T_CELL_ACTIVATION",-0.907331192090041,0.744348762109796,1,150,-0.214229571535765,24,"Lgals3 Adora2a Tbx21 Hlx Anxa1 Bcl2 Nfkbid Braf Satb1 Armc5 Socs5 Syk Ptger4 Jak2 Cd55 Ager Bcl6 Cdr2 Bcl3 Slc4a2 Irgm1 Foxp1 Kctd9 Men1"
"GOBP_ALPHA_BETA_T_CELL_DIFFERENTIATION",-0.919337255175141,0.663623916020082,1,110,-0.226288764473106,12,"Tbx21 Hlx Anxa1 Bcl2 Nfkbid Braf Satb1 Armc5 Socs5 Syk Ptger4 Jak2"
"GOBP_ALPHA_BETA_T_CELL_PROLIFERATION",0.964472123587904,0.523543260741613,1,32,0.336256126062349,6,"Sh3rf1 Lilrb4a Il15 Vsir Zbtb7b Ptpn22"
"GOBP_ALTERNATIVE_MRNA_SPLICING_VIA_SPLICEOSOME",0.828913100765061,0.772024209818426,1,72,0.250187765877371,33,"Rbm47 Celf4 Rbm15 Celf2 Hnrnpul1 Rbmx Strap Sfswap Pqbp1 Rsrc1 Srsf2 Wtap Srsf5 Rbm8a Fmr1 Thrap3 Srsf7 Arglu1 Mbnl1 Hnrnpa1 Rbm17 Ncbp2 Mbnl2 Hnrnpm Tia1 Khdrbs3 Slu7 Srsf3 Tra2b Rbm19 Thumpd2 Rbpms Ythdc1"
"GOBP_AMEBOIDAL_TYPE_CELL_MIGRATION",1.24253055628313,0.102462074110918,1,136,0.343995839687112,13,"Eng Sema6d Slc8a1 Epb41l4b Fer Bmpr2 Smad3 Ptk2 Vegfa Srgap2 Syde1 Pfn2 Sema7a"
"GOBP_AMELOGENESIS",0.802530431940611,0.725483922572388,1,10,0.36300840696423,1,"Nectin1"
"GOBP_AMIDE_BIOSYNTHETIC_PROCESS",1.01058048700133,0.443242555357597,1,114,0.286250093591168,33,"B4galt4 Pemt B3galt2 Slc25a42 St8sia6 Smpd3 St6galnac6 Pcca Asah2 Gcdh Gss Mlycd Ppcs Tpk1 Dld St3gal2 Fasn Vdac1 B4galnt1 Nanp St6galnac4 Acsl5 Mgst2 Acot7 Dip2a Sirt3 Pank4 Dlst Ppcdc Pdk1 Pdhx Gclm Pank1"
"GOBP_AMIDE_METABOLIC_PROCESS",0.907360802513507,0.713802435723951,1,288,0.233162908984511,73,"B4galt4 Cln6 Pemt B3galt2 Aph1b Dnph1 Slc25a42 Hpgds Apoe Neu3 Napepld St8sia6 Smpd3 Gsto1 Gstk1 St6galnac6 Slc5a6 Mmachc Pcca Gstt3 Asah2 Gcdh Mthfd1 Gss Nudt8 Hsd11b1 Mlycd Txnrd3 Ppcs Nudt19 Tpk1 Gsap Gla Dld Ide St3gal2 Kynu Gstz1 Hmgn5 Sod2 Fasn Chac2 Vdac1 Amdhd2 B4galnt1 Nudt7 Mvk Dgat1 Gstt2 Nanp St6galnac4 Acsl5 Mgst2 Acot7 Ehhadh Bckdhb Dip2a Mccc2 Sirt3 Pank4 Dlst Ifngr1 Slc35a1 Ppcdc Pdk1 Pdhx Far2 Gnpda2 Glb1 Gclm Pank1 Nme1 Plaat3"
"GOBP_AMIDE_TRANSPORT",-0.93604974231325,0.677728142948309,1,195,-0.213798938961428,20,"Ccl5 Pltp Acsl4 Chd7 Cdk16 Rab3a Kalrn Itsn1 Kcnb1 Anxa1 Mgst1 Slc8b1 Sirt6 Irs2 Clcf1 Rph3al Pde4c Cd38 Ptger4 Jak2"
"GOBP_AMINE_BIOSYNTHETIC_PROCESS",1.12264702496895,0.320717434260526,1,19,0.435803537949763,6,"Oaz2 Ddc Srm Atp7a Amd2 Odc1"
"GOBP_AMINE_METABOLIC_PROCESS",1.06486565132722,0.379554655870445,1,36,0.361877447955425,8,"Chrnb2 Oaz2 Ddc Spr Aoc2 Srm Atp7a Amd2"
"GOBP_AMINE_TRANSPORT",-1.05712143255744,0.358452817605869,1,43,-0.308845805390256,5,"Pcp4 Adora2a Rab3a Slc43a1 Kcnb1"
"GOBP_AMINOGLYCAN_BIOSYNTHETIC_PROCESS",-1.0260794515631,0.411801242236025,1,29,-0.328984732652698,9,"Xylt2 B3galt6 B4galt7 Ccnd3 Has3 Ptger4 B4gat1 Xylt1 Ndst2"
"GOBP_AMINOGLYCAN_CATABOLIC_PROCESS",0.827210220216806,0.703978944108995,1,15,0.3384575884518,3,"Ctbs Hyal1 Pglyrp2"
"GOBP_AMINOGLYCAN_METABOLIC_PROCESS",1.21932069691795,0.171189979123173,1,49,0.390482228698878,13,"Cln6 Hs3st3b1 B3gnt3 Ctbs Il15 Itih5 Habp4 Smpd3 Hyal1 Ext1 Pglyrp2 Uxs1 Tgds"
"GOBP_AMINO_ACID_ACTIVATION",-0.775961880184374,0.797538461538462,1,26,-0.254907015083248,4,"Aars2 Sars2 Mars2 Vars2"
"GOBP_AMINO_ACID_BETAINE_METABOLIC_PROCESS",0.578490989567809,0.943357199681782,1,11,0.255805190667071,5,"Slc22a5 Cpt1a Cpt2 Aldh7a1 Acadm"
"GOBP_AMINO_ACID_BIOSYNTHETIC_PROCESS",1.03774869330705,0.403175941540191,1,47,0.335419055500359,18,"Tha1 Mthfr Apip Mthfd1 Bcat1 Shmt2 Mthfd2l Aasdhppt Mtr Htatip2 Cln3 Plod3 Sephs2 Psat1 Bcat2 Carns1 Slc38a1 Srr"
"GOBP_AMINO_ACID_CATABOLIC_PROCESS",1.12960714762087,0.267099626917231,1,60,0.35100194763068,22,"Tha1 Acad8 Hmgcll1 Gcsh Gcdh Bcat1 Prodh Kyat3 Gpt2 Dld Aldh6a1 Kynu Gstz1 Bckdhb Mccc2 Dlst Echs1 Slc25a44 Bckdk Ppat Bcat2 Acadsb"
"GOBP_AMINO_ACID_IMPORT_ACROSS_PLASMA_MEMBRANE",0.850235432216002,0.678927773641102,1,23,0.316111635918632,9,"Slc7a7 Slc6a20b Slc7a5 Slc3a2 Slc7a1 Slc6a13 Slc43a2 Slc6a6 Slc7a6"
"GOBP_AMINO_ACID_METABOLIC_PROCESS",1.33610942191583,0.0332085496920662,1,167,0.361021421150609,64,"Tha1 Pemt Mttp Mcrip2 Acad8 Dglucy Hmgcll1 Accs Abcc4 Gcsh Ddc Mthfr Pars2 Spr Gcdh Cacna1a Pfas Apip Mthfd1 Tars2 Dars2 Bcat1 Nars2 Prodh Wars2 Atp7a Fpgs Kyat3 Gpt2 Shmt2 Dld Aldh6a1 Kynu Gstz1 Mthfd2l Aasdhppt Rars2 Odc1 Fars2 Ears2 Mtr Htatip2 Cln3 Bckdhb Plod3 Bphl Mccc2 Gatb Dlst Txnrd1 Gclm Echs1 Sephs2 Psat1 Slc25a44 Icmt Mpst Bckdk Ppat Bcat2 Acadsb P4ha1 Carns1 Farsb"
"GOBP_AMINO_ACID_TRANSMEMBRANE_TRANSPORT",-1.02131490430762,0.400141143260409,1,50,-0.289499613569408,10,"Slc25a26 Mfsd12 Slc43a1 Slc36a1 Ttyh3 Slc36a4 Slc38a7 Sfxn3 Slc38a9 Tnf"
"GOBP_AMINO_ACID_TRANSPORT",-1.09773586617068,0.262779552715655,1,77,-0.287579019822339,13,"Llgl2 Slc25a26 Adora2a Mfsd12 Slc43a1 Slc36a1 Ttyh3 Slc36a4 Xk Slc38a7 Sfxn3 Stxbp1 Slc38a9"
"GOBP_AMINO_SUGAR_BIOSYNTHETIC_PROCESS",0.885071878385466,0.628399746995572,1,12,0.382522172773369,5,"Gfpt1 Amdhd2 Pgm3 Nanp Gnpda2"
"GOBP_AMINO_SUGAR_METABOLIC_PROCESS",0.675131948102313,0.907549395458567,1,29,0.239687372602377,9,"Ctbs Gfpt1 Extl2 Amdhd2 Pgm3 Nanp Slc35a1 Gnpda2 B4galnt2"
"GOBP_AMP_BIOSYNTHETIC_PROCESS",1.25969462996299,0.195704057279236,1,11,0.557029289670893,7,"Pfas Paics Atic Aprt Adk Gart Ppat"
"GOBP_AMP_METABOLIC_PROCESS",1.44705172364758,0.0649891941957394,1,16,0.58348651256689,9,"Ada Pfas Paics Atic Aprt Adk Ampd2 Gart Ppat"
"GOBP_AMYLOID_BETA_CLEARANCE",0.742588865485092,0.832197867298578,1,26,0.269819816379051,2,"App Apoe"
"GOBP_AMYLOID_BETA_FORMATION",0.734613425525583,0.856031699442325,1,33,0.254404847886556,2,"Aph1b Apoe"
"GOBP_AMYLOID_BETA_METABOLIC_PROCESS",0.639133136430547,0.951419922156552,1,39,0.214473535349465,2,"Aph1b Apoe"
"GOBP_AMYLOID_FIBRIL_FORMATION",1.14116706161197,0.291321090047393,1,26,0.414643285582828,4,"App Apoe Hspg2 Serf1"
"GOBP_AMYLOID_PRECURSOR_PROTEIN_CATABOLIC_PROCESS",-0.900907843043133,0.624208069356452,1,43,-0.263206855709961,7,"Dhcr24 Sorl1 Adam19 Casp3 Psen2 Ager Tnf"
"GOBP_AMYLOID_PRECURSOR_PROTEIN_METABOLIC_PROCESS",0.920203853487813,0.604094137306782,1,53,0.291923418819367,5,"Aph1b App Apoe Tmcc2 Itm2c"
"GOBP_ANAPHASE_PROMOTING_COMPLEX_DEPENDENT_CATABOLIC_PROCESS",-0.852175392303832,0.677239353891336,1,21,-0.292802596566215,3,"Cdc20 Ube2c Fbxo31"
"GOBP_ANATOMICAL_STRUCTURE_MATURATION",1.2863474297074,0.0734196117471379,1,133,0.357091150893064,29,"Rps6ka2 App Catsper2 Il15 Aurka Vegfa Snx10 Gdf11 Slc26a6 Catspere2 Sclt1 Efcab9 Mbtps2 Tdrkh Npr2 Tbx6 Runx2 Heatr3 Plp1 Ift80 Id2 Tusc2 Brca2 Cacna1a Ext1 Nfix Cdh5 Flvcr1 Snx19"
"GOBP_ANDROGEN_METABOLIC_PROCESS",-0.910366185288617,0.569509185632026,1,13,-0.353051736839123,1,"Adm"
"GOBP_ANDROGEN_RECEPTOR_SIGNALING_PATHWAY",-1.0529614996667,0.368569636135508,1,33,-0.327984364547413,8,"Rnf14 Tcf7l2 Daxx Trim68 Foxp1 Prmt2 Shq1 Safb2"
"GOBP_ANGIOGENESIS",0.966209869092165,0.557446322521699,1,262,0.250195866572418,51,"Eng Ramp1 Plekhg5 Ackr3 Meis3 Dll1 Nrarp Angpt1 Cxcr2 Calcrl Bmpr2 S100a1 Hspg2 Ahr Ptk2 Hmox1 Vegfa Slc12a2 Lef1 Pde3b Angptl4 Npr2 Hyal1 Plk2 Il12a Fkbpl Itgb3 Vav3 Angptl6 Cdh5 Cybb Wars2 Ncl Rgcc Tcf4 Notch1 Pofut1 Fbxw7 Sema5a Dll4 Rbm15 Mydgf Bsg Egf Xbp1 Elk3 Jmjd8 Egln1 Nrxn1 Slc31a1 Micall1"
"GOBP_ANGIOGENESIS_INVOLVED_IN_WOUND_HEALING",-0.884277109475253,0.607548240635641,1,16,-0.324926619526032,4,"Hpse Cxcr4 Dag1 Tnf"
"GOBP_ANGIOTENSIN_ACTIVATED_SIGNALING_PATHWAY",1.66531892874193,0.0101201771030993,1,12,0.719739752826661,4,"Car2 Slc26a6 Agtrap Prkca"
"GOBP_ANIMAL_ORGAN_FORMATION",1.14366258335141,0.293600242644829,1,20,0.438927090890803,4,"Ift88 Ext1 Eya1 Notch1"
"GOBP_ANIMAL_ORGAN_MATURATION",1.24208885376432,0.204619946933042,1,14,0.516557312087082,4,"Snx10 Mbtps2 Ift80 Ext1"
"GOBP_ANIMAL_ORGAN_MORPHOGENESIS",1.10963431813987,0.195310819531082,1,450,0.27642037144154,87,"Eng Slc8a1 Intu Car2 Ift88 Cdon Arl6 Plxna1 Ryk Meis3 Dhrs3 Ttc8 Dll1 Sulf2 Nectin1 Angpt1 Hs3st3b1 Bmpr2 Smad3 Hspg2 Maged1 Alpl Ahr Tspear Nphp3 Rab37 Alpk2 Col27a1 Vegfa Abr Bbs10 Snx10 Gdf11 Slc12a2 Tlr4 Smpd3 Samd11 Lef1 Uty Wdr19 Tmem67 Npr2 Runx2 Tprn Hyal1 Rpgrip1l Ctnna1 Pkd1 Ift140 Ift80 Id2 Prkci Ptch1 Ext1 Bbs1 Snai1 Bmi1 Eya1 Chst11 Nr4a3 Nfix Wwox Flvcr1 Pou2f1 Gmnn Myo7a Nfatc1 Notch1 Rdh13 Pcnt Fgr Ctdspl2 Cluap1 Dll4 Rbm15 Pbrm1 Wnt6 Scrib Bsg Xbp1 Mapk8ip3 Ski Prox2 Hacd1 Egln1 Rara Pbx4"
"GOBP_ANIMAL_ORGAN_REGENERATION",1.17504924783937,0.236315479693938,1,32,0.40967229466527,10,"Sulf2 Aurka Hmox1 Slc7a5 Ptch1 Slc22a5 Notch1 Atic Top1 Cpt1a"
"GOBP_ANOIKIS",0.978816423110226,0.499776619508563,1,23,0.363917156412732,10,"Ptk2 Tfdp1 Bmf Notch1 Itga5 Tsc2 E2f1 Tle1 Chek2 Ikbkg"
"GOBP_ANTERIOR_POSTERIOR_AXIS_SPECIFICATION",0.973700220053137,0.506031273268801,1,23,0.362014987605377,4,"Nrarp Aurka Tdrkh Tbx6"
"GOBP_ANTERIOR_POSTERIOR_PATTERN_SPECIFICATION",0.908540570732469,0.63494150124885,1,88,0.266023470103284,13,"Ift88 Cdon Dll1 Nrarp Bmpr2 Smad3 Aurka Gdf11 Lef1 Tdrkh Tbx6 Xrcc2 Bmi1"
"GOBP_ANTEROGRADE_AXONAL_TRANSPORT",-0.72326607162584,0.88927011852776,1,32,-0.225866119820975,3,"Kif3a Ap3m2 Map2"
"GOBP_ANTIBACTERIAL_HUMORAL_RESPONSE",1.43315247409058,0.0654961832061069,1,18,0.56353366741276,5,"Ighg3 Trf Jchain Slpi App"
"GOBP_ANTIBACTERIAL_INNATE_IMMUNE_RESPONSE",0.803426674595738,0.732808811959087,1,13,0.340565916163146,3,"Slc15a2 Rasgrp4 Mpeg1"
"GOBP_ANTIGEN_PROCESSING_AND_PRESENTATION",0.933428402175021,0.586590698290712,1,84,0.275422606161778,32,"Flt3 Fcer1g Rab3b Rab32 Mfsd6 Fgl2 Ext1 Mpeg1 Ptpn22 Calr Ide Kdm5d Pdia3 Lgmn Nod2 Tapbpl Erap1 Psme2 Rab10 Nod1 Rab8b Icam1 Cd1d1 Bag6 B2m H2-Q6 Arl8b H2-K1 Ythdf1 Abcc1 Ulbp1 Was"
"GOBP_ANTIGEN_PROCESSING_AND_PRESENTATION_OF_ENDOGENOUS_ANTIGEN",0.866001142729092,0.657242742058064,1,19,0.336175443817983,8,"Ide Cd1d1 B2m H2-Q6 H2-K1 Ulbp1 H2-Q4 H2-T22"
"GOBP_ANTIGEN_PROCESSING_AND_PRESENTATION_OF_EXOGENOUS_ANTIGEN",0.534778007092571,0.988612836438923,1,31,0.187658655952391,3,"Fcer1g Mfsd6 Mpeg1"
"GOBP_ANTIGEN_PROCESSING_AND_PRESENTATION_OF_EXOGENOUS_PEPTIDE_ANTIGEN",0.647036044804872,0.925981196836293,1,25,0.236933746224544,3,"Fcer1g Mfsd6 Mpeg1"
"GOBP_ANTIGEN_PROCESSING_AND_PRESENTATION_OF_EXOGENOUS_PEPTIDE_ANTIGEN_VIA_MHC_CLASS_II",-0.974093133922964,0.488752556237219,1,19,-0.34323117732618,9,"H2-DMb1 H2-Ob H2-DMa H2-DMb2 Cd74 H2-Ab1 Ctse H2-Eb1 H2-Aa"
"GOBP_ANTIGEN_PROCESSING_AND_PRESENTATION_OF_PEPTIDE_ANTIGEN",0.626732888304147,0.96720384506644,1,45,0.204224794494103,9,"Fcer1g Mfsd6 Mpeg1 Calr Ide Pdia3 Lgmn Tapbpl Erap1"
"GOBP_ANTIGEN_PROCESSING_AND_PRESENTATION_OF_PEPTIDE_ANTIGEN_VIA_MHC_CLASS_I",1.38646801601753,0.0793697540862907,1,28,0.495374738863788,16,"Fcer1g Mfsd6 Mpeg1 Calr Ide Pdia3 Lgmn Tapbpl Erap1 Bag6 B2m H2-Q6 H2-K1 Ulbp1 H2-Q4 H2-T22"
"GOBP_ANTIGEN_PROCESSING_AND_PRESENTATION_OF_PEPTIDE_OR_POLYSACCHARIDE_ANTIGEN_VIA_MHC_CLASS_II",-0.994143938338373,0.458443465491924,1,21,-0.341582177958802,10,"H2-DMb1 H2-Ob H2-DMa H2-DMb2 Cd74 Pycard H2-Ab1 Ctse H2-Eb1 H2-Aa"
"GOBP_ANTIGEN_PROCESSING_AND_PRESENTATION_VIA_MHC_CLASS_IB",-0.791332420189292,0.745365005793743,1,18,-0.28273474686283,18,"H2-T24 Ap3b1 H2-T23 H2-Q2 H2-M3 H2-Q10 H2-D1 H2-Q7 Tap2 Ap3d1 H2-T22 H2-Q4 Ulbp1 Abcc1 H2-K1 H2-Q6 B2m Cd1d1"
"GOBP_ANTIGEN_RECEPTOR_MEDIATED_SIGNALING_PATHWAY",0.828076244157882,0.832760314341847,1,150,0.226633451042503,15,"Lime1 Cd247 Tnfrsf21 Cd276 Lcp2 Fcrl5 Kcnn4 Slc39a6 Sla2 Ada Cd5 Vav3 Bcl2a1d Tespa1 Ptpn22"
"GOBP_ANTIMICROBIAL_HUMORAL_IMMUNE_RESPONSE_MEDIATED_BY_ANTIMICROBIAL_PEPTIDE",-1.46223472016133,0.061086637298091,1,21,-0.502415496527105,3,"Ccl5 Adm Lgals3"
"GOBP_ANTIMICROBIAL_HUMORAL_RESPONSE",1.06942767516018,0.369680070443205,1,33,0.370354768332945,5,"Ighg3 Trf Jchain Slpi App"
"GOBP_ANTIVIRAL_INNATE_IMMUNE_RESPONSE",-1.23787023842896,0.132116788321168,1,61,-0.33764170911553,14,"Trim7 Ifit1bl1 Ifit1 Trim25 Usp20 Usp18 Ifit3 Oasl2 Oas1a Tnf Zbp1 Morc3 Dhx58 Traf3ip3"
"GOBP_AORTA_DEVELOPMENT",-1.00300230050385,0.436215334420881,1,39,-0.299425740568479,5,"Egr2 Chd7 Ngfr Hes1 Cxcr4"
"GOBP_AORTA_MORPHOGENESIS",1.01128227172267,0.457548626119173,1,16,0.407773651974784,5,"Eng Eya1 Notch1 Dll4 Nprl3"
"GOBP_APICAL_JUNCTION_ASSEMBLY",0.558316734645816,0.983269738773114,1,33,0.193351331482222,4,"Ect2 Ctnna1 Snai1 Cdh5"
"GOBP_APOPTOTIC_CELL_CLEARANCE",1.3425784382786,0.117951056391549,1,19,0.521179338085416,8,"Cd300lf Pear1 Xkr8 Itgb3 C2 Scarb1 Rara Spg11"
"GOBP_APOPTOTIC_DNA_FRAGMENTATION",1.00775244388277,0.466171233937142,1,15,0.412327427269425,6,"Endog Nmnat1 Aifm1 Vps54 Nme1 Blvra"
"GOBP_APOPTOTIC_MITOCHONDRIAL_CHANGES",0.784473939111461,0.867021968022878,1,95,0.227106366183426,14,"Tnfsf10 Smad3 Bcl2a1c Plscr3 Them4 Hspd1 Ptpmt1 Bmf Bcl2a1b Bcl2a1d Fzd9 Atp7a Pmaip1 Slc35f6"
"GOBP_APOPTOTIC_PROCESS_INVOLVED_IN_DEVELOPMENT",1.25468695176474,0.189694832080969,1,17,0.499636215627928,11,"Xkr8 Chek1 Tnfrsf1b Lef1 Notch1 Scrib Kcnq1ot1 Fzd5 Bak1 Ppp2r1b Zpr1"
"GOBP_APOPTOTIC_PROCESS_INVOLVED_IN_MORPHOGENESIS",1.02013234807739,0.452877925363694,1,12,0.440894408502507,7,"Tnfrsf1b Lef1 Notch1 Scrib Fzd5 Bak1 Ppp2r1b"
"GOBP_APOPTOTIC_SIGNALING_PATHWAY",0.910784002714293,0.748548074854807,1,450,0.226884882900281,145,"Nacc2 Tnfsf10 Ackr3 Cd27 Meis3 App Tmbim1 Sh3rf1 Bcl2l14 Smad3 Bcl2a1c Fhit Maged1 Itm2c Tnfrsf23 Hmox1 Vegfa Tlr4 Plscr3 Tnfrsf1b Tlr6 Osm Ercc6 Trim32 Erbb3 Siah1b Cd5 Asah2 Ptpmt1 Bmf Ctnna1 Il12a Hells Ddias Brca2 Htra2 Mlh1 Jmy Plscr1 Snai1 Bmi1 Spn Eya1 Pea15a Trps1 Bcl2a1b Wwox Bcl2a1d Prodh Fzd9 Atp7a Siah2 Mapk8 Mif Nbn Fbxw7 Pmaip1 Slc35f6 Ppp1r13b Stk3 Hyou1 Eef1e1 Traf2 Jak3 Ifi27 Sod2 Xbp1 Pdia3 Casp2 Prkca Dido1 E2f1 Uri1 Acsl5 Pink1 Ern1 Rb1 Atad5 Ikbke Myc Acvr1b Pam16 Kdm6a Wfs1 Casp8ap2 Bcl2l12 Gsdme Tnfrsf12a Prkdc Aifm1 Chek2 Ybx3 Cdkn1a Tnfrsf22 Hdac2 Trp53bp2 Pdk1 Eif5a Gclm Ticam1 Parp1 Traf1 Aen Sort1 Tfpt Kdm1a Ikbkg Fadd Bid Mfn2 Siva1 Bak1 Icam1 Ppp2r1b Tgfbr1 Bag6 Itgav Psme3 Nr4a2 Smad4 Nono Birc6 Dyrk2 Ddit4 Hyal2 Stx4a Madd Bclaf1 Hipk2 Slc25a5 Creb3 Becn1 Eif2ak3 Rrn3 Hras Nf1 Dap Ing5 Gclc Rhot1 Tm2d1 Bcl2l2 Fam162a Bad Noc2l"
"GOBP_APPENDAGE_DEVELOPMENT",1.40949556871878,0.0253642039542144,1,96,0.407612673099587,28,"Intu Ift88 Tbc1d32 Asph Lmbr1 Znrf3 Bmpr2 B9d1 Sp9 Lef1 Wdr19 B3glct Npr2 Runx2 Rpgrip1l Ift140 Ift80 Ptch1 Traf3ip1 Ext1 Chst11 Flvcr1 Notch1 Pcnt Ttbk2 Ski Rara B4galnt1"
"GOBP_APPENDAGE_MORPHOGENESIS",1.5061333216997,0.0123839009287926,1,73,0.453795015780985,22,"Intu Ift88 Tbc1d32 Asph Lmbr1 B9d1 Sp9 Lef1 Wdr19 Npr2 Runx2 Rpgrip1l Ift140 Ptch1 Traf3ip1 Ext1 Chst11 Flvcr1 Notch1 Pcnt Ttbk2 Ski"
"GOBP_ARACHIDONATE_METABOLIC_PROCESS",0.799268063116017,0.746922024623803,1,19,0.310270140061029,4,"Hpgds Ahr Sigmar1 Mgll"
"GOBP_ARF_PROTEIN_SIGNAL_TRANSDUCTION",1.15254109548546,0.2893727955835,1,17,0.458960117895606,3,"Iqsec2 Cyth3 Git1"
"GOBP_AROMATIC_AMINO_ACID_METABOLIC_PROCESS",1.4496314327357,0.0607268823800031,1,17,0.577266195435151,6,"Abcc4 Spr Gcdh Atp7a Kynu Gstz1"
"GOBP_ARP2_3_COMPLEX_MEDIATED_ACTIN_NUCLEATION",0.538043345186697,0.9893001735107,1,36,0.182845368711898,9,"Cyfip1 Carmil3 Jmy Iqgap2 Arfip1 Trim27 Pick1 Gmfb Ap1ar"
"GOBP_ARTERY_DEVELOPMENT",0.80145359089261,0.808141150319533,1,58,0.250614584779876,4,"Eng Bmpr2 Apoe Vegfa"
"GOBP_ARTERY_MORPHOGENESIS",1.10220286615569,0.32811356651544,1,34,0.379497011907921,4,"Eng Bmpr2 Apoe Vegfa"
"GOBP_ASPARTATE_FAMILY_AMINO_ACID_BIOSYNTHETIC_PROCESS",1.22658108879634,0.216751819167054,1,15,0.501862364860273,7,"Mthfr Apip Mthfd1 Mthfd2l Aasdhppt Mtr Plod3"
"GOBP_ASPARTATE_TRANSMEMBRANE_TRANSPORT",-0.453918793872199,0.992002132764596,1,10,-0.18898895605315,3,"Slc1a5 Slc25a12 Lrrc8a"
"GOBP_ASSOCIATIVE_LEARNING",1.24280551856789,0.144811385933398,1,60,0.386175989114667,11,"Atxn1 Tanc1 App Srcin1 Ahr Adcy3 Chrnb2 Ddhd2 Shank1 Sigmar1 Pde1b"
"GOBP_ASTRAL_MICROTUBULE_ORGANIZATION",0.562603321217679,0.953422501966955,1,13,0.238482890331388,7,"Kpnb1 Limk2 Numa1 Tacc2 Rab11a Plk1 Pde4dip"
"GOBP_ASTROCYTE_ACTIVATION",-0.828981164371528,0.676994790238552,1,13,-0.32148957707112,3,"Adora2a Ager Ldlr"
"GOBP_ASTROCYTE_DEVELOPMENT",1.16891654513529,0.264362589055631,1,21,0.444283129310887,5,"Dll1 App Tspan2 Tlr4 Plp1"
"GOBP_ASTROCYTE_DIFFERENTIATION",0.822155327773282,0.76584752862329,1,51,0.26228355039949,8,"Dll1 App Tspan2 Tlr4 Plp1 Id2 Nfix Notch1"
"GOBP_ASYMMETRIC_CELL_DIVISION",-1.00523738377164,0.44673157162726,1,14,-0.383002843278677,3,"Etv5 Sox5 Rgs14"
"GOBP_ATP_BIOSYNTHETIC_PROCESS",0.519717449067641,0.999196464443552,1,75,0.155894921752265,14,"Atpsckmt Letmd1 Fam3a Ndufa8 Cox11 Ndufv3 Myc Ndufa9 Ndufa5 Sdhc Entpd1 Slc25a13 Parp1 Ndufc1"
"GOBP_ATP_METABOLIC_PROCESS",0.904271530720133,0.686416184971098,1,170,0.243758687919979,39,"Mttp Eno3 App S100a1 Bpgm Zbtb20 Aldoc Ppargc1a Atpsckmt Git1 Nmnat1 Atp7a Pfkfb1 Pfkfb2 Bend3 Gale Letmd1 Pfkl Pfkp Tpi1 Jmjd8 Fam3a Ndufa8 Ran Cox11 Ndufv3 Myc Ndufa9 Mpi Ndufa5 Sdhc Entpd1 Slc25a25 Xpo4 Slc25a13 Hk2 Ampd2 Parp1 Ndufc1"
"GOBP_ATP_SYNTHESIS_COUPLED_ELECTRON_TRANSPORT",-0.639596559101855,0.989197530864197,1,68,-0.171205640583274,2,"Coq7 Cox6a2"
"GOBP_ATP_TRANSPORT",0.884964857213366,0.626034025284845,1,14,0.368037332070289,2,"Slc25a42 Slc17a9"
"GOBP_ATRIOVENTRICULAR_VALVE_DEVELOPMENT",1.03805930714594,0.433210686290194,1,10,0.469545129285919,4,"Bmpr2 Notch1 Sox4 Smad4"
"GOBP_ATTACHMENT_OF_MITOTIC_SPINDLE_MICROTUBULES_TO_KINETOCHORE",1.33721724551564,0.115035017136045,1,24,0.493749836080901,9,"Ska2 Cdk1 Mis12 Kif2c Cenpc1 Snhg15 Ska3 Champ1 Nuf2"
"GOBP_ATTACHMENT_OF_SPINDLE_MICROTUBULES_TO_KINETOCHORE",1.28638427445673,0.117327766179541,1,49,0.411959052054749,13,"Dsn1 Ska2 Nsl1 Cdk1 Ect2 Mis12 Kif2c Cenpc1 Wapl Snhg15 Ska3 Champ1 Nuf2"
"GOBP_AUDITORY_RECEPTOR_CELL_DEVELOPMENT",0.789396401084897,0.751819167053724,1,15,0.322985857420498,4,"Tprn Elmod3 Myo7a Scrib"
"GOBP_AUDITORY_RECEPTOR_CELL_MORPHOGENESIS",-0.831179654406985,0.678085916258836,1,12,-0.330034041283698,4,"Wdpcp Ripor2 Sec24b Whrn"
"GOBP_AUDITORY_RECEPTOR_CELL_STEREOCILIUM_ORGANIZATION",0.844655957451552,0.678611422172452,1,10,0.382063036296204,3,"Tprn Myo7a Scrib"
"GOBP_AUTONOMIC_NERVOUS_SYSTEM_DEVELOPMENT",-1.10683036506744,0.329297820823245,1,11,-0.448506831905546,3,"Egr2 Hlx Hes1"
"GOBP_AUTOPHAGIC_CELL_DEATH",1.08337416144298,0.383452665075577,1,11,0.479061452865057,1,"Acp2"
"GOBP_AUTOPHAGOSOME_LYSOSOME_FUSION",0.803230809883884,0.740458015267176,1,18,0.315840507033293,10,"Plekhm2 C9orf72 Rab39 Pip4k2a Cln3 Tom1 Znrf1 Vps39 Pip4k2c Arl8b"
"GOBP_AUTOPHAGOSOME_MATURATION",-1.20140517611855,0.15948905109489,1,61,-0.327695492154116,21,"Adrb2 Irgm2 Elp6 Pik3r4 Rubcn Vps16 Tecpr1 Irgm1 Gabarapl2 Calm1 Chmp7 Snap29 Mfsd8 Vps33a Rubcnl Stx17 Tbc1d25 Map1lc3a Calm3 Chmp3 Vps4a"
"GOBP_AUTOPHAGOSOME_ORGANIZATION",-0.606860845431263,1,1,139,-0.14536215123701,41,"Irgm2 Irgq Rab23 Pip4k2b Pik3c2b Syk Fez2 Atg4c Tbc1d14 Rb1cc1 Irgm1 Gabarapl2 Scfd1 Ubxn2b Tmem41b 9930111J21Rik1 Zfyve26 Wdr45 Tcirg1 Tgtp2 Snx4 Ulk2 Ap5z1 Rnf5 Atg2a Atg16l2 Wdr45b Stx17 Atg4d Pik3c2a Smurf1 Ube3c Map1lc3a Ulk3 Retreg2 Setd2 Ctsd Rab3gap2 Atg101 Retreg1 Ifi47"
"GOBP_AUTOPHAGY_OF_MITOCHONDRION",-0.726409972499472,0.969296375266525,1,94,-0.183167220670485,28,"Irgm2 Tigar Bcl2l13 Atg4c Rb1cc1 Vps13d Oma1 Bnip3l Irgm1 Camkk2 Srebf1 Gabarapl2 Slc25a46 Wdr45 Eif2ak1 Cisd2 Ulk2 Hdac6 Atg2a Rnf41 Optn Arhgap26 Wdr45b Atg4d Smurf1 Map1lc3a Tspo Ulk3"
"GOBP_AUTOPHAGY_OF_PEROXISOME",-1.15154522549307,0.284786903753881,1,15,-0.431218569645208,6,"Pik3r4 Pex5 Rb1cc1 Wdr45 Atg2a Wdr45b"
"GOBP_AXIS_ELONGATION",-0.591576887051797,0.93148493735004,1,10,-0.246302862578916,10,"Ppp2r3a Rdh10 Tgfb1 Med1 Med12 Lrp6 Vangl2 Trim28 Esr1 Tmtc3"
"GOBP_AXIS_SPECIFICATION",1.30076288139241,0.110219291959295,1,41,0.43218219951417,12,"Ttc8 Dll1 Nrarp Aurka Mns1 Tdrkh Tbx6 Ptch1 Notch1 Frat1 Wnt6 Ski"
"GOBP_AXONAL_FASCICULATION",1.06953357900217,0.396736522156455,1,10,0.483781879485239,4,"Tnfrsf21 Arhgap35 Cdk5r1 Sema5a"
"GOBP_AXONAL_TRANSPORT",0.498200371812546,0.997628348214286,1,52,0.158577191263976,24,"Rufy3 Armcx6 Atg16l1 Mapk8ip3 Tmem108 Snapin Tmem230 Bloc1s1 Bloc1s4 Armcx2 Madd Arl8b Spg7 Kif5b Dtnbp1 Arl8a Dync1h1 Ap3s2 Bloc1s3 Mecp2 Ap3d1 Armcx3 Kif1b Bloc1s6"
"GOBP_AXONAL_TRANSPORT_OF_MITOCHONDRION",-0.614197029043337,0.922512234910277,1,12,-0.243877393491106,3,"Uchl1 Agtpbp1 Hdac6"
"GOBP_AXONEME_ASSEMBLY",1.57562866758869,0.0159245060454143,1,29,0.55938442343434,11,"Ift88 Tbc1d32 Dnaaf3 Rsph9 Gas8 Mns1 Spag1 Fsip1 Cep131 Ttll1 Cluap1"
"GOBP_AXON_DEVELOPMENT",1.14198958462807,0.176800641245849,1,258,0.296152084832602,64,"Sema6d Nefh Slit1 Tnfrsf21 Ryk Ttc8 Rufy3 Nectin1 App Bmpr2 Apoe Fgf13 Plxna3 Crppa Ptk2 Emb Rtn4rl2 Vegfa Tspan2 Chrnb2 Cdh11 Plxnb2 Cyfip1 Ptprs Gpm6b Sema7a Trim32 Npr2 C9orf72 Dock7 Ctnna1 Arhgap35 Plp1 Cacna1a Mgll Ptch1 Ext1 Enah Tfap4 Nr4a3 Nfix Diaph2 Wdr47 Atl1 Notch1 Cdk5r1 Mbp Tiam1 Gla Sema5a Cspg5 Trio Bsg Plxnc1 Mapk8ip3 Prkca Als2 Kif13b Ttl Etv1 Spg11 Tsc2 Rtca Mtr"
"GOBP_AXON_ENSHEATHMENT_IN_CENTRAL_NERVOUS_SYSTEM",0.790737508847027,0.746215077259248,1,14,0.328850259704495,3,"Gpm6b Plp1 Tlr2"
"GOBP_AXON_EXTENSION",1.4166213380064,0.0348821548821549,1,70,0.429424298640233,13,"Sema6d Slit1 Ryk Rufy3 Bmpr2 Apoe Plxna3 Vegfa Cyfip1 Ptprs Sema7a C9orf72 Mgll"
"GOBP_AXO_DENDRITIC_TRANSPORT",-0.616918936758958,0.996104402025711,1,74,-0.16227196720301,6,"Klc3 Kif3a Uchl1 Ap3m2 Trak2 Map2"
"GOBP_BARBED_END_ACTIN_FILAMENT_CAPPING",-1.26580753176328,0.174589201877934,1,20,-0.439592769122764,5,"Carmil1 Eps8 Add3 Mtpn Add1"
"GOBP_BASEMENT_MEMBRANE_ORGANIZATION",-0.81433812678523,0.718375693835817,1,19,-0.286939948824437,5,"Lamb3 Nid1 Dag1 Lamc1 Spint2"
"GOBP_BASE_EXCISION_REPAIR",-0.671250608564173,0.953230148048452,1,44,-0.195103824947322,9,"Sirt6 Neil1 Xrcc1 Xrcc4 Xpa Polb Ercc5 Polg Smug1"
"GOBP_BASIC_AMINO_ACID_TRANSPORT",1.14401037193667,0.316109422492401,1,10,0.517469950221175,6,"Slc7a7 Slc7a5 Slc3a2 Slc7a1 Cln3 Slc7a6"
"GOBP_BEHAVIOR",0.959915494306135,0.59049823633157,1,368,0.242525376860575,51,"Spire1 Abcb1b Ift88 Cln6 Atxn1 Zfhx3 C1qtnf4 Aph1b Tanc1 App Apoe Fgf13 Srcin1 Pak6 Slc18a2 Prkcz Napepld Ahr Gpr176 Adcy3 Fgfbp3 Chrnb2 Ddhd2 Shank1 Slc16a1 Chrnb1 Osm Ada Sigmar1 Gnb1l Ankrd26 Plk2 Pde1b Usp2 Tmem63b Agrp Id2 Htra2 Cacna1a Git1 Ext1 Bbs1 Nr4a3 Nfix Wdr47 Dpp4 Fzd9 Slc22a5 Fen1 Atp7a Hrh2"
"GOBP_BEHAVIORAL_RESPONSE_TO_PAIN",0.758220812054426,0.782890575585073,1,12,0.327697986516221,2,"Osm Cacna1a"
"GOBP_BENZENE_CONTAINING_COMPOUND_METABOLIC_PROCESS",0.997617796292027,0.485759745425617,1,11,0.441140510734666,4,"Pon3 Kyat3 Kynu Txnrd1"
"GOBP_BICARBONATE_TRANSPORT",1.30282021693154,0.156614941609343,1,10,0.589304371132069,3,"Slc26a10 Slc39a6 Slc26a6"
"GOBP_BILE_ACID_BIOSYNTHETIC_PROCESS",-0.958685873350674,0.507612833061446,1,12,-0.380662557638341,2,"Cyp39a1 Cyp27a1"
"GOBP_BILE_ACID_METABOLIC_PROCESS",-0.907475876864464,0.578569376615915,1,17,-0.329211038822882,2,"Cyp39a1 Cyp27a1"
"GOBP_BINDING_OF_SPERM_TO_ZONA_PELLUCIDA",0.532845831276688,0.97750417996656,1,19,0.206846937004608,8,"Ly6k Cct3 Zpbp Arsa Cct7 Cct6a Cct8 Cct2"
"GOBP_BIOLOGICAL_PROCESS_INVOLVED_IN_INTERACTION_WITH_HOST",0.68172569727883,0.969712725854673,1,95,0.197360598133088,21,"Cd300lf Nectin1 Havcr1 Pvr Hspd1 Plscr1 Itgb3 Slc20a2 Fuca2 Pglyrp2 Dpp4 Bsg Scarb1 Slc3a2 Slc7a1 Npc1 Tsg101 Chmp4c Chmp6 Gbp2 Tnfrsf14"
"GOBP_BIOLOGICAL_PROCESS_INVOLVED_IN_INTRASPECIES_INTERACTION_BETWEEN_ORGANISMS",1.04744313565237,0.407467532467532,1,30,0.369291515688864,10,"Atxn1 Chrnb2 Shank1 Gnb1l Ext1 Nfix Nrxn1 Tsc2 Dvl1 Pcm1"
"GOBP_BIOLOGICAL_PROCESS_INVOLVED_IN_SYMBIOTIC_INTERACTION",0.902194297199045,0.661234441165148,1,107,0.257295972438345,14,"Cd300lf Trem1 Nectin1 Pcyox1l Havcr1 Pvr Hspd1 Tusc2 Plscr1 Itgb3 Slc20a2 Fuca2 Pglyrp2 Dpp4"
"GOBP_BIOMINERAL_TISSUE_DEVELOPMENT",1.37117160280269,0.0481703260146374,1,80,0.40722975890732,21,"Slc8a1 Cdon Cd276 Nectin1 Bmpr2 Smad3 Alpl Tspear Snx10 Smpd3 Tmem38b Gpm6b Ift80 Slc20a2 Nfix Fzd9 Ccr1 Notch1 Fgr Wnt6 Hacd1"
"GOBP_BLASTOCYST_DEVELOPMENT",0.85870906542909,0.746742355825055,1,103,0.246199601861449,37,"Pemt St8sia6 Chek1 Ada Oosp1 Brca2 Cops2 Txnrd3 Ctr9 Nbn Spic Kdm4c Ttll1 Pbrm1 Tbl1xr1 Ccdc62 Cmtm3 Nop2 Palb2 Nek2 Ncapg2 Mfn2 Tet1 Tgfbr1 Cited2 Zpr1 Actl6a Med21 G2e3 Dad1 Gins1 Zfp420 Ptpn18 Setdb1 Smarca4 N4bp2l2 Thoc5"
"GOBP_BLASTOCYST_FORMATION",0.51697006870328,0.99437148217636,1,38,0.174305894405455,10,"Ada Txnrd3 Ctr9 Kdm4c Pbrm1 Nop2 Mfn2 Tet1 Cited2 Actl6a"
"GOBP_BLASTOCYST_GROWTH",1.18938025332794,0.24484574868322,1,22,0.446951535650333,15,"Chek1 Brca2 Cops2 Ctr9 Nbn Palb2 Ncapg2 Zpr1 Gins1 Setdb1 Smarca4 Dicer1 Ndel1 Pelo Prpf19"
"GOBP_BLOOD_VESSEL_ENDOTHELIAL_CELL_MIGRATION",-0.896280594066335,0.685625243474873,1,72,-0.2371978905511,15,"Egr3 Hdac9 Anxa1 Spred1 Gadd45a Cib1 Tbxa2r Ehd4 Tnf P2rx4 Klf4 Prkd2 Ets1 Vhl Akt2"
"GOBP_BLOOD_VESSEL_ENDOTHELIAL_CELL_PROLIFERATION_INVOLVED_IN_SPROUTING_ANGIOGENESIS",1.39415927979597,0.0921884882985452,1,12,0.602546358011668,6,"Nrarp Hmox1 Vegfa Il12a Sema5a Dll4"
"GOBP_BLOOD_VESSEL_MORPHOGENESIS",0.876231937667587,0.795322291853178,1,306,0.224085512929162,55,"Eng Ramp1 Plekhg5 Ackr3 Meis3 Dll1 Nrarp Angpt1 Cxcr2 Calcrl Bmpr2 Apoe S100a1 Hspg2 Ahr Ptk2 Hmox1 Vegfa Slc12a2 Lef1 Pde3b Angptl4 Elmo3 Npr2 Hyal1 Plk2 Il12a Fkbpl Itgb3 Vav3 Eya1 Angptl6 Cdh5 Cybb Wars2 Ncl Rgcc Tcf4 Notch1 Pofut1 Fbxw7 Sema5a Dll4 Rbm15 Pbrm1 Mydgf Bsg Egf Xbp1 Elk3 Jmjd8 Egln1 Nrxn1 Slc31a1 Micall1"
"GOBP_BLOOD_VESSEL_REMODELING",1.44782256674696,0.0555803904038146,1,24,0.534589392563423,10,"Tmbim1 Bmpr2 Ahr Vegfa Abr Npr2 Ext1 Atp7a Dll4 Pbrm1"
"GOBP_BODY_FLUID_SECRETION",-1.04857394661833,0.363105462040536,1,46,-0.302770400179776,8,"Anxa2 Kalrn Celsr2 Afap1 Uprt Ptger4 Nr1h2 Cmtm6"
"GOBP_BODY_MORPHOGENESIS",0.99535018406589,0.473584077272062,1,34,0.342706803124615,6,"Cdon Asph Lef1 Flvcr1 Ssbp3 Ski"
"GOBP_BONE_CELL_DEVELOPMENT",-0.886818572740284,0.601041952289553,1,13,-0.343919669278893,4,"Anxa2 Siglec15 Foxp1 Notch2"
"GOBP_BONE_DEVELOPMENT",0.98004159167381,0.500758533501896,1,118,0.276329151644732,19,"P3h1 Dhrs3 Sulf2 Bmpr2 Hspg2 Alpl Col27a1 Ggcx Snx10 Tjp2 Tlr4 Smpd3 Tmem38b Mbtps2 Npr2 Runx2 Ift80 Ext1 Nfix"
"GOBP_BONE_GROWTH",1.46302685577683,0.0556663088483361,1,17,0.582600465043669,8,"Col27a1 Tlr4 Smpd3 Npr2 Ift80 Ext1 Ctdspl2 Rara"
"GOBP_BONE_MATURATION",1.2260130519686,0.224075531077891,1,13,0.519696783134259,4,"Snx10 Mbtps2 Ift80 Ext1"
"GOBP_BONE_MINERALIZATION",1.32002551783621,0.0893005252972076,1,59,0.410931786741203,14,"Slc8a1 Cd276 Bmpr2 Smad3 Alpl Snx10 Smpd3 Tmem38b Gpm6b Ift80 Slc20a2 Nfix Fzd9 Ccr1"
"GOBP_BONE_MORPHOGENESIS",1.33306774214943,0.0889544688026981,1,47,0.430871487358702,16,"Dhrs3 Bmpr2 Hspg2 Alpl Col27a1 Tlr4 Smpd3 Npr2 Runx2 Ift80 Ext1 Nfix Ctdspl2 Ski Rara Col10a1"
"GOBP_BONE_REMODELING",-0.935226113344836,0.573005698005698,1,55,-0.259415960020625,20,"Adrb2 Gpr137 Cd38 Syk Ptger4 Acp5 Slc34a1 S1pr1 Siglec15 Plekhm1 Slc4a2 Csk Notch2 Idua Tcirg1 Ceacam1 Enpp1 Ptk2b Def8 Ubash3b"
"GOBP_BONE_RESORPTION",-0.907733489115775,0.622661122661123,1,47,-0.260735584926495,18,"Adrb2 Gpr137 Cd38 Syk Ptger4 Acp5 S1pr1 Siglec15 Plekhm1 Slc4a2 Csk Idua Tcirg1 Ceacam1 Enpp1 Ptk2b Def8 Ubash3b"
"GOBP_BRAIN_MORPHOGENESIS",0.815473315695939,0.73090096798213,1,23,0.303187322128849,4,"Ift88 Bbs1 Nfix Pcnt"
"GOBP_BRANCHED_CHAIN_AMINO_ACID_METABOLIC_PROCESS",1.40829806316157,0.070586479629906,1,25,0.51569512793722,13,"Mcrip2 Acad8 Hmgcll1 Bcat1 Dld Aldh6a1 Bckdhb Mccc2 Echs1 Slc25a44 Bckdk Bcat2 Acadsb"
"GOBP_BRANCHING_INVOLVED_IN_MAMMARY_GLAND_DUCT_MORPHOGENESIS",-1.05953904258113,0.38363240891789,1,12,-0.420708026558228,3,"Etv5 Csf1 Kdm5b"
"GOBP_BRANCHING_MORPHOGENESIS_OF_AN_EPITHELIAL_TUBE",1.19643069798116,0.175398936170213,1,78,0.35640078617015,22,"Eng Nrarp Angpt1 Hs3st3b1 Maged1 Ahr Vegfa Slc12a2 Lef1 Tmem67 Pkd1 Fkbpl Ptch1 Ext1 Eya1 Nfatc1 Notch1 Sema5a Dll4 Rbm15 Wnt6 Egf"
"GOBP_BROWN_FAT_CELL_DIFFERENTIATION",-1.31210931329698,0.105498721227621,1,35,-0.403570220127677,6,"Adrb2 Itga6 Arl4a Lamb3 Dusp10 Scd1"
"GOBP_B_CELL_ACTIVATION",0.729447243040625,0.981160252728317,1,241,0.189900167899884,29,"6030468B19Rik Il9r Cd27 Tnfrsf21 Flt3 Dll1 Lilrb4a Ahr Chrnb2 Tlr4 Cdh17 Lef1 Ada Hspd1 Id2 Mlh1 Shld3 Vav3 Bmi1 Cd320 Mzb1 Dpp4 Fzd9 Nfatc1 Mif Nbn Rag2 Bst1 Il7r"
"GOBP_B_CELL_ACTIVATION_INVOLVED_IN_IMMUNE_RESPONSE",0.817397236450699,0.806080634500991,1,85,0.240661550152436,18,"6030468B19Rik Dll1 Lilrb4a Tlr4 Cdh17 Ada Hspd1 Mlh1 Shld3 Nbn Rag2 Xbp1 Shld1 Kmt5b Dock10 Batf Atad5 Ccr6"
"GOBP_B_CELL_APOPTOTIC_PROCESS",0.646780390826348,0.921816827997022,1,23,0.240468462824856,3,"Tnfrsf21 Ada Mif"
"GOBP_B_CELL_DIFFERENTIATION",0.746886641298448,0.936543486375513,1,134,0.20712872645725,7,"6030468B19Rik Il9r Cd27 Flt3 Dll1 Lilrb4a Ahr"
"GOBP_B_CELL_HOMEOSTASIS",-0.944075291320612,0.542267365661861,1,40,-0.279718438498716,11,"Bcl2 Bcl2l11 Casp3 Pirb Tnfrsf13c Gapt Cd74 Spns2 Cd44 Lyn Enpp1"
"GOBP_B_CELL_PROLIFERATION",1.10674910372695,0.288769334229993,1,74,0.332856140589425,17,"Il9r Cd27 Tnfrsf21 Ahr Chrnb2 Tlr4 Lef1 Ada Hspd1 Vav3 Bmi1 Cd320 Mzb1 Mif Rag2 Bst1 Il7r"
"GOBP_B_CELL_RECEPTOR_SIGNALING_PATHWAY",-0.878703492595521,0.696207018787664,1,53,-0.245750754320305,15,"Bcl2 Cd38 Syk Nfatc2 Cd19 Cd79a Cd79b Foxp1 Cd22 Slc39a10 Btk Blk Ms4a1 Lyn Ptprc"
"GOBP_C21_STEROID_HORMONE_BIOSYNTHETIC_PROCESS",-0.857582627488559,0.634920634920635,1,11,-0.347507332190594,2,"Egr1 Cyp27a1"
"GOBP_C21_STEROID_HORMONE_METABOLIC_PROCESS",-0.844935978065908,0.662997459779848,1,15,-0.316402756780436,4,"Egr1 Cyp27a1 Cyp2d22 Stard3"
"GOBP_C4_DICARBOXYLATE_TRANSPORT",0.772994839660403,0.766973622600281,1,14,0.321471475588917,3,"Slc12a2 Slc16a1 Slc25a22"
"GOBP_CALCINEURIN_MEDIATED_SIGNALING",-1.04255624482334,0.382455033133481,1,34,-0.322931437506858,15,"Homer3 Cib1 Chp1 Nfatc2 Tnf Rcan1 Calm1 Prnp Mapk7 Camta1 Tbc1d10c Dyrk1a Calm3 Sppl3 Nfatc3"
"GOBP_CALCIUM_DEPENDENT_CELL_CELL_ADHESION",1.50161351398387,0.0419132938729803,1,10,0.679224497779025,7,"Cdh11 Cdh17 Arvcf Cdh5 Cdh24 Kifap3 Nrxn1"
"GOBP_CALCIUM_IMPORT_INTO_THE_MITOCHONDRION",0.81335338763551,0.720441650053673,1,17,0.323890200655056,7,"Vdac1 Micu2 Hspa9 Micu3 Slc25a23 Mcu Spg7"
"GOBP_CALCIUM_ION_HOMEOSTASIS",0.965504747691385,0.542046975781916,1,161,0.261983849076344,30,"Slc8a1 Lime1 Asph App Fcrl5 Tmtc2 Apoe Alpl Tspoap1 Snx10 Cacna1d Gsto1 Tmem38b Mtln Thada Cacna1a Cacna1s Itgb3 Efhc1 Cdh5 Fzd9 Ccr1 Letmd1 Ccdc47 Plcl1 Ibtk Slc30a1 Slc37a4 Prkca Fam3a"
"GOBP_CALCIUM_ION_IMPORT",0.819885524963289,0.749566223250434,1,36,0.2786248960322,9,"Slc8a1 Kcnn4 Cacna1d Cacna1h Cacna1a Cacna1s Akap5 Egf Slc30a1"
"GOBP_CALCIUM_ION_IMPORT_ACROSS_PLASMA_MEMBRANE",0.787583184415574,0.756869404137079,1,16,0.317572729516949,5,"Kcnn4 Cacna1d Cacna1a Cacna1s Akap5"
"GOBP_CALCIUM_ION_REGULATED_EXOCYTOSIS",-1.12761853761172,0.27252106286455,1,36,-0.344859913029618,5,"Rab3a Kcnb1 Cacna1i Rph3al Stxbp1"
"GOBP_CALCIUM_ION_REGULATED_EXOCYTOSIS_OF_NEUROTRANSMITTER",-1.24539204024624,0.216742202079445,1,10,-0.518518608923925,2,"Rab3a Stxbp1"
"GOBP_CALCIUM_ION_TRANSMEMBRANE_IMPORT_INTO_CYTOSOL",0.978900356400428,0.50219385719984,1,81,0.290019036092245,11,"Slc8a1 Lime1 Asph Fcrl5 Kcnn4 Cacna1d Gsto1 Tmem38b Cacna1a Cacna1s Itgb3"
"GOBP_CALCIUM_ION_TRANSMEMBRANE_TRANSPORT",1.00745368520236,0.450680063717682,1,152,0.275221539360338,19,"Slc8a1 Lime1 Asph Tmbim1 Fcrl5 Pkd1l3 Ahr Catsper2 Kcnn4 Cacna1d Cacna1h Gsto1 Tmem38b Pkd1 Plp1 Cacna1a Cacna1s Itgb3 Gpm6a"
"GOBP_CALCIUM_ION_TRANSPORT",0.953953252332737,0.578180108158947,1,200,0.253038765498883,25,"Slc8a1 Ramp1 Lime1 Asph App Tmbim1 Fcrl5 Calcrl Pkd1l3 Ahr Catsper2 Kcnn4 Chrnb2 Cacna1d Cacna1h Gsto1 Tmem38b Usp2 Pkd1 Plp1 Camk2g Cacna1a Cacna1s Itgb3 Gpm6a"
"GOBP_CALCIUM_ION_TRANSPORT_INTO_CYTOSOL",1.1922791883825,0.254721398470423,1,14,0.495842572728773,2,"Slc8a1 Asph"
"GOBP_CALCIUM_MEDIATED_SIGNALING",1.00252329422201,0.460720235806741,1,109,0.285244176556428,14,"Slc8a1 Ackr2 Ackr3 App Tmbim1 Cxcr2 Cacna1d Sla2 Gsto1 Tmem38b Ccrl2 Cmya5 Ada Erbb3"
"GOBP_CAMERA_TYPE_EYE_MORPHOGENESIS",1.36130066415256,0.0635116598079561,1,63,0.419952356383812,25,"Cdon Arl6 Ttc8 Dll1 Nectin1 Vegfa Bbs10 Gdf11 Samd11 Rpgrip1l Pou2f1 Notch1 Rdh13 Scrib Ski Prox2 Fzd5 Prdm1 Kdm2b Rom1 Sox4 Rpgr Rpgrip1 Mfn2 Bak1"
"GOBP_CAMERA_TYPE_EYE_PHOTORECEPTOR_CELL_DIFFERENTIATION",1.2407250680652,0.206492898392383,1,14,0.515990143745729,4,"Ttc8 Bbs10 Samd11 Rpgrip1l"
"GOBP_CAMKK_AMPK_SIGNALING_CASCADE",-1.63354961744965,0.0325531342480495,1,11,-0.661942594643414,5,"Pcp4 Irgm2 Irgm1 Zmpste24 Camkk2"
"GOBP_CAMP_METABOLIC_PROCESS",0.94462903753459,0.549992001279795,1,10,0.427283836774132,2,"Pde8a Adcy3"
"GOBP_CAMP_PKA_SIGNAL_TRANSDUCTION",0.900162968937247,0.623454973513832,1,32,0.313835211362679,6,"Pde8a App Prkar2a Akap7 Pde3b Pde1b"
"GOBP_CANONICAL_NF_KAPPAB_SIGNAL_TRANSDUCTION",-0.753116429109007,0.995597945707997,1,232,-0.169035489746119,28,"Irgm2 Trim30c S100a4 Trim30b Lrrc25 Traf5 Irak4 Nr2c2 Nfkbid Trim25 Tab3 Flna Usp20 Myo18a Trim5 Tnip1 Tax1bp1 Tnf Edaradd Ripk1 Rhoh Cyld Tnfrsf19 Klf4 Bcl3 Litaf Irgm1 Trim12c"
"GOBP_CANONICAL_WNT_SIGNALING_PATHWAY",0.850129519790799,0.801226551226551,1,174,0.228712147978465,33,"Cdon Sulf2 Nrarp App Znrf3 Apoe Smad3 Dkkl1 Nphp3 Nek4 Lef1 Zbed3 Siah1b Ccnyl1 Ext1 Snai1 Fzd9 Siah2 Notch1 Stk3 Sema5a Frat1 Tmem170b Wnt6 Egf Tbl1xr1 Mllt3 Ttc21b Ubr5 Btrc Tcf7 Fzd5 Dvl1"
"GOBP_CARBOHYDRATE_BIOSYNTHETIC_PROCESS",0.941324403471855,0.584506165151326,1,131,0.261832332730657,29,"Pcx B3galt2 Ppp1r3e B3gat2 St8sia6 Smpd3 Gsto1 St6galnac6 Aldoc Ppargc1a Gfpt1 Ext1 Sord Chst11 Dgkq Pfkfb1 Pfkfb2 Arrb1 Gpt2 Ctdspl2 St3gal4 Zfp692 St3gal2 Tpi1 Egf Epm2aip1 Slc37a4 Pgm1 Sesn2"
"GOBP_CARBOHYDRATE_CATABOLIC_PROCESS",1.07751244703958,0.316654125909205,1,127,0.301063807779837,27,"Mttp Phkg1 Eno3 Ppp1r3e App Neu3 Ctbs Gabarapl1 Bpgm Zbtb20 Aldoc Ppargc1a Git1 Dhdh Hsd11b1 Sord Rbks Pfkfb1 Pfkfb2 Gale Pfkl Pfkp Tpi1 Man2c1 Jmjd8 Atg12 Pgm1"
"GOBP_CARBOHYDRATE_DERIVATIVE_BIOSYNTHETIC_PROCESS",1.11902976444201,0.178637001836051,1,430,0.279638627996726,122,"Ramp1 B4galt4 Pnp2 Galnt14 B3galt2 Dctd Dnph1 Uck2 Angpt1 Hs3st3b1 B3gnt3 B3gnt7 Tk1 Tmtc2 Bmpr2 Gal3st4 Extl1 B3gat2 Itm2c Crppa St8sia6 Il15 Fut8 Adcy3 Smpd3 St6galnac6 Nme4 Engase 6430550D23Rik Mgat4b Lipc Gorasp1 Pigb Dse Cdk1 Dpagt1 Eogt Ada B3glct Npr2 Papss1 Pigf Impdh1 Dpy19l1 Alg8 Gfpt1 Atpsckmt Pfas Slc35b2 Mthfd1 Ext1 Chst11 Atp7a Alg3 Uxs1 Derl3 Dhodh Pofut1 Letmd1 Tgds Adal Alg10b Galnt4 St3gal4 St3gal2 Jak3 Pigl Tpi1 Tyw3 Slc35d1 Fuom Egf Amdhd2 B4galnt1 Paics Fam3a Fcsk Atic Pgm3 Nanp Ndufa8 St6galnac4 Pomgnt1 Piga Rpn1 Mesd Npc1 Cox11 Prps1l3 Ndufv3 Gmpr2 Plod3 Myc Ndufa9 Rft1 Mpi Ndufa5 Nme6 Aprt Gmps Nme2 Sdhc Fktn Adk Prkcsh Entpd1 Alg1 Gmppa Galnt1 Tmtc3 C1galt1c1 Slc25a13 Prpsap2 Gnpda2 Mdh1 Stt3a Nme1 Ampd2 Hs2st1 Parp1 Guk1 Ndufc1"
"GOBP_CARBOHYDRATE_DERIVATIVE_CATABOLIC_PROCESS",0.987386756634649,0.495460597990558,1,166,0.267064718414913,30,"Pnp2 Mttp Eno3 Sulf2 Dnph1 Pde8a App Neu3 Ctbs Bpgm Zbtb20 Ada Hyal1 Aldoc Ppargc1a Git1 Hgsnat Fuca2 Pglyrp2 Pfkfb1 Pfkfb2 Gale Pfkl Fbxo6 Adal Gla Pfkp Tpi1 Jmjd8 Amdhd2"
"GOBP_CARBOHYDRATE_DERIVATIVE_TRANSPORT",0.980605579210806,0.495318094188929,1,61,0.303930208367793,27,"Slc25a42 Slc29a2 Slc17a9 Slc29a1 Slc29a4 Abcc4 Slc29a3 Slc15a2 Tmem241 Slc35b2 Slc37a1 Slc19a1 Slc35a5 Scarb1 Slc35d1 Slc35a4 Slc37a4 Cln3 Rft1 Slc35a2 Calhm6 Slc25a25 Slc25a4 Slc35a1 Slc25a23 Guk1 Shoc2"
"GOBP_CARBOHYDRATE_HOMEOSTASIS",0.753317106664862,0.95304995196926,1,176,0.202451588125908,68,"C2cd2l Smad3 Stxbp4 Slc29a1 Hmgn3 Hectd4 Cacna1d Endog Plscr3 Slc16a1 Zbtb20 Pde3b Ankrd26 Fabp5 Ptpmt1 Cacna1a Ptch1 Fcor Ncoa6 Tiam1 Arrb1 Nucks1 Xbp1 Nrxn1 Cry2 Slc37a4 Ncor2 Sesn2 Fbn1 Cry1 Ern1 C1qtnf12 Wfs1 Inpp5k Ncoa5 Gclm Sox4 Hk2 Blvra Mcu Icam1 Oas1c Mpc2 Pim3 Smad4 Sh2b2 Prcp Stx4a Oxct1 Rab11fip2 Abcg1 Tent4b Foxk2 Gclc Bad Pik3r2 Insr Kif5b Rac1 Gnas Foxo3 Ptpn2 Hk1 Atg7 Phkb Gk Smarca4 Adipor2"
"GOBP_CARBOHYDRATE_METABOLIC_PROCESS",1.06839769370721,0.297663654397179,1,358,0.270341919034515,79,"B4galt4 Pcx Mttp Shpk Phkg1 B3galt2 Eno3 Ppp1r3e Ydjc App Neu3 Ctbs B3gat2 St8sia6 Mogat1 Hectd4 Smpd3 Gsto1 Slc23a2 St6galnac6 Gabarapl1 Fggy Bpgm Zbtb20 Coq3 B3glct Hyal1 Fabp5 Lancl2 Aldoc Ppargc1a Gfpt1 Git1 Ext1 Chid1 Dhdh Hsd11b1 Mlycd Sord Fuca2 Chst11 Siae Rbks Dgkq Pfkfb1 Pfkfb2 Uxs1 Pofut1 Gale Pfkl Pmaip1 Gla Arrb1 Gpt2 Ctdspl2 Pfkp St3gal4 Zfp692 St3gal2 Tpi1 Man2c1 Fuom Egf Jmjd8 Epm2aip1 Lcmt1 Atg12 Slc3a2 Bola3 Slc37a4 Pgm1 Fam3a Fcsk Sesn2 Dcxr Pgm3 St6galnac4 Fbn1 Phka2"
"GOBP_CARBOHYDRATE_PHOSPHORYLATION",-0.823795040756587,0.703476482617587,1,19,-0.290272184319403,3,"Pfkfb3 Pomk Gne"
"GOBP_CARBOHYDRATE_TRANSPORT",0.671117997391525,0.970858283433134,1,80,0.199318028259547,11,"Slc2a3 Stxbp4 Slc26a6 Smpd3 Slc23a2 Erbb3 Fabp5 Rnasel Prkci Pea15a Nr4a3"
"GOBP_CARBOXYLIC_ACID_TRANSMEMBRANE_TRANSPORT",1.0627538720182,0.354346383543464,1,83,0.314045662665053,27,"Abcb1b Slc38a6 Slc7a7 Slc36a3 Slc16a7 Emb Slc6a20b Slc23a2 Slc5a6 Slc16a1 Ttyh2 Slc7a5 Sfxn2 Slc19a1 Slc25a1 Slc25a22 Slc35d1 Slc3a2 Slc7a1 Slc6a13 Slc43a2 Slc17a5 Cln3 Acsl5 Slc27a1 Myc Slc25a20"
"GOBP_CARDIAC_ATRIUM_DEVELOPMENT",1.45019920012614,0.0677384111128453,1,14,0.603105807235699,6,"Eng Bmpr2 Nphp3 Dand5 Notch1 Dll4"
"GOBP_CARDIAC_ATRIUM_MORPHOGENESIS",1.28872423007171,0.16701327787554,1,10,0.582928336615595,4,"Eng Bmpr2 Notch1 Dll4"
"GOBP_CARDIAC_CELL_DEVELOPMENT",0.979268233882604,0.503909522479754,1,51,0.312405625189837,4,"Slc8a1 Alpk2 Vegfa Cdk1"
"GOBP_CARDIAC_CHAMBER_DEVELOPMENT",1.08862208644001,0.315655551091469,1,75,0.326544077532531,26,"Eng Ift88 Dhrs3 Bmpr2 Ahr Nphp3 Dand5 Id2 Nfatc1 Notch1 Dll4 Rbm15 Egln1 Rara Nprl3 Prdm1 Ptcd2 Pde2a Snx17 Sox4 Fkbp1a Hectd1 Tgfbr1 Sos1 Smad4 Cited2"
"GOBP_CARDIAC_CHAMBER_MORPHOGENESIS",1.28217449385542,0.1225614927905,1,45,0.417804502364219,12,"Eng Ift88 Dhrs3 Bmpr2 Ahr Id2 Nfatc1 Notch1 Dll4 Rbm15 Egln1 Rara"
"GOBP_CARDIAC_CONDUCTION",1.41572532363979,0.073719410244718,1,19,0.549574435316708,3,"Slc8a1 Ehd3 Cacna1d"
"GOBP_CARDIAC_EPITHELIAL_TO_MESENCHYMAL_TRANSITION",1.43256403561645,0.0714399363564041,1,11,0.633471087505506,4,"Eng Snai1 Notch1 Tmem100"
"GOBP_CARDIAC_MUSCLE_ADAPTATION",-1.15355231109267,0.282811176968671,1,15,-0.431970161994564,6,"Smad1 Camta2 Lmna Foxo1 Inpp5f Kdm4a"
"GOBP_CARDIAC_MUSCLE_CELL_ACTION_POTENTIAL",0.781227899598595,0.77115559599636,1,20,0.299828021205955,2,"Fgf13 Cacna1d"
"GOBP_CARDIAC_MUSCLE_CELL_CONTRACTION",0.92681825115267,0.573645724518729,1,25,0.339385297122213,4,"Fgf13 Cacna1d Cacna1h Uty"
"GOBP_CARDIAC_MUSCLE_CELL_DIFFERENTIATION",1.15130224552269,0.234756916465216,1,71,0.348133510655956,6,"Slc8a1 Ift88 Dll1 Alpk2 Vegfa Cdk1"
"GOBP_CARDIAC_MUSCLE_CELL_PROLIFERATION",-0.655809471293553,0.942283950617284,1,31,-0.206248678700917,6,"Mapk11 Smad1 Ccnd2 Vgll4 Foxp1 Kras"
"GOBP_CARDIAC_MUSCLE_CONTRACTION",1.26736284661872,0.124652970571904,1,57,0.397453330269809,9,"Slc8a1 Myl4 Fgf13 Ehd3 Cacna1d Cacna1h Gsto1 Tmem38b Uty"
"GOBP_CARDIAC_MUSCLE_TISSUE_DEVELOPMENT",1.16527324601319,0.185018163597645,1,126,0.325742820113347,14,"Eng Slc8a1 Ift88 Dll1 Angpt1 Bmpr2 Hspg2 Alpk2 Vegfa Cdk20 Cdk1 Erbb3 Dipk2a Id2"
"GOBP_CARDIAC_MUSCLE_TISSUE_MORPHOGENESIS",0.946191322432587,0.546714349575324,1,24,0.349368669839515,2,"Eng Angpt1"
"GOBP_CARDIAC_SEPTUM_DEVELOPMENT",1.13219217673631,0.265916041145399,1,55,0.356977789632035,13,"Eng Ift88 Dhrs3 Bmpr2 Nphp3 Dand5 Id2 Nfatc1 Notch1 Rbm15 Egln1 Rara Nprl3"
"GOBP_CARDIAC_SEPTUM_MORPHOGENESIS",1.35174874517399,0.101747630331754,1,26,0.491158183438695,10,"Eng Ift88 Dhrs3 Bmpr2 Id2 Nfatc1 Notch1 Rbm15 Egln1 Rara"
"GOBP_CARDIAC_VENTRICLE_DEVELOPMENT",0.891316235800472,0.657543762156155,1,58,0.278714639102077,20,"Eng Bmpr2 Ahr Dand5 Id2 Nfatc1 Notch1 Dll4 Rbm15 Egln1 Nprl3 Prdm1 Ptcd2 Pde2a Sox4 Fkbp1a Hectd1 Tgfbr1 Smad4 Cited2"
"GOBP_CARDIAC_VENTRICLE_MORPHOGENESIS",1.01833936975268,0.446798985226086,1,25,0.372898795578237,2,"Eng Ahr"
"GOBP_CARDIOCYTE_DIFFERENTIATION",1.23054611346853,0.137000793440889,1,87,0.361458470419744,7,"Eng Slc8a1 Ift88 Dll1 Alpk2 Vegfa Cdk1"
"GOBP_CARDIOLIPIN_METABOLIC_PROCESS",1.33794988681974,0.132696897374702,1,11,0.591633287420103,4,"Tamm41 Pgs1 Ptpmt1 Crls1"
"GOBP_CARNITINE_METABOLIC_PROCESS",0.575296244058426,0.945608702607583,1,10,0.260223618664729,3,"Slc22a5 Cpt1a Cpt2"
"GOBP_CARTILAGE_DEVELOPMENT",1.17506033513911,0.194527687296417,1,92,0.341751309934609,27,"Sulf2 Bmpr2 Smad3 Hspg2 Col27a1 Tlr4 Smpd3 Maf Npr2 Runx2 Hyal1 Pkd1 Ift80 Ext1 Bbs1 Snai1 Trps1 Chst11 Snx19 Atp7a Slc26a2 Ctdspl2 Rara Prkca Col10a1 Smad5 Bmp8a"
"GOBP_CARTILAGE_DEVELOPMENT_INVOLVED_IN_ENDOCHONDRAL_BONE_MORPHOGENESIS",1.46358045450133,0.0537404580152672,1,18,0.57549833391045,9,"Hspg2 Col27a1 Tlr4 Smpd3 Npr2 Ift80 Ext1 Ctdspl2 Rara"
"GOBP_CATECHOLAMINE_SECRETION",-1.24447376130523,0.180407666565257,1,23,-0.42066080132569,4,"Pcp4 Adora2a Rab3a Kcnb1"
"GOBP_CATECHOLAMINE_TRANSPORT",1.32307877447404,0.113783943329398,1,30,0.46647092273603,8,"Xlr4b Xlr4a Slc18a2 Slc29a4 Chrnb2 Smpd3 Slc29a3 Rab3b"
"GOBP_CATECHOL_CONTAINING_COMPOUND_METABOLIC_PROCESS",1.2390607882258,0.200334397324821,1,19,0.480994527428209,5,"Chrnb2 Ddc Spr Aoc2 Atp7a"
"GOBP_CD40_SIGNALING_PATHWAY",-1.2299633020138,0.219084178777077,1,13,-0.476995616754684,3,"Fanca Traf5 Slamf1"
"GOBP_CD4_POSITIVE_ALPHA_BETA_T_CELL_ACTIVATION",-0.886877953620034,0.725481611208406,1,99,-0.222523060382887,32,"Tbx21 Hlx Anxa1 Nfkbid Braf Satb1 Armc5 Socs5 Ptger4 Jak2 Cd55 Ager Bcl6 Bcl3 Irgm1 Foxp1 Men1 Smad7 Tcirg1 Cd44 Gpr183 Lgals9 Ccr7 Gimap5 Runx1 Gimap3 Sash3 Gadd45g Ctsl Otud5 Il18 Runx3"
"GOBP_CD4_POSITIVE_ALPHA_BETA_T_CELL_DIFFERENTIATION",-0.944969315419115,0.584928716904277,1,84,-0.242917840543778,10,"Tbx21 Hlx Anxa1 Nfkbid Braf Satb1 Armc5 Socs5 Ptger4 Jak2"
"GOBP_CD4_POSITIVE_ALPHA_BETA_T_CELL_PROLIFERATION",1.13807237128312,0.323148296272596,1,10,0.514784015741926,2,"Lilrb4a Vsir"
"GOBP_CD4_POSITIVE_OR_CD8_POSITIVE_ALPHA_BETA_T_CELL_LINEAGE_COMMITMENT",-1.09325384920067,0.330505907300818,1,25,-0.361075196110349,4,"Tbx21 Bcl2 Braf Cyld"
"GOBP_CD8_POSITIVE_ALPHA_BETA_T_CELL_ACTIVATION",1.13558943175336,0.304077611035319,1,21,0.431616122170092,5,"Sh3rf1 Lilrb4a Vsir Zbtb7b Ptpn22"
"GOBP_CD8_POSITIVE_ALPHA_BETA_T_CELL_DIFFERENTIATION",-1.06864720054331,0.373296244784423,1,14,-0.407162450260473,6,"Bcl2 Satb1 Slc4a2 Runx1 Otud5 Runx3"
"GOBP_CDP_DIACYLGLYCEROL_METABOLIC_PROCESS",0.527699888485934,0.969481340923466,1,12,0.228068378224973,3,"Tamm41 Agpat4 Gpat3"
"GOBP_CELLULAR_COMPONENT_ASSEMBLY_INVOLVED_IN_MORPHOGENESIS",0.640901196738959,0.971770862021482,1,61,0.198641776467157,15,"Chn2 Cd9 Ankrd23 Fsip1 Mbp Tlr2 Acrbp Rab1a Zpbp Mios Hdac2 Slc9a8 Mfn2 Gnpat Smad4"
"GOBP_CELLULAR_COMPONENT_DISASSEMBLY",-0.876863135569324,0.926485397784491,1,336,-0.188416995948441,66,"Adrb2 Plin2 Stmn1 Irgm2 Pak4 Mtrf1 Elp6 Prr3 Pik3r4 Pex5 Diaph3 Rubcn Carmil1 Rnf14 Cib1 Nedd1 Eps8 Add3 Tpx2 Synj1 Wee1 Mtpn Map2 Blcap Mical1 Otud3 Tnf Add1 Tpm1 Smarcc2 Trip4 Cebpg Tmod3 Lamc1 Sptan1 Vps16 Rnf10 Tecpr1 Top2a Irgm1 Zmpste24 Ufsp2 Gabarapl2 Kdm4a Ets1 Ccdc88c Stx5a Swap70 Usp21 Smarcd1 Calm1 Ufl1 Nckap5l Ckap2 Chmp7 Dffb Dstn Smarcd2 Camsap1 Smad7 Dnase1l3 Chka Snap29 Twf2 Mfsd8 Atad2"
"GOBP_CELLULAR_COMPONENT_DISASSEMBLY_INVOLVED_IN_EXECUTION_PHASE_OF_APOPTOSIS",0.564703601752823,0.968246802106847,1,22,0.212207274573868,6,"Endog Nmnat1 Aifm1 Vps54 Nme1 Blvra"
"GOBP_CELLULAR_COMPONENT_MAINTENANCE",1.23758076975456,0.15512621633056,1,46,0.401706190884812,10,"Tanc1 Tanc2 App Apoe Plekha7 Shank1 Tprn Elmod3 Itgb3 Git1"
"GOBP_CELLULAR_DETOXIFICATION_OF_ALDEHYDE",-1.50234102440848,0.066884176182708,1,12,-0.596530096764187,6,"Rdh11 Rdh12 Esd Glo1 Pnkd Hagh"
"GOBP_CELLULAR_EXTRAVASATION",-1.03733261111544,0.389847054995119,1,38,-0.312217829160824,7,"Ccl5 Itgb7 Jaml Ptger4 Ripor2 Ager Tnf"
"GOBP_CELLULAR_HOMEOSTASIS",0.936917988888422,0.678445606917903,1,484,0.232466163923528,79,"Slc8a1 Car2 Lime1 Trf Cln6 Slc9a9 Mt1 Asph C2cd2l App Fcrl5 Apoe Smad3 Rnf135 Frrs1 Ptk2 Nnt Tspoap1 Kcnn4 Stxbp4 Slc29a1 Hmox1 Tmem94 Slc39a6 Slc26a6 Hmgn3 Cacna1d Slc12a2 Endog Gsto1 Tmem38b Steap4 Fggy Mtln Zbtb20 Pde3b Trim32 Ptpmt1 Slc12a3 Thada Cacna1a Cacna1s Slc39a13 Itgb3 Gpr89 Git1 Fcor Efhc1 Cdh5 Rab20 Txnrd3 Ncoa6 Fzd9 Atp7a Bola2 Ccr1 Txn1 Il7r Fbxw7 Ccdc47 Tiam1 Rab39 Arrb1 Nucks1 Ide Atp1a1 Slc41a1 Plcl1 Sod2 Ibtk Xbp1 Slc30a1 Egln1 Nrxn1 Abcb8 Slc31a1 Atp6v0a2 Slc37a4 Prkca"
"GOBP_CELLULAR_HYPEROSMOTIC_RESPONSE",0.626294623668635,0.910936270653029,1,13,0.265481106169503,9,"Xrcc6 Ybx3 Slc25a23 Oxsr1 Letm1 Xrcc5 Wnk1 Akt1 Ninj1"
"GOBP_CELLULAR_OXIDANT_DETOXIFICATION",1.02854815582835,0.422991071428571,1,50,0.328749678431306,15,"Apoe Nnt Gsto1 Gstk1 Hbb-bs Alox5ap Txnrd3 Atp7a Txn1 Sod2 Sesn2 Gstt2 Mgst2 Prdx6 Txnrd1"
"GOBP_CELLULAR_PIGMENTATION",0.738579321513508,0.876616076447442,1,47,0.238722129964521,5,"Kif13a Apoe Mreg Lyst Rab32"
"GOBP_CELLULAR_PROCESS_INVOLVED_IN_REPRODUCTION_IN_MULTICELLULAR_ORGANISM",0.976358477267193,0.52904661513235,1,208,0.257993967094751,48,"Chn2 Ift88 Cd9 Fer Rps6ka2 Xlr4b Xlr4a Catsper2 Aurka Dnmt3b Slc26a6 Mns1 Catspere2 Efcab9 Tdrkh Npr2 Ddias Brca2 Mlh1 Ptch1 Fsip1 Mei4 Diaph2 Paqr8 Bscl2 Cep131 Ddx20 Ttll1 Dld Acrbp Gopc Rara Rhbdd1 Ccdc62 Slirp Rab1a Tpst2 Mettl3 Fndc3a Bbof1 Zpbp Smad5 Kmt2d Bmp8a Ran Kcnq1ot1 Prdm1 Ccr6"
"GOBP_CELLULAR_RESPIRATION",0.810259484622952,0.910979228486647,1,265,0.209622698842654,69,"Mttp Eno3 App Bpgm Mtln Cdk1 Zbtb20 Tefm Aldoc Ppargc1a Atpsckmt Git1 Nr4a3 Immp2l Etfdh Atp7a Pfkfb1 Pfkfb2 Tpk1 Gale Pfkl Shmt2 Coq9 Pfkp Dld Ide Tpi1 Sod2 Vdac1 Jmjd8 Lyrm7 Chchd4 Mtfr1l Ndufa8 Sdhaf4 1700066M21Rik Pink1 Ran Ndufv3 Mtfr1 Myc Ndufa9 Mpi Ndufa5 Sirt3 Sdhc Dlst Aifm1 Bloc1s1 Slc25a25 Xpo4 Slc25a13 Pde2a Vps54 Pdk1 Pdhx Mdh1 Hk2 Slc25a23 Ndufc1 Dlat Iscu Bid Mfn2 Pfkfb4 Bckdk Oas1c Mpc2 Uqcc2"
"GOBP_CELLULAR_RESPONSE_TO_ABIOTIC_STIMULUS",0.620202312272645,0.999766818234814,1,218,0.163162280757917,73,"Kcnk3 Pkd1l3 Rad9b Polk Chek1 Tlr4 Habp4 Serpinb6b Ect2 Hyal1 Bmf Ddias Brca2 Itgb3 Tlr7 Pold3 Fbxw7 Calr Nucks1 Dhx36 Gtf2h5 Atp1a1 Rhbdd1 Casp2 Mettl3 Ppid Kdm4d Eif2s1 Poli Cln3 Spidr Npm1 Tank Wrn Myc Gna11 Xrcc6 Slc4a11 Pcna Ino80 Chek2 Ybx3 Cdkn1a Pde2a Rpgr Slc25a23 Parp1 Kdm1a Palm Fadd Bak1 Actr5 Cul4b Ruvbl2 Bard1 Oxsr1 Myo6 Fbxo4 Hyal2 N4bp1 Atr Sde2 Rad1 Eef1d Hras Gclc Ercc1 Bad Noc2l Smpd1 Rac1 Gnas Mcoln1"
"GOBP_CELLULAR_RESPONSE_TO_ACID_CHEMICAL",0.900000799239172,0.642393256874395,1,60,0.279656546143018,12,"Dnmt3b Vegfa Rragd Castor1 Slc7a5 Castor2 Klhl22 Cybb Atp7a Xbp1 Ipo5 Sesn2"
"GOBP_CELLULAR_RESPONSE_TO_ALCOHOL",0.898468708526431,0.646262263368799,1,60,0.279180480791225,14,"Ahr Gramd1c Adcy3 Slc23a2 Gramd1b Lancl2 Ctnna1 Ptch1 Cybb Sod2 Cdk4 Fdx1 Abca1 Spidr"
"GOBP_CELLULAR_RESPONSE_TO_ALDEHYDE",-1.3813866042347,0.11961057023644,1,14,-0.526318465300089,7,"Rdh11 Rdh12 Esd Glo1 Pnkd Hagh Tgfb1"
"GOBP_CELLULAR_RESPONSE_TO_ALKALOID",1.04481948427618,0.412763377292709,1,21,0.397116177344794,3,"Slc8a1 Tmem38b Cacna1s"
"GOBP_CELLULAR_RESPONSE_TO_ANGIOTENSIN",1.50076178188008,0.0394118538729726,1,21,0.570411244137787,3,"Car2 Slc26a6 Agtrap"
"GOBP_CELLULAR_RESPONSE_TO_ANTIBIOTIC",-0.64530995531203,0.892514395393474,1,13,-0.250259515570934,13,"Crip1 Mdm2 Pla2g4a Cdkn1b Mef2c Slc9a1 Actr3 Hdac8 Rpl23 Ezh2 Star Trp53 Hdac2"
"GOBP_CELLULAR_RESPONSE_TO_ARSENIC_CONTAINING_SUBSTANCE",0.942413035153779,0.549706699598642,1,16,0.380003897782838,3,"Hmox1 Gsto1 Dhx36"
"GOBP_CELLULAR_RESPONSE_TO_BIOTIC_STIMULUS",0.683749581230662,0.993360995850622,1,190,0.182369537084886,52,"Gbp10 Shpk Lilrb4a Ahr Sirpa Slc12a2 Tlr4 Plscr3 Tnfrsf1b Tlr6 Slc7a5 Il12a Plscr1 Adam9 Git1 Ctr9 Ncl Ptpn22 Mapk8 Mif Notch1 Nuggc Ccdc47 Tlr2 Hspa5 Scarb1 Cdk4 Xbp1 Rara Prkca Tnip2 Abca1 Nod2 Gfi1 Ticam2 Cd84 Fzd5 Prdm1 Gbp2 Wfs1 Ccl27a Pde2a Pdcd1lg2 Nfkbil1 Plaa Ticam1 Ripk2 Bid Tlr9 Cdc73 Akap8 Trib1"
"GOBP_CELLULAR_RESPONSE_TO_CADMIUM_ION",1.18552847662805,0.264673485444532,1,13,0.502535706800482,3,"Mt1 Hmox1 Cybb"
"GOBP_CELLULAR_RESPONSE_TO_CALCIUM_ION",0.765662436959905,0.847807874895281,1,51,0.244261218761752,13,"Asph Endog Cpne5 Ect2 Rasal1 Alox5ap Nfatc1 Krt10 Akap5 Nrxn1 Lgmn Cpne3 Micu2"
"GOBP_CELLULAR_RESPONSE_TO_CAMP",1.4763907726131,0.0403475187748491,1,28,0.527503472849583,5,"Slc8a1 Hcn3 Ahr Akap7 Slc26a6"
"GOBP_CELLULAR_RESPONSE_TO_CHEMICAL_STRESS",-0.823925605652197,0.960701754385965,1,218,-0.185986214475619,39,"Slc11a2 Etv5 Coq7 Anxa1 Klf2 Ngfr Fos Mgst1 Pex5 Trim25 Fas Casp3 Arnt Vkorc1l1 Map2k4 Gpx7 Tsc1 Kat2b Net1 Ripk1 Pdk2 Slc25a24 Foxo1 G6pdx Klf4 Foxo4 Fbxo31 Fxn Kdm6b Fyn Foxp1 Oxr1 Usp15 Zfp580 Slc2a1 Pml Btk Pnpla8 Lonp1"
"GOBP_CELLULAR_RESPONSE_TO_CHOLESTEROL",1.03340515031831,0.439449688049912,1,10,0.46743991559119,4,"Gramd1c Gramd1b Ptch1 Abca1"
"GOBP_CELLULAR_RESPONSE_TO_COLD",0.665175067726118,0.872235481304694,1,11,0.294136361836482,5,"Fcor Cirbp Dnajc3 Eif2ak3 Abraxas2"
"GOBP_CELLULAR_RESPONSE_TO_COPPER_ION",0.997255088186452,0.483602623580227,1,10,0.45108816624455,2,"Mt1 Atp7a"
"GOBP_CELLULAR_RESPONSE_TO_CORTICOSTEROID_STIMULUS",-1.4774516435574,0.0405317769130999,1,37,-0.448040567108227,10,"Zfp764 Anxa1 Klf9 Casp9 Fbxo32 Ephx1 Jak2 Eif4ebp1 Foxo1 Pck2"
"GOBP_CELLULAR_RESPONSE_TO_DEXAMETHASONE_STIMULUS",-1.19553898647765,0.23268779342723,1,20,-0.415189734989045,6,"Casp9 Fbxo32 Jak2 Eif4ebp1 Foxo1 Pck2"
"GOBP_CELLULAR_RESPONSE_TO_DSRNA",-0.742992304190741,0.795653401072537,1,15,-0.278227959768878,3,"Ciita Oas1a Zc3hav1"
"GOBP_CELLULAR_RESPONSE_TO_ESTRADIOL_STIMULUS",0.972095336857242,0.508799012040753,1,16,0.391972525042585,5,"Nrip1 Kif18a Ccdc62 Esr1 Ruvbl2"
"GOBP_CELLULAR_RESPONSE_TO_ESTROGEN_STIMULUS",1.18980333316655,0.265552903739061,1,11,0.526123784096225,9,"Naip2 Rara Cdk12 Esr1 Bcas3 Wbp2 Pelp1 Trim24 Naip6"
"GOBP_CELLULAR_RESPONSE_TO_ETHANOL",1.00153565846458,0.476597090449083,1,12,0.432857043073995,4,"Slc23a2 Cybb Sod2 Dnmt3a"
"GOBP_CELLULAR_RESPONSE_TO_EXOGENOUS_DSRNA",-0.852269130691713,0.641915523271456,1,11,-0.345354211269894,3,"Ciita Oas1a Zc3hav1"
"GOBP_CELLULAR_RESPONSE_TO_EXTERNAL_STIMULUS",-0.733386181505159,0.902300766922307,1,43,-0.214264169577072,6,"Gadd45a Map3k14 Ptger4 Map2k4 Dag1 Ripor2"
"GOBP_CELLULAR_RESPONSE_TO_FATTY_ACID",-1.02223905837192,0.431054461181924,1,18,-0.365235258948376,6,"Hes1 Id3 Ldlr Foxp1 Srebf1 Smarcd1"
"GOBP_CELLULAR_RESPONSE_TO_FLUID_SHEAR_STRESS",0.930883651326211,0.569592816225422,1,15,0.380876140135816,1,"Car2"
"GOBP_CELLULAR_RESPONSE_TO_GAMMA_RADIATION",-0.982133239606945,0.485913359588004,1,25,-0.324374757387638,5,"Egr1 Tmem109 Rad51 Bcl2l1 Zmpste24"
"GOBP_CELLULAR_RESPONSE_TO_GLUCOSE_STARVATION",-1.16874021797192,0.210403467822608,1,43,-0.341456054900209,10,"Plin2 Pik3r4 Bcl2 Prkag1 Itfg2 Kptn Nuak2 Slc2a1 Sesn1 Chka"
"GOBP_CELLULAR_RESPONSE_TO_GONADOTROPIN_STIMULUS",-0.658464991756913,0.876566249000267,1,10,-0.27415170526013,1,"Nsmf"
"GOBP_CELLULAR_RESPONSE_TO_GROWTH_HORMONE_STIMULUS",0.441469394429961,0.997119902986206,1,21,0.167794189301705,1,"Ptk2"
"GOBP_CELLULAR_RESPONSE_TO_HEAT",0.589606167747576,0.978500788304429,1,41,0.19589834094243,14,"Zfp976 Hmox1 Htra2 Dhx36 Hsp90aa1 Eif2s1 Rbbp7 Clpb Pdcd6 Eef1d Zfp709 Nf1 Myof Hsp90ab1"
"GOBP_CELLULAR_RESPONSE_TO_HORMONE_STIMULUS",0.67244193930388,0.999782679561013,1,413,0.168525595192327,85,"Ramp1 Car2 Dhrs3 Fer Lpin1 Socs3 Prkcz Ahr Ptk2 Stxbp4 Slc26a6 Marcks Cyfip1 Nr2c1 Tfpi Pde3b Rarres2 Ankrd26 Lancl2 Zbtb7b Gpr150 Agrp Ppargc1a Agtrap Naip2 Prkci Echdc3 Fbxw8 Itgb3 Bmi1 Mzb1 Tfap4 Nr4a3 Ncl Paqr8 Notch1 Kdm4c Calr Nucks1 Pip4k2a Ide Atp1a1 Jak3 Kdm5d Xbp1 C2cd5 Rara Rab31 Klf11 Ccdc62 Atp6v0a2 Cry2 Prkca Ncor2 Tsc2 Fbn1 Kmt2d Top1 Prlr Uri1 Ran Cry1 Ubr5 Npc1 Ube2l3 Slc27a1 Rb1 C1qtnf12 Anxa5 Nr4a1 Ppargc1b Alas1 Prkdc Sik2 Atp6v1d Cul7 Stat5a Zfp106 Inpp5k Cdk12 Esr1 Capn10 Hdac2 Vps54 Ncoa5"
"GOBP_CELLULAR_RESPONSE_TO_HYDROGEN_PEROXIDE",-0.71105815791781,0.943282523927685,1,53,-0.198864668396561,9,"Anxa1 Klf2 Net1 Ripk1 Foxo1 Klf4 Fxn Kdm6b Fyn"
"GOBP_CELLULAR_RESPONSE_TO_HYPOXIA",-0.79585685726353,0.911072362685266,1,98,-0.199689674854659,14,"Adrb2 Acaa2 Bcl2 Fos Tigar Rwdd3 Eif4ebp1 Suv39h2 Lmna Daxx Bnip3l Vhl Ccna2 Npepps"
"GOBP_CELLULAR_RESPONSE_TO_INCREASED_OXYGEN_LEVELS",-0.99662457105377,0.459344174886697,1,10,-0.414944346440524,3,"Fas Atp6v0d1 Foxo1"
"GOBP_CELLULAR_RESPONSE_TO_INSULIN_LIKE_GROWTH_FACTOR_STIMULUS",0.524013400394747,0.969610182975338,1,11,0.2317155326831,2,"Itgb3 Fbn1"
"GOBP_CELLULAR_RESPONSE_TO_INSULIN_STIMULUS",0.686585070037729,0.99027027027027,1,175,0.184581085256052,45,"Fer Lpin1 Socs3 Prkcz Stxbp4 Marcks Cyfip1 Pde3b Rarres2 Ankrd26 Zbtb7b Prkci Echdc3 Fbxw8 Mzb1 Ncl Nucks1 Pip4k2a Ide Xbp1 C2cd5 Rab31 Atp6v0a2 Prkca Tsc2 Slc27a1 Rb1 C1qtnf12 Alas1 Prkdc Sik2 Atp6v1d Cul7 Zfp106 Inpp5k Capn10 Ncoa5 Rab10 Parp1 Blvra Mfn2 Sco1 Sos1 Sh2b2 Kbtbd2"
"GOBP_CELLULAR_RESPONSE_TO_INTERFERON_ALPHA",-1.26527445822332,0.192224034801523,1,12,-0.502398778129881,4,"Ifit1bl1 Ifit1 Oas1a Traf3ip3"
"GOBP_CELLULAR_RESPONSE_TO_INTERLEUKIN_1",-1.42762290335867,0.0386127994279585,1,56,-0.395128498068514,6,"Ccl5 Mapk11 Egr1 Klf2 Hes1 Irak4"
"GOBP_CELLULAR_RESPONSE_TO_INTERLEUKIN_18",-1.02584950838118,0.419521479064709,1,12,-0.407331023088492,2,"Casp3 Cyld"
"GOBP_CELLULAR_RESPONSE_TO_IONIZING_RADIATION",-0.869062092559483,0.726769911504425,1,63,-0.235630403600084,11,"Egr1 Tmem109 Gadd45a Tnks1bp1 Rad51 Tnf Bcl2l1 Net1 Ccnd2 Babam2 Zmpste24"
"GOBP_CELLULAR_RESPONSE_TO_KETONE",-0.904687797470263,0.651197604790419,1,65,-0.244359903945926,10,"Klf9 Fos Casp9 Mmp14 Fbxo32 Ptger4 Jak2 Eif4ebp1 Foxo1 Pck2"
"GOBP_CELLULAR_RESPONSE_TO_LEPTIN_STIMULUS",-0.458961941427092,0.991928974979822,1,11,-0.185979326924358,6,"Prmt2 Ccna2 Pten Sirt1 Ugcg Stat3"
"GOBP_CELLULAR_RESPONSE_TO_LEUCINE_STARVATION",0.594357352879644,0.935641998734978,1,12,0.256877290511237,2,"Rragd Sesn2"
"GOBP_CELLULAR_RESPONSE_TO_LIGHT_STIMULUS",0.909924758376135,0.628482972136223,1,73,0.274158545022308,35,"Polk Hyal1 Bmf Ddias Pold3 Fbxw7 Dhx36 Rhbdd1 Mettl3 Ppid Eif2s1 Poli Npm1 Myc Pcna Ino80 Cdkn1a Rpgr Parp1 Kdm1a Bak1 Actr5 Cul4b Ruvbl2 Hyal2 N4bp1 Atr Sde2 Ercc1 Noc2l Smpd1 Aurkb Triap1 Trp53 Crebbp"
"GOBP_CELLULAR_RESPONSE_TO_LIPID",-0.908843092993021,0.868596881959911,1,373,-0.194064652521605,88,"Irgm2 Trim30c Zfp764 Aicda Gbp3 Anxa1 Ly96 Klf9 Hes1 Irak4 Fos Ltk Mgst1 Cxcl16 Nr2c2 Rnf14 Tbxa2r Casp9 Skp2 Fbxo32 Scimp Syk Ptger4 Ephx1 Jak2 Trim5 Id3 Dag1 Sgms1 Tnip1 Tcf7l2 Cd55 Capn2 Insig2 Tnf Add1 Eif4ebp1 Trip4 Foxo1 Klf4 Padi2 Cmpk2 Daxx Tead2 Trim68 Gbp5 Litaf Irgm1 Cnot9 Trim12c Ufsp2 Ldlr Pck2 Foxp1 Srebf1 Irf8 Prmt2 Shq1 Hmgb2 Ccna2 Sbno2 Smarcd1 Ufl1 Crebrf Insig1 Sphk2 Lbh Safb2 Kmo Esrrg Nedd4 Pycard Zfp36 Twf2 Vps11 Pde4b Gramd1a Cnot3 Lyn Ywhah Cr2 Ccr7 Uba5 Hdac6 Gch1 Tut4 Ptk2b Vim"
"GOBP_CELLULAR_RESPONSE_TO_LIPOPROTEIN_PARTICLE_STIMULUS",1.3984807997402,0.0720070681784715,1,28,0.499666817390586,7,"Cd9 Fcer1g App Apoe Tlr4 Smpd3 Tlr6"
"GOBP_CELLULAR_RESPONSE_TO_L_LEUCINE",1.04886688093239,0.423707239459029,1,11,0.463802543686526,3,"Rragd Klhl22 Sesn2"
"GOBP_CELLULAR_RESPONSE_TO_METAL_ION",1.04321378764739,0.383438343834383,1,106,0.297953053515132,25,"Trf Mt1 Kcnk3 Asph Hmox1 Slc12a2 Smpd3 Endog Cpne5 Ect2 Id2 Rasal1 Alox5ap Cybb Atp7a Nfatc1 Krt10 Akap5 Calr Slc41a1 Nrxn1 Lgmn Cpne3 Eif2s1 Micu2"
"GOBP_CELLULAR_RESPONSE_TO_NITROGEN_COMPOUND",0.909292198643807,0.74605916648672,1,431,0.227172384088792,118,"Slc8a1 Car2 Hcn3 Fer Lpin1 App Socs3 Apoe Prkcz Ahr Ptk2 Stxbp4 Ly6c2 Akap7 Slc26a6 Ptger1 Chrnb2 Tlr4 Rragd Marcks Tmem38b Cyfip1 Ifih1 Tlr6 Chrnb1 Pde3b Castor1 Npr2 Slc7a5 Ly6a Rarres2 Ankrd26 Castor2 Ctnna1 Zbtb7b Lynx1 Agtrap Cacna1a Prkci Cacna1s Echdc3 Fbxw8 Itgb3 Mzb1 Klhl22 Nr4a3 Cybb Ncl Ptpn22 Mapk8 Cdk5r1 Tlr2 Nucks1 Pip4k2a Traf2 Ide Jak3 Ddi2 Fdx1 Xbp1 C2cd5 Rgs10 Rab31 Pdxp Klf11 Atp6v0a2 Lgmn Prkca Sesn2 Tsc2 Fbn1 Mtr Top1 Spidr Nod2 Npm1 Slc27a1 Rb1 C1qtnf12 Chrna2 Anxa5 Nr4a1 Gna11 Larp1 Alas1 Prkdc Sik2 Atp6v1d Cul7 Stat5a Zfp106 Inpp5k Capn10 Pde2a Hdac2 Ncoa5 Gclm Gm527 Rab10 Ripk2 Parp1 Nod1 Blvra Rapgef3 Palm Shoc2 Mfn2 Tlr9 Rapgef1 Pqbp1 Icam1 Oas1c Sco1 Sos1 Nr4a2 Sh2b2 Prmt1 Kbtbd2"
"GOBP_CELLULAR_RESPONSE_TO_NUTRIENT",0.970200570935285,0.518185834192313,1,28,0.3466454681393,7,"Cdon Fes Xbp1 Pdia3 Ubr5 Kdm6a Sik2"
"GOBP_CELLULAR_RESPONSE_TO_NUTRIENT_LEVELS",-0.911270499227748,0.765023632680621,1,202,-0.207664572431648,35,"Plin2 Pak4 Kcnb1 Pik3r4 Bcl2 Fos Prkab2 Fas Pik3c2b Prkag1 Syk Itfg2 Slc34a1 Tcf7l2 Klf10 Tsc1 Kat2b Otud3 Acvr2a Hmox2 Ppm1d Nmt1 Tbc1d7 Pdk2 Foxo1 Kptn Ripor1 Nprl2 Nuak2 Srebf1 Sar1b Gabarapl2 Eif2ak4 Slc2a1 Sesn1"
"GOBP_CELLULAR_RESPONSE_TO_OSMOTIC_STRESS",0.468679438632387,0.998554495518936,1,37,0.1586658177982,14,"Serpinb6b Atp1a1 Cln3 Xrcc6 Slc4a11 Ybx3 Slc25a23 Oxsr1 Bad Letm1 Clcn2 Xrcc5 Wnk1 Lrrc8d"
"GOBP_CELLULAR_RESPONSE_TO_OXIDATIVE_STRESS",-0.868041455050262,0.86857825567503,1,177,-0.200949654766738,28,"Slc11a2 Etv5 Coq7 Anxa1 Klf2 Ngfr Fos Mgst1 Pex5 Trim25 Arnt Vkorc1l1 Map2k4 Gpx7 Tsc1 Kat2b Net1 Ripk1 Pdk2 Slc25a24 Foxo1 G6pdx Klf4 Foxo4 Fbxo31 Fxn Kdm6b Fyn"
"GOBP_CELLULAR_RESPONSE_TO_OXYGEN_LEVELS",-0.965524532956213,0.548698167791707,1,120,-0.235441686732482,17,"Adrb2 Acaa2 Bcl2 Fos Fas Tigar Eef2k Rwdd3 Tsc1 Acvr2a Atp6v0d1 Eif4ebp1 Suv39h2 Lmna Foxo1 Daxx Bnip3l"
"GOBP_CELLULAR_RESPONSE_TO_OXYGEN_RADICAL",0.933648448318167,0.564752163650669,1,13,0.395765847998225,5,"Atp7a Sod2 Parp1 Dhfr Cd36"
"GOBP_CELLULAR_RESPONSE_TO_PEPTIDE_HORMONE_STIMULUS",0.733626790566299,0.97951197053407,1,240,0.191130278322712,50,"Car2 Fer Lpin1 Socs3 Prkcz Ptk2 Stxbp4 Slc26a6 Marcks Cyfip1 Pde3b Rarres2 Ankrd26 Zbtb7b Agtrap Prkci Echdc3 Fbxw8 Itgb3 Mzb1 Nr4a3 Ncl Nucks1 Pip4k2a Ide Jak3 Xbp1 C2cd5 Rab31 Klf11 Atp6v0a2 Prkca Tsc2 Fbn1 Top1 Slc27a1 Rb1 C1qtnf12 Anxa5 Nr4a1 Alas1 Prkdc Sik2 Atp6v1d Cul7 Stat5a Zfp106 Inpp5k Capn10 Ncoa5"
"GOBP_CELLULAR_RESPONSE_TO_PH",1.25524469247248,0.195121951219512,1,13,0.532087833548616,3,"Kcnk3 Pkd1l3 Hyal1"
"GOBP_CELLULAR_RESPONSE_TO_RADIATION",0.641683581446096,0.991732431416761,1,126,0.179377515235872,47,"Rad9b Polk Ect2 Hyal1 Bmf Ddias Brca2 Pold3 Fbxw7 Nucks1 Dhx36 Gtf2h5 Rhbdd1 Mettl3 Ppid Kdm4d Eif2s1 Poli Spidr Npm1 Tank Wrn Myc Xrcc6 Pcna Ino80 Chek2 Cdkn1a Rpgr Parp1 Kdm1a Bak1 Actr5 Cul4b Ruvbl2 Bard1 Fbxo4 Hyal2 N4bp1 Atr Sde2 Rad1 Eef1d Hras Ercc1 Noc2l Smpd1"
"GOBP_CELLULAR_RESPONSE_TO_REACTIVE_NITROGEN_SPECIES",0.70597797532601,0.832776451869531,1,11,0.312179158952751,8,"Mapk8 Traf2 Mtr Crk Map3k5 Stat6 Ptpn1 Cflar"
"GOBP_CELLULAR_RESPONSE_TO_REACTIVE_OXYGEN_SPECIES",0.700400403604931,0.959550271387956,1,101,0.201277407396294,7,"Slc8a1 Fer Sirpa Smpd3 Endog Cdk1 Ect2"
"GOBP_CELLULAR_RESPONSE_TO_RETINOIC_ACID",-0.773677535677975,0.79088471849866,1,22,-0.263251074777282,7,"Ltk Add1 Klf4 Tead2 Twf2 Lyn Ptk2b"
"GOBP_CELLULAR_RESPONSE_TO_STARVATION",-0.878415346331506,0.818083961248654,1,150,-0.207402263821174,30,"Plin2 Pak4 Pik3r4 Bcl2 Fos Fas Pik3c2b Prkag1 Itfg2 Slc34a1 Tcf7l2 Klf10 Tsc1 Hmox2 Ppm1d Tbc1d7 Foxo1 Kptn Ripor1 Nprl2 Nuak2 Srebf1 Sar1b Gabarapl2 Eif2ak4 Slc2a1 Sesn1 Srebf2 Wdr45 Chka"
"GOBP_CELLULAR_RESPONSE_TO_STEROID_HORMONE_STIMULUS",-1.02659317784569,0.384576098059244,1,132,-0.247891519895102,34,"Zfp764 Anxa1 Klf9 Rnf14 Casp9 Skp2 Fbxo32 Ephx1 Jak2 Tcf7l2 Eif4ebp1 Trip4 Foxo1 Padi2 Daxx Trim68 Cnot9 Ufsp2 Pck2 Foxp1 Prmt2 Shq1 Ufl1 Crebrf Lbh Safb2 Esrrg Nedd4 Zfp36 Vps11 Cnot3 Ywhah Uba5 Hdac6"
"GOBP_CELLULAR_RESPONSE_TO_STEROL",0.855095096973547,0.666719118804091,1,13,0.362467732670118,3,"Gramd1c Gramd1b Ptch1"
"GOBP_CELLULAR_RESPONSE_TO_TOPOLOGICALLY_INCORRECT_PROTEIN",0.736419742255295,0.930551956465406,1,99,0.212146461633366,20,"Dnajb14 Hspd1 Sdf2l1 Tm7sf3 Derl3 Manf Hspa5 Xbp1 Rara Rhbdd1 Parp16 Abcb10 Eif2s1 Atad3a Ubr5 Ern1 Atf6 Tbl2 Wfs1 Pdia6"
"GOBP_CELLULAR_RESPONSE_TO_TOXIC_SUBSTANCE",0.8688396938763,0.710698544143182,1,76,0.260031507093776,21,"Apoe Ahr Nnt Slc29a4 Gsto1 Gstk1 Hbb-bs Alox5ap Txnrd3 Atp7a Txn1 Adal Gstz1 Sod2 Sesn2 Gstt2 Pink1 Mgst2 Prdx6 Adk Txnrd1"
"GOBP_CELLULAR_RESPONSE_TO_TYPE_II_INTERFERON",1.00215598198984,0.462352941176471,1,91,0.292030438269037,10,"Gbp8 Gbp10 Il12rb1 Vps26b Stxbp4 Sirpa Slc26a6 Tlr4 Stx11 Gbp4"
"GOBP_CELLULAR_RESPONSE_TO_UNFOLDED_PROTEIN",0.545136823902454,0.998538205980066,1,82,0.161424905146974,16,"Hspd1 Tm7sf3 Derl3 Manf Hspa5 Xbp1 Rhbdd1 Parp16 Abcb10 Eif2s1 Atad3a Ern1 Atf6 Tbl2 Wfs1 Pdia6"
"GOBP_CELLULAR_RESPONSE_TO_UV",0.921650118350722,0.606768734891217,1,71,0.278690754357251,34,"Polk Hyal1 Bmf Ddias Pold3 Fbxw7 Dhx36 Rhbdd1 Mettl3 Ppid Eif2s1 Poli Npm1 Myc Pcna Ino80 Cdkn1a Parp1 Kdm1a Bak1 Actr5 Cul4b Ruvbl2 Hyal2 N4bp1 Atr Sde2 Ercc1 Noc2l Smpd1 Aurkb Triap1 Trp53 Crebbp"
"GOBP_CELLULAR_RESPONSE_TO_UV_B",-0.995085302015755,0.461210343908291,1,10,-0.414303472230188,2,"Mapk11 Crip1"
"GOBP_CELLULAR_RESPONSE_TO_VASCULAR_ENDOTHELIAL_GROWTH_FACTOR_STIMULUS",1.16877191888683,0.243029057822131,1,33,0.404758791368056,12,"Dll1 Angpt1 Vegfa Il12a Itgb3 Tcf4 Notch1 Dll4 Xbp1 Itga5 Ern1 Nr4a1"
"GOBP_CELLULAR_RESPONSE_TO_VIRUS",0.842312309650465,0.72932438223111,1,42,0.278486951320563,8,"Flt3 Smad3 Ifih1 Ifi44 Rrp1b Il12a Ext1 Tlr7"
"GOBP_CELLULAR_RESPONSE_TO_VITAMIN",1.34474657944634,0.128400954653938,1,11,0.59463874348529,5,"Cdon Fes Pdia3 Ubr5 Kdm6a"
"GOBP_CELLULAR_RESPONSE_TO_VITAMIN_D",1.34474657944634,0.128400954653938,1,11,0.59463874348529,5,"Cdon Fes Pdia3 Ubr5 Kdm6a"
"GOBP_CELLULAR_RESPONSE_TO_XENOBIOTIC_STIMULUS",0.710353373614713,0.922481691308553,1,60,0.220727549546697,15,"Slc18a2 Ahr Pon3 Gsto1 Itgb3 Rbbp9 Cyp2r1 Akap5 Abca1 E2f1 Rb1 N6amt1 Myc Bphl Pcna"
"GOBP_CELLULAR_SENESCENCE",0.742556760855252,0.898718813216453,1,69,0.225600869675231,22,"Nek4 Plk2 Id2 Brca2 Rsl1d1 Mif Calr Gins3 Eef1e1 Zkscan3 Smc6 Npm1 Wrn Smc5 Bcl2l12 Nuak1 Prkdc Cdkn1a Icmt Nampt Fbxo4 B2m"
"GOBP_CELL_ACTIVATION_INVOLVED_IN_IMMUNE_RESPONSE",0.929369623019592,0.646609581115483,1,233,0.24290956271502,29,"Sema6d 6030468B19Rik Plxna1 Il12rb1 Fer Dll1 Myo1f Fcer1g App Lilrb4a Slc18a2 Prkcz Hmox1 Abr Tlr4 Cdh17 Lef1 Ada Fgl2 Hspd1 Stx11 Zbtb7b Il12a Snap23 Mlh1 Shld3 Spn Nr4a3 Pglyrp2"
"GOBP_CELL_ADHESION_MEDIATED_BY_INTEGRIN",-1.39948558639451,0.0634559062805077,1,38,-0.421219141328365,8,"Ccl5 Itga6 Itgb7 Cib1 L1cam Syk Ift74 Icam2"
"GOBP_CELL_CELL_ADHESION",0.898288313026239,0.777141622555904,1,433,0.224388373262717,80,"Cdon Zdhhc2 Cd27 Tnfrsf21 Cd9 Il12rb1 Fer Cd276 Nrarp Nectin1 Itga9 Prkcz Plekha7 Pear1 Ptk2 Il15 Emb Sirpa Vegfa Vsir Pvr Tjp2 Amigo2 Cdh11 Plxnb2 Ptprs Cdh17 Lef1 Ada Fgl2 Arvcf Hspd1 Cd5 Il2ra Amigo3 Ctnna1 Zbtb7b Pkd1 Il12a Dtx1 Zc3h8 Adam9 Itgb3 Ext1 Bmi1 Spn Myo10 Klhl22 Nr4a3 Cdh5 Cdh24 Kifap3 Dpp4 Tespa1 Epcam Rgcc Ptpn22 Notch1 Rag2 Il7r Cdk5r1 Mbp Pcdhgb6 Gla Tjp3 Ccdc88b Pbrm1 St3gal4 Jak3 Scrib Zdhhc21 Bsg Xbp1 Rara Nrxn1 Nkap Pdia3 Slc7a1 Hsp90aa1 Prkca"
"GOBP_CELL_CELL_ADHESION_MEDIATED_BY_CADHERIN",1.51881218580801,0.0315711094564408,1,23,0.564683835226183,10,"Fer Plekha7 Vegfa Cdh11 Cdh17 Cdh5 Cdh24 Epcam Rgcc Notch1"
"GOBP_CELL_CELL_ADHESION_MEDIATED_BY_INTEGRIN",-0.967078616083416,0.500283768444949,1,16,-0.355351939084308,2,"Ccl5 L1cam"
"GOBP_CELL_CELL_JUNCTION_ASSEMBLY",1.27954977356436,0.120394828305297,1,54,0.404586755843009,10,"Cd9 Fer Patj Cdh11 Cdh17 Ect2 Ctnna1 Snai1 Cdh5 Cdh24"
"GOBP_CELL_CELL_JUNCTION_ORGANIZATION",1.33556374073986,0.0612593663730774,1,88,0.391057166076032,17,"Cd9 Fer Nectin1 Smad3 Plekha7 Vegfa Tjp2 Patj Cdh11 Cdh17 Ect2 Ctnna1 Prkci Ext1 Snai1 Cdh5 Cdh24"
"GOBP_CELL_CELL_RECOGNITION",0.685937101294239,0.912836079791847,1,37,0.232215800745512,5,"Cd9 Tmem81 St6galnac6 Git1 Ly6k"
"GOBP_CELL_CHEMOTAXIS",1.17144993471351,0.171828543111992,1,140,0.323358812250921,27,"Eng Trem1 Plekhg5 Ackr2 Ackr3 Msmp Itga9 Fcer1g App Cxcr2 Ptk2 Vegfa Slc12a2 Ccrl2 Lef1 Lyst Rarres2 Mospd2 Il12a Vav3 Dpp4 Ccr1 Mif Notch1 Bst1 Tiam1 Calr"
"GOBP_CELL_COMMUNICATION_INVOLVED_IN_CARDIAC_CONDUCTION",1.38250046121381,0.101352426412092,1,11,0.611333279957093,2,"Slc8a1 Cacna1d"
"GOBP_CELL_CYCLE_CHECKPOINT_SIGNALING",0.81638374894465,0.857073407875547,1,162,0.221333454062892,63,"Zwilch Dna2 Rad9b Haspin Chek1 Mbtps2 Gen1 Ercc6 Cdk1 Cdc14b Gnb1l Plk3 Brca2 Klhl22 Nbn Ska3 Nuf2 Hinfp Lcmt1 Zwint Orc1 Zfyve19 E2f1 Cry1 Cdca8 Chmp4c Spc25 Prkdc Eme2 Chek2 Cdkn1a Rpa2 Ndc80 Inip Etaa1 Tipin Clspn Bard1 Fbxo4 Donson Atr Sde2 Rad1 Dusp1 Trip13 Ccnd1 Atrip Msh2 Mus81 Aurkb Incenp Triap1 Trp53 Nek1 Rps27l Plk1 Taok3 Setmar Rad17 Clock Mapk14 Anapc15 Atf2"
"GOBP_CELL_CYCLE_DNA_REPLICATION",0.979955412003174,0.501948333092798,1,38,0.330409853311486,8,"Dna2 Tk1 Cdk1 Brca2 Mcm2 Gmnn Rtel1 Nuggc"
"GOBP_CELL_CYCLE_G1_S_PHASE_TRANSITION",0.807481498537933,0.884075363014521,1,179,0.216766332428349,71,"Mblac1 Ccnf Haspin Stxbp4 Tfdp1 Cdk1 Plk2 Rcc1 Pkd1 Npat Plk3 Id2 Camk2g Ccne1 Pole Cdc25a Rgcc Nfatc1 Fbxw7 Tjp3 Pbrm1 Hinfp Cdk4 Hacd1 Klf11 Phf8 E2f5 Zc3h12d Mepce E2f1 Rb1 Myc Acvr1b Csf1r Ccnb2 Anp32b Prkdc Ino80 Psme2 Cdkn1a Rpa2 Mnat1 Cirbp Bid Cdc73 Psme3 Cul4b Dbf4 Actl6a Sde2 Ccnd1 Apex1 Plrg1 Bcl7b Bcl7c Gpr132 Smarcc1 Triap1 Ppp2ca Trp53 Psme1 Gsk3b Rps27l Crebbp Smarca4 Senp2 Cdk6 Ambra1 Larp7 Camk2d Lsm10"
"GOBP_CELL_CYCLE_G2_M_PHASE_TRANSITION",-0.701359953494956,0.991322103113834,1,135,-0.168760866907933,23,"Pkmyt1 Cit Cdc20 Cdc25b Skp2 Rrm2b Pbx1 Wee1 Ppm1d Rnaseh2b Foxo4 Babam2 Kat14 Birc5 Ensa Cenpf Cdk14 Syf2 Fbxl15 Wnt10b Ccna2 Cdk10 Calm1"
"GOBP_CELL_CYCLE_PHASE_TRANSITION",0.625581355927326,1,1,425,0.156466583022572,80,"Abcb1b Zwilch App Dna2 Mblac1 Ccnf Rad9b Haspin Stxbp4 Tfdp1 Chek1 Mbtps2 Gen1 Ercc6 Cdk1 Cdc14b Gnb1l Plk2 Rcc1 Pkd1 Npat Plk3 Id2 Camk2g Brca2 Ccne1 Pole Tfap4 Klhl22 Nfix Cdc27 Cdc25a Rgcc Nfatc1 Nbn Apbb3 Fbxw7 Ska3 Tjp3 Cks1b Nuf2 Stk35 Pbrm1 Hinfp Cdk4 Hacd1 Lcmt1 Klf11 Zwint Pinx1 Phf8 E2f5 Zc3h12d Orc1 Mepce Zfyve19 E2f1 Cry1 Ube2l3 Npm1 Rb1 Atad5 Cdca8 Hexim2 Myc Acvr1b Chmp4c Csf1r Ppp2r2d Smc5 Ccnb2 Anp32b Spc25 Prkdc Eme2 Ino80 Chek2 Nek2 Psme2 Cdkn1a"
"GOBP_CELL_DIFFERENTIATION_INVOLVED_IN_EMBRYONIC_PLACENTA_DEVELOPMENT",0.741673804022577,0.802403621039488,1,14,0.308445748861054,6,"Snai1 Stk3 Fzd5 Prdm1 Hectd1 Itgav"
"GOBP_CELL_DIFFERENTIATION_INVOLVED_IN_KIDNEY_DEVELOPMENT",-1.03485233324455,0.410458661992404,1,19,-0.36464027137508,7,"Hes1 Prkx Magi2 Amer1 Mtss1 Notch2 Myo1e"
"GOBP_CELL_DIFFERENTIATION_IN_HINDBRAIN",1.25493898786896,0.192601841735602,1,14,0.521901398955695,6,"Cacna1a Nfix Atp7a Ttll1 Nrxn1 Ttc21b"
"GOBP_CELL_DIFFERENTIATION_IN_SPINAL_CORD",0.732867526869142,0.82824427480916,1,18,0.288172774781941,4,"Cacna1a Ptch1 Notch1 Dll4"
"GOBP_CELL_DIVISION",0.811687243014642,0.947823303457106,1,482,0.201427506162522,99,"Spire1 Intu Pard3b Zwilch Pard6b Kif13a Dll1 Dsn1 Ttc28 Ralb Kif4 Fgf13 Ccnf Ska2 Pard6g Aurka Nsl1 Rab11fip3 Vegfa Nek4 Cdk20 Lef1 Cdk1 Cdc14b Ect2 Syce2 Rcc1 Dock7 Stx2 Mis12 Hells Haus2 Plk3 Cenps Cdc26 Kif2c Brca2 Cenpc1 Ptch1 Ncapg Ccne1 Git1 Ext1 Wapl Bmi1 Exoc8 Nup37 Klhl22 Ncapd3 Kifc1 Cdc27 Efhc1 Cdc25a Zc3hc1 Smyd5 Notch1 Itgb3bp Spout1 Ska3 Cks1b Nuf2 Gpsm2 Syce1 Ncapd2 Cdk4 Cenpt Haus3 Pdxp Mbip Iqgap2 Zwint Gipc1 Mllt3 Zfyve19 Top1 Arl3 Eif2s1 Dynlt3 Ran Psrc1 Gnl3 Rb1 Tsg101 Cdca8 Cdca2 Myc Nek9 Chmp4c Epb41l2 Chmp6 Kifc5b Ppp2r2d Cenpv Myo19 Smc5 Txnl4a Ccnb2 Bin3 Spc25"
"GOBP_CELL_FATE_COMMITMENT",0.821475588454859,0.817984139166027,1,112,0.233241089366922,31,"Cdon Dll1 Bmpr2 Fgf13 Tbx6 Runx2 Dock7 Id2 Ptch1 Ext1 Spn Eya1 Tfap4 Nfix Ctr9 Notch1 Rag2 Dll4 Wnt6 Jak3 Irf4 Prox2 Rara Smad5 Batf Gfi1 Prdm1 Rbbp7 Prkdc Epop Stat5a"
"GOBP_CELL_FATE_SPECIFICATION",1.12028796327537,0.300809482509396,1,37,0.379260089542751,8,"Cdon Dll1 Bmpr2 Tbx6 Ptch1 Eya1 Nfix Notch1"
"GOBP_CELL_GROWTH",1.07749238091572,0.285857796629088,1,312,0.27503531530584,77,"Sema6d Slit1 Il9r P3h1 Plxna1 Ryk Dnph1 Rufy3 Impact App Bmpr2 Apoe Smad3 Fgf13 Pak6 Csf2rb Prkcz Plxna3 Ptk2 Aurka Vegfa Slc23a2 Cyfip1 Ptprs Tchp Zmat3 Cpne5 Sema7a Trim32 Npr2 Hyal1 C9orf72 Cgrrf1 Rasal1 Mgll Ext1 Klhl22 Nfix Ddx49 Jade2 Tiam1 Atg16l1 Stk3 Sema5a Ctdspl2 Bsg Xbp1 St7l Sesn2 Ttl Zc3h12d Spg11 Kmt2d Uri1 Psrc1 Atad3a Supv3l1 Npm1 Rb1 N6amt1 Tsg101 Tmem108 Eif2b2 Dvl1 Acvr1b Ifrd1 Csf1r Rbbp7 Nme6 Bin3 Tnfrsf12a Nf2 Ino80 Clstn1 Kdm2b Slc25a4 Cdkn1a"
"GOBP_CELL_JUNCTION_ASSEMBLY",1.39131343345181,0.011077775213478,1,237,0.363012246611512,40,"Iqsec2 Slit1 Zdhhc2 Adgrl2 Cd9 Plxna1 Fer Nectin1 Xlr4b App Smad3 Fgf13 Srcin1 Plxna3 Ptk2 Rtn4rl2 Vegfa Chrnb2 Amigo2 Patj Cdh11 Plxnb2 Ptprs Gpm6b Cdh17 Srgap2 Sigmar1 Ect2 Carmil3 Amigo3 Dock7 Ctnna1 Sh3bp1 Cacna1a Itgb3 Gpm6a Snai1 Rap2a Cdh5 Cdh24"
"GOBP_CELL_JUNCTION_DISASSEMBLY",0.715948188248343,0.844655727649134,1,17,0.285101907578574,1,"Fer"
"GOBP_CELL_JUNCTION_MAINTENANCE",0.823148011096584,0.724220265631995,1,25,0.301422994178342,5,"Tanc2 Plekha7 Shank1 Itgb3 Git1"
"GOBP_CELL_JUNCTION_ORGANIZATION",1.16211763405696,0.107463008964251,1,430,0.290406020540957,64,"Nefh Iqsec2 Slit1 Zdhhc2 Adgrl2 Cd9 Plxna1 Tanc1 Fer Nectin1 Tanc2 Xlr4b Xlr4a App Apoe Smad3 Fgf13 Srcin1 Plekha7 Plxna3 Ptk2 Rtn4rl2 Vegfa Chrnb2 Tjp2 Amigo2 Patj Cdh11 Plxnb2 Marcks Cyfip1 Ptprs Shank1 Gpm6b Cdh17 Srgap2 Ppfibp2 Pfn2 Chrnb1 Gphn Sema7a Sigmar1 Erbb3 Ect2 Carmil3 Amigo3 Dock7 Ctnna1 Sh3bp1 Kif2c Cacna1a Prkci Cacna1s Itgb3 Gpm6a Git1 Ext1 Snai1 Enah Rap2a Cdh5 Cdh24 Daam1 Fzd9"
"GOBP_CELL_KILLING",0.83764064058225,0.799949545913219,1,120,0.235722437961958,12,"Trem1 Serpinb9 Gzma Pcyox1l Pvr Klrb1f Plekhm2 Lyst Fgl2 Stx11 Il12a Tusc2"
"GOBP_CELL_MATRIX_ADHESION",-1.25515657878001,0.0656899810964083,1,115,-0.307762901065241,23,"Col5a3 Vcl Itga6 Itgb7 Anxa2 Sorbs1 Hpse Bcl2 Csf1 Cib1 Mmp14 Bcl2l11 Wdpcp L1cam Nid1 Dag1 Tsc1 Bcl6 Slk Mink1 Rras Ptpra Plekha2"
"GOBP_CELL_MATURATION",1.26554449734245,0.10105970535022,1,101,0.363685563370143,22,"Rps6ka2 App Catsper2 Il15 Aurka Vegfa Gdf11 Slc26a6 Catspere2 Sclt1 Efcab9 Tdrkh Npr2 Tbx6 Runx2 Heatr3 Plp1 Id2 Tusc2 Brca2 Nfix Flvcr1"
"GOBP_CELL_MIGRATION_INVOLVED_IN_SPROUTING_ANGIOGENESIS",-1.20440323378992,0.189040207522698,1,37,-0.365238016585722,7,"Egr3 Hdac9 Anxa1 Spred1 Cib1 Tbxa2r Ehd4"
"GOBP_CELL_MIGRATION_IN_HINDBRAIN",0.688189616311079,0.851073985680191,1,11,0.304313254986177,2,"Lef1 Ttbk2"
"GOBP_CELL_MORPHOGENESIS_INVOLVED_IN_NEURON_DIFFERENTIATION",1.08746354112568,0.259403951333854,1,324,0.277240603733113,78,"Sema6d Nefh Slit1 Ryk Ttc8 Rufy3 Nectin1 Tanc2 Xlr4b App Bmpr2 Apoe Smad3 Fgf13 Srcin1 Plxna3 Crppa Ptk2 Emb Vegfa Chrnb2 Cdh11 Plxnb2 Marcks Cyfip1 Rabl2 Ptprs Shank1 Sema7a Gorasp1 Npr2 Tprn C9orf72 Dock7 Spr Arhgap35 Id2 Cacna1a Mgll Ptch1 Fbxw8 Ext1 Bbs1 Enah Nr4a3 Rap2a Nfix Diaph2 Wdr47 Myo7a Tmem216 Atp7a Mapk8 Atl1 Notch1 Cdk5r1 Mbp Akap5 Tiam1 Gla Atg16l1 Dhx36 Sema5a Trio Scrib Bsg Plxnc1 Mapk8ip3 Slc30a1 Prkca Als2 Kif13b Ttl Dock10 Etv1 Spg11 Tsc2 Abitram"
"GOBP_CELL_PROJECTION_ASSEMBLY",1.04952291773362,0.342749944824542,1,356,0.265751364210721,59,"Intu Ift88 Tbc1d32 Arl6 Ttc8 Fer Dnaaf3 Kif24 Tbc1d30 Rsph9 Ehd3 Nphp3 Gas8 Arhgef4 Armc9 Rab11fip3 Bbs10 Snx10 B9d1 Gorab Mns1 Spag1 Sclt1 Abcc4 Cyfip1 Rabl2 Tchp Srgap2 Ccdc15 Pfn2 Wdr19 Tmem67 Trim32 B3glct Odf2l Alpk1 Cdc14b Tmem17 Rpgrip1l Rilpl2 Stx2 Elmod3 Sh3bp1 Ift140 Arhgap35 Tctn2 Ift80 Fsip1 4933427D14Rik Traf3ip1 Fbxw8 Gpm6a Bbs1 Vav3 Sdccag8 Myo10 Cep162 Rap2a Tctn3"
"GOBP_CELL_PROJECTION_MORPHOGENESIS",1.09551392946347,0.23451230228471,1,373,0.276435993665523,86,"Sema6d Nefh Slit1 Plxna1 Ryk Ttc8 Rufy3 Nectin1 Tanc2 Xlr4b Impact App Bmpr2 Apoe Smad3 Fgf13 Srcin1 Pak6 Prkcz Plxna3 Crppa Ptk2 Emb Aurka Vegfa Chrnb2 Cdh11 Plxnb2 Slc23a2 Marcks Cyfip1 Ptprs Shank1 Srgap2 Cpne5 Sema7a Gorasp1 Npr2 C9orf72 Dock7 Gas7 Pacsin1 Arhgap35 Rasal1 Cacna1a Mgll Ptch1 Fbxw8 Itgb3 Gpm6a Ext1 Enah Nr4a3 Rap2a Nfix Diaph2 Wdr47 Atp7a Jade2 Mapk8 Atl1 Notch1 Cdk5r1 Mbp Akap5 Tiam1 Gla Atg16l1 Dhx36 Sema5a Cspg5 Trio Bsg Plxnc1 Mapk8ip3 Slc30a1 Nrxn1 Prkca Als2 Kif13b Ttl Dock10 Etv1 Spg11 Tsc2 Abitram"
"GOBP_CELL_PROLIFERATION_INVOLVED_IN_HEART_MORPHOGENESIS",1.44118555182276,0.0671439936356404,1,11,0.637283469438439,4,"Eng Bmpr2 Eya1 Notch1"
"GOBP_CELL_PROLIFERATION_IN_FOREBRAIN",0.862154812622664,0.656603189348196,1,15,0.352755359666495,7,"Dock7 Nfix Ncor2 Pcm1 Numbl Tacc2 Numb"
"GOBP_CELL_RECOGNITION",1.39661636071766,0.0437246963562753,1,68,0.425012556923149,19,"Ighg3 Tnfrsf21 Cd9 App Pear1 Emb Sirpa Tmem81 St6galnac6 Arhgap35 Git1 Ext1 Diaph2 Ly6k Cdk5r1 C2 Sema5a Bsg Scarb1"
"GOBP_CELL_REDOX_HOMEOSTASIS",0.999473510831768,0.479062223532881,1,29,0.354836088664308,11,"Nnt Git1 Txnrd3 Txn1 Prdx6 Txnrd1 Prdx5 Gclc Apex1 Abcc1 Glrx3"
"GOBP_CELL_SUBSTRATE_ADHESION",-1.33514935422949,0.0203592814371257,1,178,-0.308470477471771,39,"Tacstd2 Col5a3 Vcl Itga6 Itgb7 Anxa2 Sorbs1 Hpse Bcl2 Csf1 Carmil1 Cib1 Braf Mmp14 Bcl2l11 Wdpcp Flna Lamb3 L1cam Myadm Prkx Akip1 Jak2 Nid1 Dag1 Rell2 Tsc1 Bcl6 Slk Net1 Egfl6 Lamc1 Myo1g Mink1 Rras Tesk1 Stk4 Ptpra Plekha2"
"GOBP_CELL_SUBSTRATE_JUNCTION_ORGANIZATION",-0.918598386917072,0.632518432285603,1,70,-0.244455282246259,11,"Vcl Pak4 Sorbs1 Bcl2 Mmp14 Wdpcp Tsc1 Slk Lamc1 Ptpra Arhgap6"
"GOBP_CELL_SURFACE_PATTERN_RECOGNITION_RECEPTOR_SIGNALING_PATHWAY",-0.678647313603067,0.974768089053803,1,64,-0.183696908615189,8,"Ly96 Irak4 Ifi35 Scimp Syk Tax1bp1 Oas1a Nmi"
"GOBP_CELL_SURFACE_RECEPTOR_PROTEIN_SERINE_THREONINE_KINASE_SIGNALING_PATHWAY",0.983700158881922,0.504617968094039,1,183,0.263575712708189,37,"Eng Eid2 Crim1 Bmpr2 Smad3 Ptk2 Akap7 Fut8 Vsir Gdf11 Smpd3 Dand5 Lef1 Ppm1l Runx2 Adam9 Ext1 Trps1 Chst11 Cdh5 Rgcc Mapk8 Notch1 Tgif2 Ctdspl2 Hspa5 Xbp1 Ski Gipc1 Dcp1a Tmem100 Fbn1 Smad5 Akap11 Bmp8a Spred2 Ints9"
"GOBP_CELL_SURFACE_RECEPTOR_PROTEIN_TYROSINE_KINASE_SIGNALING_PATHWAY",1.08633787673967,0.261557177615572,1,349,0.275486974626512,63,"Abcb1b Ift88 Atxn1 Flt3 Ryk Fer Zfyve28 Dll1 Sulf2 Lcp2 Angpt1 Ralb Socs3 Apoe Neu3 Mvb12b Cass4 Prkcz Ptk2 Stxbp4 Vegfa Fgfbp3 Smpd3 Marcks Cyfip1 Pde3b Npr2 Erbb3 Runx2 Rarres2 Ankrd26 Zbtb7b Il12a Ift80 Fbxw8 Itgb3 Git1 Ext1 Mzb1 Vps25 Nr4a3 Diaph2 Dgkq Ncl Mapk8 Tcf4 Notch1 Cdk5r1 Fbxw7 Tiam1 Nucks1 Pip4k2a Fgr Ide Jak3 Egf Xbp1 C2cd5 Nrxn1 Slc31a1 Atp6v0a2 Lgmn Prkca"
"GOBP_CELL_SURFACE_RECEPTOR_SIGNALING_PATHWAY_VIA_STAT",0.885907555193477,0.695769576957696,1,106,0.253024705316914,20,"C1qtnf4 Fer Socs3 Csf2rb Cish Il15ra Il15 Osm Ercc6 Tnfrsf18 Pkd1 Il12a Traf3ip1 Ctr9 Notch1 Il7r Cdk5r1 Tlr2 Jak3 Egf"
"GOBP_CELL_VOLUME_HOMEOSTASIS",0.908623238027569,0.595844707309675,1,20,0.348721170377468,10,"Kcnn4 Slc12a2 Slc12a3 Abcb8 Cln3 Npm1 Clns1a Clcn3 Ccdc51 Oxsr1"
"GOBP_CENTRAL_NERVOUS_SYSTEM_NEURON_AXONOGENESIS",1.26023942565529,0.173641102010424,1,23,0.468548276628211,9,"Ptk2 Chrnb2 Cdh11 Arhgap35 Wdr47 Prkca Spg11 Prdm8 Sptbn4"
"GOBP_CENTRAL_NERVOUS_SYSTEM_NEURON_DEVELOPMENT",1.12832991031307,0.275716694772344,1,47,0.36469653515433,8,"Plxna1 Plxna3 Ptk2 Chrnb2 Cdh11 Arhgap35 Wdr47 Atp7a"
"GOBP_CENTRAL_NERVOUS_SYSTEM_NEURON_DIFFERENTIATION",0.949680359742467,0.564125910509886,1,96,0.274638500904744,20,"Plxna1 Ryk Plxna3 Ptk2 Chrnb2 Cdh11 D16Ertd472e Arhgap35 Cacna1a Ptch1 Nfix Wdr47 Atp7a Ttll1 Tgif2 Dll4 Nrxn1 Prkca Ttc21b Spg11"
"GOBP_CENTRAL_NERVOUS_SYSTEM_PROJECTION_NEURON_AXONOGENESIS",1.12468216776724,0.326049633213673,1,14,0.467730465315286,7,"Chrnb2 Cdh11 Wdr47 Spg11 Prdm8 Sptbn4 Nr4a2"
"GOBP_CENTRIOLE_ASSEMBLY",-1.06560268121474,0.350082644628099,1,41,-0.314202188647274,8,"Spice1 Alms1 Rttn Cep44 Trim37 Kat2b Poc1b Mdm1"
"GOBP_CENTRIOLE_CENTRIOLE_COHESION",-1.40311084435095,0.110775980257746,1,13,-0.54414446470116,4,"Kif3a Crocc Rttn Cep44"
"GOBP_CENTRIOLE_ELONGATION",0.784996064996446,0.748360262358023,1,10,0.355077090769608,1,"Ccdc15"
"GOBP_CENTROSOME_DUPLICATION",0.776359489363876,0.860740740740741,1,70,0.235339974253067,11,"Ccnf Cep76 Ccdc15 Gen1 Tmem67 Plk2 Brca2 4933427D14Rik Kifc1 Arhgef10 Cep131"
"GOBP_CENTROSOME_SEPARATION",1.10836960522412,0.34161778326644,1,16,0.446921630387323,7,"Aurka Chek1 Stk3 Nek2 Ranbp1 Cep85 Kif11"
"GOBP_CERAMIDE_BIOSYNTHETIC_PROCESS",1.091581162289,0.326484975541579,1,48,0.351389911476298,6,"B4galt4 B3galt2 St8sia6 Smpd3 St6galnac6 Asah2"
"GOBP_CERAMIDE_CATABOLIC_PROCESS",0.816195110220011,0.718961447678993,1,13,0.3459783503203,3,"Neu3 Asah2 Gla"
"GOBP_CERAMIDE_METABOLIC_PROCESS",1.14296611848533,0.246579054328682,1,67,0.348710315939358,8,"B4galt4 Cln6 B3galt2 Neu3 St8sia6 Smpd3 St6galnac6 Asah2"
"GOBP_CERAMIDE_TRANSPORT",1.27710469763325,0.178531434970405,1,10,0.577672476161862,2,"Abcb1b Mttp"
"GOBP_CEREBELLAR_CORTEX_DEVELOPMENT",1.1493478942735,0.265539173171437,1,37,0.389097981579219,10,"Dll1 Cacna1a Nfix Atp7a Ttll1 Pcnt Hspa5 Ttbk2 Nrxn1 Ttc21b"
"GOBP_CEREBELLAR_CORTEX_FORMATION",1.33793847813256,0.121903024775802,1,19,0.519378138774666,7,"Dll1 Cacna1a Nfix Atp7a Ttll1 Nrxn1 Ttc21b"
"GOBP_CEREBELLAR_CORTEX_MORPHOGENESIS",1.28743395073874,0.145500671541561,1,25,0.471436717342672,8,"Dll1 Cacna1a Nfix Atp7a Ttll1 Pcnt Nrxn1 Ttc21b"
"GOBP_CEREBELLAR_PURKINJE_CELL_LAYER_DEVELOPMENT",1.23808007331197,0.198513800424628,1,20,0.47516364772224,7,"Dll1 Cacna1a Nfix Atp7a Ttll1 Hspa5 Ttc21b"
"GOBP_CEREBELLAR_PURKINJE_CELL_LAYER_FORMATION",0.953849974777432,0.538583929992045,1,11,0.421786646751429,4,"Cacna1a Atp7a Ttll1 Ttc21b"
"GOBP_CEREBELLAR_PURKINJE_CELL_LAYER_MORPHOGENESIS",1.23895644386678,0.210385523210071,1,13,0.525183379807541,5,"Dll1 Cacna1a Atp7a Ttll1 Ttc21b"
"GOBP_CEREBRAL_CORTEX_CELL_MIGRATION",0.779038353955991,0.794455912710115,1,29,0.276576536988136,5,"Fgf13 Srgap2 Efhc1 Wdr47 Cdk5r1"
"GOBP_CEREBRAL_CORTEX_DEVELOPMENT",-0.869031523774911,0.751312071053694,1,82,-0.224371020981815,11,"Reln Tubb2b Tubb2a Fos Pex5 Tacc3 Mcph1 Tsc1 Tuba1a Sun1 Fbxo45"
"GOBP_CEREBRAL_CORTEX_RADIALLY_ORIENTED_CELL_MIGRATION",-0.824510176496013,0.719392314566577,1,22,-0.280547360002094,3,"Reln Sun1 Fbxo45"
"GOBP_CGAS_STING_SIGNALING_PATHWAY",-1.30188267134352,0.126128931796948,1,28,-0.421648272484212,7,"Irgm2 Aars2 Smpdl3a Ppp6c Irgm1 Spsb3 Btk"
"GOBP_CHAPERONE_MEDIATED_PROTEIN_COMPLEX_ASSEMBLY",0.770942320307335,0.776721361754332,1,17,0.307001441948522,7,"Bbs10 Hsp90aa1 Dnlz Ptges3 Cct2 Psmg3 Hsp90ab1"
"GOBP_CHEMICAL_SYNAPTIC_TRANSMISSION_POSTSYNAPTIC",1.13790118840561,0.265860597439545,1,44,0.373205310719973,9,"Atxn1 App Prkcz Slc29a1 Celf4 Chrnb2 Shank1 Chrnb1 Plk2"
"GOBP_CHEMOKINE_C_X_C_MOTIF_LIGAND_2_PRODUCTION",-1.26389064667515,0.178971559896581,1,17,-0.458509987271647,6,"Ccl5 Oas1a Tnf Klf4 Foxp1 Cd74"
"GOBP_CHEMOKINE_PRODUCTION",-0.935096552746321,0.573005698005698,1,55,-0.259380022094422,12,"Ccl5 Egr1 Socs5 Il4ra Syk Ager Oas1a Tnf Klf4 Suz12 Foxp1 Il17ra"
"GOBP_CHLORIDE_TRANSPORT",1.23843915447235,0.164237263674412,1,38,0.417562364932461,10,"Abcb1b Slc26a10 Ano8 Slc26a6 Slc12a2 Ttyh2 Tmc4 Slc12a3 Slc25a14 Slc26a2"
"GOBP_CHOLESTEROL_BIOSYNTHETIC_PROCESS_VIA_LATHOSTEROL",-1.46884040151026,0.0601525821596244,1,20,-0.510102526092442,8,"Idi1 Dhcr24 Dhcr7 Lss Pmvk Acat2 Fdft1 Hmgcs1"
"GOBP_CHOLESTEROL_EFFLUX",0.70447813462961,0.890079248605812,1,33,0.243968659504997,9,"Apoe Ttc39b Ptch1 Scarb1 Egf Abca5 Abca1 Spg11 Npc1"
"GOBP_CHOLESTEROL_IMPORT",-0.62393248868911,0.905358571047721,1,10,-0.259774107785011,5,"Ldlr Stard4 Card6 Lamtor1 Washc1"
"GOBP_CHOLESTEROL_STORAGE",-0.784056200090336,0.743066884176183,1,12,-0.311322870979046,5,"Nr1h2 Lipa Stard4 Srebf2 Soat1"
"GOBP_CHONDROCYTE_DEVELOPMENT",1.37604157518184,0.101984732824427,1,18,0.54107694009789,8,"Sulf2 Bmpr2 Col27a1 Smpd3 Runx2 Ext1 Chst11 Ctdspl2"
"GOBP_CHONDROCYTE_DIFFERENTIATION",1.34946107314216,0.0732421875,1,52,0.429533494566463,16,"Sulf2 Bmpr2 Smad3 Hspg2 Col27a1 Smpd3 Maf Npr2 Runx2 Ift80 Ext1 Trps1 Chst11 Snx19 Slc26a2 Ctdspl2"
"GOBP_CHONDROCYTE_PROLIFERATION",1.11714826294236,0.33831628638867,1,13,0.473549900307295,5,"Bmpr2 Lef1 Npr2 Ext1 Slc26a2"
"GOBP_CHONDROITIN_SULFATE_PROTEOGLYCAN_BIOSYNTHETIC_PROCESS",-1.02892825274132,0.418845159436943,1,17,-0.373271122235875,5,"Chst12 Xylt2 B3galt6 Chst3 Xylt1"
"GOBP_CHONDROITIN_SULFATE_PROTEOGLYCAN_METABOLIC_PROCESS",-0.987964554066684,0.479185657854755,1,24,-0.329394086855569,7,"Chst12 Xylt2 B3galt6 Galns Hexb Chst3 Xylt1"
"GOBP_CHROMOSOME_CONDENSATION",0.732828212845907,0.849025974025974,1,30,0.258369387559042,5,"H1f0 Cdk1 Ncapg Wapl Ncapd3"
"GOBP_CHROMOSOME_LOCALIZATION",1.04423127297582,0.380204342273308,1,111,0.296388318003243,31,"Dsn1 Ska2 Nsl1 Terb1 Cdk1 Ect2 Mis12 Kif2c Brca2 Mlh1 Cenpc1 Wapl Kifc1 Snhg15 Kif18a Ska3 Champ1 Nuf2 Kif22 Zwint Pinx1 Ttl Kpnb1 Psrc1 Rb1 Cdca8 Chmp4c Chmp6 Kifc5b Cenpv Spc25"
"GOBP_CHROMOSOME_ORGANIZATION",0.773772146659437,0.978906586310805,1,455,0.1927492407441,165,"Zwilch H1f0 Dna2 Kif4 Ska2 Haspin Nsl1 Cenph Cenpk Wrap53 Terb1 Syde1 Cenpn Tubg2 Gen1 Cdk1 Npr2 Zfp827 Syce2 Rcc1 Mis12 Dscc1 Kif2c Brca2 Mlh1 Cenpc1 Ncapg Mei4 Ccne1 Shld3 Wapl Top1mt Naf1 Msh5 Klhl22 Ncapd3 Kifc1 Cdc27 Cenpi Snhg15 Tep1 Fen1 Rtel1 Arhgef10 Mterf1b Dclre1b Nbn Kif18a Itgb3bp Fbxw7 Ska3 Champ1 Terf2ip Nuf2 Dhx36 Kif22 Cenpp Pbrm1 Syce1 Stn1 Ncapd2 Cenpt Lcmt1 Prdm9 Cep97 Zwint Shld1 Hsp90aa1 Pinx1 Smc6 Uhrf1 Cct3 Nup107 Top1 Nhp2 Kpnb1 Esco1 Ran Psrc1 Gnl3 Rb1 Cdca8 Wrn Myc Chmp4c Chmp6 Kifc5b Cenpv Rad51d Slf1 Nat10 Smc5 Xrcc6 Naa50 Spc25 Prkdc Pcna Xrn1 Eme2 Ino80 Chek2 Nek2 Rangrf Rpa2 Recql4 Ptges3 Numa1 Rad54l Ndc1 Dclre1c Zcwpw1 Baz1b Parp1 Ncapg2 Ndc80 Anapc4 Tfpt Poldip2 Cct7 Nop10 Actr5 Akap8 Kif11 Ppp2r1b Riok2 Rmi2 Dis3l2 Bag6 Ruvbl2 Rab11a Fbxo4 Actl6a Nek6 Asb7 Atr Map10 Cct6a Shld2 Top3b Cct8 Ino80c Dusp1 Ago4 Becn1 Cct2 Trip13 Upf1 Tent4b Dkc1 Apex1 Ercc1 Pds5a Gar1 Dcp2 Ehmt2 Bcl7b Rrs1 Gtf2b Msh2 Cbx5 Bcl7c Tnks Mus81 Phb2 Smarcc1"
"GOBP_CHROMOSOME_ORGANIZATION_INVOLVED_IN_MEIOTIC_CELL_CYCLE",1.19275662933354,0.202877697841727,1,40,0.398348171203202,13,"Haspin Terb1 Syde1 Syce2 Mlh1 Mei4 Ccne1 Wapl Msh5 Ncapd3 Syce1 Ncapd2 Prdm9"
"GOBP_CHROMOSOME_SEGREGATION",0.861345481366595,0.84179730624862,1,359,0.218010011291295,104,"Zwilch M1ap Dsn1 Chtf18 Kif4 Cenpl Ska2 Haspin Aurka Nsl1 Cenph Cenpk Terb1 Syde1 Cenpn Tubg2 Gen1 Cdk1 Ect2 Syce2 Rcc1 Mis12 Haus2 Cenps Kif2c Brca2 Mlh1 Cenpc1 Ncapg Plscr1 Mei4 Ccne1 Wapl Msh5 Nup37 Klhl22 Ncapd3 Kifc1 Cdc27 Cenpi Snhg15 Arhgef10 Kif18a Itgb3bp Ska3 Champ1 Nuf2 Gpsm2 Kif22 Cenpp Pbrm1 Syce1 Ncapd2 Cenpt Haus3 Lcmt1 Prdm9 Cep97 Zwint Pinx1 Smc6 Uhrf1 Ttl Top1 Kpnb1 Ran Psrc1 Rb1 Cdca8 Cdca2 Chmp4c Chmp6 Kifc5b Ppp2r2d Cenpv Smc5 Ccnb2 Spc25 Tubb5 Ppp1r7 Ino80 Cenpo Chek2 Nek2 Rangrf Ntmt1 Ccdc86 Numa1 Ndc1 Zcwpw1 Cep85 Smarcad1 Baz1b Ncapg2 Ndc80 Anapc4 Poldip2 Akap8 Kif11 Ppp2r1b Riok2 Rmi2 Dis3l2 Bag6"
"GOBP_CHROMOSOME_SEPARATION",0.913366680584804,0.622425629290618,1,73,0.275195589432983,21,"Zwilch M1ap Haspin Gen1 Ncapg Plscr1 Wapl Klhl22 Ncapd3 Ska3 Nuf2 Ncapd2 Lcmt1 Zwint Rb1 Cdca8 Spc25 Numa1 Smarcad1 Ncapg2 Ndc80"
"GOBP_CHRONIC_INFLAMMATORY_RESPONSE",-1.00506605525102,0.448946947480672,1,10,-0.418458955898236,3,"Tnf Pde5a Lta"
"GOBP_CILIUM_DISASSEMBLY",1.41314182063966,0.0819411296738266,1,11,0.624882702388173,4,"Aurka Kif19a Cdk1 Ttll1"
"GOBP_CILIUM_MOVEMENT",1.12972578173553,0.254261926787366,1,86,0.332117468902163,20,"Ift88 Cfap45 Dnaaf3 Rsph9 Catsper2 Gas8 Adcy3 Mns1 Catspere2 Rabl2 Efcab9 Kif9 Ccnyl1 Bbs1 Sord Efhc1 Ly6k Rsph3a Cep131 Ttll1"
"GOBP_CILIUM_ORGANIZATION",1.30292844131162,0.0298422135833524,1,251,0.338135089460873,52,"Intu Ift88 Tbc1d32 Arl6 Ttc8 Dnaaf3 Kif24 Tbc1d30 Rsph9 Ehd3 Nphp3 Gas8 Armc9 Aurka Rab11fip3 Bbs10 Snx10 B9d1 Gorab Kif19a Mns1 Spag1 Sclt1 Abcc4 Rabl2 Tchp Ccdc15 Wdr19 Tmem67 Cdk1 Trim32 B3glct Odf2l Alpk1 Cdc14b Tmem17 Rpgrip1l Rilpl2 Elmod3 Ift140 Arhgap35 Tctn2 Ift80 Fsip1 4933427D14Rik Traf3ip1 Fbxw8 Bbs1 Sdccag8 Cep162 Tctn3 Kifap3"
"GOBP_CILIUM_OR_FLAGELLUM_DEPENDENT_CELL_MOTILITY",1.20971174057425,0.161079203953519,1,76,0.362049719030613,19,"Ift88 Cfap45 Rsph9 Catsper2 Gas8 Adcy3 Mns1 Catspere2 Rabl2 Efcab9 Kif9 Ccnyl1 Bbs1 Sord Efhc1 Ly6k Rsph3a Cep131 Ttll1"
"GOBP_CIRCADIAN_REGULATION_OF_GENE_EXPRESSION",0.920257130068079,0.60461559849854,1,54,0.290980354565249,14,"Zfhx3 Maged1 Ahr Noct Usp2 Ppargc1a Id2 Gfpt1 Nrip1 Per3 Cry2 Ciart Top1 Cry1"
"GOBP_CIRCADIAN_RHYTHM",0.76226627806201,0.919184383936342,1,135,0.211256733649688,18,"Mttp Zfhx3 Maged1 Ahr Gpr176 Chrnb2 Cdk1 Ada Noct Usp2 Agrp Ppargc1a Id2 Gfpt1 Nrip1 Siah2 Mapk8 Fbxw7"
"GOBP_CIRCADIAN_SLEEP_WAKE_CYCLE",-0.752657473383099,0.777899643542638,1,13,-0.291890266265332,2,"Adora2a Ptger4"
"GOBP_CIRCADIAN_SLEEP_WAKE_CYCLE_PROCESS",-0.776479302438329,0.738469741402293,1,10,-0.323286928732046,2,"Adora2a Ptger4"
"GOBP_CLATHRIN_COAT_ASSEMBLY",-0.954929937761522,0.514755959137344,1,16,-0.350887921033242,8,"Hip1 Fcho2 Ap2b1 Clint1 Hip1r Epn1 Fcho1 Eps15"
"GOBP_CLATHRIN_DEPENDENT_ENDOCYTOSIS",-0.879094589836356,0.667425968109339,1,38,-0.264591126823437,8,"Itsn1 Unc119 Lmbrd1 Magi2 Wasl Inpp5f Fcho2 Ap2b1"
"GOBP_COAGULATION",1.0099079751335,0.449041639127561,1,85,0.297341375733408,15,"Cd9 Fcer1g Angpt1 Apoe Lilrb4a Pear1 Prrg4 Tlr4 Lyst Tfpi Fgl2 Angptl4 Itgb3 Prrg2 Angptl6"
"GOBP_COCHLEA_DEVELOPMENT",1.46649176481791,0.0509322419281492,1,21,0.557385857094306,7,"Ift88 Kcnk3 Nectin1 Rpgrip1l Mcm2 Eya1 Myo7a"
"GOBP_COENZYME_A_BIOSYNTHETIC_PROCESS",1.3200623261489,0.142789373814042,1,12,0.570522148004378,6,"Slc25a42 Ppcs Acot7 Pank4 Ppcdc Pank1"
"GOBP_COENZYME_A_METABOLIC_PROCESS",1.43109394568765,0.065359477124183,1,19,0.555540424370174,10,"Slc25a42 Nudt8 Ppcs Nudt19 Nudt7 Acot7 Mccc2 Pank4 Ppcdc Pank1"
"GOBP_COGNITION",-1.05892285105769,0.271739130434783,1,192,-0.24286734837335,41,"Adrb2 Slc11a2 Chd7 Reln Egr1 Kalrn Thra Pomk Fos Prkar2b Nrxn2 Braf Casp3 Atp8a1 Ap1s2 Pirb Psen2 Synj1 Lins1 Itpr3 Arc Taco1 Tsc1 Kat2b Ager Rag1 Tuba1a Atxn1l Ccnd2 Washc4 Rgs14 Rcan1 Adnp Pde5a Ldlr Dop1b Abca7 Bcl7a Jakmip1 Eif2ak4 Apbb1"
"GOBP_COLLAGEN_BIOSYNTHETIC_PROCESS",0.841661613141798,0.706576231200236,1,29,0.298809234611518,1,"Eng"
"GOBP_COLLAGEN_CATABOLIC_PROCESS",-0.699037796383402,0.845626542363586,1,13,-0.271095864628485,6,"Mmp14 Idua Pepd Ctsl Retreg2 Retreg1"
"GOBP_COLLAGEN_FIBRIL_ORGANIZATION",-0.764106525690979,0.799412628487518,1,21,-0.262542637109779,2,"Col5a3 Anxa2"
"GOBP_COLLAGEN_METABOLIC_PROCESS",1.04510891674487,0.397077244258873,1,49,0.334691652553053,4,"Eng P3h1 Vsir Smpd3"
"GOBP_COLLATERAL_SPROUTING",1.4163520340878,0.0745038167938931,1,18,0.556927522051343,5,"App Fgf13 Ptprs Npr2 Nfix"
"GOBP_COLUMNAR_CUBOIDAL_EPITHELIAL_CELL_DEVELOPMENT",-0.614623175046017,0.914447134786118,1,11,-0.249055954512795,2,"Tigar C1galt1"
"GOBP_COLUMNAR_CUBOIDAL_EPITHELIAL_CELL_DIFFERENTIATION",0.908564373748824,0.610725643249494,1,37,0.30758360085909,12,"Ttc8 B9d1 Lef1 Ift80 Ext1 Wdr77 Notch1 Rara Prdm1 Tubb5 Ipo7 Sox4"
"GOBP_COMMON_MYELOID_PROGENITOR_CELL_PROLIFERATION",0.89391145754952,0.616861302191649,1,10,0.404342765404487,6,"Flt3 Nr4a3 Bap1 Itpkb Fbxo4 Brpf1"
"GOBP_COMPLEMENT_ACTIVATION",1.44791887520048,0.0649905123339658,1,12,0.625780897198548,2,"C4bp Ighg3"
"GOBP_COMPLEMENT_ACTIVATION_CLASSICAL_PATHWAY",1.44100549409915,0.0671439936356404,1,11,0.637203849010208,2,"C4bp Ighg3"
"GOBP_CONNECTIVE_TISSUE_DEVELOPMENT",0.986484930812136,0.495339710571499,1,151,0.269698013052017,36,"Sulf2 Bmpr2 Smad3 Hspg2 Col27a1 Tlr4 Smpd3 Maf Ccdc18 Npr2 Runx2 Hyal1 Pkd1 Ppargc1a Ift80 Id2 Slc39a13 Itgb3 Ext1 Bbs1 Snai1 Trps1 Chst11 Snx19 Atp7a Notch1 Bscl2 Slc26a2 Ctdspl2 Xbp1 Tbl1xr1 Rara Prkca Col10a1 Smad5 Bmp8a"
"GOBP_CONNECTIVE_TISSUE_REPLACEMENT",-1.31137865667886,0.170621167688616,1,10,-0.545992117228569,4,"Lrrc25 Ager Klf6 Fkrp"
"GOBP_CONSTITUTIVE_HETEROCHROMATIN_FORMATION",0.621437830827171,0.964741292819263,1,41,0.206474502332589,5,"Dnmt3b Hells Bmi1 Smyd5 Bend3"
"GOBP_COPII_COATED_VESICLE_BUDDING",-0.852536601998219,0.707161125319693,1,35,-0.262217774577634,17,"Sec24d Sec24b Sar1b Trappc1 Insig1 Trappc5 Vapb Pef1 Trappc8 Trappc6a Tbc1d20 Trappc11 Trappc4 Vapa Trappc2 Sec24c Klhl12"
"GOBP_COPII_COATED_VESICLE_CARGO_LOADING",-0.913730015259813,0.571100258546395,1,17,-0.331479894062527,4,"Sec24d Sec24b Sar1b Insig1"
"GOBP_COPPER_ION_HOMEOSTASIS",-0.877884932379266,0.6183314415437,1,16,-0.322577821312265,9,"Cox19 Slc31a2 Abcb6 Sco2 Cox10 Prnp Ccdc22 Ankrd9 Aplp2"
"GOBP_COPPER_ION_TRANSPORT",-1.09196481428821,0.345568243610658,1,12,-0.43358323160143,2,"Slc11a2 Slc31a2"
"GOBP_CORONARY_VASCULATURE_DEVELOPMENT",0.729955600505654,0.851977567886659,1,30,0.257356605739189,8,"Angpt1 Vegfa Notch1 Pbrm1 Prdm1 Pde2a Snx17 Tgfbr1"
"GOBP_CORONARY_VASCULATURE_MORPHOGENESIS",1.08781374202376,0.375299952007679,1,10,0.492050541449205,4,"Angpt1 Vegfa Notch1 Pbrm1"
"GOBP_CORPUS_CALLOSUM_DEVELOPMENT",1.52689760083024,0.0306199787782325,1,21,0.580344975915821,6,"Ryk Rtn4rl2 Ptprs Rpgrip1l Wdr47 Atg16l1"
"GOBP_CORTICAL_ACTIN_CYTOSKELETON_ORGANIZATION",-1.0307780720781,0.40527950310559,1,29,-0.330491218735827,4,"Llgl2 Ehd2 Racgap1 Strip1"
"GOBP_CORTICAL_CYTOSKELETON_ORGANIZATION",-0.949025266766487,0.538181818181818,1,41,-0.279828327345868,16,"Llgl2 Ehd2 Racgap1 Strip1 Ppfibp1 Fmnl1 Epb41 Ptk2b Ezr Iqgap1 Rhog Llgl1 Rhobtb2 Pafah1b1 Wdr1 Ppfia1"
"GOBP_COTRANSLATIONAL_PROTEIN_TARGETING_TO_MEMBRANE",0.565083525192496,0.961355620303634,1,17,0.225025209390882,9,"Srp68 Ssr3 Srp54c Tram1 Srp9 Srp14 Srp54a Sec61a1 Sec63"
"GOBP_CRANIAL_NERVE_DEVELOPMENT",1.24062254222889,0.20030534351145,1,18,0.487828464686446,7,"Ackr3 Plxna1 Plxna3 Chrnb2 Npr2 Erbb3 Ext1"
"GOBP_CRANIAL_SKELETAL_SYSTEM_DEVELOPMENT",1.05081071417751,0.393686031425688,1,39,0.352619940989773,8,"Smad3 Wdr19 B3glct Runx2 Ift140 Ext1 Chst11 Ric1"
"GOBP_CRISTAE_FORMATION",-0.481189148623238,0.993865030674847,1,19,-0.169551670417172,19,"Oma1 Slc25a46 Uqcc3 Immt Apoo Micu1 Afg3l1 Opa1 Chchd3 Samm50 Afg3l2 Micos13 Letm1 Apool Micos10 Dnajc11 Pink1 Adck1 Chchd6"
"GOBP_CYCLIC_NUCLEOTIDE_METABOLIC_PROCESS",0.863770021252723,0.654745316612479,1,15,0.3534162311166,3,"Pde8a Adcy3 Npr2"
"GOBP_CYCLIC_NUCLEOTIDE_TRANSPORT",0.930949598980264,0.569348904175332,1,10,0.421096219457536,5,"Abcc4 Slc19a1 Shoc2 Lrrc8b Abcc1"
"GOBP_CYTOCHROME_COMPLEX_ASSEMBLY",0.635487568928386,0.957646718704828,1,37,0.215136715019622,13,"Fastkd3 Bcs1l Hccs Cox15 Coa7 Cox18 Lyrm7 Timm21 Cox11 Coa6 Sco1 Uqcc2 Cox16"
"GOBP_CYTOKINESIS",0.637490389683699,0.994536197690302,1,137,0.176352391955504,13,"Spire1 Kif13a Kif4 Aurka Rab11fip3 Cdc14b Ect2 Stx2 Plk3 Brca2 Git1 Exoc8 Efhc1"
"GOBP_CYTOKINETIC_PROCESS",0.84771137042712,0.725003525595826,1,46,0.275158530179455,4,"Spire1 Rab11fip3 Ect2 Stx2"
"GOBP_CYTOKINE_MEDIATED_SIGNALING_PATHWAY",0.912224461243118,0.709454180154035,1,314,0.232783835892347,30,"Cd300lf Ackr2 Il9r Ackr3 Flt3 C1qtnf4 Il12rb1 Rbm47 Fer Fcer1g Angpt1 Cxcr2 Socs3 Ifitm3 Csf2rb Ebi3 Cish Il15ra Il15 Tjp2 Tnfrsf1b Ccrl2 Ifih1 Osm Trim32 Tnfrsf18 Fbxo21 Il2ra Il12a Fosl1"
"GOBP_CYTOKINE_PRODUCTION_INVOLVED_IN_IMMUNE_RESPONSE",1.14514840352548,0.245381141371288,1,64,0.35241473188181,15,"Fcer1g Angpt1 Prkcz Hmox1 Vsir Tlr4 Tnfrsf1b Sema7a Tlr7 Nr4a3 Mif Tlr2 Dhx36 Traf2 Jak3"
"GOBP_CYTOKINE_PRODUCTION_INVOLVED_IN_INFLAMMATORY_RESPONSE",0.910546821653427,0.618163644152506,1,43,0.300012127289742,9,"Sirpa Hmox1 Tlr4 Tlr6 Chid1 Ccr1 Xbp1 Prkca Nod2"
"GOBP_CYTOPLASMIC_MICROTUBULE_ORGANIZATION",0.674423954358799,0.94587092297016,1,56,0.211875243597266,17,"Ift88 Clip2 Kif19a Tubg2 Plk3 Ccdc88b Tbcb Kpnb1 Limk2 Dvl1 Pcm1 Clip1 Numa1 Tacc2 Tubgcp6 Rab11a Wdr73"
"GOBP_CYTOPLASMIC_PATTERN_RECOGNITION_RECEPTOR_SIGNALING_PATHWAY",-0.83011314621102,0.922341696535245,1,176,-0.19233993661474,33,"Irgm2 Aars2 Mapk11 Elp6 Trim25 Smpdl3a Gramd4 Scimp Ppp6c Xpnpep1 Tax1bp1 Oas1a Tnf Irf7 Lats2 Hspa1b Dhx58 Traf3ip3 Washc4 Abhd8 Trim3 Gbp5 Rnf144a Irgm1 Oasl1 Usp15 Spsb3 Zdhhc5 Slc15a3 Ufl1 Zc3hav1 Btk Lacc1"
"GOBP_CYTOPLASMIC_TRANSLATION",1.02595356948818,0.406773575873624,1,184,0.274735758193676,110,"Impact Plxnb2 Eif2d Smyd5 Dhx29 Dhx36 Alkbh3 Eif2b3 Mtif2 Parp16 Gtpbp1 Rpl36a-ps1 Mettl3 Tsc2 Sh3bgrl Eif2b2 Akt1s1 Etf1 Denr Eif3m Eif4a1 Fxr1 Fbxo4 Eif2s3x Drg2 Ascc3 Paip1 Abce1 Rragc Rps17 Fmr1 Eif3i Drg1 Rwdd1 Eif3b Eif3l Gsk3b Rpl3 Rpl36 Eif3a Rpl14 Cnbp Rpl29 Rpl31 Usp4 Eif3c Gpr155 Rps18 Eif2s3y Ybx1 Rplp1 Tbk1 Rplp0 Unk Eif2b4 Rps2 Rplp2 Rpl23a Slbp Akt1 Rpl36a Rps27a Rps14 Rpl22l1 Rpl24 Syncrip Rps25 Rpl38 Rpl27a Eif3g Rps6 Rpl37 Ncbp2 Rpl27 Ythdf2 Rps20 Atxn3 Eif2s2 Rpl41 Rps23 Rps15 Rps10 Cpeb3 Rpsa Rpl32 Rps21 Eif3e Depdc5 Rpl9-ps6 Rpl13 Pkm Eif3h Rpl37a Rpl10a Eif2b5 Ftsj1 Cpeb2 Rps3 Rpl23 Rps24 Rpl10 Rpl35 Rpl26 Prkaa1 Rps7 Rpl39 Rpl28 Rpl11 Rps15a Pabpc1"
"GOBP_CYTOPLASMIC_TRANSLATIONAL_INITIATION",0.882692339053136,0.664989517819706,1,48,0.284146698015817,27,"Impact Eif2d Dhx29 Eif2b3 Mtif2 Mettl3 Sh3bgrl Eif2b2 Denr Eif3m Eif4a1 Fxr1 Fbxo4 Eif2s3x Eif3i Eif3b Eif3l Gsk3b Eif3a Eif3c Eif2s3y Eif2b4 Slbp Eif3g Ncbp2 Ythdf2 Eif2s2"
"GOBP_CYTOPLASM_ORGANIZATION",1.06985921924839,0.39657654775236,1,10,0.483929176263429,3,"Tdrkh Fosl1 Etv6"
"GOBP_CYTOSKELETON_DEPENDENT_CYTOKINESIS",-0.819553209342515,0.875805758487323,1,92,-0.208189730685316,17,"Stmn1 Alkbh4 Cit Unc119 Racgap1 Washc5 Snx9 Kif23 Kif20a Cep55 Daxx Birc5 Exoc6b Cenpa Ckap2 Chmp7 Zfyve26"
"GOBP_CYTOSKELETON_DEPENDENT_INTRACELLULAR_TRANSPORT",1.11558218693023,0.245211662803465,1,157,0.303359450085771,40,"Intu Nefh Ift88 Kif13a Bicd1 Rufy3 Tanc2 App Prkcz Mreg Bicdl1 Wdr19 Armcx6 Ift140 Ift80 Traf3ip1 Bbs1 Myo10 Kifc1 Kifap3 Cep131 Atg16l1 Ccdc88b Cluap1 Mapk8ip3 Rab1a Ttc21b Kif13b Spg11 Arl3 Cln3 Tmem108 Snapin Pcm1 Myo19 Tmem230 Bloc1s1 Klc4 Bloc1s4 Arhgap21"
"GOBP_CYTOSOLIC_RIBOSOME_ASSEMBLY",0.93796860435095,0.558950567909135,1,10,0.424271124553564,9,"Prkdc Zfp574 Efl1 C1qbp Xrcc5 Rpl38 Ddx3x Eif6 Sbds"
"GOBP_CYTOSOLIC_TRANSPORT",-0.632952575839104,0.998584905660377,1,116,-0.154878713213108,32,"Rab29 Sorl1 Ube2o Rab9 Vps50 Klhl20 Map2 Snx2 Tbc1d14 Rab6b Tbc1d23 Snx8 Dop1b Vti1a Washc2 Stx5a Vps51 Spag9 Ap1g1 Evi5 Dennd5a Gosr1 Ap5z1 Rbsn Eipr1 Dop1a Armh3 Snx5 Snx6 Snx3 Vps26a Tbc1d10c"
"GOBP_C_TERMINAL_PROTEIN_AMINO_ACID_MODIFICATION",-0.971756498184041,0.490483958673192,1,12,-0.385852471892121,3,"Irgm2 Irgm1 Agtpbp1"
"GOBP_DEADENYLATION_DEPENDENT_DECAPPING_OF_NUCLEAR_TRANSCRIBED_MRNA",0.626549433940939,0.910815939278937,1,12,0.270790493601732,5,"Noct Dcp1a Eif4enif1 Dcp2 Fmr1"
"GOBP_DECIDUALIZATION",-0.456305614116225,0.993189557321226,1,16,-0.167668979640917,5,"Junb Ndrg3 Dcaf13 Ctsl Pla2g4a"
"GOBP_DEFENSE_RESPONSE_TO_BACTERIUM",1.39426680892915,0.0215659845607156,1,148,0.381957913324018,32,"Gbp8 Trem1 Ighg3 Gbp10 Serpinb9 Trf Jchain Slc9a9 Slpi Myo1f Fcer1g App Pcyox1l Rnase12 Tlr4 Slc15a2 Nlrc4 Lyst Rasgrp4 Rarres2 Gbp4 Tusc2 Naip2 Mpeg1 Spn Pglyrp2 Ppl Rag2 Il7r Tlr2 Nlrp10 Fgr"
"GOBP_DEFENSE_RESPONSE_TO_FUNGUS",0.874992374046722,0.644072994939426,1,17,0.34843582126769,4,"App Rarres2 Nlrp10 Fam3a"
"GOBP_DEFENSE_RESPONSE_TO_GRAM_NEGATIVE_BACTERIUM",0.954086134580899,0.539221468593335,1,29,0.338722525984502,6,"Trem1 App Tlr4 Rarres2 Tusc2 Mpeg1"
"GOBP_DEFENSE_RESPONSE_TO_GRAM_POSITIVE_BACTERIUM",1.1926244417481,0.196010044642857,1,52,0.379612390727682,12,"Gbp8 Gbp10 Myo1f App Rnase12 Rarres2 Gbp4 Mpeg1 Pglyrp2 Il7r Tlr2 Fgr"
"GOBP_DEFENSE_RESPONSE_TO_VIRUS",-1.08674796427653,0.195121951219512,1,239,-0.243555194646204,63,"Ccl5 Trim7 Irgm2 Trim30c Ifit1bl1 Aicda Ifit1 Bcl2 Trim25 Skp2 Elmod2 Slfn8 Apobec1 Mov10 Armc5 Usp20 Map3k14 Usp18 Sertad3 Trim5 Gpr146 Ifit3 Oasl2 Oas1a Tnf Irf7 Parp9 Znfx1 Bcl2l1 Zbp1 Morc3 Rb1cc1 Gpam Dhx58 Traf3ip3 Samhd1 Bnip3l Gbp5 Irgm1 Oasl1 Zmpste24 Trim12c Trim34a Rnf216 Isg20 Eif2ak4 Ufl1 Pml Zc3hav1 Rnase6 Pycard Tagap Arih2 Ifnar1 Trim26 Polr3f Ptprc Dtx3l Usp38 Exosc4 Cd37 Cr2 Cnot7"
"GOBP_DEFINITIVE_HEMOPOIESIS",-0.904880752065733,0.583968388371437,1,15,-0.33885024657906,1,"Hoxb4"
"GOBP_DENDRITE_DEVELOPMENT",0.82519119221803,0.861930136175252,1,193,0.219851572651015,32,"Spire1 Tanc2 Xlr4b App Apoe Smad3 Srcin1 Lst1 Chrnb2 Marcks Cyfip1 Ptprs Shank1 Srgap2 Gorasp1 D16Ertd472e Plk2 Pacsin1 Cacna1a Fbxw8 Git1 Bbs1 Rap2a Atp7a Mapk8 Cdk5r1 Akap5 Tiam1 Atg16l1 Dhx36 Mapk6 Pbrm1"
"GOBP_DENDRITE_EXTENSION",0.837235639641621,0.711971727286114,1,28,0.299138084372283,8,"Slc23a2 Cyfip1 Cpne5 Rasal1 Atg16l1 Tmem108 Plaa Cpne9"
"GOBP_DENDRITE_MORPHOGENESIS",-1.08162278563392,0.277958236658933,1,113,-0.265502788756615,22,"Slc11a2 Tmem106b Reln Nsmf Cc2d1a Kalrn Cit Celsr2 Mfn1 Eef2k Trak2 Tnik Cdkl5 Arc Dbnl Wasl Cux1 Ss18l1 Nedd4l Mink1 Fbxo31 Fyn"
"GOBP_DENDRITIC_CELL_CHEMOTAXIS",-0.660239804880894,0.876782351358623,1,11,-0.26754060290623,5,"Slamf1 Slamf9 Gpr183 Ccr7 Spi1"
"GOBP_DENDRITIC_CELL_CYTOKINE_PRODUCTION",1.17351776458537,0.275531077891424,1,13,0.497444465396721,8,"Tlr4 Tlr2 Dhx36 Jak3 Nod2 Ticam1 Tlr9 Ddx21"
"GOBP_DENDRITIC_CELL_DIFFERENTIATION",-0.752069262348788,0.85,1,29,-0.241130747558795,11,"Clec12a Pirb Ager Irf8 Slamf9 Notch2 Lyn Ccr7 Irf9 Gimap5 Spi1"
"GOBP_DENDRITIC_CELL_MIGRATION",-0.848591045629346,0.656640181611805,1,16,-0.311813815897629,7,"Eps8 Slamf1 Icam2 Slamf9 Gpr183 Ccr7 Spi1"
"GOBP_DENDRITIC_SPINE_DEVELOPMENT",1.02602555226327,0.418701841452266,1,94,0.297763715331162,24,"Spire1 Tanc2 Xlr4b Apoe Smad3 Srcin1 Marcks Ptprs Shank1 Srgap2 D16Ertd472e Plk2 Git1 Cdk5r1 Tiam1 Dhx36 Mapk6 Pbrm1 Slc30a1 Dock10 Tsc2 Prmt3 Dip2a Dvl1"
"GOBP_DENDRITIC_SPINE_MAINTENANCE",1.42414185771025,0.0700763358778626,1,18,0.559990579160634,3,"Tanc1 App Apoe"
"GOBP_DENDRITIC_SPINE_MORPHOGENESIS",0.936984880529552,0.577008928571429,1,50,0.299483768867399,14,"Tanc2 Xlr4b Smad3 Srcin1 Marcks Shank1 Cdk5r1 Tiam1 Dhx36 Slc30a1 Dock10 Prmt3 Dip2a Dvl1"
"GOBP_DENDRITIC_TRANSPORT",-1.00838162440629,0.443409539937906,1,15,-0.37760816692788,2,"Kif3a Trak2"
"GOBP_DENSE_CORE_GRANULE_LOCALIZATION",-0.92266923939701,0.558566186847305,1,15,-0.345511492610331,3,"Rab3a Stxbp1 Map2"
"GOBP_DENTATE_GYRUS_DEVELOPMENT",-0.961914810840519,0.504452743464522,1,17,-0.348960211735986,3,"Reln Kif3a Tuba1a"
"GOBP_DEOXYRIBONUCLEOSIDE_METABOLIC_PROCESS",1.00001815206886,0.48040313549832,1,10,0.452337982299336,3,"Tk1 Cdk1 Ada"
"GOBP_DEOXYRIBONUCLEOSIDE_MONOPHOSPHATE_BIOSYNTHETIC_PROCESS",0.830393343814186,0.695604048070841,1,12,0.358890474197177,2,"Dctd Tk1"
"GOBP_DEOXYRIBONUCLEOSIDE_TRIPHOSPHATE_METABOLIC_PROCESS",-0.639769851825976,0.898586188145731,1,12,-0.254031518420942,3,"Rrm2b Samhd1 Nudt16"
"GOBP_DEOXYRIBONUCLEOTIDE_BIOSYNTHETIC_PROCESS",-0.866416749873226,0.64252607184241,1,18,-0.309561587776885,5,"Dck Rrm2b Dut Cmpk2 Nme3"
"GOBP_DEOXYRIBONUCLEOTIDE_CATABOLIC_PROCESS",0.849196042362899,0.675688434303698,1,13,0.35996717225621,2,"Dnph1 Ada"
"GOBP_DEOXYRIBONUCLEOTIDE_METABOLIC_PROCESS",-0.761257580999429,0.847553324968632,1,33,-0.237122234801588,9,"Dck Tk2 Rrm2b Dut Samhd1 Cmpk2 Nme3 Nt5m Nudt16"
"GOBP_DEPHOSPHORYLATION",-0.753320099056648,0.965714285714286,1,117,-0.184330208188501,26,"Nceh1 Bcl2 Dusp28 Dusp23 Dusp6 Dusp10 Acp5 Synj1 Chp1 Ppp6c Ppm1d Dusp5 Smg5 Inpp5b Ppp2r2a Phlpp2 Inpp5f Dusp2 Ppp1cb Phlpp1 Dusp11 Dusp19 Inpp5a Ptprc Ctdsp1 Pip4p1"
"GOBP_DERMATAN_SULFATE_PROTEOGLYCAN_METABOLIC_PROCESS",-1.3924313065004,0.119720204465967,1,11,-0.564237279383405,6,"Chst12 B3galt6 Hexb Chst14 Ids Idua"
"GOBP_DETECTION_OF_BIOTIC_STIMULUS",1.08882351391163,0.35189836017137,1,27,0.392225045105501,15,"Ahr Tlr4 Nlrc4 Tlr6 Naip2 Pglyrp2 Tlr2 Stk3 Scarb1 Nod2 Nr4a1 Nf2 Nod1 Tlr9 Itgav"
"GOBP_DETECTION_OF_CHEMICAL_STIMULUS",1.43159510997946,0.062136790344211,1,24,0.528597618118521,8,"Eng Kcnk3 Pkd1l3 Tlr4 Tlr6 Tlr2 Sod2 Scarb1"
"GOBP_DETECTION_OF_EXTERNAL_BIOTIC_STIMULUS",1.03864538845976,0.419972640218878,1,19,0.403194704033076,12,"Tlr4 Nlrc4 Tlr6 Naip2 Pglyrp2 Tlr2 Scarb1 Nod2 Nr4a1 Nod1 Tlr9 Itgav"
"GOBP_DETECTION_OF_EXTERNAL_STIMULUS",0.885821793492093,0.659074527893902,1,39,0.29725470470971,16,"Pkd1l3 Slc12a2 Tlr4 Pkd1 Wdr47 Arrb1 Pkd2l2 Sema5a Cep250 Guca1b Cacna2d4 Grm6 Myc Rom1 Fech Nr2f6"
"GOBP_DETECTION_OF_LIGHT_STIMULUS",1.31120002913935,0.149016522423289,1,13,0.555806837533342,9,"Arrb1 Sema5a Cep250 Guca1b Cacna2d4 Grm6 Rom1 Fech Pde6d"
"GOBP_DETECTION_OF_MECHANICAL_STIMULUS",0.972672213503499,0.506915944672443,1,19,0.377584389823663,4,"Pkd1l3 Slc12a2 Tlr4 Pkd1"
"GOBP_DETECTION_OF_MECHANICAL_STIMULUS_INVOLVED_IN_SENSORY_PERCEPTION",0.712567496744412,0.835024192289683,1,14,0.296341078726688,2,"Slc12a2 Tlr4"
"GOBP_DETECTION_OF_MOLECULE_OF_BACTERIAL_ORIGIN",1.09872605785063,0.367223548130469,1,11,0.485849967912794,8,"Tlr4 Tlr6 Tlr2 Scarb1 Nod2 Nr4a1 Tlr9 Itgav"
"GOBP_DETECTION_OF_OTHER_ORGANISM",0.977822260248738,0.503953194180898,1,12,0.422608270255778,6,"Nlrc4 Tlr6 Naip2 Pglyrp2 Tlr2 Nod2"
"GOBP_DETECTION_OF_STIMULUS",1.18304199329121,0.192851427047213,1,77,0.35335667527366,33,"Eng Kcnk3 Pkd1l3 Ahr Slc12a2 Tlr4 Nlrc4 Tlr6 Pkd1 Naip2 Pglyrp2 Wdr47 Arrb1 Tlr2 Stk3 Pkd2l2 Sema5a Cep250 Sod2 Scarb1 Guca1b Cacna2d4 Nod2 Grm6 Myc Nr4a1 Nf2 Rom1 Fech Nod1 Nr2f6 Tlr9 Itgav"
"GOBP_DETECTION_OF_STIMULUS_INVOLVED_IN_SENSORY_PERCEPTION_OF_PAIN",-1.30509862462811,0.166122892876563,1,12,-0.518211641822634,5,"Scrn3 Cxcr4 Lxn Tnf Fyn"
"GOBP_DETERMINATION_OF_ADULT_LIFESPAN",-1.07173955599617,0.340025094102886,1,33,-0.333833494714668,8,"Coq7 Hdac9 Sirt6 Ercc5 Lipa Zmpste24 Tmem135 Polg"
"GOBP_DETOXIFICATION",1.26046148148687,0.115425531914894,1,78,0.375474704633654,19,"Ces2c Abcb1b Mt1 Apoe Nnt Slc29a4 Gsto1 Gstk1 Hbb-bs Alox5ap Txnrd3 Atp7a Txn1 Adal Gstz1 Sod2 Slc30a1 Sesn2 Gstt2"
"GOBP_DEVELOPMENTAL_CELL_GROWTH",1.37266062262667,0.0254092352797459,1,155,0.373897481862943,31,"Sema6d Slit1 Plxna1 Ryk Rufy3 Impact App Bmpr2 Apoe Fgf13 Pak6 Prkcz Plxna3 Aurka Vegfa Slc23a2 Cyfip1 Ptprs Cpne5 Sema7a Npr2 C9orf72 Rasal1 Mgll Ext1 Nfix Jade2 Tiam1 Atg16l1 Sema5a Ctdspl2"
"GOBP_DEVELOPMENTAL_GROWTH",1.11358384156419,0.190650581645842,1,438,0.27787124362245,74,"Sema6d Abcb1b Slit1 Cd9 Flt3 Plxna1 Ryk Ttc8 Dll1 Rufy3 Impact App Dnaaf3 Bmpr2 Apoe Smad3 Fgf13 Pak6 Prkcz Ahr Plxna3 Wwc1 Ptk2 Aurka Col27a1 Vegfa Gas2 Cdk20 Chek1 Slc12a2 Tlr4 Smpd3 Slc23a2 Tmem38b Cyfip1 Ptprs Cpne5 Sema7a Ercc6 Cdk1 Npr2 Ankrd26 C9orf72 Spr Dipk2a Ift80 Xrcc2 Rasal1 Brca2 Htra2 Mgll Ptch1 Cops2 Ext1 Chst11 Nfix Flvcr1 Snhg15 Ctr9 Fzd9 Jade2 Nbn Notch1 Rag2 Wwc2 Tiam1 Wdr11 Gins3 Fes Atg16l1 Stk3 Pcnt Sema5a Ctdspl2"
"GOBP_DEVELOPMENTAL_MATURATION",1.13725072394425,0.201653486700216,1,182,0.304774507497337,33,"Zdhhc2 Rps6ka2 App Catsper2 Il15 Aurka Vegfa Snx10 Gdf11 Slc26a6 Catspere2 Sclt1 Shank1 Efcab9 Sema7a Mbtps2 Rab32 Tdrkh Npr2 Tbx6 Runx2 Heatr3 Plp1 Ift80 Id2 Tusc2 Brca2 Cacna1a Ext1 Nfix Cdh5 Flvcr1 Snx19"
"GOBP_DEVELOPMENTAL_PIGMENTATION",-1.09506042568224,0.31832298136646,1,29,-0.351101623595343,13,"Rab27a Bcl2 Hps5 Bcl2l11 Ap1m1 Vhl Spns2 Ap1g1 Vps33a Enpp1 Atp6ap2 Hps4 Zeb2"
"GOBP_DEVELOPMENT_OF_PRIMARY_FEMALE_SEXUAL_CHARACTERISTICS",1.30795725810914,0.0899045020463847,1,65,0.40134955369288,14,"Abcb1b Nefh Dach2 Angpt1 Ahr Vegfa Gas2 Npr2 Ctnna1 Brca2 Immp2l Nrip1 Notch1 Arrb1"
"GOBP_DEVELOPMENT_OF_PRIMARY_SEXUAL_CHARACTERISTICS",1.10263042337053,0.275831763967357,1,123,0.309244196739716,19,"Abcb1b Nefh Dach2 Fer Angpt1 Dnaaf3 Ahr Vegfa Gas2 Wdr19 Serpinb6b Npr2 Ctnna1 Brca2 Cbx2 Immp2l Nrip1 Notch1 Kif18a"
"GOBP_DIACYLGLYCEROL_METABOLIC_PROCESS",0.955740580988096,0.534448056974764,1,15,0.391046488934786,5,"Mogat1 Dgkh Pgs1 Dgkq Dgat1"
"GOBP_DICARBOXYLIC_ACID_BIOSYNTHETIC_PROCESS",0.746901682126605,0.796832506798912,1,10,0.337845867267681,2,"Mthfd1 Kynu"
"GOBP_DICARBOXYLIC_ACID_METABOLIC_PROCESS",0.816253065087773,0.783888351526876,1,60,0.253633678052364,13,"Dglucy Fahd1 Mthfd1 Prodh Fpgs Kyat3 Gpt2 Dld Kynu Mthfd2l Aasdhppt Fahd2a Atic"
"GOBP_DICARBOXYLIC_ACID_TRANSPORT",0.896546352406338,0.644025157232704,1,48,0.288606431010444,6,"Slc38a6 Slc26a10 Slc26a6 Slc12a2 Slc16a1 Ttyh2"
"GOBP_DIENCEPHALON_DEVELOPMENT",1.09604429478504,0.350159163256025,1,21,0.416585761555871,3,"Plxna1 Plxna3 Chrnb2"
"GOBP_DIGESTION",1.10856415902706,0.316420930904886,1,37,0.375291135849813,14,"Ahr Kcnn4 Snx10 Slc26a6 Tjp2 Tlr4 Npr2 Asah2 Slc22a5 Hrh2 Scarb1 Dgat1 Nod2 Npc1"
"GOBP_DIGESTIVE_SYSTEM_DEVELOPMENT",0.941410056875173,0.568498883928571,1,52,0.299650845509797,17,"Smad3 Nphp3 Wdr19 Ada Npr2 Rarres2 Stx2 Pkd1 Id2 Ext1 Hrh2 Notch1 Xbp1 Vps52 Tcf7 Rb1 Prdm1"
"GOBP_DIGESTIVE_TRACT_MORPHOGENESIS",0.962653842722934,0.524390243902439,1,16,0.388165484564473,5,"Smad3 Npr2 Stx2 Id2 Notch1"
"GOBP_DIOL_BIOSYNTHETIC_PROCESS",0.663560722474684,0.888391478851497,1,16,0.267563851039932,2,"Asah2 Spr"
"GOBP_DIOL_METABOLIC_PROCESS",-0.618936406646811,0.945422535211268,1,20,-0.21494576551441,9,"Ephx1 Naaa Sphk2 Acer3 Gch1 Plpp2 Agk Sptlc1 Plpp3"
"GOBP_DISRUPTION_OF_ANATOMICAL_STRUCTURE_IN_ANOTHER_ORGANISM",0.95585675632997,0.535635884677301,1,34,0.329108909056296,5,"Trem1 Gzma Pcyox1l Fgl2 Tusc2"
"GOBP_DITERPENOID_METABOLIC_PROCESS",1.24131991339106,0.187006407390851,1,24,0.458341010644427,6,"Ces2c Dhrs3 Pecr Rarres2 Rdh5 Rdh13"
"GOBP_DNA_BIOSYNTHETIC_PROCESS",0.890925438502646,0.694040064700759,1,134,0.247073975141137,64,"Tk1 Chtf18 Ahr Polk Tfdp1 Vegfa Chek1 Smpd3 Wrap53 Cdk1 Dscc1 Poll Pole Naf1 Tep1 Pold3 Jade2 Nfatc1 Stn1 Egf Lin9 Hsp90aa1 Pinx1 Cct3 Nhp2 Poli Npm1 Wrn Pam16 Nat10 Pcna Pole2 Cdkn1a Rfc4 Ptges3 Poldip2 Cct7 Nop10 Fbxo4 Atr Cct6a Cct8 Dusp1 Cct2 Tent4b Dkc1 Ing5 Gar1 Dcp2 Tnks Chrac1 Lig1 Faap20 Hsp90ab1 Trp53 Gsk3b Mad2l2 Gnl3l Camk2d Ctc1 Vcp Cct4 Lig4 Xrcc5"
"GOBP_DNA_CATABOLIC_PROCESS",0.698700564195345,0.881664691943128,1,26,0.253872993115747,11,"Endog Dnase1l1 Nmnat1 Aifm1 Vps54 Nme1 Blvra Apex1 Mus81 Rexo4 Setmar"
"GOBP_DNA_CONFORMATION_CHANGE",-0.728696742585716,0.824159907300116,1,18,-0.260355678344959,4,"Hmgb3 Top2a Hmgb2 Hhex"
"GOBP_DNA_DAMAGE_RESPONSE_SIGNAL_TRANSDUCTION_BY_P53_CLASS_MEDIATOR",0.78127840437832,0.848703956343793,1,65,0.239736992140273,28,"Smyd2 Brca2 Snai1 Tfap4 Mif Pmaip1 Eef1e1 Casp2 Sesn2 Spred2 Batf Npm1 Znhit1 Pcbp4 Chek2 Cdkn1a Sox4 Kdm1a Usp10 Myo6 Atr Hipk2 Foxo3 Triap1 Trp53 Rps27l Kmt5a Senp2"
"GOBP_DNA_DAMAGE_TOLERANCE",0.509656368642943,0.989973459156591,1,29,0.180939735222814,12,"Polk Pold3 Poli Pcna Pole2 Poldip2 Ube2v2 Msh2 Faap20 Mad2l2 Vcp Rev3l"
"GOBP_DNA_DOUBLE_STRAND_BREAK_PROCESSING",-0.774479654543044,0.795558259811378,1,23,-0.261791965584571,3,"Slx4 Skp2 Helq"
"GOBP_DNA_INTEGRITY_CHECKPOINT_SIGNALING",0.793774265740725,0.864750957854406,1,111,0.225300108879808,43,"Dna2 Rad9b Chek1 Mbtps2 Ercc6 Cdk1 Cdc14b Gnb1l Brca2 Nbn Hinfp Orc1 E2f1 Cry1 Prkdc Eme2 Chek2 Cdkn1a Rpa2 Etaa1 Tipin Clspn Bard1 Fbxo4 Donson Atr Sde2 Rad1 Ccnd1 Atrip Msh2 Mus81 Triap1 Trp53 Nek1 Rps27l Plk1 Taok3 Setmar Rad17 Clock Mapk14 Atf2"
"GOBP_DNA_METHYLATION_DEPENDENT_CONSTITUTIVE_HETEROCHROMATIN_FORMATION",0.973849702307616,0.506031273268801,1,23,0.362070564070688,4,"Dnmt3b Hells Bmi1 Bend3"
"GOBP_DNA_MODIFICATION",-1.1559216233217,0.285983319881625,1,11,-0.468399459907791,2,"Aicda Apobec1"
"GOBP_DNA_RECOMBINATION",0.733340754191894,0.987777274784971,1,285,0.188708649102407,96,"H1f0 Swsap1 Parpbp Chtf18 Zgrf1 Chek1 Fan1 Wrap53 Terb1 Lef1 Gen1 Ercc6 Hspd1 Hells Xrcc2 Cenps Poll Brca2 Mlh1 Mei4 Shld3 Mcm2 Msh5 Tep1 Rtel1 Nbn Rag2 Senp3 Mms22l Mcm9 Zswim7 Nucks1 Terf2ip Aste1 Prdm9 Shld1 Smc6 Kmt5b Kdm4d Spidr Rad52 Supv3l1 Batf Gfi1 Tcf7 Atad5 Dmap1 Wrn Ccr6 Rad51d Smc5 Xrcc6 Morf4l2 Prkdc Exosc3 Eme2 Palb2 Ino80 Fancm Rpa2 Recql4 Rad54l Dclre1c Zcwpw1 Smarcad1 Parp1 Inip Gins2 Tfpt Kdm1a Actr5 Epc1 Apex2 Rmi2 Ruvbl2 Prmt1 Bard1 Hdgfl2 Nono Actl6a Cdc45 Epc2 Shld2 Top3b C1qbp Ino80c Trip13 Fus Apex1 Ercc1 Supt6 Msh2 Psmd14 Mus81 Was Lig1"
"GOBP_DNA_REPAIR_DEPENDENT_CHROMATIN_REMODELING",-0.753097688072124,0.830153846153846,1,26,-0.247396023741458,5,"Asf1a Sirt6 Phf1 Apbb1 Dtx3l"
"GOBP_DNA_REPLICATION",0.778765395535857,0.946122168840082,1,257,0.2019696770629,106,"Dna2 Tk1 Chtf18 Fhit Polk Endog Chaf1a Gen1 Cdk1 Prim2 Dscc1 Cenps Poll Brca2 Ccne1 Mcm2 Pole Wapl Top1mt Nfix Gmnn Fen1 Rtel1 Pold3 Jade2 Mapk8 Nbn Nuggc Grwd1 Mms22l Gins3 Mcm9 Nucks1 Hltf Orc2 Stn1 Orc3 Mgme1 Smarcal1 Orc1 Cacybp Top1 Esco1 Poli Npm1 Atad5 Wrn Rbbp7 Prkdc Twnk Pcna Eme2 Ino80 Fancm Pole2 Rpa2 Rfc4 Kctd13 Recql4 Parp1 Gins2 Tfpt Poldip2 Actr5 Etaa1 Gtpbp4 Rmi2 Tipin Ruvbl2 Bard1 Rnaseh1 Dbf4 Zpr1 Actl6a Cdc45 Donson Atr Sde2 Ino80c Upf1 Ing5 Rbbp4 Ube2v2 Pds5a Ehmt2 Dtd1 Gins1 Rac1 Msh2 Chrac1 Mus81 Lig1 Ttf1 Faap20 Mettl4 Atg7 Orc4 Wdr18 Cenpx Noc3l Kmt5a Mad2l2 Senp2 Setmar Orc5 Rad17"
"GOBP_DNA_REPLICATION_CHECKPOINT_SIGNALING",1.04054929042387,0.422043840691571,1,16,0.419574827009596,2,"Dna2 Rad9b"
"GOBP_DNA_REPLICATION_INITIATION",0.877922308295236,0.653789442642288,1,29,0.311682615547634,8,"Prim2 Ccne1 Mcm2 Gmnn Gins3 Orc2 Orc3 Orc1"
"GOBP_DNA_STRAND_ELONGATION",0.987413527811562,0.485685367264315,1,36,0.335556590707712,15,"Dna2 Pole Pold3 Dclre1b Nbn Nucks1 Pcna Ino80 Tfpt Actr5 Ruvbl2 Actl6a Ino80c Gins1 Lig1"
"GOBP_DNA_STRAND_ELONGATION_INVOLVED_IN_DNA_REPLICATION",1.10073226781869,0.355548618698299,1,14,0.457770231065794,3,"Dna2 Pole Pold3"
"GOBP_DNA_STRAND_RESECTION_INVOLVED_IN_REPLICATION_FORK_PROCESSING",0.650315122220465,0.890322580645161,1,13,0.275663196651021,2,"Cdk1 Nbn"
"GOBP_DNA_SYNTHESIS_INVOLVED_IN_DNA_REPAIR",-0.977934567611749,0.481223922114047,1,14,-0.372600269331896,5,"Rrm2b Wrnip1 Pola1 Pold4 Polh"
"GOBP_DNA_SYNTHESIS_INVOLVED_IN_DNA_REPLICATION",0.92263561544298,0.579614982838382,1,25,0.337853686084858,8,"Tk1 Polk Cdk1 Pold3 Poli Pcna Pole2 Poldip2"
"GOBP_DNA_TEMPLATED_DNA_REPLICATION",0.767362553533024,0.922562259943006,1,142,0.211678095506429,61,"Dna2 Tk1 Endog Gen1 Cdk1 Prim2 Cenps Brca2 Ccne1 Mcm2 Pole Gmnn Rtel1 Pold3 Nbn Nuggc Mms22l Gins3 Mcm9 Nucks1 Hltf Orc2 Orc3 Mgme1 Smarcal1 Orc1 Atad5 Wrn Prkdc Twnk Pcna Eme2 Ino80 Fancm Pole2 Rfc4 Parp1 Etaa1 Tipin Bard1 Rnaseh1 Dbf4 Zpr1 Cdc45 Donson Atr Upf1 Gins1 Chrac1 Mus81 Lig1 Mettl4 Atg7 Orc4 Wdr18 Cenpx Noc3l Kmt5a Senp2 Setmar Orc5"
"GOBP_DNA_TEMPLATED_DNA_REPLICATION_MAINTENANCE_OF_FIDELITY",0.993981398750907,0.473285596254475,1,61,0.308075927815142,24,"Dna2 Gen1 Cdk1 Cenps Brca2 Pole Rtel1 Nbn Mms22l Mcm9 Nucks1 Hltf Smarcal1 Wrn Prkdc Pcna Eme2 Fancm Parp1 Etaa1 Tipin Bard1 Donson Atr"
"GOBP_DNA_TEMPLATED_TRANSCRIPTION_ELONGATION",0.494164774672448,1,1,151,0.135101159365644,39,"Med22 Ercc6 Tefm Ell Zc3h8 Ctr9 Med20 Zfp326 Gtf2f2 Gtf2h5 Pbrm1 Zc3h6 Polr1b Med14 Med6 Rad54l2 Ints9 Med16 Tcea2 Med26 Med28 Polr2m Epop Cdk12 Eaf1 Med19 Parp1 Med27 Polr2l Eloc Med31 Cdc73 Ints5 Gtf2f1 Ccnt1 Ints14 Med17 Polr1c Nelfa"
"GOBP_DNA_TEMPLATED_TRANSCRIPTION_INITIATION",-0.762081036320737,0.99312242090784,1,211,-0.172648484811073,38,"Egr1 Thra Aicda Taf5 Ints4 Ints8 Taf13 Apobec1 Armc5 Taf9b Taf4b Wdr5 Pwwp2a Taf6l Ctnnbip1 Gtf2e2 Med13 Foxo1 Padi2 Med11 Polr2b Xpa Zmpste24 Med18 Men1 Ints10 Med29 Wnt10b Tfam Usp21 Smarcd1 Brd7 Sphk2 Atad2 Med23 Polr3f Kat7 Tbp"
"GOBP_DNA_TEMPLATED_TRANSCRIPTION_TERMINATION",-0.456677701675682,0.999338842975207,1,41,-0.134655379441552,2,"Prr3 Pcf11"
"GOBP_DOLICHOL_LINKED_OLIGOSACCHARIDE_BIOSYNTHETIC_PROCESS",0.876134433121559,0.643206106870229,1,18,0.344507133169409,6,"Dpagt1 Alg8 Alg3 Alg10b Rft1 Alg1"
"GOBP_DOPAMINERGIC_NEURON_DIFFERENTIATION",1.18692116712321,0.259872014983612,1,14,0.493614290064922,10,"Ryk Vegfa Tiam1 Nr4a2 Dvl3 Rac1 Pax5 Gsk3b Cdnf Lrp6"
"GOBP_DOPAMINE_METABOLIC_PROCESS",1.18190310006402,0.257332510033961,1,16,0.476572127159362,4,"Chrnb2 Ddc Spr Atp7a"
"GOBP_DOPAMINE_SECRETION",1.14873885097371,0.292065452300093,1,16,0.463199493875165,4,"Xlr4b Xlr4a Slc18a2 Chrnb2"
"GOBP_DOPAMINE_TRANSPORT",1.54833267988396,0.0234762979683973,1,22,0.581840556908024,8,"Xlr4b Xlr4a Slc18a2 Slc29a4 Chrnb2 Smpd3 Slc29a3 Rab3b"
"GOBP_DORSAL_VENTRAL_PATTERN_FORMATION",0.943285296421436,0.557295477828187,1,34,0.324780457718432,2,"Intu Ift88"
"GOBP_DOSAGE_COMPENSATION_BY_INACTIVATION_OF_X_CHROMOSOME",0.821432844570742,0.721370067014147,1,23,0.305403033625379,7,"Pcgf5 Rbm15 Firre Ncor2 Mettl3 Spen Pcgf3"
"GOBP_DOUBLE_STRAND_BREAK_REPAIR",0.79149912147512,0.941283155746996,1,280,0.203899969678493,95,"Spire1 Swsap1 Parpbp Dna2 Chek1 Fan1 Wrap53 Terb1 Gen1 Ercc6 Hells Xrcc2 Poll Brca2 Mlh1 Shld3 Mcm2 Eya1 Tdp1 Rtel1 Mapk8 Dclre1b Nbn Senp3 Mms22l Mcm9 Zswim7 Nucks1 Terf2ip Pbrm1 Aste1 Prdm9 Shld1 Smc6 Kmt5b Smarcal1 Kdm4d Spidr Rad52 Gfi1 Dmap1 Wrn Ercc6l2 Ppp4r3a Rad51d Slf1 Smc5 Xrcc6 Morf4l2 Prkdc Eme2 Palb2 Ino80 Fancm Chek2 Rpa2 Recql4 Rad54l Dclre1c Zcwpw1 Smarcad1 Parp1 Inip Gins2 Kdm1a Mgmt Mta1 Paxx Actr5 Epc1 Rmi2 Ruvbl2 Prmt1 Hdgfl2 Csnk2a2 Actl6a Cdc45 Epc2 Atr Shld2 C1qbp Trip13 Fus Atrip Ercc1 Ube2v2 Hpf1 Bcl7b Msh2 Bcl7c Psmd14 Mus81 Smarcc1 Was Lig1"
"GOBP_DOUBLE_STRAND_BREAK_REPAIR_VIA_BREAK_INDUCED_REPLICATION",0.669545235874374,0.86793953858393,1,11,0.29606882356289,4,"Mcm2 Gins2 Cdc45 Mus81"
"GOBP_DOUBLE_STRAND_BREAK_REPAIR_VIA_CLASSICAL_NONHOMOLOGOUS_END_JOINING",1.12332876348399,0.339465685490322,1,10,0.508115042993905,9,"Ercc6 Ercc6l2 Xrcc6 Lig4 Trp53bp1 Ercc8 Uvrag Rnf168 Topbp1"
"GOBP_DOUBLE_STRAND_BREAK_REPAIR_VIA_NONHOMOLOGOUS_END_JOINING",-0.619868393771901,0.995714842228282,1,74,-0.163047780949603,11,"Polm Helq Xrcc1 Nsd2 Nhej1 Xrcc4 Lmna Pola1 Smchd1 Polb Hmces"
"GOBP_D_GLUCOSE_IMPORT",-0.854356171785103,0.752139800285307,1,58,-0.234533933023827,17,"Sorbs1 Sirt6 Lmbrd1 Irs2 Slc27a4 Tsc1 Tnf Slc25a27 Crebl2 Appl1 Sgcb Slc2a1 Akt2 Aspscr1 Enpp1 Repin1 Appl2"
"GOBP_EARLY_ENDOSOME_TO_GOLGI_TRANSPORT",0.661084900476851,0.88045540796964,1,12,0.285716492291417,1,"Ehd3"
"GOBP_EAR_DEVELOPMENT",0.944576699849519,0.571690454366898,1,90,0.275812082301283,17,"Ift88 Kcnk3 Ttc8 Dll1 Nectin1 Abr Maf Wdr19 Tprn Rpgrip1l Elmod3 Mcm2 Eya1 Nr4a3 Nfix Myo7a Notch1"
"GOBP_EAR_MORPHOGENESIS",0.867672966689923,0.6897794435635,1,39,0.29116451344151,8,"Dll1 Nectin1 Abr Wdr19 Tprn Eya1 Nr4a3 Myo7a"
"GOBP_EATING_BEHAVIOR",1.09999434276065,0.346072186836518,1,20,0.422167625218108,7,"C1qtnf4 Napepld Ahr Agrp Dgat1 Ttc21b Cpt1a"
"GOBP_ELECTRON_TRANSPORT_CHAIN",0.635318501596756,0.987320261437909,1,91,0.185133196624086,21,"Cdk1 Ppargc1a Immp2l Etfdh Coq9 Ndor1 Dld Sod2 Fdx1 Ndufa8 Pink1 Ndufv3 Ndufa5 Sdhc Aifm1 Vps54 Iscu Bid Ndufa10 Uqcr10 Uqcrq"
"GOBP_EMBRYONIC_APPENDAGE_MORPHOGENESIS",1.49655979463772,0.0193530550179707,1,59,0.465887956002254,16,"Intu Ift88 Tbc1d32 Lmbr1 B9d1 Sp9 Lef1 Wdr19 Runx2 Rpgrip1l Ift140 Ptch1 Traf3ip1 Chst11 Flvcr1 Notch1"
"GOBP_EMBRYONIC_AXIS_SPECIFICATION",1.38722583029638,0.0953998147576412,1,16,0.559363254702478,7,"Nrarp Tdrkh Tbx6 Ptch1 Frat1 Fzd5 Kdm6a"
"GOBP_EMBRYONIC_BRAIN_DEVELOPMENT",1.13131988268794,0.31730919307008,1,14,0.4704909442999,5,"Tmem94 Cdk20 Ift140 Pcnt Ttbk2"
"GOBP_EMBRYONIC_CAMERA_TYPE_EYE_DEVELOPMENT",1.42900852468597,0.0662714698282414,1,19,0.55473087886706,10,"Cdk20 Wdr19 Ift140 Traf3ip1 Rara Fzd5 Tulp3 Kdm2b Cited2 Hipk2"
"GOBP_EMBRYONIC_CAMERA_TYPE_EYE_MORPHOGENESIS",0.789640163357283,0.744307400379507,1,12,0.341277220950178,4,"Fzd5 Kdm2b Cited2 Hipk2"
"GOBP_EMBRYONIC_CRANIAL_SKELETON_MORPHOGENESIS",1.15698811039966,0.276098287416232,1,23,0.430160153833635,5,"Smad3 Wdr19 Runx2 Ift140 Chst11"
"GOBP_EMBRYONIC_DIGESTIVE_TRACT_DEVELOPMENT",0.762784179780117,0.776355783074708,1,10,0.345029993803385,5,"Ada Rarres2 Id2 Vps52 Tcf7"
"GOBP_EMBRYONIC_DIGIT_MORPHOGENESIS",1.52995170691362,0.0226942100669188,1,35,0.523338354187526,10,"Intu Ift88 Tbc1d32 Lmbr1 B9d1 Ift140 Traf3ip1 Chst11 Flvcr1 Notch1"
"GOBP_EMBRYONIC_EYE_MORPHOGENESIS",0.950817664900553,0.543194335169158,1,13,0.403043736771492,5,"Fbn1 Fzd5 Kdm2b Cited2 Hipk2"
"GOBP_EMBRYONIC_HEART_TUBE_DEVELOPMENT",1.43212389983631,0.0444222253963719,1,42,0.473491618499829,6,"Eng Slc8a1 Dll1 Smad3 Nphp3 Tmem94"
"GOBP_EMBRYONIC_HEART_TUBE_MORPHOGENESIS",1.29015065816656,0.133984028393966,1,31,0.452726056936967,4,"Eng Dll1 Smad3 Nphp3"
"GOBP_EMBRYONIC_HEMOPOIESIS",-0.668837387312808,0.898972099853157,1,21,-0.22980870540783,7,"Pbx1 Stk4 Lmo2 Cdan1 Ccdc134 Kat6a Runx1"
"GOBP_EMBRYONIC_HINDLIMB_MORPHOGENESIS",0.927579005006157,0.57326968973747,1,11,0.410169783995502,3,"Lmbr1 Rpgrip1l Notch1"
"GOBP_EMBRYONIC_MORPHOGENESIS",1.05450187849076,0.337576772752652,1,309,0.269429848865543,58,"Eng Intu Ift88 Tbc1d32 Cdon Lmbr1 Dll1 Nectin1 Bmpr2 Socs3 Smad3 Hspg2 Nphp3 Abr B9d1 Cdk20 Plxnb2 Sp9 Lef1 Wdr19 Tbx6 Runx2 Tprn Mthfr Hyal1 Rpgrip1l Ift140 Arhgap35 Id2 Ptch1 Traf3ip1 Mthfd1 Itgb3 Ext1 Snai1 Bmi1 Eya1 Enah Chst11 Nr4a3 Flvcr1 Ctr9 Pou2f1 Myo7a Notch1 Mbp Stk3 Tgif2 Cluap1 Dll4 Dld Wnt6 Scrib Ttbk2 Cecr2 Ski Prox2 Rara"
"GOBP_EMBRYONIC_ORGAN_DEVELOPMENT",1.0727407377325,0.312062529164722,1,217,0.282395409462663,37,"Eng Slc8a1 Dll1 Nectin1 Socs3 Smad3 Hspg2 Nphp3 Vegfa Abr Tmem94 Hsd17b7 Cdk20 Lef1 Syde1 Uty Wdr19 Ada Runx2 Tprn Rarres2 Hyal1 Pkd1 Ift140 Id2 Ptch1 Traf3ip1 Fbxw8 Pole Snai1 Bmi1 Eya1 Chst11 Nr4a3 Flvcr1 Ncoa6 Myo7a"
"GOBP_EMBRYONIC_ORGAN_MORPHOGENESIS",1.03236942467418,0.402125208039944,1,110,0.293505990602171,20,"Eng Dll1 Nectin1 Smad3 Hspg2 Nphp3 Abr Wdr19 Runx2 Tprn Hyal1 Ift140 Id2 Bmi1 Eya1 Chst11 Nr4a3 Flvcr1 Myo7a Notch1"
"GOBP_EMBRYONIC_PATTERN_SPECIFICATION",1.32773394293623,0.118779620853081,1,26,0.482432400126633,7,"Meis3 Dll1 Nrarp Smad3 Tdrkh Tbx6 Ptch1"
"GOBP_EMBRYONIC_PLACENTA_DEVELOPMENT",0.795049295120551,0.812907702984039,1,56,0.249770581229806,8,"Slc8a1 Socs3 Lef1 Syde1 Pkd1 Fbxw8 Snai1 Ncoa6"
"GOBP_EMBRYONIC_PLACENTA_MORPHOGENESIS",-1.19640261308337,0.236095017381228,1,18,-0.427462064394177,3,"Adm Llgl2 Zfp568"
"GOBP_EMBRYONIC_SKELETAL_SYSTEM_DEVELOPMENT",1.40702510273706,0.0500837053571429,1,50,0.449720363065607,14,"Sulf2 Smad3 Hspg2 Hsd17b7 Cdk20 Wdr19 Runx2 Hyal1 Ift140 Ext1 Bmi1 Eya1 Chst11 Flvcr1"
"GOBP_EMBRYONIC_SKELETAL_SYSTEM_MORPHOGENESIS",1.42230070899893,0.0557588175032928,1,34,0.489709186642024,10,"Smad3 Hspg2 Wdr19 Runx2 Hyal1 Ift140 Bmi1 Eya1 Chst11 Flvcr1"
"GOBP_EMBRYO_DEVELOPMENT_ENDING_IN_BIRTH_OR_EGG_HATCHING",1.03475165239521,0.374640383590836,1,498,0.256385742917981,89,"Slc8a1 Intu Tbc1d32 Inka1 Pemt Dll1 Sulf2 Nrarp Tanc2 Angpt1 Bmpr2 Socs3 Smad3 Hspg2 St8sia6 Kbtbd8 Vegfa Celf4 B9d1 Hsd17b7 Cdk20 Chek1 Plxnb2 Maf Endog Marcks Lef1 Syde1 Uty Wdr19 Rcn1 Ada Tbx6 Runx2 Mthfr Hyal1 Tent5c Rpgrip1l Oosp1 Pkd1 Ift140 Arhgap35 Fosl1 Npat Ell Xrcc2 Brca2 Ptch1 Traf3ip1 Mthfd1 Fbxw8 Cops2 Ext1 Snai1 Bmi1 Eya1 Enah Chst11 Flvcr1 Txnrd3 Ctr9 Ncoa6 Nbn Notch1 Pofut1 Spic Kdm4c Cdk5r1 Ttll1 Rundc1 Stk3 Pcnt Ssbp3 Ctdspl2 Cluap1 Pbrm1 Polr1b Scrib Nolc1 Hinfp Ttbk2 Slc35d1 Cecr2 Mapk8ip3 Ski Slc30a1 Tbl1xr1 Egln1 Rara"
"GOBP_EMBRYO_IMPLANTATION",1.1202040605251,0.304771603142275,1,35,0.383179251175204,8,"Smad3 Vegfa Syde1 Stx2 Itgb3 Calr Polr1b Bsg"
"GOBP_ENDOCARDIAL_CUSHION_DEVELOPMENT",1.48225857052427,0.0462595419847328,1,18,0.582842805216231,6,"Eng Bmpr2 Erbb3 Snai1 Nfatc1 Notch1"
"GOBP_ENDOCARDIAL_CUSHION_MORPHOGENESIS",1.31476815555998,0.145635673624288,1,12,0.568234042725966,4,"Eng Snai1 Notch1 Tmem100"
"GOBP_ENDOCHONDRAL_BONE_MORPHOGENESIS",1.46091123935028,0.0411239572662081,1,34,0.503003092279943,14,"Bmpr2 Hspg2 Alpl Col27a1 Tlr4 Smpd3 Npr2 Runx2 Ift80 Ext1 Nfix Ctdspl2 Rara Col10a1"
"GOBP_ENDOCRINE_HORMONE_SECRETION",1.20470869884899,0.235725190839695,1,18,0.473706687529687,9,"Abcb1b Rab11fip3 Rab11fip1 Cry2 Cry1 Selenom Mfn2 Rab8b Smad4"
"GOBP_ENDOCRINE_PANCREAS_DEVELOPMENT",0.812732914953878,0.725532571781414,1,16,0.327713713646253,2,"Dll1 Pde3b"
"GOBP_ENDOCRINE_PROCESS",1.27187802450215,0.152449822904368,1,30,0.448419343688019,4,"Abcb1b Rps6ka2 Kcnn4 Rab11fip3"
"GOBP_ENDOCRINE_SYSTEM_DEVELOPMENT",-1.03505404328681,0.37841675541356,1,49,-0.295241641162173,8,"Thra Hes1 Braf Tg Armc5 Pbx1 Rap1gap Tcf7l2"
"GOBP_ENDOCYTIC_RECYCLING",0.699272445659578,0.947219983883965,1,71,0.211447664902212,18,"Zdhhc2 Ehd3 Rab11fip3 Ehbp1 Arl4c Akap5 Scrib Micall1 Rab12 Vps52 Vps26c Vps53 Stx16 Snf8 Vps39 Snx17 Lmtk2 Ankrd50"
"GOBP_ENDOCYTOSIS",1.10128509801855,0.213274715848166,1,465,0.273862855473331,72,"Ramp1 Cd300lf Mctp1 Ighg3 Tbc1d2b Iqsec2 Trf Ackr3 Cd9 Dll1 Myo1f Bicd1 Fcer1g App Angpt1 Cxcr2 Calcrl Ralb Ifitm3 Apoe Neu3 Hspg2 Pear1 Ehd3 Synj2 Il15ra Ptk2 Il15 Kcnn4 Sirpa Havcr1 Vegfa Abr Snx10 Xkr8 Tlr4 Plxnb2 Pip4p2 Lyst Sag Elmo3 Plk2 C9orf72 Sh3bp1 Gas7 Pacsin1 Ehbp1 Cltb Tusc2 Plscr1 Ly75 Itgb3 Grk3 Nfix Rabep1 Rab20 Josd1 Dgkq Myo7a Ncl Esyt2 Btbd8 Heatr5a Kcnc3 Ncdn Atad1 Letmd1 Akap5 Calr Rab39 Arrb1 Tlr2"
"GOBP_ENDODERMAL_CELL_DIFFERENTIATION",-1.01486804257894,0.433936022253129,1,14,-0.386672195180417,3,"Mmp14 Lamb3 Leo1"
"GOBP_ENDODERM_DEVELOPMENT",0.686120928291678,0.912691529343741,1,37,0.232278033176632,5,"Angpt1 Smad3 Ext1 Ctr9 Notch1"
"GOBP_ENDODERM_FORMATION",-1.02112917028919,0.423415492957746,1,20,-0.354620262824759,5,"Mmp14 Lamb3 Leo1 Dusp5 Dusp2"
"GOBP_ENDOLYSOSOMAL_TOLL_LIKE_RECEPTOR_SIGNALING_PATHWAY",-0.804975700220288,0.785343709468223,1,37,-0.244110709685658,6,"Gramd4 Scimp Oas1a Tnf Washc4 Trim3"
"GOBP_ENDOMEMBRANE_SYSTEM_ORGANIZATION",0.610095153321963,1,1,419,0.15269756225531,33,"Chn2 Pheta1 Laptm4b Cd9 Pi4k2b Tlcd1 Ehd3 Tmem170 Snx10 Xkr8 Chek1 Plekhm2 Doc2a Plscr3 Tmem38b Lyst Zbed3 Emc9 Gorasp1 Cdk1 Stx11 Nomo1 Stx2 Pacsin1 Tmem63b Snap47 Plk3 Snap23 Rnf26 Fsip1 Cacna1s Plscr1 Fbxw8"
"GOBP_ENDONUCLEOLYTIC_CLEAVAGE_OF_TRICISTRONIC_RRNA_TRANSCRIPT_SSU_RRNA_5_8S_RRNA_LSU_RRNA",1.04511500835764,0.417567150355048,1,16,0.42141583572477,8,"Rpp40 Tsr1 Rcl1 Npm1 Sde2 Fcf1 Tbl3 Rrs1"
"GOBP_ENDOPLASMIC_RETICULUM_CALCIUM_ION_HOMEOSTASIS",-0.77952752348977,0.790386370550654,1,23,-0.263498261580631,3,"Bcl2 Tmtc4 Psen2"
"GOBP_ENDOPLASMIC_RETICULUM_MEMBRANE_ORGANIZATION",0.57380748986866,0.948544453186467,1,13,0.243232244668407,3,"Atl1 Atl3 Atl2"
"GOBP_ENDOPLASMIC_RETICULUM_ORGANIZATION",0.797735394664241,0.832579787234043,1,78,0.237634760035694,21,"Tmem170 Tmem38b Zbed3 Emc9 Nomo1 Cacna1s Esyt2 Atl1 Ccdc47 Emc1 Lman1 Atl3 Atl2 Polr2m Emc4 Tor1b Reep3 Ubl4a Rab10 Tram1 Bag6"
"GOBP_ENDOPLASMIC_RETICULUM_TO_CYTOSOL_TRANSPORT",0.414483049042919,0.999703791469194,1,26,0.150602500768623,11,"Derl3 Rhbdd1 H13 Os9 Ube2g2 Edem1 Nploc4 Hsp90b1 Vcp Aup1 Herpud1"
"GOBP_ENDOPLASMIC_RETICULUM_TO_GOLGI_VESICLE_MEDIATED_TRANSPORT",-0.652362788711249,0.998109640831758,1,115,-0.159958580303927,22,"Pgap1 Sec24d Sorl1 Bet1 Copg2 Creb3l2 Vti1a Sec24b Sar1b Tmed7 Scfd1 Stx5a Trappc1 Insig1 Lmf1 Trappc5 Golga2 Gosr1 Vapb Erp29 Stx17 Pef1"
"GOBP_ENDOPLASMIC_RETICULUM_TUBULAR_NETWORK_ORGANIZATION",0.779850208039987,0.77124183006536,1,19,0.302732267734896,6,"Tmem170 Atl1 Atl3 Atl2 Reep3 Rab10"
"GOBP_ENDOSOMAL_TRANSPORT",-0.777074002823615,0.992990654205608,1,247,-0.173075839045142,78,"Itsn1 Ehd2 Alms1 Rab29 Pik3r4 Sorl1 Diaph3 Hook2 Ube2o Washc5 Flna Ehd4 Rab9 Ap1s2 Vps50 Snx9 Mvb12a Snx2 Snx16 Cmtm6 Bcl2l1 Tbc1d14 Acap2 Washc4 Rab6b Leprotl1 Vps16 Tbc1d23 Snx8 Ccdc93 Inpp5f Vti1a Hgs Zfyve16 Vps35l Washc2 Stx5a Vps51 Tmcc1 Chmp7 Spag9 Ap1g1 Vps11 Evi5 Snx4 Ap5m1 Ptpn23 Dennd5a Msn Gosr1 Ap5z1 Rbsn Eipr1 Ezr Snx5 Entr1 Snx6 Snx3 Vps26a Coro1a Tbc1d10c Rab4b Vta1 Dpy30 Chmp3 Rcsd1 Vps35 Vps4a Eps15 Ccdc22 Vps36 Dennd1c Ctsd Rdx Chmp5 Aktip Rufy1 Bet1l"
"GOBP_ENDOSOMAL_VESICLE_FUSION",-0.839328375682262,0.665851005981512,1,12,-0.333269629883004,6,"Samd9l Vps11 Rab4b Vps4a Rufy1 Ankfy1"
"GOBP_ENDOSOME_ORGANIZATION",0.736677973420472,0.90529738517816,1,67,0.224754876546514,4,"Pheta1 Laptm4b Pi4k2b Snx10"
"GOBP_ENDOSOME_TO_LYSOSOME_TRANSPORT",-0.617069530547798,0.989161849710983,1,59,-0.169083860102578,20,"Hook2 Trak2 Mvb12a Snx16 Vps16 Lipa Hgs Mgrn1 Chmp7 Vps11 Bin1 Dtx3l Vps33a Scyl2 Chmp3 Vps4a Chmp5 Vps18 Aktip Trak1"
"GOBP_ENDOSOME_TO_LYSOSOME_TRANSPORT_VIA_MULTIVESICULAR_BODY_SORTING_PATHWAY",0.446709409585298,0.994632725042171,1,17,0.177886761774848,3,"Lyst Chmp4c Chmp6"
"GOBP_ENDOSOME_TO_PLASMA_MEMBRANE_PROTEIN_TRANSPORT",0.958513541553019,0.529330040135844,1,16,0.386496014253819,3,"Zdhhc2 Akap5 Scrib"
"GOBP_ENDOTHELIAL_CELL_APOPTOTIC_PROCESS",1.04263319596943,0.408166252012293,1,34,0.358986711553801,10,"Angpt1 Bmpr2 Angptl4 Prkci Itgb3 Cdh5 Rgcc Sema5a Xbp1 Tnip2"
"GOBP_ENDOTHELIAL_CELL_CHEMOTAXIS",1.06474273513549,0.401486401012018,1,12,0.460174720760144,6,"Plekhg5 Vegfa Notch1 Sema5a Lgmn Nr4a1"
"GOBP_ENDOTHELIAL_CELL_DEVELOPMENT",1.0889859307632,0.330136793118037,1,46,0.353473810247387,6,"Abcb1b Ift88 Vegfa Tjp2 Ptprs S1pr3"
"GOBP_ENDOTHELIAL_CELL_DIFFERENTIATION",1.08184475889137,0.329901097412275,1,67,0.330062651524863,15,"Abcb1b Ift88 Dll1 Bmpr2 Vegfa Tjp2 Ptprs S1pr3 Cdh5 Notch1 Tjp3 Pbrm1 Zdhhc21 Fasn Prox2"
"GOBP_ENDOTHELIAL_CELL_MIGRATION",0.833972540761237,0.809666917104934,1,125,0.233361113809951,24,"Plekhg5 Angpt1 Apoe Ptk2 Hmox1 Vegfa Plk2 Sh3bp1 Itgb3 Cdh5 Dpp4 Rgcc Notch1 Fbxw7 Calr Sema5a Dll4 Bsg Scarb1 Egf Micall1 Lgmn Gipc1 Prkca"
"GOBP_ENDOTHELIAL_CELL_PROLIFERATION",1.11257524279302,0.281554694804327,1,76,0.332978130692867,22,"Eng Nrarp Bmpr2 Apoe Hspg2 Hmox1 Vegfa Il12a Itgb3 Rgcc Sema5a Dll4 Mydgf Scarb1 Egf Xbp1 Prkca Tsc2 Ern1 Nr4a1 Thap1 Stat5a"
"GOBP_ENDOTHELIUM_DEVELOPMENT",1.08562825589299,0.321362064378824,1,79,0.322996181398945,17,"Abcb1b Ift88 Dll1 Bmpr2 Vegfa Tjp2 Ptprs S1pr3 Cdh5 Notch1 Tjp3 Dll4 Pbrm1 Zdhhc21 Bsg Fasn Prox2"
"GOBP_ENERGY_HOMEOSTASIS",0.654758877530924,0.95643674951131,1,51,0.208880824891708,7,"C1qtnf4 Dll1 Apoe Ppargc1a Nr4a3 Fcor Mapk8"
"GOBP_ENERGY_RESERVE_METABOLIC_PROCESS",-0.64946809200013,0.987012987012987,1,64,-0.175798648802151,17,"Phka1 Sorbs1 Irs2 Gys1 Tcf7l2 Rb1cc1 1810024B03Rik Ppp1cb Akt2 Wdr45 Pygm Ppp1r2 Enpp1 Atg2a Rubcnl Selenon Wdr45b"
"GOBP_ENSHEATHMENT_OF_NEURONS",0.8271801177448,0.798387096774194,1,96,0.239212599465832,11,"Tnfrsf21 Cd9 Lpin1 Tspan2 Bcas1 Tnfrsf1b Cyfip1 Gpm6b Erbb3 Plp1 Cmtm8"
"GOBP_ENTEROENDOCRINE_CELL_DIFFERENTIATION",0.795741272572543,0.742564909520063,1,13,0.337308137869404,1,"Dll1"
"GOBP_ENTRAINMENT_OF_CIRCADIAN_CLOCK",0.777501226390084,0.777777777777778,1,21,0.295513549997412,7,"Usp2 Id2 Per3 Cry2 Cry1 Nr2f6 Mta1"
"GOBP_ENUCLEATE_ERYTHROCYTE_DIFFERENTIATION",-0.975492819705166,0.485861881457314,1,12,-0.387336042001921,5,"Diaph3 Cebpg Nemp1 Hdac6 Maea"
"GOBP_EPHRIN_RECEPTOR_SIGNALING_PATHWAY",1.28888204080397,0.155292690324537,1,20,0.494660971607269,6,"Ptk2 Git1 Diaph2 Notch1 Cdk5r1 Tiam1"
"GOBP_EPIBOLY",-0.441444441662073,0.998247151621385,1,19,-0.155547236870016,8,"Flna Ceacam1 Cd44 Pten Clasp1 Rhoa Mrtfa Pdcd10"
"GOBP_EPIDERMAL_CELL_DIFFERENTIATION",-0.726545056501576,0.965376782077393,1,84,-0.186768769422785,15,"Anxa1 Hes1 Hes5 Wdpcp Casp3 Ift74 Ripor2 Cux1 Lats2 Lamc1 Klf4 Stk4 Sfn Sec24b Whrn"
"GOBP_EPIDERMIS_DEVELOPMENT",-0.941339169789374,0.645776566757493,1,154,-0.221632290743622,30,"Stmn1 Kif3a Anxa1 Hpse Ngfr Hes1 Bcl2 Hes5 Satb1 Wdpcp Casp3 Ift74 Psen2 Ripor2 Tnf Edaradd Cux1 Lats2 Lamc1 Plod1 Tnfrsf19 Agpat2 Klf4 Stk4 Sfn Zmpste24 Sec24b Whrn Aldh3a2 Wnt10b"
"GOBP_EPIDERMIS_MORPHOGENESIS",1.1748453236378,0.262359720958447,1,20,0.450894737362021,6,"Intu Gorab Ext1 Snai1 Atp7a Notch1"
"GOBP_EPIGENETIC_PROGRAMMING_IN_THE_ZYGOTIC_PRONUCLEI",-0.693685151264915,0.843960182943234,1,11,-0.28109323646428,11,"Suv39h2 Dcaf13 Mettl23 Kdm1b Tet3 Suv39h1 Axin1 Ddb1 Tle6 Zfp445 Tet1"
"GOBP_EPIGENETIC_PROGRAMMING_OF_GENE_EXPRESSION",0.613524180366053,0.953909586217052,1,28,0.219207639212941,13,"Dnmt3b Kcnq1ot1 Dnmt3a Tet1 Prmt7 Zfp445 Gnas Eed Gsk3b Trim28 Mecp2 Tle6 Ddb1"
"GOBP_EPIGENETIC_REGULATION_OF_GENE_EXPRESSION",-0.850764216349343,0.927402135231317,1,223,-0.191575821270607,37,"Egr1 Alkbh4 Aicda Hdac9 Klf2 Mis18a Wdhd1 Sirt6 Apobec1 Zfp512 Setdb2 Zfp335 Wdr5 Scmh1 Trim37 Bcl6 Mis18bp1 Znfx1 Hdac11 Phf1 Suv39h2 Ppm1d Lmna Padi2 Smchd1 Zmpste24 Suz12 Mbd2 Men1 Cdan1 Usp21 Smarcd1 Cenpa Lrif1 Bahd1 Brd7 Sphk2"
"GOBP_EPITHELIAL_CELL_APOPTOTIC_PROCESS",-0.756868557200876,0.910404624277457,1,59,-0.2073903359451,8,"Anxa2 Fas Pik3cg Jak2 E2f2 Tcf7l2 Ager Bcl2l1"
"GOBP_EPITHELIAL_CELL_DEVELOPMENT",1.0050673500763,0.453891762331273,1,119,0.283100217536839,22,"Abcb1b Ift88 Fer Dll1 Vegfa Tjp2 Ptprs S1pr3 Adamtsl4 Rilpl2 Frmd6 Cdh5 Hrh2 Notch1 Krt10 Tjp3 Scrib Zdhhc21 Fasn Xbp1 Prox2 Rara"
"GOBP_EPITHELIAL_CELL_DIFFERENTIATION",0.95753485428258,0.587604690117253,1,309,0.244654349447047,81,"Intu Abcb1b Ift88 Ttc8 Fer Dll1 Dnph1 Bmpr2 Smad3 Vegfa B9d1 Tjp2 Fndc3b Maf Gstk1 Tmem38b Ptprs Lef1 S1pr3 Cdk1 Npr2 Tprn Aldoc Adamtsl4 Rilpl2 Stx2 Elmod3 Sh3bp1 Ift80 Id2 Ptch1 Ext1 Rbbp9 Frmd6 Cdh5 Ppl Wdr77 Myo7a Hrh2 Notch1 Krt10 Tjp3 Aimp2 Pbrm1 Scrib Zdhhc21 Fasn Xbp1 Vdac1 Prox2 Rara Ncor2 Tmem100 Eppk1 Fndc3a Crb3 Akap11 Spred2 Prlr Cpt1a Gfi1 Tsg101 Prdm1 Plod3 Csf1r Nme2 Tubb5 Nf2 Pcna Cul7 Ipo7 Stat5a Cdkn1a Esr1 Pde2a Hdac2 Sox4 Numa1 Plaat3 Rab10 Ampd2"
"GOBP_EPITHELIAL_CELL_DIFFERENTIATION_INVOLVED_IN_KIDNEY_DEVELOPMENT",-0.847653878517916,0.657491486946651,1,16,-0.311469454906957,5,"Prkx Magi2 Mtss1 Notch2 Myo1e"
"GOBP_EPITHELIAL_CELL_MORPHOGENESIS",1.18786975760686,0.242144452717796,1,23,0.441641736050325,6,"Ift88 Rilpl2 Frmd6 Cdh5 Hrh2 Scrib"
"GOBP_EPITHELIAL_CELL_PROLIFERATION",0.851402720631282,0.820566388115135,1,227,0.223157422045713,57,"Eng Intu Ift88 Sulf2 Nrarp Bmpr2 Apoe Smad3 Hspg2 Maged1 Ahr Stxbp4 Hmox1 Vegfa Erbb3 Il12a Ift80 Id2 Brca2 Ptch1 Itgb3 Eya1 Nr4a3 Cdc25a Wdr77 Rgcc Atp7a Notch1 Itgb3bp Stk3 Sema5a Dll4 Mydgf Scarb1 Cdk4 Egf Xbp1 Prkca Uhrf1 Eppk1 Tsc2 Nod2 Ern1 Btrc Npm1 Rb1 Prdm1 Myc Pex2 Nr4a1 Nme2 Prkdc Adk Thap1 Stat5a Cdkn1a Esr1"
"GOBP_EPITHELIAL_STRUCTURE_MAINTENANCE",0.915422178507348,0.586106425394878,1,17,0.364535609721592,8,"Ahr Tlr4 Slc22a5 Scrib Nod2 Strap Mks1 Tlr9"
"GOBP_EPITHELIAL_TO_MESENCHYMAL_TRANSITION",1.18074615681665,0.187226712601034,1,84,0.348397566399495,18,"Eng Smad3 Ptk2 Kbtbd8 Vegfa Slc39a6 Lef1 Snai1 Rgcc Nfatc1 Notch1 Tiam1 Polr1b Scrib Nolc1 Tmem100 Tsc2 Spred2"
"GOBP_EPITHELIAL_TUBE_BRANCHING_INVOLVED_IN_LUNG_MORPHOGENESIS",-0.729156757723891,0.816968011126565,1,14,-0.277814092385121,8,"Dag1 Tnf Kras Hhex Ctsh Ctsl Ctsd Rdh10"
"GOBP_EPITHELIAL_TUBE_FORMATION",-0.758233851231459,0.943259385665529,1,93,-0.191599766522803,15,"Adm Coq7 Hes5 Rab23 Casp3 Ift122 Tsc1 Tead2 Lmo4 Stk4 Rala Ipmk Ift52 Spint2 Sec24b"
"GOBP_EPITHELIAL_TUBE_MORPHOGENESIS",1.00383610899425,0.459928656361474,1,188,0.268105748311483,39,"Eng Dll1 Nrarp Angpt1 Hs3st3b1 Cxcr2 Smad3 Maged1 Ahr Nphp3 Vegfa Cdk20 Slc12a2 Plxnb2 Lef1 Tmem67 Mthfr Pkd1 Arhgap35 Fkbpl Ptch1 Mthfd1 Ext1 Eya1 Enah Nfatc1 Notch1 Stk3 Sema5a Cluap1 Dll4 Rbm15 Wnt6 Scrib Bsg Cecr2 Egf Ski Rara"
"GOBP_ERAD_PATHWAY",0.4861619737512,1,1,90,0.141957075944581,32,"Foxred2 Trim13 Tmem67 Sdf2l1 Derl3 Fbxo6 Ccdc47 Calr Hspa5 Ecpas Rhbdd1 H13 Wfs1 Canx Sik2 Rnf185 Bag6 Dnajb9 Os9 Eif2ak3 Ube2g2 Stt3b Edem1 Rnf103 Ankzf1 Nploc4 Ubxn2a Nrros Hsp90b1 Ubxn6 Usp14 Vcp"
"GOBP_ERBB2_SIGNALING_PATHWAY",1.2532180013931,0.202386634844869,1,11,0.554165363981335,6,"Erbb3 Egf Cpne3 Map2k2 Sos1 Hras"
"GOBP_ERBB3_SIGNALING_PATHWAY",1.01784118153438,0.456726923692209,1,10,0.460399869146303,4,"Erbb3 Map2k2 Sos1 Hras"
"GOBP_ERBB_SIGNALING_PATHWAY",1.05981679743143,0.360212907518297,1,80,0.314759245321123,13,"Abcb1b Fer Zfyve28 Ralb Neu3 Mvb12b Ptk2 Npr2 Erbb3 Vps25 Dgkq Mapk8 Fbxw7"
"GOBP_ERK1_AND_ERK2_CASCADE",0.862524214658665,0.768939856044894,1,157,0.234545580334619,32,"Ackr3 Pde8a App Angpt1 Apoe Prkcz Sirpa Vegfa Fgfbp3 Tlr4 E130311K13Rik Sema7a Gpr55 Ankrd26 Fbxo21 Apip Itgb3 Mturn Ptpn22 Ccr1 Mif Notch1 Dnajc27 Fbxw7 Tiam1 Arrb1 Tlr2 Mfhas1 Egf Xbp1 Rara Nrxn1"
"GOBP_ERROR_PRONE_TRANSLESION_SYNTHESIS",0.799045450588996,0.730283154695249,1,10,0.3614320461455,2,"Polk Pold3"
"GOBP_ERYTHROCYTE_DEVELOPMENT",-0.874384981083657,0.669117647058823,1,35,-0.268937759770627,6,"Slc11a2 Klf2 Diaph3 Bcl6 Tmod3 G6pdx"
"GOBP_ERYTHROCYTE_HOMEOSTASIS",-0.811715156182758,0.9098563645369,1,126,-0.197352812171516,29,"Slc11a2 Thra Klf2 Racgap1 Diaph3 Casp3 Jak2 Acvr2a Bcl6 Add1 Hspa1b Cebpg Tmod3 G6pdx Slc1a5 Lmo2 Ets1 Hmgb2 Cdan1 Ufl1 Zfp36 Lyn Nemp1 Kat7 Uba5 Hdac6 Maea Spi1 Ptbp3"
"GOBP_ERYTHROCYTE_MATURATION",-1.0138865772546,0.438379775926458,1,17,-0.367814353919641,7,"Klf2 Diaph3 G6pdx Nemp1 Hdac6 Maea Ptbp3"
"GOBP_ER_NUCLEUS_SIGNALING_PATHWAY",-0.759105131402531,0.868329868329868,1,47,-0.218043867313679,11,"Bcl2l11 Armc5 Insig2 Rpap2 Abca7 Srebf1 Nck2 Akt2 Erlin1 Insig1 Srebf2"
"GOBP_ER_OVERLOAD_RESPONSE",0.751097873706202,0.793548387096774,1,13,0.318384170672021,8,"Ccdc47 Hspa5 Wfs1 Bid Atg10 Eif2ak3 Trp53 Gsk3b"
"GOBP_ESTABLISHMENT_OF_CELL_POLARITY",0.883637153865686,0.701653210303729,1,109,0.251417950866354,16,"Pard3b Ttc8 Rufy3 Fgf13 Prkcz Ska2 Alpk2 Patj Dock7 Sh3bp1 Pkd1 Cyth3 Prkci Sdccag8 Cdh5 Gpsm1"
"GOBP_ESTABLISHMENT_OF_ENDOTHELIAL_BARRIER",0.995050064450475,0.477443609022556,1,36,0.338151744741147,9,"Abcb1b Vegfa Tjp2 Ptprs S1pr3 Cdh5 Tjp3 Zdhhc21 Fasn"
"GOBP_ESTABLISHMENT_OF_EPITHELIAL_CELL_POLARITY",0.724147941613922,0.840249278005776,1,19,0.281109046686436,3,"Ttc8 Sh3bp1 Cyth3"
"GOBP_ESTABLISHMENT_OF_LYMPHOCYTE_POLARITY",-0.544628053897995,0.964756524078558,1,11,-0.220692719254941,3,"Ripor2 Ccr7 Dock2"
"GOBP_ESTABLISHMENT_OF_MITOCHONDRION_LOCALIZATION",-0.513164204300417,0.990873136598722,1,23,-0.173461323255435,2,"Uchl1 Trak2"
"GOBP_ESTABLISHMENT_OF_MITOCHONDRION_LOCALIZATION_MICROTUBULE_MEDIATED",-0.691613829896148,0.870873502775343,1,19,-0.243696850766527,4,"Uchl1 Trak2 Agtpbp1 Hdac6"
"GOBP_ESTABLISHMENT_OF_MITOTIC_SPINDLE_LOCALIZATION",-0.971793614560664,0.504391468005019,1,33,-0.302701581438452,8,"Spdl1 Mad2l1 Mcph1 Enkd1 Ubxn2b Cenpa Ccdc66 Nusap1"
"GOBP_ESTABLISHMENT_OF_ORGANELLE_LOCALIZATION",0.785337557248142,0.948841915898358,1,295,0.201376984527544,74,"Spire1 Nefh Slit1 Kif13a Bicd1 Tanc2 Fcer1g Slc18a2 Prkcz Ska2 Ptk2 Mreg Hmox1 Bicdl1 Smpd3 Zbed3 Armcx6 Dock7 Pkd1 Dipk2a Snap23 Exoc8 Nr4a3 Kifc1 Myo7a Gpsm1 Btbd8 Mapk8 Nmd3 Wdr11 Ska3 Fes Gpsm2 Fgr Scrib Nup88 Rab1a Trappc9 Kif13b Spg11 Kpnb1 Cln3 Ran Limk2 Cd84 Npm1 Tsg101 Snapin Pcm1 Myo19 Trappc3 Tmem230 Bloc1s1 Snf8 Bloc1s4 Arhgap21 Numa1 Ndc80 5730455P16Rik Sdc4 Ykt6 Ikbkg Pdcd6 Borcs8 Armcx2 Riok2 Stam Pdcd6ip Stard3nl Tacc2 Ap1ar Rab11a Syt11 Xpo1"
"GOBP_ESTABLISHMENT_OF_PIGMENT_GRANULE_LOCALIZATION",0.70037430392082,0.848308418568057,1,13,0.29688286935698,3,"Mreg Myo7a Rab1a"
"GOBP_ESTABLISHMENT_OF_PROTEIN_LOCALIZATION_TO_CHROMOSOME",1.17069759487347,0.268447051559123,1,16,0.472053794443027,7,"Wrap53 Zfp827 Brca2 Spidr Ruvbl2 Wbp2 Cct6a"
"GOBP_ESTABLISHMENT_OF_PROTEIN_LOCALIZATION_TO_ENDOPLASMIC_RETICULUM",0.708044449922998,0.889002036659878,1,35,0.242195106838908,17,"Hspa5 Srp68 Ssr3 Srp54c Vps54 Ubl4a Rab10 Tram1 Bag6 Edem1 Sec61g Srp9 Herpud1 Srp14 Srp54a Sec61a1 Sec63"
"GOBP_ESTABLISHMENT_OF_PROTEIN_LOCALIZATION_TO_MEMBRANE",0.927793108333983,0.646583996256434,1,211,0.244878634441155,59,"Zdhhc1 Zdhhc2 Arl6 Kif13a Mtx3 Rab11fip3 Stom Emc9 Gorasp1 Nomo1 Rilpl2 Snap47 Snap23 Bbs1 Bcs1l Atad1 Cdk5r1 Akap5 Ccdc47 Mtx2 Hspa5 Scrib Zdhhc21 Vps37c Srp68 Emc1 Zdhhc23 C2cd5 Cox18 Rab31 Micall1 Pex16 Ssr3 Tsc2 Cln3 Npc1 Zdhhc4 Tomm40 Timm9 Srp54c Emc4 Clstn1 Inpp5k Clip1 Golga7 Gdi1 Romo1 Ubl4a Rab10 Pick1 Timm8a1 Bid Rab8b Tram1 Bbs2 Bag6 Nsf Rab26 Rab11a"
"GOBP_ESTABLISHMENT_OF_PROTEIN_LOCALIZATION_TO_MITOCHONDRIAL_MEMBRANE",0.890326547831631,0.632357290742384,1,31,0.312423998573102,14,"Mtx3 Bcs1l Mtx2 Cox18 Tomm40 Timm9 Romo1 Timm8a1 Tomm70a Trmt10b Ndufa13 Timm10 Timm22 Timm29"
"GOBP_ESTABLISHMENT_OF_PROTEIN_LOCALIZATION_TO_MITOCHONDRION",0.982050034848176,0.501307189542484,1,91,0.286171521432623,36,"Mtx3 Hspd1 Bcs1l Immp2l Fbxw7 Pmaip1 Mtx2 Cox18 Chchd4 Hsp90aa1 Mipep Timm21 Pink1 Tomm40 Timm9 Pam16 Dnlz Timm17a Aifm1 Romo1 Hk2 Tomm34 Timm8a1 Bid Mfn2 Mff Timm23 Tomm20 Tomm70a Grpel1 Hk1 Trmt10b Ndufa13 Tomm5 Mapt Grpel2"
"GOBP_ESTABLISHMENT_OF_PROTEIN_LOCALIZATION_TO_ORGANELLE",0.686165086546977,0.998896490840874,1,367,0.173428542454388,106,"Angpt1 Mtx3 Wrap53 Mbtps2 Tnpo2 Cdk1 Zfp827 Hspd1 Ect2 Gbp4 Heatr3 Brca2 Bcs1l Vps25 Ipo4 Ipo11 Immp2l Ptpn22 Notch1 Fbxw7 Akap5 Pmaip1 Gpn1 Stk3 Mtx2 Hspa5 Nolc1 Nup54 Vps37c Srp68 Xbp1 Fam53c Cox18 Chchd4 Nup88 Cry2 Pex16 Hsp90aa1 Ipo5 Kcmf1 Mipep Ssr3 Spg11 Tsc2 Nup188 Timm21 Nup107 Kpnb1 Spidr Pink1 Vps53 Ran Ubr5 Npm1 Tsg101 Dmap1 Tomm40 Pkig Timm9 Pex2 Pam16 Srp54c Nr4a1 Dnlz Timm17a Tardbp Lonp2 Aifm1 Ipo7 Eif4enif1 Snf8 Cdkn1a Romo1 Vps54 Tnpo3 Hk2 Ubl4a Rab10 Tomm34 Kpna3 Sort1 Kpna1 Vps8 Gnptab Timm8a1 Bid Mfn2 Rab8b Tram1 Bag6 Stam Mff Nutf2 Gcc2 Ruvbl2 Rab11a Timm23 Tomm20 Zpr1 Hyal2 Zdhhc12 Pex10 Wbp2 Cct6a Ppp3r1 Tomm70a"
"GOBP_ESTABLISHMENT_OF_PROTEIN_LOCALIZATION_TO_PEROXISOME",-1.17648461088666,0.254163014899211,1,19,-0.41454578010884,4,"Hacl1 Pex5 Trim37 Pex7"
"GOBP_ESTABLISHMENT_OF_PROTEIN_LOCALIZATION_TO_PLASMA_MEMBRANE",1.08173462499136,0.341568355308813,1,56,0.33983488530674,10,"Zdhhc2 Arl6 Kif13a Rab11fip3 Gorasp1 Rilpl2 Bbs1 Akap5 Scrib Rab31"
"GOBP_ESTABLISHMENT_OF_PROTEIN_LOCALIZATION_TO_POSTSYNAPTIC_MEMBRANE",1.17196075601217,0.284805091487669,1,11,0.518233905198758,5,"Snap47 Snap23 Scrib Clstn1 Rab11a"
"GOBP_ESTABLISHMENT_OF_PROTEIN_LOCALIZATION_TO_TELOMERE",1.45922334911526,0.0601431980906921,1,11,0.645259673491452,3,"Wrap53 Zfp827 Brca2"
"GOBP_ESTABLISHMENT_OF_PROTEIN_LOCALIZATION_TO_VACUOLE",-1.05741019671272,0.331665475339528,1,57,-0.291481452926831,15,"Irgm2 Pik3r4 Igf2r Sorl1 Snx16 Vps13d Irgm1 Hgs Zfyve16 Nedd4 Ptpn23 Hdac6 Ap3b1 Smurf1 Vps37b"
"GOBP_ESTABLISHMENT_OF_SKIN_BARRIER",-1.39825889083878,0.102737792830934,1,15,-0.523605313584642,3,"Stmn1 Klf4 Sfn"
"GOBP_ESTABLISHMENT_OF_SPINDLE_ORIENTATION",-1.0441817904878,0.373721227621483,1,35,-0.321162780242452,8,"Llgl2 Spdl1 Mad2l1 Mcph1 Enkd1 Ubxn2b Cenpa Ccdc66"
"GOBP_ESTABLISHMENT_OF_TISSUE_POLARITY",1.18965607379629,0.257374746371157,1,14,0.494751677326369,3,"Intu Ttc8 Rpgrip1l"
"GOBP_ESTABLISHMENT_OR_MAINTENANCE_OF_BIPOLAR_CELL_POLARITY",1.37150775131858,0.0966492926284438,1,23,0.509917068281222,5,"Pard3b Ttc8 Patj Sh3bp1 Prkci"
"GOBP_ESTABLISHMENT_OR_MAINTENANCE_OF_CELL_POLARITY",1.05242833356875,0.359700760363012,1,151,0.287726473641583,25,"Pard3b Pard6b Ttc8 Rufy3 Fgf13 Prkcz Ska2 Nphp3 Pard6g Alpk2 Patj Rhobtb1 Dock7 Rpgrip1l Ctnna1 Sh3bp1 Pkd1 Cyth3 Arhgap35 Ift80 Kif2c Prkci Sdccag8 Cdh5 Gpsm1"
"GOBP_ESTABLISHMENT_OR_MAINTENANCE_OF_MONOPOLAR_CELL_POLARITY",1.45591123004007,0.0605822187254131,1,13,0.617148717598029,6,"Ttc8 Patj Sh3bp1 Prkci Scrib Crb3"
"GOBP_ESTROGEN_METABOLIC_PROCESS",0.771737665887014,0.758949880668258,1,11,0.341257693425229,1,"Hsd17b7"
"GOBP_ESTROGEN_RECEPTOR_SIGNALING_PATHWAY",-0.764064791788378,0.854849279161206,1,40,-0.226383438308111,14,"Skp2 Trip4 Padi2 Cnot9 Ufsp2 Ufl1 Lbh Vps11 Cnot3 Uba5 Hdac6 Ncoa1 Pak1 Taf7"
"GOBP_ETHER_BIOSYNTHETIC_PROCESS",-0.851641038686031,0.634230871767529,1,10,-0.354580495467674,3,"Pex7 Lpcat2 Selenoi"
"GOBP_ETHER_LIPID_METABOLIC_PROCESS",-0.862486966129748,0.639897843359818,1,16,-0.316919856102693,4,"Nceh1 Pex7 Lpcat2 Selenoi"
"GOBP_EXCITATORY_SYNAPSE_ASSEMBLY",1.06281811749017,0.395491489035424,1,17,0.423231007046576,4,"Adgrl2 Plxnb2 Ptprs Srgap2"
"GOBP_EXECUTION_PHASE_OF_APOPTOSIS",0.72844672883089,0.896118402680815,1,51,0.232388683574094,7,"Xkr8 Endog Npr2 Hspd1 Htra2 Plscr1 Nmnat1"
"GOBP_EXIT_FROM_MITOSIS",-0.67034085175542,0.901995829609771,1,22,-0.228089793943796,5,"Ube2c Eps8 Birc5 Chmp7 Cdc14a"
"GOBP_EXOCRINE_SYSTEM_DEVELOPMENT",0.67690775912021,0.879312988805398,1,17,0.269555390386668,1,"Plxna1"
"GOBP_EXOCYTIC_PROCESS",0.89481098729148,0.650736315643234,1,58,0.279807448097857,10,"Fcer1g Ralb Slc18a2 Doc2a Syde1 Stx11 Stx2 Snap47 Snap23 Exoc8"
"GOBP_EXOCYTOSIS",-0.897502724710063,0.814708002883922,1,226,-0.201656923631549,47,"Ccl5 Llgl2 Anxa2 Reln Cdk16 Rab3a Rasgrp1 Rab27a Itsn1 Kcnb1 Anxa1 Cplx2 Cacna1i Braf Rph3al Washc5 Rab9 Syk Stxbp1 Synj1 Vamp1 Milr1 Stxbp5 Mical1 Bcl2l1 Fbxo45 Myo1g Osbpl2 D6Wsu163e Gnai2 Rala Hgs Kctd9 Exoc6b Calm1 Sytl1 Btk Sphk2 Ap1g1 Cask Snap29 Vps11 Ceacam1 S100a10 Snx4 Lgals9 Lyn"
"GOBP_EXPLORATION_BEHAVIOR",1.23487822621843,0.199484614218584,1,21,0.469353920042856,2,"Abcb1b Apoe"
"GOBP_EXPORT_ACROSS_PLASMA_MEMBRANE",1.45904247601356,0.0451194337953406,1,29,0.517993643426216,5,"Slc8a1 Abcb1b Kcnn4 Slc29a4 Abcc4"
"GOBP_EXTRACELLULAR_MATRIX_ASSEMBLY",1.07509094058786,0.382062364927447,1,16,0.43350286196725,6,"Smad3 Smpd3 Gpm6b Rgcc Atp7a Notch1"
"GOBP_EXTRACELLULAR_MATRIX_DISASSEMBLY",1.46618889008748,0.0545928538567704,1,17,0.583859637185721,5,"Eng Kif9 Exoc8 Dpp4 Sema5a"
"GOBP_EXTRACELLULAR_STRUCTURE_ORGANIZATION",1.34836675509948,0.047741273100616,1,108,0.384077933596526,27,"Eng P3h1 Sulf2 App Smad3 Hspg2 Nphp3 Ptk2 Col27a1 Gas2 Gfod2 Smpd3 Tnfrsf1b Tmem38b Gpm6b Kif9 Adamtsl4 Antxr2 Itgb3 Ext1 Exoc8 Dpp4 Rgcc Atp7a Ric1 Notch1 Mpzl3"
"GOBP_EXTRACELLULAR_TRANSPORT",1.22135190054753,0.214589020321504,1,20,0.468743530185564,4,"Cfap45 Dnaaf3 Rsph9 Gas8"
"GOBP_EXTRACELLULAR_VESICLE_BIOGENESIS",0.61642415051577,0.934944520443836,1,19,0.23929144218761,7,"Smpd3 Tsg101 Snf8 Sdc4 Stam Pdcd6ip Rab11a"
"GOBP_EXTRINSIC_APOPTOTIC_SIGNALING_PATHWAY",1.05425600375005,0.354987274269785,1,165,0.285327450595836,25,"Tnfsf10 Cd27 App Tmbim1 Sh3rf1 Bcl2l14 Smad3 Bcl2a1c Itm2c Tnfrsf23 Hmox1 Vegfa Tlr4 Tnfrsf1b Tlr6 Erbb3 Ctnna1 Il12a Htra2 Eya1 Pea15a Trps1 Bcl2a1b Wwox Bcl2a1d"
"GOBP_EXTRINSIC_APOPTOTIC_SIGNALING_PATHWAY_VIA_DEATH_DOMAIN_RECEPTORS",-0.834987881408109,0.805194805194805,1,64,-0.226015324118012,11,"Lgals3 Bcl2 Rffl Fas Sp100 Psen2 Tnf Bcl2l1 Ripk1 Daxx Stk4"
"GOBP_EYE_MORPHOGENESIS",1.29798861599121,0.0914691308423731,1,75,0.389345853383007,28,"Cdon Arl6 Ttc8 Dll1 Nectin1 Rab37 Vegfa Bbs10 Gdf11 Samd11 Rpgrip1l Prkci Pou2f1 Notch1 Rdh13 Scrib Ski Prox2 Fbn1 Fzd5 Prdm1 Kdm2b Rom1 Sox4 Rpgr Rpgrip1 Mfn2 Bak1"
"GOBP_EYE_PHOTORECEPTOR_CELL_DEVELOPMENT",1.2068589622298,0.233868477925286,1,16,0.486634938837238,6,"Rab37 Vegfa Samd11 Rpgrip1l Prkci Rdh13"
"GOBP_EYE_PHOTORECEPTOR_CELL_DIFFERENTIATION",1.33155364632402,0.118462226195798,1,24,0.49165862675656,8,"Ttc8 Rab37 Vegfa Bbs10 Samd11 Rpgrip1l Prkci Rdh13"
"GOBP_FACE_DEVELOPMENT",-0.713349461528405,0.903772378516624,1,35,-0.219407480992262,4,"Chd7 Braf Tcf7l2 Rras"
"GOBP_FACULTATIVE_HETEROCHROMATIN_FORMATION",0.547319045237413,0.968869805244594,1,17,0.217951112123135,3,"Bend3 Phf8 Phf2"
"GOBP_FARNESYL_DIPHOSPHATE_BIOSYNTHETIC_PROCESS",-1.53015224806688,0.0602505998400427,1,10,-0.637078437527661,5,"Idi1 Pmvk Acat2 Acat3 Hmgcs1"
"GOBP_FARNESYL_DIPHOSPHATE_METABOLIC_PROCESS",-1.50650251832013,0.0657966286025014,1,12,-0.59818248881464,6,"Idi1 Pmvk Acat2 Acat3 Fdft1 Hmgcs1"
"GOBP_FATTY_ACID_BETA_OXIDATION",0.76907637841993,0.851749028317601,1,57,0.241187414204517,17,"Acad8 Acad12 Acad11 Mtln Gcdh Mlycd Etfdh Acad10 Sesn2 Acsl5 Cpt1a Ehhadh Pex2 Cpt2 Lonp2 Echs1 Abcd4"
"GOBP_FATTY_ACID_BETA_OXIDATION_USING_ACYL_COA_DEHYDROGENASE",1.51486076974253,0.0380802517702596,1,13,0.642136939461919,5,"Acad12 Acad11 Gcdh Etfdh Acad10"
"GOBP_FATTY_ACID_BIOSYNTHETIC_PROCESS",-1.12384443423653,0.220975399223133,1,97,-0.282123461951731,28,"Acsl4 Acox1 Anxa1 Acss1 Prxl2b Prkab2 Acot8 Armc5 Scd1 Prkag1 Nr1h2 Elovl6 Kat2b Insig2 Tmem135 Srebf1 Lpgat1 Gstm1 Acsl3 Erlin1 Cd74 Daglb Cop1 Insig1 Pnpla8 Ceacam1 Wdtc1 Dcaf5"
"GOBP_FATTY_ACID_CATABOLIC_PROCESS",0.73891806499774,0.910244423667691,1,76,0.221147789879332,20,"Lpin1 Acad8 Acad12 Acad11 Mtln Gcdh Nudt8 Mlycd Etfdh Nudt19 Acad10 Nudt7 Sesn2 Acsl5 Acot7 Cpt1a Ehhadh Pex2 Cpt2 Lonp2"
"GOBP_FATTY_ACID_DERIVATIVE_BIOSYNTHETIC_PROCESS",-0.791640780204865,0.733240611961057,1,14,-0.301620964926919,2,"Acsl4 Elovl6"
"GOBP_FATTY_ACID_DERIVATIVE_CATABOLIC_PROCESS",0.634894506994361,0.904642014162077,1,13,0.26912652551682,4,"Nudt8 Nudt19 Nudt7 Acot7"
"GOBP_FATTY_ACID_DERIVATIVE_METABOLIC_PROCESS",0.78590848231119,0.800462695199537,1,36,0.267078345095292,12,"Hmgcll1 Pecr Gcdh Nudt8 Nudt19 Dld Fasn Nudt7 Dgat1 Acsl5 Acot7 Bckdhb"
"GOBP_FATTY_ACID_ELONGATION",0.850566171232708,0.670932650775876,1,10,0.384736401945813,3,"Pecr Hacd3 Hacd1"
"GOBP_FATTY_ACID_METABOLIC_PROCESS",0.871133219389883,0.789104700609125,1,243,0.226789714556412,36,"Ces2c Lpin1 Mcrip2 Acad8 Hpgds Apoe Ahr Acad12 Amacr Cryl1 Acad11 Cyp4f16 Mtln Pecr Lipc Ankrd23 Them4 Sigmar1 Angptl4 Ankrd26 Fabp5 Asah2 Acbd5 Plp1 Gcdh Ppargc1a Mgll Echdc3 Nudt8 Mlycd Alox5ap Etfdh Nudt19 Tpk1 Mif Hacd3"
"GOBP_FATTY_ACID_TRANSMEMBRANE_TRANSPORT",-0.684776565987543,0.864521591871296,1,15,-0.256427941147747,4,"Irs2 Cpt1b Slc2a1 Akt2"
"GOBP_FATTY_ACID_TRANSPORT",-1.03234121391521,0.390235335440815,1,48,-0.295637152038967,12,"Plin2 Acsl4 Anxa1 Irs2 Slc27a4 Syk Cpt1b Acsl3 Slc2a1 Zdhhc5 Akt2 Pnpla8"
"GOBP_FATTY_ACYL_COA_METABOLIC_PROCESS",-0.813845523165514,0.742199333535292,1,25,-0.268793411608266,4,"Acsl4 Fitm2 Bckdha Elovl6"
"GOBP_FAT_CELL_DIFFERENTIATION",0.957359474994403,0.563254849335123,1,158,0.260224600581137,33,"Ift88 Arl6 Ttc8 Lpin1 Smad3 Dkkl1 Napepld Tmem120b Vegfa Fndc3b Steap4 Trim32 Npr2 Rarres2 Ankrd26 Noct Zbtb7b Rnasel Id2 Slc39a13 Bbs1 Nr4a3 Fcor Bscl2 Stk3 Atat1 Aldh6a1 Trio Sod2 Xbp1 Tbl1xr1 Nudt7 Ncor2"
"GOBP_FAT_SOLUBLE_VITAMIN_BIOSYNTHETIC_PROCESS",-1.27537397840766,0.195947747267395,1,10,-0.531001580041382,3,"Pltp Cyp27a1 Tnf"
"GOBP_FC_GAMMA_RECEPTOR_SIGNALING_PATHWAY",1.24927694948065,0.201247800351944,1,10,0.565085157196463,2,"Cd247 Fcer1g"
"GOBP_FC_RECEPTOR_MEDIATED_STIMULATORY_SIGNALING_PATHWAY",0.79676677397719,0.743750958441957,1,17,0.317285148401448,3,"Fcer1g Plscr1 Nr4a3"
"GOBP_FC_RECEPTOR_SIGNALING_PATHWAY",1.4104094772377,0.0856875292648666,1,14,0.586558140583952,3,"Cd247 Fer Fcer1g"
"GOBP_FEAR_RESPONSE",1.21527680904959,0.220015048908954,1,22,0.456683078876699,6,"Spire1 Apoe Ext1 Dpp4 Vdac1 Als2"
"GOBP_FEEDING_BEHAVIOR",1.40495389698813,0.0560412784864555,1,41,0.466799963392527,10,"Ift88 C1qtnf4 App Napepld Ahr Chrnb2 Ankrd26 Tmem63b Agrp Nr4a3"
"GOBP_FEMALE_GAMETE_GENERATION",1.2239502741566,0.138827505524503,1,95,0.354335415485893,22,"Spire1 M1ap Rps6ka2 Ska2 Aurka Gas2 Tdrkh Npr2 Fosl1 Brca2 Mlh1 Mei4 Etv6 Wapl Msh5 Diaph2 Immp2l Nrip1 Paqr8 Ddx20 Ska3 Mcm9"
"GOBP_FEMALE_MEIOTIC_NUCLEAR_DIVISION",1.01911689390457,0.442466156562684,1,32,0.355307624106579,5,"Spire1 Ska2 Aurka Mlh1 Wapl"
"GOBP_FEMALE_SEX_DIFFERENTIATION",1.22300612799067,0.159869936322991,1,67,0.373129917317728,14,"Abcb1b Nefh Dach2 Angpt1 Ahr Vegfa Gas2 Npr2 Ctnna1 Brca2 Immp2l Nrip1 Notch1 Arrb1"
"GOBP_FERROPTOSIS",-1.1090908155127,0.301463718467767,1,28,-0.35920765878728,5,"Acsl4 Dhcr7 Tmem164 Kat2b Pck2"
"GOBP_FERTILIZATION",1.21799005254553,0.149881672363923,1,89,0.356119698412137,27,"Cd9 Fcrl5 Dkkl1 Catsper2 Ccdc28a Adcy3 Tmem81 Spag1 Cacna1h Rabl2 Cntln Tdrkh Npr2 Stx2 Fsip1 Antxr2 Bbs1 Ly6k Acrbp Cecr2 Prdm9 Slirp Tpst2 Cct3 Fndc3a Bbof1 Zpbp"
"GOBP_FIBROBLAST_ACTIVATION",0.610247520091933,0.930949063322496,1,15,0.249686112382501,9,"Rgcc Dgat1 Gclm Gclc Gsk3b Nr1d1 Akap12 Myb Rps6ka1"
"GOBP_FIBROBLAST_APOPTOTIC_PROCESS",-0.932614413425348,0.541338007595676,1,19,-0.328615747266588,3,"Bcl2l11 Casp3 Pik3cg"
"GOBP_FIBROBLAST_GROWTH_FACTOR_RECEPTOR_SIGNALING_PATHWAY",1.02711094866686,0.438668826387866,1,28,0.366979124005663,5,"Sulf2 Fgfbp3 Runx2 Ift80 Ext1"
"GOBP_FIBROBLAST_MIGRATION",0.921755516975558,0.601320966835301,1,47,0.297927973217605,3,"Slc8a1 Fer Ptk2"
"GOBP_FIBROBLAST_PROLIFERATION",0.789192082777542,0.845825553480928,1,77,0.235719688822512,23,"Kcnn4 Fndc3b Trim32 Itgb3 Wapl Bmi1 Mif Nbn Fntb Pmaip1 Cks1b Sod2 Cdk4 Egf Ski Tsc2 E2f1 Myc Pex2 Prkdc Fbrs Cdkn1a Esr1"
"GOBP_FILOPODIUM_ASSEMBLY",-0.877391764504068,0.676571038251366,1,45,-0.254517445710254,14,"Itga6 Fgd3 Ripor2 Wasl Rab3ip Fgd2 Rala Mien1 Vasp Itgb4 Ccr7 Ezr Ppp1r16b Baiap2"
"GOBP_FLUID_TRANSPORT",0.987119556881872,0.49567269866247,1,13,0.418431808255793,7,"Slc26a6 Ext1 Slc4a11 Inpp5k Hyal2 Slc14a1 Aqp3"
"GOBP_FOAM_CELL_DIFFERENTIATION",-0.59542033044222,0.948290721057167,1,17,-0.21600457986656,4,"Csf1 Tnf Ldah Soat1"
"GOBP_FOCAL_ADHESION_ASSEMBLY",-0.894415017480154,0.660350375402217,1,56,-0.247550569324305,9,"Vcl Sorbs1 Bcl2 Mmp14 Wdpcp Tsc1 Slk Ptpra Arhgap6"
"GOBP_FOLIC_ACID_CONTAINING_COMPOUND_METABOLIC_PROCESS",1.07030400701011,0.379540963672291,1,19,0.415484353107082,8,"Mthfr Mthfd1 Fpgs Shmt2 Mthfd2l Aasdhppt Atic Mtr"
"GOBP_FOREBRAIN_CELL_MIGRATION",0.941143903093141,0.556969346443031,1,36,0.319832603658184,6,"Slit1 Fgf13 Srgap2 Efhc1 Wdr47 Cdk5r1"
"GOBP_FOREBRAIN_DEVELOPMENT",1.03566619040304,0.391041303083188,1,222,0.271956041776373,47,"Ift88 Cdon Slit1 Plxna1 Ryk Ttc8 App Fgf13 Plxna3 Rtn4rl2 Chrnb2 Ptprs Srgap2 Lef1 Sema7a D16Ertd472e Dock7 Rpgrip1l Arhgap35 Id2 Htra2 Ext1 Bbs1 Ncapd3 Nr4a3 Nfix Efhc1 Wdr47 Atp7a Notch1 Cdk5r1 Atg16l1 Pcnt Sema5a Atat1 Ttbk2 Mapk8ip3 Ski Rara Ncor2 Atic Ttc21b Trappc9 Mettl3 Pomgnt1 E2f1 Ran"
"GOBP_FOREBRAIN_GENERATION_OF_NEURONS",0.899840892170412,0.627542806966193,1,34,0.309822211733382,6,"Plxna1 Plxna3 Lef1 D16Ertd472e Nfix Atp7a"
"GOBP_FOREBRAIN_NEURON_DEVELOPMENT",1.20418829094964,0.239201114723641,1,15,0.492700229078273,3,"Plxna1 Plxna3 Atp7a"
"GOBP_FORELIMB_MORPHOGENESIS",0.836733428253652,0.683373110580748,1,11,0.369998423505002,2,"Runx2 Rpgrip1l"
"GOBP_FORMATION_OF_CYTOPLASMIC_TRANSLATION_INITIATION_COMPLEX",-0.726181591056716,0.815975162291843,1,15,-0.271932860356463,15,"Eif3j1 Eif3d Eif3j2 Eif3k Eif3f Eif5 Eif3h Eif3e Eif3g Eif3c Eif3a Eif3l Eif3b Eif3i Eif3m"
"GOBP_FORMATION_OF_PRIMARY_GERM_LAYER",0.838632027501035,0.747532323091895,1,54,0.265170936186033,9,"Bmpr2 Smad3 Lef1 Tbx6 Itgb3 Snai1 Eya1 Nr4a3 Ctr9"
"GOBP_FRUCTOSE_6_PHOSPHATE_METABOLIC_PROCESS",1.12657209554511,0.333810660302307,1,11,0.498163316107001,5,"Gfpt1 Pfkl Pfkp Mpi Hk2"
"GOBP_FRUCTOSE_METABOLIC_PROCESS",0.725504287834812,0.819068948968165,1,10,0.328167188795306,3,"Sord Pfkfb1 Pfkfb2"
"GOBP_G0_TO_G1_TRANSITION",-0.606558280528282,0.967592592592593,1,31,-0.190759434546288,7,"Rrm2b Smarcc2 Foxo4 Bcl7a Smarcd1 Brd7 Smarcd2"
"GOBP_G1_TO_G0_TRANSITION",0.636209078092459,0.903383162863887,1,13,0.269683761322577,2,"Smpd3 Cdk5r1"
"GOBP_GALACTOSE_METABOLIC_PROCESS",0.85581753171544,0.663733802591585,1,10,0.387111748633442,7,"Gale Pgm1 Glb1 Mgat1 Galk1 Galm Galk2"
"GOBP_GAMMA_DELTA_T_CELL_ACTIVATION",-1.29650048919252,0.162022407354209,1,17,-0.47034007598771,4,"Jaml Egr3 Syk Ccr9"
"GOBP_GAMMA_DELTA_T_CELL_DIFFERENTIATION",-1.01300488205934,0.436161335187761,1,14,-0.385962317306782,3,"Egr3 Syk Ccr9"
"GOBP_GANGLIOSIDE_BIOSYNTHETIC_PROCESS",0.954767169215042,0.537470167064439,1,11,0.422192224542999,5,"St8sia6 St6galnac6 St3gal2 B4galnt1 St6galnac4"
"GOBP_GANGLIOSIDE_METABOLIC_PROCESS",1.10386434095558,0.340157719138611,1,20,0.423652894627271,4,"Cln6 Neu3 St8sia6 St6galnac6"
"GOBP_GASTRULATION",0.694662753159127,0.959547346514048,1,96,0.20088984172919,14,"Bmpr2 Smad3 Nphp3 Lef1 Tbx6 Itgb3 Ext1 Snai1 Eya1 Nr4a3 Ctr9 Mbp Tgif2 Dld"
"GOBP_GASTRULATION_WITH_MOUTH_FORMING_SECOND",-0.774470471912858,0.753034151848716,1,15,-0.290015573628655,15,"Acvr2a Ets2 Hhex Ldb1 Plpp3 Frs2 Ugdh Nat8f1 Ctnnb1 Srf Lrp6 Rnf2 Nsd1 Zbtb17 Smad4"
"GOBP_GENERATION_OF_PRECURSOR_METABOLITES_AND_ENERGY",0.815323859063917,0.92087282345162,1,358,0.206305402933947,94,"Mttp Shpk Phkg1 Eno3 Ppp1r3e App Nnt Hmgcll1 Gabarapl1 Bpgm Mtln Cdk1 Zbtb20 Tefm Aldoc Ppargc1a Gfpt1 Atpsckmt Git1 Hsd11b1 Nr4a3 Rbks Immp2l Etfdh Atp7a Pfkfb1 Pfkfb2 Tpk1 Gale Pfkl Shmt2 Coq9 Ndor1 Pfkp Dld Ide Tpi1 Sod2 Fdx1 Vdac1 Jmjd8 Epm2aip1 Lyrm7 Chchd4 Atg12 Slc37a4 Pgm1 Dgat1 Mtfr1l Ndufa8 Phka2 Sdhaf4 1700066M21Rik Pink1 Ran Prps1l3 Ndufv3 Pgd Mtfr1 Myc Ndufa9 Mpi Ndufa5 Sirt3 Sdhc Dlst Aifm1 Bloc1s1 Slc25a25 Inpp5k Ldha Xpo4 Slc25a13 Pde2a Vps54 Pdk1 Pdhx Mdh1 Ppp1r3f Ptges3 Hk2 Slc25a23 Ndufc1 Blvra Dlat Iscu Bid Mfn2 Pfkfb4 Mcu Pask Bckdk Oas1c Mpc2"
"GOBP_GENITALIA_DEVELOPMENT",-1.37455932625897,0.114592153542196,1,15,-0.514730549386869,4,"Dhcr24 Chd7 Asb1 Tcf7l2"
"GOBP_GENOMIC_IMPRINTING",0.827540709255252,0.704186474467106,1,17,0.329539816819482,9,"Dnmt3b Kcnq1ot1 Dnmt3a Prmt7 Gnas Eed Gsk3b Trim28 Mecp2"
"GOBP_GERANYLGERANYL_DIPHOSPHATE_METABOLIC_PROCESS",-1.30081888564842,0.17781924820048,1,10,-0.54159555967214,4,"Idi1 Pmvk Acat2 Hmgcs1"
"GOBP_GERMINAL_CENTER_FORMATION",-1.11182102211437,0.329860159034823,1,13,-0.431178518331371,4,"Tnfrsf13c Bcl6 H2-DMa Bcl3"
"GOBP_GLAND_DEVELOPMENT",-0.928414895712348,0.735714285714286,1,257,-0.205654121858511,40,"Mki67 Etv5 Hlx Kalrn Thra Plaur Hes1 Igf2r Bcl2 Man2a1 Csf1 Irs2 Afap1 Braf Uprt Eaf2 Dbp Bcl2l11 Tg Armc5 Scd1 Pbx1 Ephx1 Rap1gap Jak2 Psen2 Dag1 Tcf7l2 Kdm5b Rag1 Tnf Edaradd Rb1cc1 Cebpg Lmo4 Polb Lipa Zmpste24 Aacs Pck2"
"GOBP_GLAND_MORPHOGENESIS",-0.839176447113921,0.785306704707561,1,58,-0.230366864713298,13,"Mki67 Etv5 Bcl2 Csf1 Dag1 Kdm5b Tnf Polb Lipa Notch2 Pml Ceacam1 Cd44"
"GOBP_GLIAL_CELL_ACTIVATION",0.785775523038396,0.797934244981088,1,35,0.268783953852586,4,"App Kcnn4 Tlr4 Tlr6"
"GOBP_GLIAL_CELL_APOPTOTIC_PROCESS",0.989219943994261,0.482401975918493,1,16,0.398877583883378,7,"Tnfrsf21 Dll1 Prkci Mapk8 Traf2 Prkca Rb1"
"GOBP_GLIAL_CELL_DEVELOPMENT",1.03355063297762,0.407181661587386,1,84,0.304965231689485,16,"Cd9 Dll1 Mxra8 App Tspan2 Tlr4 Gpm6b Erbb3 Plp1 Id2 Nfix Arhgef10 Tlr2 Cspg5 Eif2b3 Ski"
"GOBP_GLIAL_CELL_DIFFERENTIATION",-0.797929595270364,0.93939393939394,1,151,-0.188148955516728,32,"Egr2 Adora2a Reln Pfkfb3 Sox5 Hes1 Cxcr4 Hes5 Clcf1 Dusp10 Dag1 Tcf7l2 Ager Cnp Hdac11 Tuba1a Mettl14 Metrn Ptpra Csk Ldlr Suz12 Cdkn2c Slc25a46 Kdm4a Akt2 Kras Bag1 Bin1 Mfsd8 Itgb4 Lyn"
"GOBP_GLIAL_CELL_MIGRATION",-1.01988736683008,0.414452365521711,1,36,-0.311912456999831,12,"Reln Csf1 Mmp14 Fas Hexb Sun1 P2rx4 Gpr183 Enpp1 Vim Idh2 Adgrg1"
"GOBP_GLIAL_CELL_PROLIFERATION",0.852123217858625,0.705296579593015,1,38,0.287308895861344,13,"Atxn1 Ptk2 Slc7a5 Runx2 Prkci Nfix Notch1 Ski E2f1 Myc Csf1r Nf2 Sox4"
"GOBP_GLIOGENESIS",0.744135514970873,0.966083792982044,1,202,0.197102147121721,31,"Atxn1 Tnfrsf21 Cd9 Dll1 Mxra8 App Ptk2 Tspan2 Tlr4 Tnfrsf1b Gpm6b Srgap2 Lef1 Erbb3 Slc7a5 Runx2 Plp1 Id2 Prkci Dtx1 Nfix Wdr47 Arhgef10 Notch1 Cdk5r1 Tiam1 Tlr2 Cspg5 Scrib Eif2b3 Ski"
"GOBP_GLOMERULAR_EPITHELIAL_CELL_DIFFERENTIATION",-0.661986767299637,0.872300719808051,1,10,-0.275617995469433,5,"Magi2 Notch2 Myo1e Iqgap1 Cd24a"
"GOBP_GLOMERULAR_EPITHELIUM_DEVELOPMENT",-0.606511703936972,0.919827818132903,1,11,-0.245769045945746,5,"Magi2 Notch2 Myo1e Iqgap1 Cd24a"
"GOBP_GLOMERULUS_DEVELOPMENT",0.82578344383954,0.735432607416127,1,32,0.28790333592944,6,"Sulf2 Angpt1 Ahr Itgb3 Ext1 Notch1"
"GOBP_GLUCAN_BIOSYNTHETIC_PROCESS",0.568546151201537,0.978600944510035,1,30,0.200449325380817,15,"Ppp1r3e Gfpt1 Epm2aip1 Pgm1 Inpp5k Ppp1r3f Ptges3 Pask Dyrk2 Agl Insr Cd36 Acadm Gsk3b Nr1d1"
"GOBP_GLUCAN_METABOLIC_PROCESS",0.563817272542664,0.99436503573392,1,62,0.174403406559225,23,"Phkg1 Ppp1r3e Gabarapl1 Gfpt1 Epm2aip1 Atg12 Slc37a4 Pgm1 Phka2 Npc1 Inpp5k Ppp1r3f Ptges3 Blvra Pask Dyrk2 Phkg2 Agl Insr Cd36 Acadm Phkb Gsk3b"
"GOBP_GLUCOCORTICOID_METABOLIC_PROCESS",1.01828929906189,0.454130605822187,1,13,0.431644403926017,4,"Cacna1h Hsd11b1 Dgkq Atp1a1"
"GOBP_GLUCOSE_6_PHOSPHATE_METABOLIC_PROCESS",-0.852794922207668,0.674567000911577,1,24,-0.284327614304977,5,"G6pc3 H6pd Tigar Rpia G6pdx"
"GOBP_GLUCOSE_CATABOLIC_PROCESS",0.958972449133483,0.529483098378051,1,21,0.364487338636,11,"Eno3 Pfkfb2 Pfkl Pfkp Tpi1 Ldha Hk2 Foxk2 Bad Hk1 Pgam1"
"GOBP_GLUCOSE_METABOLIC_PROCESS",0.704972811375373,0.9760872258704,1,142,0.194467792842761,56,"Pcx Eno3 Ppp1r3e Hectd4 Fabp5 Aldoc Ppargc1a Mlycd Dgkq Pfkfb1 Pfkfb2 Pfkl Pmaip1 Gpt2 Ctdspl2 Pfkp Zfp692 Tpi1 Epm2aip1 Lcmt1 Bola3 Slc37a4 Pgm1 Fam3a Sesn2 Dcxr Fbn1 Cry1 Cpt1a C1qtnf12 Myc Ppp4r3a Ldha Slc25a13 Pdk1 Mdh1 Hk2 Dlat Clk2 Pfkfb4 Bckdk Oas1c Kbtbd2 Dyrk2 Phkg2 Pdk3 Foxk2 Bad Insr Kat2a Cd36 Ptpn2 Hk1 Pgam1 Acadm Slc25a11"
"GOBP_GLUTAMATERGIC_NEURON_DIFFERENTIATION",0.918840649597005,0.585680190930788,1,11,0.406305736479006,4,"Bbs10 Nfix Nrxn1 Prdm1"
"GOBP_GLUTAMATE_METABOLIC_PROCESS",0.863367874594584,0.660738714090287,1,19,0.335153227979999,3,"Dglucy Prodh Fpgs"
"GOBP_GLUTAMATE_RECEPTOR_SIGNALING_PATHWAY",-0.983197687082185,0.487085992099666,1,24,-0.327804781054002,3,"Adrb2 Homer3 Kcnb1"
"GOBP_GLUTAMATE_SECRETION",-1.12578839160217,0.310987482614743,1,14,-0.428933664699154,4,"Adora2a Stxbp1 Dpysl2 Kmo"
"GOBP_GLUTAMINE_FAMILY_AMINO_ACID_BIOSYNTHETIC_PROCESS",-0.790482706755575,0.731919521479065,1,12,-0.313874624928772,4,"Oat Asl Slc25a12 Noxred1"
"GOBP_GLUTAMINE_FAMILY_AMINO_ACID_METABOLIC_PROCESS",0.959486208462615,0.53021978021978,1,36,0.326065940838748,7,"Mttp Dglucy Pfas Prodh Fpgs Odc1 Cln3"
"GOBP_GLUTAMINE_METABOLIC_PROCESS",1.06057775522453,0.40362103948806,1,14,0.44107085643495,2,"Mttp Pfas"
"GOBP_GLUTATHIONE_METABOLIC_PROCESS",1.19183190982186,0.219813791096887,1,35,0.40768041718951,13,"Hpgds Gsto1 Gstk1 Mmachc Gstt3 Gss Txnrd3 Gstz1 Hmgn5 Sod2 Chac2 Gstt2 Mgst2"
"GOBP_GLYCERALDEHYDE_3_PHOSPHATE_METABOLIC_PROCESS",0.790735258623809,0.74980647159003,1,15,0.323533658309348,1,"Shpk"
"GOBP_GLYCEROLIPID_BIOSYNTHETIC_PROCESS",0.686441274500404,0.986199316072301,1,156,0.186860387541635,29,"Pemt Lpin1 Pi4k2b Mogat1 Dgkh Pigb Tamm41 Tmem150a Fabp5 Pgs1 Pigf Ptpmt1 Lpcat1 Plscr1 Crls1 Dgkq Bscl2 Impa2 Agpat4 Pip4k2a Pigl Scarb1 Dgat1 Inpp4a Piga Cln3 Acsl5 Gpat3 Slc27a1"
"GOBP_GLYCEROLIPID_CATABOLIC_PROCESS",-1.10008576907853,0.304828021457873,1,34,-0.340751187816789,15,"Pak4 Sorl1 Plcb3 Pik3cg Faah Ldlr Inpp5f Abhd16a Daglb Pnpla8 Pla2g4b Abhd6 Abhd2 Pla2g15 Prkaca"
"GOBP_GLYCEROLIPID_METABOLIC_PROCESS",-0.811987238842881,0.977917981072555,1,250,-0.18070644620444,59,"Acsl4 Pgap1 Pgap3 Pak4 Pik3r4 Sorl1 Pip4k2b Plcb3 Apobec1 Dgka Fitm2 Pik3cg Etnk1 Scd1 Pik3c2b Nr1h2 Synj1 Tcf7l2 Naaa Capn2 Insig2 Gpam Abhd8 Agpat2 Inpp5b Tmx1 Pigv Lpcat2 Faah Lipa Pik3r5 Ldlr Inpp5f Pck2 Abhd16a Ipmk Agpat1 Srebf1 Pip5k1b Lpgat1 Pigyl Dgkz Acsl3 Vac14 Daglb Ptdss1 Selenoi Insig1 Pnpla8 Lmf1 Ip6k1 Chka Inpp5a Pip4p1 Ttc7 Cdk8 Chkb Plcb2 Pla2g4b"
"GOBP_GLYCEROL_METABOLIC_PROCESS",0.935733138209081,0.562509754955517,1,14,0.389150738483164,3,"Mogat1 Coq3 Tpi1"
"GOBP_GLYCEROPHOSPHOLIPID_BIOSYNTHETIC_PROCESS",0.778141754169628,0.898806563898558,1,132,0.216119616117264,19,"Pemt Lpin1 Pi4k2b Dgkh Pigb Tamm41 Tmem150a Fabp5 Pgs1 Pigf Ptpmt1 Lpcat1 Plscr1 Crls1 Dgkq Bscl2 Impa2 Agpat4 Pip4k2a"
"GOBP_GLYCEROPHOSPHOLIPID_CATABOLIC_PROCESS",-0.735146321950006,0.816917728852839,1,18,-0.262660045185506,6,"Plcb3 Ldlr Inpp5f Abhd16a Pnpla8 Pla2g4b"
"GOBP_GLYCEROPHOSPHOLIPID_METABOLIC_PROCESS",0.700652727243214,0.98872671175982,1,194,0.186685950893907,27,"Pemt Lpin1 Pi4k2b Napepld Synj2 Pip4p2 Dgkh Lipc Pigb Tamm41 Tmem150a Fabp5 Pgs1 Pigf Ptpmt1 Lpcat1 Plscr1 Lpcat4 Crls1 Dgkq Bscl2 Impa2 Agpat4 Pip4k2a Plcl1 Pigl Scarb1"
"GOBP_GLYCOLIPID_BIOSYNTHETIC_PROCESS",0.992025122650535,0.480539338337503,1,55,0.312783415059504,13,"B4galt4 B3galt2 Gal3st4 St8sia6 St6galnac6 Pigb Pigf St3gal4 St3gal2 Pigl B4galnt1 St6galnac4 Piga"
"GOBP_GLYCOLIPID_CATABOLIC_PROCESS",-0.828308661333927,0.675544794188862,1,11,-0.335645014141049,3,"Naga Hexb Neu1"
"GOBP_GLYCOLYTIC_PROCESS_THROUGH_FRUCTOSE_6_PHOSPHATE",1.20002184517538,0.231273268801191,1,23,0.446159797913611,13,"Eno3 Pfkfb1 Gale Pfkl Pfkp Tpi1 Mpi Hk2 Foxk2 Hk1 Pgam1 Ppp2ca Galk1"
"GOBP_GLYCOLYTIC_PROCESS_THROUGH_GLUCOSE_6_PHOSPHATE",1.14286701898245,0.295485636114911,1,19,0.44365279486883,5,"Eno3 Gale Pfkl Pfkp Tpi1"
"GOBP_GLYCOPHAGY",0.625667962542855,0.912494000959846,1,10,0.283008246580791,2,"Gabarapl1 Atg12"
"GOBP_GLYCOPROTEIN_BIOSYNTHETIC_PROCESS",1.23360660477525,0.0826582129857931,1,203,0.326636208132005,41,"Ramp1 B4galt4 Galnt14 Angpt1 Hs3st3b1 B3gnt3 B3gnt7 Tmtc2 Bmpr2 Gal3st4 Extl1 B3gat2 Itm2c Crppa St8sia6 Il15 Fut8 Engase 6430550D23Rik Mgat4b Lipc Gorasp1 Dse Dpagt1 Eogt B3glct Dpy19l1 Alg8 Gfpt1 Slc35b2 Ext1 Chst11 Atp7a Alg3 Derl3 Pofut1 Alg10b Galnt4 St3gal4 St3gal2 Jak3"
"GOBP_GLYCOPROTEIN_CATABOLIC_PROCESS",-0.769133440322955,0.809464893287968,1,27,-0.25114505399511,10,"Hpse Galns Hexb Edem2 Fbxo44 Ids Btk Idua Ngly1 Man2b1"
"GOBP_GLYCOPROTEIN_METABOLIC_PROCESS",1.19887258917034,0.107594936708861,1,239,0.31245381488312,47,"Ramp1 B4galt4 Galnt14 Sulf2 Angpt1 Hs3st3b1 B3gnt3 B3gnt7 Tmtc2 Bmpr2 Gal3st4 Extl1 B3gat2 Itm2c Crppa St8sia6 Il15 Fut8 St6galnac6 Engase 6430550D23Rik Mgat4b Lipc Gorasp1 Dse Dpagt1 Eogt B3glct Hyal1 Aga Dpy19l1 Alg8 Gfpt1 Slc35b2 Ext1 Hgsnat Chst11 Atp7a Alg3 Derl3 Pofut1 Fbxo6 Alg10b Galnt4 St3gal4 St3gal2 Jak3"
"GOBP_GLYCOSAMINOGLYCAN_BIOSYNTHETIC_PROCESS",-1.12326754879748,0.297781829231237,1,24,-0.374505023492641,8,"Xylt2 B3galt6 B4galt7 Ccnd3 Has3 Ptger4 Xylt1 Ndst2"
"GOBP_GLYCOSAMINOGLYCAN_CATABOLIC_PROCESS",-0.74725608316437,0.794436717663421,1,14,-0.284710068616248,5,"Hexb Pglyrp1 Ids Idua Cd44"
"GOBP_GLYCOSAMINOGLYCAN_METABOLIC_PROCESS",1.10397648990911,0.310009995716122,1,43,0.363744430642314,11,"Cln6 Hs3st3b1 Il15 Itih5 Habp4 Smpd3 Hyal1 Ext1 Pglyrp2 Uxs1 Tgds"
"GOBP_GLYCOSPHINGOLIPID_BIOSYNTHETIC_PROCESS",1.31882711880594,0.136494908040736,1,19,0.511959245904222,4,"B4galt4 B3galt2 St8sia6 St6galnac6"
"GOBP_GLYCOSPHINGOLIPID_METABOLIC_PROCESS",1.37482650068479,0.0757928425952866,1,35,0.470275914534074,6,"B4galt4 Cln6 B3galt2 Neu3 St8sia6 St6galnac6"
"GOBP_GLYCOSYL_COMPOUND_BIOSYNTHETIC_PROCESS",1.34504955920375,0.116279069767442,1,19,0.522138609537555,6,"Pnp2 Dctd Dnph1 Tk1 Cdk1 Ada"
"GOBP_GLYCOSYL_COMPOUND_CATABOLIC_PROCESS",1.35774965533498,0.114555468135327,1,13,0.575538838714835,5,"Pnp2 Ada Fuca2 Adal Gla"
"GOBP_GMP_BIOSYNTHETIC_PROCESS",1.44530558548918,0.0645982498011138,1,11,0.639105323221127,8,"Impdh1 Pfas Paics Atic Gmps Ampd2 Gart Ppat"
"GOBP_GMP_METABOLIC_PROCESS",1.50168321797206,0.0454190728890276,1,14,0.624516872791383,11,"Impdh1 Pfas Paics Atic Gmpr2 Gmps Ampd2 Guk1 Gart Ppat Nt5c2"
"GOBP_GOLGI_LOCALIZATION",-1.12779923626997,0.318618042226488,1,13,-0.437375075662233,9,"Tbccd1 Ripor1 Golga2 Stk25 Stk11 Copg1 Cdc42 Ywhaz Pdcd10"
"GOBP_GOLGI_ORGANIZATION",-0.554229884878291,0.999518072289157,1,119,-0.135240937918637,24,"Cit Rab29 Lysmd3 Bet1 Myo18a Cog5 Rab6b Rab30 Cog1 Vti1a Cog6 Tmed7 Stx5a Gorasp2 Ubxn2b Vps51 Csnk1d Golga2 Ap5z1 Rbsn Ptk2b Syne1 Optn Armh3"
"GOBP_GOLGI_RIBBON_FORMATION",0.44258381156919,0.992321228603423,1,10,0.20019383439129,1,"Gorasp1"
"GOBP_GOLGI_TO_ENDOSOME_TRANSPORT",-0.610447648678702,0.936152099886493,1,16,-0.224308295168345,6,"Klhl20 Dop1b Dop1a Armh3 Eps15 Kif16b"
"GOBP_GOLGI_TO_LYSOSOME_TRANSPORT",0.967976239832095,0.521081941129674,1,11,0.428033195083014,4,"Ehd3 Ccdc91 Cln3 Sort1"
"GOBP_GOLGI_TO_PLASMA_MEMBRANE_PROTEIN_TRANSPORT",0.792711387466698,0.792714657415438,1,37,0.268362958139076,15,"Kif13a Rab11fip3 Bbs1 Rab31 Cln3 Golga7 Rab10 Bbs2 Nsf Rab26 Rab11a Prepl Aldh7a1 Wdr44 Gga3"
"GOBP_GOLGI_TO_PLASMA_MEMBRANE_TRANSPORT",0.483186044350884,0.999309105983142,1,60,0.150140022566542,15,"Kif13a Rab11fip3 Bbs1 Exoc8 Rabep1 Rab31 Arl3 Cln3 Golga7 Gdi1 Rab10 Bbs2 Nsf Rab26 Rab11a"
"GOBP_GOLGI_TO_VACUOLE_TRANSPORT",0.770075038610709,0.797642142963737,1,25,0.281988561900087,3,"Ehd3 Ap1m2 Ccdc91"
"GOBP_GOLGI_VESICLE_TRANSPORT",-0.727582638052709,0.999170124481328,1,267,-0.160333301082757,62,"Llgl2 Pgap1 Sec24d Sorl1 Plcb3 Gga2 Ap3m2 Bet1 Myo18a Klhl20 Ap1m1 Stxbp5 Snx2 Copg2 Cux1 Cog5 Tbc1d14 Rab6b Snx8 Ccdc93 Csk Cog1 Scyl1 Creb3l2 Gosr2 Ap1g2 Dop1b Vti1a Sec24b Cog6 Sar1b Tmed7 Vps35l Exoc6b Gabarapl2 Scfd1 Stx5a Bnip1 Acsl3 Trappc1 Vps51 Vamp5 Insig1 Ap1g1 Cnst Lmf1 Trappc5 Pitpnb Golga2 Gosr1 Ap5z1 Rbsn Dop1a Vapb Optn Armh3 Rabif Snx3 Erp29 Stx17 Chic2 Pef1"
"GOBP_GPI_ANCHOR_METABOLIC_PROCESS",-0.864433765068728,0.670819059483027,1,28,-0.279969164457891,2,"Pgap1 Pgap3"
"GOBP_GRANULOCYTE_ACTIVATION",0.986641714856849,0.492075139418844,1,33,0.341685064096267,6,"Myo1f Fcer1g Cxcr2 Il15 Abr Stx11"
"GOBP_GRANULOCYTE_CHEMOTAXIS",-0.99879778851673,0.444364161849711,1,59,-0.273681614767796,10,"Ccl5 Lgals3 Jaml Anxa1 Csf1 C5ar2 Cklf Syk Ripor2 Slamf1"
"GOBP_GRANULOCYTE_DIFFERENTIATION",1.03850377026077,0.415685697469099,1,32,0.362066716236412,13,"Lef1 Zbtb46 Fasn Rara Nkap Srp54c Stat5a Clpb Bap1 Kdm1a Trib1 L3mbtl3 Cited2"
"GOBP_GRANULOCYTE_MIGRATION",-1.06578594498515,0.322467986030268,1,70,-0.283624495433564,12,"Ccl5 Lgals3 Jaml Anxa1 Irak4 Csf1 C5ar2 Cklf Syk Ptger4 Ripor2 Slamf1"
"GOBP_GROWTH_HORMONE_RECEPTOR_SIGNALING_PATHWAY_VIA_JAK_STAT",-0.517075548349828,0.975517890772128,1,11,-0.209527966855222,3,"Jak2 Jak1 Socs2"
"GOBP_GROWTH_PLATE_CARTILAGE_DEVELOPMENT",1.35239167513745,0.118961447678993,1,13,0.573267635265345,6,"Col27a1 Tlr4 Npr2 Ift80 Ctdspl2 Rara"
"GOBP_GTP_METABOLIC_PROCESS",0.782412958876966,0.778125465653405,1,24,0.288895668589817,9,"Nme4 Impdh1 Gtpbp1 Ran Nme6 Nme2 Efl1 Nme1 Ampd2"
"GOBP_GUANINE_NUCLEOTIDE_TRANSPORT",1.19394146073838,0.258838585826268,1,10,0.540055268213502,3,"Slc17a9 Abcc4 Slc19a1"
"GOBP_G_PROTEIN_COUPLED_ACETYLCHOLINE_RECEPTOR_SIGNALING_PATHWAY",0.717359212182945,0.827547592385218,1,10,0.32448292858621,3,"Cdk5r1 Rgs10 Gna11"
"GOBP_G_PROTEIN_COUPLED_DOPAMINE_RECEPTOR_SIGNALING_PATHWAY",-0.823453008743921,0.694609088343212,1,15,-0.308358039909856,2,"Gna15 Flna"
"GOBP_HAIR_CELL_DIFFERENTIATION",-0.825426422504097,0.735907816879477,1,28,-0.267335630754271,8,"Hes1 Hes5 Wdpcp Ripor2 Cux1 Lamc1 Sec24b Whrn"
"GOBP_HEAD_DEVELOPMENT",1.0795168084138,0.267195479734869,1,413,0.27054560702503,74,"Sema6d Ift88 Cdon Slit1 Atxn1 Arl6 Plxna1 Ryk Meis3 Asph Ttc8 Dll1 App Dnaaf3 Fgf13 Hspg2 Plxna3 Gas8 Rtn4rl2 Abr Hsd17b7 Chrnb2 Amigo2 Plxnb2 Ptprs Srgap2 Lef1 Sema7a Tmem67 D16Ertd472e B3glct Amigo3 Dock7 Rpgrip1l Arhgap35 Id2 Brca2 Htra2 Cacna1a Pfas Ptch1 Git1 Ext1 Bbs1 Bmi1 Ncapd3 Nr4a3 Nfix Efhc1 Flvcr1 Wdr47 Ncoa6 Immp2l Atp7a Ccr1 Notch1 Cdk5r1 Ttll1 Wdr11 Atg16l1 Pcnt Sema5a Ssbp3 Atat1 Hspa5 Scrib Pdss2 Ttbk2 Egf Mapk8ip3 Ski Rara Nrxn1 Pbx4"
"GOBP_HEAD_MORPHOGENESIS",0.886076944845298,0.635839858176983,1,27,0.319189992885384,5,"Asph Lef1 Flvcr1 Ssbp3 Ski"
"GOBP_HEART_DEVELOPMENT",1.06006751357192,0.31960827954596,1,333,0.269758846317116,54,"Eng Slc8a1 Abcb1b Ift88 Tbc1d32 Smyd2 Dhrs3 Dll1 Rps6ka2 Angpt1 Dnaaf3 Calcrl Bmpr2 Smad3 Hspg2 Ahr Nphp3 Alpk2 Vegfa Tmem94 Cdk20 Tnfrsf1b Dand5 Uty Tmem67 Cdk1 Erbb3 Rpgrip1l Pkd1 Ift140 Dipk2a Id2 Ptch1 Traf3ip1 Mthfd1 Ext1 Snai1 Eya1 Nfix Ncoa6 Slc22a5 Nfatc1 Notch1 Pofut1 Calr Wdr11 Fes Dhx36 Stk3 Pcnt Cluap1 Dll4 Rbm15 Pbrm1"
"GOBP_HEART_FORMATION",1.28920512627636,0.170883054892601,1,11,0.570078651324324,4,"Ift88 Ext1 Eya1 Notch1"
"GOBP_HEART_GROWTH",-0.927567891044245,0.596383363471971,1,60,-0.253478504278025,11,"Mapk11 Smad1 Sirt6 Dusp6 Map2k4 S1pr1 Ccnd2 G6pdx Vgll4 Foxp1 Heg1"
"GOBP_HEART_MORPHOGENESIS",1.35580141996627,0.0404719614311089,1,116,0.383107773707758,28,"Eng Slc8a1 Ift88 Dhrs3 Dll1 Angpt1 Bmpr2 Smad3 Ahr Nphp3 Alpk2 Vegfa Uty Id2 Ptch1 Ext1 Snai1 Eya1 Nfatc1 Notch1 Cluap1 Dll4 Rbm15 Pbrm1 Egln1 Rara Ncor2 Tmem100"
"GOBP_HEART_PROCESS",1.07170971083006,0.338749512543871,1,95,0.310261547127729,12,"Slc8a1 Myl4 Rps6ka2 Fgf13 S100a1 Ehd3 Cacna1d Cacna1h Gsto1 Tmem38b Uty Ada"
"GOBP_HEART_TRABECULA_MORPHOGENESIS",1.04610785413005,0.416332201296697,1,16,0.421816175331015,5,"Eng Nfatc1 Notch1 Dll4 Egln1"
"GOBP_HEART_VALVE_DEVELOPMENT",1.09436050604905,0.344068547791402,1,27,0.394219626378868,11,"Bmpr2 Tnfrsf1b Nfatc1 Notch1 Dll4 Rb1 Prdm1 Pde2a Sox4 Hectd1 Smad4"
"GOBP_HEART_VALVE_MORPHOGENESIS",1.04463320380194,0.411308709530324,1,19,0.405519131081536,7,"Bmpr2 Nfatc1 Notch1 Dll4 Rb1 Sox4 Smad4"
"GOBP_HEMATOPOIETIC_OR_LYMPHOID_ORGAN_DEVELOPMENT",-0.925752090439908,0.630480167014614,1,88,-0.236882001749966,16,"Hoxb4 Hes1 Bcl2 Braf Fas Bcl2l11 Pbx1 Psen2 Samd9l Rag1 Bcl3 Lmo4 Polb Lipa Fancb Zmpste24"
"GOBP_HEMATOPOIETIC_PROGENITOR_CELL_DIFFERENTIATION",0.624261266479237,0.992775125790221,1,105,0.178671310071607,17,"Flt3 Rbm47 Sirpa Vegfa Smpd3 Fbxo21 Dock7 Ext1 Armc6 Notch1 Wdr7 Dhx36 Ssbp3 Tmem143 Mllt3 Slc37a4 Mettl3"
"GOBP_HEMATOPOIETIC_STEM_CELL_DIFFERENTIATION",0.539055894466202,0.980894549763033,1,26,0.195866069669524,7,"Fbxo21 Ext1 Mllt3 Mettl3 Batf Hspa9 Prkdc"
"GOBP_HEMATOPOIETIC_STEM_CELL_HOMEOSTASIS",1.30457719575101,0.149923664122137,1,18,0.512976242818218,9,"Fbxo21 Zfp251 Ext1 Bmi1 Ubap2 Stat4 Znhit1 Sox4 Bap1"
"GOBP_HEMATOPOIETIC_STEM_CELL_PROLIFERATION",-0.750665284946811,0.788853777650101,1,17,-0.272323821013839,7,"Atxn1l Irgm1 Wnt10b Arih2 Kat7 Sart3 Pim1"
"GOBP_HEME_A_BIOSYNTHETIC_PROCESS",0.642673820455848,0.900175971844505,1,10,0.290700502406066,5,"Cox15 Alas1 Fech Cpox Ppox"
"GOBP_HEME_BIOSYNTHETIC_PROCESS",-0.579530452014725,0.971105153410783,1,22,-0.197190699385307,1,"Slc11a2"
"GOBP_HEME_METABOLIC_PROCESS",-0.619529558253153,0.962422360248447,1,29,-0.198635462177779,6,"Slc11a2 Abcb6 Hmox2 Fxn Hmbs Cox10"
"GOBP_HEMOGLOBIN_BIOSYNTHETIC_PROCESS",-0.724004352659408,0.803785657158091,1,10,-0.301438998856616,5,"Klf4 Eif2ak1 Lyn Snx3 Ldb1"
"GOBP_HEMOGLOBIN_METABOLIC_PROCESS",-0.837187284171454,0.669541029207232,1,14,-0.318974518229081,7,"Add1 Klf4 Eif2ak1 Lyn Snx3 Cat Ldb1"
"GOBP_HEPARAN_SULFATE_PROTEOGLYCAN_BIOSYNTHETIC_PROCESS",0.998137176335499,0.47222635889799,1,23,0.371100478440729,5,"Hs3st3b1 Extl1 Lipc Dse Ext1"
"GOBP_HEPARAN_SULFATE_PROTEOGLYCAN_METABOLIC_PROCESS",1.07114948032613,0.36992348440259,1,32,0.373448403410839,7,"Sulf2 Hs3st3b1 Extl1 Lipc Dse Ext1 Hgsnat"
"GOBP_HEPARIN_PROTEOGLYCAN_METABOLIC_PROCESS",-0.793963107919821,0.727297444263187,1,12,-0.315256577501161,5,"Hpse Xylt2 Ndst2 Idua Glce"
"GOBP_HEPATICOBILIARY_SYSTEM_DEVELOPMENT",0.907279457433121,0.651701202353543,1,112,0.257603332327823,20,"Ift88 Sulf2 Smad3 Ahr Nphp3 Aurka Hmox1 Ada Slc7a5 Rpgrip1l Pkd1 Rhbdd3 Ptch1 Slc22a5 Notch1 Hspa12a Sod2 Xbp1 Prox2 Rara"
"GOBP_HEPATOCYTE_APOPTOTIC_PROCESS",-0.797435762361776,0.743544600938967,1,20,-0.276935463076144,4,"Fas Pik3cg Bcl2l1 Stk4"
"GOBP_HETEROCHROMATIN_ORGANIZATION",0.782349540056589,0.891309792136238,1,125,0.218916032762495,31,"H1f0 Dnmt3b Uty Cdk1 Mthfr Hells Snai1 Bmi1 Pcgf5 Smyd5 Bend3 Rbm15 Firre Eri3 Hp1bp3 Ncor2 Phf8 Uhrf1 Mettl3 Phf2 Spen Kmt2d Ubr5 Rb1 Cenpv Pcgf3 Eri1 Hdac2 Dnmt3a Bap1 Smarcad1"
"GOBP_HETEROPHILIC_CELL_CELL_ADHESION",1.08896673228967,0.362521085723049,1,17,0.433643799595311,7,"Nectin1 Pvr Amigo2 Amigo3 Nrxn1 Itga5 Itgal"
"GOBP_HETEROTYPIC_CELL_CELL_ADHESION",-1.18165979875637,0.225846153846154,1,26,-0.388180630823367,10,"Itgb7 Cd2 Myadm Ager Tnf Klf4 Cd44 Ptprc Mapk7 Map2k5"
"GOBP_HINDBRAIN_DEVELOPMENT",0.724767375094701,0.935753460433534,1,93,0.210650740143813,19,"Dll1 Ptprs Lef1 Rpgrip1l Cacna1a Nfix Atp7a Ccr1 Cdk5r1 Ttll1 Pcnt Hspa5 Scrib Pdss2 Ttbk2 Egf Nrxn1 Atic Ttc21b"
"GOBP_HINDBRAIN_MORPHOGENESIS",1.08405196971597,0.355664004732328,1,31,0.380404079676797,9,"Dll1 Cacna1a Nfix Atp7a Ttll1 Pcnt Hspa5 Nrxn1 Ttc21b"
"GOBP_HINDBRAIN_RADIAL_GLIA_GUIDED_CELL_MIGRATION",0.664975680111047,0.879059350503919,1,10,0.300788297489671,1,"Lef1"
"GOBP_HINDLIMB_MORPHOGENESIS",1.07254343649009,0.393580012650221,1,12,0.463546131946274,4,"Lmbr1 Rpgrip1l Ptch1 Notch1"
"GOBP_HIPPOCAMPUS_DEVELOPMENT",0.8483832026131,0.733620210993892,1,57,0.266058556255741,17,"Fgf13 Plxna3 Ptprs Lef1 Bbs1 Nr4a3 Nfix Cdk5r1 Atg16l1 Atat1 Rara Pomgnt1 Ran Tmem108 Csf1r Nf2 Hdac2"
"GOBP_HIPPO_SIGNALING",-1.10505031937865,0.289570143285571,1,42,-0.324336031590678,12,"Cit Sike1 Ptpn14 Strip1 Nek8 Lats2 Limd1 Mob4 Tead2 Stk4 Vgll4 Nuak2"
"GOBP_HISTONE_MRNA_CATABOLIC_PROCESS",0.70594022994277,0.847809258399133,1,15,0.288839308289635,7,"Xrn1 Eri1 Mtpap Upf1 Tent4b Dcp2 Ssb"
"GOBP_HISTONE_MRNA_METABOLIC_PROCESS",0.694437816105534,0.88213381016242,1,24,0.256412007114273,13,"Mblac1 Xrn1 Eri1 Mtpap Upf1 Tent4b Dcp2 Ssb Lsm10 Slbp Ncbp2 Tent2 Lsm1"
"GOBP_HOMEOSTASIS_OF_NUMBER_OF_CELLS",0.699678936619327,0.995378719567178,1,291,0.179648543949663,34,"Ift88 P4htm Flt3 Fcer1g Cxcr2 Lilrb4a Napepld Ahr Hmox1 Vegfa Xkr8 Sit1 Bpgm Hbb-bt Ada Fbxo21 Il2ra Heatr3 Tmem63b Id2 Zfp251 Hbb-bs Fsip1 Mthfd1 Zc3h8 Ext1 Bmi1 Nfix Flvcr1 Gpr174 Mif Notch1 Il7r Pmaip1"
"GOBP_HOMEOSTASIS_OF_NUMBER_OF_CELLS_WITHIN_A_TISSUE",-0.79996017162807,0.771428571428571,1,29,-0.256485677395601,8,"Elp6 Bcl2 Csf1 Add1 Tuba1a Lipa Vhl Kras"
"GOBP_HOMOLOGOUS_CHROMOSOME_PAIRING_AT_MEIOSIS",1.22100743546491,0.202540995715763,1,27,0.439841434659031,10,"Terb1 Syde1 Syce2 Mlh1 Mei4 Ccne1 Wapl Msh5 Syce1 Prdm9"
"GOBP_HOMOLOGOUS_CHROMOSOME_SEGREGATION",1.35293519060534,0.0766906474820144,1,40,0.451843440379977,14,"Haspin Terb1 Syde1 Syce2 Brca2 Mlh1 Cenpc1 Mei4 Ccne1 Wapl Msh5 Syce1 Prdm9 Zwint"
"GOBP_HOMOLOGOUS_RECOMBINATION",0.732351300721834,0.872855701311806,1,39,0.245754700594623,12,"Chtf18 Terb1 Cenps Mlh1 Msh5 Nbn Prdm9 Rad51d Eme2 Fancm Rad54l Zcwpw1"
"GOBP_HOMOPHILIC_CELL_CELL_ADHESION",1.41929449885475,0.0673521084786172,1,24,0.524055779649948,11,"Nectin1 Emb Pvr Amigo2 Cdh11 Plxnb2 Cdh17 Cdh5 Cdh24 Pcdhgb6 Bsg"
"GOBP_HOMOTYPIC_CELL_CELL_ADHESION",-1.00121922902031,0.447149049683228,1,43,-0.292513565268373,6,"Ccl5 Plaur L1cam Syk Jak2 Stxbp1"
"GOBP_HORMONE_BIOSYNTHETIC_PROCESS",-0.97114368402319,0.504923076923077,1,26,-0.319025127436003,5,"Egr1 Cyp27a1 H6pd Tg Arnt"
"GOBP_HORMONE_MEDIATED_SIGNALING_PATHWAY",-0.902397768000686,0.71833084947839,1,128,-0.218503483474198,43,"Thra Klf2 Klf9 Rnf14 Skp2 Nr1h2 Jak2 Tcf7l2 Nr1d2 Trip4 Lats2 Padi2 Daxx Trim68 Cnot9 Ufsp2 Foxp1 Appl1 Prmt2 Shq1 Ufl1 Pml Crebrf Lbh Safb2 Esrrg Nedd4 Vps11 Cnot3 Ywhah Uba5 Hdac6 Appl2 Ncoa1 Acsl1 Abhd2 Pak1 Taf7 Pim1 Errfi1 Esrra Pten Sirt1"
"GOBP_HORMONE_METABOLIC_PROCESS",0.899235621152209,0.657630256545887,1,87,0.264139903910182,18,"Ces2c Dhrs3 Hsd17b7 Cacna1h Ppargc1a Cacna1a Slc16a10 Rdh5 Bbs1 Hsd11b1 Dgkq Rdh13 Ide Atp1a1 Scarb1 Fdx1 Afp Dgat1"
"GOBP_HORMONE_TRANSPORT",-1.02869040689621,0.359903381642512,1,182,-0.2370671420488,33,"Ccl5 Acsl4 Chd7 Cdk16 Rab3a Kalrn Itsn1 Kcnb1 Anxa1 Slc8b1 Sirt6 Irs2 Clcf1 Rph3al Pde4c Cd38 Ptger4 Jak2 Tcf7l2 Kdm5b Acvr2a Tnf Trpm5 Foxo1 Osbp Nucb2 Ndufaf2 Birc5 Ensa Aacs Pck2 Ffar1 Srebf1"
"GOBP_HOST_MEDIATED_ACTIVATION_OF_VIRAL_PROCESS",1.08572904721437,0.349919508268696,1,34,0.373824948030289,6,"Apoe Stom Lef1 Rrp1b Tfap4 Nucks1"
"GOBP_HOST_MEDIATED_ACTIVATION_OF_VIRAL_TRANSCRIPTION",1.25647041477835,0.190645260882989,1,16,0.50663948529392,4,"Lef1 Rrp1b Tfap4 Nucks1"
"GOBP_HOST_MEDIATED_PERTURBATION_OF_VIRAL_GENOME_REPLICATION",0.88865923258019,0.625019996800512,1,10,0.401967027683833,2,"Stom Nucks1"
"GOBP_HOST_MEDIATED_PERTURBATION_OF_VIRAL_PROCESS",-0.815681506972997,0.831962817304255,1,56,-0.225759202933947,3,"Ccl5 Rab29 Igf2r"
"GOBP_HOST_MEDIATED_PERTURBATION_OF_VIRAL_TRANSCRIPTION",-1.0064200460981,0.450562823243079,1,23,-0.340193161339002,1,"Ccl5"
"GOBP_HOST_MEDIATED_SUPPRESSION_OF_SYMBIONT_INVASION",-1.29054688612185,0.155223004694836,1,20,-0.448184313268218,10,"Trim30c Ciita Trim25 Trim5 Trim12c Cd74 Trim26 Rad50 Snx3 Trim30d"
"GOBP_HUMORAL_IMMUNE_RESPONSE",1.16147894090018,0.224459257243912,1,66,0.355611232875676,7,"C4bp Ighg3 Trf Jchain Tnfrsf21 Slpi App"
"GOBP_HUMORAL_IMMUNE_RESPONSE_MEDIATED_BY_CIRCULATING_IMMUNOGLOBULIN",1.2819043245968,0.161023325808879,1,22,0.481720715332382,2,"C4bp Ighg3"
"GOBP_HYALURONAN_BIOSYNTHETIC_PROCESS",-1.11622239896298,0.322847240735804,1,10,-0.464738866843548,3,"Ccnd3 Has3 Ptger4"
"GOBP_HYALURONAN_METABOLIC_PROCESS",1.12979870342845,0.311959981809914,1,21,0.429415175565405,5,"Il15 Itih5 Habp4 Smpd3 Hyal1"
"GOBP_HYDROGEN_PEROXIDE_BIOSYNTHETIC_PROCESS",-0.902646671984893,0.576128330614464,1,12,-0.358411238084261,3,"Acox1 Mpv17l Fyn"
"GOBP_HYDROGEN_PEROXIDE_CATABOLIC_PROCESS",0.933306341510099,0.565189569668853,1,10,0.422162244267724,4,"Nnt Prdx6 Txnrd1 Prdx5"
"GOBP_HYDROGEN_PEROXIDE_METABOLIC_PROCESS",0.641083287990413,0.93403033426594,1,28,0.229054303964682,11,"Nnt Cybb Txn1 Sod2 Pink1 Prdx6 Txnrd1 Mfn2 Prdx5 Insr Abcc1"
"GOBP_HYPEROSMOTIC_RESPONSE",0.898181254491861,0.610795890200889,1,17,0.357670000720948,11,"Slc12a2 Xrcc6 Ybx3 Slc25a23 Pkn1 Oxsr1 Rac1 Letm1 Xrcc5 Wnk1 Akt1"
"GOBP_ICOSANOID_BIOSYNTHETIC_PROCESS",-0.776321619338223,0.794037115911165,1,23,-0.262414592120257,4,"Mgst3 Anxa1 Prxl2b Syk"
"GOBP_ICOSANOID_METABOLIC_PROCESS",0.958627320561586,0.537602487984167,1,45,0.312374651452972,12,"Ces2c Hpgds Ahr Tlr4 Sigmar1 Fabp5 Mgll Alox5ap Mif Tlr2 Cyp4f13 Ptges2"
"GOBP_ICOSANOID_SECRETION",-1.12918606727726,0.317247052371812,1,13,-0.437912906596358,3,"Acsl4 Anxa1 Syk"
"GOBP_ICOSANOID_TRANSPORT",-1.25402630661319,0.188451594369434,1,17,-0.4549314352441,4,"Acsl4 Abcc10 Anxa1 Syk"
"GOBP_IMMATURE_B_CELL_DIFFERENTIATION",-0.875369188591845,0.622353937341236,1,15,-0.327799066037058,6,"Rag1 Foxp1 Spi1 Spib Lrrc8a Fnip1"
"GOBP_IMMUNE_RESPONSE_REGULATING_CELL_SURFACE_RECEPTOR_SIGNALING_PATHWAY",0.816911535403818,0.8872605585045,1,237,0.213143124058013,25,"Lime1 Cd247 Tnfrsf21 C1qtnf4 Fer Cd276 Lcp2 Fcer1g Fcrl5 Lilrb4a Kcnn4 Slc39a6 Tlr4 Sla2 Tlr6 Trim32 Ada Cd5 Plscr1 Vav3 Nr4a3 Bcl2a1d Tespa1 Rgcc Ptpn22"
"GOBP_IMMUNE_RESPONSE_REGULATING_SIGNALING_PATHWAY",0.786047003764755,0.96413433322465,1,410,0.197082558920025,44,"Cd300lf Zdhhc1 Lime1 Cd247 Tnfrsf21 C1qtnf4 Fer Cd276 Lcp2 Fcer1g Nlrx1 App Gm6377 Fcrl5 Lilrb4a Rnf135 Kcnn4 Slc39a6 Tlr4 Sla2 Ptprs Slc15a2 Ifih1 Tlr6 Trim32 Ada Alpk1 Hspd1 Cd5 Ddx60 Fosl1 Plscr1 Vav3 Tlr7 Nr4a3 Bcl2a1d Tespa1 Rgcc Ptpn22 Mapk8 Sec14l1 Trim56 Letmd1 Slc19a1"
"GOBP_IMMUNE_RESPONSE_TO_TUMOR_CELL",1.45563497622078,0.053875094055681,1,22,0.547006128736216,5,"Ahr Pvr Hspd1 Il12a Klhl22"
"GOBP_IMMUNE_SYSTEM_DEVELOPMENT",-0.929475627890537,0.696119402985075,1,173,-0.216408126391844,33,"Tbx21 Polm Aicda Hoxb4 Hes1 Bcl2 Ncaph Clcf1 Braf Fas Bcl2l11 Pbx1 Psen2 Nsd2 Samd9l Ighd Nhej1 Rag1 Bcl6 Cdr2 Xrcc4 Samhd1 Bcl3 Lmo4 Polb Hmces Lipa Fancb Zmpste24 Foxp1 Kmt5c Phlpp1 Swap70"
"GOBP_IMMUNOGLOBULIN_PRODUCTION",-0.859557259431438,0.784588441330998,1,99,-0.215668132421473,20,"Tbx21 Polm Aicda Ncaph Clcf1 Zpbp2 Siglecg Nsd2 Ighd Nhej1 Bcl6 Tnf Xrcc4 Samhd1 Polb Hmces Foxp1 Cd22 Kmt5c Swap70"
"GOBP_IMMUNOGLOBULIN_PRODUCTION_INVOLVED_IN_IMMUNOGLOBULIN_MEDIATED_IMMUNE_RESPONSE",-0.661525365686879,0.970223325062035,1,53,-0.185011621086613,13,"Tbx21 Aicda Clcf1 Nsd2 Bcl6 Xrcc4 Hmces Kmt5c Swap70 Btk Ptprc Icosl Pms2"
"GOBP_IMMUNOGLOBULIN_V_D_J_RECOMBINATION",-1.48299526736285,0.0751302440361941,1,13,-0.575124673266135,7,"Ncaph Nhej1 Xrcc4 Polb Foxp1 Smc2 Tcf3"
"GOBP_IMMUNOLOGICAL_SYNAPSE_FORMATION",-1.11925601386076,0.326021387441733,1,13,-0.434061903931434,4,"Lgals3 Nck2 Msn Ccr7"
"GOBP_IMPORT_ACROSS_PLASMA_MEMBRANE",0.967852607956276,0.527099386182578,1,94,0.280881297548882,27,"Slc8a1 Slc9a9 Slc7a7 Kcnn4 Slc39a6 Cacna1d Slc12a2 Slc6a20b Slc15a2 Slc5a6 Slc7a5 Slc12a3 Cacna1a Cacna1s Slc19a1 Akap5 Atp1a1 Slc30a1 Slc31a1 Slc3a2 Slc7a1 Slc6a13 Slc43a2 Acsl5 Slc27a1 Grm6 Slc6a6"
"GOBP_IMPORT_INTO_NUCLEUS",0.783291551550118,0.903732809430255,1,150,0.214376476505216,38,"Angpt1 Mbtps2 Tnpo2 Cdk1 Ect2 Gbp4 Heatr3 Ipo4 Ipo11 Ptpn22 Notch1 Akap5 Gpn1 Hspa12a Stk3 Nolc1 Nup54 Xbp1 Fam53c Nup88 Cry2 Hsp90aa1 Ipo5 Spg11 Tsc2 Nup188 Nup107 Kpnb1 Ran Ubr5 Npm1 Dmap1 Pkig Nr4a1 Tardbp Ipo7 Eif4enif1 Cdkn1a"
"GOBP_IMP_BIOSYNTHETIC_PROCESS",1.51912290759948,0.0373181530676787,1,12,0.656554805904333,9,"Ada Pfas Paics Atic Gmpr2 Aprt Ampd2 Gart Ppat"
"GOBP_IMP_METABOLIC_PROCESS",1.42817511714443,0.0800686748868425,1,14,0.593946477714518,10,"Ada Pfas Paics Atic Gmpr2 Aprt Ampd2 Gart Ppat Nt5c2"
"GOBP_INCLUSION_BODY_ASSEMBLY",-0.991801228945387,0.47064192272589,1,23,-0.335251664355213,11,"Dnajb2 Sorl1 Map2 Trim37 Hspa1b Mfsd8 Hdac6 Psmc5 Dyrk1a Hsf1 Psmc6"
"GOBP_INDOLE_CONTAINING_COMPOUND_METABOLIC_PROCESS",1.42727217142157,0.0713080815825794,1,17,0.56836238345917,7,"Abcc4 Ddc Pde1b Spr Gcdh Atp7a Kynu"
"GOBP_INFLAMMASOME_MEDIATED_SIGNALING_PATHWAY",-0.78494870494742,0.871026011560694,1,59,-0.215084606263425,12,"Irgm2 Mapk11 Elp6 Xpnpep1 Lats2 Abhd8 Gbp5 Irgm1 Zdhhc5 Ufl1 Btk Pycard"
"GOBP_INFLAMMATORY_CELL_APOPTOTIC_PROCESS",-1.37016520685472,0.105927230046948,1,20,-0.475834360534973,3,"Ccl5 Anxa1 Fas"
"GOBP_INFLAMMATORY_RESPONSE",0.986303409767067,0.522247239198027,1,469,0.245215029863293,70,"Ighg3 Zdhhc1 Serpinb9 Ackr2 Gzma Shpk C1qtnf4 Msmp Bcl6b Cd276 Fcer1g Nlrx1 App Cxcr2 Socs3 Apoe Lilrb4a Smad3 Slc18a2 Prkcz Napepld Ahr Setd6 Kcnn4 Sirpa Hmox1 Abr Tspan2 Ptger1 Tlr4 Tnfrsf1b Ccrl2 Nlrc4 S1pr3 Tlr6 Bpgm Sema7a Osm Ada Rarres2 Hyal1 Il2ra Fosl1 Plp1 Tusc2 Snap23 Rhbdd3 Naip2 Mgll Plscr1 Apip Git1 Ext1 Chid1 Spn Tlr7 Nr4a3 Alox5ap Nfix Pglyrp2 Cdh5 Cybb Ptpn22 Ccr1 Mapk8 Nfatc1 Mif Notch1 Letmd1 Bst1"
"GOBP_INFLAMMATORY_RESPONSE_TO_ANTIGENIC_STIMULUS",1.44024084679329,0.045461105498629,1,38,0.485603488784694,9,"Ighg3 Serpinb9 Fcer1g Cxcr2 Lilrb4a Il2ra Ext1 Spn Notch1"
"GOBP_INFLAMMATORY_RESPONSE_TO_WOUNDING",-0.866988061209038,0.641946697566628,1,18,-0.309765711305493,4,"Lrrc25 Siglecg Ager Tnf"
"GOBP_INNATE_IMMUNE_RESPONSE_ACTIVATING_CELL_SURFACE_RECEPTOR_SIGNALING_PATHWAY",-0.672987230989333,0.978121463598642,1,66,-0.181160897056315,8,"Ly96 Irak4 Ifi35 Scimp Syk Tax1bp1 Oas1a Nmi"
"GOBP_INNERVATION",0.879708148092523,0.634298512238042,1,10,0.39791818568215,2,"Sulf2 Npr2"
"GOBP_INNER_CELL_MASS_CELL_PROLIFERATION",1.10540777299081,0.344396418647731,1,16,0.445727347465447,8,"Chek1 Brca2 Cops2 Palb2 Ncapg2 Zpr1 Gins1 Setdb1"
"GOBP_INNER_EAR_MORPHOGENESIS",1.02223878892711,0.446328516661752,1,29,0.362918286090414,7,"Dll1 Nectin1 Abr Tprn Eya1 Nr4a3 Myo7a"
"GOBP_INNER_EAR_RECEPTOR_CELL_DEVELOPMENT",0.818419686148727,0.741440377804014,1,30,0.28854592300061,7,"Ift88 Ttc8 Tprn Elmod3 Myo7a Scrib Cecr2"
"GOBP_INNER_EAR_RECEPTOR_CELL_STEREOCILIUM_ORGANIZATION",0.917985801303501,0.585605721949039,1,24,0.338954153065397,7,"Ift88 Ttc8 Tprn Elmod3 Myo7a Scrib Cecr2"
"GOBP_INNER_MITOCHONDRIAL_MEMBRANE_ORGANIZATION",0.758081164290251,0.847625899280576,1,40,0.253178425499383,21,"Bcs1l Chchd6 Cox18 Adck1 Pink1 Myc Timm9 Romo1 Timm8a1 Dnajc11 Tomm70a Micos10 Trmt10b Ndufa13 Apool Letm1 Timm10 Micos13 Timm22 Timm29 Tmem11"
"GOBP_INORGANIC_ANION_TRANSPORT",1.0511455456552,0.378609921238082,1,60,0.326621635269718,16,"Abcb1b Slc26a10 Ano8 Slc26a6 Slc12a2 Slc5a6 Ttyh2 Tmc4 Slc12a3 Slc20a2 Slc37a1 Slc25a14 Slc26a2 Slc25a30 Cry2 Slc37a4"
"GOBP_INORGANIC_ION_HOMEOSTASIS",0.997002787665248,0.477911191662891,1,273,0.257127166796777,51,"Slc8a1 Lime1 Trf Mt1 Asph App Fcrl5 Tmtc2 Apoe Alpl Frrs1 Ptk2 Tspoap1 Hmox1 Tmem94 Snx10 Slc39a6 Cacna1d Slc12a2 Gsto1 Tmem38b Steap4 Cnnm3 Mtln Slc12a3 Thada Cacna1a Cacna1s Slc39a13 Itgb3 Ext1 Efhc1 Cdh5 Fzd9 Atp7a Bola2 Ccr1 Letmd1 Ccdc47 Atp1a1 Slc41a1 Plcl1 Sod2 Ibtk Slc30a1 Egln1 Slc31a1 Atp6v0a2 Slc37a4 Prkca Fam3a"
"GOBP_INORGANIC_ION_IMPORT_ACROSS_PLASMA_MEMBRANE",1.07560138578482,0.350446428571429,1,50,0.343789065872419,10,"Slc8a1 Slc9a9 Kcnn4 Slc39a6 Cacna1d Slc12a2 Slc5a6 Slc12a3 Cacna1a Cacna1s"
"GOBP_INOSITOL_PHOSPHATE_BIOSYNTHETIC_PROCESS",-0.796712271941089,0.729284903518729,1,16,-0.292751019429128,1,"Ippk"
"GOBP_INOSITOL_PHOSPHATE_METABOLIC_PROCESS",-0.741385688018633,0.844895486216298,1,25,-0.244861687786838,6,"Ippk Plcb3 Ipmk Ip6k1 Itpk1 Inpp5a"
"GOBP_INOSITOL_TRISPHOSPHATE_METABOLIC_PROCESS",-0.858379664660906,0.633575464083939,1,11,-0.347830305455841,3,"Plcb3 Ipmk Itpk1"
"GOBP_INSULIN_LIKE_GROWTH_FACTOR_RECEPTOR_SIGNALING_PATHWAY",1.38635593329442,0.0824346284532427,1,27,0.499404643196214,2,"Ift88 Atxn1"
"GOBP_INSULIN_METABOLIC_PROCESS",-0.545892293910899,0.959967096243488,1,13,-0.211704065470352,3,"Tcf7l2 Nucb2 Ceacam1"
"GOBP_INSULIN_RECEPTOR_RECYCLING",-0.665149217100622,0.886819079875811,1,15,-0.249078097541456,2,"Sorl1 Atp6v0d1"
"GOBP_INSULIN_RECEPTOR_SIGNALING_PATHWAY",0.72387621665961,0.952042628774423,1,116,0.204545150728163,26,"Fer Socs3 Prkcz Stxbp4 Marcks Pde3b Rarres2 Ankrd26 Zbtb7b Fbxw8 Mzb1 Ncl Nucks1 Pip4k2a Ide C2cd5 Atp6v0a2 Prkca Tsc2 C1qtnf12 Sik2 Atp6v1d Cul7 Zfp106 Inpp5k Ncoa5"
"GOBP_INSULIN_SECRETION",-1.1204897781345,0.189312977099237,1,134,-0.269663198260495,25,"Ccl5 Acsl4 Cdk16 Rab3a Kcnb1 Anxa1 Slc8b1 Sirt6 Irs2 Rph3al Pde4c Cd38 Jak2 Tcf7l2 Tnf Trpm5 Foxo1 Osbp Ndufaf2 Birc5 Ensa Aacs Pck2 Ffar1 Srebf1"
"GOBP_INSULIN_SECRETION_INVOLVED_IN_CELLULAR_RESPONSE_TO_GLUCOSE_STIMULUS",0.791644075076723,0.823189204076012,1,61,0.245363226349208,9,"C2cd2l Stxbp4 Hmgn3 Cacna1d Pde3b Ptpmt1 Ncoa6 Tiam1 Arrb1"
"GOBP_INTEGRATED_STRESS_RESPONSE_SIGNALING",0.504249295784673,0.99129279811098,1,30,0.177780521335304,5,"Impact Hspa5 Kcmf1 Eif2s1 Atad3a"
"GOBP_INTEGRIN_ACTIVATION",0.928765236996879,0.574478178368121,1,12,0.401406151442189,2,"Cdh17 Mzb1"
"GOBP_INTEGRIN_MEDIATED_SIGNALING_PATHWAY",0.979639070371616,0.500417014178482,1,55,0.308878119072085,10,"Itga9 Fcer1g Ptk2 Fut8 Cdh17 Sema7a Ctnna1 Arhgap35 Itgb3 Vav3"
"GOBP_INTERFERON_ALPHA_PRODUCTION",1.43157231059814,0.0570246712956124,1,27,0.515692861994635,9,"Flt3 Tlr4 Ptprs Ifih1 Hspd1 Gbp4 Tlr7 Ptpn22 Dhx36"
"GOBP_INTERFERON_BETA_PRODUCTION",1.1836473219451,0.20293060547415,1,59,0.368476444058176,12,"Nlrx1 Rnf135 Sirpa Tlr4 Ptprs Ifih1 Zbtb20 Traf3ip1 Tlr7 Ptpn22 Trim56 Tlr2"
"GOBP_INTERFERON_MEDIATED_SIGNALING_PATHWAY",-1.11420147660517,0.237375745526839,1,76,-0.292661803460562,15,"Irgm2 Ciita Usp18 Jak2 Oasl2 Oas1a Irf7 Parp9 Zbp1 Morc3 Parp14 Samhd1 Ttll12 Irgm1 Oasl1"
"GOBP_INTERLEUKIN_10_PRODUCTION",1.43870077117986,0.0450997398091934,1,37,0.487054936935693,12,"Tnfrsf21 Rbm47 Dll1 Fcer1g Prkcz Vsir Tlr4 Hspd1 Tusc2 Tlr2 Jak3 Irf4"
"GOBP_INTERLEUKIN_12_PRODUCTION",-0.87365890613147,0.677559186395465,1,43,-0.255245878278872,7,"Mapk11 Mast2 Scimp Syk Acp5 Slamf1 Ager"
"GOBP_INTERLEUKIN_13_PRODUCTION",1.44365933670184,0.0675091985282355,1,10,0.653010098007041,6,"Tnfrsf21 Prkcz Tlr4 Lef1 Irf4 Rara"
"GOBP_INTERLEUKIN_17_MEDIATED_SIGNALING_PATHWAY",0.792954065332812,0.737641977283635,1,10,0.358676731243975,4,"Trim32 Notch1 Traf2 Ikbke"
"GOBP_INTERLEUKIN_17_PRODUCTION",1.43929307217838,0.0520956316410862,1,30,0.507443986268707,11,"Il15 Vsir Tlr4 Osm Slc7a5 Zbtb7b Il12a Tusc2 Tlr2 Nod2 Ubr5"
"GOBP_INTERLEUKIN_18_PRODUCTION",0.613137828475239,0.920127287191726,1,11,0.271125811718314,4,"Tlr2 Nod2 Cd84 Tlr9"
"GOBP_INTERLEUKIN_1_BETA_PRODUCTION",0.869040407526961,0.698778456413104,1,57,0.272536791678994,7,"App Smad3 Sirpa Tlr4 Nlrc4 S1pr3 Tlr6"
"GOBP_INTERLEUKIN_1_MEDIATED_SIGNALING_PATHWAY",-1.16786337769711,0.245380187821872,1,25,-0.385716911438631,4,"Egr1 Irak4 Tax1bp1 Zbp1"
"GOBP_INTERLEUKIN_1_PRODUCTION",-0.884439255315726,0.700231481481482,1,68,-0.23674453389173,21,"Egr1 Naip5 Anxa1 Ptger4 Jak2 Acp5 Serpinb1a Ighd Ager Tnf Gbp5 Foxp1 Ffar1 Pml Pycard Ceacam1 Lgals9 Ifnar1 Ccr7 Rad21 Il16"
"GOBP_INTERLEUKIN_2_PRODUCTION",-0.733318111284142,0.900956284153005,1,45,-0.212723962234367,3,"Tbx21 Homer3 Anxa1"
"GOBP_INTERLEUKIN_4_MEDIATED_SIGNALING_PATHWAY",1.05967033228079,0.411137629276054,1,11,0.468579764044108,1,"Cd300lf"
"GOBP_INTERLEUKIN_4_PRODUCTION",1.30725684959412,0.145223125287533,1,17,0.520570381533197,6,"Fcer1g Prkcz Lef1 Slc7a5 Irf4 Rara"
"GOBP_INTERLEUKIN_5_PRODUCTION",1.37432452928888,0.103663413853783,1,10,0.62164790040752,3,"Tnfrsf21 Prkcz Lef1"
"GOBP_INTERLEUKIN_6_MEDIATED_SIGNALING_PATHWAY",1.35690667412556,0.114104350518656,1,15,0.555185791295374,3,"C1qtnf4 Fer Socs3"
"GOBP_INTERLEUKIN_6_PRODUCTION",1.10577666599142,0.284236389499547,1,100,0.318112262248966,20,"Flt3 C1qtnf4 Fcer1g Nlrx1 App Sirpa Tlr4 Ifih1 Tlr6 Zbtb20 Hspd1 Tlr7 Ncl Ptpn22 Mbp Arrb1 Tlr2 Nlrp10 Bsg Xbp1"
"GOBP_INTERLEUKIN_8_PRODUCTION",-1.00964928353445,0.432718579234973,1,45,-0.292883255923454,17,"Cd2 Anxa1 C5ar2 Syk Ptger4 Tnf Ripk1 Hspa1b Klf4 Bcl3 Prkd2 Zfp580 Cd74 Pycard Ptprc Map2k5 Tlr1"
"GOBP_INTERMEDIATE_FILAMENT_BASED_PROCESS",1.20184646887175,0.23177201758375,1,21,0.456799172159703,4,"Nefh Ppl Krt10 Eppk1"
"GOBP_INTERMEDIATE_FILAMENT_ORGANIZATION",1.22759593480615,0.224821002386635,1,11,0.542835442259556,1,"Nefh"
"GOBP_INTERMEMBRANE_LIPID_TRANSFER",0.876230363430414,0.651597702841997,1,28,0.313070609963046,5,"Mttp C2cd2l Nme4 Tmem63b Prelid2"
"GOBP_INTERNAL_PROTEIN_AMINO_ACID_ACETYLATION",-0.792840633562625,0.725585149313963,1,11,-0.321272755056275,2,"Kif3a Kat2b"
"GOBP_INTERSTRAND_CROSS_LINK_REPAIR",-0.853507304125414,0.707653701380176,1,33,-0.265856872135173,8,"Fanca Exo5 Sprtn Rad51 Xpa Hmces Fancb Mcm8"
"GOBP_INTESTINAL_ABSORPTION",0.882900949224103,0.632415420928403,1,13,0.374254403247334,5,"Slc26a6 Tjp2 Scarb1 Dgat1 Npc1"
"GOBP_INTESTINAL_EPITHELIAL_CELL_DIFFERENTIATION",-1.12981638110993,0.311650226606238,1,10,-0.470398717304116,3,"Cbfa2t2 Tigar C1galt1"
"GOBP_INTRACELLULAR_DISTRIBUTION_OF_MITOCHONDRIA",-0.814340403350906,0.695453322571967,1,11,-0.329984834105401,1,"Mfn1"
"GOBP_INTRACELLULAR_GLUCOSE_HOMEOSTASIS",0.698143719828497,0.969931489469678,1,116,0.197273938714567,17,"C2cd2l Smad3 Stxbp4 Slc29a1 Hmgn3 Cacna1d Endog Zbtb20 Pde3b Ptpmt1 Fcor Ncoa6 Tiam1 Arrb1 Nucks1 Xbp1 Nrxn1"
"GOBP_INTRACELLULAR_IRON_ION_HOMEOSTASIS",0.733831899430715,0.882237211916807,1,47,0.237187677701327,4,"Trf Frrs1 Hmox1 Steap4"
"GOBP_INTRACELLULAR_LIPID_TRANSPORT",-0.652656783390985,0.956394402863651,1,38,-0.196437557167229,10,"Anxa2 Cpt1b Osbp Osbpl2 Ldlr Ldlrap1 Stard4 Tmem41b Vps51 Gramd1a"
"GOBP_INTRACELLULAR_MONOATOMIC_ION_HOMEOSTASIS",1.00805434142279,0.453043675039602,1,286,0.259346930246057,49,"Slc8a1 Car2 Lime1 Trf Cln6 Slc9a9 Mt1 Asph App Fcrl5 Apoe Frrs1 Ptk2 Tspoap1 Hmox1 Tmem94 Slc39a6 Slc26a6 Cacna1d Slc12a2 Gsto1 Tmem38b Steap4 Mtln Thada Cacna1a Cacna1s Slc39a13 Itgb3 Gpr89 Efhc1 Cdh5 Rab20 Fzd9 Atp7a Bola2 Ccr1 Ccdc47 Rab39 Atp1a1 Slc41a1 Plcl1 Ibtk Slc30a1 Egln1 Slc31a1 Atp6v0a2 Slc37a4 Prkca"
"GOBP_INTRACELLULAR_MRNA_LOCALIZATION",0.781691902950738,0.761263353460288,1,15,0.319833519846579,3,"Fubp3 Mettl1 Dhx36"
"GOBP_INTRACELLULAR_PH_REDUCTION",0.860600312622926,0.686234817813765,1,36,0.292461161136584,10,"Car2 Cln6 Gpr89 Rab20 Rab39 Atp6v0a2 Cln3 Snapin Atp6v1d Slc9a8"
"GOBP_INTRACELLULAR_PROTEIN_TRANSMEMBRANE_TRANSPORT",-0.764423356192478,0.830124223602485,1,29,-0.245091754919523,4,"Pex5 Tram2 Trim37 Pex7"
"GOBP_INTRACELLULAR_RECEPTOR_SIGNALING_PATHWAY",-0.924391994978034,0.771728748806113,1,309,-0.200681223551503,63,"Irgm2 Aars2 Mapk11 Elp6 Thra Klf2 Klf9 Nr6a1 Nr2c2 Trim25 Smpdl3a Rnf14 Skp2 Gramd4 Scimp Arnt Nr1h2 Jak2 Ppp6c Xpnpep1 Tcf7l2 Tax1bp1 Oas1a Tnf Irf7 Nr1d2 Trip4 Lats2 Hspa1b Dhx58 Traf3ip3 Washc4 Abhd8 Padi2 Daxx Trim68 Trim3 Gbp5 Rnf144a Irgm1 Oasl1 Cnot9 Ufsp2 Foxp1 Srebf1 Usp15 Spsb3 Prmt2 Shq1 Zdhhc5 Slc15a3 Ufl1 Pml Crebrf Zc3hav1 Btk Lacc1 Lbh Safb2 Esrrg Nedd4 Pycard Vps11"
"GOBP_INTRACELLULAR_SODIUM_ION_HOMEOSTASIS",1.19797184200931,0.25499920012798,1,10,0.541878329653157,2,"Slc8a1 Slc12a2"
"GOBP_INTRACELLULAR_STEROL_TRANSPORT",-0.620715646521727,0.962802231866088,1,30,-0.197142125867462,8,"Anxa2 Osbp Osbpl2 Ldlr Ldlrap1 Stard4 Vps51 Gramd1a"
"GOBP_INTRACELLULAR_ZINC_ION_HOMEOSTASIS",0.964909413446838,0.519108280254777,1,20,0.370323282393542,3,"Mt1 Slc39a6 Slc39a13"
"GOBP_INTRACILIARY_ANTEROGRADE_TRANSPORT",0.958232926394485,0.530357421570158,1,14,0.39850790328853,4,"Ift88 Ift80 Traf3ip1 Cluap1"
"GOBP_INTRACILIARY_TRANSPORT",1.11828895091415,0.306662787314518,1,35,0.382524164934669,9,"Intu Ift88 Wdr19 Ift140 Ift80 Traf3ip1 Bbs1 Cep131 Cluap1"
"GOBP_INTRA_GOLGI_VESICLE_MEDIATED_TRANSPORT",-1.25897320777977,0.155091871691062,1,28,-0.407750936277865,9,"Copg2 Cux1 Cog5 Rab6b Cog1 Gosr2 Vti1a Cog6 Gabarapl2"
"GOBP_INTRINSIC_APOPTOTIC_SIGNALING_PATHWAY",0.849389774815488,0.832626390003439,1,248,0.220741585450531,61,"Nacc2 Ackr3 App Bcl2a1c Fhit Hmox1 Tnfrsf1b Ercc6 Trim32 Siah1b Ptpmt1 Hells Ddias Brca2 Htra2 Mlh1 Jmy Plscr1 Snai1 Bcl2a1b Wwox Bcl2a1d Prodh Mif Nbn Fbxw7 Pmaip1 Ppp1r13b Hyou1 Ifi27 Sod2 Xbp1 Casp2 Prkca E2f1 Uri1 Pink1 Ern1 Atad5 Ikbke Myc Kdm6a Wfs1 Bcl2l12 Gsdme Prkdc Aifm1 Chek2 Ybx3 Cdkn1a Hdac2 Trp53bp2 Pdk1 Eif5a Parp1 Aen Kdm1a Ikbkg Bid Siva1 Bak1"
"GOBP_INTRINSIC_APOPTOTIC_SIGNALING_PATHWAY_BY_P53_CLASS_MEDIATOR",0.708835764337009,0.935622895622896,1,70,0.214871322904045,28,"Fhit Brca2 Jmy Wwox Mif Pmaip1 Ppp1r13b E2f1 Uri1 Atad5 Myc Bcl2l12 Chek2 Cdkn1a Trp53bp2 Eif5a Aen Kdm1a Bag6 Dyrk2 Ddit4 Hipk2 Rrn3 Msh2 Triap1 Trp53 Rps27l Hint1"
"GOBP_INTRINSIC_APOPTOTIC_SIGNALING_PATHWAY_IN_RESPONSE_TO_DNA_DAMAGE",1.13975459865708,0.238343998955204,1,94,0.330769114973102,33,"Nacc2 Ackr3 Bcl2a1c Hmox1 Tnfrsf1b Ercc6 Trim32 Ddias Brca2 Htra2 Mlh1 Plscr1 Snai1 Bcl2a1b Bcl2a1d Mif Pmaip1 Sod2 Casp2 E2f1 Uri1 Atad5 Ikbke Myc Bcl2l12 Prkdc Chek2 Cdkn1a Aen Kdm1a Bid Bak1 Bag6"
"GOBP_INTRINSIC_APOPTOTIC_SIGNALING_PATHWAY_IN_RESPONSE_TO_DNA_DAMAGE_BY_P53_CLASS_MEDIATOR",0.71763444581042,0.896402877697842,1,40,0.239670325069361,18,"Brca2 Mif Pmaip1 Uri1 Atad5 Bcl2l12 Chek2 Cdkn1a Aen Kdm1a Bag6 Dyrk2 Ddit4 Hipk2 Msh2 Triap1 Trp53 Rps27l"
"GOBP_INTRINSIC_APOPTOTIC_SIGNALING_PATHWAY_IN_RESPONSE_TO_ENDOPLASMIC_RETICULUM_STRESS",-0.531858659708377,0.997887323943662,1,51,-0.150018657390217,7,"Bcl2 Casp9 Casp3 Bcl2l1 Nck2 Txndc12 Pml"
"GOBP_INTRINSIC_APOPTOTIC_SIGNALING_PATHWAY_IN_RESPONSE_TO_HYPOXIA",1.19919353528109,0.253239481682931,1,10,0.542430937891719,7,"Hyou1 Pink1 Kdm6a Bnip3 Zfas1 Pik3cb Atf2"
"GOBP_INTRINSIC_APOPTOTIC_SIGNALING_PATHWAY_IN_RESPONSE_TO_OXIDATIVE_STRESS",-0.869258083382802,0.694950188938509,1,46,-0.25099385562086,10,"Bcl2 Jak2 Map2k4 Daxx Fyn Gskip Pml Stk24 Mapk7 Arl6ip5"
"GOBP_IN_UTERO_EMBRYONIC_DEVELOPMENT",0.832794144568389,0.8905125650393,1,347,0.211334349105194,76,"Slc8a1 Pemt Dll1 Tanc2 Angpt1 Socs3 Smad3 St8sia6 Vegfa Celf4 B9d1 Chek1 Maf Endog Lef1 Syde1 Uty Wdr19 Rcn1 Ada Tent5c Rpgrip1l Oosp1 Pkd1 Fosl1 Npat Ell Xrcc2 Brca2 Ptch1 Fbxw8 Cops2 Snai1 Bmi1 Chst11 Flvcr1 Txnrd3 Ctr9 Ncoa6 Nbn Notch1 Spic Kdm4c Ttll1 Rundc1 Stk3 Pcnt Pbrm1 Hinfp Mapk8ip3 Slc30a1 Tbl1xr1 Egln1 Ccdc62 Ncor2 Tmem100 Lman1 Dhx35 Alkbh1 Kmt2d Fzd5 Prdm1 Plod3 Slc25a20 Acvr1b Cmtm3 Kdm6a Ccnb2 Cpt2 Prkcsh Nop2 Palb2 Inpp5k Ybx3 Nek2 Cdkn1a"
"GOBP_IONOTROPIC_GLUTAMATE_RECEPTOR_SIGNALING_PATHWAY",0.928437000057515,0.574952561669829,1,12,0.401264289622493,6,"App Shank1 Plp1 Cdk5r1 Nrxn1 Cln3"
"GOBP_IRE1_MEDIATED_UNFOLDED_PROTEIN_RESPONSE",0.830263985598673,0.702192915197056,1,17,0.330624268590038,7,"Hspa5 Xbp1 Parp16 Ern1 Pdia6 Dnajb9 Ficd"
"GOBP_IRES_DEPENDENT_VIRAL_TRANSLATIONAL_INITIATION",0.891235117666672,0.619888623707239,1,11,0.394098738468233,5,"Eif2d Denr Eif3b Ssb Eif3a"
"GOBP_IRON_ION_TRANSMEMBRANE_TRANSPORT",-0.93039679034417,0.549589201877934,1,20,-0.323110497597207,3,"Slc11a2 Abcb6 Fxn"
"GOBP_IRON_ION_TRANSPORT",0.892355182201629,0.630566801619433,1,36,0.303252542330049,5,"Trf Nectin1 Steap4 Flvcr1 Atp7a"
"GOBP_ISOPRENOID_BIOSYNTHETIC_PROCESS",-1.08938777432936,0.334955886826894,1,23,-0.368238164879558,7,"Idi1 Lss Pmvk Acat2 Acat3 Fdft1 Hmgcs1"
"GOBP_ISOPRENOID_METABOLIC_PROCESS",1.0513653741079,0.387555803571429,1,50,0.336042631249892,14,"Ces2c Dhrs3 Crppa Amacr Pecr Rarres2 Pdss1 Rdh5 Rdh13 Pdss2 Mvk Dgat1 Plpp6 Prmt3"
"GOBP_ISOTYPE_SWITCHING_TO_IGG_ISOTYPES",-0.766504003772203,0.765507649513213,1,14,-0.292043668061528,1,"Tbx21"
"GOBP_JNK_CASCADE",0.909032729689285,0.654024283389661,1,128,0.253635392663415,25,"Cd27 Map3k15 App Sh3rf1 Smad3 Ptk2 Sirpa Tlr4 Ercc6 Erbb3 Naip2 Traf4 Tlr7 Rap2a Mturn Ptpn22 Mapk8 Hacd3 Unc5cl Hipk3 Stk3 Mfhas1 Traf2 Mapk8ip3 Mbip"
"GOBP_KERATINOCYTE_DIFFERENTIATION",0.64910043616172,0.956423635594415,1,46,0.210691431286466,1,"Intu"
"GOBP_KERATINOCYTE_MIGRATION",1.35065929882976,0.121580547112462,1,10,0.610943412119602,3,"Epb41l4b Adam9 Eppk1"
"GOBP_KERATINOCYTE_PROLIFERATION",1.09288014560428,0.355626326963907,1,20,0.419437262340696,3,"Intu Stxbp4 Ptch1"
"GOBP_KETONE_BIOSYNTHETIC_PROCESS",0.98550854991729,0.487489089322083,1,35,0.337105034244436,10,"Dkkl1 Ggcx Cacna1h Coq3 Pdss1 Ppargc1a Dgkq Coq9 Pdss2 Tpi1"
"GOBP_KETONE_CATABOLIC_PROCESS",0.473816379987134,0.98640101201771,1,12,0.204780284623793,2,"Kyat3 Kynu"
"GOBP_KETONE_METABOLIC_PROCESS",-0.848729085697325,0.854954034729316,1,132,-0.20494266626065,30,"Acsl4 Egr1 Coq7 Anxa1 Sirt6 Irs2 H6pd Vkorc1l1 Nr1h2 Kat2b Kyat1 Insig2 Kdsr Nmt1 Pdk2 Nucb2 Stard3 Srebf1 Lpgat1 Stard4 Akt2 Erlin1 Cd74 Cop1 Insig1 Kmo Ceacam1 Wdtc1 Pdpr Dcaf5"
"GOBP_KIDNEY_EPITHELIUM_DEVELOPMENT",0.971773790112022,0.514714047751249,1,57,0.304754656631602,17,"Dll1 Hs3st3b1 Cxcr2 Smad3 Maged1 Vegfa Gdf11 Pkd1 Ptch1 Ext1 Eya1 Epcam Notch1 Wnt6 Rara Tsc2 Smad5"
"GOBP_KIDNEY_MORPHOGENESIS",0.885985722111055,0.64570685169124,1,37,0.299939868423673,8,"Hs3st3b1 Maged1 Ahr Nphp3 Vegfa Pkd1 Ptch1 Eya1"
"GOBP_KINETOCHORE_ORGANIZATION",1.09972901326296,0.337511058684754,1,29,0.390429098348132,10,"Cenph Cenpk Cenpn Mis12 Cenpc1 Cenpi Itgb3bp Nuf2 Cenpp Cenpt"
"GOBP_LABYRINTHINE_LAYER_BLOOD_VESSEL_DEVELOPMENT",-1.00434953469278,0.446514253457522,1,15,-0.376098272292005,4,"Llgl2 Hes1 Junb Hs6st1"
"GOBP_LABYRINTHINE_LAYER_DEVELOPMENT",-0.912088151438829,0.596604938271605,1,31,-0.286846994938894,3,"Adm Llgl2 Hes1"
"GOBP_LABYRINTHINE_LAYER_MORPHOGENESIS",-1.15184618189324,0.284504657070279,1,15,-0.431331268639164,2,"Adm Llgl2"
"GOBP_LACTATE_METABOLIC_PROCESS",-0.546775333787329,0.976535341830823,1,18,-0.195357073266656,6,"Tigar Mrs2 Slc25a12 Glo1 Pnkd Hagh"
"GOBP_LACTATION",0.726551394516263,0.850414691943128,1,26,0.26399259801756,12,"Slc29a1 Vegfa Zbtb7b Xbp1 Prlr Aprt Stat5a Nme1 Hk2 Chuk Eif2ak3 Ccnd1"
"GOBP_LAMELLIPODIUM_ASSEMBLY",0.811209332422499,0.777746439148216,1,46,0.263310338122239,8,"Fer Arhgef4 Cyfip1 Srgap2 Vav3 Atp7a Twf1 Hsp90aa1"
"GOBP_LAMELLIPODIUM_MORPHOGENESIS",-1.37847452072871,0.130365235937083,1,10,-0.573927460451733,4,"Snx2 Plekho1 Cd44 Myo9b"
"GOBP_LAMELLIPODIUM_ORGANIZATION",0.66891384919605,0.953359244863965,1,57,0.209775785786902,9,"Fer Arhgef4 Cyfip1 Srgap2 Vav3 Atp7a Twf1 Hsp90aa1 Phpt1"
"GOBP_LATE_ENDOSOME_TO_LYSOSOME_TRANSPORT",0.82490053977377,0.713354555100803,1,21,0.313529134912291,6,"Plekhm2 C9orf72 Chmp4c Snapin Chmp6 Vps39"
"GOBP_LATE_ENDOSOME_TO_VACUOLE_TRANSPORT",-0.582360564402714,0.96485913359588,1,25,-0.192339551470489,9,"Pik3r4 Leprotl1 Chmp7 Ptpn23 Vta1 Chmp3 Vps4a Vps36 Chmp5"
"GOBP_LATE_ENDOSOME_TO_VACUOLE_TRANSPORT_VIA_MULTIVESICULAR_BODY_SORTING_PATHWAY",0.727014840015648,0.827724606359988,1,16,0.293150097299781,6,"Vps25 Tmem50b Chmp4c Chmp6 Snf8 Stam"
"GOBP_LAYER_FORMATION_IN_CEREBRAL_CORTEX",-1.17060914463511,0.277259397494002,1,10,-0.487382772375685,1,"Reln"
"GOBP_LEARNING",1.00704040080311,0.452156862745098,1,91,0.293453768561292,21,"Atxn1 Tanc1 App Fgf13 Srcin1 Pak6 Ahr Adcy3 Chrnb2 Ddhd2 Shank1 Sigmar1 Pde1b Git1 Nfix Hrh2 Atad1 Tlr2 Vdac1 Nrxn1 Lgmn"
"GOBP_LENS_DEVELOPMENT_IN_CAMERA_TYPE_EYE",1.24881364666635,0.152374100719424,1,40,0.417069685541051,5,"Tbc1d32 Cdon Nectin1 Smad3 Maf"
"GOBP_LENS_FIBER_CELL_DIFFERENTIATION",0.668739682882623,0.901470365317569,1,21,0.2541753388999,6,"Smad3 Maf Prox2 Spred2 Nf2 Plaat3"
"GOBP_LENS_MORPHOGENESIS_IN_CAMERA_TYPE_EYE",1.1490650942225,0.300550747442958,1,13,0.487079180862253,4,"Nectin1 Pou2f1 Ski Prox2"
"GOBP_LEUKOCYTE_ACTIVATION_INVOLVED_IN_INFLAMMATORY_RESPONSE",0.927798608717634,0.576741440377804,1,30,0.327109074283022,4,"App Kcnn4 Tlr4 Tlr6"
"GOBP_LEUKOCYTE_ADHESION_TO_VASCULAR_ENDOTHELIAL_CELL",-0.668840092394618,0.927436935534102,1,28,-0.216621110130713,4,"Itgb7 Tnf Klf4 Ets1"
"GOBP_LEUKOCYTE_APOPTOTIC_PROCESS",-1.12420712764474,0.221513605442177,1,91,-0.285869032638514,22,"Ccl5 Lgals3 Anxa1 Tsc22d3 Lmbr1l Nfkbid Irs2 Casp9 Fas Bcl2l11 Casp3 Pdcd7 Rag1 Gpam Ripk1 St3gal1 Lipa Foxp1 Prkd2 Rapgef2 Slc39a10 Vhl"
"GOBP_LEUKOCYTE_CELL_CELL_ADHESION",-1.02239883893113,0.37766410912191,1,272,-0.224818569866189,44,"Ccl5 Itgb7 Lgals3 Adora2a Tbx21 Egr3 Hlx Rasgrp1 Anxa1 Hes1 Nfkbid Casp3 L1cam Socs5 Dusp10 Syk H2-DMb1 Jak2 Stk10 Ripor2 H2-Ob Tnfrsf13c Tnip1 Cd46 Cd55 Slamf1 Ager Rag1 Bcl6 Tnf Icam2 H2-DMa Smarcc2 Gpam Rhoh H2-DMb2 Cyld Klf4 Dhps Slc4a2 Irgm1 Fyn Csk Pde5a"
"GOBP_LEUKOCYTE_CHEMOTAXIS",0.88200505285395,0.7039600153787,1,109,0.250953575313354,23,"Trem1 Msmp Itga9 Fcer1g App Cxcr2 Ptk2 Vegfa Slc12a2 Lyst Rarres2 Mospd2 Il12a Vav3 Dpp4 Ccr1 Mif Bst1 Calr Bsg Lgmn Slc37a4 Prkca"
"GOBP_LEUKOCYTE_DEGRANULATION",0.900947147231879,0.638532366071429,1,52,0.28677150032132,10,"Myo1f Fcer1g Slc18a2 Hmox1 Abr Stx11 Snap23 Nr4a3 Fes Fgr"
"GOBP_LEUKOCYTE_DIFFERENTIATION",0.779064103924049,0.978147319049142,1,490,0.193144535312692,57,"Cd300lf Car2 6030468B19Rik Trf Il9r Cd27 Flt3 Il12rb1 Dll1 Nrarp Fcer1g App Sh3rf1 Lilrb4a Prkcz Tmem176a Ahr Il15ra Il15 Vegfa Vsir Snx10 Tspan2 Tjp2 Tlr4 Cdh17 Lef1 Ada Fgl2 Gpr55 Wwp1 Prr7 Runx2 Pde1b Il2ra Zbtb7b Il12a Hells Zbtb46 Ift80 Id2 Tusc2 Dtx1 Zc3h8 Itgb3 Gpr89 Bmi1 Spn Nfix Pglyrp2 Bcl2a1d Dpp4 Tespa1 Fzd9 Ptpn22 Atp7a Ccr1"
"GOBP_LEUKOCYTE_HOMEOSTASIS",0.779997816366049,0.875032308089946,1,101,0.224151695865504,30,"Flt3 Fcer1g Cxcr2 Lilrb4a Ahr Xkr8 Sit1 Ada Il2ra Mthfd1 Zc3h8 Gpr174 Mif Pmaip1 Jak3 Slc37a4 Dock10 Rc3h2 Csf1r Ccnb2 Stat5a Bap1 Ikbkg Fadd Siva1 Bak1 Pkn1 Itpkb Sos1 Sh2b2"
"GOBP_LEUKOCYTE_MEDIATED_CYTOTOXICITY",1.00663188480936,0.45281045751634,1,91,0.293334726109977,10,"Trem1 Serpinb9 Pcyox1l Pvr Klrb1f Plekhm2 Lyst Stx11 Il12a Tusc2"
"GOBP_LEUKOCYTE_MIGRATION",0.924299059585527,0.64589774078478,1,188,0.246862898050221,32,"Trem1 Cd9 Msmp Fer Itga9 Fcer1g App Cxcr2 Ptk2 Kcnn4 Sirpa Vegfa Abr Slc12a2 Smpd3 Lyst Ada Tnfrsf18 Rarres2 Mospd2 Il12a Itgb3 Ext1 Vav3 Spn Dpp4 Ptpn22 Ccr1 Mif Bst1 Calr Tlr2"
"GOBP_LEUKOCYTE_PROLIFERATION",0.927907697074046,0.64961814394816,1,233,0.242527458777729,37,"Il9r Cd27 Tnfrsf21 Flt3 Il12rb1 Cd276 Sh3rf1 Lilrb4a Csf2rb Ebi3 Ahr Lst1 Ptk2 Il15 Vsir Chrnb2 Tlr4 Tnfrsf1b Lef1 Ada Hspd1 Il2ra Impdh1 Zbtb7b Il12a Hells Vav3 Bmi1 Cd320 Mzb1 Spn Nfix Ptpn22 Mif Rag2 Bst1 Il7r"
"GOBP_LEUKOCYTE_TETHERING_OR_ROLLING",-0.85425803082574,0.64923504867872,1,14,-0.325478598370779,2,"Itgb7 Tnf"
"GOBP_LEUKOTRIENE_METABOLIC_PROCESS",-0.902842026721143,0.58442280945758,1,14,-0.343989458458337,4,"Mgst3 Abcc10 Syk Cyp4f18"
"GOBP_LIGAND_GATED_ION_CHANNEL_SIGNALING_PATHWAY",0.956066593014993,0.534883720930233,1,14,0.397606973098067,8,"App Shank1 Plp1 Cdk5r1 Nrxn1 Cln3 Gna11 Gm527"
"GOBP_LIMBIC_SYSTEM_DEVELOPMENT",0.936424701685981,0.575338716299439,1,64,0.288180867349763,18,"Plxna1 Fgf13 Plxna3 Ptprs Lef1 Bbs1 Nr4a3 Nfix Cdk5r1 Atg16l1 Atat1 Rara Pomgnt1 Ran Tmem108 Csf1r Nf2 Hdac2"
"GOBP_LIPID_BIOSYNTHETIC_PROCESS",-0.966878958304167,0.636608344549125,1,429,-0.203670554986939,98,"Acsl4 Idi1 Dhcr24 Egr1 Pgap1 Pgap3 Idh1 Cers6 Sorbs1 Acox1 Anxa1 Acss1 Pik3r4 St6galnac3 Prxl2b Prkab2 Dhcr7 Cyp51 Cyp27a1 Afap1 Pip4k2b H6pd Acot8 Dgka Lss Armc5 Fitm2 Pik3cg Etnk1 Scd1 Pik3c2b Prkag1 Pbx1 Nr1h2 Hexb Elovl6 Gpr146 Chp1 St3gal6 Sgms1 Tcf7l2 Capn2 Kat2b Insig2 Tnf Pmvk Pex7 Acat2 Kdsr Gpam Acat3 G6pdx Abhd8 Agpat2 Fdft1 Osbp St3gal1 Tmx1 B3gnt5 Pigv Lpcat2 B3galt4 Lipa Sccpdh Tmem135 Ldlr Crebl2 Pck2 Agpat1 Stard3 Srebf1 Pip5k1b Lpgat1 Slc35c1 Stard4 Hmgcs1 Pigyl Dgkz Hint2 Gstm1 Acsl3 Ormdl1 Erlin1 Cd74 Vac14 Daglb Ptdss1 Selenoi Cop1 Insig1 Srebf2 Pnpla8 Sphk2 Ip6k1 Chka Ceacam1 Wdtc1 B4galt3"
"GOBP_LIPID_CATABOLIC_PROCESS",-1.01366628713705,0.413316582914573,1,188,-0.232963350809534,28,"Acaa2 Cyp39a1 Idh1 Pak4 Nceh1 Hacl1 Thra Acox1 Sorl1 Pex5 Sirt6 Smpdl3a Naga Irs2 Cyp27a1 Zpbp2 Plcb3 Acot8 Fitm2 Pik3cg Slc27a4 Hexb Plbd2 Naaa Neu1 Tnf Cpt1b Pex7"
"GOBP_LIPID_DROPLET_FORMATION",0.509004323380552,0.976929196499602,1,11,0.22507861028225,2,"Mospd2 Bscl2"
"GOBP_LIPID_DROPLET_ORGANIZATION",-0.841665842986114,0.697667373523175,1,25,-0.277981787612997,5,"Plin2 Fitm2 Rnf213 Ldah Chka"
"GOBP_LIPID_EXPORT_FROM_CELL",0.955617169969373,0.531943410275503,1,23,0.355291835019889,8,"Abcb1b Abcc4 Mif Surf4 Cry2 Cry1 Selenom Nmb"
"GOBP_LIPID_HOMEOSTASIS",-0.944532761764504,0.592641843971631,1,104,-0.235009046726273,26,"Hsdl2 Cyp39a1 Acox1 Hdac9 Alms1 Mylip Washc5 Fitm2 Scd1 Nr1h2 Nr1d2 Gpam Med13 Abhd8 Slc25a27 Lipa Rab30 Ldlr Ldlrap1 Sar1b Slc25a46 Ormdl1 Ldah Insig1 Srebf2 Pnpla8"
"GOBP_LIPID_IMPORT_INTO_CELL",-1.25160371115504,0.200438716753496,1,13,-0.485388046259084,6,"Irs2 Slc27a4 Lipa Acsl3 Slc2a1 Akt2"
"GOBP_LIPID_LOCALIZATION",-0.884243577186274,0.859786476868327,1,223,-0.199114732668963,51,"Plin2 Pltp Acsl4 Anxa2 Abcc10 Anxa1 Spns3 Pitpnm2 Irs2 Vat1 Atp8a1 Slc27a4 Syk Nr1h2 Tex2 Slc25a10 Naxe Osbpl9 Kdm5b Cpt1b Xrcc4 Vps13d Esyt1 Osbp Osbpl2 Nucb2 Fxn Lipa Tmem135 Ldlr Stard3 Abca7 Ldlrap1 Sar1b Stard4 Acsl3 Slc2a1 Tmem41b Zdhhc5 Akt2 Vps51 Spns2 Abca6 Spns1 Srebf2 Pnpla8 Ceacam1 Soat1 Pitpnb Gramd1a Lyn"
"GOBP_LIPID_MODIFICATION",0.83313561814113,0.799923877188531,1,116,0.235418496515977,32,"Acad8 Plppr3 Synj2 Acad12 Plpp5 Pip4p2 Acad11 Dgkh Mtln Gcdh Ppargc1a Mlycd Dgkq Etfdh Samd1 Acad10 Dgat1 Sesn2 Acsl5 Cpt1a Mtmr1 Ehhadh Plpp6 Pex2 Cpt2 Lonp2 Inpp5k Inpp5e Dgke Echs1 Blvra Abcd4"
"GOBP_LIPID_OXIDATION",0.70782592398938,0.944918644971993,1,77,0.211416852987253,21,"Acad8 Acad12 Acad11 Mtln Gcdh Ppargc1a Mlycd Etfdh Samd1 Acad10 Dgat1 Sesn2 Acsl5 Cpt1a Ehhadh Pex2 Cpt2 Lonp2 Echs1 Blvra Abcd4"
"GOBP_LIPID_TRANSLOCATION",1.38749252778817,0.076673547626069,1,29,0.492591765840384,6,"Abcb1b Kcnn4 Xkr8 Plscr3 Tmem63b Plscr1"
"GOBP_LIPOPOLYSACCHARIDE_MEDIATED_SIGNALING_PATHWAY",-1.10790740328915,0.270116979794399,1,53,-0.309853189807095,8,"Trim30c Ly96 Irak4 Nr2c2 Scimp Jak2 Trim5 Cd55"
"GOBP_LIPOPROTEIN_BIOSYNTHETIC_PROCESS",1.21991257872217,0.172038450664405,1,45,0.39751607158264,5,"Zdhhc1 Zdhhc2 Mttp Apoe Hhat"
"GOBP_LIPOPROTEIN_CATABOLIC_PROCESS",-0.722269936154815,0.827816411682893,1,14,-0.27519016266992,7,"Abhd10 Lipa Ldlr Abhd13 Abhd17c Ctsd Abhd17a"
"GOBP_LIPOPROTEIN_LOCALIZATION",0.928148405672247,0.572534448056975,1,15,0.379756999408056,2,"Mttp Apoe"
"GOBP_LIPOPROTEIN_METABOLIC_PROCESS",1.12681052886159,0.268449931412894,1,63,0.347613682454269,14,"Zdhhc1 Zdhhc2 Pemt Mttp Apoe Hhat Itgb3 Samd1 Atg16l1 Zdhhc21 Zdhhc23 Abca1 Abhd17b Nmt2"
"GOBP_LIPOSACCHARIDE_METABOLIC_PROCESS",1.02808367257598,0.413245389689056,1,73,0.309759594120319,9,"B4galt4 Cln6 B3galt2 Neu3 Gal3st4 St8sia6 St6galnac6 Pigb Pigf"
"GOBP_LIVER_MORPHOGENESIS",-0.926972379863907,0.553403755868545,1,20,-0.321921259859353,5,"Mki67 Tnf Lipa Notch2 Ceacam1"
"GOBP_LIVER_REGENERATION",1.59049155598995,0.0162194937092618,1,21,0.604515838687161,6,"Sulf2 Aurka Hmox1 Slc7a5 Ptch1 Slc22a5"
"GOBP_LOCALIZATION_WITHIN_MEMBRANE",0.744047732286979,0.994676887043543,1,500,0.184290782152533,110,"Ramp1 Zdhhc1 Iqsec2 Zdhhc2 Arl6 Kif13a Ttc8 Neto2 Vps26b Fcer1g Tmbim1 Apoe Fgf13 Mtx3 Prkcz Ehd3 Stac2 Rab11fip3 Stom Wdr59 Emc9 Wdr19 Gphn Rab32 Gorasp1 Tmem150a Nomo1 Rilpl2 Pacsin1 Snap47 Ift80 Ehbp1 Kif2c Camk2g Snap23 Arl4c Cacna1a Prkci Ptch1 Itgb3 Git1 Bbs1 Tspan5 Exoc8 Bcs1l Rabep1 Fzd9 Atad1 Cdk5r1 Akap5 Ccdc47 Tiam1 Gpsm2 Mtx2 Hspa5 Scrib Zdhhc21 Nup54 Vps37c Bsg Srp68 Emc1 Zdhhc23 Slc30a1 C2cd5 Cox18 Nrxn1 Rab31 Micall1 Pex16 Rab12 Vps52 Sesn2 Ssr3 Vps26c Tsc2 Crb3 Mesd Arl3 Cln3 Vps53 Nmt2 Npc1 Zdhhc4 Tmem108 Stx16 Tomm40 Itgal Dvl1 Timm9 Srp54c Emc4 Sptbn4 Clstn1 Snf8 Inpp5k Clip1 Rangrf Golga7 Vps39 Capn10 Gdi1 Romo1 Snx17 Lmtk2 Ankrd50 Ndc1 Ptpn9 Ubl4a Rab10"
"GOBP_LOCOMOTION_INVOLVED_IN_LOCOMOTORY_BEHAVIOR",0.881128520092879,0.632698768197088,1,10,0.398560662224627,1,"Cln6"
"GOBP_LOCOMOTORY_BEHAVIOR",0.860757085611289,0.758715826435917,1,127,0.240500985839739,19,"Cln6 Atxn1 Zfhx3 App Apoe Pak6 Slc18a2 Chrnb2 Ddhd2 Pde1b Usp2 Id2 Htra2 Cacna1a Git1 Wdr47 Dpp4 Slc22a5 Atp7a"
"GOBP_LOCOMOTORY_EXPLORATION_BEHAVIOR",-0.769495311899923,0.760467645459489,1,12,-0.305541222272076,3,"Gad1 Crbn Tuba1a"
"GOBP_LOCOMOTOR_RHYTHM",1.01974340910736,0.45303605313093,1,12,0.440726311669327,3,"Zfhx3 Usp2 Id2"
"GOBP_LONG_CHAIN_FATTY_ACID_BIOSYNTHETIC_PROCESS",0.867801360047871,0.648369132856006,1,11,0.383736473638141,3,"Asah2 Plp1 Acot7"
"GOBP_LONG_CHAIN_FATTY_ACID_IMPORT_INTO_CELL",-1.13230083666503,0.306416530723219,1,12,-0.449599336427563,5,"Irs2 Slc27a4 Acsl3 Slc2a1 Akt2"
"GOBP_LONG_CHAIN_FATTY_ACID_METABOLIC_PROCESS",-0.99191429056779,0.454029108981186,1,49,-0.282936340318511,14,"Acsl4 Mgst3 Hacl1 Prxl2b Slc27a4 Ephx1 Elovl6 Cyp2d22 Cyp4f18 Gstm1 Acsl3 Daglb Pnpla8 Ptgr1"
"GOBP_LONG_CHAIN_FATTY_ACID_TRANSPORT",-1.07738806317136,0.33641975308642,1,31,-0.338832960187255,10,"Plin2 Anxa1 Irs2 Slc27a4 Syk Cpt1b Acsl3 Slc2a1 Akt2 Pnpla8"
"GOBP_LONG_CHAIN_FATTY_ACYL_COA_METABOLIC_PROCESS",-0.97702748314699,0.482599238716694,1,12,-0.387945406265146,2,"Acsl4 Elovl6"
"GOBP_LONG_TERM_MEMORY",-0.942371459866133,0.545538461538462,1,26,-0.309573320634052,7,"Reln Egr1 Arc Ccnd2 Rgs14 Ldlr Eif2ak4"
"GOBP_LONG_TERM_SYNAPTIC_DEPRESSION",-1.25737704115753,0.166219839142091,1,22,-0.42783439122985,8,"Sorcs2 Kcnb1 Cd38 Pirb Stxbp1 Arc Ager Bcl2l1"
"GOBP_LONG_TERM_SYNAPTIC_POTENTIATION",0.991143462211931,0.483943032672438,1,51,0.316194054143349,7,"Rasgrf2 Zdhhc2 App Apoe Prkcz Plk2 Snap47"
"GOBP_LOW_DENSITY_LIPOPROTEIN_PARTICLE_CLEARANCE",-0.939164021417341,0.530417149478563,1,18,-0.3355534224095,6,"Anxa2 Mylip Apobec1 Csk Ldlr Ldlrap1"
"GOBP_LUNG_ALVEOLUS_DEVELOPMENT",1.25161969255244,0.1583504549457,1,33,0.433449902263638,15,"Atxn1 Bmpr2 Vegfa Smpd3 Tmem38b Tns3 Ada Atp7a Mapk8ip3 Nkiras1 Fbn1 Rc3h2 Tmtc3 Ptges3 Tnrc6c"
"GOBP_LUNG_CELL_DIFFERENTIATION",0.704453639041985,0.850108058042606,1,16,0.28405287136078,5,"Fndc3b Tmem38b Rbbp9 Aimp2 Ncor2"
"GOBP_LUNG_EPITHELIUM_DEVELOPMENT",0.757692637035046,0.802637562528422,1,21,0.287984678836749,6,"Fndc3b Tmem38b Pkd1 Rbbp9 Aimp2 Ncor2"
"GOBP_LUNG_MORPHOGENESIS",0.428428969031261,0.99852114758947,1,31,0.150339773575539,8,"Tmem67 Ext1 Mapk8ip3 Plod3 Tmtc3 Map2k2 Hipk2 Hps1"
"GOBP_LYMPHOCYTE_ACTIVATION_INVOLVED_IN_IMMUNE_RESPONSE",0.880989855338906,0.74171469740634,1,177,0.23669629528427,24,"Sema6d 6030468B19Rik Plxna1 Il12rb1 Dll1 Fcer1g Lilrb4a Prkcz Tlr4 Cdh17 Lef1 Ada Fgl2 Hspd1 Stx11 Zbtb7b Il12a Mlh1 Shld3 Spn Pglyrp2 Atp7a Nbn Rag2"
"GOBP_LYMPHOCYTE_APOPTOTIC_PROCESS",-1.1976905177647,0.151087371232354,1,67,-0.321601063822754,18,"Ccl5 Lgals3 Tsc22d3 Lmbr1l Nfkbid Irs2 Fas Bcl2l11 Pdcd7 Rag1 Gpam Ripk1 St3gal1 Lipa Foxp1 Prkd2 Slc39a10 Vhl"
"GOBP_LYMPHOCYTE_CHEMOTAXIS",-1.24948702214588,0.193800695249131,1,18,-0.446428565166457,9,"Ccl5 Cxcl16 Slc8b1 Cklf Padi2 Gpr183 Lgals9 Ccr7 Ptk2b"
"GOBP_LYMPHOCYTE_COSTIMULATION",0.966544586372128,0.515275877792978,1,19,0.375205688839565,4,"Cd5 Cd320 Spn Dpp4"
"GOBP_LYMPHOCYTE_DIFFERENTIATION",0.752612436272092,0.983189559831896,1,349,0.190856756055624,44,"6030468B19Rik Il9r Cd27 Flt3 Il12rb1 Dll1 Nrarp Fcer1g Sh3rf1 Lilrb4a Prkcz Ahr Il15ra Il15 Vsir Cdh17 Lef1 Ada Fgl2 Wwp1 Prr7 Runx2 Il2ra Zbtb7b Il12a Hells Zbtb46 Id2 Tusc2 Dtx1 Zc3h8 Gpr89 Bmi1 Spn Pglyrp2 Bcl2a1d Dpp4 Tespa1 Fzd9 Ptpn22 Atp7a Nfatc1 Rag2 Il7r"
"GOBP_LYMPHOCYTE_HOMEOSTASIS",-0.834554887071428,0.823083067092652,1,77,-0.218632262831275,29,"Bcl2 Tsc22d3 Fas Bcl2l11 Casp3 Pirb Tnfrsf13c Rag1 Gpam Gapt Chst3 Pacs1 Cd74 Spns2 Tcirg1 Cd44 Lyn Enpp1 Gimap5 Wdr37 Coro1a Gimap3 Lat Ripk3 Bcl10 Cd47 Dnaja3 Tnfrsf4 Caml"
"GOBP_LYMPHOCYTE_MIGRATION",-1.29735907816594,0.0950679056468906,1,57,-0.35762479901105,20,"Ccl5 Itgb7 Tbx21 Cxcl16 Slc8b1 Cklf Stk10 Ripor2 S1pr1 Wasl Myo1g Padi2 Spns2 Pycard Gpr183 Med23 Lgals9 Msn Ccr7 Ptk2b"
"GOBP_LYMPHOID_PROGENITOR_CELL_DIFFERENTIATION",-0.826306565924999,0.715124816446402,1,21,-0.283914215603506,3,"Hes1 Bcl2 Hes5"
"GOBP_LYMPH_NODE_DEVELOPMENT",1.17000661468203,0.264710308502634,1,22,0.439671208337269,6,"Flt3 Il15 Id2 Il7r Jak3 Rc3h2"
"GOBP_LYMPH_VESSEL_DEVELOPMENT",1.24729814536386,0.201138519924099,1,12,0.539073953554065,6,"Bmpr2 Vegfa Npr2 Pkd1 Nfatc1 Prox2"
"GOBP_LYSOSOMAL_LUMEN_ACIDIFICATION",0.77824776479058,0.76752083976536,1,16,0.313808460865511,1,"Cln6"
"GOBP_LYSOSOMAL_MEMBRANE_ORGANIZATION",1.02818137785451,0.437683851989472,1,15,0.420686037399874,1,"Laptm4b"
"GOBP_LYSOSOMAL_TRANSPORT",-0.656719084587998,0.997752808988764,1,106,-0.163020064207537,23,"Tmem106b Pik3r4 Igf2r Sorl1 Hook2 Trak2 Mvb12a Snx16 Plekhm1 Vps16 Lipa Hgs Zfyve16 Mgrn1 Vps51 Chmp7 Ap1g1 Nedd4 Vps11 Bin1 Dtx3l Rbsn Vps33a"
"GOBP_LYTIC_VACUOLE_ORGANIZATION",0.558261837455775,0.999347002742588,1,94,0.162013624789122,15,"Cln6 Laptm4b Acp2 Lyst Rab20 Myo7a Rab39 Zkscan3 Abca1 Spg11 Cln3 Btrc Chmp4c Snapin Chmp6"
"GOBP_L_ALPHA_AMINO_ACID_TRANSMEMBRANE_TRANSPORT",0.852183885490131,0.697616244849912,1,32,0.297107656115221,10,"Slc38a6 Slc7a7 Slc6a20b Ttyh2 Slc7a5 Slc25a22 Slc3a2 Slc7a1 Slc43a2 Cln3"
"GOBP_L_AMINO_ACID_BIOSYNTHETIC_PROCESS",1.04546706995103,0.407186499854524,1,35,0.357614566050035,10,"Mthfr Apip Mthfd1 Bcat1 Shmt2 Mthfd2l Aasdhppt Mtr Cln3 Plod3"
"GOBP_L_AMINO_ACID_METABOLIC_PROCESS",1.37479323434828,0.0358468826014595,1,110,0.390858195212344,41,"Tha1 Pemt Mttp Acad8 Dglucy Hmgcll1 Abcc4 Mthfr Spr Gcdh Pfas Apip Mthfd1 Bcat1 Prodh Atp7a Fpgs Kyat3 Gpt2 Shmt2 Dld Aldh6a1 Kynu Gstz1 Mthfd2l Aasdhppt Odc1 Mtr Cln3 Plod3 Mccc2 Dlst Gclm Echs1 Psat1 Icmt Bckdk Ppat Bcat2 Acadsb P4ha1"
"GOBP_L_AMINO_ACID_TRANSPORT",-1.06278023291211,0.346846846846847,1,47,-0.30527090715424,10,"Llgl2 Slc25a26 Slc43a1 Slc36a1 Ttyh3 Slc36a4 Sfxn3 Stxbp1 Slc38a9 Tnf"
"GOBP_L_GLUTAMATE_IMPORT",0.671693281150822,0.897074427770199,1,21,0.255297945887357,2,"Slc38a6 Ttyh2"
"GOBP_L_GLUTAMATE_TRANSMEMBRANE_TRANSPORT",0.877494449349667,0.638552321007081,1,13,0.371962632708473,2,"Slc38a6 Ttyh2"
"GOBP_MACROAUTOPHAGY",-0.770049047405801,0.99711260827719,1,311,-0.167187426747941,92,"Adrb2 Irgm2 Elp6 Pik3r4 Pex5 Diaph3 Yod1 Irgq Rubcn Rab23 Pip4k2b Tigar Atp6v0a1 Pik3c2b Syk Fez2 Bcl2l13 Atg4c Tsc1 Tbc1d14 Rb1cc1 Plekhm1 Vps13d Oma1 Rnf213 Vps16 Bnip3l Tecpr1 Irgm1 Hdac10 Nbr1 Ccpg1 Vti1a Srebf1 Gabarapl2 Scfd1 Ubxn2b Tmem41b Sesn1 Calm1 Ufl1 Chmp7 9930111J21Rik1 Qsox1 Zfyve26 Wdr45 Snap29 Tcirg1 Mfsd8 Eif2ak1 Tgtp2 Snx4 Ulk2 Ap5z1 Uba5 Hdac6 Vps33a Rnf5 Atg2a Rubcnl Atg16l2 Rnf41 Optn Ei24 Arhgap26 Wdr45b Stx17 Atg4d Tbc1d25 Pik3c2a Smurf1 Vps37b Ube3c Map1lc3a Tspo Calm3 Ulk3 Chmp3 Retreg2 Setd2 Supt5 Vps4a Pim2 Sirt1 Sesn3 Ctsd Rab3gap2 Wdr24 Chmp5 Wac Atg101 Retreg1"
"GOBP_MACROMOLECULE_DEACYLATION",-0.959592493250597,0.519409137753349,1,46,-0.277077457558408,12,"Abhd10 Sirt6 Flna Wdr5 Kat2b Kat14 Hdac10 Desi2 Abhd13 Yeats2 Hdac6 Abhd17c"
"GOBP_MACROMOLECULE_DEPALMITOYLATION",-0.651025281734496,0.887304633945709,1,13,-0.252475992800275,4,"Abhd10 Desi2 Abhd13 Abhd17c"
"GOBP_MACROMOLECULE_METHYLATION",1.17517456089573,0.185421180068816,1,113,0.333321807032538,51,"Smyd2 Setd6 Mettl15 Tfb1m Rab3b Thada Atpsckmt Trmt61a Mettl1 Ndufaf7 Wdr4 Spout1 Dimt1 Rbm15 Trmt2b Tyw3 Rnmt Lcmt1 Mrm3 Eef2kmt Trmt6 Rab3d Trmt10c Mettl3 Fdxacb1 Gspt1 Mepce Mtr Eef1akmt2 N6amt1 Prmt3 Eef1akmt1 Prdm1 Nop2 Etf1 Mettl16 Ntmt1 Mettl2 Fam98b Mettl21a Vcpkmt Icmt Thumpd3 Trmt5 Ilf3 Fbl Nsun6 Prmt1 Mettl5 Trmt10a Prmt7"
"GOBP_MACROPHAGE_ACTIVATION",0.830216422650629,0.774511126095752,1,69,0.252233306384441,7,"Shpk C1qtnf4 App Kcnn4 Tlr4 Tlr6 Hspd1"
"GOBP_MACROPHAGE_ACTIVATION_INVOLVED_IN_IMMUNE_RESPONSE",-1.52873712140033,0.0589525637510282,1,13,-0.592863953651484,5,"Ifi35 Syk Tnf Nmi Sbno2"
"GOBP_MACROPHAGE_CHEMOTAXIS",-1.1624192195883,0.25372227286539,1,24,-0.387558456225554,5,"Ccl5 Lgals3 Csf1 Cklf Slamf1"
"GOBP_MACROPHAGE_CYTOKINE_PRODUCTION",1.13022779741026,0.328905755850727,1,12,0.488476928656792,3,"Tlr4 Sema7a Tlr2"
"GOBP_MACROPHAGE_DERIVED_FOAM_CELL_DIFFERENTIATION",-0.644756136909157,0.902920723226704,1,14,-0.245656834538976,2,"Csf1 Tnf"
"GOBP_MACROPHAGE_DIFFERENTIATION",1.12932160580084,0.277098150782361,1,44,0.370391405765408,18,"App Il15 Vegfa Tspan2 Tlr4 Zbtb46 Id2 Nfix Tlr2 Prkca Npm1 Rb1 Gab3 Csf1r Vps54 Fadd Trib1 L3mbtl3"
"GOBP_MACROPHAGE_MIGRATION",-1.03674645633388,0.389712843168192,1,34,-0.321131857524647,7,"Ccl5 Lgals3 Csf1 Mmp14 Cklf Slamf1 P2rx4"
"GOBP_MACROPINOCYTOSIS",-1.0097088230157,0.44494801386297,1,10,-0.420391970888782,8,"Carmil1 Appl1 Mapkapk3 Pycard Appl2 Dnm2 Dock2 Snx33"
"GOBP_MAGNESIUM_ION_HOMEOSTASIS",0.818736283386047,0.70548712206047,1,10,0.370338796046774,3,"Tmem94 Cnnm3 Slc41a1"
"GOBP_MAGNESIUM_ION_TRANSPORT",-1.06841211051074,0.373694609088343,1,15,-0.400087753295827,4,"Slc41a2 Zdhhc13 Slc41a3 Mrs2"
"GOBP_MAINTENANCE_OF_CELL_NUMBER",-0.77174684218663,0.969963749352667,1,142,-0.183873100777595,18,"Hes1 Hes5 Sirt6 Braf Padi4 Zhx2 Mcph1 Sap30 Bclaf3 Tcf7l2 Klf10 Ing1 Taf6l Leo1 Mettl14 Bicra Foxo1 Klf4"
"GOBP_MAINTENANCE_OF_LOCATION",0.699160645365746,0.974956173303281,1,125,0.195638224234226,8,"Slc8a1 Lime1 Fcrl5 Apoe Gsto1 Tmem38b Dand5 Mtln"
"GOBP_MAINTENANCE_OF_ORGANELLE_LOCATION",0.758198514962034,0.78179491281395,1,10,0.342955761083688,4,"Spout1 Gpsm2 Polr2m Arhgap21"
"GOBP_MAINTENANCE_OF_POSTSYNAPTIC_SPECIALIZATION_STRUCTURE",1.20087039466715,0.253142402545744,1,11,0.531017571256852,4,"Tanc2 Shank1 Itgb3 Git1"
"GOBP_MAINTENANCE_OF_PROTEIN_LOCALIZATION_IN_ORGANELLE",-0.718519316066906,0.904653433127237,1,38,-0.216260954942218,9,"Sp100 Insig2 Morc3 Sun1 Pml Insig1 Syne1 Fkrp Tspo"
"GOBP_MAINTENANCE_OF_PROTEIN_LOCATION",-1.11406862093816,0.258773484579936,1,53,-0.31157632383073,8,"Lgals3 Sorl1 Ccdc88a Sp100 Insig2 Morc3 Sun1 Vps13d"
"GOBP_MAINTENANCE_OF_PROTEIN_LOCATION_IN_CELL",-1.08104921424839,0.322938322938323,1,47,-0.31051845347906,9,"Sorl1 Ccdc88a Sp100 Insig2 Morc3 Sun1 Vps13d Pml Insig1"
"GOBP_MAINTENANCE_OF_PROTEIN_LOCATION_IN_NUCLEUS",-1.09525881976921,0.330088226346212,1,23,-0.370222713494515,5,"Sp100 Morc3 Sun1 Pml Syne1"
"GOBP_MAINTENANCE_OF_SISTER_CHROMATID_COHESION",0.957553528257043,0.533997469955724,1,12,0.413848259244053,7,"Dscc1 Rb1 Slf1 Smc5 Tnks Sgo2a Nsmce2"
"GOBP_MAINTENANCE_OF_SYNAPSE_STRUCTURE",-0.831612494283207,0.690914402570844,1,19,-0.293026740002214,4,"Rab3a L1cam Dlg3 Magi2"
"GOBP_MALE_GAMETE_GENERATION",0.712453816376313,0.996358821582258,1,365,0.180160191428113,63,"Chn2 Ift88 M1ap Zscan2 Xlr4b Xlr4a Dnaaf3 Chtf18 Catsper2 Ccdc28a Slc26a6 Mns1 Catspere2 Zfp39 Cntln Efcab9 Tdrkh Npr2 Ddias Brca2 Ggnbp1 Mlh1 Ptch1 Fsip1 Ccnyl1 Mei4 Txnrd3 Immp2l Notch1 Kif18a Bscl2 Cep131 Ttll1 Calr Dhx36 Rsbn1 Hsf2 Dld Atat1 Acrbp Gopc Bsg Rara Rhbdd1 Prdm9 Ccdc62 Slirp B4galnt1 Morn2 Rab1a Pgm3 Mettl3 Fndc3a Bbof1 Zpbp Bmp8a Eif2s1 E2f1 Ran Limk2 Atn1 Rb1 Tug1"
"GOBP_MALE_MEIOSIS_I",0.463454161428282,0.989781699953553,1,15,0.189624806368876,8,"Brca2 Foxj3 Trip13 Slc2a8 Spo11 Foxj2 Mybl1 Siah1a"
"GOBP_MALE_MEIOTIC_NUCLEAR_DIVISION",1.11431403286155,0.315711971727286,1,28,0.398136139214095,6,"M1ap Chtf18 Tdrkh Brca2 Mlh1 Kif18a"
"GOBP_MALE_SEX_DIFFERENTIATION",-1.24683652079246,0.106903353057199,1,75,-0.328326221181207,13,"Dhcr24 Asb1 Fanca Bcl2 Spata2 Mmp14 Bcl2l11 Flna Gfra1 Scaper Acvr2a Dmrt3 Bcl2l1"
"GOBP_MAMMARY_GLAND_ALVEOLUS_DEVELOPMENT",1.28788271821757,0.171678599840891,1,11,0.569493890538557,8,"Vegfa Id2 Egf Prlr Esr1 Chuk Ccnd1 Phb2"
"GOBP_MAMMARY_GLAND_DEVELOPMENT",0.818621906129055,0.79539641943734,1,73,0.246649174716661,22,"Ahr Slc29a1 Vegfa Slc12a2 Lef1 Zbtb7b Arhgap35 Id2 Brca2 Ptch1 Scrib Fasn Egf Xbp1 Arhgap5 Prlr Btrc Aprt Stat5a Esr1 Nme1 Hk2"
"GOBP_MAMMARY_GLAND_DUCT_MORPHOGENESIS",0.667919482074514,0.887900628737924,1,17,0.265976116112866,6,"Ahr Slc12a2 Ptch1 Scrib Btrc Esr1"
"GOBP_MAMMARY_GLAND_EPITHELIAL_CELL_PROLIFERATION",0.773284823848737,0.783446200150489,1,22,0.290589017723498,14,"Id2 Brca2 Btrc Esr1 Chuk Ccnd1 Phb2 Zfas1 Pygo2 Stat6 Agap2 Cebpb Rtn4 Gpx1"
"GOBP_MAMMARY_GLAND_EPITHELIUM_DEVELOPMENT",0.675578824799438,0.932661870503597,1,40,0.225624895090992,10,"Ahr Slc12a2 Id2 Brca2 Ptch1 Scrib Prlr Btrc Stat5a Esr1"
"GOBP_MAMMARY_GLAND_MORPHOGENESIS",0.662126476463907,0.915534994776899,1,25,0.242459609171173,7,"Ahr Slc12a2 Ptch1 Scrib Btrc Stat5a Esr1"
"GOBP_MANNOSE_METABOLIC_PROCESS",-0.736565730558704,0.788056518261797,1,10,-0.306668924842993,1,"Man2a1"
"GOBP_MAPK_CASCADE",0.834250047353757,0.911916541191654,1,450,0.207819552977795,75,"Cdon Ackr3 Cd27 Ryk Map3k15 Pde8a App Angpt1 Sh3rf1 Apoe Smad3 Fgf13 Timp2 Pak6 Prkcz Maged1 Wwc1 Ptk2 Kcnn4 Sirpa Vegfa Fgfbp3 Tlr4 Avpi1 E130311K13Rik Ksr1 Tlr6 Sema7a Osm Ercc6 Ppm1l Nenf Gpr55 Npr2 Erbb3 Ankrd26 Fbxo21 Rhbdd3 Naip2 Apip Traf4 Adam9 Itgb3 Nmnat1 Tlr7 Pea15a Rap2a Sbk2 Mturn Ptpn22 Ccr1 Mapk8 Mif Dusp16 Hacd3 Notch1 Dnajc27 Unc5cl Fbxw7 Dhx33 Mbp Hipk3 Tiam1 Arrb1 Tlr2 Stk3 Mapk6 Mfhas1 Traf2 Mydgf Egf Xbp1 Mapk8ip3 Rara Nrxn1"
"GOBP_MARGINAL_ZONE_B_CELL_DIFFERENTIATION",1.14178818485954,0.318669012957927,1,10,0.516464788848172,2,"Dll1 Cdh17"
"GOBP_MAST_CELL_ACTIVATION",1.44436491396552,0.0382174587505288,1,46,0.468826230995678,14,"Cd300lf Fer Lcp2 Fcer1g Lilrb4a Slc18a2 Hmox1 Havcr1 Tlr4 Snap23 Plscr1 Nr4a3 Fes Fgr"
"GOBP_MAST_CELL_ACTIVATION_INVOLVED_IN_IMMUNE_RESPONSE",1.10946254276073,0.318893604566076,1,34,0.381996574977139,9,"Fer Fcer1g Lilrb4a Slc18a2 Hmox1 Snap23 Nr4a3 Fes Fgr"
"GOBP_MATERNAL_PLACENTA_DEVELOPMENT",0.691041127430579,0.884139985107967,1,23,0.2569242976734,6,"Bmpr2 Bsg Prdm1 Parp1 Ash1l Cited2"
"GOBP_MATERNAL_PROCESS_INVOLVED_IN_FEMALE_PREGNANCY",0.751310284357463,0.839007924860581,1,33,0.260187156899311,8,"Bmpr2 Agrp Bsg Prdm1 Esr1 Parp1 Ash1l Cited2"
"GOBP_MATING_BEHAVIOR",-0.709873383273232,0.837684449489217,1,16,-0.260842168418625,3,"Thra Hexb Acvr2a"
"GOBP_MATURATION_OF_5_8S_RRNA",1.24300462763746,0.167151585685191,1,35,0.425184659839721,17,"Mphosph6 Rpp40 Rcl1 Eri3 Wdr12 Urb1 Npm1 Prkdc Exosc3 Eri1 Las1l Rrp15 Exosc9 Fcf1 Rrs1 Pes1 Ftsj3"
"GOBP_MATURATION_OF_5_8S_RRNA_FROM_TRICISTRONIC_RRNA_TRANSCRIPT_SSU_RRNA_5_8S_RRNA_LSU_RRNA",1.34273533699499,0.112203844434511,1,24,0.49578731860107,13,"Rpp40 Rcl1 Eri3 Wdr12 Urb1 Npm1 Exosc3 Eri1 Exosc9 Fcf1 Rrs1 Pes1 Ftsj3"
"GOBP_MATURATION_OF_LSU_RRNA",1.2400852632299,0.180680312177882,1,28,0.443073266995274,13,"Wdr12 Ddx55 Urb1 Npm1 Znhit6 Znhit3 Nop2 Las1l Rrp15 Gtpbp4 Ppan Pes1 Ftsj3"
"GOBP_MATURATION_OF_LSU_RRNA_FROM_TRICISTRONIC_RRNA_TRANSCRIPT_SSU_RRNA_5_8S_RRNA_LSU_RRNA",1.15196498842925,0.287328244274809,1,18,0.452967193928593,9,"Wdr12 Urb1 Npm1 Znhit6 Znhit3 Gtpbp4 Ppan Pes1 Ftsj3"
"GOBP_MATURATION_OF_SSU_RRNA",0.933340939317101,0.581767571329158,1,49,0.298898436680085,29,"Nol10 Rpp40 Srfbp1 Tsr2 Tsr1 Rcl1 Gtf2h5 Heatr1 Utp4 Nat10 Nop14 Riok2 Utp25 Nol11 Fcf1 Tbl3 Rrs1 Pwp2 Wdr46 Lsm6 Riok3 Snu13 Ddx52 Rps14 Rrp36 Bysl Utp23 Utp3 Ercc2"
"GOBP_MATURATION_OF_SSU_RRNA_FROM_TRICISTRONIC_RRNA_TRANSCRIPT_SSU_RRNA_5_8S_RRNA_LSU_RRNA",1.02173221060976,0.439228958210712,1,32,0.356219435077788,14,"Nol10 Rpp40 Tsr2 Tsr1 Rcl1 Gtf2h5 Heatr1 Utp4 Utp25 Fcf1 Tbl3 Rrs1 Pwp2 Wdr46"
"GOBP_MATURE_B_CELL_DIFFERENTIATION",1.28213545166958,0.131830008673027,1,37,0.434051620785485,10,"6030468B19Rik Dll1 Lilrb4a Cdh17 Ada Dpp4 Nfatc1 Rag2 Xbp1 Dock10"
"GOBP_MATURE_B_CELL_DIFFERENTIATION_INVOLVED_IN_IMMUNE_RESPONSE",1.29944506457426,0.12614611061816,1,31,0.455987551970817,5,"6030468B19Rik Dll1 Lilrb4a Cdh17 Ada"
"GOBP_MECHANORECEPTOR_DIFFERENTIATION",0.814158120511082,0.76978417266187,1,40,0.27190659888182,9,"Ift88 Ttc8 Dll1 Tprn Elmod3 Myo7a Notch1 Scrib Cecr2"
"GOBP_MEGAKARYOCYTE_DEVELOPMENT",-0.959680438295786,0.507661748013621,1,16,-0.352633487058999,3,"Flna Vps33b Rabgap1l"
"GOBP_MEGAKARYOCYTE_DIFFERENTIATION",-0.521276297566359,0.993688860839381,1,34,-0.161465153508222,5,"Cib1 Flna Vps33b Rabgap1l Hmgb2"
"GOBP_MEIOSIS_I_CELL_CYCLE_PROCESS",0.936840379531014,0.585590323428872,1,89,0.273916287511244,16,"M1ap Chtf18 Haspin Aurka Terb1 Syde1 Syce2 Cenps Brca2 Mlh1 Cenpc1 Mei4 Ccne1 Wapl Msh5 Cdc25a"
"GOBP_MEIOTIC_CELL_CYCLE",1.09001084264185,0.279995248277501,1,189,0.290930321164722,36,"Spire1 M1ap Rps6ka2 Xlr4b Xlr4a Chtf18 Ska2 Haspin Aurka Mns1 Terb1 Syde1 Osm Tdrkh Tubg2 Npr2 Syce2 Cenps Brca2 Mlh1 Cenpc1 Mei4 Ccne1 Mcm2 Wapl Msh5 Ncapd3 Cdc25a Nbn Kif18a Calr Ska3 Nuf2 Stk35 Syce1 Ncapd2"
"GOBP_MEIOTIC_CELL_CYCLE_PHASE_TRANSITION",-1.36069023793059,0.135324186171644,1,11,-0.551375248710191,3,"Pkmyt1 Cdc20 Cdc25b"
"GOBP_MEIOTIC_CELL_CYCLE_PROCESS",1.18059070324966,0.155740718049259,1,148,0.323421570832135,32,"Spire1 M1ap Rps6ka2 Chtf18 Ska2 Haspin Aurka Terb1 Syde1 Osm Tdrkh Tubg2 Npr2 Syce2 Cenps Brca2 Mlh1 Cenpc1 Mei4 Ccne1 Mcm2 Wapl Msh5 Ncapd3 Cdc25a Kif18a Calr Ska3 Nuf2 Stk35 Syce1 Ncapd2"
"GOBP_MEIOTIC_CHROMOSOME_SEGREGATION",1.30963322135487,0.0878542510121458,1,68,0.398542205071631,20,"M1ap Ska2 Haspin Aurka Terb1 Syde1 Syce2 Brca2 Mlh1 Cenpc1 Mei4 Ccne1 Wapl Msh5 Ncapd3 Ska3 Nuf2 Syce1 Prdm9 Zwint"
"GOBP_MEIOTIC_SPINDLE_ASSEMBLY",0.87176837316951,0.646341463414634,1,16,0.351518248804954,4,"Ska2 Aurka Wapl Ska3"
"GOBP_MEIOTIC_SPINDLE_ORGANIZATION",1.0011816558739,0.469375470278405,1,22,0.376229281851381,5,"Ska2 Aurka Tubg2 Wapl Ska3"
"GOBP_MELANIN_METABOLIC_PROCESS",-1.25057246946482,0.201809706608171,1,13,-0.484988117443937,5,"Mfsd12 Bcl2 Appl1 Rapgef2 Vhl"
"GOBP_MELANOCYTE_DIFFERENTIATION",-0.939250499662225,0.530451332245786,1,12,-0.372945411425427,2,"Rab27a Bcl2"
"GOBP_MELANOSOME_ASSEMBLY",-1.22426403738003,0.214368482039397,1,18,-0.437416658120881,8,"Hps5 Ap1s2 Abcb6 Ap1m1 Ap1s3 Ap1g1 Hps4 Ap3b1"
"GOBP_MEMBRANELESS_ORGANELLE_ASSEMBLY",0.686885365597034,0.998675935120821,1,365,0.173694625687523,77,"Nbdy Bicd1 Kif4 Ska2 Aurka Cenph Mettl15 Cep76 Tfb1m Cenpk Tns3 Ccdc15 Ddx28 Cenpn Ankrd23 Kif9 Mospd2 Plk2 C9orf72 Noct Rcc1 Mis12 Haus2 Mlh1 Cenpc1 4933427D14Rik Ogfod1 Wapl Malsu1 Kifc1 Cenpi Snhg15 Arhgef10 Mapk8 Mettl1 Itgb3bp Bscl2 Ska3 Dhx29 Brix1 Gpsm2 Noa1 Cenpp Mdn1 Cenpt Haus3 Mrm3 Cep97 Uhrf1 Kpnb1 Eif2s1 Npm1 Cdca8 Chmp4c Chmp6 Kifc5b Cenpv Mtg1 Ccnb2 Prkdc Tubb5 Nop2 Zfp574 Ino80 Eif4enif1 Chek2 Nek2 Rangrf Hdac2 Surf6 Efl1 Numa1 Eif1ax Mettl17 Cep85 Cirbp Ndc80"
"GOBP_MEMBRANE_BIOGENESIS",-0.7482446070472,0.892083777067803,1,49,-0.213431334535782,4,"Anxa2 Reep4 Nrxn2 Magi2"
"GOBP_MEMBRANE_DEPOLARIZATION",0.929958860614779,0.589473684210526,1,44,0.305005029495424,8,"Hcn3 Prkcz Chrnb2 Cacna1d Cacna1h Chrnb1 Cacna1a Fzd9"
"GOBP_MEMBRANE_DEPOLARIZATION_DURING_ACTION_POTENTIAL",-0.958478658313946,0.503599040255932,1,10,-0.399062306913375,2,"Scn4a Cacna1i"
"GOBP_MEMBRANE_DISASSEMBLY",0.98314601596386,0.50230708035004,1,11,0.434741177654467,3,"Chek1 Cdk1 Cdc25a"
"GOBP_MEMBRANE_DOCKING",-0.729458879410366,0.943952802359882,1,63,-0.197779527650224,25,"Kcnb1 Stxbp1 Psen2 Chp1 Esyt1 Exoc6b Stx5a Calm1 Snap29 Vps11 Msn Vapb Ezr Selenon Cep83 Snx3 Exoc3 Stx17 Stxbp3 Calm3 Exoc5 Stxbp2 Exoc6 Vps18 Rab8a"
"GOBP_MEMBRANE_FISSION",-0.833387127108126,0.720496894409938,1,29,-0.267203130118435,12,"Exoc6b Slc25a46 Tmcc1 Chmp7 Exoc3 Epn1 Exoc5 Chmp3 Vps4a Dnm2 Exoc6 Chmp5"
"GOBP_MEMBRANE_FUSION",-0.827189672367766,0.883317261330762,1,120,-0.201708941681328,25,"Anxa2 Rab3a Anxa1 Cplx2 Diaph3 Pip4k2b Rph3al Bet1 Stxbp1 Vamp1 Chp1 Samd9l Spaca6 Slamf1 Plekhm1 Vps33b Gosr2 Vti1a Stx5a Bnip1 Ubxn2b Anxa7 Chmp7 Snap29 Vps11"
"GOBP_MEMBRANE_INVAGINATION",1.33947655988104,0.0861439010680157,1,47,0.43294293259807,6,"Spire1 Ighg3 Fcer1g Sirpa Havcr1 Xkr8"
"GOBP_MEMBRANE_LIPID_BIOSYNTHETIC_PROCESS",0.911618848377648,0.640373637778931,1,98,0.262991939735517,19,"B4galt4 Pemt B3galt2 Gal3st4 St8sia6 Smpd3 St6galnac6 Pigb Asah2 Pigf Hacd3 Cerkl St3gal4 St3gal2 Pigl Hacd1 B4galnt1 St6galnac4 Piga"
"GOBP_MEMBRANE_LIPID_CATABOLIC_PROCESS",-0.799308462097853,0.76522265980006,1,25,-0.263992173378268,5,"Smpdl3a Naga Zpbp2 Hexb Neu1"
"GOBP_MEMBRANE_LIPID_METABOLIC_PROCESS",0.850097095159098,0.778428197783037,1,131,0.236457171037016,12,"B4galt4 Cln6 Pemt B3galt2 Neu3 Gal3st4 St8sia6 Smpd3 St6galnac6 Pigb Asah2 Pigf"
"GOBP_MEMBRANE_PROTEIN_ECTODOMAIN_PROTEOLYSIS",1.34339185748841,0.101387249114522,1,30,0.473632599546312,8,"Aph1b App Apoe Timp2 Tnfrsf1b Sppl2b Adam9 Tspan5"
"GOBP_MEMBRANE_PROTEIN_INTRACELLULAR_DOMAIN_PROTEOLYSIS",1.42406091219605,0.0757432005060089,1,12,0.615469644441258,5,"Aph1b Mbtps2 Sppl2b Adam9 Rhbdd1"
"GOBP_MEMBRANE_PROTEIN_PROTEOLYSIS",1.3183949162315,0.0988963737996273,1,41,0.438040493679601,9,"Aph1b App Apoe Timp2 Tnfrsf1b Mbtps2 Sppl2b Adam9 Tspan5"
"GOBP_MEMBRANE_RAFT_ORGANIZATION",-1.37763925688164,0.10387323943662,1,20,-0.478429967106629,11,"Anxa2 Myadm Naxe Abca7 S100a10 Ptprc Pacsin2 Iqgap1 Lat Dock2 Ilk"
"GOBP_MEMBRANE_REPOLARIZATION",-0.858083011548214,0.63970386619139,1,13,-0.332775648387245,4,"Atp1b1 Flna Nedd4l Zmpste24"
"GOBP_MEMORY",0.987049267384759,0.491174518911745,1,83,0.291674817114751,14,"Atxn1 Aph1b App Apoe Fgf13 Pak6 Prkcz Chrnb2 Shank1 Plk2 Nfix Fen1 Hrh2 Atad1"
"GOBP_MESENCHYMAL_CELL_DIFFERENTIATION",1.14170756335424,0.226857722546285,1,115,0.322912795790623,23,"Eng Sema6d Smad3 Ptk2 Kbtbd8 Vegfa Slc39a6 Lef1 Sema7a Ext1 Snai1 Rgcc Nfatc1 Notch1 Tiam1 Sema5a Polr1b Scrib Nolc1 Tmem100 Fbxl17 Tsc2 Spred2"
"GOBP_MESENCHYMAL_CELL_PROLIFERATION",-0.782919826169204,0.748864926220204,1,16,-0.287683000895533,4,"Irs2 Ctnnbip1 Lmna Foxp1"
"GOBP_MESENCHYME_DEVELOPMENT",1.16309766620759,0.186101442068623,1,132,0.323036541582208,22,"Eng Sema6d Bmpr2 Smad3 Ptk2 Kbtbd8 Vegfa Slc39a6 Dand5 Lef1 Sema7a Erbb3 Ext1 Snai1 Rgcc Nfatc1 Notch1 Tiam1 Sema5a Polr1b Scrib Nolc1"
"GOBP_MESENCHYME_MORPHOGENESIS",1.45095524189769,0.0579115367077063,1,19,0.563250437369891,5,"Eng Smad3 Lef1 Snai1 Notch1"
"GOBP_MESODERM_DEVELOPMENT",1.14672597751356,0.250558035714286,1,52,0.365002908371892,11,"Bmpr2 Smad3 Vegfa Dand5 Lef1 Tbx6 Itgb3 Ext1 Snai1 Eya1 Nr4a3"
"GOBP_MESODERM_MORPHOGENESIS",1.19534937446007,0.21573231582037,1,33,0.413962861573394,8,"Bmpr2 Smad3 Lef1 Tbx6 Itgb3 Snai1 Eya1 Nr4a3"
"GOBP_MESONEPHRIC_TUBULE_MORPHOGENESIS",-0.912156003620473,0.58266309204647,1,22,-0.310369678896282,5,"Tacstd2 Hes1 Bcl2 Pbx1 Ctnnbip1"
"GOBP_MESONEPHROS_DEVELOPMENT",0.926909974985797,0.582174740231231,1,34,0.319142307297419,11,"Hs3st3b1 Smad3 Maged1 Vegfa Gdf11 Pkd1 Ptch1 Eya1 Epcam Wnt6 Rara"
"GOBP_METALLO_SULFUR_CLUSTER_ASSEMBLY",0.894632812541823,0.617519773168184,1,25,0.327599529381487,10,"Nubpl Bola2 Ndor1 Bola3 Ciapin1 Hspa9 Ciao3 Iscu AK157302 Lyrm4"
"GOBP_METAL_ION_TRANSPORT",0.939695523318101,0.651545036160421,1,378,0.236855349807331,64,"Slc8a1 Ramp1 Lime1 Trf Hcn3 Slc9a9 Kcnk3 Asph Nectin1 App Tmbim1 Fcrl5 Calcrl Pkd1l3 Fgf13 Ahr Catsper2 Kcnn4 Akap7 Tmem94 Slc39a6 Chrnb2 Cacna1d Slc12a2 Slc6a20b Cacna1h Gsto1 Slc23a2 Tmem38b Slc5a6 Steap4 Usp2 Pkd1 Plp1 Slc12a3 Camk2g Cacna1a Cacna1s Slc39a13 Itgb3 Gpm6a Slc20a2 Flvcr1 Slc22a5 Ptpn22 Atp7a Ccr1 Kcnc3 Nfatc1 Akap5 Alg10b Pkd2l2 Kcnk10 Atp1a1 Rgs7 Jak3 Slc41a1 Plcl1 Ibtk Egf Vdac1 Slc30a1 Abcb8 Slc31a1"
"GOBP_METANEPHROS_DEVELOPMENT",-0.92559248972731,0.572166514737162,1,24,-0.308598817335223,5,"Egr1 Hes1 Bcl2 Hes5 Id3"
"GOBP_METAPHASE_CHROMOSOME_ALIGNMENT",1.14170359305172,0.235148836604706,1,95,0.330524879603038,30,"Dsn1 Ska2 Nsl1 Cdk1 Ect2 Mis12 Kif2c Brca2 Mlh1 Cenpc1 Wapl Kifc1 Snhg15 Kif18a Ska3 Champ1 Nuf2 Kif22 Zwint Pinx1 Ttl Kpnb1 Psrc1 Rb1 Cdca8 Chmp4c Chmp6 Kifc5b Cenpv Spc25"
"GOBP_METENCEPHALON_DEVELOPMENT",0.911266458538218,0.630158942166422,1,76,0.272729241363871,17,"Dll1 Ptprs Rpgrip1l Cacna1a Nfix Atp7a Ccr1 Cdk5r1 Ttll1 Pcnt Hspa5 Scrib Pdss2 Ttbk2 Nrxn1 Atic Ttc21b"
"GOBP_METHIONINE_METABOLIC_PROCESS",1.33647170420876,0.131498960166373,1,10,0.604525940685444,5,"Mthfr Apip Mthfd1 Mthfd2l Mtr"
"GOBP_METHYLATION",1.15952379565162,0.174774774774775,1,175,0.311725625740494,71,"Smyd2 Pemt Setd6 Dnmt3b Mettl15 Tfb1m Hemk1 Rab3b Coq3 Mettl9 Trmt11 Eef1akmt4 Thada Atpsckmt Trmt61a Mettl1 Smyd5 Ndufaf7 Wdr4 Spout1 Dimt1 Rbm15 Trmt2b Tyw3 Rnmt Lcmt1 Mrm3 Prdm9 Eef2kmt Trmt6 Kmt5b Rab3d Trmt10c Mettl3 Fdxacb1 Gspt1 Mepce Kmt2d Mtr Eef1akmt2 N6amt1 Prmt3 Eef1akmt1 Prdm1 Prdm8 Trmt2a Nop2 Etf1 Ndufaf5 Mettl16 Ntmt1 Mettl2 Fam98b Mettl21a Dnmt3a Mettl25 Vcpkmt Icmt Thumpd3 Trmt5 Ash1l Ilf3 Mgmt Fbl Nsun6 Prmt1 Mettl5 Trmt10a Prmt7 Prdm15 Tyms"
"GOBP_MHC_CLASS_II_BIOSYNTHETIC_PROCESS",-0.812258536759248,0.699836867862969,1,12,-0.322521089192322,2,"Ciita Jak2"
"GOBP_MICROAUTOPHAGY",-0.876685277740754,0.637298091042584,1,21,-0.301224053184517,8,"Zfp418 Atg4c Rb1cc1 Ulk2 Atg2a Atg4d Ulk3 Vps4a"
"GOBP_MICROGLIA_DIFFERENTIATION",1.25617567326847,0.189193373587243,1,15,0.51397115105134,6,"App Tspan2 Tlr4 Tlr2 Csf1r Vps54"
"GOBP_MICROTUBULE_ANCHORING",0.595501976961984,0.945496183206107,1,18,0.234158904300734,1,"Bicd1"
"GOBP_MICROTUBULE_ANCHORING_AT_MICROTUBULE_ORGANIZING_CENTER",0.725243545416894,0.814319809069212,1,11,0.320698276656019,1,"Bicd1"
"GOBP_MICROTUBULE_BASED_MOVEMENT",1.23407050737968,0.0697514603138243,1,249,0.320588080061834,64,"Intu Nefh Ift88 Kif13a Cfap45 Bicd1 Rufy3 App Dnaaf3 Kif24 Kif4 Prkcz Rsph9 Catsper2 Gas8 Mreg Rab11fip3 Adcy3 Bicdl1 Kif19a Mns1 Catspere2 Rabl2 Efcab9 Wdr19 Armcx6 Kif9 Ift140 Ift80 Kif2c Traf3ip1 Ccnyl1 Bbs1 Sord Kifc1 Efhc1 Kifap3 Ly6k Rsph3a Kif18a Cep131 Ttll1 Atg16l1 Kif22 Cluap1 Mapk8ip3 Cfap298 Slirp Rab1a Ttc21b Kif13b Spg11 Bbof1 Arl3 Kpnb1 Cfap20 Cln3 Dynlt3 Tmem108 Ccr6 Snapin Kifc5b Anxa5 Pcm1"
"GOBP_MICROTUBULE_BASED_TRANSPORT",1.18973374271987,0.143622852966257,1,159,0.323183482801642,22,"Intu Nefh Ift88 Kif13a Cfap45 Bicd1 Rufy3 App Dnaaf3 Prkcz Rsph9 Gas8 Mreg Bicdl1 Wdr19 Armcx6 Ift140 Ift80 Traf3ip1 Bbs1 Kifc1 Kifap3"
"GOBP_MICROTUBULE_BUNDLE_FORMATION",1.19615603160456,0.189767829834561,1,54,0.378218103201122,12,"Ift88 Tbc1d32 Dnaaf3 Rsph9 Gas8 Mns1 Spag1 Fsip1 Cep131 Ttll1 Fes Cluap1"
"GOBP_MICROTUBULE_CYTOSKELETON_ORGANIZATION",1.00523387885507,0.462817898916193,1,467,0.250007553721032,77,"Spire1 Nefh Pard3b Ift88 Tbc1d32 Pard6b Fer Bicd1 Dnaaf3 Kif24 Kif4 Fgf13 Ccnf Prkcz Rsph9 Ska2 Pard6g Gas8 Ptk2 Aurka Cenph Clip2 Chek1 Cep76 Kif19a Mns1 Spag1 Cntln Srgap2 Ccdc15 Slc16a1 Zbed3 Tubg2 Gen1 Tmem67 Cdk1 Cdc14b Prune1 Plk2 Rcc1 Dock7 Pkd1 Haus2 Plk3 Xrcc2 Kif2c Brca2 Mlh1 Fsip1 4933427D14Rik Traf3ip1 Git1 Bbs1 Wapl Sdccag8 Kifc1 Efhc1 Cdh5 Snhg15 Wdr47 Gpsm1 Arhgef10 Mapk8 Tuba1c Kif18a Cdk5r1 Cep131 Ttll1 Ska3 Fes Ccdc88b Nuf2 Stk3 Pcnt Gpsm2 Cluap1 Atat1"
"GOBP_MICROTUBULE_CYTOSKELETON_ORGANIZATION_INVOLVED_IN_MITOSIS",-0.850329034503293,0.864150943396226,1,147,-0.201997494287063,18,"Stmn1 Spice1 Spdl1 Dlgap5 Cdc20 Racgap1 Mad2l1 Tacc3 Flna Prc1 Mcph1 Tpx2 Ripor2 Kif23 Poc1a Cenpe Hspa1b Enkd1"
"GOBP_MICROTUBULE_DEPOLYMERIZATION",-0.906576351006657,0.61512829056981,1,42,-0.26608324604149,6,"Stmn1 Diaph3 Cib1 Nedd1 Tpx2 Map2"
"GOBP_MICROTUBULE_NUCLEATION",-0.912218189949597,0.600063938618926,1,35,-0.280574257031513,14,"Nedd1 Tpx2 Nme7 Hspa1b Tubgcp3 Ccdc66 Eml2 Ssna1 Csnk1d Slain1 Golga2 Pak1 Mzt1 Cep192"
"GOBP_MICROTUBULE_ORGANIZING_CENTER_LOCALIZATION",-1.01395487500101,0.432608695652174,1,29,-0.325097313824917,10,"Dlgap5 Mad2l1 Tbccd1 Sun1 Fhod1 Ints13 Syne1 Ezr Cep83 Nubp1"
"GOBP_MICROTUBULE_ORGANIZING_CENTER_ORGANIZATION",0.853935925676592,0.771159096550012,1,138,0.23597887290642,25,"Pard6b Ccnf Pard6g Aurka Chek1 Cep76 Cntln Ccdc15 Slc16a1 Gen1 Tmem67 Plk2 Haus2 Xrcc2 Brca2 4933427D14Rik Sdccag8 Kifc1 Arhgef10 Mapk8 Cep131 Fes Stk3 Cep250 Haus3"
"GOBP_MICROTUBULE_POLYMERIZATION",-0.771424172129475,0.916932907348243,1,77,-0.20209361297644,24,"Stmn1 Diaph3 Nedd1 Tpx2 Map2 Nme7 Tuba1a Hspa1b Tubgcp3 Ccdc66 Ckap2 Camsap1 Eml2 Ssna1 Csnk1d Slain1 Fbxo5 Golga2 Gba2 Ppp2cb Pak1 Dyrk1a Mzt1 Cep192"
"GOBP_MICROTUBULE_POLYMERIZATION_OR_DEPOLYMERIZATION",0.81873083362758,0.822504165064719,1,109,0.232950400060969,19,"Kif24 Fgf13 Ska2 Kif19a Tubg2 Cdk1 Prune1 Haus2 Kif2c Git1 Cdh5 Wdr47 Mapk8 Kif18a Ttll1 Ska3 Fes Pcnt Ttbk2"
"GOBP_MICROVILLUS_ORGANIZATION",-1.00102412977421,0.450901264460586,1,11,-0.405632313022673,8,"Rap1gap Tnik Rapgef2 Twf2 Ezr Rapgef6 Stk26 Rdx"
"GOBP_MIDBODY_ABSCISSION",0.36195652408771,0.999849510910459,1,22,0.13601791674866,4,"Stx2 Zfyve19 Chmp4c Chmp6"
"GOBP_MIDBRAIN_DEVELOPMENT",0.621417038830992,0.925931605581966,1,17,0.247458106718597,1,"Ryk"
"GOBP_MIRNA_CATABOLIC_PROCESS",-0.659534497664181,0.878396556362658,1,11,-0.267254800207577,11,"Tut4 Parn Zc3h12a Pnpt1 Zswim8 Elob Tent2 Tent4b Dis3l2 Snd1 Eloc"
"GOBP_MIRNA_MEDIATED_GENE_SILENCING_BY_INHIBITION_OF_TRANSLATION",-0.637592900911797,0.907927677329624,1,14,-0.242927588891773,14,"Limd1 Zfp36 Ago1 Ago2 Tnrc6a Tnrc6b Rbm4 Ddx6 Eif4e2 Eif6 Ago3 Eif4g1 Ago4 Eif4enif1"
"GOBP_MIRNA_METABOLIC_PROCESS",-0.746702835548533,0.934272300469484,1,71,-0.198043863439977,12,"Egr1 Ngfr Fos Smad1 Nr1h2 Drosha Tnf Klf4 Srebf1 Ets1 Notch2 Srebf2"
"GOBP_MIRNA_PROCESSING",-0.85857749261864,0.697470817120623,1,37,-0.260365574993026,18,"Drosha Bcdin3d Trub1 Dgcr8 Ripk1 Zmpste24 Pum2 Tut4 Snip1 Ago1 Adar Tgfb1 Ago2 Tut7 Pum1 Tarbp2 Zc3h10 Stat3"
"GOBP_MIRNA_TRANSCRIPTION",-0.883520847638576,0.672637864418686,1,48,-0.253018656663238,11,"Egr1 Ngfr Fos Smad1 Nr1h2 Tnf Klf4 Srebf1 Ets1 Notch2 Srebf2"
"GOBP_MISMATCH_REPAIR",0.959044173672857,0.528982267918343,1,24,0.354114415689217,7,"Pms1 Mlh1 Msh5 Mcm9 Wrn Pcna Rpa2"
"GOBP_MITOCHONDRIAL_CALCIUM_ION_HOMEOSTASIS",-0.638924806356938,0.927816901408451,1,20,-0.221887386383633,4,"Slc8b1 Slc25a27 Anxa6 Immt"
"GOBP_MITOCHONDRIAL_CALCIUM_ION_TRANSMEMBRANE_TRANSPORT",-0.617133694854926,0.945784927018171,1,22,-0.209985557237964,2,"Slc8b1 Psen2"
"GOBP_MITOCHONDRIAL_DEPOLARIZATION",-0.660636363786577,0.88933030646992,1,16,-0.242750081531032,7,"Ngfr Mllt11 Hsh2d Tspo Abcd1 Oga Lrrk2"
"GOBP_MITOCHONDRIAL_DNA_METABOLIC_PROCESS",0.761462066402822,0.805510052122115,1,23,0.283106314298398,8,"Dna2 Endog Mgme1 Chchd4 Sesn2 Mpv17 Twnk Parp1"
"GOBP_MITOCHONDRIAL_DNA_REPLICATION",0.731162265967387,0.824174127817228,1,16,0.294822440496063,2,"Dna2 Endog"
"GOBP_MITOCHONDRIAL_ELECTRON_TRANSPORT_CYTOCHROME_C_TO_OXYGEN",-1.43593680275606,0.0935290918977705,1,12,-0.570163169332737,1,"Cox6a2"
"GOBP_MITOCHONDRIAL_ELECTRON_TRANSPORT_NADH_TO_UBIQUINONE",0.716089529164199,0.867443232084931,1,29,0.254228256085178,6,"Coq9 Dld Ndufa8 Pink1 Iscu Ndufa10"
"GOBP_MITOCHONDRIAL_ELECTRON_TRANSPORT_UBIQUINOL_TO_CYTOCHROME_C",-0.76571313110092,0.765905383360522,1,12,-0.304039442954762,12,"Uqcc3 Uqcrfs1 Uqcrc1 Cyc1 Uqcrc2 Uqcrh mt-Cytb Uqcrb Cycs Uqcr11 Uqcrq Uqcr10"
"GOBP_MITOCHONDRIAL_FISSION",1.0954627841585,0.326618705035971,1,40,0.365854681465517,7,"Spire1 Lpin1 Mtfp1 Aurka Ddhd2 Ppargc1a Ggnbp1"
"GOBP_MITOCHONDRIAL_FUSION",0.677237620735045,0.918630177081809,1,34,0.233178175554005,10,"Bcl2a1c Msto1 Bcl2a1b Bcl2a1d Adck1 Miga1 Fundc1 Mfn2 Bak1 Miga2"
"GOBP_MITOCHONDRIAL_GENE_EXPRESSION",0.523862195816458,1,1,161,0.142146825040212,68,"Tfb1m Fastkd3 Tefm Dars2 Malsu1 Wars2 Fastkd1 Lrpprc Mterf1b Shmt2 Rars2 Mrpl58 Mtif2 Slirp Trmt10c Alkbh1 Gfm1 Ears2 Supv3l1 Mrpl15 Mrpl3 Sirt3 Mtg1 Twnk Gatb Mrpl52 Mrpl51 Trub2 Dap3 Prorp Mrpl21 Mrps14 Trmt5 Rmnd1 Uqcc2 Mrps6 Mrpl34 Mrpl35 Trit1 Mtpap Mrps34 C1qbp Mrps26 Mrpl39 Elac2 Gfm2 Foxo3 Mettl4 Mrpl17 Mrpl27 Chchd1 Mrpl47 Mrpl11 Nsun3 Trnt1 Mrpl24 Mtif3 Mrps18b Mrpl40 Mrps17 Mrpl2 Fastk Hsd17b10 Ptcd3 Mrpl54 Mrps15 Mrpl38 Mrps27"
"GOBP_MITOCHONDRIAL_LARGE_RIBOSOMAL_SUBUNIT_ASSEMBLY",0.878367545096143,0.636011766527326,1,15,0.359388887881064,6,"Ddx28 Malsu1 Mrm3 Mtg1 Mterf4 Dhx30"
"GOBP_MITOCHONDRIAL_MEMBRANE_ORGANIZATION",-0.65524149868704,0.995117620949845,1,102,-0.163578690708628,25,"Acaa2 Naif1 Bcl2 Pex5 Bcl2l11 Cnp Bcl2l1 Mpv17l Oma1 Fxn Bnip3l Nme3 Slc25a46 Calm1 Chchd10 Uqcc3 Alkbh7 Immt Tmem14a Gimap5 Tmem126a Mtch1 Ap3b1 Hip1r Gimap3"
"GOBP_MITOCHONDRIAL_OUTER_MEMBRANE_PERMEABILIZATION",-0.866182416885264,0.657134346142389,1,22,-0.294726732628229,4,"Acaa2 Bcl2l1 Mpv17l Bnip3l"
"GOBP_MITOCHONDRIAL_PROTEIN_PROCESSING",0.671091420536155,0.878102075854534,1,14,0.279092094986816,3,"Immp2l Atp23 Mipep"
"GOBP_MITOCHONDRIAL_RESPIRATORY_CHAIN_COMPLEX_ASSEMBLY",0.85964359744391,0.73126479095451,1,89,0.251345253619964,28,"Nubpl Fastkd3 Sdhaf1 Bcs1l Timmdc1 Immp2l Atp23 Ndufaf7 Atpaf2 Coa7 Ndufaf4 Ndufaf6 Cox18 Lyrm7 Chchd4 Timm21 Sdhaf4 Eif2s1 Tmem70 Cox11 Sdhaf3 Aifm1 Ndufaf5 Tmem126b Coa6 Sco1 Uqcc2 Cox16"
"GOBP_MITOCHONDRIAL_RIBOSOME_ASSEMBLY",1.06616447608256,0.381368483412322,1,26,0.387391080767881,9,"Mettl15 Tfb1m Ddx28 Malsu1 Noa1 Mrm3 Mtg1 Mettl17 Mterf4"
"GOBP_MITOCHONDRIAL_RNA_METABOLIC_PROCESS",0.646780879220734,0.964880621876735,1,57,0.202834740727139,18,"Tfb1m Fastkd3 Tefm Dars2 Ptcd1 Wars2 Fastkd1 Lrpprc Mterf1b Slirp Trmt10c Ears2 Supv3l1 Sirt3 Twnk Trub2 Prorp Trmt5"
"GOBP_MITOCHONDRIAL_RNA_MODIFICATION",-0.797175527868831,0.724705237181245,1,13,-0.309154941415698,2,"Mto1 Cdk5rap1"
"GOBP_MITOCHONDRIAL_RNA_PROCESSING",0.740166151852473,0.834301892415437,1,24,0.273296592139646,12,"Fastkd3 Fastkd1 Lrpprc Slirp Trmt10c Supv3l1 Trub2 Prorp Trmt5 Trit1 Mtpap Elac2"
"GOBP_MITOCHONDRIAL_TRANSCRIPTION",0.71652632099099,0.848498635122839,1,20,0.27499615550737,5,"Tfb1m Tefm Mterf1b Sirt3 Twnk"
"GOBP_MITOCHONDRIAL_TRANSLATION",0.403347749322886,1,1,126,0.112752638748321,51,"Fastkd3 Dars2 Malsu1 Wars2 Lrpprc Shmt2 Rars2 Mrpl58 Mtif2 Trmt10c Alkbh1 Gfm1 Ears2 Mrpl15 Mrpl3 Mtg1 Gatb Mrpl52 Mrpl51 Trub2 Dap3 Mrpl21 Mrps14 Rmnd1 Uqcc2 Mrps6 Mrpl34 Mrpl35 Mrps34 C1qbp Mrps26 Mrpl39 Gfm2 Mrpl17 Mrpl27 Chchd1 Mrpl47 Mrpl11 Nsun3 Mrpl24 Mtif3 Mrps18b Mrpl40 Mrps17 Mrpl2 Ptcd3 Mrpl54 Mrps15 Mrpl38 Mrps27 Mrpl42"
"GOBP_MITOCHONDRIAL_TRANSMEMBRANE_TRANSPORT",0.882529545236609,0.632977099236641,1,18,0.34702177208527,7,"Sfxn4 Sfxn2 Vdac1 Abcb10 Slc25a20 Slc25a40 Cpt2"
"GOBP_MITOCHONDRIAL_TRANSPORT",-0.919951804559102,0.632724446171784,1,73,-0.24255665078318,13,"Acaa2 Naif1 Bcl2 Bcl2l11 Sfxn3 Slc25a10 Cnp Cpt1b Bcl2l1 Mpv17l Slc25a24 Fxn Bnip3l"
"GOBP_MITOCHONDRIAL_TRNA_MODIFICATION",-0.953721130475048,0.508664356171688,1,10,-0.397081511599753,2,"Mto1 Cdk5rap1"
"GOBP_MITOCHONDRIAL_TRNA_PROCESSING",-0.824096104276868,0.685769125308473,1,13,-0.319595087821789,2,"Mto1 Cdk5rap1"
"GOBP_MITOCHONDRION_DISTRIBUTION",-0.632630073690586,0.930178206251826,1,19,-0.222913351344842,2,"Mfn1 Trak2"
"GOBP_MITOCHONDRION_ENDOPLASMIC_RETICULUM_MEMBRANE_TETHERING",-1.39103959353463,0.124233537723274,1,10,-0.579158924811393,4,"Psen2 Calm1 Selenon Calm3"
"GOBP_MITOCHONDRION_LOCALIZATION",0.557971580555729,0.987625899280576,1,40,0.186347284292126,4,"Zbed3 Armcx6 Pkd1 Msto1"
"GOBP_MITOCHONDRION_ORGANIZATION",0.823626133237775,0.909080890456249,1,358,0.208406168169338,100,"Spire1 Tnfsf10 Lpin1 Smad3 Mtx3 Bcl2a1c Mtfp1 Aurka Nubpl Ddhd2 Endog Plscr3 Marcks Rab32 Them4 Hspd1 Fastkd3 Sdhaf1 Ptpmt1 Bmf Ppargc1a Htra2 Ggnbp1 Fsip1 Msto1 Bcs1l Bcl2a1b Bcl2a1d Timmdc1 Immp2l Fzd9 Slc22a5 Atp7a Atp23 Dhodh Ndufaf7 Letmd1 Pmaip1 Slc35f6 Atpaf2 Noa1 Nipsnap2 Mtx2 Coa7 Ndufaf4 Sod2 Ndufaf6 Chchd6 Cox18 Lyrm7 Chchd4 Adck1 Slirp Miga1 Fam3a Sesn2 Mtfr1l Timm21 Sdhaf4 Eif2s1 Pink1 Atad3a Tmem70 Supv3l1 Mrpl15 Cox11 Sdhaf3 Tug1 Tomm40 Mtfr1 Myc Ptcd2 Timm9 Myo19 Aifm1 Ndufaf5 Slc25a4 Capn10 Pde2a Romo1 Vps54 Gclm Hk2 Cluh Fundc1 Parp1 Tmem126b Dap3 Coa6 Poldip2 Timm8a1 Bid Mfn2 Siva1 Bak1 Mcu Sco1 Mff Uqcc2 Cox16"
"GOBP_MITOPHAGY",-0.567425762091976,0.998790810157195,1,81,-0.147190890230638,21,"Irgm2 Tigar Bcl2l13 Atg4c Vps13d Oma1 Bnip3l Irgm1 Srebf1 Gabarapl2 Eif2ak1 Ulk2 Hdac6 Rnf41 Optn Arhgap26 Atg4d Smurf1 Map1lc3a Tspo Ulk3"
"GOBP_MITOTIC_CELL_CYCLE_CHECKPOINT_SIGNALING",0.885262572004177,0.700580661449129,1,121,0.249013076804145,50,"Zwilch Rad9b Haspin Chek1 Mbtps2 Gen1 Cdk1 Cdc14b Plk3 Klhl22 Nbn Ska3 Nuf2 Lcmt1 Zwint Orc1 Zfyve19 Cdca8 Chmp4c Spc25 Prkdc Eme2 Chek2 Cdkn1a Rpa2 Ndc80 Inip Etaa1 Tipin Clspn Bard1 Donson Atr Sde2 Dusp1 Trip13 Ccnd1 Msh2 Mus81 Aurkb Incenp Triap1 Trp53 Rps27l Plk1 Taok3 Setmar Rad17 Anapc15 Atf2"
"GOBP_MITOTIC_CELL_CYCLE_PHASE_TRANSITION",0.621353272637585,1,1,349,0.15757043634246,67,"Abcb1b Zwilch App Mblac1 Ccnf Haspin Tfdp1 Chek1 Mbtps2 Gen1 Cdk1 Cdc14b Plk2 Rcc1 Pkd1 Plk3 Id2 Camk2g Ccne1 Pole Tfap4 Klhl22 Nfix Cdc27 Cdc25a Rgcc Nfatc1 Nbn Fbxw7 Ska3 Tjp3 Cks1b Nuf2 Stk35 Pbrm1 Hinfp Cdk4 Hacd1 Lcmt1 Klf11 Zwint Pinx1 Phf8 E2f5 Zc3h12d Orc1 Mepce Zfyve19 E2f1 Rb1 Atad5 Cdca8 Hexim2 Myc Acvr1b Chmp4c Ppp2r2d Smc5 Ccnb2 Anp32b Spc25 Prkdc Ino80 Chek2 Nek2 Psme2 Cdkn1a"
"GOBP_MITOTIC_CENTROSOME_SEPARATION",1.09908049567443,0.362903225806452,1,12,0.47501527223432,6,"Aurka Chek1 Nek2 Ranbp1 Cep85 Kif11"
"GOBP_MITOTIC_CHROMOSOME_CONDENSATION",0.568142052649762,0.9594010497067,1,16,0.229088718478966,6,"Ncapg Ncapd3 Ncapd2 Baz1b Ncapg2 Akap8"
"GOBP_MITOTIC_CYTOKINESIS",-0.873135129052974,0.742661841576196,1,80,-0.22712883388767,15,"Stmn1 Cit Unc119 Racgap1 Snx9 Kif23 Kif20a Cep55 Daxx Birc5 Exoc6b Cenpa Ckap2 Chmp7 Zfyve26"
"GOBP_MITOTIC_CYTOKINETIC_PROCESS",0.720065612015227,0.874890893220832,1,35,0.246307089691922,7,"Rab11fip3 Ect2 Stx2 Iqgap2 Zfyve19 Chmp4c Chmp6"
"GOBP_MITOTIC_DNA_INTEGRITY_CHECKPOINT_SIGNALING",0.867894661388004,0.702159244264507,1,68,0.264114140111405,29,"Rad9b Chek1 Mbtps2 Cdk1 Cdc14b Nbn Orc1 Prkdc Eme2 Chek2 Cdkn1a Rpa2 Tipin Clspn Donson Sde2 Ccnd1 Msh2 Mus81 Triap1 Trp53 Rps27l Plk1 Taok3 Setmar Rad17 Atf2 Hus1 Mre11a"
"GOBP_MITOTIC_DNA_REPLICATION",1.13520457319083,0.306717557251908,1,18,0.446376786810427,5,"Tk1 Cdk1 Brca2 Mcm2 Gmnn"
"GOBP_MITOTIC_G1_S_TRANSITION_CHECKPOINT_SIGNALING",0.870885339589903,0.64592042111782,1,15,0.35632750255234,9,"Plk3 Prkdc Cdkn1a Rpa2 Sde2 Ccnd1 Triap1 Trp53 Rps27l"
"GOBP_MITOTIC_G2_DNA_DAMAGE_CHECKPOINT_SIGNALING",0.937735573103508,0.56203007518797,1,36,0.318674337583115,5,"Chek1 Mbtps2 Cdk1 Cdc14b Nbn"
"GOBP_MITOTIC_G2_M_TRANSITION_CHECKPOINT",0.742234075521372,0.879363306339011,1,51,0.236787115498584,13,"Chek1 Mbtps2 Cdk1 Cdc14b Nbn Orc1 Cdkn1a Inip Etaa1 Clspn Bard1 Donson Atr"
"GOBP_MITOTIC_INTRA_S_DNA_DAMAGE_CHECKPOINT_SIGNALING",1.14467003121475,0.303105977836741,1,14,0.476042976119584,10,"Rad9b Eme2 Chek2 Tipin Msh2 Mus81 Rad17 Atf2 Hus1 Mre11a"
"GOBP_MITOTIC_METAPHASE_CHROMOSOME_ALIGNMENT",1.11885392644948,0.282692839369643,1,59,0.348305875065171,19,"Ska2 Cdk1 Mis12 Kif2c Cenpc1 Kifc1 Snhg15 Kif18a Ska3 Champ1 Nuf2 Kif22 Pinx1 Kpnb1 Psrc1 Cdca8 Chmp4c Chmp6 Kifc5b"
"GOBP_MITOTIC_NUCLEAR_DIVISION",0.895075727337859,0.725020355938118,1,223,0.234901846296401,66,"Zwilch Kif4 Ska2 Haspin Aurka Nsl1 Chek1 Smpd3 Cenpk Tubg2 Gen1 Cdk1 Cdc14b Rcc1 Mis12 Kif2c Cenpc1 Ncapg Wapl Klhl22 Ncapd3 Kifc1 Nfix Cenpi Snhg15 Rgcc Arhgef10 Kif18a Ska3 Champ1 Nuf2 Kif22 Ncapd2 Egf Lcmt1 Pdxp Cep97 Zwint Pinx1 Uhrf1 Kpnb1 Ran Psrc1 Rb1 Cdca8 Cdca2 Chmp4c Chmp6 Kifc5b Ppp2r2d Nme6 Spc25 Ino80 Cul7 Chek2 Nek2 Rangrf Esr1 Reep3 Ccdc86 Numa1 Ranbp1 Cep85 Baz1b Ncapg2 Ndc80"
"GOBP_MITOTIC_RECOMBINATION",0.856066477615448,0.67154156096105,1,25,0.313477184443173,8,"Gen1 Brca2 Mlh1 Tep1 Smc6 Rad52 Rad51d Smc5"
"GOBP_MITOTIC_SISTER_CHROMATID_COHESION",0.769177456958576,0.798835994627668,1,25,0.281659882555111,7,"Haspin Dscc1 Esco1 Rb1 Slf1 Smc5 Naa50"
"GOBP_MITOTIC_SISTER_CHROMATID_SEGREGATION",0.864142170040128,0.776630238981626,1,173,0.232573069519743,53,"Zwilch Kif4 Ska2 Haspin Nsl1 Cenpk Tubg2 Gen1 Cdk1 Rcc1 Mis12 Kif2c Cenpc1 Ncapg Wapl Klhl22 Ncapd3 Kifc1 Cenpi Snhg15 Arhgef10 Kif18a Ska3 Champ1 Nuf2 Kif22 Ncapd2 Lcmt1 Cep97 Zwint Pinx1 Uhrf1 Kpnb1 Ran Psrc1 Rb1 Cdca8 Chmp4c Chmp6 Kifc5b Spc25 Ino80 Chek2 Nek2 Rangrf Numa1 Baz1b Ncapg2 Ndc80 Poldip2 Akap8 Kif11 Dis3l2"
"GOBP_MITOTIC_SISTER_CHROMATID_SEPARATION",0.63293937358076,0.972199054767862,1,55,0.199564440732369,11,"Zwilch Haspin Gen1 Klhl22 Ska3 Nuf2 Lcmt1 Zwint Rb1 Cdca8 Spc25"
"GOBP_MITOTIC_SPINDLE_ASSEMBLY",-0.804219931855068,0.87534516765286,1,75,-0.211773144932233,14,"Spice1 Cdc20 Racgap1 Flna Prc1 Tpx2 Ripor2 Kif23 Hspa1b Birc5 Eml3 Wrap73 Ccdc66 Chmp7"
"GOBP_MITOTIC_SPINDLE_ELONGATION",-0.873825985576752,0.606771527592642,1,10,-0.363817191567445,4,"Racgap1 Prc1 Kif23 Birc5"
"GOBP_MITOTIC_SPINDLE_ORGANIZATION",-0.747804762028917,0.969521044992743,1,122,-0.181834480807295,14,"Stmn1 Spice1 Dlgap5 Cdc20 Racgap1 Tacc3 Flna Prc1 Tpx2 Ripor2 Kif23 Poc1a Cenpe Hspa1b"
"GOBP_MODIFICATION_OF_POSTSYNAPTIC_ACTIN_CYTOSKELETON",0.996788318887837,0.475146650200679,1,16,0.401929337044847,4,"Ptk2 Marcks Cyfip1 Pfn2"
"GOBP_MODIFICATION_OF_SYNAPTIC_STRUCTURE",0.821567266210105,0.750036080242459,1,38,0.277006399055553,10,"Ptk2 Marcks Cyfip1 Pfn2 Tiam1 Egln1 Pdxp Cln3 Dip2a Dlgap4"
"GOBP_MODIFIED_AMINO_ACID_BIOSYNTHETIC_PROCESS",0.772950112170928,0.799970453538189,1,27,0.278438506091218,14,"Plscr1 Mthfd1 Gss Fpgs Atic Mgst2 Plod3 Gclm Dhfr Eif2ak3 Aldh7a1 Gclc Acadm Ptdss2"
"GOBP_MODIFIED_AMINO_ACID_CATABOLIC_PROCESS",0.964101958219733,0.524556071028635,1,10,0.436092018539602,3,"Pcyox1l Chac2 Aasdhppt"
"GOBP_MODIFIED_AMINO_ACID_METABOLIC_PROCESS",1.13981399160867,0.234550380596052,1,103,0.326794909041679,29,"Pemt Hpgds Pcyox1l Gsto1 Gstk1 Mmachc Lipc Gstt3 Mthfr Slc16a10 Plscr1 Mthfd1 Gss Lpcat4 Txnrd3 Slc22a5 Fpgs Shmt2 Gstz1 Hmgn5 Sod2 Chac2 Mthfd2l Aasdhppt Gstt2 Atic Mtr Mgst2 Cpt1a"
"GOBP_MODIFIED_AMINO_ACID_TRANSPORT",1.17472950347105,0.262359720958447,1,20,0.450850286656368,10,"Slc6a20b Abcc4 Slc5a6 Slc22a5 Slc19a1 Slc6a13 Slc25a20 Slc25a40 Slc7a6 Slc22a15"
"GOBP_MODULATION_BY_SYMBIONT_OF_ENTRY_INTO_HOST",-1.37905036282615,0.102112676056338,1,20,-0.478920019467754,6,"Trim30c Trim30b Trim25 Trim5 Trim12c Cd74"
"GOBP_MODULATION_OF_EXCITATORY_POSTSYNAPTIC_POTENTIAL",0.853235487089006,0.679354265402844,1,26,0.310023289002665,5,"App Prkcz Celf4 Shank1 Plk2"
"GOBP_MODULATION_OF_PROCESS_OF_ANOTHER_ORGANISM",-0.900085010316577,0.693223819301848,1,86,-0.230896835670187,8,"Ccl5 Trim30c Ciita Rab29 Igf2r Trim25 Bcl2l11 Trim5"
"GOBP_MOLTING_CYCLE",0.860959584195041,0.71192007663884,1,64,0.264956786466339,10,"Intu Tspear Gorab Ext1 Snai1 Trps1 Atp7a Nfatc1 Notch1 Mpzl3"
"GOBP_MOLTING_CYCLE_PROCESS",0.776311781997528,0.844262295081967,1,58,0.242752739666875,8,"Intu Tspear Gorab Ext1 Snai1 Trps1 Atp7a Notch1"
"GOBP_MONOAMINE_TRANSPORT",1.26559353341017,0.141723192379853,1,38,0.426717959413307,10,"Xlr4b Fcer1g Xlr4a Slc18a2 Slc29a4 Chrnb2 Smpd3 Slc29a3 Gpm6b Rab3b"
"GOBP_MONOATOMIC_ANION_HOMEOSTASIS",1.2781033809494,0.177091665333547,1,10,0.578124210358136,4,"Ptk2 Slc12a2 Slc12a3 Cacna1a"
"GOBP_MONOATOMIC_ANION_TRANSPORT",1.39945182496597,0.0473698705590746,1,61,0.433747975516218,17,"Abcb1b Car2 Slc26a10 Ano8 Kcnn4 Slc26a6 Slc12a2 Slc5a6 Ttyh2 Tmc4 Slc12a3 Gpr89 Slc25a14 Slc19a1 Slc26a2 Gopc Vdac1"
"GOBP_MONOATOMIC_CATION_TRANSMEMBRANE_TRANSPORT",0.99126542699204,0.501752080595707,1,384,0.24956717675891,64,"Slc8a1 Lime1 Hcn3 Slc9a9 Kcnk3 Asph Tmbim1 Fcrl5 Slc36a3 Pkd1l3 Fgf13 S100a1 Slc18a2 Ehd3 Ahr Catsper2 Nnt Kcnn4 Stac2 Akap7 Nek4 Tmem94 Slc39a6 Slc29a4 Cacna1d Slc12a2 Slc6a20b Cacna1h Gsto1 Tmem38b Slc15a2 Slc5a6 Steap4 Slc16a1 Pkd1 Tmem63b Plp1 Slc12a3 Atpsckmt Cacna1a Cacna1s Slc39a13 Itgb3 Gpm6a Slc20a2 Slc25a14 Ptpn22 Atp7a Kcnc3 Akap5 Alg10b Slc25a22 Pkd2l2 Nipsnap2 Kcnk10 Atp1a1 Rgs7 Slc41a1 Plcl1 Ibtk Vdac1 Slc30a1 Abcb8 Slc31a1"
"GOBP_MONOATOMIC_CATION_TRANSPORT",1.00205199741429,0.47081503694977,1,474,0.249000542557494,80,"Slc8a1 Ramp1 Lime1 Trf Hcn3 Slc9a9 Kcnk3 Asph Nectin1 App Tmbim1 Fcrl5 Calcrl Slc36a3 Pkd1l3 Fgf13 S100a1 Slc18a2 Ehd3 Ahr Catsper2 Nnt Kcnn4 Stac2 Akap7 Nek4 Tmem94 Slc39a6 Slc29a4 Chrnb2 Cacna1d Slc12a2 Slc6a20b Cacna1h Gsto1 Slc23a2 Tmem38b Slc15a2 Slc5a6 Steap4 Slc16a1 Chrnb1 Usp2 Pkd1 Tmem63b Plp1 Slc12a3 Camk2g Atpsckmt Cacna1a Cacna1s Slc39a13 Itgb3 Gpm6a Slc20a2 Flvcr1 Slc25a14 Slc22a5 Ptpn22 Atp7a Ccr1 Kcnc3 Nfatc1 Akap5 Alg10b Slc25a22 Pkd2l2 Nipsnap2 Kcnk10 Atp1a1 Rgs7 Jak3 Slc41a1 Plcl1 Ibtk Egf Vdac1 Slc30a1 Abcb8 Slc31a1"
"GOBP_MONOATOMIC_ION_HOMEOSTASIS",1.02679713525563,0.401405308944903,1,321,0.261774924125755,58,"Slc8a1 Car2 Lime1 Trf Cln6 Slc9a9 Mt1 Asph App Fcrl5 Tmtc2 Apoe Alpl Frrs1 Ptk2 Tspoap1 Hmox1 Tmem94 Snx10 Slc39a6 Slc26a6 Cacna1d Slc12a2 Gsto1 Tmem38b Steap4 Cnnm3 Mtln Slc12a3 Thada Cacna1a Cacna1s Slc39a13 Itgb3 Gpr89 Ext1 Efhc1 Cdh5 Rab20 Fzd9 Atp7a Bola2 Ccr1 Letmd1 Ccdc47 Rab39 Atp1a1 Slc41a1 Plcl1 Sod2 Ibtk Slc30a1 Egln1 Slc31a1 Atp6v0a2 Slc37a4 Prkca Fam3a"
"GOBP_MONOATOMIC_ION_TRANSMEMBRANE_TRANSPORT",1.03678754667644,0.368761453055945,1,436,0.258781840682922,79,"Slc8a1 Lime1 Hcn3 Slc9a9 Kcnk3 Asph Tmbim1 Fcrl5 Slc36a3 Pkd1l3 Fgf13 Slc26a10 S100a1 Slc18a2 Ano8 Ehd3 Ahr Catsper2 Nnt Kcnn4 Stac2 Akap7 Nek4 Tmem94 Slc39a6 Stom Slc26a6 Slc29a4 Chrnb2 Cacna1d Slc12a2 Slc6a20b Cacna1h Gsto1 Tmem38b Slc15a2 Slc5a6 Steap4 Slc16a1 Ttyh2 Chrnb1 Sfxn4 Tmc4 Pkd1 Tmem63b Plp1 Slc12a3 Sfxn2 Atpsckmt Cacna1a Cacna1s Slc39a13 Itgb3 Gpm6a Gpr89 Slc20a2 Slc25a14 Cybb Ptpn22 Atp7a Kcnc3 Slc19a1 Akap5 Slc26a2 Alg10b Slc25a22 Pkd2l2 Nipsnap2 Kcnk10 Atp1a1 Rgs7 Slc41a1 Plcl1 Gopc Ibtk Vdac1 Slc30a1 Abcb8 Slc31a1"
"GOBP_MONOCARBOXYLIC_ACID_BIOSYNTHETIC_PROCESS",-1.13138741728994,0.193421698576338,1,123,-0.27535781392032,34,"Acsl4 Cyp39a1 Acox1 Anxa1 Acss1 Prxl2b Prkab2 Cyp27a1 Acot8 Gamt Armc5 Scd1 Prkag1 Nr1h2 Elovl6 Kat2b Insig2 Tmem135 Pck2 Srebf1 Lpgat1 Stard4 Gstm1 Acsl3 Erlin1 Cd74 Daglb Cop1 Insig1 Pnpla8 Kmo Ceacam1 Wdtc1 Dcaf5"
"GOBP_MONOCARBOXYLIC_ACID_CATABOLIC_PROCESS",0.891850630315578,0.668463257525963,1,88,0.261136604278527,30,"Lpin1 Acad8 Acad12 Pon3 Cryl1 Acad11 Slc16a1 Mtln Gcdh Nudt8 Mlycd Sord Etfdh Nudt19 Acad10 Nudt7 Sesn2 Dcxr Acsl5 Acot7 Cpt1a Ehhadh Pex2 Cpt2 Lonp2 Ldhb Ldha Echs1 Abcd4 Dlat"
"GOBP_MONOCARBOXYLIC_ACID_METABOLIC_PROCESS",0.885816298502818,0.788865661788976,1,370,0.223659863580131,70,"Ces2c Mttp Eno3 Lpin1 Mcrip2 Acad8 Hpgds App Apoe Ahr Acad12 Amacr Pon3 Cryl1 Abcc4 Acad11 Cyp4f16 Slc5a6 Slc16a1 Bpgm Mtln Pecr Lipc Zbtb20 Ankrd23 Them4 Sigmar1 Angptl4 Ankrd26 Fabp5 Asah2 Aldoc Acbd5 Plp1 Gcdh Ppargc1a Mgll Echdc3 Nudt8 Git1 Mlycd Sord Alox5ap Etfdh Nudt19 Pfkfb1 Pfkfb2 Tpk1 Mif Hacd3 Gale Pfkl Shmt2 Acad10 Pfkp Dld Kynu Tpi1 Fasn Vdac1 Hacd1 Jmjd8 Cyp4f13 Ptges2 Nudt7 Slc37a4 Dgat1 Sesn2 Dcxr Cyp4x1"
"GOBP_MONOCARBOXYLIC_ACID_TRANSPORT",0.777198027801243,0.852660300136426,1,65,0.238484919637173,9,"Apoe Slc16a7 Emb Slc26a6 Abcc4 Slc5a6 Slc16a1 Slc43a3 Fabp5"
"GOBP_MONOCYTE_CHEMOTACTIC_PROTEIN_1_PRODUCTION",-0.978401474545508,0.48155505107832,1,16,-0.359512510565845,4,"Socs5 Syk Ager Oas1a"
"GOBP_MONOCYTE_CHEMOTAXIS",-1.18788170881754,0.245743473325766,1,16,-0.436485784724128,3,"Ccl5 Lgals3 Anxa1"
"GOBP_MONOCYTE_DIFFERENTIATION",0.881701852368414,0.633559066967645,1,22,0.331330536049475,7,"Vegfa Pde1b Zbtb46 Fes Fasn Gmpr2 Myc"
"GOBP_MONONUCLEAR_CELL_DIFFERENTIATION",0.749607316651969,0.989214511384682,1,406,0.188150891922818,81,"6030468B19Rik Il9r Cd27 Flt3 Il12rb1 Dll1 Nrarp Fcer1g App Sh3rf1 Lilrb4a Prkcz Tmem176a Ahr Il15ra Il15 Vegfa Vsir Tspan2 Tlr4 Cdh17 Lef1 Ada Fgl2 Wwp1 Prr7 Runx2 Pde1b Il2ra Zbtb7b Il12a Hells Zbtb46 Id2 Tusc2 Dtx1 Zc3h8 Gpr89 Bmi1 Spn Nfix Pglyrp2 Bcl2a1d Dpp4 Tespa1 Fzd9 Ptpn22 Atp7a Nfatc1 Rag2 Il7r Tlr2 Fes Dll4 Pbrm1 Jak3 Irf4 Fasn Xbp1 Rara Nkap Hsp90aa1 Prkca Tmem176b Mettl3 Dock10 Stat4 Batf Ly6d Rc3h2 Npm1 Tcf7 Rb1 Gmpr2 Fzd5 Prdm1 Itpripl1 Myc Ccr6 Gab3 Csf1r"
"GOBP_MONONUCLEAR_CELL_MIGRATION",-1.12563310962968,0.211080586080586,1,112,-0.276494412112903,22,"Ccl5 Itgb7 Lgals3 Tbx21 Jaml Anxa1 Csf1 Cxcl16 Slc8b1 Mmp14 Cklf Eps8 Stk10 Ripor2 S1pr1 Slamf1 Ager Icam2 Wasl P2rx4 Myo1g Padi2"
"GOBP_MONOSACCHARIDE_BIOSYNTHETIC_PROCESS",0.763893069632022,0.880026899798252,1,74,0.229741770853474,18,"Pcx Gsto1 Aldoc Ppargc1a Sord Dgkq Pfkfb1 Pfkfb2 Gpt2 Ctdspl2 Zfp692 Tpi1 Slc37a4 Sesn2 Cry1 Pgd C1qtnf12 Ppp4r3a"
"GOBP_MONOSACCHARIDE_CATABOLIC_PROCESS",1.1050232248185,0.325187969924812,1,36,0.375524352795481,21,"Eno3 Dhdh Rbks Pfkfb2 Gale Pfkl Pfkp Tpi1 Pgm1 Mpi Ldha Glb1 Hk2 Nudt5 Foxk2 Bad Hk1 Pgam1 Mgat1 Galk1 Galm"
"GOBP_MONOSACCHARIDE_METABOLIC_PROCESS",0.851881074772865,0.805777724722454,1,186,0.227879081020144,47,"Pcx Eno3 Ppp1r3e Hectd4 Gsto1 Slc23a2 Fggy B3glct Fabp5 Aldoc Ppargc1a Dhdh Mlycd Sord Fuca2 Rbks Dgkq Pfkfb1 Pfkfb2 Uxs1 Pofut1 Gale Pfkl Pmaip1 Gpt2 Ctdspl2 Pfkp Zfp692 Tpi1 Man2c1 Fuom Epm2aip1 Lcmt1 Bola3 Slc37a4 Pgm1 Fam3a Sesn2 Dcxr Fbn1 Cry1 Cpt1a Pgd C1qtnf12 Myc Ppp4r3a Mpi"
"GOBP_MONOSACCHARIDE_TRANSMEMBRANE_TRANSPORT",0.642611063077083,0.980347287656481,1,73,0.193617452923097,22,"Slc2a3 Stxbp4 Slc23a2 Erbb3 Fabp5 Rnasel Prkci Pea15a Nr4a3 C2cd5 Prkca Sesn2 Tsc2 Slc27a1 C1qtnf12 Myc Inpp5k Esr1 Capn10 Hk2 Sort1 Mfn2"
"GOBP_MORPHOGENESIS_OF_AN_ENDOTHELIUM",-0.723747786071922,0.804585443881632,1,10,-0.301332177433529,5,"Cxcr4 Foxp1 Ccm2 Rhob Rhoa"
"GOBP_MORPHOGENESIS_OF_AN_EPITHELIAL_SHEET",-0.711853225812588,0.905051150895141,1,35,-0.218947278346739,7,"Hoxb4 Flna Dag1 Arhgap12 Notch2 Ceacam1 Cd44"
"GOBP_MORPHOGENESIS_OF_AN_EPITHELIUM",0.98174797521229,0.520342857142857,1,261,0.254324167926793,50,"Eng Intu Plxna1 Ttc8 Dll1 Nrarp Angpt1 Hs3st3b1 Cxcr2 Socs3 Smad3 Maged1 Ahr Nphp3 Vegfa Cdk20 Slc12a2 Gorab Plxnb2 Lef1 Tmem67 Mthfr Rpgrip1l Sh3bp1 Pkd1 Arhgap35 Fkbpl Ptch1 Traf3ip1 Mthfd1 Ext1 Snai1 Eya1 Enah Atp7a Nfatc1 Notch1 Krt10 Stk3 Sema5a Cluap1 Dll4 Rbm15 Wnt6 Scrib Bsg Cecr2 Egf Ski Rara"
"GOBP_MORPHOGENESIS_OF_A_BRANCHING_STRUCTURE",1.14542219777024,0.225220550077841,1,98,0.330441616190589,25,"Eng Plxna1 Nrarp Angpt1 Hs3st3b1 Socs3 Fgf13 Maged1 Ahr Vegfa Slc12a2 Lef1 Tmem67 Pkd1 Fkbpl Ptch1 Ext1 Eya1 Nfatc1 Notch1 Sema5a Dll4 Rbm15 Wnt6 Egf"
"GOBP_MORPHOGENESIS_OF_A_POLARIZED_EPITHELIUM",1.18542889174435,0.238883143743537,1,27,0.427025036282903,5,"Intu Ttc8 Rpgrip1l Sh3bp1 Traf3ip1"
"GOBP_MORPHOGENESIS_OF_EMBRYONIC_EPITHELIUM",-0.952357490350716,0.564954682779456,1,97,-0.239074362970825,17,"Adm Llgl2 Coq7 Hes5 Rab23 Casp3 Ift122 Tsc1 Grsf1 Tead2 Lmo4 Stk4 Rala Ipmk Ift52 Spint2 Sec24b"
"GOBP_MOTILE_CILIUM_ASSEMBLY",1.08486993549041,0.339400888634083,1,41,0.360451148794424,5,"Intu Ift88 Dnaaf3 Rsph9 Mns1"
"GOBP_MOTOR_BEHAVIOR",-0.750000337179235,0.822634621235169,1,23,-0.25351739236467,2,"Pfkfb3 Elp6"
"GOBP_MOTOR_NEURON_APOPTOTIC_PROCESS",-1.36695643645175,0.130777596519848,1,12,-0.542773339781528,4,"Kcnb1 Clcf1 Fas Map2k4"
"GOBP_MOTOR_NEURON_AXON_GUIDANCE",0.923082793192077,0.578947368421053,1,10,0.417537828992315,2,"Slit1 Plxna3"
"GOBP_MRNA_3_END_PROCESSING",0.393106366825312,0.999857163262391,1,42,0.129969599621918,1,"Mblac1"
"GOBP_MRNA_CATABOLIC_PROCESS",0.834770238990241,0.851579806459135,1,218,0.219610622868177,67,"Nbdy Rbm47 Igf2bp3 Zc3h12c Vegfa Noct Tent5c Fastkd3 Rnasel Mlh1 Magohb Fastkd1 Mapk8 Lrpprc Plekhn1 Upf3a Dhx36 Traf2 Dis3 Slirp Gtpbp1 Dcp1a Mettl3 Zc3h12d Gspt1 E2f1 Supv3l1 Rc3h2 Npm1 Ikbke Larp1 Pcbp4 Tardbp Exosc3 Xrn1 Etf1 Eif4enif1 Mettl16 Eri1 Cirbp Tnrc6c Smg7 Snd1 Pabpc4 Hnrnpab Dis3l2 N4bp2 Angel1 Tob1 Fxr1 Exosc9 Mtpap Mrto4 Ago4 Paip1 Ythdf1 Exosc5 Cnot6l Upf1 Tent4b Fus Apex1 Rbm8a Dcp2 Lsm7 Secisbp2 Fmr1"
"GOBP_MRNA_CIS_SPLICING_VIA_SPLICEOSOME",0.831413878578885,0.719187159475777,1,28,0.297058012323838,15,"Prpf40b Upf3a Clns1a Sfswap Prpf39 Sde2 Sf3a1 Upf1 Dcps Rbm17 Sf1 Ncbp2 Prpf4b Slu7 Snrpc"
"GOBP_MRNA_EXPORT_FROM_NUCLEUS",0.525902422182847,0.996958805640033,1,59,0.163716548717461,31,"Magohb Nup160 Nup88 Mettl3 Nup107 Alyref2 Ncbp3 Xpo1 Alyref Rbm8a Nxt1 Fmr1 Thoc5 Nup133 Fyttd1 Wnk1 Iws1 Nsun2 Chtop Eif4e Thoc6 Eny2 Ddx19b Thoc3 Ncbp2 Srsf3 Nup214 Sem1 Ythdc1 Hnrnpa2b1 Nup155"
"GOBP_MRNA_METHYLGUANOSINE_CAP_DECAPPING",-0.535435787516556,0.972339825007056,1,15,-0.200504373878049,4,"Dcp1b Edc4 Zfp36 Cnot7"
"GOBP_MRNA_MODIFICATION",-0.98013175846277,0.482981220657277,1,20,-0.340382580286612,5,"Apobec1 Trub1 Rpusd3 Mettl14 Pus3"
"GOBP_MRNA_PROCESSING",0.783207729795299,0.971450118508942,1,439,0.195416382017128,153,"Rbm47 Mblac1 Coil Celf4 Habp4 Rrp1b Fra10ac1 Arvcf Rbmx2 Rnasel Magohb Prpf40b Dbr1 Wdr77 Tsen2 Ncl Trmt61a Zfp326 Tsen15 Ddx20 Ppih Usp49 Prpf4 Upf3a Dhx36 Rnf113a1 Rbm15 Ttf2 Snrnp25 Rnmt Armc7 Zrsr2 Slirp Snrnp35 Trmt6 Rbm41 Trmt10c Mettl3 Dhx35 Gpkow Cstf2 Rbm3 Ern1 Npm1 Celf2 Hnrnpul1 Ptcd2 Tssc4 Rbmx Txnl4a Prpf6 Pcbp4 Tardbp Clns1a Prdx6 Trmt2a Alyref2 Cwf19l1 Smn1 Mettl16 Gcfc2 Strap Cdk12 Sfswap Trub2 Zcrb1 Tcerg1 Srpk2 Snrpd1 Cirbp Rpusd2 Ncbp3 Srpk3 Ilf3 Tsen54 Rbm48 Cdc73 Pqbp1 Snrnp200 Snrpf Zranb2 Ptbp2 U2af1l4 Snrpa U2af1 Wbp11 Rsrc1 Zc3h13 Srsf2 Prpf39 Nono Prpf3 Prmt7 Zpr1 Mtpap Frg1 Srek1 Gpatch8 Cstf2t Rngtt Pus7 Zmat2 Sde2 C1qbp Snrpb Dhx8 Wtap Sf3a1 Alyref Prpf31 Snrpg Cmtr2 Cnot6l Upf1 Tent4b Srsf5 Plrg1 Rbm8a Supt6 U2af2 Zfp64 Lsm7 Prmt5 Fmr1 Cpsf7 Thrap3 Rbm28 Sf3a2 Hnrnpa3 Sap30bp Snrnp70 Paxbp1 Cstf3 Thoc5 Cpsf4 Chd8 Srek1ip1 Ivns1abp Ccnl1 Ppil3 Larp7 Lsm5 Tra2a Lsm10 Srsf7 Srsf4 Ddx41 Luc7l3 Usp4 Snrpd3 Rbm10 Lsm6 Arglu1"
"GOBP_MRNA_PSEUDOURIDINE_SYNTHESIS",-0.933923960127979,0.532657957877899,1,10,-0.388838965560224,4,"Trub1 Rpusd3 Pus3 Pus7l"
"GOBP_MRNA_SPLICE_SITE_RECOGNITION",1.11788385084356,0.323702031602709,1,22,0.420084243382404,13,"Celf4 Celf2 Rbmx Sfswap Ptbp2 Prpf39 Luc7l3 Mbnl1 Luc7l2 Luc7l Slu7 Snrpc Ythdc1"
"GOBP_MRNA_TRANSCRIPTION",-1.41382148185345,0.0472829922371207,1,52,-0.397115129552146,8,"Anxa2 Thra Taf5 Trim25 Taf13 Flna Nr1h2 Taf4b"
"GOBP_MRNA_TRANSCRIPTION_BY_RNA_POLYMERASE_II",-1.60953624129386,0.0153282239253582,1,42,-0.472404367518896,16,"Anxa2 Thra Taf5 Taf13 Flna Nr1h2 Taf4b Srebf1 S100a10 Atf1 Tbp Enpp1 Ncoa1 Ap3b1 Taf9 Taf7"
"GOBP_MRNA_TRANSPORT",0.827490798897724,0.804680468046805,1,106,0.236340252790629,48,"Igf2bp3 Magohb Nup37 Mettl1 Lrpprc Nup160 Nup54 Nup88 Mettl3 Nup188 Nup107 Alyref2 Ndc1 Ncbp3 Nutf2 Fxr1 Ahctf1 Xpo1 Alyref Rbm8a Bicd2 Supt6 Nxt1 Tnks Fmr1 Hnrnpa3 Senp2 Thoc5 Mapt Nup133 Srsf7 Fyttd1 Wnk1 Iws1 Nsun2 Chtop Aaas Hnrnpa1 Slbp Eif4e Thoc6 Cetn3 Eny2 Fxr2 Ddx19b Htt Thoc3 Ncbp2"
"GOBP_MUCUS_SECRETION",0.54440012282425,0.961926091825308,1,10,0.246248383204223,1,"Ada"
"GOBP_MULTICELLULAR_ORGANISMAL_LEVEL_CHEMICAL_HOMEOSTASIS",1.02300514775239,0.433710763938656,1,41,0.339896395564941,18,"Trf Hmox1 Vegfa Tmem63b Lpcat1 Ext1 Sod2 Nkiras1 Akap11 Wfs1 Nfat5 Inpp5k Fech Btbd9 Oas1c Nsf B2m Hyal2"
"GOBP_MULTICELLULAR_ORGANISMAL_LEVEL_IRON_ION_HOMEOSTASIS",0.892845730723258,0.61623958011732,1,16,0.360017152923019,2,"Trf Hmox1"
"GOBP_MULTICELLULAR_ORGANISMAL_LEVEL_WATER_HOMEOSTASIS",0.897387480479621,0.610978520286396,1,11,0.396819275815919,8,"Ext1 Akap11 Wfs1 Nfat5 Inpp5k Hyal2 Aqp3 Ext2"
"GOBP_MULTICELLULAR_ORGANISMAL_MOVEMENT",0.798883201265924,0.768209967561191,1,29,0.283621914302575,6,"Stac2 Gsto1 Chrnb1 Spr Cacna1a Diaph2"
"GOBP_MULTICELLULAR_ORGANISMAL_RESPONSE_TO_STRESS",0.970722552986984,0.518094430308171,1,45,0.316315957873191,9,"Spire1 Apoe Osm Cacna1a Ext1 Dpp4 Atat1 Vdac1 Als2"
"GOBP_MULTICELLULAR_ORGANISM_GROWTH",-0.875699535266472,0.819407008086253,1,147,-0.20802431140729,24,"Adrb2 Llgl2 Chd7 Alms1 Klf2 Bcl2 Csf1 Pex5 Dhcr7 Sik3 Gamt Tcf7l2 Add1 Rasal2 Gpam G6pdx Atrn Daxx Fxn Xpa Ercc5 Zmpste24 Gpd2 Heg1"
"GOBP_MULTIVESICULAR_BODY_LYSOSOME_FUSION",-0.533000804836696,0.967208744334844,1,10,-0.221914728011762,10,"Chmp7 Chmp3 Chmp5 Chmp2a Chmp2b Chmp4b Chmp1b Chmp1a Chmp6 Chmp4c"
"GOBP_MULTIVESICULAR_BODY_ORGANIZATION",-0.567059113647882,0.970201577563541,1,19,-0.199808786668129,1,"Rab27a"
"GOBP_MULTIVESICULAR_BODY_SORTING_PATHWAY",0.707030280278991,0.88139603667554,1,31,0.248103606272332,9,"Laptm4b Lyst Vps25 Tmem50b Chmp4c Chmp6 Snf8 Sort1 Stam"
"GOBP_MULTI_MULTICELLULAR_ORGANISM_PROCESS",0.565261342570619,0.998450813323005,1,104,0.161962647961744,14,"Bmpr2 Smad3 Dkkl1 Vegfa Syde1 Stx2 Agrp Itgb3 Hspe1-rs1 Slc19a1 Calr Polr1b Bsg Rara"
"GOBP_MUSCLE_ADAPTATION",0.640518341040663,0.981328354227794,1,77,0.191313100232629,9,"Smad3 Ptk2 Kcnn4 Tnfrsf1b Cmya5 Cacna1s Nr4a3 Nfatc1 Notch1"
"GOBP_MUSCLE_CELL_APOPTOTIC_PROCESS",0.887433873335735,0.676013289036545,1,82,0.262785272515486,8,"Eng Trem1 Rps6ka2 Cxcr2 Hmox1 Slc7a5 Dipk2a Il12a"
"GOBP_MUSCLE_CELL_CELLULAR_HOMEOSTASIS",0.85668248751339,0.664358772619984,1,13,0.363140614378686,1,"Trim32"
"GOBP_MUSCLE_CELL_DEVELOPMENT",0.755197874829722,0.913462774848913,1,106,0.215692617829654,7,"Eng Slc8a1 Alpk2 Vegfa Chrnb1 Cdk1 Ankrd23"
"GOBP_MUSCLE_CELL_DIFFERENTIATION",0.77294935753457,0.957485506422644,1,267,0.199723004295997,15,"Eng Slc8a1 Ift88 Cdon Cd9 Tanc1 Dll1 Alpk2 Vegfa Chrnb1 Mtln Tnpo2 Cdk1 Ankrd23 Trim32"
"GOBP_MUSCLE_CELL_MIGRATION",0.837525604982979,0.757767316745124,1,72,0.252787246072462,10,"Sema6d Plxna1 Ptk2 Kcnn4 Tlr4 Dock7 Ppargc1a Itgb3 Nr4a3 Atp7a"
"GOBP_MUSCLE_CELL_PROLIFERATION",0.975289019551966,0.52003462775167,1,144,0.268516877685072,24,"Angpt1 Dsn1 Calcrl Bmpr2 Apoe Ptk2 Il15 Kcnn4 Hmox1 Vegfa Cdk20 Tlr4 Smpd3 Abcc4 Cdk1 Dipk2a Il12a Ppargc1a Id2 Itgb3 Nr4a3 Snhg15 Rgcc Notch1"
"GOBP_MUSCLE_CONTRACTION",1.12890998152865,0.222669594924353,1,160,0.30658112659668,17,"Slc8a1 Sulf2 Myl4 Calcrl Fgf13 Ehd3 Stac2 Chrnb2 Cacna1d Smpd3 Cacna1h Gsto1 Tmem38b Myl6b Uty Chrnb1 Ada"
"GOBP_MUSCLE_HYPERTROPHY",-0.736624000594242,0.946837407838572,1,70,-0.196028678625244,13,"Smad1 Fbxo32 Camta2 Map2k4 Mtpn Lmna P2rx4 Foxo1 G6pdx Pde5a Inpp5f Foxp1 Kdm4a"
"GOBP_MUSCLE_ORGAN_DEVELOPMENT",-0.915009743854327,0.749253731343284,1,173,-0.213040060821386,31,"Adrb2 Egr2 Mylpf Chd7 Egr1 Hlx Hdac9 Bcl2 Fos Xk Tsc22d3 Sirt6 Bcl2l13 Sap30 Id3 Dag1 Ripor2 S1pr1 Tcf7l2 Tpm1 Nr1d2 Lmna Rcan1 Foxo4 Cenpf Foxp1 Heg1 Nln Mtss1 Wnt10b Sgcb"
"GOBP_MUSCLE_ORGAN_MORPHOGENESIS",0.935709278037471,0.563550575051607,1,29,0.332198319162464,2,"Eng Angpt1"
"GOBP_MUSCLE_STRUCTURE_DEVELOPMENT",-0.92478296656662,0.814012738853503,1,422,-0.195241168810771,72,"Adrb2 Adm Egr2 Mylpf Chd7 Egr1 Csrp2 Hlx Asf1a Thra Ehd2 Hdac9 Hes1 Bcl2 Fos Xk Nr2c2 Tsc22d3 Sirt6 Mmp14 Uchl1 Casp3 Pdlim1 Bhlhe41 Plekhm3 Bcl2l13 Sap30 Map2k4 Id3 Nid1 Dag1 Nfatc2 Ripor2 S1pr1 Tcf7l2 Capn2 Tsc1 Tnf Tpm1 Nr1d2 Smarcc2 Trip4 Ccnd2 Lmna Tmod3 Pdlim7 Lamc1 G6pdx Rcan1 Nebl Foxo4 Daxx Kdm6b Zmpste24 Cenpf Plekho1 Neo1 Foxp1 Heg1 Neurl2 Nln Mtss1 Wnt10b Sgcb Notch2 Smarcd1 Csrp1 Kras Vamp5 Brd7 Smarcd2 Spag9"
"GOBP_MUSCLE_SYSTEM_PROCESS",0.993622514240042,0.489122888220319,1,233,0.259703356403719,25,"Slc8a1 Sulf2 Myl4 Calcrl Smad3 Fgf13 Ehd3 Ptk2 Kcnn4 Stac2 Chrnb2 Cacna1d Smpd3 Cacna1h Gsto1 Tnfrsf1b Tmem38b Myl6b Uty Chrnb1 Cmya5 Ada Tpm3-rs7 Camk2g Cacna1s"
"GOBP_MUSCLE_TISSUE_DEVELOPMENT",0.850715293875995,0.826918644849044,1,238,0.221873132052213,26,"Eng Slc8a1 Ift88 Cdon Dll1 Angpt1 Bmpr2 Smad3 Hspg2 Alpk2 Vegfa Cdk20 Myl6b Lef1 Cdk1 Npr2 Erbb3 Usp2 Dipk2a Id2 Ptch1 Cacna1s Cops2 Eya1 Nfix Snhg15"
"GOBP_MYD88_DEPENDENT_TOLL_LIKE_RECEPTOR_SIGNALING_PATHWAY",1.37324191640494,0.10432730133753,1,13,0.582105879929124,4,"Cd300lf Tlr4 Tlr6 Hspd1"
"GOBP_MYD88_INDEPENDENT_TOLL_LIKE_RECEPTOR_SIGNALING_PATHWAY",1.4392802452919,0.0685759745425617,1,11,0.636440954500099,3,"Cd300lf Tlr4 Tlr6"
"GOBP_MYELIN_ASSEMBLY",1.09285418601992,0.364752163650669,1,13,0.463251842219303,9,"Cd9 Mbp Tlr2 Mios Gnpat Mtmr2 Abca2 Fig4 Dicer1"
"GOBP_MYELOID_CELL_ACTIVATION_INVOLVED_IN_IMMUNE_RESPONSE",1.04205373943273,0.394787379972565,1,63,0.321466766950972,12,"Fer Myo1f Fcer1g Lilrb4a Slc18a2 Hmox1 Abr Stx11 Snap23 Nr4a3 Fes Fgr"
"GOBP_MYELOID_CELL_APOPTOTIC_PROCESS",-1.25681616751798,0.156521739130435,1,29,-0.402964244371739,4,"Ccl5 Thra Anxa1 Bcl2"
"GOBP_MYELOID_CELL_DEVELOPMENT",-0.791214350235149,0.880093131548312,1,70,-0.210556136456056,12,"Slc11a2 Anxa2 Klf2 Diaph3 Flna Siglec15 Bcl6 Tmod3 G6pdx Vps33b Foxp1 Rabgap1l"
"GOBP_MYELOID_CELL_DIFFERENTIATION",0.680776452597654,0.99921883718335,1,323,0.173552328495987,59,"Cd300lf Car2 P4htm Trf Dll1 Fcer1g App Il15 Vegfa Snx10 Tspan2 Tjp2 Tlr4 Maf Lef1 Bpgm Hbb-bt Gpr55 Pde1b Heatr3 Zbtb46 Ift80 Id2 Hbb-bs Plscr1 Itgb3 Nfix Flvcr1 Ctr9 Ncoa6 Mturn Ccr1 Nfatc1 Fbxw7 Tlr2 Fes Pip4k2a Mfhas1 Rbm15 Irf4 Fasn Rara Nkap Prkca Abcb10 Fbn1 Smad5 Batf Npm1 Rb1 Gmpr2 Myc Acvr1b Gab3 Csf1r Srp54c Slc25a40 Ppargc1b Hspa9"
"GOBP_MYELOID_CELL_HOMEOSTASIS",0.659989425167164,0.993265580996694,1,154,0.180023130902452,13,"P4htm Fcer1g Cxcr2 Lilrb4a Hmox1 Vegfa Xkr8 Bpgm Hbb-bt Heatr3 Id2 Hbb-bs Mthfd1"
"GOBP_MYELOID_DENDRITIC_CELL_ACTIVATION",-1.18981701152588,0.231158772713733,1,22,-0.404846454276335,11,"Pirb Slamf1 Notch2 Cd244a Pycard Cd37 Gimap5 Spi1 Gimap3 Tnfsf9 Dock2"
"GOBP_MYELOID_DENDRITIC_CELL_DIFFERENTIATION",-0.869046269634495,0.62865090403338,1,14,-0.331113026220633,7,"Pirb Notch2 Gimap5 Spi1 Gimap3 Tnfsf9 Tgfb1"
"GOBP_MYELOID_LEUKOCYTE_ACTIVATION",1.1150028484813,0.241572350006085,1,161,0.302549250715431,23,"Cd300lf Shpk C1qtnf4 Fer Myo1f Lcp2 Fcer1g App Cxcr2 Lilrb4a Slc18a2 Il15 Kcnn4 Hmox1 Havcr1 Abr Tlr4 Tlr6 Hspd1 Stx11 Snap23 Plscr1 Adam9"
"GOBP_MYELOID_LEUKOCYTE_CYTOKINE_PRODUCTION",1.47699628410147,0.0463506395786306,1,22,0.555033392795845,8,"Fcer1g Hmox1 Tlr4 Sema7a Nr4a3 Mif Tlr2 Dhx36"
"GOBP_MYELOID_LEUKOCYTE_DIFFERENTIATION",0.941242088257837,0.603986551392891,1,176,0.252955832136068,39,"Cd300lf Car2 Trf Fcer1g App Il15 Vegfa Snx10 Tspan2 Tjp2 Tlr4 Lef1 Gpr55 Pde1b Zbtb46 Ift80 Id2 Itgb3 Nfix Ccr1 Nfatc1 Fbxw7 Tlr2 Fes Irf4 Fasn Rara Nkap Prkca Fbn1 Batf Npm1 Rb1 Gmpr2 Myc Gab3 Csf1r Srp54c Ppargc1b"
"GOBP_MYELOID_LEUKOCYTE_MEDIATED_IMMUNITY",1.39960097051509,0.0419997290340062,1,67,0.427007667789945,16,"Trem1 Ighg3 Myo1f Fcer1g Slc18a2 Pcyox1l Hmox1 Abr Lyst Stx11 Tusc2 Snap23 Nr4a3 Fes Dhx36 Fgr"
"GOBP_MYELOID_LEUKOCYTE_MIGRATION",1.00277744539562,0.457655564162148,1,104,0.287322833070434,18,"Trem1 Cd9 Msmp Itga9 Fcer1g App Cxcr2 Ptk2 Sirpa Vegfa Abr Rarres2 Mospd2 Vav3 Dpp4 Ccr1 Mif Bst1"
"GOBP_MYOBLAST_DIFFERENTIATION",0.825849081905206,0.774761255115962,1,65,0.253413602306469,4,"Cdon Zfhx3 Dll1 Xkr8"
"GOBP_MYOBLAST_FUSION",1.13724731266565,0.255475445517617,1,66,0.348192209690989,3,"Cdon Cd9 Tanc1"
"GOBP_MYOBLAST_PROLIFERATION",-0.671430512863871,0.87221315932572,1,12,-0.266602923238959,3,"Fos Neu1 Kras"
"GOBP_MYOFIBRIL_ASSEMBLY",-1.01356954825359,0.442290215086337,1,25,-0.334757406685304,6,"Csrp2 Tpm1 Tmod3 Nebl Neurl2 Csrp1"
"GOBP_MYOTUBE_CELL_DEVELOPMENT",-1.11093617666513,0.310543907626861,1,24,-0.3703936603405,8,"Hdac9 Bcl2 Xk Nfatc2 Rcan1 Wnt10b Ryr1 Selenon"
"GOBP_MYOTUBE_DIFFERENTIATION",-0.864432374372342,0.794431554524362,1,113,-0.212189692317592,16,"Thra Ehd2 Hdac9 Bcl2 Xk Mmp14 Bhlhe41 Nfatc2 Ripor2 Capn2 Rcan1 Daxx Plekho1 Neo1 Nln Wnt10b"
"GOBP_NADH_DEHYDROGENASE_COMPLEX_ASSEMBLY",0.95729819085208,0.532688699668062,1,38,0.3227705576606,10,"Nubpl Bcs1l Timmdc1 Ndufaf7 Ndufaf4 Ndufaf6 Timm21 Tmem70 Ndufaf5 Tmem126b"
"GOBP_NADPH_REGENERATION",-0.979175127604969,0.486148346738159,1,22,-0.333173567604372,5,"Idh1 H6pd Tigar Aco1 Rpia"
"GOBP_NADPLUS_BIOSYNTHETIC_PROCESS",1.30929002890005,0.15293553031515,1,10,0.592230859701942,3,"Nmnat3 Nmnat1 Kynu"
"GOBP_NADPLUS_METABOLIC_PROCESS",0.940122515465579,0.554798578199052,1,26,0.341593708560429,10,"Nmnat3 Nmnat1 Nadk2 Slc25a22 Kynu Ldhb Slc25a13 Mdh1 Nampt Nadsyn1"
"GOBP_NADPPLUS_METABOLIC_PROCESS",0.860398433956576,0.68315391329648,1,35,0.294309616661502,10,"Shpk Nnt Noct Hsd11b1 Rbks Nadk2 Fdx1 Dcxr Prps1l3 Pgd"
"GOBP_NATURAL_KILLER_CELL_ACTIVATION",0.743424432145188,0.890672153635117,1,63,0.229341577723405,11,"Lilrb4a Il15ra Il15 Lyst Stx11 Il12a Id2 Tusc2 Rhbdd3 Pglyrp2 Ptpn22"
"GOBP_NATURAL_KILLER_CELL_ACTIVATION_INVOLVED_IN_IMMUNE_RESPONSE",-1.1999688476306,0.25406558251133,1,10,-0.499606676065188,7,"Rab27a Kctd9 Cd244a Ap1g1 Lgals9 Coro1a Lamp1"
"GOBP_NATURAL_KILLER_CELL_DIFFERENTIATION",0.750439418196785,0.823607819905213,1,26,0.272672316314879,5,"Il15ra Il15 Id2 Tusc2 Pglyrp2"
"GOBP_NATURAL_KILLER_CELL_MEDIATED_IMMUNITY",1.00467983460944,0.458223272626164,1,54,0.317674359640751,8,"Serpinb9 Pvr Klrb1f Plekhm2 Lyst Stx11 Rasgrp4 Il12a"
"GOBP_NATURAL_KILLER_CELL_PROLIFERATION",-0.714506305664668,0.821092278719397,1,11,-0.289530328805779,4,"Jak2 Slamf1 Kctd9 Cd244a"
"GOBP_NECROPTOTIC_PROCESS",-1.18686688966947,0.215509187169106,1,28,-0.384397445878434,7,"Spata2 Fas Tnf Zbp1 Ripk1 Cyld Ipmk"
"GOBP_NEGATIVE_ADAPTATION_OF_SIGNALING_PATHWAY",0.954852095345204,0.538583175205566,1,12,0.412680717926479,4,"App Sag Grk3 Arrb1"
"GOBP_NEGATIVE_REGULATION_OF_ACTIN_FILAMENT_BUNDLE_ASSEMBLY",-1.54072269017483,0.0390258215962441,1,20,-0.535065985016502,4,"Tacstd2 Stmn1 Arhgef18 S1pr1"
"GOBP_NEGATIVE_REGULATION_OF_ACTIN_FILAMENT_DEPOLYMERIZATION",-1.42840876095684,0.0593167701863354,1,29,-0.457980786601163,10,"Carmil1 Eps8 Add3 Mtpn Add1 Tpm1 Tmod3 Sptan1 Swap70 Twf2"
"GOBP_NEGATIVE_REGULATION_OF_ACTIN_FILAMENT_POLYMERIZATION",-1.15847978917132,0.225258247250916,1,42,-0.340017762909747,9,"Carmil1 Myadm Eps8 Add3 Mtpn Add1 Tpm1 Tmod3 Sptan1"
"GOBP_NEGATIVE_REGULATION_OF_ADAPTIVE_IMMUNE_RESPONSE",1.0816839121635,0.341815097540288,1,45,0.352473404207191,12,"C4bp Ahr Vsir Zbtb7b Spn Klhl22 Il7r Jak3 Nod2 Rc3h2 Tnfrsf14 Stat5a"
"GOBP_NEGATIVE_REGULATION_OF_ADENYLATE_CYCLASE_ACTIVATING_G_PROTEIN_COUPLED_RECEPTOR_SIGNALING_PATHWAY",-0.801098729697544,0.701412956544921,1,10,-0.333537220015768,4,"Gnai2 Mgrn1 Arrdc3 Pde4b"
"GOBP_NEGATIVE_REGULATION_OF_ALPHA_BETA_T_CELL_ACTIVATION",-1.48178417122159,0.041969075418113,1,34,-0.45898213632453,14,"Lgals3 Adora2a Tbx21 Hlx Anxa1 Socs5 Bcl6 Slc4a2 Smad7 Cd44 Lgals9 Btla Cblb Runx1"
"GOBP_NEGATIVE_REGULATION_OF_ALPHA_BETA_T_CELL_DIFFERENTIATION",-1.43597173149971,0.0708966338993149,1,22,-0.488602918185846,6,"Tbx21 Hlx Anxa1 Socs5 Bcl6 Slc4a2"
"GOBP_NEGATIVE_REGULATION_OF_ALPHA_BETA_T_CELL_PROLIFERATION",0.826197305986962,0.695942720763723,1,11,0.365339414438437,2,"Vsir Zbtb7b"
"GOBP_NEGATIVE_REGULATION_OF_AMIDE_METABOLIC_PROCESS",-0.871195341076041,0.629127857747671,1,15,-0.326236087427242,5,"Sorl1 Abca7 Ormdl1 Bin1 Prnp"
"GOBP_NEGATIVE_REGULATION_OF_AMYLOID_PRECURSOR_PROTEIN_CATABOLIC_PROCESS",-0.812457175589865,0.698412698412698,1,11,-0.329221717603072,4,"Sorl1 Abca7 Bin1 Prnp"
"GOBP_NEGATIVE_REGULATION_OF_ANDROGEN_RECEPTOR_SIGNALING_PATHWAY",-0.831856238339944,0.660357238069848,1,10,-0.346343099674409,4,"Tcf7l2 Foxp1 Pten Sirt1"
"GOBP_NEGATIVE_REGULATION_OF_ANOIKIS",0.77051582636116,0.767557190849464,1,10,0.348527247735312,4,"Ptk2 Notch1 Itga5 Tle1"
"GOBP_NEGATIVE_REGULATION_OF_ANTIGEN_RECEPTOR_MEDIATED_SIGNALING_PATHWAY",0.52791041358798,0.993072593447828,1,38,0.177994631366601,7,"Fcrl5 Sla2 Cd5 Ptpn22 Phpt1 Btrc Itpripl1"
"GOBP_NEGATIVE_REGULATION_OF_APOPTOTIC_SIGNALING_PATHWAY",0.752343443151161,0.953890489913545,1,176,0.2021899191383,46,"Ackr3 Meis3 Tmbim1 Sh3rf1 Tnfrsf23 Hmox1 Vegfa Trim32 Asah2 Bmf Ctnna1 Hells Ddias Snai1 Bmi1 Eya1 Pea15a Fzd9 Siah2 Mif Slc35f6 Hyou1 Sod2 Xbp1 Uri1 Pink1 Rb1 Atad5 Pam16 Kdm6a Wfs1 Bcl2l12 Ybx3 Tnfrsf22 Hdac2 Gclm Kdm1a Ikbkg Bid Mfn2 Bak1 Icam1 Tgfbr1 Itgav Psme3 Nr4a2"
"GOBP_NEGATIVE_REGULATION_OF_AUTOPHAGOSOME_ASSEMBLY",0.657554239936797,0.878440731901352,1,11,0.290766478224044,6,"Tmem39a Pink1 Sec22b Smcr8 Becn1 Ehmt2"
"GOBP_NEGATIVE_REGULATION_OF_AUTOPHAGY",0.760242840587768,0.891838088918381,1,83,0.224653113900543,18,"Ptk2 Hmox1 Rragd Usp36 Slc7a5 Bmf Htra2 Klhl22 Ptpn22 Zkscan3 Clec16a Tmem39a Tsc2 Fbxl4 Pink1 Sec22b Npc1 Btrc"
"GOBP_NEGATIVE_REGULATION_OF_AUTOPHAGY_OF_MITOCHONDRION",0.754600168802179,0.786754119340905,1,10,0.341328121987141,4,"Htra2 Clec16a Fbxl4 Pink1"
"GOBP_NEGATIVE_REGULATION_OF_AXON_EXTENSION",1.67110879271713,0.00896792825657395,1,19,0.648712469696542,5,"Sema6d Slit1 Ryk Plxna3 Ptprs"
"GOBP_NEGATIVE_REGULATION_OF_AXON_REGENERATION",-0.788310604028615,0.732311003497444,1,11,-0.319437108638485,4,"Kremen1 Xylt1 Inpp5f Neo1"
"GOBP_NEGATIVE_REGULATION_OF_BIOMINERAL_TISSUE_DEVELOPMENT",1.20103966585097,0.251423149905123,1,12,0.519081346710946,3,"Cdon Ccr1 Notch1"
"GOBP_NEGATIVE_REGULATION_OF_BLOOD_CIRCULATION",0.673880943896865,0.875604807242079,1,14,0.280252196121969,1,"App"
"GOBP_NEGATIVE_REGULATION_OF_BLOOD_PRESSURE",-0.907730229334177,0.574642126789366,1,19,-0.319847563296317,8,"Adrb2 Tnf Nedd4l G6pdx Scpep1 Kcnk6 Gch1 Snx5"
"GOBP_NEGATIVE_REGULATION_OF_BLOOD_VESSEL_ENDOTHELIAL_CELL_MIGRATION",-0.96646137614115,0.500293427230047,1,20,-0.335635096116284,5,"Spred1 Gadd45a Tbxa2r Tnf Klf4"
"GOBP_NEGATIVE_REGULATION_OF_BMP_SIGNALING_PATHWAY",0.738640403400637,0.836239010579645,1,24,0.272733229641502,6,"Crim1 Dand5 Notch1 Ctdspl2 Ski Fbn1"
"GOBP_NEGATIVE_REGULATION_OF_B_CELL_ACTIVATION",1.01005677720385,0.456197370364899,1,27,0.36385103732252,3,"Tnfrsf21 Flt3 Lilrb4a"
"GOBP_NEGATIVE_REGULATION_OF_B_CELL_APOPTOTIC_PROCESS",-0.841557326436487,0.662044589450788,1,12,-0.3341546727511,7,"Irs2 Foxp1 Slc39a10 Cd74 Cd44 Hsh2d Bcl10"
"GOBP_NEGATIVE_REGULATION_OF_B_CELL_PROLIFERATION",0.856968328132455,0.663886703383163,1,13,0.363261779850765,1,"Tnfrsf21"
"GOBP_NEGATIVE_REGULATION_OF_B_CELL_RECEPTOR_SIGNALING_PATHWAY",1.08349760872694,0.382018876979683,1,10,0.490098225860955,2,"Fcrl5 Cd5"
"GOBP_NEGATIVE_REGULATION_OF_CALCINEURIN_MEDIATED_SIGNALING",-1.14524191640866,0.298853639029592,1,10,-0.476821134379644,6,"Homer3 Chp1 Rcan1 Prnp Mapk7 Tbc1d10c"
"GOBP_NEGATIVE_REGULATION_OF_CALCIUM_ION_TRANSMEMBRANE_TRANSPORT",1.00874142846758,0.458708819618851,1,27,0.363377211481306,3,"Fcrl5 Ahr Gsto1"
"GOBP_NEGATIVE_REGULATION_OF_CALCIUM_ION_TRANSPORT",0.847201889125244,0.706003531489111,1,32,0.295370719653562,6,"Fcrl5 Ahr Gsto1 Usp2 Vdac1 Slc30a1"
"GOBP_NEGATIVE_REGULATION_OF_CALCIUM_MEDIATED_SIGNALING",-1.07085467371311,0.366345062429058,1,16,-0.393484333592816,9,"Homer3 Siglecg Chp1 Rcan1 Cd22 Inpp5a Prnp Mapk7 Tbc1d10c"
"GOBP_NEGATIVE_REGULATION_OF_CAMP_PKA_SIGNAL_TRANSDUCTION",1.06320122198487,0.401748088028719,1,14,0.442161898298793,4,"Pde8a Prkar2a Pde3b Pde1b"
"GOBP_NEGATIVE_REGULATION_OF_CANONICAL_NF_KAPPAB_SIGNAL_TRANSDUCTION",-1.01074869620441,0.430957230142566,1,84,-0.259827368580234,39,"Irgm2 Nfkbid Tab3 Usp20 Tnip1 Tax1bp1 Ripk1 Rhoh Cyld Klf4 Irgm1 Prmt2 Pycard Tab2 Zmynd11 Optn Spi1 Map2k5 Snip1 Ppp2cb Irak3 Pias4 Ccdc22 Sirt1 Ppm1a Dnaja3 Faf1 Map3k7 Fbxw11 Zc3h12a Tmsb4x Cul1 Rbx1 Rhoa Itch Stat1 Ikbkb Slc39a8 Fbxo7"
"GOBP_NEGATIVE_REGULATION_OF_CANONICAL_WNT_SIGNALING_PATHWAY",0.922452014161073,0.60167998916136,1,67,0.281433130951671,6,"Cdon App Znrf3 Apoe Dkkl1 Nphp3"
"GOBP_NEGATIVE_REGULATION_OF_CARBOHYDRATE_METABOLIC_PROCESS",0.703410082657626,0.902006061480733,1,38,0.237167548014903,16,"Smpd3 Ppargc1a Gfpt1 Git1 Pfkfb1 Cry1 C1qtnf12 Sik2 Inpp5k Clk2 Pask Ddit4 Hdac4 Kat2a Ppp2ca Gsk3b"
"GOBP_NEGATIVE_REGULATION_OF_CARDIAC_MUSCLE_TISSUE_GROWTH",-1.12774103320989,0.302723059096176,1,18,-0.402930004403398,4,"Mapk11 G6pdx Vgll4 Foxp1"
"GOBP_NEGATIVE_REGULATION_OF_CATABOLIC_PROCESS",0.73905623606343,0.984387374137346,1,284,0.190164502887307,39,"Laptm4b Rbm47 Igf2bp3 Smad3 Timp2 Fhit Ptk2 Hmox1 Vegfa Plxnb2 Rragd Rgp1 Pde3b Usp36 Slc7a5 Noct Tent5c Bmf Ppargc1a Htra2 Fbxw8 Git1 Nmnat1 Naf1 Klhl22 Rybp Ptpn22 Pfkfb1 Ric1 Mettl1 Lrpprc Bscl2 Wdr4 Fbxw7 Upf3a Dhx36 Traf2 Zkscan3 Clec16a"
"GOBP_NEGATIVE_REGULATION_OF_CATALYTIC_ACTIVITY",-0.896075795678289,0.788482834994463,1,160,-0.210271404817775,38,"Pcp4 Aida Adora2a Gadd45a Mad2l1 Cnr2 Sh3bp5 Tigar Cdk5rap1 Casp3 Socs5 Dusp10 Slc27a4 Serpinb1a Chp1 Tsc1 Kat2b Parp9 Lats2 Rgs14 Daxx Stk38 Csk Nprl2 Men1 Heg1 Cdkn2c Gskip Prkrip1 Cast Renbp Pycard Zfp36 Ceacam1 Lyn Fbxo5 Ptprc Dtx3l"
"GOBP_NEGATIVE_REGULATION_OF_CD4_POSITIVE_ALPHA_BETA_T_CELL_ACTIVATION",-1.19867720722827,0.215995152983944,1,25,-0.395893971001703,5,"Tbx21 Hlx Anxa1 Socs5 Bcl6"
"GOBP_NEGATIVE_REGULATION_OF_CD4_POSITIVE_ALPHA_BETA_T_CELL_DIFFERENTIATION",-1.44103042205015,0.073650234741784,1,20,-0.500444607670129,5,"Tbx21 Hlx Anxa1 Socs5 Bcl6"
"GOBP_NEGATIVE_REGULATION_OF_CELLULAR_RESPONSE_TO_GROWTH_FACTOR_STIMULUS",0.859046196906337,0.703741007194245,1,40,0.286897991678245,9,"Sulf2 Crim1 Angpt1 Dand5 Il12a Notch1 Ctdspl2 Ski Fbn1"
"GOBP_NEGATIVE_REGULATION_OF_CELLULAR_RESPONSE_TO_HYPOXIA",0.821066317917495,0.712037765538946,1,13,0.348043214936787,4,"Hyou1 Egln1 Pink1 Kdm6a"
"GOBP_NEGATIVE_REGULATION_OF_CELLULAR_RESPONSE_TO_INSULIN_STIMULUS",0.812428712158564,0.773093525179856,1,40,0.271329023676999,11,"Socs3 Prkcz Ankrd26 Fbxw8 Ncl Pip4k2a Prkca Tsc2 Cul7 Inpp5k Ncoa5"
"GOBP_NEGATIVE_REGULATION_OF_CELLULAR_SENESCENCE",-0.52453944392682,0.988262910798122,1,20,-0.182163354920713,8,"Sirt6 Bcl6 Terf2 Fbxo5 Gch1 Pten Sirt1 Akt3"
"GOBP_NEGATIVE_REGULATION_OF_CELL_ACTIVATION",1.01824920805239,0.430870157197673,1,143,0.280659098700775,21,"Cd300lf Tnfrsf21 Cd9 Flt3 Fer Cd276 Nrarp Apoe Lilrb4a Lst1 Vsir Fgl2 Il2ra Zbtb7b Id2 Rhbdd3 Dtx1 Zc3h8 Spn Klhl22 Pglyrp2"
"GOBP_NEGATIVE_REGULATION_OF_CELL_ADHESION",0.937156250480594,0.613298127700432,1,178,0.251659560440816,31,"Tnfrsf21 Cd9 Cd276 Myo1f Nrarp Angpt1 Srcin1 Hspg2 Ptk2 Vegfa Vsir Plxnb2 Pde3b Fgl2 Erbb3 Il2ra Zbtb7b Dtx1 Zc3h8 Spn Klhl22 Epcam Rgcc Ptpn22 Notch1 Rag2 Mbp Sema5a Jak3 Scrib Plxnc1"
"GOBP_NEGATIVE_REGULATION_OF_CELL_CELL_ADHESION",0.811648717299532,0.85331347728965,1,138,0.224293115847691,22,"Tnfrsf21 Cd9 Cd276 Nrarp Ptk2 Vegfa Vsir Fgl2 Il2ra Zbtb7b Dtx1 Zc3h8 Spn Klhl22 Epcam Rgcc Ptpn22 Notch1 Rag2 Mbp Jak3 Scrib"
"GOBP_NEGATIVE_REGULATION_OF_CELL_CYCLE",0.741295784041196,0.9813200498132,1,278,0.191007086591745,64,"Zwilch Rps6ka2 Dna2 Chtf18 Ccnf Timp2 Rad9b Haspin Chek1 Mbtps2 Osm Gen1 Ercc6 Tmem67 Cdk1 Npr2 Cdc14b Gnb1l Plk3 Brca2 Wapl Tfap4 Klhl22 Kifc1 Gmnn Rgcc Nbn Apbb3 Ska3 Ppp1r13b Nuf2 Stk35 Scrib Hinfp Lcmt1 Zwint Pinx1 Zc3h12d Orc1 Zfyve19 E2f1 Cry1 Mapk12 Npm1 Rb1 Cdca8 Hexim2 Chmp4c Nme6 Nr4a1 Znhit1 Spc25 Prkdc Eme2 Chek2 Nek2 Cdkn1a Esr1 Rpa2 Recql4 Plaat3 Baz1b Ndc80 Inip"
"GOBP_NEGATIVE_REGULATION_OF_CELL_CYCLE_G1_S_PHASE_TRANSITION",-0.718894554245823,0.904980340760157,1,40,-0.213000026594894,16,"Bcl2 Klf4 Fbxo31 Men1 Dgkz Prmt2 Apbb1 Brd7 Ctdsp1 Jade1 Crlf3 Rbl2 Pten Cdkn2d Wac Cdk2ap2"
"GOBP_NEGATIVE_REGULATION_OF_CELL_CYCLE_G2_M_PHASE_TRANSITION",0.696487025325206,0.943368107302534,1,67,0.212492922336729,30,"Chek1 Mbtps2 Cdk1 Cdc14b Nbn Stk35 Pinx1 Orc1 Zfyve19 Hexim2 Chmp4c Cdkn1a Inip Etaa1 Gtpbp4 Clspn Bard1 Donson Atr Gpr132 Aurkb Plk1 Taok3 Miip Rad17 Hus1 Mre11a Ticrr Aven Fzr1"
"GOBP_NEGATIVE_REGULATION_OF_CELL_CYCLE_PROCESS",0.817455084029366,0.884233610341644,1,236,0.213357925060992,92,"Zwilch Rps6ka2 Dna2 Chtf18 Ccnf Rad9b Haspin Chek1 Mbtps2 Osm Gen1 Ercc6 Tmem67 Cdk1 Cdc14b Gnb1l Plk3 Brca2 Wapl Klhl22 Kifc1 Gmnn Rgcc Nbn Apbb3 Ska3 Nuf2 Stk35 Hinfp Lcmt1 Zwint Pinx1 Zc3h12d Orc1 Zfyve19 E2f1 Cry1 Npm1 Rb1 Cdca8 Hexim2 Chmp4c Nme6 Znhit1 Spc25 Prkdc Eme2 Chek2 Nek2 Cdkn1a Esr1 Rpa2 Recql4 Baz1b Ndc80 Inip Cdc73 Etaa1 Gtpbp4 Tipin Clspn Bard1 Fbxo4 Ppp2r5b Donson Atr Sde2 Rad1 Dusp1 Trip13 Poc5 Ccnd1 Atrip Kat2a Msh2 Gpr132 Tnks Mus81 Aurkb Incenp Triap1 Trp53 Nek1 Rps27l Plk1 Taok3 Miip Setmar Rad17 Clock Mapk14 Anapc15"
"GOBP_NEGATIVE_REGULATION_OF_CELL_DEVELOPMENT",1.14721909074481,0.197972642892037,1,156,0.312291541687608,37,"Sema6d Slit1 Flt3 Ryk Nrarp Rufy3 Lilrb4a Fgf13 Tmem176a Plxna3 Ptk2 Vegfa Tjp2 Ptprs S1pr3 Gorasp1 Fgl2 Gpr55 Npr2 Tbx6 Ctnna1 Zbtb7b Zbtb46 Id2 Dtx1 Zc3h8 Pglyrp2 Notch1 Rag2 Fbxw7 Mbp Sema5a Jak3 Ski Rara Kctd11 Tmem176b"
"GOBP_NEGATIVE_REGULATION_OF_CELL_DIFFERENTIATION",0.966686992257189,0.573361196656401,1,371,0.244034347652863,66,"Sema6d Slit1 Flt3 Ryk Zfhx3 Dll1 Crim1 Nrarp Rufy3 App Lilrb4a Smad3 Fgf13 Tmem176a Ahr Plxna3 Nphp3 Ptk2 Vegfa Gdf11 Tjp2 Fndc3b Ptprs S1pr3 Tnpo2 Gorasp1 Fgl2 Gpr55 Npr2 Tbx6 Ankrd26 Noct Tent5c Ctnna1 Zbtb7b Zbtb46 Id2 Dtx1 Ptch1 Zc3h8 Itgb3 Snai1 Hmg20a Pglyrp2 Ctr9 Nfatc1 Nbn Notch1 Rag2 Fbxw7 Mbp Calr Sema5a Rbm15 Trio Jak3 Plpp7 Sod2 Fuom Xbp1 Ski Rara Kctd11 Tmem176b Ncor2 Abca5"
"GOBP_NEGATIVE_REGULATION_OF_CELL_DIVISION",1.45123613347311,0.0635098384258519,1,10,0.656437308759885,5,"Intu Ptch1 Zfyve19 Myc Chmp4c"
"GOBP_NEGATIVE_REGULATION_OF_CELL_GROWTH",1.11931161988931,0.257099002302379,1,112,0.317805501749713,13,"Sema6d Slit1 P3h1 Ryk Bmpr2 Smad3 Fgf13 Plxna3 Ptprs Tchp Zmat3 Hyal1 Cgrrf1"
"GOBP_NEGATIVE_REGULATION_OF_CELL_JUNCTION_ASSEMBLY",1.27340711126157,0.168096313017306,1,22,0.47852758803915,3,"Slit1 App Ptk2"
"GOBP_NEGATIVE_REGULATION_OF_CELL_KILLING",1.18904604719099,0.249923664122137,1,18,0.467547934926728,2,"Serpinb9 Pvr"
"GOBP_NEGATIVE_REGULATION_OF_CELL_MATRIX_ADHESION",-1.03071350284172,0.412883087400681,1,16,-0.378734505947954,4,"Mmp14 Bcl6 Arhgap6 Cask"
"GOBP_NEGATIVE_REGULATION_OF_CELL_MIGRATION_INVOLVED_IN_SPROUTING_ANGIOGENESIS",-0.997980284168185,0.454129674468658,1,11,-0.404398894070092,3,"Spred1 Tbxa2r Klf4"
"GOBP_NEGATIVE_REGULATION_OF_CELL_POPULATION_PROLIFERATION",1.11185257527306,0.20092125466111,1,375,0.280419144262504,63,"Eng Intu Nacc2 Ift88 Ackr3 Smyd2 Pemt Tnfrsf21 Cd9 Flt3 Asph Dll1 Cd276 Rps6ka2 Hpgds App Bmpr2 Ifitm3 Apoe Smad3 Timp2 Hspg2 Maged1 Ahr Lst1 Wwc1 Il15 Kcnn4 Tfdp1 Hmox1 Vsir Gdf11 Trim32 Il2ra Ctnna1 Zbtb7b Il12a Fosl1 Ppargc1a Ift80 Brca2 Ptch1 Spn Tfap4 Cdh5 Kifap3 Wdr77 Rgcc Nfatc1 Notch1 Wwc2 Fntb Zfp777 Ddx20 Pmaip1 Tlr2 Stk3 Ifit3b Dll4 Eef1e1 Aimp2 Pbrm1 Scrib"
"GOBP_NEGATIVE_REGULATION_OF_CELL_PROJECTION_ORGANIZATION",1.29412064911709,0.065565627716379,1,137,0.357999548925035,22,"Sema6d Slit1 Ryk Rap1gap2 Rufy3 Kif24 Apoe Fgf13 Tbc1d30 Plxna3 Il15ra Itm2c Ptk2 Rtn4rl2 Ptprs Tchp Pfn2 Gorasp1 Trim32 Odf2l Tbx6 Amigo3"
"GOBP_NEGATIVE_REGULATION_OF_CELL_SUBSTRATE_ADHESION",-1.34433279903109,0.10784610724023,1,25,-0.444000475646737,6,"Tacstd2 Mmp14 Bcl6 Arhgap6 Men1 Cask"
"GOBP_NEGATIVE_REGULATION_OF_CELL_SUBSTRATE_JUNCTION_ORGANIZATION",-0.866091798161076,0.623352165725047,1,11,-0.350955395508085,2,"Mmp14 Arhgap6"
"GOBP_NEGATIVE_REGULATION_OF_CENTROSOME_DUPLICATION",0.922940711061649,0.58011137629276,1,11,0.408118758675763,3,"Ccnf Tmem67 Kifc1"
"GOBP_NEGATIVE_REGULATION_OF_CGAS_STING_SIGNALING_PATHWAY",-1.64329614462093,0.0258546394714163,1,17,-0.596149434554163,6,"Irgm2 Aars2 Smpdl3a Ppp6c Irgm1 Spsb3"
"GOBP_NEGATIVE_REGULATION_OF_CHEMOKINE_PRODUCTION",-0.698892294056712,0.84988649262202,1,16,-0.256807179658195,4,"Socs5 Oas1a Klf4 Suz12"
"GOBP_NEGATIVE_REGULATION_OF_CHEMOTAXIS",1.28499056261323,0.156737911171745,1,21,0.488400673827994,7,"Slit1 Ryk Plxna3 Dpp4 Mif Notch1 Sema5a"
"GOBP_NEGATIVE_REGULATION_OF_CHROMATIN_ORGANIZATION",1.29901033985321,0.161336515513126,1,11,0.57441445702189,7,"Samd1 Eri3 Phf8 Phf2 Eri1 Kdm1a L3mbtl3"
"GOBP_NEGATIVE_REGULATION_OF_CHROMOSOME_ORGANIZATION",0.670649908382927,0.973855341738553,1,83,0.198178242808384,21,"Zwilch Haspin Gen1 Wapl Klhl22 Rtel1 Nbn Ska3 Terf2ip Nuf2 Stn1 Lcmt1 Zwint Pinx1 Cdca8 Nat10 Spc25 Recql4 Baz1b Parp1 Ndc80"
"GOBP_NEGATIVE_REGULATION_OF_CHROMOSOME_SEGREGATION",0.861954808408994,0.699760259483853,1,46,0.279781805974163,9,"Zwilch Chtf18 Haspin Gen1 Klhl22 Ska3 Nuf2 Lcmt1 Zwint"
"GOBP_NEGATIVE_REGULATION_OF_CILIUM_ASSEMBLY",1.20017055419847,0.236275401880497,1,20,0.46061432593469,5,"Kif24 Tbc1d30 Tchp Trim32 Odf2l"
"GOBP_NEGATIVE_REGULATION_OF_COAGULATION",1.16112065051071,0.286405493990947,1,14,0.482884425231644,4,"Cd9 Angpt1 Apoe Tfpi"
"GOBP_NEGATIVE_REGULATION_OF_COLD_INDUCED_THERMOGENESIS",0.818704526255611,0.740489531111766,1,29,0.290658940652209,5,"Il15 Tlr4 Dock7 Notch1 Plcl1"
"GOBP_NEGATIVE_REGULATION_OF_COLLAGEN_METABOLIC_PROCESS",-0.963048495474324,0.498000533191149,1,10,-0.40096495726831,2,"Ciita Ager"
"GOBP_NEGATIVE_REGULATION_OF_CYCLIN_DEPENDENT_PROTEIN_SERINE_THREONINE_KINASE_ACTIVITY",-1.39501438214404,0.110987482614743,1,14,-0.531510749004525,6,"Cdk5rap1 Casp3 Kat2b Lats2 Men1 Cdkn2c"
"GOBP_NEGATIVE_REGULATION_OF_CYTOKINE_PRODUCTION",0.85956279459213,0.794427978660344,1,195,0.228905759228856,26,"Laptm4b Tnfrsf21 Flt3 Dll1 Cd276 Nlrx1 Angpt1 Sirpa Hmox1 Vsir Tlr4 Ptprs Lef1 Tlr6 Gbp4 Il12a Tusc2 Traf3ip1 Git1 Chid1 Klhl22 Pglyrp2 Gpr174 Rgcc Ptpn22 Ccr1"
"GOBP_NEGATIVE_REGULATION_OF_CYTOKINE_PRODUCTION_INVOLVED_IN_IMMUNE_RESPONSE",0.971761330725899,0.51100358982363,1,14,0.404134067759038,3,"Angpt1 Hmox1 Vsir"
"GOBP_NEGATIVE_REGULATION_OF_CYTOKINE_PRODUCTION_INVOLVED_IN_INFLAMMATORY_RESPONSE",1.18194722013378,0.24675905230219,1,24,0.4364184265155,6,"Sirpa Hmox1 Tlr4 Chid1 Ccr1 Prkca"
"GOBP_NEGATIVE_REGULATION_OF_CYTOPLASMIC_PATTERN_RECOGNITION_RECEPTOR_SIGNALING_PATHWAY",-1.07181226746657,0.321453775582216,1,52,-0.301051351187975,9,"Irgm2 Aars2 Smpdl3a Gramd4 Ppp6c Tax1bp1 Dhx58 Abhd8 Irgm1"
"GOBP_NEGATIVE_REGULATION_OF_CYTOSKELETON_ORGANIZATION",-1.21546207025297,0.103591160220994,1,111,-0.299200537760628,27,"Tacstd2 Stmn1 Diaph3 Carmil1 Cib1 Arhgef18 Myadm Eps8 Add3 Tpx2 Mtpn Map2 S1pr1 Trim37 Kat2b Add1 Tpm1 Tmod3 Sptan1 Mdm1 Arhgap6 Ccdc88c Swap70 Ckap2 Camsap1 Eml2 Twf2"
"GOBP_NEGATIVE_REGULATION_OF_DEFENSE_RESPONSE",0.953523775100136,0.573650947982499,1,162,0.258514100687114,23,"Serpinb9 Cd276 Dtx4 Nlrx1 Socs3 Apoe Smad3 Ahr Sirpa Abr Pvr Tnfrsf1b Ada Fgl2 Il2ra Rnf26 Traf3ip1 Git1 Spn Nr4a3 Cdh5 Ccr1 Nfatc1"
"GOBP_NEGATIVE_REGULATION_OF_DEFENSE_RESPONSE_TO_VIRUS",0.701177472791891,0.85907069467873,1,17,0.279219974748717,4,"Fgl2 Rnf26 Traf3ip1 Atg12"
"GOBP_NEGATIVE_REGULATION_OF_DENDRITIC_SPINE_DEVELOPMENT",1.10882513657169,0.355303151495761,1,10,0.501554620745608,3,"Apoe Ptprs Plk2"
"GOBP_NEGATIVE_REGULATION_OF_DEVELOPMENTAL_GROWTH",1.10504846810691,0.293998651382333,1,69,0.335731769718272,14,"Sema6d Slit1 Ryk Fgf13 Plxna3 Wwc1 Ptk2 Ptprs Ankrd26 Ptch1 Wwc2 Atg16l1 Stk3 Sema5a"
"GOBP_NEGATIVE_REGULATION_OF_DNA_BINDING_TRANSCRIPTION_FACTOR_ACTIVITY",-0.935442173083269,0.589099342868187,1,69,-0.249229481016022,20,"Thra Nfkbid Flna Pbx1 Id3 Chp1 Rwdd3 Cebpg Cyld Klf4 Bcl3 Men1 Prmt2 Eif2ak4 Ufl1 Map3k10 Pycard Zfp932 Tut4 Kat6a"
"GOBP_NEGATIVE_REGULATION_OF_DNA_BIOSYNTHETIC_PROCESS",0.993351926549235,0.479523454951601,1,23,0.369321355763763,12,"Ahr Chek1 Stn1 Pinx1 Nat10 Cdkn1a Dusp1 Tent4b Dcp2 Trp53 Gnl3l Ctc1"
"GOBP_NEGATIVE_REGULATION_OF_DNA_DAMAGE_RESPONSE_SIGNAL_TRANSDUCTION_BY_P53_CLASS_MEDIATOR",0.522983619482262,0.972217886686437,1,14,0.217497332760535,4,"Snai1 Mif Pcbp4 Kdm1a"
"GOBP_NEGATIVE_REGULATION_OF_DNA_METABOLIC_PROCESS",0.961289614654547,0.536962972519675,1,105,0.275132999644903,48,"H1f0 Parpbp Ahr Chek1 Ercc6 Mlh1 Shld3 Nmnat1 Wapl Gmnn Rtel1 Nbn Senp3 Terf2ip Stn1 Shld1 Pinx1 Gfi1 Nat10 Cdkn1a Parp1 Gtpbp4 Rmi2 Tipin Prmt1 Atr Shld2 C1qbp Dusp1 Tent4b Ercc1 Pds5a Dcp2 Msh2 Tnks Ttf1 Klhl15 Atg7 Trp53 Plk1 Kmt5a Mad2l2 Rad17 Gnl3l Ctc1 Xrcc5 Abl1 Mre11a"
"GOBP_NEGATIVE_REGULATION_OF_DNA_RECOMBINATION",1.04748215533097,0.392974439525917,1,43,0.345130357105898,18,"H1f0 Parpbp Mlh1 Shld3 Rtel1 Senp3 Terf2ip Shld1 Gfi1 Rmi2 Prmt1 Shld2 C1qbp Msh2 Klhl15 Plk1 Kmt5a Mad2l2"
"GOBP_NEGATIVE_REGULATION_OF_DNA_REPAIR",0.929558727533027,0.574754193175246,1,36,0.315895568257911,17,"Parpbp Ercc6 Shld3 Senp3 Shld1 Gfi1 Rmi2 Prmt1 Shld2 C1qbp Klhl15 Plk1 Kmt5a Mad2l2 Abl1 Mre11a Trp53bp1"
"GOBP_NEGATIVE_REGULATION_OF_DNA_REPLICATION",0.778565743732213,0.768133721821807,1,17,0.310037209894286,9,"Wapl Gmnn Gtpbp4 Tipin Atr Pds5a Ttf1 Atg7 Rad17"
"GOBP_NEGATIVE_REGULATION_OF_DNA_TEMPLATED_TRANSCRIPTION_ELONGATION",-0.87759738303364,0.641142509875418,1,24,-0.292596923058933,10,"Sirt6 Hexim1 Vhl Nelfe Ppp1r10 Nelfcd Cdk9 Supt5 Ppp1ca Rnf8"
"GOBP_NEGATIVE_REGULATION_OF_DOUBLE_STRAND_BREAK_REPAIR_VIA_HOMOLOGOUS_RECOMBINATION",0.990320066800598,0.484414241394593,1,27,0.356741315655746,15,"Parpbp Shld3 Senp3 Shld1 Gfi1 Rmi2 Prmt1 Shld2 C1qbp Klhl15 Plk1 Kmt5a Mad2l2 Abl1 Trp53bp1"
"GOBP_NEGATIVE_REGULATION_OF_D_GLUCOSE_IMPORT",-0.901847903973105,0.586790855207451,1,15,-0.337714537457523,3,"Sirt6 Lmbrd1 Tnf"
"GOBP_NEGATIVE_REGULATION_OF_D_GLUCOSE_TRANSMEMBRANE_TRANSPORT",-0.728831980816328,0.826175869120654,1,19,-0.256811027751627,3,"Sirt6 Lmbrd1 Tnf"
"GOBP_NEGATIVE_REGULATION_OF_ENDOCYTOSIS",1.03449733437278,0.411506926774102,1,45,0.337097365495923,7,"Cd300lf Mctp1 Neu3 Sirpa Pip4p2 Pacsin1 Plscr1"
"GOBP_NEGATIVE_REGULATION_OF_ENDOPLASMIC_RETICULUM_STRESS_INDUCED_INTRINSIC_APOPTOTIC_SIGNALING_PATHWAY",0.559611201983252,0.96295152824946,1,16,0.22564887163501,8,"Hyou1 Xbp1 Wfs1 Ikbkg Creb3 Grina Herpud1 Ptpn1"
"GOBP_NEGATIVE_REGULATION_OF_ENDOPLASMIC_RETICULUM_UNFOLDED_PROTEIN_RESPONSE",-0.524535287406579,0.988262910798122,1,20,-0.182161911434087,5,"Abca7 Nck2 Akt2 Ufl1 Crebrf"
"GOBP_NEGATIVE_REGULATION_OF_ENDOTHELIAL_CELL_APOPTOTIC_PROCESS",1.02397226609039,0.442876859377396,1,17,0.407761973787775,6,"Angpt1 Angptl4 Itgb3 Cdh5 Sema5a Tnip2"
"GOBP_NEGATIVE_REGULATION_OF_ENDOTHELIAL_CELL_MIGRATION",-1.14247996202159,0.262846465275615,1,28,-0.370021594831659,7,"Spred1 Gadd45a Tbxa2r Sp100 Ager Tnf Klf4"
"GOBP_NEGATIVE_REGULATION_OF_ENDOTHELIAL_CELL_PROLIFERATION",1.24676807700619,0.197055666308848,1,17,0.49648279428181,6,"Eng Apoe Il12a Rgcc Dll4 Tsc2"
"GOBP_NEGATIVE_REGULATION_OF_EPITHELIAL_CELL_APOPTOTIC_PROCESS",1.22685742659941,0.216596996439077,1,15,0.501975429984636,7,"Hmox1 Trim32 Itgb3bp Npc1 Rb1 Myc Wfs1"
"GOBP_NEGATIVE_REGULATION_OF_EPITHELIAL_CELL_DIFFERENTIATION",0.816809796406051,0.724604966139955,1,22,0.306945059678288,3,"Dll1 Vegfa S1pr3"
"GOBP_NEGATIVE_REGULATION_OF_EPITHELIAL_CELL_MIGRATION",-1.23600580918805,0.224206878165822,1,10,-0.514610654389087,2,"Tacstd2 Dusp10"
"GOBP_NEGATIVE_REGULATION_OF_EPITHELIAL_CELL_PROLIFERATION",1.16174198185446,0.218560860793544,1,74,0.349395315648876,14,"Eng Intu Ift88 Apoe Maged1 Ahr Il12a Ift80 Brca2 Ptch1 Wdr77 Rgcc Stk3 Dll4"
"GOBP_NEGATIVE_REGULATION_OF_EPITHELIAL_TO_MESENCHYMAL_TRANSITION",0.487448126229316,0.988854961832061,1,18,0.191670764425672,10,"Vegfa Tsc2 Spred2 Ldlrad4 Ppp2ca Gsk3b Mad2l2 Cul5 Dab2ip Sdhaf2"
"GOBP_NEGATIVE_REGULATION_OF_ERBB_SIGNALING_PATHWAY",0.740839473837098,0.831422189128816,1,23,0.275438977434015,6,"Zfyve28 Vps25 Lgmn Tsg101 Chmp6 Socs4"
"GOBP_NEGATIVE_REGULATION_OF_ERK1_AND_ERK2_CASCADE",0.606308909564199,0.973826458036984,1,44,0.198855320032883,15,"Sirpa Tlr4 E130311K13Rik Ankrd26 Arrb1 Xbp1 Spred2 Sirt3 Ranbp9 Tlr9 Rapgef1 Smad4 Wnk2 Cnksr3 Dusp7"
"GOBP_NEGATIVE_REGULATION_OF_ESTABLISHMENT_OF_PROTEIN_LOCALIZATION",-0.751632734574072,0.954624027657736,1,96,-0.189256923512737,22,"Kcnb1 Anxa1 Yod1 Sirt6 Cyp51 Rab23 Pde4c Sp100 Chp1 Foxo1 Ndufaf2 Csk Neo1 Srebf1 Insig1 Idua Wwp2 Tgs1 Idh2 Ei24 Snx3 Erp29"
"GOBP_NEGATIVE_REGULATION_OF_EXOCYTOSIS",0.683250296054318,0.900280691387206,1,27,0.246126093682068,4,"Hmox1 Abr C9orf72 Notch1"
"GOBP_NEGATIVE_REGULATION_OF_EXTRINSIC_APOPTOTIC_SIGNALING_PATHWAY",-1.00899984279134,0.423330887747616,1,62,-0.274317485248979,14,"Itga6 Lgals3 Bcl2 Rffl Sgms1 Tcf7l2 Tnf Bcl2l1 Lmna Rb1cc1 Ripk1 Hspa1b Klf4 Fyn"
"GOBP_NEGATIVE_REGULATION_OF_EXTRINSIC_APOPTOTIC_SIGNALING_PATHWAY_VIA_DEATH_DOMAIN_RECEPTORS",1.12511272978365,0.316052751250568,1,21,0.427634125375426,4,"Tmbim1 Tnfrsf23 Hmox1 Pea15a"
"GOBP_NEGATIVE_REGULATION_OF_FATTY_ACID_BIOSYNTHETIC_PROCESS",-1.19516607862811,0.237543453070684,1,18,-0.427020263644865,10,"Kat2b Insig2 Erlin1 Cop1 Insig1 Ceacam1 Wdtc1 Dcaf5 Sirt2 Sirt1"
"GOBP_NEGATIVE_REGULATION_OF_FATTY_ACID_METABOLIC_PROCESS",-1.13797105315371,0.285975053240037,1,23,-0.384660432376662,11,"Kat2b Insig2 Erlin1 Cop1 Insig1 Ceacam1 Wdtc1 Dcaf5 Appl2 Sirt2 Sirt1"
"GOBP_NEGATIVE_REGULATION_OF_FAT_CELL_DIFFERENTIATION",0.78244362942953,0.795320776927605,1,32,0.272793227776643,7,"Smad3 Vegfa Ankrd26 Trio Sod2 Ncor2 E2f1"
"GOBP_NEGATIVE_REGULATION_OF_FERROPTOSIS",0.902596723982733,0.603053435114504,1,18,0.354912440411127,7,"Hmox1 Slc25a1 Egln3 Psat1 Aldh7a1 Gpx4 Fth1"
"GOBP_NEGATIVE_REGULATION_OF_FIBROBLAST_PROLIFERATION",0.957479897690941,0.535240342081982,1,29,0.339927389960155,16,"Kcnn4 Trim32 Pmaip1 Sod2 Ski Tsc2 Myc Pex2 Med31 Cdc73 Fbxo4 Nf1 Fth1 Trp53 Cd300a Dab2ip"
"GOBP_NEGATIVE_REGULATION_OF_GENE_EXPRESSION_EPIGENETIC",0.64192260588203,0.996323979904423,1,148,0.175854016955715,35,"H1f0 Dnmt3b Chek1 Uty Hells Bmi1 Ctr9 Pcgf5 Smyd5 Bend3 Phf19 Rbm15 Firre Eri3 Ncor2 Phf8 Uhrf1 Mettl3 Phf2 Spen Kmt2d Ubr5 Rb1 Kcnq1ot1 N6amt1 Tasor2 Myc Cenpv Pcgf3 Eri1 Hdac2 Dnmt3a Trim27 Bap1 Smarcad1"
"GOBP_NEGATIVE_REGULATION_OF_GENE_EXPRESSION_VIA_CHROMOSOMAL_CPG_ISLAND_METHYLATION",1.0541783662668,0.406452608829886,1,16,0.425070402463567,8,"Hells Uhrf1 Kcnq1ot1 Myc Dnmt3a Ehmt2 Prmt5 Zfp445"
"GOBP_NEGATIVE_REGULATION_OF_GENE_SILENCING_BY_REGULATORY_NCRNA",-0.478028748052683,0.990068104426788,1,16,-0.17565112053301,16,"Bcdin3d Zmpste24 Adar Dnd1 Zc3h10 Stat3 Elavl1 Eri2 Zswim8 Elob Tent2 Mecp2 Fmr1 Eloc Eri1 Eri3"
"GOBP_NEGATIVE_REGULATION_OF_GLIAL_CELL_DIFFERENTIATION",-1.22536652461709,0.20778859527121,1,14,-0.466873666422926,5,"Hes1 Hes5 Dusp10 Ldlr Kdm4a"
"GOBP_NEGATIVE_REGULATION_OF_GLIAL_CELL_PROLIFERATION",-0.982818168266455,0.474038202851762,1,11,-0.398254942130668,3,"Hes1 Fas Rnf10"
"GOBP_NEGATIVE_REGULATION_OF_GLIOGENESIS",-1.22652367465334,0.19835716458777,1,23,-0.41459325850588,7,"Hes1 Hes5 Fas Dusp10 Rnf10 Ldlr Kdm4a"
"GOBP_NEGATIVE_REGULATION_OF_GLUCONEOGENESIS",-0.822498889401734,0.686786296900489,1,12,-0.326587195657814,2,"Sirt6 Tcf7l2"
"GOBP_NEGATIVE_REGULATION_OF_GLYCOPROTEIN_METABOLIC_PROCESS",0.775647449333991,0.759718445048792,1,10,0.350848433582438,3,"Itm2c Jak3 Mesd"
"GOBP_NEGATIVE_REGULATION_OF_GROWTH",1.05456477621412,0.359945537814086,1,143,0.29066872556665,18,"Sema6d Slit1 P3h1 Mt1 Ryk Bmpr2 Smad3 Fgf13 Plxna3 Wwc1 Ptk2 Ptprs Tchp Zmat3 Ankrd26 Hyal1 Cgrrf1 Ptch1"
"GOBP_NEGATIVE_REGULATION_OF_GTPASE_ACTIVITY",1.23234420287489,0.210243827633799,1,17,0.490738979160816,4,"Ttc8 Rrp1b Gpsm1 Arrb1"
"GOBP_NEGATIVE_REGULATION_OF_G_PROTEIN_COUPLED_RECEPTOR_SIGNALING_PATHWAY",-1.24103903786462,0.143451143451143,1,47,-0.356473616247704,6,"Ccl5 Adrb2 Stmn1 Adm Rgs13 Rph3al"
"GOBP_NEGATIVE_REGULATION_OF_HEMATOPOIETIC_PROGENITOR_CELL_DIFFERENTIATION",-1.17580576887039,0.271455474845305,1,11,-0.47645686003581,3,"Hes1 Hes5 Mettl14"
"GOBP_NEGATIVE_REGULATION_OF_HEMOPOIESIS",0.803646851113569,0.826416600159617,1,79,0.239101057561784,18,"Flt3 Nrarp Lilrb4a Tmem176a Tjp2 Fgl2 Gpr55 Zbtb7b Zbtb46 Id2 Dtx1 Zc3h8 Pglyrp2 Rag2 Fbxw7 Jak3 Rara Tmem176b"
"GOBP_NEGATIVE_REGULATION_OF_HIPPO_SIGNALING",-1.15718777706559,0.271107215892492,1,19,-0.407746353277445,6,"Cit Sike1 Strip1 Limd1 Mob4 Vgll4"
"GOBP_NEGATIVE_REGULATION_OF_HORMONE_SECRETION",0.6757706709169,0.923677363399827,1,37,0.228774077347926,10,"Rab11fip3 Osm Pde3b Ptpmt1 Pfkl Rab11fip1 Cry2 Cry1 Anxa5 Nmb"
"GOBP_NEGATIVE_REGULATION_OF_HYDROLASE_ACTIVITY",1.11745494659847,0.306453973364554,1,34,0.384748421726518,8,"Ttc8 Timp2 Prkcz Rrp1b Angptl4 Gpsm1 Arrb1 Egln1"
"GOBP_NEGATIVE_REGULATION_OF_IMMUNE_EFFECTOR_PROCESS",1.17312528228289,0.197964847363552,1,86,0.344876080333746,15,"C4bp Serpinb9 Fer Angpt1 Lilrb4a Ahr Hmox1 Abr Vsir Pvr Fgl2 Zbtb7b Spn Klhl22 Pglyrp2"
"GOBP_NEGATIVE_REGULATION_OF_IMMUNE_RESPONSE",0.878882554025017,0.717738936407586,1,139,0.24270270886355,16,"C4bp Serpinb9 Fer Dtx4 Nlrx1 Lilrb4a Ahr Abr Vsir Pvr Fgl2 C9orf72 Zbtb7b Spn Klhl22 Pglyrp2"
"GOBP_NEGATIVE_REGULATION_OF_IMMUNE_SYSTEM_PROCESS",0.906966230378795,0.736115711604284,1,360,0.229551207390907,49,"C4bp Cd300lf Serpinb9 Tnfrsf21 Flt3 Fer Cd276 Dtx4 Nrarp Fcer1g Nlrx1 Angpt1 Fcrl5 Lilrb4a Tmem176a Ahr Lst1 Hmox1 Abr Vsir Pvr Tjp2 Sla2 Ptprs Tlr6 Trim32 Ada Fgl2 Gpr55 Cd5 C9orf72 Il2ra Zbtb7b Zbtb46 Id2 Rhbdd3 Dtx1 Zc3h8 Spn Klhl22 Pglyrp2 Dpp4 Ptpn22 Ccr1 Sec14l1 Mif Rag2 Il7r Fbxw7"
"GOBP_NEGATIVE_REGULATION_OF_IMMUNOGLOBULIN_PRODUCTION",-1.01698080765432,0.430185633575464,1,11,-0.412098235235886,4,"Zpbp2 Siglecg Bcl6 Cd22"
"GOBP_NEGATIVE_REGULATION_OF_INFLAMMASOME_MEDIATED_SIGNALING_PATHWAY",-1.24069517365269,0.202043132803632,1,16,-0.455892032392946,3,"Irgm2 Abhd8 Irgm1"
"GOBP_NEGATIVE_REGULATION_OF_INFLAMMATORY_RESPONSE",0.95542208272098,0.551791530944625,1,92,0.27787232582546,15,"Cd276 Nlrx1 Socs3 Apoe Smad3 Ahr Sirpa Abr Tnfrsf1b Ada Il2ra Git1 Spn Nr4a3 Cdh5"
"GOBP_NEGATIVE_REGULATION_OF_INNATE_IMMUNE_RESPONSE",0.724877922216219,0.920808080808081,1,70,0.219734226074521,4,"Serpinb9 Dtx4 Nlrx1 Pvr"
"GOBP_NEGATIVE_REGULATION_OF_INSULIN_SECRETION",-0.92944150179046,0.56467737049379,1,25,-0.30697195603515,5,"Kcnb1 Pde4c Foxo1 Ndufaf2 Srebf1"
"GOBP_NEGATIVE_REGULATION_OF_INSULIN_SECRETION_INVOLVED_IN_CELLULAR_RESPONSE_TO_GLUCOSE_STIMULUS",0.795513558157238,0.737824161922834,1,12,0.343815663075956,2,"Pde3b Ptpmt1"
"GOBP_NEGATIVE_REGULATION_OF_INTERFERON_BETA_PRODUCTION",1.40104072730227,0.0879901204075332,1,16,0.564933757776906,4,"Nlrx1 Sirpa Ptprs Traf3ip1"
"GOBP_NEGATIVE_REGULATION_OF_INTERLEUKIN_10_PRODUCTION",1.35199335458281,0.119070208728653,1,12,0.584322525887478,3,"Tnfrsf21 Dll1 Vsir"
"GOBP_NEGATIVE_REGULATION_OF_INTERLEUKIN_12_PRODUCTION",-0.639519061700174,0.898858075040783,1,12,-0.253931937929175,2,"Acp5 Slamf1"
"GOBP_NEGATIVE_REGULATION_OF_INTERLEUKIN_17_PRODUCTION",1.37753177363002,0.103111936832327,1,15,0.563624663627039,7,"Vsir Tlr4 Il12a Tusc2 Tlr2 Ubr5 Parp1"
"GOBP_NEGATIVE_REGULATION_OF_INTERLEUKIN_1_BETA_PRODUCTION",-0.97094441472268,0.494324631101022,1,16,-0.356772422403581,8,"Acp5 Serpinb1a Ffar1 Pml Rad21 Errfi1 Zc3h12a Elf4"
"GOBP_NEGATIVE_REGULATION_OF_INTERLEUKIN_1_PRODUCTION",-1.18589192753513,0.243938066023956,1,19,-0.41786053950534,10,"Ptger4 Acp5 Serpinb1a Ffar1 Pml Ceacam1 Rad21 Errfi1 Zc3h12a Elf4"
"GOBP_NEGATIVE_REGULATION_OF_INTERLEUKIN_2_PRODUCTION",-1.0313909676845,0.412031782065834,1,16,-0.37898343963498,7,"Tbx21 Homer3 Zfp36 Ceacam1 Ptprc Prnp Ezr"
"GOBP_NEGATIVE_REGULATION_OF_INTERLEUKIN_6_PRODUCTION",0.97004708498011,0.513978811065332,1,32,0.33819979542805,4,"Flt3 Nlrx1 Sirpa Tlr4"
"GOBP_NEGATIVE_REGULATION_OF_INTERLEUKIN_8_PRODUCTION",-0.666040479643421,0.87059456550982,1,11,-0.269891136775525,3,"Anxa1 Klf4 Bcl3"
"GOBP_NEGATIVE_REGULATION_OF_INTRACELLULAR_ESTROGEN_RECEPTOR_SIGNALING_PATHWAY",-0.878728476739477,0.603981705676621,1,11,-0.35607599650882,4,"Cnot9 Lbh Vps11 Cnot3"
"GOBP_NEGATIVE_REGULATION_OF_INTRACELLULAR_PROTEIN_TRANSPORT",-0.963886416945416,0.513726727674345,1,34,-0.298563485435993,5,"Yod1 Sirt6 Rab23 Sp100 Chp1"
"GOBP_NEGATIVE_REGULATION_OF_INTRACELLULAR_STEROID_HORMONE_RECEPTOR_SIGNALING_PATHWAY",-0.639490321213517,0.949378881987578,1,29,-0.205035343060352,10,"Tcf7l2 Cnot9 Foxp1 Crebrf Lbh Vps11 Cnot3 Pten Sirt1 Vps18"
"GOBP_NEGATIVE_REGULATION_OF_INTRACELLULAR_TRANSPORT",-0.828558614989295,0.774081774081774,1,47,-0.237993549555565,5,"Yod1 Sirt6 Rab23 Sp100 Chp1"
"GOBP_NEGATIVE_REGULATION_OF_INTRINSIC_APOPTOTIC_SIGNALING_PATHWAY",0.751254762295615,0.904047777040478,1,83,0.221997120751363,30,"Ackr3 Trim32 Hells Ddias Snai1 Mif Hyou1 Sod2 Xbp1 Uri1 Pink1 Atad5 Kdm6a Wfs1 Bcl2l12 Ybx3 Hdac2 Kdm1a Ikbkg Bid Nono Creb3 Rrn3 Noc2l G2e3 Triap1 Bag5 Usp47 Pik3cb Ivns1abp"
"GOBP_NEGATIVE_REGULATION_OF_INTRINSIC_APOPTOTIC_SIGNALING_PATHWAY_BY_P53_CLASS_MEDIATOR",-0.670380205089892,0.887891077636153,1,18,-0.239519793139024,7,"Rrm2b Cd74 Cd44 Mdm2 Cep63 Mdm4 Sirt1"
"GOBP_NEGATIVE_REGULATION_OF_INTRINSIC_APOPTOTIC_SIGNALING_PATHWAY_IN_RESPONSE_TO_DNA_DAMAGE",1.21497036260689,0.220857965742004,1,21,0.461787316609927,9,"Ackr3 Trim32 Ddias Snai1 Mif Atad5 Bcl2l12 Kdm1a Bid"
"GOBP_NEGATIVE_REGULATION_OF_INTRINSIC_APOPTOTIC_SIGNALING_PATHWAY_IN_RESPONSE_TO_DNA_DAMAGE_BY_P53_CLASS_MEDIATOR",0.716135791676049,0.828667413213886,1,10,0.323929539067782,4,"Mif Atad5 Bcl2l12 Kdm1a"
"GOBP_NEGATIVE_REGULATION_OF_JNK_CASCADE",-0.864700809850205,0.6705076300218,1,28,-0.280055653796189,7,"Aida Dusp10 Cyld Men1 Dusp19 Ceacam1 Zmynd11"
"GOBP_NEGATIVE_REGULATION_OF_KINASE_ACTIVITY",-1.26074802255309,0.0774956217162872,1,99,-0.316329329424713,41,"Pcp4 Aida Adora2a Gadd45a Sh3bp5 Tigar Cdk5rap1 Casp3 Socs5 Dusp10 Chp1 Kat2b Lats2 Rgs14 Daxx Stk38 Csk Nprl2 Men1 Heg1 Cdkn2c Gskip Prkrip1 Pycard Ceacam1 Lyn Ptprc Mapk7 Ubash3b Ggnbp2 Pkib Gadd45g Hmgcr Taf7 Errfi1 Prdx3 Pten Zgpat Nup62 Ilk Adar"
"GOBP_NEGATIVE_REGULATION_OF_LEUKOCYTE_APOPTOTIC_PROCESS",0.893232553250684,0.645406335101046,1,41,0.296779078695958,4,"Serpinb9 Cd27 Fcer1g Cxcr2"
"GOBP_NEGATIVE_REGULATION_OF_LEUKOCYTE_CELL_CELL_ADHESION",-0.846065461200671,0.818020417221482,1,102,-0.211217208730395,29,"Lgals3 Adora2a Tbx21 Hlx Anxa1 Nfkbid Casp3 Socs5 Ripor2 Bcl6 Klf4 Slc4a2 Fyn Csk Pde5a Ufl1 Cd74 Smad7 Ceacam1 Cd44 Lgals9 Prnp Gimap5 Btla Cblb Runx1 H2-Aa Gimap3 Lrrc32"
"GOBP_NEGATIVE_REGULATION_OF_LEUKOCYTE_DEGRANULATION",1.14804959792151,0.310510318349064,1,10,0.519297012388253,2,"Hmox1 Abr"
"GOBP_NEGATIVE_REGULATION_OF_LEUKOCYTE_MEDIATED_IMMUNITY",1.36810721724651,0.0647542125052221,1,53,0.434015283305202,7,"C4bp Serpinb9 Ahr Hmox1 Abr Vsir Pvr"
"GOBP_NEGATIVE_REGULATION_OF_LEUKOCYTE_MIGRATION",-1.00552989684668,0.450319051959891,1,24,-0.335250491340431,6,"Rin3 C5ar2 Ptger4 Ripor2 Wasl Padi2"
"GOBP_NEGATIVE_REGULATION_OF_LEUKOCYTE_PROLIFERATION",0.987770392236724,0.488113443625747,1,54,0.312327684916534,7,"Tnfrsf21 Cd276 Lst1 Vsir Il2ra Zbtb7b Spn"
"GOBP_NEGATIVE_REGULATION_OF_LIPID_BIOSYNTHETIC_PROCESS",1.15703664502265,0.254842440011564,1,37,0.391700916175669,7,"Lpin1 Apoe Dkkl1 Ggcx Angptl4 Lpcat1 Snai1"
"GOBP_NEGATIVE_REGULATION_OF_LIPID_CATABOLIC_PROCESS",-1.24826898186686,0.198419418571832,1,15,-0.467438666738102,4,"Pak4 Sorl1 Pik3cg Tnf"
"GOBP_NEGATIVE_REGULATION_OF_LIPID_LOCALIZATION",0.618606619317004,0.94993373582683,1,28,0.221023556954304,7,"Apoe Ttc39b Itgb3 Hrh2 Egf Cry2 Cry1"
"GOBP_NEGATIVE_REGULATION_OF_LIPID_METABOLIC_PROCESS",0.787337382910402,0.830178250656349,1,60,0.244648730690174,8,"Lpin1 Apoe Dkkl1 Ggcx Pde3b Angptl4 Lpcat1 Snai1"
"GOBP_NEGATIVE_REGULATION_OF_LIPID_STORAGE",0.647009942602597,0.89164677804296,1,11,0.286103854192439,2,"Ttc39b Itgb3"
"GOBP_NEGATIVE_REGULATION_OF_LIPID_TRANSPORT",-0.824590344525733,0.71776798825257,1,21,-0.28332453173499,3,"Acsl4 Irs2 Nr1h2"
"GOBP_NEGATIVE_REGULATION_OF_LOCOMOTION",0.945038998043012,0.594935189630341,1,178,0.253776356637402,24,"Eng Sema6d Mctp1 Slit1 Ryk Apoe Plxna3 Ptk2 Abr Cdh11 Srgap2 Pfn2 Frmd5 Ada Ctnna1 Ppargc1a Rap2a Dpp4 Rgcc Mif Notch1 Calr Sema5a Dll4"
"GOBP_NEGATIVE_REGULATION_OF_LYMPHOCYTE_ACTIVATION",0.859409788752902,0.756937436932392,1,120,0.241848545543813,22,"Tnfrsf21 Flt3 Cd276 Nrarp Lilrb4a Lst1 Vsir Fgl2 Il2ra Zbtb7b Id2 Rhbdd3 Dtx1 Zc3h8 Spn Klhl22 Pglyrp2 Ptpn22 Rag2 Fgr Jak3 Scrib"
"GOBP_NEGATIVE_REGULATION_OF_LYMPHOCYTE_APOPTOTIC_PROCESS",-0.99656420447071,0.454432734035958,1,30,-0.316513345416201,11,"Ccl5 Tsc22d3 Irs2 Rag1 Gpam St3gal1 Foxp1 Slc39a10 Vhl Cd74 Cd44"
"GOBP_NEGATIVE_REGULATION_OF_LYMPHOCYTE_DIFFERENTIATION",0.88424448087754,0.666999857204055,1,43,0.291345882983332,10,"Flt3 Nrarp Lilrb4a Fgl2 Zbtb7b Id2 Dtx1 Zc3h8 Pglyrp2 Rag2"
"GOBP_NEGATIVE_REGULATION_OF_MACROAUTOPHAGY",0.76169169831812,0.822101236021189,1,32,0.26555821932676,10,"Hmox1 Usp36 Htra2 Clec16a Tmem39a Tsc2 Fbxl4 Pink1 Sec22b Npc1"
"GOBP_NEGATIVE_REGULATION_OF_MAPK_CASCADE",-0.671744794993212,0.996777163904236,1,111,-0.16535802212079,17,"Aida Spred1 Uchl1 Dusp6 Dusp10 Dag1 Tnip1 Dusp5 Cyld Rgs14 Foxo1 Klf4 Stk38 Csk Dusp2 Abca7 Men1"
"GOBP_NEGATIVE_REGULATION_OF_MAP_KINASE_ACTIVITY",-0.978224975110525,0.490721022208701,1,23,-0.330662577791279,6,"Aida Dusp10 Rgs14 Stk38 Lyn Mapk7"
"GOBP_NEGATIVE_REGULATION_OF_MEIOTIC_CELL_CYCLE",1.00850474941269,0.464623006657377,1,15,0.412635237193931,5,"Rps6ka2 Osm Npr2 Stk35 Zwint"
"GOBP_NEGATIVE_REGULATION_OF_MEMBRANE_PERMEABILITY",-0.854045072883551,0.649791376912378,1,14,-0.325397459827114,4,"Acaa2 Bcl2l1 Mpv17l Heg1"
"GOBP_NEGATIVE_REGULATION_OF_MEMBRANE_POTENTIAL",0.441487505147224,0.993281075027996,1,10,0.199697942357862,4,"Pmaip1 Rnf122 Bnip3 Mapt"
"GOBP_NEGATIVE_REGULATION_OF_MICROTUBULE_POLYMERIZATION",-1.25466782592743,0.206080172181867,1,11,-0.508413131280728,2,"Stmn1 Map2"
"GOBP_NEGATIVE_REGULATION_OF_MICROTUBULE_POLYMERIZATION_OR_DEPOLYMERIZATION",-1.10313357488968,0.30200907323396,1,36,-0.337371669591602,10,"Stmn1 Diaph3 Cib1 Tpx2 Map2 Ccdc88c Ckap2 Camsap1 Eml2 Hdac6"
"GOBP_NEGATIVE_REGULATION_OF_MIRNA_METABOLIC_PROCESS",1.28969048617463,0.153554646051235,1,21,0.490187026118127,9,"App Smad3 Pou2f1 Rara Ncor2 Esr1 Hdac2 Tgfbr1 Hdac4"
"GOBP_NEGATIVE_REGULATION_OF_MITOCHONDRIAL_MEMBRANE_POTENTIAL",0.441487505147224,0.993281075027996,1,10,0.199697942357862,4,"Pmaip1 Rnf122 Bnip3 Mapt"
"GOBP_NEGATIVE_REGULATION_OF_MITOTIC_CELL_CYCLE",0.67809665803512,0.992915465898175,1,176,0.182236330633542,66,"Zwilch Timp2 Rad9b Haspin Chek1 Mbtps2 Gen1 Cdk1 Cdc14b Plk3 Klhl22 Gmnn Rgcc Nbn Ska3 Nuf2 Stk35 Scrib Lcmt1 Zwint Pinx1 Zc3h12d Orc1 Zfyve19 Rb1 Cdca8 Hexim2 Chmp4c Nme6 Spc25 Prkdc Eme2 Chek2 Cdkn1a Esr1 Rpa2 Ndc80 Inip Cdc73 Etaa1 Gtpbp4 Tipin Clspn Bard1 Donson Atr Sde2 Dusp1 Trip13 Ccnd1 Msh2 Gpr132 Mus81 Aurkb Incenp Triap1 Trp53 Rps27l Plk1 Taok3 Miip Setmar Rad17 Anapc15 Atf2 Btg3"
"GOBP_NEGATIVE_REGULATION_OF_MITOTIC_CELL_CYCLE_PHASE_TRANSITION",0.633165380946247,0.996413554291368,1,144,0.174323290575001,50,"Zwilch Haspin Chek1 Mbtps2 Gen1 Cdk1 Cdc14b Plk3 Klhl22 Rgcc Nbn Ska3 Nuf2 Stk35 Lcmt1 Zwint Pinx1 Zc3h12d Orc1 Zfyve19 Rb1 Cdca8 Hexim2 Chmp4c Spc25 Prkdc Cdkn1a Rpa2 Ndc80 Inip Cdc73 Etaa1 Gtpbp4 Clspn Bard1 Donson Atr Sde2 Dusp1 Trip13 Ccnd1 Gpr132 Aurkb Incenp Triap1 Trp53 Rps27l Plk1 Taok3 Miip"
"GOBP_NEGATIVE_REGULATION_OF_MOLECULAR_FUNCTION",-0.94531283943719,0.675889328063241,1,254,-0.2098736525733,62,"Pcp4 Aida Adora2a Thra Nfkbid Gadd45a Mad2l1 Cnr2 Sh3bp5 Tigar Flna Cdk5rap1 Casp3 Socs5 Dusp10 Slc27a4 Pbx1 Id3 Crbn Serpinb1a Chp1 Ripor2 Rwdd3 Tsc1 Kat2b Parp9 Cnn3 Lats2 Cebpg Cyld Rgs14 Klf4 Bcl3 Daxx Stk38 Csk Ripor1 Nprl2 Men1 Heg1 Cdkn2c Gskip Grk6 Prkrip1 Prmt2 Ublcp1 Eif2ak4 Calm1 Ufl1 Map3k10 Cast Renbp Pycard Zfp36 Ceacam1 Zfp932 Lyn Fbxo5 Ptprc Dtx3l Sympk Mapk7"
"GOBP_NEGATIVE_REGULATION_OF_MONOATOMIC_ION_TRANSMEMBRANE_TRANSPORT",0.693465052955855,0.924129177831053,1,46,0.225091736832561,7,"Fcrl5 Ahr Gsto1 Atp7a Gopc Vdac1 Slc30a1"
"GOBP_NEGATIVE_REGULATION_OF_MONOATOMIC_ION_TRANSPORT",0.657694271237744,0.962415365482935,1,60,0.204364827751134,27,"Fcrl5 Ahr Gsto1 Usp2 Atp7a Akap5 Gopc Vdac1 Slc30a1 Inpp5k Iscu Tlr9 Icam1 Oxsr1 Wnk2 B2m Ppp3r1 Fmr1 Ppp3cc Pxk Zfas1 Camk2d Snx27 Gnaq Cd300a Cbarp Wnk1"
"GOBP_NEGATIVE_REGULATION_OF_MONONUCLEAR_CELL_MIGRATION",-0.69982579932513,0.849513212795549,1,14,-0.266638781315148,3,"Ripor2 Wasl Padi2"
"GOBP_NEGATIVE_REGULATION_OF_MRNA_CATABOLIC_PROCESS",0.946038956351917,0.555525013743815,1,62,0.292634555130667,24,"Rbm47 Igf2bp3 Vegfa Noct Tent5c Lrpprc Upf3a Traf2 Slirp E2f1 Ikbke Larp1 Tardbp Eif4enif1 Mettl16 Cirbp Hnrnpab Tob1 Fxr1 Paip1 Tent4b Fus Secisbp2 Thrap3"
"GOBP_NEGATIVE_REGULATION_OF_MRNA_METABOLIC_PROCESS",0.9703741890372,0.523060658120788,1,86,0.285271191258401,30,"Rbm47 Igf2bp3 Vegfa Celf4 Noct Tent5c Lrpprc Upf3a Traf2 Slirp E2f1 Npm1 Ikbke Larp1 Pcbp4 Tardbp Eif4enif1 Mettl16 Sfswap Cirbp Hnrnpab Tob1 Fxr1 C1qbp Paip1 Tent4b Fus U2af2 Secisbp2 Thrap3"
"GOBP_NEGATIVE_REGULATION_OF_MRNA_PROCESSING",0.95184856596983,0.53596425912137,1,23,0.353890694194318,9,"Celf4 Npm1 Pcbp4 Sfswap C1qbp U2af2 Srsf7 Srsf4 Rbm10"
"GOBP_NEGATIVE_REGULATION_OF_MULTICELLULAR_ORGANISM_GROWTH",-1.15255123411551,0.2868406742795,1,12,-0.457640101709472,2,"Adrb2 Alms1"
"GOBP_NEGATIVE_REGULATION_OF_MUSCLE_CELL_APOPTOTIC_PROCESS",-0.949472090009732,0.538694481830417,1,44,-0.275970902786775,5,"Adrb2 Lifr Bcl2 Jak2 Hspb6"
"GOBP_NEGATIVE_REGULATION_OF_MUSCLE_CELL_DIFFERENTIATION",0.740468706876949,0.861596189926396,1,38,0.249662539564776,9,"Dll1 Tnpo2 Id2 Nfatc1 Notch1 Plpp7 Xbp1 Csf1r Med28"
"GOBP_NEGATIVE_REGULATION_OF_MUSCLE_CONTRACTION",-1.20488805491012,0.249125638956147,1,11,-0.488241505983299,4,"Adrb2 Ptger4 Pde5a Bin1"
"GOBP_NEGATIVE_REGULATION_OF_MUSCLE_HYPERTROPHY",0.832900418678133,0.707942184473253,1,24,0.307537497420968,3,"Smad3 Kcnn4 Tnfrsf1b"
"GOBP_NEGATIVE_REGULATION_OF_MUSCLE_ORGAN_DEVELOPMENT",-0.929805782977346,0.544282972306005,1,13,-0.360590663304503,2,"Hdac9 Tsc22d3"
"GOBP_NEGATIVE_REGULATION_OF_MYELOID_CELL_APOPTOTIC_PROCESS",-1.01349547401912,0.435883171070932,1,14,-0.386149236454955,2,"Ccl5 Bcl2"
"GOBP_NEGATIVE_REGULATION_OF_MYELOID_CELL_DIFFERENTIATION",0.691377802278732,0.935322692574601,1,56,0.217201419565262,19,"Dll1 Tjp2 Gpr55 Zbtb46 Ctr9 Fbxw7 Rbm15 Rara Fbn1 Myc Csf1r Hspa9 Stat5a Nme1 Cdc73 Trib1 Itpkb Prmt1 Inpp4b"
"GOBP_NEGATIVE_REGULATION_OF_MYELOID_LEUKOCYTE_DIFFERENTIATION",0.723980191714668,0.868010594467334,1,32,0.252410379375432,15,"Tjp2 Gpr55 Zbtb46 Fbxw7 Rara Fbn1 Myc Nme1 Trib1 Inpp4b Nf1 Inpp5d Ptpn2 Thoc5 Cdk6"
"GOBP_NEGATIVE_REGULATION_OF_MYOBLAST_DIFFERENTIATION",1.21042713374166,0.234587170282504,1,14,0.503389902250506,2,"Zfhx3 Dll1"
"GOBP_NEGATIVE_REGULATION_OF_NATURAL_KILLER_CELL_MEDIATED_IMMUNITY",1.4031998148729,0.0889063729346971,1,13,0.594804785082103,2,"Serpinb9 Pvr"
"GOBP_NEGATIVE_REGULATION_OF_NECROPTOTIC_PROCESS",0.689067935075132,0.860621195567348,1,14,0.286568130217956,4,"Fzd9 Slc25a4 Ybx3 Fadd"
"GOBP_NEGATIVE_REGULATION_OF_NERVOUS_SYSTEM_DEVELOPMENT",1.25881312955857,0.116564417177914,1,77,0.37598836285954,18,"Sema6d Slit1 Ryk Rufy3 App Fgf13 Plxna3 Ptk2 Ptprs Gorasp1 Ctnna1 Id2 Notch1 Mbp Tlr2 Sema5a Ski Kctd11"
"GOBP_NEGATIVE_REGULATION_OF_NEURAL_PRECURSOR_CELL_PROLIFERATION",0.752183130223953,0.788668643670985,1,14,0.312816345439532,6,"Ctnna1 Kctd11 Kdm2b Shoc2 Rapgef1 Nf1"
"GOBP_NEGATIVE_REGULATION_OF_NEURON_APOPTOTIC_PROCESS",0.844619301718454,0.790336712980348,1,128,0.235662964870014,19,"Mt1 Angpt1 Tmbim1 Hspg2 Hmox1 Vegfa Bbs10 Amigo2 Sigmar1 Erbb3 Ppargc1a Xrcc2 Cacna1a Prkci Nmnat1 Nr4a3 Nfix Fzd9 Atp7a"
"GOBP_NEGATIVE_REGULATION_OF_NEURON_DIFFERENTIATION",0.8412710313226,0.730298719772404,1,44,0.275917469674483,10,"Dll1 App Gdf11 Id2 Dtx1 Hmg20a Nbn Notch1 Calr Fuom"
"GOBP_NEGATIVE_REGULATION_OF_NEURON_PROJECTION_DEVELOPMENT",1.30852802350412,0.0730534251917327,1,95,0.378820799074343,15,"Sema6d Slit1 Ryk Rap1gap2 Rufy3 Apoe Fgf13 Plxna3 Il15ra Itm2c Ptk2 Rtn4rl2 Ptprs Tbx6 Amigo3"
"GOBP_NEGATIVE_REGULATION_OF_NEURON_PROJECTION_REGENERATION",0.630265647240053,0.912595598564071,1,14,0.262113557860589,4,"Ptprs Diaph2 Rtca Lrig2"
"GOBP_NEGATIVE_REGULATION_OF_NF_KAPPAB_TRANSCRIPTION_FACTOR_ACTIVITY",0.642503516709665,0.953525179856115,1,40,0.214578644610787,9,"Ikbip Setd6 Mturn Arrb1 Nod2 Nlrc5 Gfi1 Lrrc14 Nfkbil1"
"GOBP_NEGATIVE_REGULATION_OF_NITRIC_OXIDE_BIOSYNTHETIC_PROCESS",0.998299976339871,0.480708412397217,1,12,0.431458602803803,3,"Sirpa Sigmar1 Gla"
"GOBP_NEGATIVE_REGULATION_OF_NON_CANONICAL_NF_KAPPAB_SIGNAL_TRANSDUCTION",-1.28598639833618,0.156983568075117,1,20,-0.446600535794986,8,"Ifi35 Nmi Cyld Litaf Spi1 Ppm1a Fbxw11 Zc3h12a"
"GOBP_NEGATIVE_REGULATION_OF_NOTCH_SIGNALING_PATHWAY",1.11530401875085,0.321072226358898,1,23,0.414662297706251,7,"Dll1 Nrarp Rita1 Fbxw7 Arrb1 Dll4 Mettl3"
"GOBP_NEGATIVE_REGULATION_OF_NUCLEAR_DIVISION",0.935671041023046,0.577073443172298,1,51,0.29849727217627,15,"Zwilch Rps6ka2 Haspin Chek1 Osm Gen1 Klhl22 Ska3 Nuf2 Lcmt1 Zwint Cdca8 Nme6 Spc25 Esr1"
"GOBP_NEGATIVE_REGULATION_OF_NUCLEAR_TRANSCRIBED_MRNA_CATABOLIC_PROCESS_DEADENYLATION_DEPENDENT_DECAY",0.800488816259197,0.725696101829753,1,11,0.35397127693039,5,"Tob1 Paip1 Tent4b Ybx1 Syncrip"
"GOBP_NEGATIVE_REGULATION_OF_NUCLEOCYTOPLASMIC_TRANSPORT",-0.923638508896364,0.57707879165369,1,28,-0.299144147355567,4,"Sirt6 Rab23 Sp100 Chp1"
"GOBP_NEGATIVE_REGULATION_OF_NUCLEOTIDE_CATABOLIC_PROCESS",-0.739718825306376,0.803059805285118,1,14,-0.281838317886779,2,"Sirt6 Tigar"
"GOBP_NEGATIVE_REGULATION_OF_NUCLEOTIDE_METABOLIC_PROCESS",0.621662081253846,0.931296549627603,1,19,0.241324769401257,9,"Ppargc1a Git1 Pfkfb1 Entpd1 Parp1 Ddit4 Hdac4 Ppp2ca Trp53"
"GOBP_NEGATIVE_REGULATION_OF_ORGANELLE_ASSEMBLY",1.03132815479931,0.41651192686759,1,42,0.340979741540648,6,"Nbdy Kif24 Tbc1d30 Tchp Trim32 Odf2l"
"GOBP_NEGATIVE_REGULATION_OF_ORGANELLE_ORGANIZATION",-0.866257771543692,0.907312925170068,1,270,-0.190812968683515,44,"Tacstd2 Stmn1 Acaa2 Spdl1 Cdc20 Mfn1 Diaph3 Slx4 Carmil1 Cib1 Mad2l1 Vat1 Arhgef18 Myadm Eps8 Fez2 Xrcc1 Add3 Tpx2 Mtpn Map2 Evi5l S1pr1 Bub1b Trim37 Kat2b Add1 Bcl2l1 Tpm1 Mpv17l Xrcc4 Cenpe Lmna Tmod3 Sptan1 Tbc1d7 Tom1l2 Tesk1 Oma1 Fxn Mdm1 Birc5 Mtbp Arhgap6"
"GOBP_NEGATIVE_REGULATION_OF_ORGANIC_ACID_TRANSPORT",-1.44924540986732,0.0842849374660141,1,12,-0.575447578504084,4,"Acsl4 Slc43a1 Irs2 Tnf"
"GOBP_NEGATIVE_REGULATION_OF_ORGAN_GROWTH",-0.840058038733094,0.707083204454067,1,27,-0.274304054973947,8,"Mapk11 Tcf7l2 G6pdx Fxn Stk4 Vgll4 Foxp1 Men1"
"GOBP_NEGATIVE_REGULATION_OF_OSSIFICATION",-1.08833613501809,0.335460346399271,1,24,-0.362858653086866,11,"Adrb2 Bcl2 Acvr2a Kremen1 Rflnb Smad7 Enpp1 Ptk2b Bcor Smurf1 Ecm1"
"GOBP_NEGATIVE_REGULATION_OF_OSTEOBLAST_DIFFERENTIATION",1.31335948978367,0.121015348288076,1,30,0.463044245666365,10,"Crim1 Smad3 Ahr Fndc3b Noct Id2 Ptch1 Nfatc1 Notch1 Ski"
"GOBP_NEGATIVE_REGULATION_OF_OSTEOCLAST_DIFFERENTIATION",0.586132590683915,0.953745829542008,1,20,0.224952251346086,4,"Tjp2 Gpr55 Fbxw7 Fbn1"
"GOBP_NEGATIVE_REGULATION_OF_OXIDATIVE_STRESS_INDUCED_INTRINSIC_APOPTOTIC_SIGNALING_PATHWAY",-0.483779985795194,0.994424882629108,1,20,-0.168008309529992,20,"Fyn Mapk7 Sirt1 Hsph1 Fbxo7 Atf4 Park7 Hif1a Pycr1 Ctnnb1 Nfe2l2 Trap1 Gpx1 Rack1 Ppia Akt1 Bag5 Nono Pink1 Sod2"
"GOBP_NEGATIVE_REGULATION_OF_PEPTIDE_SECRETION",-1.25669359729621,0.148159700561447,1,32,-0.392448253499711,9,"Kalrn Kcnb1 Pde4c Ptger4 Foxo1 Nucb2 Ndufaf2 Srebf1 Cd74"
"GOBP_NEGATIVE_REGULATION_OF_PEPTIDYL_SERINE_PHOSPHORYLATION",-0.665841319617922,0.871401668011837,1,11,-0.269810433684159,1,"Gadd45a"
"GOBP_NEGATIVE_REGULATION_OF_PEPTIDYL_TYROSINE_PHOSPHORYLATION",0.983573714459373,0.495410082768999,1,22,0.369612477483859,4,"Zfyve28 Srcin1 Traf3ip1 Vps25"
"GOBP_NEGATIVE_REGULATION_OF_PERK_MEDIATED_UNFOLDED_PROTEIN_RESPONSE",-0.606913308798852,0.919558783965564,1,11,-0.245931783190733,3,"Abca7 Nck2 Akt2"
"GOBP_NEGATIVE_REGULATION_OF_PHAGOCYTOSIS",1.37313686670083,0.098343213254294,1,19,0.533041901228058,5,"Cd300lf Sirpa Pip4p2 Plscr1 Tlr2"
"GOBP_NEGATIVE_REGULATION_OF_PHOSPHATIDYLINOSITOL_3_KINASE_PROTEIN_KINASE_B_SIGNAL_TRANSDUCTION",-0.833294392547791,0.778842740504082,1,49,-0.237691167550827,7,"Rubcn Lmbrd1 Cib1 Magi2 Dag1 Otud3 Klf4"
"GOBP_NEGATIVE_REGULATION_OF_PHOSPHORUS_METABOLIC_PROCESS",0.643250276238875,0.998099311000238,1,189,0.171687291662072,41,"Atxn1 Lpin1 Zfyve28 Impact Angpt1 Srcin1 Nnt Zbed3 C9orf72 Gbp4 Lpcat1 Ppargc1a Traf3ip1 Git1 Tfap4 Vps25 Ptpn22 Pfkfb1 Hipk3 Arrb1 Nolc1 Ibtk Amdhd2 Prkca Tsc2 Uri1 Cox11 Npm1 Rb1 Tsg101 Pkig Dvl1 Chmp6 Akt1s1 Tardbp Prkdc Nf2 Entpd1 Paqr3 Inpp5k Cdkn1a"
"GOBP_NEGATIVE_REGULATION_OF_PHOSPHORYLATION",-0.846929737530412,0.889515219842165,1,162,-0.198523982895498,35,"Pcp4 Aida Adora2a Gadd45a Cib1 Sh3bp5 Tigar Cdk5rap1 Casp3 Socs5 Dusp6 Dusp10 Psen2 Chp1 Kat2b Ager Lats2 Parp14 Rgs14 Daxx Stk38 Csk Nprl2 Men1 Heg1 Cdkn2c Gskip Prkrip1 Spag9 Bag1 Pycard Ceacam1 Lyn Ptprc Ctdsp1"
"GOBP_NEGATIVE_REGULATION_OF_PLASMA_MEMBRANE_BOUNDED_CELL_PROJECTION_ASSEMBLY",0.945389690239384,0.553197716961803,1,34,0.325505016862951,6,"Kif24 Tbc1d30 Tchp Pfn2 Trim32 Odf2l"
"GOBP_NEGATIVE_REGULATION_OF_POST_TRANSCRIPTIONAL_GENE_SILENCING",-0.772454642648794,0.756512201809707,1,13,-0.299567863595615,7,"Bcdin3d Zmpste24 Adar Dnd1 Zc3h10 Stat3 Elavl1"
"GOBP_NEGATIVE_REGULATION_OF_POST_TRANSLATIONAL_PROTEIN_MODIFICATION",0.539530738083167,0.998653923812088,1,73,0.162559553178516,26,"P3h1 Cdk1 Bag2 Gbp4 Hmg20a Arrb1 Pinx1 Cry1 Prmt3 Hmg20b Plaa Gtpbp4 N4bp1 Gclc U2af2 Crtap Bag5 Rela Svbp Mad2l2 Senp2 Ivns1abp Gnl3l Usp4 Abl1 Wnk1"
"GOBP_NEGATIVE_REGULATION_OF_POTASSIUM_ION_TRANSPORT",-1.14080615895202,0.301343570057582,1,13,-0.442419327874188,7,"Crbn Nedd4l Nedd4 Bin1 Cab39 Wwp2 Ptk2b"
"GOBP_NEGATIVE_REGULATION_OF_PRODUCTION_OF_MOLECULAR_MEDIATOR_OF_IMMUNE_RESPONSE",0.986668484526266,0.487714072970961,1,23,0.366836498380272,4,"Angpt1 Lilrb4a Hmox1 Vsir"
"GOBP_NEGATIVE_REGULATION_OF_PROGRAMMED_NECROTIC_CELL_DEATH",0.630108468677306,0.917015017804614,1,15,0.257812328183859,9,"Fzd9 Slc25a4 Ybx3 Fadd Atg7 Cflar Casp8 Rnf31 Mutyh"
"GOBP_NEGATIVE_REGULATION_OF_PROTEASOMAL_PROTEIN_CATABOLIC_PROCESS",0.656797714660631,0.9541015625,1,52,0.209058729604221,16,"Fhit Rybp Fbxw7 Clec16a Gipc1 Cbx4 Bag6 Sco1 Csnk2a2 N4bp1 Kat2a Smarcc1 Hsp90ab1 Bag5 Gsk3b Ubxn2a"
"GOBP_NEGATIVE_REGULATION_OF_PROTEASOMAL_UBIQUITIN_DEPENDENT_PROTEIN_CATABOLIC_PROCESS",0.79865438467765,0.795040848502222,1,41,0.265355210822237,14,"Fhit Rybp Fbxw7 Clec16a Gipc1 Cbx4 Bag6 Csnk2a2 N4bp1 Kat2a Smarcc1 Hsp90ab1 Bag5 Gsk3b"
"GOBP_NEGATIVE_REGULATION_OF_PROTEIN_CATABOLIC_PROCESS",0.617570681280283,0.992112527934797,1,88,0.180826592626216,4,"Laptm4b Smad3 Timp2 Fhit"
"GOBP_NEGATIVE_REGULATION_OF_PROTEIN_CONTAINING_COMPLEX_DISASSEMBLY",-1.35704957338225,0.0552875695732839,1,64,-0.367327485825258,19,"Diaph3 Rubcn Carmil1 Cib1 Eps8 Add3 Tpx2 Mtpn Map2 Tnf Add1 Tpm1 Tmod3 Sptan1 Ccdc88c Swap70 Ckap2 Camsap1 Twf2"
"GOBP_NEGATIVE_REGULATION_OF_PROTEIN_IMPORT_INTO_NUCLEUS",-0.788088409294356,0.742905788876277,1,16,-0.289582190894459,3,"Sirt6 Rab23 Chp1"
"GOBP_NEGATIVE_REGULATION_OF_PROTEIN_LOCALIZATION",0.70219162648122,0.982973070885159,1,167,0.189734624091498,14,"App Angpt1 Tmbim1 Apoe Srcin1 Maged1 Rab11fip3 Gpm6b Pde3b Plk2 Gbp4 Ptpmt1 Ctnna1 Il12a"
"GOBP_NEGATIVE_REGULATION_OF_PROTEIN_LOCALIZATION_TO_CELL_SURFACE",1.12895193113747,0.333546632538794,1,10,0.51065856913415,3,"Gpm6b Plk2 Gopc"
"GOBP_NEGATIVE_REGULATION_OF_PROTEIN_LOCALIZATION_TO_CHROMATIN",-1.42212101819355,0.108237803252466,1,10,-0.592099666808051,6,"Sirt6 Jak2 Spi1 Cdk9 Pias4 Prkaca"
"GOBP_NEGATIVE_REGULATION_OF_PROTEIN_LOCALIZATION_TO_MEMBRANE",0.538473850090721,0.980789277736411,1,23,0.200200842263109,1,"Tmbim1"
"GOBP_NEGATIVE_REGULATION_OF_PROTEIN_LOCALIZATION_TO_NUCLEUS",0.800457494632894,0.796372983007283,1,43,0.263739271895715,5,"App Angpt1 Maged1 Gbp4 Ctnna1"
"GOBP_NEGATIVE_REGULATION_OF_PROTEIN_MATURATION",-0.81923428459701,0.676886163689683,1,10,-0.341087952953386,10,"Mdm2 Sirt4 Lrrk2 Serpine2 Glg1 Ppp1r15a Ctsz Furin Snx12 Fmr1"
"GOBP_NEGATIVE_REGULATION_OF_PROTEIN_METABOLIC_PROCESS",0.595558475947639,1,1,470,0.14806607423379,89,"P3h1 Laptm4b Zfyve28 Impact Angpt1 Apoe Smad3 Srcin1 Timp2 Fhit Hspg2 Itm2c Nnt Habp4 Plxnb2 Enc1 Cyfip1 Zbed3 Rgp1 Cdk1 Ncoa7 Otud6b C9orf72 Bag2 Gbp4 Ppargc1a Traf3ip1 Fbxw8 Itgb3 Malsu1 Tfap4 Vps25 Hmg20a Rybp Ncl Ptpn22 Ric1 Mif Fbxw7 Hipk3 Calr Arrb1 Dhx36 Ide Alkbh3 Jak3 Scrib Nolc1 Clec16a Ibtk Rara Parp16 Gipc1 Pinx1 Prkca Mvk Sesn2 Tsc2 Mesd Eif2s1 Cln3 Cry1 Cd84 Npm1 Rb1 Tsg101 Prmt3 Pkig Dvl1 Chmp6 Cbx4 Akt1s1 Sirt3 Paip2b Larp1 Tardbp Lrig2 Prkdc Nf2 Xrn1 Paqr3 Hmg20b Eif4enif1 Inpp5k Cdkn1a Inpp5e Hdac2 Socs4 Plaa"
"GOBP_NEGATIVE_REGULATION_OF_PROTEIN_MODIFICATION_PROCESS",-0.747533404325285,0.996392496392496,1,227,-0.167982372559135,66,"Pcp4 Aida Adora2a Dnajb2 Gadd45a Cib1 Mad2l1 Sh3bp5 Cdk5rap1 Casp3 Socs5 Dusp6 Dusp10 Psen2 Chp1 Kat2b Ager Cep78 Lats2 Hspa1b Parp14 Rgs14 Daxx Stk38 Fyn Suz12 Men1 Oxr1 Heg1 Cdkn2c Gskip Hint2 Prkrip1 Ufl1 Spag9 Bag1 Pycard Ceacam1 Lyn Fbxo5 Ptprc Ctdsp1 Dtx3l Mapk7 Hdac6 Cep63 Ubash3b Ube2b Ggnbp2 Pkib Gadd45g Hmgcr Gps2 Dyrk1a Taf7 Tspo Cdyl Nxn Ppp1r15b Errfi1 Il18 Pten Bex3 Sirt2 Sirt1 Zgpat"
"GOBP_NEGATIVE_REGULATION_OF_PROTEIN_POLYMERIZATION",-1.33413559984538,0.0790499822757887,1,53,-0.373123394626696,11,"Stmn1 Carmil1 Myadm Eps8 Add3 Mtpn Map2 Add1 Tpm1 Tmod3 Sptan1"
"GOBP_NEGATIVE_REGULATION_OF_PROTEIN_SECRETION",0.854637075500468,0.712375533428165,1,44,0.280301223484854,6,"Apoe Srcin1 Rab11fip3 Pde3b Ptpmt1 Il12a"
"GOBP_NEGATIVE_REGULATION_OF_PROTEIN_SERINE_THREONINE_KINASE_ACTIVITY",-1.37439708690258,0.0680226742247416,1,43,-0.401540222492255,15,"Aida Gadd45a Cdk5rap1 Casp3 Dusp10 Kat2b Lats2 Rgs14 Stk38 Men1 Heg1 Cdkn2c Pycard Lyn Mapk7"
"GOBP_NEGATIVE_REGULATION_OF_PROTEIN_TYROSINE_KINASE_ACTIVITY",1.15600852474933,0.302031674932011,1,10,0.522897071942285,6,"Zfyve28 Srcin1 Vps25 Tsg101 Chmp6 Socs4"
"GOBP_NEGATIVE_REGULATION_OF_PROTEIN_UBIQUITINATION",0.430574322094503,1,1,58,0.134640615719756,25,"Cdk1 Bag2 Gbp4 Arrb1 Pinx1 Cry1 Prmt3 Plaa Gtpbp4 N4bp1 Gclc U2af2 Bag5 Svbp Mad2l2 Senp2 Ivns1abp Gnl3l Usp4 Abl1 Wnk1 Trim44 Akt1 Spopl Ppia"
"GOBP_NEGATIVE_REGULATION_OF_PROTEOLYSIS",-0.581434814893098,0.999147121535181,1,94,-0.146611146703529,28,"Rab23 Fbxo32 Nr1h2 Psen2 Serpinb1a Pdcl3 Dmwd Ufsp2 Gabarapl2 Cast Pml Wdr20 Renbp Usp38 Hdac6 Mdm2 Styx Taf9 Sgta Ecm1 Wac Phf20l1 Alad Caml Usp25 Sirt4 Rbx1 Ddrgk1"
"GOBP_NEGATIVE_REGULATION_OF_PROTEOLYSIS_INVOLVED_IN_PROTEIN_CATABOLIC_PROCESS",0.385388187022874,1,1,67,0.117579020307387,19,"Fhit Fbxw8 Rybp Fbxw7 Clec16a Gipc1 Cbx4 Bag6 Sco1 Csnk2a2 N4bp1 Hipk2 Sufu Kat2a Smarcc1 Hsp90ab1 Bag5 Gsk3b Ubxn2a"
"GOBP_NEGATIVE_REGULATION_OF_RAS_PROTEIN_SIGNAL_TRANSDUCTION",0.641074163658954,0.913050145683177,1,17,0.255285885149986,2,"Timp2 Rasal1"
"GOBP_NEGATIVE_REGULATION_OF_REACTIVE_OXYGEN_SPECIES_BIOSYNTHETIC_PROCESS",-1.01394403015732,0.433314415437003,1,16,-0.372572582256625,10,"Mpv17l Fyn Ptgr1 Sirt1 Abcd1 Rhoa Ctns Stat3 Hbp1 Park7"
"GOBP_NEGATIVE_REGULATION_OF_REACTIVE_OXYGEN_SPECIES_METABOLIC_PROCESS",-0.683735674016213,0.92534504391468,1,33,-0.212975128370401,14,"Tigar Acp5 Mpv17l G6pdx Fyn Ptgr1 Hdac6 Sirt2 Sirt1 Map3k7 Abcd1 Rhoa Trim30a Ctns"
"GOBP_NEGATIVE_REGULATION_OF_RECEPTOR_INTERNALIZATION",-1.4682693586289,0.0871767528659024,1,10,-0.611313514747817,2,"Anxa2 Rin3"
"GOBP_NEGATIVE_REGULATION_OF_RECEPTOR_MEDIATED_ENDOCYTOSIS",-1.25737863960731,0.185004309106579,1,17,-0.456147583304464,3,"Anxa2 Unc119 Rin3"
"GOBP_NEGATIVE_REGULATION_OF_RECEPTOR_SIGNALING_PATHWAY_VIA_STAT",0.954752819827604,0.530171758625931,1,19,0.370628209485425,3,"Socs3 Cish Traf3ip1"
"GOBP_NEGATIVE_REGULATION_OF_REGULATED_SECRETORY_PATHWAY",0.712170680067438,0.854564755838641,1,20,0.27332450092378,2,"Hmox1 Abr"
"GOBP_NEGATIVE_REGULATION_OF_RELEASE_OF_CYTOCHROME_C_FROM_MITOCHONDRIA",-0.830402048035207,0.6894570525711,1,17,-0.301250455074245,3,"Bcl2l1 Lmna Fxn"
"GOBP_NEGATIVE_REGULATION_OF_REPRODUCTIVE_PROCESS",1.33719413100448,0.10911500515388,1,28,0.477769545206846,11,"Rps6ka2 Hpgds Osm Ada Npr2 Snai1 Wdr77 Calr Stk35 Zwint Tpst2"
"GOBP_NEGATIVE_REGULATION_OF_RESPONSE_TO_BIOTIC_STIMULUS",0.874855922620486,0.713544369486248,1,98,0.252386242878289,11,"Serpinb9 Dtx4 Nlrx1 Ahr Sirpa Pvr Fgl2 Rnf26 Traf3ip1 Klhl22 Ccr1"
"GOBP_NEGATIVE_REGULATION_OF_RESPONSE_TO_CYTOKINE_STIMULUS",-1.3530217338065,0.0657612580414582,1,57,-0.372968543369024,13,"Ccl5 Naip5 Rffl Usp18 Tle5 Tax1bp1 Oas1a Cyld Parp14 Klf4 Padi2 Samhd1 Ttll12"
"GOBP_NEGATIVE_REGULATION_OF_RESPONSE_TO_ENDOPLASMIC_RETICULUM_STRESS",-0.546336955885473,0.99213630406291,1,40,-0.161873233628067,8,"Nr1h2 Bcl2l1 Abca7 Nck2 Akt2 Ufl1 Txndc12 Crebrf"
"GOBP_NEGATIVE_REGULATION_OF_RESPONSE_TO_EXTERNAL_STIMULUS",1.09777705951607,0.264561975768872,1,216,0.288946059826148,53,"Serpinb9 Slit1 Cd9 Ryk Aph1b Cd276 Dtx4 Nlrx1 Angpt1 Socs3 Apoe Smad3 Ahr Plxna3 Sirpa Abr Pvr Slc12a2 Tnfrsf1b Ptprs Tfpi Ada Fgl2 Il2ra Rnf26 Traf3ip1 Git1 Spn Nr4a3 Cdh5 Dpp4 Ccr1 Nfatc1 Mif Notch1 Sema5a Mfhas1 Trim45 Nrxn1 Atg12 Mvk Fam3a Eppk1 Mettl3 Rtca Nod2 Nlrc5 Rb1 C1qtnf12 Prdm1 Dvl1 Siglech Anxa5"
"GOBP_NEGATIVE_REGULATION_OF_RESPONSE_TO_OXIDATIVE_STRESS",1.36057857080835,0.114061750119981,1,10,0.615430194147901,3,"Mctp1 Ncoa7 Meak7"
"GOBP_NEGATIVE_REGULATION_OF_RESPONSE_TO_TUMOR_CELL",1.13889594114544,0.31140833988985,1,13,0.482768561058606,2,"Ahr Klhl22"
"GOBP_NEGATIVE_REGULATION_OF_RESPONSE_TO_WOUNDING",1.09638016543033,0.325179856115108,1,40,0.366161061780616,7,"Cd9 Angpt1 Apoe Smad3 Slc12a2 Ptprs Tfpi"
"GOBP_NEGATIVE_REGULATION_OF_RHO_PROTEIN_SIGNAL_TRANSDUCTION",-1.4722258992765,0.0631517960602549,1,18,-0.526010822174167,7,"Stmn1 Ccdc125 Tnfaip1 Ripor2 Bcl6 Ripor1 Heg1"
"GOBP_NEGATIVE_REGULATION_OF_RNA_CATABOLIC_PROCESS",1.02302063433018,0.421409574468085,1,78,0.304744235465364,28,"Rbm47 Igf2bp3 Vegfa Plxnb2 Noct Tent5c Naf1 Mettl1 Lrpprc Wdr4 Upf3a Dhx36 Traf2 Slirp E2f1 Ikbke Larp1 Tardbp Eif4enif1 Mettl16 Cirbp Hnrnpab Tob1 Fxr1 Paip1 Tent4b Dkc1 Fus"
"GOBP_NEGATIVE_REGULATION_OF_RNA_SPLICING",0.822869574616745,0.73370687112946,1,29,0.292137628634978,10,"Celf4 Npm1 Pcbp4 Sfswap Ptbp2 C1qbp U2af2 Srsf7 Srsf4 Rbm10"
"GOBP_NEGATIVE_REGULATION_OF_SECRETION",0.930803136812333,0.603383214053351,1,97,0.269033372993348,21,"Apoe Srcin1 Rab11fip3 Hmox1 Ggcx Abr Tnfrsf1b Osm Pde3b Ada Erbb3 C9orf72 Ptpmt1 Il12a Hrh2 Notch1 Pfkl Rab11fip1 Egf Slc30a1 Cry2"
"GOBP_NEGATIVE_REGULATION_OF_SIGNALING_RECEPTOR_ACTIVITY",1.1256372529011,0.328717545239969,1,13,0.477148312874382,6,"Zfyve28 Ppargc1a Vps25 Tsg101 Chmp6 Socs4"
"GOBP_NEGATIVE_REGULATION_OF_SIGNAL_TRANSDUCTION_BY_P53_CLASS_MEDIATOR",-0.88125914334088,0.66060225846926,1,33,-0.274501223664634,13,"Rffl Rrm2b Fbxo31 Ufl1 Cd74 Cd44 Mdm2 Cep63 Dyrk3 Dyrk1a Yju2 Mdm4 Sirt1"
"GOBP_NEGATIVE_REGULATION_OF_SIGNAL_TRANSDUCTION_IN_ABSENCE_OF_LIGAND",-1.31906866430229,0.147371444987073,1,17,-0.47852728245968,9,"Bcl2 Tnf Ripk1 Hspa1b Klf4 Fyn Sgk3 Mapk7 Map2k5"
"GOBP_NEGATIVE_REGULATION_OF_SMAD_PROTEIN_SIGNAL_TRANSDUCTION",1.47866070424248,0.0495920652695569,1,10,0.668842258591622,2,"Eng Eid2"
"GOBP_NEGATIVE_REGULATION_OF_SMALL_GTPASE_MEDIATED_SIGNAL_TRANSDUCTION",-1.01304926662567,0.42390930951563,1,46,-0.292512829302374,10,"Stmn1 Rasa3 Ccdc125 Tnfaip1 Ripor2 Bcl6 Arhgap12 Ripor1 Heg1 Dgkz"
"GOBP_NEGATIVE_REGULATION_OF_SMALL_MOLECULE_METABOLIC_PROCESS",0.707020737639516,0.935357624831309,1,68,0.215157648122818,15,"Apoe Dkkl1 Ggcx Angptl4 Ppargc1a Git1 Snai1 Pfkfb1 Amdhd2 Cry1 Gfi1 Prmt3 C1qtnf12 Sik2 Entpd1"
"GOBP_NEGATIVE_REGULATION_OF_SMOOTHENED_SIGNALING_PATHWAY",1.06778819154166,0.381980640357409,1,23,0.396996242750185,9,"Cdk20 Runx2 Ptch1 Traf3ip1 Kctd6 Kctd11 Ubr5 Rb1 Tulp3"
"GOBP_NEGATIVE_REGULATION_OF_SMOOTH_MUSCLE_CELL_APOPTOTIC_PROCESS",0.91984538364747,0.583770883054893,1,11,0.406750023753975,2,"Slc7a5 Dipk2a"
"GOBP_NEGATIVE_REGULATION_OF_SMOOTH_MUSCLE_CELL_DIFFERENTIATION",-0.985281211951829,0.473207144761397,1,10,-0.41022154222146,3,"Nfatc2 Rcan1 Foxo4"
"GOBP_NEGATIVE_REGULATION_OF_SMOOTH_MUSCLE_CELL_MIGRATION",1.35262378927495,0.111415108679131,1,19,0.525078871426519,2,"Sema6d Ppargc1a"
"GOBP_NEGATIVE_REGULATION_OF_SMOOTH_MUSCLE_CELL_PROLIFERATION",1.3403713817296,0.09849157054126,1,31,0.470348983384586,6,"Bmpr2 Apoe Il15 Hmox1 Il12a Ppargc1a"
"GOBP_NEGATIVE_REGULATION_OF_STEM_CELL_DIFFERENTIATION",-0.98316949389969,0.475021910604733,1,19,-0.346429320924731,4,"Hes1 Hes5 Ccnk Lbh"
"GOBP_NEGATIVE_REGULATION_OF_STEM_CELL_POPULATION_MAINTENANCE",-0.651352558723468,0.912065439672802,1,19,-0.229510400801939,2,"Sap30 Ing1"
"GOBP_NEGATIVE_REGULATION_OF_STEROID_METABOLIC_PROCESS",1.30177430724867,0.15609756097561,1,13,0.551811352055076,6,"Apoe Dkkl1 Ggcx Snai1 Atp1a1 Gfi1"
"GOBP_NEGATIVE_REGULATION_OF_STRESS_FIBER_ASSEMBLY",-1.74443984612987,0.013789141051422,1,17,-0.632842005555831,4,"Tacstd2 Stmn1 Arhgef18 S1pr1"
"GOBP_NEGATIVE_REGULATION_OF_STRIATED_MUSCLE_CELL_APOPTOTIC_PROCESS",-1.17447432829336,0.226409218312052,1,28,-0.380383795331493,14,"Adrb2 Bcl2 Jak2 Hspb6 Trip10 Gch1 Ppp1r10 Rgl2 Hmgcr Hsf1 Sirt1 Ilk Sirt4 Pcmt1"
"GOBP_NEGATIVE_REGULATION_OF_STRIATED_MUSCLE_CELL_DIFFERENTIATION",0.584671187200231,0.962002682163612,1,24,0.215882126714588,8,"Dll1 Notch1 Plpp7 Xbp1 Csf1r Smad4 Hdac4 Tomm70a"
"GOBP_NEGATIVE_REGULATION_OF_SYNAPTIC_TRANSMISSION",-1.24653966059623,0.156838143036386,1,33,-0.388281545520151,12,"Sorcs2 Kcnb1 Cnr2 Cd38 Pirb Stxbp1 Dag1 Arc Ager Bcl2l1 Gnai2 Adnp"
"GOBP_NEGATIVE_REGULATION_OF_SYNCYTIUM_FORMATION_BY_PLASMA_MEMBRANE_FUSION",1.08773227817426,0.332075471698113,1,48,0.350150920648051,35,"Rapgef3 Rpl36 Rpl14 Rpl29 Rpl31 Rplp1 Rplp0 Rplp2 Rpl23a Rpl36a Rpl24 Rpl38 Cflar Rpl27a Rpl37 Rpl27 Rpl41 Rpl32 Rpl13 Rpl37a Rpl10a Rpl23 Rpl10 Rpl35 Rpl26 Rpl39 Rpl28 Rpl11 Rpl5 Rpl8 Rpl30 Rpl9 Rpl18 Rpl7a Rpl34"
"GOBP_NEGATIVE_REGULATION_OF_SYSTEMIC_ARTERIAL_BLOOD_PRESSURE",-0.909405186781232,0.566340402392605,1,12,-0.361094821518341,4,"Adrb2 Tnf Nedd4l G6pdx"
"GOBP_NEGATIVE_REGULATION_OF_TELOMERE_MAINTENANCE",0.420100319785772,0.99882594658057,1,33,0.145485440693829,14,"Rtel1 Nbn Terf2ip Stn1 Pinx1 Nat10 Parp1 Tent4b Ercc1 Dcp2 Tnks Trp53 Gnl3l Ctc1"
"GOBP_NEGATIVE_REGULATION_OF_TELOMERE_MAINTENANCE_VIA_TELOMERASE",0.584691757588467,0.951297709923664,1,18,0.229908189405265,9,"Stn1 Pinx1 Nat10 Tent4b Dcp2 Trp53 Gnl3l Ctc1 Hnrnpa1"
"GOBP_NEGATIVE_REGULATION_OF_TELOMERE_MAINTENANCE_VIA_TELOMERE_LENGTHENING",-0.485649325528114,0.994226678821027,1,24,-0.161918780846827,24,"Slx4 Pml Terf2 Ten1 Tnks2 Tinf2 Pot1b Terf1 Mcrs1 Exosc10 Hnrnpu Ercc4 Acd Hnrnpa1 Ctc1 Gnl3l Trp53 Tnks Dcp2 Tent4b Parp1 Nat10 Pinx1 Stn1"
"GOBP_NEGATIVE_REGULATION_OF_TISSUE_REMODELING",-0.919050141763646,0.556552474170745,1,12,-0.364924515200048,6,"Gpr137 Cd38 Ager Csk Ceacam1 Ubash3b"
"GOBP_NEGATIVE_REGULATION_OF_TOLL_LIKE_RECEPTOR_SIGNALING_PATHWAY",1.28741217218693,0.162091703726422,1,17,0.512667916694347,5,"Cd300lf Irf4 Lrrc14 Nfkbil1 Otud4"
"GOBP_NEGATIVE_REGULATION_OF_TORC1_SIGNALING",-0.704866387908057,0.956134094151213,1,58,-0.193496684019925,21,"Syk Itfg2 Tsc1 Alg13 Tbc1d7 Kptn Nprl2 Sar1b Vhl Sesn1 Rnf167 Pim1 Prkaca Pten Sesn3 Wdr24 Ube2d1 Cul1 Rbx1 Stk11 Otub1"
"GOBP_NEGATIVE_REGULATION_OF_TOR_SIGNALING",-0.596334248665175,0.998027613412229,1,75,-0.157031148157844,29,"Syk Itfg2 Tsc1 Alg13 Tbc1d7 Kptn Nprl2 Sar1b Vhl Sesn1 Tnfaip8l1 Fnip1 Rnf167 Pim1 Prkaca Pten Sirt1 Sesn3 Wdr24 Ube2d1 Ubr2 Cul1 Rbx1 Stk11 Otub1 Ubr1 Ywhaz Stambpl1 Flcn"
"GOBP_NEGATIVE_REGULATION_OF_TRANSCRIPTION_ELONGATION_BY_RNA_POLYMERASE_II",-1.31026863306061,0.152954808806489,1,18,-0.468145195165999,9,"Sirt6 Hexim1 Vhl Nelfe Ppp1r10 Nelfcd Cdk9 Ppp1ca Rnf8"
"GOBP_NEGATIVE_REGULATION_OF_TRANSFORMING_GROWTH_FACTOR_BETA_RECEPTOR_SIGNALING_PATHWAY",0.674386342676025,0.94587092297016,1,56,0.211863427610603,13,"Eid2 Dand5 Chst11 Hspa5 Xbp1 Ski Fbn1 Spred2 Ints9 Rbbp7 Strap Hdac2 Brms1l"
"GOBP_NEGATIVE_REGULATION_OF_TRANSLATION",0.963651278235322,0.53673520561685,1,124,0.269956518742289,40,"Habp4 Plxnb2 Enc1 Cyfip1 Otud6b Malsu1 Ncl Calr Dhx36 Alkbh3 Scrib Rara Parp16 Prkca Mvk Sesn2 Tsc2 Eif2s1 Akt1s1 Paip2b Larp1 Xrn1 Eif4enif1 Inpp5e Cirbp Dhfr Ilf3 Dnajc3 Tob1 Prmt1 Fxr1 Tyms Ifrd2 Serbp1 Pus7 Caprin2 Ago4 Eif2ak3 Dap Rragc"
"GOBP_NEGATIVE_REGULATION_OF_TRANSLATIONAL_INITIATION",-0.554361191469811,0.992066115702479,1,41,-0.163458203260493,41,"Eif4ebp1 Nprl2 Eif2ak4 Pml Paip2 Hhex Wdr24 Ago2 Lamtor1 Rheb Ogt Rptor Rraga Rpl13a Ywhag Mtor Rbm4 Gigyf2 Caprin1 Eif4e2 Tpr Prkaa1 Gigyf1 Depdc5 Atxn3 Akt1 Gpr155 Eif4ebp2 Usp4 Bank1 Eif4ebp3 Fmr1 Rragc Prmt1 Larp1 Paip2b Akt1s1 Eif2s1 Tsc2 Rara Scrib"
"GOBP_NEGATIVE_REGULATION_OF_TRANSMEMBRANE_RECEPTOR_PROTEIN_SERINE_THREONINE_KINASE_SIGNALING_PATHWAY",0.832281344121346,0.771217215870881,1,74,0.25030962767977,13,"Eng Eid2 Crim1 Dand5 Chst11 Notch1 Ctdspl2 Hspa5 Xbp1 Ski Fbn1 Spred2 Ints9"
"GOBP_NEGATIVE_REGULATION_OF_TRANSMEMBRANE_TRANSPORT",-0.703503485227957,0.968130586863583,1,73,-0.185487379170878,22,"Slc43a1 Bcl2 Sirt6 Lmbrd1 Irs2 Crbn Tnf Nedd4l Grk6 Akt2 Calm1 Nedd4 Bin1 Cab39 Wwp2 Enpp1 Appl2 Arl6ip5 Pik3c2a Ywhaq Stxbp3 Calm3"
"GOBP_NEGATIVE_REGULATION_OF_TRANSPORT",0.930803933336209,0.649784726943123,1,270,0.240212926334729,41,"Cd300lf Mctp1 Angpt1 Fcrl5 Apoe Neu3 Srcin1 Slc18a2 Ahr Sirpa Rab11fip3 Hmox1 Ggcx Abr Gsto1 Tnfrsf1b Pip4p2 Cyfip1 Gpm6b Osm Oaz2 Pde3b Ada Erbb3 Fabp5 C9orf72 Gbp4 Ptpmt1 Usp2 Pacsin1 Il12a Plscr1 Itgb3 Pea15a Atp7a Hrh2 Derl3 Notch1 Pfkl Akap5 Tlr2"
"GOBP_NEGATIVE_REGULATION_OF_TRANSPORTER_ACTIVITY",-0.575141293833074,0.959137343927355,1,16,-0.211335015180826,6,"Crbn Grk6 Calm1 Calm3 Pten Map3k7"
"GOBP_NEGATIVE_REGULATION_OF_TRIGLYCERIDE_METABOLIC_PROCESS",-1.2890832886725,0.1738415135728,1,13,-0.499923109349485,6,"Pak4 Sorl1 Apobec1 Pik3cg Tmx1 Srebf1"
"GOBP_NEGATIVE_REGULATION_OF_TUMOR_NECROSIS_FACTOR_MEDIATED_SIGNALING_PATHWAY",-0.824426123680433,0.692633361558002,1,15,-0.308722441777654,3,"Naip5 Rffl Tax1bp1"
"GOBP_NEGATIVE_REGULATION_OF_TUMOR_NECROSIS_FACTOR_SUPERFAMILY_CYTOKINE_PRODUCTION",0.964876833983096,0.525889046941678,1,44,0.316457318352679,5,"Flt3 Sirpa Vsir Tlr4 Tlr6"
"GOBP_NEGATIVE_REGULATION_OF_TYPE_II_INTERFERON_PRODUCTION",0.995421486775233,0.479611944823405,1,21,0.378340930298502,6,"Cd276 Vsir Tlr4 Pglyrp2 Rara Nod2"
"GOBP_NEGATIVE_REGULATION_OF_TYPE_I_INTERFERON_MEDIATED_SIGNALING_PATHWAY",-0.987781381059424,0.470950704225352,1,20,-0.343039160134358,4,"Usp18 Oas1a Samhd1 Ttll12"
"GOBP_NEGATIVE_REGULATION_OF_TYPE_I_INTERFERON_PRODUCTION",0.821604572871418,0.762673140082822,1,43,0.270706931084049,6,"Nlrx1 Sirpa Ptprs Gbp4 Traf3ip1 Klhl22"
"GOBP_NEGATIVE_REGULATION_OF_T_CELL_APOPTOTIC_PROCESS",-0.887613082302949,0.606604866743917,1,18,-0.317134814313597,5,"Ccl5 Tsc22d3 Rag1 Gpam St3gal1"
"GOBP_NEGATIVE_REGULATION_OF_T_CELL_DIFFERENTIATION",-0.954370999991006,0.531432274789371,1,36,-0.29187556702639,10,"Tbx21 Hlx Anxa1 Nfkbid Socs5 Bcl6 Slc4a2 Cd74 Smad7 Cd44"
"GOBP_NEGATIVE_REGULATION_OF_T_CELL_MEDIATED_IMMUNE_RESPONSE_TO_TUMOR_CELL",1.32016975576472,0.14653937947494,1,11,0.583771021807266,2,"Ahr Klhl22"
"GOBP_NEGATIVE_REGULATION_OF_T_CELL_MEDIATED_IMMUNITY",0.925222963240877,0.574579049322009,1,24,0.341626379685457,5,"Ahr Vsir Spn Klhl22 Il7r"
"GOBP_NEGATIVE_REGULATION_OF_T_CELL_PROLIFERATION",1.02132909084527,0.433795172118269,1,42,0.337673831363726,6,"Tnfrsf21 Cd276 Vsir Il2ra Zbtb7b Spn"
"GOBP_NEGATIVE_REGULATION_OF_T_CELL_RECEPTOR_SIGNALING_PATHWAY",-0.720749686050965,0.883540372670807,1,29,-0.231088969196078,8,"Lgals3 Fyn Csk Dgkz Ceacam1 Prnp Ezr Cblb"
"GOBP_NEGATIVE_REGULATION_OF_T_HELPER_17_TYPE_IMMUNE_RESPONSE",-0.805287609777286,0.70989668297988,1,12,-0.319753163881407,1,"Tbx21"
"GOBP_NEGATIVE_REGULATION_OF_UBIQUITIN_DEPENDENT_PROTEIN_CATABOLIC_PROCESS",0.460495411685872,0.999861188228762,1,57,0.144414392008431,17,"Fhit Fbxw8 Rybp Fbxw7 Clec16a Gipc1 Cbx4 Bag6 Csnk2a2 N4bp1 Hipk2 Sufu Kat2a Smarcc1 Hsp90ab1 Bag5 Gsk3b"
"GOBP_NEGATIVE_REGULATION_OF_VASCULAR_ASSOCIATED_SMOOTH_MUSCLE_CELL_PROLIFERATION",0.793257503791134,0.747019662486453,1,15,0.32456564872237,4,"Hmox1 Sod2 Cdkn1a Mfn2"
"GOBP_NEGATIVE_REGULATION_OF_VASCULAR_PERMEABILITY",0.981584192562084,0.504057279236277,1,11,0.434050548862861,4,"Angpt1 Apoe Vegfa Arhgap35"
"GOBP_NEGATIVE_REGULATION_OF_VASCULATURE_DEVELOPMENT",-1.54174635796429,0.0235655737704918,1,45,-0.447236184378774,16,"Adrb2 Klf2 Ngfr Spred1 Gadd45a Zfp354c Ptger4 Naxe E2f2 Tnf Klf4 Foxo4 Fyn Hgs Pml Hhex"
"GOBP_NEGATIVE_REGULATION_OF_VIRAL_GENOME_REPLICATION",-0.944271754895345,0.55152300712897,1,36,-0.288786911892419,9,"Ccl5 Aicda Oasl2 Oas1a Tnf Znfx1 Oasl1 Isg20 Zc3hav1"
"GOBP_NEGATIVE_REGULATION_OF_VIRAL_PROCESS",-1.08025449078179,0.300925925925926,1,55,-0.299644387377603,12,"Ccl5 Aicda Ifit1 Sp100 Hexim1 Oasl2 Oas1a Tnf Znfx1 Ubp1 Trim14 Oasl1"
"GOBP_NEGATIVE_REGULATION_OF_VIRAL_TRANSCRIPTION",0.940376605979706,0.55517402840643,1,14,0.391081854138125,3,"Ifitm3 Trim13 Trim32"
"GOBP_NEGATIVE_REGULATION_OF_WNT_SIGNALING_PATHWAY",0.887269188838288,0.676279069767442,1,82,0.262736506447567,8,"Cdon App Znrf3 Apoe Dkkl1 Nphp3 Alpk2 Rnf43"
"GOBP_NEGATIVE_REGULATION_OF_WOUND_HEALING",1.28550209977573,0.151005212211467,1,23,0.477940763628052,6,"Cd9 Angpt1 Apoe Smad3 Slc12a2 Tfpi"
"GOBP_NEPHRON_DEVELOPMENT",0.996982895110642,0.467121418826739,1,65,0.305926388275528,14,"Dll1 Sulf2 Angpt1 Hs3st3b1 Maged1 Ahr Vegfa Pkd1 Ptch1 Itgb3 Ext1 Eya1 Notch1 Nup160"
"GOBP_NEPHRON_EPITHELIUM_DEVELOPMENT",0.774580152361672,0.829871977240398,1,44,0.25404440155714,9,"Dll1 Hs3st3b1 Maged1 Vegfa Pkd1 Ptch1 Ext1 Eya1 Notch1"
"GOBP_NERVE_DEVELOPMENT",1.1476046577095,0.265622713303088,1,34,0.395129201551948,8,"Ackr3 Plxna1 Sulf2 Plxna3 Chrnb2 Npr2 Erbb3 Ext1"
"GOBP_NEURAL_CREST_CELL_DIFFERENTIATION",1.41381477709656,0.0542220936957779,1,36,0.480462190492941,7,"Eng Sema6d Kbtbd8 Sema7a Ext1 Sema5a Nolc1"
"GOBP_NEURAL_PRECURSOR_CELL_PROLIFERATION",1.08257424576416,0.318099664342887,1,104,0.310186772479044,36,"Ift88 Cdon Ryk Fgf13 Vegfa Plxnb2 Lef1 Dock7 Ctnna1 Id2 Bbs1 Nfix Wdr47 Fzd9 Mapk8 Notch1 Pcnt Dll4 Egf Heatr1 Orc3 Kctd11 Ncor2 Pcm1 Nf2 Kdm2b Mios Kctd13 Rab10 Kdm1a Rpgrip1 Shoc2 Rapgef1 Numbl Ptbp2 Tacc2"
"GOBP_NEURAL_RETINA_DEVELOPMENT",1.23462529145203,0.177610174504584,1,31,0.433241681082468,11,"Arl6 Ttc8 Bbs10 Samd11 Rpgrip1l Gpm6a Rdh13 Tgif2 Dll4 Bsg Casp2"
"GOBP_NEURAL_TUBE_DEVELOPMENT",0.980236575211948,0.501009845998485,1,121,0.275728053245125,25,"Intu Tbc1d32 Inka1 Cdk20 Plxnb2 Marcks Mthfr Rpgrip1l Pkd1 Ift140 Arhgap35 Ptch1 Traf3ip1 Mthfd1 Bmi1 Enah Notch1 Stk3 Ssbp3 Cluap1 Scrib Ttbk2 Cecr2 Ski Rara"
"GOBP_NEURAL_TUBE_FORMATION",-0.77168668132913,0.930242100943783,1,85,-0.198229326911061,14,"Adm Coq7 Rab23 Casp3 Ift122 Tsc1 Tead2 Lmo4 Stk4 Rala Ipmk Ift52 Spint2 Sec24b"
"GOBP_NEURAL_TUBE_PATTERNING",1.02842259385518,0.436107321509777,1,21,0.390884028593434,6,"Tbc1d32 Rpgrip1l Ift140 Ptch1 Traf3ip1 Bmi1"
"GOBP_NEUROBLAST_DIVISION",1.1115843761668,0.353062848050915,1,11,0.4915358379226,3,"Fgf13 Lef1 Dock7"
"GOBP_NEUROBLAST_PROLIFERATION",1.27876267312567,0.136250548807259,1,34,0.440287925473449,10,"Fgf13 Vegfa Plxnb2 Lef1 Dock7 Ctnna1 Nfix Fzd9 Mapk8 Notch1"
"GOBP_NEUROEPITHELIAL_CELL_DIFFERENTIATION",0.938314833409714,0.551449164238614,1,17,0.373651827472169,6,"B9d1 Lef1 Ift80 Tubb5 Ipo7 Sox4"
"GOBP_NEUROINFLAMMATORY_RESPONSE",-0.862725965802038,0.736111111111111,1,55,-0.239305641127597,8,"Ccl5 Adora2a Jak2 Psen2 Ager Tnf Calhm2 Ldlr"
"GOBP_NEUROMUSCULAR_JUNCTION_DEVELOPMENT",-0.852412111739806,0.71603305785124,1,41,-0.251341101012224,9,"Etv5 Kalrn Sorbs1 Map2k4 Dag1 Lamc1 Nedd4l Ppfibp1 Zc4h2"
"GOBP_NEUROMUSCULAR_PROCESS",-0.832594727922308,0.843071786310517,1,89,-0.212276482747035,9,"Adrb2 Adora2a Scn4a Elp6 Pomk Pex5 Uchl1 Ap1s2 Hexb"
"GOBP_NEUROMUSCULAR_PROCESS_CONTROLLING_BALANCE",1.07391760889031,0.37116292798111,1,30,0.378625481434902,9,"App Abr Shank1 Cacna1a Nr4a3 Myo7a Nbn Nrxn1 Cln3"
"GOBP_NEUROMUSCULAR_SYNAPTIC_TRANSMISSION",-1.02381553986369,0.424200278164117,1,14,-0.390081257512969,4,"Rab3a Egr3 Etv5 Stxbp1"
"GOBP_NEURONAL_ACTION_POTENTIAL",0.913761491255853,0.594244149272612,1,12,0.394921632432201,3,"Bbs10 Chrnb2 Npr2"
"GOBP_NEURONAL_STEM_CELL_POPULATION_MAINTENANCE",0.744857953145751,0.813129770992366,1,18,0.292887561949153,4,"Dll1 Wdr47 Mapk8 Notch1"
"GOBP_NEURON_APOPTOTIC_PROCESS",-0.891792125661152,0.847058823529412,1,233,-0.20001306588182,35,"Pcp4 Adora2a Egr1 Usp53 Nsmf Cit Itsn1 Elp6 Kcnb1 Ngfr Bcl2 Clcf1 Casp9 Braf Fas Tmtc4 Bcl2l11 Casp3 Jak2 Map2k4 Stxbp1 Ager Tnf Bcl2l1 Tuba1a Xrcc4 Ripk1 G6pdx Daxx Fxn Polb Slc25a27 Fyn Adnp Birc5"
"GOBP_NEURON_CELLULAR_HOMEOSTASIS",0.759768573855464,0.831405436668595,1,36,0.258195118042229,4,"Tspoap1 Cacna1d Fggy Cacna1a"
"GOBP_NEURON_FATE_COMMITMENT",1.20487872317739,0.235419847328244,1,18,0.47377354324467,7,"Dll1 Id2 Eya1 Tfap4 Nfix Notch1 Dll4"
"GOBP_NEURON_INTRINSIC_APOPTOTIC_SIGNALING_PATHWAY_IN_RESPONSE_TO_OXIDATIVE_STRESS",0.899553753024071,0.607679207307633,1,15,0.368057340794818,5,"Prodh Fbxw7 Pink1 Parp1 Nono"
"GOBP_NEURON_MATURATION",0.810786407227162,0.742575734964931,1,25,0.296896382194911,7,"App Sclt1 Tbx6 Akap5 Nrxn1 Rb1 Sptbn4"
"GOBP_NEURON_MIGRATION",0.731884053282461,0.932148417228853,1,98,0.211140442276716,12,"Plxna1 Sh3rf1 Fgf13 Plxna3 Ptk2 Vegfa Plxnb2 Srgap2 Acap3 Gpm6a Bbs1 Sdccag8"
"GOBP_NEURON_PROJECTION_ARBORIZATION",-0.922762322758295,0.559322033898305,1,17,-0.334756604122101,5,"Cc2d1a Mov10 Tuba1a Bcl7a Ssna1"
"GOBP_NEURON_PROJECTION_GUIDANCE",1.3893339971173,0.0377408637873754,1,82,0.411407006220255,26,"Sema6d Slit1 Plxna1 Ryk Ttc8 Nectin1 App Bmpr2 Plxna3 Crppa Emb Vegfa Cyfip1 Sema7a Arhgap35 Ptch1 Ext1 Enah Nr4a3 Diaph2 Notch1 Cdk5r1 Sema5a Trio Bsg Mapk8ip3"
"GOBP_NEURON_PROJECTION_ORGANIZATION",1.17765260223129,0.196607452918392,1,76,0.352454869580013,21,"Tanc1 Tanc2 Xlr4b Xlr4a App Apoe Smad3 Srcin1 Marcks Shank1 Diaph2 Cdk5r1 Tiam1 Dhx36 Slc30a1 Lgmn Dock10 Abhd17b Prmt3 Dip2a Dvl1"
"GOBP_NEURON_PROJECTION_REGENERATION",-1.00504176005593,0.441652892561983,1,41,-0.296345276019292,12,"Adm Bcl2 Braf Fas Flna Jak2 Dag1 Kremen1 Klf4 Xylt1 Inpp5f Neo1"
"GOBP_NEURON_RECOGNITION",1.51675129033312,0.0341997264021888,1,19,0.588791992331983,9,"Tnfrsf21 App Emb Arhgap35 Ext1 Diaph2 Cdk5r1 Sema5a Bsg"
"GOBP_NEUROPEPTIDE_SIGNALING_PATHWAY",-0.538610024130502,0.962207721587819,1,12,-0.213864285533462,1,"Sorl1"
"GOBP_NEUROTRANSMITTER_GATED_ION_CHANNEL_CLUSTERING",1.1714615105158,0.285578747628083,1,12,0.506297864915008,4,"Zdhhc2 Apoe Gphn Git1"
"GOBP_NEUROTRANSMITTER_RECEPTOR_LOCALIZATION_TO_POSTSYNAPTIC_SPECIALIZATION_MEMBRANE",1.37463298403533,0.0875988658409193,1,25,0.503367540659248,7,"Iqsec2 Neto2 Vps26b Prkcz Gphn Kif2c Git1"
"GOBP_NEUROTRANSMITTER_RECEPTOR_TRANSPORT",1.1458584239603,0.298498219538628,1,15,0.468834244793466,6,"Snap47 Snap23 Akap5 Scrib Clstn1 Rab11a"
"GOBP_NEUROTRANSMITTER_SECRETION",0.834288681544648,0.782768102658112,1,90,0.243608484661838,20,"Mctp1 Tspoap1 Ggcx Cacna1d Doc2a Syde1 Pfn2 Stx11 Stx2 Snap47 Snap23 Cacna1a Git1 Kcnc3 Cspg5 Scrib Xbp1 Slc30a1 Nrxn1 Prkca"
"GOBP_NEUROTRANSMITTER_TRANSPORT",1.21754048438648,0.136346178466266,1,110,0.346150726113265,23,"Mctp1 App Slc29a2 Slc18a2 Tspoap1 Slc29a1 Ggcx Slc29a4 Cacna1d Doc2a Slc29a3 Gpm6b Rab3b Syde1 Pfn2 Ddc Stx11 Stx2 Snap47 Snap23 Cacna1a Itgb3 Git1"
"GOBP_NEUROTROPHIN_SIGNALING_PATHWAY",-0.664469968592043,0.921125889266935,1,27,-0.216969302583055,3,"Casp3 Gfra1 Magi2"
"GOBP_NEUROTROPHIN_TRK_RECEPTOR_SIGNALING_PATHWAY",0.977290612188074,0.501595987232102,1,19,0.379377219129433,8,"Cyfip1 Tmem108 Akt1s1 Lmtk2 Sort1 Sos1 Ddit4 Ppp2r5b"
"GOBP_NEUTRAL_AMINO_ACID_TRANSPORT",-1.09290543413937,0.320807453416149,1,29,-0.350410683614505,8,"Llgl2 Mfsd12 Slc43a1 Slc36a1 Slc36a4 Slc38a7 Sfxn3 Slc38a9"
"GOBP_NEUTRAL_LIPID_BIOSYNTHETIC_PROCESS",-1.06596410559965,0.351234567901235,1,31,-0.335240184758053,10,"Acsl4 Nr1h2 Tcf7l2 Gpam Agpat2 Tmx1 Ldlr Pck2 Srebf1 Lpgat1"
"GOBP_NEUTRAL_LIPID_CATABOLIC_PROCESS",-1.0618690876905,0.376760563380282,1,20,-0.368768522062346,10,"Pak4 Sorl1 Pik3cg Faah Ldlr Abhd16a Daglb Abhd6 Abhd2 Prkaca"
"GOBP_NEUTRAL_LIPID_METABOLIC_PROCESS",-0.978996795428938,0.506776180698152,1,86,-0.251139903014594,25,"Acsl4 Pak4 Sorl1 Apobec1 Dgka Fitm2 Pik3cg Scd1 Nr1h2 Tcf7l2 Insig2 Gpam Agpat2 Tmx1 Faah Lipa Ldlr Pck2 Abhd16a Srebf1 Lpgat1 Dgkz Daglb Insig1 Lmf1"
"GOBP_NEUTROPHIL_ACTIVATION",0.998532610233929,0.475354191263282,1,30,0.35204738906268,6,"Myo1f Fcer1g Cxcr2 Il15 Abr Stx11"
"GOBP_NEUTROPHIL_ACTIVATION_INVOLVED_IN_IMMUNE_RESPONSE",1.45665739588168,0.0616194457346338,1,15,0.595999344980743,4,"Myo1f Fcer1g Abr Stx11"
"GOBP_NEUTROPHIL_CHEMOTAXIS",0.999702025809586,0.46663839411931,1,45,0.325759098630903,11,"Trem1 Itga9 Fcer1g Cxcr2 Mospd2 Vav3 Dpp4 Bst1 Bsg Slc37a4 Prkca"
"GOBP_NEUTROPHIL_DEGRANULATION",1.30025811644947,0.160700079554495,1,11,0.574966216229677,3,"Myo1f Abr Stx11"
"GOBP_NEUTROPHIL_DIFFERENTIATION",1.10300483326797,0.361542153255479,1,10,0.498921924281722,5,"Lef1 Fasn Bap1 Trib1 Inpp5d"
"GOBP_NEUTROPHIL_HOMEOSTASIS",1.077553622648,0.374656488549618,1,18,0.423707704366949,4,"Cxcr2 Lilrb4a Xkr8 Mthfd1"
"GOBP_NEUTROPHIL_MEDIATED_IMMUNITY",1.63252317485483,0.0102816271792579,1,24,0.602787656744601,7,"Trem1 Myo1f Pcyox1l Abr Lyst Stx11 Tusc2"
"GOBP_NEUTROPHIL_MIGRATION",0.873828580851168,0.687751981092729,1,54,0.276299897036941,11,"Trem1 Itga9 Fcer1g Cxcr2 Mospd2 Vav3 Dpp4 Bst1 Bsg Slc37a4 Prkca"
"GOBP_NICOTINAMIDE_NUCLEOTIDE_BIOSYNTHETIC_PROCESS",1.20162497995448,0.246761354768222,1,14,0.499729280961533,4,"Nmnat3 Nmnat1 Nadk2 Kynu"
"GOBP_NK_T_CELL_ACTIVATION",0.889732641342044,0.622739018087855,1,19,0.345387841683341,4,"Il15 Tlr4 Zbtb7b Il12a"
"GOBP_NK_T_CELL_DIFFERENTIATION",0.641446407544457,0.898481973434535,1,12,0.277228866404809,6,"Zbtb7b Prdm1 Cd1d1 Itk Atf2 Ap3d1"
"GOBP_NLRP3_INFLAMMASOME_COMPLEX_ASSEMBLY",0.781227263107773,0.820335636722606,1,46,0.253578461905666,7,"Zdhhc1 Tlr4 Tlr6 Ptpn22 Mapk8 Dhx33 Atat1"
"GOBP_NLS_BEARING_PROTEIN_IMPORT_INTO_NUCLEUS",0.944703725146451,0.549311038860505,1,15,0.386530698968755,6,"Mbtps2 Nup54 Ipo5 Kpnb1 Kpna3 Kpna1"
"GOBP_NON_CANONICAL_NF_KAPPAB_SIGNAL_TRANSDUCTION",0.738555190112248,0.922956385479237,1,93,0.214658113458641,15,"Lime1 C1qtnf4 App Tlr4 Smpd3 Ptpn22 Trim56 Letmd1 Calr Terf2ip Traf2 Nod2 Rc3h2 Btrc Uxt"
"GOBP_NON_CANONICAL_WNT_SIGNALING_PATHWAY",1.3967012892483,0.0820551005212211,1,23,0.519283850924924,11,"Ryk Znrf3 Nphp3 Tmem67 Ift80 Fzd9 Tiam1 Mllt3 Fzd5 Dvl1 Mks1"
"GOBP_NON_LYTIC_VIRAL_RELEASE",-0.57236963198433,0.948176583493282,1,13,-0.2219723183391,13,"Chmp7 Chmp3 Vps4a Chmp5 Chmp2a Vps4b Chmp2b Chmp4b Chmp1b Chmp1a Arl8b Chmp6 Chmp4c"
"GOBP_NON_MOTILE_CILIUM_ASSEMBLY",1.56707128745808,0.00945232137892688,1,55,0.494094249975461,17,"Intu Ift88 Tbc1d32 Ttc8 Nphp3 Bbs10 Gorab Tmem67 Tmem17 Rpgrip1l Ift140 Ift80 Bbs1 Tmem216 Cep131 Ttbk2 Cep250"
"GOBP_NON_PROTEINOGENIC_AMINO_ACID_METABOLIC_PROCESS",0.766232335411067,0.832780740954303,1,39,0.257124139725381,14,"Pemt Mthfr Mthfd1 Kyat3 Aldh6a1 Kynu Mtr Plod3 Bphl Icmt Mpst P4ha1 Slc38a1 Srr"
"GOBP_NOTCH_SIGNALING_PATHWAY",1.15111167268332,0.218681460456715,1,103,0.330034055679948,28,"Ift88 Aph1b Dll1 Dtx4 Nrarp App Rita1 Tspear Gas2 S1pr3 Il2ra Dtx1 Snai1 Tspan5 Notch1 Pofut1 Dtx3 Fbxw7 Arrb1 Dll4 Rbm15 Maml2 Nkap Tmem100 Wdr12 Mettl3 Spen Nod2"
"GOBP_NUCLEAR_BODY_ORGANIZATION",0.775276840487288,0.764944591852661,1,14,0.322420509315243,2,"Habp4 Wrap53"
"GOBP_NUCLEAR_CHROMOSOME_SEGREGATION",0.932338101172977,0.643687329079307,1,263,0.241259972305097,78,"Zwilch M1ap Dsn1 Kif4 Ska2 Haspin Aurka Nsl1 Cenpk Terb1 Syde1 Tubg2 Gen1 Cdk1 Ect2 Syce2 Rcc1 Mis12 Kif2c Brca2 Mlh1 Cenpc1 Ncapg Mei4 Ccne1 Wapl Msh5 Klhl22 Ncapd3 Kifc1 Cdc27 Cenpi Snhg15 Arhgef10 Kif18a Ska3 Champ1 Nuf2 Kif22 Pbrm1 Syce1 Ncapd2 Lcmt1 Prdm9 Cep97 Zwint Pinx1 Uhrf1 Ttl Kpnb1 Ran Psrc1 Rb1 Cdca8 Chmp4c Chmp6 Kifc5b Cenpv Ccnb2 Spc25 Ino80 Chek2 Nek2 Rangrf Numa1 Ndc1 Zcwpw1 Baz1b Ncapg2 Ndc80 Anapc4 Poldip2 Akap8 Kif11 Riok2 Rmi2 Dis3l2 Bag6"
"GOBP_NUCLEAR_ENVELOPE_ORGANIZATION",-0.606908250522782,0.99034680014301,1,56,-0.167976252643663,11,"Reep4 Wee1 Sun1 Lmna Zmpste24 Ubxn2b Cdan1 Fnta Chmp7 Brox Nemp1"
"GOBP_NUCLEAR_EXPORT",0.639085959012699,0.995445032623415,1,146,0.175485834059022,33,"Atxn1 Rita1 Cchcr1 Pkd1 Magohb Nmd3 Nup160 Nol6 Calr Desi1 Ctdspl2 Frat1 Ifi27 Chchd4 Nup88 Mettl3 Nup188 Nup107 Ran Npm1 Hspa9 Anp32b Alyref2 Eif4enif1 Xpo4 Ranbp1 Ncbp3 Rapgef3 Riok2 Nutf2 Bard1 Malt1 Xpo1"
"GOBP_NUCLEAR_MEMBRANE_ORGANIZATION",0.48245709103341,0.996824938663588,1,38,0.162669214052893,8,"Chek1 Cdk1 Cdc25a Chmp4c Chmp6 Tor1b Tardbp Reep3"
"GOBP_NUCLEAR_MEMBRANE_REASSEMBLY",-0.870136756320041,0.645521292217327,1,21,-0.298974018634153,7,"Reep4 Ubxn2b Chmp7 Brox Chmp3 Vps4a Chmp5"
"GOBP_NUCLEAR_MIGRATION",0.999444496970251,0.469638625592417,1,26,0.363148362691118,3,"Slit1 Ptk2 Dock7"
"GOBP_NUCLEAR_MRNA_SURVEILLANCE",0.783404330544863,0.750119980803072,1,10,0.35435710188871,5,"Dis3 Xrn1 Exosc9 Exosc5 Zcchc7"
"GOBP_NUCLEAR_PORE_COMPLEX_ASSEMBLY",1.30798897436136,0.154494828957836,1,11,0.578384754491866,6,"Tmem170 Nup205 Nup107 Ndc1 Fxr1 Ahctf1"
"GOBP_NUCLEAR_PORE_ORGANIZATION",1.28820776148611,0.162395801173202,1,16,0.519436756770823,7,"Tmem170 Nup54 Nup205 Nup107 Ndc1 Fxr1 Ahctf1"
"GOBP_NUCLEAR_RECEPTOR_MEDIATED_CORTICOSTEROID_SIGNALING_PATHWAY",-0.665696523208776,0.885118219749652,1,14,-0.253635275871924,4,"Jak2 Crebrf Nedd4 Ywhah"
"GOBP_NUCLEAR_RECEPTOR_MEDIATED_SIGNALING_PATHWAY",-0.851080256621278,0.834155972359329,1,124,-0.207161662996155,40,"Thra Klf2 Klf9 Rnf14 Skp2 Nr1h2 Jak2 Tcf7l2 Trip4 Padi2 Daxx Trim68 Cnot9 Ufsp2 Foxp1 Prmt2 Shq1 Ufl1 Pml Crebrf Lbh Safb2 Esrrg Nedd4 Vps11 Cnot3 Ywhah Uba5 Hdac6 Ncoa1 Asxl2 Abhd2 Pak1 Gps2 Taf7 Pim1 Errfi1 Esrra Pten Sirt1"
"GOBP_NUCLEAR_TRANSCRIBED_MRNA_CATABOLIC_PROCESS",0.797080380770236,0.861273142277454,1,115,0.225440789293004,37,"Nbdy Noct Mlh1 Magohb Upf3a Dhx36 Dis3 Dcp1a Gspt1 Rc3h2 Exosc3 Xrn1 Etf1 Eif4enif1 Eri1 Tnrc6c Smg7 Pabpc4 Hnrnpab Dis3l2 N4bp2 Angel1 Tob1 Exosc9 Mtpap Mrto4 Paip1 Exosc5 Cnot6l Upf1 Tent4b Rbm8a Dcp2 Lsm7 Secisbp2 Fmr1 Thrap3"
"GOBP_NUCLEAR_TRANSCRIBED_MRNA_CATABOLIC_PROCESS_DEADENYLATION_DEPENDENT_DECAY",0.709059064162678,0.910552061495458,1,48,0.228252566456093,13,"Noct Mlh1 Dhx36 Dcp1a Rc3h2 Eif4enif1 Tnrc6c Tob1 Paip1 Cnot6l Tent4b Dcp2 Fmr1"
"GOBP_NUCLEAR_TRANSCRIBED_MRNA_CATABOLIC_PROCESS_NONSENSE_MEDIATED_DECAY",-0.613045403794338,0.9749430523918,1,38,-0.184515268390024,4,"Smg9 Apobec1 Dcp1b Smg5"
"GOBP_NUCLEAR_TRANSCRIBED_MRNA_POLY_A_TAIL_SHORTENING",0.423536032714221,0.998507685420086,1,25,0.155091790786283,25,"Mlh1 Eif4enif1 Tnrc6c Tob1 Tent4b Cpeb3 Pabpc1 Cnot2 Samd4b Btg2 Cnot1 Zfp36l2 Polr2g Tnrc6b Cnot6 Zfp36l1 Tnrc6a Ago2 Pan3 Tent4a Parn Cnot7 Cnot3 Zfp36 Pan2"
"GOBP_NUCLEAR_TRANSPORT",0.74516126293155,0.981633802816901,1,293,0.191249255384176,76,"Atxn1 Angpt1 Rita1 Mbtps2 Tnpo2 Cdk1 Ect2 Cchcr1 Gbp4 Pkd1 Heatr3 Magohb Nup37 Ipo4 Ipo11 Ptpn22 Notch1 Nmd3 Nup160 Nol6 Akap5 Calr Desi1 Gpn1 Hspa12a Stk3 Ctdspl2 Frat1 Nolc1 Ifi27 Nup54 Nup205 Xbp1 Fam53c Chchd4 Nup88 Cry2 Hsp90aa1 Ipo5 Mettl3 Spg11 Tsc2 Nup188 Nup107 Kpnb1 Ran Ubr5 Npm1 Dmap1 Pkig Nr4a1 Hspa9 Anp32b Tardbp Alyref2 Ipo7 Eif4enif1 Cdkn1a Rangrf Xpo4 Tnpo3 Ndc1 Ranbp1 Kpna3 Kpna1 Ncbp3 Rapgef3 Riok2 Nutf2 Bard1 Rsrc1 Malt1 Inpp4b Ahctf1 Xpo1 Zpr1"
"GOBP_NUCLEIC_ACID_CATABOLIC_PROCESS",0.842668817484267,0.862802148612354,1,306,0.215502158821113,96,"Nbdy Rbm47 Igf2bp3 Zc3h12c Slfn9 Dna2 Vegfa Plxnb2 Endog Tnfrsf1b Dnase1l1 Noct Tent5c Fastkd3 Rnasel Mlh1 Magohb Nmnat1 Naf1 Ddx49 Dbr1 Fen1 Fastkd1 Mapk8 Mettl1 Lrpprc Wdr4 Plekhn1 Upf3a Dhx36 Traf2 Dis3 Slirp Gtpbp1 Dcp1a Mettl3 Zc3h12d Gspt1 Ints9 E2f1 Supv3l1 Rc3h2 Npm1 Ikbke Ints2 Larp1 Pcbp4 Tardbp Exosc3 Xrn1 Etf1 Aifm1 Eif4enif1 Mettl16 Eri1 Rnaset2b Vps54 Nme1 Cirbp Blvra Tnrc6c Eloc Smg7 Snd1 Pabpc4 Hnrnpab Dis3l2 N4bp2 Angel1 Tob1 Ints5 Fxr1 Rnaseh1 Ints14 Zpr1 Exosc9 Mtpap Mrto4 C1qbp Ago4 Paip1 Ythdf1 Exosc5 Cnot6l Upf1 Tent4b Dkc1 Fus Apex1 Rbm8a Dcp2 Ints11 Lsm7 Secisbp2 Fmr1 Mus81"
"GOBP_NUCLEOBASE_BIOSYNTHETIC_PROCESS",1.11822365881789,0.333385359762759,1,14,0.465044514134857,7,"Ada Dhodh Paics Prps1l3 Aprt Gart Ppat"
"GOBP_NUCLEOBASE_CONTAINING_COMPOUND_CATABOLIC_PROCESS",0.932693041309395,0.686831586907205,1,433,0.232982519373775,137,"Nbdy Pnp2 Mttp Eno3 Rbm47 Dnph1 Igf2bp3 Pde8a Zc3h12c Slfn9 App Dna2 Fhit Vegfa Plxnb2 Endog Tnfrsf1b Bpgm Zbtb20 Ada Dnase1l1 Noct Tent5c Fastkd3 Aldoc Rnasel Ppargc1a Mlh1 Nudt8 Magohb Git1 Nmnat1 Mlycd Naf1 Ddx49 Dbr1 Fen1 Fastkd1 Nudt19 Pfkfb1 Pfkfb2 Mapk8 Mettl1 Lrpprc Gale Pfkl Wdr4 Adal Plekhn1 Upf3a Dhx36 Pfkp Traf2 Dis3 Tpi1 Jmjd8 Slirp Gtpbp1 Nudt7 Dcp1a Mettl3 Zc3h12d Gspt1 Dctpp1 Ints9 E2f1 Ran Acot7 Supv3l1 Rc3h2 Npm1 Gmpr2 Ikbke Myc Ints2 Mpi Larp1 Pcbp4 Pank4 Tardbp Exosc3 Xrn1 Entpd1 Etf1 Aifm1 Eif4enif1 Mettl16 Eri1 Rnaset2b Xpo4 Pde2a Vps54 Nme1 Hk2 Cirbp Blvra Tnrc6c Eloc Smg7 Pde7a Snd1 Pabpc4 Pfkfb4 Hnrnpab Dis3l2 N4bp2 Angel1 Tob1 Ints5 Fxr1 Rnaseh1 Ints14 Zpr1 Nudt5 Ddit4 Exosc9 Mtpap Mrto4 Hdac4 Nt5c2 C1qbp Ago4 Paip1 Ythdf1 Exosc5 Cnot6l Upf1 Tent4b Foxk2 Dkc1 Fus Apex1 Slc2a6 Rbm8a Dcp2 Ints11 Insr"
"GOBP_NUCLEOBASE_CONTAINING_COMPOUND_TRANSPORT",0.870764820588246,0.76850185918196,1,183,0.233315463167791,85,"Slc25a42 Igf2bp3 Slc29a2 Slc17a9 Slc25a47 Slc29a1 Slc29a4 Abcc4 Slc29a3 Tmem241 Slc35b2 Magohb Nup37 Mettl1 Lrpprc Slc19a1 Nup160 Nol6 Slc35a5 Nup54 Slc35d1 Nup88 Slc35a4 Mettl3 Nup188 Nup107 Kpnb1 Ran Slc35a2 Alyref2 Sidt1 Calhm6 Slc25a25 Slc25a4 Slc35a1 Ndc1 Slc25a23 Ncbp3 Shoc2 Slc33a1 Nutf2 Fxr1 Ahctf1 Tomm20 Xpo1 Slc25a5 Alyref Rbm8a Bicd2 Supt6 Nxt1 Lrrc8b Abcc1 Tnks Fmr1 Hnrnpa3 Slc25a36 Ssb Senp2 Thoc5 Mapt Nup133 Srsf7 Fyttd1 Wnk1 Iws1 Lrrc8d Nsun2 Slc25a32 Ybx1 Chtop Epg5 Aaas Hnrnpa1 Snupn Slc35b1 Slbp Eif4e Thoc6 Cetn3 Eny2 Fxr2 Ddx19b Htt Thoc3"
"GOBP_NUCLEOBASE_CONTAINING_SMALL_MOLECULE_METABOLIC_PROCESS",1.03663177109249,0.370576881835728,1,465,0.257785143389803,135,"Pnp2 Pemt Mttp Nmnat3 Shpk Eno3 Dctd Dnph1 Slc25a42 Uck2 Pde8a App Tk1 S100a1 Fhit Nnt Fut8 Adcy3 Nme4 Bpgm Cdk1 Zbtb20 Ada Pcca Npr2 Papss1 Noct Aldoc Impdh1 Gcdh Ppargc1a Gfpt1 Atpsckmt Pfas Mthfd1 Nudt8 Git1 Nmnat1 Hsd11b1 Mlycd Nt5c3b Rbks Nadk2 Ppcs Atp7a Nudt19 Pfkfb1 Pfkfb2 Uxs1 Tpk1 Dhodh Extl2 Bend3 Gale Letmd1 Pfkl Tgds Adal Slc25a22 Pfkp Dld Aldh6a1 Kynu Tpi1 Fasn Fdx1 Fuom Vdac1 Mthfd2l Jmjd8 Amdhd2 Gtpbp1 Nudt7 Mvk Paics Fam3a Fcsk Dgat1 Dcxr Atic Pgm3 Nanp Ndufa8 Dctpp1 Acsl5 Ran Acot7 Cox11 Ehhadh Bckdhb Prps1l3 Ndufv3 Pgd Gmpr2 Dip2a Myc Ndufa9 Mccc2 Mpi Ndufa5 Nme6 Aprt Gmps Nme2 Sdhc Pank4 Adk Entpd1 Ldhb Dlst Gmppa Slc25a25 Xpo4 Slc25a13 Pde2a Prpsap2 Ppcdc Pdk1 Pdhx Efl1 Far2 Gnpda2 Pank1 Mdh1 Nme1 Hk2 Ampd2 Parp1 Guk1 Ndufc1 Dlat Icmt Gart Kdm1a Pde7a"
"GOBP_NUCLEOBASE_METABOLIC_PROCESS",1.22104335447175,0.213885099287555,1,21,0.46409554626176,11,"Ada Dhodh Aldh6a1 Paics Prps1l3 Gmpr2 Aprt Adk Gart Kdm1a Ppat"
"GOBP_NUCLEOLAR_CHROMATIN_ORGANIZATION",0.953673838920357,0.538743038981703,1,11,0.42170876054868,3,"Bend3 Phf8 Phf2"
"GOBP_NUCLEOLAR_LARGE_RRNA_TRANSCRIPTION_BY_RNA_POLYMERASE_I",0.687838988588167,0.891768517155058,1,28,0.245759769007096,13,"Ercc6 Ncl Gtf2h5 Polr1b Taf1b Polr2l Polr1c Nol11 Ubtf Smarca4 Polr2f Polr2h Polr1e"
"GOBP_NUCLEOLUS_ORGANIZATION",1.21907942811943,0.221614227086183,1,19,0.473237906483486,10,"Usp36 Bend3 Polr1b Nolc1 Phf8 Phf2 Rrn3 Actr6 Pes1 Ubtf"
"GOBP_NUCLEOPHAGY",-0.902906993194483,0.592723004694836,1,20,-0.313563772879255,8,"Atg4c Rb1cc1 Wdr45 Ulk2 Atg2a Wdr45b Atg4d Ulk3"
"GOBP_NUCLEOSIDE_DIPHOSPHATE_METABOLIC_PROCESS",0.867180238553637,0.72868618813164,1,99,0.249815707878939,25,"Mttp Eno3 App Bpgm Zbtb20 Aldoc Ppargc1a Git1 Pfkfb1 Pfkfb2 Dhodh Gale Pfkl Pfkp Tpi1 Jmjd8 Nudt7 Ran Myc Mpi Entpd1 Xpo4 Nme1 Hk2 Guk1"
"GOBP_NUCLEOSIDE_METABOLIC_PROCESS",1.46695848531923,0.0417650531286895,1,30,0.517197835430726,7,"Pnp2 Pemt Dctd Dnph1 Tk1 Cdk1 Ada"
"GOBP_NUCLEOSIDE_MONOPHOSPHATE_BIOSYNTHETIC_PROCESS",1.1186505209181,0.296670030272452,1,39,0.375384905532743,21,"Dctd Uck2 Tk1 Ada Impdh1 Pfas Dhodh Paics Atic Prps1l3 Gmpr2 Aprt Gmps Nme2 Adk Nme1 Ampd2 Gart Ppat Uck1 Tyms"
"GOBP_NUCLEOSIDE_MONOPHOSPHATE_METABOLIC_PROCESS",1.08076960964799,0.341099330357143,1,50,0.345440959294666,24,"Dctd Dnph1 Uck2 Tk1 Ada Impdh1 Pfas Dhodh Paics Atic Prps1l3 Gmpr2 Aprt Gmps Nme2 Adk Nme1 Ampd2 Guk1 Gart Ppat Uck1 Tyms Nt5c2"
"GOBP_NUCLEOSIDE_PHOSPHATE_BIOSYNTHETIC_PROCESS",1.19194890500176,0.118518518518519,1,230,0.31182653198508,75,"Pnp2 Nmnat3 Dctd Slc25a42 Uck2 Tk1 Adcy3 Nme4 Ada Pcca Npr2 Papss1 Impdh1 Gcdh Gfpt1 Atpsckmt Pfas Mthfd1 Nmnat1 Mlycd Nadk2 Ppcs Uxs1 Tpk1 Dhodh Letmd1 Dld Kynu Fasn Fuom Vdac1 Mthfd2l Amdhd2 Paics Fam3a Fcsk Atic Pgm3 Nanp Ndufa8 Acsl5 Acot7 Cox11 Prps1l3 Ndufv3 Gmpr2 Dip2a Myc Ndufa9 Mpi Ndufa5 Nme6 Aprt Gmps Nme2 Sdhc Pank4 Adk Entpd1 Dlst Gmppa Slc25a13 Prpsap2 Ppcdc Pdk1 Pdhx Gnpda2 Pank1 Nme1 Ampd2 Parp1 Guk1 Ndufc1 Dlat Gart"
"GOBP_NUCLEOSIDE_PHOSPHATE_CATABOLIC_PROCESS",0.963199494665942,0.540368006008261,1,128,0.268748829457772,35,"Mttp Eno3 Dnph1 Pde8a App Fhit Bpgm Zbtb20 Ada Aldoc Ppargc1a Nudt8 Git1 Mlycd Nudt19 Pfkfb1 Pfkfb2 Gale Pfkl Pfkp Tpi1 Jmjd8 Nudt7 Dctpp1 Ran Acot7 Gmpr2 Myc Mpi Pank4 Entpd1 Xpo4 Pde2a Nme1 Hk2"
"GOBP_NUCLEOSIDE_TRIPHOSPHATE_BIOSYNTHETIC_PROCESS",0.784731151173576,0.867589448942283,1,93,0.228078971941888,21,"Uck2 Nme4 Impdh1 Atpsckmt Letmd1 Fam3a Ndufa8 Cox11 Ndufv3 Myc Ndufa9 Ndufa5 Nme6 Nme2 Sdhc Adk Entpd1 Slc25a13 Nme1 Parp1 Ndufc1"
"GOBP_NUCLEOSIDE_TRIPHOSPHATE_CATABOLIC_PROCESS",-0.996081777734455,0.459877366035724,1,10,-0.414718354601995,5,"Smpdl3a Dut Samhd1 Nudt16 Enpp1"
"GOBP_NUCLEOSIDE_TRIPHOSPHATE_METABOLIC_PROCESS",0.870022996553805,0.777257838090781,1,211,0.229630982828776,51,"Mttp Eno3 Uck2 App S100a1 Nme4 Bpgm Zbtb20 Ada Aldoc Impdh1 Ppargc1a Atpsckmt Git1 Nmnat1 Atp7a Pfkfb1 Pfkfb2 Bend3 Gale Letmd1 Pfkl Pfkp Tpi1 Jmjd8 Gtpbp1 Fam3a Ndufa8 Dctpp1 Ran Cox11 Ndufv3 Myc Ndufa9 Mpi Ndufa5 Nme6 Nme2 Sdhc Adk Entpd1 Slc25a25 Xpo4 Slc25a13 Efl1 Nme1 Hk2 Ampd2 Parp1 Guk1 Ndufc1"
"GOBP_NUCLEOSOME_ASSEMBLY",0.613365532057095,0.972575629064179,1,45,0.199868958645324,9,"H1f0 Chaf1a Mcm2 Grwd1 Hp1bp3 Tspyl3 Npm1 Anp32b Set"
"GOBP_NUCLEOSOME_ORGANIZATION",-0.73117508438609,0.940687160940325,1,60,-0.199809812893474,15,"Asf1a Padi4 Smarcc2 Cebpg Daxx Tspyl4 Chaf1b Smarcd1 Asf1b Smarcd2 Atad2 Hira Lin54 Kat6a Sart3"
"GOBP_NUCLEOTIDE_BINDING_DOMAIN_LEUCINE_RICH_REPEAT_CONTAINING_RECEPTOR_SIGNALING_PATHWAY",-0.72289154600369,0.856578547553935,1,24,-0.241016947127664,6,"Irgm2 Hspa1b Irgm1 Zdhhc5 Slc15a3 Lacc1"
"GOBP_NUCLEOTIDE_BIOSYNTHETIC_PROCESS",1.10188797923855,0.269484485707305,1,155,0.300142026325464,45,"Pnp2 Nmnat3 Dctd Uck2 Adcy3 Nme4 Ada Npr2 Papss1 Impdh1 Atpsckmt Pfas Mthfd1 Nmnat1 Nadk2 Dhodh Letmd1 Kynu Mthfd2l Paics Fam3a Atic Ndufa8 Cox11 Prps1l3 Ndufv3 Gmpr2 Myc Ndufa9 Ndufa5 Nme6 Aprt Gmps Nme2 Sdhc Adk Entpd1 Slc25a13 Prpsap2 Nme1 Ampd2 Parp1 Guk1 Ndufc1 Gart"
"GOBP_NUCLEOTIDE_CATABOLIC_PROCESS",0.933606672631867,0.600994010449853,1,113,0.264804458447514,27,"Mttp Eno3 Dnph1 Pde8a App Fhit Bpgm Zbtb20 Ada Aldoc Ppargc1a Git1 Pfkfb1 Pfkfb2 Gale Pfkl Pfkp Tpi1 Jmjd8 Dctpp1 Ran Gmpr2 Myc Mpi Entpd1 Xpo4 Pde2a"
"GOBP_NUCLEOTIDE_EXCISION_REPAIR",0.823195687869313,0.783053127101547,1,72,0.248462100355056,17,"Polk Fan1 Uvssa Ercc6 Poll Brca2 Pole Pold3 Dclre1b Gtf2h5 Pbrm1 Rad52 Rad51d Nthl1 Rpa2 Mnat1 Gtf2h2"
"GOBP_NUCLEOTIDE_METABOLIC_PROCESS",1.01838129244347,0.425398951009932,1,326,0.259503312151637,87,"Pnp2 Mttp Nmnat3 Shpk Eno3 Dctd Dnph1 Uck2 Pde8a App S100a1 Fhit Nnt Adcy3 Nme4 Bpgm Zbtb20 Ada Npr2 Papss1 Noct Aldoc Impdh1 Ppargc1a Atpsckmt Pfas Mthfd1 Git1 Nmnat1 Hsd11b1 Nt5c3b Rbks Nadk2 Atp7a Pfkfb1 Pfkfb2 Dhodh Bend3 Gale Letmd1 Pfkl Adal Slc25a22 Pfkp Kynu Tpi1 Fdx1 Mthfd2l Jmjd8 Gtpbp1 Paics Fam3a Dcxr Atic Ndufa8 Dctpp1 Ran Cox11 Prps1l3 Ndufv3 Pgd Gmpr2 Myc Ndufa9 Mpi Ndufa5 Nme6 Aprt Gmps Nme2 Sdhc Adk Entpd1 Ldhb Slc25a25 Xpo4 Slc25a13 Pde2a Prpsap2 Efl1 Mdh1 Nme1 Hk2 Ampd2 Parp1 Guk1 Ndufc1"
"GOBP_NUCLEOTIDE_SALVAGE",1.34698593517621,0.110910458991723,1,22,0.506177423529508,13,"Nmnat3 Uck2 Ada Impdh1 Nmnat1 Gmpr2 Nme6 Aprt Adk Ampd2 Nampt Uck1 Nadsyn1"
"GOBP_NUCLEOTIDE_SUGAR_BIOSYNTHETIC_PROCESS",1.0903449310946,0.353678555439487,1,25,0.39926602432032,10,"Gfpt1 Uxs1 Fuom Amdhd2 Fcsk Pgm3 Nanp Mpi Gmppa Gnpda2"
"GOBP_NUCLEOTIDE_SUGAR_METABOLIC_PROCESS",1.23874372315534,0.163948621734738,1,38,0.417665055822921,15,"Fut8 Gfpt1 Uxs1 Extl2 Tgds Fuom Amdhd2 Fcsk Pgm3 Nanp Mpi Gmppa Gnpda2 Guk1 B4galnt2"
"GOBP_NUCLEOTIDE_SUGAR_TRANSMEMBRANE_TRANSPORT",1.17494344434416,0.282099936748893,1,12,0.5078027335319,6,"Tmem241 Slc35a5 Slc35d1 Slc35a4 Slc35a2 Slc35a1"
"GOBP_NUCLEOTIDE_TRANSMEMBRANE_TRANSPORT",1.13307338047575,0.307148231753198,1,22,0.425792244314754,5,"Slc17a9 Slc25a47 Abcc4 Slc35b2 Slc19a1"
"GOBP_NUCLEOTIDE_TRANSPORT",0.982958489191917,0.494658276013464,1,34,0.338440246285084,6,"Slc25a42 Slc17a9 Slc25a47 Abcc4 Slc35b2 Slc19a1"
"GOBP_NUCLEUS_LOCALIZATION",0.886980162570513,0.641995291347852,1,32,0.309239122692933,3,"Slit1 Ptk2 Dock7"
"GOBP_NUCLEUS_ORGANIZATION",0.758660145320233,0.920080170362019,1,126,0.212077378494467,33,"Ift88 Tmem170 Chek1 Habp4 Wrap53 Cdk1 Usp36 Golm1 Cdc25a Bend3 Polr1b Nolc1 Gopc Nup54 Nup205 Phf8 Phf2 Nup107 Chmp4c Chmp6 Tor1b Tardbp Reep3 Ndc1 Srpk2 Icmt Epc1 Fxr1 Ahctf1 Wdr73 Zpr1 Serbp1 Atr"
"GOBP_NUTRIENT_STORAGE",-0.696051669211112,0.962459778333929,1,56,-0.192648808019558,13,"Plin2 Fitm2 Nr1h2 Hexb Rnf213 Fxn Lipa Tmem135 Stard4 Ldah Srebf2 Alkbh7 Soat1"
"GOBP_N_ACETYLGLUCOSAMINE_METABOLIC_PROCESS",-0.883954711765306,0.604332327940773,1,13,-0.342809027091584,6,"Gne Hexb Chst3 Renbp Gnpda1 Chst7"
"GOBP_N_ACETYLNEURAMINATE_METABOLIC_PROCESS",-0.639665192792649,0.895804771044694,1,13,-0.248070403932435,4,"Gne St3gal1 Renbp Gnpda1"
"GOBP_N_GLYCAN_PROCESSING",0.917899782949763,0.581352269218895,1,16,0.370119557225792,3,"St8sia6 Fut8 Engase"
"GOBP_N_TERMINAL_PROTEIN_AMINO_ACID_MODIFICATION",0.635926404828175,0.903697875688434,1,13,0.269563938465968,5,"Hhat Naa20 Nmt2 Naa50 Ntmt1"
"GOBP_ODONTOBLAST_DIFFERENTIATION",1.166575223406,0.289873620220765,1,10,0.527676704331993,4,"Lef1 Ift80 Tubb5 Ipo7"
"GOBP_ODONTOGENESIS",1.3248924993597,0.0857659160411454,1,55,0.417735792244076,12,"Car2 Ift88 Dll1 Nectin1 Alpl Tspear Snx10 Smpd3 Lef1 Runx2 Ctnna1 Ift80"
"GOBP_ODONTOGENESIS_OF_DENTIN_CONTAINING_TOOTH",1.21053138682645,0.187473125985381,1,41,0.402202526550851,8,"Car2 Ift88 Dll1 Nectin1 Smpd3 Lef1 Runx2 Ctnna1"
"GOBP_OLEFINIC_COMPOUND_BIOSYNTHETIC_PROCESS",1.1252905844904,0.334756483238457,1,12,0.486343098106224,5,"Dkkl1 Ggcx Cacna1h Ppargc1a Dgkq"
"GOBP_OLEFINIC_COMPOUND_METABOLIC_PROCESS",1.24478780356331,0.146484375,1,50,0.397865270398624,16,"Ces2c Dhrs3 Hpgds Dkkl1 Ahr Ggcx Cacna1h Sigmar1 Ppargc1a Mgll Rdh5 Dgkq Rdh13 Ptges2 Afp Dgat1"
"GOBP_OLFACTORY_LOBE_DEVELOPMENT",1.46238087473159,0.0536851683348499,1,20,0.561248214695729,9,"Slit1 Ttc8 Sema7a Rpgrip1l Id2 Ext1 Nfix Pcnt Ski"
"GOBP_OLIGODENDROCYTE_DEVELOPMENT",0.991730703790519,0.485094451003542,1,30,0.34964927669308,9,"Cd9 Gpm6b Plp1 Id2 Tlr2 Eif2b3 Eif2b2 Prdm8 Mios"
"GOBP_OLIGODENDROCYTE_DIFFERENTIATION",0.799954227310776,0.815363511659808,1,63,0.246780650009807,11,"Tnfrsf21 Cd9 Tspan2 Tnfrsf1b Gpm6b Plp1 Id2 Nfix Notch1 Tlr2 Eif2b3"
"GOBP_OLIGOPEPTIDE_TRANSMEMBRANE_TRANSPORT",1.63834030396267,0.0122738001573564,1,13,0.694478891787859,4,"Car2 Slc26a6 Abcc4 Slc15a2"
"GOBP_OLIGOPEPTIDE_TRANSPORT",1.57398150672239,0.0238427001083759,1,15,0.64400314697921,5,"Car2 Slc26a6 Abcc4 Slc15a2 Cdh17"
"GOBP_OLIGOSACCHARIDE_METABOLIC_PROCESS",1.32379279550484,0.126561324303988,1,22,0.497461784133557,11,"B3galt2 Neu3 Ctbs St8sia6 St6galnac6 Gla St3gal4 St3gal2 Man2c1 St6galnac4 Npc1"
"GOBP_ONE_CARBON_METABOLIC_PROCESS",0.942690589777167,0.544915640674875,1,19,0.365945738134566,6,"Mthfr Mthfd1 Ahcyl2 Fpgs Shmt2 Mthfd2l"
"GOBP_OOCYTE_DIFFERENTIATION",0.806633251969537,0.763574992662166,1,33,0.279346119519567,5,"Rps6ka2 Aurka Tdrkh Npr2 Brca2"
"GOBP_OOCYTE_MATURATION",0.995602110213193,0.478920230512587,1,20,0.382102854707407,4,"Rps6ka2 Aurka Npr2 Brca2"
"GOBP_OOGENESIS",0.792771235822198,0.816238723108952,1,56,0.249054912153036,10,"Rps6ka2 Aurka Tdrkh Npr2 Brca2 Mlh1 Mei4 Diaph2 Paqr8 Ddx20"
"GOBP_ORGANELLE_DISASSEMBLY",0.705807858309685,0.944048419636853,1,74,0.212272572820273,28,"Elac1 Aurka Kif19a Ptrh1 Cdk1 Kif9 Plk3 Eif2d Ttll1 Mrpl58 Mtif2 Gspt1 Etf1 Klhdc10 Plaat3 Denr Saysd1 Usp10 Zfand1 Ascc3 Abce1 Gbf1 Kif5b Gfm2 Plin3 Ankzf1 Trnt1 Mtif3"
"GOBP_ORGANELLE_FISSION",0.930363477723088,0.677380297193176,1,369,0.234958874160399,104,"Spire1 Zwilch M1ap Lpin1 Rps6ka2 Chtf18 Kif4 Ska2 Mtfp1 Haspin Aurka Nsl1 Chek1 Ddhd2 Smpd3 Cenpk Terb1 Syde1 Osm Tdrkh Tubg2 Gen1 Pex11g Cdk1 Npr2 Cdc14b Syce2 Rcc1 Mis12 Ppargc1a Cenps Kif2c Brca2 Ggnbp1 Mlh1 Cenpc1 Ncapg Mei4 Ccne1 Wapl Msh5 Klhl22 Ncapd3 Kifc1 Nfix Cenpi Snhg15 Rgcc Arhgef10 Dhodh Kif18a Calr Ska3 Champ1 Nuf2 Kif22 Syce1 Ncapd2 Egf Lcmt1 Pdxp Prdm9 Cep97 Zwint Pinx1 Uhrf1 Mtfr1l Kpnb1 Pink1 Ran Psrc1 Rb1 Cdca8 Cdca2 Mtfr1 Chmp4c Chmp6 Kifc5b Ppp2r2d Nme6 Cenpv Rad51d Myo19 Ccnb2 Spc25 Eme2 Ino80 Fancm Cul7 Chek2 Nek2 Rangrf Esr1 Reep3 Ccdc86 Numa1 Rad54l Ndc1 Ranbp1 Zcwpw1 Cep85 Baz1b Ncapg2 Ndc80"
"GOBP_ORGANELLE_FUSION",-0.81618210025609,0.917181069958848,1,138,-0.195807363209552,26,"Anxa2 Rab3a Anxa1 Mfn1 Cplx2 Diaph3 Pip4k2b Rph3al Vat1 Bet1 Stxbp1 Vamp1 Samd9l Slamf1 Plekhm1 Oma1 Vps16 Gosr2 Vti1a Nme3 Stx5a Bnip1 Ldah Chmp7 Snap29 Vps11"
"GOBP_ORGANELLE_INHERITANCE",0.893256835845681,0.616194457346338,1,15,0.36548092267184,2,"Cdk1 Plk3"
"GOBP_ORGANELLE_LOCALIZATION",0.801314139647768,0.956498446373085,1,468,0.199216541942893,89,"Spire1 Nefh Slit1 Kif13a Bicd1 Tanc2 Fcer1g Dsn1 Ralb Slc18a2 Prkcz Ska2 Ptk2 Mreg Nsl1 Hmox1 Bicdl1 Plekhm2 Smpd3 Terb1 Syde1 Zbed3 Armcx6 Cdk1 Stx11 Ect2 Dock7 Stx2 Mis12 Pkd1 Dipk2a Kif2c Snap23 Brca2 Mlh1 Cenpc1 Msto1 Wapl Exoc8 Nr4a3 Kifc1 Snhg15 Myo7a Gpsm1 Esyt2 Btbd8 Mapk8 Kif18a Nmd3 Spout1 Wdr11 Ska3 Fes Champ1 Nuf2 Gpsm2 Kif22 Fgr Scrib Nrxn1 Nup88 Zwint Pinx1 Rab1a Trappc9 Kif13b Ttl Spg11 Kpnb1 Cln3 Ran Psrc1 Limk2 Cd84 Npm1 Rb1 Tsg101 Cdca8 Stx16 Chmp4c Snapin Chmp6 Kifc5b Polr2m Cenpv Pcm1 Myo19 Trappc3 Spc25"
"GOBP_ORGANELLE_MEMBRANE_FUSION",-0.863838687804869,0.773909211106214,1,100,-0.216456243074804,12,"Anxa2 Rab3a Anxa1 Cplx2 Diaph3 Pip4k2b Rph3al Bet1 Stxbp1 Vamp1 Samd9l Slamf1"
"GOBP_ORGANELLE_TRANSPORT_ALONG_MICROTUBULE",1.02583391460987,0.419126485908909,1,76,0.307017670490882,7,"Nefh Kif13a Bicd1 Prkcz Mreg Bicdl1 Armcx6"
"GOBP_ORGANIC_ACID_BIOSYNTHETIC_PROCESS",-0.923890891797508,0.714371980676328,1,182,-0.212915539811631,40,"Acsl4 Cyp39a1 Mgst3 Csad Acox1 Anxa1 Acss1 Prxl2b Prkab2 Cyp27a1 Acot8 Gamt Gad1 Armc5 Scd1 Gne Prkag1 Syk Nr1h2 Elovl6 Kat2b Insig2 Plod1 Tmem135 Pck2 Srebf1 Lpgat1 Stard4 Gstm1 Acsl3 Mtrr Erlin1 Cd74 Daglb Cop1 Insig1 Pnpla8 Kmo Ceacam1 Wdtc1"
"GOBP_ORGANIC_ACID_CATABOLIC_PROCESS",1.03921307611906,0.390950560966589,1,145,0.285662038156538,48,"Tha1 Lpin1 Acad8 Acad12 Pon3 Cryl1 Hmgcll1 Acad11 Gcsh Slc16a1 Mtln Gcdh Nudt8 Mlycd Sord Bcat1 Prodh Etfdh Nudt19 Kyat3 Gpt2 Acad10 Dld Aldh6a1 Kynu Gstz1 Aasdhppt Amdhd2 Nudt7 Sesn2 Dcxr Acsl5 Acot7 Cpt1a Ehhadh Bckdhb Pex2 Mccc2 Cpt2 Lonp2 Ldhb Dlst Ldha Gnpda2 Echs1 Slc25a44 Abcd4 Dlat"
"GOBP_ORGANIC_ACID_TRANSPORT",0.871777637292756,0.740863379936228,1,151,0.238337849122008,22,"Abcb1b Slc38a6 Slc7a7 Apoe Slc36a3 Slc26a10 Slc16a7 Emb Slc26a6 Slc12a2 Slc6a20b Abcc4 Slc23a2 Slc5a6 Slc16a1 Ttyh2 Slc43a3 Slc7a5 Fabp5 Sfxn2 Cacna1a Slc16a10"
"GOBP_ORGANIC_ANION_TRANSPORT",0.991698534861548,0.486515009380863,1,206,0.262245855667546,65,"Abcb1b Mttp Slc38a6 Slc25a42 Slc2a3 Slc7a7 Apoe Slc36a3 Slc26a10 Slc17a9 Slc16a7 Slc25a47 Emb Slc39a6 Slc26a6 Slc12a2 Slc6a20b Abcc4 Slc23a2 Slc5a6 Slc16a1 Ttyh2 Slc43a3 Tmem241 Slc7a5 Fabp5 Sfxn2 Cacna1a Slc35b2 Slc16a10 Slc37a1 Slco5a1 Hrh2 Mif Slc19a1 Slc25a1 Slc26a2 Slc25a22 Slc35d1 Slc3a2 Slc7a1 Gipc1 Slc37a4 Slc6a13 Slc43a2 Slc17a5 Slc4a8 Cln3 Acsl5 Slc27a1 Myc Slc25a20 Slc6a6 Slc35a2 Slc25a40 Cpt2 Slc4a11 Calhm6 Nmb Slc7a6 Slc25a25 Slc25a4 Slc35a1 Slc25a13 Vps54"
"GOBP_ORGANIC_CATION_TRANSPORT",-1.16298558628638,0.197615606936416,1,59,-0.318670883001458,9,"Llgl2 Slc25a26 Adora2a Scn4a Mfsd12 Slc43a1 Slc36a1 Kcnb1 Slc36a4"
"GOBP_ORGANIC_HYDROXY_COMPOUND_TRANSPORT",1.22453838607096,0.11739184331226,1,139,0.338155288264332,27,"Abcb1b Mttp Xlr4b Fcer1g Xlr4a Apoe Slc18a2 Slc16a7 Emb Gramd1c Slc26a6 Slc29a4 Chrnb2 Smpd3 Abcc4 Slc29a3 Gpm6b Rab3b Slc16a1 Slc44a1 Lipc Gramd1b Ttc39b Ptch1 Itgb3 Slc49a4 Flvcr1"
"GOBP_ORGANISM_EMERGENCE_FROM_PROTECTIVE_STRUCTURE",1.05427828838638,0.400148920327625,1,23,0.391973354470419,6,"Pemt St8sia6 Ctr9 Tbl1xr1 Ccdc62 Cmtm3"
"GOBP_ORGANOPHOSPHATE_BIOSYNTHETIC_PROCESS",0.948080283470257,0.63840587536451,1,430,0.236919408334566,118,"Pnp2 Pemt Nmnat3 Lpin1 Dctd Slc25a42 Uck2 Tk1 Pi4k2b Pdxk Adcy3 Tmem38b Nme4 Gphn Dgkh Pigb Tamm41 Ada Pcca Tmem150a Npr2 Papss1 Fabp5 Pgs1 Pigf Serinc4 Ptpmt1 Impdh1 Lpcat1 Gcdh Gfpt1 Atpsckmt Pfas Plscr1 Mthfd1 Thtpa Nmnat1 Lpcat4 Mlycd Flvcr1 Nadk2 Crls1 Dgkq Ppip5k2 Ppcs Uxs1 Tpk1 Dhodh Letmd1 Bscl2 Mocs3 Arrb1 Impa2 Agpat4 Pip4k2a Dld Kynu Pigl Tpi1 Fasn Fuom Vdac1 Mthfd2l Mocos Amdhd2 Mvk Paics Fam3a Fcsk Atic Pgm3 Nanp Ndufa8 Inpp4a Piga Cln3 Acsl5 Acot7 Gpat3 Cox11 Prps1l3 Ndufv3 Gmpr2 Dip2a Mocs2 Myc Ppip5k1 Ndufa9 Mpi Ndufa5 Nme6 Aprt Gmps Nme2 Sdhc Pank4 Adk Entpd1 Dlst Gmppa Slc19a2 Inpp5e Slc25a13 Prpsap2 Ppcdc Pdk1 Pdhx Gnpda2 Pank1 Dgke Mdh1 Nme1 Plaat3 Ampd2 Parp1 Guk1 Ndufc1 Dlat"
"GOBP_ORGANOPHOSPHATE_CATABOLIC_PROCESS",0.940847150894735,0.602621677388033,1,163,0.254864435446229,44,"Mttp Eno3 Dnph1 Pde8a App Fhit Napepld Synj2 Smpd3 Bpgm Lipc Zbtb20 Ada Aldoc Ppargc1a Nudt8 Git1 Mlycd Nudt19 Pfkfb1 Pfkfb2 Gale Pfkl Pfkp Tpi1 Scarb1 Jmjd8 Pdxp Nudt7 Pgm1 Dctpp1 Ran Acot7 Plpp6 Gmpr2 Myc Mpi Pank4 Prdx6 Entpd1 Xpo4 Pde2a Nme1 Hk2"
"GOBP_ORGANOPHOSPHATE_ESTER_TRANSPORT",1.11312081353897,0.267076765346662,1,109,0.316712072124114,17,"Abcb1b Mttp Slc25a42 C2cd2l Apoe Slc17a9 Slc25a47 Kcnn4 Xkr8 Abcc4 Plscr3 Nme4 Tmem241 Tmem63b Slc35b2 Plscr1 Prelid2"
"GOBP_ORGAN_GROWTH",0.976885521814178,0.508726899383984,1,108,0.278262699046649,22,"Dll1 Ahr Wwc1 Ptk2 Col27a1 Cdk20 Tlr4 Smpd3 Tmem38b Cdk1 Npr2 Ankrd26 Dipk2a Ift80 Ext1 Flvcr1 Notch1 Rag2 Wwc2 Fes Stk3 Ctdspl2"
"GOBP_ORGAN_OR_TISSUE_SPECIFIC_IMMUNE_RESPONSE",1.33607159313684,0.131498960166373,1,10,0.604344958535676,2,"6030468B19Rik Zbtb46"
"GOBP_OSSIFICATION",1.2196945520466,0.0969832665566816,1,199,0.323821990230478,38,"Slc8a1 Intu P3h1 Dhrs3 Cd276 Crim1 Bmpr2 Smad3 Nr1i3 Hspg2 Alpl Ahr Ptk2 Vegfa Snx10 Fndc3b Smpd3 Tmem38b Gpm6b Lef1 Npr2 Runx2 Noct Ift80 Id2 Ptch1 A430033K04Rik Git1 Ext1 Snai1 Slc20a2 Nfix Wwox Fzd9 Ccr1 Mapk8 Nfatc1 Notch1"
"GOBP_OSTEOBLAST_DIFFERENTIATION",1.21699274930453,0.146236838684518,1,95,0.352321201745951,20,"Cd276 Crim1 Bmpr2 Smad3 Nr1i3 Ahr Ptk2 Vegfa Fndc3b Lef1 Runx2 Noct Ift80 Id2 Ptch1 A430033K04Rik Snai1 Wwox Nfatc1 Notch1"
"GOBP_OSTEOBLAST_PROLIFERATION",0.948931155850033,0.540444581661007,1,16,0.382632162862376,4,"Smad3 Ahr Ift80 Itgb3"
"GOBP_OSTEOCLAST_DIFFERENTIATION",0.960419826051312,0.534963648380701,1,85,0.282770865654355,13,"Cd300lf Car2 Trf Fcer1g Snx10 Tjp2 Gpr55 Ift80 Itgb3 Nfix Ccr1 Nfatc1 Fbxw7"
"GOBP_OUTFLOW_TRACT_MORPHOGENESIS",1.38513536183496,0.0739653654241268,1,33,0.479687872268054,4,"Eng Dhrs3 Bmpr2 Vegfa"
"GOBP_OVARIAN_FOLLICLE_DEVELOPMENT",1.03142917272173,0.420381252687401,1,41,0.342695302031363,8,"Angpt1 Ahr Vegfa Gas2 Npr2 Ctnna1 Immp2l Arrb1"
"GOBP_OVULATION_CYCLE",1.02210991118415,0.436850578076979,1,34,0.351920385118165,12,"Car2 Slc26a6 Gas2 Npr2 Nrip1 Notch1 Arrb1 Casp2 Afp Pcna Stat5a Esr1"
"GOBP_OVULATION_CYCLE_PROCESS",0.931047775080146,0.567535545023697,1,26,0.338296399782596,10,"Gas2 Npr2 Nrip1 Notch1 Arrb1 Casp2 Afp Stat5a Esr1 Mfn2"
"GOBP_OXIDATIVE_PHOSPHORYLATION",0.600753590092101,0.997335701598579,1,116,0.169754483995786,52,"Cdk1 Tefm Atpsckmt Atp7a Shmt2 Coq9 Dld Ndufa8 1700066M21Rik Pink1 Ndufv3 Myc Ndufa9 Ndufa5 Sirt3 Sdhc Pde2a Slc25a23 Ndufc1 Iscu Bid Uqcc2 Ndufa10 Uqcr10 Uqcrq Msh2 Dguok Ndufa13 Uqcr11 Ndufa3 Etfrf1 Ndufab1 Cycs Cox6b2 Vcp Cox6c Ndufa12 Uqcrb Ndufv1 Dnajc30 Sdhaf2 Cox6b1 Ndufs3 Ndufaf1 Ndufb6 Ccnb1 Sdhd Ndufb4 Cox7c Ndufa1 Cox8a Ndufb5"
"GOBP_P38MAPK_CASCADE",-1.15156073515803,0.227593507410021,1,50,-0.326418802294832,16,"Mapk11 Nr2c2 Gadd45a Tab3 Dusp10 Rell2 Ager Cyld Mink1 Fbxo31 Phlpp1 Zfp36 Tab2 Map3k4 Ezr Spi1"
"GOBP_PALLIUM_DEVELOPMENT",-0.765361739835198,0.957456978967495,1,118,-0.187213759058104,14,"Reln Tubb2b Kif3a Tubb2a Fos Pex5 Tacc3 Casp3 Xrcc1 Mcph1 Tsc1 Tuba1a Sun1 Fbxo45"
"GOBP_PANCREAS_DEVELOPMENT",1.20505898718544,0.20851818988465,1,31,0.422866585535229,5,"Ift88 Dll1 Nphp3 Gdf11 Pde3b"
"GOBP_PATTERN_SPECIFICATION_PROCESS",1.29045451072561,0.0525116892458938,1,180,0.346207309253261,33,"Eng Intu Ift88 Tbc1d32 Cdon Meis3 Asph Ttc8 Cfap45 Dll1 Nrarp Dnaaf3 Bmpr2 Smad3 Nphp3 Gas8 Aurka Gdf11 Mns1 Dand5 Lef1 Tdrkh Tmem67 Tbx6 Rpgrip1l Ift140 Xrcc2 Ptch1 Traf3ip1 Ext1 Snai1 Bmi1 Eya1"
"GOBP_PENTOSE_METABOLIC_PROCESS",1.06028664848144,0.40825467925132,1,10,0.479599217514998,6,"Fggy Dhdh Rbks Uxs1 Dcxr Pgd"
"GOBP_PENTOSE_PHOSPHATE_SHUNT",0.739622128181757,0.821705426356589,1,19,0.287116015130808,5,"Shpk Hsd11b1 Rbks Prps1l3 Pgd"
"GOBP_PEPTIDE_ANTIGEN_ASSEMBLY_WITH_MHC_CLASS_II_PROTEIN_COMPLEX",-1.55815422167628,0.0533191149026926,1,10,-0.648737050987402,7,"H2-DMb1 H2-Ob H2-DMa H2-DMb2 H2-Ab1 H2-Eb1 H2-Aa"
"GOBP_PEPTIDE_ANTIGEN_ASSEMBLY_WITH_MHC_PROTEIN_COMPLEX",-0.937302553902466,0.540936512496409,1,17,-0.340031460150492,7,"H2-DMb1 H2-Ob H2-DMa H2-DMb2 H2-Ab1 H2-Eb1 H2-Aa"
"GOBP_PEPTIDE_BIOSYNTHETIC_PROCESS",1.14118869983119,0.308733280881196,1,13,0.483740442484806,9,"Gss Mgst2 Nod2 Gclm Lgals4 Eif2ak3 Gclc Dmd Bloc1s6"
"GOBP_PEPTIDE_CATABOLIC_PROCESS",0.728570395630004,0.81650935850264,1,10,0.32955408063394,3,"Thop1 Ide Erap1"
"GOBP_PEPTIDE_METABOLIC_PROCESS",1.00706647622619,0.467530555146517,1,28,0.359817382669949,13,"Lancl2 Thop1 Gss Ide Mgst2 Nod2 Cpd Erap1 Gclm Lgals4 Eif2ak3 Gclc Lancl1"
"GOBP_PEPTIDE_TRANSPORT",-1.07618801451421,0.243162901307967,1,172,-0.250451738431149,32,"Ccl5 Acsl4 Chd7 Cdk16 Rab3a Kalrn Itsn1 Kcnb1 Anxa1 Mgst1 Slc8b1 Sirt6 Irs2 Clcf1 Rph3al Pde4c Cd38 Ptger4 Jak2 Tcf7l2 Tnf Trpm5 Foxo1 Osbp Nucb2 Ndufaf2 Birc5 Ensa Aacs Pck2 Ffar1 Srebf1"
"GOBP_PEPTIDYL_AMINO_ACID_MODIFICATION",1.07537207856952,0.274452077199869,1,397,0.270326292627518,106,"Zdhhc1 Il9r Zdhhc2 Smyd2 Il12rb1 Asph Fer Zfyve28 Rps6ka2 Angpt1 Srcin1 Cass4 Prkcz Setd6 Ptk2 Il15 Aurka Ggcx Vegfa Chek1 Tlr4 Hhat Pdf Ifih1 Rab3b Osm Dph2 Ercc6 Cdk1 Ncoa7 Tnfrsf18 Pkd1 Il12a Lipt2 Atpsckmt Slc35b2 Traf3ip1 Ogfod1 Itgb3 Qpctl Eya1 Vps25 Hmg20a Ncl Ptpn22 Atp7a Mapk8 Ndufaf7 Dph1 Senp3 Cdk5r1 Hipk3 Ttll1 Desi1 Fes Lipt1 Fgr Atat1 Jak3 Zdhhc21 Ttbk2 Egf Eef2kmt Bola3 Prkca Rab3d Tpst2 Ptpn4 Prlr Naa20 Cfap20 Esco1 Nod2 Gnl3 Nmt2 Eef1akmt2 Tsg101 Prmt3 Dip2a Eef1akmt1 Prdm1 Ikbke Plod3 Acvr1b Chmp6 Csf1r Cbx4 Fn3krp Nat8f4 Smc5 Sirt3 Tnfrsf14 Prkdc Paqr3 Hmg20b Stat5a Sptbn4 Bloc1s1 Chek2 Inpp5k Sirt5 Ntmt1 Hdac2 Lmtk2 Socs4 Pdk1"
"GOBP_PEPTIDYL_GLUTAMIC_ACID_MODIFICATION",0.599254275353186,0.943413586873179,1,17,0.238632543293128,4,"Ggcx Ttll1 Naa20 Cfap20"
"GOBP_PEPTIDYL_LYSINE_ACETYLATION",0.546282771581518,0.975169300225734,1,22,0.205284998615459,9,"Atat1 Esco1 Dip2a Nat8f4 Smc5 Sirt3 Bloc1s1 Hdac2 Bag6"
"GOBP_PEPTIDYL_LYSINE_METHYLATION",1.18147487909014,0.257935899401932,1,17,0.470482008773411,6,"Smyd2 Setd6 Atpsckmt Eef2kmt Eef1akmt2 Eef1akmt1"
"GOBP_PEPTIDYL_LYSINE_MODIFICATION",0.768869479672697,0.893751613736122,1,104,0.220301880716707,29,"Smyd2 Setd6 Ifih1 Lipt2 Atpsckmt Eya1 Hmg20a Atp7a Senp3 Desi1 Lipt1 Atat1 Eef2kmt Bola3 Esco1 Gnl3 Eef1akmt2 Dip2a Eef1akmt1 Plod3 Cbx4 Fn3krp Nat8f4 Smc5 Sirt3 Hmg20b Bloc1s1 Sirt5 Hdac2"
"GOBP_PEPTIDYL_PROLINE_MODIFICATION",0.8750169753664,0.639737641977284,1,10,0.395796228594508,4,"Ogfod1 Ntmt1 P4ha1 Crtap"
"GOBP_PEPTIDYL_SERINE_MODIFICATION",0.642706735111932,0.989106753812636,1,109,0.182866926365579,31,"Rps6ka2 Angpt1 Prkcz Aurka Osm Ercc6 Cdk1 Pkd1 Mapk8 Cdk5r1 Hipk3 Ttbk2 Prkca Ikbke Prkdc Paqr3 Sptbn4 Chek2 Inpp5k Ntmt1 Lmtk2 Pdk1 Map2k2 Srpk2 Blvra Bak1 Tgfbr1 Cnksr3 Nek6 Pdk3 Hipk2"
"GOBP_PEPTIDYL_THREONINE_PHOSPHORYLATION",-0.623678174202686,0.975206611570248,1,41,-0.183896916553018,6,"Irgm2 Bcl2 Sbk1 Irgm1 Cdk10 Map3k10"
"GOBP_PEPTIDYL_TYROSINE_DEPHOSPHORYLATION",-0.556067590353337,0.963004172461752,1,14,-0.211865845419884,2,"Dusp6 Dusp5"
"GOBP_PEPTIDYL_TYROSINE_MODIFICATION",1.0825679262146,0.312665406427221,1,122,0.304159857567232,32,"Il9r Il12rb1 Fer Zfyve28 Angpt1 Srcin1 Cass4 Ptk2 Il15 Vegfa Tlr4 Osm Tnfrsf18 Il12a Slc35b2 Traf3ip1 Itgb3 Vps25 Ncl Ptpn22 Fes Fgr Jak3 Egf Prkca Tpst2 Ptpn4 Prlr Nod2 Tsg101 Chmp6 Csf1r"
"GOBP_PERICARDIUM_DEVELOPMENT",1.14925093301869,0.309785202863962,1,11,0.508191759848829,4,"Smad3 Rpgrip1l Notch1 Dll4"
"GOBP_PERIPHERAL_NERVOUS_SYSTEM_AXON_ENSHEATHMENT",-0.594238573801572,0.94750283768445,1,16,-0.218352289014803,6,"Dag1 Slc25a46 Akt2 Itgb4 Sirt2 Ilk"
"GOBP_PERIPHERAL_NERVOUS_SYSTEM_DEVELOPMENT",0.666205301371815,0.939712230215827,1,40,0.222494394011983,3,"Nefh Osm Erbb3"
"GOBP_PERK_MEDIATED_UNFOLDED_PROTEIN_RESPONSE",-0.579351236286215,0.966842723004695,1,20,-0.201198529684039,4,"Rpap2 Abca7 Nck2 Akt2"
"GOBP_PEROXISOMAL_TRANSPORT",-0.756903906581104,0.797828638497653,1,20,-0.262859459992571,4,"Pex5 Trim37 Pex7 Pex6"
"GOBP_PEROXISOME_ORGANIZATION",-1.00315862357208,0.44320987654321,1,31,-0.315488186273174,7,"Acox1 Pex5 Acot8 Trim37 Pex7 Tmem135 Pex6"
"GOBP_PEROXISOME_PROLIFERATOR_ACTIVATED_RECEPTOR_SIGNALING_PATHWAY",0.623181155851271,0.925190839694657,1,18,0.245042707296191,8,"Fabp5 Fam120b Paqr3 Cited2 Pdk3 Huwe1 Asxl1 Stard10"
"GOBP_PHAGOCYTOSIS",1.24211207591137,0.0959558823529412,1,149,0.340033735823788,38,"Cd300lf Ighg3 Fcer1g Pear1 Il15ra Ptk2 Il15 Sirpa Havcr1 Abr Xkr8 Tlr4 Pip4p2 Lyst Elmo3 Sh3bp1 Tusc2 Plscr1 Itgb3 Nfix Rab20 Myo7a Letmd1 Calr Rab39 Tlr2 C2 Fgr Scarb1 Rara Rab31 Abca1 Spg11 Mesd Cln3 Nod2 Ticam2 Itgal"
"GOBP_PHAGOCYTOSIS_ENGULFMENT",1.41591356742886,0.0612244897959184,1,31,0.496857450165225,6,"Ighg3 Fcer1g Sirpa Havcr1 Xkr8 Sh3bp1"
"GOBP_PHAGOCYTOSIS_RECOGNITION",1.43337469814645,0.0702087286527514,1,12,0.619495000715135,5,"Ighg3 Pear1 Sirpa C2 Scarb1"
"GOBP_PHAGOLYSOSOME_ASSEMBLY",1.27137199465507,0.18472553699284,1,11,0.562192949184032,5,"Rab20 Myo7a Rab39 Spg11 Cln3"
"GOBP_PHAGOSOME_MATURATION",1.52495396044945,0.0307715628315901,1,21,0.579606234870342,9,"Slc9a9 Mreg Rab32 Rab20 Myo7a Rab39 Rab31 Spg11 Cln3"
"GOBP_PHENOL_CONTAINING_COMPOUND_BIOSYNTHETIC_PROCESS",-0.748516260316192,0.803973122991528,1,19,-0.263746974831294,6,"Mfsd12 Cyp2d22 Appl1 Rapgef2 Gch1 Zeb2"
"GOBP_PHENOL_CONTAINING_COMPOUND_METABOLIC_PROCESS",0.775848130924079,0.819374369323915,1,39,0.260350906640317,7,"Chrnb2 Ddc Pde1b Spr Aoc2 Slc16a10 Atp7a"
"GOBP_PHOSPHATE_ION_TRANSMEMBRANE_TRANSPORT",-0.97467505151925,0.483604372167422,1,10,-0.405805670451124,3,"Ank Slc25a10 Slc34a1"
"GOBP_PHOSPHATE_ION_TRANSPORT",-0.873684227459614,0.621974965229485,1,14,-0.332880122294361,3,"Ank Slc25a10 Slc34a1"
"GOBP_PHOSPHATIDIC_ACID_BIOSYNTHETIC_PROCESS",0.857366485624342,0.662486453011302,1,15,0.350796189471347,4,"Lpin1 Dgkh Dgkq Bscl2"
"GOBP_PHOSPHATIDIC_ACID_METABOLIC_PROCESS",0.988064546989857,0.487041864744671,1,17,0.39346295134398,5,"Lpin1 Dgkh Lipc Dgkq Bscl2"
"GOBP_PHOSPHATIDYLCHOLINE_BIOSYNTHETIC_PROCESS",1.22029392425251,0.22105588144489,1,16,0.492052242869288,3,"Pemt Fabp5 Lpcat1"
"GOBP_PHOSPHATIDYLCHOLINE_METABOLIC_PROCESS",0.903262978007048,0.623298697497439,1,34,0.311000462479568,5,"Pemt Lipc Fabp5 Lpcat1 Lpcat4"
"GOBP_PHOSPHATIDYLETHANOLAMINE_METABOLIC_PROCESS",1.06435761989199,0.389618320610687,1,18,0.418518869289928,3,"Lpin1 Napepld Lipc"
"GOBP_PHOSPHATIDYLGLYCEROL_METABOLIC_PROCESS",1.09511839314729,0.356745909231244,1,16,0.441578418810542,4,"Tamm41 Pgs1 Ptpmt1 Crls1"
"GOBP_PHOSPHATIDYLINOSITOL_3_KINASE_PROTEIN_KINASE_B_SIGNAL_TRANSDUCTION",0.814009204173954,0.883811547998583,1,198,0.216217027410304,34,"Eng Lime1 Ryk Meis3 Fer Angpt1 Cass4 Pear1 Ptk2 Vegfa Smpd3 Osm Pde3b Them4 Erbb3 Dipk2a Plk3 Ift80 Vav3 Rgcc Txn1 Usp49 Stk3 Sema5a Fgr Mfhas1 Mydgf Egf Xbp1 Rara Nrxn1 Prkca Sesn2 Tmem100"
"GOBP_PHOSPHATIDYLINOSITOL_3_PHOSPHATE_BIOSYNTHETIC_PROCESS",-1.19079685749715,0.238991888760139,1,18,-0.425459186910316,3,"Pik3r4 Pik3cg Pik3c2b"
"GOBP_PHOSPHATIDYLINOSITOL_BIOSYNTHETIC_PROCESS",-0.786821645971086,0.901487736228388,1,80,-0.204676088477648,6,"Pgap1 Pgap3 Pik3r4 Pip4k2b Pik3cg Pik3c2b"
"GOBP_PHOSPHATIDYLINOSITOL_DEPHOSPHORYLATION",0.648399858233007,0.921072226358898,1,23,0.241070569572985,2,"Synj2 Pip4p2"
"GOBP_PHOSPHATIDYLINOSITOL_MEDIATED_SIGNALING",-1.39558386694263,0.103575482406356,1,16,-0.512805706821732,4,"Plcb3 Pik3cg Pik3c2b Synj1"
"GOBP_PHOSPHATIDYLINOSITOL_METABOLIC_PROCESS",-0.755660916699107,0.961996336996337,1,112,-0.185616449207109,22,"Pgap1 Pgap3 Pik3r4 Pip4k2b Plcb3 Pik3cg Pik3c2b Synj1 Inpp5b Pigv Pik3r5 Inpp5f Ipmk Pip5k1b Lpgat1 Pigyl Vac14 Ip6k1 Inpp5a Pip4p1 Ttc7 Plcb2"
"GOBP_PHOSPHATIDYLINOSITOL_PHOSPHATE_BIOSYNTHETIC_PROCESS",-0.732327248341378,0.904634878292764,1,43,-0.213954794461073,4,"Pik3r4 Pip4k2b Pik3cg Pik3c2b"
"GOBP_PHOSPHATIDYLSERINE_METABOLIC_PROCESS",1.03298421331178,0.443118536197295,1,11,0.456779324842573,3,"Lipc Plscr1 Lpcat4"
"GOBP_PHOSPHOLIPASE_C_ACTIVATING_G_PROTEIN_COUPLED_RECEPTOR_SIGNALING_PATHWAY",0.903336256744237,0.626906474820144,1,40,0.301689663260709,7,"Bicd1 Cxcr2 Vegfa Ptger1 Dgkh Gpr55 Rasgrp4"
"GOBP_PHOSPHOLIPID_BIOSYNTHETIC_PROCESS",-0.90171742857627,0.781212841854935,1,172,-0.209848738802889,37,"Idi1 Pgap1 Pgap3 Idh1 Pik3r4 Pip4k2b Dgka Fitm2 Pik3cg Etnk1 Pik3c2b Hexb Chp1 Sgms1 Capn2 Pmvk Acat2 Gpam Acat3 Abhd8 Agpat2 Osbp Pigv Lpcat2 Agpat1 Pip5k1b Lpgat1 Hmgcs1 Pigyl Dgkz Acsl3 Vac14 Ptdss1 Selenoi Sphk2 Ip6k1 Chka"
"GOBP_PHOSPHOLIPID_CATABOLIC_PROCESS",-0.77160475834969,0.81832298136646,1,29,-0.247394278047885,9,"Idh1 Smpdl3a Plcb3 Ldlr Inpp5f Abhd16a Pnpla8 Pla2g4b Abhd6"
"GOBP_PHOSPHOLIPID_DEPHOSPHORYLATION",1.06468527256784,0.386611618991448,1,29,0.377987764240063,4,"Plppr3 Synj2 Plpp5 Pip4p2"
"GOBP_PHOSPHOLIPID_METABOLIC_PROCESS",0.685439657460052,0.995527009978209,1,246,0.17824556477785,27,"Pemt Lpin1 Pi4k2b Plppr3 Napepld Synj2 Plpp5 Smpd3 Tmem38b Pip4p2 Lyst Dgkh Lipc Pigb Tamm41 Tmem150a Fabp5 Pgs1 Pigf Serinc4 Ptpmt1 Lpcat1 Plscr1 Lpcat4 Flvcr1 Crls1 Dgkq"
"GOBP_PHOSPHOLIPID_TRANSPORT",1.31177769359873,0.0950860632981677,1,57,0.411382118613832,11,"Abcb1b Mttp C2cd2l Apoe Kcnn4 Xkr8 Plscr3 Nme4 Tmem63b Plscr1 Prelid2"
"GOBP_PHOTOPERIODISM",0.98732428319909,0.490222828558436,1,21,0.375263335958301,8,"Usp2 Agrp Id2 Per3 Cry2 Cry1 Nr2f6 Mta1"
"GOBP_PHOTORECEPTOR_CELL_DEVELOPMENT",1.60232387786645,0.0136255924170616,1,26,0.582204709227995,18,"Fam151b Rab37 Vegfa Samd11 Rabl2 Tmem67 Rpgrip1l Ift140 Prkci Bbs1 Tmem216 Rdh13 Arl3 Tug1 Prdm1 Rom1 Rpgr Rpgrip1"
"GOBP_PHOTORECEPTOR_CELL_DIFFERENTIATION",1.56175380474712,0.01561144839549,1,37,0.528713069540081,15,"Ttc8 Fam151b Rab37 Vegfa Bbs10 Samd11 Rabl2 Tmem67 Rpgrip1l Ift140 Prkci Bbs1 Tmem216 Notch1 Rdh13"
"GOBP_PHOTORECEPTOR_CELL_MAINTENANCE",0.969081234127588,0.514558689717925,1,20,0.371924388473059,6,"Nphp3 Bbs10 Ercc6 Bbs1 Tmem216 Bsg"
"GOBP_PHYSIOLOGICAL_CARDIAC_MUSCLE_HYPERTROPHY",-1.07320123430523,0.355076923076923,1,26,-0.352551497961991,13,"Map2k4 G6pdx Foxp1 Trip10 Pak1 Dyrk1a Sirt1 Yy1 Akap13 Ep300 Rgs2 Sorbs2 Ddx39b"
"GOBP_PIECEMEAL_MICROAUTOPHAGY_OF_THE_NUCLEUS",-0.770777219706426,0.764755959137344,1,16,-0.283221213942202,6,"Atg4c Rb1cc1 Ulk2 Atg2a Atg4d Ulk3"
"GOBP_PIGMENTATION",-0.759543081477532,0.920326467158958,1,73,-0.20026291057391,21,"Mfsd12 Rab27a Rab29 Bcl2 Hps5 Bcl2l11 Ap1s2 Abcb6 Ap1m1 Atrn Vps33b Vhl Ap1s3 Spns2 Ap1g1 Vps33a Enpp1 Atp6ap2 Hps4 Zeb2 Ap3b1"
"GOBP_PIGMENT_BIOSYNTHETIC_PROCESS",-0.788238581304094,0.814617314930991,1,33,-0.245526479631603,9,"Slc11a2 Mfsd12 Fxn Appl1 Rapgef2 Hmbs Cox10 Snx3 Zeb2"
"GOBP_PIGMENT_CELL_DIFFERENTIATION",-0.741222089336284,0.817781690140845,1,20,-0.257413439729187,7,"Rab27a Bcl2 Ap1m1 Ap1g1 Enpp1 Hps4 Zeb2"
"GOBP_PIGMENT_GRANULE_LOCALIZATION",0.571337239823186,0.955101408886825,1,15,0.233765758276755,3,"Mreg Myo7a Rab1a"
"GOBP_PIGMENT_GRANULE_ORGANIZATION",0.77912732841468,0.802465512180804,1,33,0.269820510464782,4,"Kif13a Apoe Lyst Rab32"
"GOBP_PIGMENT_METABOLIC_PROCESS",-0.92612300167812,0.578526175391797,1,43,-0.270573649851884,11,"Slc11a2 Mfsd12 Bcl2 Abcb6 Hmox2 Fxn Appl1 Rapgef2 Vhl Hmbs Cox10"
"GOBP_PINOCYTOSIS",-1.1406618224035,0.288051416885773,1,19,-0.401923272631897,12,"Carmil1 Ehd4 Nr1h2 Appl1 Mapkapk3 Pycard Appl2 Snx5 Dnm2 Dock2 Ankfy1 Snx33"
"GOBP_PLACENTA_BLOOD_VESSEL_DEVELOPMENT",0.939929045262989,0.553834698436337,1,23,0.349459099076969,7,"Socs3 Syde1 Pkd1 Fosl1 Fbxw8 Ncoa6 Rbm15"
"GOBP_PLACENTA_DEVELOPMENT",0.898974091313369,0.664794985635936,1,93,0.261283225780588,17,"Slc8a1 Bmpr2 Socs3 Ccnf Lef1 Syde1 Ada Pkd1 Fosl1 Fbxw8 Snai1 Ncoa6 Stk3 Rbm15 Pbrm1 Bsg Egln1"
"GOBP_PLASMA_CELL_DIFFERENTIATION",1.08427221236406,0.381538953767397,1,10,0.490448602147199,2,"Lilrb4a Xbp1"
"GOBP_PLASMA_LIPOPROTEIN_PARTICLE_CLEARANCE",1.0320640507392,0.425018615040953,1,23,0.383714255005424,5,"Mttp Rbm47 Apoe Lipc Itgb3"
"GOBP_PLASMA_MEMBRANE_ORGANIZATION",0.615853912279133,0.992594551705898,1,87,0.180899854705139,8,"Cd9 Tlcd1 Xkr8 Plscr3 Stx2 Pacsin1 Tmem63b Plscr1"
"GOBP_PLASMA_MEMBRANE_PHOSPHOLIPID_SCRAMBLING",1.39951490193293,0.0900078678206137,1,13,0.593242780992539,4,"Xkr8 Plscr3 Tmem63b Plscr1"
"GOBP_PLASMA_MEMBRANE_REPAIR",-1.14412538861934,0.271735837624962,1,25,-0.377876830136574,2,"Anxa2 Rab3a"
"GOBP_PLASMA_MEMBRANE_TUBULATION",-0.922645100416827,0.556328233657858,1,14,-0.351534575316851,3,"Ehd2 Snx9 Wasl"
"GOBP_PLATELET_ACTIVATION",0.873248267926206,0.680027835768963,1,49,0.279654016149458,5,"Cd9 Fcer1g Apoe Pear1 Tlr4"
"GOBP_PLATELET_AGGREGATION",0.746901227031493,0.84329017068864,1,32,0.260401630083956,9,"Cd9 Pear1 Itgb3 Gla Pdia3 Prkca Pdia6 Entpd1 Bloc1s4"
"GOBP_PLATELET_DENSE_GRANULE_ORGANIZATION",-1.14987047074342,0.278118609406953,1,19,-0.405168029320167,7,"Hps5 Ap1s2 Ap1m1 Ap1s3 Ap1g1 Hps4 Ap3b1"
"GOBP_PLATELET_DERIVED_GROWTH_FACTOR_RECEPTOR_SIGNALING_PATHWAY",1.11539411773524,0.300143884892086,1,40,0.372511203076613,7,"Fer Apoe Vegfa Smpd3 Npr2 Itgb3 Nr4a3"
"GOBP_PLATELET_MORPHOGENESIS",-0.660121675459247,0.900347624565469,1,18,-0.235854528448351,9,"Cib1 Tpm4 Vps33a Wdr1 Actn1 Ep300 Myh9 Ptpn11 Mef2c"
"GOBP_PODOSOME_ASSEMBLY",0.768556553749196,0.780708480294433,1,17,0.306051391919865,3,"Tns3 Kif9 Mapk8"
"GOBP_POLARIZED_EPITHELIAL_CELL_DIFFERENTIATION",1.31653527179174,0.149085123309467,1,11,0.582163875140417,5,"Ttc8 Sh3bp1 Scrib Crb3 Rab10"
"GOBP_POLYAMINE_BIOSYNTHETIC_PROCESS",1.22700200350223,0.223324268117101,1,10,0.555009535970126,4,"Oaz2 Srm Amd2 Odc1"
"GOBP_POLYAMINE_METABOLIC_PROCESS",0.871221453768275,0.647678992918961,1,13,0.369303561812751,4,"Oaz2 Srm Amd2 Odc1"
"GOBP_POLYOL_BIOSYNTHETIC_PROCESS",-0.75058382294376,0.870576671035387,1,40,-0.222389185318615,9,"Ippk Cyp27a1 Ephx1 Pck2 Ipmk Sphk2 Ip6k1 Acer3 Gch1"
"GOBP_POLYOL_METABOLIC_PROCESS",0.732356779061273,0.912609575185435,1,69,0.222501948643601,12,"Synj2 Mogat1 Coq3 Asah2 Spr Sord Grk3 Ppip5k2 Cyp2r1 Arrb1 Impa2 Tpi1"
"GOBP_POLYSACCHARIDE_BIOSYNTHETIC_PROCESS",0.558070196159657,0.987530457216569,1,41,0.185420423898785,18,"Ppp1r3e Smpd3 Gfpt1 Ext1 Egf Epm2aip1 Pgm1 Inpp5k Ppp1r3f Ptges3 Pask Dyrk2 Agl Insr Cd36 Acadm Gsk3b Nr1d1"
"GOBP_POLYSACCHARIDE_CATABOLIC_PROCESS",0.996445446069828,0.479032980152216,1,25,0.364881607974267,3,"Phkg1 Ppp1r3e Gabarapl1"
"GOBP_POLYSACCHARIDE_METABOLIC_PROCESS",0.593885328000358,0.993269619060439,1,73,0.178936484512459,17,"Phkg1 Ppp1r3e Smpd3 Gabarapl1 Gfpt1 Ext1 Egf Epm2aip1 Atg12 Slc37a4 Pgm1 Phka2 Npc1 Inpp5k Ppp1r3f Ptges3 Blvra"
"GOBP_POLY_A_PLUS_MRNA_EXPORT_FROM_NUCLEUS",-0.937875460965086,0.53215527230591,1,18,-0.33509303331891,18,"Ddx25 Nup93 Pcid2 Nxt2 Mcm3ap Poldip3 Zc3h11a Gle1 Nxf1 Pabpn1 Sarnp Ddx19a Thoc2 Ddx19b Eny2 Iws1 Nup133 Nxt1"
"GOBP_PORE_COMPLEX_ASSEMBLY",1.37926696338394,0.099064560650207,1,17,0.549245949323454,9,"Plekha7 Tmem170 Nup205 Nup107 Ndc1 Fxr1 Ahctf1 Adam10 Bad"
"GOBP_PORPHYRIN_CONTAINING_COMPOUND_METABOLIC_PROCESS",-0.637100272324269,0.95216049382716,1,31,-0.200364732622254,7,"Slc11a2 Abcb6 Hmox2 Fxn Hmbs Cox10 Eif2ak1"
"GOBP_POSITIVE_CHEMOTAXIS",-0.970982945817786,0.505317532664843,1,24,-0.323732303424716,5,"Ccl5 Lgals3 S100a4 S1pr1 Ager"
"GOBP_POSITIVE_REGULATION_OF_ACTIN_FILAMENT_BUNDLE_ASSEMBLY",-0.95978988436474,0.51621271076524,1,37,-0.29105846270549,11,"Ccdc88a Carmil1 Braf Flna Tsc1 Tpm1 Tesk1 Mtss1 Swap70 Fhod1 S100a10"
"GOBP_POSITIVE_REGULATION_OF_ACTIN_FILAMENT_POLYMERIZATION",0.650091676394533,0.940791387838231,1,35,0.222371664711985,2,"Fer Pfn2"
"GOBP_POSITIVE_REGULATION_OF_ACTIVATED_T_CELL_PROLIFERATION",0.710365699320141,0.85587786259542,1,18,0.279324771773591,2,"Il12rb1 Il2ra"
"GOBP_POSITIVE_REGULATION_OF_ACUTE_INFLAMMATORY_RESPONSE",0.869266106482969,0.645816669332907,1,10,0.39319493938609,2,"Ighg3 Fcer1g"
"GOBP_POSITIVE_REGULATION_OF_ADAPTIVE_IMMUNE_RESPONSE",0.926767075049943,0.612316034082107,1,104,0.265543808172405,12,"6030468B19Rik Ighg3 Il12rb1 Fcer1g Prkcz Pvr Ada Hspd1 Il12a Mlh1 Shld3 Klhl22"
"GOBP_POSITIVE_REGULATION_OF_ALCOHOL_BIOSYNTHETIC_PROCESS",-0.769425051373098,0.765297328353921,1,17,-0.279129425824637,5,"Gpr146 Insig2 Srebf1 Insig1 Srebf2"
"GOBP_POSITIVE_REGULATION_OF_ALPHA_BETA_T_CELL_ACTIVATION",-0.948173350675298,0.539337842648629,1,54,-0.264356496937373,18,"Hlx Anxa1 Nfkbid Socs5 Syk Jak2 Cd55 Irgm1 Cd244a Ptprc Ccr7 Gimap5 Ap3b1 Runx1 Gimap3 Sash3 Il18 Runx3"
"GOBP_POSITIVE_REGULATION_OF_ALPHA_BETA_T_CELL_DIFFERENTIATION",-0.994577147699346,0.46484505164945,1,42,-0.291911779525987,5,"Hlx Anxa1 Nfkbid Socs5 Syk"
"GOBP_POSITIVE_REGULATION_OF_ALPHA_BETA_T_CELL_PROLIFERATION",-1.21356590950618,0.220584144645341,1,14,-0.462377545195363,6,"Syk Jak2 Cd55 Irgm1 Cd244a Ptprc"
"GOBP_POSITIVE_REGULATION_OF_AMIDE_METABOLIC_PROCESS",0.771874468508711,0.792553983618764,1,23,0.286977573174256,9,"Apoe Smpd3 Gsap Sirt3 Ifngr1 Abcg1 Eif2ak3 Abca2 Rela"
"GOBP_POSITIVE_REGULATION_OF_AMINE_TRANSPORT",-1.16431919899891,0.25767053917188,1,22,-0.39617058320259,4,"Pcp4 Adora2a Kcnb1 Stxbp1"
"GOBP_POSITIVE_REGULATION_OF_AMINO_ACID_TRANSPORT",-0.923244556783465,0.555493741307371,1,14,-0.351762972605442,4,"Adora2a Stxbp1 Dpysl2 Kmo"
"GOBP_POSITIVE_REGULATION_OF_AMYLOID_BETA_FORMATION",0.695543493135271,0.853753706883097,1,14,0.289261171746887,6,"Apoe Gsap Ifngr1 Abcg1 Abca2 Rela"
"GOBP_POSITIVE_REGULATION_OF_AMYLOID_PRECURSOR_PROTEIN_CATABOLIC_PROCESS",0.899004644231858,0.608549618320611,1,18,0.353499989250315,2,"App Apoe"
"GOBP_POSITIVE_REGULATION_OF_ANTIGEN_RECEPTOR_MEDIATED_SIGNALING_PATHWAY",-0.765820562841792,0.812615384615385,1,26,-0.251575546104133,9,"Rab29 Cyld Lipa Foxp1 Prkd2 Usp46 Slc39a10 Ptprc Ccr7"
"GOBP_POSITIVE_REGULATION_OF_APOPTOTIC_SIGNALING_PATHWAY",1.16052930384686,0.196288815955567,1,121,0.326442099566042,25,"Nacc2 Tnfsf10 App Bcl2l14 Maged1 Itm2c Tlr4 Tlr6 Osm Siah1b Bmf Ctnna1 Htra2 Plscr1 Trps1 Wwox Mapk8 Fbxw7 Pmaip1 Stk3 Eef1e1 Traf2 Jak3 Pdia3 Casp2"
"GOBP_POSITIVE_REGULATION_OF_ASTROCYTE_DIFFERENTIATION",-0.941227797048452,0.524126899493468,1,10,-0.391879915909531,2,"Hes1 Clcf1"
"GOBP_POSITIVE_REGULATION_OF_ATP_DEPENDENT_ACTIVITY",-1.41818981206378,0.0861817119485831,1,19,-0.499712955481259,5,"Adrb2 Dnajb2 Tpm1 Dnajc24 Zc3hav1"
"GOBP_POSITIVE_REGULATION_OF_ATTACHMENT_OF_SPINDLE_MICROTUBULES_TO_KINETOCHORE",-0.919680206807851,0.556008700380642,1,12,-0.365174693259277,3,"Kat2b Cenpe Birc5"
"GOBP_POSITIVE_REGULATION_OF_AUTOPHAGOSOME_ASSEMBLY",0.685263275800413,0.884341367288161,1,21,0.260455644880277,7,"Ralb Trim32 Pip4k2a Chek2 Usp33 Pip4k2c Becn1"
"GOBP_POSITIVE_REGULATION_OF_AUTOPHAGY",0.647964851805796,0.995456777996071,1,150,0.177339359213634,40,"Ralb Rab37 Hmox1 Endog Trim13 Trim32 Plk2 C9orf72 Plk3 Gpsm1 Tlr2 Trim23 Atg16l1 Pip4k2a Clec16a Xbp1 Vdac1 Rab12 Nprl3 Sesn2 Tsc2 Pink1 Nod2 Tom1 Btrc Atf6 Cdc37 Larp1 Chek2 Slc25a4 Ticam1 Rpgr Hk2 Trim27 Ripk2 Nod1 Smcr8 Ikbkg Bid Tlr9"
"GOBP_POSITIVE_REGULATION_OF_AUTOPHAGY_OF_MITOCHONDRION",-0.883041201814026,0.637846153846154,1,26,-0.290083060390097,7,"Irgm2 Vps13d Oma1 Irgm1 Camkk2 Eif2ak1 Hdac6"
"GOBP_POSITIVE_REGULATION_OF_AXONOGENESIS",1.03256623955462,0.414291672459335,1,54,0.326491890886499,7,"Rufy3 Bmpr2 Apoe Vegfa Plxnb2 Cyfip1 Sema7a"
"GOBP_POSITIVE_REGULATION_OF_AXON_EXTENSION",1.1630419502871,0.249046081596713,1,33,0.402774439136857,6,"Rufy3 Bmpr2 Apoe Vegfa Cyfip1 Sema7a"
"GOBP_POSITIVE_REGULATION_OF_BEHAVIOR",-1.33714864339042,0.144502330682753,1,13,-0.51856347323731,4,"Adora2a Nr2c2 Gad1 Ptger4"
"GOBP_POSITIVE_REGULATION_OF_BINDING",-0.712270595942547,0.84633362547473,1,19,-0.250975462926848,5,"Hes1 Ripor2 Ripor1 Rapgef2 Nvl"
"GOBP_POSITIVE_REGULATION_OF_BIOMINERAL_TISSUE_DEVELOPMENT",1.30591498738049,0.132815997612297,1,25,0.478204162959961,7,"Slc8a1 Cd276 Bmpr2 Smad3 Gpm6b Slc20a2 Fzd9"
"GOBP_POSITIVE_REGULATION_OF_BLOOD_CIRCULATION",-1.44894793445686,0.0838272650296359,1,15,-0.542586814616277,4,"Adrb2 Adm Tpm1 Dusp5"
"GOBP_POSITIVE_REGULATION_OF_BLOOD_PRESSURE",1.00177062319527,0.470940039871185,1,17,0.39892092796257,4,"Eng Rarres2 Id2 Manf"
"GOBP_POSITIVE_REGULATION_OF_BLOOD_VESSEL_ENDOTHELIAL_CELL_MIGRATION",0.823183475325427,0.738669805768099,1,32,0.286996875992385,4,"Angpt1 Hmox1 Vegfa Plk2"
"GOBP_POSITIVE_REGULATION_OF_BMP_SIGNALING_PATHWAY",0.965754212819284,0.516793893129771,1,18,0.379746763312622,4,"Eng Vsir Cdh5 Notch1"
"GOBP_POSITIVE_REGULATION_OF_BONE_MINERALIZATION",1.40566636001386,0.0785562632696391,1,20,0.539481710030175,7,"Slc8a1 Cd276 Bmpr2 Smad3 Gpm6b Slc20a2 Fzd9"
"GOBP_POSITIVE_REGULATION_OF_BONE_RESORPTION",0.885881292368767,0.626889419252188,1,11,0.391731309543969,2,"Car2 Itgb3"
"GOBP_POSITIVE_REGULATION_OF_B_CELL_ACTIVATION",-0.807369344502202,0.867811501597444,1,77,-0.211510338581256,12,"Tbx21 Bcl2 Irs2 Clcf1 Mmp14 Cd38 Syk Nfatc2 Nsd2 Tnfrsf13c Ighd Bcl6"
"GOBP_POSITIVE_REGULATION_OF_B_CELL_DIFFERENTIATION",0.723719872655447,0.835454684864285,1,17,0.288196715395583,1,"Cd27"
"GOBP_POSITIVE_REGULATION_OF_B_CELL_MEDIATED_IMMUNITY",1.01130931705932,0.454798943351923,1,33,0.350227730712462,3,"6030468B19Rik Ighg3 Fcer1g"
"GOBP_POSITIVE_REGULATION_OF_B_CELL_PROLIFERATION",-0.865645581093645,0.69118125610153,1,38,-0.260543225244888,13,"Bcl2 Irs2 Clcf1 Cd38 Nfatc2 Tnfrsf13c Ighd Bcl6 Slc39a10 Cd74 Btk Gpr183 Ptprc"
"GOBP_POSITIVE_REGULATION_OF_CALCINEURIN_MEDIATED_SIGNALING",-0.671100975342748,0.867836578009323,1,13,-0.260261605459424,2,"Cib1 Tnf"
"GOBP_POSITIVE_REGULATION_OF_CALCIUM_ION_DEPENDENT_EXOCYTOSIS",-1.31853722310372,0.160882432068873,1,11,-0.53429411710055,4,"Kcnb1 Cacna1i Rph3al Stxbp1"
"GOBP_POSITIVE_REGULATION_OF_CALCIUM_ION_IMPORT",-1.54150794685583,0.0543773790103317,1,12,-0.612081990547206,6,"Adrb2 Lgals3 Cxcr4 Trpv2 Cask Ms4a1"
"GOBP_POSITIVE_REGULATION_OF_CALCIUM_ION_TRANSMEMBRANE_TRANSPORT",0.752744709407333,0.820645734597156,1,26,0.273509944348427,4,"Asph Cacna1d Gsto1 Plp1"
"GOBP_POSITIVE_REGULATION_OF_CALCIUM_ION_TRANSPORT",-1.14421816636116,0.240578734858681,1,44,-0.332575252793878,11,"Ccl5 Adrb2 Lgals3 Cxcr4 P2rx4 G6pdx Cd19 Ffar1 Trpv2 Cask Ms4a1"
"GOBP_POSITIVE_REGULATION_OF_CALCIUM_MEDIATED_SIGNALING",-1.04959623208767,0.384303955154158,1,28,-0.339938803862403,6,"Pcp4 Cib1 L1cam Syk Tnf P2rx4"
"GOBP_POSITIVE_REGULATION_OF_CANONICAL_NF_KAPPAB_SIGNAL_TRANSDUCTION",-0.741027550648729,0.977698935631019,1,131,-0.178911317745524,16,"Trim30c S100a4 Trim30b Traf5 Irak4 Nr2c2 Trim25 Tab3 Flna Trim5 Tnf Ripk1 Cyld Tnfrsf19 Litaf Trim12c"
"GOBP_POSITIVE_REGULATION_OF_CANONICAL_WNT_SIGNALING_PATHWAY",0.755236538284526,0.889756360209988,1,73,0.227551287705682,11,"Sulf2 Nrarp Smad3 Nek4 Zbed3 Fzd9 Sema5a Frat1 Egf Tbl1xr1 Ttc21b"
"GOBP_POSITIVE_REGULATION_OF_CARBOHYDRATE_METABOLIC_PROCESS",-1.10990416831743,0.260278870218091,1,56,-0.307192302670048,11,"Phka1 Sorbs1 Sirt6 Irs2 Uchl1 Arnt Prkag1 Ptger4 Wdr5 Tcf7l2 Kat2b"
"GOBP_POSITIVE_REGULATION_OF_CARDIAC_MUSCLE_CELL_PROLIFERATION",1.10514368758659,0.35978243481043,1,10,0.499889391767104,3,"Cdk20 Cdk1 Notch1"
"GOBP_POSITIVE_REGULATION_OF_CARTILAGE_DEVELOPMENT",0.940425781364346,0.557677008750994,1,11,0.415850550221816,3,"Bmpr2 Smad3 Runx2"
"GOBP_POSITIVE_REGULATION_OF_CATABOLIC_PROCESS",0.657331899462011,1,1,421,0.164545553211431,101,"Trf Zc3h12c App Ralb Apoe Ptk2 Nnt Rab37 Aurka Hmox1 Vsir Endog Tnfrsf1b Mtln Trim13 Oaz2 Tmem67 Cdk1 Zbtb20 Trim32 Plk2 C9orf72 Noct Bag2 Lpcat1 Plk3 Rhbdd3 Mlh1 Fbxw8 Adam9 Git1 Gpsm1 Pfkfb1 Mapk8 Fbxw7 Tlr2 Trim23 Plekhn1 Atg16l1 Pip4k2a Dhx36 Det1 Clec16a Egf Xbp1 Vdac1 Rhbdd1 Gtpbp1 Hsp90aa1 Dcp1a Rab12 Nprl3 Sesn2 Mettl3 Zc3h12d Tsc2 Acsl5 Pink1 Nod2 Cpt1a Supv3l1 Sec22b Rc3h2 Tom1 Btrc Atf6 Cdc37 Myc Dvl1 Sgsm3 Larp1 Tardbp Paqr3 Eif4enif1 Chek2 Snf8 Mettl16 Slc25a4 Tmtc3 Socs4 Ticam1 Rpgr Hk2 Trim27 Ripk2 Nod1 Tnrc6c Smcr8 Rnf185 Ikbkg Bid Tlr9 Trib1 Dis3l2 Bag6 L3mbtl3 Cul4b Tob1 Usp33 Nsf Fxr1"
"GOBP_POSITIVE_REGULATION_OF_CATALYTIC_ACTIVITY",-0.902725631857047,0.834049871023216,1,284,-0.197624560246312,63,"Irgm2 Itga6 Tmem106b Reln Kalrn Rasgrp1 Cdc20 Cdc25b Ccdc125 Unc119 Bcl2 Mex3b Csf1 Ccdc88a Cib1 Tigar Cdk5rap1 Pik3cg Syk Rap1gap Jak2 Tpx2 Dag1 Evi5l S1pr1 Snx9 Tsc1 Ager Tnf Net1 Xrcc4 Cenpe Tbc1d7 Rgs14 Snx13 Fgd2 Daxx Gnai2 Fxn Lmo4 Irgm1 Adnp Csk Pik3r5 Camkk2 Rasgrp2 Rapgef2 Rfc5 Notch2 Akt2 Map3k10 Kras Arrdc3 Syap1 Lmf1 Abi3 Ceacam1 Bin1 Evi5 S100a10 Lgals9 Cab39 Ptprc"
"GOBP_POSITIVE_REGULATION_OF_CD4_POSITIVE_ALPHA_BETA_T_CELL_ACTIVATION",-1.12336456949365,0.281347473487211,1,32,-0.350811418383732,6,"Hlx Anxa1 Nfkbid Socs5 Cd55 Irgm1"
"GOBP_POSITIVE_REGULATION_OF_CD4_POSITIVE_ALPHA_BETA_T_CELL_DIFFERENTIATION",-1.12801352891053,0.278729367798194,1,28,-0.365336267448054,4,"Hlx Anxa1 Nfkbid Socs5"
"GOBP_POSITIVE_REGULATION_OF_CELLULAR_COMPONENT_BIOGENESIS",0.890792672061157,0.77416500774165,1,349,0.225898206718243,46,"Ift88 Zdhhc1 Iqsec2 Adgrl2 Fer Xlr4b Ralb Apoe Smad3 Ahr Rab11fip3 Rtn4rl2 Vegfa Amigo2 Tlr4 Mns1 Smpd3 Cyfip1 Cdh17 Ccdc15 Pfn2 Tlr6 Mtln Tmem67 Trim32 Hyal1 Amigo3 Bmf Arhgap35 Gpm6a Git1 Rap2a Cdh5 Tmem216 Rgcc Ptpn22 Atp7a Arhgef10 Mapk8 Dhx33 Fes Pip4k2a Eps8l1 Gpsm2 Ankrd28 Atat1"
"GOBP_POSITIVE_REGULATION_OF_CELLULAR_EXTRAVASATION",-1.12909994880076,0.311916822180752,1,10,-0.470100430923335,3,"Ptger4 Ripor2 Ager"
"GOBP_POSITIVE_REGULATION_OF_CELLULAR_RESPIRATION",0.902136909639392,0.604182924925862,1,14,0.375178809282104,7,"Chchd4 Pink1 Myc Sirt3 Iscu Mfn2 Oas1c"
"GOBP_POSITIVE_REGULATION_OF_CELLULAR_RESPONSE_TO_INSULIN_STIMULUS",0.750971124504274,0.841722432353797,1,35,0.256878691375983,10,"Prkcz Marcks Zbtb7b Echdc3 Nucks1 Ide Atp6v0a2 Tsc2 C1qtnf12 Atp6v1d"
"GOBP_POSITIVE_REGULATION_OF_CELLULAR_RESPONSE_TO_TRANSFORMING_GROWTH_FACTOR_BETA_STIMULUS",-0.520917140809869,0.988849765258216,1,20,-0.180905392538735,20,"Men1 Zeb2 Snw1 Sdcbp Twsg1 Stk11 Ep300 Tsc22d1 Flcn Ing2 Furin Axin1 Got1 Rnf111 Crebbp Hsp90ab1 Hipk2 Cited2 Smad4 Gipc1"
"GOBP_POSITIVE_REGULATION_OF_CELLULAR_SENESCENCE",-1.1875668406047,0.260694108151735,1,11,-0.481222649979644,7,"Sirt6 Morc3 Ypel3 Kras Abi3 Sirt1 Ilk"
"GOBP_POSITIVE_REGULATION_OF_CELL_ACTIVATION",-0.886764195861832,0.87315875613748,1,266,-0.195320494814142,39,"Ccl5 Tbx21 Egr3 Hlx Rasgrp1 Anxa1 Hes1 Bcl2 Nfkbid Irs2 Clcf1 Mmp14 Flna Socs5 Dusp10 Il4ra Cd38 Syk H2-DMb1 Jak2 Nfatc2 Zfp335 Nsd2 H2-Ob Tnfrsf13c Ighd Cd46 Cd55 Slamf1 Ager Rag1 Bcl6 Tnf H2-DMa Smarcc2 Gpam Rhoh H2-DMb2 Cyld"
"GOBP_POSITIVE_REGULATION_OF_CELL_ADHESION",-1.00773881601061,0.42911877394636,1,316,-0.218149898262764,57,"Ccl5 Itga6 Egr3 Hlx Rasgrp1 Anxa1 Plaur Hes1 Mex3b Csf1 Adam19 Nfkbid Carmil1 Cib1 Braf Flna Fstl3 L1cam Socs5 Myadm Dusp10 Syk Ptger4 H2-DMb1 Rap1gap Ift74 Jak2 Nid1 Dag1 H2-Ob Tnfrsf13c Rell2 Cd46 Cd55 Slamf1 Tsc1 Ager Rag1 Bcl6 Tnf H2-DMa Tpm1 Net1 Smarcc2 Egfl6 Gpam Lamc1 Rhoh H2-DMb2 Cyld Rras Tesk1 Dhps Stk4 Sfn Plekha2 Irgm1"
"GOBP_POSITIVE_REGULATION_OF_CELL_ADHESION_MEDIATED_BY_INTEGRIN",-1.4455465895542,0.0870038064165307,1,12,-0.573978898887772,4,"Ccl5 Cib1 Syk Ift74"
"GOBP_POSITIVE_REGULATION_OF_CELL_CELL_ADHESION",-1.07864933167784,0.231036882393876,1,213,-0.244159410384462,53,"Ccl5 Itga6 Egr3 Hlx Rasgrp1 Anxa1 Plaur Hes1 Mex3b Adam19 Nfkbid Fstl3 L1cam Socs5 Dusp10 Syk H2-DMb1 Rap1gap Jak2 H2-Ob Tnfrsf13c Cd46 Cd55 Slamf1 Ager Rag1 Bcl6 Tnf H2-DMa Smarcc2 Gpam Rhoh H2-DMb2 Cyld Dhps Irgm1 Nck2 Ets1 Smarcd1 Cd244a Ufl1 Cd74 Brd7 Smarcd2 Smad7 Pycard Ceacam1 Cd44 H2-Ab1 Lgals9 Dennd6a Ptprc Ptpn23"
"GOBP_POSITIVE_REGULATION_OF_CELL_CYCLE",0.87253513654791,0.78561580882353,1,245,0.227073328715699,60,"App Mblac1 Kcnn4 Stxbp4 Aurka Tfdp1 Rab11fip3 Chek1 Smpd3 Ccdc15 Lef1 Gen1 Cdk1 Trim32 Npr2 Cdc14b Ect2 Rcc1 Usp2 Fosl1 Id2 Brca2 Ncapg Plscr1 Ccne1 Ncapd3 Nr4a3 Cdc25a Fen1 Rgcc Fntb Calr Ska3 Gpsm2 Ncapd2 Cdk4 Egf Rara Prdm9 Lgmn Gipc1 Prkca Smc6 Ttl Orc1 Mepce Dynlt3 Npm1 Rb1 Atad5 Cdca8 Myc Csf1r Cenpv Slf1 Smc5 Anp32b Ino80 Stat5a Chek2"
"GOBP_POSITIVE_REGULATION_OF_CELL_CYCLE_CHECKPOINT",-0.713513477951014,0.831780976573525,1,15,-0.267189038322721,3,"Mad2l1 Tti1 Birc5"
"GOBP_POSITIVE_REGULATION_OF_CELL_CYCLE_G1_S_PHASE_TRANSITION",0.709546627791832,0.903041553619877,1,43,0.233785444254852,14,"Mblac1 Stxbp4 Tfdp1 Ccne1 Rgcc Mepce Csf1r Anp32b Cdc73 Cul4b Dbf4 Ccnd1 Apex1 Plrg1"
"GOBP_POSITIVE_REGULATION_OF_CELL_CYCLE_G2_M_PHASE_TRANSITION",0.70128797180284,0.883854781582054,1,30,0.247249410709194,7,"App Chek1 Cdk1 Cdc25a Cdk4 Npm1 Atad5"
"GOBP_POSITIVE_REGULATION_OF_CELL_CYCLE_PHASE_TRANSITION",-0.711908167165957,0.979802320584443,1,92,-0.18084484070761,14,"Cdc20 Cdc25b Anxa1 Rrm2b Ube2c Ccnd3 Pbx1 Wee1 Cenpe Ccnd2 Tmod3 Lsm11 Birc5 Mtbp"
"GOBP_POSITIVE_REGULATION_OF_CELL_CYCLE_PROCESS",0.792587847345705,0.912966252220249,1,193,0.211165226127372,42,"App Mblac1 Kcnn4 Stxbp4 Tfdp1 Rab11fip3 Chek1 Smpd3 Ccdc15 Lef1 Gen1 Cdk1 Npr2 Cdc14b Ect2 Rcc1 Ncapg Plscr1 Ccne1 Ncapd3 Cdc25a Fen1 Rgcc Ska3 Gpsm2 Ncapd2 Cdk4 Egf Prdm9 Gipc1 Smc6 Orc1 Mepce Npm1 Rb1 Atad5 Cdca8 Csf1r Cenpv Slf1 Smc5 Anp32b"
"GOBP_POSITIVE_REGULATION_OF_CELL_DEVELOPMENT",-1.00324805290052,0.451488952929875,1,323,-0.216209966112383,56,"Ccl5 Egr2 Reln Egr3 Etv5 Hlx Kalrn Rasgrp1 Anxa1 Islr2 Mfn1 Hes1 Bcl2 Man2a1 Fos Csf1 Cxcr4 Nfkbid Cyp51 Clcf1 Braf Mmp14 Eef2k L1cam Socs5 Dusp10 Syk Tnik Synj1 Dag1 Zfp335 Cdkl5 Cd46 Klf10 Ager Rag1 Bcl6 Tnf H2-DMa Add1 Dbnl Cux1 Smarcc2 Ctnnbip1 Xrcc4 Ripk1 Ss18l1 Rhoh Cyld Rgs14 Metrn Fbxo31 Fxn Ptpra Adnp Pde5a"
"GOBP_POSITIVE_REGULATION_OF_CELL_DIVISION",-0.632648649516224,0.978825136612022,1,45,-0.183521346815838,3,"Cit Cdc25b Racgap1"
"GOBP_POSITIVE_REGULATION_OF_CELL_GROWTH",0.965573641419583,0.535145385587864,1,118,0.27224981822281,16,"Il9r Dnph1 Rufy3 Bmpr2 Apoe Ptk2 Vegfa Slc23a2 Cyfip1 Cpne5 Sema7a Trim32 Hyal1 Rasal1 Klhl22 Ddx49"
"GOBP_POSITIVE_REGULATION_OF_CELL_GROWTH_INVOLVED_IN_CARDIAC_MUSCLE_CELL_DEVELOPMENT",-0.586799405169005,0.933617701946148,1,10,-0.244313759404999,10,"Trip10 Sirt1 Ep300 Ddx39b Pin1 Fdps Mtor Nr3c1 Parp2 Slc25a4"
"GOBP_POSITIVE_REGULATION_OF_CELL_JUNCTION_ASSEMBLY",1.40114259180735,0.0509634180396537,1,51,0.44699175591369,8,"Iqsec2 Adgrl2 Xlr4b Smad3 Rtn4rl2 Vegfa Amigo2 Amigo3"
"GOBP_POSITIVE_REGULATION_OF_CELL_KILLING",0.418882087746762,0.999717274526435,1,45,0.136495323420507,16,"Pvr Il12a Stat5a Fadd Bid Cd1d1 Stx7 B2m Klrb1c H2-Q6 H2-K1 Ulbp1 Lag3 Slamf6 H2-Q4 H2-T22"
"GOBP_POSITIVE_REGULATION_OF_CELL_MATRIX_ADHESION",1.01012316804353,0.453662715978866,1,43,0.332821106243716,4,"Trem1 Smad3 Prkcz Vegfa"
"GOBP_POSITIVE_REGULATION_OF_CELL_MIGRATION_INVOLVED_IN_SPROUTING_ANGIOGENESIS",-0.997256730333304,0.454866775421425,1,12,-0.395977773474362,3,"Hdac9 Anxa1 Cib1"
"GOBP_POSITIVE_REGULATION_OF_CELL_MORPHOGENESIS",-0.964868732389827,0.505444327362136,1,48,-0.276314691586657,10,"Reln Kalrn Mfn1 Eef2k Tnik Cdkl5 Dbnl Cux1 Ss18l1 Fbxo31"
"GOBP_POSITIVE_REGULATION_OF_CELL_PROJECTION_ORGANIZATION",-0.900939234646861,0.830494728304947,1,264,-0.19858282640092,41,"Pcp4 Itga6 Tmem106b Reln Kalrn Tubb2b Crocc Islr2 Ngfr Cbfa2t2 Mfn1 Ltk Ccdc88a Carmil1 Braf Eef2k Washc5 Flna L1cam Magi2 Eps8 Tnik Cdkl5 Ripor2 Kat2b Neu1 Dbnl Wasl Cux1 Tapt1 Ss18l1 Plekhm1 Metrn Fbxo31 Fxn Fyn Adnp Rala Creb3l2 Kif3c Mien1"
"GOBP_POSITIVE_REGULATION_OF_CELL_SIZE",1.00229585450207,0.472054497600248,1,15,0.410094833863506,6,"Ahr Atp7a Cdk4 Hsp90aa1 Kdm6a Rapgef3"
"GOBP_POSITIVE_REGULATION_OF_CELL_SUBSTRATE_ADHESION",-1.13041642385238,0.21881308033912,1,82,-0.291856716604063,19,"Itga6 Csf1 Carmil1 Cib1 Braf Flna L1cam Myadm Jak2 Nid1 Dag1 Rell2 Tsc1 Net1 Egfl6 Rras Tesk1 Stk4 Plekha2"
"GOBP_POSITIVE_REGULATION_OF_CELL_SUBSTRATE_JUNCTION_ORGANIZATION",0.690468369846382,0.893541728103804,1,29,0.245132155127171,2,"Smad3 Vegfa"
"GOBP_POSITIVE_REGULATION_OF_CHEMOKINE_C_X_C_MOTIF_LIGAND_2_PRODUCTION",-1.1018285869626,0.337776592908558,1,10,-0.458746007459228,2,"Ccl5 Tnf"
"GOBP_POSITIVE_REGULATION_OF_CHEMOKINE_PRODUCTION",-1.02956134721234,0.398427260812582,1,40,-0.30504695444155,7,"Ccl5 Egr1 Il4ra Syk Ager Oas1a Tnf"
"GOBP_POSITIVE_REGULATION_OF_CHEMOTAXIS",1.01318675452613,0.437789904502046,1,65,0.310898578080803,16,"Trem1 App Cxcr2 Bmpr2 Smad3 Ptk2 Vegfa Rarres2 Mospd2 Il12a Ccr1 Tiam1 Calr Sema5a Lgmn Prkca"
"GOBP_POSITIVE_REGULATION_OF_CHOLESTEROL_BIOSYNTHETIC_PROCESS",-0.786780297788343,0.74460839954597,1,16,-0.289101526807311,5,"Gpr146 Insig2 Srebf1 Insig1 Srebf2"
"GOBP_POSITIVE_REGULATION_OF_CHOLESTEROL_EFFLUX",-0.906731155990957,0.570146818923328,1,12,-0.360033052039803,2,"Pltp Nr1h2"
"GOBP_POSITIVE_REGULATION_OF_CHOLESTEROL_METABOLIC_PROCESS",0.672231501422885,0.889007633587786,1,18,0.264329923156021,2,"Apoe Mbtps2"
"GOBP_POSITIVE_REGULATION_OF_CHROMOSOME_ORGANIZATION",0.740298986155035,0.924104826154645,1,98,0.213568057198062,35,"Wrap53 Cdk1 Ncapg Naf1 Ncapd3 Fen1 Rtel1 Nbn Ska3 Terf2ip Dhx36 Ncapd2 Cct3 Gnl3 Myc Slf1 Smc5 Ino80 Nek2 Ptges3 Numa1 Ncapg2 Tfpt Cct7 Actr5 Ruvbl2 Fbxo4 Actl6a Atr Cct6a Cct8 Ino80c Cct2 Dkc1 Ercc1"
"GOBP_POSITIVE_REGULATION_OF_CHROMOSOME_SEGREGATION",0.814095075966584,0.745545575025769,1,28,0.290870132601849,10,"Cdk1 Ncapg Ncapd3 Ska3 Ncapd2 Smc6 Cdca8 Smc5 Numa1 Ncapg2"
"GOBP_POSITIVE_REGULATION_OF_CHROMOSOME_SEPARATION",-0.72548305920274,0.878571428571429,1,29,-0.232606597775921,5,"Cdc20 Ncaph Ube2c Cenpe Birc5"
"GOBP_POSITIVE_REGULATION_OF_CILIUM_ASSEMBLY",1.08204517135285,0.363314656443527,1,29,0.384150927663326,6,"Ift88 Rab11fip3 Mns1 Tmem67 Arhgap35 Tmem216"
"GOBP_POSITIVE_REGULATION_OF_CIRCADIAN_RHYTHM",-1.25459151577184,0.211143695014663,1,10,-0.522348807847809,2,"Adora2a Ptger4"
"GOBP_POSITIVE_REGULATION_OF_COAGULATION",-1.05750000506874,0.383911756793113,1,11,-0.428517315735713,3,"Hpse Tbxa2r Psen2"
"GOBP_POSITIVE_REGULATION_OF_COLD_INDUCED_THERMOGENESIS",-1.12139637129243,0.243223965763195,1,58,-0.307840582328016,11,"Adrb2 Thra Alms1 Cxcr4 Prkab2 Sirt6 Il4ra Scd1 Syk Jak2 Elovl6"
"GOBP_POSITIVE_REGULATION_OF_COLLAGEN_METABOLIC_PROCESS",1.34855252189211,0.118846802637632,1,17,0.537014972273349,6,"Eng Vsir Rgcc Acvr1b Tnfrsf12a Suco"
"GOBP_POSITIVE_REGULATION_OF_CYCLASE_ACTIVITY",1.63269369716601,0.0122513922036595,1,11,0.721967204392423,5,"Timp2 Adcy3 Cacna1d Mapk8 Akap5"
"GOBP_POSITIVE_REGULATION_OF_CYTOKINESIS",-0.785460003046459,0.819636135508156,1,33,-0.244660987185332,3,"Cit Cdc25b Racgap1"
"GOBP_POSITIVE_REGULATION_OF_CYTOKINE_PRODUCTION",0.848328953949908,0.856935447844539,1,315,0.216502460909182,50,"Cd27 Pnp2 Flt3 C1qtnf4 Il12rb1 Rbm47 Cd276 Sulf2 Fcer1g App Smad3 Rnf135 Prkcz Il15 Tlr4 Ifih1 Nlrc4 Tlr6 Sema7a Osm Zbtb20 Trim32 Slc7a5 Hspd1 Zbtb7b Il12a Tusc2 Spn Tlr7 Klhl22 Nr4a3 Cybb Ncl Rgcc Ptpn22 Mif Trim56 Dhx33 Mbp Tlr2 Nlrp10 Ccdc88b Dhx36 Fgr Traf2 Scrib Irf4 Bsg Xbp1 Rara"
"GOBP_POSITIVE_REGULATION_OF_CYTOKINE_PRODUCTION_INVOLVED_IN_IMMUNE_RESPONSE",0.844932508054852,0.729148996324569,1,45,0.275326492416574,9,"Fcer1g Prkcz Tlr4 Sema7a Nr4a3 Mif Tlr2 Dhx36 Traf2"
"GOBP_POSITIVE_REGULATION_OF_CYTOKINE_PRODUCTION_INVOLVED_IN_INFLAMMATORY_RESPONSE",0.746017719746103,0.811531973623677,1,17,0.297076071255111,5,"Tlr4 Tlr6 Xbp1 Nod2 Ticam1"
"GOBP_POSITIVE_REGULATION_OF_CYTOPLASMIC_TRANSLATION",0.876441503455371,0.639784946236559,1,12,0.378792182192117,7,"Dhx36 Paip1 Cnbp Ybx1 Syncrip Pkm Pabpc1"
"GOBP_POSITIVE_REGULATION_OF_CYTOSKELETON_ORGANIZATION",0.566778690424452,0.999116942096632,1,119,0.159646187434331,13,"Fer Smad3 Plxna3 Cyfip1 Ccdc15 Pfn2 Git1 Rgcc Arhgef10 Mapk8 Fes Gpsm2 Sema5a"
"GOBP_POSITIVE_REGULATION_OF_CYTOSOLIC_CALCIUM_ION_CONCENTRATION",1.03541454374761,0.405775283974271,1,64,0.318644585887702,10,"Slc8a1 Ackr2 Ackr3 Asph Cxcr2 Ptger1 Cacna1d Ccrl2 Pkd1 Cacna1a"
"GOBP_POSITIVE_REGULATION_OF_DEFENSE_RESPONSE",-0.797710282134,0.997703788748565,1,382,-0.169967391909177,93,"Ccl5 Irgm2 Trim30c Aars2 Ifi206 Mapk11 Rasgrp1 Elp6 Gbp3 Ly96 Irak4 Tlr12 Trim25 Smpdl3a Gramd4 Casp3 Ifi35 Pik3cg Scimp Syk Ifi209 Ptger4 Hexim1 Trim5 Ppp6c Tnip1 Xpnpep1 Ifi214 Ifi213 Tax1bp1 Oas1a Tnf Irf7 Nmi Parp9 Znfx1 Zbp1 Ripk1 Lats2 Hspa1b Dhx58 Traf3ip3 Washc4 Abhd8 Trim3 Gbp5 Rnf144a Irgm1 Oasl1 Pde5a Trim12c Ldlr Srebf1 Il17ra Appl1 Usp15 Ets1 Spsb3 Hmgb2 Zdhhc5 Slc15a3 Ufl1 Cd74 Zc3hav1 Btk Lacc1 Mapkapk3 Ap1g1 Pycard Snx4 Lgals9 Pum2 Polr3f Lyn Lta Ccr7 Kcnk6 Il16 Appl2 Ccdc134 Ctsc Optn Gimap5 Spi1 Tmem126a Vav1 Trim30d Tlr1 Mndal Ap3b1 Lsm14a Pepd Txk"
"GOBP_POSITIVE_REGULATION_OF_DEFENSE_RESPONSE_TO_VIRUS_BY_HOST",0.850810714628451,0.676822798241625,1,21,0.323377103626001,3,"Zdhhc1 Il12rb1 Ercc6"
"GOBP_POSITIVE_REGULATION_OF_DENDRITE_DEVELOPMENT",-0.755716984188369,0.764062916555585,1,10,-0.31464254364759,1,"Tmem106b"
"GOBP_POSITIVE_REGULATION_OF_DENDRITE_EXTENSION",0.921656259030551,0.579522397377868,1,14,0.383296475441516,3,"Slc23a2 Cpne5 Rasal1"
"GOBP_POSITIVE_REGULATION_OF_DENDRITIC_SPINE_DEVELOPMENT",0.89490982583387,0.648995535714286,1,50,0.28603553056878,11,"Xlr4b Apoe Srcin1 Marcks Shank1 D16Ertd472e Tiam1 Dhx36 Mapk6 Pbrm1 Slc30a1"
"GOBP_POSITIVE_REGULATION_OF_DENDRITIC_SPINE_MORPHOGENESIS",-0.943302354252187,0.544,1,26,-0.309879123683617,5,"Reln Kalrn Mfn1 Eef2k Dbnl"
"GOBP_POSITIVE_REGULATION_OF_DEVELOPMENTAL_GROWTH",0.900987018758602,0.664266426642664,1,106,0.25733156194381,12,"Flt3 Dll1 Rufy3 Bmpr2 Apoe Vegfa Cdk20 Slc23a2 Cyfip1 Cpne5 Sema7a Cdk1"
"GOBP_POSITIVE_REGULATION_OF_DNA_BINDING_TRANSCRIPTION_FACTOR_ACTIVITY",-0.680374170549057,0.990472065829363,1,95,-0.171723058083834,19,"Trim30c Reln Traf5 Cib1 Jak2 Trim5 Mtpn Ager Tnf Ripk1 Hspa1b Trim12c Prkd2 Thap11 Wnt10b Kras Pycard Camk1d Rps6ka5"
"GOBP_POSITIVE_REGULATION_OF_DNA_BIOSYNTHETIC_PROCESS",1.11403700686272,0.29672997286877,1,43,0.367059226785808,19,"Chtf18 Vegfa Wrap53 Dscc1 Naf1 Nfatc1 Egf Cct3 Npm1 Rfc4 Ptges3 Cct7 Fbxo4 Atr Cct6a Cct8 Cct2 Dkc1 Tnks"
"GOBP_POSITIVE_REGULATION_OF_DNA_DAMAGE_RESPONSE_SIGNAL_TRANSDUCTION_BY_P53_CLASS_MEDIATOR",0.777346463600606,0.757478803391457,1,10,0.351616948317563,5,"Pmaip1 Eef1e1 Spred2 Znhit1 Atr"
"GOBP_POSITIVE_REGULATION_OF_DNA_METABOLIC_PROCESS",0.57553327778814,1,1,255,0.149304503732704,76,"Spire1 Dna2 Chtf18 Vegfa Endog Wrap53 Ercc6 Cdk1 Dscc1 Mlh1 Shld3 Naf1 Eya1 Rtel1 Mapk8 Nfatc1 Nbn Terf2ip Dhx36 Pbrm1 Stn1 Egf Prdm9 Shld1 Kmt5b Cct3 Cacybp Kdm4d Spidr Gnl3 Npm1 Atad5 Dmap1 Wrn Myc Slf1 Morf4l2 Prkdc Exosc3 Pcna Ino80 Nek2 Rfc4 Kctd13 Ptges3 Zcwpw1 Parp1 Tfpt Cct7 Mgmt Actr5 Epc1 Ruvbl2 Prmt1 Hdgfl2 Fbxo4 Dbf4 Actl6a Epc2 Atr Cct6a Shld2 Cct8 Ino80c Cct2 Dkc1 Fus Ercc1 Ube2v2 Bcl7b Rac1 Msh2 Bcl7c Tnks Smarcc1 Was"
"GOBP_POSITIVE_REGULATION_OF_DNA_RECOMBINATION",-0.579311280501699,0.999217527386541,1,71,-0.153647527052226,16,"Tbx21 Clcf1 Skp2 Helq Nsd2 Hmces Fancb Trrap Kmt5c Timeless Ptprc Pms2 Rad51ap1 Meaf6 Ing3 Ube2b"
"GOBP_POSITIVE_REGULATION_OF_DNA_REPAIR",0.499082125389678,1,1,131,0.138821257191449,43,"Spire1 Wrap53 Ercc6 Shld3 Eya1 Nbn Pbrm1 Shld1 Kmt5b Kdm4d Spidr Dmap1 Slf1 Morf4l2 Prkdc Pcna Ino80 Zcwpw1 Parp1 Tfpt Mgmt Actr5 Epc1 Ruvbl2 Prmt1 Hdgfl2 Actl6a Epc2 Shld2 Ino80c Fus Ube2v2 Bcl7b Bcl7c Smarcc1 Was Fh1 Wdr48 Crebbp Smarca4 Trim28 Mad2l2 Setmar"
"GOBP_POSITIVE_REGULATION_OF_DNA_REPLICATION",0.924748864707824,0.586272501097615,1,34,0.318398220234976,11,"Dna2 Endog Cdk1 Mapk8 Stn1 Cacybp Npm1 Atad5 Pcna Ino80 Kctd13"
"GOBP_POSITIVE_REGULATION_OF_DNA_TEMPLATED_DNA_REPLICATION",0.571092587939655,0.948607796340493,1,11,0.252533662547791,1,"Endog"
"GOBP_POSITIVE_REGULATION_OF_DNA_TEMPLATED_TRANSCRIPTION_ELONGATION",0.707479116742094,0.929631665750412,1,62,0.218841766717951,19,"Med22 Ercc6 Ell Med20 Med14 Med6 Med16 Med26 Med28 Cdk12 Med19 Parp1 Med27 Eloc Med31 Cdc73 Gtf2f1 Ccnt1 Med17"
"GOBP_POSITIVE_REGULATION_OF_DOUBLE_STRAND_BREAK_REPAIR",0.695376431583174,0.957394136807818,1,92,0.202241365217277,36,"Spire1 Wrap53 Ercc6 Shld3 Nbn Pbrm1 Shld1 Kmt5b Kdm4d Spidr Dmap1 Slf1 Morf4l2 Prkdc Zcwpw1 Parp1 Mgmt Epc1 Ruvbl2 Prmt1 Hdgfl2 Actl6a Epc2 Shld2 Fus Ube2v2 Bcl7b Bcl7c Smarcc1 Was Fh1 Wdr48 Crebbp Smarca4 Mad2l2 Setmar"
"GOBP_POSITIVE_REGULATION_OF_DOUBLE_STRAND_BREAK_REPAIR_VIA_HOMOLOGOUS_RECOMBINATION",0.458970431128348,0.998857632443239,1,43,0.151224178846583,16,"Wrap53 Ercc6 Dmap1 Morf4l2 Parp1 Epc1 Ruvbl2 Prmt1 Hdgfl2 Actl6a Epc2 Fus Was Wdr48 Crebbp Ruvbl1"
"GOBP_POSITIVE_REGULATION_OF_DOUBLE_STRAND_BREAK_REPAIR_VIA_NONHOMOLOGOUS_END_JOINING",0.948577496679552,0.537340898635179,1,17,0.377738582523852,10,"Wrap53 Shld3 Shld1 Kmt5b Kdm4d Prkdc Shld2 Fh1 Mad2l2 Setmar"
"GOBP_POSITIVE_REGULATION_OF_D_GLUCOSE_IMPORT",-0.589827929825711,0.96690380451593,1,27,-0.192596446231361,5,"Sorbs1 Irs2 Crebl2 Appl1 Akt2"
"GOBP_POSITIVE_REGULATION_OF_D_GLUCOSE_TRANSMEMBRANE_TRANSPORT",-0.702948698455441,0.900805951642901,1,30,-0.223259718948329,6,"Sorbs1 Irs2 Braf Crebl2 Appl1 Akt2"
"GOBP_POSITIVE_REGULATION_OF_EMBRYONIC_DEVELOPMENT",0.617081908438138,0.91857302831547,1,10,0.279124518688847,2,"Zbed3 Hspa5"
"GOBP_POSITIVE_REGULATION_OF_ENDOCYTOSIS",1.2670016828451,0.0888468809073724,1,122,0.355978633820358,15,"Cd300lf Ighg3 Trf Dll1 Bicd1 Fcer1g App Angpt1 Apoe Il15ra Ptk2 Il15 Sirpa Vegfa Abr"
"GOBP_POSITIVE_REGULATION_OF_ENDOTHELIAL_CELL_APOPTOTIC_PROCESS",-0.717945098827521,0.82012613106663,1,13,-0.278428360139313,2,"Ngfr Ager"
"GOBP_POSITIVE_REGULATION_OF_ENDOTHELIAL_CELL_MIGRATION",0.737653968635961,0.890616324264298,1,57,0.231333139679222,11,"Angpt1 Hmox1 Vegfa Plk2 Itgb3 Calr Sema5a Bsg Egf Lgmn Prkca"
"GOBP_POSITIVE_REGULATION_OF_ENDOTHELIAL_CELL_PROLIFERATION",0.837975604277377,0.738195615514334,1,47,0.270848797528572,9,"Nrarp Hspg2 Hmox1 Vegfa Itgb3 Sema5a Mydgf Egf Prkca"
"GOBP_POSITIVE_REGULATION_OF_EPIDERMIS_DEVELOPMENT",1.09385135074061,0.371360381861575,1,11,0.483694402131802,5,"Ptch1 Notch1 Krt10 Nme2 Numa1"
"GOBP_POSITIVE_REGULATION_OF_EPITHELIAL_CELL_APOPTOTIC_PROCESS",-0.535462430884654,0.982471516213848,1,19,-0.188675388590731,2,"Jak2 Ager"
"GOBP_POSITIVE_REGULATION_OF_EPITHELIAL_CELL_DIFFERENTIATION",0.966540800022338,0.51798344620015,1,22,0.36321175976307,8,"Lef1 Ptch1 Notch1 Tmem100 Nme2 Ipo7 Numa1 Commd5"
"GOBP_POSITIVE_REGULATION_OF_EPITHELIAL_CELL_MIGRATION",1.13614191599187,0.281332550631054,1,33,0.393458656311185,4,"Epb41l4b Bmpr2 Ptk2 Adam9"
"GOBP_POSITIVE_REGULATION_OF_EPITHELIAL_CELL_PROLIFERATION",0.678937790883777,0.971568880847764,1,101,0.195109593925271,26,"Nrarp Hspg2 Stxbp4 Hmox1 Vegfa Erbb3 Itgb3 Eya1 Nr4a3 Cdc25a Atp7a Notch1 Itgb3bp Sema5a Mydgf Cdk4 Egf Xbp1 Prkca Eppk1 Nod2 Myc Nr4a1 Nme2 Stat5a Esr1"
"GOBP_POSITIVE_REGULATION_OF_EPITHELIAL_TO_MESENCHYMAL_TRANSITION",1.52156309588716,0.0259166543955235,1,28,0.543643208917951,8,"Eng Smad3 Ptk2 Lef1 Snai1 Rgcc Notch1 Scrib"
"GOBP_POSITIVE_REGULATION_OF_ERAD_PATHWAY",0.523132180874051,0.971518489378442,1,13,0.221751400703047,1,"Tmem67"
"GOBP_POSITIVE_REGULATION_OF_ERBB_SIGNALING_PATHWAY",-0.955267639137785,0.514220051709279,1,17,-0.346548773198301,6,"Hip1 Plaur Ccdc88a Shkbp1 Cnot9 Rala"
"GOBP_POSITIVE_REGULATION_OF_ERK1_AND_ERK2_CASCADE",1.27750306606113,0.0954773869346734,1,87,0.375251523824181,26,"Ackr3 Pde8a App Angpt1 Apoe Prkcz Vegfa Fgfbp3 Tlr4 Sema7a Gpr55 Itgb3 Mturn Ptpn22 Ccr1 Mif Notch1 Dnajc27 Fbxw7 Arrb1 Tlr2 Mfhas1 Egf Rara Nrxn1 Prkca"
"GOBP_POSITIVE_REGULATION_OF_ERYTHROCYTE_DIFFERENTIATION",0.454961104089485,0.997037914691943,1,26,0.165310210360944,10,"Id2 Abcb10 Acvr1b Prkdc Kdm1a Prmt1 Inpp5d Foxo3 Mapk14 Fam210b"
"GOBP_POSITIVE_REGULATION_OF_ESTABLISHMENT_OF_PROTEIN_LOCALIZATION",0.774402417983769,0.941005013407952,1,218,0.203729109425074,49,"Zdhhc2 Asph Rufy3 C2cd2l App Apoe Prkcz Kcnn4 Stom Cacna1d Tlr4 Wrap53 Oaz2 Cdk1 Ect2 Plk3 Tm7sf3 Adam9 Ncoa6 Ptpn22 Pfkfb2 Apbb3 Cdk5r1 Cep131 Fbxw7 Akap5 Pmaip1 Arrb1 Tlr2 Pcnt Ctdspl2 Bsg Xbp1 C2cd5 Hsp90aa1 Ipo5 Ppid Cln3 Ran Ubr5 Tsg101 Dmap1 C1qtnf12 Siglech Pcm1 Gna11 Sirt3 Anp32b Tardbp"
"GOBP_POSITIVE_REGULATION_OF_EXCITATORY_POSTSYNAPTIC_POTENTIAL",-1.10656627825539,0.331157775255392,1,16,-0.406606522121094,3,"Adrb2 Reln Ngfr"
"GOBP_POSITIVE_REGULATION_OF_EXECUTION_PHASE_OF_APOPTOSIS",0.565374695204577,0.953020134228188,1,14,0.235126844582685,2,"Hspd1 Htra2"
"GOBP_POSITIVE_REGULATION_OF_EXOCYTOSIS",-1.16660652775412,0.193295292439372,1,58,-0.32025146687214,11,"Anxa2 Rab3a Rab27a Kcnb1 Cacna1i Rph3al Rab9 Syk Stxbp1 Stxbp5 Bcl2l1"
"GOBP_POSITIVE_REGULATION_OF_EXTRACELLULAR_MATRIX_ORGANIZATION",1.1536525677872,0.284964495214572,1,16,0.465180824217675,10,"Smad3 Rgcc Sema5a Rb1 Tgfbr1 Smad4 Carmil2 Mad2l2 Ier3ip1 Abl1"
"GOBP_POSITIVE_REGULATION_OF_EXTRINSIC_APOPTOTIC_SIGNALING_PATHWAY",1.45402573246165,0.0350579587220809,1,45,0.473803293145534,15,"Tnfsf10 App Bcl2l14 Itm2c Tlr4 Tlr6 Ctnna1 Htra2 Trps1 Wwox Pmaip1 Stk3 Traf2 Jak3 Pdia3"
"GOBP_POSITIVE_REGULATION_OF_EXTRINSIC_APOPTOTIC_SIGNALING_PATHWAY_IN_ABSENCE_OF_LIGAND",1.29133056867818,0.168814638027049,1,11,0.571018509003449,4,"Ctnna1 Htra2 Wwox Jak3"
"GOBP_POSITIVE_REGULATION_OF_FATTY_ACID_BIOSYNTHETIC_PROCESS",-1.48008033217394,0.0759528379489992,1,13,-0.573994223840565,6,"Anxa1 Nr1h2 Kat2b Srebf1 Lpgat1 Cd74"
"GOBP_POSITIVE_REGULATION_OF_FATTY_ACID_METABOLIC_PROCESS",-1.02186354680236,0.424794895168642,1,24,-0.340696241079149,9,"Anxa1 Irs2 Nr1h2 Kat2b Nucb2 Srebf1 Lpgat1 Akt2 Cd74"
"GOBP_POSITIVE_REGULATION_OF_FATTY_ACID_OXIDATION",0.984228673953126,0.495888678051866,1,12,0.425377079603057,6,"Mtln Ppargc1a Mlycd Dgat1 Acsl5 Cpt1a"
"GOBP_POSITIVE_REGULATION_OF_FAT_CELL_DIFFERENTIATION",1.17034998705285,0.239426313478706,1,34,0.402960595196177,9,"Dkkl1 Napepld Fndc3b Rarres2 Noct Zbtb7b Id2 Stk3 Xbp1"
"GOBP_POSITIVE_REGULATION_OF_FIBROBLAST_MIGRATION",1.42239022535674,0.0822537849227408,1,14,0.591540669029003,3,"Slc8a1 Ptk2 Itgb3"
"GOBP_POSITIVE_REGULATION_OF_FIBROBLAST_PROLIFERATION",0.692323148232446,0.920287769784173,1,40,0.23121704226799,14,"Fndc3b Itgb3 Wapl Bmi1 Mif Fntb Cdk4 Egf E2f1 Myc Prkdc Fbrs Cdkn1a Esr1"
"GOBP_POSITIVE_REGULATION_OF_FILOPODIUM_ASSEMBLY",-0.804351008230886,0.732394366197183,1,20,-0.279337006758328,4,"Ripor2 Wasl Rala Mien1"
"GOBP_POSITIVE_REGULATION_OF_FOCAL_ADHESION_ASSEMBLY",0.888401325308767,0.626061057334326,1,23,0.330301450227364,8,"Smad3 Vegfa Ankrd28 Poldip2 Ppm1f Sdc4 Rab40c Rac1"
"GOBP_POSITIVE_REGULATION_OF_G1_S_TRANSITION_OF_MITOTIC_CELL_CYCLE",0.583384271848248,0.977877385772123,1,36,0.198253752678237,4,"Mblac1 Tfdp1 Ccne1 Rgcc"
"GOBP_POSITIVE_REGULATION_OF_GAMMA_DELTA_T_CELL_ACTIVATION",0.509474695878811,0.975523916173412,1,10,0.230450572811722,3,"Lef1 Stat5a Sox4"
"GOBP_POSITIVE_REGULATION_OF_GENE_EXPRESSION_EPIGENETIC",-1.12689223092317,0.239943040227839,1,54,-0.31418440771471,15,"Egr1 Alkbh4 Aicda Apobec1 Wdr5 Padi2 Zmpste24 Men1 Usp21 Smarcd1 Brd7 Sphk2 Atad2 Kat7 Spi1"
"GOBP_POSITIVE_REGULATION_OF_GLIAL_CELL_DIFFERENTIATION",-1.14399285904402,0.260355029585799,1,28,-0.370511585542803,5,"Egr2 Hes1 Cxcr4 Clcf1 Dag1"
"GOBP_POSITIVE_REGULATION_OF_GLIAL_CELL_PROLIFERATION",1.17978323719032,0.260152671755725,1,18,0.463905680955438,5,"Atxn1 Ptk2 Slc7a5 Runx2 Prkci"
"GOBP_POSITIVE_REGULATION_OF_GLIOGENESIS",-0.892007771630715,0.650635520439711,1,46,-0.257562712530761,15,"Egr2 Etv5 Hes1 Cxcr4 Clcf1 Synj1 Dag1 Tnf Ptpra Ufl1 Bag1 Bin1 Lyn Lta Vim"
"GOBP_POSITIVE_REGULATION_OF_GLUCONEOGENESIS",-1.07217404721248,0.356251901429875,1,23,-0.362419528546725,6,"Sirt6 Prkag1 Wdr5 Tcf7l2 Kat2b Foxo1"
"GOBP_POSITIVE_REGULATION_OF_GLUCOSE_METABOLIC_PROCESS",-1.0895434609601,0.314845024469821,1,39,-0.325260826934931,9,"Phka1 Sorbs1 Sirt6 Irs2 Prkag1 Wdr5 Tcf7l2 Kat2b Foxo1"
"GOBP_POSITIVE_REGULATION_OF_GLYCOGEN_BIOSYNTHETIC_PROCESS",-0.760703899580697,0.755265262596641,1,10,-0.31671884440148,2,"Sorbs1 Irs2"
"GOBP_POSITIVE_REGULATION_OF_GLYCOGEN_METABOLIC_PROCESS",-1.03539287983481,0.412239221140473,1,14,-0.394492309268631,3,"Phka1 Sorbs1 Irs2"
"GOBP_POSITIVE_REGULATION_OF_GLYCOPROTEIN_METABOLIC_PROCESS",1.28663190092206,0.166898900758631,1,15,0.52643248326538,2,"Ramp1 Il15"
"GOBP_POSITIVE_REGULATION_OF_GRANULOCYTE_CHEMOTAXIS",0.840926831779558,0.686638798575631,1,15,0.344069815135898,2,"Cxcr2 Mospd2"
"GOBP_POSITIVE_REGULATION_OF_GROWTH",0.90442022454596,0.682579867389994,1,169,0.243919211798525,18,"Il9r Flt3 Dll1 Dnph1 Rufy3 Bmpr2 Apoe Ahr Ptk2 Vegfa Cdk20 Slc23a2 Cyfip1 Cpne5 Sema7a Cdk1 Trim32 Hyal1"
"GOBP_POSITIVE_REGULATION_OF_GTPASE_ACTIVITY",-0.918772838166128,0.650513347022587,1,86,-0.235690783204646,14,"Itga6 Kalrn Rasgrp1 Ccdc125 Mex3b Rap1gap Evi5l S1pr1 Snx9 Tsc1 Net1 Tbc1d7 Rgs14 Snx13"
"GOBP_POSITIVE_REGULATION_OF_G_PROTEIN_COUPLED_RECEPTOR_SIGNALING_PATHWAY",-1.02470592077979,0.417546948356808,1,20,-0.355862405578038,1,"Ccl5"
"GOBP_POSITIVE_REGULATION_OF_HEART_GROWTH",0.897207558898496,0.609948437973916,1,20,0.344339938619423,3,"Cdk20 Cdk1 Notch1"
"GOBP_POSITIVE_REGULATION_OF_HEMOPOIESIS",-0.982290404647851,0.507876154263987,1,152,-0.231450264261203,24,"Ccl5 Egr3 Hlx Rasgrp1 Anxa1 Fos Csf1 Nfkbid Mmp14 Socs5 Dusp10 Syk Cd46 Klf10 Ager Rag1 Bcl6 Tnf H2-DMa Smarcc2 Ctnnbip1 Ripk1 Rhoh Cyld"
"GOBP_POSITIVE_REGULATION_OF_HIPPO_SIGNALING",0.874021228614405,0.645343511450382,1,18,0.34367619444695,5,"Wwc1 Ptpn21 Frmd6 Stk3 Kpnb1"
"GOBP_POSITIVE_REGULATION_OF_HORMONE_SECRETION",-1.15583741806295,0.182407782732063,1,83,-0.297624318654664,26,"Acsl4 Itsn1 Sirt6 Irs2 Clcf1 Rph3al Cd38 Ptger4 Jak2 Tcf7l2 Acvr2a Trpm5 Osbp Nucb2 Aacs Pck2 Ffar1 Blk Cask Hcfc1 Snx4 Selenot Mrgpre Cacna1e Lrrc8a Runx1"
"GOBP_POSITIVE_REGULATION_OF_HYDROLASE_ACTIVITY",-0.881882851462825,0.744257950530035,1,101,-0.220576804309753,15,"Itga6 Tmem106b Kalrn Rasgrp1 Ccdc125 Mex3b Rap1gap Evi5l S1pr1 Snx9 Tsc1 Net1 Tbc1d7 Rgs14 Snx13"
"GOBP_POSITIVE_REGULATION_OF_IMMUNE_EFFECTOR_PROCESS",0.876731381624399,0.747716346153846,1,172,0.236050910219752,30,"6030468B19Rik Ighg3 Cd27 Fer Fcer1g Lilrb4a Prkcz Pvr Tlr4 Sema7a Hspd1 Rasgrp4 Ddx60 Il12a Mlh1 Shld3 Mzb1 Klhl22 Nr4a3 Dpp4 Ptpn22 Mif Tlr2 Dhx36 Fgr Traf2 Xbp1 Rara Shld1 Kmt5b"
"GOBP_POSITIVE_REGULATION_OF_IMMUNOGLOBULIN_PRODUCTION",0.755311680688927,0.854877874589344,1,42,0.249722632379855,8,"6030468B19Rik Cd27 Mlh1 Shld3 Mzb1 Xbp1 Shld1 Kmt5b"
"GOBP_POSITIVE_REGULATION_OF_INFLAMMASOME_MEDIATED_SIGNALING_PATHWAY",1.19578306639728,0.219018041999408,1,31,0.41961157727995,9,"Zdhhc1 Tlr4 Tlr6 Ptpn22 Mapk8 Dhx33 Atat1 Nek9 Gbp2"
"GOBP_POSITIVE_REGULATION_OF_INFLAMMATORY_RESPONSE",0.821140188410466,0.803970549566132,1,89,0.240087507808188,13,"Ighg3 Fcer1g App Napepld Kcnn4 Tlr4 Tlr6 Osm Tlr7 Alox5ap Ccr1 Tlr2 Nlrp10"
"GOBP_POSITIVE_REGULATION_OF_INSULIN_SECRETION",-0.943061393230251,0.559132007233273,1,60,-0.25771244747297,15,"Acsl4 Sirt6 Irs2 Rph3al Cd38 Jak2 Tcf7l2 Trpm5 Osbp Aacs Pck2 Ffar1 Blk Cask Hcfc1"
"GOBP_POSITIVE_REGULATION_OF_INSULIN_SECRETION_INVOLVED_IN_CELLULAR_RESPONSE_TO_GLUCOSE_STIMULUS",0.934445238064742,0.56685360094451,1,30,0.329452441423699,14,"C2cd2l Cacna1d Ncoa6 Arrb1 C1qtnf12 Mpc2 Stx4a Oxct1 Abcg1 Bad Kif5b Rac1 Gnas Atg7"
"GOBP_POSITIVE_REGULATION_OF_INTERFERON_ALPHA_PRODUCTION",1.32941026486897,0.122263588979896,1,23,0.49426551483447,7,"Flt3 Tlr4 Ifih1 Hspd1 Tlr7 Ptpn22 Dhx36"
"GOBP_POSITIVE_REGULATION_OF_INTERFERON_BETA_PRODUCTION",1.03263786262103,0.419424460431655,1,40,0.344872871777804,10,"Rnf135 Tlr4 Ifih1 Zbtb20 Tlr7 Ptpn22 Trim56 Tlr2 Hsp90aa1 Polr3g"
"GOBP_POSITIVE_REGULATION_OF_INTERLEUKIN_10_PRODUCTION",1.27081320171374,0.158185345470825,1,25,0.465350477846172,8,"Rbm47 Fcer1g Prkcz Tlr4 Hspd1 Tusc2 Tlr2 Irf4"
"GOBP_POSITIVE_REGULATION_OF_INTERLEUKIN_12_PRODUCTION",0.818263625351235,0.744454303460515,1,31,0.287136438132474,4,"Flt3 Tlr4 Tlr6 Hspd1"
"GOBP_POSITIVE_REGULATION_OF_INTERLEUKIN_17_PRODUCTION",1.22693001393063,0.215498610682309,1,16,0.49472807591664,4,"Il15 Osm Slc7a5 Zbtb7b"
"GOBP_POSITIVE_REGULATION_OF_INTERLEUKIN_1_BETA_PRODUCTION",0.861268772272532,0.692596334247366,1,38,0.29039248645673,5,"App Smad3 Tlr4 Nlrc4 Tlr6"
"GOBP_POSITIVE_REGULATION_OF_INTERLEUKIN_1_PRODUCTION",0.742804055356713,0.872349448685327,1,45,0.242047303381649,5,"App Smad3 Tlr4 Nlrc4 Tlr6"
"GOBP_POSITIVE_REGULATION_OF_INTERLEUKIN_2_PRODUCTION",0.901977265032299,0.615112160566706,1,30,0.318005378987199,2,"Pnp2 Cd276"
"GOBP_POSITIVE_REGULATION_OF_INTERLEUKIN_4_PRODUCTION",1.19765603740276,0.254901960784314,1,12,0.517618965024808,5,"Fcer1g Prkcz Slc7a5 Irf4 Rara"
"GOBP_POSITIVE_REGULATION_OF_INTERLEUKIN_6_PRODUCTION",1.15288681834984,0.234525914841518,1,66,0.35298057364842,15,"C1qtnf4 Fcer1g App Tlr4 Ifih1 Tlr6 Zbtb20 Hspd1 Tlr7 Ncl Mbp Tlr2 Nlrp10 Bsg Xbp1"
"GOBP_POSITIVE_REGULATION_OF_INTERLEUKIN_8_PRODUCTION",-0.927052175075345,0.573611977542109,1,32,-0.289505737750388,10,"Cd2 Syk Ptger4 Tnf Ripk1 Hspa1b Prkd2 Zfp580 Cd74 Pycard"
"GOBP_POSITIVE_REGULATION_OF_INTRACELLULAR_PROTEIN_TRANSPORT",0.935293977906054,0.584596967278531,1,79,0.278268718328994,21,"Zdhhc2 Asph Rufy3 Oaz2 Cdk1 Ect2 Plk3 Ptpn22 Cep131 Akap5 Pcnt Ctdspl2 Xbp1 Hsp90aa1 Ipo5 Ran Ubr5 Dmap1 Pcm1 Anp32b Tardbp"
"GOBP_POSITIVE_REGULATION_OF_INTRACELLULAR_STEROID_HORMONE_RECEPTOR_SIGNALING_PATHWAY",-0.536491776784504,0.972057578323455,1,15,-0.20089980965565,15,"Skp2 Hdac6 Pak1 Ube2i Psmc3ip Med1 Hdac1 Ncoa3 Nr3c1 Ncoa2 Ppp5c Wbp2 Parp1 Hdac2 Kmt2d"
"GOBP_POSITIVE_REGULATION_OF_INTRACELLULAR_TRANSPORT",-0.718636679021314,0.98158379373849,1,111,-0.176901020673511,10,"Anxa2 Pgap1 Ehd2 Kif3a Rab29 Sorl1 Sirt6 Flna Jak2 Map2"
"GOBP_POSITIVE_REGULATION_OF_INTRINSIC_APOPTOTIC_SIGNALING_PATHWAY",0.862290974778545,0.703962053571429,1,52,0.274467239627247,16,"Nacc2 Siah1b Plscr1 Fbxw7 Pmaip1 Myc Gsdme Eif5a Bid Bclaf1 Becn1 Eif2ak3 Bad Ptpn2 Trp53 Prkra"
"GOBP_POSITIVE_REGULATION_OF_INTRINSIC_APOPTOTIC_SIGNALING_PATHWAY_IN_RESPONSE_TO_DNA_DAMAGE",1.52032154756579,0.0353221957040573,1,11,0.672276924556552,2,"Nacc2 Plscr1"
"GOBP_POSITIVE_REGULATION_OF_ISOTYPE_SWITCHING",-0.80033880363482,0.755393497417198,1,24,-0.266838388394829,7,"Tbx21 Clcf1 Nsd2 Hmces Kmt5c Ptprc Pms2"
"GOBP_POSITIVE_REGULATION_OF_JNK_CASCADE",0.729596886553611,0.921523758244717,1,73,0.219826110927361,13,"Cd27 App Sh3rf1 Tlr4 Erbb3 Naip2 Traf4 Mturn Unc5cl Stk3 Mfhas1 Mapk8ip3 Mbip"
"GOBP_POSITIVE_REGULATION_OF_JUN_KINASE_ACTIVITY",-0.769587084274926,0.80042592029206,1,23,-0.260138164119629,9,"Syk Ager Tnf Fgd2 Map3k10 Ptk2b Map3k4 Zeb2 Map3k1"
"GOBP_POSITIVE_REGULATION_OF_KINASE_ACTIVITY",-1.13515126179945,0.176381145463761,1,131,-0.274067283883358,42,"Irgm2 Reln Rasgrp1 Cdc25b Unc119 Csf1 Ccdc88a Cib1 Tigar Cdk5rap1 Pik3cg Syk Jak2 Tpx2 Dag1 Snx9 Ager Tnf Cenpe Fgd2 Daxx Lmo4 Irgm1 Adnp Csk Pik3r5 Camkk2 Rapgef2 Notch2 Map3k10 Kras Syap1 Abi3 Ceacam1 Cab39 Ptprc Tab2 Ptk2b Map3k4 Tlr1 Zeb2 Map3k1"
"GOBP_POSITIVE_REGULATION_OF_LAMELLIPODIUM_ASSEMBLY",0.947903166650221,0.5398847437064,1,20,0.363796442622728,6,"Cyfip1 Atp7a Hsp90aa1 Hdac4 Rac1 Carmil2"
"GOBP_POSITIVE_REGULATION_OF_LAMELLIPODIUM_ORGANIZATION",0.591295323487698,0.958724482193414,1,24,0.218328001696444,3,"Cyfip1 Atp7a Hsp90aa1"
"GOBP_POSITIVE_REGULATION_OF_LEUKOCYTE_ADHESION_TO_VASCULAR_ENDOTHELIAL_CELL",-0.437761301788147,0.994892167990919,1,16,-0.160854893138358,16,"Tnf Ets1 Sell Rhoa Itga4 Itgb2 Traf6 Irak1 Gcnt1 Efnb2 Capn1 Mdk Rela Icam1 Nfat5 St3gal4"
"GOBP_POSITIVE_REGULATION_OF_LEUKOCYTE_APOPTOTIC_PROCESS",-1.41498485630576,0.0783437593089068,1,22,-0.481461936063129,4,"Ccl5 Anxa1 Nfkbid Pdcd7"
"GOBP_POSITIVE_REGULATION_OF_LEUKOCYTE_CELL_CELL_ADHESION",-0.885796350162469,0.83535417996171,1,190,-0.203426670211686,27,"Ccl5 Egr3 Hlx Rasgrp1 Anxa1 Hes1 Nfkbid Socs5 Dusp10 Syk H2-DMb1 Jak2 H2-Ob Tnfrsf13c Cd46 Cd55 Slamf1 Ager Rag1 Bcl6 Tnf H2-DMa Smarcc2 Gpam Rhoh H2-DMb2 Cyld"
"GOBP_POSITIVE_REGULATION_OF_LEUKOCYTE_CHEMOTAXIS",1.07568701477905,0.348287910552061,1,48,0.346273440727755,8,"Trem1 App Cxcr2 Ptk2 Vegfa Rarres2 Mospd2 Il12a"
"GOBP_POSITIVE_REGULATION_OF_LEUKOCYTE_DEGRANULATION",-0.78174842034499,0.749930458970793,1,14,-0.297851902997634,8,"Syk Stxbp1 Sphk2 Ap1g1 Snx4 Itgam Stxbp2 Lamp1"
"GOBP_POSITIVE_REGULATION_OF_LEUKOCYTE_MEDIATED_IMMUNITY",0.872650806776897,0.723598100859746,1,107,0.24887049122993,34,"6030468B19Rik Ighg3 Fcer1g Prkcz Pvr Hspd1 Rasgrp4 Il12a Mlh1 Shld3 Klhl22 Dpp4 Dhx36 Traf2 Shld1 Kmt5b Nod2 Atad5 Fzd5 Exosc3 Stat5a Ticam1 Fadd Bid Cd1d1 Stx7 Malt1 Ddx21 B2m Klrb1c H2-Q6 Stx4a H2-K1 Shld2"
"GOBP_POSITIVE_REGULATION_OF_LEUKOCYTE_MIGRATION",0.903198805676958,0.644851075197008,1,76,0.270314706269527,14,"Trem1 App Cxcr2 Ptk2 Vegfa Tnfrsf18 Rarres2 Mospd2 Il12a Itgb3 Spn Ccr1 Calr Tlr2"
"GOBP_POSITIVE_REGULATION_OF_LEUKOCYTE_PROLIFERATION",-1.04672611229121,0.342032967032967,1,112,-0.257112125243365,34,"Ccl5 Anxa1 Hes1 Bcl2 Csf1 Irs2 Clcf1 Cd38 Syk H2-DMb1 Jak2 Nfatc2 Zfp335 Tnfrsf13c Ighd Cd46 Cd55 Slamf1 Ager Bcl6 Gpam H2-DMb2 Dhps Irgm1 Nck2 Slc39a10 Cd244a Cd74 Btk Pycard Gpr183 Lyn Ptprc Ccr7"
"GOBP_POSITIVE_REGULATION_OF_LIPID_BIOSYNTHETIC_PROCESS",-1.1834043556493,0.171781437125749,1,65,-0.319642395403436,21,"Sorbs1 Anxa1 Nr1h2 Gpr146 Chp1 Tcf7l2 Capn2 Kat2b Insig2 Tnf Gpam Ldlr Crebl2 Srebf1 Lpgat1 Stard4 Acsl3 Cd74 Insig1 Srebf2 Sphk2"
"GOBP_POSITIVE_REGULATION_OF_LIPID_CATABOLIC_PROCESS",-0.772586422997019,0.756512201809707,1,13,-0.299618969712663,4,"Irs2 Ldlr Akt2 Daglb"
"GOBP_POSITIVE_REGULATION_OF_LIPID_LOCALIZATION",-1.23099325767919,0.143260409315455,1,52,-0.345762214873293,10,"Plin2 Pltp Anxa2 Atp8a1 Nr1h2 Xrcc4 Nucb2 Tmem135 Abca7 Ldlrap1"
"GOBP_POSITIVE_REGULATION_OF_LIPID_METABOLIC_PROCESS",-1.13580364060584,0.210950080515298,1,79,-0.296200078069889,25,"Sorbs1 Anxa1 Irs2 Nr1h2 Gpr146 Chp1 Tcf7l2 Capn2 Kat2b Insig2 Tnf Gpam Nucb2 Ldlr Crebl2 Srebf1 Lpgat1 Stard4 Acsl3 Akt2 Cd74 Daglb Insig1 Srebf2 Sphk2"
"GOBP_POSITIVE_REGULATION_OF_LIPID_STORAGE",-1.26373927049963,0.191664381683576,1,13,-0.490094372541144,5,"Plin2 Nr1h2 Tmem135 Srebf2 Asxl2"
"GOBP_POSITIVE_REGULATION_OF_LIPID_TRANSPORT",-1.11765335240589,0.280330578512397,1,41,-0.329549780293884,8,"Pltp Anxa2 Atp8a1 Nr1h2 Xrcc4 Nucb2 Abca7 Ldlrap1"
"GOBP_POSITIVE_REGULATION_OF_LOCOMOTION",0.990854572615978,0.498157865356704,1,320,0.252688934184996,54,"Sema6d Slc8a1 Trem1 Ackr3 Epb41l4b Fer Myo1f Rufy3 App Angpt1 Cxcr2 Bmpr2 Smad3 Cass4 Ptk2 Hmox1 Vegfa Vsir Tlr4 Lef1 Syde1 Sema7a Trim32 Tnfrsf18 Rarres2 Mospd2 Plk2 Dock7 Il12a Plp1 Adam9 Itgb3 Snai1 Spn Nr4a3 Rap2a Cdh5 Epcam Atp7a Ccr1 Mapk8 Notch1 Tiam1 Calr Tlr2 Sema5a Fgr Hspa5 Scrib Bsg Sod2 Egf Xbp1 Mapk8ip3"
"GOBP_POSITIVE_REGULATION_OF_LONG_TERM_SYNAPTIC_POTENTIATION",0.906548672441367,0.598235020901068,1,15,0.370919350353611,2,"Zdhhc2 App"
"GOBP_POSITIVE_REGULATION_OF_LYMPHOCYTE_ACTIVATION",-0.916212995489961,0.760953112990008,1,243,-0.204699720892164,36,"Ccl5 Tbx21 Egr3 Hlx Rasgrp1 Anxa1 Hes1 Bcl2 Nfkbid Irs2 Clcf1 Mmp14 Socs5 Dusp10 Cd38 Syk H2-DMb1 Jak2 Nfatc2 Zfp335 Nsd2 H2-Ob Tnfrsf13c Ighd Cd46 Cd55 Slamf1 Ager Rag1 Bcl6 H2-DMa Smarcc2 Gpam Rhoh H2-DMb2 Cyld"
"GOBP_POSITIVE_REGULATION_OF_LYMPHOCYTE_APOPTOTIC_PROCESS",-1.58657686560061,0.0380641653072322,1,12,-0.629977372503155,3,"Ccl5 Nfkbid Pdcd7"
"GOBP_POSITIVE_REGULATION_OF_LYMPHOCYTE_DIFFERENTIATION",-0.825322622827135,0.870850386539336,1,109,-0.203386722420328,16,"Egr3 Hlx Rasgrp1 Anxa1 Nfkbid Mmp14 Socs5 Dusp10 Syk Cd46 Rag1 Bcl6 H2-DMa Smarcc2 Rhoh Cyld"
"GOBP_POSITIVE_REGULATION_OF_LYMPHOCYTE_MIGRATION",-0.867373142770895,0.654347167524992,1,25,-0.28647228441577,1,"Ccl5"
"GOBP_POSITIVE_REGULATION_OF_MACROAUTOPHAGY",0.662226247108346,0.977783655117694,1,87,0.194521183506799,25,"Ralb Hmox1 Trim13 Trim32 C9orf72 Gpsm1 Tlr2 Pip4k2a Clec16a Vdac1 Rab12 Sesn2 Tsc2 Pink1 Nod2 Tom1 Cdc37 Larp1 Chek2 Slc25a4 Hk2 Ripk2 Nod1 Smcr8 Ikbkg"
"GOBP_POSITIVE_REGULATION_OF_MACROPHAGE_ACTIVATION",1.15060718681273,0.28959555418339,1,16,0.463952852407689,4,"Kcnn4 Tlr4 Tlr6 Hspd1"
"GOBP_POSITIVE_REGULATION_OF_MACROPHAGE_CHEMOTAXIS",0.909457213220639,0.597010228166798,1,13,0.385511383708434,3,"Trem1 Ptk2 Rarres2"
"GOBP_POSITIVE_REGULATION_OF_MACROPHAGE_DIFFERENTIATION",0.553218764804994,0.958154335719968,1,11,0.244629966868231,5,"Id2 Prkca Rb1 Fadd Trib1"
"GOBP_POSITIVE_REGULATION_OF_MACROPHAGE_MIGRATION",-1.06522536740117,0.374290578887628,1,16,-0.391415851382191,5,"Ccl5 Csf1 Mmp14 Slamf1 P2rx4"
"GOBP_POSITIVE_REGULATION_OF_MAPK_CASCADE",1.07049593872058,0.305444126074499,1,253,0.277825526300447,51,"Cdon Ackr3 Cd27 Ryk Pde8a App Angpt1 Sh3rf1 Apoe Timp2 Prkcz Maged1 Wwc1 Kcnn4 Vegfa Fgfbp3 Tlr4 Avpi1 Ksr1 Tlr6 Sema7a Osm Nenf Gpr55 Erbb3 Naip2 Traf4 Adam9 Itgb3 Nmnat1 Mturn Ptpn22 Ccr1 Mif Notch1 Dnajc27 Unc5cl Fbxw7 Dhx33 Tiam1 Arrb1 Tlr2 Stk3 Mfhas1 Traf2 Mydgf Egf Mapk8ip3 Rara Nrxn1 Mbip"
"GOBP_POSITIVE_REGULATION_OF_MAP_KINASE_ACTIVITY",-1.13912770877122,0.249672346002621,1,40,-0.33751018258553,17,"Rasgrp1 Pik3cg Syk Ager Tnf Fgd2 Csk Pik3r5 Map3k10 Kras Ceacam1 Ptprc Ptk2b Map3k4 Zeb2 Map3k1 Iqgap1"
"GOBP_POSITIVE_REGULATION_OF_MEIOTIC_CELL_CYCLE",-0.584794295116132,0.937194127243067,1,12,-0.232202537097144,6,"Cdc25b Fbxo5 Rad51ap1 Ythdc2 Ube2b Sirt2"
"GOBP_POSITIVE_REGULATION_OF_MEMBRANE_PERMEABILITY",-0.94912473372364,0.537741734248284,1,32,-0.296398696471933,6,"Acaa2 Bcl2l11 Bcl2l1 Mpv17l Fxn Bnip3l"
"GOBP_POSITIVE_REGULATION_OF_MEMBRANE_POTENTIAL",0.578072256401385,0.956335877862595,1,18,0.227305317870074,2,"Nnt Mtln"
"GOBP_POSITIVE_REGULATION_OF_MESENCHYMAL_CELL_PROLIFERATION",0.584068865403176,0.942125237191651,1,12,0.252430674727636,3,"Vegfa Arhgap5 Myc"
"GOBP_POSITIVE_REGULATION_OF_METAPHASE_ANAPHASE_TRANSITION_OF_CELL_CYCLE",-1.1777250325967,0.256844482077336,1,15,-0.44102210903115,3,"Cdc20 Ube2c Cenpe"
"GOBP_POSITIVE_REGULATION_OF_MICROTUBULE_POLYMERIZATION_OR_DEPOLYMERIZATION",0.797188631633588,0.768369901340009,1,28,0.284829585434645,15,"Git1 Mapk8 Fes Psrc1 Clip1 Numa1 Rac1 Aurkb Drg1 Dctn1 Mapt Pde4dip Arl2 Mecp2 Togaram1"
"GOBP_POSITIVE_REGULATION_OF_MIRNA_METABOLIC_PROCESS",-1.25675876431325,0.13768352365416,1,39,-0.37517952205233,11,"Egr1 Ngfr Fos Smad1 Nr1h2 Tnf Klf4 Srebf1 Ets1 Notch2 Srebf2"
"GOBP_POSITIVE_REGULATION_OF_MITOCHONDRIAL_FISSION",1.16171974067095,0.275401880497422,1,20,0.445857260372082,3,"Spire1 Aurka Ddhd2"
"GOBP_POSITIVE_REGULATION_OF_MITOCHONDRIAL_MEMBRANE_PERMEABILITY",-1.07439096629267,0.349068322981366,1,29,-0.344474518295654,6,"Acaa2 Bcl2l11 Bcl2l1 Mpv17l Fxn Bnip3l"
"GOBP_POSITIVE_REGULATION_OF_MITOCHONDRIAL_MEMBRANE_POTENTIAL",0.720046851159578,0.825963808025177,1,13,0.305221899271567,2,"Nnt Mtln"
"GOBP_POSITIVE_REGULATION_OF_MITOCHONDRIAL_TRANSLATION",-0.63771490591527,0.914301929625426,1,16,-0.234327617870119,3,"Cdk5rap1 Taco1 Rpusd3"
"GOBP_POSITIVE_REGULATION_OF_MITOTIC_CELL_CYCLE",-0.739405705730746,0.968458462905375,1,103,-0.184194287167568,14,"Cdc20 Cdc25b Anxa1 Hes1 Rrm2b Ube2c Ccnd3 Pbx1 Wee1 Eif4ebp1 Cenpe Ccnd2 Tmod3 Lsm11"
"GOBP_POSITIVE_REGULATION_OF_MITOTIC_CELL_CYCLE_PHASE_TRANSITION",-0.858099895746298,0.779654201849618,1,80,-0.223217715328188,14,"Cdc20 Cdc25b Anxa1 Rrm2b Ube2c Ccnd3 Pbx1 Wee1 Cenpe Ccnd2 Tmod3 Lsm11 Birc5 Mtbp"
"GOBP_POSITIVE_REGULATION_OF_MITOTIC_NUCLEAR_DIVISION",-0.858178623459646,0.666970525676086,1,24,-0.286122576837286,4,"Cdc20 Ube2c Tnf Cenpe"
"GOBP_POSITIVE_REGULATION_OF_MITOTIC_SISTER_CHROMATID_SEPARATION",-1.04232968404408,0.399649430324277,1,19,-0.367274988558506,4,"Cdc20 Ube2c Cenpe Birc5"
"GOBP_POSITIVE_REGULATION_OF_MOLECULAR_FUNCTION",-0.870650026286474,0.956195244055069,1,416,-0.183946141452832,88,"Adrb2 Irgm2 Itga6 Trim30c Tmem106b Reln Kalrn Rasgrp1 Cdc20 Cdc25b Ccdc125 Unc119 Dnajb2 Traf5 Hes1 Bcl2 Mex3b Csf1 Ccdc88a Cib1 Tigar Cdk5rap1 Pik3cg Syk Rap1gap Jak2 Trim5 Tpx2 Dag1 Chp1 Mtpn Ripor2 Evi5l S1pr1 Snx9 Arc Tsc1 Ager Tnf Tpm1 Net1 Xrcc4 Cenpe Ripk1 Hspa1b Tbc1d7 Rgs14 Nedd4l Snx13 Fgd2 Daxx Gnai2 Fxn Lmo4 Irgm1 Adnp Csk Ripor1 Trim12c Pik3r5 Camkk2 Rasgrp2 Prkd2 Rapgef2 Thap11 Rfc5 Wnt10b Notch2 Akt2 Dnajc24 Map3k10 Kras Zc3hav1 Arrdc3 Syap1 Lmf1 Abi3 Pycard Ceacam1 Bin1 Evi5 Nvl S100a10 Lgals9 Cab39 Camk1d Rps6ka5 Ptprc"
"GOBP_POSITIVE_REGULATION_OF_MONOATOMIC_ION_TRANSMEMBRANE_TRANSPORT",1.10659878196823,0.297668038408779,1,63,0.341378490657177,15,"Kcnk3 Asph Fgf13 S100a1 Ehd3 Stac2 Akap7 Cacna1d Gsto1 Plp1 Atpsckmt Atp7a Akap5 Nipsnap2 Rgs7"
"GOBP_POSITIVE_REGULATION_OF_MONOATOMIC_ION_TRANSPORT",-0.961364123911494,0.541649048625793,1,90,-0.244742671059519,14,"Ccl5 Adrb2 Lgals3 Reln Atp1b1 Cxcr4 Flna Chp1 Mllt6 Arc P2rx4 Nedd4l G6pdx Cd19"
"GOBP_POSITIVE_REGULATION_OF_MONOCYTE_CHEMOTACTIC_PROTEIN_1_PRODUCTION",-1.10204441511832,0.337776592908558,1,10,-0.458835867448255,3,"Syk Ager Oas1a"
"GOBP_POSITIVE_REGULATION_OF_MONONUCLEAR_CELL_MIGRATION",0.821053472527292,0.777283470040317,1,54,0.259612691656457,10,"Trem1 App Ptk2 Rarres2 Mospd2 Il12a Itgb3 Spn Ccr1 Calr"
"GOBP_POSITIVE_REGULATION_OF_MRNA_CATABOLIC_PROCESS",0.648694765172058,0.985296031229668,1,97,0.187494577333546,25,"Zc3h12c Noct Mlh1 Mapk8 Plekhn1 Dhx36 Gtpbp1 Dcp1a Mettl3 Zc3h12d Rc3h2 Tardbp Eif4enif1 Mettl16 Tnrc6c Dis3l2 Tob1 Fxr1 Paip1 Ythdf1 Cnot6l Upf1 Tent4b Dcp2 Fmr1"
"GOBP_POSITIVE_REGULATION_OF_MRNA_METABOLIC_PROCESS",0.755106554093855,0.924523570712136,1,124,0.211534962103671,35,"Zc3h12c Celf4 Noct Mlh1 Wdr77 Mapk8 Plekhn1 Upf3a Dhx36 Slirp Gtpbp1 Dcp1a Mettl3 Zc3h12d Rc3h2 Tardbp Clns1a Prdx6 Eif4enif1 Mettl16 Tnrc6c Cdc73 Dis3l2 Tob1 Fxr1 Paip1 Ythdf1 Cnot6l Upf1 Tent4b Dcp2 Zfp64 Prmt5 Fmr1 Thrap3"
"GOBP_POSITIVE_REGULATION_OF_MRNA_PROCESSING",1.28228735314556,0.147842733029009,1,28,0.458151760714535,18,"Celf4 Wdr77 Upf3a Dhx36 Slirp Clns1a Prdx6 Cdc73 Upf1 Zfp64 Prmt5 Thrap3 Snrnp70 Tra2a Hspa8 Ncbp2 Ccnb1 Prpf19"
"GOBP_POSITIVE_REGULATION_OF_MULTICELLULAR_ORGANISM_GROWTH",-1.27369297183381,0.16637323943662,1,20,-0.442331244245855,4,"Chd7 Bcl2 Csf1 Pex5"
"GOBP_POSITIVE_REGULATION_OF_MUSCLE_CELL_APOPTOTIC_PROCESS",-0.819195265796521,0.758951406649616,1,35,-0.251962858882798,7,"Adrb2 Ltk Tigar Fbxo32 Capn2 Foxo1 Stk4"
"GOBP_POSITIVE_REGULATION_OF_MUSCLE_CELL_DIFFERENTIATION",0.760518827492232,0.845035971223022,1,40,0.253992538500004,1,"Eng"
"GOBP_POSITIVE_REGULATION_OF_MUSCLE_CONTRACTION",0.94945331899288,0.543936319650382,1,14,0.39485665854319,5,"Gsto1 Ada Cacna1s Atp1a1 Hsp90aa1"
"GOBP_POSITIVE_REGULATION_OF_MUSCLE_HYPERTROPHY",0.73828593445203,0.848417627920733,1,31,0.259071510664874,9,"Ptk2 Nr4a3 Twf1 Prkca Adk Slc25a4 Parp1 Becn1 Mef2a"
"GOBP_POSITIVE_REGULATION_OF_MUSCLE_ORGAN_DEVELOPMENT",1.18438363973579,0.261901045731231,1,14,0.492558988487567,4,"Cdon Dll1 Erbb3 Usp2"
"GOBP_POSITIVE_REGULATION_OF_MYELOID_CELL_DIFFERENTIATION",-0.777440585392415,0.913717693836978,1,76,-0.2042064820248,9,"Ccl5 Fos Csf1 Klf10 Acvr2a Tnf Ctnnbip1 Ripk1 Hspa1b"
"GOBP_POSITIVE_REGULATION_OF_MYELOID_LEUKOCYTE_CYTOKINE_PRODUCTION_INVOLVED_IN_IMMUNE_RESPONSE",1.50654703731962,0.0397178346879313,1,17,0.599930890596352,7,"Fcer1g Tlr4 Sema7a Nr4a3 Mif Tlr2 Dhx36"
"GOBP_POSITIVE_REGULATION_OF_MYELOID_LEUKOCYTE_DIFFERENTIATION",-0.879782634930595,0.676715176715177,1,47,-0.25270703645654,7,"Ccl5 Fos Csf1 Klf10 Tnf Ctnnbip1 Ripk1"
"GOBP_POSITIVE_REGULATION_OF_MYELOID_LEUKOCYTE_MEDIATED_IMMUNITY",1.3446642593214,0.12056190182155,1,16,0.542201392267486,2,"Ighg3 Fcer1g"
"GOBP_POSITIVE_REGULATION_OF_MYOBLAST_DIFFERENTIATION",1.04652593550633,0.404061212477928,1,32,0.364863585261582,3,"Cdon Zfhx3 Xkr8"
"GOBP_POSITIVE_REGULATION_OF_NATURAL_KILLER_CELL_ACTIVATION",0.96605557276543,0.516491868065055,1,19,0.375015857258342,4,"Il15ra Il15 Lyst Il12a"
"GOBP_POSITIVE_REGULATION_OF_NATURAL_KILLER_CELL_MEDIATED_IMMUNITY",0.808538107909787,0.733850129198966,1,19,0.313868705084786,4,"Pvr Rasgrp4 Il12a Dpp4"
"GOBP_POSITIVE_REGULATION_OF_NERVOUS_SYSTEM_DEVELOPMENT",0.990914641563178,0.487102937664199,1,185,0.265226336821726,33,"Iqsec2 Atxn1 Adgrl2 Rufy3 Xlr4b Bmpr2 Apoe Srcin1 Ptk2 Rtn4rl2 Vegfa Amigo2 Plxnb2 Marcks Tnfrsf1b Cyfip1 Sema7a Trim32 Slc7a5 Runx2 Amigo3 Xrcc2 Id2 Prkci Fbxw8 Jade2 Mapk8 Notch1 Akap5 Tiam1 Tlr2 Dhx36 Sema5a"
"GOBP_POSITIVE_REGULATION_OF_NERVOUS_SYSTEM_PROCESS",-1.00127370598581,0.450094161958569,1,11,-0.405733445625752,4,"Egr2 Ngfr Dag1 Rnf10"
"GOBP_POSITIVE_REGULATION_OF_NEURAL_PRECURSOR_CELL_PROLIFERATION",1.1866909309083,0.229283397227956,1,29,0.421302579621625,8,"Cdon Ryk Vegfa Fzd9 Mapk8 Notch1 Dll4 Egf"
"GOBP_POSITIVE_REGULATION_OF_NEUROGENESIS",0.825740015722612,0.844966847498493,1,169,0.222699413745061,28,"Atxn1 Rufy3 Xlr4b Bmpr2 Apoe Srcin1 Ptk2 Vegfa Plxnb2 Marcks Tnfrsf1b Cyfip1 Sema7a Trim32 Slc7a5 Runx2 Xrcc2 Id2 Prkci Fbxw8 Jade2 Mapk8 Notch1 Akap5 Tiam1 Tlr2 Dhx36 Sema5a"
"GOBP_POSITIVE_REGULATION_OF_NEUROINFLAMMATORY_RESPONSE",-1.23960369595281,0.217110573042776,1,11,-0.502308884935883,1,"Ccl5"
"GOBP_POSITIVE_REGULATION_OF_NEURON_APOPTOTIC_PROCESS",-0.981806701335565,0.478664192949907,1,64,-0.265756383732636,9,"Egr1 Casp9 Fas Bcl2l11 Casp3 Map2k4 Ager Tnf Ripk1"
"GOBP_POSITIVE_REGULATION_OF_NEURON_DIFFERENTIATION",1.0608052666184,0.372303409881698,1,49,0.339718341345056,15,"Cdon Impact App Timp2 Dnmt3b Trim32 Ect2 Cyb5d2 Tcf4 Kdm4c Mmd Tgif2 Mapk8ip3 Rara Kctd11"
"GOBP_POSITIVE_REGULATION_OF_NEURON_MIGRATION",-1.36758582453499,0.119108100479819,1,15,-0.512119185653806,5,"Reln Nsmf Flna Fbxo31 Rapgef2"
"GOBP_POSITIVE_REGULATION_OF_NEURON_PROJECTION_DEVELOPMENT",-1.03998253194293,0.353775975671566,1,131,-0.251090050645682,18,"Pcp4 Itga6 Tmem106b Reln Kalrn Tubb2b Ngfr Cbfa2t2 Mfn1 Ltk Braf Eef2k Washc5 Flna Magi2 Kat2b Neu1 Dbnl"
"GOBP_POSITIVE_REGULATION_OF_NEUROTRANSMITTER_SECRETION",-1.20527964795319,0.238278036742528,1,13,-0.467422977657957,4,"Adora2a Ptger4 Stxbp1 Bcl2l1"
"GOBP_POSITIVE_REGULATION_OF_NEUROTRANSMITTER_TRANSPORT",-1.02864617647325,0.416596104995766,1,15,-0.385196623693073,4,"Adora2a Ptger4 Stxbp1 Bcl2l1"
"GOBP_POSITIVE_REGULATION_OF_NEUTROPHIL_MIGRATION",0.724123010905847,0.840458015267176,1,18,0.284734320577219,2,"Cxcr2 Mospd2"
"GOBP_POSITIVE_REGULATION_OF_NF_KAPPAB_TRANSCRIPTION_FACTOR_ACTIVITY",0.602662258057739,0.990598979317755,1,71,0.182234446648052,22,"Fer Prkcz Tlr4 Nlrc4 Prkci Dhx33 Tlr2 Traf2 Rhebl1 Trappc9 Nod2 Cd84 Npm1 Il1rap Ticam1 Ripk2 Nod1 Traf1 Ikbkg Icam1 Malt1 Mtdh"
"GOBP_POSITIVE_REGULATION_OF_NITRIC_OXIDE_BIOSYNTHETIC_PROCESS",1.15917631865535,0.25215864188497,1,34,0.399113414337638,10,"App Apoe Smad3 Tlr4 Smpd3 Tlr6 Tlr2 Jak3 Sod2 Hsp90aa1"
"GOBP_POSITIVE_REGULATION_OF_NON_CANONICAL_NF_KAPPAB_SIGNAL_TRANSDUCTION",0.80237441699306,0.792089104669427,1,43,0.264370870339031,9,"C1qtnf4 App Smpd3 Trim56 Calr Terf2ip Nod2 Rc3h2 Uxt"
"GOBP_POSITIVE_REGULATION_OF_NOTCH_SIGNALING_PATHWAY",0.751543288077165,0.81188863807374,1,22,0.28241886963729,5,"Dll1 Tspan5 Notch1 Dll4 Nod2"
"GOBP_POSITIVE_REGULATION_OF_NUCLEAR_DIVISION",-0.625120814238396,0.958950617283951,1,31,-0.196597255161322,11,"Cdc20 Ube2c Tnf Cenpe Fbxo5 Nusap1 Rad51ap1 Ube2b Sirt2 Phip Nup62"
"GOBP_POSITIVE_REGULATION_OF_NUCLEAR_TRANSCRIBED_MRNA_CATABOLIC_PROCESS_DEADENYLATION_DEPENDENT_DECAY",0.516382438607907,0.974402996722335,1,14,0.21475204747863,3,"Dhx36 Tnrc6c Tob1"
"GOBP_POSITIVE_REGULATION_OF_NUCLEOCYTOPLASMIC_TRANSPORT",0.755918711295429,0.866620402498265,1,56,0.237477420634801,19,"Cdk1 Ect2 Ptpn22 Akap5 Ctdspl2 Xbp1 Hsp90aa1 Ipo5 Ran Ubr5 Dmap1 Anp32b Tardbp Xpo4 Rapgef3 Riok2 Nutf2 Zpr1 Hyal2"
"GOBP_POSITIVE_REGULATION_OF_NUCLEOTIDE_CATABOLIC_PROCESS",0.914369397724814,0.586909539981476,1,16,0.368696019884825,3,"App Zbtb20 Pfkfb1"
"GOBP_POSITIVE_REGULATION_OF_NUCLEOTIDE_METABOLIC_PROCESS",0.737379762114986,0.838122037914692,1,26,0.267927087602538,4,"App Zbtb20 Pfkfb1 Bend3"
"GOBP_POSITIVE_REGULATION_OF_OLIGODENDROCYTE_DIFFERENTIATION",-0.780605732657873,0.747960848287113,1,12,-0.309952804104796,3,"Cxcr4 Dag1 Ptpra"
"GOBP_POSITIVE_REGULATION_OF_ORGANELLE_ASSEMBLY",0.914143283068964,0.625811580760567,1,84,0.269732231032894,13,"Ift88 Ralb Rab11fip3 Mns1 Ccdc15 Tmem67 Trim32 Arhgap35 Tmem216 Mapk8 Pip4k2a Gpsm2 Ttbk2"
"GOBP_POSITIVE_REGULATION_OF_ORGANELLE_ORGANIZATION",0.681881708510192,0.999562123700055,1,383,0.171710858751097,52,"Spire1 Ift88 Tnfsf10 Fer Ralb Smad3 Plxna3 Aurka Rab11fip3 Ddhd2 Mns1 Smpd3 Doc2a Endog Cyfip1 Wrap53 Ccdc15 Pfn2 Tmem67 Cdk1 Trim32 Npr2 Bmf Arhgap35 Ncapg Git1 Msto1 Naf1 Ncapd3 Tmem216 Fen1 Rgcc Rtel1 Arhgef10 Mapk8 Nbn Pmaip1 Ska3 Fes Pip4k2a Terf2ip Dhx36 Gpsm2 Sema5a Ncapd2 Clec16a Ttbk2 Egf C2cd5 Pdxp Adck1 Prdm9"
"GOBP_POSITIVE_REGULATION_OF_ORGANIC_ACID_TRANSPORT",-0.670167230885144,0.897503671071953,1,21,-0.230265632062277,2,"Adora2a Stxbp1"
"GOBP_POSITIVE_REGULATION_OF_ORGAN_GROWTH",0.712882002602996,0.867298578199052,1,26,0.259025821665962,4,"Cdk20 Cdk1 Notch1 Rag2"
"GOBP_POSITIVE_REGULATION_OF_OSSIFICATION",1.39516738509955,0.0754912099276112,1,27,0.502578777514174,8,"Slc8a1 Cd276 Bmpr2 Smad3 Gpm6b Runx2 Slc20a2 Fzd9"
"GOBP_POSITIVE_REGULATION_OF_OSTEOBLAST_DIFFERENTIATION",0.85546366168765,0.682668237372994,1,28,0.305650821454377,4,"Cd276 Bmpr2 Vegfa Runx2"
"GOBP_POSITIVE_REGULATION_OF_OSTEOCLAST_DIFFERENTIATION",-1.12923926926493,0.286579824295668,1,25,-0.372960306431539,5,"Ccl5 Fos Csf1 Klf10 Tnf"
"GOBP_POSITIVE_REGULATION_OF_OXIDOREDUCTASE_ACTIVITY",-0.673141267899721,0.884704519119351,1,18,-0.24050629182743,8,"Tnf Gnai2 Kras Lgals9 Gch1 Ptk2b Ripk3 Rfk"
"GOBP_POSITIVE_REGULATION_OF_P38MAPK_CASCADE",-0.871300870480837,0.635162309681126,1,17,-0.316087591980276,7,"Gadd45a Rell2 Ager Mink1 Map3k4 Spi1 Gadd45g"
"GOBP_POSITIVE_REGULATION_OF_PATTERN_RECOGNITION_RECEPTOR_SIGNALING_PATHWAY",0.764533014307405,0.879219905850706,1,74,0.22993423499383,10,"Zdhhc1 Tlr4 Tlr6 Ddx60 Ptpn22 Mapk8 Slc19a1 Dhx33 Mfhas1 Atat1"
"GOBP_POSITIVE_REGULATION_OF_PEPTIDE_SECRETION",-1.14705870375836,0.202937765751836,1,69,-0.305610387962654,22,"Acsl4 Itsn1 Sirt6 Irs2 Clcf1 Rph3al Cd38 Ptger4 Jak2 Tcf7l2 Trpm5 Osbp Aacs Pck2 Ffar1 Blk Cask Hcfc1 Selenot Mrgpre Cacna1e Lrrc8a"
"GOBP_POSITIVE_REGULATION_OF_PEPTIDYL_SERINE_PHOSPHORYLATION",-1.17232430431895,0.227343025054129,1,27,-0.382798920541453,7,"Irgm2 Bcl2 Braf Stk4 Irgm1 Cnot9 Crebl2"
"GOBP_POSITIVE_REGULATION_OF_PEPTIDYL_TYROSINE_PHOSPHORYLATION",1.04583499733669,0.391908800222438,1,54,0.330687400725993,9,"Angpt1 Srcin1 Cass4 Il15 Vegfa Tlr4 Osm Tnfrsf18 Il12a"
"GOBP_POSITIVE_REGULATION_OF_PHAGOCYTOSIS",1.42031402798723,0.040105834841944,1,53,0.450577255545722,8,"Cd300lf Ighg3 Fcer1g Il15ra Ptk2 Il15 Sirpa Abr"
"GOBP_POSITIVE_REGULATION_OF_PHOSPHATIDYLINOSITOL_3_KINASE_PROTEIN_KINASE_B_SIGNAL_TRANSDUCTION",0.963417667190582,0.536833956908786,1,103,0.276220498464266,23,"Eng Ryk Meis3 Fer Angpt1 Cass4 Ptk2 Vegfa Osm Vav3 Txn1 Stk3 Sema5a Fgr Mfhas1 Mydgf Egf Xbp1 Rara Nrxn1 Prkca Sesn2 Tmem100"
"GOBP_POSITIVE_REGULATION_OF_PHOSPHOLIPID_TRANSPORT",0.791781806084408,0.739721644536874,1,10,0.358146483485914,1,"Apoe"
"GOBP_POSITIVE_REGULATION_OF_PHOSPHORUS_METABOLIC_PROCESS",-0.892178246885112,0.871841155234657,1,295,-0.194538574630103,49,"Irgm2 Anxa2 Reln Rasgrp1 Cdc25b Unc119 Plaur Hes1 Bcl2 Csf1 Cxcr4 Ccdc88a Cib1 Braf Uchl1 Tigar Cdk5rap1 Ehd4 Pik3cg Arnt Syk Jak2 Map2k4 Tpx2 Dag1 Chp1 Snx9 Capn2 Ager Acvr2a Tnf Parp9 Bcl2l1 Cenpe Rb1cc1 Ripk1 Parp14 Fgd2 Daxx Lmo4 Stk4 Irgm1 Fyn Cnot9 Adnp Csk Birc5 Pik3r5 Crebl2"
"GOBP_POSITIVE_REGULATION_OF_PHOSPHORYLATION",-0.89022995505286,0.863338788870704,1,266,-0.196083870019475,44,"Irgm2 Anxa2 Reln Rasgrp1 Cdc25b Unc119 Plaur Hes1 Bcl2 Csf1 Cxcr4 Ccdc88a Cib1 Braf Tigar Cdk5rap1 Ehd4 Pik3cg Syk Jak2 Map2k4 Tpx2 Dag1 Snx9 Ager Acvr2a Tnf Parp9 Cenpe Rb1cc1 Ripk1 Parp14 Fgd2 Daxx Lmo4 Stk4 Irgm1 Fyn Cnot9 Adnp Csk Birc5 Pik3r5 Crebl2"
"GOBP_POSITIVE_REGULATION_OF_PLASMA_MEMBRANE_BOUNDED_CELL_PROJECTION_ASSEMBLY",0.815391189562339,0.808326682628359,1,79,0.242595233815412,13,"Ift88 Rab11fip3 Mns1 Cyfip1 Tmem67 Arhgap35 Gpm6a Rap2a Tmem216 Atp7a Eps8l1 Ttbk2 Hsp90aa1"
"GOBP_POSITIVE_REGULATION_OF_POST_TRANSCRIPTIONAL_GENE_SILENCING",-1.33011018850419,0.15469464622007,1,11,-0.538983683100302,9,"Trub1 Dgcr8 Ripk1 Zfp36 Pum2 Tgfb1 Tial1 Ago2 Pum1"
"GOBP_POSITIVE_REGULATION_OF_POST_TRANSLATIONAL_PROTEIN_MODIFICATION",-0.701990460128041,0.987676859881333,1,110,-0.172790293224893,14,"Egr1 Cdc20 Dnajb2 Skp2 Arnt Sprtn Tnip1 Rwdd3 Fanci Nmi Tbc1d7 Dcun1d1 Birc5 Amer1"
"GOBP_POSITIVE_REGULATION_OF_POTASSIUM_ION_TRANSMEMBRANE_TRANSPORT",-0.835405047510475,0.655825113303119,1,10,-0.347820645326681,2,"Atp1b1 Flna"
"GOBP_POSITIVE_REGULATION_OF_POTASSIUM_ION_TRANSPORT",-1.34239949871524,0.136300417246175,1,14,-0.511464091093341,3,"Adrb2 Atp1b1 Flna"
"GOBP_POSITIVE_REGULATION_OF_PRODUCTION_OF_MOLECULAR_MEDIATOR_OF_IMMUNE_RESPONSE",0.983431798301572,0.49477858559154,1,85,0.289546147814422,31,"6030468B19Rik Cd27 Fcer1g Prkcz Tlr4 Sema7a Mlh1 Shld3 Mzb1 Nr4a3 Ptpn22 Mif Tlr2 Dhx36 Traf2 Xbp1 Shld1 Kmt5b Nod2 Atad5 Fzd5 Tnfrsf14 Exosc3 Ticam1 Tlr9 Galnt2 Malt1 Ddx21 Dnajb9 B2m Stx4a"
"GOBP_POSITIVE_REGULATION_OF_PROGRAMMED_CELL_DEATH",0.785972631698285,0.970952124798279,1,447,0.195883347111454,70,"Nacc2 Trem1 Tnfsf10 Gzma Rps6ka2 App Cxcr2 Bcl2l14 Dkkl1 Bcl2a1c Maged1 Ahr Itm2c Hmox1 Tlr4 Endog Tnfrsf1b Zmat3 Nlrc4 Tlr6 Rrp1b Osm Prr7 Siah1b Hspd1 Ect2 Adamtsl4 Bmf Ctnna1 Il12a Fosl1 Ppargc1a Htra2 Prkci Jmy Plscr1 Zc3h8 Trps1 Tfap4 Bcl2a1b Nr4a3 Efhc1 Wwox Tctn3 Bcl2a1d Rybp Fzd9 Rgcc Mapk8 Dhodh Notch1 Cdk5r1 Fbxw7 Ddx20 Pmaip1 Tlr2 Plekhn1 Stk3 Eef1e1 Aimp2 Traf2 Jak3 Scrib Sod2 Cdk4 Xbp1 Vdac1 Egln1 Pdia3 Klf11"
"GOBP_POSITIVE_REGULATION_OF_PROTEASOMAL_PROTEIN_CATABOLIC_PROCESS",0.672007541401781,0.973191771731918,1,83,0.198579425784319,11,"Trf Aurka Tmem67 Plk2 Bag2 Plk3 Fbxw8 Mapk8 Fbxw7 Det1 Xbp1"
"GOBP_POSITIVE_REGULATION_OF_PROTEASOMAL_UBIQUITIN_DEPENDENT_PROTEIN_CATABOLIC_PROCESS",0.69328441391904,0.942275975810885,1,62,0.21445097443826,7,"Trf Aurka Plk2 Bag2 Plk3 Fbxw8 Mapk8"
"GOBP_POSITIVE_REGULATION_OF_PROTEIN_CATABOLIC_PROCESS",0.761370834154201,0.929910550177674,1,148,0.208576732385002,15,"Trf App Apoe Aurka Tnfrsf1b Oaz2 Tmem67 Trim32 Plk2 Bag2 Lpcat1 Plk3 Rhbdd3 Fbxw8 Adam9"
"GOBP_POSITIVE_REGULATION_OF_PROTEIN_CONTAINING_COMPLEX_ASSEMBLY",0.658463884940513,0.993525531395065,1,155,0.179358236419599,17,"Zdhhc1 Fer Ahr Vegfa Tlr4 Cdh17 Pfn2 Tlr6 Mtln Bmf Git1 Cdh5 Ptpn22 Mapk8 Dhx33 Fes Atat1"
"GOBP_POSITIVE_REGULATION_OF_PROTEIN_CONTAINING_COMPLEX_DISASSEMBLY",-1.17774416104568,0.219588271990019,1,32,-0.367793422411236,4,"Adrb2 Irgm2 Prr3 Carmil1"
"GOBP_POSITIVE_REGULATION_OF_PROTEIN_DEPOLYMERIZATION",-0.509707820563289,0.976889613920609,1,12,-0.202388173245684,1,"Carmil1"
"GOBP_POSITIVE_REGULATION_OF_PROTEIN_EXPORT_FROM_NUCLEUS",-0.714178760731983,0.833427922814983,1,16,-0.26242417447585,7,"Sirt6 Sfn Wipf1 Mdm2 Prkaca Ppm1a Rbm22"
"GOBP_POSITIVE_REGULATION_OF_PROTEIN_IMPORT_INTO_NUCLEUS",1.01508053600462,0.445737561827175,1,35,0.347220487208779,18,"Cdk1 Ect2 Ptpn22 Akap5 Xbp1 Hsp90aa1 Ipo5 Ran Ubr5 Dmap1 Tardbp Nutf2 Zpr1 Hyal2 Pik3r2 Hsp90ab1 Trim28 Mapk14"
"GOBP_POSITIVE_REGULATION_OF_PROTEIN_LOCALIZATION",0.763163407501222,0.973998437674367,1,323,0.194555475427185,74,"Zdhhc1 Zdhhc2 Cd247 Asph Bicd1 Rufy3 Fcer1g C2cd2l App Apoe Prkcz Gas8 Kcnn4 Stac2 Vegfa Cacna1d Tlr4 Oaz2 Cdk1 Sigmar1 Ect2 Plk3 Tm7sf3 Prkci Adam9 Git1 Meak7 Ncoa6 Ptpn22 Pfkfb2 Apbb3 Nmd3 Cep131 Akap5 Arrb1 Tlr2 Pcnt Gpsm2 Ctdspl2 Bsg Cep250 Egf Xbp1 Nrxn1 Hsp90aa1 Pinx1 Ipo5 Sesn2 Ppid Mepce Mesd Cln3 Ran Abhd17b Limk2 Gnl3 Ubr5 Npm1 Tsg101 Dmap1 C1qtnf12 Epb41l2 Siglech Pcm1 Gna11 Sirt3 Anp32b Tardbp Lrig2 Nf2 Ipo7 Rangrf Xpo4 Capn10"
"GOBP_POSITIVE_REGULATION_OF_PROTEIN_LOCALIZATION_TO_CELL_PERIPHERY",0.541148350797468,0.993850454227813,1,48,0.174200579536863,14,"Zdhhc2 Stac2 Prkci Akap5 Gpsm2 Nrxn1 Cln3 Epb41l2 Rangrf Numa1 Ptpn9 Rab11a Stx4a Rab11fip2"
"GOBP_POSITIVE_REGULATION_OF_PROTEIN_LOCALIZATION_TO_CELL_SURFACE",1.15406271284024,0.287072534887287,1,17,0.459566050025295,2,"Cd247 Fcer1g"
"GOBP_POSITIVE_REGULATION_OF_PROTEIN_LOCALIZATION_TO_MEMBRANE",-0.764128589215812,0.895997140814868,1,57,-0.210636621530581,14,"Lgals3 Sorbs1 Cib1 Dag1 Slc5a3 Tnf Lamc1 Ap2b1 Acsl3 Zdhhc5 Cnst Lyn Prnp Ezr"
"GOBP_POSITIVE_REGULATION_OF_PROTEIN_LOCALIZATION_TO_NUCLEUS",0.592358988883133,0.995325230399359,1,76,0.177284718579808,19,"Cdk1 Sigmar1 Ect2 Ptpn22 Nmd3 Akap5 Xbp1 Hsp90aa1 Pinx1 Ipo5 Sesn2 Mepce Ran Limk2 Ubr5 Npm1 Dmap1 Tardbp Ipo7"
"GOBP_POSITIVE_REGULATION_OF_PROTEIN_LOCALIZATION_TO_PLASMA_MEMBRANE",-0.683939701279419,0.936435124508519,1,40,-0.202643313544987,10,"Lgals3 Sorbs1 Cib1 Tnf Acsl3 Zdhhc5 Cnst Lyn Prnp Ezr"
"GOBP_POSITIVE_REGULATION_OF_PROTEIN_MATURATION",-0.884411295505602,0.608066759388039,1,14,-0.336967214187265,2,"Anxa2 Mmp14"
"GOBP_POSITIVE_REGULATION_OF_PROTEIN_MODIFICATION_PROCESS",-0.88985368391348,0.914253897550111,1,373,-0.190009856811516,56,"Irgm2 Anxa2 Reln Egr1 Rasgrp1 Cdc20 Cdc25b Unc119 Dnajb2 Plaur Hes1 Bcl2 Csf1 Cxcr4 Ccdc88a Cib1 Braf Skp2 Cdk5rap1 Ehd4 Pik3cg Arnt Syk Ptger4 Jak2 Map2k4 Sprtn Tpx2 Dag1 Tnip1 Rwdd3 Snx9 Ager Fanci Acvr2a Tnf Nmi Parp9 Cenpe Rb1cc1 Ripk1 Tbc1d7 Parp14 Fgd2 Osbp Daxx Dcun1d1 Stk4 Irgm1 Fyn Cnot9 Adnp Csk Birc5 Pik3r5 Crebl2"
"GOBP_POSITIVE_REGULATION_OF_PROTEIN_POLYMERIZATION",0.437350081102131,0.999724593775819,1,61,0.135552870692434,21,"Fer Pfn2 Git1 Mapk8 Fes Hsp90aa1 Psrc1 Clip1 Numa1 Icam1 Rac1 Carmil2 Drg1 Dctn1 Mapt Ambra1 Pde4dip Arl2 Mecp2 Togaram1 Bag4"
"GOBP_POSITIVE_REGULATION_OF_PROTEIN_POLYUBIQUITINATION",-0.646386378053283,0.908359666762425,1,17,-0.234493870773894,2,"Skp2 Nmi"
"GOBP_POSITIVE_REGULATION_OF_PROTEIN_SECRETION",-1.0275805254852,0.391961970613656,1,96,-0.258739035660992,23,"Rapgefl1 Acsl4 Adora2a Sirt6 Irs2 Rph3al Cd38 Ptger4 Nr1h2 Jak2 Myo18a Tcf7l2 Trpm5 Osbp Aacs Pck2 Ffar1 Wls Apbb1 Blk Cask Hcfc1 Ptpn23"
"GOBP_POSITIVE_REGULATION_OF_PROTEIN_SERINE_THREONINE_KINASE_ACTIVITY",-1.35667475447624,0.0628612716763006,1,59,-0.371743852247769,23,"Irgm2 Rasgrp1 Cib1 Cdk5rap1 Pik3cg Syk Ager Tnf Fgd2 Irgm1 Csk Pik3r5 Rapgef2 Map3k10 Kras Syap1 Ceacam1 Ptprc Ptk2b Map3k4 Zeb2 Map3k1 Iqgap1"
"GOBP_POSITIVE_REGULATION_OF_PROTEIN_SUMOYLATION",-0.901512779291148,0.578031538879826,1,12,-0.357961006673861,2,"Arnt Rwdd3"
"GOBP_POSITIVE_REGULATION_OF_PROTEIN_TARGETING_TO_MEMBRANE",-1.14866647057419,0.280516431924883,1,20,-0.398911731781835,9,"Kcnb1 Cib1 Mief2 Chp1 Fyn Akt2 Prnp Itgam Pak1"
"GOBP_POSITIVE_REGULATION_OF_PROTEIN_TYROSINE_KINASE_ACTIVITY",0.786119316319506,0.748893105629349,1,12,0.33975553430327,2,"Srcin1 Cass4"
"GOBP_POSITIVE_REGULATION_OF_PROTEIN_UBIQUITINATION",0.582939178446521,0.996167569710585,1,86,0.171372812411293,21,"Angpt1 Cdc14b Bmi1 Ptpn22 Mapk8 Fbxw7 Arrb1 Aimp2 Hspa5 Cry1 Nod2 Ube2l3 Npm1 Tsg101 Wfs1 Fancm Ticam1 Ripk2 Kdm1a Mta1 Pdcd6"
"GOBP_POSITIVE_REGULATION_OF_PROTEOLYSIS",1.05461967359864,0.362304567278099,1,146,0.289586729964184,18,"Trf Cln6 Asph App Apoe Ptk2 Aurka Vsir Tnfrsf1b Nlrc4 Tmem67 Cdk1 Trim32 Plk2 Bag2 Plk3 Fbxw8 Adam9"
"GOBP_POSITIVE_REGULATION_OF_PROTEOLYSIS_INVOLVED_IN_PROTEIN_CATABOLIC_PROCESS",0.75598341573094,0.906841150557139,1,99,0.217782329150576,14,"Trf Ptk2 Aurka Tmem67 Cdk1 Plk2 Bag2 Plk3 Fbxw8 Mapk8 Fbxw7 Det1 Egf Xbp1"
"GOBP_POSITIVE_REGULATION_OF_RAC_PROTEIN_SIGNAL_TRANSDUCTION",-1.07239655372739,0.367699479023855,1,13,-0.415889201501603,6,"Pik3cg Dag1 Cdkl5 Fnta Kras Ccr7"
"GOBP_POSITIVE_REGULATION_OF_RAS_PROTEIN_SIGNAL_TRANSDUCTION",-1.00502568380773,0.443719412724307,1,12,-0.399062568798832,4,"Rasgrp1 Csf1 Notch2 Stk19"
"GOBP_POSITIVE_REGULATION_OF_REACTIVE_OXYGEN_SPECIES_BIOSYNTHETIC_PROCESS",-0.809638803936998,0.711261642675699,1,15,-0.303185041485,3,"Rab27a Fas Slc5a3"
"GOBP_POSITIVE_REGULATION_OF_REACTIVE_OXYGEN_SPECIES_METABOLIC_PROCESS",0.762407411313217,0.849748883928571,1,50,0.243684449660998,5,"App Nnt Sirpa Tlr4 Tlr6"
"GOBP_POSITIVE_REGULATION_OF_RECEPTOR_CLUSTERING",0.972025514422671,0.515342250196696,1,13,0.412033568613937,6,"Zdhhc2 Git1 Mesd Pick1 Nsf Crk"
"GOBP_POSITIVE_REGULATION_OF_RECEPTOR_INTERNALIZATION",1.25873406084374,0.178798908098271,1,20,0.48309045655081,7,"App Angpt1 Vegfa Plk2 Atad1 Arrb1 Egf"
"GOBP_POSITIVE_REGULATION_OF_RECEPTOR_MEDIATED_ENDOCYTOSIS",0.97552573578292,0.508154134795786,1,38,0.328916307123339,6,"Trf Bicd1 App Angpt1 Vegfa Plk2"
"GOBP_POSITIVE_REGULATION_OF_RECEPTOR_RECYCLING",-1.4630950546598,0.0823244552058111,1,11,-0.592871453885487,4,"Anxa2 Rab29 Psen2 Inpp5f"
"GOBP_POSITIVE_REGULATION_OF_RECEPTOR_SIGNALING_PATHWAY_VIA_STAT",-1.35166203942823,0.0831242158092848,1,33,-0.421025854435377,4,"Ccl5 Hes1 Hes5 Jak2"
"GOBP_POSITIVE_REGULATION_OF_REGULATED_SECRETORY_PATHWAY",-1.18437961848846,0.212726138490331,1,32,-0.369865585180421,8,"Rab3a Rab27a Kcnb1 Cacna1i Rph3al Syk Stxbp1 Bcl2l1"
"GOBP_POSITIVE_REGULATION_OF_REGULATORY_T_CELL_DIFFERENTIATION",-0.842953812768153,0.676015191352615,1,19,-0.297022963731194,6,"Dusp10 Cd46 Bcl6 Lgals9 Gimap5 Gimap3"
"GOBP_POSITIVE_REGULATION_OF_RELEASE_OF_CYTOCHROME_C_FROM_MITOCHONDRIA",0.603101691176643,0.951241534988713,1,22,0.226636709555654,1,"Tnfsf10"
"GOBP_POSITIVE_REGULATION_OF_REPRODUCTIVE_PROCESS",0.72500007985675,0.872035858877964,1,36,0.246379605107028,5,"Aurka Vegfa Cacna1h Syde1 Npr2"
"GOBP_POSITIVE_REGULATION_OF_RESPONSE_TO_BIOTIC_STIMULUS",-0.760117844297847,1,1,334,-0.163482570987747,59,"Irgm2 Trim30c Aars2 Ifi206 Mapk11 Rasgrp1 Elp6 Gbp3 Ly96 Irak4 Tlr12 Trim25 Smpdl3a Gramd4 Ifi35 Scimp Syk Ifi209 Hexim1 Trim5 Ppp6c Tnip1 Xpnpep1 Ifi214 Ifi213 Tax1bp1 Oas1a Tnf Irf7 Nmi Parp9 Znfx1 Zbp1 Lats2 Hspa1b Dhx58 Traf3ip3 Washc4 Abhd8 Trim3 Gbp5 Rnf144a Irgm1 Oasl1 Trim12c Srebf1 Appl1 Usp15 Spsb3 Hmgb2 Zdhhc5 Slc15a3 Ufl1 Cd74 Zc3hav1 Btk Lacc1 Mapkapk3 Ap1g1"
"GOBP_POSITIVE_REGULATION_OF_RESPONSE_TO_CYTOKINE_STIMULUS",0.981487767421366,0.500698129014242,1,51,0.313113699585407,14,"Cd300lf C1qtnf4 Rbm47 Tlr4 Ifih1 Trim32 Trim56 Cdk5r1 Tlr2 Traf2 Nlrc5 Gfi1 Ticam2 Ikbke"
"GOBP_POSITIVE_REGULATION_OF_RESPONSE_TO_ENDOPLASMIC_RETICULUM_STRESS",0.677975741476304,0.901781769989692,1,28,0.242235703968493,2,"App Tmem67"
"GOBP_POSITIVE_REGULATION_OF_RESPONSE_TO_EXTERNAL_STIMULUS",0.773616838313387,0.978549099924545,1,437,0.193098152020144,57,"Cd300lf Trem1 Ighg3 Zdhhc1 C1qtnf4 Rbm47 Fcer1g Nlrx1 App Gm6377 Cxcr2 Ralb Bmpr2 Smad3 Rnf135 Napepld Ptk2 Kcnn4 Vegfa Pvr Tlr4 Ptprs Slc15a2 Ifih1 Nlrc4 Tlr6 Osm Trim32 Alpk1 Hspd1 Rasgrp4 Rarres2 Mospd2 Ddx60 Il12a Fosl1 Plscr1 Tlr7 Alox5ap Dpp4 Ptpn22 Ccr1 Mapk8 Sec14l1 Mif Trim56 Letmd1 Slc19a1 Dhx33 Tiam1 Calr Tlr2 Nlrp10 Sema5a Mfhas1 Atat1 Traf2"
"GOBP_POSITIVE_REGULATION_OF_RESPONSE_TO_TUMOR_CELL",1.38660181839558,0.0956672991777356,1,12,0.599280073514186,4,"Pvr Hspd1 Il12a Klhl22"
"GOBP_POSITIVE_REGULATION_OF_RESPONSE_TO_WOUNDING",-1.46038530808074,0.0469948849104859,1,35,-0.449176005597005,7,"Anxa1 Hpse Cxcr4 Tbxa2r Braf Flna Ptger4"
"GOBP_POSITIVE_REGULATION_OF_RHO_PROTEIN_SIGNAL_TRANSDUCTION",0.81704289208708,0.716403933198065,1,14,0.339790087413858,4,"Gpr55 Arhgef10 Arrb1 Mcf2l"
"GOBP_POSITIVE_REGULATION_OF_RNA_SPLICING",1.25853650841984,0.147207389233656,1,38,0.424338554632934,19,"Celf4 Habp4 Wdr77 Upf3a Slirp Ern1 Clns1a Prdx6 Smn1 Zpr1 Upf1 Srsf5 U2af2 Zfp64 Prmt5 Thrap3 Snrnp70 Tra2a Slc38a2"
"GOBP_POSITIVE_REGULATION_OF_RRNA_PROCESSING",0.713327361290049,0.831386978083507,1,10,0.32265920239279,3,"Dimt1 Heatr1 Riok2"
"GOBP_POSITIVE_REGULATION_OF_RUFFLE_ASSEMBLY",0.502070333804542,0.978969006957622,1,12,0.216991455340671,2,"Cyfip1 Eps8l1"
"GOBP_POSITIVE_REGULATION_OF_SECRETION",-1.23603222818506,0.0498737373737374,1,189,-0.283814434303226,47,"Pcp4 Rapgefl1 Acsl4 Lgals3 Adora2a Anxa2 Rab3a Rab27a Itsn1 Kcnb1 Cacna1i Sirt6 Irs2 Clcf1 Rph3al Cd38 Rab9 Syk Ptger4 Nr1h2 Jak2 Myo18a Stxbp1 Tcf7l2 Stxbp5 Acvr2a Bcl2l1 Trpm5 Osbp Nucb2 Aacs Pck2 Ffar1 Hgs Wls Dpysl2 Acsl3 Apbb1 Sphk2 Ap1g1 Blk Cask Kmo Hcfc1 S100a10 Snx4 Ptpn23"
"GOBP_POSITIVE_REGULATION_OF_SIGNAL_TRANSDUCTION_BY_P53_CLASS_MEDIATOR",-0.555207504200909,0.985802469135802,1,31,-0.174609881617605,2,"Spred1 Hexim1"
"GOBP_POSITIVE_REGULATION_OF_SKELETAL_MUSCLE_TISSUE_DEVELOPMENT",1.05435025001326,0.417183770883055,1,11,0.46622725608227,3,"Cdon Dll1 Usp2"
"GOBP_POSITIVE_REGULATION_OF_SMAD_PROTEIN_SIGNAL_TRANSDUCTION",1.60888366051932,0.0159484741604048,1,17,0.64068295473771,4,"Eng Bmpr2 Smad3 Gdf11"
"GOBP_POSITIVE_REGULATION_OF_SMALL_GTPASE_MEDIATED_SIGNAL_TRANSDUCTION",-0.969973262421992,0.50223290965304,1,46,-0.28007485192085,8,"Reln Rasgrp1 Ngfr Csf1 Pik3cg Dag1 Cdkl5 Net1"
"GOBP_POSITIVE_REGULATION_OF_SMALL_MOLECULE_METABOLIC_PROCESS",-1.02818981217858,0.392714349178143,1,105,-0.255189562284166,26,"Phka1 Sorbs1 Anxa1 Sirt6 Irs2 Uchl1 Tigar Arnt Prkag1 Nr1h2 Gpr146 Wdr5 Tcf7l2 Kat2b Insig2 Tnf Bcl2l1 Foxo1 Nucb2 Srebf1 Lpgat1 Stard4 Akt2 Cd74 Insig1 Srebf2"
"GOBP_POSITIVE_REGULATION_OF_SMOOTHENED_SIGNALING_PATHWAY",1.54293320868818,0.0280916030534351,1,18,0.606700839850787,6,"Intu Gas8 Armc9 Gorab Ctnna1 Tmem216"
"GOBP_POSITIVE_REGULATION_OF_SMOOTH_MUSCLE_CELL_APOPTOTIC_PROCESS",-0.7253730350093,0.815388798259924,1,12,-0.28802172059077,4,"Foxo1 Stk4 E2f3 Bag1"
"GOBP_POSITIVE_REGULATION_OF_SMOOTH_MUSCLE_CELL_MIGRATION",0.914538906405631,0.601618965018792,1,37,0.309606207425148,9,"Sema6d Ptk2 Tlr4 Dock7 Itgb3 Nr4a3 Atp7a Tlr2 Xbp1"
"GOBP_POSITIVE_REGULATION_OF_SMOOTH_MUSCLE_CELL_PROLIFERATION",0.897192563796772,0.648536126779479,1,71,0.271295220854178,13,"Calcrl Ptk2 Kcnn4 Hmox1 Vegfa Tlr4 Smpd3 Abcc4 Ppargc1a Id2 Itgb3 Nr4a3 Rgcc"
"GOBP_POSITIVE_REGULATION_OF_SODIUM_ION_TRANSMEMBRANE_TRANSPORT",-0.767528507625795,0.747000799786724,1,10,-0.319560267949759,2,"Atp1b1 Chp1"
"GOBP_POSITIVE_REGULATION_OF_SODIUM_ION_TRANSPORT",-1.37145970061632,0.0971105153410783,1,22,-0.466652091539142,7,"Adrb2 Atp1b1 Chp1 Mllt6 Nedd4l Gpd1l Akt2"
"GOBP_POSITIVE_REGULATION_OF_SPINDLE_CHECKPOINT",-0.553244968312259,0.956498096791735,1,12,-0.219675339433371,2,"Mad2l1 Birc5"
"GOBP_POSITIVE_REGULATION_OF_SPROUTING_ANGIOGENESIS",1.24617164858739,0.202832415420928,1,13,0.528241845357262,3,"Dll1 S100a1 Vegfa"
"GOBP_POSITIVE_REGULATION_OF_STEM_CELL_DIFFERENTIATION",-1.74649953767732,0.0135943447525829,1,12,-0.693477393802424,5,"Tacstd2 Sox5 Hoxb4 Nr6a1 Sirt6"
"GOBP_POSITIVE_REGULATION_OF_STEM_CELL_POPULATION_MAINTENANCE",-0.993278860115973,0.4594864954985,1,43,-0.290193728063463,9,"Sirt6 Sap30 Bclaf3 Ing1 Bicra Brd9 Bcl7a Smarcd1 Lbh"
"GOBP_POSITIVE_REGULATION_OF_STEM_CELL_PROLIFERATION",-0.918824534219087,0.564492961792588,1,17,-0.333328066473104,6,"Sirt6 Taf4b Atxn1l Nfya Ptprc Kat7"
"GOBP_POSITIVE_REGULATION_OF_STEROID_METABOLIC_PROCESS",0.668598709724341,0.911953439785107,1,25,0.2448296324259,3,"Apoe Mbtps2 Ppargc1a"
"GOBP_POSITIVE_REGULATION_OF_STEROL_TRANSPORT",-1.17273867601089,0.259713701431493,1,19,-0.413225863570245,5,"Pltp Anxa2 Nr1h2 Abca7 Ldlrap1"
"GOBP_POSITIVE_REGULATION_OF_STRESS_ACTIVATED_PROTEIN_KINASE_SIGNALING_CASCADE",0.659893330691556,0.892398204056356,1,15,0.269998967472564,6,"Tlr4 Nod2 Klhdc10 Ripk2 Nod1 Mid1"
"GOBP_POSITIVE_REGULATION_OF_STRESS_FIBER_ASSEMBLY",-0.775077356435358,0.830928481806775,1,33,-0.241426922357568,6,"Ccdc88a Carmil1 Braf Tsc1 Tpm1 Tesk1"
"GOBP_POSITIVE_REGULATION_OF_STRIATED_MUSCLE_CELL_APOPTOTIC_PROCESS",-0.935505573586061,0.544235924932976,1,22,-0.318314590187576,5,"Adrb2 Ltk Tigar Fbxo32 Capn2"
"GOBP_POSITIVE_REGULATION_OF_STRIATED_MUSCLE_CELL_DIFFERENTIATION",-1.08864653205032,0.336615384615385,1,26,-0.357625348683029,3,"Thra Bcl2 Mmp14"
"GOBP_POSITIVE_REGULATION_OF_SUBSTRATE_ADHESION_DEPENDENT_CELL_SPREADING",-1.10683415691935,0.299438552713662,1,32,-0.345649196217269,7,"Carmil1 Cib1 Braf Flna Myadm Net1 Tesk1"
"GOBP_POSITIVE_REGULATION_OF_SYNAPSE_ASSEMBLY",1.54525959424267,0.0231042654028436,1,26,0.561470390084774,6,"Iqsec2 Adgrl2 Xlr4b Rtn4rl2 Amigo2 Amigo3"
"GOBP_POSITIVE_REGULATION_OF_SYNAPTIC_TRANSMISSION",1.1080800145703,0.28586595885866,1,83,0.327439618545724,12,"Rasgrf2 Iqsec2 Zdhhc2 App Apoe Prkcz Ptk2 Chrnb2 Cacna1d Syde1 Plk2 Snap47"
"GOBP_POSITIVE_REGULATION_OF_SYNAPTIC_TRANSMISSION_GLUTAMATERGIC",-1.21511658756291,0.229744426318651,1,12,-0.482482741123356,4,"Adora2a Reln Ngfr Stxbp1"
"GOBP_POSITIVE_REGULATION_OF_SYNAPTIC_VESICLE_RECYCLING",-0.809511640408784,0.702179176755448,1,11,-0.328028135737208,2,"Synj1 Bcl2l1"
"GOBP_POSITIVE_REGULATION_OF_SYNCYTIUM_FORMATION_BY_PLASMA_MEMBRANE_FUSION",-1.39714974043907,0.113648722131593,1,12,-0.554762105485557,4,"Ehd2 Nfatc2 Ripor2 Capn2"
"GOBP_POSITIVE_REGULATION_OF_TELOMERE_MAINTENANCE",0.59287159005495,0.992747784045125,1,71,0.179273921176367,27,"Wrap53 Naf1 Rtel1 Nbn Terf2ip Dhx36 Cct3 Gnl3 Myc Ino80 Nek2 Ptges3 Tfpt Cct7 Actr5 Ruvbl2 Fbxo4 Actl6a Atr Cct6a Cct8 Ino80c Cct2 Dkc1 Ercc1 Tnks Aurkb"
"GOBP_POSITIVE_REGULATION_OF_TELOMERE_MAINTENANCE_IN_RESPONSE_TO_DNA_DAMAGE",-0.63078101094479,0.915716272600835,1,14,-0.24033220866857,14,"Actr8 Nfrkb Yy1 Ino80b Uchl5 Mcrs1 Ino80d Ruvbl1 Ino80c Actl6a Ruvbl2 Actr5 Tfpt Ino80"
"GOBP_POSITIVE_REGULATION_OF_TELOMERE_MAINTENANCE_VIA_TELOMERE_LENGTHENING",1.31879591312851,0.123862110132816,1,25,0.482920941904232,14,"Wrap53 Naf1 Rtel1 Dhx36 Cct3 Ptges3 Cct7 Fbxo4 Atr Cct6a Cct8 Cct2 Dkc1 Tnks"
"GOBP_POSITIVE_REGULATION_OF_TOLL_LIKE_RECEPTOR_4_SIGNALING_PATHWAY",0.526264255581995,0.968973747016706,1,11,0.232710847131763,5,"Ptpn22 Ticam2 Znrf1 Wdfy1 Cd36"
"GOBP_POSITIVE_REGULATION_OF_TORC1_SIGNALING",-0.796478295971244,0.874764239909468,1,66,-0.214403358548005,11,"Gpr137 Sik3 Syk Slc38a9 Tsc1 Nmt1 Nprl2 Gpr137c Foxp1 Usp32 Shq1"
"GOBP_POSITIVE_REGULATION_OF_TOR_SIGNALING",-1.170496976364,0.170829975825947,1,78,-0.30615350341826,13,"Ccl5 Reln Gpr137 Sik3 Syk Slc38a9 Tsc1 Nmt1 Nprl2 Gpr137c Foxp1 Usp32 Shq1"
"GOBP_POSITIVE_REGULATION_OF_TRANSCRIPTION_BY_RNA_POLYMERASE_I",0.717819197613291,0.865112160566706,1,30,0.253077738021621,16,"Ercc6 Ncl Dhx33 Heatr1 Phf8 Baz1b Ddx21 Nol11 Eif2ak3 Actr6 Ubtf Smarca4 Lyar Mybbp1a Wdr75 Pwp1"
"GOBP_POSITIVE_REGULATION_OF_TRANSCRIPTION_BY_RNA_POLYMERASE_III",0.851766327290862,0.674961832061069,1,18,0.334925285951521,3,"Ercc6 Ell Zc3h8"
"GOBP_POSITIVE_REGULATION_OF_TRANSLATION",0.92394219919824,0.625357720542491,1,134,0.256230277070347,61,"Eif5a2 Habp4 Plxnb2 Otud6b Fastkd3 Fbxw8 Wapl Smyd5 Dhx29 Upf3a Dhx36 Eif2b3 Cdk4 Trmt10c Mettl3 Tsc2 Sh3bgrl Pink1 Rbm3 Npm1 Eif2b2 Akt1s1 Nat10 Larp1 Prkdc Eif5a Trub2 Cirbp Jmjd4 Rmnd1 Uqcc2 Dnajc3 Prmt1 Fxr1 Mettl5 Fbxo4 C1qbp Paip1 Ythdf1 Rragc Secisbp2 Fmr1 Eif4g3 Gsk3b Rps27l Abcf1 Ssb Cnbp Usp4 Larp4 Gpr155 Ybx1 Ythdf3 Tbk1 Akt1 Eif4g1 Pcbp1 Fastkd2 Pcif1 Syncrip Fxr2"
"GOBP_POSITIVE_REGULATION_OF_TRANSLATIONAL_INITIATION",0.729134035671009,0.884478080822505,1,43,0.240239214413814,9,"Habp4 Dhx29 Eif2b3 Mettl3 Tsc2 Sh3bgrl Eif2b2 Akt1s1 Larp1"
"GOBP_POSITIVE_REGULATION_OF_TRANSMEMBRANE_RECEPTOR_PROTEIN_SERINE_THREONINE_KINASE_SIGNALING_PATHWAY",1.03239494798906,0.414569720561657,1,54,0.326437729414827,5,"Eng Bmpr2 Smad3 Vsir Gdf11"
"GOBP_POSITIVE_REGULATION_OF_TRANSMEMBRANE_TRANSPORT",1.11932937964473,0.26099858082828,1,103,0.320921786801739,17,"Car2 Kcnk3 Asph Fgf13 S100a1 Ehd3 Stac2 Akap7 Slc26a6 Cacna1d Gsto1 Erbb3 Slc7a5 Plp1 Rnasel Atpsckmt Prkci"
"GOBP_POSITIVE_REGULATION_OF_TRANSPORTER_ACTIVITY",1.3081130301568,0.118893466745144,1,32,0.456064005599137,6,"Kcnk3 Asph Fgf13 S100a1 Ehd3 Stac2"
"GOBP_POSITIVE_REGULATION_OF_TRIGLYCERIDE_BIOSYNTHETIC_PROCESS",-1.12856800426918,0.309951060358891,1,12,-0.448117151734395,5,"Nr1h2 Tcf7l2 Gpam Ldlr Srebf1"
"GOBP_POSITIVE_REGULATION_OF_TRIGLYCERIDE_METABOLIC_PROCESS",-1.08840038347614,0.351335823039357,1,17,-0.39484622129842,6,"Nr1h2 Tcf7l2 Gpam Ldlr Srebf1 Daglb"
"GOBP_POSITIVE_REGULATION_OF_TUMOR_NECROSIS_FACTOR_MEDIATED_SIGNALING_PATHWAY",0.879797495040679,0.633890214797136,1,11,0.389041091435898,3,"Trim32 Cdk5r1 Traf2"
"GOBP_POSITIVE_REGULATION_OF_TUMOR_NECROSIS_FACTOR_SUPERFAMILY_CYTOKINE_PRODUCTION",0.919958301133947,0.610176335980616,1,73,0.277181631775998,23,"C1qtnf4 Fcer1g App Tlr4 Ifih1 Zbtb20 Spn Cybb Ncl Mif Tlr2 Nod2 Cd84 Fzd5 Csf1r Ifngr1 Hdac2 Ticam1 Ripk2 Nod1 Fadd Tlr9 Oas1c"
"GOBP_POSITIVE_REGULATION_OF_TYPE_II_INTERFERON_PRODUCTION",1.20926157364458,0.179966517857143,1,52,0.384907990241658,11,"Cd27 Flt3 Il12rb1 Cd276 App Tlr4 Slc7a5 Hspd1 Il12a Tlr7 Ptpn22"
"GOBP_POSITIVE_REGULATION_OF_TYPE_I_INTERFERON_MEDIATED_SIGNALING_PATHWAY",0.97555634842226,0.505852973310442,1,14,0.405712331773415,6,"Rbm47 Trim56 Nlrc5 Ikbke Rnf185 Fadd"
"GOBP_POSITIVE_REGULATION_OF_TYPE_I_INTERFERON_PRODUCTION",0.934145883457334,0.585294508708948,1,81,0.276759617992224,25,"Flt3 Rnf135 Tlr4 Ifih1 Zbtb20 Hspd1 Tlr7 Klhl22 Ptpn22 Trim56 Dhx33 Tlr2 Dhx36 Hsp90aa1 Polr3g Ticam2 Tank Ikbke Nmb Ticam1 Trim27 Tlr9 Pqbp1 Oas1c Chuk"
"GOBP_POSITIVE_REGULATION_OF_TYROSINE_PHOSPHORYLATION_OF_STAT_PROTEIN",-0.90717292097714,0.579738933030647,1,16,-0.33333965945763,5,"Hes1 Jak2 Parp9 Parp14 Fyn"
"GOBP_POSITIVE_REGULATION_OF_T_CELL_CYTOKINE_PRODUCTION",-0.879258714976086,0.618171194858311,1,19,-0.309815348661941,3,"Tbx21 Cd55 Slamf1"
"GOBP_POSITIVE_REGULATION_OF_T_CELL_MEDIATED_IMMUNITY",0.680532692582164,0.934446764091858,1,49,0.217937678884339,14,"Prkcz Pvr Hspd1 Il12a Klhl22 Traf2 Fzd5 Fadd Cd1d1 Stx7 Malt1 B2m H2-Q6 H2-K1"
"GOBP_POSITIVE_REGULATION_OF_T_CELL_MIGRATION",-0.879514033205661,0.639488895649528,1,23,-0.297296005339191,1,"Ccl5"
"GOBP_POSITIVE_REGULATION_OF_T_CELL_PROLIFERATION",-1.07403165062646,0.311557788944724,1,69,-0.286153819640316,15,"Ccl5 Anxa1 Hes1 Syk H2-DMb1 Jak2 Tnfrsf13c Cd46 Cd55 Slamf1 Ager Gpam H2-DMb2 Dhps Irgm1"
"GOBP_POSITIVE_REGULATION_OF_T_CELL_RECEPTOR_SIGNALING_PATHWAY",-0.644052021078809,0.92400234741784,1,20,-0.223667978188404,5,"Rab29 Cyld Lipa Prkd2 Usp46"
"GOBP_POSITIVE_REGULATION_OF_T_HELPER_17_TYPE_IMMUNE_RESPONSE",-1.06761654998347,0.372881355932203,1,11,-0.4326167149325,2,"Nfkbid Jak2"
"GOBP_POSITIVE_REGULATION_OF_T_HELPER_1_TYPE_IMMUNE_RESPONSE",0.672818165428543,0.872020476723724,1,10,0.304335687081939,1,"Il12rb1"
"GOBP_POSITIVE_REGULATION_OF_T_HELPER_CELL_DIFFERENTIATION",-1.29437253565683,0.163458776213732,1,17,-0.469568104178966,4,"Hlx Anxa1 Nfkbid Socs5"
"GOBP_POSITIVE_REGULATION_OF_UBIQUITIN_DEPENDENT_PROTEIN_CATABOLIC_PROCESS",0.802467989212076,0.830607631963835,1,81,0.23774737766156,12,"Trf Ptk2 Aurka Cdk1 Plk2 Bag2 Plk3 Fbxw8 Mapk8 Fbxw7 Det1 Egf"
"GOBP_POSITIVE_REGULATION_OF_VACUOLE_ORGANIZATION",-0.972128792227394,0.503581438804111,1,28,-0.31484897594638,3,"Irgm2 Anxa2 Pip4k2b"
"GOBP_POSITIVE_REGULATION_OF_VASCULAR_ASSOCIATED_SMOOTH_MUSCLE_CELL_MIGRATION",1.3559383717903,0.117014547754586,1,12,0.586027536057489,5,"Dock7 Nr4a3 Atp7a Tlr2 Xbp1"
"GOBP_POSITIVE_REGULATION_OF_VASCULAR_ASSOCIATED_SMOOTH_MUSCLE_CELL_PROLIFERATION",0.541261278976086,0.980450236966825,1,26,0.196667396582921,7,"Ppargc1a Nr4a3 Rgcc Xbp1 Ern1 Poldip2 Mfn2"
"GOBP_POSITIVE_REGULATION_OF_VASCULAR_ENDOTHELIAL_CELL_PROLIFERATION",-0.942535887020624,0.523271455474845,1,11,-0.381931864165243,1,"Sirt6"
"GOBP_POSITIVE_REGULATION_OF_VASCULAR_ENDOTHELIAL_GROWTH_FACTOR_PRODUCTION",-0.788906667901333,0.719274860037323,1,10,-0.328461058680068,2,"Hpse Arnt"
"GOBP_POSITIVE_REGULATION_OF_VASCULATURE_DEVELOPMENT",-0.972381866212335,0.515200648561005,1,83,-0.250385119810886,13,"Ccl5 Adm Lgals3 Pak4 Smad1 Cxcr4 Sirt6 Tbxa2r Pdcl3 Hspb6 Add1 Rras Klf4"
"GOBP_POSITIVE_REGULATION_OF_VASOCONSTRICTION",-1.08889019870454,0.350761275495547,1,17,-0.395023914815441,5,"Tbxa2r Cd38 Add3 Faah Pde5a"
"GOBP_POSITIVE_REGULATION_OF_VESICLE_FUSION",-1.34628325939775,0.134631432545202,1,14,-0.512943832503706,4,"Anxa2 Anxa1 Rph3al Stxbp1"
"GOBP_POSITIVE_REGULATION_OF_VIRAL_GENOME_REPLICATION",0.816337523411103,0.729858525688757,1,23,0.303508628562647,7,"Hacd3 Notch1 Ppih Tmem39a Ppid Larp1 Srpk2"
"GOBP_POSITIVE_REGULATION_OF_VIRAL_LIFE_CYCLE",-0.445921244269635,0.991814846175557,1,15,-0.166983907250389,15,"Cd74 Vps37b Vps4a Trim30a Kpna6 P4hb Hmgb1 Furin Kpna2 Lgals1 Trim11 Fmr1 Smpd1 Tsg101 Bsg"
"GOBP_POSITIVE_REGULATION_OF_VIRAL_PROCESS",0.784998605438678,0.822641509433962,1,48,0.252698195978105,11,"Stom Hacd3 Notch1 Ppih Bsg Atg12 Tmem39a Ppid Tsg101 Larp1 Srpk2"
"GOBP_POSITIVE_REGULATION_OF_WNT_SIGNALING_PATHWAY",0.80768699260557,0.826013071895425,1,91,0.235361750739115,16,"Sulf2 Nrarp Smad3 Nek4 Lef1 Zbed3 Fzd9 Tlr2 Sema5a Frat1 Egf Tbl1xr1 Mllt3 Ttc21b Mesd Ubr5"
"GOBP_POSITIVE_REGULATION_OF_WOUND_HEALING",-1.41916096028503,0.070495290185354,1,24,-0.473157894875861,5,"Anxa1 Hpse Cxcr4 Tbxa2r Ptger4"
"GOBP_POSITIVE_THYMIC_T_CELL_SELECTION",-0.88273309405872,0.594241535590509,1,10,-0.367525663558876,6,"H2-DMa Cd74 Ptprc Dock2 Nfatc3 Stk11"
"GOBP_POSITIVE_T_CELL_SELECTION",-0.97354647642836,0.494565217391304,1,35,-0.299437220523554,5,"Tbx21 Bcl2 Braf H2-DMa Cyld"
"GOBP_POSTSYNAPSE_ASSEMBLY",-0.687141458668849,0.950825430277485,1,48,-0.196780426036004,4,"Reln Cc2d1a Nrxn2 Magi2"
"GOBP_POSTSYNAPSE_ORGANIZATION",0.95534537721153,0.570810810810811,1,175,0.256834432054233,22,"Nefh Zdhhc2 Tanc1 Tanc2 Xlr4b Xlr4a App Apoe Smad3 Srcin1 Marcks Ptprs Shank1 Chrnb1 Gphn Sigmar1 Carmil3 Dock7 Kif2c Itgb3 Git1 Enah"
"GOBP_POSTSYNAPSE_TO_NUCLEUS_SIGNALING_PATHWAY",-1.08960406416762,0.348130212536992,1,11,-0.441526436457543,3,"Nsmf Jak2 Rnf10"
"GOBP_POSTSYNAPTIC_ACTIN_CYTOSKELETON_ORGANIZATION",0.806868902662084,0.731847035144759,1,15,0.330134827057847,1,"Srcin1"
"GOBP_POSTSYNAPTIC_CYTOSKELETON_ORGANIZATION",1.31775488512128,0.136950904392765,1,19,0.511543012464063,4,"Nefh Srcin1 Kif2c Enah"
"GOBP_POSTSYNAPTIC_DENSITY_ASSEMBLY",-0.957128340015132,0.510059815116911,1,12,-0.380044112494216,2,"Reln Nrxn2"
"GOBP_POSTSYNAPTIC_DENSITY_ORGANIZATION",-0.900098336517141,0.609156026160075,1,28,-0.291520055541336,5,"Reln Cit Nrxn2 Dlg3 Magi2"
"GOBP_POSTSYNAPTIC_ENDOCYTOSIS",-0.827214237635363,0.761652892561983,1,41,-0.243911289383138,15,"Hip1 Tmub1 Mib2 Synj1 Arc Nedd4l Rala Rnf216 Ap2b1 Usp46 Vac14 Nedd4 Syne1 Mdm2 Cblb"
"GOBP_POSTSYNAPTIC_MEMBRANE_ORGANIZATION",-1.03688573338543,0.396756082345602,1,32,-0.32380525851439,7,"Reln Etv5 Cit Sorbs1 Nrxn2 Magi2 Dag1"
"GOBP_POSTSYNAPTIC_MODULATION_OF_CHEMICAL_SYNAPTIC_TRANSMISSION",1.34877492023265,0.110007524454477,1,22,0.506849697695816,3,"Nefh Rasgrf2 Cyfip1"
"GOBP_POSTSYNAPTIC_SIGNAL_TRANSDUCTION",0.874847031357793,0.666032489389726,1,34,0.301216631231207,6,"Ly6c2 Chrnb2 Chrnb1 Prr7 Ly6a Lynx1"
"GOBP_POSTSYNAPTIC_SPECIALIZATION_ASSEMBLY",-0.815870497609216,0.703178206583428,1,16,-0.299790687691213,2,"Reln Nrxn2"
"GOBP_POSTSYNAPTIC_SPECIALIZATION_ORGANIZATION",0.76122862526373,0.826827120633989,1,33,0.263621989318472,6,"Tanc2 Ptprs Shank1 Dock7 Itgb3 Git1"
"GOBP_POST_ANAL_TAIL_MORPHOGENESIS",1.28689545352265,0.168932970724684,1,10,0.58210112653689,5,"Npr2 Traf3ip1 Chst11 Scrib Palb2"
"GOBP_POST_EMBRYONIC_DEVELOPMENT",-0.937834232074331,0.598702877989461,1,83,-0.241489218094288,13,"Llgl2 Rab3a Kcnj1 Igf2r Bcl2 Dhcr7 Bcl2l11 Aco1 Jak2 Invs Tcf7l2 Kdm5b Morc3"
"GOBP_POST_GOLGI_VESICLE_MEDIATED_TRANSPORT",-0.782694646563295,0.924988903683977,1,102,-0.195396912079019,35,"Llgl2 Sorl1 Plcb3 Gga2 Ap3m2 Klhl20 Ap1m1 Stxbp5 Ccdc93 Csk Ap1g2 Dop1b Vti1a Vps35l Exoc6b Scfd1 Acsl3 Vamp5 Ap1g1 Cnst Rbsn Dop1a Optn Armh3 Rabif Chic2 Rp2 Exoc5 Llgl1 Atp2c1 Eps15 Lamp1 Ccdc22 Dnm2 Exoc6"
"GOBP_POST_TRANSCRIPTIONAL_GENE_SILENCING",-0.930742073481643,0.590352504638219,1,64,-0.251934161072462,27,"Gm20732 Mov10 Bcdin3d Trub1 Dgcr8 Ripk1 Limd1 Zmpste24 Zfp36 Pum2 Cnot7 Dcaf12 Ago1 Adar Tgfb1 Rbx1 Tial1 Dnd1 Ago2 Endou Pum1 Tarbp2 Zc3h10 Stat3 Tnrc6a Focad Elavl1"
"GOBP_POST_TRANSCRIPTIONAL_REGULATION_OF_GENE_EXPRESSION",0.967078566816792,0.582732263968134,1,441,0.241211173453733,138,"Rbm47 Igf2bp3 Impact Zc3h12c App Eif5a2 Kbtbd8 Vegfa Habp4 Plxnb2 Enc1 Tnfrsf1b Cyfip1 Bzw2 6720427I07Rik Otud6b Noct Tent5c Fastkd3 Rnasel Hbb-bs Mlh1 Ogfod1 Fbxw8 Wapl Naf1 Malsu1 Eif4e3 Ddx49 Ncl Fastkd1 Mapk8 Mettl1 Lrpprc Smyd5 Wdr4 Spout1 Zc3h7b Calr Shmt2 Dhx29 Plekhn1 Upf3a Dhx36 Traf2 Alkbh3 Scrib Nolc1 Eif2b3 Cdk4 Dnajc1 Rara Parp16 Dcp1a Prkca Mvk Sesn2 Trmt10c Mettl3 Alkbh1 Zc3h12d Tsc2 Gspt1 Sh3bgrl Htatip2 Eif2s1 E2f1 Pink1 Rbm3 Rc3h2 Npm1 Gtdc1 Celf2 Ikbke Cdc37 Eif2b2 Akt1s1 Nat10 Mtg1 Paip2b Larp1 Pcbp4 Tardbp Prkdc Xrn1 Etf1 Eif4enif1 Mettl16 Inpp5e Mir17hg Eif5a Trub2 Pa2g4 Fech Cirbp Tnrc6c Eloc Ncbp3 Dhfr Ilf3 Pabpc4 Jmjd4 Rmnd1 Dis3l2 Sco1 Uqcc2 Dnajc3 Tob1 Prmt1 Fxr1 Mettl5 Fbxo4 Eif2s3x Tyms B3gntl1 Ifrd2 Pum3 Serbp1 Pus7 C1qbp Caprin2 Ago4 Paip1 Trnau1ap Ythdf1 Eif2ak3 Cnot6l Upf1 Abce1 Tent4b Dkc1 Dap Fus Apex1 Rragc Rbm8a Atg14 Dcp2"
"GOBP_POST_TRANSLATIONAL_PROTEIN_TARGETING_TO_ENDOPLASMIC_RETICULUM_MEMBRANE",0.730041318409289,0.813092979127135,1,12,0.315518996990021,4,"Hspa5 Ubl4a Bag6 Sec61g"
"GOBP_POTASSIUM_ION_HOMEOSTASIS",-0.786207930420258,0.741179791137454,1,15,-0.294410893896397,3,"Atp1b1 Slc12a4 Slc12a7"
"GOBP_POTASSIUM_ION_IMPORT_ACROSS_PLASMA_MEMBRANE",-1.0541456262348,0.388317107093185,1,14,-0.401637243695494,4,"Kcnj1 Atp1b1 Slc12a4 Slc12a7"
"GOBP_POTASSIUM_ION_TRANSMEMBRANE_TRANSPORT",1.0311767835913,0.410154646229643,1,64,0.317340432552932,15,"Hcn3 Slc9a9 Kcnk3 Kcnn4 Akap7 Cacna1d Slc12a2 Tmem38b Slc12a3 Kcnc3 Alg10b Kcnk10 Atp1a1 Rgs7 Abcb8"
"GOBP_POTASSIUM_ION_TRANSPORT",0.82436825427215,0.793828145783453,1,79,0.245266090626388,16,"Hcn3 Slc9a9 Kcnk3 Kcnn4 Akap7 Cacna1d Slc12a2 Tmem38b Slc12a3 Kcnc3 Akap5 Alg10b Kcnk10 Atp1a1 Rgs7 Abcb8"
"GOBP_PRENYLATION",-0.544914839655686,0.963476406291656,1,10,-0.226875132897433,3,"Chml Fnta Cox10"
"GOBP_PRESYNAPSE_ASSEMBLY",1.37837718854667,0.102308665401645,1,12,0.595725443255455,6,"App Ptprs Nrxn1 Fzd5 Dvl1 Il1rap"
"GOBP_PRESYNAPSE_ORGANIZATION",1.47286204953008,0.0500454959053685,1,20,0.565270792360147,9,"App Ptprs Pfn2 Daam1 Nrxn1 Fzd5 Dvl1 Snapin Il1rap"
"GOBP_PRESYNAPTIC_ENDOCYTOSIS",-0.729371515137206,0.943228200371057,1,64,-0.197426984351177,12,"Itsn1 Ap3m2 Atp8a1 Synj1 Snx9 Capn2 Bcl2l1 Fcho2 Ap2b1 Calm1 Ap1g1 Bin1"
"GOBP_PRESYNAPTIC_MODULATION_OF_CHEMICAL_SYNAPTIC_TRANSMISSION",-1.52327107907215,0.0406153846153846,1,26,-0.500401493739175,6,"Adrb2 Adora2a Rab3a Hip1 Ngfr Nrxn2"
"GOBP_PRE_MIRNA_PROCESSING",-1.30850659475483,0.153824756606398,1,14,-0.498550645181583,10,"Drosha Bcdin3d Trub1 Dgcr8 Tut4 Ago1 Adar Ago2 Tut7 Tarbp2"
"GOBP_PRIMARY_ALCOHOL_METABOLIC_PROCESS",1.39512612310437,0.0617230413414282,1,37,0.472303261051766,10,"Ces2c Dhrs3 Napepld Cacna1h Pecr Rdh5 Thtpa Dgkq Tpk1 Rdh13"
"GOBP_PRIMARY_MIRNA_PROCESSING",-0.854062144863767,0.649791376912378,1,14,-0.325403964377251,2,"Drosha Dgcr8"
"GOBP_PRIMARY_NEURAL_TUBE_FORMATION",0.607256600227708,0.990719569603228,1,74,0.182633161950244,17,"Cdk20 Plxnb2 Mthfr Arhgap35 Ptch1 Mthfd1 Enah Cluap1 Scrib Cecr2 Ski Rara Tsc2 Kdm6a Tulp3 Kdm2b Mks1"
"GOBP_PROCESS_UTILIZING_AUTOPHAGIC_MECHANISM",-0.852610894316967,0.972222222222222,1,460,-0.178506143634867,98,"Adrb2 Irgm2 Trim30c Sbf2 Cdk16 Elp6 Gpr137 Pik3r4 Bcl2 Pex5 Diaph3 Yod1 Irgq Zfp418 Rubcn Rab23 Pip4k2b Tigar Bcl2l11 Usp20 Atp6v0a1 Pik3c2b Syk Fez2 Bcl2l13 Trim5 Ctsa Atg4c Tsc1 Ager Acvr2a Tbc1d14 Rb1cc1 Tm9sf1 Plekhm1 Vps13d Foxo1 Cisd1 Creg1 Oma1 Rnf213 Vps16 Bnip3l Tecpr1 Xpa Irgm1 Hdac10 Nbr1 Zmpste24 Trim12c Ccpg1 Vti1a Camkk2 Srebf1 Irf8 Gabarapl2 Scfd1 Slc25a46 Kdm4a Vhl Ubxn2b Tmem41b Sesn1 Anxa7 Calm1 Ufl1 Vps51 Chmp7 9930111J21Rik1 Qsox1 Zfyve26 Wdr45 Pycard Snap29 Vps11 Tcirg1 Mfsd8 Eif2ak1 Tgtp2 Snx4 Gramd1a Cisd2 Itgb4 Lyn Ulk2 Golga2 Ap5z1 Uba5 Hdac6 Vps33a Rnf5 Atg2a Rubcnl Il10ra Atg16l2 Rnf41 Optn Dcaf12"
"GOBP_PRODUCTION_OF_MOLECULAR_MEDIATOR_INVOLVED_IN_INFLAMMATORY_RESPONSE",0.973520299184429,0.50877914951989,1,63,0.300324648621603,10,"Fcer1g Slc18a2 Sirpa Hmox1 Tlr4 Tlr6 Snap23 Chid1 Alox5ap Ccr1"
"GOBP_PRODUCTION_OF_MOLECULAR_MEDIATOR_OF_IMMUNE_RESPONSE",0.92170354732625,0.643624816805081,1,156,0.250902573096632,38,"6030468B19Rik Cd27 Fcer1g Angpt1 Lilrb4a Prkcz Hmox1 Vsir Tlr4 Tnfrsf1b Sema7a Hspd1 Mlh1 Shld3 Mzb1 Tlr7 Nr4a3 Ppl Ptpn22 Mif Nbn Nuggc Tlr2 Dhx36 Traf2 Jak3 Xbp1 Shld1 Kmt5b Nod2 Batf Atad5 Fzd5 Ccr6 Tnfrsf14 Prkdc Exosc3 Calhm6"
"GOBP_PROGESTERONE_RECEPTOR_SIGNALING_PATHWAY",-0.809731715713108,0.689416155691815,1,10,-0.337131561199099,4,"Klf9 Nedd4 Ncoa1 Errfi1"
"GOBP_PROGRAMMED_CELL_DEATH_IN_RESPONSE_TO_REACTIVE_OXYGEN_SPECIES",0.483493304114044,0.98392383330732,1,14,0.201074183081464,1,"Endog"
"GOBP_PROGRAMMED_NECROTIC_CELL_DEATH",-0.860462179235799,0.701157024793388,1,41,-0.253714733202335,9,"Spata2 Fas Tnf Zbp1 Ripk1 Cyld Ipmk Alkbh7 Itpk1"
"GOBP_PROSTANOID_BIOSYNTHETIC_PROCESS",0.776059883248982,0.770127281091857,1,17,0.309039336562638,8,"Hpgds Sigmar1 Fabp5 Mif Ptges2 Plaa Ptges3 Sco1"
"GOBP_PROSTANOID_METABOLIC_PROCESS",0.937474149954891,0.558649289099526,1,26,0.340631424409654,4,"Ces2c Hpgds Sigmar1 Fabp5"
"GOBP_PROSTATE_GLAND_DEVELOPMENT",0.888706509283354,0.623024830699774,1,22,0.333962782680505,8,"Ahr Ptch1 Wdr77 Notch1 Rara Prlr Stat5a Esr1"
"GOBP_PROTEASOME_ASSEMBLY",0.59759477734628,0.940548072457037,1,15,0.244509173446867,2,"Otud6b Ecpas"
"GOBP_PROTEASOME_MEDIATED_UBIQUITIN_DEPENDENT_PROTEIN_CATABOLIC_PROCESS",-0.548435548434258,1,1,409,-0.116238734895256,78,"Tbx21 Asb1 Trim30b Cdc20 Dnajb2 Zfp418 Trim25 Sirt6 Rffl Skp2 Armc5 Ube2c Socs5 Fbxo32 Tnfaip1 Jak2 Psen2 Crbn Klhl20 Klhl24 Klhdc1 Trip4 Hspa1b Fbxo45 Nedd4l Rnf145 Ube2h Foxo4 Fbxo31 Tbl1x Rnf10 Trim3 Rnf216 Fbxl22 Fbxl15 Fbxo44 Spsb3 Vhl Wnt10b Ubxn2b Fem1c Pcnp Ufl1 Pml Klhl28 Klhdc3 Klhl2 Cop1 Hectd3 Csnk1d Dda1 Arih2 Trim26 Wwp2 Usp38 Fbxw5 Rchy1 Ipp Fbxo46 Gan Maea Klhl5 Mdm2 Dcaf13 Dcaf12 Dtl Psmc5 Rmnd5b Sharpin Styx Herc2 Anapc1 Socs2 Ube2b Smurf1 Taf9 Ufd1 Ppp2cb"
"GOBP_PROTECTION_FROM_NON_HOMOLOGOUS_END_JOINING_AT_TELOMERE",0.649745532869926,0.888782816229117,1,11,0.287313515539877,3,"Dclre1b Nbn Terf2ip"
"GOBP_PROTEINOGENIC_AMINO_ACID_BIOSYNTHETIC_PROCESS",1.23385125623745,0.174522845575477,1,36,0.419304485225241,11,"Tha1 Mthfr Apip Mthfd1 Bcat1 Shmt2 Mthfd2l Aasdhppt Mtr Cln3 Plod3"
"GOBP_PROTEIN_ACETYLATION",1.01465344870379,0.446187050359712,1,40,0.338866568213515,15,"Abcb1b Dscc1 Fcor Atat1 Xbp1 Naa20 Esco1 Dip2a Nat10 Nat8f4 Smc5 Sirt3 Naa50 Bloc1s1 Hdac2"
"GOBP_PROTEIN_ACYLATION",1.2663207512418,0.121527302586561,1,64,0.389705025699161,21,"Abcb1b Zdhhc1 Zdhhc2 Hhat Dscc1 Fcor Atat1 Zdhhc21 Xbp1 Zdhhc23 Naa20 Esco1 Nmt2 Dip2a Nat10 Nat8f4 Smc5 Sirt3 Naa50 Bloc1s1 Hdac2"
"GOBP_PROTEIN_AUTOPHOSPHORYLATION",-0.754102344169753,0.972519083969466,1,134,-0.181486394532858,40,"Phka1 Ltk Eef2k Prkx Syk Jak2 Tnik Stk10 Chp1 Csnk1g1 Slk Ripk1 Mink1 Stk4 Fyn Csk Camkk2 Map3k9 Eif2ak4 Clk4 Btk Eif2ak1 Lyn Ptprc Ulk2 Stk24 Mapk7 Ptk2b Cad Map3k1 Txk Iqgap1 Irak3 Pak1 Dyrk1a Pim1 Ulk3 Errfi1 Prkaca Stk26"
"GOBP_PROTEIN_AUTOPROCESSING",-1.40662865614413,0.100479819362122,1,15,-0.526739535448739,7,"Sprtn Capn2 Oma1 Fxn Pidd1 Ctse Ctsl"
"GOBP_PROTEIN_AUTOUBIQUITINATION",-0.769094645381261,0.892341040462428,1,59,-0.210740419008931,26,"Trim37 Rag1 Klhl24 Rnf181 Rnf213 Rnf10 Trim68 Ube2t Wwp2 Dtx3l Rchy1 Rnf19b Mdm2 Rnf41 Rnf11 Ube2b Cbl Rad18 Rnf146 Rnft1 Rnf8 Rbx1 Rnf187 Itch Trim30a Lrrk2"
"GOBP_PROTEIN_AUTO_ADP_RIBOSYLATION",0.417552279754041,0.997136038186157,1,11,0.184639073835449,4,"Parp16 Parp1 Tnks Parp6"
"GOBP_PROTEIN_BRANCHED_POLYUBIQUITINATION",0.893524751118117,0.617115063079495,1,19,0.346859911550316,8,"Cdc26 Cdc27 Ubr5 Anapc4 Anapc15 Ubr4 Huwe1 Anapc16"
"GOBP_PROTEIN_CATABOLIC_PROCESS_IN_THE_VACUOLE",0.886917885622302,0.626185101580135,1,22,0.333290644321246,3,"Laptm4b Slc17a9 Plbd1"
"GOBP_PROTEIN_COMPLEX_OLIGOMERIZATION",1.16604716563999,0.165383690161174,1,171,0.31405725280305,36,"Nacc2 Zdhhc1 Cd247 App Tk1 Rnf135 Ehd3 Kcnn4 Tmem120b Ifih1 Nlrc4 Nme4 Steap4 Sigmar1 Ect2 Mospd2 Pkd1 Apip Hgsnat Alox5ap Kcnc3 Atl1 Mif Bend3 Krt10 Kctd6 Zfp777 Shmt2 Samd1 Wdcp Stk3 Sod2 Ski Slc31a1 Kctd11 Als2"
"GOBP_PROTEIN_CONTAINING_COMPLEX_DISASSEMBLY",-1.12304123132724,0.148921363952679,1,214,-0.254088452042812,48,"Adrb2 Stmn1 Irgm2 Mtrf1 Elp6 Prr3 Pik3r4 Pex5 Diaph3 Rubcn Carmil1 Rnf14 Cib1 Nedd1 Eps8 Add3 Tpx2 Synj1 Mtpn Map2 Mical1 Tnf Add1 Tpm1 Smarcc2 Cebpg Tmod3 Sptan1 Vps16 Tecpr1 Irgm1 Zmpste24 Gabarapl2 Ccdc88c Swap70 Smarcd1 Calm1 Nckap5l Ckap2 Chmp7 Dstn Smarcd2 Camsap1 Smad7 Snap29 Twf2 Mfsd8 Atad2"
"GOBP_PROTEIN_CONTAINING_COMPLEX_LOCALIZATION",1.33243750242605,0.0706419554123019,1,71,0.402905620355707,16,"Nacc2 Iqsec2 Neto2 Vps26b Ralb Prkcz Dnmt3b Gphn Snap47 Kif2c Snap23 Git1 Cep131 Akap5 Gpsm2 Scrib"
"GOBP_PROTEIN_CONTAINING_COMPLEX_REMODELING",1.00284628459746,0.480668257756563,1,11,0.443452516404574,4,"Mttp Apoe Lipc Angptl4"
"GOBP_PROTEIN_DEACETYLATION",-0.912918562087517,0.59825327510917,1,32,-0.285092003372614,13,"Sirt6 Flna Wdr5 Kat2b Kat14 Yeats2 Hdac6 Sirt2 Sirt1 Fry Sirt4 Ep300 Ccar2"
"GOBP_PROTEIN_DENEDDYLATION",0.723267704181797,0.816388225934765,1,11,0.319824571701255,3,"Cops2 Senp8 Cops7b"
"GOBP_PROTEIN_DEPHOSPHORYLATION",-0.816729223031,0.842596191216479,1,73,-0.215340742801295,15,"Nceh1 Bcl2 Dusp6 Ppp6c Ppm1d Dusp5 Ppp2r2a Phlpp2 Dusp2 Ppp1cb Phlpp1 Dusp11 Dusp19 Ptprc Ctdsp1"
"GOBP_PROTEIN_DEPOLYMERIZATION",-1.069484784914,0.311899791231733,1,88,-0.273660410068503,23,"Stmn1 Diaph3 Carmil1 Cib1 Nedd1 Eps8 Add3 Tpx2 Synj1 Mtpn Map2 Mical1 Add1 Tpm1 Tmod3 Sptan1 Ccdc88c Swap70 Nckap5l Ckap2 Dstn Camsap1 Twf2"
"GOBP_PROTEIN_DESTABILIZATION",-0.632611822652612,0.988201644619235,1,56,-0.175090325853585,15,"Irgm2 Sirt6 Mylip Isoc2b Irgm1 Ccdc88c Prnp Hdac6 Rnf5 Mdm2 Ctsh Fnip1 Dazap2 Vps35 Sirt1"
"GOBP_PROTEIN_DEUBIQUITINATION",-0.981162837954531,0.498770491803279,1,87,-0.250828787589192,17,"Usp53 Cdc20 Dnajb2 Yod1 Spata2 Uchl1 Usp20 Usp18 Tnip1 Otud3 Usp11 Cyld Trim14 Usp32 Usp46 Usp15 Usp21"
"GOBP_PROTEIN_DNA_COMPLEX_DISASSEMBLY",-0.855578427028375,0.653835104854927,1,17,-0.310383856956814,5,"Smarcc2 Cebpg Smarcd1 Smarcd2 Atad2"
"GOBP_PROTEIN_DNA_COMPLEX_ORGANIZATION",0.579487808242599,0.999504889218963,1,143,0.159723695027993,46,"H1f0 Med22 Ahr Chaf1a Brf2 Zfp827 Mcm2 Gmnn Med20 Tcf4 Grwd1 Gtf2f2 Gtf2h5 Hp1bp3 Med14 Med6 Tspyl3 Rad52 Gtf2e1 Med16 Npm1 Myc Med26 Med28 Anp32b Esr1 Cand1 Med19 Set Med27 Taf1b Med31 Bdp1 Taf2 Med17 Cdc45 Rrn3 Med21 Rbbp4 Supt6 Gtf2b Chrac1 Med9 Taf12 Ubtf Smarcc1"
"GOBP_PROTEIN_EXIT_FROM_ENDOPLASMIC_RETICULUM",-0.553470282503602,0.992495921696574,1,39,-0.165227187552847,2,"Sorl1 Yod1"
"GOBP_PROTEIN_EXPORT_FROM_NUCLEUS",-0.731000738658296,0.928062678062678,1,55,-0.202767283429036,5,"Egr2 Sirt6 Ptpn14 Sp100 Chp1"
"GOBP_PROTEIN_FOLDING",0.680316153761576,0.989141044411908,1,160,0.18475529163071,77,"P3h1 Qsox2 Dnajb14 Hspd1 Sdf2l1 Hspe1-rs1 Ccdc47 Calr Ppih Hyou1 Hspa5 Dnajc1 Lyrm7 Pdia3 Chchd4 Hsp90aa1 Dnajb5 Ppid Tbcb Cct3 Mesd Dnajc25 Cdc37 Dnlz Hspa9 Canx Aifm1 Ppig Mettl21a Ptges3 Tbcel Fkbp1a Cct7 Hspe1 Pdrg1 Tbca Dnajb4 Pdia4 Dnajc3 Zpr1 B2m Cdc123 Hdac4 Cct6a Cct8 Anp32e Cct2 Ric8b Grpel1 Crtap Hsp90ab1 Bag5 Snrnp70 Sdf2 Cdc37l1 Hsp90b1 Grpel2 Cox14 Ppil3 Cct4 Arl2 Tbcc Pfdn2 Pdcd5 Cwc27 Dnajc18 Hspa13 Fkbp4 Fkbp8 Ppib Selenof Fkbp5 Hspa8 Cct5 Dffa Cmc1 Ppil2"
"GOBP_PROTEIN_HETEROOLIGOMERIZATION",1.30606128051165,0.144980285107674,1,20,0.501254204452669,10,"Tmem120b Pkd1 Krt10 Zfp777 Ski Rom1 Cbr4 Farsb Tmem120a Cpsf7"
"GOBP_PROTEIN_HETEROTETRAMERIZATION",1.13904171164932,0.322188449848024,1,10,0.51522247724835,5,"Pkd1 Krt10 Cbr4 Farsb Cpsf7"
"GOBP_PROTEIN_HEXAMERIZATION",0.638960154029474,0.900063251106894,1,12,0.276154324189829,3,"Nme4 Twnk Nme1"
"GOBP_PROTEIN_HOMOOLIGOMERIZATION",1.01098694121696,0.441161552117677,1,115,0.285940664820567,26,"Nacc2 App Tk1 Rnf135 Ehd3 Kcnn4 Nlrc4 Steap4 Sigmar1 Ect2 Mospd2 Apip Alox5ap Kcnc3 Atl1 Mif Bend3 Kctd6 Shmt2 Samd1 Sod2 Kctd11 Als2 Atl3 Atl2 Tmem70"
"GOBP_PROTEIN_HOMOTETRAMERIZATION",0.701517243846413,0.895693919115508,1,35,0.239962397616697,5,"Tk1 Kcnn4 Apip Shmt2 Sod2"
"GOBP_PROTEIN_HYDROXYLATION",1.17463687878195,0.265359678913245,1,16,0.473642209696064,7,"P3h1 Asph Ogfod1 Egln3 Plod3 Jmjd4 P4ha1"
"GOBP_PROTEIN_IMPORT_INTO_MITOCHONDRIAL_MATRIX",1.19710214790853,0.237772761474793,1,22,0.449853309604685,11,"Hsp90aa1 Timm21 Tomm40 Pam16 Dnlz Timm17a Romo1 Timm23 Tomm20 Tomm70a Grpel1"
"GOBP_PROTEIN_IMPORT_INTO_PEROXISOME_MATRIX_RECEPTOR_RECYCLING",-0.77864208067762,0.736336976806185,1,10,-0.324187400814577,2,"Pex5 Pex6"
"GOBP_PROTEIN_INSERTION_INTO_ER_MEMBRANE",0.859061599310816,0.672245260663507,1,26,0.312140208071827,8,"Emc9 Nomo1 Ccdc47 Emc1 Emc4 Ubl4a Tram1 Bag6"
"GOBP_PROTEIN_INSERTION_INTO_ER_MEMBRANE_BY_STOP_TRANSFER_MEMBRANE_ANCHOR_SEQUENCE",0.871417563150361,0.644709626093874,1,11,0.385335536615447,3,"Emc9 Emc1 Emc4"
"GOBP_PROTEIN_INSERTION_INTO_MEMBRANE",1.0681598076891,0.361134278565471,1,55,0.336788519614936,26,"Mtx3 Emc9 Nomo1 Bcs1l Ccdc47 Mtx2 Emc1 Cox18 Tomm40 Timm9 Emc4 Romo1 Ubl4a Pick1 Timm8a1 Tram1 Bag6 Tomm70a Tmem147 Trmt10b Ndufa13 Timm10 Timm22 Rtp4 Wnk1 Timm29"
"GOBP_PROTEIN_INSERTION_INTO_MITOCHONDRIAL_INNER_MEMBRANE",1.09475898988979,0.355466952921331,1,17,0.435950368308086,11,"Bcs1l Cox18 Timm9 Romo1 Timm8a1 Tomm70a Trmt10b Ndufa13 Timm10 Timm22 Timm29"
"GOBP_PROTEIN_K11_LINKED_UBIQUITINATION",0.598388666916796,0.969741053244108,1,35,0.20468602943059,6,"Cdc26 Rnf26 Cdc27 Arel1 Ubr5 Ube2l3"
"GOBP_PROTEIN_K27_LINKED_UBIQUITINATION",-0.488185447635457,0.987760778859527,1,14,-0.186002249329527,14,"Ube2t Wsb1 Ubl7 Rbx1 Amfr Trim21 Ube2s Rnf6 Ate1 Rnf126 Ubr4 Rnf185 Otud4 Kcmf1"
"GOBP_PROTEIN_K48_LINKED_DEUBIQUITINATION",-1.03632993757808,0.406846410178734,1,25,-0.34227461053041,4,"Yod1 Usp20 Otud3 Trim14"
"GOBP_PROTEIN_K48_LINKED_UBIQUITINATION",-0.788829430969436,0.92153443766347,1,98,-0.197926412455239,47,"Trim25 Rffl Skp2 Ube2c Tax1bp1 Nmi Fbxo45 Nedd4l Ube2h Foxo4 Rnf216 Ube2t Spsb3 Arih2 Dtx3l Usp38 Rnf5 Anapc1 Ube2b Ube3c Kbtbd7 Setd2 Ube2d1 Anapc5 Usp25 Rnf146 Asb3 Rnf8 Cul1 Rbx1 Rnf187 Itch Keap1 Fbxo7 Cdc16 Ip6k2 Ube2e3 Anapc7 Ube2d3 Rnf34 Tnfaip3 Amfr Tcf25 Trim21 Anapc13 Gabarap Syvn1"
"GOBP_PROTEIN_K63_LINKED_DEUBIQUITINATION",-1.06489500495152,0.36098450319052,1,24,-0.355043221246364,4,"Yod1 Spata2 Usp20 Cyld"
"GOBP_PROTEIN_K63_LINKED_UBIQUITINATION",-0.822707568486352,0.836686390532544,1,75,-0.216641446247198,23,"Trim30c Ube2o Skp2 Trim5 Rnf213 Trim3 Trim12c Ube2t Zdhhc5 Nedd4 Arih2 Wwp2 Tab2 Rnf5 Cblb Cep63 Trim30d Ube2b Pnkp Smurf1 Gps2 Rnf167 Xiap"
"GOBP_PROTEIN_K6_LINKED_UBIQUITINATION",-0.653509444188045,0.919683602068756,1,23,-0.220901247590566,9,"Rnf14 Rnf144a Ube2t Rnf167 Mdc1 Wdr24 Rnf8 Rnf25 Stambpl1"
"GOBP_PROTEIN_LIPID_COMPLEX_ASSEMBLY",0.914962820487817,0.587026529673363,1,17,0.364352686083011,2,"Mttp Apoe"
"GOBP_PROTEIN_LIPID_COMPLEX_ORGANIZATION",0.884966398666807,0.630975428145942,1,23,0.329024368328741,8,"Mttp Apoe Lipc Angptl4 Scarb1 Abca5 Dgat1 Abca1"
"GOBP_PROTEIN_LOCALIZATION_TO_CELL_CELL_JUNCTION",-0.998415664343445,0.456617002629273,1,19,-0.351801457170113,3,"Vcl Flna Arhgef18"
"GOBP_PROTEIN_LOCALIZATION_TO_CELL_CORTEX",-0.758000410559262,0.760863769661424,1,10,-0.315593247544157,5,"Mex3b Epb41 Ezr Nubp1 Ilk"
"GOBP_PROTEIN_LOCALIZATION_TO_CELL_JUNCTION",1.22759654968676,0.143123171056132,1,79,0.365234596368524,21,"Iqsec2 Zdhhc2 Neto2 Vps26b Nectin1 Prkcz Hspg2 Tjp2 Shank1 Gphn Snap47 Kif2c Snap23 Git1 Cdh5 Mapk8 Tjp3 Gpsm2 Scrib Mapk8ip3 Nrxn1"
"GOBP_PROTEIN_LOCALIZATION_TO_CELL_PERIPHERY",1.04420828836859,0.367190186862318,1,248,0.271371518647182,31,"Ramp1 Iqsec2 Zdhhc2 Arl6 Kif13a Ttc8 Neto2 Vps26b Fcer1g Tmbim1 Fgf13 Prkcz Ehd3 Stac2 Rab11fip3 Wdr59 Wdr19 Gphn Tmem150a Rilpl2 Pacsin1 Snap47 Ift80 Kif2c Camk2g Snap23 Prkci Ptch1 Git1 Bbs1 Tspan5"
"GOBP_PROTEIN_LOCALIZATION_TO_CELL_SURFACE",0.837672610767213,0.740516147228882,1,46,0.271900050407675,5,"Cd247 Fcer1g Angpt1 Gpm6b Plk2"
"GOBP_PROTEIN_LOCALIZATION_TO_CHROMATIN",-0.642441529544594,0.973943661971831,1,51,-0.181210203039361,14,"Asf1a Ints8 Sirt6 Jak2 Daxx Mcm8 Cenpa Chmp7 Rad21 Spi1 Cdk9 Pias4 Prkaca Setd2"
"GOBP_PROTEIN_LOCALIZATION_TO_CHROMOSOME",0.607343044996308,0.995742484840666,1,105,0.173829105439106,23,"Zwilch Haspin Lef1 Ercc6 Cdk1 Wapl Snhg15 Mapk8 Nbn Mms22l Champ1 Mcm9 Terf2ip Hltf Pinx1 Uhrf1 Gnl3 Rb1 Slf1 Smc5 Prkdc Esr1 Rpa2"
"GOBP_PROTEIN_LOCALIZATION_TO_CHROMOSOME_CENTROMERIC_REGION",0.892197400340021,0.617456734386757,1,22,0.335274607989694,5,"Zwilch Haspin Cdk1 Snhg15 Champ1"
"GOBP_PROTEIN_LOCALIZATION_TO_CHROMOSOME_TELOMERIC_REGION",0.599999034364657,0.934290619634774,1,14,0.249526342263643,7,"Terf2ip Pinx1 Gnl3 Atr Tnks Gnl3l Xrcc5"
"GOBP_PROTEIN_LOCALIZATION_TO_CILIARY_MEMBRANE",0.968842580828963,0.517997120460726,1,10,0.438236343281573,4,"Wdr19 Ift80 Rabep1 Arl3"
"GOBP_PROTEIN_LOCALIZATION_TO_CILIUM",1.19069258400796,0.196719032392604,1,54,0.376490590458362,12,"Tbc1d32 Arl6 Gas8 Rab11fip3 Snx10 Cdk20 Wdr19 Ift140 Tctn2 Ift80 Bbs1 Rabep1"
"GOBP_PROTEIN_LOCALIZATION_TO_CONDENSED_CHROMOSOME",1.11503490964209,0.336038707663493,1,14,0.463718383803539,4,"Zwilch Cdk1 Snhg15 Champ1"
"GOBP_PROTEIN_LOCALIZATION_TO_CYTOSKELETON",0.97506869032362,0.509035307200445,1,55,0.307437087946067,19,"Bicd1 Aurka Rab11fip3 Snx10 4933427D14Rik Cep131 Champ1 Stk3 Ttbk2 Cep250 Abhd17b Dvl1 Pcm1 Klhl21 Numa1 Filip1l Rab11a Mid1 Pard6a"
"GOBP_PROTEIN_LOCALIZATION_TO_EARLY_ENDOSOME",0.577917029742489,0.943834526650756,1,11,0.255551389129625,5,"Vegfa Egf Nf2 Rab5a Arl8b"
"GOBP_PROTEIN_LOCALIZATION_TO_ENDOPLASMIC_RETICULUM",-0.44860756572736,0.997273553468646,1,25,-0.148164184274333,25,"Insig2 Gabarapl2 Insig1 Fkrp Ddrgk1 Bcap31 Lrrk2 Vapa Rer1 Ubac2 Ywhae Sec16a Kdelr1 Ppp1r15a Naca Btf3 Rtn4 Akt1 Mia3 Gbf1 Os9 Mia2 Kdelr2 Hspa5 Bcap29"
"GOBP_PROTEIN_LOCALIZATION_TO_ENDOSOME",0.941335525273974,0.55257701421801,1,26,0.342034455922771,9,"Zdhhc1 Vegfa Egf Micall1 Akap11 Abhd17b Nf2 Rab5a Tollip"
"GOBP_PROTEIN_LOCALIZATION_TO_EXTRACELLULAR_REGION",0.783100188344376,0.938862124340445,1,247,0.203602838039901,56,"P3h1 Mttp C2cd2l Apoe Srcin1 Slc18a2 Ap1m2 Kcnn4 Stxbp4 Rab11fip3 Hmgn3 Cacna1d Slc12a2 Tlr4 Dand5 Slc16a1 Lyst Pde3b B3glct Ptpmt1 Il12a Tm7sf3 Rhbdd3 Adam9 Snx19 Ncoa6 Tvp23a Pfkfb2 Apbb3 Pfkl Akap5 Tiam1 Arrb1 Tlr2 Slc25a22 Rab11fip1 Bsg Dnajc1 Nrxn1 Ap1s1 Fam3a Dgat1 Ppid Abca1 Fbn1 Slc4a8 Cpt1a Tango6 Arfip1 C1qtnf12 Snapin Siglech Anxa5 Gna11 Sirt3 Tardbp"
"GOBP_PROTEIN_LOCALIZATION_TO_GOLGI_APPARATUS",-1.14538070970638,0.25817502335721,1,28,-0.370961076765883,9,"Sorl1 Rab6b Vps13d Gbp5 Ripor1 Pacs1 Csnk1d Arl5b Optn"
"GOBP_PROTEIN_LOCALIZATION_TO_LYSOSOME",-1.16390528429218,0.196893063583815,1,59,-0.318922890402975,10,"Pik3r4 Igf2r Sorl1 Lmbrd1 Snx16 Nmt1 Kptn Nprl2 Hgs Zfyve16"
"GOBP_PROTEIN_LOCALIZATION_TO_MEMBRANE",0.859248431863933,0.832310610286734,1,311,0.21940472247589,34,"Ramp1 Iqsec2 Zdhhc2 Arl6 Kif13a Ttc8 Neto2 Vps26b Fcer1g Tmbim1 Apoe Fgf13 Prkcz Ehd3 Stac2 Rab11fip3 Wdr59 Wdr19 Gphn Rab32 Tmem150a Rilpl2 Pacsin1 Snap47 Ift80 Kif2c Camk2g Snap23 Cacna1a Prkci Ptch1 Git1 Bbs1 Tspan5"
"GOBP_PROTEIN_LOCALIZATION_TO_MICROTUBULE",0.663969596831634,0.88808274158691,1,16,0.267728719142928,4,"Champ1 Ttbk2 Abhd17b Dvl1"
"GOBP_PROTEIN_LOCALIZATION_TO_MICROTUBULE_ORGANIZING_CENTER",1.0710444124829,0.370482798496675,1,37,0.362589274453076,8,"Bicd1 Aurka Rab11fip3 Snx10 4933427D14Rik Cep131 Stk3 Cep250"
"GOBP_PROTEIN_LOCALIZATION_TO_MITOCHONDRION",1.12461986397835,0.271742112482853,1,63,0.346937876657657,32,"Mtx3 Hspd1 Bcs1l Mtx2 Cox18 Chchd4 Hsp90aa1 Timm21 Pink1 Tomm40 Timm9 Pam16 Dnlz Timm17a Aifm1 Romo1 Hk2 Timm8a1 Timm23 Tomm20 Tomm70a Grpel1 Hk1 Trmt10b Ndufa13 Grpel2 Dele1 Timm10 Timm22 Timm29 Fkbp8 Akt1"
"GOBP_PROTEIN_LOCALIZATION_TO_NUCLEAR_ENVELOPE",-0.434371516896106,0.995549374130737,1,14,-0.165498745566225,14,"Lmna Ints13 Osbpl8 Tor1aip1 Tor1aip2 Lmnb1 Tmem201 Sumo1 Nup155 Lmnb2 Plk1 Tmem147 Nutf2 Nup54"
"GOBP_PROTEIN_LOCALIZATION_TO_NUCLEOLUS",1.25839485192191,0.1843745250038,1,19,0.488499872540527,7,"Sigmar1 Nmd3 Heatr1 Pinx1 Ran Npm1 Wrn"
"GOBP_PROTEIN_LOCALIZATION_TO_NUCLEUS",0.690176932699198,0.997396717600453,1,277,0.177854071666106,57,"App Angpt1 Maged1 Ahr Wrap53 Mbtps2 Tnpo2 Cdk1 Sigmar1 Ect2 Gbp4 Ctnna1 Mamdc4 Heatr3 Ipo4 Ipo11 Ptpn22 Notch1 Nmd3 Akap5 Calr Gpn1 Stk3 Mfhas1 Nolc1 Nup54 Xbp1 Fam53c Heatr1 Nup88 Cry2 Hsp90aa1 Pinx1 Ipo5 Sesn2 Spg11 Tsc2 Nup188 Mepce Nup107 Kpnb1 Ran Limk2 Ubr5 Npm1 Dmap1 Wrn Pkig Dvl1 Nr4a1 Tor1b Tardbp Nf2 Ipo7 Hdgf Eif4enif1 Cdkn1a"
"GOBP_PROTEIN_LOCALIZATION_TO_PHAGOPHORE_ASSEMBLY_SITE",0.422533903455895,0.996129431800588,1,15,0.172882058886224,2,"Atg16l1 Lrba"
"GOBP_PROTEIN_LOCALIZATION_TO_PLASMA_MEMBRANE",0.943968222525365,0.606328964458614,1,198,0.250736726314223,21,"Ramp1 Zdhhc2 Arl6 Kif13a Ttc8 Fcer1g Tmbim1 Fgf13 Prkcz Ehd3 Stac2 Rab11fip3 Wdr59 Tmem150a Rilpl2 Pacsin1 Camk2g Prkci Ptch1 Bbs1 Tspan5"
"GOBP_PROTEIN_LOCALIZATION_TO_POSTSYNAPSE",1.53101917385633,0.0212489158716392,1,37,0.518308227887024,10,"Iqsec2 Zdhhc2 Neto2 Vps26b Prkcz Gphn Snap47 Kif2c Snap23 Git1"
"GOBP_PROTEIN_LOCALIZATION_TO_SITE_OF_DOUBLE_STRAND_BREAK",-0.656517020280315,0.920388939532057,1,24,-0.21888722982037,4,"Sirt6 Skp2 Xrcc4 Slf2"
"GOBP_PROTEIN_LOCALIZATION_TO_SYNAPSE",1.30861321648387,0.0965995836224844,1,56,0.411110462825607,16,"Iqsec2 Zdhhc2 Neto2 Vps26b Prkcz Hspg2 Shank1 Gphn Snap47 Kif2c Snap23 Git1 Gpsm2 Scrib Mapk8ip3 Nrxn1"
"GOBP_PROTEIN_LOCALIZATION_TO_VACUOLE",-1.07857428132214,0.292693110647182,1,88,-0.275986235876834,13,"Irgm2 Pik3r4 Igf2r Sorl1 Lmbrd1 Snx16 Nmt1 Vps13d Kptn Irgm1 Nprl2 Hgs Zfyve16"
"GOBP_PROTEIN_MATURATION",-0.741209621388291,1,1,403,-0.157084063257382,48,"Dhcr24 Mapk11 Anxa2 Pgap1 Pgap3 Elp6 Dnajb2 Plaur Cox19 Cisd3 Txndc5 Adam19 Casp9 Mmp14 Flna Casp3 Ldlrad3 Mms19 Ufsp1 H2-DMb1 LTO1 Naa80 Psen2 Sprtn Pdcl3 Pdcl Dnajc7 Hspb6 Atg4c Capn2 Cpm Tsc1 Kat2b Insig2 H2-DMa Tuba1a Rasal2 Hspa1b H2-DMb2 Dohh Vbp1 Cisd1 Inpp5b Oma1 Pigv Dhps Fxn Gbp5"
"GOBP_PROTEIN_METHYLATION",1.44458655697763,0.0374563242487771,1,48,0.465025561005263,27,"Smyd2 Setd6 Rab3b Atpsckmt Ndufaf7 Lcmt1 Eef2kmt Rab3d Gspt1 Mtr Eef1akmt2 N6amt1 Prmt3 Eef1akmt1 Prdm1 Etf1 Ntmt1 Fam98b Mettl21a Vcpkmt Icmt Ilf3 Prmt1 Prmt7 Snrpb Ehmt2 Prmt5"
"GOBP_PROTEIN_MODIFICATION_BY_SMALL_PROTEIN_REMOVAL",-0.868708574854712,0.772747849705749,1,107,-0.215284750386927,19,"Usp53 Cdc20 Dnajb2 Yod1 Spata2 Uchl1 Usp20 Usp18 Tnip1 Otud3 Usp11 Uspl1 Cyld Trim14 Usp32 Usp46 Usp15 Usp21 Cops3"
"GOBP_PROTEIN_MONOUBIQUITINATION",-0.861096333472063,0.731827805222301,1,52,-0.2418653178019,10,"Pex5 Ube2o Trim25 Trim37 Nedd4l Rnf10 Zc4h2 Ube2t Mgrn1 Nedd4"
"GOBP_PROTEIN_NEDDYLATION",0.837614521655027,0.694678730256096,1,17,0.33355136846373,3,"Dcun1d4 Dcun1d2 Tes3-ps"
"GOBP_PROTEIN_N_LINKED_GLYCOSYLATION",0.944305292263434,0.564444444444444,1,70,0.286249844579606,21,"St8sia6 Fut8 Engase Mgat4b Gorasp1 Dpagt1 Alg8 Gfpt1 Alg3 Derl3 Alg10b St3gal4 Pgm3 Rpn1 Rft1 Prkcsh Alg1 Stt3a Mgat4a Gnptab Tmem165"
"GOBP_PROTEIN_N_LINKED_GLYCOSYLATION_VIA_ASPARAGINE",1.1832291091187,0.255509955920353,1,19,0.459321069303448,10,"Fut8 Alg8 Derl3 Rpn1 Stt3a Stt3b Dad1 Mgat1 Mgat5 Magt1"
"GOBP_PROTEIN_O_LINKED_GLYCOSYLATION",1.22779585623319,0.138950966215328,1,88,0.359502398434735,18,"Galnt14 Angpt1 Hs3st3b1 B3gnt3 Tmtc2 Extl1 B3gat2 Crppa St8sia6 Il15 Fut8 Lipc Dse Eogt B3glct Slc35b2 Ext1 Chst11"
"GOBP_PROTEIN_O_LINKED_GLYCOSYLATION_VIA_MANNOSE",0.888434297867593,0.621819884501327,1,14,0.369480195786006,2,"Tmtc2 Crppa"
"GOBP_PROTEIN_O_LINKED_GLYCOSYLATION_VIA_N_ACETYL_GALACTOSAMINE",0.666477124722273,0.875869702719798,1,12,0.288046975707298,6,"B3gnt3 Galnt4 Pomgnt1 Galnt1 Galnt2 Xxylt1"
"GOBP_PROTEIN_O_LINKED_GLYCOSYLATION_VIA_XYLOSE",1.10597836064854,0.314689346979963,1,39,0.37113251607175,9,"Angpt1 Hs3st3b1 Extl1 B3gat2 Lipc Dse Slc35b2 Ext1 Chst11"
"GOBP_PROTEIN_PALMITOYLATION",1.61542918796027,0.0133758929928561,1,19,0.627098045745827,5,"Zdhhc1 Zdhhc2 Hhat Zdhhc21 Zdhhc23"
"GOBP_PROTEIN_POLYMERIZATION",-0.758875469222203,0.989789406509253,1,195,-0.173331354936975,55,"Stmn1 Diaph3 Carmil1 Nedd1 Washc5 Ube2c Myadm Eps8 Add3 Tpx2 Mtpn Map2 Snx9 Nme7 Add1 Dbnl Tpm1 Wasl Tuba1a Cotl1 Hspa1b Tmod3 Sptan1 Tubgcp3 Nck2 Mtss1 Ccdc66 Ckap2 Camsap1 Vasp Eml2 Pycard Twf2 Bin1 Ssna1 Csnk1d Slain1 Fbxo5 Golga2 Ptk2b Baiap2 Diaph1 Gba2 Map3k1 Plekhg2 Hip1r Coro1a Ppp2cb Arpc5l Pak1 Capza2 Grb2 Dyrk1a Mzt1 Cep192"
"GOBP_PROTEIN_POLYUBIQUITINATION",-0.662317752409438,1,1,247,-0.147516453125733,64,"Trim30c Bcl2 Ube2o Trim25 Rffl Rnf14 Skp2 Ube2c Trim5 Klhl20 Tax1bp1 Nmi Fbxo45 Nedd4l Ube2h Fbxo28 Rnf213 Foxo4 Trim3 Rnf144a Trim12c Rnf216 Ube2t Spsb3 Mgrn1 Zdhhc5 Ube2l6 Nedd4 Dda1 Arih2 Trim26 Wwp2 Dtx3l Usp38 Hdac6 Tab2 Rnf5 Rnf41 Dtl Cblb Sharpin Cep63 Trim30d Map3k1 Wsb1 Anapc1 Ube2b Pnkp Smurf1 Ube3c Gps2 Rnf20 Rnf167 Xiap Kbtbd7 Tnks2 Setd2 Spop Ubl7 Ube3b Mdc1 Trim8 Wdr24 Ube2d1"
"GOBP_PROTEIN_POLY_ADP_RIBOSYLATION",-1.02331148607033,0.422264875239923,1,13,-0.396853379796852,3,"Sirt6 Casp3 Parp14"
"GOBP_PROTEIN_PROCESSING",-0.728751280669621,0.983206106870229,1,134,-0.175385268939251,17,"Dhcr24 Anxa2 Plaur Adam19 Casp9 Mmp14 Casp3 Ldlrad3 Psen2 Sprtn Atg4c Capn2 Cpm Inpp5b Oma1 Fxn Zmpste24"
"GOBP_PROTEIN_QUALITY_CONTROL_FOR_MISFOLDED_OR_INCOMPLETELY_SYNTHESIZED_PROTEINS",-0.545217880751537,0.983850931677019,1,29,-0.174809424809425,29,"Irgq Oma1 Lonp1 Hdac6 Tmem126a Akirin2 Afg1l Yme1l1 Zyg11b Clpp Ncoa3 Zswim8 Ube2w Oxa1l Stub1 Zer1 Cul3 Rnf126 Afg3l2 Atxn3 Ubr4 Vcp Ankzf1 Klhl15 Saysd1 Lonp2 Ubr5 Fbxl17 Rara"
"GOBP_PROTEIN_REFOLDING",-0.749102870933527,0.80868544600939,1,20,-0.260150297046158,4,"Dnajb2 Pdcl Hspb6 Hspa1b"
"GOBP_PROTEIN_RNA_COMPLEX_ORGANIZATION",1.1756973499129,0.146413752222881,1,190,0.313581737146559,110,"Coil Celf4 Mettl15 Tfb1m Ddx28 Naf1 Malsu1 Wdr77 Eif2d Ddx20 Dhx29 Brix1 Noa1 Mdn1 Zrsr2 Mrm3 Mtif2 Hsp90aa1 Znhit6 Znhit3 Celf2 Tssc4 Rbmx Mtg1 Prpf6 Clns1a Prkdc Nop2 Smn1 Gcfc2 Strap Sfswap Ptges3 Srpk2 Snrpd1 Mettl17 Denr Eif3m Srpk3 Mterf4 Snrnp200 Snrpf Ptbp2 Ruvbl2 Prpf39 Prpf3 Prmt7 Eif2s3x Mrto4 Zfand1 Atr Dhx30 Ago4 Snrpb Sf3a1 Prpf31 Snrpg Dkc1 U2af2 Kif5b Rrs1 Prmt5 Pwp2 Eif3i Nufip1 Eif3b Hsp90ab1 Sf3a2 Eif3l Rps27l Prkra Eif3a Ndufab1 Ruvbl1 Luc7l3 Usp4 Vcp Snrpd3 Xrcc5 Gemin4 Eif3c Eif2s3y Ddx42 Mbnl1 Dicer1 Snu13 Bop1 Snrpd2 Fastkd2 Rps14 Rpl24 Rpl38 Luc7l2 Eif3g Rps6 Ago3 Snrpe Prpf19 Xab2 Aar2 Eif2s2 Eif6 Luc7l Prpf4b Slu7 Rps15 Snrpc Mrm2 Clp1 Rps10"
"GOBP_PROTEIN_STABILIZATION",-0.687884368759868,0.999392466585662,1,184,-0.158355368140785,35,"Irgm2 Pak4 Hip1 Atp1b1 Flna Apbb2 Taf9b Stxbp1 Chp1 Pdcl3 Trim37 Tsc1 Otud3 Morc3 Tuba1a Hspa1b Tti1 Tbl1x Stk4 Irgm1 Crebl2 Mcm8 Wnt10b Mtrr Apbb1 Pex6 Akt2 Ufl1 Cd74 Pml Bag1 Wiz Smad7 Hcfc1 Mfsd8"
"GOBP_PROTEIN_SUMOYLATION",-0.964671795871396,0.510743801652893,1,41,-0.284441842097812,4,"Egr2 Egr1 Arnt Rwdd3"
"GOBP_PROTEIN_TARGETING",-0.724254315773444,0.997313633310947,1,205,-0.164629450712339,31,"Irgm2 Hacl1 Kcnb1 Cacnb1 Pik3r4 Igf2r Sorl1 Pex5 Cib1 Mief2 Trak2 Chp1 Tram2 Snx16 Nucb1 Pex7 Vps13d Rab3ip Bnip3l Gbp5 Irgm1 Fyn Hgs Srebf1 Zfyve16 Chml Pex6 Akt2 Ap1s3 Vps51 Pml"
"GOBP_PROTEIN_TARGETING_TO_LYSOSOME",-1.11036511817354,0.303124033405506,1,27,-0.362567394600459,7,"Pik3r4 Igf2r Sorl1 Snx16 Hgs Zfyve16 Nedd4"
"GOBP_PROTEIN_TARGETING_TO_MEMBRANE",0.748142625701162,0.905249169435216,1,82,0.221538606630303,18,"Zdhhc1 Zdhhc2 Arl6 Stom Cdk5r1 Hspa5 Zdhhc21 Vps37c Srp68 Zdhhc23 C2cd5 Micall1 Ssr3 Zdhhc4 Srp54c Inpp5k Golga7 Gdi1"
"GOBP_PROTEIN_TARGETING_TO_MITOCHONDRION",0.831362234274871,0.727326093337247,1,33,0.287910042752084,12,"Immp2l Fbxw7 Mipep Pink1 Tomm40 Tomm34 Timm8a1 Bid Mfn2 Mff Tomm20 Tomm70a"
"GOBP_PROTEIN_TARGETING_TO_VACUOLE_INVOLVED_IN_AUTOPHAGY",-1.0497387917747,0.393324061196106,1,14,-0.399958207325253,4,"Irgm2 Irgm1 Hdac6 Smurf1"
"GOBP_PROTEIN_TETRAMERIZATION",0.879396150175159,0.681010549694614,1,57,0.275784420733234,10,"App Tk1 Kcnn4 Pkd1 Apip Kcnc3 Krt10 Shmt2 Stk3 Sod2"
"GOBP_PROTEIN_TRANSMEMBRANE_IMPORT_INTO_INTRACELLULAR_ORGANELLE",-0.928924069210105,0.55009878633926,1,15,-0.347853735629247,4,"Pex5 Trim37 Pex7 Pex6"
"GOBP_PROTEIN_TRANSMEMBRANE_TRANSPORT",0.856227179308385,0.722454484153742,1,69,0.26013579900486,46,"Hspd1 Bcs1l Hspa5 C2cd5 Chchd4 Pex16 Hsp90aa1 Abca1 Timm21 Tomm40 Pex2 Pam16 Srp54c Dnlz Timm17a Lonp2 Aifm1 Romo1 Tram1 Rab11a Timm23 Tomm20 Pex10 Tomm70a Grpel1 Sec61g Grpel2 Dtnbp1 Timm22 Bloc1s3 Pex13 Tmed10 Bloc1s6 Pex1 Hspa8 Exoc4 Srp54a Pex14 Dnajc19 Sec61a1 Hspa4 Pex12 Sec63 Prf1 Trip11 Dnajc15"
"GOBP_PROTEIN_TRIMERIZATION",1.40990130460193,0.0833466645336746,1,10,0.637740335058363,6,"App Steap4 Sigmar1 Alox5ap Mif Ski"
"GOBP_PROTEIN_UNFOLDING",-0.620845595300744,0.91253084727173,1,13,-0.240771921532164,3,"Pex5 Ubxn2b Pex6"
"GOBP_PROTEOGLYCAN_BIOSYNTHETIC_PROCESS",1.3174881890758,0.101422475106686,1,44,0.432105699496522,11,"B4galt4 Hs3st3b1 B3gnt7 Bmpr2 Extl1 B3gat2 Lipc Dse Slc35b2 Ext1 Chst11"
"GOBP_PROTEOGLYCAN_CATABOLIC_PROCESS",0.723169141009391,0.831583822167336,1,16,0.291599417759532,3,"Sulf2 Hyal1 Hgsnat"
"GOBP_PROTEOGLYCAN_METABOLIC_PROCESS",1.34470443223084,0.0718792866941015,1,63,0.414832527321686,15,"B4galt4 Sulf2 Angpt1 Hs3st3b1 B3gnt7 Bmpr2 Extl1 B3gat2 Lipc Dse Hyal1 Slc35b2 Ext1 Hgsnat Chst11"
"GOBP_PROTON_MOTIVE_FORCE_DRIVEN_ATP_SYNTHESIS",0.699824894610658,0.923828125,1,52,0.222754282097811,20,"Atpsckmt Ndufa8 Ndufv3 Ndufa9 Ndufa5 Sdhc Ndufc1 Ndufa10 Ndufa13 Ndufa3 Ndufab1 Ndufa12 Ndufv1 Dnajc30 Ndufs3 Ndufb6 Sdhd Ndufb4 Ndufa1 Ndufb5"
"GOBP_PROTON_TRANSMEMBRANE_TRANSPORT",0.710955230250553,0.948419952990337,1,93,0.206636295462148,6,"Slc9a9 Slc36a3 Slc18a2 Nnt Slc15a2 Slc16a1"
"GOBP_PROTON_TRANSPORTING_TWO_SECTOR_ATPASE_COMPLEX_ASSEMBLY",0.908482517057765,0.597003277665054,1,14,0.377817807210199,6,"Atp23 Atpaf2 Tmem70 Ccdc115 Tmem199 Vma21"
"GOBP_PROTOPORPHYRINOGEN_IX_METABOLIC_PROCESS",-0.563742862169444,0.948813649693415,1,10,-0.234714174522183,10,"Hmbs Eif2ak1 Alad Urod Uros Ireb2 Ppox Cpox Fech Alas1"
"GOBP_PRO_B_CELL_DIFFERENTIATION",-0.721376514233115,0.81573896353167,1,13,-0.279759107247827,3,"Hes1 Hes5 Xrcc4"
"GOBP_PSEUDOURIDINE_SYNTHESIS",0.782038150965148,0.764580152671756,1,18,0.307507285677846,10,"Naf1 Pusl1 Rpusd1 Nhp2 Trub2 Rpusd2 Nop10 Pus7 Dkc1 Gar1"
"GOBP_PTERIDINE_CONTAINING_COMPOUND_BIOSYNTHETIC_PROCESS",0.9520267403685,0.541148701809599,1,13,0.403556253852978,4,"Spr Mthfd1 Fpgs Atic"
"GOBP_PTERIDINE_CONTAINING_COMPOUND_METABOLIC_PROCESS",1.19011939467962,0.24005956813105,1,23,0.442478135509048,9,"Mthfr Spr Mthfd1 Fpgs Shmt2 Mthfd2l Aasdhppt Atic Mtr"
"GOBP_PURINE_CONTAINING_COMPOUND_BIOSYNTHETIC_PROCESS",1.21523268987069,0.10293766419871,1,185,0.325266880921212,62,"Pnp2 Nmnat3 Slc25a42 Adcy3 Nme4 Ada Pcca Npr2 Papss1 Impdh1 Gcdh Atpsckmt Pfas Mthfd1 Nmnat1 Mlycd Nadk2 Ppcs Tpk1 Letmd1 Adal Dld Kynu Fasn Vdac1 Mthfd2l Paics Fam3a Atic Ndufa8 Acsl5 Acot7 Cox11 Prps1l3 Ndufv3 Gmpr2 Dip2a Myc Ndufa9 Ndufa5 Nme6 Aprt Gmps Nme2 Sdhc Pank4 Adk Entpd1 Dlst Slc25a13 Prpsap2 Ppcdc Pdk1 Pdhx Pank1 Nme1 Ampd2 Parp1 Guk1 Ndufc1 Dlat Gart"
"GOBP_PURINE_CONTAINING_COMPOUND_METABOLIC_PROCESS",1.0072509038625,0.457292462092288,1,393,0.253286832894993,115,"Pnp2 Pemt Mttp Nmnat3 Shpk Eno3 Dnph1 Slc25a42 Pde8a App S100a1 Fhit Nnt Adcy3 Nme4 Bpgm Zbtb20 Ada Pcca Npr2 Papss1 Noct Aldoc Impdh1 Gcdh Ppargc1a Atpsckmt Pfas Mthfd1 Nudt8 Git1 Nmnat1 Hsd11b1 Mlycd Rbks Nadk2 Ppcs Atp7a Nudt19 Pfkfb1 Pfkfb2 Tpk1 Bend3 Gale Letmd1 Pfkl Adal Slc25a22 Pfkp Dld Kynu Tpi1 Fasn Fdx1 Vdac1 Mthfd2l Jmjd8 Gtpbp1 Nudt7 Mvk Paics Fam3a Dgat1 Dcxr Atic Ndufa8 Acsl5 Ran Acot7 Cox11 Ehhadh Bckdhb Prps1l3 Ndufv3 Pgd Gmpr2 Dip2a Myc Ndufa9 Mccc2 Mpi Ndufa5 Nme6 Aprt Gmps Nme2 Sdhc Pank4 Adk Entpd1 Ldhb Dlst Slc25a25 Xpo4 Slc25a13 Pde2a Prpsap2 Ppcdc Pdk1 Pdhx Efl1 Far2 Pank1 Mdh1 Nme1 Hk2 Ampd2 Parp1 Guk1 Ndufc1 Dlat Icmt Gart Kdm1a Pde7a"
"GOBP_PURINE_CONTAINING_COMPOUND_SALVAGE",1.29277278192536,0.150826133090799,1,21,0.49135854859105,11,"Pnp2 Nmnat3 Ada Impdh1 Nmnat1 Gmpr2 Aprt Adk Ampd2 Nampt Nadsyn1"
"GOBP_PURINE_CONTAINING_COMPOUND_TRANSMEMBRANE_TRANSPORT",1.43242958259431,0.0559564128994257,1,28,0.511796465710499,9,"Slc25a42 Slc29a2 Slc17a9 Slc25a47 Slc29a1 Abcc4 Slc29a3 Slc43a3 Slc35b2"
"GOBP_PURINE_DEOXYRIBONUCLEOSIDE_TRIPHOSPHATE_METABOLIC_PROCESS",0.534259324667034,0.965445528715406,1,10,0.241661398290149,3,"Ada Adk Guk1"
"GOBP_PURINE_DEOXYRIBONUCLEOTIDE_METABOLIC_PROCESS",0.726680482844994,0.822573153738969,1,15,0.297325296264164,2,"Dnph1 Ada"
"GOBP_PURINE_NUCLEOBASE_METABOLIC_PROCESS",1.36952316820409,0.109785202863962,1,11,0.605594800062751,9,"Ada Paics Prps1l3 Gmpr2 Aprt Adk Gart Kdm1a Ppat"
"GOBP_PURINE_NUCLEOSIDE_DIPHOSPHATE_METABOLIC_PROCESS",0.933589941461408,0.586458195309394,1,84,0.275470270847308,22,"Mttp Eno3 App Bpgm Zbtb20 Aldoc Ppargc1a Git1 Pfkfb1 Pfkfb2 Gale Pfkl Pfkp Tpi1 Jmjd8 Ran Myc Mpi Entpd1 Xpo4 Hk2 Guk1"
"GOBP_PURINE_NUCLEOSIDE_METABOLIC_PROCESS",1.13896323326406,0.300272975432211,1,20,0.437123523918388,10,"Pnp2 Pemt Ada Adal Aprt Adk Icmt Nt5c2 Macrod1 Dguok"
"GOBP_PURINE_NUCLEOSIDE_MONOPHOSPHATE_BIOSYNTHETIC_PROCESS",1.19580938221374,0.239763421292084,1,20,0.458940548581128,12,"Ada Impdh1 Pfas Paics Atic Gmpr2 Aprt Gmps Adk Ampd2 Gart Ppat"
"GOBP_PURINE_NUCLEOSIDE_MONOPHOSPHATE_METABOLIC_PROCESS",1.2860413757428,0.148696682464455,1,26,0.467283397296982,14,"Dnph1 Ada Impdh1 Pfas Paics Atic Gmpr2 Aprt Gmps Adk Ampd2 Guk1 Gart Ppat"
"GOBP_PURINE_NUCLEOTIDE_TRANSPORT",1.08593210989087,0.354439699602415,1,28,0.38799548864183,11,"Slc25a42 Slc17a9 Slc25a47 Abcc4 Slc35b2 Slc19a1 Calhm6 Slc25a25 Slc25a4 Slc25a23 Shoc2"
"GOBP_PURINE_RIBONUCLEOTIDE_SALVAGE",1.4237657055546,0.0759878419452888,1,10,0.644011616374352,6,"Ada Impdh1 Gmpr2 Aprt Adk Ampd2"
"GOBP_PYRAMIDAL_NEURON_DIFFERENTIATION",0.880784277948482,0.632858742601184,1,10,0.398404951254084,2,"Plxna3 Atp7a"
"GOBP_PYRIDINE_CONTAINING_COMPOUND_BIOSYNTHETIC_PROCESS",1.25188284723129,0.192148443490262,1,17,0.498519576791965,5,"Nmnat3 Pdxk Nmnat1 Nadk2 Kynu"
"GOBP_PYRIDINE_CONTAINING_COMPOUND_CATABOLIC_PROCESS",1.09305493352763,0.307906976744186,1,82,0.323673399463293,17,"Pnp2 Mttp Eno3 App Bpgm Zbtb20 Aldoc Ppargc1a Git1 Pfkfb1 Pfkfb2 Gale Pfkl Pfkp Tpi1 Jmjd8 Pdxp"
"GOBP_PYRIDINE_CONTAINING_COMPOUND_METABOLIC_PROCESS",1.163588839734,0.186646810622983,1,138,0.321549163901684,30,"Pnp2 Mttp Nmnat3 Shpk Eno3 App Alpl Nnt Pdxk Bpgm Zbtb20 Noct Aldoc Ppargc1a Git1 Nmnat1 Hsd11b1 Rbks Nadk2 Pfkfb1 Pfkfb2 Gale Pfkl Slc25a22 Pfkp Kynu Tpi1 Fdx1 Jmjd8 Pdxp"
"GOBP_PYRIMIDINE_CONTAINING_COMPOUND_BIOSYNTHETIC_PROCESS",1.10216325657513,0.329458505002943,1,32,0.384261128839603,8,"Dctd Uck2 Tk1 Nme4 Cdk1 Thtpa Tpk1 Dhodh"
"GOBP_PYRIMIDINE_CONTAINING_COMPOUND_METABOLIC_PROCESS",0.91554788852638,0.613086770981508,1,44,0.30027856346232,9,"Dctd Uck2 Tk1 Nme4 Cdk1 Thtpa Tpk1 Dhodh Aldh6a1"
"GOBP_PYRIMIDINE_DEOXYRIBONUCLEOTIDE_BIOSYNTHETIC_PROCESS",0.76707513012904,0.763723150357995,1,11,0.339195948523287,1,"Dctd"
"GOBP_PYRIMIDINE_DEOXYRIBONUCLEOTIDE_METABOLIC_PROCESS",0.66270360774624,0.885906040268456,1,14,0.275603788964331,1,"Dctd"
"GOBP_PYRIMIDINE_NUCLEOBASE_METABOLIC_PROCESS",0.617964834126859,0.916308671439936,1,11,0.273260284205061,2,"Dhodh Aldh6a1"
"GOBP_PYRIMIDINE_NUCLEOSIDE_MONOPHOSPHATE_BIOSYNTHETIC_PROCESS",0.811244502732099,0.725499303297724,1,15,0.331925127771659,2,"Dctd Uck2"
"GOBP_PYRIMIDINE_NUCLEOSIDE_MONOPHOSPHATE_METABOLIC_PROCESS",0.781515536627807,0.764760006134029,1,17,0.311211864143434,2,"Dctd Uck2"
"GOBP_PYRIMIDINE_NUCLEOSIDE_TRIPHOSPHATE_BIOSYNTHETIC_PROCESS",0.884137103237774,0.626346183861402,1,14,0.367693087479892,7,"Uck2 Nme4 Nme6 Nme2 Nme1 Uck1 Tyms"
"GOBP_PYRIMIDINE_NUCLEOSIDE_TRIPHOSPHATE_METABOLIC_PROCESS",0.833827176688984,0.7,1,18,0.327871385189593,8,"Uck2 Nme4 Dctpp1 Nme6 Nme2 Nme1 Uck1 Tyms"
"GOBP_PYRIMIDINE_NUCLEOTIDE_BIOSYNTHETIC_PROCESS",0.772089980126954,0.793622410967069,1,24,0.285084044799608,3,"Dctd Uck2 Nme4"
"GOBP_PYRIMIDINE_NUCLEOTIDE_METABOLIC_PROCESS",0.712544729874289,0.871015348288076,1,30,0.251218146680106,3,"Dctd Uck2 Nme4"
"GOBP_PYRIMIDINE_RIBONUCLEOSIDE_TRIPHOSPHATE_BIOSYNTHETIC_PROCESS",1.00668953177142,0.472404415293553,1,10,0.455355645956305,6,"Uck2 Nme4 Nme6 Nme2 Nme1 Uck1"
"GOBP_PYRIMIDINE_RIBONUCLEOSIDE_TRIPHOSPHATE_METABOLIC_PROCESS",0.995869341558966,0.483554712207464,1,12,0.430408098635366,6,"Uck2 Nme4 Nme6 Nme2 Nme1 Uck1"
"GOBP_PYRIMIDINE_RIBONUCLEOTIDE_BIOSYNTHETIC_PROCESS",-0.691405170878115,0.85783200908059,1,16,-0.254056044749999,5,"Dck Uprt Nme7 Nme3 Umps"
"GOBP_PYRIMIDINE_RIBONUCLEOTIDE_METABOLIC_PROCESS",-0.684963372326166,0.876424189307625,1,19,-0.241353497444335,5,"Dck Uprt Nme7 Nme3 Umps"
"GOBP_PYROPTOTIC_CELL_DEATH",1.15430022343716,0.303605313092979,1,12,0.498880870904439,1,"Gzma"
"GOBP_PYROPTOTIC_INFLAMMATORY_RESPONSE",-0.88514560685497,0.65272373540856,1,37,-0.268422415987687,6,"Mapk11 Naip5 Gbp3 Casp3 Zbp1 Gbp5"
"GOBP_PYRUVATE_DECARBOXYLATION_TO_ACETYL_COA",0.952960365431351,0.531360220825027,1,17,0.379483910275657,9,"Tpk1 Dld Vdac1 Pdk1 Pdhx Dlat Bckdk Mpc2 Pdk3"
"GOBP_PYRUVATE_METABOLIC_PROCESS",0.988333288490991,0.485839906892538,1,100,0.284325893218177,39,"Mttp Eno3 App Slc16a1 Bpgm Zbtb20 Aldoc Ppargc1a Git1 Pfkfb1 Pfkfb2 Tpk1 Gale Pfkl Pfkp Dld Tpi1 Vdac1 Jmjd8 Ran Myc Mpi Ldhb Ldha Xpo4 Pdk1 Pdhx Hk2 Dlat Pfkfb4 Bckdk Mpc2 Ddit4 Hdac4 Pdk3 Foxk2 Srr Slc2a6 Insr"
"GOBP_P_BODY_ASSEMBLY",1.17890193358031,0.255981941309255,1,22,0.443013937822277,2,"Nbdy Noct"
"GOBP_QUINONE_BIOSYNTHETIC_PROCESS",0.762846103191321,0.789618320610687,1,18,0.299960729911678,5,"Coq3 Pdss1 Coq9 Pdss2 Ndufa9"
"GOBP_QUINONE_METABOLIC_PROCESS",0.689441756334504,0.8773127085229,1,20,0.264601350828285,5,"Coq3 Pdss1 Coq9 Pdss2 Ndufa9"
"GOBP_RAB_PROTEIN_SIGNAL_TRANSDUCTION",-1.09995030065469,0.33603707995365,1,18,-0.39300066809206,5,"Rab9 Dennd4c Dennd4a Dennd4b Rab30"
"GOBP_RAC_PROTEIN_SIGNAL_TRANSDUCTION",0.616346761009654,0.963240593916679,1,39,0.206827124585016,8,"Cyfip1 Tns3 Dock7 Sh3bp1 Tiam1 Eps8l1 Als2 Arap3"
"GOBP_RANDOM_INACTIVATION_OF_X_CHROMOSOME",0.733307624864449,0.813438612788357,1,15,0.300036827687995,4,"Pcgf5 Ncor2 Spen Pcgf3"
"GOBP_RAP_PROTEIN_SIGNAL_TRANSDUCTION",-0.655147902133158,0.898305084745763,1,17,-0.237672346937881,1,"Rapgefl1"
"GOBP_RAS_PROTEIN_SIGNAL_TRANSDUCTION",0.864032313753309,0.717257935449453,1,77,0.258073329136445,9,"Rasgrf2 Arl6 Ralb Timp2 Ksr1 Syde1 Rasgrp4 Plk2 Rasal1"
"GOBP_REACTIVE_NITROGEN_SPECIES_METABOLIC_PROCESS",1.11721618323512,0.285042853193254,1,59,0.347796035871755,14,"App Apoe Smad3 Sirpa Tlr4 Smpd3 Tlr6 Sigmar1 Spr Gla Tlr2 Jak3 Sod2 Hsp90aa1"
"GOBP_REACTIVE_OXYGEN_SPECIES_BIOSYNTHETIC_PROCESS",-0.7558837973064,0.875987633115768,1,46,-0.218257606473957,10,"Rab27a Acox1 Fas Slc5a3 Mpv17l Lipa Fyn Hvcn1 Sphk2 Ptgr1"
"GOBP_REACTIVE_OXYGEN_SPECIES_METABOLIC_PROCESS",-0.727768718051656,0.994487320837927,1,156,-0.171347723617614,20,"Coq7 Rab27a Acox1 Ngfr Bcl2 Gadd45a Fas Tigar Syk Acp5 Slc5a3 Ager Tnf Mpv17l Ripk1 Foxo1 G6pdx Gnai2 Lipa Fyn"
"GOBP_RECEPTOR_CATABOLIC_PROCESS",-0.852270834611279,0.691373403924011,1,28,-0.276029885805048,6,"Anxa2 Pik3r4 Mylip Mvb12a Nedd4l Snx25"
"GOBP_RECEPTOR_CLUSTERING",-1.18777956212853,0.184507042253521,1,51,-0.335030918334139,12,"Itgb7 Reln Etv5 Sorbs1 Nrxn2 Flna Dlg3 Magi2 Dag1 Ift122 Nme7 Lamc1"
"GOBP_RECEPTOR_INTERNALIZATION",1.27238853118202,0.0943104115597987,1,103,0.364805220303053,24,"Ramp1 Iqsec2 Ackr3 Cd9 Fcer1g App Angpt1 Cxcr2 Calcrl Ralb Vegfa Sag Plk2 Pacsin1 Itgb3 Grk3 Rabep1 Ncdn Atad1 Akap5 Arrb1 Scrib Egf Rab31"
"GOBP_RECEPTOR_LOCALIZATION_TO_SYNAPSE",1.26951202702945,0.127698092187718,1,53,0.402737164985855,15,"Iqsec2 Zdhhc2 Neto2 Vps26b Prkcz Gphn Snap47 Kif2c Snap23 Itgb3 Git1 Kifap3 Gpsm2 Scrib Nrxn1"
"GOBP_RECEPTOR_MEDIATED_ENDOCYTOSIS",1.13629887629539,0.207252641690682,1,177,0.305290387539517,28,"Ramp1 Iqsec2 Trf Ackr3 Cd9 Dll1 Bicd1 Fcer1g App Angpt1 Cxcr2 Calcrl Ralb Ifitm3 Apoe Neu3 Hspg2 Vegfa Plxnb2 Sag Plk2 Gas7 Pacsin1 Cltb Ly75 Itgb3 Grk3 Rabep1"
"GOBP_RECEPTOR_METABOLIC_PROCESS",0.738854487000995,0.914377167244599,1,77,0.220684613494893,6,"Pheta1 Znrf3 Apoe Ehd3 Fut8 Rnf43"
"GOBP_RECEPTOR_RECYCLING",-0.879090828261378,0.69330985915493,1,51,-0.24796066280492,9,"Anxa2 Rab29 Sorl1 Pex5 Psen2 Snx16 Atp6v0d1 Ldlr Inpp5f"
"GOBP_RECOMBINATIONAL_REPAIR",0.942660031891622,0.594298773153717,1,171,0.253891290735765,56,"Swsap1 Parpbp Zgrf1 Chek1 Fan1 Wrap53 Gen1 Ercc6 Hells Xrcc2 Poll Brca2 Shld3 Mcm2 Rtel1 Nbn Senp3 Mms22l Mcm9 Zswim7 Nucks1 Terf2ip Aste1 Shld1 Smc6 Kdm4d Spidr Rad52 Gfi1 Dmap1 Wrn Rad51d Smc5 Xrcc6 Morf4l2 Prkdc Palb2 Ino80 Fancm Rpa2 Recql4 Rad54l Parp1 Inip Gins2 Kdm1a Epc1 Rmi2 Ruvbl2 Prmt1 Hdgfl2 Actl6a Cdc45 Epc2 Shld2 C1qbp"
"GOBP_REGENERATION",1.02444729724429,0.415554414784394,1,108,0.291810517810566,35,"Abcb1b Nefh Cd9 Sulf2 Aurka Hmox1 Rtn4rl2 Ptprs Slc7a5 Ctnna1 Ptch1 Nfix Diaph2 Snhg15 Fzd9 Slc22a5 Notch1 Cspg5 Mapk8ip3 Eppk1 Atic Rtca Mtr Top1 Cpt1a Ifrd1 Bin3 Lrig2 Pcna Cdkn1a Fbxw10 Vps54 Map2k2 Kpna1 Dhfr"
"GOBP_REGULATED_EXOCYTOSIS",0.772435130869046,0.914590306185695,1,139,0.213307338761844,27,"Myo1f Fcer1g Slc18a2 Hmox1 Abr Cacna1d Doc2a Cacna1h Syde1 Pfn2 Stx11 Stx2 Snap47 Snap23 Cacna1a Git1 Nr4a3 Notch1 Fes Fgr Cspg5 Scrib Rab11fip1 Rab31 Syngr2 Prkca Rab3d"
"GOBP_REGULATION_OF_ACTIN_FILAMENT_BASED_MOVEMENT",-0.847093792740884,0.6577752553916,1,16,-0.311263652024325,1,"Adrb2"
"GOBP_REGULATION_OF_ACTIN_FILAMENT_BASED_PROCESS",-0.874351777100687,0.8875,1,233,-0.196101506802915,47,"Tacstd2 Adrb2 Stmn1 Cit Alms1 Ccdc88a Carmil1 Braf Washc5 Flna Arhgef18 Myadm Ptger4 Eps8 Naa80 Add3 Mtpn S1pr1 Snx9 Tsc1 Siglec15 Rhof Add1 Dbnl Tpm1 Cotl1 Tmod3 Sptan1 Washc4 Tesk1 Slc4a2 Rala Arhgap6 Nck2 Mtss1 Washc2 Swap70 Cdk10 Dstn Vasp Fhod1 Pycard Twf2 Bin1 Arap2 S100a10 Pde4b"
"GOBP_REGULATION_OF_ACTIN_FILAMENT_BUNDLE_ASSEMBLY",-1.31306613697897,0.0759587020648968,1,63,-0.356014036809208,16,"Tacstd2 Stmn1 Alms1 Ccdc88a Carmil1 Braf Flna Arhgef18 Ptger4 S1pr1 Tsc1 Tpm1 Tesk1 Arhgap6 Mtss1 Swap70"
"GOBP_REGULATION_OF_ACTIN_FILAMENT_LENGTH",-0.890143967167866,0.726696832579185,1,108,-0.219760720166449,31,"Cit Carmil1 Myadm Eps8 Naa80 Add3 Mtpn Snx9 Add1 Dbnl Tpm1 Cotl1 Tmod3 Sptan1 Nck2 Swap70 Dstn Vasp Pycard Twf2 Bin1 Ptk2b Baiap2 Gba2 Map3k1 Plekhg2 Hip1r Coro1a Arpc5l Capza2 Grb2"
"GOBP_REGULATION_OF_ACTIN_FILAMENT_ORGANIZATION",-1.11660443348586,0.170789163722026,1,170,-0.259871892330312,38,"Tacstd2 Stmn1 Cit Alms1 Ccdc88a Carmil1 Braf Washc5 Flna Arhgef18 Myadm Ptger4 Eps8 Naa80 Add3 Mtpn S1pr1 Snx9 Tsc1 Add1 Dbnl Tpm1 Cotl1 Tmod3 Sptan1 Washc4 Tesk1 Arhgap6 Nck2 Mtss1 Washc2 Swap70 Dstn Vasp Fhod1 Pycard Twf2 Bin1"
"GOBP_REGULATION_OF_ACTIN_NUCLEATION",-0.533109823673641,0.9860810392824,1,27,-0.17407628953907,4,"Carmil1 Washc5 Washc4 Washc2"
"GOBP_REGULATION_OF_ACTION_POTENTIAL",0.907740620716907,0.601895734597156,1,26,0.329827740470691,3,"Kcnk3 Fgf13 Chrnb2"
"GOBP_REGULATION_OF_ACTIVATED_T_CELL_PROLIFERATION",0.586716656928049,0.967456928287439,1,28,0.209629509916579,4,"Il12rb1 Il2ra Jak3 Scrib"
"GOBP_REGULATION_OF_ACTIVIN_RECEPTOR_SIGNALING_PATHWAY",-0.936142222369543,0.536057033177955,1,13,-0.363048016146625,5,"Fstl3 Magi2 Acvr2a Men1 Smad7"
"GOBP_REGULATION_OF_ACTOMYOSIN_STRUCTURE_ORGANIZATION",-1.18544252133484,0.16734693877551,1,64,-0.320876723660872,11,"Tacstd2 Stmn1 Alms1 Ccdc88a Carmil1 Braf Arhgef18 Ptger4 S1pr1 Tsc1 Tpm1"
"GOBP_REGULATION_OF_ACUTE_INFLAMMATORY_RESPONSE",0.97976761658467,0.494288360605125,1,16,0.395066175164717,5,"Ighg3 Fcer1g Rhbdd3 Spn Alox5ap"
"GOBP_REGULATION_OF_ADAPTIVE_IMMUNE_RESPONSE",0.957278021421797,0.566237238697132,1,162,0.259531931219447,24,"C4bp 6030468B19Rik Ighg3 Il12rb1 Fcer1g Prkcz Ahr Vsir Pvr Tnfrsf1b Ada Hspd1 Zbtb7b Il12a Mlh1 Shld3 Spn Klhl22 Dpp4 Mif Il7r Nlrp10 Traf2 Jak3"
"GOBP_REGULATION_OF_ADENYLATE_CYCLASE_ACTIVATING_G_PROTEIN_COUPLED_RECEPTOR_SIGNALING_PATHWAY",-0.899764082724348,0.587760778859527,1,14,-0.342816739137252,5,"Gnai2 Mgrn1 Arrdc3 Pde4a Pde4b"
"GOBP_REGULATION_OF_ADENYLATE_CYCLASE_ACTIVITY",1.48600822020644,0.0483691328560064,1,11,0.657103780279685,4,"Timp2 Adcy3 Cacna1d Akap5"
"GOBP_REGULATION_OF_ADIPOSE_TISSUE_DEVELOPMENT",-0.753670965310642,0.776254455717028,1,13,-0.292283311493806,6,"Sorl1 Lmna Spi1 Ncoa1 Sirt1 Klf7"
"GOBP_REGULATION_OF_AEROBIC_RESPIRATION",1.05629394525538,0.395911058051037,1,25,0.386797124477256,11,"Tefm Atp7a Shmt2 Ide Pink1 Myc Sirt3 Pde2a Slc25a23 Iscu Uqcc2"
"GOBP_REGULATION_OF_ALCOHOL_BIOSYNTHETIC_PROCESS",-0.726621655097332,0.884567901234568,1,31,-0.228518743383954,8,"Dhcr7 H6pd Gpr146 Insig2 Srebf1 Erlin1 Insig1 Srebf2"
"GOBP_REGULATION_OF_ALPHA_BETA_T_CELL_ACTIVATION",-1.13393342249383,0.209566274827726,1,83,-0.291984112121119,27,"Lgals3 Adora2a Tbx21 Hlx Anxa1 Nfkbid Socs5 Syk Jak2 Cd55 Ager Bcl6 Slc4a2 Irgm1 Cd244a Smad7 Cd44 Lgals9 Ptprc Ccr7 Gimap5 Btla Cblb Ap3b1 Runx1 Gimap3 Sash3"
"GOBP_REGULATION_OF_ALPHA_BETA_T_CELL_DIFFERENTIATION",-0.896327974593735,0.671184022824536,1,58,-0.246055839593825,6,"Tbx21 Hlx Anxa1 Nfkbid Socs5 Syk"
"GOBP_REGULATION_OF_ALTERNATIVE_MRNA_SPLICING_VIA_SPLICEOSOME",0.861586178398595,0.706839032527106,1,55,0.271656292864384,24,"Rbm47 Celf4 Rbm15 Celf2 Rbmx Srsf2 Wtap Srsf5 Rbm8a Fmr1 Thrap3 Srsf7 Arglu1 Mbnl1 Hnrnpa1 Mbnl2 Tia1 Khdrbs3 Srsf3 Tra2b Rbm19 Thumpd2 Rbpms Ythdc1"
"GOBP_REGULATION_OF_AMIDE_METABOLIC_PROCESS",-0.66702289117654,0.966478475652788,1,52,-0.187353838687306,11,"Sorl1 Tigar Casp3 Tnf Pdk2 Abca7 Ormdl1 Sphk2 Bin1 Pdpr Prnp"
"GOBP_REGULATION_OF_AMINE_METABOLIC_PROCESS",0.671419475052235,0.871283997469956,1,12,0.290183026612309,1,"Chrnb2"
"GOBP_REGULATION_OF_AMINO_ACID_TRANSMEMBRANE_TRANSPORT",-0.873626317716774,0.610438525692763,1,11,-0.354008513314128,2,"Slc43a1 Tnf"
"GOBP_REGULATION_OF_AMINO_ACID_TRANSPORT",-1.10103446723336,0.32499255287459,1,22,-0.374637356650168,6,"Adora2a Slc43a1 Stxbp1 Tnf Dpysl2 Kmo"
"GOBP_REGULATION_OF_AMYLOID_BETA_CLEARANCE",1.06434387628001,0.402118912080961,1,12,0.460002336618524,2,"App Apoe"
"GOBP_REGULATION_OF_AMYLOID_FIBRIL_FORMATION",1.4690472177015,0.0545540796963947,1,12,0.634912426148865,3,"App Apoe Hspg2"
"GOBP_REGULATION_OF_AMYLOID_PRECURSOR_PROTEIN_CATABOLIC_PROCESS",0.699116398638536,0.8857733175915,1,30,0.246483790583405,2,"App Apoe"
"GOBP_REGULATION_OF_ANATOMICAL_STRUCTURE_MORPHOGENESIS",0.934505519826645,0.685429398520425,1,469,0.232337023964889,83,"Eng Sema6d Spire1 Ift88 Slit1 Ryk Dll1 Rufy3 Tanc2 Xlr4b Tmbim1 Cxcr2 Bmpr2 Apoe Smad3 Fgf13 Srcin1 S100a1 Maged1 Lst1 Plxna3 Ptk2 Aurka Hmox1 Vegfa Abr Gas2 Chrnb2 Ddhd2 Slc12a2 Plxnb2 Slc23a2 Marcks Cyfip1 Ptprs Cpne5 Sema7a Gorasp1 Pde3b Ada Arhgap18 Runx2 Hyal1 Plk2 Rhobtb1 Gas7 Arhgap35 Ppargc1a Rasal1 Cacna1a Fkbpl Fbxw8 Zmym4 Itgb3 Msto1 Myo10 Rap2a Cdh5 Cybb Wars2 Rgcc Dhodh Tcf4 Notch1 Cdk5r1 Mbp Akap5 Tiam1 Gla Fes Atg16l1 Dhx36 Sema5a Tgif2 Fgr Zmym3 Mydgf Plxnc1 Egf Xbp1 Slc30a1 Jmjd8 Egln1"
"GOBP_REGULATION_OF_ANATOMICAL_STRUCTURE_SIZE",0.996726976826828,0.479744852282901,1,306,0.254900633326726,52,"Sema6d Slc8a1 Slit1 Ryk Fer Rufy3 Itga9 Bmpr2 Apoe Fgf13 S100a1 Plekha7 Ahr Plxna3 Ptk2 Kcnn4 Vegfa Slc12a2 Vill Smpd3 Dnajc16 Cyfip1 Ptprs Rab3b Pfn2 Sema7a Pex11g Arhgap18 Sh3bp1 Arhgap35 Slc12a3 Mgll Ext1 Atp7a Hrh2 Il7r Gla Manf Tlr2 Kank3 Sema5a Zdhhc21 Twf1 Sod2 Scarb1 Cdk4 Abcb8 Pdxp Arhgap5 Hp1bp3 Hsp90aa1 Als2"
"GOBP_REGULATION_OF_ANDROGEN_RECEPTOR_SIGNALING_PATHWAY",-1.29882573868504,0.147887323943662,1,20,-0.451059413654404,7,"Rnf14 Tcf7l2 Trim68 Foxp1 Prmt2 Shq1 Safb2"
"GOBP_REGULATION_OF_ANIMAL_ORGAN_MORPHOGENESIS",-1.06684855049677,0.369675305332142,1,22,-0.363005276218537,6,"Tacstd2 Etv5 Ngfr Csf1 Tnf Dmrt3"
"GOBP_REGULATION_OF_ANOIKIS",-0.673788221373611,0.875993189557321,1,16,-0.247582716663675,3,"Bcl2 Tle5 Bcl2l1"
"GOBP_REGULATION_OF_ANTIGEN_PROCESSING_AND_PRESENTATION",0.63049521458915,0.917015017804614,1,15,0.25797056739013,7,"Fgl2 Ptpn22 Nod2 Tapbpl Nod1 Ythdf1 Was"
"GOBP_REGULATION_OF_ANTIGEN_RECEPTOR_MEDIATED_SIGNALING_PATHWAY",-0.764011907094716,0.916825639069058,1,67,-0.20515069498378,20,"Lgals3 Rab29 Cyld Cd19 Lipa Fyn Csk Foxp1 Cd22 Prkd2 Usp46 Slc39a10 Dgkz Ceacam1 Lyn Ptprc Ccr7 Prnp Ezr Cblb"
"GOBP_REGULATION_OF_APOPTOTIC_SIGNALING_PATHWAY",0.935948243457854,0.645230078563412,1,302,0.239674440026768,47,"Nacc2 Tnfsf10 Ackr3 Meis3 App Tmbim1 Sh3rf1 Bcl2l14 Maged1 Itm2c Tnfrsf23 Hmox1 Vegfa Tlr4 Tlr6 Osm Trim32 Siah1b Asah2 Ptpmt1 Bmf Ctnna1 Hells Ddias Htra2 Plscr1 Snai1 Bmi1 Eya1 Pea15a Trps1 Wwox Prodh Fzd9 Siah2 Mapk8 Mif Fbxw7 Pmaip1 Slc35f6 Stk3 Hyou1 Eef1e1 Traf2 Jak3 Sod2 Xbp1"
"GOBP_REGULATION_OF_ARP2_3_COMPLEX_MEDIATED_ACTIN_NUCLEATION",-0.626836013394532,0.940675387891695,1,23,-0.21188501348376,4,"Carmil1 Washc5 Washc4 Washc2"
"GOBP_REGULATION_OF_ASTROCYTE_DIFFERENTIATION",-1.11953102970751,0.311130587204207,1,19,-0.394477632577266,6,"Hes1 Hes5 Clcf1 Ldlr Kdm4a Bin1"
"GOBP_REGULATION_OF_ATP_DEPENDENT_ACTIVITY",-1.41209622579997,0.0657116163189038,1,28,-0.457343773978942,8,"Adrb2 Dnajb2 Tsc1 Tpm1 Cnn3 Ublcp1 Dnajc24 Zc3hav1"
"GOBP_REGULATION_OF_ATTACHMENT_OF_MITOTIC_SPINDLE_MICROTUBULES_TO_KINETOCHORE",0.603390453379395,0.928491441369381,1,10,0.272931465949552,5,"Cdk1 Cdca8 Becn1 Aurkb Incenp"
"GOBP_REGULATION_OF_ATTACHMENT_OF_SPINDLE_MICROTUBULES_TO_KINETOCHORE",-0.882481471908448,0.620011737089202,1,20,-0.306470347348443,5,"Racgap1 Kat2b Knstrn Cenpe Birc5"
"GOBP_REGULATION_OF_AUTOPHAGOSOME_ASSEMBLY",0.924643082213267,0.595601884906469,1,43,0.304656643109048,16,"Ift88 Ralb Trim32 C9orf72 Pip4k2a Tmem39a Pink1 Sec22b Tbc1d12 Chek2 Smcr8 Usp33 Pip4k2c Rab1b Becn1 Ehmt2"
"GOBP_REGULATION_OF_AUTOPHAGOSOME_MATURATION",-1.39963607565782,0.0979603562194772,1,17,-0.507755256297696,5,"Adrb2 Irgm2 Rubcn Tecpr1 Irgm1"
"GOBP_REGULATION_OF_AUTOPHAGY",-0.762115741733062,0.995271867612293,1,255,-0.168956817589835,52,"Adrb2 Irgm2 Cdk16 Gpr137 Pik3r4 Bcl2 Irgq Rubcn Pip4k2b Tigar Bcl2l11 Usp20 Atp6v0a1 Syk Fez2 Ctsa Tsc1 Ager Tbc1d14 Rb1cc1 Vps13d Foxo1 Cisd1 Oma1 Bnip3l Tecpr1 Xpa Irgm1 Zmpste24 Camkk2 Srebf1 Scfd1 Kdm4a Vhl Sesn1 Ufl1 Qsox1 Wdr45 Pycard Mfsd8 Eif2ak1 Snx4 Cisd2 Ulk2 Golga2 Hdac6 Rnf5 Atg2a Il10ra Rnf41 Optn Dcaf12"
"GOBP_REGULATION_OF_AUTOPHAGY_OF_MITOCHONDRION",-0.821461212806435,0.770743085638121,1,42,-0.241101663150609,11,"Irgm2 Tigar Vps13d Oma1 Bnip3l Irgm1 Camkk2 Srebf1 Eif2ak1 Hdac6 Rnf41"
"GOBP_REGULATION_OF_AXONOGENESIS",1.411310399515,0.0277124183006536,1,91,0.411258927662815,16,"Sema6d Slit1 Ryk Rufy3 Bmpr2 Apoe Fgf13 Plxna3 Ptk2 Vegfa Plxnb2 Cyfip1 Ptprs Sema7a Arhgap35 Cacna1a"
"GOBP_REGULATION_OF_BEHAVIOR",1.2216193061762,0.170907548770144,1,45,0.398072219297337,16,"Ift88 Zfhx3 Apoe Napepld Ahr Chrnb2 Ada Ankrd26 Agrp Nr4a3 Gla Per3 Nrxn1 Dgat1 Ttc21b Cfap20"
"GOBP_REGULATION_OF_BICELLULAR_TIGHT_JUNCTION_ASSEMBLY",-0.602361953345675,0.922787193973635,1,11,-0.244087495141176,2,"Tnf Nedd4l"
"GOBP_REGULATION_OF_BINDING",0.849606590136155,0.687989363273748,1,27,0.306052338951536,8,"Id2 Wapl Gpsm1 Txn1 Hipk3 Egf Zfp90 Eif2s1"
"GOBP_REGULATION_OF_BIOLOGICAL_PROCESS_INVOLVED_IN_SYMBIOTIC_INTERACTION",-1.32769432886035,0.117736537876483,1,23,-0.448791270382585,6,"Trim30c Trim30b Trim25 Trim5 Trim12c Cd74"
"GOBP_REGULATION_OF_BIOMINERAL_TISSUE_DEVELOPMENT",1.24186335943262,0.150127226463104,1,45,0.40466886947028,10,"Slc8a1 Cdon Cd276 Bmpr2 Smad3 Gpm6b Slc20a2 Fzd9 Ccr1 Notch1"
"GOBP_REGULATION_OF_BLOOD_CIRCULATION",1.17985962000838,0.184843364097231,1,95,0.341571105867659,14,"Slc8a1 Myl4 Itga9 App Bmpr2 Fgf13 S100a1 Ehd3 Ahr Cacna1d Cacna1h Gsto1 Tmem38b Ada"
"GOBP_REGULATION_OF_BLOOD_PRESSURE",1.38413407859161,0.0487008570262549,1,66,0.423781791318337,14,"Eng Kcnk3 Dll1 Rps6ka2 Bmpr2 Smad3 Ahr Kcnn4 Hmox1 Arhgef12 Rarres2 Id2 Agtrap Ext1"
"GOBP_REGULATION_OF_BLOOD_VESSEL_ENDOTHELIAL_CELL_MIGRATION",0.779107568798913,0.833032114555818,1,54,0.246349622519964,10,"Angpt1 Apoe Hmox1 Vegfa Plk2 Sh3bp1 Rgcc Notch1 Fbxw7 Dll4"
"GOBP_REGULATION_OF_BMP_SIGNALING_PATHWAY",0.872867988077049,0.680287769784173,1,40,0.291514092817572,4,"Eng Crim1 Vsir Dand5"
"GOBP_REGULATION_OF_BODY_FLUID_LEVELS",-1.08734487944325,0.232038318254391,1,146,-0.258492820051695,22,"Adrb2 Adm Adora2a Anxa2 Kalrn Rab27a Rasa3 Celsr2 Hpse Plaur Hps5 Afap1 Tbxa2r Uprt Flna Syk Ptger4 Nr1h2 Jak2 Stxbp1 Mllt6 Itpr3"
"GOBP_REGULATION_OF_BONE_MINERALIZATION",1.16806811750079,0.244216310005784,1,36,0.396949144591566,8,"Slc8a1 Cd276 Bmpr2 Smad3 Gpm6b Slc20a2 Fzd9 Ccr1"
"GOBP_REGULATION_OF_BONE_REMODELING",-0.865670249524779,0.664596273291925,1,29,-0.277553843585368,9,"Gpr137 Cd38 Syk Ptger4 S1pr1 Siglec15 Plekhm1 Slc4a2 Csk"
"GOBP_REGULATION_OF_BONE_RESORPTION",-0.920725434976567,0.580307692307692,1,26,-0.302462502778275,9,"Gpr137 Cd38 Syk Ptger4 S1pr1 Siglec15 Plekhm1 Slc4a2 Csk"
"GOBP_REGULATION_OF_BROWN_FAT_CELL_DIFFERENTIATION",0.869905486449484,0.647468648397585,1,15,0.355926590277759,4,"Napepld Zbtb7b Cbx4 Metrnl"
"GOBP_REGULATION_OF_B_CELL_ACTIVATION",0.791597667818642,0.876360415084789,1,117,0.223300495232859,15,"Cd27 Tnfrsf21 Flt3 Lilrb4a Ahr Chrnb2 Tlr4 Ada Id2 Mlh1 Shld3 Vav3 Bmi1 Cd320 Mzb1"
"GOBP_REGULATION_OF_B_CELL_APOPTOTIC_PROCESS",-0.923075742931563,0.558747486354496,1,17,-0.334870305635783,10,"Irs2 Foxp1 Slc39a10 Cd74 Cd44 Lyn Fnip1 Hsh2d Bcl10 Pten"
"GOBP_REGULATION_OF_B_CELL_DIFFERENTIATION",0.999388750493608,0.474173553719008,1,30,0.352349233929841,3,"Cd27 Flt3 Lilrb4a"
"GOBP_REGULATION_OF_B_CELL_MEDIATED_IMMUNITY",1.17747935725006,0.217397414277684,1,47,0.380582521016123,4,"C4bp 6030468B19Rik Ighg3 Fcer1g"
"GOBP_REGULATION_OF_B_CELL_PROLIFERATION",0.830439620431709,0.758409785932722,1,55,0.261835849262913,11,"Tnfrsf21 Ahr Chrnb2 Tlr4 Ada Vav3 Bmi1 Cd320 Mzb1 Mif Bst1"
"GOBP_REGULATION_OF_B_CELL_RECEPTOR_SIGNALING_PATHWAY",0.756045750700711,0.798625954198473,1,18,0.297286745358036,2,"Fcrl5 Cd5"
"GOBP_REGULATION_OF_CALCINEURIN_MEDIATED_SIGNALING",-0.963656751584823,0.51196607088761,1,25,-0.318272422105768,9,"Homer3 Cib1 Chp1 Tnf Rcan1 Prnp Mapk7 Camta1 Tbc1d10c"
"GOBP_REGULATION_OF_CALCIUM_ION_DEPENDENT_EXOCYTOSIS",-1.24679741342645,0.176845943482224,1,24,-0.415690718658892,5,"Rab3a Kcnb1 Cacna1i Rph3al Stxbp1"
"GOBP_REGULATION_OF_CALCIUM_ION_IMPORT",-1.36310659050017,0.109448356807512,1,20,-0.473383026796145,9,"Adrb2 Lgals3 Hes1 Cxcr4 Fyn Trpv2 Cask Ms4a1 Prnp"
"GOBP_REGULATION_OF_CALCIUM_ION_IMPORT_ACROSS_PLASMA_MEMBRANE",-0.876957667548333,0.606133979015335,1,11,-0.355358433957867,1,"Adrb2"
"GOBP_REGULATION_OF_CALCIUM_ION_TRANSMEMBRANE_TRANSPORT",1.04613282069557,0.385188139875017,1,81,0.309938013914138,9,"Slc8a1 Lime1 Asph Fcrl5 Ahr Kcnn4 Cacna1d Gsto1 Tmem38b"
"GOBP_REGULATION_OF_CALCIUM_ION_TRANSPORT",-1.07427314628031,0.284956605593057,1,120,-0.261959870452216,41,"Ccl5 Adrb2 Lgals3 Adora2a Chd7 Homer3 Cacnb1 Hes1 Bcl2 Atp1b1 Cxcr4 Slc8b1 Pik3cg Psen2 P2rx4 G6pdx Cd19 Tmx1 Gnai2 Fyn Ffar1 Trpv2 Epb41 Calm1 Pml Cask Ms4a1 Bin1 Pde4b Lyn Prnp Il16 Ptk2b Tspan13 Gimap5 Selenon Diaph1 Ubash3b Stim2 Coro1a Gimap3"
"GOBP_REGULATION_OF_CALCIUM_ION_TRANSPORT_INTO_CYTOSOL",0.678702485390337,0.863693864642631,1,12,0.293330695188045,1,"Asph"
"GOBP_REGULATION_OF_CALCIUM_MEDIATED_SIGNALING",-0.959826399135423,0.516197935208259,1,54,-0.267605437721636,11,"Pcp4 Homer3 Cib1 L1cam Syk Siglecg Chp1 Tnf P2rx4 Pdk2 Rcan1"
"GOBP_REGULATION_OF_CAMP_PKA_SIGNAL_TRANSDUCTION",0.918900674652176,0.583747178329571,1,22,0.345309304149577,5,"Pde8a App Prkar2a Pde3b Pde1b"
"GOBP_REGULATION_OF_CANONICAL_WNT_SIGNALING_PATHWAY",0.808937212474208,0.866404715127701,1,150,0.221395352702302,10,"Cdon Sulf2 Nrarp App Znrf3 Apoe Smad3 Dkkl1 Nphp3 Nek4"
"GOBP_REGULATION_OF_CARBOHYDRATE_BIOSYNTHETIC_PROCESS",-0.738122715262184,0.940397350993378,1,72,-0.195341896485468,14,"Sorbs1 Sirt6 Irs2 Prkag1 Ptger4 Wdr5 Tcf7l2 Kat2b Pdk2 Foxo1 1810024B03Rik Ppp1cb Nln Akt2"
"GOBP_REGULATION_OF_CARBOHYDRATE_CATABOLIC_PROCESS",0.788157373887654,0.814313616071429,1,50,0.251914780801057,7,"Ppp1r3e App Zbtb20 Ppargc1a Git1 Hsd11b1 Pfkfb1"
"GOBP_REGULATION_OF_CARBOHYDRATE_METABOLIC_PROCESS",0.66008505960812,0.988027725267801,1,122,0.185458457479614,47,"Ppp1r3e App Smpd3 Zbtb20 Ppargc1a Gfpt1 Git1 Hsd11b1 Mlycd Dgkq Pfkfb1 Pmaip1 Arrb1 Ctdspl2 Zfp692 Egf Jmjd8 Epm2aip1 Lcmt1 Sesn2 Cry1 C1qtnf12 Myc Ppp4r3a Sik2 Inpp5k Pdk1 Ppp1r3f Clk2 Pask Bckdk Dyrk2 Ddit4 Phkg2 Hdac4 Pdk3 Foxk2 Slc2a6 Insr Kat2a Cd36 Ptpn2 Acadm Ppp2ca Trp53 Phkb Gsk3b"
"GOBP_REGULATION_OF_CARDIAC_MUSCLE_CELL_ACTION_POTENTIAL",0.80816366390269,0.723750790638836,1,12,0.349282954551073,3,"Fgf13 Tmem161b Rangrf"
"GOBP_REGULATION_OF_CARDIAC_MUSCLE_CELL_CONTRACTION",-0.86168718274173,0.63894297635605,1,14,-0.328309159940522,1,"Adrb2"
"GOBP_REGULATION_OF_CARDIAC_MUSCLE_CELL_DIFFERENTIATION",1.02888840349548,0.44884645982498,1,11,0.454968182698806,1,"Dll1"
"GOBP_REGULATION_OF_CARDIAC_MUSCLE_CELL_PROLIFERATION",-0.629295586909099,0.937742031575812,1,22,-0.214123755656483,4,"Mapk11 Ccnd2 Vgll4 Foxp1"
"GOBP_REGULATION_OF_CARDIAC_MUSCLE_CONTRACTION",1.27646642290609,0.140005870267097,1,33,0.442054602962619,6,"Slc8a1 Fgf13 Ehd3 Cacna1h Gsto1 Tmem38b"
"GOBP_REGULATION_OF_CARDIAC_MUSCLE_CONTRACTION_BY_CALCIUM_ION_SIGNALING",1.41835249744367,0.079696394686907,1,12,0.613002505593558,3,"Slc8a1 Gsto1 Tmem38b"
"GOBP_REGULATION_OF_CARDIOCYTE_DIFFERENTIATION",0.904350876501756,0.605313092979127,1,12,0.390854427394078,2,"Dll1 Dhx36"
"GOBP_REGULATION_OF_CARTILAGE_DEVELOPMENT",1.07078396160378,0.374310832960811,1,24,0.395372859042103,6,"Bmpr2 Smad3 Smpd3 Maf Runx2 Trps1"
"GOBP_REGULATION_OF_CATALYTIC_ACTIVITY",-0.888917027069389,0.931419457735247,1,486,-0.185306087462976,104,"Pcp4 Aida Irgm2 Itga6 Adora2a Tmem106b Reln Kalrn Rasgrp1 Cdc20 Cdc25b Ccdc125 Unc119 Bcl2 Mex3b Csf1 Diaph3 Prkar2b Ccdc88a Gadd45a Cib1 Mad2l1 Cnr2 Sh3bp5 Tigar Cdk5rap1 Casp3 Socs5 Pik3cg Dusp10 Slc27a4 Prkag1 Syk Rap1gap Jak2 Mcph1 Tpx2 Dag1 Serpinb1a Chp1 Ripor2 Evi5l S1pr1 Snx9 Slamf1 Tsc1 Kat2b Ager Oas1a Tnf Parp9 Net1 Xrcc4 Cenpe Lats2 Tbc1d7 Rgs14 Snx13 Fgd2 Daxx Stk38 Gnai2 Fxn Lmo4 Sfn Irgm1 Adnp Csk Ripor1 Pik3r5 Nprl2 Camkk2 Rasgrp2 Hgs Men1 Heg1 Cdkn2c Rapgef2 Gskip Rfc5 Prkrip1 Notch2 Akt2 Map3k10 Kras Cast Arrdc3 Renbp Syap1 Lmf1 Abi3 Pycard Zfp36 Ceacam1 Bin1 Evi5 Mfsd8 S100a10 Lgals9 Cab39 Lyn Fbxo5 Ptprc Dtx3l"
"GOBP_REGULATION_OF_CATECHOLAMINE_METABOLIC_PROCESS",0.756434030630075,0.783714605663094,1,10,0.342157632288859,1,"Chrnb2"
"GOBP_REGULATION_OF_CATECHOLAMINE_SECRETION",-1.73675737771543,0.0136208853575482,1,16,-0.638169525854684,4,"Pcp4 Adora2a Rab3a Kcnb1"
"GOBP_REGULATION_OF_CD4_POSITIVE_ALPHA_BETA_T_CELL_ACTIVATION",-1.01887669640827,0.402065527065527,1,55,-0.282619221779511,19,"Tbx21 Hlx Anxa1 Nfkbid Socs5 Cd55 Ager Bcl6 Irgm1 Smad7 Cd44 Lgals9 Ccr7 Gimap5 Runx1 Gimap3 Sash3 Il18 Runx3"
"GOBP_REGULATION_OF_CD4_POSITIVE_ALPHA_BETA_T_CELL_DIFFERENTIATION",-0.995606809252114,0.452527322404372,1,45,-0.288809756683566,6,"Tbx21 Hlx Anxa1 Nfkbid Socs5 Bcl6"
"GOBP_REGULATION_OF_CD8_POSITIVE_ALPHA_BETA_T_CELL_ACTIVATION",1.35234971245575,0.118961447678993,1,13,0.57324984763196,4,"Sh3rf1 Vsir Zbtb7b Ptpn22"
"GOBP_REGULATION_OF_CELLULAR_COMPONENT_SIZE",1.01324385456276,0.439444380668121,1,244,0.263732066681476,54,"Sema6d Slit1 Ryk Fer Rufy3 Bmpr2 Apoe Fgf13 Ahr Plxna3 Kcnn4 Vegfa Slc12a2 Vill Dnajc16 Cyfip1 Ptprs Rab3b Pfn2 Sema7a Pex11g Arhgap18 Sh3bp1 Arhgap35 Slc12a3 Mgll Atp7a Il7r Gla Tlr2 Kank3 Sema5a Twf1 Cdk4 Abcb8 Pdxp Arhgap5 Hp1bp3 Hsp90aa1 Als2 Ttl Tsc2 Abitram Cln3 Npm1 Eif2b2 Snapin Ifrd1 Akt1s1 Kdm6a Tnfrsf12a Clns1a Sptbn4 Bloc1s1"
"GOBP_REGULATION_OF_CELLULAR_EXTRAVASATION",-0.657663643655478,0.910211267605634,1,20,-0.228395056129231,3,"Ptger4 Ripor2 Ager"
"GOBP_REGULATION_OF_CELLULAR_LOCALIZATION",0.733839374896846,0.99454565288535,1,399,0.184411404895221,52,"Nefh Iqsec2 Zdhhc2 Pard6b Asph Neto2 Rufy3 Vps26b C2cd2l Angpt1 Tmbim1 Prkcz Pard6g Stxbp4 Stac2 Rab11fip3 Stom Hmgn3 Cacna1d Oaz2 Cdk1 Pde3b Ect2 Gbp4 Ptpmt1 Plk3 Kif2c Camk2g Prkci Itgb3 Git1 Ncoa6 Fzd9 Ptpn22 Mapk8 Derl3 Cdk5r1 Cep131 Akap5 Tiam1 Arrb1 Pcnt Ctdspl2 Frat1 Nolc1 Ifi27 Nup54 Xbp1 Slc30a1 C2cd5 Nrxn1 Chchd4"
"GOBP_REGULATION_OF_CELLULAR_PH",0.89579292262749,0.64913254684247,1,56,0.281419932473859,4,"Car2 Cln6 Slc9a9 Slc26a6"
"GOBP_REGULATION_OF_CELLULAR_RESPIRATION",0.858577615501326,0.702320887991927,1,39,0.288112391726217,14,"Tefm Atp7a Shmt2 Ide Chchd4 Pink1 Myc Sirt3 Pde2a Slc25a23 Iscu Mfn2 Oas1c Uqcc2"
"GOBP_REGULATION_OF_CELLULAR_RESPONSE_TO_GROWTH_FACTOR_STIMULUS",1.00202777473837,0.460063507572057,1,156,0.272768123466014,29,"Eng Eid2 Dll1 Sulf2 Crim1 Angpt1 Smad3 Vegfa Vsir Fgfbp3 Cyfip1 Dand5 Runx2 Il12a Itgb3 Chst11 Cdh5 Tcf4 Notch1 Ctdspl2 Hspa5 Xbp1 Ski Nrxn1 Gipc1 Itga5 Fbn1 Spred2 Ints9"
"GOBP_REGULATION_OF_CELLULAR_RESPONSE_TO_HYPOXIA",0.793108919632989,0.754825961392309,1,19,0.307879204654847,5,"Hyou1 Egln1 Pink1 Kdm6a Dnmt3a"
"GOBP_REGULATION_OF_CELLULAR_RESPONSE_TO_INSULIN_STIMULUS",0.716109266858857,0.936436170212766,1,78,0.21331942261502,19,"Socs3 Prkcz Marcks Ankrd26 Zbtb7b Echdc3 Fbxw8 Ncl Nucks1 Pip4k2a Ide Atp6v0a2 Prkca Tsc2 C1qtnf12 Atp6v1d Cul7 Inpp5k Ncoa5"
"GOBP_REGULATION_OF_CELLULAR_RESPONSE_TO_OXIDATIVE_STRESS",0.963338951806545,0.5187854623524,1,17,0.383616827743856,4,"Fut8 Ncoa7 Meak7 Slc25a14"
"GOBP_REGULATION_OF_CELLULAR_RESPONSE_TO_STRESS",0.666117953224895,1,1,440,0.166157032748133,148,"Spire1 Nacc2 Ackr3 Smyd2 App Parpbp Fut8 Chek1 Tlr4 Ptprs Wrap53 Mbtps2 Ercc6 Tmem67 Ncoa7 Trim32 Sigmar1 Zbtb7b Ddias Brca2 Hbb-bs Plscr1 Shld3 Snai1 Meak7 Eya1 Diaph2 Slc25a14 Rtel1 Mif Nbn Senp3 Pmaip1 Manf Terf2ip Hyou1 Eef1e1 Pbrm1 Hspa5 Xbp1 Egln1 Shld1 Tada2b Kmt5b Rtca Kdm4d Spred2 Cln3 Spidr Pink1 Atad3a Cry1 Rad52 Nod2 Ern1 Gfi1 Npm1 Atad5 Dmap1 Atf6 Ppp4r3a Kdm6a Wfs1 Slf1 Znhit1 Pdia6 Bcl2l12 Morf4l2 Pcbp4 Lrig2 Prkdc Pcna Ino80 Paqr3 Chek2 Ybx3 Klhdc10 Rpa2 Sox4 Map2k2 Dnmt3a Zcwpw1 Ripk2 Slc25a23 Fech Parp1 Nod1 Dhfr Tfpt Kdm1a Rnf185 Ikbkg Mgmt Bid Actr5 Epc1 Etaa1 Rmi2 Bag6 Ruvbl2 Prmt1 Bard1 Hdgfl2 Dnajb9 Taf2 Fbxo4 Actl6a Epc2 Atr Shld2 Mid1 C1qbp Ino80c Creb3 Eif2ak3 Fus Atrip Ercc1 Ube2v2 Bad Kat2a Bcl7b Ficd Bcl7c Cd36 Taf12 Smarcc1 Was Ptpn2 Klhl15 Triap1 Fh1 Usp47 Nek1 Wdr48 4931406C07Rik Plk1 Crebbp Smarca4 Ubxn2a Kmt5a Taok3 Trim28 Mad2l2 Senp2 Setmar Pik3cb Mapt"
"GOBP_REGULATION_OF_CELLULAR_RESPONSE_TO_TRANSFORMING_GROWTH_FACTOR_BETA_STIMULUS",0.821758711760505,0.800053001192527,1,84,0.242472722601798,19,"Eng Eid2 Smad3 Dand5 Chst11 Hspa5 Xbp1 Ski Gipc1 Fbn1 Spred2 Ints9 Rbbp7 Strap Hdac2 Brms1l Tet1 Smad4 Cited2"
"GOBP_REGULATION_OF_CELLULAR_RESPONSE_TO_VASCULAR_ENDOTHELIAL_GROWTH_FACTOR_STIMULUS",1.53968276604381,0.032932729826752,1,14,0.640320045288245,6,"Dll1 Angpt1 Vegfa Il12a Itgb3 Tcf4"
"GOBP_REGULATION_OF_CELLULAR_SENESCENCE",0.592717726121067,0.974985540775014,1,36,0.201425576850279,12,"Nek4 Plk2 Rsl1d1 Mif Eef1e1 Zkscan3 Bcl2l12 Nuak1 Prkdc Icmt Nampt B2m"
"GOBP_REGULATION_OF_CELL_ACTIVATION",0.904913072880157,0.756593169044531,1,426,0.22623050981988,56,"Cd300lf Cd27 Tnfrsf21 Cd9 Flt3 Shpk Il12rb1 Fer Cd276 Nrarp Fcer1g Sh3rf1 Apoe Lilrb4a Ebi3 Prkcz Pear1 Ahr Lst1 Il15ra Il15 Kcnn4 Sirpa Havcr1 Vsir Chrnb2 Tlr4 Sit1 Tnfrsf1b Lef1 Lyst Tlr6 Ada Fgl2 Hspd1 Cd5 Il2ra Zbtb7b Il12a Id2 Rhbdd3 Mlh1 Dtx1 Plscr1 Shld3 Zc3h8 Vav3 Bmi1 Cd320 Mzb1 Spn Klhl22 Nr4a3 Pglyrp2 Dpp4 Tespa1"
"GOBP_REGULATION_OF_CELL_ADHESION",-1.02814590487621,0.337349397590361,1,475,-0.214402182932473,83,"Ccl5 Tacstd2 Vcl Itga6 Lgals3 Adora2a Tbx21 Egr3 Hlx Rasgrp1 Anxa1 Celsr2 Plaur Hes1 Bcl2 Mex3b Csf1 Cxcr4 Adam19 Nfkbid Carmil1 Cib1 Braf Mmp14 Wdpcp Flna Casp3 Fstl3 L1cam Socs5 Myadm Dusp10 Prkx Syk Ptger4 H2-DMb1 Rap1gap Ift74 Magi2 Jak2 Acp5 Nid1 Dag1 Ripor2 H2-Ob Tnfrsf13c Rell2 S1pr1 Cd46 Cd55 Slamf1 Tsc1 Ager Rag1 Bcl6 Tnf H2-DMa Slk Tpm1 Net1 Smarcc2 Egfl6 Gpam Lamc1 Rhoh H2-DMb2 Cyld Mink1 Rras Klf4 Tesk1 Tmx1 Dhps Slc4a2 Stk4 Sfn Ptpra Plekha2 Irgm1 Fyn Csk Pde5a Vps33b"
"GOBP_REGULATION_OF_CELL_ADHESION_MEDIATED_BY_INTEGRIN",-1.16879413108853,0.251292972315181,1,23,-0.395079342816191,4,"Ccl5 Cib1 Syk Ift74"
"GOBP_REGULATION_OF_CELL_CELL_ADHESION",-1.02215770248447,0.374285714285714,1,318,-0.221110966632882,88,"Ccl5 Itga6 Lgals3 Adora2a Tbx21 Egr3 Hlx Rasgrp1 Anxa1 Celsr2 Plaur Hes1 Mex3b Adam19 Nfkbid Casp3 Fstl3 L1cam Socs5 Myadm Dusp10 Syk H2-DMb1 Rap1gap Magi2 Jak2 Ripor2 H2-Ob Tnfrsf13c Cd46 Cd55 Slamf1 Ager Rag1 Bcl6 Tnf H2-DMa Smarcc2 Gpam Rhoh H2-DMb2 Cyld Mink1 Klf4 Tmx1 Dhps Slc4a2 Sfn Irgm1 Fyn Csk Pde5a Vps33b Spint2 Nck2 Ets1 Swap70 Smarcd1 Cd244a Ufl1 Cd74 Brd7 Smarcd2 Smad7 Pycard Ceacam1 Cd44 H2-Ab1 Lgals9 Dennd6a Lyn Ptprc Ptpn23 Ccr7 Prnp Mapk7 Adgrg1 Gimap5 Btla Spi1 Map2k5 Icosl Cblb Vav1 Jak1 Ubash3b H2-Eb1 Ap3b1"
"GOBP_REGULATION_OF_CELL_CELL_ADHESION_MEDIATED_BY_CADHERIN",0.964255023763431,0.524900556881464,1,11,0.426387696011941,4,"Vegfa Epcam Rgcc Notch1"
"GOBP_REGULATION_OF_CELL_CYCLE_CHECKPOINT",0.627207131575919,0.965728973297158,1,43,0.206655760385499,17,"Gen1 Brca2 Ska3 Lcmt1 Zwint Cry1 Cdca8 Chek2 Rpa2 Ndc80 Etaa1 Bard1 Fbxo4 Dusp1 Aurkb Incenp Nek1"
"GOBP_REGULATION_OF_CELL_CYCLE_G1_S_PHASE_TRANSITION",0.690337377926828,0.979331078541901,1,126,0.19297829507792,50,"Mblac1 Haspin Stxbp4 Tfdp1 Pkd1 Plk3 Id2 Ccne1 Rgcc Tjp3 Pbrm1 Hacd1 Klf11 Zc3h12d Mepce E2f1 Rb1 Csf1r Anp32b Prkdc Ino80 Psme2 Cdkn1a Rpa2 Mnat1 Cirbp Bid Cdc73 Psme3 Cul4b Dbf4 Actl6a Sde2 Ccnd1 Apex1 Plrg1 Bcl7b Bcl7c Smarcc1 Triap1 Ppp2ca Trp53 Psme1 Rps27l Crebbp Smarca4 Senp2 Ambra1 Larp7 Lsm10"
"GOBP_REGULATION_OF_CELL_CYCLE_G2_M_PHASE_TRANSITION",0.49546442028984,1,1,104,0.141963943821167,41,"App Chek1 Mbtps2 Cdk1 Cdc14b Cdc25a Nbn Stk35 Cdk4 Hacd1 Pinx1 Orc1 Zfyve19 Npm1 Atad5 Hexim2 Chmp4c Cdkn1a Inip Etaa1 Gtpbp4 Clspn Bard1 Rab11a Donson Atr Ccnd1 Gpr132 Aurkb Trp53 Plk1 Taok3 Miip Rad17 Camk2d Ctc1 Hus1 Mre11a Ticrr Paxip1 Aven"
"GOBP_REGULATION_OF_CELL_CYCLE_PHASE_TRANSITION",0.588300058563221,1,1,338,0.149510833662578,121,"Zwilch App Dna2 Mblac1 Rad9b Haspin Stxbp4 Tfdp1 Chek1 Mbtps2 Gen1 Ercc6 Cdk1 Cdc14b Gnb1l Pkd1 Plk3 Id2 Brca2 Ccne1 Tfap4 Klhl22 Cdc25a Rgcc Nbn Apbb3 Ska3 Tjp3 Nuf2 Stk35 Pbrm1 Hinfp Cdk4 Hacd1 Lcmt1 Klf11 Zwint Pinx1 Zc3h12d Orc1 Mepce Zfyve19 E2f1 Cry1 Npm1 Rb1 Atad5 Cdca8 Hexim2 Chmp4c Csf1r Anp32b Spc25 Prkdc Eme2 Ino80 Chek2 Psme2 Cdkn1a Rpa2 Mnat1 Cirbp Ndc80 Inip Anapc4 Bid Cdc73 Etaa1 Gtpbp4 Riok2 Psme3 Tipin Clspn Cul4b Bard1 Rab11a Fbxo4 Dbf4 Klhl18 Actl6a Nek6 Donson Atr Sde2 Rad1 Dusp1 Trip13 Ccnd1 Apex1 Atrip Plrg1 Bcl7b Msh2 Bcl7c Gpr132 Mus81 Smarcc1 Aurkb Incenp Triap1 Ppp2ca Trp53 Nek1 Psme1 Rps27l Plk1 Crebbp Smarca4 Taok3 Miip Senp2 Setmar Rad17 Clock Mapk14 Ambra1 Anapc15 Larp7 Camk2d Lsm10 Atf2"
"GOBP_REGULATION_OF_CELL_DIVISION",0.827793325259133,0.808729956731993,1,114,0.234475056541696,26,"Intu Kif13a Dll1 Aurka Rab11fip3 Vegfa Cdc14b Ect2 Plk3 Brca2 Ptch1 Git1 Efhc1 Smyd5 Pdxp Mbip Gipc1 Mllt3 Zfyve19 Cdca8 Myc Chmp4c Cenpv Myo19 Aurkc Hdgf"
"GOBP_REGULATION_OF_CELL_FATE_COMMITMENT",-0.834215988819276,0.710153846153846,1,26,-0.274043755337717,2,"Tbx21 Hes1"
"GOBP_REGULATION_OF_CELL_FATE_SPECIFICATION",0.693074795024425,0.857031371936944,1,14,0.288234494744974,8,"Gfi1 Rbbp7 Hdac2 Mta1 Mbd3 Rbbp4 Chd3 Gatad2a"
"GOBP_REGULATION_OF_CELL_GROWTH",0.980863123074169,0.520325203252033,1,259,0.254341753729886,27,"Sema6d Slit1 Il9r P3h1 Ryk Dnph1 Rufy3 Bmpr2 Apoe Smad3 Fgf13 Csf2rb Plxna3 Ptk2 Vegfa Slc23a2 Cyfip1 Ptprs Tchp Zmat3 Cpne5 Sema7a Trim32 Hyal1 Cgrrf1 Rasal1 Mgll"
"GOBP_REGULATION_OF_CELL_GROWTH_INVOLVED_IN_CARDIAC_MUSCLE_CELL_DEVELOPMENT",-0.997650686064758,0.458039906103286,1,20,-0.346466596776774,10,"G6pdx Foxp1 Trip10 Pak1 Dyrk1a Sirt1 Yy1 Ep300 Rgs2 Ddx39b"
"GOBP_REGULATION_OF_CELL_JUNCTION_ASSEMBLY",1.24635334851944,0.0965466023022651,1,143,0.343531234487503,19,"Iqsec2 Slit1 Adgrl2 Nectin1 Xlr4b App Smad3 Srcin1 Ptk2 Rtn4rl2 Vegfa Chrnb2 Amigo2 Ptprs Gpm6b Srgap2 Sigmar1 Carmil3 Amigo3"
"GOBP_REGULATION_OF_CELL_KILLING",0.53679381317181,0.997705802968961,1,68,0.163354889355187,3,"Serpinb9 Pvr Klrb1f"
"GOBP_REGULATION_OF_CELL_MATRIX_ADHESION",0.791495938473049,0.83483523873571,1,72,0.238894282603105,6,"Trem1 Smad3 Prkcz Ptk2 Vegfa Gpm6b"
"GOBP_REGULATION_OF_CELL_MATURATION",1.17026794524817,0.2786782061369,1,13,0.496066893883434,3,"Aurka Npr2 Tbx6"
"GOBP_REGULATION_OF_CELL_MIGRATION_INVOLVED_IN_SPROUTING_ANGIOGENESIS",-1.08836758455646,0.335460346399271,1,24,-0.362869138576383,5,"Hdac9 Anxa1 Spred1 Cib1 Tbxa2r"
"GOBP_REGULATION_OF_CELL_MORPHOGENESIS",-0.943858259005774,0.651838671411625,1,174,-0.219304243954725,31,"Reln Kalrn Kif3a Dnmbp Anxa1 Mfn1 Cxcr4 Cfap410 Mov10 Eef2k Wdpcp Fitm2 Arhgef18 Tbccd1 Eps8 Brwd1 Hexb Tnik Cdkl5 Strip1 Arc Dbnl Tpm1 Cux1 Ss18l1 Nedd4l Limd1 Fbxo31 Fyn Zmpste24 Plekho1"
"GOBP_REGULATION_OF_CELL_PROJECTION_ASSEMBLY",0.973058354163535,0.525560094071048,1,141,0.268457264719849,27,"Intu Ift88 Fer Kif24 Tbc1d30 Rab11fip3 Mns1 Cyfip1 Tchp Pfn2 Tmem67 Trim32 Odf2l Ift140 Arhgap35 Gpm6a Sdccag8 Myo10 Rap2a Tmem216 Atp7a Eps8l1 Ttbk2 Twf1 Nrxn1 Cep97 Hsp90aa1"
"GOBP_REGULATION_OF_CELL_PROJECTION_ORGANIZATION",0.965834972863219,0.58606204222318,1,443,0.240891650627644,72,"Sema6d Intu Ift88 Slit1 P3h1 Ryk Rap1gap2 Fer Rufy3 Tanc2 Xlr4b App Kif24 Bmpr2 Apoe Smad3 Fgf13 Tbc1d30 Srcin1 Plxna3 Il15ra Itm2c Ptk2 Rab11fip3 Rtn4rl2 Vegfa Chrnb2 Mns1 Plxnb2 Marcks Enc1 Cyfip1 Ptprs Tchp Pfn2 Sema7a Gorasp1 Tmem67 Trim32 Odf2l Tbx6 Amigo3 Acap3 Ift140 Pacsin1 Arhgap35 Camk2g Cacna1a Prkci Fbxw8 Gpm6a Sdccag8 Myo10 Rap2a Diaph2 Tmem216 Atp7a Serpini1 Cdk5r1 Mbp Akap5 Tiam1 Gla Tlr2 Fes Dhx36 Eps8l1 Sema5a Nckipsd Hspa5 Ttbk2 Twf1"
"GOBP_REGULATION_OF_CELL_SHAPE",0.77802926354837,0.870279581290579,1,84,0.229569666979601,11,"Lst1 Ptk2 Vegfa Gas2 Plxnb2 Marcks Cyfip1 Arhgap18 Rhobtb1 Gas7 Arhgap35"
"GOBP_REGULATION_OF_CELL_SIZE",1.2877872726132,0.0732138348901792,1,121,0.362238143985509,35,"Sema6d Slit1 Ryk Rufy3 Bmpr2 Apoe Fgf13 Ahr Plxna3 Kcnn4 Vegfa Slc12a2 Cyfip1 Ptprs Sema7a Arhgap35 Slc12a3 Mgll Atp7a Il7r Sema5a Cdk4 Abcb8 Arhgap5 Hsp90aa1 Ttl Tsc2 Cln3 Npm1 Eif2b2 Ifrd1 Akt1s1 Kdm6a Tnfrsf12a Clns1a"
"GOBP_REGULATION_OF_CELL_SUBSTRATE_ADHESION",-1.37712537291133,0.0176730486008837,1,123,-0.33516567922188,30,"Tacstd2 Vcl Itga6 Bcl2 Csf1 Carmil1 Cib1 Braf Mmp14 Wdpcp Flna L1cam Myadm Jak2 Nid1 Dag1 Rell2 Tsc1 Bcl6 Slk Net1 Egfl6 Mink1 Rras Tesk1 Stk4 Ptpra Plekha2 Arhgap6 Men1"
"GOBP_REGULATION_OF_CELL_SUBSTRATE_JUNCTION_ORGANIZATION",-0.909349785394722,0.625843095491658,1,49,-0.259385415449282,8,"Vcl Pak4 Mmp14 Wdpcp Tsc1 Slk Ptpra Arhgap6"
"GOBP_REGULATION_OF_CENTRIOLE_REPLICATION",-1.05648898752736,0.379441997063142,1,21,-0.36300358070106,6,"Spice1 Alms1 Trim37 Kat2b Poc1b Mdm1"
"GOBP_REGULATION_OF_CENTROSOME_CYCLE",0.823134241890881,0.768555911432948,1,53,0.261129271660082,9,"Ccnf Cep76 Ccdc15 Gen1 Tmem67 Plk2 Kifc1 Mapk8 Cep131"
"GOBP_REGULATION_OF_CENTROSOME_DUPLICATION",0.82287455521799,0.759743954480797,1,44,0.269883850366647,8,"Ccnf Cep76 Ccdc15 Gen1 Tmem67 Plk2 Kifc1 Cep131"
"GOBP_REGULATION_OF_CHEMOTAXIS",1.07634967336361,0.329359937807722,1,99,0.310072858700141,21,"Trem1 Slit1 Ryk App Cxcr2 Bmpr2 Smad3 Plxna3 Ptk2 Vegfa Rarres2 Mospd2 Il12a Dpp4 Ccr1 Mif Notch1 Bst1 Tiam1 Calr Sema5a"
"GOBP_REGULATION_OF_CHOLESTEROL_BIOSYNTHETIC_PROCESS",-0.770166131892693,0.795055108728031,1,22,-0.262056286538222,7,"Dhcr7 Gpr146 Insig2 Srebf1 Erlin1 Insig1 Srebf2"
"GOBP_REGULATION_OF_CHOLESTEROL_EFFLUX",-0.813546781628457,0.732452276064611,1,21,-0.279530026612139,3,"Pltp Nr1h2 Naxe"
"GOBP_REGULATION_OF_CHOLESTEROL_METABOLIC_PROCESS",-0.963578300226884,0.508950617283951,1,31,-0.30304037978389,11,"Fmo5 Dhcr7 Gpr146 Insig2 Ldlr Srebf1 Stard4 Erlin1 Insig1 Srebf2 Lmf1"
"GOBP_REGULATION_OF_CHONDROCYTE_DIFFERENTIATION",1.0409929595832,0.42158073479469,1,16,0.419753725224693,4,"Smad3 Maf Runx2 Trps1"
"GOBP_REGULATION_OF_CHROMATIN_ORGANIZATION",0.696786475273249,0.883375055220144,1,28,0.24895663963729,11,"Cdk1 Samd1 Eri3 Mllt3 Phf8 Phf2 Eri1 Kdm1a Epc1 L3mbtl3 Asb7"
"GOBP_REGULATION_OF_CHROMOSOME_CONDENSATION",0.760841589212941,0.778835648509443,1,14,0.316417207236668,6,"Ncapg Wapl Ncapd3 Ncapd2 Baz1b Ncapg2"
"GOBP_REGULATION_OF_CHROMOSOME_ORGANIZATION",0.559403425905656,1,1,210,0.14771404895454,88,"Zwilch Haspin Wrap53 Gen1 Cdk1 Ncapg Wapl Naf1 Klhl22 Ncapd3 Cdc27 Fen1 Rtel1 Nbn Ska3 Terf2ip Nuf2 Dhx36 Pbrm1 Stn1 Ncapd2 Lcmt1 Zwint Pinx1 Cct3 Gnl3 Rb1 Cdca8 Myc Cenpv Slf1 Nat10 Smc5 Spc25 Ino80 Nek2 Recql4 Ptges3 Numa1 Baz1b Parp1 Ncapg2 Ndc80 Anapc4 Tfpt Cct7 Actr5 Riok2 Rmi2 Ruvbl2 Fbxo4 Actl6a Nek6 Atr Cct6a Cct8 Ino80c Dusp1 Becn1 Cct2 Trip13 Upf1 Tent4b Dkc1 Ercc1 Dcp2 Bcl7b Bcl7c Tnks Smarcc1 Aurkb Incenp Trp53 Trappc12 Senp6 Plk1 Smarca4 Setmar Ylpm1 Anapc15 Gnl3l Ruvbl1 Sgo2a Ctc1 Cct4 Lig4 Xrcc5 Nsmce2"
"GOBP_REGULATION_OF_CHROMOSOME_SEGREGATION",0.695002547607124,0.96815042210284,1,112,0.197331671926584,41,"Zwilch Chtf18 Haspin Gen1 Cdk1 Kif2c Ncapg Plscr1 Wapl Klhl22 Ncapd3 Cdc27 Ska3 Nuf2 Pbrm1 Ncapd2 Lcmt1 Zwint Smc6 Rb1 Cdca8 Ppp2r2d Smc5 Spc25 Numa1 Ncapg2 Ndc80 Anapc4 Riok2 Rmi2 Csnk2a2 Actl6a Nek6 Dusp1 Becn1 Trip13 Bcl7b Bcl7c Smarcc1 Aurkb Incenp"
"GOBP_REGULATION_OF_CILIUM_ASSEMBLY",1.25010136971139,0.135760229916518,1,64,0.384713577450419,14,"Intu Ift88 Kif24 Tbc1d30 Rab11fip3 Mns1 Tchp Tmem67 Trim32 Odf2l Ift140 Arhgap35 Sdccag8 Tmem216"
"GOBP_REGULATION_OF_CILIUM_MOVEMENT",1.4496604810055,0.0631662688941925,1,11,0.641031031482752,7,"Cfap45 Kif9 Bbs1 Cfap298 Cfap20 Ccr6 Anxa5"
"GOBP_REGULATION_OF_CIRCADIAN_RHYTHM",0.872993620632755,0.700814745558969,1,76,0.261274718980217,18,"Zfhx3 Maged1 Chrnb2 Cdk1 Ada Noct Usp2 Ppargc1a Id2 Siah2 Mapk8 Fbxw7 Per3 Cry2 Cry1 Btrc Tardbp Prkdc"
"GOBP_REGULATION_OF_CIRCADIAN_SLEEP_WAKE_CYCLE",-0.795194053300605,0.711543588376433,1,10,-0.331078809738084,2,"Adora2a Ptger4"
"GOBP_REGULATION_OF_CLATHRIN_DEPENDENT_ENDOCYTOSIS",0.602482552804162,0.931235247836349,1,13,0.255387366459178,1,"Neu3"
"GOBP_REGULATION_OF_COAGULATION",0.896977306838628,0.617642676203248,1,24,0.331197043490926,4,"Cd9 Angpt1 Apoe Tfpi"
"GOBP_REGULATION_OF_COLLAGEN_METABOLIC_PROCESS",1.02512101927957,0.441024885878368,1,28,0.366268136994641,4,"Eng Vsir Rgcc Notch1"
"GOBP_REGULATION_OF_CYCLIN_DEPENDENT_PROTEIN_SERINE_THREONINE_KINASE_ACTIVITY",-1.38725177273129,0.0982981220657277,1,20,-0.481768225376192,7,"Cdk5rap1 Casp3 Kat2b Lats2 Sfn Men1 Cdkn2c"
"GOBP_REGULATION_OF_CYTOKINESIS",0.62066408830176,0.986569970453935,1,71,0.187677882883372,8,"Kif13a Aurka Rab11fip3 Cdc14b Ect2 Plk3 Brca2 Git1"
"GOBP_REGULATION_OF_CYTOPLASMIC_PATTERN_RECOGNITION_RECEPTOR_SIGNALING_PATHWAY",0.627250352159458,0.991806426833952,1,110,0.178329318522995,13,"Zdhhc1 Nlrx1 Tlr4 Ptprs Slc15a2 Tlr6 Ddx60 Ptpn22 Mapk8 Sec14l1 Slc19a1 Dhx33 Atat1"
"GOBP_REGULATION_OF_CYTOPLASMIC_TRANSLATION",0.97247493033954,0.512101534828808,1,30,0.342860369953007,6,"Impact Dhx36 Alkbh3 Parp16 Mettl3 Sh3bgrl"
"GOBP_REGULATION_OF_CYTOSKELETON_ORGANIZATION",0.726313693831859,0.994136519526496,1,352,0.18411513423401,50,"Ttc8 Fer Myo1f Bicd1 Smad3 Fgf13 Ccnf Ska2 Plxna3 Vill Cyfip1 Shank1 Gpm6b Ccdc15 Syde1 Pfn2 Tmem67 Ankrd23 Arhgap18 Ect2 Prune1 Carmil3 C9orf72 Rhobtb1 Rcc1 Sh3bp1 Pkd1 Arhgap35 Traf3ip1 Itgb3 Git1 Kifc1 Cdh5 Wdr47 Rgcc Arhgef10 Mapk8 Kif18a Bst1 Cdk5r1 Tlr2 Ska3 Fes Kank3 Gpsm2 Sema5a Fgr Atat1 Ttbk2 Twf1"
"GOBP_REGULATION_OF_CYTOSOLIC_CALCIUM_ION_CONCENTRATION",1.1599182154086,0.272537624795113,1,24,0.428284506983309,5,"Asph Tspoap1 Cacna1d Cacna1a Fzd9"
"GOBP_REGULATION_OF_DEFENSE_RESPONSE_TO_VIRUS",0.931624643311291,0.584821428571429,1,52,0.296536148118723,10,"Zdhhc1 Il12rb1 Il15 Ercc6 Fgl2 Gbp4 Rnf26 Traf3ip1 Spn Ptpn22"
"GOBP_REGULATION_OF_DEFENSE_RESPONSE_TO_VIRUS_BY_HOST",0.950330309433234,0.54482453553524,1,29,0.337389121656462,4,"Zdhhc1 Il12rb1 Il15 Ercc6"
"GOBP_REGULATION_OF_DENDRITE_DEVELOPMENT",-1.05883694653965,0.327049180327869,1,87,-0.270685738678059,15,"Tmem106b Reln Nsmf Kalrn Cit Cdc20 Mfn1 Eef2k Tnik Cdkl5 Dbnl Cux1 Ss18l1 Nedd4l Fbxo31"
"GOBP_REGULATION_OF_DENDRITE_EXTENSION",0.803965124923419,0.74294813466788,1,20,0.308554357375412,4,"Slc23a2 Cpne5 Rasal1 Atg16l1"
"GOBP_REGULATION_OF_DENDRITE_MORPHOGENESIS",-1.04929245083945,0.353613569321534,1,63,-0.284496592133775,20,"Reln Nsmf Kalrn Cit Mfn1 Eef2k Tnik Cdkl5 Dbnl Cux1 Ss18l1 Nedd4l Fbxo31 Rapgef2 Wls Cask Nedd4 Ywhah Hdac6 Syne1"
"GOBP_REGULATION_OF_DENDRITIC_SPINE_DEVELOPMENT",1.01225523077229,0.442853208482512,1,61,0.31373974381995,14,"Tanc2 Xlr4b Apoe Srcin1 Marcks Ptprs Shank1 D16Ertd472e Plk2 Tiam1 Dhx36 Mapk6 Pbrm1 Slc30a1"
"GOBP_REGULATION_OF_DENDRITIC_SPINE_MAINTENANCE",1.28391694834457,0.175656324582339,1,11,0.567740251265348,2,"App Apoe"
"GOBP_REGULATION_OF_DENDRITIC_SPINE_MORPHOGENESIS",0.923252521725663,0.596914726467647,1,42,0.305247563318997,9,"Tanc2 Xlr4b Smad3 Srcin1 Marcks Cdk5r1 Tiam1 Dhx36 Slc30a1"
"GOBP_REGULATION_OF_DEPHOSPHORYLATION",0.67732503874218,0.875058058522991,1,15,0.27713124621528,4,"Smad3 Uri1 Mtmr1 Inpp5k"
"GOBP_REGULATION_OF_DEVELOPMENTAL_GROWTH",1.11137524115714,0.239976553341149,1,207,0.293791516512767,28,"Sema6d Slit1 Flt3 Ryk Dll1 Rufy3 App Bmpr2 Apoe Fgf13 Ahr Plxna3 Wwc1 Ptk2 Vegfa Cdk20 Slc23a2 Cyfip1 Ptprs Cpne5 Sema7a Cdk1 Ankrd26 Spr Rasal1 Htra2 Mgll Ptch1"
"GOBP_REGULATION_OF_DNA_BINDING",1.08578143830516,0.38090692124105,1,11,0.480125936025252,5,"Id2 Txn1 Hipk3 Egf Zfp90"
"GOBP_REGULATION_OF_DNA_BINDING_TRANSCRIPTION_FACTOR_ACTIVITY",-0.881989475383757,0.828834003446295,1,166,-0.205741323395382,33,"Trim30c Reln Fanca Thra Traf5 Nfkbid Cib1 Flna Pbx1 Jak2 Trim5 Id3 Chp1 Mtpn Rwdd3 Ager Tnf Ripk1 Hspa1b Cebpg Cyld Klf4 Bcl3 Trim12c Prkd2 Men1 Thap11 Wnt10b Prmt2 Eif2ak4 Ufl1 Map3k10 Kras"
"GOBP_REGULATION_OF_DNA_BIOSYNTHETIC_PROCESS",1.05836648087953,0.361667787491594,1,74,0.318305007854507,31,"Chtf18 Ahr Tfdp1 Vegfa Chek1 Wrap53 Dscc1 Naf1 Jade2 Nfatc1 Stn1 Egf Pinx1 Cct3 Npm1 Nat10 Cdkn1a Rfc4 Ptges3 Cct7 Fbxo4 Atr Cct6a Cct8 Dusp1 Cct2 Tent4b Dkc1 Ing5 Dcp2 Tnks"
"GOBP_REGULATION_OF_DNA_DAMAGE_CHECKPOINT",-0.664519918105325,0.907059874888293,1,22,-0.226109166396878,4,"Rad51 Rnaseh2b Tti1 Babam2"
"GOBP_REGULATION_OF_DNA_DAMAGE_RESPONSE_SIGNAL_TRANSDUCTION_BY_P53_CLASS_MEDIATOR",0.927145129874913,0.577479338842975,1,30,0.326878680685427,11,"Smyd2 Snai1 Mif Pmaip1 Eef1e1 Spred2 Npm1 Znhit1 Pcbp4 Sox4 Kdm1a"
"GOBP_REGULATION_OF_DNA_METABOLIC_PROCESS",0.603435913438049,1,1,406,0.151461975903235,139,"Spire1 H1f0 Parpbp Dna2 Chtf18 Ahr Tfdp1 Vegfa Chek1 Endog Wrap53 Ercc6 Cdk1 Dscc1 Mlh1 Shld3 Nmnat1 Wapl Naf1 Eya1 Gmnn Rtel1 Jade2 Mapk8 Nfatc1 Nbn Senp3 Nuggc Nucks1 Terf2ip Dhx36 Pbrm1 Stn1 Egf Orc3 Prdm9 Shld1 Tada2b Pinx1 Kmt5b Cct3 Cacybp Kdm4d Esco1 Spidr Rad52 Gnl3 Gfi1 Npm1 Atad5 Dmap1 Wrn Myc Ppp4r3a Slf1 Nat10 Morf4l2 Mpv17 Prkdc Exosc3 Pcna Ino80 Aifm1 Nek2 Cdkn1a Rpa2 Rfc4 Kctd13 Ptges3 Zcwpw1 Smarcad1 Parp1 Tfpt Kdm1a Cct7 Mgmt Actr5 Epc1 Gtpbp4 Rmi2 Tipin Ruvbl2 Prmt1 Bard1 Hdgfl2 Taf2 Fbxo4 Dbf4 Actl6a Epc2 Atr Cct6a Shld2 Cct8 C1qbp Ino80c Dusp1 Cct2 Upf1 Tent4b Dkc1 Fus Ing5 Atrip Ercc1 Ube2v2 Pds5a Dcp2 Supt6 Ehmt2 Kat2a Bcl7b Rac1 Msh2 Bcl7c Tnks Chrac1 Taf12 Smarcc1 Was Ttf1 Aurkb Klhl15 Mettl4 Atg7 Trp53 Fh1 Wdr48 Gsk3b 4931406C07Rik Plk1 Crebbp Smarca4 Kmt5a Trim28 Mad2l2 Senp2 Setmar Ylpm1"
"GOBP_REGULATION_OF_DNA_RECOMBINATION",0.639037144899148,0.990635282207036,1,117,0.180264946107528,43,"H1f0 Parpbp Chek1 Wrap53 Ercc6 Mlh1 Shld3 Rtel1 Senp3 Terf2ip Prdm9 Shld1 Kmt5b Spidr Gfi1 Atad5 Dmap1 Morf4l2 Exosc3 Rpa2 Zcwpw1 Smarcad1 Parp1 Kdm1a Epc1 Rmi2 Ruvbl2 Prmt1 Hdgfl2 Actl6a Epc2 Shld2 C1qbp Fus Supt6 Msh2 Was Klhl15 Wdr48 Plk1 Crebbp Kmt5a Mad2l2"
"GOBP_REGULATION_OF_DNA_REPAIR",-0.598271443189083,1,1,207,-0.135912552575161,33,"Taf5 Atxn7l3 Sirt6 Skp2 Tigar Actr8 Helq Xrcc1 Nsd2 Rad51 Kat2b Ager Taf6l Smarcc2 Cebpg Babam2 Smchd1 Hdac10 Fancb Bcl7a Slf2 Trrap Kmt5c Apbb1 Nfrkb Smarcd1 Pml Brd7 Smarcd2 Fbh1 Usp22 Rnf169 Stk19"
"GOBP_REGULATION_OF_DNA_REPLICATION",0.606480663076372,0.994657980456026,1,92,0.176387164861474,39,"Dna2 Endog Cdk1 Dscc1 Wapl Gmnn Jade2 Mapk8 Nuggc Nucks1 Stn1 Orc3 Cacybp Esco1 Npm1 Atad5 Pcna Ino80 Kctd13 Tfpt Actr5 Gtpbp4 Tipin Ruvbl2 Dbf4 Actl6a Atr Ino80c Ing5 Pds5a Ehmt2 Rac1 Chrac1 Ttf1 Mettl4 Atg7 Senp2 Orc5 Rad17"
"GOBP_REGULATION_OF_DNA_STRAND_ELONGATION",0.61371315373018,0.932218984818279,1,17,0.244390297659144,7,"Nucks1 Ino80 Tfpt Actr5 Ruvbl2 Actl6a Ino80c"
"GOBP_REGULATION_OF_DNA_TEMPLATED_DNA_REPLICATION",-0.8762685371555,0.653263223012682,1,27,-0.286127864867932,9,"Aicda Wrnip1 Ager Zmpste24 Wiz Timeless Fbxo5 Kat7 Cdt1"
"GOBP_REGULATION_OF_DNA_TEMPLATED_TRANSCRIPTION_ELONGATION",-0.61691344761127,0.998692240627725,1,98,-0.15479070720147,26,"Ints4 Ints8 Sirt6 Eaf2 Ell2 Hexim1 Pwwp2a Leo1 Med11 Med18 Med29 Ccnk Vhl Nelfe Med23 Kat7 Ints13 Zmynd11 Ppp1r10 Nelfcd Cdk13 Cdk9 Supt5 Med10 Ldb1 Cdk7"
"GOBP_REGULATION_OF_DNA_TEMPLATED_TRANSCRIPTION_INITIATION",-0.664907111971557,0.984299516908213,1,79,-0.173397523510445,13,"Thra Taf5 Taf13 Taf4b Pwwp2a Ctnnbip1 Med13 Foxo1 Med11 Xpa Med18 Med29 Wnt10b"
"GOBP_REGULATION_OF_DOPAMINE_SECRETION",-1.33163804250887,0.153618509550713,1,11,-0.539602796002225,2,"Pcp4 Rab3a"
"GOBP_REGULATION_OF_DOUBLE_STRAND_BREAK_REPAIR",0.790943540674822,0.880159124813526,1,132,0.219675160040068,52,"Spire1 Parpbp Chek1 Wrap53 Ercc6 Shld3 Rtel1 Nbn Senp3 Terf2ip Pbrm1 Shld1 Kmt5b Kdm4d Spidr Gfi1 Dmap1 Ppp4r3a Slf1 Morf4l2 Prkdc Rpa2 Zcwpw1 Parp1 Kdm1a Mgmt Epc1 Rmi2 Ruvbl2 Prmt1 Hdgfl2 Actl6a Epc2 Atr Shld2 C1qbp Fus Atrip Ube2v2 Bcl7b Bcl7c Smarcc1 Was Klhl15 Fh1 Wdr48 Plk1 Crebbp Smarca4 Kmt5a Mad2l2 Setmar"
"GOBP_REGULATION_OF_DOUBLE_STRAND_BREAK_REPAIR_VIA_HOMOLOGOUS_RECOMBINATION",0.837020338167512,0.76781914893617,1,78,0.249337222011002,33,"Parpbp Chek1 Wrap53 Ercc6 Shld3 Rtel1 Senp3 Terf2ip Shld1 Spidr Gfi1 Dmap1 Morf4l2 Rpa2 Parp1 Kdm1a Epc1 Rmi2 Ruvbl2 Prmt1 Hdgfl2 Actl6a Epc2 Shld2 C1qbp Fus Was Klhl15 Wdr48 Plk1 Crebbp Kmt5a Mad2l2"
"GOBP_REGULATION_OF_DOUBLE_STRAND_BREAK_REPAIR_VIA_NONHOMOLOGOUS_END_JOINING",0.750226517255339,0.827860403475188,1,28,0.268050370279406,7,"Wrap53 Ercc6 Shld3 Shld1 Kmt5b Kdm4d Prkdc"
"GOBP_REGULATION_OF_D_GLUCOSE_IMPORT",-0.887720307012398,0.657445355191257,1,45,-0.257513592202028,13,"Sorbs1 Sirt6 Lmbrd1 Irs2 Tnf Slc25a27 Crebl2 Appl1 Akt2 Aspscr1 Enpp1 Repin1 Appl2"
"GOBP_REGULATION_OF_D_GLUCOSE_TRANSMEMBRANE_TRANSPORT",-0.743367289870996,0.913848344606622,1,54,-0.207255321559255,14,"Sorbs1 Sirt6 Lmbrd1 Irs2 Braf Tnf Slc25a27 Crebl2 Appl1 Akt2 Aspscr1 Enpp1 Repin1 Appl2"
"GOBP_REGULATION_OF_EARLY_ENDOSOME_TO_LATE_ENDOSOME_TRANSPORT",-0.782330181195104,0.748348175811548,1,17,-0.283811105308533,8,"Vps11 Ptpn23 Msn Ezr Snx3 Chmp3 Rdx Rab21"
"GOBP_REGULATION_OF_EMBRYONIC_DEVELOPMENT",-0.984460624902603,0.465792272243885,1,53,-0.275328302672194,7,"Racgap1 Hes1 Nr2c2 Wdpcp Actr8 Wdr5 Kat2b"
"GOBP_REGULATION_OF_ENDOCRINE_PROCESS",0.725154674243919,0.822225690650851,1,14,0.301575807752879,6,"Kcnn4 Cry2 Cry1 Mfn2 Rab8b Smad4"
"GOBP_REGULATION_OF_ENDOCYTIC_RECYCLING",0.946106736754362,0.54776281158074,1,15,0.387104748846015,2,"Zdhhc2 Rab11fip3"
"GOBP_REGULATION_OF_ENDOCYTOSIS",1.04882566931537,0.360558464223386,1,222,0.275411595148685,39,"Cd300lf Mctp1 Ighg3 Iqsec2 Trf Dll1 Bicd1 Fcer1g App Angpt1 Apoe Neu3 Il15ra Ptk2 Il15 Sirpa Vegfa Abr Pip4p2 Plk2 Pacsin1 Plscr1 Itgb3 Rabep1 Dgkq Kcnc3 Ncdn Atad1 Letmd1 Akap5 Calr Arrb1 Tlr2 C2 Fgr Scrib Scarb1 Egf Rab31"
"GOBP_REGULATION_OF_ENDOPLASMIC_RETICULUM_STRESS_INDUCED_INTRINSIC_APOPTOTIC_SIGNALING_PATHWAY",0.596457023826109,0.96203279657261,1,27,0.214860700641221,13,"App Hyou1 Xbp1 Wfs1 Ikbkg Creb3 Eif2ak3 Ptpn2 Grina Herpud1 Ddit3 Serinc3 Ptpn1"
"GOBP_REGULATION_OF_ENDOPLASMIC_RETICULUM_UNFOLDED_PROTEIN_RESPONSE",0.558035542481942,0.976439405094979,1,28,0.199381960449211,7,"Hspa5 Xbp1 Atad3a Ern1 Atf6 Wfs1 Pdia6"
"GOBP_REGULATION_OF_ENDOSOME_SIZE",0.882999055303754,0.631662688941925,1,11,0.390456801876159,5,"Als2 Snapin Bloc1s1 Rab5a Borcs8"
"GOBP_REGULATION_OF_ENDOTHELIAL_CELL_DEVELOPMENT",0.789933182217649,0.743833017077799,1,12,0.341403861750624,5,"Vegfa S1pr3 Cdh5 Zdhhc21 Akap11"
"GOBP_REGULATION_OF_ENDOTHELIAL_CELL_DIFFERENTIATION",0.74829430501101,0.823459185196239,1,25,0.274012822605915,7,"Vegfa S1pr3 Cdh5 Notch1 Zdhhc21 Tmem100 Akap11"
"GOBP_REGULATION_OF_ENDOTHELIAL_CELL_MIGRATION",-0.824155432742636,0.851836393989983,1,89,-0.21012481899332,18,"Hdac9 Anxa1 Spred1 Gadd45a Cib1 Tbxa2r Pik3cg Sp100 Ager Tnf P2rx4 Rras Klf4 Foxp1 Prkd2 Ets1 Zfp580 Akt2"
"GOBP_REGULATION_OF_EPIDERMIS_DEVELOPMENT",0.670159949823833,0.911825420230021,1,29,0.237922198835527,4,"Dll1 Ptch1 Notch1 Krt10"
"GOBP_REGULATION_OF_EPITHELIAL_CELL_APOPTOTIC_PROCESS",0.863127138016312,0.678644166424207,1,35,0.295243002653514,11,"Hmox1 Trim32 Ppargc1a Itgb3bp Eif2s1 Npc1 Rb1 Myc Wfs1 Capn10 Sort1"
"GOBP_REGULATION_OF_EPITHELIAL_CELL_DIFFERENTIATION",0.686163027083633,0.958977807666442,1,72,0.20710204075103,22,"Dll1 Vegfa Lef1 S1pr3 Ptch1 Cdh5 Notch1 Zdhhc21 Tmem100 Eppk1 Akap11 Spred2 Prlr Csf1r Nme2 Cul7 Ipo7 Stat5a Numa1 Commd5 Tlr9 Tgfbr1"
"GOBP_REGULATION_OF_EPITHELIAL_CELL_MIGRATION",0.855463692923243,0.711620016963528,1,45,0.278758144250493,5,"Epb41l4b Bmpr2 Ptk2 Pfn2 Adam9"
"GOBP_REGULATION_OF_EPITHELIAL_CELL_PROLIFERATION",0.947331921958798,0.590757899738655,1,189,0.252848475926239,34,"Eng Intu Ift88 Sulf2 Nrarp Apoe Smad3 Hspg2 Maged1 Ahr Stxbp4 Hmox1 Vegfa Erbb3 Il12a Ift80 Brca2 Ptch1 Itgb3 Eya1 Nr4a3 Cdc25a Wdr77 Rgcc Atp7a Notch1 Itgb3bp Stk3 Sema5a Dll4 Mydgf Cdk4 Egf Xbp1"
"GOBP_REGULATION_OF_EPITHELIAL_TO_MESENCHYMAL_TRANSITION",1.2463871909073,0.145368303571429,1,50,0.398376474538211,12,"Eng Smad3 Ptk2 Vegfa Lef1 Snai1 Rgcc Notch1 Tiam1 Scrib Tsc2 Spred2"
"GOBP_REGULATION_OF_ERAD_PATHWAY",0.431342384321557,0.996793893129771,1,18,0.16960927754846,1,"Tmem67"
"GOBP_REGULATION_OF_ERBB_SIGNALING_PATHWAY",0.983116790906436,0.494006487096319,1,46,0.319109759073137,5,"Fer Zfyve28 Ralb Neu3 Mvb12b"
"GOBP_REGULATION_OF_ERYTHROCYTE_DIFFERENTIATION",0.631166543581608,0.961014762792031,1,41,0.209706895059042,18,"P4htm Id2 Abcb10 Acvr1b Hspa9 Prkdc Stat5a Kdm1a Prmt1 B2m Inpp5d Foxo3 Cdk6 Mapk14 Fam210b Smap1 Setd1a Zfpm1"
"GOBP_REGULATION_OF_ER_TO_GOLGI_VESICLE_MEDIATED_TRANSPORT",-1.49201271094381,0.0693311582381729,1,12,-0.592429063955794,2,"Pgap1 Sorl1"
"GOBP_REGULATION_OF_ESTABLISHMENT_OF_CELL_POLARITY",-1.14715972522789,0.287273771904625,1,17,-0.416162737177036,3,"Plekhg3 Wdpcp Ripor2"
"GOBP_REGULATION_OF_ESTABLISHMENT_OF_PROTEIN_LOCALIZATION",0.771926680358489,0.973744919257388,1,372,0.19481438429085,81,"Zdhhc2 P3h1 Asph Rufy3 C2cd2l App Angpt1 Apoe Srcin1 Prkcz Kcnn4 Stxbp4 Rab11fip3 Stom Hmgn3 Cacna1d Slc12a2 Tlr4 Wrap53 Slc16a1 Oaz2 Cdk1 Pde3b Ect2 Gbp4 Ptpmt1 Il12a Plk3 Tm7sf3 Rhbdd3 Adam9 Ncoa6 Ptpn22 Pfkfb2 Derl3 Apbb3 Pfkl Cdk5r1 Cep131 Fbxw7 Akap5 Pmaip1 Tiam1 Arrb1 Tlr2 Pcnt Slc25a22 Ctdspl2 Frat1 Nolc1 Rab11fip1 Ifi27 Nup54 Bsg Egf Xbp1 Dnajc1 C2cd5 Nrxn1 Chchd4 Hsp90aa1 Ipo5 Ppid Cln3 Spidr Pink1 Ran Cpt1a Ubr5 Tsg101 Dmap1 Arfip1 C1qtnf12 Pkig Siglech Anxa5 Pcm1 Gna11 Sirt3 Anp32b Tardbp"
"GOBP_REGULATION_OF_ESTABLISHMENT_OF_PROTEIN_LOCALIZATION_TO_MITOCHONDRION",0.516906165823887,0.980064407299494,1,17,0.205840221868678,3,"Fbxw7 Pmaip1 Pink1"
"GOBP_REGULATION_OF_ESTABLISHMENT_OR_MAINTENANCE_OF_CELL_POLARITY",-1.57828994709943,0.034330985915493,1,20,-0.548112434879878,5,"Plekhg3 Llgl2 Kif3a Wdpcp Ripor2"
"GOBP_REGULATION_OF_EXECUTION_PHASE_OF_APOPTOSIS",-0.688154095944998,0.862372304199773,1,16,-0.252861440958354,3,"Casp9 Bcl2l1 Ripk1"
"GOBP_REGULATION_OF_EXOCYTOSIS",-0.810785090468103,0.902281746031746,1,125,-0.197390064260825,29,"Anxa2 Rab3a Rab27a Kcnb1 Anxa1 Cacna1i Braf Rph3al Rab9 Syk Stxbp1 Stxbp5 Mical1 Bcl2l1 Fbxo45 D6Wsu163e Gnai2 Rala Hgs Calm1 Sphk2 Ap1g1 Cask Snap29 Ceacam1 S100a10 Snx4 Lgals9 Lyn"
"GOBP_REGULATION_OF_EXOSOMAL_SECRETION",0.991619887715776,0.486343062275636,1,14,0.412392802864446,6,"Smpd3 Tsg101 Snf8 Sdc4 Stam Pdcd6ip"
"GOBP_REGULATION_OF_EXTRACELLULAR_MATRIX_ORGANIZATION",1.20577032413003,0.218791549711922,1,27,0.434352595922319,8,"Smad3 Tnfrsf1b Itgb3 Dpp4 Rgcc Ric1 Notch1 Sema5a"
"GOBP_REGULATION_OF_EXTRINSIC_APOPTOTIC_SIGNALING_PATHWAY",1.02338800677474,0.419800460475825,1,112,0.290569965681091,22,"Tnfsf10 App Tmbim1 Sh3rf1 Bcl2l14 Itm2c Tnfrsf23 Hmox1 Vegfa Tlr4 Tlr6 Ctnna1 Htra2 Eya1 Pea15a Trps1 Wwox Siah2 Pmaip1 Stk3 Traf2 Jak3"
"GOBP_REGULATION_OF_EXTRINSIC_APOPTOTIC_SIGNALING_PATHWAY_IN_ABSENCE_OF_LIGAND",-0.814976032824819,0.742963192081658,1,27,-0.266114030463383,9,"Bcl2 Tnf Ripk1 Hspa1b Klf4 Fyn Sgk3 Mapk7 Map2k5"
"GOBP_REGULATION_OF_EXTRINSIC_APOPTOTIC_SIGNALING_PATHWAY_VIA_DEATH_DOMAIN_RECEPTORS",0.829534240234402,0.73610707011929,1,35,0.283752148557838,7,"Tmbim1 Tnfrsf23 Hmox1 Pea15a Trps1 Pmaip1 Stk3"
"GOBP_REGULATION_OF_FATTY_ACID_BETA_OXIDATION",0.813957514542447,0.715370018975332,1,12,0.351787018220441,5,"Mtln Mlycd Acsl5 Cpt1a Lonp2"
"GOBP_REGULATION_OF_FATTY_ACID_BIOSYNTHETIC_PROCESS",-1.18011372246858,0.215209845377091,1,34,-0.365539818796945,13,"Anxa1 Nr1h2 Kat2b Insig2 Srebf1 Lpgat1 Erlin1 Cd74 Cop1 Insig1 Ceacam1 Wdtc1 Dcaf5"
"GOBP_REGULATION_OF_FATTY_ACID_METABOLIC_PROCESS",-0.937080194890493,0.591435185185185,1,68,-0.250835331680666,19,"Acsl4 Anxa1 Irs2 Nr1h2 Kat2b Insig2 Pdk2 Nucb2 Srebf1 Lpgat1 Akt2 Erlin1 Cd74 Cop1 Insig1 Ceacam1 Wdtc1 Pdpr Dcaf5"
"GOBP_REGULATION_OF_FATTY_ACID_OXIDATION",0.815330348523345,0.72548127936941,1,21,0.309891685742341,7,"Mtln Ppargc1a Mlycd Dgat1 Acsl5 Cpt1a Lonp2"
"GOBP_REGULATION_OF_FATTY_ACID_TRANSPORT",-1.17658143007144,0.258820208862546,1,15,-0.440593864760523,3,"Acsl4 Irs2 Syk"
"GOBP_REGULATION_OF_FAT_CELL_DIFFERENTIATION",1.08697525668257,0.319898909284384,1,79,0.323396941151661,18,"Ift88 Lpin1 Smad3 Dkkl1 Napepld Vegfa Fndc3b Rarres2 Ankrd26 Noct Zbtb7b Id2 Stk3 Atat1 Trio Sod2 Xbp1 Ncor2"
"GOBP_REGULATION_OF_FC_RECEPTOR_MEDIATED_STIMULATORY_SIGNALING_PATHWAY",-0.883330881028105,0.60168569874932,1,12,-0.350741574232096,8,"Csk Appl1 Lyn Ptprc Appl2 Pten Cd47 Rabgef1"
"GOBP_REGULATION_OF_FIBROBLAST_APOPTOTIC_PROCESS",-0.712403981836266,0.832909963307931,1,15,-0.266773565862728,2,"Bcl2l11 Pik3cg"
"GOBP_REGULATION_OF_FIBROBLAST_GROWTH_FACTOR_RECEPTOR_SIGNALING_PATHWAY",1.02089499560723,0.450826121164437,1,13,0.432748937120232,3,"Sulf2 Fgfbp3 Runx2"
"GOBP_REGULATION_OF_FIBROBLAST_MIGRATION",1.05270619593012,0.393454652186674,1,33,0.364563933000856,3,"Slc8a1 Fer Ptk2"
"GOBP_REGULATION_OF_FILOPODIUM_ASSEMBLY",0.625433538487221,0.951493640934635,1,31,0.219470538547677,12,"Gpm6a Myo10 Nrxn1 Abitram Cln3 Palm Rab5a Tgfbr1 Nsf Stau2 Rac1 Fmr1"
"GOBP_REGULATION_OF_GAMMA_DELTA_T_CELL_ACTIVATION",-0.854000380779996,0.641924959216966,1,12,-0.33909539945095,2,"Egr3 Syk"
"GOBP_REGULATION_OF_GENERATION_OF_PRECURSOR_METABOLITES_AND_ENERGY",0.677564868289507,0.974319267002194,1,102,0.194374439050225,40,"Ppp1r3e App Cdk1 Zbtb20 Tefm Ppargc1a Gfpt1 Git1 Hsd11b1 Atp7a Pfkfb1 Shmt2 Ide Jmjd8 Epm2aip1 Chchd4 Pink1 Myc Sirt3 Inpp5k Pde2a Ppp1r3f Slc25a23 Iscu Mfn2 Pask Oas1c Uqcc2 Dyrk2 Ddit4 Phkg2 Hdac4 Rbpj Slc2a6 Insr Cd36 Ppp2ca Trp53 Phkb Gsk3b"
"GOBP_REGULATION_OF_GENE_SILENCING_BY_REGULATORY_NCRNA",-0.926610786937608,0.574844720496894,1,29,-0.297092785114632,16,"Bcdin3d Trub1 Dgcr8 Ripk1 Zmpste24 Zfp36 Pum2 Adar Tgfb1 Tial1 Dnd1 Ago2 Pum1 Tarbp2 Zc3h10 Stat3"
"GOBP_REGULATION_OF_GLIAL_CELL_APOPTOTIC_PROCESS",1.12167946151879,0.341065429531275,1,10,0.507369014612722,5,"Dll1 Prkci Mapk8 Traf2 Prkca"
"GOBP_REGULATION_OF_GLIAL_CELL_DIFFERENTIATION",-1.20302544352864,0.175391797265755,1,43,-0.351472735835751,13,"Egr2 Hes1 Cxcr4 Hes5 Clcf1 Dusp10 Dag1 Tcf7l2 Ptpra Ldlr Kdm4a Bag1 Bin1"
"GOBP_REGULATION_OF_GLIAL_CELL_MIGRATION",-1.32754887393585,0.155770782889427,1,11,-0.537945794080619,6,"Csf1 Fas P2rx4 Gpr183 Vim Idh2"
"GOBP_REGULATION_OF_GLIAL_CELL_PROLIFERATION",0.868714308480565,0.665436835891381,1,30,0.306278033393749,9,"Atxn1 Ptk2 Slc7a5 Runx2 Prkci Notch1 Ski E2f1 Myc"
"GOBP_REGULATION_OF_GLIOGENESIS",-1.09959389160442,0.270463975858167,1,66,-0.295998804476362,22,"Egr2 Etv5 Hes1 Cxcr4 Hes5 Clcf1 Fas Dusp10 Synj1 Dag1 Tnf Rnf10 Ptpra Ldlr Kdm4a Ufl1 Bag1 Bin1 Lyn Lta Vim Idh2"
"GOBP_REGULATION_OF_GLUCONEOGENESIS",-0.803263013983022,0.796363636363636,1,41,-0.236849063447514,7,"Sirt6 Prkag1 Wdr5 Tcf7l2 Kat2b Pdk2 Foxo1"
"GOBP_REGULATION_OF_GLUCOSE_METABOLIC_PROCESS",-0.873382494975724,0.729029764205644,1,69,-0.232694945999512,14,"Phka1 Sorbs1 Sirt6 Irs2 Tigar Prkag1 Wdr5 Tcf7l2 Kat2b Pdk2 Foxo1 Zmpste24 Nln Akt2"
"GOBP_REGULATION_OF_GLYCOGEN_BIOSYNTHETIC_PROCESS",-0.601813725711419,0.955692488262911,1,20,-0.208999358546276,5,"Sorbs1 Irs2 1810024B03Rik Ppp1cb Akt2"
"GOBP_REGULATION_OF_GLYCOGEN_METABOLIC_PROCESS",-0.789433391439161,0.779076923076923,1,26,-0.259332467944157,8,"Phka1 Sorbs1 Irs2 1810024B03Rik Ppp1cb Akt2 Enpp1 Rubcnl"
"GOBP_REGULATION_OF_GLYCOLYTIC_PROCESS",-0.882172048904788,0.660592255125285,1,38,-0.265517384784848,5,"Sirt6 Uchl1 Tigar Arnt Prkag1"
"GOBP_REGULATION_OF_GLYCOPROTEIN_METABOLIC_PROCESS",1.09383283749923,0.343837431895155,1,28,0.390818360017593,3,"Ramp1 Itm2c Il15"
"GOBP_REGULATION_OF_GOLGI_ORGANIZATION",0.687499714969224,0.866008027168879,1,16,0.27721663609021,1,"Ehd3"
"GOBP_REGULATION_OF_GRANULOCYTE_CHEMOTAXIS",0.935582126681389,0.566548358473824,1,31,0.328304608823821,7,"Trem1 Cxcr2 Ptk2 Rarres2 Mospd2 Dpp4 Bst1"
"GOBP_REGULATION_OF_GRANULOCYTE_DIFFERENTIATION",0.929425038812614,0.570883054892601,1,11,0.410986088896278,3,"Lef1 Zbtb46 Rara"
"GOBP_REGULATION_OF_GROWTH",0.924287754749276,0.693817145362859,1,376,0.233047003998627,39,"Sema6d Slit1 Il9r P3h1 Mt1 Flt3 Ryk Dll1 Dnph1 Rufy3 App Bmpr2 Apoe Smad3 Fgf13 Csf2rb Ahr Plxna3 Wwc1 Ptk2 Vegfa Cdk20 Slc23a2 Cyfip1 Ptprs Tchp Zmat3 Cpne5 Sema7a Cdk1 Trim32 Ankrd26 Hyal1 Spr Cgrrf1 Rasal1 Htra2 Mgll Ptch1"
"GOBP_REGULATION_OF_GTPASE_ACTIVITY",0.722349860515528,0.950191570881226,1,111,0.20502743569243,22,"Ttc8 Tbc1d30 Abr Plxnb2 Srgap2 Syde1 Rrp1b Rgp1 Ect2 Sh3bp1 Arhgap35 Gpsm1 Ric1 Tiam1 Arrb1 Rgs7 Scrib Rgs10 Als2 Rgs16 Dock10 Eif2s1"
"GOBP_REGULATION_OF_G_PROTEIN_COUPLED_RECEPTOR_SIGNALING_PATHWAY",0.831987215114642,0.782332716212642,1,87,0.244386474340615,20,"Ramp1 Bicd1 App Sag Ada Rpgrip1l Agrp Mgll Itgb3 Git1 Grk3 Gpsm1 Rgs18 Arrb1 Rnf113a1 Rgs7 Rgs10 Nrxn1 Prkca Rgs16"
"GOBP_REGULATION_OF_HAIR_CYCLE",-1.10096307937013,0.34019471488178,1,14,-0.419475037987047,4,"Hpse Ngfr Tnf Wnt10b"
"GOBP_REGULATION_OF_HEART_CONTRACTION",1.11653998274021,0.279636905568351,1,67,0.340647901843523,10,"Slc8a1 Myl4 Fgf13 S100a1 Ehd3 Cacna1d Cacna1h Gsto1 Tmem38b Ada"
"GOBP_REGULATION_OF_HEART_GROWTH",-0.617882437393311,0.976341219593469,1,42,-0.181350599352258,6,"Mapk11 Dusp6 Ccnd2 G6pdx Vgll4 Foxp1"
"GOBP_REGULATION_OF_HEART_RATE",0.934917418037234,0.571049919010455,1,28,0.334039059299544,3,"Slc8a1 Cacna1d Ada"
"GOBP_REGULATION_OF_HEMATOPOIETIC_PROGENITOR_CELL_DIFFERENTIATION",0.503881297457895,0.993197278911565,1,31,0.176816708590126,7,"Vegfa Notch1 Dhx36 Mettl3 Znhit1 Hspa9 Prkdc"
"GOBP_REGULATION_OF_HEMATOPOIETIC_STEM_CELL_DIFFERENTIATION",0.94566982466952,0.550590086546027,1,13,0.400861609914147,8,"Mettl3 Hspa9 Prkdc Pus7 N4bp2l2 Cdk6 Setd1a Ythdf2"
"GOBP_REGULATION_OF_HEMOPOIESIS",-0.857903144512379,0.950909090909091,1,300,-0.186741797681473,39,"Ccl5 Clec12a Hmgb3 Tbx21 Egr3 Hlx Fanca Rasgrp1 Gpr137 Anxa1 Fos Csf1 Nfkbid Cib1 Braf Mmp14 Fas Fstl3 Socs5 Dusp10 Syk Drosha Cd46 Klf10 Siglec15 Ager Acvr2a Rag1 Bcl6 Tnf Leo1 H2-DMa Smarcc2 Ctnnbip1 Ripk1 Hspa1b Rhoh Cyld Pglyrp1"
"GOBP_REGULATION_OF_HEPATOCYTE_PROLIFERATION",0.938122089735335,0.559716758457907,1,13,0.397662187559754,1,"Sulf2"
"GOBP_REGULATION_OF_HETEROCHROMATIN_ORGANIZATION",1.17111712924709,0.277891424075531,1,13,0.496426855950575,6,"Cdk1 Eri3 Phf8 Phf2 Eri1 Asb7"
"GOBP_REGULATION_OF_HETEROTYPIC_CELL_CELL_ADHESION",-1.42452701894376,0.0989668297988037,1,12,-0.56563272029951,7,"Myadm Ager Tnf Klf4 Cd44 Mapk7 Map2k5"
"GOBP_REGULATION_OF_HIPPO_SIGNALING",-1.10087791873972,0.299184339314845,1,39,-0.328644496556528,11,"Cit Sike1 Ptpn14 Strip1 Nek8 Lats2 Limd1 Mob4 Stk4 Vgll4 Nuak2"
"GOBP_REGULATION_OF_HOMOTYPIC_CELL_CELL_ADHESION",-1.49980039111266,0.0464700625558534,1,22,-0.510321221315817,11,"Ccl5 Plaur Syk Jak2 Tmx1 Vps33b Ceacam1 Lyn Adgrg1 Jak1 Ubash3b"
"GOBP_REGULATION_OF_HORMONE_BIOSYNTHETIC_PROCESS",-1.06219942309667,0.380860981628736,1,13,-0.411934622851684,3,"Egr1 H6pd Arnt"
"GOBP_REGULATION_OF_HORMONE_LEVELS",-0.987307018143075,0.500815660685155,1,263,-0.217917342988532,46,"Ccl5 Adm Acsl4 Chd7 Cdk16 Egr1 Rab3a Kalrn Itsn1 Kcnb1 Rdh11 Anxa1 Slc8b1 Sirt6 Rdh12 Irs2 Cyp27a1 Clcf1 Rph3al H6pd Tg Pde4c Arnt Cd38 Ptger4 Jak2 Tcf7l2 Kdm5b Acvr2a Tnf Trpm5 Foxo1 Osbp Cyp2d22 Nucb2 Ndufaf2 Retsat Ndst2 Zmpste24 Birc5 Ensa Aacs Pck2 Stard3 Ffar1 Srebf1"
"GOBP_REGULATION_OF_HORMONE_METABOLIC_PROCESS",-1.04762615116251,0.395851592170611,1,19,-0.369141250193475,5,"Egr1 H6pd Arnt Tcf7l2 Zmpste24"
"GOBP_REGULATION_OF_HORMONE_SECRETION",-1.3093144381766,0.0334231805929919,1,147,-0.311030465871413,32,"Ccl5 Acsl4 Chd7 Cdk16 Kalrn Itsn1 Kcnb1 Anxa1 Slc8b1 Sirt6 Irs2 Clcf1 Rph3al Pde4c Cd38 Ptger4 Jak2 Tcf7l2 Kdm5b Acvr2a Tnf Trpm5 Foxo1 Osbp Nucb2 Ndufaf2 Birc5 Ensa Aacs Pck2 Ffar1 Srebf1"
"GOBP_REGULATION_OF_HUMORAL_IMMUNE_RESPONSE",0.823517054069676,0.7147406733394,1,20,0.316058206418301,1,"C4bp"
"GOBP_REGULATION_OF_HUMORAL_IMMUNE_RESPONSE_MEDIATED_BY_CIRCULATING_IMMUNOGLOBULIN",1.010424694022,0.465686274509804,1,12,0.436698825056139,1,"C4bp"
"GOBP_REGULATION_OF_HYDROGEN_PEROXIDE_MEDIATED_PROGRAMMED_CELL_DEATH",0.635278113814443,0.903739061256961,1,11,0.280916110987884,1,"Endog"
"GOBP_REGULATION_OF_HYDROGEN_PEROXIDE_METABOLIC_PROCESS",0.692171882672012,0.846778042959427,1,11,0.306074188905833,5,"Nnt Sod2 Pink1 Mfn2 Insr"
"GOBP_REGULATION_OF_HYDROLASE_ACTIVITY",0.826664287771325,0.82636655948553,1,144,0.22759747007926,33,"Ttc8 Smad3 Tbc1d30 Timp2 Prkcz Abr Vsir Plxnb2 Srgap2 Syde1 Rrp1b Rgp1 Angptl4 Ect2 Sh3bp1 Arhgap35 Gpsm1 Ric1 Tiam1 Arrb1 Rgs7 Scrib Rgs10 Egln1 Als2 Rgs16 Dock10 Eif2s1 Uri1 Tank Wrn Sgsm3 Usp6nl"
"GOBP_REGULATION_OF_IMMUNE_EFFECTOR_PROCESS",1.0941353765291,0.25684186419329,1,259,0.283713704733987,44,"C4bp 6030468B19Rik Ighg3 Serpinb9 Cd27 Fer Fcer1g Angpt1 Lilrb4a Prkcz Ahr Hmox1 Abr Vsir Pvr Klrb1f Tlr4 Tnfrsf1b Sema7a Fgl2 Hspd1 Rasgrp4 Ddx60 Zbtb7b Il12a Mlh1 Shld3 Mzb1 Spn Tlr7 Klhl22 Nr4a3 Pglyrp2 Ppl Dpp4 Ptpn22 Mif Il7r Tlr2 Fes Dhx36 Fgr Traf2 Jak3"
"GOBP_REGULATION_OF_IMMUNOGLOBULIN_PRODUCTION",0.701799152597456,0.934842249657064,1,63,0.216500451077745,10,"6030468B19Rik Cd27 Lilrb4a Mlh1 Shld3 Mzb1 Traf2 Xbp1 Shld1 Kmt5b"
"GOBP_REGULATION_OF_INCLUSION_BODY_ASSEMBLY",-0.999395355158722,0.452894438138479,1,16,-0.367226688152589,4,"Dnajb2 Sorl1 Map2 Hspa1b"
"GOBP_REGULATION_OF_INFLAMMASOME_MEDIATED_SIGNALING_PATHWAY",0.792996938089623,0.803694824425328,1,46,0.257398779270365,7,"Zdhhc1 Tlr4 Tlr6 Ptpn22 Mapk8 Dhx33 Atat1"
"GOBP_REGULATION_OF_INFLAMMATORY_RESPONSE",0.978765326789507,0.525008744316194,1,218,0.257492724366916,38,"Ighg3 Shpk Bcl6b Cd276 Fcer1g Nlrx1 App Socs3 Apoe Smad3 Napepld Ahr Setd6 Kcnn4 Sirpa Abr Tlr4 Tnfrsf1b Tlr6 Sema7a Osm Ada Il2ra Rhbdd3 Mgll Git1 Spn Tlr7 Nr4a3 Alox5ap Pglyrp2 Cdh5 Ccr1 Nfatc1 Letmd1 Bst1 Tlr2 Nlrp10"
"GOBP_REGULATION_OF_INFLAMMATORY_RESPONSE_TO_ANTIGENIC_STIMULUS",1.31521523714202,0.139703612225996,1,16,0.530326828995733,3,"Ighg3 Fcer1g Spn"
"GOBP_REGULATION_OF_INNATE_IMMUNE_RESPONSE",0.693882017234584,0.998903268260584,1,375,0.17500323857619,45,"Cd300lf Zdhhc1 Serpinb9 C1qtnf4 Rbm47 Dtx4 Myo1f Nlrx1 App Gm6377 Ralb Apoe Rnf135 Pvr Klrb1f Tlr4 Ptprs Slc15a2 Ifih1 Nlrc4 Tlr6 Trim32 Alpk1 Hspd1 Rasgrp4 Ddx60 Il12a Fosl1 Plscr1 Tlr7 Dpp4 Ptpn22 Ccr1 Mapk8 Sec14l1 Trim56 Letmd1 Slc19a1 Dhx33 Tlr2 Nlrp10 Fgr Mfhas1 Atat1 Traf2"
"GOBP_REGULATION_OF_INSULIN_RECEPTOR_SIGNALING_PATHWAY",0.884765832918913,0.671098576416868,1,71,0.267537596422097,21,"Socs3 Prkcz Marcks Rarres2 Ankrd26 Zbtb7b Fbxw8 Mzb1 Ncl Nucks1 Pip4k2a Ide Atp6v0a2 Prkca Tsc2 C1qtnf12 Sik2 Atp6v1d Cul7 Inpp5k Ncoa5"
"GOBP_REGULATION_OF_INSULIN_SECRETION",-1.16710264780284,0.153314917127072,1,111,-0.287296287058785,23,"Ccl5 Acsl4 Cdk16 Kcnb1 Slc8b1 Sirt6 Irs2 Rph3al Pde4c Cd38 Jak2 Tcf7l2 Tnf Trpm5 Foxo1 Osbp Ndufaf2 Birc5 Ensa Aacs Pck2 Ffar1 Srebf1"
"GOBP_REGULATION_OF_INTRACELLULAR_ESTROGEN_RECEPTOR_SIGNALING_PATHWAY",-0.977879977054305,0.499536034642747,1,27,-0.31930703667613,9,"Skp2 Cnot9 Ufsp2 Ufl1 Lbh Vps11 Cnot3 Uba5 Hdac6"
"GOBP_REGULATION_OF_INTRACELLULAR_PROTEIN_TRANSPORT",0.841256433032924,0.795474434304288,1,129,0.234479468529527,47,"Zdhhc2 Asph Rufy3 Angpt1 Oaz2 Cdk1 Ect2 Gbp4 Plk3 Ptpn22 Derl3 Cep131 Akap5 Pcnt Ctdspl2 Frat1 Nolc1 Ifi27 Nup54 Xbp1 Chchd4 Hsp90aa1 Ipo5 Ran Ubr5 Dmap1 Pkig Pcm1 Anp32b Tardbp Xpo4 Rapgef3 Nutf2 Gcc2 Bard1 Xpo1 Zpr1 Hyal2 Zfand1 Os9 Ube2g2 Aldh7a1 Nf1 Pik3r2 Kif5b Edem1 Cd36"
"GOBP_REGULATION_OF_INTRACELLULAR_STEROID_HORMONE_RECEPTOR_SIGNALING_PATHWAY",-1.03388341713093,0.37251356238698,1,60,-0.282531580386174,17,"Rnf14 Skp2 Tcf7l2 Trim68 Cnot9 Ufsp2 Foxp1 Prmt2 Shq1 Ufl1 Crebrf Lbh Safb2 Vps11 Cnot3 Uba5 Hdac6"
"GOBP_REGULATION_OF_INTRACELLULAR_TRANSPORT",0.613786503497545,0.999649737302977,1,213,0.161823839117824,72,"Nefh Zdhhc2 Asph Rufy3 Angpt1 Rab11fip3 Oaz2 Cdk1 Ect2 Gbp4 Plk3 Ptpn22 Mapk8 Derl3 Cep131 Akap5 Pcnt Ctdspl2 Frat1 Nolc1 Ifi27 Nup54 Xbp1 Chchd4 Hsp90aa1 Ipo5 Ttc21b Ran Ubr5 Dmap1 Arfip1 Pkig Pcm1 Anp32b Tardbp Nf2 Xpo4 Map2k2 Numa1 Rapgef3 Riok2 Nutf2 Gcc2 Bard1 Inpp4b Rab11a Xpo1 Zpr1 Tmem97 Hyal2 Zfand1 Os9 Ube2g2 Aldh7a1 Nf1 Pik3r2 Kif5b Edem1 Cd36 Mtmr2 Abca2 Stx18 Snx12 Dctn1 Hsp90ab1 Mdfic Gsk3b Trim28 Reep2 Thoc5 Mapt Mapk14"
"GOBP_REGULATION_OF_INTRINSIC_APOPTOTIC_SIGNALING_PATHWAY",0.887499545577768,0.705161529892313,1,143,0.24462068871689,48,"Nacc2 Ackr3 App Trim32 Siah1b Ptpmt1 Hells Ddias Plscr1 Snai1 Prodh Mif Fbxw7 Pmaip1 Hyou1 Sod2 Xbp1 Uri1 Pink1 Atad5 Myc Kdm6a Wfs1 Bcl2l12 Gsdme Ybx3 Hdac2 Eif5a Parp1 Kdm1a Ikbkg Bid Nono Bclaf1 Creb3 Becn1 Eif2ak3 Rrn3 Bad Noc2l G2e3 Ptpn2 Triap1 Trp53 Bag5 Usp47 Prkra Zfas1"
"GOBP_REGULATION_OF_INTRINSIC_APOPTOTIC_SIGNALING_PATHWAY_BY_P53_CLASS_MEDIATOR",-0.517441427424433,0.989411398318281,1,28,-0.167586748627755,8,"Rrm2b Usp15 Cd74 Cd44 Mdm2 Cep63 Mdm4 Sirt1"
"GOBP_REGULATION_OF_INTRINSIC_APOPTOTIC_SIGNALING_PATHWAY_IN_RESPONSE_TO_DNA_DAMAGE",1.45582695360663,0.0443205165835045,1,33,0.504169161374173,7,"Nacc2 Ackr3 Trim32 Ddias Plscr1 Snai1 Mif"
"GOBP_REGULATION_OF_INTRINSIC_APOPTOTIC_SIGNALING_PATHWAY_IN_RESPONSE_TO_DNA_DAMAGE_BY_P53_CLASS_MEDIATOR",0.605474370627609,0.929920399562978,1,14,0.251803413645607,4,"Mif Atad5 Bcl2l12 Kdm1a"
"GOBP_REGULATION_OF_IRE1_MEDIATED_UNFOLDED_PROTEIN_RESPONSE",0.64909133102278,0.893617021276596,1,10,0.293603333494907,4,"Hspa5 Pdia6 Dnajb9 Ficd"
"GOBP_REGULATION_OF_ISOTYPE_SWITCHING",-0.847993087225371,0.710542732376794,1,32,-0.264816663964417,6,"Tbx21 Clcf1 Nsd2 Bcl6 Hmces Kmt5c"
"GOBP_REGULATION_OF_JNK_CASCADE",0.70168414173305,0.962915436930579,1,107,0.200112663261425,18,"Cd27 App Sh3rf1 Sirpa Tlr4 Erbb3 Naip2 Traf4 Rap2a Mturn Ptpn22 Unc5cl Hipk3 Stk3 Mfhas1 Traf2 Mapk8ip3 Mbip"
"GOBP_REGULATION_OF_JUN_KINASE_ACTIVITY",-0.999336877058791,0.451332920024799,1,30,-0.317393958900671,11,"Aida Dusp10 Syk Ager Tnf Fgd2 Map3k10 Ptk2b Map3k4 Zeb2 Map3k1"
"GOBP_REGULATION_OF_KERATINOCYTE_DIFFERENTIATION",0.676432226078785,0.867977970102282,1,13,0.286734020765135,3,"Notch1 Nme2 Numa1"
"GOBP_REGULATION_OF_KERATINOCYTE_PROLIFERATION",1.2029076792645,0.241213810187336,1,15,0.49217625979924,2,"Intu Stxbp4"
"GOBP_REGULATION_OF_KETONE_BIOSYNTHETIC_PROCESS",0.928390307743783,0.574952561669829,1,12,0.401244109515389,4,"Dkkl1 Ggcx Ppargc1a Dgkq"
"GOBP_REGULATION_OF_KETONE_METABOLIC_PROCESS",-0.865013466837613,0.764874846122282,1,85,-0.222202924384915,22,"Acsl4 Egr1 Anxa1 Irs2 H6pd Nr1h2 Kat2b Insig2 Pdk2 Nucb2 Srebf1 Lpgat1 Stard4 Akt2 Erlin1 Cd74 Cop1 Insig1 Ceacam1 Wdtc1 Pdpr Dcaf5"
"GOBP_REGULATION_OF_KINASE_ACTIVITY",-1.12710797522411,0.132501948558067,1,246,-0.251186928388443,55,"Pcp4 Aida Irgm2 Adora2a Reln Rasgrp1 Cdc25b Unc119 Csf1 Prkar2b Ccdc88a Gadd45a Cib1 Sh3bp5 Tigar Cdk5rap1 Casp3 Socs5 Pik3cg Dusp10 Syk Jak2 Mcph1 Tpx2 Dag1 Chp1 Snx9 Tsc1 Kat2b Ager Tnf Cenpe Lats2 Rgs14 Fgd2 Daxx Stk38 Lmo4 Sfn Irgm1 Adnp Csk Pik3r5 Nprl2 Camkk2 Hgs Men1 Heg1 Cdkn2c Rapgef2 Gskip Prkrip1 Notch2 Map3k10 Kras"
"GOBP_REGULATION_OF_LAMELLIPODIUM_ASSEMBLY",1.21929207537957,0.20779028436019,1,26,0.443030025337693,10,"Fer Cyfip1 Atp7a Twf1 Hsp90aa1 Bin3 Hdac4 Rac1 Carmil2 Was"
"GOBP_REGULATION_OF_LAMELLIPODIUM_ORGANIZATION",0.880230810482622,0.648624667258208,1,31,0.308881308939952,5,"Fer Cyfip1 Atp7a Twf1 Hsp90aa1"
"GOBP_REGULATION_OF_LEUKOCYTE_ADHESION_TO_VASCULAR_ENDOTHELIAL_CELL",0.437669130724792,0.996352029183767,1,19,0.169900023229952,5,"St3gal4 Zdhhc21 Nfat5 Ccl25 Icam1"
"GOBP_REGULATION_OF_LEUKOCYTE_APOPTOTIC_PROCESS",-0.9681886758316,0.515833651278138,1,67,-0.259975764615478,19,"Ccl5 Lgals3 Anxa1 Tsc22d3 Nfkbid Irs2 Pdcd7 Rag1 Gpam St3gal1 Foxp1 Prkd2 Rapgef2 Slc39a10 Vhl Cd74 Cd44 Lyn Ccr7"
"GOBP_REGULATION_OF_LEUKOCYTE_CHEMOTAXIS",0.93249337814188,0.579991788695771,1,64,0.286971018627562,13,"Trem1 App Cxcr2 Ptk2 Vegfa Rarres2 Mospd2 Il12a Dpp4 Ccr1 Mif Bst1 Calr"
"GOBP_REGULATION_OF_LEUKOCYTE_DEGRANULATION",0.828113546834644,0.726829988193625,1,30,0.291963636462782,3,"Fcer1g Hmox1 Abr"
"GOBP_REGULATION_OF_LEUKOCYTE_DIFFERENTIATION",-0.940161812722159,0.679477325134512,1,243,-0.210050350306132,34,"Ccl5 Clec12a Hmgb3 Tbx21 Egr3 Hlx Fanca Rasgrp1 Gpr137 Anxa1 Fos Csf1 Nfkbid Braf Mmp14 Fas Fstl3 Socs5 Dusp10 Syk Drosha Cd46 Klf10 Ager Rag1 Bcl6 Tnf H2-DMa Smarcc2 Ctnnbip1 Ripk1 Rhoh Cyld Pglyrp1"
"GOBP_REGULATION_OF_LEUKOCYTE_MEDIATED_IMMUNITY",1.15473966824038,0.181861861861862,1,175,0.31043946402783,29,"C4bp 6030468B19Rik Ighg3 Serpinb9 Fcer1g Prkcz Ahr Hmox1 Abr Vsir Pvr Klrb1f Tlr4 Tnfrsf1b Hspd1 Rasgrp4 Il12a Mlh1 Shld3 Spn Klhl22 Dpp4 Il7r Tlr2 Fes Dhx36 Fgr Traf2 Jak3"
"GOBP_REGULATION_OF_LEUKOCYTE_MIGRATION",0.946508673281831,0.573230730415037,1,119,0.266605826252589,22,"Trem1 Cd9 App Cxcr2 Ptk2 Vegfa Abr Smpd3 Ada Tnfrsf18 Rarres2 Mospd2 Il12a Itgb3 Spn Dpp4 Ptpn22 Ccr1 Mif Bst1 Calr Tlr2"
"GOBP_REGULATION_OF_LEUKOCYTE_PROLIFERATION",0.813929082904144,0.868228228228228,1,175,0.21881616714394,23,"Tnfrsf21 Il12rb1 Cd276 Sh3rf1 Csf2rb Ebi3 Ahr Lst1 Ptk2 Il15 Vsir Chrnb2 Tlr4 Tnfrsf1b Ada Il2ra Zbtb7b Il12a Vav3 Bmi1 Cd320 Mzb1 Spn"
"GOBP_REGULATION_OF_LIPID_BIOSYNTHETIC_PROCESS",-0.96512301132127,0.549180327868853,1,120,-0.235343776293375,33,"Egr1 Idh1 Sorbs1 Anxa1 Dhcr7 H6pd Armc5 Nr1h2 Gpr146 Chp1 Tcf7l2 Capn2 Kat2b Insig2 Tnf Gpam Tmx1 Ldlr Crebl2 Srebf1 Lpgat1 Stard4 Acsl3 Ormdl1 Erlin1 Cd74 Cop1 Insig1 Srebf2 Sphk2 Ceacam1 Wdtc1 Dcaf5"
"GOBP_REGULATION_OF_LIPID_CATABOLIC_PROCESS",-1.24566103778729,0.152075226977951,1,37,-0.377749539369716,7,"Idh1 Pak4 Thra Sorl1 Sirt6 Irs2 Pik3cg"
"GOBP_REGULATION_OF_LIPID_LOCALIZATION",-1.23704658852143,0.0976627712854758,1,89,-0.315394621175227,17,"Plin2 Pltp Acsl4 Anxa2 Irs2 Atp8a1 Syk Nr1h2 Naxe Kdm5b Xrcc4 Nucb2 Fxn Tmem135 Abca7 Ldlrap1 Sar1b"
"GOBP_REGULATION_OF_LIPID_METABOLIC_PROCESS",-1.11334976217813,0.161853593015447,1,205,-0.253074308024468,53,"Acsl4 Egr1 Idh1 Pak4 Thra Sorbs1 Fmo5 Anxa1 Sorl1 Dhcr7 Sirt6 Irs2 H6pd Apobec1 Armc5 Pik3cg Nr1h2 Gpr146 Chp1 Tcf7l2 Capn2 Kat2b Insig2 Tnf Nr1d2 Gpam Pdk2 Rnf213 Tmx1 Nucb2 Zmpste24 Ldlr Crebl2 Abca7 Srebf1 Lpgat1 Lactb Stard4 Acsl3 Akt2 Ormdl1 Erlin1 Cd74 Daglb Cop1 Insig1 Srebf2 Sphk2 Lmf1 Ceacam1 Wdtc1 Pdpr Dcaf5"
"GOBP_REGULATION_OF_LIPID_STORAGE",-0.887649238387328,0.630153846153846,1,26,-0.291596821411471,6,"Plin2 Nr1h2 Fxn Tmem135 Srebf2 Alkbh7"
"GOBP_REGULATION_OF_LIPID_TRANSPORT",-1.13734161066908,0.207245812232178,1,74,-0.29916193124936,16,"Pltp Acsl4 Anxa2 Irs2 Atp8a1 Syk Nr1h2 Naxe Kdm5b Xrcc4 Nucb2 Abca7 Ldlrap1 Sar1b Akt2 Srebf2"
"GOBP_REGULATION_OF_LIPOPOLYSACCHARIDE_MEDIATED_SIGNALING_PATHWAY",-1.17117129290756,0.247341233667578,1,24,-0.390476456863556,5,"Trim30c Ly96 Scimp Trim5 Cd55"
"GOBP_REGULATION_OF_LIPOPROTEIN_METABOLIC_PROCESS",1.10389598417396,0.362132060461416,1,11,0.488136077831052,2,"Pemt Itgb3"
"GOBP_REGULATION_OF_LIPOPROTEIN_PARTICLE_CLEARANCE",-1.4188395540476,0.107075598601022,1,11,-0.574938358624983,5,"Anxa2 Mylip Csk Ldlr Ldlrap1"
"GOBP_REGULATION_OF_LONG_TERM_NEURONAL_SYNAPTIC_PLASTICITY",0.557935616160187,0.9558295614172,1,14,0.232033095964036,1,"App"
"GOBP_REGULATION_OF_LONG_TERM_SYNAPTIC_DEPRESSION",-1.07877719229963,0.364969341508931,1,10,-0.449148566084835,5,"Kcnb1 Pirb Arc Ager Bcl2l1"
"GOBP_REGULATION_OF_LONG_TERM_SYNAPTIC_POTENTIATION",-0.956513986431452,0.520679012345679,1,31,-0.30081868971991,6,"Adora2a Reln Rab3a Pirb Arc Ager"
"GOBP_REGULATION_OF_LOW_DENSITY_LIPOPROTEIN_PARTICLE_CLEARANCE",-1.39670247781244,0.121300986403626,1,10,-0.581516665011539,5,"Anxa2 Mylip Csk Ldlr Ldlrap1"
"GOBP_REGULATION_OF_LYMPHOCYTE_ACTIVATION",-0.895062381504133,0.888303477344573,1,364,-0.19086365757309,56,"Ccl5 Clec12a Lgals3 Hmgb3 Adora2a Tbx21 Egr3 Hlx Fanca Rasgrp1 Anxa1 Hes1 Bcl2 Nfkbid Irs2 Clcf1 Braf Mmp14 Fas Casp3 Socs5 Dusp10 Cd38 Syk H2-DMb1 Jak2 Siglecg Drosha Nfatc2 Zfp335 Nsd2 Ripor2 H2-Ob Tnfrsf13c Ighd Cd46 Cd55 Slamf1 Ager Rag1 Bcl6 H2-DMa Smarcc2 Gpam Rhoh H2-DMb2 Cyld Pglyrp1 Cd19 Dhps Slc4a2 Hmces Irgm1 Fyn Csk Pde5a"
"GOBP_REGULATION_OF_LYMPHOCYTE_APOPTOTIC_PROCESS",-1.18315963729794,0.192834562697576,1,48,-0.338827841864066,16,"Ccl5 Lgals3 Tsc22d3 Nfkbid Irs2 Pdcd7 Rag1 Gpam St3gal1 Foxp1 Prkd2 Slc39a10 Vhl Cd74 Cd44 Lyn"
"GOBP_REGULATION_OF_LYMPHOCYTE_CHEMOTAXIS",-1.52751621870074,0.0576400217509516,1,12,-0.606526336528146,6,"Ccl5 Slc8b1 Padi2 Lgals9 Ccr7 Ptk2b"
"GOBP_REGULATION_OF_LYMPHOCYTE_DIFFERENTIATION",0.750859159404824,0.950006052536013,1,166,0.203089608634387,28,"Cd27 Flt3 Nrarp Sh3rf1 Lilrb4a Prkcz Il15ra Il15 Vsir Lef1 Ada Fgl2 Il2ra Zbtb7b Il12a Id2 Dtx1 Zc3h8 Pglyrp2 Tespa1 Rag2 Il7r Pbrm1 Jak3 Xbp1 Rara Nkap Hsp90aa1"
"GOBP_REGULATION_OF_LYMPHOCYTE_MEDIATED_IMMUNITY",1.22530354714038,0.118078885156153,1,134,0.339804662728362,19,"C4bp 6030468B19Rik Ighg3 Serpinb9 Fcer1g Prkcz Ahr Vsir Pvr Klrb1f Tnfrsf1b Hspd1 Rasgrp4 Il12a Mlh1 Shld3 Spn Klhl22 Dpp4"
"GOBP_REGULATION_OF_LYMPHOCYTE_MIGRATION",-1.14865553573552,0.235078359453151,1,43,-0.335588167190938,13,"Ccl5 Slc8b1 Stk10 Ripor2 Wasl Padi2 Spns2 Pycard Med23 Lgals9 Msn Ccr7 Ptk2b"
"GOBP_REGULATION_OF_LYMPHOID_PROGENITOR_CELL_DIFFERENTIATION",-1.09462587283037,0.341135324186172,1,11,-0.443561360294881,2,"Hes1 Hes5"
"GOBP_REGULATION_OF_LYSOSOMAL_LUMEN_PH",0.693577346520643,0.87691374867364,1,21,0.26361566633114,1,"Cln6"
"GOBP_REGULATION_OF_LYSOSOME_ORGANIZATION",-1.17740007934184,0.25769122212814,1,15,-0.440900423946918,2,"Irgm2 Tmem106b"
"GOBP_REGULATION_OF_MACROAUTOPHAGY",-0.690188307963324,0.994020926756353,1,130,-0.166572566630557,26,"Adrb2 Irgm2 Pik3r4 Rubcn Pip4k2b Tigar Atp6v0a1 Fez2 Tsc1 Vps13d Oma1 Bnip3l Tecpr1 Irgm1 Srebf1 Scfd1 Sesn1 Ufl1 Qsox1 Wdr45 Eif2ak1 Snx4 Hdac6 Atg2a Rnf41 Optn"
"GOBP_REGULATION_OF_MACROPHAGE_ACTIVATION",1.04851945489241,0.404614019520852,1,31,0.367935384468763,5,"Shpk Kcnn4 Tlr4 Tlr6 Hspd1"
"GOBP_REGULATION_OF_MACROPHAGE_CHEMOTAXIS",0.846428707013533,0.68225732249655,1,17,0.337061316670471,3,"Trem1 Ptk2 Rarres2"
"GOBP_REGULATION_OF_MACROPHAGE_DIFFERENTIATION",0.643623648480032,0.90260652411425,1,14,0.267668855450184,6,"Zbtb46 Id2 Prkca Rb1 Fadd Trib1"
"GOBP_REGULATION_OF_MACROPHAGE_MIGRATION",1.10109004144508,0.339949261304283,1,25,0.403200703492178,5,"Trem1 Cd9 Ptk2 Abr Rarres2"
"GOBP_REGULATION_OF_MAMMARY_GLAND_EPITHELIAL_CELL_PROLIFERATION",0.374523320484317,0.999063524270329,1,14,0.155755974427266,8,"Brca2 Ccnd1 Phb2 Zfas1 Pygo2 Agap2 Rtn4 Gpx1"
"GOBP_REGULATION_OF_MAP_KINASE_ACTIVITY",-0.896424473659784,0.678794992175274,1,71,-0.237753705482203,25,"Aida Rasgrp1 Pik3cg Dusp10 Syk Ager Tnf Rgs14 Fgd2 Stk38 Csk Pik3r5 Hgs Map3k10 Kras Ceacam1 Lyn Ptprc Mapk7 Ptk2b Map3k4 Zeb2 Map3k1 Iqgap1 Hmgcr"
"GOBP_REGULATION_OF_MAST_CELL_ACTIVATION",1.50030431302096,0.0446125347329423,1,16,0.604959254108086,6,"Cd300lf Fer Lilrb4a Havcr1 Plscr1 Nr4a3"
"GOBP_REGULATION_OF_MAST_CELL_DEGRANULATION",0.825877205236554,0.710898312813497,1,19,0.320599618534692,4,"Fcer1g Hmox1 Fes Fgr"
"GOBP_REGULATION_OF_MEGAKARYOCYTE_DIFFERENTIATION",0.700615803255968,0.847993705743509,1,13,0.296985238925889,6,"Mturn Rbm15 Cnot4 Kdm1a Pithd1 Prmt1"
"GOBP_REGULATION_OF_MEIOTIC_CELL_CYCLE",0.905849477792938,0.61106181603076,1,31,0.317871141376934,10,"Rps6ka2 Osm Npr2 Wapl Cdc25a Calr Stk35 Prdm9 Zwint Mettl3"
"GOBP_REGULATION_OF_MEIOTIC_NUCLEAR_DIVISION",1.05583520648568,0.403982710713183,1,16,0.425738480808933,6,"Rps6ka2 Osm Npr2 Calr Prdm9 Zwint"
"GOBP_REGULATION_OF_MEMBRANE_DEPOLARIZATION",0.706717616407256,0.874687085848918,1,28,0.252504962706443,2,"Hcn3 Cacna1d"
"GOBP_REGULATION_OF_MEMBRANE_INVAGINATION",-0.639391558228487,0.894807640570352,1,11,-0.259092532314774,3,"Ager Abca7 Appl2"
"GOBP_REGULATION_OF_MEMBRANE_LIPID_DISTRIBUTION",1.41758468882909,0.0552807681117253,1,35,0.484901866262067,7,"Abcb1b Tlcd1 Kcnn4 Xkr8 Plscr3 Tmem63b Plscr1"
"GOBP_REGULATION_OF_MEMBRANE_PERMEABILITY",-0.80619309084214,0.829120683517266,1,54,-0.224771536975125,10,"Acaa2 Naif1 Bcl2 Bcl2l11 Cnp Bcl2l1 Mpv17l Fxn Bnip3l Heg1"
"GOBP_REGULATION_OF_MEMBRANE_POTENTIAL",1.04163608565704,0.374970372126096,1,192,0.277643999281492,25,"Slc8a1 Atxn1 Hcn3 Kcnk3 App Smad3 Fgf13 Prkcz Ehd3 Nnt Kcnn4 Slc29a1 Akap7 Bbs10 Celf4 Chrnb2 Cacna1d Cacna1h Shank1 Chrnb1 Mtln Npr2 Plk2 Tusc2 Cacna1a"
"GOBP_REGULATION_OF_MEMBRANE_PROTEIN_ECTODOMAIN_PROTEOLYSIS",1.54477229607326,0.0289373814041746,1,12,0.667640300821643,6,"App Apoe Timp2 Tnfrsf1b Adam9 Tspan5"
"GOBP_REGULATION_OF_MESENCHYMAL_CELL_PROLIFERATION",-0.782919826169204,0.748864926220204,1,16,-0.287683000895533,4,"Irs2 Ctnnbip1 Lmna Foxp1"
"GOBP_REGULATION_OF_METAL_ION_TRANSPORT",-1.0410391146372,0.322599880739416,1,175,-0.241659761663504,54,"Ccl5 Adrb2 Lgals3 Adora2a Chd7 Homer3 Cacnb1 Hes1 Bcl2 Atp1b1 Slc31a2 Cxcr4 Slc8b1 Flna Pik3cg Psen2 Crbn Chp1 Mllt6 P2rx4 Nedd4l G6pdx Cd19 Tmx1 Gnai2 Fyn Ffar1 Trpv2 Gpd1l Epb41 Akt2 Calm1 Pml Cask Ms4a1 Nedd4 Bin1 Pde4b Cab39 Wwp2 Lyn Ywhah Prnp Il16 Ptk2b Tspan13 Gimap5 Selenon Diaph1 Ubash3b Stim2 Coro1a Pik3c2a Gimap3"
"GOBP_REGULATION_OF_METAPHASE_PLATE_CONGRESSION",0.770740969592093,0.769002653347901,1,14,0.320534140823573,8,"Cdk1 Ttl Cdca8 Numa1 Becn1 Aurkb Incenp Dync1h1"
"GOBP_REGULATION_OF_MICROGLIAL_CELL_ACTIVATION",0.68730713317903,0.85186953062848,1,11,0.30392302632242,1,"Kcnn4"
"GOBP_REGULATION_OF_MICROTUBULE_BASED_MOVEMENT",1.31428675104568,0.130531962449709,1,24,0.485283053347007,10,"Nefh Cfap45 Rufy3 Kif9 Bbs1 Cfap298 Ttc21b Cfap20 Ccr6 Anxa5"
"GOBP_REGULATION_OF_MICROTUBULE_BASED_PROCESS",0.960266651354931,0.561368209255533,1,191,0.255990824719801,43,"Nefh Cfap45 Bicd1 Rufy3 Fgf13 Ccnf Ska2 Cep76 Ccdc15 Gen1 Tmem67 Kif9 Prune1 Plk2 Rcc1 Pkd1 Traf3ip1 Git1 Bbs1 Kifc1 Cdh5 Wdr47 Mapk8 Kif18a Cdk5r1 Cep131 Ska3 Fes Gpsm2 Atat1 Ttbk2 Cfap298 Cep97 Ttc21b Bbof1 Cfap20 Psrc1 Npm1 Ccr6 Chmp4c Chmp6 Anxa5 Nat10"
"GOBP_REGULATION_OF_MICROTUBULE_CYTOSKELETON_ORGANIZATION",0.668693052931492,0.985812931575643,1,123,0.187541937566997,18,"Bicd1 Fgf13 Ska2 Prune1 Rcc1 Pkd1 Traf3ip1 Git1 Cdh5 Wdr47 Mapk8 Kif18a Cdk5r1 Ska3 Fes Gpsm2 Atat1 Ttbk2"
"GOBP_REGULATION_OF_MICROTUBULE_DEPOLYMERIZATION",-0.867327091900723,0.66304347826087,1,29,-0.27808506545641,9,"Diaph3 Cib1 Tpx2 Map2 Ccdc88c Ckap2 Camsap1 Hdac6 Katnb1"
"GOBP_REGULATION_OF_MICROTUBULE_NUCLEATION",-0.701789769835218,0.829645427885897,1,10,-0.292189963844679,4,"Nme7 Hspa1b Eml2 Pak1"
"GOBP_REGULATION_OF_MICROTUBULE_POLYMERIZATION",-0.635736508946523,0.974091520861373,1,44,-0.184781396056293,11,"Stmn1 Map2 Nme7 Hspa1b Camsap1 Eml2 Slain1 Gba2 Ppp2cb Pak1 Dyrk1a"
"GOBP_REGULATION_OF_MICROTUBULE_POLYMERIZATION_OR_DEPOLYMERIZATION",-0.626422871222835,0.992957746478873,1,71,-0.166142673709011,18,"Stmn1 Diaph3 Cib1 Tpx2 Map2 Nme7 Hspa1b Ccdc88c Ckap2 Camsap1 Eml2 Slain1 Hdac6 Gba2 Katnb1 Ppp2cb Pak1 Dyrk1a"
"GOBP_REGULATION_OF_MIRNA_METABOLIC_PROCESS",-0.88871228067231,0.684022824536377,1,58,-0.243965214270237,12,"Egr1 Ngfr Fos Smad1 Nr1h2 Drosha Tnf Klf4 Srebf1 Ets1 Notch2 Srebf2"
"GOBP_REGULATION_OF_MITOCHONDRIAL_DEPOLARIZATION",-0.667086114448972,0.883727399165508,1,14,-0.254164720363924,7,"Ngfr Mllt11 Hsh2d Tspo Abcd1 Oga Lrrk2"
"GOBP_REGULATION_OF_MITOCHONDRIAL_FISSION",0.90323440403967,0.613978177528753,1,29,0.320668991827259,5,"Spire1 Aurka Ddhd2 Ppargc1a Dhodh"
"GOBP_REGULATION_OF_MITOCHONDRIAL_FUSION",-1.0212165376492,0.427816411682893,1,14,-0.389091018536676,3,"Mfn1 Vat1 Oma1"
"GOBP_REGULATION_OF_MITOCHONDRIAL_GENE_EXPRESSION",0.641966583114615,0.943496174220129,1,32,0.223816936768032,12,"Fastkd3 Tefm Malsu1 Lrpprc Shmt2 Trmt10c Alkbh1 Sirt3 Mtg1 Trub2 Rmnd1 Uqcc2"
"GOBP_REGULATION_OF_MITOCHONDRIAL_MEMBRANE_PERMEABILITY",-1.1286624572116,0.256147540983607,1,45,-0.327407091450108,9,"Acaa2 Naif1 Bcl2 Bcl2l11 Cnp Bcl2l1 Mpv17l Fxn Bnip3l"
"GOBP_REGULATION_OF_MITOCHONDRIAL_MEMBRANE_PERMEABILITY_INVOLVED_IN_APOPTOTIC_PROCESS",-1.06377608740703,0.352777777777778,1,31,-0.334552064380179,6,"Acaa2 Naif1 Bcl2l11 Bcl2l1 Mpv17l Bnip3l"
"GOBP_REGULATION_OF_MITOCHONDRIAL_MEMBRANE_POTENTIAL",-0.685485355716661,0.970686456400742,1,64,-0.185547836441866,4,"Adora2a Ngfr Mfn1 Bcl2"
"GOBP_REGULATION_OF_MITOCHONDRIAL_OUTER_MEMBRANE_PERMEABILIZATION_INVOLVED_IN_APOPTOTIC_SIGNALING_PATHWAY",-0.915647494450139,0.568727067456957,1,15,-0.342882063261513,3,"Acaa2 Bcl2l1 Mpv17l"
"GOBP_REGULATION_OF_MITOCHONDRIAL_TRANSLATION",0.718741995778012,0.855100521221147,1,23,0.267223288373953,11,"Fastkd3 Malsu1 Lrpprc Shmt2 Trmt10c Alkbh1 Mtg1 Trub2 Rmnd1 Uqcc2 C1qbp"
"GOBP_REGULATION_OF_MITOCHONDRION_ORGANIZATION",0.767500669293045,0.893831630673736,1,100,0.220796279841466,13,"Spire1 Tnfsf10 Aurka Ddhd2 Endog Plscr3 Bmf Ppargc1a Msto1 Fzd9 Dhodh Pmaip1 Slc35f6"
"GOBP_REGULATION_OF_MITOTIC_CELL_CYCLE",0.691182188697998,0.999011423550088,1,373,0.174409133465074,140,"Zwilch App Ttc28 Mblac1 Timp2 Rad9b Haspin Aurka Tfdp1 Chek1 Smpd3 Mbtps2 Gen1 Cdk1 Cdc14b Asah2 Rcc1 Usp2 Pkd1 Plk3 Id2 Cdc26 Brca2 Ptch1 Ccne1 Tfap4 Klhl22 Cdc25a Gmnn Rgcc Nbn Fbxw7 Ska3 Tjp3 Cks1b Nuf2 Stk35 Pbrm1 Scrib Cdk4 Egf Hacd1 Lcmt1 Pdxp Klf11 Zwint Lgmn Pinx1 Prkca Ttl Zc3h12d Orc1 Mepce Zfyve19 E2f1 Dynlt3 Rb1 Atad5 Cdca8 Cdca2 Hexim2 Myc Nek9 Chmp4c Nme6 Anp32b Spc25 Prkdc Eme2 Thap1 Ino80 Cul7 Stat5a Chek2 Psme2 Cdkn1a Esr1 Rpa2 Mnat1 Ndc80 Inip Anapc4 Poldip2 Bid Cdc73 Etaa1 Gtpbp4 Riok2 Pim3 Psme3 Tipin Clspn Cul4b Bard1 Rab11a Dbf4 Klhl18 Actl6a Nek6 Donson Atr Cul9 Sde2 Dusp1 Trip13 Ccnd1 Apex1 Plrg1 Insr Gbf1 Bcl7b Msh2 Bcl7c Gpr132 Pebp1 Mus81 Smarcc1 Aurkb Incenp Triap1 Mastl Ppp2ca Trp53 Psme1 Gsk3b Rps27l Plk1 Crebbp Smarca4 Taok3 Miip Senp2 Setmar Rad17 Ambra1 Anapc15 Larp7 Camk2d Lsm10 Atf2"
"GOBP_REGULATION_OF_MITOTIC_CELL_CYCLE_PHASE_TRANSITION",0.59291281707183,1,1,265,0.15339281705642,96,"Zwilch App Mblac1 Haspin Tfdp1 Chek1 Mbtps2 Gen1 Cdk1 Cdc14b Pkd1 Plk3 Id2 Ccne1 Tfap4 Klhl22 Cdc25a Rgcc Nbn Ska3 Tjp3 Nuf2 Stk35 Pbrm1 Cdk4 Hacd1 Lcmt1 Klf11 Zwint Pinx1 Zc3h12d Orc1 Mepce Zfyve19 E2f1 Rb1 Atad5 Cdca8 Hexim2 Chmp4c Anp32b Spc25 Prkdc Ino80 Psme2 Cdkn1a Rpa2 Mnat1 Ndc80 Inip Anapc4 Bid Cdc73 Etaa1 Gtpbp4 Riok2 Psme3 Clspn Cul4b Bard1 Rab11a Dbf4 Klhl18 Actl6a Nek6 Donson Atr Sde2 Dusp1 Trip13 Ccnd1 Apex1 Plrg1 Bcl7b Bcl7c Gpr132 Smarcc1 Aurkb Incenp Triap1 Ppp2ca Trp53 Psme1 Rps27l Plk1 Crebbp Smarca4 Taok3 Miip Senp2 Rad17 Ambra1 Anapc15 Larp7 Camk2d Lsm10"
"GOBP_REGULATION_OF_MITOTIC_CYTOKINESIS",0.986136173131153,0.492430154518495,1,14,0.410112247123606,9,"Rab11fip3 Ect2 Cdca8 Poldip2 Rab11a Aurkb Incenp Wnk1 Map9"
"GOBP_REGULATION_OF_MITOTIC_NUCLEAR_DIVISION",0.711171763313473,0.940409683426443,1,79,0.211587864098157,20,"Zwilch Haspin Chek1 Smpd3 Gen1 Rcc1 Klhl22 Ska3 Nuf2 Egf Lcmt1 Pdxp Zwint Rb1 Cdca8 Cdca2 Nme6 Spc25 Cul7 Esr1"
"GOBP_REGULATION_OF_MITOTIC_SISTER_CHROMATID_SEGREGATION",0.743076349041403,0.875837053571429,1,50,0.237505759368683,9,"Zwilch Haspin Gen1 Cdk1 Klhl22 Ska3 Nuf2 Lcmt1 Zwint"
"GOBP_REGULATION_OF_MITOTIC_SPINDLE_ASSEMBLY",-0.487848558368674,0.995233839737861,1,22,-0.165995070810167,4,"Ripor2 Hspa1b Eml3 Chmp7"
"GOBP_REGULATION_OF_MODIFICATION_OF_POSTSYNAPTIC_ACTIN_CYTOSKELETON",0.873046445930405,0.641657334826428,1,10,0.394904899464837,3,"Ptk2 Marcks Cyfip1"
"GOBP_REGULATION_OF_MODIFICATION_OF_SYNAPTIC_STRUCTURE",0.807831410258087,0.750480130004432,1,27,0.29100373685706,8,"Ptk2 Marcks Cyfip1 Tiam1 Egln1 Pdxp Cln3 Dip2a"
"GOBP_REGULATION_OF_MONOATOMIC_ION_TRANSMEMBRANE_TRANSPORT",1.10646177538404,0.262745098039216,1,149,0.302898859391575,17,"Slc8a1 Lime1 Kcnk3 Asph Fcrl5 Fgf13 S100a1 Ehd3 Ahr Kcnn4 Stac2 Akap7 Nek4 Stom Cacna1d Gsto1 Tmem38b"
"GOBP_REGULATION_OF_MONOATOMIC_ION_TRANSPORT",0.956785975197639,0.574269005847953,1,209,0.252647677203437,19,"Slc8a1 Abcb1b Car2 Lime1 Kcnk3 Asph Fcrl5 Fgf13 S100a1 Ehd3 Ahr Kcnn4 Stac2 Akap7 Nek4 Stom Cacna1d Gsto1 Tmem38b"
"GOBP_REGULATION_OF_MONOCYTE_CHEMOTAXIS",-0.979632333263281,0.477266612859833,1,11,-0.396963986615403,1,"Ccl5"
"GOBP_REGULATION_OF_MONOCYTE_DIFFERENTIATION",-0.837127197767018,0.669385535617183,1,12,-0.332395614693748,4,"Csf1 Ctnnbip1 Foxp1 Cd74"
"GOBP_REGULATION_OF_MONONUCLEAR_CELL_MIGRATION",0.830616660255502,0.785001994415636,1,81,0.246086990973492,13,"Trem1 Cd9 App Ptk2 Abr Rarres2 Mospd2 Il12a Itgb3 Spn Ccr1 Mif Calr"
"GOBP_REGULATION_OF_MORPHOGENESIS_OF_AN_EPITHELIUM",-1.07421763637881,0.367612977983778,1,18,-0.383806657920698,4,"Tacstd2 Etv5 Sirt6 Tnf"
"GOBP_REGULATION_OF_MORPHOGENESIS_OF_A_BRANCHING_STRUCTURE",-1.15002985552907,0.278118609406953,1,19,-0.405224190097532,4,"Tacstd2 Etv5 Sirt6 Tnf"
"GOBP_REGULATION_OF_MRNA_3_END_PROCESSING",0.690117101931474,0.859684719837678,1,14,0.287004455533654,8,"Dhx36 Cstf2 Cdc73 Cstf3 Ncbp2 Ccnb1 Clp1 Fip1l1"
"GOBP_REGULATION_OF_MRNA_CATABOLIC_PROCESS",0.945244444631861,0.59037616023449,1,156,0.257310785069034,49,"Rbm47 Igf2bp3 Zc3h12c Vegfa Noct Tent5c Fastkd3 Rnasel Mlh1 Magohb Fastkd1 Mapk8 Lrpprc Plekhn1 Upf3a Dhx36 Traf2 Slirp Gtpbp1 Dcp1a Mettl3 Zc3h12d E2f1 Rc3h2 Npm1 Ikbke Larp1 Pcbp4 Tardbp Eif4enif1 Mettl16 Cirbp Tnrc6c Pabpc4 Hnrnpab Dis3l2 Tob1 Fxr1 Paip1 Ythdf1 Cnot6l Upf1 Tent4b Fus Apex1 Rbm8a Dcp2 Secisbp2 Fmr1"
"GOBP_REGULATION_OF_MRNA_METABOLIC_PROCESS",0.859414942451447,0.815425105847351,1,256,0.222891313394253,69,"Rbm47 Igf2bp3 Zc3h12c Vegfa Celf4 Noct Tent5c Fastkd3 Rnasel Mlh1 Magohb Wdr77 Fastkd1 Mapk8 Lrpprc Plekhn1 Upf3a Dhx36 Rbm15 Traf2 Slirp Gtpbp1 Dcp1a Mettl3 Zc3h12d E2f1 Cstf2 Rc3h2 Npm1 Celf2 Ikbke Ptcd2 Rbmx Larp1 Pcbp4 Tardbp Clns1a Prdx6 Eif4enif1 Mettl16 Sfswap Srpk2 Cirbp Tnrc6c Srpk3 Pabpc4 Cdc73 Hnrnpab Dis3l2 Tob1 Fxr1 Srsf2 C1qbp Wtap Paip1 Ythdf1 Cnot6l Upf1 Tent4b Srsf5 Fus Apex1 Rbm8a Dcp2 U2af2 Zfp64 Prmt5 Secisbp2 Fmr1"
"GOBP_REGULATION_OF_MRNA_PROCESSING",1.16993134760085,0.18529263370333,1,120,0.329233153387705,65,"Rbm47 Celf4 Magohb Wdr77 Upf3a Dhx36 Rbm15 Slirp Cstf2 Npm1 Celf2 Ptcd2 Rbmx Pcbp4 Clns1a Prdx6 Mettl16 Sfswap Srpk2 Srpk3 Cdc73 Srsf2 C1qbp Wtap Upf1 Srsf5 Rbm8a U2af2 Zfp64 Prmt5 Fmr1 Thrap3 Sap30bp Snrnp70 Cstf3 Ccnl1 Larp7 Tra2a Srsf7 Srsf4 Rbm10 Arglu1 Iws1 Mbnl1 Hnrnpa1 Hspa8 Ncbp2 Ccnb1 Prpf19 Son Mbnl2 Hnrnpk Tia1 Khdrbs3 Clp1 Jmjd6 Srsf3 Tra2b Rbm19 Thumpd2 Rbpms Ythdc1 Hnrnpa2b1 Srrm1 Fip1l1"
"GOBP_REGULATION_OF_MRNA_SPLICING_VIA_SPLICEOSOME",1.16177207559567,0.206425598335068,1,96,0.335973401957172,52,"Rbm47 Celf4 Wdr77 Upf3a Rbm15 Slirp Npm1 Celf2 Rbmx Pcbp4 Clns1a Prdx6 Mettl16 Sfswap Srsf2 C1qbp Wtap Upf1 Srsf5 Rbm8a U2af2 Zfp64 Prmt5 Fmr1 Thrap3 Sap30bp Snrnp70 Ccnl1 Larp7 Tra2a Srsf7 Srsf4 Rbm10 Arglu1 Mbnl1 Hnrnpa1 Hspa8 Prpf19 Son Mbnl2 Hnrnpk Tia1 Khdrbs3 Jmjd6 Srsf3 Tra2b Rbm19 Thumpd2 Rbpms Ythdc1 Hnrnpa2b1 Srrm1"
"GOBP_REGULATION_OF_MULTICELLULAR_ORGANISM_GROWTH",-1.34669707453174,0.073394495412844,1,52,-0.378261180838107,13,"Adrb2 Chd7 Alms1 Bcl2 Csf1 Pex5 Gamt Gpam G6pdx Atrn Daxx Fxn Zmpste24"
"GOBP_REGULATION_OF_MUSCLE_ADAPTATION",0.701030178495142,0.940215924426451,1,68,0.213334625758938,8,"Smad3 Ptk2 Kcnn4 Tnfrsf1b Cmya5 Nr4a3 Nfatc1 Notch1"
"GOBP_REGULATION_OF_MUSCLE_CELL_DIFFERENTIATION",-0.747507797937136,0.955737704918033,1,87,-0.19109618446304,16,"Thra Hdac9 Bcl2 Mmp14 Bhlhe41 Nid1 Nfatc2 Ccnd2 Lamc1 G6pdx Rcan1 Foxo4 Daxx Foxp1 Nln Notch2"
"GOBP_REGULATION_OF_MUSCLE_CONTRACTION",1.0231898120792,0.423417196571745,1,59,0.318525067865601,8,"Slc8a1 Calcrl Fgf13 Ehd3 Cacna1h Gsto1 Tmem38b Ada"
"GOBP_REGULATION_OF_MUSCLE_HYPERTROPHY",0.695579385364312,0.930497636919655,1,55,0.21931470346027,8,"Smad3 Ptk2 Kcnn4 Tnfrsf1b Nr4a3 Notch1 Twf1 Prkca"
"GOBP_REGULATION_OF_MUSCLE_ORGAN_DEVELOPMENT",1.08966847276273,0.348140495867769,1,30,0.384178680644358,6,"Cdon Dll1 Smad3 Lef1 Erbb3 Usp2"
"GOBP_REGULATION_OF_MUSCLE_SYSTEM_PROCESS",1.00595006401907,0.453077699293643,1,120,0.283086791722205,23,"Slc8a1 Calcrl Smad3 Fgf13 Ehd3 Ptk2 Kcnn4 Cacna1h Gsto1 Tnfrsf1b Tmem38b Cmya5 Ada Camk2g Cacna1s Nr4a3 Nfatc1 Notch1 Atp1a1 Zdhhc21 Twf1 Hsp90aa1 Prkca"
"GOBP_REGULATION_OF_MYELINATION",-1.0134427531947,0.429014259144451,1,30,-0.321874049622147,8,"Egr2 Ngfr Hes5 Tg Dag1 Tcf7l2 Tnf Rnf10"
"GOBP_REGULATION_OF_MYELOID_CELL_APOPTOTIC_PROCESS",-1.32379598768155,0.120474596896866,1,23,-0.447473541254736,4,"Ccl5 Thra Anxa1 Bcl2"
"GOBP_REGULATION_OF_MYELOID_CELL_DIFFERENTIATION",-0.714798098155105,0.993239729589184,1,143,-0.17015237024913,15,"Ccl5 Hmgb3 Gpr137 Fos Csf1 Cib1 Fas Fstl3 Klf10 Acvr2a Tnf Leo1 Ctnnbip1 Ripk1 Hspa1b"
"GOBP_REGULATION_OF_MYELOID_LEUKOCYTE_DIFFERENTIATION",-0.721537978996512,0.971252566735113,1,86,-0.185094556910307,9,"Ccl5 Gpr137 Fos Csf1 Fstl3 Klf10 Tnf Ctnnbip1 Ripk1"
"GOBP_REGULATION_OF_MYELOID_LEUKOCYTE_MEDIATED_IMMUNITY",1.11085773601688,0.312951720150332,1,37,0.376067598904891,4,"Ighg3 Fcer1g Hmox1 Abr"
"GOBP_REGULATION_OF_MYOBLAST_DIFFERENTIATION",1.03751680674856,0.403597526700394,1,47,0.335344105591069,4,"Cdon Zfhx3 Dll1 Xkr8"
"GOBP_REGULATION_OF_MYOTUBE_DIFFERENTIATION",-1.34149494078848,0.113950073421439,1,21,-0.460929998085728,7,"Thra Hdac9 Bcl2 Mmp14 Bhlhe41 Daxx Nln"
"GOBP_REGULATION_OF_NATURAL_KILLER_CELL_ACTIVATION",0.973645535623265,0.510795622596865,1,31,0.341661418693083,9,"Lilrb4a Il15ra Il15 Lyst Il12a Rhbdd3 Pglyrp2 Ptpn22 Fgr"
"GOBP_REGULATION_OF_NATURAL_KILLER_CELL_DIFFERENTIATION",0.849285336793027,0.670167064439141,1,11,0.375548800978555,5,"Il15ra Il15 Pglyrp2 Prdm1 Stat5a"
"GOBP_REGULATION_OF_NATURAL_KILLER_CELL_MEDIATED_IMMUNITY",1.10040869859342,0.328001174053419,1,33,0.381083843353951,6,"Serpinb9 Pvr Klrb1f Rasgrp4 Il12a Dpp4"
"GOBP_REGULATION_OF_NECROPTOTIC_PROCESS",-0.877049776969263,0.636710719530103,1,21,-0.301349293037156,4,"Spata2 Zbp1 Ripk1 Cyld"
"GOBP_REGULATION_OF_NERVOUS_SYSTEM_DEVELOPMENT",1.13300789014342,0.189134125636672,1,277,0.291968706783273,40,"Sema6d Iqsec2 Slit1 Atxn1 Adgrl2 Tnfrsf21 Ryk Lpin1 Dll1 Rufy3 Xlr4b App Bmpr2 Apoe Fgf13 Srcin1 Plxna3 Ptk2 Rtn4rl2 Vegfa Amigo2 Plxnb2 Marcks Tnfrsf1b Cyfip1 Ptprs Lef1 Sema7a Gorasp1 Trim32 Slc7a5 Runx2 Prune1 Amigo3 Dock7 Ctnna1 Xrcc2 Id2 Prkci Fbxw8"
"GOBP_REGULATION_OF_NERVOUS_SYSTEM_PROCESS",1.215714217807,0.172572544642857,1,52,0.386961867045842,13,"Tnfrsf21 Lpin1 App Prkcz Celf4 Fgfbp3 Chrnb2 Tnfrsf1b Shank1 Plk2 Fabp5 Atpsckmt Mgll"
"GOBP_REGULATION_OF_NEURAL_PRECURSOR_CELL_PROLIFERATION",0.998165254888599,0.468610491071429,1,52,0.317716026508872,11,"Cdon Ryk Vegfa Ctnna1 Id2 Fzd9 Mapk8 Notch1 Dll4 Egf Kctd11"
"GOBP_REGULATION_OF_NEUROBLAST_PROLIFERATION",1.21990211327389,0.225066333697518,1,14,0.507330336901709,5,"Vegfa Ctnna1 Mapk8 Notch1 Kctd11"
"GOBP_REGULATION_OF_NEUROGENESIS",0.992221613791167,0.488569787478461,1,242,0.258312432806125,43,"Sema6d Slit1 Atxn1 Ryk Dll1 Rufy3 Xlr4b Bmpr2 Apoe Fgf13 Srcin1 Plxna3 Ptk2 Vegfa Plxnb2 Marcks Tnfrsf1b Cyfip1 Ptprs Lef1 Sema7a Gorasp1 Trim32 Slc7a5 Runx2 Prune1 Dock7 Ctnna1 Xrcc2 Id2 Prkci Fbxw8 Jade2 Mapk8 Notch1 Mbp Akap5 Tiam1 Tlr2 Dhx36 Sema5a Hltf Dll4"
"GOBP_REGULATION_OF_NEUROINFLAMMATORY_RESPONSE",-0.976371949639802,0.487518355359765,1,21,-0.335475824168159,1,"Ccl5"
"GOBP_REGULATION_OF_NEURONAL_SYNAPTIC_PLASTICITY",-0.825149142277711,0.74235807860262,1,32,-0.257682811832887,3,"Egr1 Rab3a Nsmf"
"GOBP_REGULATION_OF_NEURON_DIFFERENTIATION",1.05201693098092,0.364852809991079,1,113,0.298389870008849,31,"Cdon Zfhx3 Dll1 Impact App Timp2 Rab37 Dnmt3b Gdf11 Trim32 Tbx6 Ect2 Cyb5d2 Id2 Dtx1 Eya1 Hmg20a Mapk8 Tcf4 Nbn Notch1 Kdm4c Tiam1 Calr Mmd Tgif2 Zfhx2 Fuom Mapk8ip3 Rara Kctd11"
"GOBP_REGULATION_OF_NEURON_MIGRATION",-0.911548136986054,0.592961694176269,1,28,-0.295228368659156,3,"Reln Nsmf Flna"
"GOBP_REGULATION_OF_NEURON_PROJECTION_DEVELOPMENT",0.932942810281508,0.650837988826816,1,308,0.238413188561429,54,"Sema6d Slit1 P3h1 Ryk Rap1gap2 Rufy3 Tanc2 Xlr4b Bmpr2 Apoe Smad3 Fgf13 Srcin1 Plxna3 Il15ra Itm2c Ptk2 Rtn4rl2 Vegfa Chrnb2 Plxnb2 Marcks Enc1 Cyfip1 Ptprs Sema7a Gorasp1 Tbx6 Amigo3 Acap3 Pacsin1 Arhgap35 Camk2g Cacna1a Prkci Fbxw8 Rap2a Diaph2 Serpini1 Cdk5r1 Mbp Akap5 Tiam1 Gla Tlr2 Fes Dhx36 Sema5a Nckipsd Hspa5 Twf1 Plxnc1 Slc30a1 Nrxn1"
"GOBP_REGULATION_OF_NEURON_PROJECTION_REGENERATION",-1.0615471869629,0.370796728264162,1,25,-0.350603255587221,10,"Braf Flna Kremen1 Klf4 Xylt1 Inpp5f Neo1 Pum2 Stk24 Diaph1"
"GOBP_REGULATION_OF_NEUROTRANSMITTER_RECEPTOR_LOCALIZATION_TO_POSTSYNAPTIC_SPECIALIZATION_MEMBRANE",1.30513668469192,0.143095346369562,1,21,0.496057834809972,4,"Iqsec2 Neto2 Vps26b Prkcz"
"GOBP_REGULATION_OF_NEUROTRANSMITTER_TRANSPORT",1.12582465567277,0.26880696503877,1,66,0.344694922746804,12,"Mctp1 App Slc18a2 Tspoap1 Ggcx Cacna1d Gpm6b Rab3b Pfn2 Cacna1a Itgb3 Git1"
"GOBP_REGULATION_OF_NEUTROPHIL_CHEMOTAXIS",0.783349639674755,0.768425841674249,1,20,0.300642325365951,4,"Cxcr2 Mospd2 Dpp4 Bst1"
"GOBP_REGULATION_OF_NEUTROPHIL_MIGRATION",0.690471436712411,0.887200119207272,1,24,0.254947473821903,4,"Cxcr2 Mospd2 Dpp4 Bst1"
"GOBP_REGULATION_OF_NITRIC_OXIDE_METABOLIC_PROCESS",1.15118196932458,0.241831890533371,1,51,0.367249452591993,13,"App Apoe Smad3 Sirpa Tlr4 Smpd3 Tlr6 Sigmar1 Gla Tlr2 Jak3 Sod2 Hsp90aa1"
"GOBP_REGULATION_OF_NITRIC_OXIDE_SYNTHASE_ACTIVITY",-0.980636110061133,0.478539056251666,1,10,-0.408287555418238,5,"Cnr2 Tnf Kras Gch1 Ptk2b"
"GOBP_REGULATION_OF_NK_T_CELL_ACTIVATION",-0.919491192230075,0.545187949880032,1,10,-0.382829886899449,2,"Lgals3 Jak2"
"GOBP_REGULATION_OF_NON_CANONICAL_NF_KAPPAB_SIGNAL_TRANSDUCTION",0.825989431557377,0.77462482946794,1,65,0.253456668905098,8,"Lime1 C1qtnf4 App Smpd3 Ptpn22 Trim56 Calr Terf2ip"
"GOBP_REGULATION_OF_NON_CANONICAL_WNT_SIGNALING_PATHWAY",1.14409411535018,0.314876690533015,1,11,0.505911446497858,3,"Znrf3 Nphp3 Ift80"
"GOBP_REGULATION_OF_NON_MOTILE_CILIUM_ASSEMBLY",0.850658707138471,0.67077267637178,1,10,0.384778258690929,4,"Tmem67 Ttbk2 Pqbp1 Atmin"
"GOBP_REGULATION_OF_NOTCH_SIGNALING_PATHWAY",1.02632846209159,0.422623178348369,1,56,0.322428631888088,13,"Dll1 Nrarp Rita1 Tspear Gas2 Dtx1 Tspan5 Notch1 Pofut1 Dtx3 Fbxw7 Arrb1 Dll4"
"GOBP_REGULATION_OF_NUCLEAR_CELL_CYCLE_DNA_REPLICATION",-0.799935327650966,0.714554748453054,1,11,-0.32414764796609,4,"Aicda Zmpste24 Wiz Cdt1"
"GOBP_REGULATION_OF_NUCLEAR_DIVISION",0.893620934847681,0.668063375671075,1,90,0.260933231645056,25,"Zwilch Rps6ka2 Haspin Chek1 Smpd3 Osm Gen1 Npr2 Rcc1 Klhl22 Calr Ska3 Nuf2 Egf Lcmt1 Pdxp Prdm9 Zwint Rb1 Cdca8 Cdca2 Nme6 Spc25 Cul7 Esr1"
"GOBP_REGULATION_OF_NUCLEAR_RECEPTOR_MEDIATED_GLUCOCORTICOID_SIGNALING_PATHWAY",0.541022878905504,0.962725963845785,1,10,0.244720755233893,4,"Cry2 Cry1 Ppp5c Clock"
"GOBP_REGULATION_OF_NUCLEAR_TRANSCRIBED_MRNA_CATABOLIC_PROCESS_DEADENYLATION_DEPENDENT_DECAY",0.447474353613357,0.997615854567129,1,24,0.165224004916124,5,"Dhx36 Tnrc6c Tob1 Paip1 Tent4b"
"GOBP_REGULATION_OF_NUCLEAR_TRANSCRIBED_MRNA_CATABOLIC_PROCESS_NONSENSE_MEDIATED_DECAY",0.614855627319855,0.920535011801731,1,13,0.260632210315417,6,"Magohb Upf3a Hnrnpab Rbm8a Secisbp2 Nbas"
"GOBP_REGULATION_OF_NUCLEAR_TRANSCRIBED_MRNA_POLY_A_TAIL_SHORTENING",-0.648780753320795,0.902060400790291,1,15,-0.242948607025437,15,"Zfp36 Cnot7 Tent4a Ago2 Tnrc6a Tnrc6b Polr2g Cnot1 Btg2 Pabpc1 Cpeb3 Tent4b Tob1 Tnrc6c Eif4enif1"
"GOBP_REGULATION_OF_NUCLEOBASE_CONTAINING_COMPOUND_TRANSPORT",-1.02355617183019,0.42545245619075,1,17,-0.371322256836276,17,"Hhex Setd2 Khdrbs1 Alkbh5 Nup153 Dhx9 Akap8l Tpr Thoc2 Cpsf6 Nrde2 Ranbp2 Ncbp2 Nsun2 Iws1 Wnk1 Thoc5"
"GOBP_REGULATION_OF_NUCLEOCYTOPLASMIC_TRANSPORT",0.690251004427678,0.967468175388967,1,106,0.197143094633474,30,"Angpt1 Cdk1 Ect2 Gbp4 Ptpn22 Akap5 Ctdspl2 Frat1 Nolc1 Ifi27 Nup54 Xbp1 Chchd4 Hsp90aa1 Ipo5 Ran Ubr5 Dmap1 Pkig Anp32b Tardbp Xpo4 Rapgef3 Riok2 Nutf2 Bard1 Inpp4b Xpo1 Zpr1 Hyal2"
"GOBP_REGULATION_OF_NUCLEOTIDE_BINDING_DOMAIN_LEUCINE_RICH_REPEAT_CONTAINING_RECEPTOR_SIGNALING_PATHWAY",1.14781381369771,0.31067029275316,1,10,0.519190360164157,3,"Tlr4 Slc15a2 Ptpn22"
"GOBP_REGULATION_OF_NUCLEOTIDE_BIOSYNTHETIC_PROCESS",0.547639355899505,0.961604495083502,1,14,0.227751108802901,4,"Atpsckmt Myc Entpd1 Parp1"
"GOBP_REGULATION_OF_NUCLEOTIDE_EXCISION_REPAIR",-0.644021806147067,0.929200850805226,1,24,-0.214721240633264,6,"Smarcc2 Bcl7a Smarcd1 Brd7 Smarcd2 Kat7"
"GOBP_REGULATION_OF_NUCLEOTIDE_METABOLIC_PROCESS",0.743491253545487,0.885816975393973,1,59,0.23145324474236,10,"App Zbtb20 Ppargc1a Atpsckmt Git1 Hsd11b1 Pfkfb1 Bend3 Fdx1 Jmjd8"
"GOBP_REGULATION_OF_OLIGODENDROCYTE_DIFFERENTIATION",-0.979580498503593,0.49164387724096,1,24,-0.326598785834917,6,"Hes1 Cxcr4 Hes5 Dusp10 Dag1 Tcf7l2"
"GOBP_REGULATION_OF_ORGANELLE_ASSEMBLY",0.949054494335762,0.591969679024044,1,196,0.252521524123672,21,"Intu Nbdy Ift88 Kif24 Ralb Tbc1d30 Rab11fip3 Cep76 Mns1 Ptprs Tchp Ccdc15 Tmem67 Trim32 Odf2l Kif9 Plk2 C9orf72 Rcc1 Ift140 Arhgap35"
"GOBP_REGULATION_OF_ORGANIC_ACID_TRANSPORT",-1.29350179660556,0.117704280155642,1,37,-0.392257358157081,13,"Acsl4 Adora2a Slc43a1 Irs2 Syk Stxbp1 Tnf Dpysl2 Akt2 Kmo Repin1 Arl6ip5 Acsl1"
"GOBP_REGULATION_OF_ORGAN_GROWTH",0.770220526042078,0.853346185623795,1,61,0.238723182829042,11,"Ahr Wwc1 Ptk2 Cdk20 Cdk1 Ankrd26 Flvcr1 Notch1 Rag2 Wwc2 Stk3"
"GOBP_REGULATION_OF_OSSIFICATION",1.20295366378889,0.178207046660318,1,66,0.368309592544773,13,"Slc8a1 Intu P3h1 Dhrs3 Cd276 Bmpr2 Smad3 Gpm6b Runx2 Slc20a2 Fzd9 Ccr1 Notch1"
"GOBP_REGULATION_OF_OSTEOBLAST_DIFFERENTIATION",1.24152253592113,0.13863789615644,1,69,0.377194820100498,15,"Cd276 Crim1 Bmpr2 Smad3 Ahr Ptk2 Vegfa Fndc3b Runx2 Noct Id2 Ptch1 A430033K04Rik Nfatc1 Notch1"
"GOBP_REGULATION_OF_OSTEOBLAST_PROLIFERATION",0.940474772212087,0.557517899761336,1,11,0.415872213676171,3,"Smad3 Ahr Itgb3"
"GOBP_REGULATION_OF_OSTEOCLAST_DIFFERENTIATION",-1.03923056705443,0.368383909668313,1,52,-0.291899781243492,7,"Ccl5 Gpr137 Fos Csf1 Fstl3 Klf10 Tnf"
"GOBP_REGULATION_OF_OXIDATIVE_PHOSPHORYLATION",1.0259375203409,0.437862595419847,1,18,0.403411600528361,9,"Tefm Atp7a Shmt2 Pink1 Myc Sirt3 Pde2a Slc25a23 Uqcc2"
"GOBP_REGULATION_OF_OXIDATIVE_STRESS_INDUCED_INTRINSIC_APOPTOTIC_SIGNALING_PATHWAY",0.672098667713968,0.908555441024886,1,28,0.240135869102729,6,"Prodh Fbxw7 Sod2 Pink1 Parp1 Nono"
"GOBP_REGULATION_OF_OXIDOREDUCTASE_ACTIVITY",0.73870034528371,0.83875717861876,1,28,0.263932154522114,8,"Gzma Atp7a Gla Fdx1 Sdhaf4 Sirt3 Esr1 Nod1"
"GOBP_REGULATION_OF_P38MAPK_CASCADE",-1.021466719729,0.418249766427904,1,28,-0.33082833595855,10,"Gadd45a Dusp10 Rell2 Ager Cyld Mink1 Phlpp1 Map3k4 Ezr Spi1"
"GOBP_REGULATION_OF_PATTERN_RECOGNITION_RECEPTOR_SIGNALING_PATHWAY",0.799118728484573,0.885185639014827,1,152,0.218307491267972,33,"Cd300lf Zdhhc1 Nlrx1 App Gm6377 Tlr4 Ptprs Slc15a2 Tlr6 Trim32 Ddx60 Ptpn22 Mapk8 Sec14l1 Slc19a1 Dhx33 Mfhas1 Atat1 Irf4 Rnf125 Nod2 Gfi1 Ticam2 Nek9 Gbp2 Znrf1 Prkdc Lrrc14 Esr1 Gdi1 Nfkbil1 Otud4 Parp1"
"GOBP_REGULATION_OF_PEPTIDASE_ACTIVITY",0.990896103418091,0.487123458717028,1,14,0.412091796966027,2,"Timp2 Vsir"
"GOBP_REGULATION_OF_PEPTIDE_TRANSPORT",-1.25289786063144,0.0609086370444333,1,129,-0.303039684974756,29,"Ccl5 Acsl4 Chd7 Cdk16 Kalrn Itsn1 Kcnb1 Slc8b1 Sirt6 Irs2 Clcf1 Rph3al Pde4c Cd38 Ptger4 Jak2 Tcf7l2 Tnf Trpm5 Foxo1 Osbp Nucb2 Ndufaf2 Birc5 Ensa Aacs Pck2 Ffar1 Srebf1"
"GOBP_REGULATION_OF_PEPTIDYL_SERINE_PHOSPHORYLATION",-1.06892955889504,0.342219260246584,1,42,-0.313734465392427,8,"Irgm2 Bcl2 Gadd45a Braf Stk4 Irgm1 Cnot9 Crebl2"
"GOBP_REGULATION_OF_PEPTIDYL_THREONINE_PHOSPHORYLATION",-1.1843773607314,0.247844228094576,1,14,-0.451256493240478,2,"Irgm2 Irgm1"
"GOBP_REGULATION_OF_PEPTIDYL_TYROSINE_PHOSPHORYLATION",1.13381567894414,0.248579357737545,1,86,0.33331981935831,16,"Il9r Zfyve28 Angpt1 Srcin1 Cass4 Il15 Vegfa Tlr4 Osm Tnfrsf18 Il12a Traf3ip1 Itgb3 Vps25 Ncl Ptpn22"
"GOBP_REGULATION_OF_PERK_MEDIATED_UNFOLDED_PROTEIN_RESPONSE",-0.540741803193472,0.962983273923773,1,13,-0.209706638805405,3,"Abca7 Nck2 Akt2"
"GOBP_REGULATION_OF_PEROXISOME_PROLIFERATOR_ACTIVATED_RECEPTOR_SIGNALING_PATHWAY",0.652663248753839,0.885123309466985,1,11,0.288603711725222,6,"Fabp5 Paqr3 Cited2 Huwe1 Asxl1 Stard10"
"GOBP_REGULATION_OF_PH",0.870224150127242,0.695054181717144,1,58,0.272119142677573,4,"Car2 Cln6 Slc9a9 Slc26a6"
"GOBP_REGULATION_OF_PHAGOCYTOSIS",1.26129087533277,0.113930813409911,1,76,0.377486629015714,17,"Cd300lf Ighg3 Fcer1g Il15ra Ptk2 Il15 Sirpa Abr Pip4p2 Plscr1 Letmd1 Calr Tlr2 C2 Fgr Scarb1 Rab31"
"GOBP_REGULATION_OF_PHOSPHOLIPID_METABOLIC_PROCESS",0.650806942732872,0.911586290567182,1,20,0.249773667744015,5,"Lpin1 Lpcat1 Bscl2 Scarb1 Mtmr1"
"GOBP_REGULATION_OF_PHOSPHORYLATION",0.77570146937132,0.97854767778612,1,464,0.192929251042546,66,"Eng Lime1 Cdon Il9r Atxn1 Flt3 Fer Zfyve28 Impact Angpt1 Socs3 Prkar2a Srcin1 Cass4 Prkcz Maged1 Nnt Il15 Vegfa Trpt1 Tlr4 Smpd3 Plxnb2 Wdr59 Ksr1 Zbed3 Tlr6 Sema7a Osm Ercc6 Tnfrsf18 Ect2 Rarres2 C9orf72 Gbp4 Il12a Ppargc1a Hbb-bs Traf3ip1 Ccnyl1 Traf4 Itgb3 Spn Tlr7 Tfap4 Vps25 Grk3 Rap2a Ncl Ptpn22 Mif Cdk5r1 Hipk3 Akap5 Tiam1 Mob1b Arrb1 Mmd Fgr Traf2 Nolc1 Mydgf Ibtk Egf Xbp1 Mapk8ip3"
"GOBP_REGULATION_OF_PLASMA_LIPOPROTEIN_PARTICLE_LEVELS",-0.874651668468142,0.674311926605505,1,40,-0.259149033115749,13,"Pltp Anxa2 Mylip Apobec1 Nr1h2 Lipa Csk Ldlr Abca7 Ldlrap1 Acsl3 Lmf1 Soat1"
"GOBP_REGULATION_OF_PLASMA_MEMBRANE_ORGANIZATION",-1.77280452642645,0.0116911364872213,1,12,-0.703922237702017,4,"Anxa2 Rab3a Wasl Xrcc4"
"GOBP_REGULATION_OF_PLATELET_ACTIVATION",1.32215162899407,0.121474406804954,1,25,0.484149748765418,5,"Cd9 Fcer1g Apoe Pear1 Tlr4"
"GOBP_REGULATION_OF_PLATELET_AGGREGATION",-0.93375547310434,0.544089012517385,1,14,-0.355767709099875,8,"Syk Jak2 Tmx1 Vps33b Ceacam1 Lyn Adgrg1 Ubash3b"
"GOBP_REGULATION_OF_PLATELET_DERIVED_GROWTH_FACTOR_RECEPTOR_SIGNALING_PATHWAY",0.740235666141027,0.804432651787108,1,14,0.307847659089736,2,"Apoe Npr2"
"GOBP_REGULATION_OF_PODOSOME_ASSEMBLY",0.807804615083544,0.723750790638836,1,12,0.349127776042089,2,"Kif9 Mapk8"
"GOBP_REGULATION_OF_POLYSACCHARIDE_BIOSYNTHETIC_PROCESS",0.601750885426894,0.958782685773379,1,27,0.216767699414319,5,"Ppp1r3e Smpd3 Gfpt1 Egf Epm2aip1"
"GOBP_REGULATION_OF_POLYSACCHARIDE_METABOLIC_PROCESS",-0.749087040666401,0.860727728983689,1,33,-0.23333126339514,4,"Phka1 Sorbs1 Irs2 Ptger4"
"GOBP_REGULATION_OF_POSITIVE_CHEMOTAXIS",0.915981023945175,0.589498806682578,1,11,0.405041227440327,2,"Smad3 Vegfa"
"GOBP_REGULATION_OF_POSTSYNAPSE_ASSEMBLY",-0.629849100365604,0.959451029320025,1,32,-0.196693275066144,10,"Cc2d1a Nrxn2 Arhgap12 Dpysl2 Pum2 Iqgap1 Rhog Nae1 Vps35 Ube3b"
"GOBP_REGULATION_OF_POSTSYNAPSE_ORGANIZATION",0.811421293512961,0.834459028928253,1,113,0.230148286746667,11,"Tanc1 Tanc2 Xlr4b App Apoe Smad3 Srcin1 Marcks Ptprs Sigmar1 Carmil3"
"GOBP_REGULATION_OF_POSTSYNAPTIC_DENSITY_ORGANIZATION",0.949718143560219,0.543834526650756,1,11,0.41995957616367,4,"Ptprs Slc30a1 Nrxn1 Il1rap"
"GOBP_REGULATION_OF_POSTSYNAPTIC_MEMBRANE_NEUROTRANSMITTER_RECEPTOR_LEVELS",1.09625452320799,0.298361078848884,1,102,0.31448480872798,24,"Iqsec2 Zdhhc2 Neto2 Vps26b Prkcz Gphn Pacsin1 Snap47 Kif2c Camk2g Snap23 Prkci Itgb3 Git1 Nsg2 Rap2a Rabep1 Ncdn Atad1 Akap5 Gpsm2 Scrib Hsp90aa1 Als2"
"GOBP_REGULATION_OF_POSTSYNAPTIC_MEMBRANE_POTENTIAL",1.1410098572259,0.256522352277535,1,46,0.370360250183219,9,"Atxn1 App Prkcz Slc29a1 Celf4 Chrnb2 Shank1 Chrnb1 Plk2"
"GOBP_REGULATION_OF_POSTSYNAPTIC_NEUROTRANSMITTER_RECEPTOR_INTERNALIZATION",0.853306414704029,0.689639905548996,1,30,0.300845753346617,8,"Iqsec2 Pacsin1 Itgb3 Rabep1 Ncdn Atad1 Akap5 Scrib"
"GOBP_REGULATION_OF_POST_TRANSCRIPTIONAL_GENE_SILENCING",-1.24051326424292,0.176613147531051,1,25,-0.40971140462162,17,"Bcdin3d Trub1 Dgcr8 Ripk1 Zmpste24 Zfp36 Pum2 Adar Tgfb1 Tial1 Dnd1 Ago2 Pum1 Zc3h10 Stat3 Focad Elavl1"
"GOBP_REGULATION_OF_POST_TRANSLATIONAL_PROTEIN_MODIFICATION",0.578420389073823,1,1,196,0.153904332264248,68,"P3h1 Angpt1 Cdk1 Cdc14b Bag2 Gbp4 Dcun1d4 Bmi1 Dcun1d2 Hmg20a Ptpn22 Siah2 Mapk8 Fbxw7 Tes3-ps Arrb1 Aimp2 Hspa5 Hsp90aa1 Pinx1 Pink1 Cry1 Nod2 Gnl3 Ube2l3 Npm1 Tsg101 Prmt3 Tank Wfs1 Fancm Hmg20b Plaa Ticam1 Otud4 Ripk2 Kdm1a Mta1 Pdcd6 Tollip Gtpbp4 Tgfbr1 Fbxo4 N4bp1 Hdac4 Sae1 Gclc Ube2v2 U2af2 Mycbp2 Fbxo33 Crtap Abca2 Mastl Hsp90ab1 Atg7 Bag5 Rela Wdr48 Gsk3b Svbp Ubxn2a Mad2l2 Senp2 Ube3a Rnf111 Ivns1abp Gnl3l"
"GOBP_REGULATION_OF_POTASSIUM_ION_TRANSMEMBRANE_TRANSPORT",-0.927965359678757,0.566797940018176,1,25,-0.306484422144591,9,"Atp1b1 Flna Crbn Nedd4l Nedd4 Bin1 Cab39 Wwp2 Prnp"
"GOBP_REGULATION_OF_POTASSIUM_ION_TRANSPORT",-1.13578235930732,0.264815970056145,1,32,-0.354689324609391,11,"Adrb2 Atp1b1 Flna Crbn Nedd4l Nedd4 Bin1 Cab39 Wwp2 Prnp Ptk2b"
"GOBP_REGULATION_OF_PRODUCTION_OF_MOLECULAR_MEDIATOR_OF_IMMUNE_RESPONSE",1.12752045173483,0.244607039233001,1,119,0.317591935644049,33,"6030468B19Rik Cd27 Fcer1g Angpt1 Lilrb4a Prkcz Hmox1 Vsir Tlr4 Tnfrsf1b Sema7a Mlh1 Shld3 Mzb1 Tlr7 Nr4a3 Ppl Ptpn22 Mif Tlr2 Dhx36 Traf2 Jak3 Xbp1 Shld1 Kmt5b Nod2 Atad5 Fzd5 Tnfrsf14 Prkdc Exosc3 Calhm6"
"GOBP_REGULATION_OF_PROGRAMMED_NECROTIC_CELL_DEATH",-0.749719559318034,0.834595577097849,1,25,-0.247614163084308,4,"Spata2 Zbp1 Ripk1 Cyld"
"GOBP_REGULATION_OF_PROTEASOMAL_PROTEIN_CATABOLIC_PROCESS",0.688049209515044,0.987441130298273,1,167,0.185913293751418,52,"Trf Apoe Fhit Aurka Tmem67 Plk2 Bag2 Pkd1 Plk3 Fbxw8 Rybp Mapk8 Fbxw7 Desi1 Det1 Clec16a Xbp1 Gipc1 Btrc Dvl1 Cbx4 Paqr3 Psme2 Tmtc3 Socs4 Rnf185 Pithd1 Trib1 Bag6 Sco1 Psme3 Xpo1 Csnk2a2 Psma7 N4bp1 Gclc Ube2v2 Rad23b Kat2a Psmd14 Psmb7 Fmr1 Smarcc1 Glmn Hsp90ab1 Atg7 Bag5 Psme1 Gsk3b Plk1 Ubxn2a Rad23a"
"GOBP_REGULATION_OF_PROTEASOMAL_UBIQUITIN_DEPENDENT_PROTEIN_CATABOLIC_PROCESS",0.629290177257272,0.991550377672513,1,110,0.178909247443476,13,"Trf Fhit Aurka Plk2 Bag2 Plk3 Fbxw8 Rybp Mapk8 Fbxw7 Desi1 Det1 Clec16a"
"GOBP_REGULATION_OF_PROTEIN_ACETYLATION",0.564797193046313,0.952321007081039,1,13,0.239412854437496,4,"Xbp1 Dip2a Sirt3 Hdac2"
"GOBP_REGULATION_OF_PROTEIN_AUTOPHOSPHORYLATION",0.654965330588773,0.901242140775955,1,17,0.260817567826456,4,"Vegfa Rap2a Mob1b Prlr"
"GOBP_REGULATION_OF_PROTEIN_CATABOLIC_PROCESS",0.695560731581099,0.996489638772506,1,281,0.179119583347812,23,"Trf Zdhhc2 Laptm4b App Apoe Smad3 Timp2 Fhit Aurka Tnfrsf1b Rgp1 Oaz2 Tmem67 Trim32 Plk2 Bag2 Pkd1 Lpcat1 Plk3 Rhbdd3 Fbxw8 Adam9 Tspan5"
"GOBP_REGULATION_OF_PROTEIN_COMPLEX_STABILITY",-1.164692885387,0.263717322608446,1,17,-0.422523357902044,3,"Irgm2 Washc4 Irgm1"
"GOBP_REGULATION_OF_PROTEIN_CONTAINING_COMPLEX_ASSEMBLY",-0.939716723843091,0.728585178055823,1,311,-0.204024433846924,44,"Stmn1 Aida Irgm2 Lgals3 Rab3a Thra Hes1 Sorl1 Pex5 Carmil1 Fas Bcl2l11 Myadm Syk Ptger4 Nr1h2 Eps8 Add3 Stxbp1 Psen2 Crbn Mtpn Map2 Snx9 Stxbp5 Nme7 Xaf1 Tnf Add1 Eif4ebp1 Dbnl Tpm1 Ctnnbip1 Cotl1 Lats2 Hspa1b Tmod3 Sptan1 Abhd8 Dut Osbpl2 Lmo4 Gbp5 Irgm1"
"GOBP_REGULATION_OF_PROTEIN_CONTAINING_COMPLEX_DISASSEMBLY",-1.13583519105691,0.19768991559307,1,105,-0.281906396853523,25,"Adrb2 Irgm2 Prr3 Diaph3 Rubcn Carmil1 Cib1 Eps8 Add3 Tpx2 Mtpn Map2 Tnf Add1 Tpm1 Tmod3 Sptan1 Tecpr1 Irgm1 Zmpste24 Ccdc88c Swap70 Ckap2 Dstn Camsap1"
"GOBP_REGULATION_OF_PROTEIN_DEACETYLATION",-0.688398942983023,0.88412272862675,1,22,-0.234234229713055,9,"Wdr5 Kat2b Kat14 Yeats2 Hdac6 Sirt1 Fry Ep300 Ccar2"
"GOBP_REGULATION_OF_PROTEIN_DEPOLYMERIZATION",-1.00873523091066,0.434552998868352,1,66,-0.271540633921745,18,"Diaph3 Carmil1 Cib1 Eps8 Add3 Tpx2 Mtpn Map2 Add1 Tpm1 Tmod3 Sptan1 Ccdc88c Swap70 Ckap2 Dstn Camsap1 Twf2"
"GOBP_REGULATION_OF_PROTEIN_DEUBIQUITINATION",-1.1103957827267,0.329028786655905,1,11,-0.449951600886632,2,"Dnajb2 Tnip1"
"GOBP_REGULATION_OF_PROTEIN_EXIT_FROM_ENDOPLASMIC_RETICULUM",-1.03467936885612,0.411088767595519,1,17,-0.375357492748649,4,"Sorl1 Yod1 Edem2 Insig1"
"GOBP_REGULATION_OF_PROTEIN_EXPORT_FROM_NUCLEUS",-0.635781435773714,0.957653701380176,1,33,-0.198037981701411,3,"Sirt6 Ptpn14 Sp100"
"GOBP_REGULATION_OF_PROTEIN_FOLDING",-1.05166499009041,0.39232289020604,1,15,-0.393816467415381,3,"Dnajb2 Pdcl3 Pdcl"
"GOBP_REGULATION_OF_PROTEIN_IMPORT_INTO_NUCLEUS",0.89935201267413,0.640622827749201,1,54,0.284370268891618,16,"Angpt1 Cdk1 Ect2 Gbp4 Ptpn22 Akap5 Nolc1 Nup54 Xbp1 Hsp90aa1 Ipo5 Ran Ubr5 Dmap1 Pkig Tardbp"
"GOBP_REGULATION_OF_PROTEIN_K63_LINKED_UBIQUITINATION",0.907716723476881,0.601518026565465,1,12,0.392309124045943,5,"Ptpn22 Nod2 Plaa Ripk2 Ube2v2"
"GOBP_REGULATION_OF_PROTEIN_LOCALIZATION_TO_CELL_PERIPHERY",0.823697137345205,0.814687100893997,1,111,0.233793236613289,7,"Iqsec2 Zdhhc2 Neto2 Vps26b Tmbim1 Prkcz Stac2"
"GOBP_REGULATION_OF_PROTEIN_LOCALIZATION_TO_CELL_SURFACE",1.07377129805337,0.366833431430253,1,32,0.374362480915663,6,"Cd247 Fcer1g Gpm6b Plk2 Gopc Egf"
"GOBP_REGULATION_OF_PROTEIN_LOCALIZATION_TO_CENTROSOME",1.08958225450684,0.368686073957514,1,13,0.461864897537717,2,"Bicd1 Rab11fip3"
"GOBP_REGULATION_OF_PROTEIN_LOCALIZATION_TO_CHROMATIN",-1.50506816544038,0.0660817109953386,1,13,-0.583684827552702,7,"Sirt6 Jak2 Spi1 Cdk9 Pias4 Prkaca Setd2"
"GOBP_REGULATION_OF_PROTEIN_LOCALIZATION_TO_CILIUM",-0.899013808716662,0.570781125033324,1,10,-0.37430413430858,2,"Crocc Ccdc88a"
"GOBP_REGULATION_OF_PROTEIN_LOCALIZATION_TO_ENDOSOME",1.05389329126171,0.409708131730919,1,14,0.438290935556573,2,"Zdhhc1 Vegfa"
"GOBP_REGULATION_OF_PROTEIN_LOCALIZATION_TO_MEMBRANE",0.776915946966167,0.893785310734463,1,123,0.217894176381792,11,"Iqsec2 Zdhhc2 Neto2 Vps26b Tmbim1 Prkcz Stac2 Kif2c Camk2g Prkci Git1"
"GOBP_REGULATION_OF_PROTEIN_LOCALIZATION_TO_NUCLEOLUS",1.35336261098905,0.118701007838746,1,10,0.612166200691118,4,"Sigmar1 Nmd3 Pinx1 Npm1"
"GOBP_REGULATION_OF_PROTEIN_LOCALIZATION_TO_NUCLEUS",0.719822104209703,0.960415883752975,1,126,0.201220514593827,29,"App Angpt1 Maged1 Cdk1 Sigmar1 Ect2 Gbp4 Ctnna1 Ptpn22 Nmd3 Akap5 Mfhas1 Nolc1 Nup54 Xbp1 Hsp90aa1 Pinx1 Ipo5 Sesn2 Mepce Ran Limk2 Ubr5 Npm1 Dmap1 Pkig Tardbp Nf2 Ipo7"
"GOBP_REGULATION_OF_PROTEIN_LOCALIZATION_TO_PLASMA_MEMBRANE",-0.805439060158737,0.876960193003619,1,80,-0.209519040540557,17,"Lgals3 Sorbs1 Sirt6 Cib1 Mmp14 Tnf Bcl2l1 Sfn Csk Ldlrap1 Appl1 Acsl3 Zdhhc5 Cnst Abi3 Lyn Prnp"
"GOBP_REGULATION_OF_PROTEIN_LOCALIZATION_TO_SYNAPSE",1.26920319518648,0.159677660050739,1,25,0.464760920462139,4,"Iqsec2 Neto2 Vps26b Prkcz"
"GOBP_REGULATION_OF_PROTEIN_MATURATION",0.981327369823521,0.497542642382191,1,37,0.332216642819128,5,"Ift88 Rps6ka2 Cdk20 Nlrc4 Bag2"
"GOBP_REGULATION_OF_PROTEIN_NEDDYLATION",1.28996729527787,0.166373380259159,1,10,0.583490612016354,3,"Dcun1d4 Dcun1d2 Tes3-ps"
"GOBP_REGULATION_OF_PROTEIN_POLYMERIZATION",-0.835796948777865,0.891836734693878,1,136,-0.20107927542847,37,"Stmn1 Carmil1 Myadm Eps8 Add3 Mtpn Map2 Snx9 Nme7 Add1 Dbnl Tpm1 Cotl1 Hspa1b Tmod3 Sptan1 Nck2 Camsap1 Vasp Eml2 Pycard Twf2 Bin1 Slain1 Ptk2b Baiap2 Gba2 Map3k1 Plekhg2 Hip1r Coro1a Ppp2cb Arpc5l Pak1 Capza2 Grb2 Dyrk1a"
"GOBP_REGULATION_OF_PROTEIN_POLYUBIQUITINATION",-0.492770948551256,0.993011242783349,1,24,-0.164293178291534,2,"Skp2 Nmi"
"GOBP_REGULATION_OF_PROTEIN_SECRETION",-0.99243798371415,0.489336492890995,1,171,-0.230787477416559,31,"Ccl5 Rapgefl1 Acsl4 Adora2a Cdk16 Kcnb1 Anxa1 Slc8b1 Sirt6 Cyp51 Irs2 Rph3al Pde4c Cd38 Ptger4 Nr1h2 Jak2 Myo18a Tcf7l2 Tnf Trpm5 Foxo1 Osbp Ndufaf2 Birc5 Ensa Aacs Pck2 Neo1 Ffar1 Srebf1"
"GOBP_REGULATION_OF_PROTEIN_SERINE_THREONINE_KINASE_ACTIVITY",-1.24200829841025,0.0847069597069597,1,112,-0.30508018231737,41,"Aida Irgm2 Rasgrp1 Gadd45a Cib1 Cdk5rap1 Casp3 Pik3cg Dusp10 Syk Kat2b Ager Tnf Lats2 Rgs14 Fgd2 Stk38 Sfn Irgm1 Csk Pik3r5 Hgs Men1 Heg1 Cdkn2c Rapgef2 Map3k10 Kras Syap1 Pycard Ceacam1 Lyn Ptprc Mapk7 Ptk2b Map3k4 Zeb2 Map3k1 Iqgap1 Pkib Hmgcr"
"GOBP_REGULATION_OF_PROTEIN_STABILITY",-0.692492217447606,1,1,301,-0.150766370517645,82,"Irgm2 Pak4 Hip1 Bcl2 Atp1b1 Sirt6 Mylip Lss Flna Casp3 Apbb2 Ift46 Taf9b Usp18 Stxbp1 Chp1 Pdcl3 Ctsa Trim37 Tsc1 Otud3 Cmtm6 Morc3 Tuba1a Cenpe Lmna Hspa1b Isoc2b Nedd4l Tti1 Tbl1x Stk4 Irgm1 Crebl2 Mcm8 Usp46 Srebf1 Qrsl1 Wnt10b Ccdc88c Mtrr Apbb1 Pex6 Akt2 Ufl1 Cd74 Pml Bag1 Wiz Smad7 Pycard Hcfc1 Mfsd8 Usp38 Aptx Prnp Hdac6 Rnf5 Mdm2 Cblb Cep63 Ppp1r10 Tcf3 Hps4 Herc2 Hip1r Usp12 Ube2b Taf9 Ctsh Hypk Fnip1 Otud5 Pim1 Tmc6 Dazap2 Pten Vps35 Mdm4 Lamp1 Pim2 Sirt1"
"GOBP_REGULATION_OF_PROTEIN_SUMOYLATION",-1.07104632786158,0.365176745544844,1,19,-0.377393576938901,3,"Egr1 Arnt Rwdd3"
"GOBP_REGULATION_OF_PROTEIN_TARGETING",-1.02219306771028,0.406649616368286,1,35,-0.314399629031099,9,"Kcnb1 Cib1 Mief2 Chp1 Nucb1 Bnip3l Fyn Srebf1 Akt2"
"GOBP_REGULATION_OF_PROTEIN_TARGETING_TO_MEMBRANE",-1.00906583077145,0.448128993002738,1,23,-0.341087497511795,9,"Kcnb1 Cib1 Mief2 Chp1 Fyn Akt2 Prnp Itgam Pak1"
"GOBP_REGULATION_OF_PROTEIN_TARGETING_TO_MITOCHONDRION",-0.446917898434782,0.994888350820554,1,11,-0.181098872126313,2,"Bnip3l Srebf1"
"GOBP_REGULATION_OF_PROTEIN_TYROSINE_KINASE_ACTIVITY",0.944527551438557,0.547757413202205,1,24,0.348754344337557,9,"Zfyve28 Srcin1 Cass4 Itgb3 Vps25 Egf Tsg101 Chmp6 Csf1r"
"GOBP_REGULATION_OF_PROTEIN_UBIQUITINATION",0.525684118331532,1,1,158,0.142888792870066,54,"Angpt1 Cdk1 Cdc14b Bag2 Gbp4 Bmi1 Ptpn22 Siah2 Mapk8 Fbxw7 Tes3-ps Arrb1 Aimp2 Hspa5 Hsp90aa1 Pinx1 Pink1 Cry1 Nod2 Ube2l3 Npm1 Tsg101 Prmt3 Wfs1 Fancm Plaa Ticam1 Ripk2 Kdm1a Mta1 Pdcd6 Gtpbp4 Tgfbr1 Fbxo4 N4bp1 Gclc Ube2v2 U2af2 Mycbp2 Fbxo33 Mastl Hsp90ab1 Atg7 Bag5 Wdr48 Gsk3b Svbp Ubxn2a Mad2l2 Senp2 Ube3a Rnf111 Ivns1abp Gnl3l"
"GOBP_REGULATION_OF_PROTEOLYSIS",0.821575585634386,0.897578089633318,1,282,0.211477940364437,24,"Ift88 Trf Cln6 Asph Rps6ka2 App Apoe Timp2 Fhit Ptk2 Aurka Vsir Tnfrsf1b Nlrc4 Tmem67 Cdk1 Trim32 Plk2 Bag2 Pkd1 Plk3 Fbxw8 Adam9 Tspan5"
"GOBP_REGULATION_OF_PROTEOLYSIS_INVOLVED_IN_PROTEIN_CATABOLIC_PROCESS",0.610507127226434,0.99988155868767,1,196,0.162441873649714,59,"Trf Apoe Fhit Ptk2 Aurka Tmem67 Cdk1 Plk2 Bag2 Pkd1 Plk3 Fbxw8 Rybp Mapk8 Fbxw7 Desi1 Det1 Clec16a Egf Xbp1 Gipc1 Btrc Dvl1 Cbx4 Paqr3 Psme2 Tmtc3 Socs4 Rnf185 Pithd1 Trib1 Bag6 Sco1 Psme3 L3mbtl3 Xpo1 Csnk2a2 Psma7 N4bp1 Hipk2 Sufu Gclc Ube2v2 Rad23b Kat2a Psmd14 Psmb7 Fmr1 Smarcc1 Glmn Hsp90ab1 Atg7 Bag5 Psme1 Tmem168 Gsk3b Plk1 Ubxn2a Rad23a"
"GOBP_REGULATION_OF_RAC_PROTEIN_SIGNAL_TRANSDUCTION",-0.687290005984566,0.894257064721969,1,24,-0.229147152085948,9,"Pik3cg Dag1 Cdkl5 Fnta Kras Ccr7 Kbtbd7 Dnm2 Dock2"
"GOBP_REGULATION_OF_RAS_PROTEIN_SIGNAL_TRANSDUCTION",-0.714550121334971,0.903132992327366,1,35,-0.21977677228341,3,"Rasgrp1 Rasa3 Csf1"
"GOBP_REGULATION_OF_REACTIVE_OXYGEN_SPECIES_BIOSYNTHETIC_PROCESS",-0.87568553569293,0.668034080151467,1,34,-0.271243292867329,8,"Rab27a Fas Slc5a3 Mpv17l Fyn Hvcn1 Sphk2 Ptgr1"
"GOBP_REGULATION_OF_REACTIVE_OXYGEN_SPECIES_METABOLIC_PROCESS",-0.903478746335773,0.690786516853933,1,106,-0.2242742242373,17,"Coq7 Rab27a Ngfr Gadd45a Fas Tigar Syk Acp5 Slc5a3 Ager Tnf Mpv17l Ripk1 Foxo1 G6pdx Gnai2 Fyn"
"GOBP_REGULATION_OF_RECEPTOR_CATABOLIC_PROCESS",-0.915829959343375,0.557976863061609,1,11,-0.371110159779773,2,"Anxa2 Mylip"
"GOBP_REGULATION_OF_RECEPTOR_CLUSTERING",0.807420867545961,0.735267175572519,1,18,0.317488090667043,3,"Zdhhc2 Git1 Fzd9"
"GOBP_REGULATION_OF_RECEPTOR_INTERNALIZATION",0.93223200703911,0.586477554392729,1,61,0.288937238532286,14,"Iqsec2 App Angpt1 Vegfa Plk2 Pacsin1 Itgb3 Rabep1 Ncdn Atad1 Akap5 Arrb1 Scrib Egf"
"GOBP_REGULATION_OF_RECEPTOR_LOCALIZATION_TO_SYNAPSE",1.46242939282237,0.0438311688311688,1,30,0.515601037116879,7,"Iqsec2 Zdhhc2 Neto2 Vps26b Prkcz Kif2c Itgb3"
"GOBP_REGULATION_OF_RECEPTOR_MEDIATED_ENDOCYTOSIS",0.968145492937061,0.526315789473684,1,87,0.284381369532275,17,"Iqsec2 Trf Bicd1 App Angpt1 Neu3 Vegfa Plk2 Pacsin1 Itgb3 Rabep1 Ncdn Atad1 Akap5 Arrb1 Scrib Egf"
"GOBP_REGULATION_OF_RECEPTOR_RECYCLING",-1.36584958800634,0.115196782533755,1,17,-0.49549830822724,5,"Anxa2 Rab29 Psen2 Ldlr Inpp5f"
"GOBP_REGULATION_OF_RECEPTOR_SIGNALING_PATHWAY_VIA_STAT",-0.957069287367293,0.535216434336024,1,62,-0.26019908922218,23,"Ccl5 Hes1 Hes5 Gadd45a Jak2 Parp14 Bcl3 Hgs Vhl Calm1 Ifnar1 Ptprc Fam3c Ptk2b Il10ra Jak1 Crlf3 Socs2 Ggnbp2 Calm3 Mst1 Gh Elp2"
"GOBP_REGULATION_OF_REGULATED_SECRETORY_PATHWAY",-0.880374222683864,0.732377049180328,1,87,-0.225062742246669,23,"Rab3a Rab27a Kcnb1 Cacna1i Braf Rph3al Syk Stxbp1 Stxbp5 Mical1 Bcl2l1 Fbxo45 D6Wsu163e Gnai2 Calm1 Sphk2 Ap1g1 Cask Snap29 Ceacam1 Snx4 Lgals9 Lyn"
"GOBP_REGULATION_OF_REGULATORY_NCRNA_PROCESSING",-1.55365477604275,0.0521926284638149,1,11,-0.629567821294272,5,"Bcdin3d Trub1 Dgcr8 Ripk1 Zmpste24"
"GOBP_REGULATION_OF_REGULATORY_T_CELL_DIFFERENTIATION",-1.08772828770215,0.331055900621118,1,29,-0.34875077108633,5,"Fanca Dusp10 Drosha Cd46 Bcl6"
"GOBP_REGULATION_OF_RELEASE_OF_CYTOCHROME_C_FROM_MITOCHONDRIA",0.598854978006399,0.971889865936284,1,39,0.200957417122772,3,"Tnfsf10 Plscr3 Bmf"
"GOBP_REGULATION_OF_RELEASE_OF_SEQUESTERED_CALCIUM_ION_INTO_CYTOSOL",1.46003107524577,0.0451049985211476,1,31,0.512338700536572,5,"Slc8a1 Lime1 Fcrl5 Gsto1 Tmem38b"
"GOBP_REGULATION_OF_RELEASE_OF_SEQUESTERED_CALCIUM_ION_INTO_CYTOSOL_BY_SARCOPLASMIC_RETICULUM",1.32860372142779,0.137096774193548,1,12,0.57421368217283,3,"Slc8a1 Gsto1 Tmem38b"
"GOBP_REGULATION_OF_REPRODUCTIVE_PROCESS",1.02779982055158,0.412243264870632,1,77,0.306988196105033,24,"Rps6ka2 Hpgds Aurka Vegfa Cacna1h Syde1 Osm Ada Npr2 Kif9 Snai1 Wapl Cdc25a Wdr77 Calr Stk3 Stk35 Prdm9 Zwint Tpst2 Mettl3 Ccr6 Acvr1b Anxa5"
"GOBP_REGULATION_OF_RESPIRATORY_BURST",1.105940467719,0.358822588385858,1,10,0.500249799142393,1,"Jchain"
"GOBP_REGULATION_OF_RESPIRATORY_GASEOUS_EXCHANGE",-1.16004892084365,0.286856838176486,1,10,-0.482986026312343,3,"Cc2d1a Slc5a3 Mtg2"
"GOBP_REGULATION_OF_RESPONSE_TO_BIOTIC_STIMULUS",0.780765260110748,0.974021774280479,1,437,0.194882429417648,58,"Cd300lf Zdhhc1 Serpinb9 C1qtnf4 Il12rb1 Rbm47 Dtx4 Myo1f Nlrx1 App Gm6377 Ralb Apoe Rnf135 Ahr Il15 Sirpa Pvr Klrb1f Tlr4 Ptprs Slc15a2 Ifih1 Nlrc4 Tlr6 Ercc6 Trim32 Fgl2 Alpk1 Hspd1 Rasgrp4 Gbp4 Ddx60 Il12a Fosl1 Rnf26 Traf3ip1 Plscr1 Spn Tlr7 Klhl22 Ppl Dpp4 Ptpn22 Ccr1 Mapk8 Sec14l1 Mif Trim56 Letmd1 Slc19a1 Dhx33 Tlr2 Nlrp10 Fgr Mfhas1 Atat1 Traf2"
"GOBP_REGULATION_OF_RESPONSE_TO_CYTOKINE_STIMULUS",-0.989725236819748,0.490621915103652,1,124,-0.240909273095828,23,"Ccl5 Irgm2 Naip5 Csf1 Cxcr4 Rffl Spata2 Syk Usp18 Tle5 Tax1bp1 Oas1a Irf7 Parp9 Zbp1 Ripk1 Hspa1b Cyld Parp14 Klf4 Padi2 Samhd1 Ttll12"
"GOBP_REGULATION_OF_RESPONSE_TO_ENDOPLASMIC_RETICULUM_STRESS",0.635545708076819,0.982003760408273,1,71,0.192177822457611,31,"App Mbtps2 Tmem67 Sigmar1 Manf Hyou1 Hspa5 Xbp1 Atad3a Ern1 Atf6 Wfs1 Pdia6 Rnf185 Ikbkg Bag6 Dnajb9 Creb3 Eif2ak3 Ficd Ptpn2 Ubxn2a Usp14 Lpcat3 Grina Herpud1 Ddit3 Akt1 Igtp Serinc3 Ptpn1"
"GOBP_REGULATION_OF_RESPONSE_TO_NUTRIENT_LEVELS",-0.67372849452652,0.879198419418572,1,15,-0.252290775305459,2,"Bcl2 Nucb2"
"GOBP_REGULATION_OF_RESPONSE_TO_OXIDATIVE_STRESS",1.17497024911955,0.24861960901358,1,25,0.430254396275921,5,"Mctp1 Fut8 Ncoa7 Meak7 Slc25a14"
"GOBP_REGULATION_OF_RESPONSE_TO_TYPE_II_INTERFERON",-1.301726647102,0.169491525423729,1,11,-0.527482180580736,4,"Irgm2 Parp9 Parp14 Irgm1"
"GOBP_REGULATION_OF_RESPONSE_TO_WOUNDING",-0.944226612967248,0.576892109500805,1,79,-0.246239742925445,17,"Anxa2 Anxa1 Hpse Plaur Cxcr4 Tbxa2r Braf Flna Ptger4 Siglecg Tnf Kremen1 Klf4 Tmx1 Xylt1 Inpp5f Neo1"
"GOBP_REGULATION_OF_RETROGRADE_PROTEIN_TRANSPORT_ER_TO_CYTOSOL",-0.816521322362619,0.69437718590261,1,11,-0.33086858025789,2,"Yod1 Edem2"
"GOBP_REGULATION_OF_RHO_PROTEIN_SIGNAL_TRANSDUCTION",-0.893158207550036,0.674393723252496,1,58,-0.245185689700749,9,"Stmn1 Ccdc125 Ngfr Arhgef18 Tnfaip1 Eps8 Ripor2 Bcl6 Net1"
"GOBP_REGULATION_OF_RIG_I_SIGNALING_PATHWAY",0.809657206431928,0.725348872872259,1,17,0.322418322760546,4,"Nlrx1 Ddx60 Sec14l1 Rnf125"
"GOBP_REGULATION_OF_RNA_SPLICING",0.658819171349215,0.994998170062218,1,158,0.179076888250934,77,"Rbm47 Celf4 Habp4 Rrp1b Wdr77 Zfp326 Upf3a Rbm15 Slirp Tada2b Ern1 Npm1 Celf2 Rbmx Pcbp4 Clns1a Prdx6 Smn1 Mettl16 Cdk12 Sfswap Clk2 Pqbp1 Ptbp2 Srsf2 Zpr1 C1qbp Wtap Upf1 Srsf5 Fus Rbm8a U2af2 Kat2a Zfp64 Prmt5 Fmr1 Taf12 Thrap3 Mettl4 Sap30bp Snrnp70 Ccnl1 Larp7 Tra2a Srsf7 Taf10 Srsf4 Rbm10 Arglu1 Slc38a2 Fastk Supt20 Mbnl1 Hnrnpa1 Hspa8 Sf3b3 Ildr1 Eny2 Prpf19 Son Mbnl2 Hnrnpk Tia1 Khdrbs3 Hnrnph1 Rbm38 Jmjd6 Angel2 Sgf29 Srsf3 Tra2b Rbm19 Hnrnph3 Thumpd2 Rbpms Ythdc1"
"GOBP_REGULATION_OF_RNA_STABILITY",0.969002222959558,0.535073807490545,1,157,0.263500067438138,49,"Rbm47 Igf2bp3 Zc3h12c Vegfa Plxnb2 Tnfrsf1b Noct Tent5c Fastkd3 Rnasel Mlh1 Naf1 Ddx49 Fastkd1 Mapk8 Mettl1 Wdr4 Plekhn1 Dhx36 Traf2 Dcp1a Mettl3 Zc3h12d E2f1 Rc3h2 Npm1 Ikbke Larp1 Pcbp4 Tardbp Eif4enif1 Mettl16 Cirbp Tnrc6c Pabpc4 Dis3l2 Tob1 Fxr1 Paip1 Ythdf1 Cnot6l Upf1 Tent4b Dkc1 Fus Apex1 Dcp2 Secisbp2 Fmr1"
"GOBP_REGULATION_OF_RRNA_PROCESSING",0.841464070509139,0.686014201914171,1,16,0.339298815604252,4,"Usp36 Ncl Dimt1 Heatr1"
"GOBP_REGULATION_OF_RUFFLE_ASSEMBLY",-1.04612287566006,0.391846668694859,1,23,-0.353613632398927,4,"Tacstd2 Wdpcp Eps8 Plekhm1"
"GOBP_REGULATION_OF_SECRETION",0.786050547643929,0.957514897373648,1,356,0.199037107094385,64,"Mctp1 P3h1 Fcer1g C2cd2l Apoe Srcin1 Rab37 Tspoap1 Kcnn4 Stxbp4 Rab11fip3 Hmox1 Ggcx Abr Hmgn3 Chrnb2 Cacna1d Slc12a2 Tlr4 Smpd3 Doc2a Cacna1h Tnfrsf1b Rab3b Slc16a1 Pfn2 Osm Pde3b Ada Erbb3 C9orf72 Ptpmt1 Il12a Tm7sf3 Snap23 Cacna1a Rhbdd3 Adam9 Git1 Ncoa6 Rgcc Hrh2 Pfkfb2 Ric1 Kcnc3 Mif Notch1 Apbb3 Pfkl Tiam1 Arrb1 Tlr2 Fes Slc25a22 Fgr Cspg5 Rab11fip1 Bsg Egf Xbp1 Dnajc1 Slc30a1 Nrxn1 Rhbdd1"
"GOBP_REGULATION_OF_SIGNALING_RECEPTOR_ACTIVITY",1.05203208631792,0.400752445447705,1,22,0.395338122705131,5,"Rasgrf2 Zfyve28 Lynx1 Ppargc1a Vps25"
"GOBP_REGULATION_OF_SIGNAL_TRANSDUCTION_BY_P53_CLASS_MEDIATOR",0.440383742004754,1,1,78,0.131184457346244,25,"Smyd2 Snai1 Mif Pmaip1 Eef1e1 Spred2 Npm1 Atad5 Myc Znhit1 Bcl2l12 Pcbp4 Nop2 Eif5a Sox4 Kdm1a Atr Kdm8 Rrn3 Rrs1 Trim24 Triap1 Smarca4 Kmt5a Senp2"
"GOBP_REGULATION_OF_SISTER_CHROMATID_COHESION",0.965161353338903,0.521597770552717,1,15,0.394901049496637,8,"Wapl Fen1 Slf1 Smc5 Recql4 Tnks Sgo2a Nsmce2"
"GOBP_REGULATION_OF_SISTER_CHROMATID_SEGREGATION",-0.705876730135146,0.981628392484342,1,88,-0.180620162298178,15,"Spdl1 Cit Cdc20 Mad2l1 Tacc3 Ube2c Bub1b Kat2b Smarcc2 Cenpe Birc5 Bcl7a Smarcd1 Brd7 Smarcd2"
"GOBP_REGULATION_OF_SKELETAL_MUSCLE_TISSUE_DEVELOPMENT",-0.98280681321203,0.475955967555041,1,18,-0.351146532682306,4,"Adrb2 Bcl2 Tsc22d3 Tcf7l2"
"GOBP_REGULATION_OF_SMAD_PROTEIN_SIGNAL_TRANSDUCTION",1.52502213002637,0.0251803858047416,1,28,0.544879096160671,5,"Eng Eid2 Bmpr2 Smad3 Gdf11"
"GOBP_REGULATION_OF_SMALL_GTPASE_MEDIATED_SIGNAL_TRANSDUCTION",-0.822844167173216,0.927470017133067,1,165,-0.192162293664507,31,"Stmn1 Reln Rasgrp1 Rasa3 Ccdc125 Ngfr Csf1 Arhgef18 Pik3cg Tnfaip1 Rap1gap Eps8 Dennd4c Dag1 Cdkl5 Ripor2 Dennd4a Bcl6 Dennd4b Net1 Cyth1 Fbxo8 Arhgap12 Ripor1 Psd4 Ralgps1 Heg1 Dgkz Notch2 Fnta Kras"
"GOBP_REGULATION_OF_SMALL_MOLECULE_METABOLIC_PROCESS",0.674176356803942,0.996042369922011,1,219,0.177244325941109,54,"Ppp1r3e App Apoe Dkkl1 Ggcx Mbtps2 Mtln Zbtb20 Angptl4 Ttc39b Ankrd26 Fabp5 Ppargc1a Atpsckmt Cacna1a Git1 Snai1 Hsd11b1 Cd320 Mlycd Dgkq Pfkfb1 Tpk1 Bend3 Pmaip1 Arrb1 Ctdspl2 Zfp692 Fdx1 Jmjd8 Epm2aip1 Lcmt1 Amdhd2 Dgat1 Sesn2 Kpnb1 Cln3 Acsl5 Cry1 Cpt1a Gfi1 Prmt3 C1qtnf12 Myc Pex2 Ppp4r3a Nme2 Sik2 Entpd1 Lonp2 Paqr3 Sirt5 Pdk1 Plaa"
"GOBP_REGULATION_OF_SMOOTHENED_SIGNALING_PATHWAY",1.50747092763036,0.0190436474840145,1,55,0.475302383055922,21,"Intu Arl6 Gas8 Armc9 Cdk20 Gorab Runx2 Rpgrip1l Ctnna1 Ift140 Ptch1 Traf3ip1 Tmem216 Kctd6 Wdr11 Ttbk2 Kctd11 Ttc21b Fbxl17 Ubr5 Rb1"
"GOBP_REGULATION_OF_SMOOTH_MUSCLE_CELL_DIFFERENTIATION",1.18244867911198,0.252653927813163,1,20,0.453812834664381,4,"Eng Nfatc1 Notch1 Sod2"
"GOBP_REGULATION_OF_SMOOTH_MUSCLE_CONTRACTION",-1.20566705658061,0.22900113507378,1,16,-0.443020990559298,3,"Adrb2 Tbxa2r Ptger4"
"GOBP_REGULATION_OF_SODIUM_ION_TRANSMEMBRANE_TRANSPORT",-0.701402614731324,0.855446118192352,1,18,-0.250603773667646,3,"Atp1b1 Chp1 Nedd4l"
"GOBP_REGULATION_OF_SODIUM_ION_TRANSPORT",0.754699949148737,0.846475421652011,1,39,0.253254223565954,2,"Slc8a1 Fgf13"
"GOBP_REGULATION_OF_SPHINGOLIPID_BIOSYNTHETIC_PROCESS",0.632916149160631,0.9044908285895,1,12,0.27354214552825,7,"Smpd3 Sirt3 Abca2 Atg7 Pla2g6 Paqr4 Samd8"
"GOBP_REGULATION_OF_SPINDLE_ASSEMBLY",0.530732650795822,0.984832867029892,1,28,0.189626839751882,12,"Rcc1 Gpsm2 Cep97 Chmp4c Chmp6 Numa1 Nat9 Drg1 Senp6 Plk1 Dync1h1 Chmp1a"
"GOBP_REGULATION_OF_SPINDLE_CHECKPOINT",0.755801794681715,0.805820827648931,1,21,0.287266005325567,10,"Gen1 Ska3 Lcmt1 Zwint Cdca8 Ndc80 Dusp1 Aurkb Incenp Anapc15"
"GOBP_REGULATION_OF_SPINDLE_ORGANIZATION",-0.496937581693668,0.998042414355628,1,39,-0.148350510602208,6,"Tacc3 Tpx2 Ripor2 Hspa1b Eml3 Chmp7"
"GOBP_REGULATION_OF_SPROUTING_ANGIOGENESIS",0.863906146208746,0.660498433069691,1,25,0.316347939579433,3,"Dll1 S100a1 Vegfa"
"GOBP_REGULATION_OF_STEM_CELL_DIFFERENTIATION",-1.29770036707273,0.091500904159132,1,60,-0.354625414724438,7,"Tacstd2 Sox5 Hoxb4 Hes1 Hes5 Nr6a1 Sirt6"
"GOBP_REGULATION_OF_STEM_CELL_POPULATION_MAINTENANCE",-0.971820018413558,0.488563259471051,1,57,-0.267888007729815,12,"Sirt6 Sap30 Bclaf3 Ing1 Taf6l Bicra Brd9 Bcl7a Smarcd1 Nfya Lbh Cnot3"
"GOBP_REGULATION_OF_STEM_CELL_PROLIFERATION",-0.966161329873061,0.512612893179695,1,28,-0.312916259390422,9,"Sirt6 Taf4b Dgcr8 Atxn1l Irgm1 Hmgb2 Nfya Ptprc Kat7"
"GOBP_REGULATION_OF_STEROID_BIOSYNTHETIC_PROCESS",0.704979392014855,0.915100904662491,1,49,0.225766629629568,12,"Apoe Dkkl1 Ggcx Mbtps2 Ppargc1a Snai1 Dgkq Ddx20 Atp1a1 Kpnb1 Gfi1 Pex2"
"GOBP_REGULATION_OF_STEROID_METABOLIC_PROCESS",-0.815547009573164,0.826401446654611,1,60,-0.222866313238047,15,"Egr1 Fmo5 Dhcr7 H6pd Armc5 Gpr146 Insig2 Tnf Ldlr Srebf1 Stard4 Erlin1 Insig1 Srebf2 Lmf1"
"GOBP_REGULATION_OF_STEROL_TRANSPORT",-0.999567716981527,0.455144291091593,1,33,-0.311352867678514,4,"Pltp Anxa2 Nr1h2 Naxe"
"GOBP_REGULATION_OF_STRESS_ACTIVATED_PROTEIN_KINASE_SIGNALING_CASCADE",-0.9494004499521,0.534472049689441,1,29,-0.304399676586483,6,"Fas Scimp Dusp10 Foxo1 Nbr1 Zmpste24"
"GOBP_REGULATION_OF_STRIATED_MUSCLE_CELL_DIFFERENTIATION",-0.919256224404778,0.609330484330484,1,55,-0.254986182011122,10,"Thra Hdac9 Bcl2 Mmp14 Bhlhe41 Ccnd2 G6pdx Daxx Foxp1 Nln"
"GOBP_REGULATION_OF_STRIATED_MUSCLE_CONTRACTION",1.14162448064295,0.268848205276056,1,39,0.383094263853112,6,"Slc8a1 Fgf13 Ehd3 Cacna1h Gsto1 Tmem38b"
"GOBP_REGULATION_OF_SUBSTRATE_ADHESION_DEPENDENT_CELL_SPREADING",-1.24590578237326,0.146788990825688,1,40,-0.369147273703636,8,"Tacstd2 Carmil1 Cib1 Braf Flna Myadm Net1 Tesk1"
"GOBP_REGULATION_OF_SULFUR_METABOLIC_PROCESS",0.854613119450973,0.667033831628639,1,13,0.362263426388368,6,"Cacna1a Tpk1 Pdk1 Bckdk Pdk3 Eif2ak3"
"GOBP_REGULATION_OF_SUPEROXIDE_ANION_GENERATION",0.928453045667974,0.564979480164159,1,19,0.360418825439391,2,"App Pon3"
"GOBP_REGULATION_OF_SUPEROXIDE_METABOLIC_PROCESS",0.816256901415171,0.732081656981076,1,24,0.301392098124067,2,"App Pon3"
"GOBP_REGULATION_OF_SUPRAMOLECULAR_FIBER_ORGANIZATION",-0.922173061795255,0.748422712933754,1,250,-0.205228122821193,53,"Tacstd2 Stmn1 Cit Alms1 Diaph3 Ccdc88a Carmil1 Cib1 Braf Washc5 Flna Arhgef18 Myadm Ptger4 Eps8 Naa80 Add3 Tpx2 Mtpn Map2 S1pr1 Snx9 Tsc1 Nme7 Add1 Dbnl Tpm1 Cotl1 Hspa1b Tmod3 Sptan1 Washc4 Vbp1 Tesk1 Ldlr Arhgap6 Nck2 Mtss1 Washc2 Ccdc88c Swap70 Ckap2 Dstn Camsap1 Vasp Fhod1 Eml2 Pycard Twf2 Bin1 Pfdn4 Slain1 S100a10"
"GOBP_REGULATION_OF_SYNAPSE_MATURATION",-1.0900137617472,0.348856900931414,1,15,-0.408176912924078,2,"Reln Cdc20"
"GOBP_REGULATION_OF_SYNAPSE_STRUCTURE_OR_ACTIVITY",1.04867987042061,0.358995423072409,1,202,0.27776802738856,23,"Iqsec2 Slit1 Adgrl2 Tanc1 Nectin1 Tanc2 Xlr4b App Apoe Smad3 Srcin1 Ptk2 Rtn4rl2 Chrnb2 Amigo2 Marcks Cyfip1 Ptprs Srgap2 Sema7a Sigmar1 Carmil3 Amigo3"
"GOBP_REGULATION_OF_SYNAPTIC_PLASTICITY",-1.08137352809404,0.275961538461538,1,121,-0.263052987149555,21,"Adora2a Reln Egr1 Rab3a Nsmf Sorcs2 Cdc20 Kcnb1 Cplx2 Braf Cd38 Pirb Stxbp1 Psen2 Dag1 Itpr3 Arc Ager Bcl2l1 Alg13 Rgs14"
"GOBP_REGULATION_OF_SYNAPTIC_TRANSMISSION_GABAERGIC",-1.06780638133077,0.373986095017381,1,18,-0.381515983955077,5,"Adora2a Cnr2 Stxbp1 Usp46 Kras"
"GOBP_REGULATION_OF_SYNAPTIC_TRANSMISSION_GLUTAMATERGIC",-1.20886833285252,0.197446278417938,1,28,-0.39152318056597,5,"Adora2a Reln Homer3 Ngfr Stxbp1"
"GOBP_REGULATION_OF_SYNAPTIC_VESICLE_CYCLE",1.01070528651399,0.471599045346062,1,11,0.446927719164798,4,"Rab3b C9orf72 Cdk5r1 Nrxn1"
"GOBP_REGULATION_OF_SYNAPTIC_VESICLE_ENDOCYTOSIS",0.416044179255671,0.999555687203792,1,26,0.151169737751194,8,"Dgkq Kcnc3 Sh3gl1 Btbd9 Mff Syt11 Rac1 Ppp3cc"
"GOBP_REGULATION_OF_SYNAPTIC_VESICLE_EXOCYTOSIS",-0.676443745257392,0.941099902375529,1,38,-0.203596990425839,8,"Rab3a Braf Stxbp5 Bcl2l1 Fbxo45 Calm1 Cask Snap29"
"GOBP_REGULATION_OF_SYNAPTIC_VESICLE_RECYCLING",0.532094911972746,0.988908606921029,1,31,0.186717132521545,10,"Cyfip1 Dgkq Kcnc3 Plaa Sh3gl1 Btbd9 Mff Syt11 Rac1 Ppp3cc"
"GOBP_REGULATION_OF_SYNCYTIUM_FORMATION_BY_PLASMA_MEMBRANE_FUSION",-0.932727978065208,0.584810126582278,1,60,-0.254888612532792,58,"Ehd2 Nfatc2 Ripor2 Capn2 Plekho1 Tyrobp Stat1 Uba52 Rpl4 Rpl7 Rpl6 Rpl17 Rpl18a Rpl13a Rpl21 Ehd1 Rpl19 Dnmt1 Rpl35a Rpl15 Rpl12 Rpl34 Rpl7a Rpl18 Rpl9 Rpl30 Rpl8 Rpl5 Rpl11 Rpl28 Rpl39 Cd53 Rpl26 Rpl35 Rpl10 Rpl23 Rpl10a Rpl37a Rpl13 Rpl32 Rpl41 Rpl27 Rpl37 Rpl27a Cflar Rpl38 Rpl24 Rpl36a Rpl23a Rplp2 Rplp0 Rplp1 Rpl31 Rpl29 Rpl14 Mapk14 Rpl36 Smarca4"
"GOBP_REGULATION_OF_SYSTEMIC_ARTERIAL_BLOOD_PRESSURE",1.25243751854843,0.160105370993707,1,34,0.431223970182783,6,"Eng Kcnk3 Rps6ka2 Bmpr2 Ahr Kcnn4"
"GOBP_REGULATION_OF_SYSTEMIC_ARTERIAL_BLOOD_PRESSURE_BY_HORMONE",1.19070730638221,0.26280834914611,1,12,0.514615769744389,2,"Rps6ka2 Kcnn4"
"GOBP_REGULATION_OF_SYSTEMIC_ARTERIAL_BLOOD_PRESSURE_BY_RENIN_ANGIOTENSIN",1.18349126837427,0.271956486962086,1,10,0.535328335088498,2,"Rps6ka2 Kcnn4"
"GOBP_REGULATION_OF_SYSTEMIC_ARTERIAL_BLOOD_PRESSURE_MEDIATED_BY_A_CHEMICAL_SIGNAL",-0.88964597479171,0.603725656223539,1,15,-0.333145287086779,4,"Adrb2 Tpm1 G6pdx Ndst2"
"GOBP_REGULATION_OF_SYSTEM_PROCESS",1.09228642514515,0.269071214565568,1,238,0.284876752527733,34,"Slc8a1 Tnfrsf21 Lpin1 Myl4 Itga9 App Calcrl Bmpr2 Apoe Smad3 Fgf13 S100a1 Prkcz Ehd3 Ahr Ptk2 Kcnn4 Celf4 Fgfbp3 Chrnb2 Cacna1d Cacna1h Gsto1 Tnfrsf1b Tmem38b Shank1 Cmya5 Ada Plk2 Fabp5 Camk2g Atpsckmt Mgll Cacna1s"
"GOBP_REGULATION_OF_TELOMERE_CAPPING",-0.683679518357969,0.865924895688456,1,14,-0.260486929405705,5,"Xrcc1 Xrcc4 Terf2 Rad50 Tnks2"
"GOBP_REGULATION_OF_TELOMERE_MAINTENANCE",0.54293191655396,0.999738801097035,1,94,0.157564715896562,42,"Wrap53 Naf1 Rtel1 Nbn Terf2ip Dhx36 Stn1 Pinx1 Cct3 Gnl3 Myc Nat10 Ino80 Nek2 Ptges3 Parp1 Tfpt Cct7 Actr5 Ruvbl2 Fbxo4 Actl6a Atr Cct6a Cct8 Ino80c Cct2 Upf1 Tent4b Dkc1 Ercc1 Dcp2 Tnks Aurkb Trp53 Ylpm1 Gnl3l Ruvbl1 Ctc1 Cct4 Xrcc5 Mre11a"
"GOBP_REGULATION_OF_TELOMERE_MAINTENANCE_IN_RESPONSE_TO_DNA_DAMAGE",-0.696439038717515,0.865322816243062,1,19,-0.245397059963088,4,"Actr8 Xrcc1 Xrcc4 Nfrkb"
"GOBP_REGULATION_OF_TELOMERE_MAINTENANCE_VIA_TELOMERASE",0.928228503858424,0.58670895199654,1,39,0.311485099875266,21,"Wrap53 Naf1 Stn1 Pinx1 Cct3 Nat10 Ptges3 Cct7 Fbxo4 Atr Cct6a Cct8 Cct2 Tent4b Dkc1 Dcp2 Tnks Trp53 Gnl3l Ctc1 Cct4"
"GOBP_REGULATION_OF_TELOMERE_MAINTENANCE_VIA_TELOMERE_LENGTHENING",0.846256414641884,0.724704890387858,1,47,0.273525304479777,24,"Wrap53 Naf1 Rtel1 Dhx36 Stn1 Pinx1 Cct3 Nat10 Ptges3 Parp1 Cct7 Fbxo4 Atr Cct6a Cct8 Cct2 Tent4b Dkc1 Dcp2 Tnks Trp53 Gnl3l Ctc1 Cct4"
"GOBP_REGULATION_OF_THE_FORCE_OF_HEART_CONTRACTION",1.01283360566695,0.458248790385516,1,14,0.421215119473295,2,"Slc8a1 Myl4"
"GOBP_REGULATION_OF_THYMOCYTE_APOPTOTIC_PROCESS",0.690014467955918,0.84884645982498,1,11,0.305120193264154,3,"Ada Zc3h8 Jak3"
"GOBP_REGULATION_OF_TISSUE_REMODELING",0.883500837431974,0.663255009370045,1,39,0.296475862832751,4,"Car2 Tmbim1 Vegfa Abr"
"GOBP_REGULATION_OF_TOLERANCE_INDUCTION",-0.774952704772028,0.751143395211192,1,11,-0.31402425652892,5,"Phlpp1 Ccr7 Cblb Runx1 Irak3"
"GOBP_REGULATION_OF_TOLL_LIKE_RECEPTOR_3_SIGNALING_PATHWAY",0.594209839550691,0.934730443129099,1,10,0.268778800993468,3,"Ptpn22 Znrf1 Wdfy1"
"GOBP_REGULATION_OF_TOLL_LIKE_RECEPTOR_4_SIGNALING_PATHWAY",0.712165603623991,0.862844378257632,1,23,0.26477823138917,6,"Tlr4 Trim32 Ptpn22 Mfhas1 Ticam2 Znrf1"
"GOBP_REGULATION_OF_TOLL_LIKE_RECEPTOR_9_SIGNALING_PATHWAY",0.841257580410844,0.678122513922037,1,11,0.371998976021891,2,"Ptprs Ptpn22"
"GOBP_REGULATION_OF_TOLL_LIKE_RECEPTOR_SIGNALING_PATHWAY",1.36759592545655,0.0878796815098791,1,29,0.485528014302651,11,"Cd300lf App Gm6377 Mfhas1 Irf4 Gfi1 Lrrc14 Esr1 Gdi1 Nfkbil1 Otud4"
"GOBP_REGULATION_OF_TORC2_SIGNALING",-0.894747124339239,0.580575733118106,1,11,-0.362567029925618,11,"Sik3 Otud5 Ep300 Nckap1l Rps6kb1 Mtor Usp9x Akt1 Tbk1 Otud7b Gsk3b"
"GOBP_REGULATION_OF_TOR_SIGNALING",-1.00586455237928,0.441966548403447,1,131,-0.242852714966054,22,"Ccl5 Reln Gpr137 Sik3 Syk Itfg2 Slc38a9 Tsc1 Nmt1 Alg13 Tbc1d7 Tti1 Kptn Zmpste24 Nprl2 Gpr137c Foxp1 Usp32 Sar1b Vhl Shq1 Sesn1"
"GOBP_REGULATION_OF_TRANSCRIPTION_BY_GLUCOSE",-0.664509289304326,0.869634764062917,1,10,-0.276668246762666,4,"Kat2b Sirt1 Usf1 Ogt"
"GOBP_REGULATION_OF_TRANSCRIPTION_BY_RNA_POLYMERASE_I",0.558000960858626,0.987588396594025,1,38,0.188140208591827,18,"Ercc6 Prr7 Ncl Dhx33 Heatr1 Phf8 Baz1b Ddx21 Nol11 Eif2ak3 Actr6 Ubtf Crebbp Smarca4 Lyar Mybbp1a Wdr75 Pwp1"
"GOBP_REGULATION_OF_TRANSCRIPTION_BY_RNA_POLYMERASE_III",1.06037681217159,0.389941799731383,1,25,0.388292201855957,10,"Ercc6 Brf2 Ell Zc3h8 Dhx36 Ski Baz1b Bdp1 Ddx21 Prdx5"
"GOBP_REGULATION_OF_TRANSCRIPTION_INITIATION_BY_RNA_POLYMERASE_II",-0.7505300593945,0.92871055707051,1,72,-0.198625461783,13,"Thra Taf5 Taf13 Taf4b Pwwp2a Ctnnbip1 Med13 Foxo1 Med11 Xpa Med18 Med29 Wnt10b"
"GOBP_REGULATION_OF_TRANSCRIPTION_OF_NUCLEOLAR_LARGE_RRNA_BY_RNA_POLYMERASE_I",-1.17796434678561,0.26563349646547,1,12,-0.467730811018392,1,"Ippk"
"GOBP_REGULATION_OF_TRANSFERASE_ACTIVITY",-1.08479809378573,0.194256756756757,1,279,-0.237690897031672,69,"Pcp4 Aida Irgm2 Adora2a Reln Rasgrp1 Cdc20 Cdc25b Unc119 Csf1 Prkar2b Ccdc88a Gadd45a Cib1 Mad2l1 Sh3bp5 Tigar Cdk5rap1 Casp3 Socs5 Pik3cg Dusp10 Syk Jak2 Mcph1 Tpx2 Dag1 Chp1 Snx9 Tsc1 Kat2b Ager Tnf Cenpe Lats2 Rgs14 Fgd2 Daxx Stk38 Lmo4 Sfn Irgm1 Adnp Csk Pik3r5 Nprl2 Camkk2 Hgs Men1 Heg1 Cdkn2c Rapgef2 Gskip Rfc5 Prkrip1 Notch2 Map3k10 Kras Arrdc3 Syap1 Abi3 Pycard Zfp36 Ceacam1 Cab39 Lyn Fbxo5 Ptprc Dtx3l"
"GOBP_REGULATION_OF_TRANSLATION",1.00066145468245,0.472855227882038,1,310,0.255669139291509,97,"Igf2bp3 Impact App Eif5a2 Kbtbd8 Habp4 Plxnb2 Enc1 Cyfip1 Bzw2 Otud6b Fastkd3 Hbb-bs Ogfod1 Fbxw8 Wapl Malsu1 Eif4e3 Ncl Lrpprc Smyd5 Calr Shmt2 Dhx29 Upf3a Dhx36 Alkbh3 Scrib Nolc1 Eif2b3 Cdk4 Dnajc1 Rara Parp16 Prkca Mvk Sesn2 Trmt10c Mettl3 Alkbh1 Tsc2 Gspt1 Sh3bgrl Htatip2 Eif2s1 Pink1 Rbm3 Npm1 Gtdc1 Eif2b2 Akt1s1 Nat10 Mtg1 Paip2b Larp1 Prkdc Xrn1 Etf1 Eif4enif1 Inpp5e Eif5a Trub2 Pa2g4 Fech Cirbp Tnrc6c Dhfr Ilf3 Jmjd4 Rmnd1 Uqcc2 Dnajc3 Tob1 Prmt1 Fxr1 Mettl5 Fbxo4 Eif2s3x Tyms B3gntl1 Ifrd2 Pum3 Serbp1 Pus7 C1qbp Caprin2 Ago4 Paip1 Trnau1ap Ythdf1 Eif2ak3 Cnot6l Upf1 Abce1 Dap Rragc Rbm8a"
"GOBP_REGULATION_OF_TRANSLATIONAL_ELONGATION",1.01326344549042,0.461998426435877,1,13,0.429513986203791,10,"Eif5a2 Smyd5 Alkbh1 Eif5a Secisbp2 Shfl Srp9 Usp16 Rack1 Cpeb3"
"GOBP_REGULATION_OF_TRANSLATIONAL_FIDELITY",-1.41387222399307,0.102920723226704,1,14,-0.538695725571136,4,"Aars2 Cdk5rap1 Dtd2 Vars2"
"GOBP_REGULATION_OF_TRANSLATIONAL_INITIATION",0.870880707459046,0.718688781507118,1,94,0.252739002933425,46,"Impact Habp4 Bzw2 Hbb-bs Dhx29 Scrib Eif2b3 Rara Mettl3 Alkbh1 Tsc2 Sh3bgrl Eif2s1 Npm1 Eif2b2 Akt1s1 Paip2b Larp1 Fech Dnajc3 Prmt1 Eif2s3x Paip1 Ythdf1 Eif2ak3 Rragc Fmr1 Eif3b Eif4ebp3 Bank1 Usp4 Eif4ebp2 Gpr155 Eif2s3y Ythdf3 Tbk1 Klhl25 Eif5b Akt1 Eif4g1 Tmed2 Ncbp2 Ythdf2 Atxn3 Eif2s2 Ddx3x"
"GOBP_REGULATION_OF_TRANSLATIONAL_INITIATION_IN_RESPONSE_TO_STRESS",0.93504904754771,0.56329015139691,1,14,0.388866240291114,7,"Impact Hbb-bs Eif2s1 Npm1 Fech Dnajc3 Eif2ak3"
"GOBP_REGULATION_OF_TRANSLATION_AT_SYNAPSE",0.597751073635795,0.931424025457438,1,11,0.264321882484442,1,"Cyfip1"
"GOBP_REGULATION_OF_TRANSLATION_IN_RESPONSE_TO_ENDOPLASMIC_RETICULUM_STRESS",0.682840400846865,0.856165473349244,1,11,0.301947864502282,7,"Sesn2 Eif2s1 Dnajc3 Eif2ak3 Eif4g1 Tmed2 Ddx3x"
"GOBP_REGULATION_OF_TRANSLATION_IN_RESPONSE_TO_STRESS",1.02920838299105,0.434591480976201,1,21,0.391182692221488,9,"Impact Plxnb2 Hbb-bs Sesn2 Eif2s1 Npm1 Fech Dnajc3 Eif2ak3"
"GOBP_REGULATION_OF_TRANSMEMBRANE_RECEPTOR_PROTEIN_SERINE_THREONINE_KINASE_SIGNALING_PATHWAY",0.777537093079766,0.896530126518853,1,126,0.217354278328356,8,"Eng Eid2 Crim1 Bmpr2 Smad3 Vsir Gdf11 Dand5"
"GOBP_REGULATION_OF_TRANSMEMBRANE_TRANSPORT",1.12494048482931,0.208681522748375,1,227,0.294853202211086,34,"Slc8a1 Rasgrf2 Car2 Lime1 Kcnk3 Asph Fcrl5 Fgf13 S100a1 Ehd3 Ahr Kcnn4 Stxbp4 Stac2 Akap7 Nek4 Stom Slc26a6 Cacna1d Gsto1 Tmem38b Oaz2 Erbb3 Slc7a5 Fabp5 Plp1 Rnasel Ppargc1a Atpsckmt Cacna1a Prkci Itgb3 Pea15a Nr4a3"
"GOBP_REGULATION_OF_TRANSMEMBRANE_TRANSPORTER_ACTIVITY",1.23957730682012,0.147402056126702,1,58,0.387615896393066,10,"Rasgrf2 Kcnk3 Asph Fgf13 S100a1 Ehd3 Stac2 Ppargc1a Atpsckmt Cacna1a"
"GOBP_REGULATION_OF_TRANS_SYNAPTIC_SIGNALING",0.887953137666641,0.756906702898551,1,276,0.228818857861839,32,"Nefh Mctp1 Rasgrf2 Iqsec2 Zdhhc2 App Apoe Prkar2a Prkcz Hspg2 Ptk2 Tspoap1 Akap7 Ggcx Abr Celf4 Chrnb2 Cacna1d Slc12a2 Cdh11 Cyfip1 Ptprs Shank1 Syde1 Pfn2 Plk2 Fabp5 Snap47 Camk2g Cacna1a Mgll Git1"
"GOBP_REGULATION_OF_TRIGLYCERIDE_BIOSYNTHETIC_PROCESS",-1.19392444179632,0.240191927744849,1,15,-0.447088293762339,6,"Nr1h2 Tcf7l2 Gpam Tmx1 Ldlr Srebf1"
"GOBP_REGULATION_OF_TRIGLYCERIDE_METABOLIC_PROCESS",-1.26137119068779,0.148942884190596,1,34,-0.390709291571666,13,"Pak4 Sorl1 Apobec1 Pik3cg Nr1h2 Tcf7l2 Gpam Tmx1 Ldlr Srebf1 Daglb Lmf1 Cdk8"
"GOBP_REGULATION_OF_TUBE_SIZE",1.11281742919003,0.285541358439812,1,72,0.335877556020634,10,"Slc8a1 Itga9 Bmpr2 Apoe S100a1 Plekha7 Ahr Ptk2 Vegfa Smpd3"
"GOBP_REGULATION_OF_TUMOR_NECROSIS_FACTOR_MEDIATED_SIGNALING_PATHWAY",-0.934234186510168,0.560522022838499,1,39,-0.278896432261098,8,"Naip5 Rffl Spata2 Syk Tax1bp1 Ripk1 Hspa1b Cyld"
"GOBP_REGULATION_OF_TYPE_2_IMMUNE_RESPONSE",-1.5204857691147,0.0452819164475606,1,19,-0.535757929572075,6,"Tbx21 Hlx Anxa1 Clcf1 Socs5 Bcl6"
"GOBP_REGULATION_OF_TYPE_2_MITOPHAGY",1.10379280765991,0.360742281235002,1,10,0.499278348558438,5,"Htra2 Vdac1 Pink1 Cdc37 Hk2"
"GOBP_REGULATION_OF_TYPE_I_INTERFERON_MEDIATED_SIGNALING_PATHWAY",-0.670801441817413,0.936888608393815,1,34,-0.207780515404688,6,"Usp18 Oas1a Irf7 Zbp1 Samhd1 Ttll12"
"GOBP_REGULATION_OF_T_CELL_ACTIVATION",-0.923813822464621,0.75177304964539,1,259,-0.203976441574562,40,"Ccl5 Lgals3 Adora2a Tbx21 Egr3 Hlx Fanca Rasgrp1 Anxa1 Hes1 Nfkbid Braf Casp3 Socs5 Dusp10 Syk H2-DMb1 Jak2 Drosha Ripor2 H2-Ob Tnfrsf13c Cd46 Cd55 Slamf1 Ager Rag1 Bcl6 H2-DMa Smarcc2 Gpam Rhoh H2-DMb2 Cyld Dhps Slc4a2 Irgm1 Fyn Csk Pde5a"
"GOBP_REGULATION_OF_T_CELL_APOPTOTIC_PROCESS",-1.19730233348087,0.202777777777778,1,31,-0.376545376508322,10,"Ccl5 Lgals3 Tsc22d3 Nfkbid Pdcd7 Rag1 Gpam St3gal1 Prkd2 Vhl"
"GOBP_REGULATION_OF_T_CELL_DIFFERENTIATION",-0.819215042809705,0.914507772020725,1,140,-0.195892857524033,19,"Tbx21 Egr3 Hlx Fanca Rasgrp1 Anxa1 Nfkbid Braf Socs5 Dusp10 Syk Drosha Cd46 Rag1 Bcl6 H2-DMa Smarcc2 Rhoh Cyld"
"GOBP_REGULATION_OF_T_CELL_DIFFERENTIATION_IN_THYMUS",-1.02512300752109,0.422436459246275,1,19,-0.361212048953262,3,"Egr3 Rasgrp1 Nfkbid"
"GOBP_REGULATION_OF_T_CELL_MEDIATED_CYTOTOXICITY",0.752596214849904,0.828811560011796,1,29,0.267188969319121,12,"Pvr Il12a Il7r Fadd Cd1d1 Stx7 B2m H2-Q6 H2-K1 Ulbp1 H2-Q4 H2-T22"
"GOBP_REGULATION_OF_T_CELL_MEDIATED_IMMUNITY",0.9890281858904,0.482138060703734,1,71,0.299064694636637,12,"Prkcz Ahr Vsir Pvr Tnfrsf1b Hspd1 Il12a Spn Klhl22 Dpp4 Il7r Traf2"
"GOBP_REGULATION_OF_T_CELL_MIGRATION",-0.773108066676256,0.837803723572105,1,34,-0.239469957193739,7,"Ccl5 Ripor2 Spns2 Pycard Med23 Lgals9 Ccr7"
"GOBP_REGULATION_OF_T_CELL_PROLIFERATION",-0.863353976027315,0.809433962264151,1,116,-0.211256195106347,20,"Ccl5 Lgals3 Anxa1 Hes1 Casp3 Syk H2-DMb1 Jak2 Ripor2 Tnfrsf13c Cd46 Cd55 Slamf1 Ager Gpam H2-DMb2 Dhps Slc4a2 Irgm1 Pde5a"
"GOBP_REGULATION_OF_T_CELL_RECEPTOR_SIGNALING_PATHWAY",-0.792347014966251,0.849329569513056,1,52,-0.222554962940643,15,"Lgals3 Rab29 Cyld Lipa Fyn Csk Prkd2 Usp46 Dgkz Ceacam1 Ptprc Ccr7 Prnp Ezr Cblb"
"GOBP_REGULATION_OF_T_HELPER_17_CELL_DIFFERENTIATION",-0.954421605444944,0.507741747005551,1,19,-0.336299723192914,2,"Tbx21 Nfkbid"
"GOBP_REGULATION_OF_T_HELPER_17_TYPE_IMMUNE_RESPONSE",-0.906221529670888,0.601230769230769,1,26,-0.297697903765186,3,"Tbx21 Nfkbid Jak2"
"GOBP_REGULATION_OF_T_HELPER_1_TYPE_IMMUNE_RESPONSE",-1.25910772079811,0.186268829663963,1,18,-0.449865939560182,5,"Tbx21 Hlx Anxa1 Socs5 Slamf1"
"GOBP_REGULATION_OF_T_HELPER_CELL_DIFFERENTIATION",-1.19865498911154,0.203657780533168,1,30,-0.380698302127974,6,"Tbx21 Hlx Anxa1 Nfkbid Socs5 Bcl6"
"GOBP_REGULATION_OF_UBIQUITIN_DEPENDENT_PROTEIN_CATABOLIC_PROCESS",0.587291828182001,0.999256597695453,1,142,0.162005319550304,17,"Trf Fhit Ptk2 Aurka Cdk1 Plk2 Bag2 Plk3 Fbxw8 Rybp Mapk8 Fbxw7 Desi1 Det1 Clec16a Egf Gipc1"
"GOBP_REGULATION_OF_UBIQUITIN_PROTEIN_TRANSFERASE_ACTIVITY",-0.92322654079196,0.55533484676504,1,16,-0.33923854382509,5,"Cdc20 Mad2l1 Arrdc3 Fbxo5 Dtx3l"
"GOBP_REGULATION_OF_VACUOLE_ORGANIZATION",0.740287798302525,0.888395335924486,1,57,0.232159125998082,5,"Ift88 Laptm4b Ralb Trim32 C9orf72"
"GOBP_REGULATION_OF_VASCULAR_ENDOTHELIAL_GROWTH_FACTOR_RECEPTOR_SIGNALING_PATHWAY",1.27963554567478,0.170614646230067,1,15,0.523569886228891,2,"Dll1 Angpt1"
"GOBP_REGULATION_OF_VASCULAR_PERMEABILITY",1.34587912398614,0.104299010193529,1,27,0.484823750926876,10,"Angpt1 Cxcr2 Apoe Vegfa Abr Fgfbp3 Tjp2 Arhgap35 Cdh5 Tjp3"
"GOBP_REGULATION_OF_VASCULATURE_DEVELOPMENT",-1.22390187922404,0.078523140925637,1,141,-0.29243334337315,23,"Ccl5 Adrb2 Adm Lgals3 Pak4 Klf2 Ngfr Smad1 Cxcr4 Spred1 Gadd45a Sirt6 Tbxa2r Zfp354c Pik3cg Ptger4 Sp100 Pdcl3 Naxe Hspb6 E2f2 Tnf Add1"
"GOBP_REGULATION_OF_VASCULOGENESIS",-1.03490179288707,0.411623567048787,1,10,-0.430881056470043,4,"Adm Rras Rapgef2 Ceacam1"
"GOBP_REGULATION_OF_VASOCONSTRICTION",-0.884749972182666,0.642901425914445,1,30,-0.281000634275397,7,"Adm Tbxa2r Cd38 Add3 Dusp5 Faah Pde5a"
"GOBP_REGULATION_OF_VESICLE_MEDIATED_TRANSPORT",0.865565850380598,0.837932544897065,1,384,0.217920266052157,59,"Cd300lf Mctp1 Ighg3 Iqsec2 Trf Zdhhc2 Dll1 Bicd1 Fcer1g App Angpt1 Apoe Neu3 Il15ra Ptk2 Rab37 Il15 Sirpa Rab11fip3 Hmox1 Vegfa Abr Cacna1d Smpd3 Doc2a Cacna1h Pip4p2 Rab3b Pfn2 Plk2 C9orf72 Pacsin1 Snap23 Cacna1a Plscr1 Itgb3 Git1 Rabep1 Dgkq Kcnc3 Ncdn Atad1 Notch1 Letmd1 Cdk5r1 Akap5 Calr Arrb1 Tlr2 Fes C2 Fgr Cspg5 Scrib Scarb1 Egf C2cd5 Nrxn1 Rab31"
"GOBP_REGULATION_OF_VESICLE_SIZE",-0.725405134375717,0.8198793450158,1,17,-0.263160028760687,2,"Rin3 Washc5"
"GOBP_REGULATION_OF_VIRAL_ENTRY_INTO_HOST_CELL",-1.5712642175353,0.0425652667423383,1,16,-0.577359252111512,6,"Trim30c Trim30b Trim25 Trim5 Trim12c Cd74"
"GOBP_REGULATION_OF_VIRAL_GENOME_REPLICATION",-0.837763392549064,0.790101156069364,1,59,-0.22955641342245,9,"Ccl5 Aicda Bcl2 Oasl2 Oas1a Tnf Znfx1 Top2a Oasl1"
"GOBP_REGULATION_OF_VIRAL_LIFE_CYCLE",-1.10777959799371,0.251513928138878,1,82,-0.286012224671669,17,"Ccl5 Trim30c Trim30b Aicda Bcl2 Trim25 Trim5 Oasl2 Oas1a Tnf Znfx1 Top2a Oasl1 Trim12c Isg20 Cd74 Zc3hav1"
"GOBP_REGULATION_OF_VIRAL_PROCESS",-1.17327272078984,0.151131221719457,1,108,-0.289660175862091,20,"Ccl5 Trim30c Trim30b Aicda Ifit1 Bcl2 Cxcr4 Trim25 Sp100 Hexim1 Trim5 Oasl2 Oas1a Tnf Znfx1 Ubp1 Trim14 Top2a Oasl1 Trim12c"
"GOBP_REGULATION_OF_VOLTAGE_GATED_CALCIUM_CHANNEL_ACTIVITY",1.44541311092932,0.0667093265077588,1,10,0.653803382302758,5,"S100a1 Ehd3 Stac2 Cacna1a Nipsnap2"
"GOBP_REGULATION_OF_WNT_SIGNALING_PATHWAY",0.808866850547288,0.884780023781213,1,188,0.216033125634033,27,"Cdon Sulf2 Nrarp App Znrf3 Apoe Smad3 Dkkl1 Nphp3 Alpk2 Nek4 Rnf43 Lef1 Zbed3 Ift80 Ccnyl1 Wwox Fzd9 Siah2 Notch1 Tlr2 Stk3 Sema5a Frat1 Tmem170b Egf Tbl1xr1"
"GOBP_REGULATION_OF_WOUND_HEALING",0.97970645128744,0.504324776785714,1,50,0.313138649846136,7,"Cd9 Angpt1 Apoe Smad3 Ptk2 Slc12a2 Tfpi"
"GOBP_REGULATION_OF_XENOPHAGY",-0.875437542716322,0.614464382816748,1,12,-0.347607389789004,1,"Irgm2"
"GOBP_REGULATION_PROTEIN_CATABOLIC_PROCESS_AT_POSTSYNAPSE",-1.10686422360812,0.33115823817292,1,12,-0.439499295889722,6,"Mib2 Nedd4l Trim3 Vhl Nedd4 Cblb"
"GOBP_REGULATION_PROTEIN_CATABOLIC_PROCESS_AT_SYNAPSE",0.98836571860425,0.4881560613098,1,15,0.40439524252922,2,"Plekhg5 Plk2"
"GOBP_REGULATORY_NCRNA_MEDIATED_GENE_SILENCING",-0.699386072931827,0.98624056813138,1,102,-0.174599225383739,19,"Gm20732 Mov10 Drosha Cnot11 Bcdin3d Trub1 Znfx1 Dgcr8 Ripk1 Limd1 Cnot9 Zmpste24 Tdrd7 Zfp36 Pum2 Cnot3 Cnot7 Tut4 Dcaf12"
"GOBP_REGULATORY_NCRNA_MEDIATED_HETEROCHROMATIN_FORMATION",1.03263082055703,0.436978756884343,1,13,0.437723656160981,5,"Dnmt3b Eri3 Spen Eri1 Dnmt3a"
"GOBP_REGULATORY_NCRNA_PROCESSING",-0.788259518387409,0.830610203401134,1,43,-0.230295818734775,20,"Drosha Bcdin3d Trub1 Dgcr8 Ripk1 Zmpste24 Tdrd7 Pum2 Tut4 Snip1 Parn Ago1 Adar Tgfb1 Ago2 Tut7 Pum1 Tarbp2 Zc3h10 Stat3"
"GOBP_REGULATORY_T_CELL_DIFFERENTIATION",-0.971700024296017,0.498752339363693,1,32,-0.303448651509851,5,"Fanca Dusp10 Drosha Cd46 Bcl6"
"GOBP_RELAXATION_OF_CARDIAC_MUSCLE",-1.10654273191492,0.329297820823245,1,11,-0.44839027797094,4,"Atp1b1 P2rx4 Pde5a Pde4b"
"GOBP_RELAXATION_OF_MUSCLE",1.15672791239421,0.287505805852299,1,15,0.473281555468715,2,"Slc8a1 Camk2g"
"GOBP_RELEASE_OF_CYTOCHROME_C_FROM_MITOCHONDRIA",0.98204426849514,0.493942347862415,1,53,0.311541534198609,11,"Tnfsf10 Smad3 Bcl2a1c Plscr3 Bmf Bcl2a1b Bcl2a1d Fzd9 Atp7a Pmaip1 Sod2"
"GOBP_RELEASE_OF_SEQUESTERED_CALCIUM_ION_INTO_CYTOSOL_BY_ENDOPLASMIC_RETICULUM",1.32487973569345,0.133921659699644,1,15,0.542081794170695,3,"Slc8a1 Gsto1 Tmem38b"
"GOBP_RENAL_ABSORPTION",-0.626396409800555,0.923950056753689,1,16,-0.23016864932817,2,"Kcnj1 Mllt6"
"GOBP_RENAL_SYSTEM_DEVELOPMENT",1.11163604740409,0.248032925795908,1,166,0.300671207087794,27,"Car2 Ift88 Tbc1d32 Ttc8 Dll1 Sulf2 Angpt1 Hs3st3b1 Cxcr2 Smad3 Maged1 Ahr Nphp3 Vegfa Gdf11 Tmem67 Ddc Rpgrip1l Pkd1 Hells Id2 Ptch1 Traf3ip1 Itgb3 Ext1 Bmi1 Eya1"
"GOBP_RENAL_SYSTEM_PROCESS",-1.05530807231293,0.355855855855856,1,47,-0.303124618416574,8,"Adrb2 Adm Adora2a Kcnj1 Bcl2 Rrm2b Ptger4 Mllt6"
"GOBP_RENAL_SYSTEM_VASCULATURE_DEVELOPMENT",-0.870950109469395,0.610237270061317,1,10,-0.362619821397703,2,"Egr1 Hes1"
"GOBP_RENAL_TUBULE_DEVELOPMENT",0.946364305792978,0.551883388656372,1,38,0.319083998747559,9,"Ttc8 Dll1 Hs3st3b1 Maged1 Vegfa Pkd1 Ptch1 Eya1 Notch1"
"GOBP_RENAL_TUBULE_MORPHOGENESIS",-0.942425181442526,0.545257284562926,1,30,-0.29931854429918,5,"Tacstd2 Hes1 Bcl2 Hes5 Pbx1"
"GOBP_REPLACEMENT_OSSIFICATION",1.38745488682757,0.0876155828406852,1,21,0.527345430657832,8,"Hspg2 Alpl Smpd3 Npr2 Runx2 Ift80 Ext1 Nfix"
"GOBP_REPRODUCTIVE_BEHAVIOR",-0.923177528616586,0.567173071194519,1,22,-0.314119856673344,6,"Kalrn Thra Hexb Acvr2a Mbd2 Crebrf"
"GOBP_REPRODUCTIVE_SYSTEM_DEVELOPMENT",0.906619030968333,0.679810149689668,1,161,0.246005567499156,23,"Abcb1b Nefh Fer Angpt1 Dnaaf3 Ahr Vegfa Itih5 Gas2 Wdr19 Serpinb6b Npr2 Ctnna1 Pkd1 Brca2 Ptch1 Antxr2 Immp2l Wdr77 Nrip1 Slc22a5 Notch1 Kif18a"
"GOBP_RESCUE_OF_STALLED_RIBOSOME",-0.566732062304947,0.980349344978166,1,32,-0.176982685781475,7,"Rnf14 Otud3 Trip4 Ufsp2 Usp21 Ufl1 Rchy1"
"GOBP_RESOLUTION_OF_MEIOTIC_RECOMBINATION_INTERMEDIATES",0.560062726875864,0.952719797596458,1,12,0.242055381495953,4,"Cenps Mlh1 Eme2 Fancm"
"GOBP_RESPIRATORY_BURST",0.7829862160013,0.768729147710039,1,20,0.300502846731192,1,"Jchain"
"GOBP_RESPIRATORY_CHAIN_COMPLEX_IV_ASSEMBLY",0.520365866649642,0.988772344511745,1,27,0.187450512328469,14,"Fastkd3 Bcs1l Coa7 Cox18 Timm21 Cox11 Coa6 Sco1 Cox16 Coa4 Cox17 Cox14 Cox20 Tmem223"
"GOBP_RESPIRATORY_GASEOUS_EXCHANGE_BY_RESPIRATORY_SYSTEM",-1.2562420124178,0.138662316476346,1,39,-0.375025256385233,7,"Adrb2 Rab3a Cc2d1a Man2a1 Spef2 Slc5a3 Mtg2"
"GOBP_RESPIRATORY_SYSTEM_DEVELOPMENT",0.95092755662656,0.567093052420366,1,127,0.265695187009056,29,"Ift88 Atxn1 Dnaaf3 Bmpr2 Nphp3 Vegfa Fndc3b Smpd3 Tmem38b Tns3 Lef1 Tmem67 Ada Wwp1 Rpgrip1l Pkd1 Ext1 Hsd11b1 Rbbp9 Pou2f1 Atp7a Notch1 Fbxw7 Aimp2 Mapk8ip3 Ski Rara Ncor2 Nkiras1"
"GOBP_RESPIRATORY_SYSTEM_PROCESS",-1.49312725173132,0.0417315478044223,1,28,-0.483587761132037,5,"Adrb2 Rab3a Cc2d1a Spef2 Mtg2"
"GOBP_RESPONSE_TO_ACETYLCHOLINE",1.12805301045549,0.309953738248023,1,25,0.413074090466933,9,"Ly6c2 Chrnb2 Chrnb1 Ly6a Lynx1 Cdk5r1 Rgs10 Chrna2 Gna11"
"GOBP_RESPONSE_TO_ACIDIC_PH",1.29582170784354,0.16221404575268,1,10,0.58613873711491,2,"Kcnk3 Pkd1l3"
"GOBP_RESPONSE_TO_ACID_CHEMICAL",-0.760421163220702,0.946245383668445,1,85,-0.195335463214862,10,"Nsmf Kcnb1 Lrrc25 Klf2 Casp3 Slc38a9 Capn2 Tnf Bcl2l1 Tuba1a"
"GOBP_RESPONSE_TO_ACTIVITY",0.532729178924822,0.994310099573257,1,44,0.174722867658492,12,"Cdk1 Slc7a5 Ppargc1a Itgb3 Sod2 Cry2 Itga5 Cry1 Prkdc Slc25a25 Metrnl Gclm"
"GOBP_RESPONSE_TO_ALCOHOL",0.687067825361543,0.985473347285486,1,146,0.18866111622129,15,"Smad3 Ahr Gramd1c Adcy3 Ptger1 Chrnb2 Tlr4 Slc23a2 Cdk1 Gramd1b Sigmar1 Lancl2 Ctnna1 Slc12a3 Ptch1"
"GOBP_RESPONSE_TO_ALKALOID",1.10955165428654,0.301918265221018,1,55,0.349839280970432,8,"Slc8a1 Xlr4b Xlr4a Smad3 Chrnb2 Tmem38b Ptch1 Cacna1s"
"GOBP_RESPONSE_TO_AMINE",0.918405041591601,0.58421444527178,1,23,0.341456623816266,4,"Slc18a2 Cdk1 Sigmar1 Pde1b"
"GOBP_RESPONSE_TO_AMINO_ACID_STARVATION",0.859767119972518,0.713972902696045,1,64,0.264589810484916,14,"Impact Rragd Wdr59 Trim32 Castor1 Klhl22 Mapk8 Nprl3 Sesn2 Eif2s1 Pex2 Larp1 Cdkn1a Mios"
"GOBP_RESPONSE_TO_AMPHETAMINE",0.709013316822103,0.83830185734353,1,14,0.294862973821569,2,"Slc18a2 Pde1b"
"GOBP_RESPONSE_TO_AMYLOID_BETA",-0.88382879937003,0.642437364676771,1,27,-0.28859651642115,5,"Adrb2 Cacnb1 Ngfr Syk Ager"
"GOBP_RESPONSE_TO_ANGIOTENSIN",1.47975120326252,0.037255190693565,1,28,0.528704129796727,5,"Car2 Smad3 Slc26a6 Agtrap Cybb"
"GOBP_RESPONSE_TO_ANTIBIOTIC",0.735031545141166,0.855444672732609,1,33,0.254549647387225,5,"Alpl Slc29a1 Endog Hyal1 Zc3h8"
"GOBP_RESPONSE_TO_ARSENIC_CONTAINING_SUBSTANCE",1.43606162299925,0.055835308056872,1,26,0.521793284866372,3,"Nefh Hmox1 Gsto1"
"GOBP_RESPONSE_TO_ATP",1.48338367762513,0.0492435937017598,1,16,0.598136441643138,2,"Slc8a1 Asph"
"GOBP_RESPONSE_TO_AXON_INJURY",-0.82981541109197,0.770616770616771,1,47,-0.238354549200167,12,"Kcnb1 Bcl2 Braf Flna Jak2 Dag1 Kremen1 P2rx4 Klf4 Xylt1 Inpp5f Neo1"
"GOBP_RESPONSE_TO_BACTERIUM",1.21584096281358,0.0580089412277832,1,397,0.305637264024257,68,"Gbp8 Trem1 Ighg3 Gbp10 Serpinb9 Trf Jchain Gzma Adgrl2 Slc9a9 Trac Shpk Slpi C1qtnf4 Ikbip Fer Myo1f Fcer1g App Lilrb4a Alpl Ahr Pcyox1l Rnase12 Sirpa Havcr1 Abr Ptger1 Slc12a2 Tlr4 Plscr3 Tnfrsf1b Slc15a2 Nlrc4 Lyst Ifi44 Tlr6 Alpk1 Slc7a5 Ly6a Rasgrp4 Rarres2 Noct Gbp4 Il12a Tusc2 Naip2 Mlh1 Plscr1 Adam9 Gpm6a Git1 Mpeg1 Spn Fuca2 Pglyrp2 Ppl Ctr9 Ncl Slc22a5 Ptpn22 Mapk8 Mif Notch1 Rag2 Letmd1 Nuggc Il7r"
"GOBP_RESPONSE_TO_BMP",1.05447800453825,0.376268861454047,1,63,0.325299571521482,18,"Eng Crim1 Bmpr2 Vsir Smpd3 Dand5 Lef1 Runx2 Ext1 Nfix Cdh5 Notch1 Ctdspl2 Ski Tmem100 Fbn1 Smad5 Bmp8a"
"GOBP_RESPONSE_TO_CADMIUM_ION",1.22190132043874,0.186527737012034,1,33,0.423158097520741,9,"Mt1 Hmox1 Cdk1 Gss Sord Cybb Mapk8 Sod2 Slc30a1"
"GOBP_RESPONSE_TO_CALCIUM_ION",0.834362386813064,0.77871777924653,1,85,0.245656501447481,24,"Mttp Asph App Endog Cpne5 Ect2 Rasal1 Adam9 Alox5ap Nfatc1 Krt10 Akap5 Nrxn1 Lgmn Cpne3 Micu2 Anxa5 Gdi1 Slc25a13 Vps54 Mnat1 Micu3 Cpne9 Slc25a23"
"GOBP_RESPONSE_TO_CAMP",1.10708049328817,0.30356394129979,1,48,0.356379287196487,5,"Slc8a1 Hcn3 Ahr Akap7 Slc26a6"
"GOBP_RESPONSE_TO_CARBOHYDRATE",0.866206910360324,0.760503175378603,1,156,0.235795493327489,26,"Rps6ka2 C2cd2l Calcrl Smad3 Stxbp4 Slc29a1 Slc26a6 Hmgn3 Cacna1d Endog Zbed3 Zbtb20 Pde3b Ptpmt1 Ncoa6 Pfkfb2 Pfkl Tiam1 Arrb1 Eif2b3 Sod2 Xbp1 Nrxn1 Prkca Fam3a Sesn2"
"GOBP_RESPONSE_TO_CHEMOKINE",0.91413897286366,0.601763515466898,1,37,0.309470814708354,5,"Ackr2 Ackr3 Cxcr2 Slc12a2 Ccrl2"
"GOBP_RESPONSE_TO_CHOLESTEROL",0.82102522458659,0.711700659408066,1,17,0.326945247633715,3,"Gramd1c Gramd1b Ptch1"
"GOBP_RESPONSE_TO_COCAINE",1.3712910516863,0.0953658173148562,1,24,0.506331139730575,4,"Xlr4b Xlr4a Smad3 Chrnb2"
"GOBP_RESPONSE_TO_COLD",-0.756591002566924,0.858946039760177,1,34,-0.234353802278641,6,"Adrb2 Thra Slc25a27 Lipa Tmem135 Eif2ak4"
"GOBP_RESPONSE_TO_COPPER_ION",1.24330050750476,0.198320610687023,1,18,0.488881474481563,4,"Mt1 Cdk1 Sord Atp7a"
"GOBP_RESPONSE_TO_CORTICOSTEROID",-1.28666965469323,0.072866344605475,1,79,-0.335543608547519,15,"Zfp764 Anxa1 Klf9 Bcl2 Fos Casp9 Fas Casp3 Fbxo32 Ephx1 Jak2 Pdcd7 Tnf Eif4ebp1 Foxo1"
"GOBP_RESPONSE_TO_CORTICOSTERONE",-1.15325144214884,0.28759752488566,1,11,-0.467317456254609,5,"Fos Calm1 Hdac6 Fosb Calm3"
"GOBP_RESPONSE_TO_DECREASED_OXYGEN_LEVELS",-0.84549004155835,0.923026744944553,1,198,-0.192936988134217,35,"Adrb2 Acaa2 Egr1 Bcl2 Atp1b1 Fos Casp9 Mmp14 Tacc3 Tigar Eef2k Casp3 Pdlim1 Arnt Cd38 Rwdd3 Capn2 Tsc1 Ager Acvr2a Eif4ebp1 Hmox2 Suv39h2 Lmna Plod1 Limd1 Daxx Bnip3l Vhl Prmt2 Bnip1 Slc2a1 Ccna2 Npepps Tfam"
"GOBP_RESPONSE_TO_DEXAMETHASONE",-1.04623976681817,0.389421589854624,1,27,-0.341628550982064,6,"Casp9 Fbxo32 Jak2 Eif4ebp1 Foxo1 Pck2"
"GOBP_RESPONSE_TO_DIETARY_EXCESS",-0.850199682026435,0.655376799322608,1,15,-0.318373853392749,5,"Adrb2 Sorl1 Rasal2 Oma1 Lipa"
"GOBP_RESPONSE_TO_DOPAMINE",-0.805267613821425,0.727694090382387,1,18,-0.287713644913188,2,"Gna15 Flna"
"GOBP_RESPONSE_TO_DSRNA",0.773017901232461,0.810096859407103,1,33,0.267704747481204,11,"Ifih1 Pmaip1 Dhx36 Slc3a2 Nod2 Npm1 Ticam1 Ripk2 Pqbp1 Oas1c Ddx21"
"GOBP_RESPONSE_TO_ELECTRICAL_STIMULUS",-1.30051209576281,0.139500734214391,1,21,-0.446848526657944,4,"Rab3a Nsmf Ciita Fbxo32"
"GOBP_RESPONSE_TO_ENDOPLASMIC_RETICULUM_STRESS",0.573451337164877,1,1,227,0.150304807548062,50,"Rasgrf2 App Foxred2 Bbs10 Marcks Mbtps2 Trim13 Tmem67 Sigmar1 Sdf2l1 Bbs1 Derl3 Fbxo6 Pmaip1 Ccdc47 Calr Manf Hyou1 Hspa5 Ecpas Xbp1 Rhbdd1 Pdia3 Parp16 Sesn2 Eif2s1 Atad3a Nod2 Ern1 H13 Atf6 Tbl2 Wfs1 Pdia6 Canx Tardbp Sik2 Aifm1 Tmtc3 Nod1 Rnf185 Ikbkg Bid Bak1 Bag6 Pdia4 Dnajc3 Nrbf2 Atg10 Dnajb9"
"GOBP_RESPONSE_TO_EPIDERMAL_GROWTH_FACTOR",0.507527336689273,0.99614450949593,1,43,0.167222983285313,3,"Pde8a Git1 Ncl"
"GOBP_RESPONSE_TO_ESTRADIOL",0.654791117957973,0.957319616293619,1,54,0.207041429448628,17,"Endog Ptch1 Nrip1 Kif18a Calr Rara Ccdc62 Prkca Pcna Esr1 Dnmt3a Ruvbl2 Mbd3 Dusp1 Ccnd1 Strn3 Gpx4"
"GOBP_RESPONSE_TO_ESTROGEN",1.06038706266073,0.383034928089228,1,33,0.367223903080819,18,"Car2 Hmox1 Ctnna1 Naip2 Rara Hsp90aa1 Kmt2d Arsa Cdk12 Esr1 Tgfbr1 Cited2 Bcas3 Wbp2 Ccnd1 Pelp1 Trim24 Naip6"
"GOBP_RESPONSE_TO_ETHANOL",-0.976444623187785,0.505787037037037,1,68,-0.261372305444715,15,"Bcl2 Fos Tbxa2r Casp9 Apobec1 Casp3 Eps8 G6pdx Polb Faah Fyn Aacs Usp46 Srebf1 Vhl"
"GOBP_RESPONSE_TO_ETHER",-0.554579616950261,0.955854126679463,1,13,-0.21507312128228,2,"Lipa Foxp1"
"GOBP_RESPONSE_TO_FATTY_ACID",-0.874879467121155,0.669909208819715,1,37,-0.265309185792703,11,"Hes1 Scd1 Id3 Insig2 Foxo1 Ldlr Aacs Foxp1 Ffar1 Srebf1 Smarcd1"
"GOBP_RESPONSE_TO_FIBROBLAST_GROWTH_FACTOR",-0.930218665017883,0.576044959606603,1,48,-0.266391763878531,6,"Ccl5 Egr3 Ngfr Ier2 Tcf7l2 Kdm5b"
"GOBP_RESPONSE_TO_FLUID_SHEAR_STRESS",1.11555539496091,0.320667560721204,1,24,0.411904120477236,2,"Car2 Ift88"
"GOBP_RESPONSE_TO_FOOD",0.726719057440165,0.841534988713318,1,22,0.273090290342737,7,"Slc16a1 Nenf Atn1 Slc25a25 Blvra Tmem126b Bbs2"
"GOBP_RESPONSE_TO_FORSKOLIN",1.0091618613988,0.473031026252983,1,11,0.446245225983414,2,"Ahr Adcy3"
"GOBP_RESPONSE_TO_FUNGUS",-0.674107077692773,0.909230769230769,1,26,-0.221447248130703,7,"Scimp Syk Zbp1 Cotl1 Il17ra Usp15 Btk"
"GOBP_RESPONSE_TO_GAMMA_RADIATION",-0.940039111904876,0.554490592829251,1,49,-0.268139322729569,11,"Egr1 Tmem109 Bcl2 Apobec1 Tigar Rad51 Bcl2l1 Xrcc4 Polb Zmpste24 Men1"
"GOBP_RESPONSE_TO_GLUCAGON",-0.541467867337234,0.965563626580576,1,11,-0.219412156932719,3,"Srebf1 Ccna2 Prkaca"
"GOBP_RESPONSE_TO_GONADOTROPIN",-0.73700791062136,0.805563282336579,1,14,-0.280805439435371,2,"Nsmf Cyp51"
"GOBP_RESPONSE_TO_GRANULOCYTE_MACROPHAGE_COLONY_STIMULATING_FACTOR",0.90135293284994,0.606046141607001,1,11,0.398572774691379,6,"Npr2 Pde1b Prlr Stat5a Pde2a Csf2ra"
"GOBP_RESPONSE_TO_GROWTH_FACTOR",0.822307213160006,0.916630052724077,1,373,0.207496505023484,64,"Eng Eid2 Zfhx3 Fer Dll1 Sulf2 Crim1 Pde8a Angpt1 Bmpr2 Smad3 Ptk2 Fut8 Vegfa Vsir Gdf11 Fgfbp3 Tlr4 Smpd3 Cyfip1 Dand5 Lef1 Npr2 Runx2 Hyal1 Il12a Ppargc1a Ift80 Htra2 Adam9 Itgb3 Git1 Ext1 Chst11 Nfix Wwox Cdh5 Ncl Rgcc Atp7a Ccr1 Tcf4 Notch1 Ctdspl2 Dll4 Hspa5 Xbp1 Ski Nrxn1 Micall1 Lgmn Gipc1 Dcp1a Tmem100 Cpne3 Itga5 Fbn1 Smad5 Bmp8a Spred2 Ints9 E2f1 Cstf2 Uri1"
"GOBP_RESPONSE_TO_GROWTH_HORMONE",0.471849062982264,0.995260663507109,1,26,0.171446453683809,11,"Ptk2 Jak3 Cacybp Stat5a Shoc2 Cul5 Irf1 Star Mbd5 Stat6 Akt1"
"GOBP_RESPONSE_TO_HEAT",0.623091366078727,0.976361625656622,1,59,0.19397204440825,18,"Zfp976 Hmox1 Osm Htra2 Dhx36 Eif2b3 Hsp90aa1 Eif2s1 Eif2b2 Rbbp7 Clpb Pdcd6 Eef1d Zfp709 Nf1 Gclc Myof Hsp90ab1"
"GOBP_RESPONSE_TO_HEPATOCYTE_GROWTH_FACTOR",0.772515123084714,0.758154335719968,1,11,0.34160148026077,7,"Lgmn Gclm Crk Gclc Rela Gsk3b Crebbp"
"GOBP_RESPONSE_TO_HYDROGEN_PEROXIDE",-0.712279214593266,0.966559226430298,1,78,-0.18630272556289,12,"Anxa1 Klf2 Bcl2 Casp3 Capn2 Net1 Ripk1 Foxo1 Klf4 Fxn Kdm6b Fyn"
"GOBP_RESPONSE_TO_HYDROPEROXIDE",-1.45706910055345,0.0841787770770496,1,13,-0.565070171715489,5,"Mgst1 Cd38 Jak2 Xrcc1 Oxr1"
"GOBP_RESPONSE_TO_HYDROXYUREA",-0.702134554312367,0.83931484502447,1,12,-0.278794485952581,3,"Rad51 Timeless Kat7"
"GOBP_RESPONSE_TO_HYPEROXIA",-0.726381700437814,0.806026365348399,1,11,-0.294342444424785,3,"Fas Foxo1 Polb"
"GOBP_RESPONSE_TO_IMMOBILIZATION_STRESS",-1.1132661351161,0.328763367151083,1,13,-0.431738951773906,7,"Fos Foxo4 Faah Mdm2 Lrp11 Gltp Tgfb1"
"GOBP_RESPONSE_TO_INCREASED_OXYGEN_LEVELS",-0.69384975115146,0.864136732329085,1,18,-0.247905214986288,4,"Fas Atp6v0d1 Foxo1 Polb"
"GOBP_RESPONSE_TO_INSULIN",-0.744668488015765,0.995185694635488,1,211,-0.168703694246454,38,"Egr2 Egr1 Sorbs1 Hdac9 Sorl1 Fos Lmbrd1 Cyp51 Irs2 Pip4k2b Gkap1 Uprt Eef2k Slc27a4 Dennd4c Tsc1 Kat2b Insig2 Tnf Atp6v0d1 Eif4ebp1 Gpam Pdk2 Foxo1 Foxo4 Nucb2 Ptpra Pck2 Srebf1 Appl1 Sgcb Slc2a1 Akt2 Insig1 Lonp1 Syap1 Ceacam1 Wdtc1"
"GOBP_RESPONSE_TO_INTERFERON_ALPHA",-0.894717226694492,0.594507741747006,1,19,-0.315262305417966,4,"Ifit1bl1 Ifit1 Oas1a Traf3ip3"
"GOBP_RESPONSE_TO_INTERFERON_BETA",-1.53336162710909,0.0205892793752219,1,49,-0.437380256827173,18,"Irgm2 Ifi206 Gbp3 Ifit1 Ifi209 Gpr146 Ifit3 Ifi214 Ifi213 Capn2 Xaf1 Oas1a Traf3ip3 Irgm1 Calm1 9930111J21Rik1 Tgtp2 Ifnar1"
"GOBP_RESPONSE_TO_INTERLEUKIN_1",-1.10310735321972,0.263503086419753,1,68,-0.295277074825582,9,"Ccl5 Mapk11 Egr1 Klf2 Hes1 Irak4 Tle5 Tax1bp1 Zbp1"
"GOBP_RESPONSE_TO_INTERLEUKIN_12",1.16960116862292,0.287509944311854,1,11,0.517190510032906,6,"Il12rb1 Sirpa Il12a Stat4 Ticam2 Ripk2"
"GOBP_RESPONSE_TO_INTERLEUKIN_17",0.872297536822985,0.645260882988577,1,16,0.351731620483172,5,"Socs3 Trim32 Notch1 Traf2 Ikbke"
"GOBP_RESPONSE_TO_INTERLEUKIN_18",-0.870562729980547,0.626425591098748,1,14,-0.331690808775912,2,"Casp3 Cyld"
"GOBP_RESPONSE_TO_INTERLEUKIN_2",0.726068035247782,0.816571790006325,1,12,0.313801770462887,3,"Il2ra Jak3 Stat5a"
"GOBP_RESPONSE_TO_INTERLEUKIN_4",1.27889462665127,0.142857142857143,1,31,0.448776209116931,9,"Cd300lf Shpk Lef1 Mcm2 Hspa5 Jak3 Cdk4 Fasn Xbp1"
"GOBP_RESPONSE_TO_INTERLEUKIN_6",1.19884587369512,0.232911392405063,1,23,0.445722579874545,3,"C1qtnf4 Fer Socs3"
"GOBP_RESPONSE_TO_INTERLEUKIN_7",1.21817545826184,0.216462028194634,1,21,0.463005513010044,8,"Hspd1 Il7r Jak3 Pdia3 Gipc1 Atic Stat5a Hdgf"
"GOBP_RESPONSE_TO_IONIZING_RADIATION",-0.778034456045758,0.937162493863525,1,123,-0.189358537754131,18,"Egr1 Tmem109 Bcl2 Gadd45a Apobec1 Tigar Casp3 Tnks1bp1 Rad51 Nhej1 Tnf Bcl2l1 Net1 Xrcc4 Ccnd2 Babam2 Polb Zmpste24"
"GOBP_RESPONSE_TO_IRON_ION",-0.962240594324908,0.503476245654693,1,18,-0.343798439083936,3,"Slc11a2 Bcl2 Aco1"
"GOBP_RESPONSE_TO_ISCHEMIA",-1.67912283518026,0.00907911802853437,1,37,-0.509197814086907,11,"Egr1 Bcl2 Csf1 Cib1 Casp9 Uchl1 Tigar Eef2k Bcl2l1 P2rx4 Rcan1"
"GOBP_RESPONSE_TO_KETONE",-0.690509447856333,0.991803278688525,1,120,-0.168379677117311,31,"Klf9 Fos Tbxa2r Casp9 Mmp14 Fbxo32 Ptger4 Jak2 Eif4ebp1 Bcl2l1 Foxo1 Lipa Pck2 Srebf1 Anxa7 Calm1 Sphk2 Ccr7 Hdac6 Ncoa1 Fosb Cad Abhd2 Glo1 Tspo Calm3 Errfi1 Hsf1 Map4k1 Sirt1 Por"
"GOBP_RESPONSE_TO_LEAD_ION",-0.650881594291478,0.899545970488082,1,16,-0.2391657025594,7,"Cyp51 Slc34a1 Cat Ppp2cb Map1lc3a Alad Ppp1ca"
"GOBP_RESPONSE_TO_LEPTIN",0.406208917117077,0.997346652099266,1,14,0.168933314018464,6,"Nr4a3 Bbs2 Ccnd1 Nr1d1 Bbs4 Star"
"GOBP_RESPONSE_TO_LEUKEMIA_INHIBITORY_FACTOR",1.22537370796467,0.142101784534038,1,85,0.360779707740794,24,"Nefh Socs3 Snx10 Hells Trim2 Dtx1 Ext1 Phc1 Enah Srm Ncl Pfkp Eef1e1 Lrba Rnmt Xbp1 Chchd4 Parp16 Egln3 Gstt2 Piga Cacybp Rnf125 Mrpl15"
"GOBP_RESPONSE_TO_LIGHT_STIMULUS",0.847565134799794,0.823260716795503,1,208,0.223961481965353,58,"Atxn1 Tanc1 App Polk Bbs10 Chrnb2 Ddhd2 Uvssa Ercc6 Trim32 Hyal1 Pde1b Bmf Usp2 Il12a Agrp Id2 Ddias Brca2 Ext1 Pold3 Hrh2 Mapk8 Rdh13 Fbxw7 Pmaip1 Arrb1 Dhx36 Gpsm2 Sema5a Cep250 Per3 Rhbdd1 Cry2 Guca1b Mettl3 Ppid Cacna2d4 Eif2s1 Poli Cry1 Npm1 Grm6 Wrn Myc Pcna Ino80 Cdkn1a Rom1 Rpgr Fech Parp1 Cirbp Nr2f6 Kdm1a Mta1 Bak1 Actr5"
"GOBP_RESPONSE_TO_LIPOPROTEIN_PARTICLE",1.50082502972611,0.0354641633139622,1,24,0.55415985315657,7,"Cd9 Fcer1g App Apoe Tlr4 Smpd3 Tlr6"
"GOBP_RESPONSE_TO_L_GLUTAMATE",-1.56563021812697,0.0503093892924401,1,11,-0.634420477816336,6,"Kcnb1 Tnf Tuba1a Fyn Ufl1 Baiap2"
"GOBP_RESPONSE_TO_L_LEUCINE",1.02049182074771,0.451140833988985,1,13,0.432578034634978,3,"Rragd Klhl22 Sesn2"
"GOBP_RESPONSE_TO_MACROPHAGE_COLONY_STIMULATING_FACTOR",1.22775944746634,0.224821002386635,1,11,0.542907746561558,5,"Fer Alpl Tlr4 Pde1b Tlr2"
"GOBP_RESPONSE_TO_MANGANESE_ION",-0.757975555990425,0.779415855354659,1,14,-0.288794266674446,1,"Slc11a2"
"GOBP_RESPONSE_TO_MECHANICAL_STIMULUS",0.714302077988853,0.954061337097395,1,107,0.203711161045307,18,"Slc8a1 Pkd1l3 Chek1 Slc12a2 Tlr4 Habp4 Endog Ankrd23 Pkd1 Ptch1 Itgb3 Tlr7 Mapk8 Pkd2l2 Atat1 Atp1a1 Nrxn1 Casp2"
"GOBP_RESPONSE_TO_METAL_ION",0.954704679508805,0.580496453900709,1,197,0.253759535049078,36,"Car2 Trf Mt1 Mttp Kcnk3 Asph App Hmox1 Slc12a2 Smpd3 Endog Cpne5 Gphn Cdk1 Ect2 Id2 Rasal1 Plscr1 Gss Adam9 Sord Alox5ap Cybb Atp7a Mapk8 Nfatc1 Krt10 Akap5 Calr Impa2 Slc41a1 Bsg Sod2 Slc30a1 Nrxn1 Lgmn"
"GOBP_RESPONSE_TO_MINERALOCORTICOID",-0.549319198330889,0.976920829681566,1,19,-0.193557955194349,6,"Fos Calm1 Kras Hdac6 Fosb Calm3"
"GOBP_RESPONSE_TO_MISFOLDED_PROTEIN",1.04701839565333,0.409180726554188,1,19,0.406445045482418,4,"Dnajb14 Sdf2l1 Rara Ubr5"
"GOBP_RESPONSE_TO_MOLECULE_OF_BACTERIAL_ORIGIN",0.82527753013147,0.872497123130034,1,239,0.215086336076251,32,"Gbp10 Shpk Slpi C1qtnf4 Ikbip Fer Lilrb4a Alpl Ahr Sirpa Havcr1 Abr Ptger1 Slc12a2 Tlr4 Plscr3 Tnfrsf1b Tlr6 Slc7a5 Noct Il12a Plscr1 Adam9 Git1 Ctr9 Ncl Ptpn22 Mapk8 Mif Notch1 Letmd1 Nuggc"
"GOBP_RESPONSE_TO_MONOAMINE",-1.01147400313779,0.442359249329759,1,22,-0.344163564477763,3,"Adrb2 Gna15 Flna"
"GOBP_RESPONSE_TO_MURAMYL_DIPEPTIDE",0.822846954916656,0.709860450851097,1,17,0.327670689503281,8,"Ptpn22 Notch1 Nod2 Ripk2 Nod1 Erbin Rela Mapk14"
"GOBP_RESPONSE_TO_MUSCLE_ACTIVITY",0.803830838065048,0.72865275142315,1,12,0.347410336073253,5,"Slc7a5 Ppargc1a Itga5 Metrnl Tomm20"
"GOBP_RESPONSE_TO_MUSCLE_STRETCH",1.35348160257863,0.115497755070444,1,15,0.553784404528486,2,"Slc8a1 Ankrd23"
"GOBP_RESPONSE_TO_NERVE_GROWTH_FACTOR",-0.881458303987115,0.661697990926766,1,36,-0.269576655502717,5,"Hes1 Cib1 Eef2k Magi2 Acap2"
"GOBP_RESPONSE_TO_NICOTINE",0.877535208331748,0.639217470427662,1,20,0.336789872952377,3,"Hmox1 Chrnb2 Chrnb1"
"GOBP_RESPONSE_TO_NITRIC_OXIDE",0.931539989900967,0.569000786782061,1,13,0.394872089930126,7,"Mapk8 Txn1 Traf2 Egln1 Mtr Itgav Crk"
"GOBP_RESPONSE_TO_NUTRIENT",0.963477190977879,0.537738312875424,1,93,0.280030793831818,25,"Cdon Pemt Alpl Maf Slc16a1 Ada Mlycd Cybb Fes Kynu Sod2 Fasn Xbp1 Rara Pdia3 Abca1 Cpt1a Ubr5 Bckdhb Arsa Kdm6a Sik2 Suox Gclm Dnmt3a"
"GOBP_RESPONSE_TO_NUTRIENT_LEVELS",-0.769503229213876,1,1,348,-0.165027445787543,57,"Adrb2 Plin2 Pak4 Kcnb1 Pik3r4 Bcl2 Sorl1 Fos Prkab2 Trim25 Tbxa2r Fas Scd1 Slc27a4 Pik3c2b Prkag1 Syk Nr1h2 Itfg2 Slc34a1 Tcf7l2 Klf10 Tsc1 Kat2b Otud3 Acvr2a Eif4ebp1 Hmox2 Ppm1d Nmt1 Rasal2 Mettl14 Tbc1d7 Pdk2 Foxo1 Kptn Oma1 Foxo4 Nucb2 Lipa Ripor1 Tmem135 Nprl2 Ldlr Aacs Pck2 Nuak2 Mbd2 Srebf1 Sar1b Gabarapl2 Bnip1 Eif2ak4 Slc2a1 Tfam Sesn1 Mfsd5"
"GOBP_RESPONSE_TO_ORGANOPHOSPHORUS",1.1912079358242,0.189885367498314,1,69,0.361908422968843,11,"Slc8a1 Hcn3 Asph Acp2 Ahr Akap7 Slc26a6 Npr2 Tlr7 Crls1 Dgkq"
"GOBP_RESPONSE_TO_OSMOTIC_STRESS",-0.583816273114223,0.993566833452466,1,57,-0.160932451813583,16,"Tsc22d3 Casp3 Nedd4l Usp15 Slc2a1 Anxa7 Vac14 Kmo Pycard Cab39 Ptk2b Ryr1 Lrrc8a Tspo Errfi1 Rcsd1"
"GOBP_RESPONSE_TO_OXIDATIVE_STRESS",0.713229524507147,0.993715632364493,1,296,0.182769302563302,33,"Slc8a1 Mctp1 Fer App Apoe Sirpa Fut8 Hmox1 Tlr4 Smpd3 Endog Slc23a2 Ercc6 Cdk1 Ncoa7 Trim32 Brf2 Ect2 Hyal1 Stx2 Plk3 Ppargc1a Ddias Camk2g Htra2 Adam9 Meak7 Nr4a3 Slc25a14 Etfdh Atp7a Mapk8 Txn1"
"GOBP_RESPONSE_TO_OXYGEN_LEVELS",-0.875982400911468,0.866713681241185,1,216,-0.197810641573385,39,"Adrb2 Acaa2 Egr1 Bcl2 Atp1b1 Fos Casp9 Mmp14 Fas Tacc3 Tigar Eef2k Casp3 Pdlim1 Arnt Cd38 Rwdd3 Capn2 Tsc1 Ager Acvr2a Atp6v0d1 Eif4ebp1 Hmox2 Suv39h2 Lmna Plod1 Foxo1 Limd1 Daxx Bnip3l Polb Vhl Prmt2 Bnip1 Slc2a1 Ccna2 Npepps Tfam"
"GOBP_RESPONSE_TO_OXYGEN_RADICAL",1.08540218780462,0.368323556653288,1,16,0.437660608079844,5,"Ercc6 Atp7a Sod2 Parp1 Dhfr"
"GOBP_RESPONSE_TO_PAIN",-0.946498640896034,0.522595596755504,1,18,-0.338174004770005,7,"Reln Capn2 P2rx4 Gch1 Cacna1e Runx1 Tspo"
"GOBP_RESPONSE_TO_PEPTIDE_HORMONE",0.730202735143761,0.99085127747406,1,311,0.186453559313243,65,"Car2 Fer Lpin1 Socs3 Smad3 Prkcz Alpl Ptk2 Stxbp4 Slc26a6 Marcks Cyfip1 Zbed3 Pde3b Npr2 Rarres2 Ankrd26 Zbtb7b Agrp Agtrap Prkci Echdc3 Fbxw8 Itgb3 Mzb1 Meak7 Nr4a3 Cybb Ncl Nucks1 Pip4k2a Serpina3g Ide Jak3 Eif2b3 Bsg Xbp1 C2cd5 Epm2aip1 Rab31 Klf11 Atp6v0a2 Cry2 Prkca Sesn2 Tsc2 Fbn1 Cacybp Top1 Cry1 Stat4 Slc27a1 Rb1 C1qtnf12 Eif2b2 Anxa5 Nr4a1 Alas1 Prkdc Sik2 Atp6v1d Cul7 Stat5a Zfp106 Inpp5k"
"GOBP_RESPONSE_TO_PH",1.29069817320676,0.153927813163482,1,20,0.49535798637704,4,"Car2 Kcnk3 Pkd1l3 Hyal1"
"GOBP_RESPONSE_TO_PLATELET_DERIVED_GROWTH_FACTOR",1.39894977532287,0.0805658972449739,1,23,0.520119822450505,6,"Fer Smad3 Tlr4 Hyal1 Itgb3 Atp7a"
"GOBP_RESPONSE_TO_PROGESTERONE",-0.863413616252273,0.645216891697788,1,17,-0.313226280485124,7,"Fos Srebf1 Ncoa1 Fosb Abhd2 Tspo Errfi1"
"GOBP_RESPONSE_TO_PROSTAGLANDIN",0.53578292608416,0.965066876475216,1,13,0.227113946867941,1,"Ptger1"
"GOBP_RESPONSE_TO_PROSTAGLANDIN_E",0.582729921385088,0.942243436754177,1,11,0.257679620487584,1,"Ptger1"
"GOBP_RESPONSE_TO_PROTOZOAN",1.14906864867813,0.27388346643005,1,31,0.403219046684996,9,"Gbp8 Gbp10 Lyst Bpgm Gbp4 Il12a Spn Ccdc88b Irf4"
"GOBP_RESPONSE_TO_PURINE_CONTAINING_COMPOUND",1.16882516408791,0.209255801547079,1,77,0.349110324316807,13,"Slc8a1 Hcn3 Asph Acp2 Ahr Akap7 Slc26a6 Tmem38b Ada Npr2 Cacna1s Tlr7 Dgkq"
"GOBP_RESPONSE_TO_RADIATION",0.782428839492065,0.955488283439847,1,304,0.200253769134823,83,"Atxn1 Tanc1 App Smad3 Rad9b Polk Bbs10 Chrnb2 Ddhd2 Uvssa Ercc6 Trim32 Ect2 Hyal1 Pde1b Bmf Usp2 Il12a Agrp Plk3 Xrcc2 Id2 Ddias Brca2 Ext1 Eya1 Cdc25a Pold3 Hrh2 Mapk8 Txn1 Rdh13 Fbxw7 Pmaip1 Arrb1 Nucks1 Dhx36 Gpsm2 Sema5a Gtf2h5 Cep250 Sod2 Lzic Per3 Rhbdd1 Cry2 Guca1b Mettl3 Ppid Cacna2d4 Kdm4d Top1 Eif2s1 Poli Spidr Cry1 Npm1 Tank Grm6 Wrn Myc Xrcc6 Prkdc Pcna Ino80 Chek2 Cdkn1a Rom1 Dnmt3a Rad54l Dclre1c Rpgr Fech Parp1 Cirbp Aen Inip Clk2 Nr2f6 Kdm1a Mta1 Bak1 Actr5"
"GOBP_RESPONSE_TO_REACTIVE_OXYGEN_SPECIES",0.778561491719826,0.903449987589973,1,138,0.215149705944058,16,"Slc8a1 Fer Sirpa Hmox1 Smpd3 Endog Ercc6 Cdk1 Ect2 Hyal1 Plk3 Adam9 Nr4a3 Atp7a Mapk8 Txn1"
"GOBP_RESPONSE_TO_RETINOIC_ACID",-1.20844900733219,0.17279285468911,1,46,-0.34893351177263,18,"Igf2r Ltk Gdap2 Sp100 Synj1 Add1 Ovca2 Klf4 Tead2 Suz12 Srebf1 Twf2 Lyn Ptk2b Dnaaf2 Ncoa1 Runx1 Ctsh"
"GOBP_RESPONSE_TO_SALT",1.59457810729084,0.016793893129771,1,18,0.627008266756767,5,"Nefh Alpl Npr2 Runx2 Slc12a3"
"GOBP_RESPONSE_TO_SALT_STRESS",-0.592566397962473,0.942986169912504,1,15,-0.221898045245926,4,"Nedd4l Anxa7 Kmo Ptk2b"
"GOBP_RESPONSE_TO_STARVATION",-0.854768604719912,0.896944278010785,1,179,-0.197374557729112,38,"Plin2 Pak4 Pik3r4 Bcl2 Fos Fas Pik3c2b Prkag1 Itfg2 Slc34a1 Tcf7l2 Klf10 Tsc1 Eif4ebp1 Hmox2 Ppm1d Tbc1d7 Foxo1 Kptn Ripor1 Nprl2 Pck2 Nuak2 Srebf1 Sar1b Gabarapl2 Bnip1 Eif2ak4 Slc2a1 Sesn1 Mfsd5 Srebf2 Wdr45 Chka Zfp36 Eif2ak1 Ulk2 Stk24"
"GOBP_RESPONSE_TO_STEROID_HORMONE",-1.03049579597581,0.352221506761108,1,191,-0.236591780192358,47,"Idh1 Zfp764 Anxa1 Klf9 Bcl2 Fos Rnf14 Casp9 Skp2 Fas Casp3 Fbxo32 Ephx1 Jak2 Pdcd7 Tcf7l2 Tnf Eif4ebp1 Trip4 Junb Foxo1 Padi2 Daxx Tbl1x Trim68 Cnot9 Ufsp2 Pck2 Foxp1 Srebf1 Prmt2 Shq1 Hmgb2 Calm1 Ufl1 Kras Crebrf Lbh Safb2 Esrrg Nedd4 Zfp36 Vps11 Cnot3 Ywhah Uba5 Hdac6"
"GOBP_RESPONSE_TO_STEROL",0.692589480217916,0.875341219290264,1,20,0.265809418056493,3,"Gramd1c Gramd1b Ptch1"
"GOBP_RESPONSE_TO_STEROL_DEPLETION",-1.12284770748021,0.313702958919851,1,17,-0.407342905352691,8,"Armc5 Insig2 Srebf1 Erlin1 Insig1 Srebf2 Lyn Pip4p1"
"GOBP_RESPONSE_TO_TEMPERATURE_STIMULUS",-0.879839152805536,0.749223257878384,1,102,-0.21964868974036,15,"Adrb2 Thra Rasa3 Ngfr Scrn3 Cxcr4 Lxn Pdcl3 Hspb6 Hspa1b Daxx Slc25a27 Xylt1 Lipa Tmem135"
"GOBP_RESPONSE_TO_TESTOSTERONE",-0.610578664267885,0.942062572421784,1,18,-0.218153331870733,6,"Tbxa2r Cad Tspo Hsf1 Sirt1 Cbl"
"GOBP_RESPONSE_TO_THYROID_HORMONE",0.532665850821439,0.966793168880455,1,12,0.230214634081563,5,"Ppargc1a Crls1 Gclm Tomm70a Gclc"
"GOBP_RESPONSE_TO_TOPOLOGICALLY_INCORRECT_PROTEIN",0.608777404545658,0.996597353497164,1,122,0.171042984161025,23,"Dnajb14 Hspd1 Sdf2l1 Tm7sf3 Derl3 Fbxo6 Manf Hspa5 Xbp1 Rara Rhbdd1 Parp16 Hsp90aa1 Abcb10 Dnajb5 Eif2s1 Atad3a Ubr5 Ern1 Atf6 Tbl2 Wfs1 Pdia6"
"GOBP_RESPONSE_TO_TOXIC_SUBSTANCE",1.06297547996645,0.345099511828765,1,128,0.296588004422049,24,"Ces2c Abcb1b Mt1 Apoe Slc18a2 Ahr Nnt Pon3 Slc29a4 Gsto1 Gstk1 Ercc6 Cdk1 Ddc Hbb-bs Htra2 Wapl Alox5ap Txnrd3 Atp7a Txn1 Slc19a1 Mbp Adal"
"GOBP_RESPONSE_TO_TRANSFORMING_GROWTH_FACTOR_BETA",0.890675187497629,0.707549474712925,1,155,0.242610011734665,25,"Eng Eid2 Zfhx3 Smad3 Ptk2 Fut8 Gdf11 Dand5 Ppargc1a Adam9 Chst11 Wwox Cdh5 Rgcc Ccr1 Hspa5 Xbp1 Ski Gipc1 Dcp1a Fbn1 Smad5 Bmp8a Spred2 Ints9"
"GOBP_RESPONSE_TO_TUMOR_CELL",1.11892754241146,0.306798116539141,1,32,0.390105874036131,6,"Ahr Pvr Hspd1 Il12a Klhl22 Notch1"
"GOBP_RESPONSE_TO_TUMOR_NECROSIS_FACTOR",-1.2379259440856,0.0649281532730176,1,146,-0.294290224151963,25,"Ccl5 Naip5 Gbp3 Klf2 Traf5 Hes1 Fos Cxcl16 Nr2c2 Rffl Spata2 Cib1 Fas Wfdc21 Syk Jak2 Tnfrsf13c Sgms1 Map4k3 Tax1bp1 Tnf Tuba1a Ripk1 Hspa1b Cyld"
"GOBP_RESPONSE_TO_TYPE_II_INTERFERON",0.952948975240141,0.558963172077505,1,107,0.271770652984345,11,"Gbp8 Gbp10 Il12rb1 Vps26b Ifitm3 Stxbp4 Sirpa Slc26a6 Tlr4 Stx11 Gbp4"
"GOBP_RESPONSE_TO_TYPE_I_INTERFERON",-0.642805335194041,0.988023952095808,1,65,-0.173624371195421,10,"Usp18 Sp100 Oasl2 Oas1a Irf7 Zbp1 Morc3 Samhd1 Ttll12 Oasl1"
"GOBP_RESPONSE_TO_UV",0.604075663012092,0.998119358074223,1,124,0.169225285875522,49,"Polk Uvssa Ercc6 Trim32 Hyal1 Bmf Il12a Ddias Brca2 Pold3 Mapk8 Fbxw7 Pmaip1 Dhx36 Rhbdd1 Mettl3 Ppid Eif2s1 Poli Npm1 Wrn Myc Pcna Ino80 Cdkn1a Fech Parp1 Cirbp Kdm1a Bak1 Actr5 Tipin Cul4b Ruvbl2 Hyal2 N4bp1 Atr Sde2 Ccnd1 Ercc1 Noc2l Smpd1 Msh2 Aurkb Triap1 Trp53 Rela Sdf4 Crebbp"
"GOBP_RESPONSE_TO_UV_B",-0.905430475728632,0.580867566791152,1,17,-0.328469015095416,3,"Mapk11 Bcl2 Crip1"
"GOBP_RESPONSE_TO_UV_C",-0.721725153391461,0.811138014527845,1,11,-0.292455530919975,5,"Bcl3 Ercc5 Polh Map3k4 Ei24"
"GOBP_RESPONSE_TO_VIRUS",-1.04575312689744,0.287272727272727,1,300,-0.227631545701872,72,"Ccl5 Stmn1 Trim7 Irgm2 Trim30c Tbx21 Mapk11 Ifit1bl1 Aicda Hes1 Ifit1 Bcl2 Trim25 Skp2 Elmod2 Slfn8 Apobec1 Mov10 Armc5 Usp20 Map3k14 Ifi27l2a Usp18 Sertad3 Trim5 Gpr146 Ifit3 Oasl2 Oas1a Tnf Irf7 Nmi Parp9 Znfx1 Bcl2l1 Zbp1 Morc3 Rb1cc1 Gpam Dhx58 Traf3ip3 Samhd1 Bcl3 Bnip3l Gbp5 Irgm1 Oasl1 Zmpste24 Trim12c Trim34a Rnf216 Kctd9 Il17ra Isg20 Eif2ak4 Ufl1 Pml Zc3hav1 Rnase6 Pycard Tagap Lgals9 Arih2 Ifnar1 Trim26 Polr3f Ptprc Dtx3l Usp38 Exosc4 Cd37 Cr2"
"GOBP_RESPONSE_TO_VITAMIN",1.21897985017604,0.176831881159834,1,42,0.403021513881938,12,"Cdon Pemt Alpl Ada Fes Kynu Sod2 Rara Pdia3 Abca1 Ubr5 Kdm6a"
"GOBP_RESPONSE_TO_VITAMIN_D",1.19602663160845,0.242513121333745,1,16,0.482267079199651,6,"Cdon Alpl Fes Pdia3 Ubr5 Kdm6a"
"GOBP_RESPONSE_TO_WOUNDING",1.16623513524887,0.140947201450261,1,270,0.300970746469032,54,"Eng Nefh Cd9 Epb41l4b Nmnat3 C1qtnf4 Sulf2 Fcer1g Angpt1 Apoe Lilrb4a Smad3 Pear1 Prrg4 Ptk2 Aurka Hmox1 Rtn4rl2 Havcr1 Vegfa Slc12a2 Tlr4 Ptprs Lyst Tfpi Cdk1 Fgl2 Angptl4 Npr2 Ctnna1 Arhgap35 Fosl1 Itgb3 Git1 Ext1 Nmnat1 Prrg2 Angptl6 Nfix Snhg15 Ppl Mir22hg Atp7a Nfatc1 Fntb Gla Cspg5 St3gal4 Scrib Sod2 Xbp1 Mapk8ip3 Elk3 Pdia3"
"GOBP_RESPONSE_TO_XENOBIOTIC_STIMULUS",-0.816740069784635,0.955555555555556,1,194,-0.186717116776778,21,"Adora2a Slc22a12 Nceh1 Fmo5 Bcl2 Fos Mgst1 Abhd10 Smad1 Tbxa2r Braf Rph3al Uchl1 Apobec1 Tigar Casp3 Dusp6 Cd38 Add3 Nfatc2 Rad51"
"GOBP_RESPONSE_TO_X_RAY",0.731440456888723,0.835986054267091,1,21,0.278006720362997,5,"Ercc6 Xrcc2 Brca2 Pmaip1 Nucks1"
"GOBP_RESPONSE_TO_ZINC_ION",1.55502973413203,0.0236471123237835,1,21,0.591037469122052,3,"Car2 Mt1 Kcnk3"
"GOBP_RETICULOPHAGY",-1.33738140391452,0.113494191242181,1,22,-0.455056629838853,11,"Rb1cc1 Ccpg1 Ufl1 Ulk2 Uba5 Atg2a Ulk3 Retreg2 Retreg1 Ddrgk1 Snx30"
"GOBP_RETINAL_ROD_CELL_DIFFERENTIATION",0.993571875336819,0.486482162853943,1,10,0.449422139417601,3,"Bbs10 Samd11 Rpgrip1l"
"GOBP_RETINA_DEVELOPMENT_IN_CAMERA_TYPE_EYE",1.3638484756074,0.0550287164418325,1,76,0.408180677125272,22,"Tbc1d32 Cdon Arl6 Ttc8 Dll1 Nectin1 Bmpr2 Bbs10 Celf4 Samd11 Rpgrip1l Lpcat1 Gpm6a Bbs1 Nfix Rdh13 Tgif2 Dll4 Bsg Ski Prox2 Casp2"
"GOBP_RETINA_HOMEOSTASIS",-0.860051617021138,0.672981366459627,1,29,-0.275752380444021,9,"Elp6 Crocc Cib2 Slc28a2 Poc1b Whrn Vhl Slc2a1 Ccdc66"
"GOBP_RETINA_MORPHOGENESIS_IN_CAMERA_TYPE_EYE",1.39869692298683,0.0735706899098833,1,27,0.503850216952571,7,"Cdon Arl6 Ttc8 Dll1 Bbs10 Samd11 Rpgrip1l"
"GOBP_RETINOIC_ACID_RECEPTOR_SIGNALING_PATHWAY",-0.793684811777629,0.748532863849765,1,20,-0.2756328236837,3,"Thra Klf2 Nr1h2"
"GOBP_RETINOL_METABOLIC_PROCESS",1.20913596412979,0.233937141972442,1,15,0.494724596635728,2,"Ces2c Dhrs3"
"GOBP_RETROGRADE_AXONAL_TRANSPORT",0.878669924825906,0.631965038239426,1,14,0.365419408767957,8,"Rufy3 Tmem108 Snapin Kif5b Dync1h1 Mecp2 Kif1b Ndel1"
"GOBP_RETROGRADE_TRANSPORT_ENDOSOME_TO_GOLGI",-0.756253312646436,0.948707427164547,1,85,-0.194264834118894,27,"Rab29 Sorl1 Ube2o Rab9 Vps50 Snx2 Tbc1d14 Rab6b Tbc1d23 Snx8 Vti1a Washc2 Stx5a Vps51 Spag9 Evi5 Dennd5a Gosr1 Ap5z1 Rbsn Eipr1 Snx5 Snx6 Snx3 Vps26a Tbc1d10c Rab4b"
"GOBP_RETROGRADE_TRANSPORT_VESICLE_RECYCLING_WITHIN_GOLGI",-1.1105622473567,0.3287123433751,1,10,-0.462382264390393,4,"Cux1 Cog5 Cog1 Cog6"
"GOBP_RETROGRADE_VESICLE_MEDIATED_TRANSPORT_GOLGI_TO_ENDOPLASMIC_RETICULUM",0.450497729451727,0.999286020277024,1,43,0.148432545079438,20,"Ergic1 Sec22b Cog4 Atp9b Kdelr2 Lman2 Cog7 Bicd2 Gbf1 Copb2 Psmd14 Stx18 Nbas Use1 Ergic2 Tmed10 Arf4 Rab6a Htt Uvrag"
"GOBP_RHO_PROTEIN_SIGNAL_TRANSDUCTION",0.816398134496431,0.807931262392597,1,85,0.240367390331052,18,"Stard8 Nradd Apoe Tns3 Arhgef12 Gpr55 Dock7 Arhgap35 Nfix Arhgef10 Hacd3 Arrb1 Kank3 Eps8l1 Mcf2l Arhgap5 Abca1 Dock10"
"GOBP_RHYTHMIC_BEHAVIOR",0.847431997490401,0.697314049586777,1,30,0.298774640975196,6,"Zfhx3 Gpr176 Chrnb2 Ada Usp2 Id2"
"GOBP_RHYTHMIC_PROCESS",0.880492125858445,0.745746465372634,1,182,0.235965164377373,42,"Car2 Mttp Zfhx3 Maged1 Ahr Gpr176 Slc26a6 Gas2 Chrnb2 Cdk1 Ada Npr2 Noct Usp2 Agrp Ppargc1a Id2 Gfpt1 Nrip1 Siah2 Mapk8 Notch1 Tef Cdk5r1 Fbxw7 Arrb1 Per3 Cry2 Casp2 Afp Mettl3 Ciart Top1 Cry1 Btrc Ndufa9 Tardbp Prkdc Pcna Stat5a Esr1 Hdac2"
"GOBP_RIBONUCLEOPROTEIN_COMPLEX_BIOGENESIS",1.167603195775,0.100874824495086,1,430,0.291776828540323,249,"Coil Celf4 Mettl15 Mphosph6 Tfb1m Ddx28 Rrp1b Rpp38 Ybey Usp36 Nol10 Heatr3 Rnasel Ddx51 Nop16 Naf1 Malsu1 Ipo4 Rpp40 Ddx49 Wdr77 Eif2d Nop58 Ncl Srfbp1 Grwd1 Nmd3 Rrp9 Tma16 Nol6 Ddx20 Esf1 Spout1 Dimt1 Tsr2 Tsr1 Dhx29 Rcl1 Brix1 Noa1 Gnl2 Rpusd1 Gtf2h5 Dis3 Mdn1 Trmt2b Heatr1 Eri3 Zrsr2 Mrm3 Mtif2 Nup88 Hsp90aa1 Wdr12 Nop56 Fdxacb1 Ddx55 Imp4 Urb1 Nhp2 Ran Npm1 Znhit6 Znhit3 Celf2 Utp4 Zfp593 Tssc4 Rbmx Nat10 Mtg1 Nop14 Prpf6 Clns1a Prkdc Exosc3 Nop2 Zfp574 Smn1 Mettl16 Gcfc2 Eri1 Strap Sfswap Surf6 Efl1 Ptges3 Las1l Srpk2 Snrpd1 Eif1ax Pa2g4 Mettl17 Rrp15 Denr Rpusd2 Ebna1bp2 Eif3m Srpk3 Nop10 Fbl Mterf4 Snrnp200 Snrpf Gtpbp4 Riok2 Ptbp2 Cul4b Ruvbl2 Wbp11 Rbis Ddx21 Utp25 Mettl5 Xpo1 Prpf39 Prpf3 Prmt7 Krr1 Eif2s3x Exosc9 Npm3 Mrto4 Ddx31 Frg1 Atr Nol11 Ppan Dhx30 Sde2 C1qbp Ago4 Snrpb Fcf1 Sf3a1 Prpf31 Snrpg Rrn3 Exosc5 Tent4b Tbl3 Dkc1 Ddx10 Gar1 Noc2l U2af2 Rrs1 Rps17 Pes1 Ftsj3 Prmt5 Pelp1 Pwp2 Rexo4 Eif3i Nufip1 Eif3b Wdr46 Hsp90ab1 Sf3a2 Wdr55 Nsun3 Wdr18 Sdad1 Eif3l Rps27l Prkra Rexo1 Abcf1 Exosc1 Utp20 Eif3a Rpl14 Ndufab1 Gnl3l Ruvbl1 Luc7l3 Usp4 Snrpd3 Rbm10 Lsm6 Xrcc5 Gemin4 Mrm1 Eif3c Riok3 Eif2s3y Lyar Eif2a Ddx42 Pop5 Mbnl1 Dicer1 Riox1 Mybbp1a Emg1 Rplp0 Wdr75 Mak16 Pwp1 Snu13 Bop1 Eif5b Ddx52 Snrpd2 Nol8 Noc4l Fastkd2 Rps27a Rps14 Rpl24 Rps25 Rpl38 Luc7l2 Eif3g Nom1 Rps6 Aatf Pin4 Utp14a Rpl27 Pno1 Ythdf2 Ago3 Rrp36 Snrpe Prpf19 Riox2 Xab2 Aar2 Wdr74 Eif2s2 Ddx3x Bysl Utp23 Eif6 Luc7l Rps23 Dnttip2 Prpf4b Mphosph10 Usp16 Slu7 Utp3 Rps15 Ercc2 Snrpc Mrm2 Clp1"
"GOBP_RIBONUCLEOPROTEIN_COMPLEX_LOCALIZATION",0.68308344767569,0.857685009487666,1,12,0.295224117918059,7,"Riok2 Prpf31 Thoc5 Rbm10 Wnk1 Iws1 Nsun2"
"GOBP_RIBONUCLEOSIDE_METABOLIC_PROCESS",1.2400440825917,0.202994751466502,1,16,0.500015987926673,7,"Pnp2 Pemt Ada Adal Aprt Adk Icmt"
"GOBP_RIBONUCLEOSIDE_MONOPHOSPHATE_BIOSYNTHETIC_PROCESS",1.1258442837276,0.302565614862872,1,29,0.399700620130005,16,"Uck2 Ada Impdh1 Pfas Dhodh Paics Atic Prps1l3 Gmpr2 Aprt Gmps Adk Ampd2 Gart Ppat Uck1"
"GOBP_RIBONUCLEOTIDE_CATABOLIC_PROCESS",0.938003333805271,0.588753563099249,1,99,0.270218296508004,27,"Mttp Eno3 Pde8a App Bpgm Zbtb20 Ada Aldoc Ppargc1a Git1 Pfkfb1 Pfkfb2 Gale Pfkl Pfkp Tpi1 Jmjd8 Ran Gmpr2 Myc Mpi Entpd1 Xpo4 Pde2a Hk2 Pde7a Pfkfb4"
"GOBP_RIBOSE_PHOSPHATE_BIOSYNTHETIC_PROCESS",1.0893848954513,0.29579409918393,1,123,0.305529350355144,38,"Uck2 Adcy3 Nme4 Ada Npr2 Papss1 Impdh1 Atpsckmt Pfas Mthfd1 Dhodh Letmd1 Paics Fam3a Atic Ndufa8 Cox11 Prps1l3 Ndufv3 Gmpr2 Myc Ndufa9 Ndufa5 Nme6 Aprt Gmps Nme2 Sdhc Adk Entpd1 Slc25a13 Prpsap2 Nme1 Ampd2 Parp1 Guk1 Ndufc1 Gart"
"GOBP_RIBOSE_PHOSPHATE_METABOLIC_PROCESS",0.992889547794088,0.490537905723133,1,246,0.258196554988352,70,"Mttp Eno3 Uck2 Pde8a App S100a1 Adcy3 Nme4 Bpgm Zbtb20 Ada Npr2 Papss1 Aldoc Impdh1 Ppargc1a Atpsckmt Pfas Mthfd1 Git1 Nmnat1 Atp7a Pfkfb1 Pfkfb2 Dhodh Bend3 Gale Letmd1 Pfkl Pfkp Tpi1 Jmjd8 Gtpbp1 Paics Fam3a Atic Ndufa8 Ran Cox11 Prps1l3 Ndufv3 Gmpr2 Myc Ndufa9 Mpi Ndufa5 Nme6 Aprt Gmps Nme2 Sdhc Adk Entpd1 Slc25a25 Xpo4 Slc25a13 Pde2a Prpsap2 Efl1 Nme1 Hk2 Ampd2 Parp1 Guk1 Ndufc1 Gart Pde7a Pfkfb4 Nudt14 Ppat"
"GOBP_RIBOSOMAL_LARGE_SUBUNIT_ASSEMBLY",0.999790211140938,0.470822868961442,1,27,0.360152729666913,11,"Ddx28 Malsu1 Brix1 Mdn1 Mrm3 Mtg1 Nop2 Mterf4 Mrto4 Dhx30 Rrs1"
"GOBP_RIBOSOMAL_LARGE_SUBUNIT_BIOGENESIS",1.17447314240552,0.21037037037037,1,70,0.356021254175831,29,"Ddx28 Heatr3 Nop16 Malsu1 Tma16 Brix1 Mdn1 Mrm3 Wdr12 Ddx55 Urb1 Npm1 Znhit6 Znhit3 Mtg1 Nop2 Surf6 Las1l Rrp15 Ebna1bp2 Mterf4 Gtpbp4 Mrto4 Ppan Dhx30 Noc2l Rrs1 Pes1 Ftsj3"
"GOBP_RIBOSOMAL_SMALL_SUBUNIT_ASSEMBLY",0.88840823150459,0.629563403367605,1,24,0.32803302541104,14,"Mettl15 Tfb1m Noa1 Prkdc Mettl17 Pwp2 Rps27l Xrcc5 Rps14 Rps6 Rps15 Rps10 Rpsa Rbfa"
"GOBP_RIBOSOMAL_SMALL_SUBUNIT_BIOGENESIS",1.10976731817149,0.270900012802458,1,110,0.31551046386388,65,"Mettl15 Tfb1m Nol10 Rpp40 Nop58 Srfbp1 Rrp9 Nol6 Dimt1 Tsr2 Tsr1 Rcl1 Noa1 Gtf2h5 Heatr1 Nop56 Imp4 Npm1 Utp4 Nat10 Nop14 Prkdc Surf6 Mettl17 Fbl Riok2 Utp25 Krr1 Nol11 Fcf1 Tbl3 Rrs1 Rps17 Pwp2 Wdr46 Rps27l Utp20 Lsm6 Xrcc5 Riok3 Emg1 Wdr75 Snu13 Ddx52 Rps27a Rps14 Rps25 Nom1 Rps6 Aatf Pno1 Rrp36 Bysl Utp23 Rps23 Dnttip2 Mphosph10 Utp3 Rps15 Ercc2 Rps10 Rpsa Rbfa Rps21 Wdr36"
"GOBP_RIBOSOME_ASSEMBLY",1.09023691654454,0.317030212708305,1,67,0.332623035336177,43,"Mettl15 Tfb1m Ddx28 Malsu1 Dhx29 Brix1 Noa1 Mdn1 Mrm3 Mtg1 Prkdc Nop2 Zfp574 Surf6 Efl1 Eif1ax Mettl17 Mterf4 Mrto4 Dhx30 C1qbp Rrs1 Pwp2 Rps27l Ndufab1 Xrcc5 Eif2a Bop1 Eif5b Fastkd2 Rps14 Rpl24 Rpl38 Rps6 Ddx3x Eif6 Rps15 Mrm2 Rps10 Rpsa Rbfa Nip7 Nop53"
"GOBP_RIBOSOME_ASSOCIATED_UBIQUITIN_DEPENDENT_PROTEIN_CATABOLIC_PROCESS",-0.646683505598056,0.887543718052193,1,11,-0.262047355670156,2,"Trip4 Rnf10"
"GOBP_RIBOSOME_BIOGENESIS",1.13216755761609,0.182640750670241,1,310,0.289268966676979,166,"Mettl15 Mphosph6 Tfb1m Ddx28 Rrp1b Rpp38 Ybey Usp36 Nol10 Heatr3 Rnasel Ddx51 Nop16 Naf1 Malsu1 Ipo4 Rpp40 Ddx49 Nop58 Ncl Srfbp1 Grwd1 Nmd3 Rrp9 Tma16 Nol6 Esf1 Spout1 Dimt1 Tsr2 Tsr1 Dhx29 Rcl1 Brix1 Noa1 Gnl2 Rpusd1 Gtf2h5 Dis3 Mdn1 Trmt2b Heatr1 Eri3 Mrm3 Nup88 Wdr12 Nop56 Fdxacb1 Ddx55 Imp4 Urb1 Nhp2 Ran Npm1 Znhit6 Znhit3 Utp4 Zfp593 Nat10 Mtg1 Nop14 Prkdc Exosc3 Nop2 Zfp574 Mettl16 Eri1 Surf6 Efl1 Las1l Eif1ax Pa2g4 Mettl17 Rrp15 Rpusd2 Ebna1bp2 Nop10 Fbl Mterf4 Gtpbp4 Riok2 Cul4b Wbp11 Rbis Ddx21 Utp25 Mettl5 Xpo1 Krr1 Exosc9 Npm3 Mrto4 Ddx31 Frg1 Nol11 Ppan Dhx30 Sde2 C1qbp Fcf1 Rrn3 Exosc5 Tent4b Tbl3 Dkc1 Ddx10 Gar1 Noc2l Rrs1 Rps17 Pes1 Ftsj3 Pelp1 Pwp2 Rexo4 Wdr46 Wdr55 Nsun3 Wdr18 Sdad1 Rps27l Rexo1 Abcf1 Exosc1 Utp20 Rpl14 Ndufab1 Gnl3l Rbm10 Lsm6 Xrcc5 Gemin4 Mrm1 Riok3 Lyar Eif2a Pop5 Dicer1 Riox1 Mybbp1a Emg1 Rplp0 Wdr75 Mak16 Pwp1 Snu13 Bop1 Eif5b Ddx52 Nol8 Noc4l Fastkd2 Rps27a Rps14 Rpl24 Rps25 Rpl38 Nom1 Rps6 Aatf Pin4 Utp14a Rpl27 Pno1 Ythdf2 Rrp36"
"GOBP_RIBOSOME_DISASSEMBLY",0.674615539843877,0.935866304813598,1,42,0.223042715691236,17,"Elac1 Ptrh1 Eif2d Mrpl58 Mtif2 Gspt1 Etf1 Klhdc10 Denr Saysd1 Usp10 Ascc3 Abce1 Gfm2 Ankzf1 Trnt1 Mtif3"
"GOBP_RIBOSOME_LOCALIZATION",1.02651103838279,0.442958300550747,1,13,0.435129531160168,8,"Nmd3 Nup88 Ran Npm1 Riok2 Xpo1 Sdad1 Rbm10"
"GOBP_RIG_I_SIGNALING_PATHWAY",0.923140704838483,0.577661950856292,1,23,0.343217310561854,4,"Nlrx1 Rnf135 Ddx60 Sec14l1"
"GOBP_RISC_COMPLEX_ASSEMBLY",-0.763566234832305,0.751799520127966,1,10,-0.31791057683992,10,"Ago1 Adar Ago2 Tarbp2 Dhx9 Clp1 Ago3 Dicer1 Prkra Ago4"
"GOBP_RNA_3_END_PROCESSING",0.696323368870101,0.958585327373127,1,89,0.203593180092967,33,"Elac1 Mblac1 Ptcd1 Dhx36 Eri3 Trmt10c Ints9 Cstf2 Supv3l1 Ints2 Exosc3 Eri1 Cdc73 Fbl Ints5 Ints14 Exosc9 Mtpap Ints6l Cstf2t Exosc5 Tent4b Dkc1 Elac2 Ints11 Cpsf7 Ankzf1 Trnt1 Cstf3 Rexo1 Ssb Larp7 Lsm10"
"GOBP_RNA_5_END_PROCESSING",-0.562274261845602,0.975564491184658,1,27,-0.183599350188154,5,"Rpp30 Rpp25l Pop4 Pop7 Cmtr1"
"GOBP_RNA_DECAPPING",-0.641398025133893,0.91657010428737,1,18,-0.229164765208497,5,"Dcp1b Edc4 Nudt16 Zfp36 Cnot7"
"GOBP_RNA_EXPORT_FROM_NUCLEUS",0.632246979813274,0.983972218512088,1,76,0.189222633559535,39,"Magohb Nup160 Nol6 Nup88 Mettl3 Nup188 Nup107 Alyref2 Ncbp3 Xpo1 Alyref Rbm8a Nxt1 Fmr1 Ssb Thoc5 Nup133 Fyttd1 Wnk1 Iws1 Nsun2 Chtop Eif4e Thoc6 Eny2 Ddx19b Thoc3 Ncbp2 Phax Ranbp2 Srsf3 Xpot Nup214 Sem1 Nrde2 Ythdc1 Cpsf6 Hnrnpa2b1 Nup155"
"GOBP_RNA_LOCALIZATION",0.98797268947138,0.492548253115074,1,155,0.269112768774439,71,"Igf2bp3 Wrap53 Magohb Nup37 Fubp3 Nop58 Mettl1 Lrpprc Nup160 Nol6 Dhx36 Nup54 Nup88 Mettl3 Nup188 Nup107 Kpnb1 Ran Znhit6 Prpf6 Alyref2 Sidt1 Ndc1 Ncbp3 Hnrnpab Fbl Nutf2 Fxr1 Ahctf1 Tomm20 Xpo1 Atr Stau2 Alyref Cct2 Dkc1 Rbm8a Bicd2 Dcp2 Supt6 Nxt1 Tnks Fmr1 Hnrnpa3 Ssb Stau1 Senp2 Thoc5 Mapt Nup133 Srsf7 Cct4 Fyttd1 Wnk1 Iws1 Nsun2 Ybx1 Chtop Aaas Hnrnpa1 Snupn Slbp Eif4e Thoc6 Cetn3 Eny2 Fxr2 Ddx19b Htt Thoc3 Ncbp2"
"GOBP_RNA_METHYLATION",0.9087255457558,0.626173309753775,1,66,0.278225459190323,27,"Mettl15 Tfb1m Thada Trmt61a Mettl1 Wdr4 Spout1 Dimt1 Rbm15 Trmt2b Tyw3 Rnmt Mrm3 Trmt6 Trmt10c Mettl3 Fdxacb1 Mepce Nop2 Mettl16 Mettl2 Thumpd3 Trmt5 Fbl Nsun6 Mettl5 Trmt10a"
"GOBP_RNA_MODIFICATION",0.734017041187774,0.957130467104448,1,142,0.202479686599934,54,"Rbm47 Mettl15 Tfb1m Thada Trmu Naf1 Dtwd2 Pusl1 Ptcd1 Trmt61a Mettl1 Wdr4 Mocs3 Spout1 Dimt1 Rpusd1 Rbm15 Trmt2b Tyw3 Rnmt Mrm3 Trmt6 Trmt10c Thumpd1 Mettl3 Fdxacb1 Alkbh1 Mepce Nhp2 Osgepl1 Gtdc1 Nat10 Nop2 Mettl16 Mettl2 Trub2 Rpusd2 Thumpd3 Trmt5 Nop10 Hnrnpab Fbl Mpst Nsun6 Mettl5 Trmt10a Adat2 Trit1 B3gntl1 Ctu2 Pus7 Ctu1 Slc35f2 Wtap"
"GOBP_RNA_POLYMERASE_II_PREINITIATION_COMPLEX_ASSEMBLY",-0.67508133506311,0.974349710982659,1,59,-0.184979734640829,10,"Thra Taf5 Taf13 Taf4b Taf6l Gtf2e2 Med11 Med18 Med29 Wnt10b"
"GOBP_RNA_POLYMERASE_II_TRANSCRIPTION_INITIATION_SURVEILLANCE",-1.15458322050871,0.274941314553991,1,20,-0.400966515327245,3,"Ints4 Ints8 Armc5"
"GOBP_RNA_SPLICING_VIA_ENDONUCLEOLYTIC_CLEAVAGE_AND_LIGATION",1.312477552587,0.147058823529412,1,12,0.567244059372541,6,"Trpt1 Tsen2 Tsen15 Ern1 Pyroxd1 Tsen54"
"GOBP_RNA_SURVEILLANCE",-0.73406222149922,0.896247960848287,1,39,-0.219139202557495,3,"Ints4 Ints8 Armc5"
"GOBP_RNA_TEMPLATED_DNA_BIOSYNTHETIC_PROCESS",0.976721066067928,0.509075677185144,1,51,0.311593029083812,28,"Wrap53 Naf1 Tep1 Stn1 Hsp90aa1 Pinx1 Cct3 Nhp2 Nat10 Ptges3 Cct7 Nop10 Fbxo4 Atr Cct6a Cct8 Cct2 Tent4b Dkc1 Gar1 Dcp2 Tnks Hsp90ab1 Trp53 Gnl3l Ctc1 Cct4 Xrcc5"
"GOBP_ROOF_OF_MOUTH_DEVELOPMENT",1.46168997587679,0.034268791425751,1,46,0.47444977072521,9,"Intu Ift88 Tbc1d32 Dhrs3 Asph Gdf11 Cdk20 Lef1 B3glct"
"GOBP_RRNA_3_END_PROCESSING",0.746102539866609,0.795540796963947,1,12,0.322460549963612,5,"Eri3 Exosc3 Eri1 Exosc9 Rexo1"
"GOBP_RRNA_CATABOLIC_PROCESS",-0.720091034234783,0.824347332576618,1,16,-0.264596632659369,4,"Dis3l Slfn8 Slfn2 Rnf10"
"GOBP_RRNA_METABOLIC_PROCESS",1.00027461099105,0.471897224133976,1,247,0.260067297452207,106,"Slfn9 Mettl15 Mphosph6 Tfb1m Rrp1b Rpp38 Ercc6 Ybey Usp36 Nol10 Rnasel Ddx51 Naf1 Rpp40 Ddx49 Ncl Srfbp1 Rrp9 Nol6 Esf1 Spout1 Dimt1 Tsr2 Tsr1 Rcl1 Brix1 Rpusd1 Gtf2h5 Polr1b Dis3 Trmt2b Heatr1 Eri3 Mrm3 Wdr12 Fdxacb1 Ddx55 Imp4 Urb1 Top1 Nhp2 Npm1 Znhit6 Znhit3 Utp4 Myc Nat10 Nop14 Prkdc Exosc3 Nop2 Xrn1 Mettl16 Eri1 Las1l Pa2g4 Rrp15 Taf1b Polr2l Rpusd2 Ebna1bp2 Nop10 Fbl Mterf4 Gtpbp4 Riok2 Wbp11 Ddx21 Utp25 Mettl5 Krr1 Exosc9 Npm3 Mrto4 Frg1 Polr1c Nol11 Ppan Sde2 Fcf1 Exosc5 Tent4b Tbl3 Dkc1 Ddx10 Gar1 Rrs1 Rps17 Pes1 Ftsj3 Ubtf Gtf3c1 Pelp1 Pwp2 Rexo4 Wdr46 Wdr55 Nsun3 Wdr18 Smarca4 Rexo1 Exosc1 Utp20 Polr2f Rpl14 Polr2h"
"GOBP_RRNA_METHYLATION",1.34245134312136,0.113318284424379,1,22,0.504473390797507,11,"Mettl15 Tfb1m Spout1 Dimt1 Trmt2b Mrm3 Fdxacb1 Nop2 Mettl16 Fbl Mettl5"
"GOBP_RRNA_MODIFICATION",1.38159038670563,0.0757264455532727,1,33,0.478460207720684,20,"Mettl15 Tfb1m Naf1 Spout1 Dimt1 Rpusd1 Trmt2b Mrm3 Fdxacb1 Nhp2 Nat10 Nop2 Mettl16 Rpusd2 Nop10 Fbl Mettl5 Dkc1 Gar1 Ftsj3"
"GOBP_RRNA_PROCESSING",1.08585547172979,0.283245767659078,1,213,0.286284074610828,91,"Mettl15 Mphosph6 Tfb1m Rrp1b Rpp38 Ybey Usp36 Nol10 Rnasel Ddx51 Naf1 Rpp40 Ddx49 Ncl Srfbp1 Rrp9 Nol6 Esf1 Spout1 Dimt1 Tsr2 Tsr1 Rcl1 Brix1 Rpusd1 Gtf2h5 Dis3 Trmt2b Heatr1 Eri3 Mrm3 Wdr12 Fdxacb1 Ddx55 Imp4 Urb1 Nhp2 Npm1 Znhit6 Znhit3 Utp4 Nat10 Nop14 Prkdc Exosc3 Nop2 Mettl16 Eri1 Las1l Pa2g4 Rrp15 Rpusd2 Ebna1bp2 Nop10 Fbl Mterf4 Gtpbp4 Riok2 Wbp11 Ddx21 Utp25 Mettl5 Krr1 Exosc9 Npm3 Mrto4 Frg1 Nol11 Ppan Sde2 Fcf1 Exosc5 Tent4b Tbl3 Dkc1 Ddx10 Gar1 Rrs1 Rps17 Pes1 Ftsj3 Pelp1 Pwp2 Rexo4 Wdr46 Wdr55 Nsun3 Wdr18 Rexo1 Exosc1 Utp20"
"GOBP_RRNA_PSEUDOURIDINE_SYNTHESIS",0.95527329380405,0.535594304911214,1,10,0.432098550781116,7,"Naf1 Rpusd1 Nhp2 Rpusd2 Nop10 Dkc1 Gar1"
"GOBP_RRNA_TRANSCRIPTION",0.849564002327302,0.703084084957812,1,35,0.290603569214515,17,"Ercc6 Ncl Gtf2h5 Polr1b Top1 Npm1 Taf1b Polr2l Npm3 Polr1c Nol11 Ubtf Gtf3c1 Smarca4 Polr2f Polr2h Polr1e"
"GOBP_RUFFLE_ASSEMBLY",-0.788717124126652,0.799442033477991,1,30,-0.250500162884095,3,"Tacstd2 Wdpcp Eps8"
"GOBP_RUFFLE_ORGANIZATION",-0.829203598933205,0.74747803449398,1,38,-0.249574866168415,6,"Tacstd2 Carmil1 Wdpcp Eps8 Tpm1 Plekhm1"
"GOBP_R_LOOP_PROCESSING",0.897346167586722,0.61270196768517,1,10,0.405896387011052,5,"Nbn Rad54l2 Nfat5 Srpk2 Ddx21"
"GOBP_SALIVARY_GLAND_DEVELOPMENT",0.76927291943843,0.772777340676633,1,13,0.326088422095112,1,"Plxna1"
"GOBP_SARCOMERE_ORGANIZATION",-0.837516840558596,0.69632892804699,1,21,-0.287766001926582,4,"Csrp2 Tpm1 Neurl2 Csrp1"
"GOBP_SARCOPLASMIC_RETICULUM_CALCIUM_ION_TRANSPORT",1.26671627325871,0.179839456622414,1,16,0.510770865074799,3,"Slc8a1 Gsto1 Tmem38b"
"GOBP_SCF_DEPENDENT_PROTEASOMAL_UBIQUITIN_DEPENDENT_PROTEIN_CATABOLIC_PROCESS",-0.772510544670794,0.88497150997151,1,55,-0.214281403943153,19,"Cdc20 Skp2 Ube2c Fbxo32 Fbxo31 Fbxl22 Fbxl15 Fbxo44 Ufl1 Fbxw5 Fbxo46 Styx Fnip1 Fbxl14 Fbxl20 Map3k7 Fbxw11 Cul1 Rbx1"
"GOBP_SCHWANN_CELL_DIFFERENTIATION",-0.760152508879295,0.845290081097941,1,32,-0.2373852505853,10,"Egr2 Dag1 Slc25a46 Akt2 Bag1 Itgb4 Nab1 Grb2 Sirt2 Ilk"
"GOBP_SECONDARY_ALCOHOL_METABOLIC_PROCESS",-1.04387613295366,0.354963472281908,1,92,-0.265174107685819,38,"Idi1 Dhcr24 Cyp39a1 Idh1 Fmo5 Dhcr7 Cyp51 Cyp27a1 Lss Gpr146 Insig2 Pmvk Acat2 G6pdx Fdft1 Lipa Ldlr Ldlrap1 Srebf1 Stard4 Hmgcs1 Erlin1 Insig1 Srebf2 Lmf1 Soat1 Pip4p1 Enpp1 Idh2 Msmo1 Gba2 Cat Idh3b Hmgcr Sqle Errfi1 Prkaca Sc5d"
"GOBP_SECONDARY_METABOLIC_PROCESS",-0.877035298588685,0.637004405286344,1,21,-0.3013443183483,5,"Mfsd12 Bcl2 Appl1 Rapgef2 Vhl"
"GOBP_SECONDARY_PALATE_DEVELOPMENT",-1.51158830345957,0.0663822980538523,1,10,-0.629349344661434,2,"Tshz1 Chd7"
"GOBP_SECRETION_BY_TISSUE",-0.973778043373393,0.488122827346466,1,18,-0.347920648225053,4,"Celsr2 Ptger4 Nr1h2 Cmtm6"
"GOBP_SECRETORY_GRANULE_LOCALIZATION",-1.42659636719358,0.0792253521126761,1,20,-0.495431913413814,6,"Rab3a Rasgrp1 Pik3cg Stxbp1 Map2 Tcf7l2"
"GOBP_SECRETORY_GRANULE_ORGANIZATION",0.620327783870284,0.973772321428571,1,52,0.197450349688156,9,"Chn2 Lyst Fsip1 Snx19 Acrbp Ap1s1 Rab1a Abca1 Zpbp"
"GOBP_SEGMENTATION",1.05967872742864,0.376231966861877,1,42,0.350353063584355,14,"Dll1 Nrarp Smad3 Lef1 Tdrkh Tbx6 Xrcc2 Notch1 Pofut1 Mllt3 Fzd5 Kdm6a Prkdc Palb2"
"GOBP_SEMAPHORIN_PLEXIN_SIGNALING_PATHWAY",1.63463625915398,0.0118289353958144,1,20,0.627358233398303,8,"Sema6d Plxna1 Plxna3 Plxnb2 Sema7a Sh3bp1 Sema5a Plxnc1"
"GOBP_SEMINIFEROUS_TUBULE_DEVELOPMENT",1.08521936497741,0.36940702895185,1,15,0.444023441967606,2,"Fer Dnaaf3"
"GOBP_SEMI_LUNAR_VALVE_DEVELOPMENT",1.33411066512543,0.132669196710942,1,12,0.576593746572124,6,"Bmpr2 Tnfrsf1b Nfatc1 Notch1 Dll4 Rb1"
"GOBP_SENSORY_ORGAN_DEVELOPMENT",1.17950270926413,0.123993193420306,1,269,0.30454697932597,57,"Intu Ift88 Tbc1d32 Cdon Arl6 Kcnk3 Meis3 Ttc8 Dll1 Nectin1 Bmpr2 Smad3 Ahr Rab37 Vegfa Abr Bbs10 Celf4 Gdf11 B9d1 Cdk20 Maf Samd11 Lef1 Wdr19 Rcn1 B3glct Tprn Rpgrip1l Elmod3 Ift140 Arhgap35 Lpcat1 Prkci Cacna1s Traf3ip1 Mcm2 Gpm6a Bbs1 Eya1 Tfap4 Nr4a3 Nfix Pou2f1 Myo7a Notch1 Rdh13 Pcnt Tgif2 Dll4 Scrib Bsg Cecr2 Ski Prox2 Rara Pbx4"
"GOBP_SENSORY_ORGAN_MORPHOGENESIS",1.20841293118891,0.147863903811717,1,112,0.343103985604394,22,"Intu Cdon Arl6 Ttc8 Dll1 Nectin1 Rab37 Vegfa Abr Bbs10 Gdf11 Samd11 Wdr19 Tprn Rpgrip1l Prkci Eya1 Nr4a3 Pou2f1 Myo7a Notch1 Rdh13"
"GOBP_SENSORY_PERCEPTION_OF_CHEMICAL_STIMULUS",1.37468998219077,0.0945644080416977,1,23,0.511100199645501,6,"Ttc8 Pkd1l3 Adcy3 Lef1 Tmc4 Bbs1"
"GOBP_SENSORY_PERCEPTION_OF_LIGHT_STIMULUS",1.0794553585854,0.347140604844489,1,41,0.358652140082137,20,"Cln6 Bbs10 Chrnb2 Rdh5 Bbs1 Myo7a Sema5a Dll4 Cep250 Guca1b Cacna2d4 Atf6 Grm6 Wfs1 Rom1 Rpgr Rpgrip1 Bbs2 Nxnl2 Pde6d"
"GOBP_SENSORY_PERCEPTION_OF_MECHANICAL_STIMULUS",-1.02027604626128,0.411133200795229,1,76,-0.267990874178538,15,"Chd7 Pgap1 Rab3a Usp53 Alms1 Diaph3 Cxcr4 Tmtc4 Casp3 Hexb Ripor2 Tnf P2rx4 Ccdc50 Fyn"
"GOBP_SENSORY_PERCEPTION_OF_PAIN",-1.06827693642508,0.351216469120399,1,32,-0.333608302657108,8,"Scn4a Pomk Scrn3 Cxcr4 Lxn Tnf P2rx4 Fyn"
"GOBP_SENSORY_PERCEPTION_OF_TASTE",1.17675030165814,0.280668257756563,1,11,0.520351813099262,3,"Pkd1l3 Lef1 Tmc4"
"GOBP_SENSORY_PERCEPTION_OF_TEMPERATURE_STIMULUS",-1.03153321413348,0.41350551520043,1,11,-0.417995122358398,3,"Scrn3 Cxcr4 Lxn"
"GOBP_SENSORY_SYSTEM_DEVELOPMENT",1.27353335104015,0.0568518299182755,1,196,0.338857868274538,45,"Ift88 Tbc1d32 Cdon Arl6 Meis3 Ttc8 Dll1 Nectin1 Bmpr2 Smad3 Ahr Rab37 Vegfa Bbs10 Celf4 Gdf11 B9d1 Cdk20 Maf Samd11 Wdr19 Rcn1 B3glct Rpgrip1l Ift140 Arhgap35 Lpcat1 Prkci Cacna1s Traf3ip1 Gpm6a Bbs1 Nfix Pou2f1 Notch1 Rdh13 Pcnt Tgif2 Dll4 Scrib Bsg Ski Prox2 Rara Pbx4"
"GOBP_SEQUESTERING_OF_CALCIUM_ION",1.10544849165203,0.303026096612993,1,57,0.346675922859066,8,"Slc8a1 Lime1 Fcrl5 Gsto1 Tmem38b Mtln Cacna1s Itgb3"
"GOBP_SEROTONIN_TRANSPORT",1.28878366687432,0.16701327787554,1,10,0.582955221650945,6,"Fcer1g Slc18a2 Slc29a4 Slc29a3 Gpm6b Itgb3"
"GOBP_SERTOLI_CELL_DEVELOPMENT",0.986702656388277,0.493042378241619,1,12,0.426446318339038,1,"Fer"
"GOBP_SERTOLI_CELL_DIFFERENTIATION",0.847912585634583,0.677968725808949,1,15,0.34692807455473,3,"Fer Rara Fndc3a"
"GOBP_SEX_DIFFERENTIATION",0.93658021228619,0.595760505764225,1,139,0.258635870684705,20,"Abcb1b Nefh Dach2 Fer Angpt1 Dnaaf3 Ahr Vegfa Gas2 Wdr19 Serpinb6b Npr2 Ctnna1 Pkd1 Brca2 Cbx2 Immp2l Nrip1 Notch1 Kif18a"
"GOBP_SIGNALING_RECEPTOR_LIGAND_PRECURSOR_PROCESSING",-0.803465068155544,0.72105561861521,1,16,-0.29523232672839,16,"Atp6ap2 Ctsl P4hb Casp1 Disp1 Slc30a5 Furin Yipf5 Ece1 Adam17 Bace1 Pcsk4 Hsp90b1 Prep Adam10 Prcp"
"GOBP_SIGNAL_PEPTIDE_PROCESSING",0.863638168851074,0.653815389537674,1,10,0.390649255642599,2,"Immp2l H13"
"GOBP_SIGNAL_RELEASE",-0.972006484311692,0.561268209083119,1,277,-0.213264344970833,49,"Ccl5 Pcp4 Acsl4 Lgals3 Adora2a Chd7 Reln Cdk16 Rab3a Kalrn Itsn1 Kcnb1 Anxa1 Cplx2 Nrxn2 Slc8b1 Sirt6 Irs2 Clcf1 Braf Rph3al Pde4c Cd38 Syk Ptger4 Jak2 Stxbp1 Synj1 Vamp1 Tcf7l2 Stxbp5 Kdm5b Acvr2a Tnf Bcl2l1 Trpm5 Fbxo45 Foxo1 Osbp Osbpl2 Nucb2 Ndufaf2 Birc5 Ensa Aacs Pck2 Ap2b1 Ffar1 Srebf1"
"GOBP_SIGNAL_TRANSDUCTION_BY_P53_CLASS_MEDIATOR",0.674093154279277,0.986464671550975,1,137,0.186478011404948,51,"Smyd2 Fhit Brca2 Jmy Snai1 Tfap4 Wwox Mif Pmaip1 Ppp1r13b Eef1e1 Casp2 Sesn2 Spred2 E2f1 Uri1 Batf Npm1 Atad5 Myc Znhit1 Bcl2l12 Pcbp4 Nop2 Chek2 Cdkn1a Trp53bp2 Eif5a Sox4 Aen Kdm1a Bag6 Usp10 Myo6 Dyrk2 Ddit4 Atr Hipk2 Kdm8 Rrn3 Rrs1 Msh2 Foxo3 Trim24 Triap1 Trp53 Rps27l Smarca4 Hint1 Kmt5a Senp2"
"GOBP_SIGNAL_TRANSDUCTION_INVOLVED_IN_REGULATION_OF_GENE_EXPRESSION",1.53904610933575,0.0323579501470816,1,15,0.629709137956951,7,"Smad3 Tlr4 Dand5 Tbx6 Epcam Ccr1 Prkca"
"GOBP_SIGNAL_TRANSDUCTION_IN_ABSENCE_OF_LIGAND",0.731564937115658,0.886031478358628,1,47,0.236454954679389,8,"Bcl2a1c Erbb3 Ctnna1 Htra2 Eya1 Bcl2a1b Wwox Bcl2a1d"
"GOBP_SIGNAL_TRANSDUCTION_IN_RESPONSE_TO_DNA_DAMAGE",0.697092318307374,0.985428709055877,1,170,0.187910713869739,63,"Smyd2 Rad9b Chek1 Mbtps2 Ercc6 Cdk1 Cdc14b Gnb1l Brca2 Snai1 Tfap4 Mif Nbn Pmaip1 Eef1e1 Hinfp Casp2 Sesn2 Spred2 E2f1 Cry1 Batf Npm1 Atad5 Znhit1 Pcbp4 Prkdc Eme2 Chek2 Cdkn1a Rpa2 Sox4 Kdm1a Bid Etaa1 Tipin Clspn Usp10 Bard1 Myo6 Fbxo4 Donson Atr Hipk2 Sde2 Rad1 Ccnd1 Atrip Msh2 Mus81 Foxo3 Triap1 Trp53 Nek1 Rps27l Plk1 Kmt5a Taok3 Mad2l2 Senp2 Rad17 Clock Mapk14"
"GOBP_SINGLE_FERTILIZATION",1.16571597634562,0.218071476736345,1,69,0.354163549403257,21,"Cd9 Fcrl5 Dkkl1 Ccdc28a Adcy3 Tmem81 Spag1 Cacna1h Rabl2 Cntln Npr2 Stx2 Fsip1 Antxr2 Ly6k Cecr2 Slirp Tpst2 Cct3 Bbof1 Zpbp"
"GOBP_SINGLE_STRAND_BREAK_REPAIR",0.555381747582442,0.954775458570525,1,12,0.240032293412651,2,"Ercc6 Tdp1"
"GOBP_SISTER_CHROMATID_COHESION",0.803108409344482,0.791736930860034,1,47,0.259579092572289,17,"Haspin Dscc1 Wapl Fen1 Fbxw7 Kif22 Esco1 Rb1 Slf1 Smc5 Naa50 Recql4 Ppp2r1b Pds5a Gtf2b Tnks Phb2"
"GOBP_SISTER_CHROMATID_SEGREGATION",0.763857645180871,0.949970640046976,1,204,0.20212847512895,58,"Zwilch Kif4 Ska2 Haspin Nsl1 Cenpk Tubg2 Gen1 Cdk1 Rcc1 Mis12 Kif2c Cenpc1 Ncapg Wapl Klhl22 Ncapd3 Kifc1 Cdc27 Cenpi Snhg15 Arhgef10 Kif18a Ska3 Champ1 Nuf2 Kif22 Pbrm1 Ncapd2 Lcmt1 Cep97 Zwint Pinx1 Uhrf1 Kpnb1 Ran Psrc1 Rb1 Cdca8 Chmp4c Chmp6 Kifc5b Spc25 Ino80 Chek2 Nek2 Rangrf Numa1 Baz1b Ncapg2 Ndc80 Anapc4 Poldip2 Akap8 Kif11 Riok2 Rmi2 Dis3l2"
"GOBP_SKELETAL_MUSCLE_ACETYLCHOLINE_GATED_CHANNEL_CLUSTERING",-1.27062205548662,0.18755141211955,1,13,-0.492763605244661,4,"Etv5 Sorbs1 Dag1 Lamc1"
"GOBP_SKELETAL_MUSCLE_CELL_DIFFERENTIATION",0.663989189090395,0.944595173497073,1,43,0.218774921156357,15,"Cdon Cops2 Nfix Snhg15 Med20 Notch1 Rb1 Myc Nr4a1 Fktn Hmg20b Foxn2 B4galnt2 Uqcc2 Cited2"
"GOBP_SKELETAL_MUSCLE_CELL_PROLIFERATION",0.932840304498885,0.567115652577798,1,15,0.381676715489063,2,"Angpt1 Dsn1"
"GOBP_SKELETAL_MUSCLE_CONTRACTION",-1.02574627541454,0.424391657010429,1,18,-0.366488350692681,2,"Adrb2 Scn4a"
"GOBP_SKELETAL_MUSCLE_FIBER_DEVELOPMENT",-1.07599127184269,0.359154929577465,1,20,-0.373672909089396,7,"Hdac9 Bcl2 Xk Rcan1 Wnt10b Ryr1 Selenon"
"GOBP_SKELETAL_MUSCLE_ORGAN_DEVELOPMENT",-1.14228065294,0.184162062615101,1,111,-0.281186055902245,14,"Adrb2 Egr2 Mylpf Egr1 Hlx Hdac9 Bcl2 Fos Xk Tsc22d3 Sap30 Dag1 Tcf7l2 Nr1d2"
"GOBP_SKELETAL_MUSCLE_SATELLITE_CELL_PROLIFERATION",1.1547726610564,0.303447185325743,1,12,0.499085055297848,3,"Angpt1 Dsn1 Snhg15"
"GOBP_SKELETAL_MUSCLE_TISSUE_REGENERATION",0.648405180420564,0.925235039546336,1,25,0.237435100721129,8,"Cd9 Nfix Snhg15 Ifrd1 Bin3 Kpna1 B4galnt2 Hdgfl2"
"GOBP_SKELETAL_SYSTEM_DEVELOPMENT",1.05368565913203,0.347201471095276,1,243,0.274315184575445,42,"P3h1 Ryk Dhrs3 Sulf2 Bmpr2 Acp2 Smad3 Hspg2 Alpl Col27a1 Ggcx Vegfa Snx10 Gdf11 Hsd17b7 Cdk20 Tjp2 Tlr4 Smpd3 Maf Tmem38b Wdr19 Mbtps2 B3glct Npr2 Runx2 Hyal1 Pkd1 Ift140 Ift80 Cacna1s Ext1 Bbs1 Snai1 Bmi1 Eya1 Trps1 Chst11 Nfix Wwox Flvcr1 Snx19"
"GOBP_SKELETAL_SYSTEM_MORPHOGENESIS",1.27378974436042,0.0923235180660923,1,106,0.363808021291922,24,"Ryk Dhrs3 Bmpr2 Smad3 Hspg2 Alpl Col27a1 Vegfa Tlr4 Smpd3 Wdr19 Npr2 Runx2 Hyal1 Pkd1 Ift140 Ift80 Ext1 Bmi1 Eya1 Chst11 Nfix Wwox Flvcr1"
"GOBP_SKIN_DEVELOPMENT",-1.07314430169239,0.274300254452926,1,134,-0.258268776955017,24,"Stmn1 Itga6 Dhcr24 Anxa1 Hpse Ngfr Bcl2 Casp3 Scd1 Slc27a4 Ift74 Psen2 Abcb6 Tcf7l2 Tnf Edaradd Lats2 Lamc1 Tnfrsf19 Klf4 Stk4 Sfn Zmpste24 Vps33b"
"GOBP_SKIN_EPIDERMIS_DEVELOPMENT",-0.777601020242166,0.9028371550719,1,73,-0.205024109068321,12,"Stmn1 Hpse Ngfr Bcl2 Psen2 Tnf Edaradd Lamc1 Tnfrsf19 Klf4 Sfn Zmpste24"
"GOBP_SLEEP",-0.932000155041027,0.538336052202284,1,12,-0.370066538580854,3,"Adora2a Cacna1i Ptger4"
"GOBP_SMAD_PROTEIN_SIGNAL_TRANSDUCTION",1.17287598960662,0.223968004570776,1,42,0.387778564886671,6,"Eng Eid2 Bmpr2 Smad3 Gdf11 Runx2"
"GOBP_SMALL_GTPASE_MEDIATED_SIGNAL_TRANSDUCTION",0.736687353036496,0.98709315375982,1,302,0.188648389532209,39,"Rasgrf2 Iqsec2 Cdon Arl6 Rap1gap2 Stard8 Nradd Ralb Apoe Timp2 Hmox1 Cyfip1 Tns3 Ksr1 Syde1 Arhgef12 Arhgap18 Gpr55 Rasgrp4 Plk2 Rhobtb1 Dock7 Sh3bp1 Cyth3 Arhgap35 Rasal1 Git1 Vav3 Rap2a Nfix Arhgef10 Hacd3 Notch1 Tiam1 Rab39 Arrb1 Kank3 Eps8l1 Mcf2l"
"GOBP_SMALL_MOLECULE_BIOSYNTHETIC_PROCESS",0.82988226010432,0.903462634231865,1,377,0.209207152265223,88,"Tha1 Pnp2 Pcx Dctd Dnph1 Hpgds Tk1 Apoe Dkkl1 Pdxk Amacr Ggcx Hsd17b7 Hmgcll1 Cacna1h Gsto1 Mbtps2 Pecr Lipc Cdk1 Coq3 Ada Sigmar1 Angptl4 Tm7sf2 Mthfr Fabp5 Asah2 Aldoc Pdss1 Spr Plp1 Ppargc1a Mgll Apip Mthfd1 Thtpa Snai1 Mlycd Sord Bcat1 Alox5ap Dgkq Ppip5k2 Pfkfb1 Pfkfb2 Cyp2r1 Tpk1 Mif Hacd3 Adal Arrb1 Gpt2 Shmt2 Impa2 Coq9 Ctdspl2 Zfp692 Kynu Pdss2 Tpi1 Fasn Mthfd2l Aasdhppt Hacd1 Ptges2 Slc37a4 Mvk Sesn2 Nanp Mtr Htatip2 Kpnb1 Cln3 Mgst2 Cry1 Acot7 Gfi1 Ehhadh Prps1l3 Pgd Prmt3 C1qtnf12 Plod3 Ppip5k1 Ndufa9 Pex2 Ppp4r3a"
"GOBP_SMALL_MOLECULE_CATABOLIC_PROCESS",1.14008965727622,0.193461762988908,1,213,0.300582831697438,67,"Tha1 Pnp2 Eno3 Lpin1 Acad8 Apoe Synj2 Acad12 Pon3 Cryl1 Hmgcll1 Acad11 Gcsh Slc16a1 Mtln Ada Gcdh Nudt8 Dhdh Mlycd Sord Bcat1 Rbks Prodh Etfdh Nudt19 Pfkfb2 Gale Pfkl Kyat3 Adal Gpt2 Acad10 Pfkp Dld Aldh6a1 Kynu Gstz1 Tpi1 Scarb1 Aasdhppt Pdxp Amdhd2 Nudt7 Pgm1 Sesn2 Dcxr Acsl5 Acot7 Cpt1a Ehhadh Bckdhb Pex2 Mccc2 Mpi Cpt2 Lonp2 Ldhb Dlst Ldha Gnpda2 Glb1 Echs1 Hk2 Slc25a44 Abcd4 Dlat"
"GOBP_SMALL_NUCLEOLAR_RIBONUCLEOPROTEIN_COMPLEX_ASSEMBLY",0.815224253811035,0.708366661334187,1,10,0.368750200511333,7,"Naf1 Znhit6 Znhit3 Ruvbl2 Nufip1 Ruvbl1 Snu13"
"GOBP_SMOOTH_MUSCLE_CELL_APOPTOTIC_PROCESS",0.601300741293209,0.953211145879899,1,24,0.222022370295084,3,"Slc7a5 Dipk2a Il12a"
"GOBP_SMOOTH_MUSCLE_CELL_DIFFERENTIATION",0.93233833855062,0.575873202230701,1,33,0.322879197352097,6,"Eng Vegfa Nfatc1 Notch1 Pbrm1 Sod2"
"GOBP_SMOOTH_MUSCLE_CELL_MIGRATION",0.979202666904786,0.498902606310014,1,63,0.302077621919011,11,"Sema6d Plxna1 Ptk2 Kcnn4 Tlr4 Dock7 Ppargc1a Itgb3 Nr4a3 Atp7a Tlr2"
"GOBP_SMOOTH_MUSCLE_CELL_PROLIFERATION",0.95962672927171,0.545068792593545,1,106,0.274079692587315,17,"Calcrl Bmpr2 Apoe Ptk2 Il15 Kcnn4 Hmox1 Vegfa Tlr4 Smpd3 Abcc4 Il12a Ppargc1a Id2 Itgb3 Nr4a3 Rgcc"
"GOBP_SMOOTH_MUSCLE_CONTRACTION",1.29048114368867,0.133984028393966,1,31,0.452842027429525,6,"Slc8a1 Sulf2 Calcrl Chrnb2 Smpd3 Ada"
"GOBP_SMOOTH_MUSCLE_TISSUE_DEVELOPMENT",1.5096506769986,0.0387138057910734,1,10,0.682859945889613,3,"Eng Npr2 Ptch1"
"GOBP_SNARE_COMPLEX_ASSEMBLY",-1.1474244285693,0.292440139897767,1,11,-0.464956249440528,2,"Stxbp1 Vamp1"
"GOBP_SNO_S_RNA_METABOLIC_PROCESS",0.765041182315288,0.77415326986109,1,14,0.318163725223874,8,"Nolc1 Exosc3 Fbl Exosc5 Tent4b Dkc1 Zcchc7 Larp7"
"GOBP_SNO_S_RNA_PROCESSING",0.782958183600966,0.751239801631739,1,10,0.354155296343487,6,"Exosc3 Fbl Exosc5 Tent4b Dkc1 Larp7"
"GOBP_SNRNA_3_END_PROCESSING",0.590658193141586,0.95225102319236,1,21,0.224498037515319,9,"Ints9 Ints2 Exosc3 Ints5 Ints14 Exosc9 Ints6l Exosc5 Ints11"
"GOBP_SNRNA_METABOLIC_PROCESS",-0.844081784100848,0.760211267605634,1,51,-0.238085840414405,11,"Cc2d1a Ints4 Ints8 Ell2 Rpap2 Uspl1 Ints10 Ice2 Exosc4 Ints13 Ice1"
"GOBP_SNRNA_PROCESSING",-0.647261921295195,0.952321204516938,1,33,-0.20161400964702,2,"Ints4 Ints8"
"GOBP_SNRNA_TRANSCRIPTION",-0.963438330322822,0.502441827061189,1,17,-0.349512908996843,5,"Cc2d1a Ell2 Rpap2 Uspl1 Ice2"
"GOBP_SNRNA_TRANSCRIPTION_BY_RNA_POLYMERASE_II",-0.83320480796501,0.669591445023307,1,13,-0.323127560478858,2,"Cc2d1a Ell2"
"GOBP_SODIUM_ION_HOMEOSTASIS",1.21101404448192,0.230472368014819,1,16,0.488310369240381,4,"Slc8a1 Slc12a2 Slc12a3 Ext1"
"GOBP_SODIUM_ION_TRANSMEMBRANE_TRANSPORT",1.24031346198238,0.147298604394086,1,60,0.385401634316221,9,"Slc8a1 Hcn3 Slc9a9 Kcnk3 Fgf13 Slc12a2 Slc6a20b Cacna1h Slc5a6"
"GOBP_SODIUM_ION_TRANSPORT",0.989756168016014,0.488149797040723,1,90,0.289004280662994,10,"Slc8a1 Hcn3 Slc9a9 Kcnk3 Fgf13 Slc12a2 Slc6a20b Cacna1h Slc23a2 Slc5a6"
"GOBP_SOMATIC_DIVERSIFICATION_OF_IMMUNE_RECEPTORS",-1.06561587535105,0.321256038647343,1,79,-0.277896191020425,17,"Tbx21 Polm Aicda Ncaph Clcf1 Nsd2 Ighd Nhej1 Rag1 Bcl6 Xrcc4 Samhd1 Polb Hmces Foxp1 Kmt5c Swap70"
"GOBP_SOMATIC_DIVERSIFICATION_OF_IMMUNE_RECEPTORS_VIA_SOMATIC_MUTATION",-1.35454837612246,0.123240448147084,1,17,-0.49139849268492,6,"Polm Aicda Ighd Samhd1 Polb Hmces"
"GOBP_SOMATIC_DIVERSIFICATION_OF_IMMUNOGLOBULINS",-1.20074577768247,0.146501739466564,1,69,-0.3199142134223,21,"Tbx21 Polm Aicda Ncaph Clcf1 Nsd2 Ighd Nhej1 Bcl6 Xrcc4 Samhd1 Polb Hmces Foxp1 Kmt5c Swap70 Ptprc Smc2 Icosl Pms2 Tcf3"
"GOBP_SOMATIC_STEM_CELL_POPULATION_MAINTENANCE",-1.40119003093452,0.081793395940624,1,25,-0.462779038534793,9,"Hes1 Braf Zhx2 Tcf7l2 Klf10 Taf6l Lbh Kat6a Spi1"
"GOBP_SOMITE_DEVELOPMENT",1.53125600808594,0.0209658762290341,1,36,0.520372702116835,11,"Dll1 Nrarp Smad3 Lef1 Wdr19 Tbx6 Xrcc2 Ptch1 Mthfd1 Notch1 Pofut1"
"GOBP_SOMITOGENESIS",1.36184585351548,0.0910566706021251,1,30,0.480138827838225,8,"Dll1 Nrarp Smad3 Lef1 Tbx6 Xrcc2 Notch1 Pofut1"
"GOBP_SPECIFICATION_OF_SYMMETRY",1.51433839937559,0.0156014780347612,1,64,0.466031441297296,13,"Eng Ift88 Tbc1d32 Cfap45 Dll1 Dnaaf3 Smad3 Nphp3 Gas8 Dand5 Tmem67 Rpgrip1l Ift140"
"GOBP_SPERMATID_DIFFERENTIATION",1.0089941723329,0.444118771505034,1,113,0.286187067009819,26,"Chn2 Ift88 Xlr4b Xlr4a Catsper2 Slc26a6 Mns1 Catspere2 Efcab9 Ddias Ptch1 Fsip1 Bscl2 Cep131 Ttll1 Dld Acrbp Gopc Rhbdd1 Ccdc62 Slirp Rab1a Fndc3a Bbof1 Zpbp Ran"
"GOBP_SPERMATID_NUCLEUS_DIFFERENTIATION",1.07384799348101,0.383606051250386,1,16,0.43300167540921,1,"Ift88"
"GOBP_SPERM_AXONEME_ASSEMBLY",1.15453114988274,0.303447185325743,1,12,0.498980675776643,5,"Ift88 Mns1 Cep131 Ttll1 Bbof1"
"GOBP_SPERM_CAPACITATION",1.40736567803183,0.0843065109582467,1,10,0.6365933956711,4,"Catsper2 Slc26a6 Catspere2 Efcab9"
"GOBP_SPERM_EGG_RECOGNITION",0.849894982178912,0.679523454951601,1,23,0.315985058956422,10,"Cd9 Tmem81 Ly6k Cct3 Zpbp Arsa Cct7 Cct6a Cct8 Cct2"
"GOBP_SPERM_FLAGELLUM_ASSEMBLY",0.666363043612597,0.913296522907029,1,25,0.244010968996844,4,"Ift88 Mns1 Cep131 Ttll1"
"GOBP_SPHINGOID_METABOLIC_PROCESS",-0.82868309260096,0.678998609179416,1,14,-0.31573435863706,8,"Naaa Kdsr Sphk2 Acer3 Plpp2 Agk Sptlc1 Plpp3"
"GOBP_SPHINGOLIPID_BIOSYNTHETIC_PROCESS",1.05064071232073,0.383315008246289,1,62,0.324990609940352,13,"B4galt4 Pemt B3galt2 St8sia6 Smpd3 St6galnac6 Asah2 Hacd3 Cerkl St3gal2 Hacd1 B4galnt1 St6galnac4"
"GOBP_SPHINGOLIPID_CATABOLIC_PROCESS",0.742201640746399,0.823859329998484,1,21,0.282096843357043,4,"Neu3 Smpd3 Asah2 Gla"
"GOBP_SPHINGOLIPID_MEDIATED_SIGNALING_PATHWAY",-0.792632056656756,0.731293463143254,1,14,-0.301998648552378,6,"S1pr4 Pik3cg S1pr1 Spns2 Sphk2 Ezr"
"GOBP_SPHINGOLIPID_METABOLIC_PROCESS",0.981255691940413,0.502553358648684,1,90,0.286522180472149,8,"B4galt4 Cln6 Pemt B3galt2 Neu3 St8sia6 Smpd3 St6galnac6"
"GOBP_SPHINGOMYELIN_METABOLIC_PROCESS",0.980078715553738,0.499458120452082,1,15,0.401004569881058,2,"Pemt Smpd3"
"GOBP_SPHINGOSINE_1_PHOSPHATE_RECEPTOR_SIGNALING_PATHWAY",-1.16855105667073,0.275490987355394,1,11,-0.473517125016112,6,"S1pr4 Pik3cg S1pr1 Spns2 Sphk2 Ezr"
"GOBP_SPINAL_CORD_DEVELOPMENT",1.34157097070246,0.0806361607142857,1,50,0.428799587760687,12,"Intu Ift88 Slit1 Dll1 Gdf11 Ptprs Pkd1 Ift80 Cacna1a Ptch1 Nfix Notch1"
"GOBP_SPINAL_CORD_MOTOR_NEURON_DIFFERENTIATION",0.613181965803899,0.928162254218919,1,15,0.250886756904101,2,"Cacna1a Ptch1"
"GOBP_SPINAL_CORD_PATTERNING",1.23401661105788,0.216925291953287,1,10,0.558182451803485,3,"Intu Ift88 Gdf11"
"GOBP_SPINDLE_ASSEMBLY",-0.572690090832461,1,1,129,-0.138517137084557,33,"Spice1 Cdc20 Racgap1 Washc5 Flna Haus1 Prc1 Tpx2 Ripor2 Kif23 Cenpe Haus5 Hspa1b Tubgcp3 Birc5 Eml3 Wrap73 Ccdc66 Chmp7 Csnk1d Fbxo5 Golga2 Stag1 Dcaf13 Haus8 Cep63 Haus4 Lsm14a Sass6 Mzt1 Cep192 Chmp3 Ccdc69"
"GOBP_SPINDLE_ASSEMBLY_INVOLVED_IN_FEMALE_MEIOSIS",1.11080255549288,0.354494828957836,1,11,0.491190121584459,6,"Ska2 Aurka Wapl Ska3 Ccnb2 Ndc80"
"GOBP_SPINDLE_ELONGATION",-0.839168176058232,0.666122892876563,1,12,-0.333206019893214,4,"Racgap1 Prc1 Kif23 Birc5"
"GOBP_SPINDLE_LOCALIZATION",0.727806953832256,0.895317959468903,1,48,0.234287682779964,6,"Spire1 Ska2 Zbed3 Gpsm1 Ska3 Gpsm2"
"GOBP_SPINDLE_MIDZONE_ASSEMBLY",-0.781588409498455,0.741996233521657,1,11,-0.316713159000555,4,"Racgap1 Prc1 Kif23 Birc5"
"GOBP_SPINDLE_ORGANIZATION",0.55685746882054,0.999880625522263,1,186,0.148959956984445,41,"Kif4 Ska2 Aurka Cenph Tubg2 Plk2 Rcc1 Pkd1 Haus2 Plk3 Mlh1 Wapl Kifc1 Efhc1 Snhg15 Arhgef10 Ska3 Nuf2 Pcnt Gpsm2 Haus3 Cep97 Uhrf1 Kpnb1 Psrc1 Limk2 Cdca8 Fam110a Chmp4c Chmp6 Kifc5b Cenpv Ccnb2 Spc25 Tubb5 Aurkc Ino80 Chek2 Nek2 Rangrf Ntmt1"
"GOBP_SPLEEN_DEVELOPMENT",-0.904381883088898,0.619589977220957,1,38,-0.272202131934105,9,"Hoxb4 Bcl2 Fas Bcl2l11 Pbx1 Samd9l Bcl3 Polb Lipa"
"GOBP_SPLICEOSOMAL_COMPLEX_ASSEMBLY",0.80851222346172,0.780463669776647,1,45,0.263458717044875,21,"Celf4 Zrsr2 Celf2 Rbmx Gcfc2 Sfswap Srpk2 Srpk3 Ptbp2 Prpf39 Sf3a1 U2af2 Sf3a2 Luc7l3 Ddx42 Mbnl1 Luc7l2 Prpf19 Luc7l Slu7 Snrpc"
"GOBP_SPLICEOSOMAL_SNRNP_ASSEMBLY",1.08989768973942,0.345236352992829,1,34,0.375260244045701,25,"Coil Wdr77 Ddx20 Tssc4 Prpf6 Clns1a Smn1 Strap Snrpd1 Snrpf Prpf3 Prmt7 Snrpb Prpf31 Snrpg Prmt5 Usp4 Snrpd3 Gemin4 Snrpd2 Snrpe Prpf19 Aar2 Prpf4b Snrpc"
"GOBP_SPROUTING_ANGIOGENESIS",1.01491219443424,0.435918039373242,1,75,0.304433990855198,17,"Eng Dll1 Nrarp Angpt1 S100a1 Hmox1 Vegfa Lef1 Plk2 Il12a Cdh5 Notch1 Fbxw7 Sema5a Dll4 Jmjd8 Micall1"
"GOBP_STARTLE_RESPONSE",0.738049498073277,0.798249801113763,1,11,0.326360990890146,4,"Aph1b Npr2 Nrxn1 Dvl1"
"GOBP_STEM_CELL_DEVELOPMENT",1.50746798296371,0.0283990582695703,1,32,0.52556764650565,4,"Eng Sema6d Kbtbd8 Sema7a"
"GOBP_STEM_CELL_DIFFERENTIATION",0.926762499873845,0.619136493716561,1,134,0.257012410870663,33,"Eng Sema6d Bmpr2 Setd6 Kbtbd8 Vsir Sema7a Runx2 Fbxo21 Ift80 Gpm6a Ext1 Epcam Smyd5 Notch1 Kdm4c Phf19 Dhx36 Sema5a Nolc1 Mllt3 Mettl3 Fbxl17 Smad5 Batf Rbbp7 Hspa9 Prkdc Slc4a11 Epop Cdk12 Esr1 Hdac2"
"GOBP_STEM_CELL_DIVISION",-0.798043243730474,0.766161459944324,1,27,-0.260584968783785,3,"Etv5 Hoxb4 Samd9l"
"GOBP_STEM_CELL_PROLIFERATION",1.09112293391571,0.327431100956733,1,43,0.359509368166542,8,"Abcb1b Znrf3 Rnf43 Ift80 Ccne1 Etv6 Epcam Nfatc1"
"GOBP_STEROID_BIOSYNTHETIC_PROCESS",-1.1008998005723,0.249247958745165,1,92,-0.279659734572375,26,"Idi1 Dhcr24 Egr1 Dhcr7 Cyp51 Cyp27a1 H6pd Lss Armc5 Pbx1 Gpr146 Insig2 Tnf Pmvk Acat2 G6pdx Fdft1 Lipa Stard3 Srebf1 Stard4 Hmgcs1 Hint2 Erlin1 Insig1 Srebf2"
"GOBP_STEROID_HORMONE_BIOSYNTHETIC_PROCESS",0.930786490559571,0.564452532605399,1,20,0.357227221113204,7,"Hsd17b7 Cacna1h Ppargc1a Hsd11b1 Dgkq Atp1a1 Scarb1"
"GOBP_STEROID_HORMONE_RECEPTOR_SIGNALING_PATHWAY",-0.974231058254164,0.515565031982942,1,94,-0.245656312532811,33,"Klf9 Rnf14 Skp2 Jak2 Tcf7l2 Trip4 Padi2 Daxx Trim68 Cnot9 Ufsp2 Foxp1 Prmt2 Shq1 Ufl1 Crebrf Lbh Safb2 Esrrg Nedd4 Vps11 Cnot3 Ywhah Uba5 Hdac6 Ncoa1 Abhd2 Pak1 Taf7 Errfi1 Esrra Pten Sirt1"
"GOBP_STEROID_HORMONE_SECRETION",1.16891851856256,0.288305489260143,1,11,0.516888646335809,4,"Abcb1b Cry2 Cry1 Selenom"
"GOBP_STEROID_METABOLIC_PROCESS",0.790825649448562,0.897024611240357,1,154,0.21571089472477,34,"Cln6 Mttp App Apoe Dkkl1 Amacr Ggcx Hsd17b7 Cacna1h Cyb5r1 Mbtps2 Lipc Ttc39b Tm7sf2 Ppargc1a Rdh5 Snai1 Hsd11b1 Bdh1 Lipo3 Dgkq Cyp2r1 Ddx20 Atp1a1 Scarb1 Fdx1 Slc37a4 Mvk Afp Abca5 Abca1 Kpnb1 Gfi1 Npc1"
"GOBP_STEROL_BIOSYNTHETIC_PROCESS",-1.30938778897141,0.0969441517386723,1,48,-0.374976482221413,17,"Idi1 Dhcr24 Dhcr7 Cyp51 Lss Gpr146 Insig2 Pmvk Acat2 G6pdx Fdft1 Lipa Srebf1 Hmgcs1 Erlin1 Insig1 Srebf2"
"GOBP_STEROL_HOMEOSTASIS",-1.10143601955657,0.272435897435897,1,55,-0.305519786431807,9,"Hsdl2 Cyp39a1 Acox1 Hdac9 Alms1 Mylip Washc5 Scd1 Nr1h2"
"GOBP_STEROL_METABOLIC_PROCESS",-0.933322263638994,0.611691022964509,1,88,-0.238819062221675,25,"Idi1 Dhcr24 Cyp39a1 Fmo5 Dhcr7 Cyp51 Cyp27a1 Lss Gpr146 Insig2 Pmvk Acat2 G6pdx Fdft1 Lipa Ldlr Ldlrap1 Srebf1 Stard4 Hmgcs1 Erlin1 Insig1 Srebf2 Lmf1 Soat1"
"GOBP_STEROL_TRANSPORT",0.717787649946339,0.934095494283793,1,74,0.215875509742303,16,"Mttp Apoe Gramd1c Lipc Gramd1b Ttc39b Ptch1 Pip4k2a Scarb1 Egf Vps52 Abca5 Abca1 Spg11 Vps53 Npc1"
"GOBP_STORE_OPERATED_CALCIUM_ENTRY",-1.1397115537824,0.294267877412032,1,16,-0.418785715967515,9,"Homer3 Slc8b1 Ms4a1 Stim2 Nfatc3 Stimate Stim1 Selenok Orai3"
"GOBP_STRESS_ACTIVATED_PROTEIN_KINASE_SIGNALING_CASCADE",-1.00105598700179,0.453182272575808,1,42,-0.293813340922621,7,"Mapk11 Fas Scimp Dusp10 Foxo1 Nbr1 Zmpste24"
"GOBP_STRESS_FIBER_ASSEMBLY",-1.45579274336103,0.0212601468882876,1,69,-0.3878662736563,14,"Tacstd2 Stmn1 Sorbs1 Alms1 Ccdc88a Carmil1 Braf Arhgef18 Tnfaip1 Pdlim1 Ptger4 S1pr1 Tsc1 Tpm1"
"GOBP_STRESS_GRANULE_ASSEMBLY",1.05240677061369,0.393748165541532,1,33,0.364460238663897,19,"Bicd1 C9orf72 Ogfod1 Mettl1 Eif2s1 Cirbp Usp10 Becn1 Ythdf1 Fmr1 Dync1h1 G3bp1 Prrc2c Ythdf3 Ythdf2 Atxn2l Ddx3x Tia1 Rps23"
"GOBP_STRIATED_MUSCLE_ADAPTATION",0.749033812325065,0.822338049143708,1,23,0.278485575642644,4,"Smad3 Cmya5 Cacna1s Nfatc1"
"GOBP_STRIATED_MUSCLE_CELL_APOPTOTIC_PROCESS",1.04853953220743,0.390753376966996,1,53,0.332636343402691,4,"Eng Trem1 Rps6ka2 Cxcr2"
"GOBP_STRIATED_MUSCLE_CELL_DIFFERENTIATION",0.786377504066458,0.924970691676436,1,207,0.207878519257515,12,"Slc8a1 Ift88 Cdon Cd9 Tanc1 Dll1 Alpk2 Vegfa Mtln Cdk1 Ankrd23 Trim32"
"GOBP_STRIATED_MUSCLE_CELL_PROLIFERATION",0.776044067318663,0.827527852207023,1,46,0.251896049017603,8,"Angpt1 Dsn1 Cdk20 Cdk1 Dipk2a Snhg15 Notch1 Fes"
"GOBP_STRIATED_MUSCLE_CONTRACTION",1.1257362794728,0.24551201011378,1,118,0.317408724002351,11,"Slc8a1 Myl4 Fgf13 Ehd3 Stac2 Cacna1d Cacna1h Gsto1 Tmem38b Uty Chrnb1"
"GOBP_SUBSTRATE_ADHESION_DEPENDENT_CELL_SPREADING",-1.15687316219095,0.205064194008559,1,58,-0.317579508053935,12,"Tacstd2 Itgb7 Carmil1 Cib1 Braf Flna Lamb3 Myadm Akip1 Net1 Lamc1 Tesk1"
"GOBP_SUCCINYL_COA_METABOLIC_PROCESS",1.37405571162815,0.104838709677419,1,12,0.593857729704917,8,"Pcca Nudt8 Nudt19 Dld Nudt7 Dlst Sucla2 Suclg2"
"GOBP_SULFATION",1.1035726219132,0.361062230043193,1,10,0.499178751989923,4,"Hs3st3b1 Slc35b2 Ext1 Tpst2"
"GOBP_SULFUR_AMINO_ACID_BIOSYNTHETIC_PROCESS",1.33647170420876,0.131498960166373,1,10,0.604525940685444,5,"Mthfr Apip Mthfd1 Mthfd2l Mtr"
"GOBP_SULFUR_AMINO_ACID_METABOLIC_PROCESS",1.02565681410165,0.437862595419847,1,18,0.403301223287049,9,"Mthfr Cacna1a Apip Mthfd1 Mthfd2l Mtr Bphl Gclm Mpst"
"GOBP_SULFUR_COMPOUND_BIOSYNTHETIC_PROCESS",1.15276984550257,0.226523011439213,1,79,0.342972151017671,34,"Slc25a42 Pcca Mthfr Papss1 Gcdh Apip Mthfd1 Gss Thtpa Mlycd Ppcs Tpk1 Dld Fasn Vdac1 Mthfd2l Mtr Acsl5 Mgst2 Acot7 Dip2a Pank4 Dlst Mettl16 Slc19a2 Ppcdc Pdk1 Pdhx Gclm Pank1 Dlat Mpst Bckdk Mpc2"
"GOBP_SULFUR_COMPOUND_CATABOLIC_PROCESS",0.772163589839022,0.775187854623524,1,17,0.307487770818218,8,"Nudt8 Mlycd Nudt19 Chac2 Nudt7 Acot7 Pank4 Nme1"
"GOBP_SULFUR_COMPOUND_METABOLIC_PROCESS",1.19909085245595,0.119539126260202,1,181,0.321555436888716,68,"Pemt Sulf2 Slc25a42 Hpgds Hs3st3b1 Tstd1 Gsto1 Gstk1 Slc5a6 Mmachc Pcca Gstt3 Mthfr Papss1 Gcdh Cacna1a Slc35b2 Apip Mthfd1 Gss Nudt8 Ext1 Thtpa Mlycd Ahcyl2 Txnrd3 Ppcs Nudt19 Tpk1 Amd2 Dld Kynu Gstz1 Hmgn5 Sod2 Fasn Chac2 Vdac1 Mthfd2l Nudt7 Mvk Dgat1 Gstt2 Tpst2 Mtr Acsl5 Mgst2 Acot7 Ehhadh Bckdhb Dip2a Bphl Mccc2 Pank4 Dlst Suox Stat5a Mettl16 Slc19a2 Ppcdc Pdk1 Pdhx Far2 Gclm Pank1 Nme1 Dlat Icmt"
"GOBP_SULFUR_COMPOUND_TRANSPORT",0.976336547531369,0.505755395683453,1,40,0.326069768654551,16,"Slc25a42 Slc26a10 Slc25a47 Slc26a6 Abcc4 Slc5a6 Slc7a5 Slc35b2 Slc26a2 Slc3a2 Slc6a13 Slc43a2 Slc27a1 Slc6a6 Slc25a40 Slc19a2"
"GOBP_SUPEROXIDE_ANION_GENERATION",0.777622748278418,0.795340607490416,1,29,0.276073964407395,4,"App Pon3 Cybb Sod2"
"GOBP_SUPEROXIDE_METABOLIC_PROCESS",0.809828905062325,0.774822190611664,1,44,0.265605178396271,6,"App Pon3 Immp2l Cybb Atp7a Sod2"
"GOBP_SUPPRESSION_OF_VIRAL_RELEASE_BY_HOST",-1.00717694300183,0.445223488168273,1,19,-0.35488857880569,10,"Trim30c Trim25 Trim5 Trim12c Pml Trim26 Vapb Trim30d Chmp3 Trim8"
"GOBP_SUPRAMOLECULAR_FIBER_ORGANIZATION",0.864458388854502,0.85789586919105,1,456,0.21529909326585,64,"Spire1 Nefh Ift88 Ttc8 Fer Myo1f Rufy3 App Kif24 Apoe Smad3 Fgf13 Hspg2 Sirpa Gas2 Clip2 Vill Kif19a Marcks Cyfip1 Shank1 Zbed3 Pfn2 Tubg2 Cdk1 Ankrd23 Arhgap18 Elmo3 Serf1 Prune1 Carmil3 C9orf72 Rhobtb1 Sh3bp1 Tpm3-rs7 Gas7 Pacsin1 Arhgap35 Haus2 Plk3 Xrcc2 Kif2c Prkci Jmy Git1 Enah Cdh5 Diaph2 Wdr47 Myo7a Rgcc Atp7a Arhgef10 Mapk8 Kif18a Krt10 Ttll1 Arrb1 Tlr2 Fes Kank3 Ccdc88b Pcnt Sema5a"
"GOBP_SURFACTANT_HOMEOSTASIS",1.03917423494137,0.425003901982207,1,14,0.432169605229639,6,"Vegfa Tmem63b Lpcat1 Nkiras1 Oas1c Nsf"
"GOBP_SYMBIONT_ENTRY_INTO_HOST",0.817387609544015,0.784904617085983,1,59,0.2544576194259,9,"Cd300lf Nectin1 Havcr1 Pvr Plscr1 Itgb3 Slc20a2 Fuca2 Dpp4"
"GOBP_SYNAPSE_ASSEMBLY",1.490421451934,0.00851490107688455,1,125,0.417047796024661,25,"Iqsec2 Slit1 Zdhhc2 Adgrl2 Plxna1 Nectin1 Xlr4b App Fgf13 Srcin1 Plxna3 Ptk2 Rtn4rl2 Chrnb2 Amigo2 Plxnb2 Ptprs Srgap2 Sigmar1 Carmil3 Amigo3 Dock7 Cacna1a Gpm6a Rap2a"
"GOBP_SYNAPSE_MATURATION",-0.870701554951159,0.652070300863867,1,22,-0.296264411955923,2,"Reln Cdc20"
"GOBP_SYNAPSE_ORGANIZATION",1.16399917091678,0.132060727841036,1,316,0.296965304809596,75,"Nefh Iqsec2 Slit1 Zdhhc2 Adgrl2 Plxna1 Tanc1 Nectin1 Tanc2 Xlr4b Xlr4a App Apoe Smad3 Fgf13 Srcin1 Plxna3 Ptk2 Rtn4rl2 Chrnb2 Amigo2 Plxnb2 Marcks Cyfip1 Ptprs Shank1 Srgap2 Ppfibp2 Pfn2 Chrnb1 Gphn Sema7a Sigmar1 Erbb3 Carmil3 Amigo3 Dock7 Kif2c Cacna1a Cacna1s Itgb3 Gpm6a Git1 Enah Rap2a Daam1 Fzd9 Mapk8 Cdk5r1 Akap5 Tiam1 Tlr2 Dhx36 Nckipsd Plxnc1 Slc30a1 Egln1 Nrxn1 Pdxp Lgmn Prkca Als2 Dock10 Spg11 Tsc2 Mesd Cln3 Abhd17b Prmt3 Dip2a Tmem108 Fzd5 Grm6 Dvl1 Snapin"
"GOBP_SYNAPTIC_SIGNALING",0.963135331214446,0.582820061592609,1,371,0.243137752071675,48,"Nefh Mctp1 Rasgrf2 Iqsec2 Zdhhc2 Atxn1 Aph1b App Apoe Prkar2a Prkcz Hspg2 Ptk2 Tspoap1 Slc29a1 Ly6c2 Akap7 Ggcx Abr Celf4 Chrnb2 Cacna1d Slc12a2 Cdh11 Doc2a Cyfip1 Ptprs Shank1 Rab3b Syde1 Pfn2 Chrnb1 Gphn Npr2 Prr7 Ly6a Stx11 Plk2 Fabp5 Stx2 Lynx1 Snap47 Camk2g Snap23 Cacna1a Mgll Git1 Ext1"
"GOBP_SYNAPTIC_TRANSMISSION_CHOLINERGIC",1.0256969668968,0.452505966587112,1,11,0.453556948881252,5,"Hspg2 Chrnb2 Chrnb1 Lynx1 Cacna1a"
"GOBP_SYNAPTIC_TRANSMISSION_DOPAMINERGIC",1.20702458650402,0.244149272612271,1,12,0.521667989567861,3,"Aph1b Chrnb2 Rab3b"
"GOBP_SYNAPTIC_TRANSMISSION_GABAERGIC",-0.779377723563449,0.793395940624053,1,25,-0.257409534469477,3,"Adora2a Cnr2 Stxbp1"
"GOBP_SYNAPTIC_TRANSMISSION_GLUTAMATERGIC",-1.14096645119029,0.24737876802097,1,40,-0.338054980403024,5,"Adrb2 Adora2a Reln Homer3 Ngfr"
"GOBP_SYNAPTIC_VESICLE_CYCLE",-0.825569885268762,0.916076294277929,1,153,-0.194561005765208,20,"Reln Rab3a Itsn1 Cplx2 Braf Rph3al Casp3 Ap3m2 Atp6v0a1 Atp8a1 Magi2 Ap1s2 Stxbp1 Synj1 Vamp1 Snx9 Stxbp5 Capn2 Atp6v0d1 Bcl2l1"
"GOBP_SYNAPTIC_VESICLE_CYTOSKELETAL_TRANSPORT",-0.631760331934133,0.930178206251826,1,19,-0.222606889388956,19,"Ap3m2 Map2 Ap3b1 Borcs5 Bloc1s5 Ap3s1 Trim46 Ap3m1 Bloc1s2 Bloc1s6 Kif1b Ap3d1 Bloc1s3 Ap3s2 Dtnbp1 Madd Bloc1s4 Bloc1s1 Snapin"
"GOBP_SYNAPTIC_VESICLE_ENDOSOMAL_PROCESSING",-1.19614377634404,0.234702671646079,1,17,-0.43393300607875,5,"Itsn1 Ap1s2 Bcl2l1 Vti1a Ap1g1"
"GOBP_SYNAPTIC_VESICLE_EXOCYTOSIS",-0.893415550227,0.681419305608546,1,67,-0.239897859361062,12,"Reln Rab3a Cplx2 Braf Rph3al Stxbp1 Synj1 Vamp1 Stxbp5 Bcl2l1 Fbxo45 Osbpl2"
"GOBP_SYNAPTIC_VESICLE_LOCALIZATION",-1.08790188193149,0.307035519125683,1,45,-0.315583094547382,7,"Rab3a Ap3m2 Magi2 Ap1s2 Synj1 Map2 Bcl2l1"
"GOBP_SYNAPTIC_VESICLE_LUMEN_ACIDIFICATION",-0.893489393022438,0.596481271282633,1,16,-0.328311662652251,4,"Atp6v0a1 Atp6v0d1 Atp6v1g2 Atp6ap2"
"GOBP_SYNAPTIC_VESICLE_MATURATION",-0.891518687597708,0.615430443848674,1,22,-0.303347637576767,5,"Rab3a Atp6v0a1 Stxbp1 Atp6v0d1 Atp6v1g2"
"GOBP_SYNAPTIC_VESICLE_MEMBRANE_ORGANIZATION",-0.993064405094283,0.46245983055799,1,19,-0.349915888995671,5,"Rab3a Cplx2 Rph3al Stxbp1 Vamp1"
"GOBP_SYNAPTIC_VESICLE_PRIMING",-1.38604246636606,0.109511713237369,1,15,-0.51903063516934,6,"Rab3a Stxbp1 Synj1 Vamp1 Stxbp5 Osbpl2"
"GOBP_SYNAPTIC_VESICLE_RECYCLING",-0.841607347145276,0.791230112533954,1,70,-0.223966604467265,14,"Rab3a Itsn1 Ap3m2 Atp8a1 Ap1s2 Synj1 Snx9 Capn2 Bcl2l1 Fcho2 Ap2b1 Calm1 Ap1g1 Bin1"
"GOBP_SYNAPTIC_VESICLE_RECYCLING_VIA_ENDOSOME",-1.34593931636887,0.147427352705945,1,10,-0.560381437705045,4,"Itsn1 Ap1s2 Bcl2l1 Ap1g1"
"GOBP_SYNAPTIC_VESICLE_TRANSPORT",-0.998432917153589,0.44954128440367,1,40,-0.295823965630168,5,"Rab3a Ap3m2 Ap1s2 Synj1 Map2"
"GOBP_SYNAPTONEMAL_COMPLEX_ORGANIZATION",1.16711765013316,0.28198269079465,1,13,0.494731509864021,11,"Syde1 Syce2 Syce1 Bag6 Ago4 Trip13 Ehmt2 Plk1 Spo11 Tex12 Mlh3"
"GOBP_SYNCYTIUM_FORMATION",0.97044504782374,0.514893617021277,1,78,0.289082667774173,3,"Cdon Cd9 Tanc1"
"GOBP_S_ADENOSYLMETHIONINE_METABOLIC_PROCESS",0.927438855269064,0.576059456040481,1,12,0.400832898090861,3,"Pemt Ahcyl2 Amd2"
"GOBP_TAIL_ANCHORED_MEMBRANE_PROTEIN_INSERTION_INTO_ER_MEMBRANE",0.843889699206595,0.682768230376219,1,15,0.345282088557755,5,"Emc9 Emc1 Emc4 Ubl4a Bag6"
"GOBP_TAXIS",1.34058998930022,0.0288085358624778,1,190,0.35756186545559,39,"Eng Sema6d Trem1 Plekhg5 Slit1 Ackr2 Ackr3 Ryk Msmp Fer Itga9 Fcer1g App Angpt1 Cxcr2 Bmpr2 Smad3 Plxna3 Ptk2 Vegfa Slc12a2 Ccrl2 Lef1 Lyst Sema7a Rarres2 Mospd2 Il12a Cmtm8 Itgb3 Vav3 Dpp4 Ccr1 Mif Notch1 Bst1 Tiam1 Calr Fes"
"GOBP_TELENCEPHALON_DEVELOPMENT",0.942699668301412,0.592655435704763,1,165,0.255135462427733,39,"Ift88 Cdon Slit1 Ryk Ttc8 Fgf13 Plxna3 Rtn4rl2 Ptprs Srgap2 Lef1 Sema7a Rpgrip1l Id2 Ext1 Bbs1 Ncapd3 Nr4a3 Nfix Efhc1 Wdr47 Cdk5r1 Atg16l1 Pcnt Atat1 Ski Rara Ncor2 Atic Trappc9 Pomgnt1 Ran Tmem108 Prdm8 Csf1r Fktn Nf2 Gmppa Kdm2b"
"GOBP_TELENCEPHALON_GLIAL_CELL_MIGRATION",-0.764631289826337,0.770755530020109,1,17,-0.277390361174091,2,"Reln Sun1"
"GOBP_TELOMERE_CAPPING",0.580614385781602,0.968453791469194,1,26,0.210966356001432,5,"Rtel1 Dclre1b Nbn Terf2ip Stn1"
"GOBP_TELOMERE_MAINTENANCE",0.827469035278057,0.826291661504151,1,142,0.228258557407784,73,"Dna2 Wrap53 Zfp827 Brca2 Ccne1 Shld3 Naf1 Tep1 Rtel1 Dclre1b Nbn Terf2ip Dhx36 Stn1 Shld1 Hsp90aa1 Pinx1 Smc6 Cct3 Nhp2 Gnl3 Wrn Myc Rad51d Nat10 Smc5 Xrcc6 Prkdc Pcna Xrn1 Eme2 Ino80 Nek2 Rpa2 Recql4 Ptges3 Dclre1c Parp1 Tfpt Cct7 Nop10 Actr5 Ruvbl2 Fbxo4 Actl6a Atr Cct6a Shld2 Cct8 Ino80c Cct2 Upf1 Tent4b Dkc1 Apex1 Ercc1 Gar1 Dcp2 Tnks Mus81 Aurkb Hsp90ab1 Trp53 Mad2l2 Ylpm1 Gnl3l Ruvbl1 Ctc1 Cct4 Xrcc5 Nsmce2 Hus1 Mre11a"
"GOBP_TELOMERE_MAINTENANCE_IN_RESPONSE_TO_DNA_DAMAGE",0.793976450875365,0.782066334018198,1,33,0.274962927700292,15,"Shld3 Rtel1 Dclre1b Nbn Terf2ip Shld1 Ino80 Tfpt Actr5 Ruvbl2 Actl6a Shld2 Ino80c Apex1 Ercc1"
"GOBP_TELOMERE_MAINTENANCE_VIA_RECOMBINATION",0.566527843051968,0.960172892868169,1,16,0.228437829838721,5,"Brca2 Tep1 Smc6 Rad51d Smc5"
"GOBP_TELOMERE_MAINTENANCE_VIA_TELOMERE_LENGTHENING",0.744262640155344,0.886119526301294,1,61,0.230677760863677,32,"Wrap53 Naf1 Rtel1 Dclre1b Terf2ip Dhx36 Stn1 Hsp90aa1 Pinx1 Cct3 Nhp2 Nat10 Ptges3 Parp1 Cct7 Nop10 Fbxo4 Atr Cct6a Cct8 Cct2 Tent4b Dkc1 Gar1 Dcp2 Tnks Hsp90ab1 Trp53 Gnl3l Ctc1 Cct4 Xrcc5"
"GOBP_TEMPERATURE_HOMEOSTASIS",-1.03832053061228,0.364494382022472,1,106,-0.257746551822244,14,"Ccl5 Adrb2 Egr1 Thra Alms1 Cxcr4 Prkab2 Sirt6 Il4ra Scd1 Syk Nr1h2 Jak2 Elovl6"
"GOBP_TERMINATION_OF_RNA_POLYMERASE_III_TRANSCRIPTION",0.923595189392821,0.577488775352222,1,15,0.377894026050171,9,"Polr3e Polr2l Crcp Polr1c Polr2f Polr2h Polr3c Polr3d Polr3b"
"GOBP_TERMINATION_OF_RNA_POLYMERASE_II_TRANSCRIPTION",-0.964552456487835,0.496298327392377,1,13,-0.374065871007182,2,"Prr3 Pcf11"
"GOBP_TERPENOID_BIOSYNTHETIC_PROCESS",-1.51433061081806,0.0534329215742603,1,17,-0.549363753041297,6,"Idi1 Lss Pmvk Acat2 Acat3 Hmgcs1"
"GOBP_TETRAHYDROFOLATE_INTERCONVERSION",0.920662519997566,0.582657120127287,1,11,0.407111356468929,6,"Mthfr Mthfd1 Shmt2 Mthfd2l Dhfr Tyms"
"GOBP_TETRAHYDROFOLATE_METABOLIC_PROCESS",1.07058717848418,0.387774004322322,1,16,0.431686835352331,7,"Mthfr Mthfd1 Shmt2 Mthfd2l Aasdhppt Atic Mtr"
"GOBP_TETRAPYRROLE_BIOSYNTHETIC_PROCESS",-0.675305884615532,0.906411425098754,1,24,-0.225151564694811,5,"Slc11a2 Abcb6 Fxn Hmbs Cox10"
"GOBP_TETRAPYRROLE_METABOLIC_PROCESS",0.527570702985861,0.991927346115035,1,39,0.17703659435983,12,"Hmox1 Mmachc Mmaa Flvcr1 Cox15 Abcb10 Mtr Alas1 Fech Blvra Abcd4 Cpox"
"GOBP_THYMIC_T_CELL_SELECTION",-1.00078670945128,0.452326901248581,1,16,-0.367737939707108,9,"Fas H2-DMa Mink1 Cd74 Ptprc Ccr7 Dock2 Nfatc3 Stk11"
"GOBP_THYMOCYTE_APOPTOTIC_PROCESS",-0.813801620952888,0.705052215636466,1,15,-0.304743889508982,4,"Nfkbid Bcl2l11 Rag1 Vhl"
"GOBP_THYMUS_DEVELOPMENT",-1.51713835850659,0.0284297520661157,1,41,-0.447341397621202,9,"Hes1 Bcl2 Braf Bcl2l11 Pbx1 Psen2 Rag1 Lmo4 Zmpste24"
"GOBP_THYROID_GLAND_DEVELOPMENT",-1.33692450195614,0.137171888230313,1,15,-0.500637455389831,4,"Thra Braf Tg Rap1gap"
"GOBP_TIGHT_JUNCTION_ASSEMBLY",0.855749213089008,0.685638454733117,1,29,0.303810656669993,4,"Patj Ect2 Snai1 Cdh5"
"GOBP_TIGHT_JUNCTION_ORGANIZATION",0.929542572121372,0.580275902553566,1,33,0.321910992159481,10,"Patj Ect2 Ext1 Snai1 Cdh5 Crb3 Fzd5 Tgfbr1 Pdcd6ip Ocel1"
"GOBP_TISSUE_HOMEOSTASIS",1.06669780190634,0.34037068859703,1,147,0.292547368513424,30,"Abcb1b Car2 Flt3 Angpt1 Alpl Ahr Nphp3 Vegfa Bbs10 Snx10 Tjp2 Slc12a2 Tlr4 Tns3 Ercc6 Trim32 Ada Gpr55 Ift80 Fsip1 Itgb3 Ext1 Bbs1 Nfix Tmem216 Slc22a5 Ncdn Notch1 Mbp Tjp3"
"GOBP_TISSUE_MIGRATION",0.676914758224596,0.947902195054182,1,58,0.211671284515536,4,"Epb41l4b Bmpr2 Ptk2 Pfn2"
"GOBP_TISSUE_MORPHOGENESIS",0.927323335245879,0.667451508016594,1,304,0.237337868591621,56,"Eng Intu Plxna1 Ttc8 Dll1 Nrarp Angpt1 Hs3st3b1 Cxcr2 Bmpr2 Socs3 Smad3 Maged1 Ahr Nphp3 Vegfa Cdk20 Slc12a2 Tlr4 Gorab Plxnb2 Lef1 Tmem67 Tbx6 Mthfr Rpgrip1l Sh3bp1 Pkd1 Arhgap35 Fkbpl Ptch1 Traf3ip1 Mthfd1 Itgb3 Ext1 Snai1 Eya1 Enah Nr4a3 Atp7a Nfatc1 Notch1 Krt10 Stk3 Sema5a Cluap1 Dll4 Rbm15 Wnt6 Scrib Bsg Cecr2 Egf Ski Egln1 Rara"
"GOBP_TISSUE_REGENERATION",1.04928751091597,0.39745995093087,1,38,0.353786435910003,15,"Abcb1b Cd9 Nfix Snhg15 Fzd9 Notch1 Eppk1 Ifrd1 Bin3 Cdkn1a Fbxw10 Vps54 Kpna1 B4galnt2 Hdgfl2"
"GOBP_TISSUE_REMODELING",0.957084484485577,0.550598335067638,1,96,0.276779703151478,13,"Abcb1b Car2 Tmbim1 Bmpr2 Ahr Vegfa Abr Snx10 Tns3 Gpr55 Npr2 Itgb3 Ext1"
"GOBP_TOLERANCE_INDUCTION",0.988790406054469,0.486735163318509,1,17,0.393751999919492,3,"Xkr8 Il2ra Zbtb46"
"GOBP_TOLL_LIKE_RECEPTOR_2_SIGNALING_PATHWAY",1.20300730707469,0.244576244732324,1,14,0.500304160270272,6,"Tlr6 Tlr2 Mfhas1 Tnip2 Nod2 Ripk2"
"GOBP_TOLL_LIKE_RECEPTOR_3_SIGNALING_PATHWAY",-0.79406858617707,0.757709251101322,1,21,-0.27283742992829,4,"Scimp Oas1a Tnf Trim3"
"GOBP_TOLL_LIKE_RECEPTOR_4_SIGNALING_PATHWAY",-0.715070180369734,0.943376068376068,1,55,-0.198348415079315,7,"Ly96 Irak4 Ifi35 Scimp Tax1bp1 Oas1a Nmi"
"GOBP_TOLL_LIKE_RECEPTOR_9_SIGNALING_PATHWAY",0.808465945266343,0.729679516953089,1,15,0.330788265779084,3,"Ptprs Ptpn22 Tnip2"
"GOBP_TOLL_LIKE_RECEPTOR_SIGNALING_PATHWAY",1.09645057491782,0.308731241473397,1,65,0.336448264009595,20,"Cd300lf App Gm6377 Tlr4 Tlr6 Hspd1 Fosl1 Tlr7 Tlr2 Mfhas1 Traf2 Irf4 Gfi1 Ticam2 Lrrc14 Esr1 Gdi1 Nfkbil1 Ticam1 Otud4"
"GOBP_TOOTH_MINERALIZATION",1.14369177382296,0.300820560458275,1,15,0.467947748032933,3,"Nectin1 Alpl Tspear"
"GOBP_TORC1_SIGNALING",-0.675603107166456,0.996316758747698,1,111,-0.166307791846507,34,"Gpr137 Sik3 Syk Itfg2 Slc38a9 Tsc1 Nmt1 Alg13 Tbc1d7 Kptn Nprl2 Gpr137c Foxp1 Usp32 Sar1b Vhl Shq1 Sesn1 Mfsd8 Rps6ka5 Pip4p1 Dyrk3 Fnip1 Rnf167 Otud5 Pim1 Prkaca Pten Rps6kb2 Lamtor2 Sesn3 Wdr24 Ube2d1 Wac"
"GOBP_TORC2_SIGNALING",-0.466844562283222,0.996769456681351,1,21,-0.16040512465374,21,"Sik3 Syap1 Otud5 Sesn3 Ep300 Prr5 Nckap1l Rps6kb1 Pik3ca Mtor Mapkap1 Mlst8 Usp9x Rictor Akt1 Tbk1 Otud7b Gsk3b Pink1 Sesn2 Traf2"
"GOBP_TOR_SIGNALING",-0.914735196878771,0.732378854625551,1,155,-0.215533961212433,30,"Ccl5 Reln Gpr137 Ccdc88a Sik3 Syk Itfg2 Slc38a9 Tsc1 Eif4ebp1 Nmt1 Alg13 Tbc1d7 Tti1 Kptn Lipa Zmpste24 Nprl2 Gpr137c Foxp1 Usp32 Sar1b Vhl Shq1 Sesn1 Syap1 Mfsd8 Tnfaip8l1 Rps6ka5 Pip4p1"
"GOBP_TRABECULA_MORPHOGENESIS",1.06549504907647,0.385252069224981,1,22,0.400397305302539,6,"Eng Vegfa Nfatc1 Notch1 Dll4 Egln1"
"GOBP_TRACHEA_DEVELOPMENT",0.90592133400613,0.60325743200506,1,12,0.391533168670908,4,"Lef1 Rara Map2k2 Eda"
"GOBP_TRANSCRIPTION_BY_RNA_POLYMERASE_I",0.661925659136476,0.963095565959791,1,61,0.205158126539773,28,"Ercc6 Prr7 Ncl Dhx33 Gtf2h5 Polr1b Heatr1 Phf8 Baz1b Taf1b Polr2l Ddx21 Polr1c Nol11 Eif2ak3 Rrn3 Actr6 Ubtf Ttf1 Crebbp Smarca4 Polr2f Polr2h Polr1e Lyar Mybbp1a Wdr75 Pwp1"
"GOBP_TRANSCRIPTION_BY_RNA_POLYMERASE_III",1.05471057344079,0.381980225595321,1,53,0.334594030764779,19,"Ercc6 Brf2 Ell Zc3h8 Polr3e Dhx36 Gtf3c3 Ski Gtf3c6 Polr3g Polr3gl Baz1b Polr2l Bdp1 Ddx21 Crcp Prdx5 Polr1c Gtf3c4"
"GOBP_TRANSCRIPTION_COUPLED_NUCLEOTIDE_EXCISION_REPAIR",1.02973509273791,0.440385831752056,1,12,0.445044650806929,2,"Uvssa Ercc6"
"GOBP_TRANSCRIPTION_ELONGATION_BY_RNA_POLYMERASE_I",1.17639652320056,0.271577961604495,1,14,0.489237323184586,9,"Ercc6 Gtf2h5 Polr1b Polr2l Polr1c Ubtf Polr2f Polr2h Polr1e"
"GOBP_TRANSCRIPTION_ELONGATION_BY_RNA_POLYMERASE_II",-0.629519006242156,0.998509687034277,1,128,-0.152429561169993,33,"Ints4 Ints8 Sirt6 Eaf2 Armc5 Ell2 Hexim1 Pwwp2a Leo1 Med11 Polr2b Med18 Med29 Usp15 Ccnk Vhl Nelfe Med23 Ints13 Zmynd11 Sart3 Ppp1r10 Nelfcd Pcid2 Cdk13 Elof1 Cdk9 Setd2 Supt5 Med10 Ldb1 Cdk7 Elp2"
"GOBP_TRANSCRIPTION_INITIATION_AT_RNA_POLYMERASE_III_PROMOTER",1.13121132820659,0.309989389116265,1,21,0.429952087596964,14,"Polr3e Gtf3c3 Polr2l Bdp1 Crcp Polr1c Gtf3c4 Gtf3c1 Polr2f Polr2h Polr3c Polr3d Gtf3c2 Polr3b"
"GOBP_TRANSCRIPTION_INITIATION_AT_RNA_POLYMERASE_II_PROMOTER",-0.983061284344865,0.510762070971495,1,168,-0.228969680317153,36,"Egr1 Thra Aicda Taf5 Ints4 Ints8 Taf13 Apobec1 Armc5 Taf4b Wdr5 Pwwp2a Taf6l Ctnnbip1 Gtf2e2 Med13 Foxo1 Padi2 Med11 Polr2b Xpa Zmpste24 Med18 Men1 Ints10 Med29 Wnt10b Usp21 Smarcd1 Brd7 Sphk2 Atad2 Med23 Kat7 Tbp Ints13"
"GOBP_TRANSCRIPTION_PREINITIATION_COMPLEX_ASSEMBLY",0.606493359659405,0.989885367498314,1,69,0.184262586517727,26,"Med22 Ahr Brf2 Med20 Gtf2f2 Med14 Med6 Gtf2e1 Med16 Med26 Med28 Esr1 Cand1 Med19 Med27 Taf1b Med31 Bdp1 Taf2 Med17 Rrn3 Med21 Gtf2b Med9 Taf12 Ubtf"
"GOBP_TRANSCYTOSIS",-1.0842071690039,0.355084284937466,1,12,-0.430502926386487,2,"Tg Ager"
"GOBP_TRANSEPITHELIAL_TRANSPORT",1.61015634762751,0.0180265654648956,1,12,0.695898852557442,3,"Abcb1b Slc26a6 Slc12a2"
"GOBP_TRANSFORMING_GROWTH_FACTOR_BETA_PRODUCTION",1.30154321788263,0.15050941648657,1,16,0.524813937709926,2,"Laptm4b Smad3"
"GOBP_TRANSFORMING_GROWTH_FACTOR_BETA_RECEPTOR_SIGNALING_PATHWAY",0.939087886197346,0.585519677093845,1,120,0.264270947791058,21,"Eng Eid2 Smad3 Ptk2 Fut8 Gdf11 Dand5 Adam9 Chst11 Cdh5 Rgcc Hspa5 Xbp1 Ski Gipc1 Dcp1a Fbn1 Smad5 Bmp8a Spred2 Ints9"
"GOBP_TRANSITION_METAL_ION_TRANSPORT",0.693422126234033,0.944201909959072,1,65,0.21277810047641,7,"Trf Nectin1 Slc39a6 Steap4 Slc39a13 Flvcr1 Atp7a"
"GOBP_TRANSLATIONAL_ELONGATION",0.614891951395086,0.984261666894758,1,64,0.189230480102015,23,"Elac1 Eif5a2 Ptrh1 Smyd5 Mrpl58 Gtpbp1 Alkbh1 Gfm1 Klhdc10 Efl1 Eif5a Saysd1 Eef1g Usp10 Ascc3 Trnau1ap Eef1d Abce1 Secisbp2 Shfl Ankzf1 Trnt1 Eef1b2"
"GOBP_TRANSLATIONAL_INITIATION",0.984432208785426,0.505450941526264,1,140,0.271735752712518,69,"Impact Habp4 Bzw2 Hbb-bs Eif4e3 Eif2d Dhx33 Dhx29 Hspa5 Scrib Eif2b3 Rara Mtif2 Kcmf1 Mettl3 Alkbh1 Tsc2 Sh3bgrl Eif2s1 Npm1 Eif2b2 Akt1s1 Paip2b Larp1 Eif1a Eif1ax Fech Denr Eif3m Eif4a1 Dnajc3 Prmt1 Fxr1 Fbxo4 Eif2s3x Paip1 Ythdf1 Eif2ak3 Abce1 Rragc Fmr1 Eif4g3 Eif3i Eif4b Eif3b Eif3l Gsk3b Abcf1 Mtif3 Eif3a Eif4ebp3 Bank1 Usp4 Dele1 Eif4ebp2 Ubr4 Eif3c Gpr155 Eif2s3y Eif2a Ythdf3 Tbk1 Eif2b4 Klhl25 Slbp Eif4e Eif5b Akt1 Eif4g1"
"GOBP_TRANSLATIONAL_TERMINATION",0.859753070344512,0.660164112091655,1,15,0.351772673670023,11,"Eif5a2 Hemk1 Ogfod1 Mrpl58 Gspt1 Etf1 Eif5a Jmjd4 Upf1 Abce1 Shfl"
"GOBP_TRANSLATION_AT_SYNAPSE",-1.31132570366608,0.0958904109589041,1,48,-0.375531453362256,48,"Eef2 Uba52 Rpl4 Rpl7 Rpl6 Rpl17 Rpl13a Rps5 Rps26 Rpl35a Rps28 Rpl15 Rpl12 Rps16 Rps27 Rpl34 Rpl7a Rpl9 Rps11 Rpl22 Rpl8 Rps12 Rpl5 Rps15a Rpl28 Rpl26 Rpl35 Rpl10 Rps24 Rpl23 Rpl10a Rpl37a Rpl13 Rpl32 Rps10 Rpl27 Rpl37 Rpl27a Rpl38 Rpl24 Rps14 Rps27a Rpl36a Rpl23a Rplp2 Rpl29 Rpl14 Rpl36"
"GOBP_TRANSLESION_SYNTHESIS",0.596457664920163,0.949219342125208,1,21,0.226702307341817,6,"Polk Pold3 Poli Pcna Pole2 Poldip2"
"GOBP_TRANSMISSION_OF_NERVE_IMPULSE",-0.923123215989511,0.560152582159624,1,20,-0.320584512712656,5,"Scn4a Cacna1i S1pr1 Dmrt3 P2rx4"
"GOBP_TRANSPOSABLE_ELEMENT_SILENCING_BY_HETEROCHROMATIN_FORMATION",1.07267078683952,0.397136038186158,1,11,0.474328485834295,6,"Dnmt3b Smyd5 Dnmt3a Pphln1 Morc2a Setdb1"
"GOBP_TRANSPOSITION",-0.652888398762842,0.914319248826291,1,20,-0.226736697276943,2,"Sirt6 Mov10"
"GOBP_TRICARBOXYLIC_ACID_CYCLE",-0.734113529535825,0.858954531394989,1,27,-0.239710006545028,2,"Idh1 Aco1"
"GOBP_TRICARBOXYLIC_ACID_METABOLIC_PROCESS",-1.56969500478507,0.0425652667423383,1,16,-0.57678264666873,9,"Idh1 Aco1 Asl Idh2 Idh3b Cs Sirt1 Sirt4 Ep300"
"GOBP_TRIGLYCERIDE_CATABOLIC_PROCESS",-0.992331610460919,0.459555799287085,1,13,-0.38483898485588,5,"Pak4 Sorl1 Pik3cg Ldlr Daglb"
"GOBP_TRIGLYCERIDE_METABOLIC_PROCESS",-1.02012086152313,0.408226620100893,1,70,-0.271472208835313,21,"Acsl4 Pak4 Sorl1 Apobec1 Fitm2 Pik3cg Scd1 Nr1h2 Tcf7l2 Insig2 Gpam Agpat2 Tmx1 Lipa Ldlr Pck2 Srebf1 Lpgat1 Daglb Insig1 Lmf1"
"GOBP_TRNA_5_END_PROCESSING",-0.807572611471922,0.714648602878916,1,15,-0.302411315417037,4,"Rpp30 Rpp25l Pop4 Pop7"
"GOBP_TRNA_5_LEADER_REMOVAL",-0.937307747237784,0.531538879825992,1,12,-0.372174008479683,4,"Rpp30 Rpp25l Pop4 Pop7"
"GOBP_TRNA_DECAY",0.999258880278525,0.475908192734458,1,19,0.387905143529101,4,"Slfn9 Plxnb2 Mettl1 Wdr4"
"GOBP_TRNA_METABOLIC_PROCESS",0.706244888772039,0.98125,1,172,0.190149174908978,60,"Slfn9 Elac1 Trpt1 Plxnb2 Rpp38 Adat1 Trmt11 Pars2 Thada Trmu Tars2 Dtwd2 Dars2 Pusl1 Ptcd1 Rpp40 Nars2 Tsen2 Wars2 Trmt61a Mettl1 Wdr4 Mocs3 Tsen15 Trmt2b Tyw3 Rars2 Trmt6 Trmt10c Thumpd1 Alkbh1 Fars2 Ears2 Osgepl1 Gtdc1 Nat10 Trmt2a Exosc3 Gatb Mettl2 Trub2 Polr2l Pyroxd1 Prorp Thumpd3 Trmt5 Tsen54 Mpst Nsun6 Trp53rkb Trmt10a Farsb Exosc9 Adat2 Trit1 B3gntl1 Ctu2 Pus7 Ctu1 Slc35f2"
"GOBP_TRNA_METHYLATION",-0.865388469485592,0.691832085909535,1,38,-0.260465839431256,7,"Trmt12 Mto1 Trmo Trmt13 Bcdin3d Trmt44 Tarbp1"
"GOBP_TRNA_MODIFICATION",-0.903303317910051,0.690605427974948,1,88,-0.231137796331887,11,"Trmt12 Elp6 Tyw5 Mto1 Trmo Cdk5rap1 Sepsecs Elp3 Trmt13 Bcdin3d Trub1"
"GOBP_TRNA_PROCESSING",0.701746974235589,0.970996374546818,1,129,0.195594649978178,46,"Elac1 Trpt1 Rpp38 Adat1 Trmt11 Thada Trmu Dtwd2 Pusl1 Ptcd1 Rpp40 Tsen2 Trmt61a Mettl1 Wdr4 Mocs3 Tsen15 Trmt2b Tyw3 Trmt6 Trmt10c Thumpd1 Alkbh1 Fars2 Osgepl1 Gtdc1 Nat10 Trmt2a Mettl2 Trub2 Pyroxd1 Prorp Thumpd3 Trmt5 Tsen54 Mpst Nsun6 Trp53rkb Trmt10a Adat2 Trit1 B3gntl1 Ctu2 Pus7 Ctu1 Slc35f2"
"GOBP_TRNA_THREONYLCARBAMOYLADENOSINE_METABOLIC_PROCESS",-0.856443809226907,0.653260557311118,1,17,-0.31069779739294,2,"Mto1 Cdk5rap1"
"GOBP_TRNA_WOBBLE_BASE_MODIFICATION",-0.726036880171455,0.868543148778225,1,27,-0.237072739155038,3,"Elp6 Mto1 Elp3"
"GOBP_TRNA_WOBBLE_URIDINE_MODIFICATION",-1.0321124305202,0.41396292004635,1,18,-0.36876291092346,3,"Elp6 Mto1 Elp3"
"GOBP_TROPHECTODERMAL_CELL_DIFFERENTIATION",0.746333142599994,0.799842643587726,1,13,0.316364440601105,2,"Ada Ctr9"
"GOBP_TROPHOBLAST_CELL_MIGRATION",1.21632582573186,0.232572777340677,1,13,0.515590448128575,4,"Smad3 Vegfa Syde1 Calr"
"GOBP_TUBE_FORMATION",-0.750369518598564,0.961657117672984,1,100,-0.188023723881169,16,"Adm Coq7 Hes5 Rab23 Bcl2l11 Casp3 Ift122 Tsc1 Tead2 Lmo4 Stk4 Rala Ipmk Ift52 Spint2 Sec24b"
"GOBP_TUBE_MORPHOGENESIS",0.860205650726183,0.863049095607235,1,444,0.214496771799577,81,"Eng Ramp1 Plekhg5 Ackr3 Meis3 Dll1 Nrarp Angpt1 Hs3st3b1 Cxcr2 Calcrl Bmpr2 Apoe Smad3 S100a1 Hspg2 Maged1 Ahr Nphp3 Ptk2 Hmox1 Vegfa Cdk20 Slc12a2 Plxnb2 Lef1 Tmem67 Pde3b Angptl4 Elmo3 Npr2 Mthfr Hyal1 Plk2 Stx2 Pkd1 Il12a Arhgap35 Id2 Fkbpl Ptch1 Mthfd1 Itgb3 Ext1 Vav3 Sdccag8 Eya1 Angptl6 Enah Nr4a3 Cdh5 Cybb Wars2 Ncl Rgcc Nfatc1 Tcf4 Notch1 Pofut1 Fbxw7 Stk3 Sema5a Cluap1 Dll4 Rbm15 Pbrm1 Wnt6 Scrib Mydgf Bsg Cecr2 Egf Xbp1 Ski Elk3 Jmjd8 Egln1 Rara Nrxn1 Slc31a1 Micall1"
"GOBP_TUBULIN_DEACETYLATION",-1.16645802150127,0.266725094945954,1,19,-0.411012813948352,6,"Flna Wdr5 Kat2b Kat14 Yeats2 Hdac6"
"GOBP_TUMOR_NECROSIS_FACTOR_MEDIATED_SIGNALING_PATHWAY",-1.10762088687053,0.249290636400486,1,83,-0.285208721080323,14,"Naip5 Traf5 Nr2c2 Rffl Spata2 Fas Syk Jak2 Tnfrsf13c Tax1bp1 Tnf Ripk1 Hspa1b Cyld"
"GOBP_TUMOR_NECROSIS_FACTOR_SUPERFAMILY_CYTOKINE_PRODUCTION",0.965495782548856,0.5308223477715,1,123,0.270783357144474,17,"Flt3 C1qtnf4 Fcer1g App Angpt1 Kcnn4 Sirpa Vsir Tlr4 Ifih1 Tlr6 Zbtb20 Spn Cybb Ncl Ptpn22 Mif"
"GOBP_TYPE_2_IMMUNE_RESPONSE",-1.06420990113496,0.369043911554033,1,28,-0.34467181740047,9,"Tbx21 Hlx Anxa1 Clcf1 Socs5 Bcl6 Bcl3 Men1 Cd74"
"GOBP_TYPE_2_MITOPHAGY",0.989692369262505,0.488216013734977,1,14,0.41159119052552,7,"Htra2 Vdac1 Pink1 Cdc37 Hk2 Mfn2 Timm23"
"GOBP_TYPE_B_PANCREATIC_CELL_APOPTOTIC_PROCESS",-0.639005778582044,0.895076674737692,1,11,-0.258936207721142,3,"Tcf7l2 Ager Cast"
"GOBP_TYPE_B_PANCREATIC_CELL_DIFFERENTIATION",0.986876011394129,0.497374701670644,1,11,0.436390558905746,1,"Dll1"
"GOBP_TYPE_B_PANCREATIC_CELL_PROLIFERATION",-0.602104153927179,0.929805319440636,1,13,-0.233503749081638,3,"Serpinb1a Birc5 Men1"
"GOBP_TYPE_II_INTERFERON_MEDIATED_SIGNALING_PATHWAY",-1.42420057051349,0.0747691391123027,1,22,-0.484597669696521,6,"Irgm2 Ciita Jak2 Parp9 Parp14 Irgm1"
"GOBP_TYPE_II_INTERFERON_PRODUCTION",1.15041375684505,0.230861563083489,1,77,0.343611116607073,14,"Cd27 Flt3 Il12rb1 Cd276 App Sirpa Vsir Tlr4 Slc7a5 Hspd1 Il12a Tlr7 Pglyrp2 Ptpn22"
"GOBP_TYPE_I_INTERFERON_PRODUCTION",0.942858259897292,0.5784561049445,1,120,0.265331977590138,27,"Flt3 Nlrx1 Rnf135 Sirpa Tlr4 Ptprs Ifih1 Zbtb20 Hspd1 Gbp4 Rnf26 Traf3ip1 Tlr7 Klhl22 Ptpn22 Trim56 Dhx33 Tlr2 Dhx36 Atg12 Hsp90aa1 Polr3g Rnf125 Ticam2 Tank Ikbke Tasor2"
"GOBP_TYROSINE_PHOSPHORYLATION_OF_STAT_PROTEIN",1.15731985485921,0.269213550216386,1,25,0.423791117965509,6,"Fer Il15 Osm Tnfrsf18 Il12a Traf3ip1"
"GOBP_T_CELL_ACTIVATION",-0.933809702477681,0.77892030848329,1,423,-0.197185864493598,64,"Ccl5 Lgals3 Adora2a Tbx21 Chd7 Egr1 Jaml Egr3 Hlx Fanca Rasgrp1 Rab27a Anxa1 Rab29 Hes1 Bcl2 Cxcr4 Lmbr1l Nfkbid Braf Fas Satb1 Casp3 Armc5 Socs5 Ccnd3 Dusp10 Cd38 Syk Ptger4 H2-DMb1 Jak2 Ccr9 Psen2 Drosha Ripor2 H2-Ob Tnfrsf13c Cd46 Nhej1 Cd55 Slamf1 Tsc1 Ager Rag1 Bcl6 Slfn2 H2-DMa Smarcc2 Cdr2 Xrcc4 Gpam Rhoh H2-DMb2 Cyld Mink1 Bcl3 Dhps Slc4a2 Lipa Irgm1 Fyn Csk Pde5a"
"GOBP_T_CELL_ACTIVATION_INVOLVED_IN_IMMUNE_RESPONSE",0.812750731501194,0.822515345435549,1,94,0.23586905503092,10,"Sema6d Plxna1 Il12rb1 Fcer1g Prkcz Lef1 Fgl2 Stx11 Zbtb7b Il12a"
"GOBP_T_CELL_ACTIVATION_VIA_T_CELL_RECEPTOR_CONTACT_WITH_ANTIGEN_BOUND_TO_MHC_MOLECULE_ON_ANTIGEN_PRESENTING_CELL",1.24046151261355,0.214319809069212,1,11,0.548524522372148,3,"Sema6d Plxna1 Fgl2"
"GOBP_T_CELL_APOPTOTIC_PROCESS",-1.37064445496428,0.069391961525249,1,46,-0.395766623300224,15,"Ccl5 Lgals3 Tsc22d3 Lmbr1l Nfkbid Fas Bcl2l11 Pdcd7 Rag1 Gpam Ripk1 St3gal1 Lipa Prkd2 Vhl"
"GOBP_T_CELL_CHEMOTAXIS",-1.27992976109772,0.181348558999456,1,12,-0.508217915795521,2,"Ccl5 Cxcl16"
"GOBP_T_CELL_CYTOKINE_PRODUCTION",0.827960284880836,0.71420056623454,1,24,0.305713418154258,3,"Prkcz Vsir Tnfrsf1b"
"GOBP_T_CELL_DIFFERENTIATION",-0.840007209706497,0.95301487862177,1,253,-0.186467168381536,36,"Tbx21 Chd7 Egr1 Egr3 Hlx Fanca Rasgrp1 Anxa1 Bcl2 Lmbr1l Nfkbid Braf Fas Satb1 Armc5 Socs5 Dusp10 Syk Ptger4 Jak2 Ccr9 Drosha Cd46 Nhej1 Tsc1 Rag1 Bcl6 H2-DMa Smarcc2 Xrcc4 Rhoh Cyld Mink1 Bcl3 Slc4a2 Lipa"
"GOBP_T_CELL_DIFFERENTIATION_INVOLVED_IN_IMMUNE_RESPONSE",-0.817680182380327,0.839348079161816,1,70,-0.217599162613161,10,"Tbx21 Hlx Anxa1 Nfkbid Socs5 Ptger4 Jak2 Cd46 Tsc1 Bcl6"
"GOBP_T_CELL_DIFFERENTIATION_IN_THYMUS",-0.865677034805765,0.740269461077844,1,65,-0.233822936116571,9,"Egr3 Rasgrp1 Bcl2 Nfkbid Fas Rag1 H2-DMa Xrcc4 Mink1"
"GOBP_T_CELL_EXTRAVASATION",-1.41308487223195,0.112769928019195,1,10,-0.588337470100003,1,"Ccl5"
"GOBP_T_CELL_HOMEOSTASIS",-0.841354624838984,0.740580193397799,1,43,-0.245807944786979,8,"Bcl2 Tsc22d3 Fas Bcl2l11 Casp3 Rag1 Gpam Chst3"
"GOBP_T_CELL_LINEAGE_COMMITMENT",-0.935811427658878,0.556211180124224,1,29,-0.300042722688482,5,"Tbx21 Bcl2 Braf Cyld Kctd9"
"GOBP_T_CELL_MEDIATED_CYTOTOXICITY",0.839388762983859,0.720213996529786,1,36,0.285252757483975,4,"Serpinb9 Pvr Stx11 Il12a"
"GOBP_T_CELL_MEDIATED_IMMUNE_RESPONSE_TO_TUMOR_CELL",1.46083256219399,0.0633681910410488,1,14,0.607527987590647,3,"Ahr Hspd1 Klhl22"
"GOBP_T_CELL_MEDIATED_IMMUNITY",1.21603677611803,0.147058823529412,1,91,0.354355768027155,18,"C4bp Serpinb9 Prkcz Ahr Vsir Pvr Tnfrsf1b Cdh17 Lyst Hspd1 Stx11 Il12a Spn Klhl22 Dpp4 Il7r Traf2 Kdm5d"
"GOBP_T_CELL_MIGRATION",-1.13333699025484,0.253028263795424,1,44,-0.329412560572548,13,"Ccl5 Itgb7 Cxcl16 Ripor2 S1pr1 Myo1g Spns2 Pycard Gpr183 Med23 Lgals9 Msn Ccr7"
"GOBP_T_CELL_PROLIFERATION",-1.10223496692586,0.213477088948787,1,147,-0.261838291297044,29,"Ccl5 Lgals3 Rasgrp1 Anxa1 Hes1 Cxcr4 Lmbr1l Satb1 Casp3 Armc5 Ccnd3 Syk H2-DMb1 Jak2 Ripor2 Tnfrsf13c Cd46 Cd55 Slamf1 Ager Slfn2 Gpam H2-DMb2 Dhps Slc4a2 Lipa Irgm1 Fyn Pde5a"
"GOBP_T_CELL_RECEPTOR_SIGNALING_PATHWAY",0.964724057379881,0.534502624503905,1,110,0.274274192310948,9,"Lime1 Cd247 Tnfrsf21 Cd276 Lcp2 Kcnn4 Slc39a6 Sla2 Ada"
"GOBP_T_CELL_SELECTION",-1.12091052761382,0.268842530282638,1,44,-0.325800719687942,8,"Tbx21 Bcl2 Braf Fas Syk H2-DMa Cyld Mink1"
"GOBP_T_HELPER_17_CELL_DIFFERENTIATION",-0.76407648378298,0.825910931174089,1,28,-0.247465871175956,2,"Tbx21 Nfkbid"
"GOBP_T_HELPER_17_CELL_LINEAGE_COMMITMENT",-0.818695848052717,0.705257110025855,1,17,-0.297003719315032,1,"Tbx21"
"GOBP_T_HELPER_17_TYPE_IMMUNE_RESPONSE",-0.684078894376905,0.934500648508431,1,37,-0.207448478682808,3,"Tbx21 Nfkbid Jak2"
"GOBP_T_HELPER_1_CELL_DIFFERENTIATION",-1.07102025813204,0.354603463992707,1,24,-0.357085422223969,5,"Tbx21 Hlx Anxa1 Socs5 Jak2"
"GOBP_T_HELPER_1_TYPE_IMMUNE_RESPONSE",-0.900999235067388,0.626701231367466,1,36,-0.275552864271982,6,"Tbx21 Hlx Anxa1 Socs5 Jak2 Slamf1"
"GOBP_T_HELPER_2_CELL_DIFFERENTIATION",-1.23423379022051,0.214697011242117,1,13,-0.478651767107033,6,"Hlx Anxa1 Socs5 Bcl6 Bcl3 Men1"
"GOBP_T_HELPER_CELL_LINEAGE_COMMITMENT",-0.71519486219047,0.847711267605634,1,20,-0.248374639938134,1,"Tbx21"
"GOBP_UBIQUITIN_DEPENDENT_PROTEIN_CATABOLIC_PROCESS_VIA_THE_C_END_DEGRON_RULE_PATHWAY",-0.800875468491117,0.723893303064699,1,16,-0.29428078127293,6,"Klhdc1 Fem1c Klhdc3 Dcaf12 Rbx1 Appbp2"
"GOBP_UBIQUITIN_DEPENDENT_PROTEIN_CATABOLIC_PROCESS_VIA_THE_MULTIVESICULAR_BODY_SORTING_PATHWAY",0.599049902722775,0.961419525843028,1,28,0.214036087164898,8,"Vps25 Vps37c Tsg101 Chmp4c Chmp6 Snf8 Plaa Stam"
"GOBP_UBIQUITIN_RECYCLING",0.888473259010361,0.623389021479714,1,11,0.392877461399248,6,"Rnf135 Trim32 Fbxw7 Ide Vps54 Plaa"
"GOBP_UDP_N_ACETYLGLUCOSAMINE_METABOLIC_PROCESS",0.815912115980856,0.70612569610183,1,11,0.360791366088498,5,"Gfpt1 Amdhd2 Pgm3 Gnpda2 B4galnt2"
"GOBP_UNSATURATED_FATTY_ACID_BIOSYNTHETIC_PROCESS",-0.845754425429103,0.696875966594494,1,27,-0.27616409546802,5,"Anxa1 Prxl2b Armc5 Scd1 Elovl6"
"GOBP_UNSATURATED_FATTY_ACID_METABOLIC_PROCESS",0.833237765695114,0.741963015647226,1,44,0.273282744071637,6,"Ces2c Hpgds Ahr Sigmar1 Fabp5 Mgll"
"GOBP_UROGENITAL_SYSTEM_DEVELOPMENT",0.861079500553075,0.668542654028436,1,26,0.31287341290153,9,"Ahr Hells Ptch1 Wdr77 Notch1 Rara Prlr Stat5a Esr1"
"GOBP_UV_DAMAGE_EXCISION_REPAIR",0.534762173461107,0.966002530044276,1,12,0.231120650768505,5,"Pold3 Ino80 Actr5 Cul4b Ercc1"
"GOBP_VACUOLAR_ACIDIFICATION",-0.717523376479809,0.864175022789426,1,24,-0.239227162978904,4,"Tmem106b Atp6v0a1 Atp6v0d1 Creg1"
"GOBP_VACUOLAR_LOCALIZATION",-0.999345737505581,0.439416058394161,1,61,-0.272581723296734,24,"Tmem106b Rab3a Rasgrp1 Cplx2 Syk Stxbp1 Milr1 Plekhm1 D6Wsu163e Vps33b Btk Spag9 Sphk2 Snx4 Lyn Pip4p1 Hdac6 Vps33a Def8 Fam98a Lat Rnf167 Borcs5 Stxbp2"
"GOBP_VACUOLAR_TRANSPORT",-0.810444950435349,0.93732970027248,1,154,-0.190814083436874,34,"Irgm2 Tmem106b Pik3r4 Igf2r Sorl1 Hook2 Ap3m2 Trak2 Mvb12a Ap1m1 Snx16 Atp6v0d1 Plekhm1 Vps13d Leprotl1 Vps16 Lipa Irgm1 Ap1g2 Vti1a Hgs Zfyve16 Mgrn1 Vps51 Chmp7 Ap1g1 Nedd4 Vps11 Bin1 Ptpn23 Dtx3l Rbsn Hdac6 Vps33a"
"GOBP_VACUOLE_FUSION",-0.55898147778235,0.952963567156063,1,12,-0.221953118242367,12,"Vps16 Chmp7 Chmp3 Chmp5 Chmp2a Chmp2b Chmp4b Chmp1b Chmp1a Vps39 Chmp6 Chmp4c"
"GOBP_VACUOLE_ORGANIZATION",0.574564051696029,1,1,229,0.150394278755186,36,"Ift88 Cln6 Laptm4b Ralb Acp2 Dnajc16 Gabarapl1 Lyst Trim32 Npr2 C9orf72 Fsip1 Ext1 Atg4a Rab20 Myo7a Rab39 Atg16l1 Pip4k2a Zkscan3 Lrba Atg12 B4galnt1 Gm5431 Rab1a Tmem39a Abca1 Spg11 Cln3 Pink1 Sec22b Tom1 Btrc Chmp4c Snapin Chmp6"
"GOBP_VASCULAR_ASSOCIATED_SMOOTH_MUSCLE_CELL_DIFFERENTIATION",1.1233296195905,0.320458015267176,1,18,0.441707404959067,6,"Eng Vegfa Nfatc1 Notch1 Pbrm1 Sod2"
"GOBP_VASCULAR_ASSOCIATED_SMOOTH_MUSCLE_CELL_MIGRATION",1.18588321442378,0.243782576321668,1,23,0.440903153074795,6,"Kcnn4 Dock7 Nr4a3 Atp7a Tlr2 Xbp1"
"GOBP_VASCULAR_ASSOCIATED_SMOOTH_MUSCLE_CELL_PROLIFERATION",0.624854750343463,0.967861734037995,1,42,0.206590705665376,10,"Hmox1 Ppargc1a Nr4a3 Rgcc Sod2 Xbp1 Ern1 Cdkn1a Poldip2 Mfn2"
"GOBP_VASCULAR_ASSOCIATED_SMOOTH_MUSCLE_CONTRACTION",1.38213615923103,0.10151153540175,1,11,0.61117218784011,2,"Slc8a1 Smpd3"
"GOBP_VASCULAR_ENDOTHELIAL_CELL_PROLIFERATION",-0.681130725226793,0.869037538808919,1,15,-0.255062684965705,1,"Sirt6"
"GOBP_VASCULAR_ENDOTHELIAL_GROWTH_FACTOR_PRODUCTION",-0.835362047261869,0.667672059226762,1,13,-0.323964165674482,3,"Hpse Arnt Tnf"
"GOBP_VASCULAR_ENDOTHELIAL_GROWTH_FACTOR_RECEPTOR_SIGNALING_PATHWAY",1.21083131352614,0.225557071396089,1,21,0.460214142130005,3,"Dll1 Angpt1 Vegfa"
"GOBP_VASCULAR_ENDOTHELIAL_GROWTH_FACTOR_SIGNALING_PATHWAY",1.53750984412394,0.0303306035790112,1,20,0.590082016253156,6,"Dll1 Angpt1 Vegfa Il12a Itgb3 Tcf4"
"GOBP_VASCULAR_PROCESS_IN_CIRCULATORY_SYSTEM",1.4137871583639,0.0243024302430243,1,106,0.403792785182578,29,"Slc8a1 Abcb1b Itga9 Angpt1 Cxcr2 Bmpr2 Apoe S100a1 Plekha7 Ahr Ptk2 Vegfa Abr Fgfbp3 Tjp2 Smpd3 Slc5a6 Fabp5 Arhgap35 Mgll Ext1 Cdh5 Slc22a5 Hrh2 Manf Tjp3 Zdhhc21 Sod2 Scarb1"
"GOBP_VASCULAR_TRANSPORT",1.3045157340517,0.15405192761605,1,13,0.552973420181875,5,"Abcb1b Apoe Slc5a6 Fabp5 Slc22a5"
"GOBP_VASCULAR_WOUND_HEALING",0.890727237992256,0.620365950676213,1,11,0.39387415717087,3,"Vegfa Slc12a2 Npr2"
"GOBP_VASCULATURE_DEVELOPMENT",0.906308601422515,0.7483892104401,1,390,0.228008971517336,71,"Eng Ramp1 Plekhg5 Ift88 Ackr3 Meis3 Dll1 Nrarp Angpt1 Cxcr2 Calcrl Bmpr2 Socs3 Apoe S100a1 Hspg2 Ahr Ptk2 Hmox1 Vegfa B9d1 Slc12a2 Lef1 Syde1 Pde3b Angptl4 Elmo3 Npr2 Hyal1 Plk2 Pkd1 Il12a Fosl1 Fkbpl Fbxw8 Itgb3 Vav3 Eya1 Angptl6 Cdh5 Flvcr1 Ncoa6 Immp2l Cybb Wars2 Ncl Rgcc Atp7a Nfatc1 Tcf4 Notch1 Pofut1 Fbxw7 Gla Pcnt Sema5a Dll4 Rbm15 Pbrm1 Mydgf Bsg Sod2 Egf Xbp1 Prox2 Elk3 Jmjd8 Egln1 Nrxn1 Slc31a1 Micall1"
"GOBP_VASCULOGENESIS",1.15989021719485,0.235103991006183,1,47,0.374897394373776,10,"Eng Ackr3 Angpt1 Ptk2 Elmo3 Npr2 Wars2 Notch1 Fbxw7 Pbrm1"
"GOBP_VASOCONSTRICTION",1.16064728616713,0.25021682567216,1,37,0.392923255546128,9,"Slc8a1 Itga9 Bmpr2 Ahr Smpd3 Mgll Hrh2 Manf Zdhhc21"
"GOBP_VASODILATION",0.882769055654147,0.645075421472937,1,31,0.309772003155213,5,"Apoe S100a1 Plekha7 Ptk2 Vegfa"
"GOBP_VENTRAL_SPINAL_CORD_DEVELOPMENT",-1.0755877789546,0.359448356807512,1,20,-0.373532783081653,6,"Reln Dmrt3 Lmo4 Scyl1 Zc4h2 Foxp1"
"GOBP_VENTRICULAR_CARDIAC_MUSCLE_TISSUE_DEVELOPMENT",0.822432194268843,0.72017870439315,1,23,0.305774584911001,1,"Eng"
"GOBP_VENTRICULAR_CARDIAC_MUSCLE_TISSUE_MORPHOGENESIS",0.930030961105298,0.562395500835993,1,19,0.361031360915704,1,"Eng"
"GOBP_VENTRICULAR_SEPTUM_DEVELOPMENT",0.75505429928795,0.845898803517371,1,39,0.253373132636345,17,"Bmpr2 Dand5 Id2 Nfatc1 Notch1 Rbm15 Egln1 Nprl3 Prdm1 Pde2a Sox4 Hectd1 Tgfbr1 Smad4 Cited2 Sufu Rbpj"
"GOBP_VENTRICULAR_SEPTUM_MORPHOGENESIS",0.963845367378266,0.518778625954198,1,18,0.378996181158003,10,"Bmpr2 Id2 Nfatc1 Notch1 Rbm15 Egln1 Sox4 Tgfbr1 Smad4 Cited2"
"GOBP_VENTRICULAR_SYSTEM_DEVELOPMENT",1.06414869739479,0.383549396513187,1,24,0.39292287522195,10,"Sema6d Rpgrip1l Bbs1 Nfix Ttc21b Anp32b Kdm2b Mnat1 Numbl Numb"
"GOBP_VERY_LONG_CHAIN_FATTY_ACID_METABOLIC_PROCESS",-1.25028885874192,0.19351100811124,1,18,-0.446715052944821,4,"Acox1 Pex5 Slc27a4 Elovl6"
"GOBP_VESICLE_BUDDING_FROM_MEMBRANE",-0.954116135316299,0.549687010954617,1,71,-0.253054945840203,22,"Anxa2 Sec24d Ap3m2 Ap1s2 Myo18a Wasl Sec24b Sar1b Trappc1 Chmp7 Insig1 Ap1g1 Trappc5 S100a10 Vapb Snx3 Pef1 Vps4a Trappc8 Dnm2 Chmp5 Trappc6a"
"GOBP_VESICLE_CARGO_LOADING",-0.640051807466317,0.934769230769231,1,26,-0.210259936610688,5,"Sec24d Ap3m2 Sec24b Sar1b Insig1"
"GOBP_VESICLE_COATING",-0.61213821693116,0.965123456790123,1,31,-0.192514295616011,31,"Ap3m2 Sar1b Trappc1 Trappc5 Pef1 Trappc8 Trappc6a Trappc10 Trappc11 Trappc4 Trappc2 Klhl12 Trappc13 Ap3s1 Arfgap2 Trappc2l Sec16a Cul3 Sar1a Tfg Tmed9 Preb Trappc6b Ap3d1 Ap3s2 Arfgap3 Trappc12 Gbf1 Pdcd6 Trappc3 Trappc9"
"GOBP_VESICLE_CYTOSKELETAL_TRAFFICKING",0.871659038913446,0.682115518441197,1,49,0.279145072367577,12,"Kif13a Tanc2 Prkcz Bicdl1 Kifc1 Rab1a Kif13b Spg11 Cln3 Snapin Bloc1s1 Bloc1s4"
"GOBP_VESICLE_DOCKING",0.734684194763322,0.869678164237264,1,38,0.247712185726702,5,"Ralb Syde1 Stx11 Stx2 Exoc8"
"GOBP_VESICLE_DOCKING_INVOLVED_IN_EXOCYTOSIS",0.644238578922104,0.928368900164155,1,25,0.235909361142969,3,"Ralb Syde1 Exoc8"
"GOBP_VESICLE_FUSION_TO_PLASMA_MEMBRANE",-1.0475241991203,0.396838837143664,1,15,-0.39226586747384,5,"Rab3a Cplx2 Rph3al Stxbp1 Vamp1"
"GOBP_VESICLE_LOCALIZATION",-0.582026957583292,1,1,168,-0.135562785897548,23,"Rab3a Rasgrp1 Rab27a Ap3m2 Pik3cg Magi2 Ap1s2 Trak2 Stxbp1 Synj1 Map2 Tcf7l2 Bcl2l1 Wasl Tesk1 Tbc1d23 Vps33b Stard3 Hgs Sar1b Exoc6b Dpysl2 Trappc1"
"GOBP_VESICLE_MEDIATED_TRANSPORT_BETWEEN_ENDOSOMAL_COMPARTMENTS",-0.941125647412756,0.547182394131377,1,43,-0.274956783200802,17,"Pik3r4 Sorl1 Hook2 Flna Snx16 Vps11 Ptpn23 Msn Ezr Snx3 Coro1a Chmp3 Rdx Aktip Ankrd27 Rab21 Kif16b"
"GOBP_VESICLE_MEDIATED_TRANSPORT_IN_SYNAPSE",0.730970368269073,0.972139893301719,1,190,0.194964254960222,28,"Iqsec2 Slc18a2 Synj2 Cacna1d Doc2a Cyfip1 Rab3b Syde1 Pfn2 Ddc Stx11 C9orf72 Stx2 Pacsin1 Snap47 Cltb Snap23 Cacna1a Itgb3 Git1 Rabep1 Dgkq Btbd8 Kcnc3 Ncdn Atad1 Cdk5r1 Akap5"
"GOBP_VESICLE_MEDIATED_TRANSPORT_TO_THE_PLASMA_MEMBRANE",0.748778040474451,0.932366545818227,1,129,0.208703398967243,38,"Zdhhc2 Kif13a Ehd3 Rab11fip3 Snap47 Ehbp1 Snap23 Arl4c Bbs1 Exoc8 Rabep1 Akap5 Scrib Rab31 Micall1 Rab12 Vps52 Vps26c Arl3 Cln3 Vps53 Stx16 Clstn1 Snf8 Golga7 Vps39 Capn10 Gdi1 Snx17 Lmtk2 Ankrd50 Rab10 Rab8b Bbs2 Def6 Nsf Rab26 Rab11a"
"GOBP_VESICLE_ORGANIZATION",-0.801795617241215,0.989380530973451,1,289,-0.175346882297264,53,"Anxa2 Rab3a Cc2d1a Rab27a Anxa1 Sec24d Rab29 Cplx2 Bcl2 Diaph3 Hps5 Hook2 Pip4k2b Rph3al Zpbp2 Washc5 Ap3m2 Atp6v0a1 Bet1 Ap1s2 Myo18a Stxbp1 Synj1 Vamp1 Samd9l Abcb6 Ap1m1 Slamf1 Atp6v0d1 Wasl Cep78 Poc1b Washc4 Plekhm1 Cep70 Osbp Vps33b Gosr2 Vti1a Atp6v1g2 Sec24b Mfsd14a Sar1b Stx5a Trappc1 Ap1s3 Tmcc1 Chmp7 Insig1 Ap1g1 Snap29 Trappc5 Vps11"
"GOBP_VESICLE_TARGETING",0.468277795801199,0.999721990547679,1,55,0.147646994842119,28,"Dipk2a Exoc8 Wdr11 Scrib Trappc9 Trappc3 5730455P16Rik Ykt6 Pdcd6 Stard3nl Ap1ar Fam91a1 Gbf1 Trappc12 Arfgap3 Exoc1 Tmed10 Cep19 Trappc6b Exoc4 Preb Map4k2 Tmed9 Tfg Sar1a Psen1 Trip11 Clasp2"
"GOBP_VESICLE_TARGETING_ROUGH_ER_TO_CIS_GOLGI",-0.753962715348862,0.796961729477067,1,19,-0.265666086164713,10,"Sar1b Trappc1 Trappc5 Pef1 Trappc8 Trappc6a Trappc11 Trappc4 Trappc2 Klhl12"
"GOBP_VESICLE_TARGETING_TO_FROM_OR_WITHIN_GOLGI",0.373149044022501,0.999852267690944,1,27,0.134418846353716,27,"Dipk2a Trappc3 Pdcd6 Ap1ar Gbf1 Trappc12 Arfgap3 Tmed10 Cep19 Preb Tmed9 Tfg Sar1a Cul3 Sec16a Trappc2l Arfgap2 Klhl12 Trappc2 Trappc4 Trappc11 Trappc6a Trappc8 Pef1 Trappc5 Trappc1 Sar1b"
"GOBP_VESICLE_TETHERING",-0.480089671530993,0.996604938271605,1,31,-0.150985712688651,16,"Tbc1d23 Stard3 Exoc6b Trappc1 Trappc5 Exoc3 Exoc5 Trappc8 Exoc6 Trappc6a Naglu Trappc10 Trappc11 Trappc4 Trappc2 Exoc2"
"GOBP_VESICLE_TRANSPORT_ALONG_MICROTUBULE",0.79908799936831,0.796600485644908,1,42,0.26419604490082,11,"Kif13a Prkcz Bicdl1 Kifc1 Rab1a Kif13b Spg11 Cln3 Snapin Bloc1s1 Bloc1s4"
"GOBP_VIRAL_BUDDING",0.71165106570316,0.854564755838641,1,20,0.273125077750706,5,"Mvb12b Vps37c Tsg101 Chmp4c Chmp6"
"GOBP_VIRAL_BUDDING_VIA_HOST_ESCRT_COMPLEX",0.619008179539199,0.92790984871874,1,16,0.249599180200188,5,"Vps37c Tsg101 Chmp4c Chmp6 Pdcd6ip"
"GOBP_VIRAL_GENE_EXPRESSION",0.699231595208635,0.91862924834297,1,46,0.226963498078011,4,"Ifitm3 Trim13 Oaz2 Trim32"
"GOBP_VIRAL_GENOME_REPLICATION",-0.782298448707923,0.907332796132151,1,78,-0.204616855598027,14,"Ccl5 Aicda Bcl2 Oasl2 Oas1a Tnf Znfx1 Top2a Oasl1 Ccnk Isg20 Eif2ak4 Tmem41b Zc3hav1"
"GOBP_VIRAL_LIFE_CYCLE",0.760616775054281,0.941446335868647,1,168,0.205392160566508,36,"Cd300lf Slpi Bicd1 Nectin1 Ifitm3 Apoe Mvb12b Havcr1 Pvr Ifih1 Rnasel Plscr1 Itgb3 Slc20a2 Dpp4 Hacd3 Notch1 Ppih Atg16l1 Vps37c Bsg Slc3a2 Slc7a1 Smc6 Rab1a Tmem39a Zfp809 Ppid Npc1 Tsg101 Chmp4c Chmp6 Usp6nl Smc5 Larp1 Tnfrsf14"
"GOBP_VIRAL_PROCESS",0.716048795842979,0.98353765323993,1,213,0.188785130462663,42,"Cd300lf Slpi Bicd1 Nectin1 Ifitm3 Apoe Mvb12b Havcr1 Stom Pvr Ifih1 Trim13 Oaz2 Trim32 Rnasel Plscr1 Itgb3 Slc20a2 Dpp4 Eif2d Hacd3 Notch1 Ppih Atg16l1 Vps37c Bsg Atg12 Slc3a2 Slc7a1 Smc6 Rab1a Tmem39a Zfp809 Ppid Npc1 Tsg101 Chmp4c Chmp6 Usp6nl Smc5 Larp1 Tnfrsf14"
"GOBP_VIRAL_RELEASE_FROM_HOST_CELL",-0.70299388196544,0.865903755868545,1,20,-0.244137453360754,7,"Trim25 Chmp7 Vapb Vps37b Chmp3 Vps4a Chmp5"
"GOBP_VIRAL_RNA_GENOME_REPLICATION",-0.748146716939895,0.804849547180836,1,19,-0.263616762633197,7,"Aicda Top2a Tmem41b Vapb Atg16l2 Top2b Ddx56"
"GOBP_VIRAL_TRANSCRIPTION",0.880160755543527,0.6393980032782,1,24,0.32498775365919,3,"Ifitm3 Trim13 Trim32"
"GOBP_VIRAL_TRANSLATION",0.658278723765164,0.905975128905065,1,20,0.252641267996064,9,"Oaz2 Eif2d Atg12 Denr Shfl Eif3b Eif3l Ssb Eif3a"
"GOBP_VIRION_ASSEMBLY",1.19391101539544,0.220436449424948,1,29,0.423865875708493,9,"Bicd1 Apoe Mvb12b Vps37c Rab1a Tsg101 Chmp4c Chmp6 Usp6nl"
"GOBP_VISUAL_BEHAVIOR",1.22704100099482,0.171798561151079,1,40,0.40979821592838,6,"Atxn1 Tanc1 App Chrnb2 Ddhd2 Pde1b"
"GOBP_VITAMIN_BIOSYNTHETIC_PROCESS",0.866138890953204,0.656786745706034,1,19,0.33622891669243,6,"Pdxk Gsto1 Thtpa Snai1 Cyp2r1 Tpk1"
"GOBP_VITAMIN_METABOLIC_PROCESS",0.959000462079106,0.52947321295329,1,25,0.351169882939048,11,"Pdxk Gsto1 Thtpa Snai1 Cd320 Cyp2r1 Tpk1 Pdxp Gfi1 Prmt3 Slc19a2"
"GOBP_VITAMIN_TRANSMEMBRANE_TRANSPORT",1.29119832713825,0.169132856006364,1,11,0.570960032600278,6,"Slc23a2 Slc5a6 Slc19a1 Scarb1 Slc27a1 Slc19a2"
"GOBP_VITAMIN_TRANSPORT",1.18888097670267,0.239308597824467,1,24,0.438978624703786,11,"Slc2a3 Slc23a2 Slc5a6 Cd320 Slc49a4 Slc19a1 Scarb1 Slc27a1 Slc19a2 Abcd4 Amn1"
"GOBP_V_D_J_RECOMBINATION",-0.902266237091557,0.598748882931189,1,22,-0.307004592606485,6,"Ncaph Nhej1 Rag1 Xrcc4 Polb Foxp1"
"GOBP_WALKING_BEHAVIOR",-0.937726140222835,0.557392389270119,1,32,-0.292839071340263,9,"Chd7 Uchl1 Dmrt3 Fxn Zmpste24 Oxr1 Agtpbp1 Idua Enpp1"
"GOBP_WHITE_FAT_CELL_DIFFERENTIATION",-0.731877200098312,0.808591625883632,1,12,-0.2906043101406,2,"Wfdc21 Scd1"
"GOBP_WNT_SIGNALING_PATHWAY",0.912176906961789,0.694148631627161,1,259,0.236531141573992,38,"Cdon Arl6 Ryk Sulf2 Nrarp App Znrf3 Apoe Smad3 Dkkl1 Nphp3 Alpk2 Nek4 Rnf43 Lef1 Zbed3 Tmem67 Siah1b Mamdc4 Pkd1 Ift80 Ccnyl1 Ccne1 Ext1 Snai1 Wwox Daam1 Ctr9 Fzd9 Siah2 Notch1 Tiam1 Tlr2 Stk3 Sema5a Frat1 Tmem170b Wnt6"
"GOBP_WNT_SIGNALING_PATHWAY_PLANAR_CELL_POLARITY_PATHWAY",1.35705869311623,0.117371624785391,1,14,0.564370728177823,3,"Ryk Znrf3 Nphp3"
"GOBP_WOUND_HEALING",1.00325802062341,0.459636971578696,1,185,0.268530142290767,25,"Eng Cd9 Epb41l4b Fcer1g Angpt1 Apoe Lilrb4a Smad3 Pear1 Prrg4 Ptk2 Hmox1 Vegfa Slc12a2 Tlr4 Lyst Tfpi Fgl2 Angptl4 Npr2 Arhgap35 Itgb3 Ext1 Prrg2 Angptl6"
"GOBP_XENOBIOTIC_METABOLIC_PROCESS",0.731324186896362,0.84857438321761,1,27,0.26344366972906,5,"Ahr Pon3 Gsto1 Rbbp9 Cyp2r1"
"GOBP_XENOBIOTIC_TRANSPORT",1.58157593769961,0.0175837501894801,1,21,0.601127180352006,10,"Abcb1b Slc18a2 Slc29a4 Abcc4 Slc15a2 Slc43a3 Slc7a5 Slc19a1 Slc31a1 Slc37a3"
"GOBP_XENOPHAGY",-0.861210600006139,0.641884222474461,1,16,-0.316450856820253,3,"Irgm2 Rnf213 Irgm1"
"GOBP_ZINC_ION_TRANSPORT",-0.850186257626213,0.679951323395193,1,23,-0.287382541544332,7,"Slc11a2 Slc30a7 Tmem163 Slc39a10 Slc39a1 Ap3b1 Pik3c2a"
"GOBP_ZYMOGEN_ACTIVATION",-1.58685074689262,0.0350474001723643,1,17,-0.57567236348632,4,"Dhcr24 Anxa2 Plaur Mmp14"
"GOBP_ZYMOSTEROL_METABOLIC_PROCESS",-1.38675060808748,0.108664973186565,1,15,-0.519295812648657,9,"Idi1 Lss Pmvk Acat2 Fdft1 Hmgcs1 Msmo1 Hmgcr Sqle"
