"pathway","NES","pval","padj","size","ES","leading_edge_n","leading_edge_genes"
"REACTOME_SIGNALING_BY_THE_B_CELL_RECEPTOR_BCR",-3.20423704233064,6.79169819644544e-32,5.39940006617412e-29,150,-0.751127901877982,39,"Igkv17-121 Igkv12-98 Igkv15-103 Ighv8-12 Ighv1-72 Ighv1-64 Ighv1-82 Ighv1-9 Ighv1-81 Ighv1-76 Ighv1-50 Ighv1-39 Ighv1-52 Ighv1-5 Igkv8-21 Ighv8-5 Ighv1-69 Ighv1-74 Ighv1-75 Ighv1-55 Ighv3-8 Ighv1-53 Ighv1-78 Ighv1-12 Ighv1-54 Igkv13-85 Ighv1-63 Ighv3-3 Ighv1-58 Igkv13-84 Ighv11-2 Ighv1-26 Ighv1-15 Ighv12-3 Ighv8-8 Igkv2-109 Rasgrp1 Ighv1-49 Ighv8-2"
"REACTOME_FCERI_MEDIATED_NF_KB_ACTIVATION",-3.25482082616948,2.95907517148864e-31,1.17623238066673e-28,123,-0.782137851358905,41,"Igkv17-121 Igkv12-98 Igkv15-103 Ighv8-12 Ighv1-72 Ighv1-64 Ighv1-82 Ighv1-9 Ighv1-81 Ighv1-76 Ighv1-50 Ighv1-39 Ighv1-52 Ighv1-5 Igkv8-21 Ighv8-5 Ighv1-69 Ighv1-74 Ighv1-75 Ighv1-55 Ighv3-8 Ighv1-53 Ighv1-78 Ighv1-12 Ighv1-54 Igkv13-85 Ighv1-63 Ighv3-3 Ighv1-58 Igkv13-84 Ighv11-2 Ighv1-26 Ighv1-15 Ighv12-3 Ighv8-8 Igkv2-109 Ighv1-49 Ighv8-2 Ighv1-23 Tab3 Ighv1-11"
"REACTOME_FC_EPSILON_RECEPTOR_FCERI_SIGNALING",-3.12311757793479,8.93658085820493e-31,2.36819392742431e-28,164,-0.72230869700152,48,"Igkv17-121 Igkv12-98 Igkv15-103 Ighv8-12 Ighv1-72 Ighv1-64 Ighv1-82 Ighv1-9 Ighv1-81 Ighv1-76 Ighv1-50 Ighv1-39 Ighv1-52 Ighv1-5 Igkv8-21 Ighv8-5 Ighv1-69 Ighv1-74 Ighv1-75 Ighv1-55 Ighv3-8 Ighv1-53 Ighv1-78 Ighv1-12 Ighv1-54 Igkv13-85 Ighv1-63 Ighv3-3 Ighv1-58 Igkv13-84 Ighv11-2 Ighv1-26 Ighv1-15 Ighv12-3 Ighv8-8 Igkv2-109 Ighv1-49 Ighv8-2 Fos Ighv1-23 Tab3 Ighv1-11 Ighv1-19 Syk Grap2 Map2k4 Nfatc2 Ighv1-61"
"REACTOME_FCGAMMA_RECEPTOR_FCGR_DEPENDENT_PHAGOCYTOSIS",-3.07075192129634,8.05206808480533e-26,1.60034853185506e-23,130,-0.73185058180941,38,"Igkv17-121 Igkv12-98 Igkv15-103 Ighv8-12 Ighv1-72 Ighv1-64 Ighv1-82 Ighv1-9 Ighv1-81 Ighv1-76 Ighv1-50 Ighv1-39 Ighv1-52 Ighv1-5 Igkv8-21 Ighv8-5 Ighv1-69 Ighv1-74 Ighv1-75 Ighv1-55 Ighv3-8 Ighv1-53 Ighv1-78 Ighv1-12 Ighv1-54 Igkv13-85 Ighv1-63 Ighv3-3 Ighv1-58 Igkv13-84 Ighv11-2 Ighv1-26 Ighv1-15 Ighv12-3 Ighv8-8 Igkv2-109 Ighv1-49 Ighv8-2"
"REACTOME_ANTIGEN_ACTIVATES_B_CELL_RECEPTOR_BCR_LEADING_TO_GENERATION_OF_SECOND_MESSENGERS",-3.16888228888734,1.15126606196385e-24,1.83051303852252e-22,87,-0.80891541986979,38,"Igkv17-121 Igkv12-98 Igkv15-103 Ighv8-12 Ighv1-72 Ighv1-64 Ighv1-82 Ighv1-9 Ighv1-81 Ighv1-76 Ighv1-50 Ighv1-39 Ighv1-52 Ighv1-5 Igkv8-21 Ighv8-5 Ighv1-69 Ighv1-74 Ighv1-75 Ighv1-55 Ighv3-8 Ighv1-53 Ighv1-78 Ighv1-12 Ighv1-54 Igkv13-85 Ighv1-63 Ighv3-3 Ighv1-58 Igkv13-84 Ighv11-2 Ighv1-26 Ighv1-15 Ighv12-3 Ighv8-8 Igkv2-109 Ighv1-49 Ighv8-2"
"REACTOME_FCERI_MEDIATED_MAPK_ACTIVATION",-3.09656346473981,3.17546683553639e-23,3.60642304893061e-21,92,-0.781631797243313,45,"Igkv17-121 Igkv12-98 Igkv15-103 Ighv8-12 Ighv1-72 Ighv1-64 Ighv1-82 Ighv1-9 Ighv1-81 Ighv1-76 Ighv1-50 Ighv1-39 Ighv1-52 Ighv1-5 Igkv8-21 Ighv8-5 Ighv1-69 Ighv1-74 Ighv1-75 Ighv1-55 Ighv3-8 Ighv1-53 Ighv1-78 Ighv1-12 Ighv1-54 Igkv13-85 Ighv1-63 Ighv3-3 Ighv1-58 Igkv13-84 Ighv11-2 Ighv1-26 Ighv1-15 Ighv12-3 Ighv8-8 Igkv2-109 Ighv1-49 Ighv8-2 Fos Ighv1-23 Ighv1-11 Ighv1-19 Syk Grap2 Map2k4"
"REACTOME_ROLE_OF_LAT2_NTAL_LAB_ON_CALCIUM_MOBILIZATION",-3.13225428547337,2.85305819859988e-23,3.60642304893061e-21,77,-0.817449544830974,38,"Igkv17-121 Igkv12-98 Igkv15-103 Ighv8-12 Ighv1-72 Ighv1-64 Ighv1-82 Ighv1-9 Ighv1-81 Ighv1-76 Ighv1-50 Ighv1-39 Ighv1-52 Ighv1-5 Igkv8-21 Ighv8-5 Ighv1-69 Ighv1-74 Ighv1-75 Ighv1-55 Ighv3-8 Ighv1-53 Ighv1-78 Ighv1-12 Ighv1-54 Igkv13-85 Ighv1-63 Ighv3-3 Ighv1-58 Igkv13-84 Ighv11-2 Ighv1-26 Ighv1-15 Ighv12-3 Ighv8-8 Igkv2-109 Ighv1-49 Ighv8-2"
"REACTOME_ROLE_OF_PHOSPHOLIPIDS_IN_PHAGOCYTOSIS",-3.0956598237509,2.44891623562962e-22,2.43361050915693e-20,80,-0.802197768000451,38,"Igkv17-121 Igkv12-98 Igkv15-103 Ighv8-12 Ighv1-72 Ighv1-64 Ighv1-82 Ighv1-9 Ighv1-81 Ighv1-76 Ighv1-50 Ighv1-39 Ighv1-52 Ighv1-5 Igkv8-21 Ighv8-5 Ighv1-69 Ighv1-74 Ighv1-75 Ighv1-55 Ighv3-8 Ighv1-53 Ighv1-78 Ighv1-12 Ighv1-54 Igkv13-85 Ighv1-63 Ighv3-3 Ighv1-58 Igkv13-84 Ighv11-2 Ighv1-26 Ighv1-15 Ighv12-3 Ighv8-8 Igkv2-109 Ighv1-49 Ighv8-2"
"REACTOME_FCERI_MEDIATED_CA_2_MOBILIZATION",-3.07983257279135,5.37541267944505e-22,4.74828120017646e-20,90,-0.781164179619277,38,"Igkv17-121 Igkv12-98 Igkv15-103 Ighv8-12 Ighv1-72 Ighv1-64 Ighv1-82 Ighv1-9 Ighv1-81 Ighv1-76 Ighv1-50 Ighv1-39 Ighv1-52 Ighv1-5 Igkv8-21 Ighv8-5 Ighv1-69 Ighv1-74 Ighv1-75 Ighv1-55 Ighv3-8 Ighv1-53 Ighv1-78 Ighv1-12 Ighv1-54 Igkv13-85 Ighv1-63 Ighv3-3 Ighv1-58 Igkv13-84 Ighv11-2 Ighv1-26 Ighv1-15 Ighv12-3 Ighv8-8 Igkv2-109 Ighv1-49 Ighv8-2"
"REACTOME_FCGR_ACTIVATION",-3.07428564124287,1.98208222911626e-21,1.43250488377039e-19,73,-0.808998551835054,38,"Igkv17-121 Igkv12-98 Igkv15-103 Ighv8-12 Ighv1-72 Ighv1-64 Ighv1-82 Ighv1-9 Ighv1-81 Ighv1-76 Ighv1-50 Ighv1-39 Ighv1-52 Ighv1-5 Igkv8-21 Ighv8-5 Ighv1-69 Ighv1-74 Ighv1-75 Ighv1-55 Ighv3-8 Ighv1-53 Ighv1-78 Ighv1-12 Ighv1-54 Igkv13-85 Ighv1-63 Ighv3-3 Ighv1-58 Igkv13-84 Ighv11-2 Ighv1-26 Ighv1-15 Ighv12-3 Ighv8-8 Igkv2-109 Ighv1-49 Ighv8-2"
"REACTOME_INITIAL_TRIGGERING_OF_COMPLEMENT",-3.07799640631056,1.8816743193677e-21,1.43250488377039e-19,69,-0.820774927226941,38,"Igkv17-121 Igkv12-98 Igkv15-103 Ighv8-12 Ighv1-72 Ighv1-64 Ighv1-82 Ighv1-9 Ighv1-81 Ighv1-76 Ighv1-50 Ighv1-39 Ighv1-52 Ighv1-5 Igkv8-21 Ighv8-5 Ighv1-69 Ighv1-74 Ighv1-75 Ighv1-55 Ighv3-8 Ighv1-53 Ighv1-78 Ighv1-12 Ighv1-54 Igkv13-85 Ighv1-63 Ighv3-3 Ighv1-58 Igkv13-84 Ighv11-2 Ighv1-26 Ighv1-15 Ighv12-3 Ighv8-8 Igkv2-109 Ighv1-49 Ighv8-2"
"REACTOME_COMPLEMENT_CASCADE",-3.07558886021908,3.34675623634023e-21,2.2172260065754e-19,76,-0.805371356117535,40,"Igkv17-121 Igkv12-98 Igkv15-103 Ighv8-12 Ighv1-72 Ighv1-64 Ighv1-82 Ighv1-9 Ighv1-81 Ighv1-76 Ighv1-50 Ighv1-39 Ighv1-52 Ighv1-5 Igkv8-21 Ighv8-5 Ighv1-69 Ighv1-74 Ighv1-75 Ighv1-55 Ighv3-8 Ighv1-53 Ighv1-78 Ighv1-12 Ighv1-54 Igkv13-85 Ighv1-63 Ighv3-3 Ighv1-58 Igkv13-84 Ighv11-2 Ighv1-26 Ighv1-15 Ighv12-3 Ighv8-8 Igkv2-109 Ighv1-49 Ighv8-2 C5ar2 Ighv1-23"
"REACTOME_CELL_SURFACE_INTERACTIONS_AT_THE_VASCULAR_WALL",-2.94968350086881,5.73756026582761e-21,3.50873877794842e-19,122,-0.709583694733453,41,"Igkv17-121 Igkv12-98 Igkv15-103 Ighv8-12 Ighv1-72 Ighv1-64 Ighv1-82 Ighv1-9 Ighv1-81 Ighv1-76 Ighv1-50 Ighv1-39 Ighv1-52 Ighv1-5 Igkv8-21 Ighv8-5 Ighv1-69 Ighv1-74 Ighv1-75 Ighv1-55 Ighv3-8 Ighv1-53 Ighv1-78 Ighv1-12 Ighv1-54 Igkv13-85 Ighv1-63 Ighv3-3 Ighv1-58 Igkv13-84 Ighv11-2 Itga6 Ighv1-26 Ighv1-15 Jaml Ighv12-3 Ighv8-8 Igkv2-109 Ighv1-49 Ighv8-2 Atp1b1"
"REACTOME_BINDING_AND_UPTAKE_OF_LIGANDS_BY_SCAVENGER_RECEPTORS",-3.0417717560004,2.17767675859022e-20,1.23660930219944e-18,76,-0.796516034966897,38,"Igkv17-121 Igkv12-98 Igkv15-103 Ighv8-12 Ighv1-72 Ighv1-64 Ighv1-82 Ighv1-9 Ighv1-81 Ighv1-76 Ighv1-50 Ighv1-39 Ighv1-52 Ighv1-5 Igkv8-21 Ighv8-5 Ighv1-69 Ighv1-74 Ighv1-75 Ighv1-55 Ighv3-8 Ighv1-53 Ighv1-78 Ighv1-12 Ighv1-54 Igkv13-85 Ighv1-63 Ighv3-3 Ighv1-58 Igkv13-84 Ighv11-2 Ighv1-26 Ighv1-15 Ighv12-3 Ighv8-8 Igkv2-109 Ighv1-49 Ighv8-2"
"REACTOME_IMMUNOREGULATORY_INTERACTIONS_BETWEEN_A_LYMPHOID_AND_A_NON_LYMPHOID_CELL",-2.96935688380703,1.65305253526941e-19,8.76117843692786e-18,99,-0.738898464496457,40,"Igkv17-121 Igkv12-98 Igkv15-103 Ighv8-12 Ighv1-72 Ighv1-64 Ighv1-82 Ighv1-9 Ighv1-81 Ighv1-76 Ighv1-50 Ighv1-39 Ighv1-52 Ighv1-5 Igkv8-21 Ighv8-5 Ighv1-69 Ighv1-74 Ighv1-75 Ighv1-55 Ighv3-8 Ighv1-53 Ighv1-78 Ighv1-12 Ighv1-54 Igkv13-85 Ighv1-63 Ighv3-3 Ighv1-58 Igkv13-84 Ighv11-2 Ighv1-26 Ighv1-15 Itgb7 Jaml Ighv12-3 Ighv8-8 Igkv2-109 Ighv1-49 Ighv8-2"
"REACTOME_HEMOSTASIS",-2.30541111580977,1.58847039772117e-18,7.89271228867706e-17,357,-0.490960316498302,62,"Igkv17-121 Igkv12-98 Igkv15-103 Ighv8-12 Ighv1-72 Ighv1-64 Ighv1-82 Ighv1-9 Ighv1-81 Ighv1-76 Ighv1-50 Ighv1-39 Ighv1-52 Ighv1-5 Igkv8-21 Ighv8-5 Ighv1-69 Ighv1-74 Ighv1-75 Ighv1-55 Ighv3-8 Ighv1-53 Ighv1-78 Ighv1-12 Ighv1-54 Igkv13-85 Ighv1-63 Ighv3-3 Ighv1-58 Igkv13-84 Ighv11-2 Vcl Itga6 Ighv1-26 Ighv1-15 Anxa2 Jaml Ighv12-3 Ighv8-8 Igkv2-109 Rasgrp1 Klc3 Ehd2 Ighv1-49 Tubb2b Kif3a Tubb2a Mfn1 Plaur Ighv8-2 Racgap1 Atp1b1 Prkar2b Ighv1-23 Tbxa2r Ighv1-11 Dgka Flna Pik3cg Ighv1-19 Serpinb6a Syk"
"REACTOME_SEMAPHORIN_INTERACTIONS",1.6842711869542,0.00588657573582197,0.27528398293991,35,0.570200732118597,11,"Sema6d Plxna1 Plxna3 Sema7a Arhgef12 Arhgap35 Cdk5r1 Fes Sema5a Plxnc1 Hsp90aa1"
"REACTOME_METABOLISM_OF_WATER_SOLUBLE_VITAMINS_AND_COFACTORS",1.52633154655093,0.00962933649914259,0.402911711411493,82,0.450076381252904,28,"Pcx Nmnat3 Slc25a42 Slc2a3 Pdxk Gsto1 Slc23a2 Slc5a6 Mmachc Gphn Pcca Mthfr Mmaa Mthfd1 Thtpa Nmnat1 Nadk2 Ppcs Tpk1 Slc19a1 Fpgs Bst1 Mocs3 Shmt2 Fasn Mthfd2l Aasdhppt Mocos"
"REACTOME_OTHER_SEMAPHORIN_INTERACTIONS",1.65367276336453,0.00961235423889064,0.402911711411493,11,0.725337100049574,5,"Sema6d Plxna1 Sema7a Sema5a Plxnc1"
"REACTOME_GENERATION_OF_SECOND_MESSENGER_MOLECULES",1.61022958395111,0.0168996773697957,0.671762175449378,16,0.643339628464587,3,"Cd247 Trac Lcp2"
"REACTOME_METABOLISM_OF_VITAMINS_AND_COFACTORS",1.41131236489546,0.0191115048728009,0.723506970184606,115,0.39711397523813,36,"Sdc3 Pcx Nmnat3 Slc25a42 Slc2a3 Apoe Pdxk Gsto1 Slc23a2 Slc5a6 Mmachc Gphn Coq3 Pcca Mthfr Pdss1 Spr Mmaa Mthfd1 Thtpa Nmnat1 Nadk2 Ppcs Tpk1 Slc19a1 Fpgs Bst1 Mocs3 Shmt2 Coq9 Pdss2 Fasn Mthfd2l Aasdhppt Mocos Hsp90aa1"
"REACTOME_ABC_FAMILY_PROTEINS_MEDIATED_TRANSPORT",0.423557778185884,1,1,67,0.12878151484316,34,"Abcc4 Derl3 Abcb8 Abca5 Eif2s1 Psmc2 Rnf185 Eif2s3x Psma7 Os9 Abcg1 Psmd2 Psmd14 Abcc1 Psmb7 Abca2 Abcf1 Psma6 Vcp Psmd6 Psmd8 Psma1 Eif2s2 Psmd11 Psmb1 Psma3 Psmb3 Pex3 Abcb7 Erlin2 Psmc3 Derl2 Derl1 Psmd12"
"REACTOME_ABC_TRANSPORTERS_IN_LIPID_HOMEOSTASIS",-0.472849717848365,0.987611096148667,1,10,-0.196932288575567,4,"Abca7 Abca6 Abcd3 Abcd1"
"REACTOME_ACTIVATED_TAK1_MEDIATES_P38_MAPK_ACTIVATION",-1.09842146974317,0.320871357079776,1,22,-0.371974311308074,2,"Mapk11 Tab3"
"REACTOME_ACTIVATION_OF_APC_C_AND_APC_C_CDC20_MEDIATED_DEGRADATION_OF_MITOTIC_PROTEINS",-0.650510059243339,0.98575712143928,1,61,-0.176428904446904,4,"Cdc20 Mad2l1 Ube2c Bub1b"
"REACTOME_ACTIVATION_OF_ATR_IN_RESPONSE_TO_REPLICATION_STRESS",1.16953429541253,0.241867861789793,1,33,0.400966749177763,17,"Rad9b Chek1 Mcm2 Cdc25a Orc2 Orc3 Orc1 Rpa2 Rfc4 Clspn Dbf4 Cdc45 Rad1 Atrip Orc4 Orc5 Rad17"
"REACTOME_ACTIVATION_OF_BAD_AND_TRANSLOCATION_TO_MITOCHONDRIA",-0.948021354235441,0.519580805295091,1,12,-0.374232621408744,4,"Bcl2 Sfn Ywhah Ywhaq"
"REACTOME_ACTIVATION_OF_BH3_ONLY_PROTEINS",-0.636881341804113,0.921322690992018,1,18,-0.225713219593561,3,"Bcl2 Bcl2l11 Sfn"
"REACTOME_ACTIVATION_OF_IRF3_IRF7_MEDIATED_BY_TBK1_IKK_IKBKE",0.585076847018229,0.946977894574123,1,15,0.237299875959568,5,"Tlr4 Ticam2 Tank Ikbke Ticam1"
"REACTOME_ACTIVATION_OF_KAINATE_RECEPTORS_UPON_GLUTAMATE_BINDING",-0.99094760322582,0.463062553071044,1,15,-0.369873218414334,6,"Plcb3 Dlg3 Calm1 Plcb2 Calm3 Gng2"
"REACTOME_ACTIVATION_OF_NF_KAPPAB_IN_B_CELLS",-0.947045148197786,0.556270096463023,1,49,-0.268678915135608,49,"Psmc5 Bcl10 Psmc6 Fbxw11 Cul1 Ikbkb Ubc Psmd13 Uba52 Rel Psmb4 Adrm1 Nfkb1 Psmc1 Ubb Prkcb Psmd1 Psmd7 Psmb5 Nfkbib Psmd3 Psma4 Psma2 Psmc4 Psmb2 Psma5 Psmb6 Psmd12 Psmc3 Card11 Psmb3 Psma3 Psmb1 Psmd11 Psma1 Psmd8 Nfkbia Psmd6 Psma6 Rela Psmb7 Psmd14 Psmd2 Psma7 Malt1 Chuk Ikbkg Psmc2 Nfkbie"
"REACTOME_ACTIVATION_OF_NMDA_RECEPTORS_AND_POSTSYNAPTIC_EVENTS",-1.09260991031499,0.338805547693179,1,15,-0.407818882334497,6,"Prkar2b Dlg3 Camkk2 Calm1 Calm3 Prkaca"
"REACTOME_ACTIVATION_OF_THE_MRNA_UPON_BINDING_OF_THE_CAP_BINDING_COMPLEX_AND_EIFS_AND_SUBSEQUENT_BINDING_TO_43S",-0.644127320771132,0.951627906976744,1,28,-0.206095537507641,28,"Eif4ebp1 Eif3j1 Eif4h Eif3d Eif3j2 Eif3k Eif3f Uba52 Eif4a2 Fau Pabpc1 Eif3h Eif3e Eif2s2 Eif3g Eif4g1 Eif4e Eif3c Eif3a Eif3l Eif3b Eif4b Eif3i Eif2s3x Eif4a1 Eif3m Eif1ax Eif2s1"
"REACTOME_ACTIVATION_OF_THE_PRE_REPLICATIVE_COMPLEX",0.814022092235523,0.748382352941176,1,30,0.285450232598793,11,"Prim2 Mcm2 Pole Gmnn Orc2 Orc3 Orc1 Pole2 Rpa2 Dbf4 Cdc45"
"REACTOME_ACYL_CHAIN_REMODELLING_OF_PC",1.18117005321281,0.268193224592221,1,12,0.506113338261071,4,"Tmem86b Plbd1 Lpcat1 Lpcat4"
"REACTOME_ACYL_CHAIN_REMODELLING_OF_PE",0.793876111620003,0.74065829225632,1,10,0.35655377495088,2,"Plbd1 Lpcat4"
"REACTOME_ADP_SIGNALLING_THROUGH_P2Y_PURINOCEPTOR_1",0.811083754137739,0.723337515683814,1,12,0.347537008155093,5,"Gnb4 Gng10 Gna11 Mapk14 Gnaq"
"REACTOME_ADP_SIGNALLING_THROUGH_P2Y_PURINOCEPTOR_12",0.716683584255351,0.824614406105899,1,10,0.321884275986236,2,"Gnb4 Gng10"
"REACTOME_AEROBIC_RESPIRATION_AND_RESPIRATORY_ELECTRON_TRANSPORT",0.926538809895011,0.641729982466394,1,204,0.244194123347851,78,"Pcx Nnt Nubpl Sdhaf1 Fahd1 Slc25a14 Timmdc1 Hccs Cox15 Etfdh Ndufaf7 Tmem177 L2hgdh Slc25a22 Dld Gid4 Gstz1 Ndufaf4 Ndufaf6 Vdac1 Cox18 Lyrm7 Ndufa8 Timm21 Sdhaf4 Cox11 Ndufv3 Sdhaf3 Ndufa9 Ndufa5 Sirt3 Hspa9 Sdhc Ldhb Dlst Ndufaf5 Slc25a4 Ldha Slc25a13 Pdk1 Pdhx Mdh1 Ranbp9 Ndufc1 Tmem126b Dlat Iscu AK157302 Lyrm4 Sco1 Cox16 Ndufa10 Uqcr10 Uqcrq Pdk3 Sucla2 Gm10053 Rmnd5a Ndufaf8 Suclg2 Slc25a11 Dmac2 Fh1 Gid8 Nek1 Ndufa13 Uqcr11 Ndufa3 Idh3a Lyrm2 Higd1a Cox17 Cox14 Ndufab1 Cycs Cox6b2 Got2 Cox20"
"REACTOME_AGGREPHAGY",-1.07295370493915,0.351780983220489,1,22,-0.363349794640766,3,"Tubb2b Tubb2a Tuba1a"
"REACTOME_AKT_PHOSPHORYLATES_TARGETS_IN_THE_CYTOSOL",-0.568008882446243,0.946389496717724,1,11,-0.229950779628111,3,"Casp9 Akt2 Mdm2"
"REACTOME_ALPHA_PROTEIN_KINASE_1_SIGNALING_PATHWAY",-0.712399076784242,0.808510638297872,1,10,-0.296699723558326,1,"Tab3"
"REACTOME_AMINO_ACIDS_REGULATE_MTORC1",0.671623076088316,0.94043270581624,1,45,0.217305639769338,4,"Rragd Wdr59 Castor1 Castor2"
"REACTOME_AMPK_INDUCED_ERAD_AND_LYSOSOME_MEDIATED_DEGRADATION_OF_PD_L1_CD274",-0.697929048053531,0.944484240687679,1,51,-0.19620759205291,50,"Prkab2 Prkag1 Erlin1 Rnf5 Psmc5 Psmc6 Ubc Prkab1 Psmd13 Uba52 Psmb4 Sel1l Adrm1 Cd274 Erlec1 Psmc1 Ubb Psmd1 Psmd7 Psmb5 Prkag2 Psmd3 Psma4 Psma2 Psmc4 Psmb2 Prkaa1 Psma5 Psmb6 Psmd12 Derl1 Derl2 Psmc3 Erlin2 Psmb3 Psma3 Psmb1 Psmd11 Psma1 Psmd8 Psmd6 Vcp Psma6 Psmb7 Psmd14 Psmd2 Os9 Psma7 Rnf185 Psmc2"
"REACTOME_AMPLIFICATION_OF_SIGNAL_FROM_THE_KINETOCHORES",1.28469254031566,0.0936226166995398,1,86,0.376567008893887,21,"Zwilch Dsn1 Cenpl Ska2 Nsl1 Cenph Cenpk Cenpn Mis12 Cenps Kif2c Cenpc1 Nup37 Cenpi Kif18a Nup160 Itgb3bp Nuf2 Cenpp Cenpt Zwint"
"REACTOME_ANCHORING_OF_THE_BASAL_BODY_TO_THE_PLASMA_MEMBRANE",0.896000676048765,0.661406969099277,1,86,0.262634275484843,25,"Kif24 B9d1 Cep76 Sclt1 Tmem67 Cdk1 Rpgrip1l Haus2 Tctn2 Sdccag8 Cep162 Tctn3 Tmem216 Cep131 Ttbk2 Cep250 Haus3 Cep97 Hsp90aa1 Tuba4a Pcm1 Tubb5 Nek2 Fbf1 Mks1"
"REACTOME_ANTIGEN_PRESENTATION_FOLDING_ASSEMBLY_AND_PEPTIDE_LOADING_OF_CLASS_I_MHC",0.52699709022857,0.981226343679031,1,22,0.196681444071291,5,"Calr Hspa5 Pdia3 Erap1 Canx"
"REACTOME_ANTIGEN_PROCESSING_CROSS_PRESENTATION",1.16105928532878,0.235269766800055,1,54,0.364512546235669,40,"Snap23 Cybb Pdia3 Psme2 Psmc2 Itgav B2m Psma7 Psmd2 Mrc1 Psmd14 Cd36 Psmb7 Psme1 H2-T22 Psma6 Psmd6 Ncf1 Psmd8 Psma1 Psmd11 Psmb1 Psma3 Psmb3 Cyba Psmc3 Psmd12 Ncf4 H2-Q7 Psmb6 Psma5 Vamp8 Psmb2 Psmc4 Psme2b Vamp3 Lnpep Psma2 Psma4 Psmd3"
"REACTOME_ANTIGEN_PROCESSING_UBIQUITINATION_PROTEASOME_DEGRADATION",-0.690957993739519,1,1,238,-0.153356556037663,50,"Asb1 Mex3c Cdc20 Fbxo30 Fbxw9 Ube2o Rnf14 Mylip Skp2 Ube2c Fbxo32 Mib2 Klhl20 Trim37 Uba3 Unkl Herc4 Rnf19a Nedd4l Ube2h Rnf213 Fbxo31 Herc3 Fbxl15 Fbxo44 Vhl Mgrn1 Npepps Ube2l6 Ufl1 Klhl2 Hectd3 Nedd4 Arih2 Dtx3l Fbxw5 Rchy1 Uba5 Rnf19b Gan Klhl5 Rnf41 Psmc5 Cblb Herc2 Wsb1 Anapc1 Ube2b Smurf1 Ube3c"
"REACTOME_ANTIGEN_PROCESSING_UB_ATP_INDEPENDENT_PROTEASOMAL_DEGRADATION",1.05399572393926,0.395405819295559,1,19,0.406026577082132,15,"Psme2 Psma7 Psmb7 Psme1 Psma6 Psma1 Psmb1 Psma3 Psmb3 Psmb6 Psma5 Psmb2 Psme2b Psma2 Psma4"
"REACTOME_ANTIMICROBIAL_MECHANISM_OF_IFN_STIMULATED_GENES",-0.730023900164202,0.958281701776126,1,82,-0.188352402738952,10,"Fanca Tubb2b Tubb2a Trim25 Usp18 Tuba1a Hspa1b Gbp5 Oasl1 Fancb"
"REACTOME_APC_CDC20_MEDIATED_DEGRADATION_OF_NEK2A",-1.14586295118748,0.260739856801909,1,25,-0.376167103800832,4,"Cdc20 Mad2l1 Ube2c Bub1b"
"REACTOME_APC_C_CDC20_MEDIATED_DEGRADATION_OF_CYCLIN_B",0.649068224750237,0.919388989715669,1,23,0.240095762299758,3,"Cdk1 Cdc26 Cdc27"
"REACTOME_APC_C_CDH1_MEDIATED_DEGRADATION_OF_CDC20_AND_OTHER_APC_C_CDH1_TARGETED_PROTEINS_IN_LATE_MITOSIS_EARLY_G1",-0.604833797543465,0.994080651128376,1,59,-0.165191237355219,3,"Cdc20 Skp2 Ube2c"
"REACTOME_APC_C_MEDIATED_DEGRADATION_OF_CELL_CYCLE_PROTEINS",-0.644576204102681,0.991061018266615,1,70,-0.171517609087683,5,"Cdc20 Mad2l1 Skp2 Ube2c Bub1b"
"REACTOME_APOPTOSIS",0.723815439874656,0.931183641368462,1,84,0.212645829213899,6,"Tnfsf10 H1f0 Ptk2 Gas2 Tjp2 Tlr4"
"REACTOME_APOPTOTIC_CLEAVAGE_OF_CELLULAR_PROTEINS",0.87115134338452,0.6555998229305,1,28,0.309838468481943,3,"Ptk2 Gas2 Tjp2"
"REACTOME_APOPTOTIC_EXECUTION_PHASE",1.06617263651495,0.366255733944954,1,36,0.358959992602818,4,"H1f0 Ptk2 Gas2 Tjp2"
"REACTOME_APOPTOTIC_FACTOR_MEDIATED_RESPONSE",-0.890264236655957,0.606928141998282,1,16,-0.327094061360505,2,"Casp9 Casp3"
"REACTOME_AQUAPORIN_MEDIATED_TRANSPORT",-0.558726701685845,0.96944603083952,1,17,-0.201464296421812,1,"Prkar2b"
"REACTOME_ARACHIDONATE_METABOLISM",0.912081610294698,0.586798577832741,1,15,0.369928931713805,4,"Hpgds Pon3 Alox5ap Ptges2"
"REACTOME_ASPARAGINE_N_LINKED_GLYCOSYLATION",0.699324445924143,0.989460124136316,1,208,0.184126309170698,53,"B4galt4 Neu3 St8sia6 Fut8 St6galnac6 Engase Mgat4b Gorasp1 Dpagt1 Mcfd2 Alg8 Gfpt1 Alg3 Tuba1c Calr Ankrd28 St3gal4 St3gal2 Col7a1 Fuom Amdhd2 Pdia3 Rab1a Fcsk Lman1 Pgm3 Trappc9 Nanp St6galnac4 Tuba4a Slc17a5 Dctn4 Cog4 Manea Mpi Trappc3 Canx Alg1 Sptbn4 Gmppa Slc35a1 Glb1 Kdelr2 Mgat4a Ykt6 Mia2 Lman2 Napa Nudt14 Cog7 B4galnt2 Tuba1b Nsf"
"REACTOME_ASYMMETRIC_LOCALIZATION_OF_PCP_PROTEINS",0.672989492440758,0.930921052631579,1,39,0.223933016479014,25,"Fzd5 Psmc2 Psma7 Psmd2 Pard6a Psmd14 Psmb7 Psma6 Psmd6 Psmd8 Psma1 Smurf2 Psmd11 Psmb1 Psma3 Psmb3 Psmc3 Psmd12 Psmb6 Psma5 Psmb2 Psmc4 Psma2 Psma4 Psmd3"
"REACTOME_ATP_DEPENDENT_CHROMATIN_REMODELERS",-1.15491512393121,0.252870179570209,1,22,-0.391105572566822,8,"Smarcc2 Ss18l1 Bicra Brd9 Bcl7a Smarcd1 Brd7 Smarcd2"
"REACTOME_ATTENUATION_PHASE",-0.452110918257654,0.990700218818381,1,11,-0.183031042901988,11,"Hspa1b Hsf1 Ep300 Dnajb1 Hspa2 Hsbp1 Hspa8 Fkbp4 Hsp90ab1 Ptges3 Hsp90aa1"
"REACTOME_AUF1_HNRNP_D0_BINDS_AND_DESTABILIZES_MRNA",-0.905342133114755,0.623255813953488,1,39,-0.269405594405594,39,"Hspa1b Psmc5 Psmc6 Ubc Psmd13 Uba52 Psmb4 Adrm1 Psmc1 Ubb Psmd1 Hnrnpd Psmd7 Psmb5 Psmd3 Psma4 Psma2 Pabpc1 Psmc4 Psmb2 Psma5 Psmb6 Psmd12 Psmc3 Psmb3 Psma3 Psmb1 Psmd11 Psma1 Psmd8 Hspa8 Eif4g1 Psmd6 Psma6 Psmb7 Psmd14 Psmd2 Psma7 Psmc2"
"REACTOME_AURKA_ACTIVATION_BY_TPX2",-0.93309107612833,0.59857303792715,1,64,-0.250558204614854,10,"Cep164 Alms1 Prkar2b Nedd1 Haus1 Tpx2 Tuba1a Cep78 Haus5 Cep70"
"REACTOME_AZATHIOPRINE_ADME",1.27546541853967,0.172,1,17,0.50433585888236,9,"Slc29a2 Slc29a1 Abcc4 Impdh1 Vav3 Gmps Nme2 Nme1 Guk1"
"REACTOME_BASE_EXCISION_REPAIR",-0.788425171740669,0.834732952636883,1,41,-0.232098770727618,9,"Neil1 Pot1a Xrcc1 Pole4 Polb Pold4 Rfc5 Smug1 Terf2"
"REACTOME_BASE_EXCISION_REPAIR_AP_SITE_FORMATION",-1.06565529260702,0.365057214624616,1,14,-0.405061270052035,4,"Neil1 Pot1a Smug1 Terf2"
"REACTOME_BASIGIN_INTERACTIONS",0.973252452934394,0.508125,1,13,0.409028507090564,6,"Slc7a7 Slc16a1 Slc7a5 Spn Bsg Slc3a2"
"REACTOME_BBSOME_MEDIATED_CARGO_TARGETING_TO_CILIUM",1.18195474021037,0.25408068986757,1,18,0.461567166411777,4,"Arl6 Ttc8 Bbs10 Bbs1"
"REACTOME_BETA_CATENIN_INDEPENDENT_WNT_SIGNALING",0.377007657584053,1,1,80,0.111499944085566,16,"Lef1 Cltb Daam1 Gnb4 Gng10 Fzd5 Dvl1 Psmc2 Psma7 Dvl3 Ppp3r1 Psmd2 Pard6a Rac1 Psmd14 Psmb7"
"REACTOME_BETA_CATENIN_PHOSPHORYLATION_CASCADE",-0.444961730509639,0.99571673329526,1,17,-0.160443203629384,17,"Amer1 Ppp2r5a Ppp2cb Frat2 Apc Ppp2r1a Csnk1a1 Ppp2r5c Ppp2r5d Ctnnb1 Axin1 Ppp2r5e Gsk3b Ppp2ca Ppp2r5b Ppp2r1b Frat1"
"REACTOME_BILE_ACID_AND_BILE_SALT_METABOLISM",-1.54179526537734,0.053858967240422,1,13,-0.597122536996896,6,"Cyp39a1 Cyp27a1 Acot8 Osbpl9 Osbp Osbpl2"
"REACTOME_BIOLOGICAL_OXIDATIONS",-1.02133791153657,0.397899649941657,1,71,-0.270324387290386,17,"Cyp39a1 Mgst3 Acss1 Mgst1 Abhd10 Cyp51 Cyp27a1 Arnt Cndp2 Ephx1 Tpst1 Cyp2d22 Cyp4f18 Mat2b Gstm1 Mtrr Esd"
"REACTOME_BIOSYNTHESIS_OF_THE_N_GLYCAN_PRECURSOR_DOLICHOL_LIPID_LINKED_OLIGOSACCHARIDE_LLO_AND_TRANSFER_TO_A_NASCENT_PROTEIN",1.06283184898289,0.36563696008748,1,60,0.32896784183221,21,"Neu3 St8sia6 St6galnac6 Dpagt1 Alg8 Gfpt1 Alg3 St3gal4 St3gal2 Fuom Amdhd2 Fcsk Pgm3 Nanp St6galnac4 Slc17a5 Mpi Alg1 Gmppa Slc35a1 Glb1"
"REACTOME_BIOTIN_TRANSPORT_AND_METABOLISM",1.52725267929677,0.0348227063126093,1,10,0.68593537472225,3,"Pcx Slc5a6 Pcca"
"REACTOME_BRANCHED_CHAIN_AMINO_ACID_CATABOLISM",1.19881069466386,0.233847563769666,1,20,0.45672156701563,10,"Acad8 Bcat1 Dld Aldh6a1 Bckdhb Mccc2 Echs1 Bckdk Bcat2 Acadsb"
"REACTOME_BUTYRATE_RESPONSE_FACTOR_1_BRF1_BINDS_AND_DESTABILIZES_MRNA",0.986259774448484,0.487171608542019,1,16,0.39404318687671,8,"Dis3 Dcp1a Exosc3 Xrn1 Exosc9 Exosc5 Dcp2 Exosc1"
"REACTOME_CA2_PATHWAY",-0.621814068269205,0.958147818343722,1,24,-0.206106130458933,8,"Plcb3 Tcf7l2 Calm1 Kras Plcb2 Calm3 Gng2 Map3k7"
"REACTOME_CARBOXYTERMINAL_POST_TRANSLATIONAL_MODIFICATIONS_OF_TUBULIN",-1.23898737543041,0.213734142305571,1,12,-0.489091824069302,5,"Tubb2b Tubb2a Tuba1a Ttll12 Ttll4"
"REACTOME_CARDIAC_CONDUCTION",1.31214753484627,0.118823529411765,1,30,0.460126110333415,7,"Slc8a1 Kcnk3 Asph Npr2 Camk2g Kcnk10 Atp1a1"
"REACTOME_CARGO_CONCENTRATION_IN_THE_ER",-0.77684089978283,0.790697674418605,1,22,-0.263072842849866,5,"Sec24d Gosr2 Sec24b Sar1b Stx5a"
"REACTOME_CARGO_RECOGNITION_FOR_CLATHRIN_MEDIATED_ENDOCYTOSIS",-0.734632657419964,0.940972222222222,1,69,-0.195896286524634,9,"Adrb2 Itsn1 Igf2r Ldlr Fcho2 Ap2b1 Hgs Ldlrap1 Cops3"
"REACTOME_CARGO_TRAFFICKING_TO_THE_PERICILIARY_MEMBRANE",1.02211372123885,0.432191590086327,1,48,0.327401441574536,13,"Arl6 Ttc8 Nphp3 Rab11fip3 Bbs10 Pkd1 Bbs1 Exoc8 Tuba1c Atat1 Cct3 Tuba4a Arl3"
"REACTOME_CARNITINE_SHUTTLE",-0.710191053042867,0.81174252625909,1,10,-0.295780126586592,2,"Prkab2 Cpt1b"
"REACTOME_CASPASE_ACTIVATION_VIA_DEATH_RECEPTORS_IN_THE_PRESENCE_OF_LIGAND",0.880176942145656,0.630175658720201,1,12,0.37714238456865,2,"Tnfsf10 Tlr4"
"REACTOME_CASPASE_ACTIVATION_VIA_EXTRINSIC_APOPTOTIC_SIGNALLING_PATHWAY",-0.841917743914723,0.679026323238041,1,15,-0.31424751880742,5,"Ly96 Casp9 Fas Casp3 Ripk1"
"REACTOME_CASPASE_MEDIATED_CLEAVAGE_OF_CYTOSKELETAL_PROTEINS",-0.909767001982838,0.569773855488141,1,12,-0.359131667764792,3,"Casp3 Add1 Sptan1"
"REACTOME_CA_DEPENDENT_EVENTS",0.745338232548426,0.825377271327379,1,18,0.291063307512526,2,"Adcy3 Pde1b"
"REACTOME_CD209_DC_SIGN_SIGNALING",-1.29377240392287,0.162433714764164,1,14,-0.491769802793565,6,"Icam2 Fyn Kras Lyn Pak1 Prkaca"
"REACTOME_CD28_DEPENDENT_PI3K_AKT_SIGNALING",-1.12428738700119,0.291150442477876,1,23,-0.377222903066707,5,"Map3k14 Pik3cg Fyn Pik3r5 Akt2"
"REACTOME_CDC42_GTPASE_CYCLE",1.02290094077385,0.432586558044807,1,65,0.312506167122765,15,"Rasgrf2 Stard8 Arhgap10 Abr Srgap2 Syde1 Arhgef12 Ect2 Dock7 Arhgap35 Vav3 Arhgef10 Mcf2l Trio Arhgap5"
"REACTOME_CDK_MEDIATED_PHOSPHORYLATION_AND_REMOVAL_OF_CDC6",0.485920397857955,0.998897919823667,1,56,0.15197195431018,29,"Cdc26 Ccne1 Cdc27 Psmc2 Anapc4 Psma7 Psmd2 Psmd14 Psmb7 Ube2e1 Anapc15 Psma6 Psmd6 Anapc16 Fzr1 Psmd8 Psma1 Psmd11 Psmb1 Psma3 Psmb3 Psmc3 Psmd12 Psmb6 Cdk2 Psma5 Psmb2 Anapc11 Psmc4"
"REACTOME_CELLULAR_RESPONSES_TO_MECHANICAL_STIMULI",-1.05016015765775,0.366045845272206,1,51,-0.295229717660536,4,"Adm Vcl Anxa2 Prkar2b"
"REACTOME_CELLULAR_RESPONSES_TO_STIMULI",-0.548396832057447,1,1,421,-0.115350888549842,47,"Adm Vcl Mapk11 Anxa2 Cox6a2 Asf1a Tubb2b Tubb2a Ly96 Fos Prkar2b Skp2 Pot1a Ube2c Arnt Tnik Map2k4 Itfg2 Slc38a9 Gpx7 Capn2 Atp6v0d1 Tuba1a Hmox2 Hspa1b Mink1 Limd1 Kptn Oma1 Ppp2r2a Tbl1x Kdm6b Nprl2 Suz12 Atp6v1g2 Ets1 Mafk Vhl Ets2 Ccna2 Akt2 Sesn1 Calm1 Crebrf Terf2 Mapkapk3 Bag1"
"REACTOME_CELLULAR_RESPONSE_TO_CHEMICAL_STRESS",0.432004260358901,1,1,123,0.120681269563921,65,"Hmox1 Hbb-bt Hbb-bs Prkci Cybb Txn1 Sod2 Tbl1xr1 Ncor2 Sesn2 Fbxl17 H13 Prdx6 Txnrd1 Blvra Psmc2 Prdx5 Psma7 Psmd2 Gm10053 Psmd14 Abcc1 Psmb7 Gsk3b Nploc4 Cycs Cox6b2 Psma6 Vcp Carm1 Psmd6 Cox6c Bach1 Txn2 Ubxn7 Akt1 Cox6b1 Ncf1 Psmd8 Psma1 Cox7c Cox8a Chd9 Psmd11 Psmb1 Psma3 Psmb3 Cyba Gpx1 Psmc3 Sin3b Txnrd2 Psmd12 Prdx1 Ncoa2 Ncf4 Mul1 Cul3 Psmb6 Ndufa4 Cox5b Psma5 Psmb2 Helz2 Psmc4"
"REACTOME_CELLULAR_RESPONSE_TO_HEAT_STRESS",0.983305613344002,0.501616814874697,1,73,0.295213371984091,17,"Bag2 Camk2g Nup37 Nup160 Hspa12a Hspa5 Nup54 Nup205 Nup88 Hsp90aa1 Nup188 Nup107 Akt1s1 Hspa9 Rpa2 Ptges3 Ndc1"
"REACTOME_CELLULAR_RESPONSE_TO_HYPOXIA",-0.62688041344948,0.983166189111748,1,51,-0.176233811690585,51,"Arnt Limd1 Vhl Psmc5 Ube2d1 Psmc6 Rbx1 Ep300 Ubc Ube2d3 Psmd13 Uba52 Psmb4 Adrm1 Psmc1 Ubb Hif1a Psmd1 Psmd7 Psmb5 Hif1an Elob Psmd3 Psma4 Psma2 Ube2d2a Psmc4 Psmb2 Egln2 Psma5 Psmb6 Psmd12 Psmc3 Psmb3 Psma3 Psmb1 Psmd11 Psma1 Psmd8 Cul2 Psmd6 Psma6 Psmb7 Psmd14 Psmd2 Psma7 Cited2 Eloc Psmc2 Egln3 Egln1"
"REACTOME_CELLULAR_SENESCENCE",-0.820194722772579,0.865069356872636,1,85,-0.210737526448682,19,"Mapk11 Asf1a Fos Pot1a Ube2c Tnik Map2k4 Mink1 Kdm6b Suz12 Ets1 Ets2 Ccna2 Terf2 Mapkapk3 Hira Mapk7 Mdm2 Rad50"
"REACTOME_CELL_CELL_COMMUNICATION",0.844568352874667,0.790041389690204,1,130,0.234434464539398,12,"Pard6b Nectin1 Pard6g Sirpa Pvr Cdh11 Cdh17 Angptl4 Ctnna1 Prkci Cdh5 Cdh24"
"REACTOME_CELL_CELL_JUNCTION_ORGANIZATION",1.01000191982413,0.444543714103382,1,107,0.286795433636024,11,"Pard6b Nectin1 Pard6g Pvr Cdh11 Cdh17 Angptl4 Ctnna1 Prkci Cdh5 Cdh24"
"REACTOME_CELL_CYCLE",0.714012666179192,0.998304725577453,1,500,0.176317288486523,109,"Zwilch Dsn1 Dna2 Chtf18 Cenpl Ska2 Rad9b Aurka Tfdp1 Nsl1 Cenph Chek1 Cep76 Cenpk Wrap53 Cenpn Tubg2 Gorasp1 Cdk1 Rcc1 Mis12 Prim2 Haus2 Dscc1 Plk3 Cenps Cdc26 Kif2c Fkbpl Cenpc1 Ncapg Ccne1 Mcm2 Pole Wapl Sdccag8 Nup37 Ncapd3 Cdc27 Cenpi Cdc25a Gmnn Fen1 Rtel1 Pold3 Tuba1c Nbn Kif18a Nup160 Itgb3bp Cep131 Gins3 Cks1b Terf2ip Nuf2 Ankrd28 Cenpp Orc2 Stn1 Ncapd2 Nup54 Cep250 Nup205 Cdk4 Cenpt Haus3 Orc3 Lcmt1 Nup88 Lin9 Zwint Hsp90aa1 E2f5 Rab1a Orc1 Nup188 Tuba4a Nup107 Nhp2 Kpnb1 E2f1 Esco1 Ran Npm1 Rb1 Cdca8 Wrn Nek9 Chmp4c Chmp6 Rbbp7 Pcm1 Lin37 Ccnb2 Spc25 Tubb5 Pcna Pole2 Cenpo Chek2 Nek2 Cdkn1a Clip1 Rpa2 Mnat1 Rfc4 Set Numa1 Ndc1"
"REACTOME_CELL_CYCLE_CHECKPOINTS",0.887227721435275,0.74371051120046,1,236,0.230810427652147,85,"Zwilch Dsn1 Dna2 Cenpl Ska2 Rad9b Nsl1 Cenph Chek1 Cenpk Cenpn Cdk1 Mis12 Plk3 Cenps Cdc26 Kif2c Cenpc1 Ccne1 Mcm2 Nup37 Cdc27 Cenpi Cdc25a Nbn Kif18a Nup160 Itgb3bp Nuf2 Cenpp Orc2 Cenpt Orc3 Zwint Orc1 Nup107 Cdca8 Wrn Ccnb2 Spc25 Cenpo Chek2 Cdkn1a Clip1 Rpa2 Rfc4 Ndc80 Psmc2 Anapc4 Gtse1 Ppp2r1b Rmi2 Clspn Bard1 Ahctf1 Xpo1 Dbf4 Psma7 Cdc45 Ppp2r5b Dynll2 Rad1 Psmd2 Atrip Ube2v2 Cenpu Psmd14 Psmb7 Aurkb Incenp Ppp2ca Trp53 Orc4 Gsk3b Plk1 Orc5 Ube2e1 Rad17 Mapk14 Anapc15 Nup133 Sgo2a Brip1 Dync1h1 Psma6"
"REACTOME_CELL_CYCLE_MITOTIC",0.748881988429761,0.989421416234888,1,411,0.186848627646953,98,"Zwilch Dsn1 Dna2 Cenpl Ska2 Aurka Tfdp1 Nsl1 Cenph Cep76 Cenpk Cenpn Tubg2 Gorasp1 Cdk1 Rcc1 Mis12 Prim2 Haus2 Cenps Cdc26 Kif2c Fkbpl Cenpc1 Ncapg Ccne1 Mcm2 Pole Wapl Sdccag8 Nup37 Ncapd3 Cdc27 Cenpi Cdc25a Gmnn Fen1 Pold3 Tuba1c Kif18a Nup160 Itgb3bp Cep131 Gins3 Cks1b Nuf2 Cenpp Orc2 Ncapd2 Nup54 Cep250 Nup205 Cdk4 Cenpt Haus3 Orc3 Lcmt1 Nup88 Lin9 Zwint Hsp90aa1 E2f5 Rab1a Orc1 Nup188 Tuba4a Nup107 Kpnb1 E2f1 Esco1 Ran Rb1 Cdca8 Nek9 Chmp4c Chmp6 Pcm1 Lin37 Ccnb2 Spc25 Tubb5 Pcna Pole2 Cenpo Nek2 Cdkn1a Clip1 Rpa2 Mnat1 Rfc4 Set Numa1 Ndc1 Ncapg2 Ndc80 Psmc2 Anapc4 Gins2"
"REACTOME_CELL_DEATH_SIGNALLING_VIA_NRAGE_NRIF_AND_NADE",1.14380454974816,0.257059396299903,1,50,0.364169942364461,12,"Rasgrf2 Plekhg5 Aph1b Abr Arhgef12 Ect2 Vav3 Arhgef10 Mapk8 Itgb3bp Mcf2l Trio"
"REACTOME_CELL_EXTRACELLULAR_MATRIX_INTERACTIONS",-1.26584851181459,0.189740761169333,1,12,-0.49969529142598,7,"Flna Tesk1 Vasp Actg1 Pxn Ilk Actn1"
"REACTOME_CHAPERONIN_MEDIATED_PROTEIN_FOLDING",1.01078374935025,0.452661826981246,1,23,0.373897358654155,12,"Rgs7 Gnb4 Gng10 Cct3 Gna11 Cct7 Csnk2a2 Cct6a Cct8 Cct2 Gnaq Cct4"
"REACTOME_CHEMOKINE_RECEPTORS_BIND_CHEMOKINES",1.02323196631001,0.443371241626422,1,14,0.422043492273861,4,"Ackr2 Ackr3 Cxcr2 Ccrl2"
"REACTOME_CHK1_CHK2_CDS1_MEDIATED_INACTIVATION_OF_CYCLIN_B_CDK1_COMPLEX",-0.833174431952089,0.677054605626034,1,12,-0.328896654455249,5,"Wee1 Sfn Ccna2 Ywhah Ywhaq"
"REACTOME_CHOLESTEROL_BIOSYNTHESIS",-1.53190114048905,0.0335059396893086,1,26,-0.499702334653853,11,"Idi1 Dhcr24 Dhcr7 Cyp51 Lss Pmvk Acat2 Fdft1 Srebf1 Hmgcs1 Srebf2"
"REACTOME_CHOLESTEROL_BIOSYNTHESIS_VIA_DESMOSTEROL_BLOCH_PATHWAY",-1.23608068151466,0.230810665230272,1,10,-0.514802458976597,3,"Dhcr24 Dhcr7 Cyp51"
"REACTOME_CHONDROITIN_SULFATE_DERMATAN_SULFATE_METABOLISM",-0.915726708823734,0.581984103620842,1,22,-0.310105748334256,11,"Chst12 Hexb Chst14 Glb1l Chst3 Ids Idua Chst7 Chpf2 Chst15 Hexa"
"REACTOME_CHROMATIN_ORGANIZATION",-0.67066117138289,0.999459751485683,1,144,-0.158692345603672,35,"Padi4 Jade3 Setdb2 Brwd1 Kansl3 Sap30 Wdr5 Nsd2 Kdm5b Smarcc2 Suv39h2 Ss18l1 Bicra Padi2 Kdm6b Suz12 Brd9 Bcl7a Kdm4a Kmt5c Smarcd1 Brd7 Smarcd2 Hcfc1 Kat7 Mta3 Kat6a Phf20 Ncoa1 Jade1 Msl1 Meaf6 Mta2 Kat8 Kdm7a"
"REACTOME_CHROMOSOME_MAINTENANCE",1.27992967585529,0.103347112948393,1,76,0.381717336593782,29,"Dna2 Chtf18 Cenpl Cenph Cenpk Wrap53 Cenpn Prim2 Dscc1 Cenps Cenpc1 Cenpi Fen1 Rtel1 Pold3 Itgb3bp Terf2ip Ankrd28 Cenpp Stn1 Cenpt Nhp2 Npm1 Wrn Rbbp7 Pcna Cenpo Rpa2 Rfc4"
"REACTOME_CITRIC_ACID_CYCLE_TCA_CYCLE",0.90836566669112,0.606278801843318,1,34,0.309686037004798,15,"Nnt Sdhaf1 Dld Sdhaf4 Sdhaf3 Sirt3 Sdhc Dlst Iscu AK157302 Lyrm4 Sucla2 Suclg2 Fh1 Idh3a"
"REACTOME_CLASS_A_1_RHODOPSIN_LIKE_RECEPTORS",-1.40246317806608,0.0539492242595205,1,47,-0.401530562931059,14,"Ccl5 Adrb2 Adora2a Anxa1 Cxcl16 Cxcr4 Xk S1pr4 C5ar2 Tbxa2r Cnr2 Ptger4 Ccr9 S1pr1"
"REACTOME_CLASS_B_2_SECRETIN_FAMILY_RECEPTORS",1.176715011942,0.270057195857165,1,15,0.477260940672461,2,"Ramp1 Calcrl"
"REACTOME_CLASS_I_MHC_MEDIATED_ANTIGEN_PROCESSING_PRESENTATION",-0.60897849665886,1,1,276,-0.133121371611951,53,"Asb1 Mex3c Cdc20 Sec24d Fbxo30 Fbxw9 Ube2o Rnf14 Mylip Skp2 Ube2c Fbxo32 Mib2 Klhl20 Trim37 Uba3 Unkl Herc4 Rnf19a Nedd4l Ube2h Rnf213 Fbxo31 Sec24b Herc3 Sar1b Fbxl15 Fbxo44 Vhl Mgrn1 Npepps Ube2l6 Ufl1 Klhl2 Hectd3 Nedd4 Arih2 Dtx3l Fbxw5 Rchy1 Uba5 Rnf19b Gan Klhl5 Rnf41 Psmc5 Cblb Herc2 Wsb1 Anapc1 Ube2b Smurf1 Ube3c"
"REACTOME_CLASS_I_PEROXISOMAL_MEMBRANE_PROTEIN_IMPORT",0.818449651347935,0.721230769230769,1,17,0.323625793270921,4,"Acbd5 Atad1 Pex16 Pex2"
"REACTOME_CLATHRIN_MEDIATED_ENDOCYTOSIS",-0.772371818036746,0.946006247211067,1,102,-0.19149238912143,32,"Adrb2 Itsn1 Hip1 Igf2r Synj1 Snx9 Ldlr Fcho2 Ap2b1 Hgs Ldlrap1 Cops3 Bin1 Fnbp1 Trip10 Agfg1 Pacsin2 Hip1r Pik3c2a Grb2 Epn1 Fcho1 Ocrl Eps15 Actg1 Dnm2 Ap2a2 Ubqln2 Cbl Arpc5 Cops5 Pip5k1c"
"REACTOME_CLEC7A_DECTIN_1_SIGNALING",-1.0268233585496,0.392248062015504,1,73,-0.270208662107663,73,"Tab3 Map3k14 Nfatc2 Uba3 Calm1 Pycard Tab2 Psmc5 Calm3 Bcl10 Ube2d1 Nfatc3 Psmc6 Map3k7 Fbxw11 Cul1 Ube2m Ikbkb Ubc Ube2v1 Psmd13 Uba52 Psmb4 Prkcd Adrm1 Plcg2 Pdpk1 Nfkb1 Psmc1 Relb Ubb Traf6 Ube2n Psmd1 Psmd7 Psmb5 Tab1 Psmd3 Nfkb2 Psma4 Psma2 Ube2d2a Ppp3cb Psmc4 Psmb2 Psma5 Psmb6 Psmd12 Psmc3 Card11 Ppp3ca Psmb3 Psma3 Psmb1 Psmd11 Casp8 Calm2 Psma1 Psmd8 Nfkbia Psmd6 Psma6 Rela Cdc34 Psmb7 Psmd14 Psmd2 Ppp3r1 Psma7 Malt1 Chuk Ikbkg Psmc2"
"REACTOME_COBALAMIN_CBL_VITAMIN_B12_TRANSPORT_AND_METABOLISM",-0.665460904835805,0.874241588527303,1,12,-0.262691528781629,5,"Lmbrd1 Tcn2 Ldlrap1 Mtrr Mmab"
"REACTOME_COHESIN_LOADING_ONTO_CHROMATIN",-0.624986481186211,0.896579585241045,1,10,-0.260294155675611,6,"Pds5b Stag1 Rad21 Stag2 Nipbl Smc1a"
"REACTOME_COLLAGEN_BIOSYNTHESIS_AND_MODIFYING_ENZYMES",0.938578296847956,0.55796875,1,13,0.394456010246709,6,"P3h1 Col27a1 Col7a1 Col10a1 Col23a1 Plod3"
"REACTOME_COLLAGEN_DEGRADATION",-1.20208519249386,0.25054704595186,1,11,-0.486648071422602,2,"Col5a3 Mmp14"
"REACTOME_COLLAGEN_FORMATION",0.907666781243859,0.596712244584422,1,16,0.362642703646166,6,"P3h1 Col27a1 Col7a1 Col10a1 Col23a1 Plod3"
"REACTOME_COMPLEX_III_ASSEMBLY",-0.496082684200694,0.989737742303307,1,18,-0.1758136288282,18,"Ttc19 Fxn Nfs1 Uqcrfs1 Uqcrc1 Cyc1 Uqcrc2 Uqcrh mt-Cytb Hscb Uqcrb Uqcr11 Uqcrq Uqcr10 Lyrm4 Iscu Hspa9 Lyrm7"
"REACTOME_COMPLEX_IV_ASSEMBLY",-0.695437808129835,0.937541528239203,1,39,-0.206943683739498,2,"Cox6a2 Cox19"
"REACTOME_COMPLEX_I_BIOGENESIS",0.955490333296409,0.542950640850832,1,61,0.295137242421273,30,"Nubpl Timmdc1 Ndufaf7 Ndufaf4 Ndufaf6 Ndufa8 Ndufv3 Ndufa9 Ndufa5 Hspa9 Ndufaf5 Ndufc1 Tmem126b Ndufa10 Ndufaf8 Dmac2 Ndufa13 Ndufa3 Lyrm2 Ndufab1 Ndufa12 Ndufv1 Ndufaf3 Ecsit Ndufs3 Ndufaf1 Ndufb6 Ndufb4 Ndufa1 Ndufb5"
"REACTOME_CONDENSATION_OF_PROPHASE_CHROMOSOMES",0.881170240923231,0.63765625,1,13,0.370329144355886,5,"Cdk1 Ncapd3 Rb1 Set Ncapg2"
"REACTOME_CONVERSION_FROM_APC_C_CDC20_TO_APC_C_CDH1_IN_LATE_ANAPHASE",-0.800250287453295,0.752821997105644,1,20,-0.277681752775505,2,"Cdc20 Ube2c"
"REACTOME_COPII_MEDIATED_VESICLE_TRANSPORT",-0.735712531851378,0.922326589595376,1,55,-0.203590181474291,14,"Sec24d Bet1 Ppp6c Gosr2 Sec24b Sar1b Scfd1 Stx5a Trappc1 Trappc5 Csnk1d Golga2 Ctsc Stx17"
"REACTOME_COPI_DEPENDENT_GOLGI_TO_ER_RETROGRADE_TRAFFIC",-0.822772556126589,0.837209302325581,1,73,-0.216512674510927,10,"Klc3 Tubb2b Kif3a Tubb2a Racgap1 Kif23 Kif20a Copg2 Tuba1a Cenpe"
"REACTOME_COPI_INDEPENDENT_GOLGI_TO_ER_RETROGRADE_TRAFFIC",-0.639332014332029,0.970257766027759,1,36,-0.193737877164576,4,"Tubb2b Tubb2a Tuba1a Rab6b"
"REACTOME_COPI_MEDIATED_ANTEROGRADE_TRANSPORT",-0.927430392372427,0.611842105263158,1,72,-0.244481918849439,13,"Tubb2b Tubb2a Bet1 Cd55 Copg2 Cog5 Tuba1a Sptan1 Cog1 Gosr2 Cog6 Tmed7 Stx5a"
"REACTOME_CO_INHIBITION_BY_CTLA4",-0.804318674582465,0.728620296465222,1,18,-0.285053660239072,18,"Fyn Akt2 Lyn Ppp2r5a Ppp2cb Akt3 Ptpn11 Lck Ppp2r1a Ppp2r5c Ppp2r5d Cd86 Ppp2r5e Akt1 Yes1 Ppp2ca Ppp2r5b Ppp2r1b"
"REACTOME_CO_INHIBITION_BY_PD_1",0.728816917136392,0.936206223148028,1,95,0.210412974886785,3,"Cd247 Trac B3gnt3"
"REACTOME_CO_STIMULATION_BY_CD28",-1.07176700051558,0.335236815586161,1,41,-0.315509717652589,12,"Map3k14 Pik3cg Grap2 Fyn Pik3r5 Akt2 Lyn Vav1 Ppp2r5a Ppp2cb Pak1 Grb2"
"REACTOME_CROSS_PRESENTATION_OF_SOLUBLE_EXOGENOUS_ANTIGENS_ENDOSOMES",0.918329905487628,0.593718628997562,1,37,0.307682211018748,26,"Psme2 Psmc2 Psma7 Psmd2 Mrc1 Psmd14 Psmb7 Psme1 Psma6 Psmd6 Psmd8 Psma1 Psmd11 Psmb1 Psma3 Psmb3 Psmc3 Psmd12 Psmb6 Psma5 Psmb2 Psmc4 Psme2b Psma2 Psma4 Psmd3"
"REACTOME_CS_DS_DEGRADATION",-0.753200169936722,0.768381362779424,1,10,-0.313692548863298,4,"Hexb Glb1l Ids Idua"
"REACTOME_CS_GAG_BIOSYNTHESIS",-0.859620814253596,0.637035010940919,1,11,-0.348005959996363,6,"Chst12 Chst3 Chst7 Chpf2 Chst15 Chsy1"
"REACTOME_CYCLIN_A_B1_B2_ASSOCIATED_EVENTS_DURING_G2_M_TRANSITION",-0.952877955056199,0.5314160675211,1,29,-0.302120069408155,5,"Pkmyt1 Cdc25b Wee1 Mis18bp1 Ppp2r2a"
"REACTOME_CYCLIN_A_CDK2_ASSOCIATED_EVENTS_AT_S_PHASE_ENTRY",-0.508179918090636,0.999270871308786,1,56,-0.140052915225114,3,"Cdc25b Skp2 Wee1"
"REACTOME_CYCLIN_D_ASSOCIATED_EVENTS_IN_G1",-0.663380017106586,0.960052822713767,1,37,-0.199988914603099,6,"Skp2 Ccnd3 Jak2 E2f2 Ccnd2 Ppp2r2a"
"REACTOME_CYTOCHROME_C_MEDIATED_APOPTOTIC_RESPONSE",-1.09039651184253,0.347766133480419,1,12,-0.430435393863962,2,"Casp9 Casp3"
"REACTOME_CYTOCHROME_P450_ARRANGED_BY_SUBSTRATE_TYPE",-1.33837323729298,0.129634871214266,1,15,-0.499550546472594,6,"Cyp39a1 Cyp51 Cyp27a1 Arnt Cyp2d22 Cyp4f18"
"REACTOME_CYTOKINE_SIGNALING_IN_IMMUNE_SYSTEM",0.600890018499413,1,1,330,0.152187867051509,22,"Il9r Cd27 Il12rb1 Nlrx1 App Socs3 Csf2rb Ebi3 Il15ra Il15 Sla2 Tnfrsf1b Ifi44 Osm Cdk1 Alpk1 Tnfrsf18 Il2ra Il12a Rnasel Cenps Camk2g"
"REACTOME_CYTOPROTECTION_BY_HMOX1",0.543858443814634,0.991588252067294,1,40,0.17999562247459,6,"Hmox1 Hbb-bt Hbb-bs Tbl1xr1 Ncor2 H13"
"REACTOME_CYTOSOLIC_SENSORS_OF_PATHOGEN_ASSOCIATED_DNA",1.02255945121728,0.429222401881523,1,29,0.36061714964088,14,"Dtx4 Trim32 Trim56 Dhx36 Nkiras1 Ikbkg Chuk Rela Ddx41 Mre11a Stat6 Tbk1 Aim2 Nfkbia"
"REACTOME_C_TYPE_LECTIN_RECEPTORS_CLRS",-0.865414772962822,0.779724655819775,1,86,-0.221302712975929,27,"Tab3 Map3k14 Syk Nfatc2 Icam2 Uba3 Fyn Calm1 Kras Pycard Lyn Tab2 Psmc5 Pak1 Calm3 Prkaca Bcl10 Ube2d1 Nfatc3 Psmc6 Map3k7 Fbxw11 Cul1 Ube2m Ikbkb Ep300 Ubc"
"REACTOME_DAG1_GLYCOSYLATIONS",-0.792197653793448,0.742115545632152,1,14,-0.30111856057393,3,"Pomk Dag1 B4gat1"
"REACTOME_DAP12_INTERACTIONS",1.07284018955431,0.366949278595865,1,27,0.384808068131189,3,"Trem1 Lcp2 Sirpa"
"REACTOME_DAP12_SIGNALING",0.497844707015803,0.990623109497883,1,23,0.18415691891843,2,"Lcp2 Vav3"
"REACTOME_DARPP_32_EVENTS",-1.31876261819341,0.144919332012454,1,15,-0.492230842809308,7,"Prkar2b Pde4c Pde4a Pde4b Ppp2cb Prkaca Ppp1ca"
"REACTOME_DDX58_IFIH1_MEDIATED_INDUCTION_OF_INTERFERON_ALPHA_BETA",0.828183444938163,0.727058823529412,1,30,0.290416143796339,2,"Nlrx1 App"
"REACTOME_DEACTIVATION_OF_THE_BETA_CATENIN_TRANSACTIVATING_COMPLEX",-0.730914686740206,0.853687315634218,1,23,-0.245237795259498,5,"Tcf7l2 Tle2 Ctnnbip1 Tle4 Akt2"
"REACTOME_DEADENYLATION_DEPENDENT_MRNA_DECAY",-0.601529645155948,0.988567345480529,1,49,-0.170655361880017,9,"Tnks1bp1 Dcp1b Cnot11 Edc4 Cnot9 Pan2 Cnot3 Exosc4 Cnot7"
"REACTOME_DEADENYLATION_OF_MRNA",-0.947608747160927,0.530973451327434,1,23,-0.317943371693338,6,"Tnks1bp1 Cnot11 Cnot9 Pan2 Cnot3 Cnot7"
"REACTOME_DEATH_RECEPTOR_SIGNALING",0.958471319647168,0.548542458808619,1,113,0.270276018751059,18,"Rasgrf2 Plekhg5 Tnfsf10 Aph1b Abr Smpd3 Arhgef12 Ect2 Usp2 Sppl2b Prkci Vav3 Arhgef10 Mapk8 Itgb3bp Mcf2l Traf2 Trio"
"REACTOME_DECTIN_1_MEDIATED_NONCANONICAL_NF_KB_SIGNALING",-0.922582539996906,0.587376993552766,1,42,-0.269476261257323,42,"Map3k14 Uba3 Psmc5 Psmc6 Fbxw11 Cul1 Ube2m Ubc Psmd13 Uba52 Psmb4 Adrm1 Psmc1 Relb Ubb Psmd1 Psmd7 Psmb5 Psmd3 Nfkb2 Psma4 Psma2 Psmc4 Psmb2 Psma5 Psmb6 Psmd12 Psmc3 Psmb3 Psma3 Psmb1 Psmd11 Psma1 Psmd8 Psmd6 Psma6 Psmb7 Psmd14 Psmd2 Psma7 Chuk Psmc2"
"REACTOME_DEGRADATION_OF_AXIN",-0.905342133114755,0.623255813953488,1,39,-0.269405594405594,39,"Psmc5 Tnks2 Psmc6 Rnf146 Ubc Psmd13 Uba52 Psmb4 Adrm1 Psmc1 Ubb Psmd1 Psmd7 Psmb5 Psmd3 Psma4 Psma2 Axin1 Psmc4 Psmb2 Psma5 Psmb6 Psmd12 Psmc3 Psmb3 Psma3 Psmb1 Psmd11 Smurf2 Psma1 Psmd8 Psmd6 Psma6 Psmb7 Tnks Psmd14 Psmd2 Psma7 Psmc2"
"REACTOME_DEGRADATION_OF_BETA_CATENIN_BY_THE_DESTRUCTION_COMPLEX",-0.301931954230379,1,1,62,-0.0815900363567431,60,"Tcf7l2 Tle2 Amer1 Tle4 Psmc5 Ppp2r5a Ppp2cb Psmc6 Frat2 Ctbp1 Cul1 Rbx1 Ubc Apc Psmd13 Tle3 Uba52 Psmb4 Adrm1 Ppp2r1a Csnk1a1 Zranb1 Ppp2r5c Ppp2r5d Psmc1 Ubb Psmd1 Ctnnb1 Psmd7 Psmb5 Psmd3 Psma4 Psma2 Axin1 Psmc4 Psmb2 Psma5 Psmb6 Psmd12 Psmc3 Psmb3 Psma3 Psmb1 Psmd11 Psma1 Psmd8 Ppp2r5e Psmd6 Psma6 Gsk3b Ppp2ca Psmb7 Psmd14 Psmd2 Ppp2r5b Psma7 Ppp2r1b Psmc2 Tle1 Tcf7"
"REACTOME_DEGRADATION_OF_DVL",-0.756005972239112,0.872824631860776,1,40,-0.22379578634496,40,"Psmc5 Psmc6 Rbx1 Ubc Dvl2 Klhl12 Psmd13 Uba52 Psmb4 Adrm1 Psmc1 Ubb Psmd1 Psmd7 Psmb5 Psmd3 Psma4 Psma2 Psmc4 Psmb2 Psma5 Psmb6 Cul3 Psmd12 Psmc3 Psmb3 Psma3 Psmb1 Psmd11 Psma1 Psmd8 Psmd6 Psma6 Psmb7 Psmd14 Psmd2 Dvl3 Psma7 Psmc2 Dvl1"
"REACTOME_DEGRADATION_OF_GLI1_BY_THE_PROTEASOME",-0.905342133114755,0.623255813953488,1,39,-0.269405594405594,39,"Psmc5 Psmc6 Cul1 Rbx1 Itch Ubc Psmd13 Uba52 Psmb4 Adrm1 Psmc1 Ubb Psmd1 Psmd7 Psmb5 Psmd3 Psma4 Psma2 Psmc4 Psmb2 Psma5 Psmb6 Psmd12 Psmc3 Psmb3 Psma3 Psmb1 Psmd11 Psma1 Psmd8 Psmd6 Psma6 Psmb7 Psmd14 Psmd2 Sufu Psma7 Numb Psmc2"
"REACTOME_DEGRADATION_OF_THE_EXTRACELLULAR_MATRIX",-0.846073658765298,0.706617871302226,1,27,-0.272585029747192,4,"Col5a3 Mmp14 Nid1 Capn2"
"REACTOME_DEPOLYMERIZATION_OF_THE_NUCLEAR_LAMINA",0.790408375216114,0.744474479249483,1,10,0.354996309639551,1,"Cdk1"
"REACTOME_DEPOSITION_OF_NEW_CENPA_CONTAINING_NUCLEOSOMES_AT_THE_CENTROMERE",1.30401784262512,0.133799672570323,1,26,0.470661745175423,13,"Cenpl Cenph Cenpk Cenpn Cenps Cenpc1 Cenpi Itgb3bp Cenpp Cenpt Npm1 Rbbp7 Cenpo"
"REACTOME_DETOXIFICATION_OF_REACTIVE_OXYGEN_SPECIES",0.639089799373008,0.93674653966364,1,26,0.230667948293699,15,"Cybb Txn1 Sod2 Prdx6 Txnrd1 Prdx5 Gm10053 Cycs Txn2 Ncf1 Cyba Gpx1 Txnrd2 Prdx1 Ncf4"
"REACTOME_DEUBIQUITINATION",-0.765345142874756,0.988536749831423,1,199,-0.173238790704263,31,"Adrb2 Cdc20 Smad1 Yod1 Skp2 Uchl1 Usp20 Taf9b Usp18 Actr8 Mbd6 Tnip1 Kat2b Otud3 Usp11 Ripk1 Cyld Foxo4 Babam2 Polb Hgs Mat2b Usp15 Ccna2 Nfrkb Usp21 Wdr20 Usp22 Smad7 Hcfc1 Vdac3"
"REACTOME_DEVELOPMENTAL_BIOLOGY",0.92230272411486,0.650545838713464,1,199,0.243745028217623,34,"Sema6d Cdon Plxna1 Aph1b Itga9 Kif4 Smad3 Plxna3 Ptk2 Lef1 Pfn2 Sema7a Arhgef12 Ctnna1 Arhgap35 Itgb3 Git1 Vav3 Enah Ppl Tcf4 Tuba1c Krt10 Cdk5r1 Fes Sema5a Eef1e1 Aimp2 Trio Cdk4 Plxnc1 Rara Hsp90aa1 Ncor2"
"REACTOME_DISASSEMBLY_OF_THE_DESTRUCTION_COMPLEX_AND_RECRUITMENT_OF_AXIN_TO_THE_MEMBRANE",0.634063608226602,0.930355791067373,1,22,0.236639913979359,8,"Frat1 Fzd5 Dvl1 Ppp2r1b Dvl3 Ppp2r5b Ppp2ca Gsk3b"
"REACTOME_DNA_DAMAGE_BYPASS",-0.538271016727481,0.997196916608269,1,46,-0.154851741311071,12,"Trim25 Sprtn Pole4 Pold4 Rfc5 Ube2l6 Polh Pclaf Rchy1 Dtl Ube2b Ufd1"
"REACTOME_DNA_DAMAGE_RECOGNITION_IN_GG_NER",0.476149568194463,0.99799225584397,1,37,0.15953172279618,13,"Cops2 Ino80 Cops7b Parp1 Tfpt Actr5 Cul4b Actl6a Ino80c Rad23b Rad23a Cops4 Ruvbl1"
"REACTOME_DNA_DAMAGE_TELOMERE_STRESS_INDUCED_SENESCENCE",0.912466067862246,0.592295106351331,1,27,0.327284816721119,5,"H1f0 Hmga1b Ccne1 Nbn Terf2ip"
"REACTOME_DNA_DOUBLE_STRAND_BREAK_REPAIR",0.812600175146934,0.845102219992475,1,127,0.22589734368973,36,"Dna2 Rad9b Polk Chek1 Gen1 Xrcc2 Poll Brca2 Pole Eya1 Fen1 Tdp1 Pold3 Mapk8 Nbn Spidr Rad52 Wrn Rad51d Xrcc6 Prkdc Pcna Eme2 Palb2 Pole2 Chek2 Rpa2 Rfc4 Dclre1c Bap1 Baz1b Parp1 Rmi2 Tipin Clspn Bard1"
"REACTOME_DNA_DOUBLE_STRAND_BREAK_RESPONSE",-0.383410313666151,1,1,41,-0.112869382759224,41,"Nsd2 Babam2 Kdm4a Apbb1 Rad50 Herc2 Pias4 Mdc1 Ube2i Rnf8 Eya3 Ubc Brcc3 Uba52 Kdm4b Atm Abraxas1 Babam1 Ubb Ube2n Kat5 Ubxn1 Sumo1 Kpna2 Brca1 Rnf168 Uimc1 Smarca5 Trp53bp1 Mre11a Abl1 Trp53 Ppp5c Ube2v2 Bard1 Baz1b Bap1 Chek2 Nbn Mapk8 Eya1"
"REACTOME_DNA_REPAIR",0.534212705177088,1,1,262,0.13773316281774,96,"Dna2 Rad9b Polk Chek1 Fan1 Uvssa Gen1 Ercc6 Xrcc2 Cenps Poll Brca2 Mlh1 Cops2 Pole Eya1 Fen1 Tdp1 Pold3 Mapk8 Dclre1b Nbn Terf2ip Gtf2h5 Poli Spidr Rad52 Fancl Wrn Rad51d Xrcc6 Uba7 Prkdc Pcna Eme2 Palb2 Ino80 Fancm Pole2 Chek2 Nthl1 Rpa2 Mnat1 Gtf2h2 Rfc4 Dclre1c Cops7b Bap1 Baz1b Parp1 Polr2l Tfpt Actr5 Fancf Rmi2 Tipin Clspn Cul4b Usp10 Bard1 Actl6a Mpg Faap24 Rad1 Ino80c Apex1 Atrip Ercc1 Ube2v2 Rad23b Msh2 Mus81 Lig1 Ppp5c Faap20 Trp53 Fancg Cenpx Wdr48 Nploc4 Rad23a Mad2l2 Rad17 Rnf111 Polr2f Polr2h Cops4 Ruvbl1 Brip1 Vcp Lig4 Faap100 Xrcc5 Hus1 Abl1 Mre11a"
"REACTOME_DNA_REPLICATION",0.698460740028741,0.971102661596958,1,113,0.19695653297,32,"Dna2 Prim2 Cdc26 Ccne1 Mcm2 Pole Cdc27 Gmnn Fen1 Pold3 Gins3 Orc2 Orc3 Orc1 Kpnb1 Twnk Pcna Pole2 Rpa2 Rfc4 Psmc2 Kpna1 Anapc4 Gins2 Dbf4 Psma7 Cdc45 Psmd2 Gins1 Psmd14 Psmb7 Lig1"
"REACTOME_DNA_REPLICATION_PRE_INITIATION",0.615250137416905,0.992916174734357,1,85,0.180460423735335,27,"Prim2 Cdc26 Mcm2 Pole Cdc27 Gmnn Orc2 Orc3 Orc1 Kpnb1 Pole2 Rpa2 Psmc2 Kpna1 Anapc4 Dbf4 Psma7 Cdc45 Psmd2 Psmd14 Psmb7 Orc4 Orc5 Ube2e1 Anapc15 Psma6 Psmd6"
"REACTOME_DNA_STRAND_ELONGATION",0.925497030546158,0.58012965475652,1,24,0.339856046142777,9,"Dna2 Prim2 Fen1 Pold3 Gins3 Pcna Rpa2 Rfc4 Gins2"
"REACTOME_DOPAMINE_NEUROTRANSMITTER_RELEASE_CYCLE",0.900775209184374,0.606208635360857,1,11,0.395099739501675,2,"Slc18a2 Tspoap1"
"REACTOME_DOWNREGULATION_OF_ERBB2_SIGNALING",0.918672428314169,0.58,1,17,0.363255201929223,8,"Erbb3 Egf Hsp90aa1 Matk Cdc37 Usp8 Erbin Ptpn18"
"REACTOME_DOWNREGULATION_OF_SMAD2_3_SMAD4_TRANSCRIPTIONAL_ACTIVITY",0.97633206500047,0.497714111551356,1,21,0.368384431087913,6,"Smad3 Tgif2 Ski Ncor2 Parp1 Smad4"
"REACTOME_DOWNREGULATION_OF_TGF_BETA_RECEPTOR_SIGNALING",0.731457013708538,0.819909643246612,1,14,0.301697643034965,1,"Smad3"
"REACTOME_DOWNSTREAM_SIGNALING_EVENTS_OF_B_CELL_RECEPTOR_BCR",-0.995404882596137,0.452738184546137,1,62,-0.268984847157747,62,"Rasgrp1 Nfatc2 Calm1 Kras Psmc5 Calm3 Bcl10 Nfatc3 Psmc6 Fbxw11 Cul1 Ikbkb Ubc Psmd13 Uba52 Rel Psmb4 Adrm1 Nfkb1 Psmc1 Ubb Prkcb Psmd1 Psmd7 Psmb5 Nfkbib Psmd3 Psma4 Psma2 Ppp3cb Psmc4 Psmb2 Psma5 Psmb6 Rasgrp3 Psmd12 Psmc3 Card11 Ppp3ca Psmb3 Psma3 Psmb1 Psmd11 Calm2 Psma1 Psmd8 Nfkbia Psmd6 Psma6 Rela Psmb7 Psmd14 Hras Psmd2 Ppp3r1 Psma7 Malt1 Chuk Ikbkg Fkbp1a Psmc2 Nfkbie"
"REACTOME_DOWNSTREAM_SIGNALING_OF_ACTIVATED_FGFR1",-0.695891719297418,0.829787234042553,1,10,-0.289824744964687,10,"Kras Grb2 Ptpn11 Frs2 Pik3ca Pik3r1 Plcg1 Shc1 Hras Sos1"
"REACTOME_DOWNSTREAM_SIGNALING_OF_ACTIVATED_FGFR2",-0.695891719297418,0.829787234042553,1,10,-0.289824744964687,10,"Kras Grb2 Ptpn11 Frs2 Pik3ca Pik3r1 Plcg1 Shc1 Hras Sos1"
"REACTOME_DOWNSTREAM_SIGNALING_OF_ACTIVATED_FGFR3",-0.695891719297418,0.829787234042553,1,10,-0.289824744964687,10,"Kras Grb2 Ptpn11 Frs2 Pik3ca Pik3r1 Plcg1 Shc1 Hras Sos1"
"REACTOME_DOWNSTREAM_SIGNALING_OF_ACTIVATED_FGFR4",-0.695891719297418,0.829787234042553,1,10,-0.289824744964687,10,"Kras Grb2 Ptpn11 Frs2 Pik3ca Pik3r1 Plcg1 Shc1 Hras Sos1"
"REACTOME_DOWNSTREAM_SIGNAL_TRANSDUCTION",-0.702429452591481,0.870043415340087,1,20,-0.243738546120953,20,"Nck2 Kras Grb2 Ptpn11 Stat3 Crkl Pik3ca Pik3r1 Nck1 Stat5b Rasa1 Plcg1 Stat6 Pik3cb Pik3r2 Hras Crk Sos1 Rapgef1 Stat5a"
"REACTOME_DOWNSTREAM_TCR_SIGNALING",0.892188253232635,0.658012170385396,1,68,0.270682484783019,2,"Cd247 Trac"
"REACTOME_DRUG_ADME",1.4921922686024,0.0356066044508256,1,35,0.505173472424862,11,"Pnp2 Slc29a2 Slc29a1 Pon3 Abcc4 Slc29a3 Slc16a1 Ada Impdh1 Vav3 Hsd11b1"
"REACTOME_DUAL_INCISION_IN_GG_NER",0.69078456921779,0.916025092671799,1,40,0.228622355589603,11,"Polk Pole Pold3 Gtf2h5 Pcna Pole2 Rpa2 Gtf2h2 Rfc4 Parp1 Cul4b"
"REACTOME_DUAL_INCISION_IN_TC_NER",0.699750326249143,0.933051540769021,1,61,0.216142826856304,13,"Polk Uvssa Ercc6 Pole Pold3 Gtf2h5 Pcna Pole2 Rpa2 Mnat1 Gtf2h2 Rfc4 Polr2l"
"REACTOME_E3_UBIQUITIN_LIGASES_UBIQUITINATE_TARGET_PROTEINS",-0.553304852945156,0.991497710922171,1,34,-0.16986316319393,4,"Pex5 Leo1 Rnf181 Rnf144a"
"REACTOME_EFFECTS_OF_PIP2_HYDROLYSIS",0.66592988539647,0.886072035863348,1,15,0.270092860463898,3,"Dgkh Mgll Dgkq"
"REACTOME_EGFR_DOWNREGULATION",-0.490700490469477,0.990291262135922,1,17,-0.176935572916034,9,"Hgs Grb2 Epn1 Eps15 Cbl Ubc Cdc42 Stam2 Uba52"
"REACTOME_ENDOGENOUS_STEROLS",-1.42459842650646,0.0945945945945946,1,12,-0.562362019826276,4,"Cyp39a1 Cyp51 Cyp27a1 Arnt"
"REACTOME_ENDOSOMAL_SORTING_COMPLEX_REQUIRED_FOR_TRANSPORT_ESCRT",0.750326559908031,0.832226648959717,1,28,0.266865262791214,7,"Mvb12b Vps25 Vps37c Tsg101 Chmp4c Chmp6 Snf8"
"REACTOME_ENERGY_DEPENDENT_REGULATION_OF_MTOR_BY_LKB1_AMPK",-1.20642120092067,0.192741689539494,1,27,-0.388680530984158,5,"Prkab2 Prkag1 Slc38a9 Cab39l Tsc1"
"REACTOME_EPHB_MEDIATED_FORWARD_SIGNALING",-0.995052560371184,0.459031373743527,1,26,-0.324583665602624,2,"Kalrn Itsn1"
"REACTOME_EPHRIN_SIGNALING",-0.543900322538111,0.959062752491247,1,10,-0.226523420087497,4,"Fyn Nck2 Pak1 Sdcbp"
"REACTOME_EPH_EPHRIN_MEDIATED_REPULSION_OF_CELLS",1.10518401898663,0.34625,1,13,0.464475345511327,2,"Aph1b Vav3"
"REACTOME_EPH_EPHRIN_SIGNALING",0.830705779669427,0.729211392586232,1,38,0.277547731930988,4,"Aph1b Ptk2 Git1 Vav3"
"REACTOME_EPIGENETIC_REGULATION_BY_WDR5_CONTAINING_HISTONE_MODIFYING_COMPLEXES",-1.08005150884721,0.316574202496533,1,45,-0.312400061916081,13,"Kansl3 Wdr5 Kat2b Cxxc1 Kat14 Tbl1x Men1 Tasp1 Hcfc1 Yeats2 Phf20 Kat8 Gps2"
"REACTOME_EPIGENETIC_REGULATION_OF_GENE_EXPRESSION",0.650468620888615,0.991536129358262,1,123,0.181709733406599,29,"Zfp991 Zfp324 Dnmt3b Gm7072 Ercc6 Zfp160 Gm14325 Zfp934 Zfp758 Zfp994 Gm45871 Phf19 Polr1b Tbl1xr1 Mbip AU041133 Ncor2 Zfp992 Kmt2d Rbbp7 Kdm6a Zfp119b Dnmt3a Baz1b Taf1b Polr2l AI987944 Taf1d Aebp2"
"REACTOME_EPIGENETIC_REGULATION_OF_GENE_EXPRESSION_BY_MLL3_AND_MLL4_COMPLEXES",0.61540905699274,0.925221997195825,1,14,0.253832362691736,4,"Tbl1xr1 Ncor2 Kmt2d Kdm6a"
"REACTOME_ERKS_ARE_INACTIVATED",-0.735699467665463,0.806774014436424,1,13,-0.284929356357928,13,"Dusp6 Mapk7 Ppp2cb Ppp2r1a Mapk1 Ppp2r5d Mapk3 Dusp3 Dusp4 Vrk3 Ppp2ca Dusp7 Ppp2r1b"
"REACTOME_ERK_MAPK_TARGETS",-1.27168998505417,0.176337390319841,1,15,-0.47466088627299,2,"Mapk11 Dusp6"
"REACTOME_ER_PHAGOSOME_PATHWAY",1.15446157738919,0.265864661654135,1,25,0.420962977096448,20,"Snap23 Pdia3 Psme2 B2m Psma7 Psmb7 Psme1 H2-T22 Psma6 Psma1 Psma3 Psmb3 H2-Q7 Psmb6 Psma5 Vamp8 Psme2b Vamp3 Psma2 Psma4"
"REACTOME_ER_TO_GOLGI_ANTEROGRADE_TRANSPORT",-0.922740524551555,0.663969538315088,1,115,-0.224677274571274,25,"Tubb2b Tubb2a Sec24d Bet1 Ppp6c Cd55 Copg2 Cog5 Tuba1a Sptan1 Cog1 Gosr2 Sec24b Cog6 Sar1b Tmed7 Scfd1 Stx5a Trappc1 Trappc5 Csnk1d Golga2 Gosr1 Dctn6 Ctsc"
"REACTOME_ESR_MEDIATED_SIGNALING",0.819148265615676,0.797783933518006,1,82,0.24154600481855,27,"Prkcz Ptk2 S1pr3 Nrip1 Gtf2f2 Gnb4 Zdhhc21 Egf Hsp90aa1 Gng10 Ppid Esr1 Ptges3 Polr2l Kdm1a Prmt1 Gtf2f1 Ccnt1 Xpo1 Hras Pik3r2 Foxo3 Ppp5c Hsp90ab1 Shc1 Polr2f Polr2h"
"REACTOME_ESTROGEN_DEPENDENT_GENE_EXPRESSION",0.553950162253054,0.989750889679715,1,41,0.182616816479052,19,"Nrip1 Gtf2f2 Hsp90aa1 Esr1 Ptges3 Polr2l Kdm1a Prmt1 Gtf2f1 Ccnt1 Hsp90ab1 Polr2f Polr2h Carm1 Fkbp4 Polr2k Polr2i Polr2d Usf2"
"REACTOME_EUKARYOTIC_TRANSLATION_INITIATION",0.673062947003963,0.927752293577982,1,36,0.22660745755726,22,"Eif2b3 Eif2s1 Eif2b2 Eif1ax Eif3m Eif4a1 Eif2s3x Eif3i Eif4b Eif3b Eif3l Eif3a Eif3c Eif2b4 Eif4e Eif5b Eif4g1 Eif3g Eif2s2 Eif3e Eif3h Eif2b5"
"REACTOME_EXTENSION_OF_TELOMERES",1.06973731945581,0.359681029658646,1,46,0.344653464040559,16,"Dna2 Chtf18 Wrap53 Prim2 Dscc1 Fen1 Rtel1 Pold3 Terf2ip Ankrd28 Stn1 Nhp2 Wrn Pcna Rpa2 Rfc4"
"REACTOME_EXTRACELLULAR_MATRIX_ORGANIZATION",0.902274758250543,0.638847758783147,1,70,0.272253651112035,7,"P3h1 Sdc3 Itga9 App Timp2 Sntb2 Col27a1"
"REACTOME_EXTRA_NUCLEAR_ESTROGEN_SIGNALING",1.00780702082829,0.456372968349016,1,40,0.333544241357918,8,"Prkcz Ptk2 S1pr3 Gnb4 Zdhhc21 Egf Hsp90aa1 Gng10"
"REACTOME_FACTORS_INVOLVED_IN_MEGAKARYOCYTE_DEVELOPMENT_AND_PLATELET_PRODUCTION",-1.0095806703428,0.428865131578947,1,81,-0.261281563567897,13,"Klc3 Ehd2 Tubb2b Kif3a Tubb2a Mfn1 Racgap1 Prkar2b Jak2 Kif23 Kif20a Tuba1a Cenpe"
"REACTOME_FANCONI_ANEMIA_PATHWAY",0.602601257014916,0.964001734856151,1,33,0.206597675693192,16,"Fan1 Cenps Dclre1b Fancl Eme2 Fancm Rpa2 Fancf Faap24 Atrip Ercc1 Mus81 Faap20 Fancg Cenpx Wdr48"
"REACTOME_FATTY_ACID_METABOLISM",0.787655431651151,0.863636363636364,1,97,0.226682997051044,24,"Hpgds Amacr Pon3 Acad11 Pecr Them4 Pcca Acbd5 Mmaa Mlycd Alox5ap Ppt2 Slc22a5 Nudt19 Hacd3 Acad10 Fasn Hacd1 Ptges2 Acsl5 Acot7 Cpt1a Ehhadh Slc25a20"
"REACTOME_FATTY_ACYL_COA_BIOSYNTHESIS",-0.919757141460544,0.574418604651163,1,21,-0.314786089535823,3,"Acsl4 Scd1 Elovl6"
"REACTOME_FGFR2_ALTERNATIVE_SPLICING",0.727864577691217,0.834769230769231,1,17,0.287807259690536,10,"Gtf2f2 Polr2l Gtf2f1 Polr2f Polr2h Hnrnpa1 Polr2k Ncbp2 Polr2i Polr2d"
"REACTOME_FLT3_SIGNALING",-0.868181900746349,0.668801463860933,1,27,-0.279707785237367,14,"Syk Grap2 Csk Akt2 Sla Kras Socs2 Grb2 Akt3 Cbl Cdkn1b Ubc Lck Sh2b3"
"REACTOME_FORMATION_OF_APOPTOSOME",-0.706302574335781,0.816859682197684,1,10,-0.294160654306164,1,"Casp9"
"REACTOME_FORMATION_OF_INCISION_COMPLEX_IN_GG_NER",-0.633325076516124,0.97285374957584,1,42,-0.18498732241415,41,"Xpa Ercc5 Sumo3 Gtf2h1 Gtf2h4 Ercc3 Usp45 Cdk7 Gtf2h3 Ube2i Rbx1 Ubc Pias3 Rpa3 Uba52 Xpc Ubb Ube2n Pias1 Sumo1 Rpa1 Ddb2 Ccnh Cul4a Chd1l Parp2 Ercc2 Cetn2 Ercc4 Sumo2 Ddb1 Rnf111 Rad23a Rad23b Ube2v2 Ercc1 Cul4b Parp1 Gtf2h2 Mnat1 Rpa2"
"REACTOME_FORMATION_OF_RNA_POL_II_ELONGATION_COMPLEX",0.472658340199592,0.999034083068856,1,54,0.148390265047396,14,"Ell Ctr9 Gtf2f2 Gtf2h5 Mllt3 Mnat1 Eaf1 Gtf2h2 Polr2l Eloc Cdc73 Gtf2f1 Ccnt1 Nelfa"
"REACTOME_FORMATION_OF_SENESCENCE_ASSOCIATED_HETEROCHROMATIN_FOCI_SAHF",1.16702924949375,0.28206744405925,1,11,0.511884594252234,2,"H1f0 Hmga1b"
"REACTOME_FORMATION_OF_TC_NER_PRE_INCISION_COMPLEX",0.575158181392004,0.987366375121477,1,49,0.183577378243887,28,"Uvssa Ercc6 Cops2 Gtf2h5 Mnat1 Gtf2h2 Cops7b Polr2l Cul4b Polr2f Polr2h Cops4 Ercc8 Cops6 Aqr Ddb1 Polr2k Prpf19 Xab2 Polr2i Ercc2 Polr2d Usp7 Cul4a Ppie Ccnh Cops8 Tcea1"
"REACTOME_FORMATION_OF_THE_BETA_CATENIN_TCF_TRANSACTIVATING_COMPLEX",-1.07252608850291,0.351780983220489,1,22,-0.363204984716928,6,"Wdr5 Tcf7l2 Tle2 Leo1 Men1 Tle4"
"REACTOME_FORMATION_OF_THE_CANONICAL_BAF_CBAF_COMPLEX",-0.803137697898907,0.725927993301702,1,14,-0.305276929786306,14,"Ss18l1 Bcl7a Smarcd1 Actg1 Arid1a Dpf2 Smarcb1 Ss18 Smarce1 Smarca4 Smarcc1 Bcl7c Bcl7b Actl6a"
"REACTOME_FORMATION_OF_THE_DYSTROPHIN_GLYCOPROTEIN_COMPLEX_DGC",0.725912514336701,0.815550961997138,1,10,0.326029267643118,1,"Sntb2"
"REACTOME_FORMATION_OF_THE_EARLY_ELONGATION_COMPLEX",-0.47652687102457,0.997429305912596,1,32,-0.148161090241985,32,"Polr2b Nelfe Gtf2h1 Gtf2h4 Nelfcd Ercc3 Supt5 Cdk7 Gtf2h3 Polr2a Supt4a Polr2e Ncbp1 Polr2g Nelfb Polr2c Ccnh Ctdp1 Polr2d Ercc2 Polr2i Ncbp2 Polr2k Polr2h Polr2f Nelfa Gtf2f1 Polr2l Gtf2h2 Mnat1 Gtf2h5 Gtf2f2"
"REACTOME_FORMATION_OF_THE_EMBRYONIC_STEM_CELL_BAF_ESBAF_COMPLEX",-0.83102869518735,0.695104494703693,1,16,-0.305330192794207,16,"Smarcc2 Bcl7a Smarcd1 Smarcd2 Actg1 Arid1a Dpf2 Bcl11a Smarcb1 Ss18 Smarce1 Smarca4 Smarcc1 Bcl7c Bcl7b Actl6a"
"REACTOME_FORMATION_OF_THE_NON_CANONICAL_BAF_NCBAF_COMPLEX",-1.24561709068723,0.197282762524766,1,15,-0.464929125157179,7,"Smarcc2 Ss18l1 Bicra Brd9 Bcl7a Smarcd1 Smarcd2"
"REACTOME_FORMATION_OF_THE_POLYBROMO_BAF_PBAF_COMPLEX",-0.840738419079084,0.67401618755233,1,14,-0.319569164791169,5,"Smarcc2 Bcl7a Smarcd1 Brd7 Smarcd2"
"REACTOME_FORMATION_OF_WDR5_CONTAINING_HISTONE_MODIFYING_COMPLEXES",-1.20086864842272,0.184219214262133,1,37,-0.362025402312299,11,"Kansl3 Wdr5 Kat2b Cxxc1 Kat14 Men1 Tasp1 Hcfc1 Yeats2 Phf20 Kat8"
"REACTOME_FOXO_MEDIATED_TRANSCRIPTION",-0.673822559688421,0.893145161290323,1,19,-0.236369917820485,5,"Kat2b Foxo1 Foxo4 Sfn Akt2"
"REACTOME_G0_AND_EARLY_G1",0.926247282047434,0.570287294515286,1,16,0.370066224243972,8,"Tfdp1 Ccne1 Lin9 E2f5 Lin37 Lin52 Rbbp4 E2f4"
"REACTOME_G1_S_DNA_DAMAGE_CHECKPOINTS",0.425473341356759,1,1,59,0.132134624888821,4,"Chek1 Plk3 Ccne1 Cdc25a"
"REACTOME_G1_S_TRANSITION",0.617899688732745,0.992003146303094,1,88,0.180518118524144,27,"Prim2 Ccne1 Mcm2 Pole Cdc25a Gmnn Cks1b Orc2 Cdk4 Orc3 Orc1 Rb1 Pole2 Cdkn1a Rpa2 Mnat1 Psmc2 Ppp2r1b Dbf4 Psma7 Cdc45 Psmd2 Ccnd1 Psmd14 Psmb7 Ppp2ca Orc4"
"REACTOME_G2_M_CHECKPOINTS",0.608751850789015,0.997342108593849,1,115,0.171290122168172,39,"Dna2 Rad9b Chek1 Cdk1 Mcm2 Cdc25a Nbn Orc2 Orc3 Orc1 Wrn Ccnb2 Chek2 Rpa2 Rfc4 Psmc2 Gtse1 Rmi2 Clspn Bard1 Dbf4 Psma7 Cdc45 Rad1 Psmd2 Atrip Ube2v2 Psmd14 Psmb7 Trp53 Orc4 Orc5 Rad17 Brip1 Psma6 Psmd6 Hus1 Mre11a Trp53bp1"
"REACTOME_G2_M_DNA_DAMAGE_CHECKPOINT",0.687069309980408,0.941909850664475,1,59,0.213375637724758,4,"Dna2 Rad9b Chek1 Cdk1"
"REACTOME_GABA_B_RECEPTOR_ACTIVATION",0.990453962305347,0.484187568157034,1,14,0.408523837165958,3,"Adcy3 Gnb4 Gng10"
"REACTOME_GABA_RECEPTOR_ACTIVATION",0.990453962305347,0.484187568157034,1,14,0.408523837165958,3,"Adcy3 Gnb4 Gng10"
"REACTOME_GAMMA_CARBOXYLATION_HYPUSINYLATION_HYDROXYLATION_AND_ARYLSULFATASE_ACTIVATION",1.00604745362556,0.458769539652947,1,37,0.337071572069655,18,"Eif5a2 Ggcx Dph2 Ogfod1 Dph1 Tpst2 Arsa Fn3krp Etf1 Eif5a Icmt Jmjd4 Drg2 Kdm8 U2af2 Dph5 Drg1 Rwdd1"
"REACTOME_GAP_FILLING_DNA_REPAIR_SYNTHESIS_AND_LIGATION_IN_GG_NER",1.04628504794576,0.40429747028345,1,21,0.394778719208718,7,"Polk Pole Pold3 Pcna Pole2 Rpa2 Rfc4"
"REACTOME_GAP_JUNCTION_TRAFFICKING_AND_REGULATION",-0.955271920946222,0.516841211435041,1,15,-0.356557197081897,3,"Tubb2b Tubb2a Tuba1a"
"REACTOME_GENE_SILENCING_BY_RNA",0.552770168954413,0.957967377666248,1,12,0.236853579837795,12,"Ran Ago4 Prkra Ipo8 Ago3 Tsnax Tnrc6b Tsn Tnrc6a Tarbp2 Ago2 Ago1"
"REACTOME_GLI3_IS_PROCESSED_TO_GLI3R_BY_THE_PROTEASOME",-0.91531416477078,0.602620087336245,1,41,-0.269452701521245,41,"Psmc5 Prkaca Psmc6 Cul1 Rbx1 Ubc Psmd13 Uba52 Psmb4 Adrm1 Csnk1a1 Psmc1 Ubb Psmd1 Psmd7 Psmb5 Psmd3 Psma4 Psma2 Psmc4 Psmb2 Psma5 Psmb6 Prkacb Psmd12 Psmc3 Psmb3 Psma3 Psmb1 Psmd11 Psma1 Psmd8 Psmd6 Psma6 Gsk3b Psmb7 Psmd14 Psmd2 Sufu Psma7 Psmc2"
"REACTOME_GLOBAL_GENOME_NUCLEOTIDE_EXCISION_REPAIR_GG_NER",0.531725704147425,0.99894025698768,1,80,0.157257777365114,22,"Polk Cops2 Pole Pold3 Gtf2h5 Pcna Ino80 Pole2 Rpa2 Mnat1 Gtf2h2 Rfc4 Cops7b Parp1 Tfpt Actr5 Cul4b Actl6a Ino80c Ercc1 Ube2v2 Rad23b"
"REACTOME_GLUCAGON_LIKE_PEPTIDE_1_GLP1_REGULATES_INSULIN_SECRETION",-0.876885131977573,0.62115165336374,1,18,-0.310771494406973,2,"Kcnb1 Itpr3"
"REACTOME_GLUCONEOGENESIS",1.32998141639927,0.138650880199408,1,14,0.548565740826774,6,"Pcx Eno3 Aldoc Slc37a1 Tpi1 Slc37a4"
"REACTOME_GLUCOSE_METABOLISM",1.40742267231518,0.0461708598285872,1,55,0.441334512073495,18,"Pcx Eno3 Bpgm Aldoc Nup37 Slc37a1 Pfkfb1 Pfkfb2 Nup160 Pfkl Pfkp Nup54 Tpi1 Nup205 Nup88 Slc37a4 Nup188 Nup107"
"REACTOME_GLUTAMATE_NEUROTRANSMITTER_RELEASE_CYCLE",-0.961694217761486,0.507675733907891,1,10,-0.400526078508507,2,"Rab3a Stxbp1"
"REACTOME_GLUTATHIONE_CONJUGATION",0.945624850074046,0.542572741194487,1,19,0.364279296736024,8,"Hpgds Gsto1 Gstk1 Gss Gstz1 Chac2 Gstt2 Mgst2"
"REACTOME_GLYCEROPHOSPHOLIPID_BIOSYNTHESIS",0.825720368772095,0.7745322385247,1,70,0.249154022253336,13,"Pemt Ddhd2 Tmem86b Slc44a1 Plbd1 Lpcat1 Mgll Lpcat4 Crls1 Agpat4 Miga1 Dgat1 Cpne3"
"REACTOME_GLYCOGEN_BREAKDOWN_GLYCOGENOLYSIS",0.630342115516692,0.9109375,1,13,0.264913685743857,1,"Phkg1"
"REACTOME_GLYCOGEN_METABOLISM",-0.705747858314639,0.853707414829659,1,16,-0.259300468071957,5,"Phka1 Gys1 Akr1e1 Calm1 Pygm"
"REACTOME_GLYCOLYSIS",1.40588328074574,0.0522004720255449,1,49,0.448725889930993,19,"Eno3 Bpgm Aldoc Nup37 Pfkfb1 Pfkfb2 Nup160 Pfkl Pfkp Nup54 Tpi1 Nup205 Nup88 Nup188 Nup107 Gnpda2 Ndc1 Hk2 Pfkfb4"
"REACTOME_GLYCOSAMINOGLYCAN_METABOLISM",1.06507302992012,0.353858456617353,1,77,0.317262668339214,19,"B4galt4 Sdc3 Hs3st3b1 B3gnt3 B3gnt7 B3gat2 Dse Papss1 Hyal1 Slc35b2 Ext1 Hgsnat Chst11 Uxs1 Extl2 Slc26a2 Cspg5 St3gal4 St3gal2"
"REACTOME_GLYCOSAMINOGLYCAN_PROTEIN_LINKAGE_REGION_BIOSYNTHESIS",0.830482264906851,0.69828125,1,13,0.34902652436771,4,"Sdc3 B3gat2 Uxs1 Cspg5"
"REACTOME_GLYCOSPHINGOLIPID_BIOSYNTHESIS",0.73622220221484,0.805374463348704,1,10,0.330659660317378,3,"St6galnac6 St3gal2 B4galnt1"
"REACTOME_GLYCOSPHINGOLIPID_CATABOLISM",0.675574461608211,0.895946763460375,1,23,0.249900640895628,3,"Neu3 Smpd3 Asah2"
"REACTOME_GLYCOSPHINGOLIPID_METABOLISM",0.719571335684652,0.875234928437184,1,33,0.246700058649587,7,"Neu3 Smpd3 St6galnac6 Asah2 Gla St3gal2 B4galnt1"
"REACTOME_GOLGI_ASSOCIATED_VESICLE_BIOGENESIS",-0.885739352524295,0.670103092783505,1,50,-0.249773709477468,16,"Igf2r Txndc5 Ap1s2 Snx9 Ap1m1 Snx2 Ap4e1 Ap1s3 Ap1g1 Clint1 Snx5 Tpd52 Ap3b1 Hip1r Pik3c2a Golgb1"
"REACTOME_GOLGI_CISTERNAE_PERICENTRIOLAR_STACK_REORGANIZATION",0.745304906663293,0.797106058196852,1,10,0.334738977619483,4,"Gorasp1 Rab1a Rab1b Plk1"
"REACTOME_GOLGI_TO_ER_RETROGRADE_TRANSPORT",-0.652770041741042,0.99553770638108,1,102,-0.161839792598363,11,"Klc3 Tubb2b Kif3a Tubb2a Racgap1 Kif23 Kif20a Copg2 Tuba1a Cenpe Rab6b"
"REACTOME_GPCR_LIGAND_BINDING",-1.30567830056243,0.0777318813368382,1,64,-0.350607158468316,16,"Ccl5 Adrb2 Adm Adora2a Anxa1 Cxcl16 Cxcr4 Xk S1pr4 C5ar2 Tbxa2r Cnr2 Ptger4 Ccr9 S1pr1 Cd55"
"REACTOME_GPER1_SIGNALING",-0.57089549930804,0.961637560835958,1,16,-0.209754048059401,1,"Prkar2b"
"REACTOME_GPVI_MEDIATED_ACTIVATION_CASCADE",0.891365589831496,0.62308493232188,1,27,0.319716462863094,2,"Lcp2 Fcer1g"
"REACTOME_GROWTH_HORMONE_RECEPTOR_SIGNALING",-0.663117416816856,0.866415297603016,1,10,-0.27617491469021,3,"Jak2 Lyn Gh"
"REACTOME_GSK3B_MEDIATED_PROTEASOMAL_DEGRADATION_OF_PD_L1_CD274",-0.834855032624989,0.761378848728246,1,40,-0.247136987498907,40,"Psmc5 Psmc6 Cops5 Cul1 Rbx1 Ubc Psmd13 Uba52 Psmb4 Adrm1 Cd274 Psmc1 Ubb Psmd1 Psmd7 Psmb5 Psmd3 Psma4 Psma2 Psmc4 Psmb2 Psma5 Psmb6 Psmd12 Psmc3 Psmb3 Psma3 Psmb1 Psmd11 Psma1 Psmd8 Psmd6 Psma6 Gsk3b Psmb7 Psmd14 Psmd2 Psma7 Psmc2 Nek2"
"REACTOME_G_ALPHA_12_13_SIGNALLING_EVENTS",1.105340936076,0.307670694015173,1,45,0.357636340722827,10,"Rasgrf2 Plekhg5 Abr Arhgef12 Ect2 Vav3 Arhgef10 Mcf2l Trio Gnb4"
"REACTOME_G_ALPHA_I_SIGNALLING_EVENTS",-1.03550796260522,0.372160264353573,1,82,-0.267169900558243,11,"Ccl5 Anxa1 Cxcl16 Cxcr4 Prkar2b S1pr4 Rgs13 Cnr2 Plcb3 Pde4c Ccr9"
"REACTOME_G_ALPHA_Q_SIGNALLING_EVENTS",-0.774789542035785,0.886218550506947,1,64,-0.208050298168485,16,"Kalrn Anxa1 Rgs13 Tbxa2r Plcb3 Dgka Itpr3 Ffar1 Dgkz Kras Daglb Btk Plcb2 Mapk7 P2ry10 Abhd6"
"REACTOME_G_ALPHA_S_SIGNALLING_EVENTS",0.991254991378062,0.483033932135729,1,40,0.328066174633028,12,"Ramp1 Pde8a Calcrl Gpr176 Pde1b Gpr150 Grk3 Hrh2 Arrb1 Gnb4 Gng10 Itga5"
"REACTOME_G_ALPHA_Z_SIGNALLING_EVENTS",1.31218427446882,0.15323086574655,1,12,0.562250932250346,4,"Adcy3 Gnb4 Rgs16 Gng10"
"REACTOME_G_BETA_GAMMA_SIGNALLING_THROUGH_CDC42",0.711871082904584,0.836432398361172,1,11,0.312242251503623,2,"Gnb4 Gng10"
"REACTOME_G_BETA_GAMMA_SIGNALLING_THROUGH_PI3KGAMMA",-0.784871578932733,0.750353806962921,1,15,-0.29295492112476,6,"Pik3cg Pik3r5 Akt2 Akt3 Gng2 Rhoa"
"REACTOME_G_PROTEIN_ACTIVATION",0.938654179434199,0.55594075007879,1,11,0.4117142856456,3,"Gnb4 Gng10 Gna11"
"REACTOME_G_PROTEIN_BETA_GAMMA_SIGNALLING",-1.17691052054639,0.238081395348837,1,21,-0.402796612057904,11,"Plcb3 Pik3cg Pik3r5 Akt2 Btk Plcb2 Pak1 Akt3 Gng2 Rhoa Cdc42"
"REACTOME_G_PROTEIN_MEDIATED_EVENTS",-0.948904333921891,0.526565746512318,1,24,-0.314523280222217,9,"Prkar2b Plcb3 Gnai2 Camkk2 Calm1 Adcy9 Plcb2 Calm3 Prkaca"
"REACTOME_HATS_ACETYLATE_HISTONES",-1.28787758402433,0.130978430759612,1,29,-0.408335257427262,12,"Jade3 Kansl3 Wdr5 Hcfc1 Kat7 Kat6a Phf20 Ncoa1 Jade1 Msl1 Meaf6 Kat8"
"REACTOME_HDACS_DEACETYLATE_HISTONES",-0.672191070030855,0.910509272887842,1,22,-0.227633761019464,22,"Sap30 Mta3 Mta2 Rest Sap30l Hdac1 Arid4b Rcor1 Gatad2b Suds3 Arid4a Chd4 Brms1 Gatad2a Chd3 Phf21a Rbbp4 Mbd3 Mta1 Kdm1a Hmg20b Rbbp7"
"REACTOME_HDMS_DEMETHYLATE_HISTONES",0.888465146900316,0.631794095382286,1,22,0.33158552739556,8,"Uty Kdm4c Phf8 Phf2 Kdm4d Kdm6a Kdm2b Kdm1a"
"REACTOME_HDR_THROUGH_HOMOLOGOUS_RECOMBINATION_HRR",1.16265177301442,0.230472516875603,1,56,0.363620179161211,18,"Dna2 Polk Chek1 Gen1 Xrcc2 Brca2 Pole Pold3 Nbn Spidr Wrn Rad51d Pcna Eme2 Palb2 Pole2 Rpa2 Rfc4"
"REACTOME_HDR_THROUGH_MMEJ_ALT_NHEJ",0.884938082345532,0.625784190715182,1,12,0.379182460469604,5,"Brca2 Fen1 Nbn Rad52 Parp1"
"REACTOME_HDR_THROUGH_SINGLE_STRAND_ANNEALING_SSA",0.909150208327635,0.60579128440367,1,36,0.306093535773803,17,"Dna2 Rad9b Nbn Rad52 Wrn Rpa2 Rfc4 Rmi2 Bard1 Rad1 Atrip Ercc1 Rad17 Brip1 Hus1 Abl1 Mre11a"
"REACTOME_HEDGEHOG_LIGAND_BIOGENESIS",0.818673368591035,0.760878809355067,1,42,0.268682181834807,23,"Hhat Psmc2 Psma7 Os9 Psmd2 Psmd14 Psmb7 Psma6 Vcp Psmd6 Psmd8 Psma1 Psmd11 Psmb1 Psma3 Psmb3 Psmc3 Derl2 Psmd12 Psmb6 Psma5 Psmb2 Psmc4"
"REACTOME_HEDGEHOG_OFF_STATE",0.738221169541145,0.905365327581558,1,72,0.222149836581779,6,"Intu Adcy3 Wdr19 Rpgrip1l Ift140 Ptch1"
"REACTOME_HEDGEHOG_ON_STATE",0.748842295931358,0.869090406414155,1,53,0.235863302647337,2,"Cdon Gas8"
"REACTOME_HEME_BIOSYNTHESIS",0.807165793500772,0.722817522849039,1,11,0.354040599136362,6,"Flvcr1 Cox15 Alas1 Fech Cpox Ppox"
"REACTOME_HEPARAN_SULFATE_HEPARIN_HS_GAG_METABOLISM",1.03207120688968,0.422558667676003,1,22,0.385180979400514,5,"Sdc3 Hs3st3b1 Ext1 Hgsnat Extl2"
"REACTOME_HIGH_LAMINAR_FLOW_SHEAR_STRESS_ACTIVATES_SIGNALING_BY_PIEZO1_AND_PECAM1_CDH5_KDR_IN_ENDOTHELIAL_CELLS",-1.27113869997066,0.139924194567277,1,31,-0.398145232177964,4,"Adm Vcl Prkar2b Capn2"
"REACTOME_HOMOLOGOUS_DNA_PAIRING_AND_STRAND_EXCHANGE",1.16429791723231,0.257776454829588,1,26,0.420232355506356,10,"Dna2 Chek1 Xrcc2 Brca2 Nbn Wrn Rad51d Palb2 Rmi2 Bard1"
"REACTOME_HOMOLOGY_DIRECTED_REPAIR",0.79452692144745,0.85259479746344,1,99,0.227951032720582,26,"Dna2 Rad9b Polk Chek1 Gen1 Xrcc2 Brca2 Pole Fen1 Pold3 Nbn Spidr Rad52 Wrn Rad51d Pcna Eme2 Palb2 Pole2 Rpa2 Rfc4 Parp1 Rmi2 Tipin Clspn Bard1"
"REACTOME_HSF1_DEPENDENT_TRANSACTIVATION",0.680142367205404,0.891130274099168,1,18,0.265603558670717,9,"Camk2g Hsp90aa1 Akt1s1 Ptges3 Hsp90ab1 Camk2d Fkbp4 Hspa8 Hsbp1"
"REACTOME_HSP90_CHAPERONE_CYCLE_FOR_STEROID_HORMONE_RECEPTORS_SHR_IN_THE_PRESENCE_OF_LIGAND",-0.861316058519493,0.691628515369523,1,34,-0.264421809118582,4,"Tubb2b Tubb2a Tuba1a Hspa1b"
"REACTOME_HS_GAG_BIOSYNTHESIS",1.23365138995611,0.212706755294481,1,15,0.50035362586278,4,"Sdc3 Hs3st3b1 Ext1 Extl2"
"REACTOME_HS_GAG_DEGRADATION",0.846412319239084,0.674125433343839,1,11,0.371254985075773,2,"Sdc3 Hgsnat"
"REACTOME_HYALURONAN_METABOLISM",-0.993992354001932,0.468271334792123,1,11,-0.402404476075702,3,"Has3 Hexb Chp1"
"REACTOME_IKK_COMPLEX_RECRUITMENT_MEDIATED_BY_RIP1",-0.592944105720592,0.955137481910275,1,20,-0.205747828093105,2,"Ly96 Ripk1"
"REACTOME_INACTIVATION_OF_CSF3_G_CSF_SIGNALING",0.725600186792262,0.830081425718236,1,16,0.289901116733514,1,"Socs3"
"REACTOME_INFLAMMASOMES",-1.12328187925575,0.325612712092647,1,10,-0.467824052436544,4,"Bcl2 Bcl2l1 Pstpip1 Pycard"
"REACTOME_INHIBITION_OF_REPLICATION_INITIATION_OF_DAMAGED_DNA_BY_RB1_E2F1",-0.579277616932915,0.935900888769189,1,10,-0.241257343543097,4,"Prim1 Pola1 Pola2 Ppp2cb"
"REACTOME_INHIBITION_OF_THE_PROTEOLYTIC_ACTIVITY_OF_APC_C_REQUIRED_FOR_THE_ONSET_OF_ANAPHASE_BY_MITOTIC_SPINDLE_CHECKPOINT_COMPONENTS",-1.21176302058442,0.206686046511628,1,21,-0.414724850179651,4,"Cdc20 Mad2l1 Ube2c Bub1b"
"REACTOME_INITIATION_OF_NUCLEAR_ENVELOPE_NE_REFORMATION",0.567934502539811,0.961384615384615,1,17,0.224568797369109,3,"Cdk1 Kpnb1 Ccnb2"
"REACTOME_INOSITOL_PHOSPHATE_METABOLISM",-1.16027967182064,0.230490615739216,1,35,-0.354007803621424,13,"Ippk Plcb3 Synj1 Inpp5b Ipmk Calm1 Ip6k1 Itpk1 Inpp5a Plcb2 Calm3 Pten Ocrl"
"REACTOME_INSERTION_OF_TAIL_ANCHORED_PROTEINS_INTO_THE_ENDOPLASMIC_RETICULUM_MEMBRANE",1.15712956292324,0.288916370381821,1,15,0.469317326690043,2,"App Hmox1"
"REACTOME_INSULIN_RECEPTOR_RECYCLING",-0.650003541730683,0.925872093023256,1,21,-0.222463152350108,4,"Atp6v0a1 Atp6v0d1 Atp6v1g2 Tcirg1"
"REACTOME_INSULIN_RECEPTOR_SIGNALLING_CASCADE",-0.836964608186146,0.698986975397974,1,20,-0.290421388228188,2,"Pik3r4 Irs2"
"REACTOME_INTEGRATION_OF_ENERGY_METABOLISM",-1.21798532999166,0.165327978580991,1,40,-0.3605526870043,10,"Acsl4 Kcnb1 Prkar2b Prkab2 Plcb3 Itpr3 Gnai2 Ffar1 Acsl3 Slc2a1"
"REACTOME_INTEGRIN_CELL_SURFACE_INTERACTIONS",-1.18035469767641,0.235174418604651,1,21,-0.403975378714398,3,"Col5a3 Itga6 Itgb7"
"REACTOME_INTEGRIN_SIGNALING",-0.754387750690754,0.805299539170507,1,19,-0.264631345554841,4,"Rasgrp1 Syk Csk Rasgrp2"
"REACTOME_INTERCONVERSION_OF_NUCLEOTIDE_DI_AND_TRIPHOSPHATES",1.02138108014359,0.437976226760134,1,21,0.385382086301216,8,"Dctd Nme4 Nudt13 Txn1 Nme2 Txnrd1 Nme1 Guk1"
"REACTOME_INTERFERON_ALPHA_BETA_SIGNALING",0.795275775518123,0.759008315368032,1,18,0.310564502796863,2,"Socs3 Rnasel"
"REACTOME_INTERFERON_GAMMA_SIGNALING",1.04657391527208,0.403295349553434,1,18,0.408699369001758,2,"Socs3 Camk2g"
"REACTOME_INTERFERON_SIGNALING",0.502865747828282,1,1,112,0.141950570576488,40,"Socs3 Ifi44 Cdk1 Rnasel Cenps Camk2g Eif4e3 Tuba1c Tuba4a Kpnb1 Fancl Npm1 Gbp2 Uba7 Fancm Ifngr1 Kpna1 Ilf3 Ikbkg Fancf Ppp2r1b Eif4a1 Chuk Tuba1b Dnajc3 Faap24 Becn1 Abce1 Tubb4b Ptpn2 Eif4g3 Faap20 Ppp2ca Trp53 Fancg Cenpx Prkra Mapt Ube2e1 Camk2d"
"REACTOME_INTERLEUKIN_12_FAMILY_SIGNALING",1.31204881045644,0.151276394579263,1,11,0.575493350548813,3,"Il12rb1 Ebi3 Il12a"
"REACTOME_INTERLEUKIN_15_SIGNALING",1.32297387624576,0.138972809667674,1,10,0.594187585231957,2,"Il15ra Il15"
"REACTOME_INTERLEUKIN_17_SIGNALING",-1.11061097282041,0.272922636103152,1,51,-0.312224151283526,5,"Mapk11 Fos Tab3 Dusp6 Map2k4"
"REACTOME_INTERLEUKIN_1_FAMILY_SIGNALING",0.552698644625801,0.998555482600131,1,87,0.161804966391087,35,"Nlrx1 App Alpk1 Mapk8 Traf2 Tnip2 Nkiras1 Nlrc5 Lrrc14 Il1rap Psmc2 Ikbkg Tollip Chuk Psma7 N4bp1 Psmd2 Psmd14 Psmb7 Rela Irak2 Usp14 Psma6 Psmd6 Map3k3 Tbk1 Nfkbia Psmd8 Psma1 Casp8 Nkiras2 Psmd11 Psmb1 Psma3 Psmb3"
"REACTOME_INTERLEUKIN_1_SIGNALING",0.564674970033934,0.997350642469201,1,80,0.167002516576909,23,"Nlrx1 App Alpk1 Traf2 Tnip2 Nkiras1 Nlrc5 Lrrc14 Il1rap Psmc2 Ikbkg Tollip Chuk Psma7 N4bp1 Psmd2 Psmd14 Psmb7 Rela Irak2 Usp14 Psma6 Psmd6"
"REACTOME_INTERLEUKIN_2_FAMILY_SIGNALING",1.41373640680347,0.0690571049136786,1,28,0.50281725035211,5,"Il9r Csf2rb Il15ra Il15 Il2ra"
"REACTOME_INTERLEUKIN_3_INTERLEUKIN_5_AND_GM_CSF_SIGNALING",0.455761602183596,0.998564249820531,1,35,0.154295579743654,2,"Csf2rb Il2ra"
"REACTOME_INTERLEUKIN_6_FAMILY_SIGNALING",-1.03977499261845,0.403664630760688,1,13,-0.402694894348573,3,"Lifr Clcf1 Jak2"
"REACTOME_INTERLEUKIN_7_SIGNALING",-1.01781992344336,0.435995623632385,1,11,-0.412050748060223,2,"Irs2 Brwd1"
"REACTOME_INTERLEUKIN_RECEPTOR_SHC_SIGNALING",0.882576419593527,0.631846153846154,1,17,0.348982363719941,2,"Csf2rb Il2ra"
"REACTOME_INTRACELLULAR_SIGNALING_BY_SECOND_MESSENGERS",-0.728053307737454,0.995679012345679,1,179,-0.166350605355411,44,"Irak4 Prkar2b Irs2 Pip4k2b Casp9 Pik3cg Scmh1 Slc38a9 Otud3 Foxo1 Cd19 Foxo4 Phlpp2 Fyn Pik3r5 Suz12 Camkk2 Pip5k1b Phlpp1 Ring1 Akt2 Calm1 Pml Nedd4 Adcy9 Wwp2 Mta3 Mdm2 Psmc5 Vav1 Cbx6 Ppp2r5a Mta2 Phc2 Ppp2cb Rhog Grb2 Xiap Calm3 Tnks2 Maf1 Prkaca Pten Lamtor2"
"REACTOME_INTRAFLAGELLAR_TRANSPORT",-1.00216306678217,0.44211903204709,1,34,-0.307661477490461,9,"Tubb2b Kif3a Tubb2a Ift46 Ift74 Ift122 Tuba1a Kif3c Ift52"
"REACTOME_INTRA_GOLGI_AND_RETROGRADE_GOLGI_TO_ER_TRAFFIC",-0.839628739961174,0.903674832962138,1,153,-0.19627788368059,25,"Gcc1 Klc3 Tubb2b Kif3a Tubb2a Racgap1 Igf2r Rab9 Kif23 Kif20a Copg2 Cog5 Tuba1a Cenpe Cyth1 Rab6b Rab30 Cog1 Gosr2 Kif3c Vti1a Cog6 Tmed7 Stx5a Bnip1"
"REACTOME_INTRA_GOLGI_TRAFFIC",0.628628229987682,0.949678174370977,1,31,0.218794793415905,11,"Rgp1 Cyth3 Ric1 Rab39 Vps45 Cog4 Stx16 Ykt6 Napa Cog7 Nsf"
"REACTOME_INTRINSIC_PATHWAY_FOR_APOPTOSIS",-0.971237836852512,0.494552657642786,1,37,-0.292798691255103,7,"Bcl2 Casp9 Bcl2l11 Casp3 Bcl2l1 Nmt1 Sfn"
"REACTOME_INWARDLY_RECTIFYING_K_CHANNELS",-0.891720731515363,0.590088876918934,1,10,-0.371383544917149,1,"Kcnj1"
"REACTOME_ION_CHANNEL_TRANSPORT",-0.85037986362601,0.787878787878788,1,78,-0.221774699663562,16,"Clcn6 Ttyh3 Atp1b1 Tsc22d3 Atp6v0a1 Atp8a1 Atp6v0d1 Trpm5 Ripk1 Ostm1 Nedd4l Clcn7 Atp6v1g2 Trpv2 Calm1 Clcn4"
"REACTOME_ION_HOMEOSTASIS",1.30818513812003,0.139742619227858,1,22,0.488229910276077,2,"Slc8a1 Asph"
"REACTOME_ION_TRANSPORT_BY_P_TYPE_ATPASES",-0.627300970248643,0.947492625368732,1,23,-0.210473136877329,2,"Atp1b1 Atp8a1"
"REACTOME_IRAK1_RECRUITS_IKK_COMPLEX",0.654259262633746,0.893318625906083,1,11,0.286972445064527,11,"Ikbkg Chuk Irak1 Ube2n Traf6 Ubb Peli1 Uba52 Ube2v1 Ubc Ikbkb"
"REACTOME_IRON_UPTAKE_AND_TRANSPORT",0.723947204703785,0.878818299153879,1,37,0.242555181175142,3,"Trf Hmox1 Steap4"
"REACTOME_IRS_MEDIATED_SIGNALLING",-0.874139301971911,0.630403664471801,1,16,-0.321169561467316,2,"Pik3r4 Irs2"
"REACTOME_ISG15_ANTIVIRAL_MECHANISM",-0.853793562682513,0.688245823389022,1,25,-0.280285745677738,5,"Trim25 Usp18 Ube2l6 Nedd4 Flnb"
"REACTOME_JNK_C_JUN_KINASES_PHOSPHORYLATION_AND_ACTIVATION_MEDIATED_BY_ACTIVATED_HUMAN_TAK1",-0.716692930118034,0.855571635311143,1,20,-0.248687881975429,2,"Tab3 Map2k4"
"REACTOME_KEAP1_NFE2L2_PATHWAY",-0.430153956719123,1,1,60,-0.117032099618319,59,"Skp2 Mafk Akt2 Sesn1 Psmc5 Ufd1 Psmc6 Akt3 Cul1 Rbx1 Ep300 Keap1 Ubc Map1lc3b Psmd13 Trim21 Uba52 Psmb4 Adrm1 Psmc1 Ubb Psmd1 Nfe2l2 Psmd7 Psmb5 Psmd3 Psma4 Psma2 Sqstm1 Psmc4 Psmb2 Psma5 Psmb6 Cul3 Mul1 Prdx1 Psmd12 Psmc3 Psmb3 Psma3 Psmb1 Psmd11 Psma1 Psmd8 Akt1 Ubxn7 Bach1 Psmd6 Vcp Psma6 Nploc4 Gsk3b Psmb7 Psmd14 Psmd2 Psma7 Psmc2 Fbxl17 Sesn2"
"REACTOME_KERATAN_SULFATE_BIOSYNTHESIS",1.32623125542923,0.136033390013913,1,15,0.537902865257719,3,"B4galt4 B3gnt3 B3gnt7"
"REACTOME_KERATAN_SULFATE_KERATIN_METABOLISM",1.11385615290767,0.317586101798232,1,21,0.420274289775033,3,"B4galt4 B3gnt3 B3gnt7"
"REACTOME_KINESINS",-1.00795318414188,0.43150912106136,1,38,-0.302007645420255,9,"Klc3 Tubb2b Kif3a Tubb2a Racgap1 Kif23 Kif20a Tuba1a Cenpe"
"REACTOME_KSRP_KHSRP_BINDS_AND_DESTABILIZES_MRNA",0.671268684479986,0.877239445396479,1,14,0.276872292090005,7,"Dis3 Exosc3 Exosc9 Exosc5 Dcp2 Exosc1 Akt1"
"REACTOME_L1CAM_INTERACTIONS",0.624821697061983,0.96969696969697,1,44,0.203023040950733,13,"Itga9 Kif4 Itgb3 Tuba1c Itga5 Tuba4a Sptbn4 Map2k2 Ranbp9 Itgav Tuba1b Csnk2a2 Numb"
"REACTOME_LAGGING_STRAND_SYNTHESIS",0.9232150794823,0.577363678020467,1,20,0.351725455629043,7,"Dna2 Prim2 Fen1 Pold3 Pcna Rpa2 Rfc4"
"REACTOME_LANOSTEROL_BIOSYNTHESIS",-1.50742391640277,0.0630205441421433,1,13,-0.583810842791713,6,"Idi1 Lss Pmvk Acat2 Fdft1 Hmgcs1"
"REACTOME_LDL_CLEARANCE",-1.48997734511235,0.0697739324588334,1,14,-0.566348349177234,6,"Nceh1 Lipa Ldlr Ap2b1 Ldlrap1 Soat1"
"REACTOME_LYSOSOME_VESICLE_BIOGENESIS",0.669437443795686,0.921911764705882,1,30,0.234749248041946,5,"App Ap1m2 Cltb Arrb1 Ap1s1"
"REACTOME_MACROAUTOPHAGY",-0.951738896940385,0.58317843866171,1,110,-0.233490947049358,22,"Tubb2b Tubb2a Mfn1 Pik3r4 Pex5 Prkab2 Prkag1 Slc38a9 Atg4c Tsc1 Tuba1a Rb1cc1 Nbr1 Gabarapl2 Chmp7 Mtmr14 Wdr45 Vdac3 Hdac6 Vim Atg16l2 Optn"
"REACTOME_MAJOR_PATHWAY_OF_RRNA_PROCESSING_IN_THE_NUCLEOLUS_AND_CYTOSOL",1.00570562022742,0.451171875,1,93,0.291121880335813,41,"Mphosph6 Rpp38 Rpp40 Ddx49 Nop58 Ncl Senp3 Rrp9 Nol6 Tsr1 Rcl1 Dis3 Heatr1 Wdr12 Nop56 Imp4 Gnl3 Utp4 Nop14 Exosc3 Eri1 Las1l Ebna1bp2 Fbl Riok2 Ddx21 Utp25 Krr1 Exosc9 Nol11 Fcf1 Exosc5 Tbl3 Pes1 Ftsj3 Pelp1 Pwp2 Wdr46 Wdr18 Exosc1 Utp20"
"REACTOME_MAP2K_AND_MAPK_ACTIVATION",-0.809924159196664,0.764651162790698,1,28,-0.259144038061026,2,"Vcl Braf"
"REACTOME_MAP3K8_TPL2_DEPENDENT_MAPK1_3_ACTIVATION",0.747672564452516,0.79073432083202,1,11,0.327945565592574,3,"Tnip2 Ikbkg Chuk"
"REACTOME_MAPK6_MAPK4_SIGNALING",-0.458347012552177,1,1,52,-0.128335872276305,2,"Kalrn Ccnd3"
"REACTOME_MAPK_FAMILY_SIGNALING_CASCADES",-0.737447839998655,0.995031055900621,1,182,-0.168426400346243,28,"Vcl Kalrn Rasgrp1 Rasa3 Spred1 Irs2 Braf Gfra1 Ccnd3 Dusp6 Dusp10 Dlg3 Jak2 Rgl1 Bcl2l1 Dusp5 Rasal2 Sptan1 Foxo1 Ptpra Fyn Csk Dusp2 Ppp1cb Rapgef2 Calm1 Fnta Kras"
"REACTOME_MAPK_TARGETS_NUCLEAR_EVENTS_MEDIATED_BY_MAP_KINASES",-1.26698558586009,0.150147492625369,1,23,-0.425101256464877,3,"Mapk11 Fos Dusp6"
"REACTOME_MATRIGLYCAN_BIOSYNTHESIS_ON_DAG1",0.715910906172761,0.825886468436953,1,10,0.321537242887322,5,"Crppa Slc35a4 Pomgnt1 Fktn Slc35a1"
"REACTOME_MATURATION_OF_TCA_ENZYMES_AND_REGULATION_OF_TCA_CYCLE",0.848072022420677,0.680551301684533,1,19,0.326699409268602,8,"Sdhaf1 Sdhaf4 Sdhaf3 Sirt3 Sdhc Iscu AK157302 Lyrm4"
"REACTOME_MEMBRANE_TRAFFICKING",-0.90378994656192,0.888726207906296,1,432,-0.189742656702312,85,"Adrb2 Gcc1 Sbf2 Rab3a Klc3 Rab27a Itsn1 Hip1 Tubb2b Kif3a Tubb2a Sec24d Rin3 Racgap1 Igf2r Txndc5 Rab9 Bet1 Ap1s2 Dennd4c Synj1 Ppp6c Dennd4a Snx9 Mvb12a Cd55 Ap1m1 Tsc1 Snx2 Kif23 Kif20a Dennd4b Copg2 Cog5 Tuba1a Tbc1d14 Cenpe Cyth1 Sptan1 Tbc1d7 Rab6b Rab3ip Ap4e1 Rab30 Cog1 Gosr2 Kif3c Ldlr Ap1g2 Vti1a Fcho2 Ap2b1 Sec24b Hgs Ldlrap1 Cog6 Sar1b Tmed7 Gabarapl2 Scfd1 Stx5a Bnip1 Chml Trappc1 Akt2 Cops3 Ap1s3 Vps51 Sytl1 Chmp7 Ubap1 Ap1g1 Snap29 Trappc5 Bin1 Csnk1d Clint1 Dennd6a Dennd5a Golga2 Gosr1 Fnbp1 Trip10 Agfg1 Dctn6"
"REACTOME_METABOLISM_OF_AMINO_ACIDS_AND_DERIVATIVES",0.972146373108911,0.527302060064532,1,136,0.267867751022048,58,"Acad8 Tstd1 Gcsh Slc44a1 Oaz2 Ddc Slc7a5 Serinc4 Gcdh Bcat1 Srm Prodh Gpt2 Dld Aldh6a1 Kynu Gstz1 Slc3a2 Odc1 Mtr Bckdhb Mccc2 Dlst Suox Txnrd1 Sirt5 Slc25a13 Echs1 Sephs2 Psat1 Psmc2 Mpst Bckdk Bcat2 Acadsb Carns1 Phykpl Hykk Psma7 Psmd2 Aldh7a1 Srr Grhpr Psmd14 Psmb7 Mri1 Asrgl1 Dbt Got2 Psma6 Azin1 Phgdh Psmd6 Hsd17b10 Ivd Txn2 Pycr2 Auh"
"REACTOME_METABOLISM_OF_CARBOHYDRATES_AND_CARBOHYDRATE_DERIVATIVES",1.26107718880334,0.0681926561754888,1,181,0.336522575630815,50,"B4galt4 Sdc3 Pcx Shpk Phkg1 B3galt2 Eno3 Hs3st3b1 B3gnt3 B3gnt7 B3gat2 Cryl1 St6galnac6 Bpgm Dse Papss1 Hyal1 Aldoc Slc35b2 Ext1 Hgsnat Nup37 Sord Chst11 Rbks Slc37a1 Pfkfb1 Pfkfb2 Uxs1 Extl2 Gale Nup160 Pfkl Slc26a2 Pfkp Cspg5 St3gal4 St3gal2 Nup54 Tpi1 Nup205 Man2c1 Nup88 Slc37a4 Pgm1 Dcxr Nup188 Phka2 Nup107 Slc17a5"
"REACTOME_METABOLISM_OF_COFACTORS",-0.889419546924597,0.620841919340595,1,22,-0.301196974517053,3,"Idh1 Coq7 Aco1"
"REACTOME_METABOLISM_OF_FAT_SOLUBLE_VITAMINS",1.10463396161019,0.35439647021746,1,11,0.484516654129583,2,"Sdc3 Apoe"
"REACTOME_METABOLISM_OF_FOLATE_AND_PTERINES",1.17927237191994,0.26625,1,13,0.495612434661983,6,"Mthfr Mthfd1 Slc19a1 Fpgs Shmt2 Mthfd2l"
"REACTOME_METABOLISM_OF_LIPIDS",-0.905099756478035,0.861788617886179,1,367,-0.19222947944016,74,"Acsl4 Idi1 Acaa2 Dhcr24 Cyp39a1 Cers6 Hacl1 Acox1 Pik3r4 Pitpnm2 Prkab2 Dhcr7 Cyp51 Cyp27a1 Pip4k2b Acot8 Lss Pon2 Fitm2 Pik3cg Etnk1 Scd1 Pik3c2b Hexb Synj1 Elovl6 Ctsa Sgms1 Osbpl9 Neu1 Cpt1b Pmvk Acat2 Kdsr Cerk Gpam Glb1l Agpat2 Sumf2 Fdft1 Osbp Cyp2d22 Osbpl2 Tbl1x B3gnt5 Cyp4f18 Lpcat2 B3galt4 Faah Plekha2 Pik3r5 Inpp5f Aacs Gpd2 Agpat1 Stard3 Srebf1 Pip5k1b Lpgat1 Stard4 Hmgcs1 Aldh3a2 Gpd1l Decr1 Acsl3 Ormdl1 Spns2 Vac14 Ptdss1 Mtmr14 Selenoi Srebf2 Pnpla8 Sphk2"
"REACTOME_METABOLISM_OF_NITRIC_OXIDE_NOS3_ACTIVATION_AND_REGULATION",0.938850360463822,0.55546801134573,1,11,0.411800334942815,3,"Spr Zdhhc21 Hsp90aa1"
"REACTOME_METABOLISM_OF_NUCLEOTIDES",1.30802037442755,0.0851926977687627,1,68,0.396842486789102,32,"Pnp2 Dctd Dnph1 Uck2 Tk1 Nme4 Nudt13 Ada Impdh1 Pfas Txn1 Dhodh Adal Paics Adprm Atic Gmpr2 Aprt Gmps Nme2 Adk Entpd1 Txnrd1 Nme1 Ampd2 Guk1 Gart Ppat Uck1 Nudt5 Tyms Nt5c2"
"REACTOME_METABOLISM_OF_POLYAMINES",0.850968853960927,0.707727402338181,1,40,0.281637014773262,24,"Oaz2 Srm Odc1 Psmc2 Psma7 Psmd2 Psmd14 Psmb7 Psma6 Azin1 Psmd6 Psmd8 Psma1 Sms Psmd11 Psmb1 Psma3 Psmb3 Psmc3 Psmd12 Psmb6 Psma5 Psmb2 Psmc4"
"REACTOME_METABOLISM_OF_PORPHYRINS",0.88585775754674,0.62528806268244,1,16,0.353929282068075,9,"Hmox1 Flvcr1 Cox15 Alas1 Fech Blvra Cpox Abcc1 Ppox"
"REACTOME_METABOLISM_OF_RNA",0.609004035795373,1,1,497,0.15049929189836,219,"Mphosph6 Rpp38 Rbmx2 Magohb Nup37 Nt5c3b Rpp40 Ddx49 Wdr77 Nop58 Ncl Senp3 Nup160 Rrp9 Nol6 Ddx20 Tsr1 Gtf2f2 Ppih Rcl1 Prpf4 Upf3a Rnf113a1 Gtf2h5 Dis3 Nup54 Nup205 Snrnp25 Rnmt Heatr1 Zrsr2 Nkap Nup88 Snrnp35 Dcp1a Wdr12 Mettl3 Nop56 Dhx35 Gpkow Imp4 Nup188 Gspt1 Nup107 Cstf2 Gnl3 Utp4 Rbmx Txnl4a Nop14 Prpf6 Clns1a Exosc3 Xrn1 Cnot4 Etf1 Smn1 Gcfc2 Ppig Eri1 Mnat1 Gtf2h2 Zcrb1 Set Ndc1 Las1l Tcerg1 Snrpd1 Polr2l Psmc2 Ebna1bp2 Smg7 Fbl Pqbp1 Snrnp200 Snrpf Eif4a1 Riok2 U2af1l4 Snrpa U2af1 Wbp11 Ddx21 Utp25 Gtf2f1 Xpo1 Srsf2 Prpf3 Krr1 Psma7 Exosc9 Cstf2t Rngtt Zmat2 Nol11 Sde2 Snrpb Fcf1 Dhx8 Psmd2 Wtap Sf3a1 Alyref Paip1 Prpf31 Snrpg Exosc5 Cnot6l Upf1 Srsf5 Tbl3 Fus Plrg1 Rbm8a Dcp2 U2af2 Nxt1 Pes1 Lsm7 Ftsj3 Prmt5 Psmd14 Psmb7 Pelp1 Pwp2 Cpsf7 Eif4b Wdr46 Sf3a2 Hnrnpa3 Ppp2ca Snrnp70 Srrt Wdr18 Cstf3 Exosc1 Utp20 Cpsf4 Polr2f Polr2h Ppil3 Nup133 Lsm5 Lsm10 Srsf11 Srsf7 Psma6 Ddx41 Luc7l3 Snrpd3 Rbm10 Lsm6 Psmd6 Fyttd1 Gemin4 Dcps Riok3 Ybx1 Chtop Smg8 Cwc27 Ddx42 Aaas Emg1 Rbm26 Wdr75 Hnrnpa1 Snupn Snu13 Bop1 Aqr Slbp Eif4e Akt1 Ddx52 Eif4g1 Hspa8 Pcbp1 Snrpd2 Sf3b3 Noc4l Thoc6 Rbm17 Srrm2 Ppil2 Psmd8 Sf1 Thoc3 Polr2k Utp14a Ncbp2 Pno1 Rrp36 Psma1 Snrpe Prpf19 Xab2 Hnrnpc Polr2i Leng1 Hnrnpk Hnrnpr Bysl Rbm27 Prpf4b Psmd11 Hnrnph1 Mphosph10 U2surp Slu7 Utp3 Ercc2 Psmb1 Psma3 Snrpc Clp1 Psmb3 Lsm1 Polr2d"
"REACTOME_METABOLISM_OF_STEROIDS",-1.32157302338654,0.0734632683658171,1,63,-0.355143861159988,18,"Idi1 Dhcr24 Cyp39a1 Dhcr7 Cyp51 Cyp27a1 Acot8 Lss Osbpl9 Pmvk Acat2 Fdft1 Osbp Osbpl2 Stard3 Srebf1 Stard4 Hmgcs1"
"REACTOME_METABOLISM_OF_STEROID_HORMONES",0.808498091423806,0.728242386767661,1,15,0.327916747665182,3,"Tspoap1 Hsd11b1 Fdx1"
"REACTOME_METALLOPROTEASE_DUBS",-0.556400429922366,0.972919042189282,1,18,-0.197190472035599,18,"Kat2b Babam2 Ep300 Ubc Stambpl1 Brcc3 Uba52 Stambp Abraxas1 Babam1 Ubb Brca1 Uimc1 Abraxas2 Psmd14 Bard1 Stam Mysm1"
"REACTOME_METAL_ION_SLC_TRANSPORTERS",1.05794476196272,0.387518796992481,1,25,0.385769076530541,3,"Slc8a1 Slc9a9 Slc39a6"
"REACTOME_METHYLATION",0.846042161930103,0.674913331232272,1,11,0.371092625971235,3,"Gsto1 Mtr N6amt1"
"REACTOME_MET_PROMOTES_CELL_MOTILITY",1.07333278106386,0.384016201900608,1,14,0.44270813481893,4,"Ptk2 Col27a1 Tns3 Dock7"
"REACTOME_MHC_CLASS_II_ANTIGEN_PRESENTATION",-1.30261701694381,0.0572519083969466,1,89,-0.33133234248951,27,"Klc3 Tubb2b Kif3a Tubb2a Sec24d Racgap1 H2-DMb1 Ap1s2 Ctsa H2-Ob Ap1m1 Kif23 Kif20a H2-DMa Tuba1a Cenpe Kif3c Ap2b1 Sec24b Sar1b Ap1s3 Cd74 Ap1g1 H2-Ab1 Ctse Dctn6 Ctsc"
"REACTOME_MISCELLANEOUS_TRANSPORT_AND_BINDING_EVENTS",-1.41571607043441,0.0966129927817879,1,13,-0.548293272543014,5,"Ank Add3 Add1 Mrs2 Lrrc8a"
"REACTOME_MISMATCH_REPAIR",0.794971145334279,0.748956562065234,1,15,0.322430386949464,6,"Mlh1 Pold3 Pcna Rpa2 Msh2 Lig1"
"REACTOME_MISMATCH_REPAIR_MMR_DIRECTED_BY_MSH2_MSH3_MUTSBETA",0.669733574669465,0.876450946096359,1,10,0.300797606533911,4,"Pold3 Rpa2 Msh2 Lig1"
"REACTOME_MITF_M_DEPENDENT_GENE_EXPRESSION",-0.905537133984835,0.576039387308534,1,11,-0.366594566347693,2,"Rab27a Tcf7l2"
"REACTOME_MITF_M_REGULATED_MELANOCYTE_DEVELOPMENT",-0.873517123957336,0.651551312649165,1,25,-0.286760651698304,3,"Rab27a Csf1 Tcf7l2"
"REACTOME_MITOCHONDRIAL_BIOGENESIS",0.622975488371599,0.91867892195046,1,14,0.256953222113965,5,"Sod2 Sirt3 Sirt5 Gm10053 Cycs"
"REACTOME_MITOCHONDRIAL_CALCIUM_ION_TRANSPORT",-0.585784801923443,0.951599207472403,1,15,-0.218645374669979,1,"Slc8b1"
"REACTOME_MITOCHONDRIAL_FATTY_ACID_BETA_OXIDATION",0.874016595522547,0.659449970743125,1,31,0.30420250211031,16,"Acad11 Them4 Pcca Mmaa Acad10 Acot7 Echs1 Acsf2 Pccb Acot13 Acadm Acot9 Acot11 Ndufab1 Acbd6 Hadhb"
"REACTOME_MITOCHONDRIAL_IRON_SULFUR_CLUSTER_BIOGENESIS",-0.5780678628701,0.939051296194153,1,12,-0.228193015597728,3,"Fxn Isca2 Nfs1"
"REACTOME_MITOCHONDRIAL_PROTEIN_DEGRADATION",1.08159148158009,0.335902636916836,1,68,0.328145846679185,35,"Acad8 App Hspd1 Htra2 Bdh1 Nadk2 Shmt2 Dld Ndufv3 Hspa9 Alas1 Twnk Pdk1 Fech Acadsb Pccb Oxct1 Uqcrq Spg7 Slc25a5 Suclg2 Fh1 Ndufa13 Idh3a Dbt Star Smdt1 Hsd17b10 Ndufv1 Iars2 Mdh2 Ndufs3 Mrpl32 Eci1 Aldh2"
"REACTOME_MITOCHONDRIAL_RIBOSOME_ASSOCIATED_QUALITY_CONTROL",-0.551630553724377,1,1,88,-0.140617208857473,86,"Mrps31 Mrps23 Mrpl1 Mrps30 Mrpl55 Mrps21 Mrpl48 Mrps10 Mrpl22 Mrps25 Mrpl49 Mrpl50 Eral1 Mrpl14 Mrpl28 Mrpl37 Mrps7 Mrps16 Mrpl45 Mrpl10 Gadd45gip1 Mrpl9 Mrpl43 Mrpl4 Mrpl20 Mrps33 Mrps28 Mrpl18 Mrps24 Mrps36 Mrpl19 Mrpl44 Aurkaip1 Mrps22 Oxa1l Mrps18c Mrpl16 Mrps35 Mrpl33 Mrpl41 Mrpl57 Mrpl12 Mrps11 Mrpl36 Mrps2 Mrps12 Mrpl30 Mrpl23 Mrpl53 Mrps9 Mrpl46 Mrps18a Mrpl13 Mrps5 Mrpl32 Mrpl42 Mrps27 Mrpl38 Mrps15 Mrpl54 Ptcd3 Mrpl2 Mrps17 Ndufab1 Mrpl40 Mrps18b Mrpl24 Mrpl11 Mrpl47 Chchd1 Mrpl27 Mrpl17 Mief1 Mrpl39 Mrps26 Mrps34 Mrpl35 Mrpl34 Mrps6 Mrps14 Mrpl21 Dap3 Mrpl51 Mrpl52 Mrpl3 Mrpl15"
"REACTOME_MITOCHONDRIAL_TRANSLATION",-0.580175393911854,0.999085505258345,1,106,-0.143119888605038,105,"Mtrf1 Mrps31 Mrps23 Mrpl1 Mrps30 Mrpl55 Mrps21 Mrpl48 Mrps10 Mrpl22 Mrps25 Mrpl49 Mrpl50 Mtrf1l Eral1 Mrpl14 mt-Co1 mt-Nd6 Mrpl28 Mrpl37 mt-Atp6 Mrps7 Mrps16 mt-Nd3 mt-Nd2 Mrpl45 Mrpl10 Gadd45gip1 Mrpl9 Mrpl43 Mrpl4 mt-Co2 mt-Nd4l Mrpl20 Mrrf mt-Nd5 Mrps33 Mrps28 Mrpl18 mt-Co3 Mrps24 mt-Cytb Mrps36 Mrpl19 Mrpl44 Aurkaip1 mt-Atp8 mt-Nd1 Mrps22 Oxa1l Mrps18c Mrpl16 Mrps35 Mrpl33 Mrpl41 Mrpl57 Mrpl12 Mrps11 Mrpl36 Mrps2 mt-Nd4 Mrps12 Mrpl30 Mrpl23 Mrpl53 Mrps9 Mrpl46 Mrps18a Mrpl13 Mrps5 Mrpl32 Mrpl42 Mrps27 Mrpl38 Mrps15 Mrpl54 Ptcd3 Mrpl2 Mrps17 Ndufab1 Mrpl40 Mrps18b Mrpl24 Mrpl11 Mrpl47 Chchd1 Mrpl27 Mrpl17 Mief1 Gfm2 Mrpl39 Mrps26 Mrps34 Mrpl35 Mrpl34 Mrps6 Mrps14 Mrpl21 Dap3 Mrpl51 Mrpl52 Mrpl3 Mrpl15 Gfm1 Mrpl58"
"REACTOME_MITOPHAGY",0.567566638169215,0.983228211009174,1,36,0.191088862404856,14,"Vdac1 Atg12 Pink1 Ube2l3 Tomm40 Fundc1 Mfn2 Tomm20 Csnk2a2 Tomm70a Tomm5 Tomm6 Atg9a Tbk1"
"REACTOME_MITOTIC_G1_PHASE_AND_G1_S_TRANSITION",0.517389944712126,0.999872611464968,1,110,0.146416551533851,37,"Tfdp1 Prim2 Ccne1 Mcm2 Pole Cdc25a Gmnn Cks1b Orc2 Cdk4 Orc3 Lin9 E2f5 Orc1 E2f1 Rb1 Lin37 Pole2 Cdkn1a Rpa2 Mnat1 Psmc2 Ppp2r1b Dbf4 Psma7 Cdc45 Psmd2 Lin52 Ccnd1 Rbbp4 Psmd14 Psmb7 Ppp2ca Orc4 E2f4 Orc5 Cdk6"
"REACTOME_MITOTIC_G2_G2_M_PHASES",-1.04631438041823,0.31695196024296,1,154,-0.244101540360335,21,"Cep164 Pkmyt1 Cdc25b Tubb2b Alms1 Tubb2a Prkar2b Ppp1r12b Phlda1 Nedd1 Haus1 Tpx2 Wee1 Nme7 Mis18bp1 Tuba1a Cep78 Haus5 Cep70 Ppp2r2a Tubgcp3"
"REACTOME_MITOTIC_METAPHASE_AND_ANAPHASE",0.932754581257634,0.627926223693545,1,192,0.247415377056169,38,"Zwilch Dsn1 Cenpl Ska2 Nsl1 Cenph Cenpk Cenpn Cdk1 Rcc1 Mis12 Cenps Cdc26 Kif2c Cenpc1 Wapl Nup37 Cdc27 Cenpi Tuba1c Kif18a Nup160 Itgb3bp Nuf2 Cenpp Nup205 Cenpt Zwint Nup188 Tuba4a Nup107 Kpnb1 Ran Cdca8 Chmp4c Chmp6 Ccnb2 Spc25"
"REACTOME_MITOTIC_PROMETAPHASE",0.894855350903431,0.70347721822542,1,172,0.240081375584877,34,"Zwilch Dsn1 Cenpl Ska2 Nsl1 Cenph Cep76 Cenpk Cenpn Tubg2 Cdk1 Mis12 Haus2 Cenps Kif2c Cenpc1 Ncapg Wapl Sdccag8 Nup37 Cenpi Tuba1c Kif18a Nup160 Itgb3bp Cep131 Nuf2 Cenpp Ncapd2 Cep250 Cenpt Haus3 Zwint Hsp90aa1"
"REACTOME_MITOTIC_PROPHASE",1.10022875132545,0.309300746775289,1,65,0.336130563898853,18,"Gorasp1 Cdk1 Nup37 Ncapd3 Nup160 Nup54 Nup205 Nup88 Rab1a Nup188 Nup107 Rb1 Nek9 Ccnb2 Set Numa1 Ndc1 Ncapg2"
"REACTOME_MITOTIC_SPINDLE_CHECKPOINT",1.23830298238135,0.121402877697842,1,103,0.353270126112501,23,"Zwilch Dsn1 Cenpl Ska2 Nsl1 Cenph Cenpk Cenpn Mis12 Cenps Cdc26 Kif2c Cenpc1 Nup37 Cdc27 Cenpi Kif18a Nup160 Itgb3bp Nuf2 Cenpp Cenpt Zwint"
"REACTOME_MITOTIC_TELOPHASE_CYTOKINESIS",-1.01413536059651,0.43670183231538,1,13,-0.392764910475609,5,"Kif23 Kif20a Pds5b Stag1 Rad21"
"REACTOME_MODULATION_OF_HOST_RESPONSES_BY_IFN_STIMULATED_GENES",0.588859270879205,0.939418031483543,1,10,0.264474510409885,4,"Ifi44 Uba7 Ikbkg Chuk"
"REACTOME_MRNA_3_END_PROCESSING",-0.715237351940658,0.991807475678443,1,137,-0.169360403878791,133,"Prr3 Pcf11 Dhx38 Polr2b Ppp1cb Rbm5 Sympk Sf3b1 Sugp1 Cstf1 Hnrnph2 Wdr33 Rbm25 Polr2a Ppp1ca Thoc1 Ubc Rbbp6 Hnrnpl Cpsf2 Poldip3 Zc3h11a Thoc7 Eif4a3 Ppp1r8 Ddx39b Phf5a Rbm39 Cpsf3 Uba52 Smndc1 Papola Ddx46 Pabpn1 Nudt21 Sf3a3 Puf60 Polr2e Srsf10 Sf3b2 Ptbp1 Ubb Ncbp1 Dnajc8 Cdc40 Htatsf1 Upf3b Hnrnpd Sf3b4 Polr2g Srsf9 Dhx15 Ddx5 Magoh Cpsf1 Dhx9 Sarnp Sf3b5 Hnrnpu Casc3 Snrpa1 Prpf40a Rnps1 Hnrnpf Cherp Pcbp2 Polr2c Srsf1 Thoc2 Tut1 Papolg Fip1l1 Srrm1 Hnrnpa2b1 Cpsf6 Tra2b Srsf3 Polr2d Clp1 Snrpc Slu7 U2surp Hnrnph1 Hnrnpr Hnrnpk Polr2i Hnrnpc Snrpe Ncbp2 Polr2k Thoc3 Srrm2 Rbm17 Thoc6 Sf3b3 Snrpd2 Pcbp1 Hnrnpa1 Ddx42 Chtop Ybx1 Fyttd1 Rbm10 Snrpd3 Srsf7 Srsf11 Polr2h Polr2f Cpsf4 Cstf3 Srrt Snrnp70 Hnrnpa3 Sf3a2 Cpsf7 U2af2 Rbm8a Fus Srsf5 Snrpg Alyref Sf3a1 Snrpb Cstf2t Srsf2 Gtf2f1 U2af1 Snrpa U2af1l4 Snrpf Polr2l Snrpd1 Tcerg1"
"REACTOME_MRNA_CAPPING",0.577358708342472,0.973292017116718,1,28,0.205346567293973,15,"Gtf2f2 Gtf2h5 Rnmt Mnat1 Gtf2h2 Polr2l Gtf2f1 Rngtt Polr2f Polr2h Polr2k Ncbp2 Polr2i Ercc2 Polr2d"
"REACTOME_MRNA_DECAY_BY_3_TO_5_EXORIBONUCLEASE",0.891705359399119,0.616060225846926,1,12,0.382082135390427,7,"Nt5c3b Dis3 Exosc3 Exosc9 Exosc5 Exosc1 Dcps"
"REACTOME_MRNA_DECAY_BY_5_TO_3_EXORIBONUCLEASE",-0.73096642376916,0.819704158526375,1,14,-0.277844242909905,2,"Dcp1b Edc4"
"REACTOME_MRNA_POLYADENYLATION",-0.777775067611891,0.947168015230842,1,115,-0.189379763618223,112,"Prr3 Pcf11 Polr2b Ppp1cb Rbm5 Sympk Sf3b1 Sugp1 Cstf1 Hnrnph2 Wdr33 Rbm25 Polr2a Ppp1ca Ubc Rbbp6 Hnrnpl Cpsf2 Ppp1r8 Phf5a Rbm39 Cpsf3 Uba52 Smndc1 Papola Ddx46 Pabpn1 Nudt21 Sf3a3 Puf60 Polr2e Srsf10 Sf3b2 Ptbp1 Ubb Ncbp1 Dnajc8 Cdc40 Htatsf1 Hnrnpd Sf3b4 Polr2g Srsf9 Dhx15 Ddx5 Cpsf1 Dhx9 Sf3b5 Hnrnpu Snrpa1 Prpf40a Hnrnpf Cherp Pcbp2 Polr2c Srsf1 Tut1 Papolg Fip1l1 Hnrnpa2b1 Cpsf6 Tra2b Srsf3 Polr2d Clp1 Snrpc U2surp Hnrnph1 Hnrnpr Hnrnpk Polr2i Hnrnpc Snrpe Ncbp2 Polr2k Srrm2 Rbm17 Sf3b3 Snrpd2 Pcbp1 Hnrnpa1 Ddx42 Ybx1 Rbm10 Snrpd3 Srsf7 Srsf11 Polr2h Polr2f Cpsf4 Cstf3 Srrt Snrnp70 Hnrnpa3 Sf3a2 Cpsf7 U2af2 Fus Srsf5 Snrpg Sf3a1 Snrpb Cstf2t Srsf2 Gtf2f1 U2af1 Snrpa U2af1l4 Snrpf Polr2l Snrpd1 Tcerg1"
"REACTOME_MRNA_SPLICING",0.817387683734415,0.873341941542435,1,199,0.216018210536881,90,"Rbmx2 Magohb Gtf2f2 Ppih Prpf4 Rnf113a1 Snrnp25 Zrsr2 Nkap Snrnp35 Dhx35 Gpkow Rbmx Txnl4a Prpf6 Gcfc2 Ppig Zcrb1 Tcerg1 Snrpd1 Polr2l Pqbp1 Snrnp200 Snrpf U2af1l4 Snrpa U2af1 Wbp11 Gtf2f1 Srsf2 Prpf3 Zmat2 Sde2 Snrpb Dhx8 Sf3a1 Alyref Prpf31 Snrpg Srsf5 Fus Plrg1 Rbm8a U2af2 Lsm7 Sf3a2 Hnrnpa3 Snrnp70 Srrt Polr2f Polr2h Ppil3 Lsm5 Srsf11 Srsf7 Ddx41 Luc7l3 Snrpd3 Rbm10 Lsm6 Ybx1 Cwc27 Ddx42 Hnrnpa1 Snu13 Aqr Hspa8 Pcbp1 Snrpd2 Sf3b3 Rbm17 Srrm2 Ppil2 Sf1 Polr2k Ncbp2 Snrpe Prpf19 Xab2 Hnrnpc Polr2i Leng1 Hnrnpk Hnrnpr Prpf4b Hnrnph1 U2surp Slu7 Snrpc Polr2d"
"REACTOME_MRNA_SPLICING_MINOR_PATHWAY",0.905320931858557,0.622383477532794,1,47,0.290713465639529,27,"Gtf2f2 Snrnp25 Zrsr2 Snrnp35 Txnl4a Prpf6 Zcrb1 Snrpd1 Polr2l Snrnp200 Snrpf Gtf2f1 Srsf2 Snrpb Snrpg Polr2f Polr2h Srsf7 Snrpd3 Ybx1 Ddx42 Snrpd2 Sf3b3 Polr2k Ncbp2 Snrpe Polr2i"
"REACTOME_MTORC1_MEDIATED_SIGNALLING",-0.788744908050397,0.775684427435973,1,22,-0.267104068931207,3,"Eef2k Slc38a9 Eif4ebp1"
"REACTOME_MTOR_SIGNALLING",-1.2121962944075,0.176295807197095,1,37,-0.365440343322104,7,"Prkab2 Eef2k Prkag1 Slc38a9 Cab39l Tsc1 Eif4ebp1"
"REACTOME_MUSCLE_CONTRACTION",1.02687753367548,0.42088520055325,1,52,0.324528239798597,7,"Slc8a1 Kcnk3 Asph Myl4 Myl6b Npr2 Camk2g"
"REACTOME_MYD88_MAL_TIRAP_CASCADE_INITIATED_ON_PLASMA_MEMBRANE",-0.774149910017821,0.908527131782946,1,73,-0.20371762067446,7,"Mapk11 Fos Tab3 Dusp6 Usp18 Map2k4 Ager"
"REACTOME_MYOGENESIS",0.858441105815998,0.663696420341066,1,16,0.34297542883249,3,"Cdon Ctnna1 Tcf4"
"REACTOME_M_PHASE",0.782271242152881,0.953979122235941,1,297,0.199805390361772,67,"Zwilch Dsn1 Cenpl Ska2 Nsl1 Cenph Cep76 Cenpk Cenpn Tubg2 Gorasp1 Cdk1 Rcc1 Mis12 Haus2 Cenps Cdc26 Kif2c Cenpc1 Ncapg Wapl Sdccag8 Nup37 Ncapd3 Cdc27 Cenpi Tuba1c Kif18a Nup160 Itgb3bp Cep131 Nuf2 Cenpp Ncapd2 Nup54 Cep250 Nup205 Cenpt Haus3 Nup88 Zwint Hsp90aa1 Rab1a Nup188 Tuba4a Nup107 Kpnb1 Ran Rb1 Cdca8 Nek9 Chmp4c Chmp6 Pcm1 Ccnb2 Spc25 Tubb5 Cenpo Nek2 Clip1 Set Numa1 Ndc1 Ncapg2 Ndc80 Psmc2 Anapc4"
"REACTOME_NCAM_SIGNALING_FOR_NEURITE_OUT_GROWTH",-1.11834393668438,0.314180583073875,1,15,-0.417424160277567,5,"Col5a3 Sptan1 Ptpra Fyn Kras"
"REACTOME_NEDDYLATION",0.542169574002641,1,1,176,0.145119146076716,15,"Fbxw17 Socs3 Ccnf Cish Kbtbd8 Dcaf6 Fbxo21 Dcun1d4 Fbxw8 Cops2 Dcun1d2 Klhl22 Fbxo6 Kctd6 Fbxw7"
"REACTOME_NEGATIVE_REGULATION_OF_FGFR2_SIGNALING",-1.35699363967174,0.125872174155735,1,14,-0.515800532265237,9,"Braf Ppp2cb Grb2 Cbl Ubc Ptpn11 Frs2 Uba52 Ppp2r1a"
"REACTOME_NEGATIVE_REGULATION_OF_FGFR3_SIGNALING",-1.35699363967174,0.125872174155735,1,14,-0.515800532265237,9,"Braf Ppp2cb Grb2 Cbl Ubc Ptpn11 Frs2 Uba52 Ppp2r1a"
"REACTOME_NEGATIVE_REGULATION_OF_FGFR4_SIGNALING",-1.35699363967174,0.125872174155735,1,14,-0.515800532265237,9,"Braf Ppp2cb Grb2 Cbl Ubc Ptpn11 Frs2 Uba52 Ppp2r1a"
"REACTOME_NEGATIVE_REGULATION_OF_FLT3",0.631987897290349,0.90984375,1,13,0.265605357940363,1,"Sla2"
"REACTOME_NEGATIVE_REGULATION_OF_MAPK_PATHWAY",-0.620226928777353,0.980099502487562,1,38,-0.185835292088246,6,"Braf Dusp6 Dusp10 Dusp5 Dusp2 Kras"
"REACTOME_NEGATIVE_REGULATION_OF_MET_ACTIVITY",-0.7055450364707,0.848287574299462,1,15,-0.263346127006281,15,"Hgs Grb2 Eps15 Cbl Ubc Stam2 Uba52 Sh3kbp1 Ubb Ptprj Ptpn1 Ptpn2 Usp8 Stam Sh3gl1"
"REACTOME_NEGATIVE_REGULATION_OF_THE_PI3K_AKT_NETWORK",-0.964799768380323,0.518410499453153,1,56,-0.265896024931232,11,"Irak4 Irs2 Pip4k2b Pik3cg Cd19 Phlpp2 Fyn Pik3r5 Pip5k1b Phlpp1 Akt2"
"REACTOME_NEGATIVE_REGULATORS_OF_DDX58_IFIH1_SIGNALING",0.876335480234206,0.63629234629862,1,12,0.375496376776192,1,"Nlrx1"
"REACTOME_NERVOUS_SYSTEM_DEVELOPMENT",0.863566685566185,0.759764907554794,1,148,0.235589746509488,21,"Sema6d Plxna1 Aph1b Itga9 Kif4 Plxna3 Ptk2 Pfn2 Sema7a Arhgef12 Arhgap35 Itgb3 Git1 Vav3 Enah Tuba1c Cdk5r1 Fes Sema5a Trio Plxnc1"
"REACTOME_NEUREXINS_AND_NEUROLIGINS",-1.06454388548672,0.374241588527303,1,12,-0.420230037108854,5,"Homer3 Nrxn2 Dlg3 Epb41 Cask"
"REACTOME_NEURONAL_SYSTEM",0.799342264967897,0.848663926002056,1,103,0.228040913064116,10,"Hcn3 Kcnk3 Slc18a2 Tspoap1 Kcnn4 Adcy3 Chrnb2 Ptprs Shank1 Ppfibp2"
"REACTOME_NEUROTRANSMITTER_RECEPTORS_AND_POSTSYNAPTIC_SIGNAL_TRANSMISSION",-0.65504730455047,0.970527045769764,1,45,-0.189469499207447,10,"Prkar2b Plcb3 Dlg3 Gnai2 Camkk2 Ap2b1 Calm1 Adcy9 Plcb2 Mdm2"
"REACTOME_NEUROTRANSMITTER_RELEASE_CYCLE",-0.922550205078636,0.567684331797235,1,19,-0.323620978586027,4,"Rab3a Gad1 Stxbp1 Naaa"
"REACTOME_NEUTROPHIL_DEGRANULATION",0.70817795395031,0.99612446019267,1,330,0.179360763178835,62,"Pnp2 Slpi Fcer1g Slc2a3 Dsn1 Tmbim1 Cxcr2 Timp2 Rab37 Sirpa Pdxk Stom Tnfrsf1b Cyfip1 Hbb-bt Fgl2 Dnase1l1 Mospd2 Fabp5 Aldoc Impdh1 Aga Lpcat1 Snap23 Hbb-bs Hgsnat Fuca2 Gca Cybb Mif Bst1 Pfkl Cpped1 Gla Tlr2 1600012H06Rik Fgr Rab31 Ptges2 Surf4 Iqgap2 2310033P09Rik Hsp90aa1 Dpp7 Pgm1 Kcmf1 Dgat1 Rab3d Cpne3 Kpnb1 Atad3a Glipr1 Ticam2 Tom1 Itgal Arsa Aprt Xrcc6 Nme2 Actr1b Prdx6 Tubb5"
"REACTOME_NF_KB_IS_ACTIVATED_AND_SIGNALS_SURVIVAL",-1.30531048577383,0.169037199124726,1,11,-0.528437447259196,1,"Ngfr"
"REACTOME_NICOTINATE_METABOLISM",1.08511345123559,0.372961104140527,1,12,0.464954550534892,4,"Nmnat3 Nmnat1 Nadk2 Bst1"
"REACTOME_NOD1_2_SIGNALING_PATHWAY",-1.15184275128407,0.243826195686152,1,29,-0.365203969845959,4,"Mapk11 Casp9 Tab3 Cyld"
"REACTOME_NONHOMOLOGOUS_END_JOINING_NHEJ",-0.774223256272572,0.839110529758012,1,34,-0.237684543391849,5,"Polm Nsd2 Nhej1 Xrcc4 Babam2"
"REACTOME_NONSENSE_MEDIATED_DECAY_NMD",0.479956283087073,0.995294117647059,1,30,0.168304563170035,9,"Magohb Upf3a Dcp1a Gspt1 Etf1 Smg7 Upf1 Rbm8a Ppp2ca"
"REACTOME_NONSENSE_MEDIATED_DECAY_NMD_INDEPENDENT_OF_THE_EXON_JUNCTION_COMPLEX_EJC",1.00627329989149,0.477182381936715,1,10,0.451947776809197,5,"Gspt1 Etf1 Upf1 Eif4g1 Ncbp2"
"REACTOME_NON_INTEGRIN_MEMBRANE_ECM_INTERACTIONS",-0.857100788707522,0.672357962908449,1,22,-0.29025240709801,3,"Col5a3 Itga6 Dag1"
"REACTOME_NOTCH_HLH_TRANSCRIPTION_PATHWAY",-0.972641481194394,0.488856729377713,1,20,-0.337500399006087,5,"Maml3 Kat2b Hdac11 Tbl1x Hdac10"
"REACTOME_NR1H2_AND_NR1H3_MEDIATED_SIGNALING",-0.660861913764063,0.868031241583625,1,10,-0.275235543551115,6,"Nr1h2 Tbl1x Ncoa1 Gps2 Rxrb Ep300"
"REACTOME_NRAGE_SIGNALS_DEATH_THROUGH_JNK",1.16296823878693,0.248415898617512,1,34,0.396486831502891,10,"Rasgrf2 Plekhg5 Abr Arhgef12 Ect2 Vav3 Arhgef10 Mapk8 Mcf2l Trio"
"REACTOME_NRIF_SIGNALS_CELL_DEATH_FROM_THE_NUCLEUS",0.994280221512278,0.482904642409034,1,12,0.426033898089245,2,"Aph1b Itgb3bp"
"REACTOME_NUCLEAR_ENVELOPE_BREAKDOWN",1.12301308038847,0.284502262443439,1,43,0.366933418558047,11,"Cdk1 Nup37 Nup160 Nup54 Nup205 Nup88 Nup188 Nup107 Nek9 Ccnb2 Ndc1"
"REACTOME_NUCLEAR_ENVELOPE_NE_REASSEMBLY",0.758245253242491,0.863293569175922,1,57,0.236262083968308,14,"Cdk1 Rcc1 Nup37 Tuba1c Nup160 Nup205 Nup188 Tuba4a Nup107 Kpnb1 Ran Chmp4c Chmp6 Ccnb2"
"REACTOME_NUCLEAR_EVENTS_KINASE_AND_TRANSCRIPTION_FACTOR_ACTIVATION",-1.51166220343933,0.0430678466076696,1,23,-0.507195590229455,3,"Egr2 Mapk11 Dusp6"
"REACTOME_NUCLEAR_EVENTS_MEDIATED_BY_NFE2L2",-0.910160315015994,0.616465863453815,1,40,-0.269429145904362,40,"Psmc5 Psmc6 Cul1 Rbx1 Ep300 Ubc Psmd13 Uba52 Psmb4 Adrm1 Psmc1 Ubb Psmd1 Nfe2l2 Psmd7 Psmb5 Psmd3 Psma4 Psma2 Psmc4 Psmb2 Psma5 Psmb6 Prdx1 Psmd12 Psmc3 Psmb3 Psma3 Psmb1 Psmd11 Psma1 Psmd8 Psmd6 Psma6 Gsk3b Psmb7 Psmd14 Psmd2 Psma7 Psmc2"
"REACTOME_NUCLEAR_PORE_COMPLEX_NPC_DISASSEMBLY",1.33673619433586,0.104264705882353,1,30,0.468748528124708,10,"Cdk1 Nup37 Nup160 Nup54 Nup205 Nup88 Nup188 Nup107 Ccnb2 Ndc1"
"REACTOME_NUCLEAR_RECEPTOR_TRANSCRIPTION_PATHWAY",-0.777909868681932,0.794985250737463,1,23,-0.261005702261898,5,"Thra Nr6a1 Nr2c2 Nr1h2 Nr1d2"
"REACTOME_NUCLEAR_RNA_DECAY",0.46257452436167,0.996325150668823,1,29,0.16313213502962,15,"Mphosph6 Dis3 Exosc3 Exosc9 Exosc5 Srrt Exosc1 Rbm26 Ncbp2 Rbm27 Exosc2 Ythdc1 Mtrex Papolg Zfc3h1"
"REACTOME_NUCLEOTIDE_BINDING_DOMAIN_LEUCINE_RICH_REPEAT_CONTAINING_RECEPTOR_NLR_SIGNALING_PATHWAYS",-1.22924067087028,0.153820598006645,1,39,-0.365789132627681,7,"Mapk11 Bcl2 Casp9 Tab3 Bcl2l1 Cyld Pstpip1"
"REACTOME_NUCLEOTIDE_BIOSYNTHESIS",1.29677256573845,0.165464240903388,1,12,0.555647250305804,8,"Impdh1 Pfas Dhodh Paics Atic Gmps Gart Ppat"
"REACTOME_NUCLEOTIDE_CATABOLISM",1.16204527442227,0.265010667479427,1,21,0.438456753252532,2,"Pnp2 Dnph1"
"REACTOME_NUCLEOTIDE_EXCISION_REPAIR",0.493625919298562,1,1,105,0.140451332393634,32,"Polk Uvssa Ercc6 Cops2 Pole Pold3 Gtf2h5 Pcna Ino80 Pole2 Rpa2 Mnat1 Gtf2h2 Rfc4 Cops7b Parp1 Polr2l Tfpt Actr5 Cul4b Actl6a Ino80c Ercc1 Ube2v2 Rad23b Lig1 Rad23a Rnf111 Polr2f Polr2h Cops4 Ruvbl1"
"REACTOME_NUCLEOTIDE_SALVAGE",1.18095286729172,0.263634966968812,1,16,0.471829474784208,9,"Pnp2 Uck2 Tk1 Ada Adal Gmpr2 Aprt Adk Ampd2"
"REACTOME_N_GLYCAN_ANTENNAE_ELONGATION",1.51613227614397,0.0383208777230084,1,10,0.680940865295562,3,"B4galt4 St8sia6 Mgat4b"
"REACTOME_N_GLYCAN_ANTENNAE_ELONGATION_IN_THE_MEDIAL_TRANS_GOLGI",1.47964827536737,0.0508526655400215,1,16,0.591168104983726,4,"B4galt4 St8sia6 Fut8 Mgat4b"
"REACTOME_N_GLYCAN_TRIMMING_IN_THE_ER_AND_CALNEXIN_CALRETICULIN_CYCLE",1.05014244431746,0.410655865399595,1,14,0.433143020524509,4,"Engase Calr Pdia3 Canx"
"REACTOME_ONCOGENE_INDUCED_SENESCENCE",-0.658171058317114,0.883120488617435,1,13,-0.254903346083412,4,"Ets1 Ets2 Mdm2 Mdm4"
"REACTOME_OPIOID_SIGNALLING",-0.929907737607041,0.576896311760612,1,44,-0.270440770916005,16,"Prkar2b Plcb3 Pde4c Gnai2 Camkk2 Calm1 Pde4a Adcy9 Pde4b Plcb2 Ppp2cb Calm3 Prkaca Gng2 Pla2g4a Ppp1ca"
"REACTOME_ORC1_REMOVAL_FROM_CHROMATIN",-0.380008412544588,1,1,53,-0.10607386661999,53,"Skp2 Mcm8 Ccna2 Cdt1 Psmc5 Mcm6 Mcm5 Psmc6 Cul1 Rbx1 Ubc Mcm4 Psmd13 Uba52 Psmb4 Adrm1 Mcm3 Orc6 Psmc1 Ubb Psmd1 Psmd7 Psmb5 Mcm7 Psmd3 Psma4 Psma2 Psmc4 Psmb2 Psma5 Cdk2 Psmb6 Psmd12 Psmc3 Psmb3 Psma3 Psmb1 Psmd11 Psma1 Psmd8 Psmd6 Psma6 Orc5 Orc4 Psmb7 Psmd14 Psmd2 Psma7 Psmc2 Orc1 Orc3 Orc2 Mcm2"
"REACTOME_ORGANELLE_BIOGENESIS_AND_MAINTENANCE",1.01387780422748,0.440708604483008,1,168,0.272835233542008,40,"Arl6 Ttc8 Kif24 Nphp3 Rab11fip3 Bbs10 B9d1 Cep76 Sclt1 Wdr19 Tmem67 Cdk1 Rpgrip1l Pkd1 Ift140 Haus2 Tctn2 Ift80 Traf3ip1 Bbs1 Sdccag8 Exoc8 Cep162 Tctn3 Kifap3 Tmem216 Tuba1c Cep131 Cluap1 Atat1 Ttbk2 Cep250 Sod2 Haus3 Cep97 Hsp90aa1 Ttc21b Cct3 Tuba4a Arl3"
"REACTOME_OTHER_INTERLEUKIN_SIGNALING",-1.05636679838915,0.387287907352545,1,10,-0.439955282470386,2,"Csf1 Casp3"
"REACTOME_OVARIAN_TUMOR_DOMAIN_PROTEASES",-0.726174322911983,0.875658914728682,1,28,-0.232347367637849,4,"Yod1 Tnip1 Otud3 Ripk1"
"REACTOME_OXIDATIVE_STRESS_INDUCED_SENESCENCE",-1.21602544573185,0.18541530412034,1,34,-0.37331667639791,7,"Mapk11 Fos Tnik Map2k4 Mink1 Kdm6b Suz12"
"REACTOME_O_LINKED_GLYCOSYLATION",0.965223922723024,0.521212964250939,1,50,0.307312591459999,18,"Galnt14 B3gnt3 B3gnt7 Crppa Muc6 B3glct Adamtsl4 Galnt4 Sema5a St3gal4 St3gal2 Slc35a4 St6galnac4 Pomgnt1 Fktn Galnt1 C1galt1c1 Slc35a1"
"REACTOME_O_LINKED_GLYCOSYLATION_OF_MUCINS",0.942504947759539,0.548267142644653,1,27,0.338059211132,7,"Galnt14 B3gnt3 B3gnt7 Muc6 Galnt4 St3gal4 St3gal2"
"REACTOME_P53_DEPENDENT_G1_DNA_DAMAGE_RESPONSE",-0.527214533129594,0.998581560283688,1,48,-0.150020136759116,47,"Ccna2 Cop1 Mdm2 Phf20 Psmc5 Mdm4 Psmc6 Ccne2 Cdkn1b Ubc Psmd13 Uba52 Psmb4 Adrm1 Atm Psmc1 Ubb Psmd1 Zfp385a Psmd7 Psmb5 Psmd3 Psma4 Psma2 Psmc4 Psmb2 Psma5 Cdk2 Psmb6 Psmd12 Psmc3 Psmb3 Psma3 Psmb1 Psmd11 Psma1 Psmd8 Psmd6 Psma6 Trp53 Psmb7 Psmd14 Psmd2 Psma7 Psmc2 Cdkn1a Chek2"
"REACTOME_P75NTR_RECRUITS_SIGNALLING_COMPLEXES",-0.912197540473213,0.566739606126915,1,11,-0.369290942605131,1,"Ngfr"
"REACTOME_P75NTR_SIGNALS_VIA_NF_KB",-0.832720445561236,0.684342729556238,1,14,-0.316521490220494,1,"Ngfr"
"REACTOME_P75_NTR_RECEPTOR_MEDIATED_SIGNALLING",1.13250921586906,0.264040348964013,1,62,0.34909130698795,13,"Rasgrf2 Plekhg5 Aph1b Abr Arhgef12 Ect2 Prkci Vav3 Arhgef10 Mapk8 Itgb3bp Mcf2l Trio"
"REACTOME_PCNA_DEPENDENT_LONG_PATCH_BASE_EXCISION_REPAIR",0.761713708062641,0.803718378543127,1,21,0.287405772129778,7,"Pole Fen1 Pold3 Pcna Pole2 Rpa2 Rfc4"
"REACTOME_PCP_CE_PATHWAY",0.733909835923394,0.892362539421363,1,57,0.228679396987464,30,"Cltb Daam1 Fzd5 Dvl1 Psmc2 Psma7 Dvl3 Psmd2 Pard6a Rac1 Psmd14 Psmb7 Psma6 Psmd6 Psmd8 Psma1 Ap2s1 Smurf2 Psmd11 Psmb1 Psma3 Psmb3 Ap2m1 Psmc3 Psmd12 Psmb6 Cltc Psma5 Psmb2 Psmc4"
"REACTOME_PD_L1_CD274_GLYCOSYLATION_AND_TRANSLOCATION_TO_PLASMA_MEMBRANE",0.861849624651432,0.661533723437019,1,18,0.336562370444585,8,"B3gnt3 Rpn1 Pdcd1lg2 Stt3a Stt3b Dad1 Rpn2 Magt1"
"REACTOME_PECAM1_INTERACTIONS",0.495110718186719,0.985345099275134,1,11,0.217166407096379,5,"Itgb3 Itgav Inpp5d Yes1 Pecam1"
"REACTOME_PENTOSE_PHOSPHATE_PATHWAY",0.87439834273899,0.64796875,1,13,0.367483120802472,2,"Shpk Rbks"
"REACTOME_PEPTIDE_HORMONE_METABOLISM",0.577927332075534,0.96442089326268,1,22,0.215689202746043,2,"Exoc8 Dpp4"
"REACTOME_PEPTIDE_LIGAND_BINDING_RECEPTORS",-1.14730124171828,0.250989948218093,1,26,-0.374246806066652,7,"Ccl5 Anxa1 Cxcl16 Cxcr4 Xk C5ar2 Ccr9"
"REACTOME_PEROXISOMAL_LIPID_METABOLISM",0.816550977525549,0.726286848938445,1,20,0.311088684530115,5,"Amacr Pecr Acbd5 Mlycd Nudt19"
"REACTOME_PEROXISOMAL_PROTEIN_IMPORT",-0.928663724268093,0.584494462307967,1,49,-0.263464062338489,5,"Idh1 Hacl1 Acox1 Pex5 Acot8"
"REACTOME_PHASE_II_CONJUGATION_OF_COMPOUNDS",0.881479516060629,0.657114342743085,1,40,0.291734836512001,13,"Hpgds Gsto1 Gstk1 Gss Uxs1 Gstz1 Slc35d1 Chac2 Gstt2 Tpst2 Mtr Mgst2 N6amt1"
"REACTOME_PHASE_I_FUNCTIONALIZATION_OF_COMPOUNDS",-1.32925873054712,0.104720225070334,1,29,-0.421455589147938,8,"Cyp39a1 Acss1 Cyp51 Cyp27a1 Arnt Ephx1 Cyp2d22 Cyp4f18"
"REACTOME_PHOSPHOLIPID_METABOLISM",-0.605216238334413,0.999490316004077,1,133,-0.143956051778872,29,"Pik3r4 Pitpnm2 Pip4k2b Pik3cg Etnk1 Pik3c2b Synj1 Gpam Agpat2 Lpcat2 Plekha2 Pik3r5 Inpp5f Gpd2 Agpat1 Pip5k1b Lpgat1 Gpd1l Vac14 Ptdss1 Mtmr14 Selenoi Pnpla8 Chka Pitpnb Tnfaip8l1 Pip4p1 Chkb Pla2g4b"
"REACTOME_PHOSPHORYLATION_OF_CD3_AND_TCR_ZETA_CHAINS",1.34573035802897,0.12892095357591,1,12,0.576624917003883,2,"Cd247 Trac"
"REACTOME_PHOSPHORYLATION_OF_THE_APC_C",0.826138755751014,0.712081869558576,1,20,0.31474142562996,3,"Cdk1 Cdc26 Cdc27"
"REACTOME_PINK1_PRKN_MEDIATED_MITOPHAGY",-0.549159608413487,0.989381636477202,1,30,-0.172678836579614,30,"Mfn1 Vdac3 Optn Map1lc3a Mterf3 Ubc Map1lc3b Ube2v1 Ube2d3 Uba52 Tomm7 Ubb Ube2n Ube2d2a Tomm22 Sqstm1 Atg5 Vdac2 Tbk1 Atg9a Tomm6 Tomm5 Tomm70a Tomm20 Mfn2 Tomm40 Ube2l3 Pink1 Atg12 Vdac1"
"REACTOME_PI_METABOLISM",-0.787127600159217,0.872324446113406,1,64,-0.211363374213181,14,"Pik3r4 Pip4k2b Pik3cg Pik3c2b Synj1 Plekha2 Pik3r5 Inpp5f Pip5k1b Vac14 Mtmr14 Pitpnb Tnfaip8l1 Pip4p1"
"REACTOME_PKA_MEDIATED_PHOSPHORYLATION_OF_CREB",-0.823185952470401,0.676811203878266,1,10,-0.342840203608287,5,"Prkar2b Calm1 Adcy9 Calm3 Prkaca"
"REACTOME_PKMTS_METHYLATE_HISTONE_LYSINES",0.657715823426543,0.94179061784897,1,39,0.2188507992773,2,"Smyd2 Setd6"
"REACTOME_PKR_MEDIATED_SIGNALING",-0.802426189265183,0.834537572254335,1,53,-0.223985695481187,7,"Fanca Tubb2b Tubb2a Trim25 Tuba1a Hspa1b Fancb"
"REACTOME_PLASMA_LIPOPROTEIN_ASSEMBLY_REMODELING_AND_CLEARANCE",-1.00013418070854,0.446351931330472,1,37,-0.301510060748823,11,"Pltp Nceh1 Mylip Nr1h2 Lipa Ldlr Ap2b1 Ldlrap1 Sar1b Lmf1 Soat1"
"REACTOME_PLASMA_LIPOPROTEIN_CLEARANCE",-1.09040761939616,0.332448377581121,1,23,-0.365855503201731,7,"Nceh1 Mylip Nr1h2 Lipa Ldlr Ap2b1 Ldlrap1"
"REACTOME_PLASMA_LIPOPROTEIN_REMODELING",1.21954972560561,0.229593444689568,1,11,0.534921225610116,4,"Mttp Apoe Lipc Angptl4"
"REACTOME_PLATELET_ACTIVATION_SIGNALING_AND_AGGREGATION",1.08980686358225,0.296684333785283,1,142,0.298684018515055,18,"Trf Cd9 Lcp2 Fcer1g App Phactr2 Ptk2 Pcyox1l Vegfa Habp4 Abcc4 Cyb5r1 Dgkh Rarres2 Mgll Itgb3 Vav3 Chid1"
"REACTOME_PLATELET_AGGREGATION_PLUG_FORMATION",-0.754387750690754,0.805299539170507,1,19,-0.264631345554841,4,"Rasgrp1 Syk Csk Rasgrp2"
"REACTOME_PLATELET_CALCIUM_HOMEOSTASIS",1.38109482422322,0.103670012547051,1,12,0.591778050960087,1,"Slc8a1"
"REACTOME_PLATELET_HOMEOSTASIS",0.868750042080821,0.676630434782609,1,39,0.289071106866581,5,"Slc8a1 Pde1b Fgr Gnb4 Gng10"
"REACTOME_PLATELET_SENSITIZATION_BY_LDL",0.606337186746132,0.931828721595301,1,15,0.245922804735508,6,"Fgr Ppp2r1b Ppp2r5b Ppp2ca Mapk14 Pecam1"
"REACTOME_POLYMERASE_SWITCHING",-0.749860068773877,0.793748255651688,1,14,-0.285025818316714,5,"Prim1 Pola1 Pold4 Rfc5 Pola2"
"REACTOME_POLYMERASE_SWITCHING_ON_THE_C_STRAND_OF_THE_TELOMERE",0.867647129396394,0.666165413533835,1,25,0.316378930068767,6,"Chtf18 Prim2 Dscc1 Pold3 Terf2ip Stn1"
"REACTOME_POSITIVE_EPIGENETIC_REGULATION_OF_RRNA_EXPRESSION",0.723739566056865,0.858991521642124,1,27,0.259592087392013,13,"Ercc6 Polr1b Baz1b Taf1b Polr2l Taf1d Ddx21 Polr1c Kat2a Gsk3b Polr2f Polr2h Polr1e"
"REACTOME_POSTMITOTIC_NUCLEAR_PORE_COMPLEX_NPC_REFORMATION",1.29423059262725,0.150643451930356,1,22,0.483021911579753,9,"Rcc1 Nup37 Nup160 Nup205 Nup188 Nup107 Ran Ndc1 Ahctf1"
"REACTOME_POST_NMDA_RECEPTOR_ACTIVATION_EVENTS",-1.36878909398599,0.133046054403447,1,10,-0.570072813160439,5,"Prkar2b Camkk2 Calm1 Calm3 Prkaca"
"REACTOME_POST_TRANSLATIONAL_MODIFICATION_SYNTHESIS_OF_GPI_ANCHORED_PROTEINS",0.800040659456919,0.77365252293578,1,36,0.26935843161323,9,"Alpl Rtn4rl2 Pigb Pigf Ly6k Bst1 Pigl Piga Ly6d"
"REACTOME_POTASSIUM_CHANNELS",1.15532461317522,0.26950998185118,1,23,0.427364232489917,8,"Hcn3 Kcnk3 Kcnn4 Kcnc3 Kcnk10 Gnb4 Gng10 Kcnh4"
"REACTOME_PRC2_METHYLATES_HISTONES_AND_DNA",0.850074329532203,0.674604393916116,1,16,0.339632626787668,7,"Dnmt3b Phf19 Rbbp7 Dnmt3a Aebp2 Rbbp4 Eed"
"REACTOME_PRESYNAPTIC_FUNCTION_OF_KAINATE_RECEPTORS",-0.676871924186847,0.852410449771075,1,10,-0.281903387209824,1,"Plcb3"
"REACTOME_PROCESSING_AND_ACTIVATION_OF_SUMO",0.357699752275377,0.999363968834473,1,10,0.160653778474982,5,"Rwdd2b Sae1 Senp2 Sumo2 Senp1"
"REACTOME_PROCESSING_OF_CAPPED_INTRONLESS_PRE_MRNA",-0.652493096658061,0.943255813953488,1,28,-0.208772258432972,27,"Pcf11 Lsm11 Sympk Cstf1 Wdr33 Cpsf2 Cpsf3 Papola Pabpn1 Nudt21 Ncbp1 Cpsf1 Fip1l1 Cpsf6 Clp1 Snrpe Ncbp2 Slbp Snrpd3 Lsm10 Cpsf4 Cstf3 Cpsf7 Snrpg Snrpb Cstf2t Snrpf"
"REACTOME_PROCESSING_OF_CAPPED_INTRON_CONTAINING_PRE_MRNA",0.665795027199841,0.998981208965361,1,273,0.171195376835169,128,"Rbmx2 Magohb Nup37 Nup160 Gtf2f2 Ppih Prpf4 Rnf113a1 Nup54 Nup205 Snrnp25 Zrsr2 Nkap Nup88 Snrnp35 Mettl3 Dhx35 Gpkow Nup188 Nup107 Cstf2 Rbmx Txnl4a Prpf6 Gcfc2 Ppig Zcrb1 Ndc1 Tcerg1 Snrpd1 Polr2l Pqbp1 Snrnp200 Snrpf U2af1l4 Snrpa U2af1 Wbp11 Gtf2f1 Srsf2 Prpf3 Cstf2t Zmat2 Sde2 Snrpb Dhx8 Wtap Sf3a1 Alyref Prpf31 Snrpg Srsf5 Fus Plrg1 Rbm8a U2af2 Nxt1 Lsm7 Cpsf7 Sf3a2 Hnrnpa3 Snrnp70 Srrt Cstf3 Cpsf4 Polr2f Polr2h Ppil3 Nup133 Lsm5 Srsf11 Srsf7 Ddx41 Luc7l3 Snrpd3 Rbm10 Lsm6 Fyttd1 Ybx1 Chtop Cwc27 Ddx42 Aaas Hnrnpa1 Snu13 Aqr Slbp Eif4e Hspa8 Pcbp1 Snrpd2 Sf3b3 Thoc6 Rbm17 Srrm2 Ppil2 Sf1 Thoc3 Polr2k Ncbp2 Snrpe Prpf19 Xab2 Hnrnpc Polr2i Leng1 Hnrnpk Hnrnpr Prpf4b Hnrnph1 U2surp Slu7 Snrpc Clp1 Polr2d Ranbp2 Srsf3 Tra2b Nup214 Lsm8 Cpsf6 Hnrnpa2b1 Mtrex Ik Srrm1 Ppie Nup155 Fip1l1"
"REACTOME_PROCESSING_OF_DNA_DOUBLE_STRAND_BREAK_ENDS",0.622271551531452,0.977856752323674,1,60,0.192605565533987,3,"Dna2 Rad9b Chek1"
"REACTOME_PROCESSING_OF_INTRONLESS_PRE_MRNAS",-0.596297970674687,0.953111432706223,1,20,-0.206911597870669,20,"Pcf11 Sympk Cstf1 Wdr33 Cpsf2 Cpsf3 Papola Pabpn1 Nudt21 Ncbp1 Cpsf1 Fip1l1 Cpsf6 Clp1 Ncbp2 Cpsf4 Cstf3 Cpsf7 Cstf2t Cstf2"
"REACTOME_PROCESSIVE_SYNTHESIS_ON_THE_C_STRAND_OF_THE_TELOMERE",1.00413460979675,0.458269171542963,1,18,0.392126323261235,7,"Dna2 Fen1 Pold3 Terf2ip Wrn Pcna Rpa2"
"REACTOME_PROCESSIVE_SYNTHESIS_ON_THE_LAGGING_STRAND",0.99838292773479,0.473179780491575,1,15,0.404931670290885,4,"Dna2 Prim2 Fen1 Pold3"
"REACTOME_PROGRAMMED_CELL_DEATH",0.630440857462459,0.994394904458599,1,110,0.178408910414864,26,"Tnfsf10 H1f0 Ptk2 Gas2 Tjp2 Tlr4 Bmf Apip Mapk8 Pmaip1 Traf2 Hsp90aa1 Kpnb1 Ticam2 Ube2l3 Cdc37 Chmp4c Chmp6 Gsdme Ticam1 Kpna1 Fadd Bid Bak1 Pdcd6ip Clspn"
"REACTOME_PROLONGED_ERK_ACTIVATION_EVENTS",-0.708393757660419,0.824875896304468,1,12,-0.279639326408053,1,"Braf"
"REACTOME_PROTEASOME_ASSEMBLY",0.877537220089921,0.66899832120873,1,46,0.282729448835505,29,"Psme2 Psmc2 Psme3 Psma7 Psmd2 Psmd14 Psmb7 Pomp Psmg3 Psme1 Psma6 Psmd6 Psmd4 Psmd8 Psma1 Psmd11 Psmb1 Psma3 Psmb3 Psmd10 Psmc3 Psmd12 Psmg4 Psmb6 Psmd9 Psma5 Psmb2 Psmc4 Psme2b"
"REACTOME_PROTEIN_HYDROXYLATION",1.22663403943635,0.220750895778159,1,14,0.505938956943089,12,"Ogfod1 Etf1 Jmjd4 Drg2 Kdm8 U2af2 Drg1 Rwdd1 Riox1 Rccd1 Riox2 Jmjd6"
"REACTOME_PROTEIN_LIPOYLATION",1.34767344533806,0.119732866910479,1,10,0.605280908825669,6,"Gcsh Lipt2 Lipt1 Fdx1 Dlst Dlat"
"REACTOME_PROTEIN_LOCALIZATION",0.792180251163162,0.840686922060766,1,81,0.233865080433821,14,"App Hmox1 Amacr Gstk1 Pecr Hspd1 Acbd5 Pitrm1 Mlycd Nudt19 Atad1 Ide Nudt7 Pex16"
"REACTOME_PROTEIN_METHYLATION",0.801952525678108,0.749769017554666,1,18,0.313171851917215,11,"Eef2kmt Eef1akmt2 Prmt3 Eef1akmt1 Mettl21a Vcpkmt Vcp Etfb Hspa8 Etfbkmt Calm2"
"REACTOME_PROTEIN_PROTEIN_INTERACTIONS_AT_SYNAPSES",-0.758555525769015,0.819546658816603,1,22,-0.256880602809811,6,"Homer3 Nrxn2 Dlg3 Ppfibp1 Epb41 Cask"
"REACTOME_PROTEIN_UBIQUITINATION",-0.717137496705372,0.938656987295826,1,54,-0.199598600644895,7,"Pex5 Ube2c Leo1 Rnf181 Ube2h Rnf144a Ube2t"
"REACTOME_PTEN_REGULATION",-0.346905355811617,1,1,93,-0.0872764935428971,21,"Scmh1 Slc38a9 Otud3 Suz12 Ring1 Akt2 Pml Nedd4 Wwp2 Mta3 Psmc5 Cbx6 Mta2 Phc2 Xiap Tnks2 Maf1 Pten Lamtor2 Psmc6 Akt3"
"REACTOME_PTK6_REGULATES_RHO_GTPASES_RAS_GTPASE_AND_MAP_KINASES",0.758377572703293,0.780728255684529,1,10,0.340610307361,5,"Arhgap35 Elmo1 Crk Hras Rac1"
"REACTOME_PURINE_CATABOLISM",1.35861049228785,0.1140625,1,13,0.570982810988645,2,"Pnp2 Dnph1"
"REACTOME_PURINE_SALVAGE",1.12366213983406,0.332335329341317,1,11,0.492862829937698,7,"Pnp2 Ada Adal Gmpr2 Aprt Adk Ampd2"
"REACTOME_PYROPTOSIS",-0.630751283832346,0.924743443557583,1,18,-0.223540703254515,18,"Casp3 Chmp7 Chmp3 Il18 Gsdmd Chmp2a Bax Hmgb1 Casp4 Casp1 Chmp2b Chmp4b Cycs Gm10053 Bak1 Gsdme Chmp6 Chmp4c"
"REACTOME_PYRUVATE_METABOLISM",1.06276059840845,0.369998565897031,1,37,0.356073050379744,12,"Pcx Fahd1 Dld Gid4 Gstz1 Vdac1 Ldhb Ldha Pdk1 Pdhx Ranbp9 Dlat"
"REACTOME_RAB_GEFS_EXCHANGE_GTP_FOR_GDP_ON_RABS",-1.02713470206101,0.393527766679984,1,76,-0.268964710665303,16,"Sbf2 Rab3a Rab27a Rin3 Rab9 Dennd4c Dennd4a Dennd4b Rab6b Rab3ip Chml Trappc1 Akt2 Trappc5 Dennd6a Dennd5a"
"REACTOME_RAB_GERANYLGERANYLATION",-0.840681190076037,0.753679046951647,1,46,-0.24185018722018,5,"Rab3a Rab27a Rab29 Rab23 Rab9"
"REACTOME_RAB_REGULATION_OF_TRAFFICKING",-1.10099867974309,0.241094700260643,1,97,-0.274650370418926,21,"Sbf2 Rab3a Rab27a Rin3 Rab9 Dennd4c Dennd4a Tsc1 Dennd4b Tbc1d14 Tbc1d7 Rab6b Rab3ip Gabarapl2 Chml Trappc1 Akt2 Sytl1 Trappc5 Dennd6a Dennd5a"
"REACTOME_RAC1_GTPASE_CYCLE",1.026340670882,0.41506329113924,1,122,0.28719309975287,23,"Rasgrf2 Chn2 Arhgap10 Pak6 Abr Amigo2 Cyfip1 Srgap2 Ect2 Dock7 Sh3bp1 Arhgap35 Snap23 Git1 Vav3 Cybb Arhgef10 Mcf2l Trio Arhgap5 Iqgap2 Als2 Dock10"
"REACTOME_RAC2_GTPASE_CYCLE",0.707276283503038,0.927991337303736,1,66,0.215500439854564,10,"Abr Cyfip1 Syde1 Arhgap35 Git1 Vav3 Cybb Trio Lman1 Dock10"
"REACTOME_RAC3_GTPASE_CYCLE",0.855715241870918,0.723326572008114,1,68,0.259616876928244,13,"Abr Amigo2 Cyfip1 Srgap2 Syde1 Arhgap35 Snap23 Git1 Cybb Trio Arhgap5 Lman1 Dock10"
"REACTOME_RAF_ACTIVATION",-0.606344884675165,0.97820593809223,1,31,-0.189918948179681,10,"Braf Jak2 Ppp1cb Calm1 Kras Ppp2r5a Ppp2cb Calm3 Mark3 Map3k11"
"REACTOME_RAF_INDEPENDENT_MAPK1_3_ACTIVATION",-0.904611681919643,0.592453917050691,1,19,-0.31732833197759,5,"Dusp6 Dusp10 Jak2 Dusp5 Dusp2"
"REACTOME_RAP1_SIGNALLING",0.772079507069611,0.771615516435582,1,14,0.318452845694246,1,"Rap1gap2"
"REACTOME_RAS_PROCESSING",-0.555854157429736,0.974418604651163,1,21,-0.190240606658059,10,"Bcl2l1 Calm1 Fnta Kras Abhd17c Calm3 Rce1 Abhd17a Ubc Zdhhc9"
"REACTOME_RECEPTOR_MEDIATED_MITOPHAGY",0.879218268737109,0.633964064239148,1,10,0.394883519147945,3,"Atg12 Fundc1 Csnk2a2"
"REACTOME_RECOGNITION_OF_DNA_DAMAGE_BY_PCNA_CONTAINING_REPLICATION_COMPLEX",0.502858936029611,0.991327355578421,1,29,0.177338888185496,7,"Pole Pold3 Pcna Pole2 Rpa2 Rfc4 Cul4b"
"REACTOME_RECRUITMENT_OF_NUMA_TO_MITOTIC_CENTROSOMES",-1.03496462447786,0.383939272872553,1,76,-0.271015048184964,13,"Cep164 Tubb2b Alms1 Tubb2a Prkar2b Nedd1 Haus1 Nme7 Tuba1a Cep78 Haus5 Cep70 Tubgcp3"
"REACTOME_RECYCLING_PATHWAY_OF_L1",-0.899277454351746,0.609082813891362,1,24,-0.298073983500088,11,"Tubb2b Tubb2a Tuba1a Ap2b1 Dpysl2 Msn Ezr Actg1 Dnm2 Rdx Ap2a2"
"REACTOME_REGULATED_NECROSIS",0.704233227187494,0.911335578002245,1,44,0.228826194727949,13,"Tnfsf10 Traf2 Hsp90aa1 Ube2l3 Cdc37 Chmp4c Chmp6 Gsdme Fadd Bak1 Pdcd6ip Flot1 Gm10053"
"REACTOME_REGULATED_PROTEOLYSIS_OF_P75NTR",1.02175504505287,0.456511369057084,1,10,0.458901096854124,1,"Aph1b"
"REACTOME_REGULATION_OF_APC_C_ACTIVATORS_BETWEEN_G1_S_AND_EARLY_ANAPHASE",-0.90589742908418,0.61439588688946,1,32,-0.281660403435262,4,"Cdc20 Mad2l1 Ube2c Bub1b"
"REACTOME_REGULATION_OF_CDH1_FUNCTION",-0.668714069015248,0.961676217765043,1,51,-0.187994435278644,10,"Vcl Fyn Mtbp Mdm2 Psmc5 Ctsl Eps15 Actg1 Dnm2 Psmc6"
"REACTOME_REGULATION_OF_CDH1_GENE_TRANSCRIPTION",0.822095280757446,0.711630050699032,1,16,0.328454077453494,7,"Rbbp7 Tle1 Kdm1a Rbbp4 Eed Smarca4 Kmt5a"
"REACTOME_REGULATION_OF_CDH1_POSTTRANSLATIONAL_PROCESSING_AND_TRAFFICKING_TO_PLASMA_MEMBRANE",0.886505400897643,0.635511236791189,1,26,0.319968151857469,8,"Rpn1 Canx Prkcsh Stt3a Pcsk7 Csnk2a2 Dad1 Rpn2"
"REACTOME_REGULATION_OF_ENDOGENOUS_RETROELEMENTS",1.02161126603818,0.434844596521243,1,40,0.338112900238927,9,"Zfp991 Zfp324 Gm7072 Zfp160 Gm14325 Zfp934 Zfp758 Zfp994 Gm45871"
"REACTOME_REGULATION_OF_HOMOTYPIC_CELL_CELL_ADHESION",-0.403744208432764,1,1,98,-0.100519478417438,2,"Vcl Adam19"
"REACTOME_REGULATION_OF_HSF1_MEDIATED_HEAT_SHOCK_RESPONSE",0.938474508520831,0.566159330865213,1,57,0.292419823515012,13,"Bag2 Nup37 Nup160 Hspa12a Hspa5 Nup54 Nup205 Nup88 Nup188 Nup107 Hspa9 Rpa2 Ndc1"
"REACTOME_REGULATION_OF_INNATE_IMMUNE_RESPONSES_TO_CYTOSOLIC_DNA",1.46541767639702,0.0581968516457306,1,10,0.658163404530311,3,"Dtx4 Trim32 Trim56"
"REACTOME_REGULATION_OF_INSULIN_LIKE_GROWTH_FACTOR_IGF_TRANSPORT_AND_UPTAKE_BY_INSULIN_LIKE_GROWTH_FACTOR_BINDING_PROTEINS_IGFBPS",1.48961710270702,0.0326320309145556,1,38,0.497697088933782,9,"Prss23 Trf Mxra8 App Apoe Ano8 Rcn1 Golm1 Fuca2"
"REACTOME_REGULATION_OF_INSULIN_SECRETION",-1.0019855966348,0.443766066838046,1,32,-0.311536006531987,8,"Acsl4 Kcnb1 Plcb3 Itpr3 Gnai2 Ffar1 Acsl3 Slc2a1"
"REACTOME_REGULATION_OF_KIT_SIGNALING",-0.708443913896482,0.814705090223539,1,10,-0.295052478673164,6,"Fyn Lyn Grb2 Cbl Lck Sh2b3"
"REACTOME_REGULATION_OF_LIPID_METABOLISM_BY_PPARALPHA",-0.451283052709393,0.995280399777901,1,13,-0.174777603349032,13,"Tbl1x Tgs1 Ncoa1 Sin3a Med1 Hdac3 Helz2 Ncoa2 Sin3b Chd9 Carm1 Ncor2 Tbl1xr1"
"REACTOME_REGULATION_OF_LOCALIZATION_OF_FOXO_TRANSCRIPTION_FACTORS",-1.3148801898494,0.162472647702407,1,11,-0.53231161363404,7,"Foxo1 Foxo4 Sfn Akt2 Ywhaq Akt3 Ywhaz"
"REACTOME_REGULATION_OF_MRNA_STABILITY_BY_PROTEINS_THAT_BIND_AU_RICH_ELEMENTS",0.615131475962041,0.984975636166757,1,66,0.187424782549827,41,"Dis3 Dcp1a Exosc3 Xrn1 Set Psmc2 Xpo1 Psma7 Exosc9 Psmd2 Exosc5 Dcp2 Psmd14 Psmb7 Exosc1 Psma6 Psmd6 Akt1 Eif4g1 Hspa8 Psmd8 Psma1 Psmd11 Psmb1 Psma3 Psmb3 Nup214 Psmc3 Exosc2 Psmd12 Psmb6 Psma5 Psmb2 Psmc4 Pabpc1 Mapkapk2 Exosc8 Ywhab Psma2 Psma4 Psmd3"
"REACTOME_REGULATION_OF_NF_KAPPA_B_SIGNALING",1.0361351922207,0.426031844179935,1,15,0.420243518170965,7,"Nlrx1 Traf2 Nlrc5 Lrrc14 Ikbkg Chuk N4bp1"
"REACTOME_REGULATION_OF_ORNITHINE_DECARBOXYLASE_ODC",0.980764599350258,0.500789662598708,1,35,0.332032452325462,22,"Oaz2 Odc1 Psmc2 Psma7 Psmd2 Psmd14 Psmb7 Psma6 Azin1 Psmd6 Psmd8 Psma1 Psmd11 Psmb1 Psma3 Psmb3 Psmc3 Psmd12 Psmb6 Psma5 Psmb2 Psmc4"
"REACTOME_REGULATION_OF_PD_L1_CD274_POST_TRANSLATIONAL_MODIFICATION",0.522785467114667,0.998671449448651,1,78,0.155298862144137,42,"B3gnt3 Derl3 Cdk4 Rpn1 Nek2 Pdcd1lg2 Stt3a Psmc2 Rnf185 Csnk2a2 Psma7 Os9 Psmd2 Ccnd1 Stt3b Dad1 Psmd14 Psmb7 Gsk3b Psma6 Rpn2 Vcp Psmd6 Magt1 Psmd8 Psma1 Psmd11 Psmb1 Psma3 Psmb3 Erlin2 Psmc3 Derl2 Derl1 Ddost Psmd12 Cul3 Psmb6 Psma5 Prkaa1 Psmb2 Psmc4"
"REACTOME_REGULATION_OF_PLK1_ACTIVITY_AT_G2_M_TRANSITION",-0.909245863294859,0.653615661206552,1,76,-0.238094429147424,20,"Cep164 Alms1 Prkar2b Ppp1r12b Nedd1 Haus1 Tuba1a Cep78 Haus5 Cep70 Ppp1cb Ssna1 Csnk1d Plk4 Optn Haus8 Cep63 Haus4 Cep57 Ccp110"
"REACTOME_REGULATION_OF_PTEN_GENE_TRANSCRIPTION",0.545233633185175,0.991445680068435,1,40,0.180450755735066,18,"Rragd Cbx2 Phc1 Bmi1 Phc3 Cbx4 Rbbp7 Mta1 Mbd3 Rbbp4 Rragc Eed Chd3 Gatad2a Rnf2 Rragb Chd4 Ezh2"
"REACTOME_REGULATION_OF_PTEN_STABILITY_AND_ACTIVITY",-0.937830529157538,0.572349570200573,1,51,-0.263650682534127,51,"Otud3 Akt2 Nedd4 Wwp2 Psmc5 Xiap Tnks2 Pten Psmc6 Akt3 Rnf146 Ubc Psmd13 Uba52 Psmb4 Adrm1 Psmc1 Ubb Csnk2a1 Psmd1 Psmd7 Psmb5 Csnk2b Psmd3 Psma4 Stub1 Psma2 Psmc4 Psmb2 Psma5 Psmb6 Mkrn1 Psmd12 Psmc3 Psmb3 Psma3 Psmb1 Psmd11 Psma1 Psmd8 Akt1 Psmd6 Psma6 Psmb7 Tnks Psmd14 Psmd2 Psma7 Csnk2a2 Psmc2 Trim27"
"REACTOME_REGULATION_OF_PYRUVATE_DEHYDROGENASE_PDH_COMPLEX",0.752434322912192,0.79421875,1,13,0.316225339948072,6,"Dld Gstz1 Pdk1 Pdhx Dlat Pdk3"
"REACTOME_REGULATION_OF_PYRUVATE_METABOLISM",0.755540054422132,0.827282081434661,1,29,0.266449740932794,12,"Dld Gid4 Gstz1 Ldha Pdk1 Pdhx Ranbp9 Dlat Pdk3 Rmnd5a Gid8 Nek1"
"REACTOME_REGULATION_OF_RAS_BY_GAPS",-0.593931962268176,0.990757198720227,1,50,-0.167485602813255,2,"Rasa3 Spred1"
"REACTOME_REGULATION_OF_RUNX2_EXPRESSION_AND_ACTIVITY",-0.43986430297239,0.999667774086379,1,39,-0.130891847032881,38,"Skp2 Psmc5 Psmc6 Cul1 Rbx1 Ubc Psmd13 Uba52 Psmb4 Adrm1 Psmc1 Ubb Psmd1 Psmd7 Psmb5 Psmd3 Psma4 Stub1 Psma2 Psmc4 Psmb2 Psma5 Psmb6 Psmd12 Psmc3 Psmb3 Psma3 Psmb1 Psmd11 Psma1 Psmd8 Psmd6 Psma6 Psmb7 Psmd14 Psmd2 Psma7 Psmc2"
"REACTOME_REGULATION_OF_RUNX3_EXPRESSION_AND_ACTIVITY",-0.91531416477078,0.602620087336245,1,41,-0.269452701521245,41,"Mdm2 Psmc5 Smurf1 Runx3 Psmc6 Tgfb1 Ep300 Ubc Psmd13 Uba52 Psmb4 Adrm1 Psmc1 Ubb Psmd1 Psmd7 Psmb5 Psmd3 Psma4 Cbfb Psma2 Psmc4 Psmb2 Psma5 Psmb6 Psmd12 Psmc3 Psmb3 Psma3 Psmb1 Psmd11 Smurf2 Psma1 Psmd8 Psmd6 Psma6 Psmb7 Psmd14 Psmd2 Psma7 Psmc2"
"REACTOME_REGULATION_OF_SIGNALING_BY_CBL",-0.844267332793798,0.688856729377713,1,20,-0.292955387154378,11,"Syk Fyn Lyn Vav1 Grb2 Cbl Hck Ubc Crkl Uba52 Pik3ca"
"REACTOME_REGULATION_OF_TBK1_IKK_IKBKE_MEDIATED_ACTIVATION_OF_IRF3_IRF7",0.760898003882533,0.77995608531995,1,12,0.326033180212867,5,"Tlr4 Ticam2 Tank Ikbke Ticam1"
"REACTOME_REGULATION_OF_TLR_BY_ENDOGENOUS_LIGAND",1.20755262222474,0.240151276394579,1,11,0.529659033253772,5,"S100a1 Tlr4 Tlr6 Tlr7 Tlr2"
"REACTOME_REGULATION_OF_TNFR1_SIGNALING",-0.730930938685513,0.914008321775312,1,45,-0.21141850053564,6,"Spata2 Mib2 Tax1bp1 Tnf Ripk1 Cyld"
"REACTOME_REGULATION_OF_TP53_ACTIVITY",0.520265332485701,1,1,145,0.142247917645251,50,"Smyd2 Dna2 Rad9b Aurka Chek1 Cdk1 Usp2 Plk3 Jmy Nbn Cdk5r1 Ppp1r13b Pip4k2a Wrn Rbbp7 Nuak1 Chek2 Rpa2 Trp53bp2 Rfc4 Ppp2r1b Rmi2 Bard1 Trp53rkb Taf2 Csnk2a2 Pip4k2c Mbd3 Dyrk2 Hipk2 Rad1 Brpf1 Sgk1 Ing5 Rbbp4 Atrip Noc2l Ehmt2 Prmt5 Taf12 Aurkb Ppp2ca Trp53 Kmt5a Rad17 Mapk14 Chd3 Brip1 Gatad2a Taf10"
"REACTOME_REGULATION_OF_TP53_ACTIVITY_THROUGH_ACETYLATION",-0.677596800791482,0.929040325101594,1,29,-0.214839257640075,8,"Pip4k2b Akt2 Pml Brd7 Pip4p1 Kat6a Meaf6 Mta2"
"REACTOME_REGULATION_OF_TP53_ACTIVITY_THROUGH_METHYLATION",1.10951454812149,0.336457213089568,1,16,0.443287518922025,2,"Smyd2 Jmy"
"REACTOME_REGULATION_OF_TP53_ACTIVITY_THROUGH_PHOSPHORYLATION",-0.802014888521844,0.893590280687055,1,87,-0.204729034134702,8,"Mapk11 Taf5 Prkab2 Taf13 Taf9b Prkag1 Taf4b Tpx2"
"REACTOME_REGULATION_OF_TP53_DEGRADATION",-0.625355061768007,0.968233387358185,1,33,-0.193337457060391,10,"Rffl Daxx Ccna2 Akt2 Mdm2 Phf20 Ccng1 Ppp2cb Mdm4 Akt3"
"REACTOME_REGULATION_OF_T_CELL_ACTIVATION_BY_CD28_FAMILY",0.505960983624063,1,1,137,0.139371640384707,3,"Cd247 Trac B3gnt3"
"REACTOME_RESOLUTION_OF_ABASIC_SITES_AP_SITES",-0.667223842089858,0.955717118307997,1,36,-0.202189985582277,7,"Neil1 Xrcc1 Pole4 Polb Pold4 Rfc5 Smug1"
"REACTOME_RESOLUTION_OF_AP_SITES_VIA_THE_MULTIPLE_NUCLEOTIDE_PATCH_REPLACEMENT_PATHWAY",0.767890570462954,0.799638172772501,1,24,0.281980648812947,8,"Pole Fen1 Pold3 Pcna Pole2 Rpa2 Rfc4 Parp1"
"REACTOME_RESOLUTION_OF_D_LOOP_STRUCTURES",1.01167758028193,0.451785456122597,1,33,0.346846665525601,12,"Dna2 Gen1 Xrcc2 Brca2 Nbn Spidr Wrn Rad51d Eme2 Palb2 Rmi2 Bard1"
"REACTOME_RESOLUTION_OF_SISTER_CHROMATID_COHESION",1.13383192592359,0.23776044995526,1,105,0.322609082060964,31,"Zwilch Dsn1 Cenpl Ska2 Nsl1 Cenph Cenpk Cenpn Cdk1 Mis12 Cenps Kif2c Cenpc1 Wapl Nup37 Cenpi Tuba1c Kif18a Nup160 Itgb3bp Nuf2 Cenpp Cenpt Zwint Tuba4a Nup107 Cdca8 Ccnb2 Spc25 Cenpo Clip1"
"REACTOME_RESPIRATORY_ELECTRON_TRANSPORT",0.765544831096624,0.917722312805719,1,130,0.212499191981533,66,"Nubpl Timmdc1 Hccs Cox15 Etfdh Ndufaf7 Tmem177 Slc25a22 Ndufaf4 Ndufaf6 Cox18 Lyrm7 Ndufa8 Timm21 Cox11 Ndufv3 Ndufa9 Ndufa5 Hspa9 Ndufaf5 Slc25a13 Mdh1 Ndufc1 Tmem126b Iscu Lyrm4 Sco1 Cox16 Ndufa10 Uqcr10 Uqcrq Gm10053 Ndufaf8 Slc25a11 Dmac2 Ndufa13 Uqcr11 Ndufa3 Lyrm2 Higd1a Cox17 Cox14 Ndufab1 Cycs Cox6b2 Got2 Cox20 Cox6c Etfb Ndufa12 Uqcrb Ndufv1 Ndufaf3 Ecsit Cox6b1 Mdh2 Ndufs3 Cmc1 Ndufaf1 Ndufb6 Got1 Ndufb4 Cox7c Ndufa1 Cox8a Ndufb5"
"REACTOME_RESPONSE_TO_ELEVATED_PLATELET_CYTOSOLIC_CA2",1.41678768569458,0.0400872647941096,1,61,0.437625370012613,12,"Trf Cd9 App Phactr2 Pcyox1l Vegfa Habp4 Abcc4 Cyb5r1 Rarres2 Itgb3 Chid1"
"REACTOME_RETROGRADE_TRANSPORT_AT_THE_TRANS_GOLGI_NETWORK",-1.03260917067051,0.388870037326094,1,42,-0.301613835715172,9,"Gcc1 Igf2r Rab9 Cog5 Rab6b Cog1 Vti1a Cog6 Vps51"
"REACTOME_RET_SIGNALING",-1.28340322464241,0.143361789814542,1,22,-0.434617352052074,8,"Irs2 Gfra1 Rap1gap Pdlim7 Dok4 Mapk7 Grb2 Prkaca"
"REACTOME_RHOA_GTPASE_CYCLE",1.1680679828695,0.200129198966408,1,100,0.334585300351118,17,"Rasgrf2 Plekhg5 Sowahc Stard8 Arhgap10 Abr Stom Tjp2 Arhgef12 Arhgap18 Ect2 Acbd5 Arhgap35 Snap23 Vav3 Daam1 Arhgef10"
"REACTOME_RHOBTB1_GTPASE_CYCLE",0.690380814174351,0.88221044663134,1,22,0.257658150317362,9,"Rhobtb1 Cops2 Spen Rbmx Cct7 Myo6 Cct2 Cpsf7 Cops4"
"REACTOME_RHOBTB2_GTPASE_CYCLE",0.618641252645971,0.940348221044663,1,22,0.230884111484769,9,"Twf1 Hsp90aa1 Cdc37 Rbmx Cct7 Myo6 Cct6a Cct2 Hsp90ab1"
"REACTOME_RHOBTB_GTPASE_CYCLE",0.720361253365658,0.87485599078341,1,34,0.245590327713781,13,"Rhobtb1 Cops2 Twf1 Hsp90aa1 Spen Cdc37 Rbmx Cct7 Myo6 Cct6a Cct2 Cpsf7 Hsp90ab1"
"REACTOME_RHOB_GTPASE_CYCLE",1.32925142990613,0.0896686159844055,1,48,0.425783183733019,13,"Sowahc Stard8 Abr Stom Tjp2 Arhgef12 Ect2 Arhgap35 Snap23 Daam1 Arhgef10 Mcf2l Arhgap5"
"REACTOME_RHOC_GTPASE_CYCLE",1.05598717551153,0.376130198915009,1,50,0.336210228336928,12,"Abr Stom Tjp2 Arhgef12 Arhgap18 Acbd5 Arhgap35 Daam1 Arhgef10 Mcf2l Arhgap5 Lman1"
"REACTOME_RHOF_GTPASE_CYCLE",0.93495282590637,0.56397282058696,1,33,0.320542113821473,10,"Sowahc Srgap2 Syde1 Snap23 Diaph2 Arhgap5 Mtmr1 Fam169a Arhgap21 Arhgap39"
"REACTOME_RHOG_GTPASE_CYCLE",-1.09247755095545,0.286127167630058,1,55,-0.302316044958358,5,"Plekhg3 Pak4 Kalrn Itsn1 Diaph3"
"REACTOME_RHOH_GTPASE_CYCLE",0.594144389856357,0.968529411764706,1,30,0.208346500542758,5,"Pak6 Stom Wdr11 Nipsnap2 Mtr"
"REACTOME_RHOJ_GTPASE_CYCLE",1.24464975372366,0.211260978670013,1,12,0.533313420967172,5,"Syde1 Arhgap35 Trio Arhgap5 Arhgap21"
"REACTOME_RHOQ_GTPASE_CYCLE",-0.95866045657896,0.515060240963855,1,40,-0.283786343753975,4,"Plekhg3 Pak4 Itsn1 Diaph3"
"REACTOME_RHOU_GTPASE_CYCLE",-0.762338048939307,0.843508997429306,1,32,-0.237025115122987,9,"Pak4 Sptan1 Hgs Nck2 Wwp2 Ptk2b Iqgap1 Pak1 Grb2"
"REACTOME_RHOV_GTPASE_CYCLE",1.11091136613726,0.317352941176471,1,30,0.389559338604259,3,"Pard6b Sh3rf1 Pak6"
"REACTOME_RHO_GTPASES_ACTIVATE_FORMINS",1.13838324138027,0.225541070750538,1,115,0.320317390801343,25,"Zwilch Dsn1 Cenpl Ska2 Nsl1 Cenph Cenpk Srgap2 Pfn2 Cenpn Mis12 Cenps Kif2c Cenpc1 Nup37 Cenpi Diaph2 Daam1 Tuba1c Kif18a Nup160 Itgb3bp Nuf2 Cenpp Cenpt"
"REACTOME_RHO_GTPASES_ACTIVATE_IQGAPS",-0.826665306935933,0.714616497829233,1,20,-0.286847596292888,5,"Tubb2b Tubb2a Tuba1a Men1 Calm1"
"REACTOME_RHO_GTPASES_ACTIVATE_KTN1",-1.0326180364658,0.41799084298411,1,10,-0.430064406236638,1,"Klc3"
"REACTOME_RHO_GTPASES_ACTIVATE_NADPH_OXIDASES",-1.14956607940317,0.273945267958951,1,18,-0.407410680587096,2,"Mapk11 Pik3r4"
"REACTOME_RHO_GTPASES_ACTIVATE_PAKS",-1.26652163185699,0.181505868880618,1,16,-0.465335669240335,10,"Ppp1r12b Flna Ppp1cb Calm1 Pak1 Calm3 Cdc42 Myh9 Ppp1r12a Limk1"
"REACTOME_RHO_GTPASES_ACTIVATE_PKNS",-1.22428764595551,0.212086659064994,1,18,-0.433892293805387,9,"Ppp1r12b Sfn Ppp1cb Ywhah Ywhaq Rhob Rhoa Ywhaz Ppp1r12a"
"REACTOME_RHO_GTPASES_ACTIVATE_WASPS_AND_WAVES",0.852511275654041,0.687490812876672,1,29,0.300647738277807,2,"Ptk2 Cyfip1"
"REACTOME_RHO_GTPASE_CYCLE",0.983196729154515,0.5203125,1,303,0.250527502531183,56,"Rasgrf2 Chn2 Plekhg5 Pard6b Plxna1 Sowahc Stard8 Arhgap10 Sh3rf1 Pak6 Abr Stom Tjp2 Amigo2 Cyfip1 Srgap2 Syde1 Arhgef12 Arhgap18 Ect2 Ankrd26 Rhobtb1 Dock7 Sh3bp1 Acbd5 Arhgap35 Snap23 Cops2 Git1 Vav3 Diaph2 Hspe1-rs1 Daam1 Cybb Gfod1 Arhgef10 Wdr11 Shmt2 Mcf2l Nipsnap2 Trio Scrib Gopc Twf1 Arhgap5 Iqgap2 Cep97 Hsp90aa1 Als2 Lman1 Dock10 Spen Mtr Arhgap19 Mtmr1 Cpd"
"REACTOME_RHO_GTPASE_EFFECTORS",0.950967623185292,0.586506817113305,1,198,0.25149204164351,34,"Zwilch Dsn1 Cenpl Prkcz Ska2 Ptk2 Nsl1 Cenph Cyfip1 Cenpk Srgap2 Pfn2 Cenpn Ctnna1 Mis12 Cenps Kif2c Cenpc1 Nup37 Cenpi Diaph2 Daam1 Cybb Tuba1c Kif18a Nup160 Itgb3bp Nuf2 Cenpp Nckipsd Gopc Cenpt Iqgap2 Zwint"
"REACTOME_RIBAVIRIN_ADME",1.39344180274066,0.0932871099905452,1,11,0.611194099993145,4,"Pnp2 Slc29a1 Slc29a3 Ada"
"REACTOME_RIBOSOME_ASSOCIATED_QUALITY_CONTROL",-0.900347323745624,0.657350272232305,1,54,-0.250590809628009,54,"Trip4 Rchy1 Psmc5 Hbs1l Ube2d1 Psmc6 Rbx1 Ubc Nemf Ube2d3 Psmd13 Tcf25 Uba52 Ascc2 Psmb4 Adrm1 Psmc1 Ltn1 Ubb Fau Psmd1 Psmd7 Psmb5 Elob Psmd3 Zfp598 Psma4 Psma2 Ube2d2a Psmc4 Psmb2 Psma5 Psmb6 Psmd12 Psmc3 Psmb3 Psma3 Psmb1 Psmd11 Psma1 Psmd8 Pelo Cul2 Psmd6 Psma6 Psmb7 Psmd14 Abce1 Psmd2 Ascc3 Psma7 Eloc Psmc2 Klhdc10"
"REACTOME_RIBOSOME_QUALITY_CONTROL_RQC_COMPLEX_EXTRACTS_AND_DEGRADES_NASCENT_PEPTIDE",-0.865678271403739,0.709084604715673,1,45,-0.250393563057548,45,"Rchy1 Psmc5 Ube2d1 Psmc6 Rbx1 Ubc Nemf Psmd13 Tcf25 Uba52 Psmb4 Adrm1 Psmc1 Ltn1 Ubb Psmd1 Psmd7 Psmb5 Elob Psmd3 Psma4 Psma2 Ube2d2a Psmc4 Psmb2 Psma5 Psmb6 Psmd12 Psmc3 Psmb3 Psma3 Psmb1 Psmd11 Psma1 Psmd8 Cul2 Psmd6 Psma6 Psmb7 Psmd14 Psmd2 Psma7 Eloc Psmc2 Klhdc10"
"REACTOME_RIPK1_MEDIATED_REGULATED_NECROSIS",0.833355753653045,0.715136180979312,1,26,0.30078474430743,7,"Tnfsf10 Traf2 Hsp90aa1 Ube2l3 Cdc37 Fadd Pdcd6ip"
"REACTOME_RMTS_METHYLATE_HISTONE_ARGININES",0.776372870041222,0.784102952308857,1,22,0.289751385821223,13,"Wdr77 Pbrm1 Cdk4 Prmt3 Rbbp7 Dnmt3a Prmt1 Prmt7 Actl6a Ccnd1 Prmt5 Smarcc1 Smarca4"
"REACTOME_RNA_POLYMERASE_III_TRANSCRIPTION",1.14995788158834,0.262686135607923,1,33,0.39425511101338,22,"Brf2 Polr3e Pou2f1 Gtf3c3 Gtf3c6 Polr3g Polr3gl Polr2l Bdp1 Crcp Polr1c Gtf3c4 Snapc2 Gtf3c1 Polr2f Polr2h Polr3c Polr3d Gtf3c2 Polr3b Polr2k Snapc3"
"REACTOME_RNA_POLYMERASE_III_TRANSCRIPTION_INITIATION_FROM_TYPE_1_PROMOTER",1.13102699675008,0.294686709331746,1,26,0.408223816216561,18,"Polr3e Gtf3c3 Gtf3c6 Polr3g Polr3gl Polr2l Bdp1 Crcp Polr1c Gtf3c4 Gtf3c1 Polr2f Polr2h Polr3c Polr3d Gtf3c2 Polr3b Polr2k"
"REACTOME_RNA_POLYMERASE_III_TRANSCRIPTION_INITIATION_FROM_TYPE_3_PROMOTER",1.04319088393888,0.405864661654135,1,25,0.380389221073868,17,"Brf2 Polr3e Pou2f1 Polr3g Polr3gl Polr2l Bdp1 Crcp Polr1c Snapc2 Polr2f Polr2h Polr3c Polr3d Polr3b Polr2k Snapc3"
"REACTOME_RNA_POLYMERASE_II_PRE_TRANSCRIPTION_EVENTS",-0.889269990442944,0.705482192877151,1,77,-0.232079927958202,25,"Taf5 Taf13 Eaf2 Taf9b Taf4b Leo1 Gtf2e2 Polr2b Ccnk Ak6 Nelfe Aff4 Tbp Gtf2h1 Gtf2h4 Nelfcd Taf9 Ercc3 Taf7 Cdk9 Supt5 Cdk7 Gtf2h3 Polr2a Gtf2a2"
"REACTOME_RNA_POLYMERASE_II_PROMOTER_ESCAPE",-1.01815489442778,0.412403644008409,1,46,-0.292906460550436,17,"Taf5 Taf13 Taf9b Taf4b Gtf2e2 Polr2b Ak6 Tbp Gtf2h1 Gtf2h4 Taf9 Ercc3 Taf7 Cdk7 Gtf2h3 Polr2a Gtf2a2"
"REACTOME_RNA_POLYMERASE_II_TRANSCRIBES_SNRNA_GENES",-1.05523610022613,0.343023255813953,1,73,-0.27768547771699,25,"Taf5 Ints4 Ints8 Taf13 Pcf11 Ell2 Rpap2 Gtf2e2 Polr2b Ints10 Ccnk Ak6 Ice2 Tbp Ints13 Ice1 Taf9 Cdk9 Supt5 Cdk7 Ints7 Snapc4 Polr2a Snapc1 Gtf2a2"
"REACTOME_RNA_POLYMERASE_II_TRANSCRIPTION_TERMINATION",-0.673959169466984,0.977886056971514,1,61,-0.182788684389162,59,"Pcf11 Dhx38 Lsm11 Sympk Cstf1 Wdr33 Thoc1 Cpsf2 Poldip3 Zc3h11a Thoc7 Eif4a3 Ddx39b Cpsf3 Papola Pabpn1 Nudt21 Ncbp1 Cdc40 Upf3b Srsf9 Magoh Cpsf1 Sarnp Casc3 Rnps1 Srsf1 Thoc2 Fip1l1 Srrm1 Cpsf6 Srsf3 Clp1 Slu7 Snrpe Ncbp2 Thoc3 Thoc6 Slbp Chtop Fyttd1 Snrpd3 Srsf7 Srsf11 Lsm10 Cpsf4 Cstf3 Cpsf7 U2af2 Rbm8a Srsf5 Snrpg Alyref Snrpb Cstf2t Srsf2 U2af1 U2af1l4 Snrpf"
"REACTOME_RNA_POLYMERASE_I_TRANSCRIPTION",1.02879342384864,0.423345195729537,1,41,0.339155022743721,22,"Ercc6 Gtf2h5 Polr1b Rbbp7 Mnat1 Gtf2h2 Taf1b Polr2l Mta1 Taf1d Mbd3 Polr1c Rrn3 Rbbp4 Ehmt2 Ubtf Ttf1 Polr2f Polr2h Chd3 Polr1e Gatad2a"
"REACTOME_RNA_POLYMERASE_I_TRANSCRIPTION_TERMINATION",0.807730474408136,0.749813960410775,1,26,0.291535761467029,13,"Gtf2h5 Polr1b Mnat1 Gtf2h2 Taf1b Polr2l Taf1d Polr1c Ubtf Ttf1 Polr2f Polr2h Polr1e"
"REACTOME_RND1_GTPASE_CYCLE",1.19510475642426,0.225413533834586,1,25,0.435783109684975,4,"Plekhg5 Plxna1 Ankrd26 Arhgap35"
"REACTOME_RND2_GTPASE_CYCLE",0.81209121034819,0.747528404898923,1,28,0.288832817388963,7,"Ankrd26 Arhgap35 Scrib Arhgap5 Golga3 Rbmx Kctd13"
"REACTOME_RND3_GTPASE_CYCLE",1.03992166771176,0.408096442923054,1,26,0.375340989188951,9,"Plekhg5 Ankrd26 Arhgap35 Scrib Arhgap5 Cpd Rbmx Arhgap21 Kctd13"
"REACTOME_ROS_AND_RNS_PRODUCTION_IN_PHAGOCYTES",-0.7977264664922,0.769026548672566,1,23,-0.267654602393059,5,"Atp6v0a1 Atp6v0d1 Atp6v1g2 Hvcn1 Tcirg1"
"REACTOME_RUNX1_INTERACTS_WITH_CO_FACTORS_WHOSE_PRECISE_EFFECT_ON_RUNX1_TARGETS_IS_NOT_KNOWN",0.843758906955522,0.7025,1,30,0.295877935679013,7,"Cbx2 Phc1 Bmi1 Rybp Pcgf5 Phc3 Pbrm1"
"REACTOME_RUNX1_REGULATES_GENES_INVOLVED_IN_MEGAKARYOCYTE_DIFFERENTIATION_AND_PLATELET_FUNCTION",-0.782220866937019,0.767281105990783,1,19,-0.274394912098027,2,"Wdr5 Kat2b"
"REACTOME_RUNX1_REGULATES_TRANSCRIPTION_OF_GENES_INVOLVED_IN_DIFFERENTIATION_OF_HSCS",-0.880796648480297,0.678224687933426,1,45,-0.254766485919188,45,"Lmo2 Psmc5 Tcf3 Tcf12 Ldb1 Cdk7 Psmc6 Itch Ubc Psmd13 Uba52 Psmb4 Adrm1 Psmc1 Ubb Psmd1 Psmd7 Psmb5 Psmd3 Psma4 Cbfb Psma2 Psmc4 Psmb2 Psma5 Ccnh Psmb6 Psmd12 Psmc3 Psmb3 Psma3 Psmb1 Psmd11 Psma1 Kmt2a Psmd8 Abl1 Psmd6 Psma6 Psmb7 Psmd14 Psmd2 Psma7 Psmc2 Mnat1"
"REACTOME_SCF_SKP2_MEDIATED_DEGRADATION_OF_P27_P21",0.50037855740732,0.996909244169711,1,45,0.161898967464837,25,"Ccne1 Cks1b Cdk4 Cdkn1a Psmc2 Psma7 Psmd2 Ccnd1 Psmd14 Psmb7 Psma6 Psmd6 Psmd8 Psma1 Psmd11 Psmb1 Psma3 Psmb3 Psmc3 Psmd12 Psmb6 Cdk2 Psma5 Psmb2 Psmc4"
"REACTOME_SEALING_OF_THE_NUCLEAR_ENVELOPE_NE_BY_ESCRT_III",-0.953740145896572,0.515108323831243,1,18,-0.338009209652996,3,"Tubb2b Tubb2a Tuba1a"
"REACTOME_SELECTIVE_AUTOPHAGY",-0.906776411662786,0.647840531561462,1,57,-0.249370673795061,4,"Tubb2b Tubb2a Mfn1 Pex5"
"REACTOME_SEMA3A_PAK_DEPENDENT_AXON_REPULSION",1.28491251343566,0.171887422483702,1,10,0.577093075911069,4,"Plxna1 Plxna3 Fes Hsp90aa1"
"REACTOME_SEMA4D_IN_SEMAPHORIN_SIGNALING",1.05663467735724,0.412784226427095,1,10,0.474566594763673,2,"Arhgef12 Arhgap35"
"REACTOME_SENESCENCE_ASSOCIATED_SECRETORY_PHENOTYPE_SASP",0.399555995680523,1,1,33,0.136985011325378,11,"Cdc26 Cdc27 Cdk4 Cdkn1a Anapc4 Ehmt2 Ube2e1 Cdk6 Anapc15 Anapc16 Fzr1"
"REACTOME_SENSORY_PERCEPTION",1.13688088164076,0.28810818756431,1,29,0.400933894386728,7,"Sdc3 Dhrs3 Apoe Sag Rdh5 Myo7a Fntb"
"REACTOME_SEPARATION_OF_SISTER_CHROMATIDS",0.954375513663781,0.573678427542425,1,154,0.259227831980665,24,"Zwilch Dsn1 Cenpl Ska2 Nsl1 Cenph Cenpk Cenpn Mis12 Cenps Cdc26 Kif2c Cenpc1 Wapl Nup37 Cdc27 Cenpi Tuba1c Kif18a Nup160 Itgb3bp Nuf2 Cenpp Cenpt"
"REACTOME_SIALIC_ACID_METABOLISM",0.872502742680939,0.653747161241484,1,22,0.325628172467177,10,"Neu3 St8sia6 St6galnac6 St3gal4 St3gal2 Nanp St6galnac4 Slc17a5 Slc35a1 Glb1"
"REACTOME_SIGNALING_BY_ALK",-0.850525610229852,0.654991726420298,1,12,-0.335746053893782,12,"Ep300 Stat3 Pik3ca Hdac3 Pik3r1 Hdac1 Ptpn6 Plcg1 Mdk Shc1 Pik3cb Pik3r2"
"REACTOME_SIGNALING_BY_BMP",-0.611318155537948,0.916161059018202,1,12,-0.241318610429642,4,"Smad1 Acvr2a Zfyve16 Smad7"
"REACTOME_SIGNALING_BY_CSF3_G_CSF",-0.760610175003574,0.802315484804631,1,20,-0.263926886232081,10,"Syk Jak2 Kras Lyn Grb2 Ube2d1 Tyk2 Hck Ubc Ptpn11"
"REACTOME_SIGNALING_BY_EGFR",-0.691390177032756,0.920287589871835,1,29,-0.219212593978977,13,"Csk Hgs Kras Grb2 Epn1 Aamp Pag1 Eps15 Pxn Cbl Ubc Cdc42 Ptpn11"
"REACTOME_SIGNALING_BY_ERBB2",0.589989080326421,0.971474546518432,1,31,0.205346392016452,12,"Erbb3 Egf Hsp90aa1 Matk Cdc37 Sos1 Usp8 Hras Erbin Ptpn18 Yes1 Shc1"
"REACTOME_SIGNALING_BY_ERBB4",1.15540323727353,0.26950998185118,1,23,0.42739331620115,8,"Aph1b Wwp1 Erbb3 Wwox Egf Stat5a Esr1 Sos1"
"REACTOME_SIGNALING_BY_ERYTHROPOIETIN",-1.47490955648112,0.0750767513257047,1,14,-0.560621002217873,7,"Irs2 Pik3cg Jak2 Pik3r5 Lyn Vav1 Grb2"
"REACTOME_SIGNALING_BY_FGFR",-0.49265900371095,0.998982015609094,1,42,-0.143900302291901,2,"Spred1 Braf"
"REACTOME_SIGNALING_BY_FGFR1",-0.861075521523064,0.674977738201247,1,24,-0.285411592999198,2,"Spred1 Braf"
"REACTOME_SIGNALING_BY_FGFR2",0.364123776193489,1,1,39,0.121159894011146,15,"Fgfbp3 Gtf2f2 Polr2l Sos1 Gtf2f1 Hras Ppp2ca Shc1 Polr2f Polr2h Hnrnpa1 Polr2k Ncbp2 Plcg1 Polr2i"
"REACTOME_SIGNALING_BY_FGFR3",-0.889377076199095,0.623255813953488,1,21,-0.304388538364534,12,"Braf Kras Ppp2cb Grb2 Cbl Ubc Ptpn11 Frs2 Uba52 Pik3ca Ppp2r1a Pik3r1"
"REACTOME_SIGNALING_BY_FGFR4",-0.889377076199095,0.623255813953488,1,21,-0.304388538364534,12,"Braf Kras Ppp2cb Grb2 Cbl Ubc Ptpn11 Frs2 Uba52 Pik3ca Ppp2r1a Pik3r1"
"REACTOME_SIGNALING_BY_GPCR",1.02742227808458,0.409547441805506,1,194,0.272284217546446,38,"Ramp1 Rasgrf2 Plekhg5 Ackr2 Ackr3 Pde8a App Cxcr2 Calcrl Plppr3 Gpr176 Abr Rgs3 Adcy3 Ptger1 Ccrl2 S1pr3 Dgkh Arhgef12 Gpr55 Ect2 Pde1b Gpr150 Mgll Vav3 Grk3 Dgkq Gpsm1 Hrh2 Ccr1 Arhgef10 Rgs18 Arrb1 Gpsm2 Mcf2l Trio Rgs7 Gnb4"
"REACTOME_SIGNALING_BY_HEDGEHOG",0.997469407222664,0.470672575599583,1,92,0.289264051836869,9,"Intu Cdon Gas8 Adcy3 Hhat Wdr19 Rpgrip1l Ift140 Ptch1"
"REACTOME_SIGNALING_BY_HIPPO",1.01763186576758,0.4509375,1,13,0.427679829182774,4,"Wwc1 Tjp2 Mob1b Stk3"
"REACTOME_SIGNALING_BY_INSULIN_RECEPTOR",-0.788344823759027,0.829317269076305,1,40,-0.233368857155442,7,"Pik3r4 Irs2 Atp6v0a1 Atp6v0d1 Atp6v1g2 Akt2 Tcirg1"
"REACTOME_SIGNALING_BY_INTERLEUKINS",0.702625479999183,0.987100591715976,1,193,0.186343261285608,13,"Il9r Il12rb1 Nlrx1 App Socs3 Csf2rb Ebi3 Il15ra Il15 Osm Alpk1 Il2ra Il12a"
"REACTOME_SIGNALING_BY_MET",0.702874168113805,0.91070163004961,1,42,0.230677792010212,4,"Ptk2 Col27a1 Tns3 Dock7"
"REACTOME_SIGNALING_BY_NOTCH",1.35971616516804,0.0898403483309144,1,32,0.469323083169483,9,"Aph1b Dll1 Dtx4 Prkci Dtx1 Notch1 Dll4 Egf Maml2"
"REACTOME_SIGNALING_BY_NOTCH1",0.883122484248551,0.628999845416602,1,15,0.358183471175296,4,"Dtx4 Dtx1 Notch1 Maml2"
"REACTOME_SIGNALING_BY_NOTCH3",1.43420509944658,0.069169652593862,1,14,0.591553966976078,4,"Aph1b Dll1 Dll4 Egf"
"REACTOME_SIGNALING_BY_NTRK1_TRKA",-1.18360000295817,0.180762250453721,1,54,-0.329427627754909,5,"Egr2 Mapk11 Irs2 Braf Dusp6"
"REACTOME_SIGNALING_BY_NTRKS",-1.1551538567524,0.210096510764662,1,58,-0.31680478436493,14,"Egr2 Mapk11 Irs2 Braf Dusp6 Fyn Ap2b1 Kras Mapkapk3 Atf1 Mapk7 Kidins220 Ppp2cb Grb2"
"REACTOME_SIGNALING_BY_NUCLEAR_RECEPTORS",0.940658290013848,0.582045715745116,1,108,0.266855231379591,31,"Dhrs3 Prkcz Ptk2 S1pr3 Fabp5 Rdh5 Nrip1 Rdh13 Gtf2f2 Dld Gnb4 Zdhhc21 Egf Tbl1xr1 Rara Hsp90aa1 Ncor2 Gng10 Ppid Abca1 Esr1 Pdk1 Pdhx Ptges3 Dlat Polr2l Kdm1a Prmt1 Gtf2f1 Ccnt1 Xpo1"
"REACTOME_SIGNALING_BY_PDGF",-0.89441688305074,0.619768477292965,1,24,-0.296462901355455,1,"Col5a3"
"REACTOME_SIGNALING_BY_PTK6",1.1535588891624,0.261828737300435,1,32,0.398165314459105,12,"Socs3 Erbb3 Arhgap35 Ccne1 Cdk4 Egf Dok1 Elmo1 Crk Hras Ccnd1 Rac1"
"REACTOME_SIGNALING_BY_RECEPTOR_TYROSINE_KINASES",0.633006076583708,0.999771897810219,1,245,0.164054887895995,21,"Aph1b Fer Prkcz Sh2d2a Ptk2 Col27a1 Vegfa Fgfbp3 Chek1 Cyfip1 Tns3 Them4 Wwp1 Erbb3 Dock7 Ctnna1 Itgb3 Vav3 Wwox Cdh5 Cybb"
"REACTOME_SIGNALING_BY_RETINOIC_ACID",1.06433079395646,0.381623277182236,1,19,0.410007914963945,9,"Dhrs3 Fabp5 Rdh5 Rdh13 Dld Rara Pdk1 Pdhx Dlat"
"REACTOME_SIGNALING_BY_RHO_GTPASES_MIRO_GTPASES_AND_RHOBTB3",0.956448870867987,0.621624506350731,1,468,0.237027751054661,76,"Rasgrf2 Chn2 Plekhg5 Zwilch Pard6b Plxna1 Sowahc Stard8 Arhgap10 Dsn1 Sh3rf1 Cenpl Pak6 Prkcz Ska2 Ptk2 Nsl1 Abr Stom Cenph Tjp2 Amigo2 Cyfip1 Cenpk Srgap2 Syde1 Pfn2 Cenpn Arhgef12 Arhgap18 Ect2 Ankrd26 Rhobtb1 Dock7 Ctnna1 Mis12 Sh3bp1 Acbd5 Arhgap35 Cenps Kif2c Snap23 Cenpc1 Ccne1 Cops2 Git1 Vav3 Nup37 Cenpi Diaph2 Hspe1-rs1 Daam1 Cybb Gfod1 Arhgef10 Tuba1c Kif18a Nup160 Itgb3bp Wdr11 Shmt2 Nuf2 Mcf2l Nipsnap2 Cenpp Nckipsd Trio Scrib Gopc Twf1 Cenpt Arhgap5 Iqgap2 Cep97 Zwint Hsp90aa1"
"REACTOME_SIGNALING_BY_ROBO_RECEPTORS",-0.695346024748588,0.862156807245967,1,15,-0.259539325034085,2,"Cxcr4 Dag1"
"REACTOME_SIGNALING_BY_SCF_KIT",0.673029308299992,0.913973734690866,1,28,0.239373298004647,2,"Fer Chek1"
"REACTOME_SIGNALING_BY_TGFBR3",1.09168718023966,0.363296463623617,1,14,0.450278612464068,4,"Aph1b Timp2 Arrb1 Gipc1"
"REACTOME_SIGNALING_BY_TGFB_FAMILY_MEMBERS",0.937932558743893,0.580301805443277,1,73,0.281591226169054,23,"Aph1b Bmpr2 Smad3 Timp2 Prkcz Tfdp1 Itgb3 Arrb1 Tgif2 Ski Gipc1 Ncor2 E2f5 Fbn1 Smad5 Acvr1b Strap Parp1 Fkbp1a Tgfbr1 Itgav Smad4 Ccnt1"
"REACTOME_SIGNALING_BY_TGF_BETA_RECEPTOR_COMPLEX",0.828657770579643,0.761675161868026,1,56,0.259163314412081,16,"Smad3 Prkcz Tfdp1 Itgb3 Tgif2 Ski Ncor2 E2f5 Fbn1 Strap Parp1 Fkbp1a Tgfbr1 Itgav Smad4 Ccnt1"
"REACTOME_SIGNALING_BY_TYPE_1_INSULIN_LIKE_GROWTH_FACTOR_1_RECEPTOR_IGF1R",-0.85236444331242,0.66076527698458,1,17,-0.30734346926462,2,"Pik3r4 Irs2"
"REACTOME_SIGNALING_BY_VEGF",1.151418764518,0.230758934546915,1,75,0.343831825434443,11,"Prkcz Sh2d2a Ptk2 Vegfa Cyfip1 Them4 Ctnna1 Itgb3 Vav3 Cdh5 Cybb"
"REACTOME_SIGNALING_BY_WNT",0.375140171333242,1,1,155,0.101831706037313,32,"Ryk Znrf3 Rnf43 Lef1 Cltb Daam1 Frat1 Wnt6 Gnb4 Gng10 Tcf7 Fzd5 Dvl1 Tle1 Sox4 Psmc2 Tmed5 Cdc73 Ppp2r1b Xpo1 Csnk2a2 Psma7 Dvl3 Usp8 Ppp2r5b Ppp3r1 Psmd2 Pard6a Rac1 Psmd14 Tnks Psmb7"
"REACTOME_SIGNALLING_TO_ERKS",-0.952953835768289,0.522519870473948,1,22,-0.322712507477826,2,"Mapk11 Braf"
"REACTOME_SIGNALLING_TO_RAS",-1.01092090613091,0.448155130622138,1,10,-0.421027992824326,3,"Mapk11 Kras Mapkapk3"
"REACTOME_SIGNAL_AMPLIFICATION",-0.590398735330527,0.951170759565962,1,17,-0.212884520218564,2,"Tbxa2r Gnai2"
"REACTOME_SIGNAL_TRANSDUCTION_BY_L1",1.31082808315559,0.147472561446901,1,15,0.531655530589555,7,"Itga9 Itgb3 Itga5 Map2k2 Itgav Csnk2a2 Rac1"
"REACTOME_SLBP_DEPENDENT_PROCESSING_OF_REPLICATION_DEPENDENT_HISTONE_PRE_MRNAS",0.725069636324803,0.816823024328192,1,10,0.325650705632539,8,"Snrpf Snrpb Snrpg Lsm10 Snrpd3 Slbp Ncbp2 Snrpe"
"REACTOME_SLC_MEDIATED_TRANSMEMBRANE_TRANSPORT",1.25316467043576,0.108232291001914,1,107,0.355842793979593,38,"Slc8a1 Slc9a9 Slc2a3 Slc7a7 Slc29a2 Slc16a7 Emb Slc29a1 Slc39a6 Slc26a6 Slc29a4 Slc12a2 Slc29a3 Slc5a6 Slc16a1 Slc44a1 Slc7a5 Mfsd4b4 Slc12a3 Slc35b2 Slc16a10 Slc20a2 Ahcyl2 Slc22a5 Slc25a1 Slc26a2 Slc25a22 Slc41a1 Bsg Slc35d1 Slc30a1 Slc31a1 Slc3a2 Slc7a1 Slc6a13 Slc43a2 Slc17a5 Slc4a8"
"REACTOME_SLC_MEDIATED_TRANSPORT_OF_AMINO_ACIDS",-0.821980198819123,0.705632606849703,1,15,-0.306805789347876,3,"Slc43a1 Slc36a1 Slc36a4"
"REACTOME_SLC_MEDIATED_TRANSPORT_OF_INORGANIC_ANIONS",1.08183362394432,0.369918070799196,1,15,0.438778232430858,6,"Slc26a6 Slc12a2 Slc12a3 Slc20a2 Ahcyl2 Slc26a2"
"REACTOME_SLC_MEDIATED_TRANSPORT_OF_ORGANIC_ANIONS",1.13949070543477,0.310853199498118,1,12,0.488254373937422,7,"Slc16a7 Emb Slc16a1 Slc44a1 Slc25a1 Bsg Slc17a5"
"REACTOME_SMAD2_SMAD3_SMAD4_HETEROTRIMER_REGULATES_TRANSCRIPTION",0.925056607224526,0.583635813672111,1,23,0.342186172135396,2,"Smad3 Tfdp1"
"REACTOME_SMOOTH_MUSCLE_CONTRACTION",-1.63905993717444,0.0276984580239863,1,17,-0.591008190658651,7,"Vcl Mylpf Sorbs1 Tpm1 Pde5a Calm1 Tpm4"
"REACTOME_SNRNP_ASSEMBLY",1.00974672751916,0.451437343008652,1,47,0.324246308955475,23,"Nup37 Wdr77 Nup160 Ddx20 Nup54 Nup205 Nup88 Nup188 Nup107 Clns1a Smn1 Ndc1 Snrpd1 Snrpf Snrpb Snrpg Prmt5 Nup133 Snrpd3 Gemin4 Aaas Snupn Snrpd2"
"REACTOME_SPHINGOLIPID_DE_NOVO_BIOSYNTHESIS",-1.48635512168891,0.06442417331813,1,18,-0.526770024421552,6,"Cers6 Sgms1 Kdsr Ormdl1 Spns2 Sphk2"
"REACTOME_SPHINGOLIPID_METABOLISM",-0.882743403418082,0.695991091314031,1,58,-0.242095312182621,15,"Cers6 Hexb Ctsa Sgms1 Neu1 Kdsr Cerk Glb1l Sumf2 B3gnt5 B3galt4 Aldh3a2 Ormdl1 Spns2 Sphk2"
"REACTOME_SPOP_MEDIATED_PROTEASOMAL_DEGRADATION_OF_PD_L1_CD274",0.709414585589546,0.904882154882155,1,44,0.230509771249038,23,"Cdk4 Psmc2 Csnk2a2 Psma7 Psmd2 Ccnd1 Psmd14 Psmb7 Psma6 Psmd6 Psmd8 Psma1 Psmd11 Psmb1 Psma3 Psmb3 Psmc3 Psmd12 Cul3 Psmb6 Psma5 Psmb2 Psmc4"
"REACTOME_SPRY_REGULATION_OF_FGF_SIGNALING",-1.31868503753469,0.151027207107163,1,13,-0.510714082988086,8,"Braf Ppp2cb Grb2 Cbl Ubc Ptpn11 Uba52 Ppp2r1a"
"REACTOME_STABILIZATION_OF_P53",-0.835721628703756,0.757473967080954,1,41,-0.246022031823745,41,"Cop1 Mdm2 Phf20 Psmc5 Mdm4 Psmc6 Ubc Psmd13 Uba52 Psmb4 Adrm1 Atm Psmc1 Ubb Psmd1 Psmd7 Psmb5 Psmd3 Psma4 Psma2 Psmc4 Psmb2 Psma5 Psmb6 Psmd12 Psmc3 Psmb3 Psma3 Psmb1 Psmd11 Psma1 Psmd8 Psmd6 Psma6 Trp53 Psmb7 Psmd14 Psmd2 Psma7 Psmc2 Chek2"
"REACTOME_STIMULI_SENSING_CHANNELS",0.996885190755192,0.472997873848335,1,42,0.3271699048326,6,"Asph Ano8 Nek4 Stom Ttyh2 Wwp1"
"REACTOME_STRIATED_MUSCLE_CONTRACTION",0.822747736940689,0.70248975732745,1,11,0.360875180873592,1,"Myl4"
"REACTOME_SULFUR_AMINO_ACID_METABOLISM",0.598751306069247,0.937684997663187,1,14,0.246961686633274,1,"Tstd1"
"REACTOME_SUMOYLATION",0.735984095896382,0.949535525985438,1,129,0.204348513884259,32,"Dnmt3b Cbx2 Phc1 Bmi1 Nup37 Nop58 Nrip1 Rwdd2b Nup160 Phc3 Nup54 Nup205 Rara Nup88 Smc6 Nup188 Nup107 Top1 Rad52 Npm1 Cdca8 Ikbke Cbx4 Smc5 Casp8ap2 Pcna Esr1 Ndc1 Trim27 Parp1 Ikbkg Mta1"
"REACTOME_SUMOYLATION_OF_CHROMATIN_ORGANIZATION_PROTEINS",0.911915810857424,0.610554163185742,1,48,0.292103065310053,12,"Cbx2 Phc1 Bmi1 Nup37 Nup160 Phc3 Nup54 Nup205 Nup88 Nup188 Nup107 Cbx4"
"REACTOME_SUMOYLATION_OF_DNA_DAMAGE_RESPONSE_AND_REPAIR_PROTEINS",0.889093562263115,0.66221322537112,1,69,0.268970743206039,17,"Cbx2 Phc1 Bmi1 Nup37 Nup160 Phc3 Nup54 Nup205 Nup88 Smc6 Nup188 Nup107 Rad52 Cbx4 Smc5 Ndc1 Parp1"
"REACTOME_SUMOYLATION_OF_DNA_REPLICATION_PROTEINS",0.924588355052924,0.585543199315654,1,40,0.30600215624717,11,"Nup37 Nup160 Nup54 Nup205 Nup88 Nup188 Nup107 Top1 Cdca8 Pcna Ndc1"
"REACTOME_SUMOYLATION_OF_IMMUNE_RESPONSE_PROTEINS",-0.545160902386909,0.959792122538293,1,11,-0.22070108126962,11,"Sumo3 Pias4 Ube2i Pias3 Topors Nfkb2 Sumo1 Nfkbia Rela Ikbkg Ikbke"
"REACTOME_SUMOYLATION_OF_INTRACELLULAR_RECEPTORS",-1.01685925504426,0.422550934970695,1,14,-0.386513635478453,3,"Thra Nr1h2 Sumo3"
"REACTOME_SUMOYLATION_OF_RNA_BINDING_PROTEINS",1.26035017305868,0.14097850678733,1,43,0.411806955463662,13,"Cbx2 Phc1 Bmi1 Nup37 Nop58 Nup160 Phc3 Nup54 Nup205 Nup88 Nup188 Nup107 Cbx4"
"REACTOME_SUMOYLATION_OF_SUMOYLATION_PROTEINS",1.06936493641991,0.368359941944848,1,32,0.369104716006598,7,"Nup37 Nup160 Nup54 Nup205 Nup88 Nup188 Nup107"
"REACTOME_SUMOYLATION_OF_TRANSCRIPTION_COFACTORS",0.757448616707549,0.836655671877241,1,37,0.253779675178846,8,"Cbx2 Phc1 Bmi1 Nrip1 Phc3 Npm1 Cbx4 Casp8ap2"
"REACTOME_SUMOYLATION_OF_TRANSCRIPTION_FACTORS",-0.685166665544353,0.845733041575492,1,11,-0.277380537146843,11,"Sumo3 Pias4 Ube2i Sp3 Pias3 Pias1 Sumo1 Sumo2 Pias2 Trp53bp1 Mta1"
"REACTOME_SUMOYLATION_OF_UBIQUITINYLATION_PROTEINS",0.89255567399341,0.629587155963303,1,36,0.300506472555475,9,"Nup37 Nup160 Nup54 Nup205 Nup88 Nup188 Nup107 Ndc1 Trim27"
"REACTOME_SWITCHING_OF_ORIGINS_TO_A_POST_REPLICATIVE_STATE",0.42343653722236,1,1,74,0.126721208642982,8,"Cdc26 Ccne1 Mcm2 Cdc27 Gmnn Orc2 Orc3 Orc1"
"REACTOME_SYNTHESIS_OF_ACTIVE_UBIQUITIN_ROLES_OF_E1_AND_E2_ENZYMES",-0.675693537650793,0.929978118161926,1,29,-0.214235807860262,29,"Ube2c Ube2h Ube2t Ube2b Ube2d1 Otulin Ubc Ube2e3 Uba52 Ube2g1 Usp5 Ube2k Ubb Uchl3 Uba1 Ube2w Ube2r2 Ube2d2a Ube2s Ube2a Uba6 Usp9x Usp7 Ube2e1 Cdc34 Ube2g2 Ube2z Ube2q2 Ube2l3"
"REACTOME_SYNTHESIS_OF_BILE_ACIDS_AND_BILE_SALTS",-1.54081970002525,0.0543298400441258,1,12,-0.608240513657754,6,"Cyp39a1 Cyp27a1 Acot8 Osbpl9 Osbp Osbpl2"
"REACTOME_SYNTHESIS_OF_GLYCOSYLPHOSPHATIDYLINOSITOL_GPI",0.874439169325431,0.642187740052235,1,16,0.349367180876354,4,"Pigb Pigf Pigl Piga"
"REACTOME_SYNTHESIS_OF_IP2_IP_AND_INS_IN_THE_CYTOSOL",-0.644005204618651,0.880958793428494,1,10,-0.268215067098334,3,"Synj1 Inpp5b Inpp5a"
"REACTOME_SYNTHESIS_OF_IP3_AND_IP4_IN_THE_CYTOSOL",-1.40426704473629,0.0918778801843318,1,19,-0.49260221580562,9,"Plcb3 Synj1 Inpp5b Calm1 Itpk1 Plcb2 Calm3 Pten Ocrl"
"REACTOME_SYNTHESIS_OF_PA",0.735492736280303,0.836033308099924,1,22,0.274494444386427,6,"Ddhd2 Lpcat1 Lpcat4 Agpat4 Miga1 Gpat3"
"REACTOME_SYNTHESIS_OF_PC",1.38921993535692,0.0937163926870487,1,16,0.5550390118129,3,"Pemt Slc44a1 Lpcat1"
"REACTOME_SYNTHESIS_OF_PIPS_AT_THE_EARLY_ENDOSOME_MEMBRANE",0.594669990516641,0.940949142062143,1,15,0.241190735380578,1,"Pi4k2b"
"REACTOME_SYNTHESIS_OF_PIPS_AT_THE_GOLGI_MEMBRANE",0.705093249287928,0.849590353995981,1,15,0.285977032673011,1,"Pi4k2b"
"REACTOME_SYNTHESIS_OF_PIPS_AT_THE_PLASMA_MEMBRANE",-0.674193519376559,0.955995969096406,1,41,-0.198470942694985,8,"Pip4k2b Pik3cg Pik3c2b Synj1 Plekha2 Pik3r5 Pip5k1b Mtmr14"
"REACTOME_SYNTHESIS_OF_VERY_LONG_CHAIN_FATTY_ACYL_COAS",-0.972333175455338,0.486396446418656,1,13,-0.376575324605138,2,"Acsl4 Elovl6"
"REACTOME_S_PHASE",0.702767275939277,0.97189460476788,1,126,0.195516974001141,29,"Dna2 Prim2 Cdc26 Ccne1 Mcm2 Pole Wapl Cdc27 Cdc25a Gmnn Fen1 Pold3 Gins3 Cks1b Orc2 Cdk4 Orc3 Orc1 Esco1 Rb1 Pcna Pole2 Cdkn1a Rpa2 Mnat1 Rfc4 Psmc2 Anapc4 Gins2"
"REACTOME_TAK1_DEPENDENT_IKK_AND_NF_KAPPA_B_ACTIVATION",0.863357293341437,0.676525484565686,1,35,0.292284855643383,10,"Nlrx1 App Alpk1 Traf2 Nkiras1 Nlrc5 Lrrc14 Ikbkg Chuk N4bp1"
"REACTOME_TBC_RABGAPS",-1.15801391770008,0.24062015503876,1,28,-0.37051913979368,9,"Tsc1 Tbc1d14 Tbc1d7 Rab6b Gabarapl2 Sytl1 Optn Tbc1d25 Tbc1d10c"
"REACTOME_TCF_DEPENDENT_SIGNALING_IN_RESPONSE_TO_WNT",0.523540709211896,0.999360204734485,1,106,0.148935566308446,4,"Ryk Znrf3 Rnf43 Lef1"
"REACTOME_TCR_SIGNALING",0.927973364489821,0.600052763487667,1,82,0.273635760678896,3,"Cd247 Trac Lcp2"
"REACTOME_TELOMERE_C_STRAND_LAGGING_STRAND_SYNTHESIS",1.09049149424935,0.334248951857742,1,33,0.3738674711552,12,"Dna2 Chtf18 Prim2 Dscc1 Fen1 Pold3 Terf2ip Stn1 Wrn Pcna Rpa2 Rfc4"
"REACTOME_TELOMERE_C_STRAND_SYNTHESIS_INITIATION",-0.833976169269526,0.675399889685604,1,12,-0.329213141269228,5,"Pot1a Prim1 Pola1 Terf2 Pola2"
"REACTOME_TELOMERE_EXTENSION_BY_TELOMERASE",0.650243985671789,0.913612565445026,1,18,0.253927890580149,5,"Wrap53 Rtel1 Terf2ip Ankrd28 Nhp2"
"REACTOME_TELOMERE_MAINTENANCE",1.02717344354391,0.419808040061205,1,50,0.327036375066049,16,"Dna2 Chtf18 Wrap53 Prim2 Dscc1 Fen1 Rtel1 Pold3 Terf2ip Ankrd28 Stn1 Nhp2 Wrn Pcna Rpa2 Rfc4"
"REACTOME_TERMINATION_OF_TRANSLESION_DNA_SYNTHESIS",0.737826664524987,0.849705882352941,1,30,0.258731052897901,9,"Polk Pole Pold3 Poli Uba7 Pcna Pole2 Rpa2 Rfc4"
"REACTOME_TGF_BETA_RECEPTOR_SIGNALING_ACTIVATES_SMADS",0.855793648408793,0.68098899442183,1,24,0.314259944724705,8,"Smad3 Itgb3 Fbn1 Strap Fkbp1a Tgfbr1 Itgav Smad4"
"REACTOME_TGF_BETA_RECEPTOR_SIGNALING_IN_EMT_EPITHELIAL_TO_MESENCHYMAL_TRANSITION",0.780751004412754,0.756539552473999,1,11,0.342454493989089,1,"Prkcz"
"REACTOME_THE_PHOTOTRANSDUCTION_CASCADE",0.811499564785547,0.72160772706029,1,14,0.334712090295514,4,"Sag Fntb Guca1b Nmt2"
"REACTOME_THE_ROLE_OF_GTSE1_IN_G2_M_PROGRESSION_AFTER_G2_CHECKPOINT",0.599458358395207,0.982434301521438,1,52,0.189449237618663,28,"Cdk1 Fkbpl Tuba1c Hsp90aa1 Tuba4a Ccnb2 Cdkn1a Psmc2 Gtse1 Tuba1b Psma7 Psmd2 Tubb4b Psmd14 Psmb7 Hsp90ab1 Trp53 Plk1 Psma6 Psmd6 Psmd8 Ccnb1 Psma1 Mapre1 Psmd11 Psmb1 Psma3 Psmb3"
"REACTOME_THROMBIN_SIGNALLING_THROUGH_PROTEINASE_ACTIVATED_RECEPTORS_PARS",1.09656354472528,0.351206022430481,1,16,0.438113167515118,4,"Arrb1 Gnb4 Gng10 Gna11"
"REACTOME_THROMBOXANE_SIGNALLING_THROUGH_TP_RECEPTOR",-0.590658045935982,0.93364797334814,1,13,-0.228756203114039,1,"Tbxa2r"
"REACTOME_TIE2_SIGNALING",0.900073718746303,0.607311692404664,1,11,0.394792050428398,6,"Angpt1 Sos1 Hras Pik3r2 Pik3cb Shc1"
"REACTOME_TNFR1_INDUCED_NF_KAPPA_B_SIGNALING_PATHWAY",-1.02289219236606,0.41282375236892,1,31,-0.320389623439213,9,"Spata2 Tab3 Tnf Ripk1 Cyld Usp21 Tab2 Optn Sharpin"
"REACTOME_TNFR1_INDUCED_PROAPOPTOTIC_SIGNALING",-1.007453767789,0.438916691198116,1,22,-0.341168605831842,6,"Spata2 Mib2 Tnf Ripk1 Cyld Usp21"
"REACTOME_TNFR2_NON_CANONICAL_NF_KB_PATHWAY",0.591192627399327,0.988001090809926,1,61,0.182610912648864,3,"Cd27 Tnfrsf1b Tnfrsf18"
"REACTOME_TNFS_BIND_THEIR_PHYSIOLOGICAL_RECEPTORS",1.30945651386057,0.149467323898871,1,10,0.588116528910607,3,"Cd27 Tnfrsf1b Tnfrsf18"
"REACTOME_TNF_RECEPTOR_SUPERFAMILY_TNFSF_MEMBERS_MEDIATING_NON_CANONICAL_NF_KB_PATHWAY",-0.898986679265309,0.581470509022354,1,10,-0.37440966434803,2,"Map3k14 Tnfrsf13c"
"REACTOME_TNF_SIGNALING",-0.722485282797055,0.931760435571688,1,54,-0.201087032954392,7,"Spata2 Tab3 Mib2 Tax1bp1 Tnf Ripk1 Cyld"
"REACTOME_TOLL_LIKE_RECEPTOR_4_TLR4_CASCADE",-0.740847278978932,0.965959328028294,1,100,-0.184123607908767,10,"Mapk11 Ly96 Fos Tab3 Dusp6 Usp18 Map2k4 Ager Irf7 Ripk1"
"REACTOME_TOLL_LIKE_RECEPTOR_9_TLR9_CASCADE",-0.934022248154289,0.592920353982301,1,84,-0.240442174096957,10,"Mapk11 Ly96 Pik3r4 Fos Tab3 Dusp6 Usp18 Map2k4 Ager Irf7"
"REACTOME_TOLL_LIKE_RECEPTOR_CASCADES",0.616058794044456,0.996329113924051,1,122,0.172387044293584,29,"Nlrx1 App S100a1 Tlr4 Tlr6 Alpk1 Tlr7 Mapk8 Tlr2 Traf2 Lgmn Tnip2 Nkiras1 Ptpn4 Nod2 Nlrc5 Ticam2 Tank Ikbke Gsdme Lrrc14 Ticam1 Ripk2 Nod1 Ikbkg Fadd Tlr9 Ppp2r1b Chuk"
"REACTOME_TP53_REGULATES_METABOLIC_GENES",-1.04201233825923,0.366879459256478,1,64,-0.279806277586618,10,"Cox6a2 Prkab2 Tigar Prkag1 Slc38a9 Tsc1 G6pdx Sfn Akt2 Sesn1"
"REACTOME_TP53_REGULATES_TRANSCRIPTION_OF_ADDITIONAL_CELL_CYCLE_GENES_WHOSE_EXACT_ROLE_IN_THE_P53_PATHWAY_REMAIN_UNCERTAIN",-0.690914256015255,0.86830804466075,1,16,-0.253850419624614,5,"Tnks1bp1 Cnot11 Cnot9 Cnot3 Cnot7"
"REACTOME_TP53_REGULATES_TRANSCRIPTION_OF_CELL_CYCLE_GENES",0.816721937810951,0.741878582978098,1,29,0.288026223719269,5,"Aurka Cdk1 Plk2 Plk3 Ccne1"
"REACTOME_TP53_REGULATES_TRANSCRIPTION_OF_CELL_DEATH_GENES",-0.620429802766692,0.91282620766241,1,13,-0.24028651934267,4,"Bnip3l Tmem219 Pidd1 Cradd"
"REACTOME_TP53_REGULATES_TRANSCRIPTION_OF_DNA_REPAIR_GENES",0.521916313138468,0.995899321266968,1,43,0.170530994095691,11,"Ell Gtf2f2 Gtf2h5 Cdk12 Mnat1 Gtf2h2 Polr2l Eloc Gtf2f1 Ccnt1 Nelfa"
"REACTOME_TRAF6_MEDIATED_INDUCTION_OF_TAK1_COMPLEX_WITHIN_TLR4_COMPLEX",-0.925478314087021,0.542476401998889,1,13,-0.35842888563288,2,"Ly96 Tab3"
"REACTOME_TRAF6_MEDIATED_NF_KB_ACTIVATION",0.85183111647415,0.67515625,1,13,0.357998799606618,4,"App Nkiras1 Ikbkg Chuk"
"REACTOME_TRAFFICKING_OF_AMPA_RECEPTORS",0.785811189766513,0.761100015363343,1,16,0.313957390862999,5,"Camk2g Akap5 Pick1 Nsf Myo6"
"REACTOME_TRANSCRIPTIONAL_ACTIVATION_OF_MITOCHONDRIAL_BIOGENESIS",0.703363303229621,0.844626536400882,1,11,0.308510552963253,5,"Sod2 Sirt3 Sirt5 Gm10053 Cycs"
"REACTOME_TRANSCRIPTIONAL_ACTIVITY_OF_SMAD2_SMAD3_SMAD4_HETEROTRIMER",0.823906020844405,0.739105504587156,1,36,0.277393443630719,6,"Smad3 Tfdp1 Tgif2 Ski Ncor2 E2f5"
"REACTOME_TRANSCRIPTIONAL_AND_POST_TRANSLATIONAL_REGULATION_OF_MITF_M_EXPRESSION_AND_ACTIVITY",-0.598693491871766,0.943390885932635,1,15,-0.223463569578727,1,"Csf1"
"REACTOME_TRANSCRIPTIONAL_REGULATION_BY_E2F6",1.13033155629318,0.299924299772899,1,22,0.421852884756288,13,"Tfdp1 Chek1 Phc1 Bmi1 Rybp Phc3 Rbbp7 Epc1 L3mbtl2 Rbbp4 Ehmt2 Yaf2 Eed"
"REACTOME_TRANSCRIPTIONAL_REGULATION_BY_RUNX1",-0.437484129726047,1,1,102,-0.108464445811725,102,"Ccnd3 Wdr5 Scmh1 Kat2b Smarcc2 Ccnd2 Lmo2 Ring1 Smarcd1 Pml Smarcd2 Psmc5 Tcf3 Cbx6 Phc2 Ctsl Tcf12 Ldb1 Cdk7 Psmc6 Setd1b Arid1a Sin3a Itch Ep300 Ubc Ptpn11 Psmd13 Uba52 Psmb4 Adrm1 H3f3b Hdac1 Psmc1 Ubb Smarcb1 Csnk2a1 Psmd1 H3f3a Psmd7 Psmb5 Csnk2b Cbx8 Kmt2b Foxp3 Psmd3 Psma4 Cbfb Psma2 Ash2l Psmc4 Psmb2 Psma5 Ccnh Psmb6 Psmd12 Sin3b Psmc3 Rbbp5 Psmb3 Psma3 Psmb1 Psmd11 Prmt6 Psma1 Kmt2a Psmd8 Smarce1 Elf1 Zfpm1 Rnf2 Setd1a Abl1 Elf2 Psmd6 Psma6 Cdk6 Smarca4 Yaf2 Pax5 Smarcc1 Psmb7 Psmd14 Ccnd1 Psmd2 Hipk2 Psma7 Actl6a Csnk2a2 Prmt1 Psmc2 Mnat1 Esr1 Cbx4 Kmt2d Pbrm1 Phc3 Pcgf5 Rybp Bmi1 Phc1 Cbx2"
"REACTOME_TRANSCRIPTIONAL_REGULATION_BY_RUNX2",-0.500970063409679,1,1,48,-0.142552211106194,3,"Smad1 Skp2 Ppm1d"
"REACTOME_TRANSCRIPTIONAL_REGULATION_BY_RUNX3",0.677673852100685,0.947938073708727,1,59,0.210457792628665,18,"Zfhx3 Smad3 Lef1 Notch1 Maml2 Tcf7 Psmc2 Smad4 Psma7 Hdac4 Psmd2 Rbpj Ccnd1 Kat2a Psmd14 Psmb7 Maml1 Trp53"
"REACTOME_TRANSCRIPTIONAL_REGULATION_BY_THE_AP_2_TFAP2_FAMILY_OF_TRANSCRIPTION_FACTORS",0.673535457834223,0.8775,1,13,0.283066538347643,5,"Wwox Npm1 Myc Esr1 Cited2"
"REACTOME_TRANSCRIPTIONAL_REGULATION_BY_TP53",-0.585131374722554,1,1,275,-0.12801174010283,58,"Mapk11 Cox6a2 Taf5 Prkab2 Gadd45a Rffl Taf13 Pip4k2b Tigar Tnks1bp1 Taf9b Prkag1 Taf4b Tpx2 Slc38a9 Tsc1 Cnot11 G6pdx Polr2b Daxx Bnip3l Sfn Cnot9 Ccnk Rfc5 Ccna2 Ak6 Akt2 Sesn1 Pml Nelfe Brd7 Tmem219 Pidd1 Cnot3 Ywhah Pip4p1 Tbp Cnot7 Mdm2 Kat6a Phf20 Rad50 Gtf2h1 Ccng1 Gtf2h4 Meaf6 Mta2 Nelfcd Ywhaq Taf9 Ercc3 Ppp2cb Taf7 Cdk13 Cradd Rmi1 Cdk9"
"REACTOME_TRANSCRIPTION_COUPLED_NUCLEOTIDE_EXCISION_REPAIR_TC_NER",0.64787795434269,0.976286715171113,1,73,0.19450945152771,15,"Polk Uvssa Ercc6 Cops2 Pole Pold3 Gtf2h5 Pcna Pole2 Rpa2 Mnat1 Gtf2h2 Rfc4 Cops7b Polr2l"
"REACTOME_TRANSFERRIN_ENDOCYTOSIS_AND_RECYCLING",0.907685716551843,0.602725208175624,1,22,0.338758867562003,2,"Trf Steap4"
"REACTOME_TRANSLATION",0.537980506785899,1,1,211,0.141398438198657,109,"Ppa1 Malsu1 Eif2b3 Srp68 Mrpl58 Gspt1 Gfm1 Eif2s1 Mrpl15 N6amt1 Eif2b2 Mrpl3 Etf1 Klhdc10 Mrpl52 Mrpl51 Eif1ax Psmc2 Eloc Dap3 Mrpl21 Mrps14 Eif3m Eef1g Eif4a1 Mrps6 Mrpl34 Mrpl35 Eif2s3x Psma7 Ppa2 Mrps34 Ascc3 Mrps26 Psmd2 Eef1d Mrpl39 Abce1 Gfm2 Psmd14 Psmb7 Mief1 Eif3i Mrpl17 Eif4b Mrpl27 Eif3b Chchd1 Mrpl47 Mrpl11 Eif3l Eef1b2 Mrpl24 Mrps18b Eif3a Mrpl40 Ndufab1 Mrps17 Psma6 Psmd6 Mrpl2 Eif3c Srp9 Ptcd3 Mrpl54 Mrps15 Cul2 Mrpl38 Mrps27 Mrpl42 Eif2b4 Srp14 Eif4e Eif5b Eif4g1 Srp54a Pelo Mrpl32 Psmd8 Eif3g Mrps5 Mrpl13 Psma1 Eif2s2 Psmd11 Mrps18a Mrpl46 Psmb1 Psma3 Psmb3 Eif3e Psmc3 Mrps9 Psmd12 Mrpl53 Eif3h Eif2b5 Mrpl23 Srp72 Mrpl30 Mrps12 mt-Nd4 Mrps2 Psmb6 Mrpl36 Psma5 Mrps11 Psmb2 Mrpl12"
"REACTOME_TRANSLESION_SYNTHESIS_BY_POLH",-0.775581252160605,0.768529076396807,1,18,-0.274869006188313,8,"Sprtn Rfc5 Polh Rchy1 Ufd1 Rfc3 Rfc2 Ubc"
"REACTOME_TRANSLESION_SYNTHESIS_BY_POLK",0.841343526298499,0.687202335228146,1,16,0.336144384014991,4,"Polk Pcna Rpa2 Rfc4"
"REACTOME_TRANSLESION_SYNTHESIS_BY_Y_FAMILY_DNA_POLYMERASES_BYPASSES_LESIONS_ON_DNA_TEMPLATE",-0.603788541277911,0.984153185869924,1,37,-0.182023895664854,9,"Trim25 Sprtn Pole4 Pold4 Rfc5 Ube2l6 Polh Pclaf Rchy1"
"REACTOME_TRANSMISSION_ACROSS_CHEMICAL_SYNAPSES",-0.852677138196272,0.790353947880202,1,71,-0.225683803896644,18,"Rab3a Cacnb1 Prkar2b Plcb3 Gad1 Dlg3 Stxbp1 Naaa Gnai2 Camkk2 Ap2b1 Calm1 Cask Adcy9 Plcb2 Mdm2 Arl6ip5 Cacna1e"
"REACTOME_TRANSPORT_OF_MATURE_MRNAS_DERIVED_FROM_INTRONLESS_TRANSCRIPTS",0.848287490531015,0.710721414314229,1,40,0.280749589589124,7,"Nup37 Nup160 Nup54 Nup205 Nup88 Nup188 Nup107"
"REACTOME_TRANSPORT_OF_MATURE_TRANSCRIPT_TO_CYTOPLASM",0.812114513914835,0.802361465181806,1,74,0.243040275727915,36,"Magohb Nup37 Nup160 Nup54 Nup205 Nup88 Nup188 Nup107 Ndc1 U2af1l4 U2af1 Srsf2 Alyref Srsf5 Rbm8a U2af2 Nxt1 Cpsf4 Nup133 Srsf11 Srsf7 Fyttd1 Chtop Aaas Slbp Eif4e Thoc6 Thoc3 Ncbp2 Slu7 Ranbp2 Srsf3 Nup214 Srrm1 Nup155 Fip1l1"
"REACTOME_TRANSPORT_OF_SMALL_MOLECULES",1.02397966925785,0.414370729556976,1,345,0.258627926414084,73,"Slc8a1 Car2 Trf Slc9a9 Mttp Asph Slc2a3 Slc7a7 Slc29a2 Apoe Cyb5rl Ano8 Slc16a7 Emb Slc29a1 Hmox1 Nek4 Slc39a6 Stom Slc26a6 Slc29a4 Slc12a2 Abcc4 Slc29a3 Slc5a6 Steap4 Slc16a1 Ttyh2 Cyb5r1 Slc44a1 Hbb-bt Lipc Angptl4 Wwp1 Slc7a5 Mfsd4b4 Slc12a3 Camk2g Hbb-bs Slc35b2 Slc16a10 Slc20a2 Ahcyl2 Flvcr1 Slc22a5 Esyt2 Atp7a Derl3 Slc25a1 Slc26a2 Slc25a22 Atp1a1 Slc41a1 Gnb4 Bsg Scarb1 Slc35d1 Slc30a1 Abcb8 Slc31a1 Slc3a2 Atp6v0a2 Slc7a1 Slc6a13 Abca5 Slc43a2 Gng10 Abca1 Slc17a5 Slc4a8 Eif2s1 Cln3 Micu2"
"REACTOME_TRANSPORT_OF_THE_SLBP_DEPENDANT_MATURE_MRNA",1.0243319017241,0.43429232326153,1,33,0.351185112163396,7,"Nup37 Nup160 Nup54 Nup205 Nup88 Nup188 Nup107"
"REACTOME_TRANSPORT_OF_VITAMINS_NUCLEOSIDES_AND_RELATED_MOLECULES",1.26162701280829,0.172867513611615,1,23,0.466686378762006,12,"Slc29a2 Slc29a1 Slc29a4 Slc29a3 Slc5a6 Slc35b2 Slc35d1 Slc27a1 Slc35a2 Slc25a4 Slc35a1 Slc33a1"
"REACTOME_TRANSPORT_TO_THE_GOLGI_AND_SUBSEQUENT_MODIFICATION",-0.677673909378946,0.997942386831276,1,136,-0.161031628336583,28,"Tubb2b Tubb2a Sec24d Man2a1 Bet1 Ppp6c Cd55 Copg2 Cog5 Tuba1a Sptan1 Cog1 Gosr2 Sec24b Cog6 Sar1b Tmed7 Scfd1 Stx5a Trappc1 Trappc5 B4galt3 Csnk1d Golga2 Gosr1 Dctn6 Chst10 Ctsc"
"REACTOME_TRANS_GOLGI_NETWORK_VESICLE_BUDDING",-0.63915595135143,0.987232444611341,1,64,-0.171629299364865,18,"Igf2r Txndc5 Ap1s2 Snx9 Ap1m1 Snx2 Ap4e1 Ap1g2 Hgs Ap1s3 Ap1g1 Clint1 Snx5 Tpd52 Ap3b1 Hip1r Pik3c2a Golgb1"
"REACTOME_TRISTETRAPROLIN_TTP_ZFP36_BINDS_AND_DESTABILIZES_MRNA",0.929237687923851,0.568136426486403,1,16,0.371260989651754,8,"Dis3 Dcp1a Exosc3 Xrn1 Exosc9 Exosc5 Dcp2 Exosc1"
"REACTOME_TRP_CHANNELS",-1.3155727441304,0.165903582009157,1,10,-0.547909285995008,5,"Trpm5 Ripk1 Trpv2 Mcoln3 Ripk3"
"REACTOME_TURBULENT_OSCILLATORY_DISTURBED_FLOW_SHEAR_STRESS_ACTIVATES_SIGNALING_BY_PIEZO1_AND_INTEGRINS_IN_ENDOTHELIAL_CELLS",-0.90062954036381,0.613663484486873,1,25,-0.295661191807483,4,"Vcl Anxa2 Capn2 Ppp2r2a"
"REACTOME_UBIQUINOL_BIOSYNTHESIS",0.964618959925232,0.524466750313676,1,12,0.413324500252734,4,"Coq3 Pdss1 Coq9 Pdss2"
"REACTOME_UBIQUITIN_DEPENDENT_DEGRADATION_OF_CYCLIN_D",0.819129166204477,0.744266055045872,1,36,0.275785167777928,24,"Cdk4 Psmc2 Psma7 Psmd2 Ccnd1 Psmd14 Psmb7 Psma6 Psmd6 Psmd8 Psma1 Psmd11 Psmb1 Psma3 Psmb3 Psmc3 Psmd12 Psmb6 Psma5 Psmb2 Psmc4 Psma2 Psma4 Psmd3"
"REACTOME_UBIQUITIN_MEDIATED_DEGRADATION_OF_PHOSPHORYLATED_CDC25A",0.485655485147063,0.99776161163962,1,46,0.156470978661736,25,"Chek1 Plk3 Cdc25a Chek2 Psmc2 Psma7 Psmd2 Psmd14 Psmb7 Gsk3b Mapk14 Psma6 Psmd6 Psmd8 Psma1 Psmd11 Psmb1 Psma3 Psmb3 Psmc3 Psmd12 Psmb6 Psma5 Psmb2 Psmc4"
"REACTOME_UB_SPECIFIC_PROCESSING_PROTEASES",-0.776095007542706,0.95973496432212,1,133,-0.184601083075052,20,"Adrb2 Cdc20 Smad1 Skp2 Usp20 Taf9b Usp18 Usp11 Ripk1 Cyld Foxo4 Polb Hgs Mat2b Usp15 Ccna2 Usp21 Wdr20 Usp22 Smad7"
"REACTOME_UCH_PROTEINASES",-0.786895017010674,0.872324446113406,1,64,-0.211300919842313,64,"Uchl1 Actr8 Mbd6 Nfrkb Hcfc1 Psmc5 Asxl2 Actg1 Yy1 Psmc6 Ino80b Foxk1 Ubc Kdm1b Ogt Psmd13 Uba52 Psmb4 Adrm1 Uchl5 Psmc1 Ubb Psmd1 Mcrs1 Psmd7 Psmb5 Uchl3 Psmd3 Psma4 Psma2 Ino80d Psmc4 Psmb2 Psma5 Psmb6 Ino80e Psmd12 Psmc3 Psmb3 Psma3 Psmb1 Psmd11 Psma1 Psmd8 Asxl1 Nedd8 Mbd5 Psmd6 Psma6 Ruvbl1 Psmb7 Psmd14 Foxk2 Psmd2 Ino80c Psma7 Actl6a Bard1 Actr5 Tfpt Psmc2 Bap1 Ino80 Senp8"
"REACTOME_UNFOLDED_PROTEIN_RESPONSE_UPR",1.07010539449277,0.395770392749245,1,10,0.480616701292467,6,"Mbtps2 Eif2s1 Ern1 Atf6 Eif2s3x Creb3"
"REACTOME_VASOPRESSIN_REGULATES_RENAL_WATER_HOMEOSTASIS_VIA_AQUAPORINS",-0.558726701685845,0.96944603083952,1,17,-0.201464296421812,1,"Prkar2b"
"REACTOME_VEGFR2_MEDIATED_VASCULAR_PERMEABILITY",1.05098877348414,0.392582541836273,1,24,0.38593844961986,5,"Them4 Ctnna1 Vav3 Cdh5 Hsp90aa1"
"REACTOME_VISUAL_PHOTOTRANSDUCTION",1.19453457487942,0.226501401800207,1,28,0.424854723625219,7,"Sdc3 Dhrs3 Apoe Sag Rdh5 Myo7a Fntb"
"REACTOME_VITAMIN_B5_PANTOTHENATE_METABOLISM",1.53344836603249,0.0306901386508802,1,14,0.632487964538359,8,"Slc25a42 Slc5a6 Ppcs Fasn Aasdhppt Pank4 Ppcdc Pank1"
"REACTOME_VLDLR_INTERNALISATION_AND_DEGRADATION",-1.48761738684022,0.0714285714285714,1,12,-0.587238833643592,3,"Mylip Nr1h2 Ap2b1"
"REACTOME_VXPX_CARGO_TARGETING_TO_CILIUM",1.02788365313217,0.435152264646777,1,15,0.416896796775026,3,"Rab11fip3 Pkd1 Exoc8"
"REACTOME_WNT5A_DEPENDENT_INTERNALIZATION_OF_FZD4",0.708641103051036,0.836417816813049,1,12,0.303641895863024,1,"Cltb"
"REACTOME_ZBP1_DAI_MEDIATED_INDUCTION_OF_TYPE_I_IFNS",0.737526649445888,0.81015625,1,13,0.309960096635577,6,"Nkiras1 Ikbkg Chuk Rela Nfkbia Nkiras2"
"REACTOME_ZNF598_AND_THE_RIBOSOME_ASSOCIATED_QUALITY_TRIGGER_RQT_COMPLEX_DISSOCIATE_A_RIBOSOME_STALLED_ON_A_NO_GO_MRNA",-0.940895460216682,0.531455142231947,1,11,-0.380908910602912,6,"Trip4 Ube2d1 Ubc Ube2d3 Uba52 Ascc2"
