"pathway","NES","pval","padj","size","ES","leading_edge_n","leading_edge_genes"
"GOBP_DNA_TEMPLATED_DNA_REPLICATION",-1.75285919644063,5.06717317893668e-06,0.021049037385303,146,-0.554592950640091,54,"Orc1 Pole E2f7 Rad51c Eme1 E2f8 Gins1 Cdk1 Mms22l Brca1 Setmar Bard1 Ccne1 Exo1 Pole2 Wdhd1 Cdt1 Tk1 Xrcc3 Prim1 Lig1 Cdc45 Prim2 Rbbp8 Rad51 Mcm5 Rtel1 Fam111a Cenps Timeless Rfwd3 Khdc3 Pola1 Mcm10 Orc6 Mcm3 Pcna Traip Ddx11 Pold3 Mcm2 Cdk2 Gins4 Rfc4 Fancm Gen1 Dna2 Exd2 Primpol Ssbp1 Tonsl Orc2 Cdc7 Mgme1"
"GOBP_CHROMOSOME_SEGREGATION",-1.48094149052494,4.1102426468396e-05,0.0451441399667725,374,-0.445181120493281,113,"Mybl2 Map9 Cenpk Nuf2 Stil Mnd1 Esco2 Tacc3 Zwilch Rmi2 Sgo1 Cdk1 Mapre3 Ska3 Diaph3 Brca1 Cenpt Cit Sass6 Ccne1 Spc24 Cenpu Cenpl Chek2 Kif11 Prc1 Cenph Cdt1 Cenpi Psmc3ip Xrcc3 Aurkb Rasl2-9 Map10 Brip1 Nek2 Cenpv Prdm9 Cenpw Trip13 Mei4 Mki67 Kntc1 Kifc5b Fam83d Ttl Nusap1 Sgo2a Cep97 Ndc80 Psrc1 Chtf18 Smc5 Cenps Pmf1 Cenpe Incenp Haspin Khdc3 Birc5 Cenpn Ccdc86 Cenpp Spc25 Ckap2l Top2a Kif4 Bcl7a Dusp1 Washc5 Rcc1 Spice1 Smc4 Ppp2r2a Ccsap Cenpm Fbxo30 Rangrf Tubgcp3 Ska2 Cdca8 Gen1 Smarcc1 Kif2c Pum1 Tpx2 Phf10 Flna Nup62 Dsn1 Chmp7 Ofd1 Ppp2r1b Ccdc69 Mis12 Mis18a Cdc27 Ppp2r2d Ccdc61 Bex6 Ska1 Gpsm2 Vps4a Ncapd2 Sac3d1 Haus1 Nup43 Aspm Asb7 Arid2 Rad18 Kif23 Mad2l1"
"GOBP_DNA_TEMPLATED_DNA_REPLICATION_MAINTENANCE_OF_FIDELITY",-1.80294033491665,5.43381559542278e-05,0.0451441399667725,62,-0.62362954880736,26,"Pole Rad51c Eme1 Cdk1 Mms22l Brca1 Setmar Bard1 Exo1 Xrcc3 Rbbp8 Rad51 Rtel1 Fam111a Cenps Timeless Rfwd3 Khdc3 Pcna Traip Ddx11 Fancm Gen1 Dna2 Exd2 Primpol"
"GOBP_HOMOLOGOUS_RECOMBINATION",-1.86933113324881,4.17481429929306e-05,0.0451441399667725,43,-0.683756040511664,20,"Mnd1 Rad51c Eme1 Rad54b Brca1 Bard1 Ankle1 Psmc3ip Rad54l Brip1 Prdm9 Hfm1 Trip13 Rbbp8 Rad51 Chtf18 Cenps Cntd1 Rad51ap1 Top2a"
"GOBP_ORGANELLE_FISSION",-1.47491750542084,4.55457958863416e-05,0.0451441399667725,399,-0.442492673654755,113,"Mybl2 Map9 Esr1 Cenpk Nuf2 Mnd1 Rad51c Eme1 Ppargc1a Zwilch Fignl1 Brdt Sgo1 Lrp5 Nfix Cdk1 Fanca Ska3 Rad54b Cit Tom1l1 Mief2 Ccne1 Igf1 Spc24 Suv39h2 Ankle1 Chek2 Kif11 Prc1 Hspa2 Mcu Cdt1 Cenpi Siah1a Psmc3ip Pdgfrb Xrcc3 Cdc25b Cks2 Aurkb Rasl2-9 Rad54l Map10 Brip1 Nek2 Cenpv Prdm9 Eps8 Hfm1 Trip13 Mei4 Mki67 Kntc1 Kifc5b Nusap1 Sgo2a Ggnbp1 Cep97 Ndc80 Rad51 Psrc1 Chtf18 Mfn1 Cenps Cenpe Cntd1 Incenp Haspin Mtfp1 Khdc3 Birc5 Ccdc86 Spc25 Rad51ap1 Ckap2l Top2a Kif4 Dusp1 Washc5 Smpd3 Ing2 Rcc1 Irgm2 Spice1 Tnf Smc4 Rad1 Ccsap Rangrf Ska2 Abcg2 Cdca8 Fancm Gen1 Osm Cdkn1c Ddhd2 Kif2c Tpx2 Rgcc Flna Nup62 Mtfr2 Chmp7 Ofd1 Mis12 Ppp2r2d Ccdc61 Usp16 Ska1 Vps4a Ncapd2"
"GOBP_B_CELL_RECEPTOR_SIGNALING_PATHWAY",-1.84793883682337,9.72806072099606e-05,0.0577290917643109,51,-0.657751576547293,10,"Ms4a1 Cd79a Fcmr Bcl2 Cd81 Lck Blk Cd22 Plcl2 Cd19"
"GOBP_MEIOTIC_CELL_CYCLE_PROCESS",-1.60187941643129,9.4305093613995e-05,0.0577290917643109,156,-0.504505889763552,50,"Nuf2 Mnd1 Rad51c Eme1 Fignl1 Brdt Sgo1 Fanca Ska3 Rad54b Ccne1 Suv39h2 Ankle1 Pkmyt1 Hspa2 Siah1a Psmc3ip Cdc25b Cks2 Rad54l Brip1 Cenpv Prdm9 Hfm1 Trip13 Mei4 Hus1 Sgo2a Ndc80 Rad51 Mcm5 Chtf18 Cenps Cenpe Cntd1 Incenp Haspin Birc5 Rad51ap1 Mcm3 Top2a Washc5 Ing2 Smc4 Rad1 Mcm2 Ska2 Fancm Osm Cdc25a"
"GOBP_CHROMOSOME_ORGANIZATION",-1.41391214905687,0.00016276100564724,0.0663023514656625,470,-0.421988357169199,120,"Mybl2 Map9 Oip5 Hmga2 Dscc1 Cenpk Nuf2 Mnd1 Esco2 Rad51c Tacc3 Zwilch Rmi2 Sgo1 Cdca5 Cdk1 Ska3 Cenpt Cit Setmar Ccne1 Spc24 Recql4 Shld3 Chek2 Kif11 Prc1 Cenph Wdhd1 Hspa2 Cdt1 Cip2a Cenpi Prkcq Psmc3ip Xrcc3 Aurkb Rasl2-9 Rad54l Map10 Brip1 Nek2 Cenpv Prdm9 Cenpw Trip13 Mei4 Kntc1 Hus1 Kifc5b Nusap1 Ino80c Sgo2a Cep97 Ndc80 Rad51 Psrc1 Rtel1 Smc5 Tert Mapkapk5 Nasp Cenpe Incenp Haspin Khdc3 Birc5 Cenpn Xrcc5 Cenpp Spc25 Pogz Wrap53 Ckap2l Top2a Kif4 Bcl7a Dusp1 Suv39h1 Pcna H1f0 Rcc1 Spice1 Hdac8 Smc4 Hmgb3 Ddx11 Ccsap Fbxo30 Cdk2 Map3k4 Rangrf Ska2 Cdca8 Mcph1 Ercc1 Gen1 Smarcc1 Dna2 Gnl3 Kif2c Tpx2 Phf10 Tinf2 Flna Nup62 Chmp7 Ofd1 Ppp2r1b Tent4b Gar1 Mis12 Mis18a Rpa2 Cdc27 Ccdc61 Ppp2r5d Ska1 Vps4a Ncapd2"
"GOBP_DNA_REPLICATION",-1.5094018018267,0.0001361622601172,0.0663023514656625,264,-0.460554763964386,107,"Orc1 Dscc1 Pole E2f7 Esco2 Pclaf Rad51c Eme1 E2f8 Rmi2 Nfix Gins1 Cdk1 Mms22l Brca1 Setmar Bard1 Ccne1 Recql4 Dtl Exo1 Pole2 Wdhd1 Gins2 Cdt1 Tk1 Xrcc3 Prim1 Lig1 Cdc45 Ino80c Prim2 Rbbp8 Rad51 Mcm5 Rtel1 Fam111a Chtf18 Cenps Timeless Nasp Rfwd3 Khdc3 Pola1 Mcm10 Orc6 Mcm3 Egfr Jun Pcna Traip Ttf1 Dtd1 Chaf1a Polk Ddx11 Pold3 Mcm2 Cdk2 Gins4 Rfc4 Rev3l Fancm Gen1 Dna2 Rpa3 Exd2 Primpol Rpa2 Ssbp1 Ccna2 Tonsl Orc2 Cdc7 Jade3 Mgme1 Rad18 E4f1 Rrm1 Jade1 Stn1 Brpf3 Blm Tspyl2 Pold1 Ing5 Chaf1b Ube2n Dnaja3 Nucks1 Rnaseh2a Mcm4 Ino80b Msh2 Wapl Rfc5 Orc3 Dnajc2 Smarca5 Fen1 Ino80 Cacybp Mcm7 Cdc6 Gmnn Supt16 Asf1a"
"GOBP_MAST_CELL_ACTIVATION",-1.77262488222987,0.000175571946586973,0.0663023514656625,53,-0.627759914177271,11,"Clnk Rasgrp1 Cnr2 Hmox1 Tac4 Timd2 Slc18a2 Lcp2 Ptgds Nectin2 Lilrb4a"
"GOBP_NEGATIVE_REGULATION_OF_MITOTIC_CELL_CYCLE",-1.52613336206039,0.000171780251670912,0.0663023514656625,196,-0.473311376539883,59,"Orc1 Hexim2 Esr1 E2f7 Nuf2 Eme1 Zwilch Bcl2 Cdk1 Ska3 Brca1 Setmar Tom1l1 Bard1 Spc24 Ptpn3 Dtl Chek2 Map3k20 Pkmyt1 Xrcc3 Clspn Aurkb Trip13 Kntc1 Hus1 Rbbp8 Ndc80 Pkd2 Timeless Scrib Cenpe Incenp Haspin Rfwd3 Khdc3 D7Ertd443e Birc5 Mrnip Spc25 Prmt2 Dusp1 Egfr Cdkn1a Rint1 Tnf Heca Cdca8 Mbd4 Gen1 Cdkn1c Ppp2r3d Kank2 Ezh2 Rgcc Zc3h12d Rpa2 Ska1 Vps4a"
"GOBP_MEIOSIS_I_CELL_CYCLE_PROCESS",-1.6759677954009,0.000197052055979226,0.0682128533781422,95,-0.550176417799706,32,"Mnd1 Rad51c Eme1 Brdt Sgo1 Rad54b Ccne1 Ankle1 Pkmyt1 Hspa2 Siah1a Psmc3ip Cdc25b Cks2 Rad54l Brip1 Prdm9 Hfm1 Trip13 Mei4 Sgo2a Ndc80 Rad51 Chtf18 Cenps Cenpe Cntd1 Haspin Birc5 Rad51ap1 Top2a Ing2"
"GOBP_CELL_CYCLE_DNA_REPLICATION",-1.81107739812582,0.00022309384730516,0.0712870647465871,39,-0.672358579945017,17,"E2f7 E2f8 Gins1 Cdk1 Cdt1 Tk1 Lig1 Cdc45 Rad51 Mcm5 Rtel1 Pola1 Mcm3 Pcna Mcm2 Cdk2 Dna2"
"GOBP_KINETOCHORE_ORGANIZATION",-1.79920553501305,0.000301520093855044,0.0894653192767038,31,-0.69262678123248,15,"Oip5 Cenpk Nuf2 Cenpt Cenph Cenpi Cenpv Cenpw Kntc1 Ndc80 Nasp Cenpe Cenpn Cenpp Pogz"
"GOBP_NUCLEAR_CHROMOSOME_SEGREGATION",-1.469912485411,0.00039911527500184,0.110528323490509,275,-0.447907424764527,75,"Mybl2 Map9 Cenpk Nuf2 Mnd1 Tacc3 Zwilch Rmi2 Sgo1 Cdk1 Ska3 Cit Ccne1 Spc24 Chek2 Kif11 Prc1 Cdt1 Cenpi Psmc3ip Xrcc3 Aurkb Rasl2-9 Map10 Brip1 Nek2 Cenpv Prdm9 Trip13 Mei4 Kntc1 Kifc5b Fam83d Ttl Nusap1 Sgo2a Cep97 Ndc80 Psrc1 Pmf1 Cenpe Incenp Haspin Khdc3 Birc5 Spc25 Ckap2l Top2a Kif4 Bcl7a Dusp1 Washc5 Rcc1 Spice1 Smc4 Ccsap Rangrf Ska2 Cdca8 Gen1 Smarcc1 Kif2c Tpx2 Phf10 Flna Nup62 Dsn1 Chmp7 Ofd1 Mis12 Cdc27 Ccdc61 Ska1 Vps4a Ncapd2"
"GOBP_HUMORAL_IMMUNE_RESPONSE",-1.71816837591157,0.000487434528649243,0.119106060706409,70,-0.585328432474734,24,"Jchain Ccl3 Ccl4 C1qb Fcmr Ccr7 Wfdc21 Cd81 Rarres2 Pomc Exo1 AI182371 Cd59a C2 S100a9 C1qa Ccl6 Cd59b Cd55 Ang Masp2 Tnf Hmgn2 Tnfrsf21"
"GOBP_SISTER_CHROMATID_SEGREGATION",-1.50808035278784,0.000466149107652074,0.119106060706409,216,-0.464892220588837,61,"Mybl2 Map9 Cenpk Nuf2 Tacc3 Zwilch Rmi2 Cdk1 Ska3 Cit Spc24 Chek2 Kif11 Prc1 Cdt1 Cenpi Xrcc3 Aurkb Rasl2-9 Map10 Nek2 Trip13 Kntc1 Kifc5b Nusap1 Cep97 Ndc80 Psrc1 Cenpe Incenp Haspin Khdc3 Birc5 Spc25 Ckap2l Top2a Kif4 Bcl7a Dusp1 Rcc1 Spice1 Smc4 Ccsap Rangrf Ska2 Cdca8 Gen1 Smarcc1 Kif2c Tpx2 Phf10 Flna Nup62 Chmp7 Ofd1 Mis12 Cdc27 Ccdc61 Ska1 Vps4a Ncapd2"
"GOBP_MITOTIC_SPINDLE_ORGANIZATION",-1.58509028492844,0.000591887462090761,0.129405290396054,125,-0.508408659963048,39,"Mybl2 Cep126 Map9 Nuf2 Stil Tacc3 Sass6 Stmn1 Chek2 Kif11 Prc1 Wdr62 Cenph Aurkb Map10 Nek2 Kifc5b Cep97 Ndc80 Psrc1 Cenpe Incenp Khdc3 Birc5 Spc25 Ckap2l Kif4 Rcc1 Spice1 Ccsap Rangrf Cdca8 Tpx2 Flna Nup62 Chmp7 Ofd1 Ccdc61 Gpsm2"
"GOBP_REGULATION_OF_AMINE_METABOLIC_PROCESS",-1.75475360910993,0.000586829970396862,0.129405290396054,14,-0.791417787270497,5,"Itgam Nr4a2 Chrnb2 Nt5dc2 Vhl"
"GOBP_MEIOTIC_CELL_CYCLE",-1.488290032252,0.000760128221150872,0.157878631533036,201,-0.460738115603255,59,"Hmga2 Nuf2 Mnd1 Rad51c Eme1 Fignl1 Brdt Sgo1 Lfng Fanca Ska3 Rad54b Ccne1 Suv39h2 Ankle1 Exo1 Pkmyt1 Hspa2 Siah1a Psmc3ip Cdc25b Cks2 Rad54l Xlr4a Brip1 Nek2 Cenpv Prdm9 Hfm1 Trip13 Mei4 Mki67 Hus1 Sgo2a Rbbp8 Ndc80 Rad51 Mcm5 Chtf18 Cenps Cenpe Cntd1 Incenp Haspin Birc5 Rad51ap1 Mcm3 Top2a Dusp1 Washc5 Ing2 Smc4 Rad1 Mcm2 Cdk2 Tubgcp3 Ska2 Utp14b Fancm"
"GOBP_MALE_MEIOTIC_NUCLEAR_DIVISION",-1.75897177018246,0.000833373151618748,0.164849146277347,28,-0.689192558658606,10,"Rad51c Fignl1 Brdt Fanca Suv39h2 Hspa2 Siah1a Trip13 Sgo2a Chtf18"
"GOBP_MITOTIC_SISTER_CHROMATID_SEGREGATION",-1.5003881853879,0.000948923706844106,0.179174049010474,184,-0.46739452290319,54,"Mybl2 Map9 Cenpk Nuf2 Zwilch Cdk1 Ska3 Cit Spc24 Chek2 Kif11 Prc1 Cdt1 Cenpi Xrcc3 Aurkb Rasl2-9 Map10 Nek2 Trip13 Kntc1 Kifc5b Nusap1 Cep97 Ndc80 Psrc1 Cenpe Incenp Haspin Khdc3 Birc5 Spc25 Ckap2l Kif4 Dusp1 Rcc1 Spice1 Smc4 Ccsap Rangrf Ska2 Cdca8 Gen1 Kif2c Tpx2 Flna Nup62 Chmp7 Ofd1 Mis12 Ccdc61 Ska1 Vps4a Ncapd2"
"GOBP_MYELOID_LEUKOCYTE_MEDIATED_IMMUNITY",-1.64001863176995,0.00103317558594562,0.186600494957309,77,-0.552071434084685,12,"Clnk Itgam Ccl3 Rasgrp1 Hmox1 Pcyox1l Tac4 Slc18a2 Ptgds Pomc Card9 Stx11"
"GOBP_MICROTUBULE_CYTOSKELETON_ORGANIZATION_INVOLVED_IN_MITOSIS",-1.51709370201227,0.00111070322797799,0.192244217042524,152,-0.478812026385923,44,"Mybl2 Cep126 Map9 Nuf2 Stil Tacc3 Cdk1 Sass6 Stmn1 Chek2 Kif11 Prc1 Wdr62 Cenph Aurkb Map10 Enkd1 Nek2 Kifc5b Nusap1 Cep97 Ndc80 Psrc1 Cenpe Incenp Khdc3 Birc5 Spc25 Ckap2l Kif4 Rcc1 Spice1 Ccsap Rangrf Cdca8 Mcph1 Tpx2 Flna Nup62 Chmp7 Ofd1 Ccdc61 Gpsm1 Gpsm2"
"GOBP_DNA_RECOMBINATION",-1.43085164013191,0.00123172718162514,0.204663788498832,287,-0.435126068090277,83,"Rag2 Mnd1 Rad51c Eme1 Zgrf1 Aunip Rmi2 Fignl1 Mms22l Rad54b Brca1 Bard1 Ankle1 Recql4 Shld3 Exo1 Gins2 Cd40 Psmc3ip Rag1 Xrcc3 Xrcc2 Rad54l Brip1 Fancb Lig1 Prdm9 Hfm1 Trip13 Mei4 Hus1 Cdc45 Ino80c Rbbp8 Rad51 Mcm5 Rtel1 Chtf18 Smc5 Tert Cenps Timeless Cntd1 Hells Rfwd3 Khdc3 Cgas Xrcc5 Mrnip Pogz Foxp3 Pagr1a Wrap53 Rad51ap1 Mcm3 Top2a Nsmce1 H1f0 Smc4 Mcm2 Gins4 Rev3l Fancm Ubqln4 Ercc1 Gen1 Paxip1 Rad52 Palb2 Ezh2 Rpa3 Exd2 Ing3 Rpa2 Hmces Il27ra Tonsl Nsmce4a Smchd1 Cdc7 Wdr48 Arid2 Rad18"
"GOBP_MITOTIC_DNA_REPLICATION",-1.73920217949485,0.00145295931415196,0.214959387460262,19,-0.735783969051448,11,"Gins1 Cdk1 Cdt1 Tk1 Lig1 Cdc45 Rad51 Pola1 Mcm3 Mcm2 Cdk2"
"GOBP_REGULATED_EXOCYTOSIS",-1.51776723587399,0.00140272740501497,0.214959387460262,154,-0.47841453206581,31,"Clnk Ncs1 Itgam Kcnb1 Ccl3 Rasgrp1 Hmox1 Napb Tac4 Slc18a2 Hyal3 Baiap3 Ptgds Rab26 Unc13a Stx11 Rab11fip1 Cask Fbxo45 Lrrk2 Scrib Cspg5 Sphk2 Sv2c Stx1a Bcl2l1 Grik5 Cacna1a Tmem79 Sv2a Syt11"
"GOBP_REGULATION_OF_CALCIUM_ION_TRANSPORT_INTO_CYTOSOL",-1.71296420855902,0.00143306358189417,0.214959387460262,14,-0.77257019821659,2,"Ffar1 Bcl2"
"GOBP_REGULATION_OF_CATECHOLAMINE_METABOLIC_PROCESS",-1.73927299109345,0.00150067940210583,0.214959387460262,11,-0.825980825456421,5,"Itgam Nr4a2 Chrnb2 Nt5dc2 Vhl"
"GOBP_NEGATIVE_REGULATION_OF_CELL_CYCLE_PROCESS",-1.42324679314656,0.00226314165209341,0.313369680759867,252,-0.435146985894859,68,"Orc1 Hexim2 Esr1 E2f7 Nuf2 Eme1 E2f8 Zwilch Bcl2 Cdk1 Ska3 Brca1 Setmar Tom1l1 Bard1 Spc24 Recql4 Dtl Chek2 Map3k20 Pkmyt1 Cdt1 Xrcc3 Clspn Aurkb Nek2 Trip13 Kntc1 Hus1 Rbbp8 Ndc80 Pkd2 Rad51 Chtf18 Timeless Cenpe Incenp Haspin Rfwd3 Khdc3 D7Ertd443e Birc5 Mrnip Spc25 Ccnf Prmt2 Dusp1 Hinfp Cdkn1a Dab2ip Rint1 E2f1 Rad1 Cdca8 Mbd4 Cul4a Gen1 Dna2 Osm Ppp2r3d Kank2 Ezh2 Rgcc Zc3h12d Apbb2 Rpa2 Ska1 Vps4a"
"GOBP_NEGATIVE_REGULATION_OF_CELL_CYCLE",-1.38754326735343,0.00254686226568867,0.336825376232486,300,-0.421023693586805,77,"Orc1 Hexim2 Esr1 E2f7 Nuf2 Inca1 Eme1 E2f8 Zwilch Bcl2 Cdk1 Ska3 Brca1 Setmar Tom1l1 Bard1 Spc24 Ptpn3 Recql4 Dtl Chek2 Map3k20 Nr4a1 Pkmyt1 Cdt1 Xrcc3 Clspn Aurkb Nek2 Trip13 Kntc1 Hus1 Rbbp8 Ndc80 Pkd2 Rad51 Chtf18 Timeless Scrib Cenpe Incenp Haspin Rfwd3 Khdc3 D7Ertd443e Birc5 Mrnip Spc25 Ccnf Prmt2 Dusp1 Suv39h1 Egfr Hinfp Cdkn1a Dab2ip Rint1 Tnf E2f1 Rad1 Heca Cdca8 Mbd4 Cul4a Gen1 Dna2 Osm Cdkn1c Ppp2r3d Kank2 Ezh2 Rgcc Zc3h12d Apbb2 Rpa2 Ska1 Vps4a"
"GOBP_POSITIVE_REGULATION_OF_CELL_CYCLE_PROCESS",-1.43956406569,0.00259470679813181,0.336825376232486,217,-0.443610805330024,75,"Orc1 Rab11fip4 E2f7 Stil Rad51c E2f8 Rrm2 Mblac1 Lrp5 Cdk1 Ska3 Cit Sass6 Ccne1 Igf1 Dtl Chek2 Map3k20 Hspa2 Pdgfrb Xrcc3 Cdc25b Kif20b Aurkb Map10 Cep295 Cenpv Prdm9 Fam83d Nusap1 Sgo2a Ndc80 Smc5 Tert Stxbp4 Cenpe Incenp Pkp4 Birc5 Pagr1a Rad51ap1 Egfr Ccnd3 Smpd3 Rcc1 Lsm11 Tnf Smc4 Ddx11 Ccdc15 Cdca8 Cul4a Gen1 Cdc25a Prkce Ezh2 Rgcc Kcnn4 Nup62 Poc1b Lmnb1 Ska1 Gpsm2 Ncapd2 Cdc7 Cdc14b Ube2e2 Rad18 Kif23 Plk4 Mad2l1 Tfdp1 Cdk4 Rad51b Rrm1"
"GOBP_B_CELL_PROLIFERATION",-1.59289420087183,0.00302571860816944,0.36967162053929,73,-0.539737419545333,13,"Rag2 Rasgrp1 Cd79a Chrnb2 Bcl2 Cd81 Tnfrsf13c Prlr Cd22 Plcl2 Cd40 Cd19 Ada"
"GOBP_DIENCEPHALON_DEVELOPMENT",-1.73391830077769,0.00300398929197185,0.36967162053929,23,-0.706594708342632,4,"Nr4a2 Hmga2 Chrnb2 Hes1"
"GOBP_DOPAMINE_METABOLIC_PROCESS",-1.67570444433535,0.00335242352283839,0.380770640978634,19,-0.70892072327573,6,"Itgam Nr4a2 Chrnb2 Ddc Mdga1 Nt5dc2"
"GOBP_MITOTIC_CELL_CYCLE_CHECKPOINT_SIGNALING",-1.49614941564819,0.00325132762544706,0.380770640978634,130,-0.478760488169023,34,"Orc1 Nuf2 Eme1 Zwilch Cdk1 Ska3 Brca1 Setmar Bard1 Spc24 Dtl Chek2 Map3k20 Xrcc3 Clspn Aurkb Trip13 Kntc1 Hus1 Rbbp8 Ndc80 Timeless Cenpe Incenp Haspin Rfwd3 Khdc3 D7Ertd443e Birc5 Mrnip Spc25 Dusp1 Cdkn1a Rint1"
"GOBP_NEGATIVE_REGULATION_OF_MITOTIC_CELL_CYCLE_PHASE_TRANSITION",-1.45719199575288,0.00340751783622617,0.380770640978634,158,-0.458765364954227,46,"Orc1 Hexim2 E2f7 Nuf2 Zwilch Bcl2 Cdk1 Ska3 Brca1 Bard1 Spc24 Dtl Pkmyt1 Xrcc3 Clspn Aurkb Trip13 Kntc1 Hus1 Rbbp8 Ndc80 Pkd2 Cenpe Incenp Haspin Rfwd3 Khdc3 D7Ertd443e Birc5 Mrnip Spc25 Prmt2 Dusp1 Cdkn1a Rint1 Cdca8 Mbd4 Gen1 Ppp2r3d Kank2 Ezh2 Rgcc Zc3h12d Rpa2 Ska1 Vps4a"
"GOBP_RECOMBINATIONAL_REPAIR",-1.4557191794907,0.00348321722609246,0.380770640978634,173,-0.455569924885343,53,"Rad51c Zgrf1 Aunip Rmi2 Fignl1 Mms22l Rad54b Brca1 Ankle1 Recql4 Shld3 Gins2 Xrcc3 Xrcc2 Rad54l Fancb Hus1 Cdc45 Rbbp8 Rad51 Mcm5 Rtel1 Smc5 Timeless Hells Rfwd3 Khdc3 Cgas Xrcc5 Mrnip Pogz Wrap53 Rad51ap1 Mcm3 Nsmce1 Mcm2 Gins4 Rev3l Fancm Ubqln4 Gen1 Rad52 Palb2 Rpa3 Exd2 Ing3 Rpa2 Tonsl Smchd1 Cdc7 Wdr48 Arid2 Yeats4"
"GOBP_RESPONSE_TO_NICOTINE",-1.6683120769636,0.00374168514412417,0.398537438171584,20,-0.698728357907616,6,"Chrnb2 Hmox1 Bcl2 Ntrk1 Fosb Gabbr1"
"GOBP_NEGATIVE_REGULATION_OF_SMOOTH_MUSCLE_CELL_MIGRATION",-1.67052783977132,0.00386473429951691,0.401352657004831,21,-0.69380721993249,3,"Sema6d Lrp1 Ppargc1a"
"GOBP_CELL_CYCLE_PHASE_TRANSITION",-1.30720749177683,0.00422237860661506,0.417613350759023,453,-0.390750909944307,109,"Orc1 Hexim2 Pole E2f7 Nuf2 Stil Rad51c Tacc3 Eme1 Zwilch Rrm2 Mblac1 Ccdc57 Bcl2 Nfix Brsk2 Cdk1 Ska3 Brca1 Cit Setmar Sass6 Bard1 Ccne1 Spc24 Dtl Chek2 Map3k20 Pkmyt1 Hspa2 Cdt1 Prkcq Xrcc3 Cdc25b Clspn Cks2 Aurkb Usp50 Nek2 Eps8 Trip13 Kntc1 Hus1 Fam83d Rbbp8 Ndc80 Pkd2 Rad51 Smc5 Tert Stxbp4 Timeless Nasp Cenpe Iqgap3 Incenp Haspin Rfwd3 Npat Khdc3 D7Ertd443e Birc5 Mrnip Spc25 Ccnf Pagr1a Prmt2 Bcl7a Dusp1 Plpp2 Egfr Ccnd3 Rcc1 Hinfp Lsm11 Cdkn1a Rint1 E2f1 Rad1 Ccnh Cdk2 Abcg2 Cdca8 Rassf1 Camk2a Mbd4 Cul4a Gen1 Smarcc1 Fbxl15 Dna2 Cdkn1c Ppp2r3d Paxip1 Kank2 Cdc25a Ezh2 Rgcc Phf10 Zc3h12d Chmp7 Apbb2 Lmnb1 Rpa2 Cdc27 Ppp2r2d Ccna2 Ska1 Vps4a"
"GOBP_NEGATIVE_REGULATION_OF_CYTOSOLIC_CALCIUM_ION_CONCENTRATION",-1.66679552300699,0.00413467217956291,0.417613350759023,12,-0.774052379896544,4,"Nol3 Lrp1 Kcnk3 Bcl2"
"GOBP_MITOTIC_SPINDLE_ASSEMBLY",-1.55501090054644,0.00451180009254975,0.435860874057015,77,-0.523455698156002,25,"Mybl2 Map9 Chek2 Kif11 Prc1 Aurkb Map10 Nek2 Kifc5b Cep97 Incenp Khdc3 Birc5 Ckap2l Kif4 Rcc1 Spice1 Ccsap Rangrf Cdca8 Tpx2 Flna Chmp7 Ofd1 Ccdc61"
"GOBP_ADHESION_OF_SYMBIONT_TO_HOST",-1.65066913637804,0.00511396843950906,0.439188590663478,13,-0.754742054873295,6,"Gbp2 Nectin2 Gbp9 Gbp7 Gbp6 Lrrc15"
"GOBP_CATECHOL_CONTAINING_COMPOUND_METABOLIC_PROCESS",-1.64728505951274,0.00560032782406775,0.439188590663478,22,-0.676784863073623,7,"Itgam Nr4a2 Chrnb2 Ddc Mdga1 Nt5dc2 Vhl"
"GOBP_IMMUNE_EFFECTOR_PROCESS",-1.30368051221978,0.0047231434026731,0.439188590663478,449,-0.389655211240598,72,"Rag2 Pou2af1 Clnk Itgam Cd36 Sema6d Cd2 Ccl3 Rasgrp1 Lrp1 Gadd45g C1qb Fut7 Fcmr Hmox1 Ccr7 Loxl3 Pcyox1l Iglc1 Cd81 Trpm4 Tac4 Lfng Slc18a2 Ephb6 Ptgds Shld3 Pomc Ptpn22 Vpreb3 Exo1 Dusp10 Card9 H2-Q2 AI182371 Cd59a C2 Cd22 Il12a Rorc Cd69 Plcl2 Cd40 Cd19 Il18 Stx11 Nectin2 Lilrb4a Zbtb7b S100a9 Ada Cd86 C1qa Fcer2a Prkcz Cd59b Tsc1 Tnfrsf4 Sphk2 Cgas Foxp3 Sema4a Pagr1a Rora Hlx Ddx60 Pglyrp2 Rnf19b Cd55 Ulbp1 Masp2 Fzd5"
"GOBP_MITOTIC_CELL_CYCLE_PHASE_TRANSITION",-1.32499497710676,0.00495149555375909,0.439188590663478,373,-0.398432558741028,106,"Orc1 Hexim2 Pole E2f7 Nuf2 Stil Rad51c Tacc3 Zwilch Rrm2 Mblac1 Ccdc57 Bcl2 Nfix Brsk2 Cdk1 Ska3 Brca1 Cit Sass6 Bard1 Ccne1 Spc24 Dtl Chek2 Pkmyt1 Hspa2 Prkcq Xrcc3 Cdc25b Clspn Cks2 Aurkb Nek2 Eps8 Trip13 Kntc1 Hus1 Rbbp8 Ndc80 Pkd2 Smc5 Tert Nasp Cenpe Iqgap3 Incenp Haspin Rfwd3 Khdc3 D7Ertd443e Birc5 Mrnip Spc25 Ccnf Prmt2 Bcl7a Dusp1 Egfr Ccnd3 Rcc1 Hinfp Lsm11 Cdkn1a Rint1 E2f1 Ccnh Cdk2 Abcg2 Cdca8 Camk2a Mbd4 Cul4a Gen1 Smarcc1 Fbxl15 Cdkn1c Ppp2r3d Kank2 Cdc25a Ezh2 Rgcc Phf10 Zc3h12d Chmp7 Lmnb1 Rpa2 Cdc27 Ppp2r2d Ccna2 Ska1 Vps4a Brcc3 Tfap4 Cdc7 Cdc14b Arid2 Ppm1d Ube2e2 Cks1b Mad2l1 Tfdp1 Cdk4 Rad51b Rrm1 Jade1"
"GOBP_NEUTROPHIL_CHEMOTAXIS",-1.60583860174039,0.00535558600074729,0.439188590663478,44,-0.585216710595205,8,"Itgam S100a8 Ccl3 Ccr7 Cxadr Mcu S100a9 Pde4d"
"GOBP_NEUTROPHIL_MIGRATION",-1.59015215399534,0.00480076812289966,0.439188590663478,58,-0.555466661157117,11,"Itgam S100a8 Ccl3 Fut7 Ccr7 Cd99l2 Cxadr Mcu Rac3 S100a9 Pde4d"
"GOBP_PHAGOCYTOSIS_ENGULFMENT",-1.65050609687145,0.00550242368662387,0.439188590663478,31,-0.635383063821202,5,"Itgam Cd36 Abca1 Timd2 Clcn2"
"GOBP_POSITIVE_REGULATION_OF_CELL_CYCLE",-1.37724017816207,0.00512873115191302,0.439188590663478,267,-0.419943438731834,83,"Orc1 Rab11fip4 E2f7 Stil Rad51c E2f8 Hes1 Rrm2 Mblac1 Ccdc57 Lrp5 Cdk1 Lfng Ska3 Brca1 Cit Sass6 Bard1 Ccne1 Igf1 Dtl Chek2 Map3k20 Hspa2 Pdgfrb Xrcc3 Cdc25b Kif20b Aurkb Map10 Cep295 Cenpv Prdm9 Fam83d Ttl Nusap1 Sgo2a Ndc80 Smc5 Tert Stxbp4 Cenpe Usp2 Incenp Pkp4 Birc5 Pagr1a Rad51ap1 Egfr Ccnd3 Smpd3 Rcc1 Lsm11 Tnf Smc4 Ddx11 Ccdc15 Cdca8 Cul4a Gen1 Gdpd5 Cdc25a Prkce Ezh2 Rgcc Kcnn4 Nup62 Poc1b Lmnb1 Ska1 Gpsm2 Ncapd2 Cdc7 Cdc14b Ube2e2 Rad18 Kif23 Plk4 Mad2l1 Tfdp1 Cdk4 Rad51b Rrm1"
"GOBP_REGULATION_OF_RESPIRATORY_BURST",-1.64156237767518,0.00560351355444495,0.439188590663478,10,-0.795035169180099,3,"Jchain Dusp10 S100a9"
"GOBP_RESPONSE_TO_IMMOBILIZATION_STRESS",-1.64578785727696,0.00526008182349503,0.439188590663478,13,-0.752510168096009,2,"Faah Fos"
"GOBP_CELL_CYCLE_CHECKPOINT_SIGNALING",-1.42024348955638,0.00592341865876878,0.450049295240572,171,-0.444988857443726,44,"Orc1 Nuf2 Eme1 Zwilch Cdk1 Ska3 Brca1 Setmar Bard1 Spc24 Dtl Chek2 Map3k20 Cdt1 Xrcc3 Clspn Aurkb Trip13 Kntc1 Hus1 Rbbp8 Ndc80 Rad51 Timeless Cenpe Incenp Haspin Rfwd3 Khdc3 D7Ertd443e Birc5 Mrnip Spc25 Dusp1 Hinfp Cdkn1a Rint1 E2f1 Rad1 Cdca8 Mbd4 Cul4a Gen1 Dna2"
"GOBP_LEUKOCYTE_DEGRANULATION",-1.57058348023186,0.00595876534382076,0.450049295240572,61,-0.544655505451211,9,"Clnk Itgam Ccl3 Rasgrp1 Hmox1 Tac4 Slc18a2 Ptgds Stx11"
"GOBP_AUTOPHAGIC_CELL_DEATH",1.79569613214221,0.00619195046439629,0.459310039805396,12,0.727380277854373,2,"Dapk1 Acp2"
"GOBP_MATURE_B_CELL_DIFFERENTIATION",-1.608636478591,0.00631199278629396,0.460000316390616,36,-0.604994143941607,7,"Rag2 Pou2af1 Lfng Plcl2 Cd19 Lilrb4a Ada"
"GOBP_ATTACHMENT_OF_MITOTIC_SPINDLE_MICROTUBULES_TO_KINETOCHORE",-1.6482303764596,0.00657541599570585,0.462583518930958,25,-0.659706405014502,14,"Nuf2 Cdk1 Ska3 Cdt1 Aurkb Ndc80 Cenpe Incenp Birc5 Ska2 Cdca8 Kif2c Mis12 Ska1"
"GOBP_DNA_REPLICATION_INITIATION",-1.64125132855626,0.0066815144766147,0.462583518930958,31,-0.631820324454045,13,"Orc1 Ccne1 Cdt1 Prim1 Cdc45 Prim2 Mcm5 Pola1 Mcm10 Orc6 Mcm3 Mcm2 Cdk2"
"GOBP_REGULATION_OF_TRANSMEMBRANE_TRANSPORT",-1.37475192176789,0.00647282441179492,0.462583518930958,259,-0.419801728625135,56,"Ffar1 Ms4a1 Nol3 Esr1 Slc25a27 Agrn Kcnk3 Ppargc1a Repin1 Bcl2 Calml3 Slc43a1 Ehd3 Pid1 Clcn2 Igf1 Ptpn3 Stac3 Ptpn22 Cnksr3 Kcng1 Fabp5 Cd19 Cttnbp2nl Fxyd2 Pde4d Rasgrf2 Tmem38a Cacnb2 Hk2 S100a1 Ppp3cc Pkd2 Akap7 Tert Slc26a6 Stxbp4 Kcnip3 Kcnab3 Sphk2 Slc1a2 Stac2 Oaz2 Grin2d Rem1 Cacng8 Cers1 Cacna1a Pde4b Gsto1 Slc31a2 Zdhhc7 Tnf Thy1 Rgs2 Rangrf"
"GOBP_REGULATION_OF_CELL_CYCLE_CHECKPOINT",-1.57595555070975,0.00709926516378129,0.483448319513893,44,-0.574326412648856,20,"Ska3 Brca1 Bard1 Chek2 Map3k20 Xrcc3 Aurkb Ndc80 Rad51 Incenp Rfwd3 Birc5 Dusp1 Cdca8 Cul4a Gen1 Rpa2 Ska1 Brcc3 Mad2l1"
"GOBP_MITOTIC_NUCLEAR_DIVISION",-1.37021352471345,0.00731807874665018,0.490311276025562,245,-0.419475600339716,69,"Mybl2 Map9 Esr1 Cenpk Nuf2 Zwilch Lrp5 Nfix Cdk1 Ska3 Cit Tom1l1 Igf1 Spc24 Chek2 Kif11 Prc1 Cdt1 Cenpi Pdgfrb Xrcc3 Aurkb Rasl2-9 Map10 Nek2 Eps8 Trip13 Mki67 Kntc1 Kifc5b Nusap1 Cep97 Ndc80 Psrc1 Cenpe Incenp Haspin Khdc3 Birc5 Ccdc86 Spc25 Ckap2l Kif4 Dusp1 Smpd3 Rcc1 Spice1 Tnf Smc4 Ccsap Rangrf Ska2 Cdca8 Gen1 Cdkn1c Kif2c Tpx2 Rgcc Flna Nup62 Chmp7 Ofd1 Mis12 Ppp2r2d Ccdc61 Usp16 Ska1 Vps4a Ncapd2"
"GOBP_CELL_ACTIVATION_INVOLVED_IN_IMMUNE_RESPONSE",-1.36845838312514,0.00815525962630329,0.535272325640259,241,-0.419509473561393,38,"Rag2 Pou2af1 Clnk Itgam Sema6d Ccl3 Rasgrp1 Lrp1 Gadd45g Hmox1 Ccr7 Loxl3 Cd81 Tac4 Lfng Slc18a2 Ptgds Shld3 Exo1 Il12a Rorc Cd69 Plcl2 Cd40 Cd19 Il18 Stx11 Lilrb4a Zbtb7b Ada Prkcz Tsc1 Sphk2 Foxp3 Sema4a Pagr1a Rora Hlx"
"GOBP_CHOLESTEROL_IMPORT",-1.61310469699992,0.0083757104397248,0.535272325640259,11,-0.766063496644058,3,"Cd36 Lrp1 Stard4"
"GOBP_EMBRYONIC_CAMERA_TYPE_EYE_DEVELOPMENT",1.74147333940559,0.0083424011606819,0.535272325640259,21,0.606099105556575,7,"Rarg Traf3ip1 Aldh1a3 Zeb1 Phactr4 Wdr19 Rara"
"GOBP_ANATOMICAL_STRUCTURE_MATURATION",-1.41560153303205,0.00907634810464495,0.540546218487395,149,-0.447242855658499,42,"Nr4a2 Kcnb1 Ccdc39 Galnt3 Hes1 Bcl2 Nfix Ropn1l Vegfa Diaph3 Baiap3 Catspere2 Igf1 Ankle1 Rac3 Cdc25b Lrrk2 Trip13 C1qa Slc26a6 Il15 Bhlha15 Ddit3 Hdac6 Flvcr1 Tdrd7 Washc5 Cacna1a Fzd5 Tmem79 Ryr1 Rflnb Rflna B4galt6 Tusc2 Bfsp2 Hid1 Cdkn1c Nemp1 Gpat4 Runx1 Lyl1"
"GOBP_CELL_MATURATION",-1.45619646651528,0.00910886742756804,0.540546218487395,113,-0.47043730615676,33,"Nr4a2 Kcnb1 Ccdc39 Galnt3 Hes1 Bcl2 Nfix Ropn1l Vegfa Diaph3 Catspere2 Ankle1 Rac3 Cdc25b Lrrk2 Trip13 C1qa Slc26a6 Il15 Bhlha15 Hdac6 Flvcr1 Tdrd7 Washc5 Fzd5 Tmem79 B4galt6 Tusc2 Bfsp2 Cdkn1c Nemp1 Gpat4 Runx1"
"GOBP_CILIUM_ORGANIZATION",-1.34151175044774,0.00901362286182526,0.540546218487395,275,-0.408781529103343,70,"Drc7 Cep126 Lrrc49 Spag6l Dnah7c Ccdc39 Kif17 Tctn2 Stil Tmem231 Cabcoco1 Luzp1 Ccdc57 Fam161b Ehd3 Wdr35 Dync2li1 Cdk1 Mycbpap Cfap74 Kif24 Fnbp1l Bbs4 Rabl2 Fbf1 Nectin2 Crocc Enkd1 Asap1 B9d1 Ccp110 Cntrob Ttll3 Dnal1 Lca5l Cep97 Pkd2 Cep131 Bbs2 Tctn3 Rpgr Hdac6 Ttc21b Dnaaf4 Fbxw8 Cdkl5 Cep78 Cc2d2b Disc1 Ocrl Tbc1d7 Yif1b Evi5l Tctn1 Rsph9 Dnaaf5 Intu Rab29 Ehd1 Ccdc15 Exoc5 Rttn Bbs10 Ift122 Ccdc63 Flna Rfx2 Poc1b Ofd1 Cep83"
"GOBP_POSITIVE_REGULATION_OF_CALCIUM_ION_TRANSPORT_INTO_CYTOSOL",-1.60935652237473,0.00882440921328148,0.540546218487395,11,-0.764283488337873,1,"Ffar1"
"GOBP_REGULATION_OF_DENDRITIC_SPINE_MAINTENANCE",1.7384103787644,0.00904704463208685,0.540546218487395,11,0.719527950474723,4,"Homer1 Apoe Prnp App"
"GOBP_ATTACHMENT_OF_SPINDLE_MICROTUBULES_TO_KINETOCHORE",-1.53885834530826,0.00978473581213307,0.545474747474747,51,-0.547738097462919,20,"Nuf2 Sgo1 Cdk1 Ska3 Spc24 Cdt1 Aurkb Nek2 Ndc80 Pmf1 Cenpe Incenp Birc5 Spc25 Ska2 Cdca8 Kif2c Dsn1 Mis12 Ska1"
"GOBP_NEGATIVE_REGULATION_OF_NUCLEAR_DIVISION",-1.5361805492284,0.00977788507967166,0.545474747474747,56,-0.539160067627915,22,"Esr1 Nuf2 Zwilch Ska3 Tom1l1 Spc24 Xrcc3 Aurkb Trip13 Kntc1 Ndc80 Cenpe Incenp Haspin Khdc3 Birc5 Spc25 Dusp1 Rad1 Cdca8 Gen1 Osm"
"GOBP_OLIGOSACCHARIDE_METABOLIC_PROCESS",1.69792891637919,0.00984848484848485,0.545474747474747,24,0.570020315827727,13,"St8sia1 St6galnac6 B3galnt1 Neu1 Fut4 Man2b2 Npc1 Hexb St8sia4 Gla Naga Mogs St3gal2"
"GOBP_POSITIVE_REGULATION_OF_MONOATOMIC_ION_TRANSMEMBRANE_TRANSPORT",-1.5069535014353,0.00979820366266185,0.545474747474747,71,-0.512352326678171,17,"Ffar1 Ms4a1 Kcnk3 Ehd3 Clcn2 Stac3 Cnksr3 Cd19 Fxyd2 Cacnb2 S100a1 Ppp3cc Akap7 Stac2 Cacng8 Gsto1 Thy1"
"GOBP_REGULATION_OF_MONOATOMIC_ION_TRANSMEMBRANE_TRANSPORT",-1.3928919499954,0.00941400465411466,0.545474747474747,171,-0.436419108363325,42,"Ffar1 Ms4a1 Nol3 Agrn Kcnk3 Bcl2 Calml3 Ehd3 Clcn2 Ptpn3 Stac3 Ptpn22 Cnksr3 Kcng1 Cd19 Fxyd2 Pde4d Tmem38a Cacnb2 S100a1 Ppp3cc Pkd2 Akap7 Kcnip3 Kcnab3 Sphk2 Stac2 Grin2d Rem1 Cacng8 Pde4b Gsto1 Slc31a2 Thy1 Rangrf Prkce Kcnn4 Flna Gopc Oxsr1 Fbxo11 Sestd1"
"GOBP_ESTABLISHMENT_OF_LYMPHOCYTE_POLARITY",-1.60037116939136,0.0106192043075082,0.580423351228805,11,-0.760016343782518,2,"Ccr7 Scrib"
"GOBP_CELL_CYCLE_G2_M_PHASE_TRANSITION",-1.41073841827727,0.0109137598972823,0.581924882629108,146,-0.446348219847005,44,"Orc1 Hexim2 Rad51c Ccdc57 Brsk2 Cdk1 Brca1 Cit Bard1 Dtl Chek2 Pkmyt1 Hspa2 Prkcq Cdc25b Clspn Aurkb Usp50 Nek2 Hus1 Rbbp8 Ndc80 D7Ertd443e Birc5 Mrnip Pagr1a Cdkn1a Rint1 Cdk2 Mbd4 Fbxl15 Paxip1 Cdc25a Lmnb1 Ccna2 Vps4a Brcc3 Cdc7 Cdc14b Ppm1d Cdk4 Rad51b Rrm1 Blm"
"GOBP_MITOTIC_DNA_REPLICATION_CHECKPOINT_SIGNALING",-1.60126907280219,0.0112070271088899,0.581924882629108,10,-0.775520470931537,3,"Orc1 Clspn Hus1"
"GOBP_NEUTROPHIL_MEDIATED_IMMUNITY",-1.59824907636649,0.0110401702580474,0.581924882629108,27,-0.630020658764486,5,"Itgam Pcyox1l Pomc Card9 Stx11"
"GOBP_REGULATION_OF_CHROMOSOME_SEGREGATION",-1.43946383724903,0.0111183780248528,0.581924882629108,118,-0.463263795389891,38,"Nuf2 Tacc3 Zwilch Rmi2 Cdk1 Ska3 Cit Spc24 Xrcc3 Aurkb Trip13 Kntc1 Ndc80 Chtf18 Smc5 Cenpe Incenp Haspin Khdc3 Birc5 Spc25 Bcl7a Dusp1 Smc4 Ppp2r2a Cdca8 Gen1 Smarcc1 Kif2c Pum1 Phf10 Cdc27 Ppp2r2d Ska1 Ncapd2 Arid2 Rad18 Mad2l1"
"GOBP_REGULATION_OF_DIGESTIVE_SYSTEM_PROCESS",-1.59951522011682,0.0116397497453805,0.583860788189847,14,-0.721403158619195,6,"Soat2 Sct Tac4 Negr1 Nr1h2 Abcg2"
"GOBP_RENAL_SYSTEM_PROCESS",-1.53546007253527,0.0115252574791564,0.583860788189847,50,-0.547745098203561,8,"Jchain Myo1e Itga3 Chrnb2 Aqp3 Klhl3 Bcl2 Hyal2"
"GOBP_RESPONSE_TO_FATTY_ACID",-1.55231549839225,0.0118065253269011,0.583860788189847,39,-0.57629378247762,5,"Ffar1 Cd36 Hmox1 Hes1 Pid1"
"GOBP_TOLL_SIGNALING_PATHWAY",1.70416939903952,0.0117681671079729,0.583860788189847,10,0.724809486003367,8,"App Irak4 Irak2 Palm3 Peli1 Peli2 Sigirr Myd88"
"GOBP_MESENCHYME_MORPHOGENESIS",1.66539253253961,0.0130939019827909,0.591218139527318,23,0.565532453661896,4,"Nckap1 Nos3 Snai1 Acvr1"
"GOBP_NEGATIVE_REGULATION_OF_CHROMOSOME_SEGREGATION",-1.51678609902359,0.0128424657534247,0.591218139527318,51,-0.539881747186391,19,"Nuf2 Zwilch Ska3 Spc24 Xrcc3 Aurkb Trip13 Kntc1 Ndc80 Chtf18 Cenpe Incenp Haspin Khdc3 Birc5 Spc25 Dusp1 Cdca8 Gen1"
"GOBP_NUCLEOBASE_CONTAINING_SMALL_MOLECULE_CATABOLIC_PROCESS",-1.5882444344492,0.0128626981752917,0.591218139527318,11,-0.754257356786856,5,"Pnp2 Nudt1 Ahcy Ada Xdh"
"GOBP_PLASMA_MEMBRANE_PHOSPHOLIPID_SCRAMBLING",1.72612058503014,0.0127836369447108,0.591218139527318,14,0.669291903769445,8,"Tmem63b Atg9a Plscr3 Serinc5 Tmem41b P2rx7 Xkr8 Clptm1l"
"GOBP_POSITIVE_REGULATION_OF_SMALL_GTPASE_MEDIATED_SIGNAL_TRANSDUCTION",-1.5161257705697,0.012399708242159,0.591218139527318,54,-0.535384374776545,13,"Rasgrp1 Agrn Ccr7 Auts2 Ntrk1 Adgrg1 Igf1 Pdgfrb Arrb1 Dgki Cdkl5 Cdon Gpr55"
"GOBP_PROGRAMMED_CELL_DEATH_INVOLVED_IN_CELL_DEVELOPMENT",-1.59085578753203,0.012267151294866,0.591218139527318,10,-0.770477148710543,3,"Bcl2 Ntrk1 Casp4"
"GOBP_REGULATION_OF_PROTEIN_TARGETING_TO_MITOCHONDRION",-1.59233241931799,0.0130040911747516,0.591218139527318,13,-0.728068524280076,3,"Nol3 Lrrk2 Bag3"
"GOBP_STEROID_BIOSYNTHETIC_PROCESS",1.39893568092936,0.0130375351639104,0.591218139527318,100,0.352784453251122,26,"Cyp7b1 Igfbp7 Egr1 Erlin2 Snai1 Nr1d1 Apoe Nsdhl Dkkl1 Adora2b Ebp Gnai1 Igf1r Bmp6 Gfi1 Dgkq Hsd17b7 Hsd3b7 Fdxr Ddx20 Fdft1 Ggcx Rest Acbd3 Hrh1 Asah1"
"GOBP_ADAPTIVE_IMMUNE_RESPONSE",-1.2954267613163,0.0132940937690278,0.593802855016575,334,-0.391186630718753,71,"Iglv1 Jchain Igkv2-109 Cd79a Gadd45g C1qb Fut7 Fcmr Ccr7 H2-Eb2 Loxl3 Iglc1 Cd81 Trpm4 Vegfa Tnfrsf13c Pla2g4a Ephb6 Shld3 Exo1 Dusp10 Card9 H2-Q2 AI182371 C2 Il12a Rorc Cd69 Cd40 Cd19 Il18 Prkcq Stx11 Rag1 Nectin2 Lilrb4a Zbtb7b Ada Cd86 Serpina3g C1qa Fcer2a Nlrp10 Prkcz Tsc1 Foxp3 Sema4a Pagr1a Lax1 Rora Hlx Igkv19-93 Tec H2-Ob Rnf19b Cd55 Ulbp1 Masp2 Fzd5 Tnf Havcr2 Tnfrsf21 Syvn1 Serpinb9 Ercc1 Nfkbid Smad7 Paxip1 Dusp22 Ripk2 Cd1d1"
"GOBP_NUCLEOSIDE_METABOLIC_PROCESS",-1.56625095840373,0.0135504885993485,0.598816272783977,33,-0.59730699242973,17,"Pnp2 Nudt1 Cdk1 Ahcy Tk1 Ada Pemt Gamt Icmt Xdh Dctd Dtymk Oard1 Aprt Nt5c3 Dck Mtap"
"GOBP_EMBRYONIC_DIGESTIVE_TRACT_DEVELOPMENT",-1.5746721103422,0.0143873996668181,0.60984957363227,10,-0.762639132496505,5,"Rarres2 Ada Pkdcc Hlx Tnf"
"GOBP_GAMMA_AMINOBUTYRIC_ACID_SIGNALING_PATHWAY",-1.57781253567032,0.0142359533545358,0.60984957363227,10,-0.764160091197795,6,"Plcl1 Cit Plcl2 Gabbr1 Slc12a2 Cacna1a"
"GOBP_POSITIVE_REGULATION_OF_HEMOSTASIS",-1.58056470262476,0.0143583607538139,0.60984957363227,11,-0.750610251781422,3,"Cd36 S100a9 Plau"
"GOBP_REGULATION_OF_INFLAMMATORY_RESPONSE_TO_ANTIGENIC_STIMULUS",-1.58188062508047,0.0140784982935154,0.60984957363227,17,-0.685956216584193,4,"Fut7 Ccr7 Cd81 Pomc"
"GOBP_REGULATION_OF_CELL_CYCLE_PHASE_TRANSITION",-1.27742723753331,0.0147638790575387,0.619486400050663,365,-0.384447181491771,107,"Orc1 Hexim2 E2f7 Nuf2 Stil Rad51c Eme1 Zwilch Rrm2 Mblac1 Bcl2 Cdk1 Ska3 Brca1 Setmar Sass6 Bard1 Ccne1 Spc24 Dtl Chek2 Map3k20 Pkmyt1 Hspa2 Cdt1 Prkcq Xrcc3 Cdc25b Clspn Aurkb Usp50 Trip13 Kntc1 Hus1 Fam83d Rbbp8 Ndc80 Pkd2 Rad51 Tert Stxbp4 Timeless Cenpe Incenp Haspin Rfwd3 Khdc3 D7Ertd443e Birc5 Mrnip Spc25 Pagr1a Prmt2 Bcl7a Dusp1 Plpp2 Egfr Ccnd3 Hinfp Lsm11 Cdkn1a Rint1 E2f1 Rad1 Ccnh Cdca8 Rassf1 Mbd4 Cul4a Gen1 Smarcc1 Dna2 Cdkn1c Ppp2r3d Paxip1 Kank2 Cdc25a Ezh2 Rgcc Phf10 Zc3h12d Apbb2 Lmnb1 Rpa2 Ska1 Vps4a Brcc3 Tfap4 Cdc7 Cdc14b Arid2 Ube2e2 Mad2l1 Tfdp1 Cdk4 Rad51b Rrm1 Jade1 Nsun2 Blm Larp7 Ddx3x Dyrk3 Klhl18 Rnf168 Cacnb4 Psme3"
"GOBP_SPINDLE_ORGANIZATION",-1.3489867027767,0.0151562663321835,0.629591303438905,194,-0.418646209678458,55,"Mybl2 Cep126 Map9 Nuf2 Stil Tacc3 Aunip Mapre3 Ska3 Sass6 Stmn1 Chek2 Kif11 Prc1 Wdr62 Cenph Aurkb Tppp Map10 Nek2 Cenpv Kifc5b Cep97 Ndc80 Psrc1 Cenpe Incenp Khdc3 Birc5 Spc25 Ckap2l Kif4 Washc5 Rcc1 Spice1 Ccsap Rangrf Tubgcp3 Ska2 Cdca8 Tpx2 Flna Nup62 Chmp7 Ofd1 Ppp2r1b Ccdc69 Ccdc61 Ska1 Gpsm2 Sac3d1 Haus1 Aspm Asb7 Kif23"
"GOBP_DOPAMINERGIC_NEURON_DIFFERENTIATION",-1.56777377914215,0.0162956496435327,0.659550791389156,14,-0.707087336243599,6,"Nr4a2 Vegfa Vegfd Cdnf Pax5 Tiam1"
"GOBP_GRANULOCYTE_MIGRATION",-1.47253689525159,0.0161327762302693,0.659550791389156,75,-0.497531401941258,14,"Itgam S100a8 Ccl3 Ccl4 Fut7 Ccr7 Vegfa Rarres2 Cd99l2 Cxadr Mcu Rac3 S100a9 Pde4d"
"GOBP_REGULATION_OF_MAST_CELL_ACTIVATION",-1.57330383633787,0.016353811149033,0.659550791389156,17,-0.682237034831138,5,"Cnr2 Timd2 Nectin2 Lilrb4a Sphk2"
"GOBP_REGULATION_OF_B_CELL_RECEPTOR_SIGNALING_PATHWAY",-1.56326584423896,0.016683161317687,0.666363962631459,18,-0.671266708157174,5,"Fcmr Cd81 Cd22 Plcl2 Cd19"
"GOBP_NEURON_APOPTOTIC_PROCESS",-1.31820034994083,0.0175131348511384,0.692852973063131,246,-0.403481304279781,42,"Mybl2 Nr4a2 Kcnb1 Ccl3 Esr1 Lrp1 Slc25a27 Hmox1 Agrn Ppargc1a Bcl2 Ntrk1 Sct Nfix Vegfa Fgf20 Hdac4 Cit Casp4 Igf1 Siah1b Tmtc4 Il18 Siah1a Xrcc2 Tox3 Nqo2 Arrb1 Tert Kcnip3 Ddit3 Birc5 Nmnat1 Bcl2l1 Jun Grik5 Cacna1a Tnf Bhlhb9 Elp6 Cebpb Tnfrsf21"
"GOBP_MAST_CELL_ACTIVATION_INVOLVED_IN_IMMUNE_RESPONSE",-1.5217633073467,0.0177047509871354,0.693110251033021,38,-0.566890120911841,7,"Clnk Rasgrp1 Hmox1 Tac4 Slc18a2 Ptgds Lilrb4a"
"GOBP_MEMBRANE_DEPOLARIZATION_DURING_ACTION_POTENTIAL",-1.55910039319098,0.0181735574738755,0.693110251033021,10,-0.755097498411736,6,"Trpm4 Clcn2 Ptpn3 Cacnb2 Scn2b Rangrf"
"GOBP_REGULATION_OF_MITOTIC_SISTER_CHROMATID_SEGREGATION",-1.47327496946566,0.0185207601985232,0.693110251033021,55,-0.518508845520927,17,"Nuf2 Zwilch Cdk1 Ska3 Spc24 Xrcc3 Aurkb Trip13 Kntc1 Ndc80 Cenpe Incenp Haspin Khdc3 Birc5 Spc25 Dusp1"
"GOBP_REGULATION_OF_NATURAL_KILLER_CELL_ACTIVATION",-1.54067332306552,0.018371335504886,0.693110251033021,33,-0.5875526804816,11,"Clnk Rasgrp1 Il15ra Ptpn22 Il12a Il18 Lilrb4a Il15 Pglyrp2 Ulbp1 Havcr2"
"GOBP_RESPONSE_TO_AMPHETAMINE",-1.56650206746688,0.0180051443269506,0.693110251033021,16,-0.686804748220725,4,"Nr4a2 Slc18a2 Nr4a1 Fosb"
"GOBP_SPINDLE_ELONGATION",-1.56220098989839,0.0184583579444773,0.693110251033021,12,-0.72547914691184,8,"Kif11 Prc1 Aurkb Map10 Incenp Birc5 Kif4 Cdca8"
"GOBP_SPINDLE_MIDZONE_ASSEMBLY",-1.56041817761601,0.0189013585351447,0.701037887098135,12,-0.72465121686821,9,"Prc1 Aurkb Map10 Incenp Birc5 Kif4 Cdca8 Ccdc69 Kif23"
"GOBP_SPINDLE_ASSEMBLY",-1.38389017390472,0.0191124068675089,0.702592372810903,134,-0.441566435238449,44,"Mybl2 Map9 Stil Mapre3 Ska3 Sass6 Chek2 Kif11 Prc1 Aurkb Map10 Nek2 Cenpv Kifc5b Cep97 Ndc80 Cenpe Incenp Khdc3 Birc5 Ckap2l Kif4 Washc5 Rcc1 Spice1 Ccsap Rangrf Tubgcp3 Ska2 Cdca8 Tpx2 Flna Chmp7 Ofd1 Ppp2r1b Ccdc69 Ccdc61 Ska1 Gpsm2 Sac3d1 Haus1 Aspm Asb7 Kif23"
"GOBP_POSITIVE_REGULATION_OF_PROTEIN_IMPORT_INTO_NUCLEUS",-1.49024328422915,0.0193370165745856,0.704613744305515,42,-0.547808993125995,7,"Uaca Cdk1 Brca1 Hyal2 Ptpn22 Prkcq Rasl2-9"
"GOBP_AMINE_TRANSPORT",-1.47759505627954,0.0230483271375465,0.7124262200147,46,-0.53429777949873,15,"Kcnb1 Chrnb2 Ddc Slc43a1 Slc18a2 Nat8l Gabbr1 Slc12a2 Stx1a Flvcr1 Cacna1a Tnf Sv2a Syt11 Rgs2"
"GOBP_B_CELL_ACTIVATION",-1.30795091747978,0.0206547557575132,0.7124262200147,238,-0.401119196012342,48,"Ms4a1 Rag2 Pou2af1 Rasgrp1 Cd79a Chrnb2 Bank1 Bcl2 Ntrk1 Cd81 Lfng Tnfrsf13c Adgrg3 Ankle1 Shld3 Exo1 Prlr Cd22 Plcl2 Cd40 Cd19 Rag1 Lilrb4a Ada Cd86 Tnfrsf4 Foxp3 Pagr1a Lax1 Bst1 Cdkn1a Smc4 Hmgb3 Tnfrsf21 Hdac7 Syvn1 Ercc1 Paxip1 Ezh2 Dnajb9 Lyl1 Hmces Kit Il27ra Cd79b Hmga1 Akirin2 Hdac5"
"GOBP_DNA_REPLICATION_CHECKPOINT_SIGNALING",-1.53568720327528,0.0237485779294653,0.7124262200147,17,-0.665925207701362,5,"Orc1 Cdt1 Clspn Hus1 Timeless"
"GOBP_DNA_STRAND_RESECTION_INVOLVED_IN_REPLICATION_FORK_PROCESSING",-1.55014493624549,0.0211864406779661,0.7124262200147,13,-0.708778972568981,5,"Cdk1 Brca1 Bard1 Exo1 Rbbp8"
"GOBP_DNA_SYNTHESIS_INVOLVED_IN_DNA_REPLICATION",-1.52747546011774,0.0226784755770263,0.7124262200147,25,-0.611374088801019,11,"Pclaf Cdk1 Dtl Pole2 Tk1 Pcna Polk Pold3 Cdk2 Rev3l Primpol"
"GOBP_DOUBLE_STRAND_BREAK_REPAIR",-1.29339644118769,0.0208567631121562,0.7124262200147,284,-0.393545819626842,72,"Hmga2 Esco2 Rad51c Eme1 Aunip Rmi2 Fignl1 Cdca5 Mms22l Rad54b Brca1 Setmar Ankle1 Recql4 Shld3 Chek2 Gins2 Xrcc3 Xrcc2 Rad54l Brip1 Fancb Lig1 Prdm9 Trip13 Hus1 Cdc45 Rbbp8 Rad51 Mcm5 Rtel1 Smc5 Timeless Hells Rfwd3 Khdc3 Cgas Pola1 Xrcc5 Mrnip Pogz Wrap53 Rad51ap1 Mcm3 Bcl7a Nsmce1 Ogg1 Tnks1bp1 Ddx11 Mcm2 Gins4 Rev3l Fancm Ubqln4 Ercc1 Gen1 Smarcc1 Dna2 Rad52 Palb2 Rpa3 Phf10 Exd2 Ing3 Rpa2 Hmces Tonsl Brcc3 Smchd1 Cdc7 Wdr48 Arid2"
"GOBP_EXTRACELLULAR_TRANSPORT",-1.52173625660735,0.0231283422459893,0.7124262200147,26,-0.604619104297724,6,"Spag6l Ccdc39 Cfap45 Ccdc57 Ropn1l Vangl1"
"GOBP_GRANULOCYTE_CHEMOTAXIS",-1.46155349451956,0.0208483105679367,0.7124262200147,59,-0.509283525028777,11,"Itgam S100a8 Ccl3 Ccl4 Ccr7 Vegfa Rarres2 Cxadr Mcu S100a9 Pde4d"
"GOBP_MATURE_B_CELL_DIFFERENTIATION_INVOLVED_IN_IMMUNE_RESPONSE",-1.52956959831316,0.0221959548200683,0.7124262200147,30,-0.591640413108025,5,"Rag2 Pou2af1 Lfng Lilrb4a Ada"
"GOBP_MEMBRANE_INVAGINATION",-1.46849684161386,0.023356401384083,0.7124262200147,47,-0.529337230417771,7,"Itgam Cd36 Abca1 Timd2 Clcn2 Fnbp1l Aurkb"
"GOBP_METAL_ION_TRANSPORT",-1.2411891391843,0.0237903225806452,0.7124262200147,412,-0.37200364788924,73,"Ffar1 Ms4a1 Nol3 Rep15 Ncs1 Kcnq5 Best1 Kcnb1 Ccl3 Chrnb2 Plcl1 Agrn Kcnk3 Ccr7 Hes1 Slc11a2 Klhl3 Bcl2 Calml3 Trpm4 Slc5a6 Tpcn1 Timd2 Lck Igf1 Ptpn3 Ptpn22 Cnksr3 Kcng1 Gja4 Plcl2 Mcu Cd19 Pdgfrb Fxyd2 Kcnk12 Pde4d Cask Tmem38a Cacnb2 Ccr1l1 Ppp3cc Pkd2 Tmbim7 Akap7 Maged2 Slc12a2 Usp2 Kcnip3 Ramp3 Slc39a8 Kcnab3 Tsc1 Bhlha15 Ddit3 Actn2 Grin2d Scn2b Rem1 Cacng8 Slc25a37 Flvcr1 Cacna1a Pde4b Gsto1 Slc31a2 Slc20a2 Ryr1 Thy1 Tmco3 Cdk2 Slc6a9 Rangrf"
"GOBP_MITOTIC_SISTER_CHROMATID_COHESION",-1.53311975866966,0.0209855226457697,0.7124262200147,28,-0.600700219934744,9,"Dscc1 Esco2 Sgo1 Cdca5 Sgo2a Smc5 Haspin Pogz Hdac8"
"GOBP_NEGATIVE_REGULATION_OF_CELL_CYCLE_G2_M_PHASE_TRANSITION",-1.45162751567872,0.0218126676775924,0.7124262200147,71,-0.493541927086445,15,"Orc1 Hexim2 Cdk1 Brca1 Bard1 Dtl Pkmyt1 Clspn Aurkb Hus1 Rbbp8 D7Ertd443e Mrnip Cdkn1a Rint1"
"GOBP_NEGATIVE_REGULATION_OF_COLLAGEN_METABOLIC_PROCESS",1.64906006281507,0.0208082026537998,0.7124262200147,11,0.682545860115261,7,"Ager Errfi1 Ciita Adora2b Emilin1 Got1 Il6ra"
"GOBP_POSITIVE_REGULATION_OF_CELL_CYCLE_CHECKPOINT",-1.53647144866593,0.0226714801444043,0.7124262200147,15,-0.684387237120966,9,"Map3k20 Xrcc3 Aurkb Ndc80 Incenp Birc5 Cdca8 Gen1 Mad2l1"
"GOBP_POSITIVE_REGULATION_OF_REACTIVE_OXYGEN_SPECIES_METABOLIC_PROCESS",-1.45742657580599,0.0222733325263285,0.7124262200147,55,-0.512931113956794,8,"Itgam Cd36 Hdac4 Pid1 Il18 Pdgfrb Plau Nqo2"
"GOBP_REGULATION_OF_ACTION_POTENTIAL",-1.53408146298932,0.0208498284507786,0.7124262200147,29,-0.596710875446396,7,"Cd36 Kcnb1 Cnr2 Chrnb2 Kcnk3 Trpm4 Cxadr"
"GOBP_REGULATION_OF_AMYLOID_FIBRIL_FORMATION",1.62583924397991,0.0238390092879257,0.7124262200147,12,0.658576570871065,7,"Cryab Apoe App Ldlr Vbp1 Psen1 Usp8"
"GOBP_REGULATION_OF_INFLAMMASOME_MEDIATED_SIGNALING_PATHWAY",-1.47723926462419,0.0211692307692308,0.7124262200147,49,-0.529177586668559,17,"Gbp2 Fbxl2 Cd36 Casp4 Ptpn22 Usp50 Abhd8 Atat1 Irgm2 Dhx33 Eif2ak2 Zdhhc12 Brcc3 Ddx3x Zdhhc1 Nek9 Btk"
"GOBP_REGULATION_OF_MITOTIC_CELL_CYCLE_PHASE_TRANSITION",-1.28336986410144,0.0225763612217795,0.7124262200147,288,-0.390263834797243,82,"Orc1 Hexim2 E2f7 Nuf2 Stil Rad51c Zwilch Rrm2 Mblac1 Bcl2 Cdk1 Ska3 Brca1 Sass6 Bard1 Ccne1 Spc24 Dtl Pkmyt1 Hspa2 Prkcq Xrcc3 Cdc25b Clspn Aurkb Trip13 Kntc1 Hus1 Rbbp8 Ndc80 Pkd2 Tert Cenpe Incenp Haspin Rfwd3 Khdc3 D7Ertd443e Birc5 Mrnip Spc25 Prmt2 Bcl7a Dusp1 Egfr Ccnd3 Lsm11 Cdkn1a Rint1 E2f1 Ccnh Cdca8 Mbd4 Cul4a Gen1 Smarcc1 Cdkn1c Ppp2r3d Kank2 Cdc25a Ezh2 Rgcc Phf10 Zc3h12d Lmnb1 Rpa2 Ska1 Vps4a Brcc3 Tfap4 Cdc7 Cdc14b Arid2 Ube2e2 Mad2l1 Tfdp1 Cdk4 Rad51b Rrm1 Jade1 Blm Larp7"
"GOBP_REGULATION_OF_SISTER_CHROMATID_SEGREGATION",-1.43023150349507,0.0202247191011236,0.7124262200147,94,-0.470109776241522,27,"Nuf2 Tacc3 Zwilch Rmi2 Cdk1 Ska3 Cit Spc24 Xrcc3 Aurkb Trip13 Kntc1 Ndc80 Cenpe Incenp Haspin Khdc3 Birc5 Spc25 Bcl7a Dusp1 Cdca8 Gen1 Smarcc1 Phf10 Cdc27 Ska1"
"GOBP_RELEASE_OF_SEQUESTERED_CALCIUM_ION_INTO_CYTOSOL_BY_ENDOPLASMIC_RETICULUM",-1.53395611587821,0.023420177383592,0.7124262200147,20,-0.642456919631417,7,"Nol3 Ccl3 Calml3 Pde4d Tmem38a Gsto1 Ryr1"
"GOBP_SARCOPLASMIC_RETICULUM_CALCIUM_ION_TRANSPORT",-1.53996473929738,0.0217183444884579,0.7124262200147,22,-0.632692453079047,7,"Nol3 Ccl3 Calml3 Pde4d Tmem38a Gsto1 Ryr1"
"GOBP_SMOOTH_MUSCLE_CELL_MIGRATION",-1.43964842072242,0.0237315875613748,0.7124262200147,69,-0.490599962079325,12,"Sema6d Lrp1 Ppargc1a Bcl2 Hdac4 Igf1 Il18 Pdgfrb Pde4d Plau Tert Ddit3"
"GOBP_T_CELL_LINEAGE_COMMITMENT",-1.51677440915462,0.0234890472420164,0.7124262200147,29,-0.589978959642538,4,"Rag2 Loxl3 Bcl2 Cd69"
"GOBP_AXONEME_ASSEMBLY",-1.48526243713104,0.0255173289323346,0.736011214368053,39,-0.551400478029557,13,"Drc7 Spag6l Dnah7c Ccdc39 Ccdc57 Cfap74 Ttll3 Dnal1 Cep131 Bbs2 Dnaaf4 Rsph9 Dnaaf5"
"GOBP_COCHLEA_DEVELOPMENT",-1.52009066318529,0.025105744303452,0.736011214368053,23,-0.619457109557022,4,"Ptk7 Kcnk3 Hes1 Cecr2"
"GOBP_METAPHASE_CHROMOSOME_ALIGNMENT",-1.40335052877069,0.0253631284916201,0.736011214368053,100,-0.45847754260385,29,"Nuf2 Sgo1 Cdk1 Ska3 Spc24 Cdt1 Aurkb Nek2 Cenpv Kifc5b Fam83d Ttl Ndc80 Psrc1 Pmf1 Cenpe Incenp Birc5 Spc25 Spice1 Ska2 Cdca8 Kif2c Nup62 Dsn1 Chmp7 Mis12 Ska1 Vps4a"
"GOBP_REGULATION_OF_CELL_CYCLE_G2_M_PHASE_TRANSITION",-1.3839333422712,0.0253511852502195,0.736011214368053,113,-0.447092056881977,33,"Orc1 Hexim2 Rad51c Cdk1 Brca1 Bard1 Dtl Pkmyt1 Hspa2 Prkcq Cdc25b Clspn Aurkb Usp50 Hus1 Rbbp8 D7Ertd443e Mrnip Pagr1a Cdkn1a Rint1 Mbd4 Paxip1 Cdc25a Lmnb1 Vps4a Brcc3 Cdc7 Cdc14b Cdk4 Rad51b Rrm1 Blm"
"GOBP_REGULATION_OF_CYTOKINESIS",-1.42906927702473,0.0256083429895713,0.736011214368053,76,-0.481922021606411,18,"Map9 Rab11fip4 E2f7 E2f8 Kif20a Cit Bbs4 Prc1 Cdc25b Kif20b Aurkb Map10 Cenpv Ccp110 Incenp Pkp4 Birc5 Bcl2l1"
"GOBP_REGULATION_OF_INFLAMMATORY_RESPONSE",-1.29708331497765,0.0256912917870409,0.736011214368053,240,-0.397592304429395,47,"Uaca Gbp2 Fbxl2 S100a8 Ccl3 Esr1 Cd200r4 Aoah Fut7 Ccr7 Cd81 Fanca Hyal2 Casp4 Igf1 Pomc Dusp10 Cd69 Il18 S100a9 Lrrk2 Ccr1l1 Daglb Ada Nlrp10 Slc39a8 Pbk Shpk Trim45 Foxp3 Socs3 Rora Zfp36 Il2ra Prmt2 Pglyrp2 Bst1 Irgm2 Tnf Syt11 Nr1h2 Cebpb Drosha Mcph1 Acp5 Osm Ffar4"
"GOBP_ETHER_BIOSYNTHETIC_PROCESS",-1.52420100904775,0.0260487657125549,0.736099134489477,10,-0.738195163079292,5,"Lpcat2 Pla2g4a Selenoi Chpt1 Fasn"
"GOBP_HUMORAL_IMMUNE_RESPONSE_MEDIATED_BY_CIRCULATING_IMMUNOGLOBULIN",-1.51695987895863,0.0259244098785646,0.736099134489477,23,-0.618181273454174,10,"C1qb Fcmr Cd81 Exo1 AI182371 C2 C1qa Cd55 Masp2 Tnf"
"GOBP_B_CELL_DIFFERENTIATION",-1.36021766008391,0.026401211858905,0.741017797715482,132,-0.43454599023006,14,"Ms4a1 Rag2 Pou2af1 Cd79a Bcl2 Ntrk1 Lfng Adgrg3 Ankle1 Plcl2 Cd19 Rag1 Lilrb4a Ada"
"GOBP_ANTIMICROBIAL_HUMORAL_RESPONSE",-1.49766353830658,0.0279051486964496,0.74978285021715,31,-0.576544400136591,8,"Jchain Ccl3 Ccl4 Wfdc21 Rarres2 Pomc S100a9 Ccl6"
"GOBP_DNA_STRAND_ELONGATION_INVOLVED_IN_DNA_REPLICATION",-1.52110120522263,0.0274989087734614,0.74978285021715,14,-0.686037369464308,8,"Pole Gins1 Lig1 Pola1 Mcm3 Pcna Pold3 Dna2"
"GOBP_INTERLEUKIN_4_PRODUCTION",-1.51616342857737,0.0277161862527716,0.74978285021715,20,-0.63500492347785,9,"Il1rap Prkcq Zfpm1 Prkcz Ddit3 Foxp3 Havcr2 Cebpb Cd1d1"
"GOBP_MEMBRANELESS_ORGANELLE_ASSEMBLY",-1.24157721821719,0.027976972023028,0.74978285021715,378,-0.373116185098098,115,"Mybl2 Map9 Oip5 Cenpk Stil Mybpc2 Ccdc57 Bicd1 Mapre3 Ska3 Diaph3 Cenpt Sass6 Chek2 Mrm2 Kif11 Prc1 Wdr62 Cenph Cenpi Pdgfrb Rab40c Aurkb Mrm3 Map10 Asap1 Nek2 Cep295 Cenpv Ccp110 Cenpw Fitm2 Cntrob Kntc1 Kifc5b Cep97 Ndc80 Negr1 Rcc1l Nasp Cenpe Incenp Pls1 Khdc3 D7Ertd443e Birc5 Cenpn Xrcc5 Cenpp Mdn1 Hdac6 Actn2 Pogz Ckap2l Kif4 Washc5 Rcc1 Ang Spice1 Dab2ip Tnf Mettl1 Csrp2 Ccsap Brix1 Cdk2 Rangrf Hdac7 Tubgcp3 Ccdc15 Ska2 Cdca8 Rttn Hck Tpx2 Usp10 Flna Nup62 Chmp7 Poc1b Ofd1 Eif4enif1 Ppp2r1b Ccdc69 Mis12 Mis18a Jmjd6 Ccdc61 Ska1 Gpsm2 Alms1 Cnot6 Tfb1m Sac3d1 Rbm14 Mcat Haus1 Aspm Asb7 Zfp574 Kif23 Plk4 Hjurp Cep152 Capn3 Chmp1a Atxn2 Efl1 Lsm3 Tubb5 Smc1a Ddx3x Ddx28 4933427D14Rik Tpm1"
"GOBP_POSITIVE_REGULATION_OF_SMOOTH_MUSCLE_CELL_MIGRATION",-1.46510050433332,0.0269964841788046,0.74978285021715,42,-0.538566582115067,10,"Sema6d Lrp1 Bcl2 Hdac4 Igf1 Il18 Pdgfrb Pde4d Plau Tert"
"GOBP_PRIMARY_ALCOHOL_METABOLIC_PROCESS",1.46883074953637,0.0277642474427667,0.74978285021715,41,0.436725548331465,15,"Rdh11 Aldh1a3 Akr1c13 Rdh13 Rbp4 Bmp6 Gdpd3 Dgkq Napepld Gdpd1 Dgat2 Rest Naaa Cbr4 Dhrs4"
"GOBP_REGULATION_OF_MITOTIC_CELL_CYCLE",-1.23438115262677,0.0274924471299094,0.74978285021715,410,-0.369897635683985,112,"Orc1 Hexim2 Esr1 E2f7 Nuf2 Stil Rad51c Eme1 Hes1 Zwilch Rrm2 Mblac1 Ccdc57 Bcl2 Lrp5 Cdk1 Ska3 Brca1 Setmar Tom1l1 Sass6 Bard1 Ccne1 Igf1 Spc24 Ptpn3 Dtl Chek2 Map3k20 Pkmyt1 Hspa2 Prkcq Pdgfrb Xrcc3 Cdc25b Clspn Cks2 Aurkb Trip13 Mki67 Kntc1 Hus1 Ttl Nusap1 Rbbp8 Ndc80 Pkd2 Tert Timeless Scrib Cenpe Usp2 Incenp Haspin Rfwd3 Khdc3 D7Ertd443e Birc5 Mrnip Spc25 Prmt2 Bcl7a Dusp1 Egfr Ttll12 Ccnd3 Smpd3 Rcc1 Lsm11 Cdkn1a Rint1 Tnf E2f1 Ccnh Heca Cdca8 Mbd4 Cul4a Gen1 Smarcc1 Cdkn1c Ppp2r3d Kank2 Cdc25a Ezh2 Rgcc Rpa3 Phf10 Zc3h12d Nup62 Lmnb1 Rpa2 Ttc28 Ska1 Vps4a Thap1 Cul9 Brcc3 Tfap4 Cdc7 Cdc14b Arid2 Ube2e2 Usp5 Cks1b Mad2l1 E4f1 Tfdp1 Cdk4 Rad51b Rrm1 Jade1"
"GOBP_POSITIVE_REGULATION_OF_CELL_CYCLE_PHASE_TRANSITION",-1.39885228143731,0.0282744747429593,0.752898513347776,99,-0.457323772813216,37,"Stil Rad51c Rrm2 Mblac1 Cdk1 Ska3 Sass6 Ccne1 Dtl Chek2 Hspa2 Cdc25b Fam83d Tert Stxbp4 Cenpe Birc5 Pagr1a Egfr Ccnd3 Lsm11 Cul4a Cdc25a Ezh2 Rgcc Lmnb1 Ska1 Cdc7 Ube2e2 Tfdp1 Cdk4 Rad51b Rrm1 Larp7 Ddx3x Dyrk3 Klhl18"
"GOBP_NEURON_MATURATION",-1.50102051278471,0.0285562491698765,0.755558337908706,28,-0.588123235029425,7,"Nr4a2 Kcnb1 Ccdc39 Bcl2 Rac3 Lrrk2 C1qa"
"GOBP_DEFENSE_RESPONSE_TO_GRAM_POSITIVE_BACTERIUM",-1.42966138735013,0.0301248199711954,0.776522421564409,58,-0.499404560388348,20,"Gbp2 Cd36 Rarres2 Casp4 Card9 Il18 Rnase12 Rnase2b Gbp9 Gbp7 Gbp6 Pglyrp2 Ang Gbp10 Tnf Havcr2 Drosha Acp5 Hck Ripk2"
"GOBP_GLYCOSYL_COMPOUND_CATABOLIC_PROCESS",-1.51152983037396,0.0300361010830325,0.776522421564409,15,-0.67327754468445,4,"Pnp2 Nudt1 Ahcy Ada"
"GOBP_POSITIVE_REGULATION_OF_RAC_PROTEIN_SIGNAL_TRANSDUCTION",-1.50444320487675,0.0299731372826241,0.776522421564409,18,-0.646008253470596,3,"Agrn Ccr7 Auts2"
"GOBP_PYRIMIDINE_CONTAINING_COMPOUND_BIOSYNTHETIC_PROCESS",-1.49046554045353,0.030283252839055,0.776522421564409,32,-0.570546468390159,19,"Cdk1 Tk1 Nme4 Dut Tyms Dctd Dtymk Shmt1 Cmpk2 Uckl1 Umps Cmpk1 Uck2 Thtpa Dck Slc19a2 Nme7 Mtor Slc4a7"
"GOBP_SYNAPTIC_TRANSMISSION_GABAERGIC",-1.49622783257077,0.029618807278523,0.776522421564409,28,-0.586245388212629,7,"Best1 Cnr2 Plcl1 Baiap3 Plcl2 Rac3 Gabbr1"
"GOBP_BILE_ACID_BIOSYNTHETIC_PROCESS",1.59953139709959,0.0307156428119063,0.778004757564992,13,0.633875979391556,4,"Cyp7b1 Amacr Nr1d1 Errfi1"
"GOBP_POSITIVE_REGULATION_OF_TRANSMEMBRANE_TRANSPORT",-1.36915640934549,0.0305853979390485,0.778004757564992,114,-0.441922988085575,23,"Ffar1 Ms4a1 Kcnk3 Repin1 Ehd3 Clcn2 Igf1 Stac3 Cnksr3 Cd19 Fxyd2 Cacnb2 S100a1 Ppp3cc Akap7 Tert Slc26a6 Slc1a2 Stac2 Cacng8 Gsto1 Zdhhc7 Thy1"
"GOBP_RESPIRATORY_BURST",-1.50191020779098,0.0309035476718404,0.77802022441712,20,-0.62903533919414,3,"Jchain Dusp10 S100a9"
"GOBP_CHROMOSOME_CONDENSATION",-1.4821337860203,0.0313114109786454,0.783539766296945,31,-0.570566026832341,16,"Hmga2 Cdk1 Nusap1 Smc5 Top2a H1f0 Smc4 Fbxo30 Mcph1 Ncapd2 Chmp1a Wapl Ncaph2 Smarca5 Ncapg Akap8"
"GOBP_ESTABLISHMENT_OF_EPITHELIAL_CELL_POLARITY",-1.49375585182015,0.0323403113258186,0.804441037409882,25,-0.597877770636879,7,"Ptk7 Hes1 Ccdc57 Fbf1 Pard3 Frmd4b Camsap3"
"GOBP_INFLAMMASOME_MEDIATED_SIGNALING_PATHWAY",-1.41820014046405,0.0329017698063903,0.808721608140505,62,-0.490549518798702,21,"Gbp2 Fbxl2 Cd36 Casp4 Ptpn22 Map3k20 Usp50 Abhd8 Atat1 Irgm2 Elp6 Dhx33 Eif2ak2 Zdhhc12 Brcc3 Ddx3x Gsdmd Zdhhc1 Nek9 Xpnpep1 Btk"
"GOBP_PROTEIN_LIPID_COMPLEX_ASSEMBLY",-1.50064600106144,0.0328498293515358,0.808721608140505,17,-0.65073017331377,4,"Cd36 Soat2 Abca1 Mttp"
"GOBP_LONG_CHAIN_FATTY_ACID_IMPORT_INTO_CELL",-1.50912295180082,0.0335028417588992,0.81865179215569,11,-0.7166825609475,1,"Cd36"
"GOBP_VIRAL_RNA_GENOME_REPLICATION",-1.49378323249725,0.0338137472283814,0.821416994074247,20,-0.625631570690542,2,"Fbxl2 Hmga2"
"GOBP_EXOCYTOSIS",-1.27399558860779,0.0343550709730508,0.822167581542181,249,-0.389642386182807,43,"Clnk Ncs1 Itgam Sytl3 Kcnb1 Ccl3 Rasgrp1 Hmox1 Napb Brsk2 Tac4 Rab37 Slc18a2 Hyal3 Baiap3 Ptgds Rab26 Unc13a Stx11 Rab40c Rab11fip1 Cask Fbxo45 Lrrk2 Ccr1l1 Scrib Cspg5 Sphk2 Sv2c Ykt6 Stx1a Bcl2l1 Llgl1 Atp9a Grik5 Washc5 Smpd3 Cacna1a Tmem79 Sv2a Syt11 Sdc1 Mical3"
"GOBP_MICROTUBULE_BUNDLE_FORMATION",-1.40746288256952,0.0341526825809501,0.822167581542181,66,-0.483191073819267,20,"Drc7 Spag6l Dnah7c Ccdc39 Kif20a Ccdc57 Cfap74 Prc1 Map7 Tppp Ttll3 Dnal1 Psrc1 Cep131 Bbs2 Katna1 Dnaaf4 Ccser2 Rsph9 Dnaaf5"
"GOBP_NEGATIVE_REGULATION_OF_CAMP_PKA_SIGNAL_TRANSDUCTION",-1.499694393612,0.0344384109745642,0.822167581542181,16,-0.657514121304853,5,"Pde1c Pde3b Pde8b Pde7b Pde4d"
"GOBP_REGULATION_OF_PROTEIN_EXIT_FROM_ENDOPLASMIC_RETICULUM",-1.49182472480722,0.0346417097359966,0.822295212819029,19,-0.631128876268173,4,"Cd81 Yod1 Derl3 Slc35d3"
"GOBP_ACID_SECRETION",-1.47570943354407,0.0416666666666667,0.828788240510214,17,-0.639916845659578,9,"Best1 Sct Abcb4 Gabbr1 Slc26a6 Stard10 Cacna1a Tnf Sv2a"
"GOBP_BILE_ACID_METABOLIC_PROCESS",1.55258521577051,0.0392625469443496,0.828788240510214,18,0.559388492722172,4,"Cyp7b1 Amacr Nr1d1 Errfi1"
"GOBP_CELLULAR_RESPONSE_TO_ALDEHYDE",1.53813058081319,0.0412739681507962,0.828788240510214,15,0.582407282994341,3,"Rdh11 Nr3c2 Sgk1"
"GOBP_CELLULAR_RESPONSE_TO_HYPOXIA",-1.35584051066288,0.0429050279329609,0.828788240510214,100,-0.442955920667943,23,"Nol3 Rwdd3 Aqp3 Kcnk3 Bcl2 Vegfa Fos Suv39h2 Angpt4 Vhl Tert Rora Suv39h1 Jun E2f1 Prkce Rgcc Ado Tigar Ccna2 Kdm6a Egln3 Jund"
"GOBP_CERAMIDE_CATABOLIC_PROCESS",1.55674479809221,0.0409076382230745,0.828788240510214,14,0.603617556406189,5,"Neu1 Acer3 Hexb Asah1 Gla"
"GOBP_CORPUS_CALLOSUM_DEVELOPMENT",1.53949025829322,0.0380473797559225,0.828788240510214,20,0.543752241291611,7,"Ulk4 Filip1 Ephb2 Rpgrip1l Wdr89 Ptprs Nin"
"GOBP_DNA_MODIFICATION",1.56525058185618,0.0392038600723764,0.828788240510214,11,0.647857121022732,1,"Trex1"
"GOBP_EMBRYONIC_EYE_MORPHOGENESIS",1.54632918760363,0.0402989925251869,0.828788240510214,15,0.585511654212701,4,"Rarg Aldh1a3 Zeb1 Phactr4"
"GOBP_G_PROTEIN_COUPLED_ACETYLCHOLINE_RECEPTOR_SIGNALING_PATHWAY",1.56876397334903,0.0379975874547648,0.828788240510214,11,0.649311313548816,6,"Trpc1 Stim1 Rgs10 Gna11 Anxa7 Itpr1"
"GOBP_HOST_MEDIATED_SUPPRESSION_OF_VIRAL_PROCES",-1.48182927458187,0.0424049674390429,0.828788240510214,10,-0.717673847814228,2,"Ccl3 Hmga2"
"GOBP_HOST_MEDIATED_SUPPRESSION_OF_VIRAL_TRANSCRIPTION",-1.48182927458187,0.0424049674390429,0.828788240510214,10,-0.717673847814228,2,"Ccl3 Hmga2"
"GOBP_MITOTIC_SPINDLE_ELONGATION",-1.49736878035711,0.0354384370740572,0.828788240510214,10,-0.725199881409425,8,"Prc1 Aurkb Map10 Incenp Birc5 Kif4 Cdca8 Kif23"
"GOBP_MOTILE_CILIUM_ASSEMBLY",-1.41062172175188,0.0434944237918216,0.828788240510214,46,-0.510080248605081,14,"Drc7 Spag6l Ccdc39 Cabcoco1 Mycbpap Bbs4 Enkd1 Cep131 Bbs2 Cep78 Yif1b Rsph9 Intu Rab29"
"GOBP_MYELOID_CELL_ACTIVATION_INVOLVED_IN_IMMUNE_RESPONSE",-1.39820240476558,0.0358101014813951,0.828788240510214,71,-0.475377809976451,10,"Clnk Itgam Ccl3 Rasgrp1 Hmox1 Tac4 Slc18a2 Ptgds Stx11 Lilrb4a"
"GOBP_NATURAL_KILLER_CELL_ACTIVATION",-1.40337880670137,0.0353344363034744,0.828788240510214,66,-0.481788984265979,15,"Clnk Cd2 Rasgrp1 Nfil3 Il15ra Ptpn22 Il12a Il18 Stx11 Lilrb4a Il15 Pglyrp2 Ulbp1 Havcr2 Tusc2"
"GOBP_NEGATIVE_REGULATION_OF_CELL_DIVISION",-1.49764381414177,0.0376906969787616,0.828788240510214,11,-0.711231117932112,7,"E2f7 E2f8 Aurkb Intu Vps4a Aspm Blm"
"GOBP_NEGATIVE_REGULATION_OF_NEURAL_PRECURSOR_CELL_PROLIFERATION",1.56411829827966,0.0389900926813678,0.828788240510214,14,0.606476582606738,10,"Appl2 Kctd11 Shoc2 Nf1 Rapgef1 Ccr5 Btg2 Tgfb1 Ilk Ctnna1"
"GOBP_NEGATIVE_REGULATION_OF_STEROID_METABOLIC_PROCESS",1.56004574570934,0.0376990575235619,0.828788240510214,15,0.59070537666906,8,"Erlin2 Snai1 Apoe Dkkl1 Gfi1 Ggcx Rest Hrh1"
"GOBP_POSITIVE_REGULATION_OF_CELL_MORPHOGENESIS",1.3734985666592,0.0427927927927928,0.828788240510214,54,0.385615888330188,13,"Xlr3b Caprin2 Dlg4 Parp6 Met Ephb2 Wls Sgk1 Afdn Kalrn Numb Pias2 Xlr4b"
"GOBP_POSITIVE_REGULATION_OF_NEURON_DIFFERENTIATION",1.36558166586754,0.043455497382199,0.828788240510214,47,0.393956024149024,15,"Impact Zeb1 Tle6 Nbl1 App Etv5 Bmp6 Ngfr Kctd11 Shoc2 Rest Rara Tgif2 Bcl6 Nin"
"GOBP_POSITIVE_REGULATION_OF_SECRETION",-1.2797019047526,0.03595178719867,0.828788240510214,220,-0.394320530796841,43,"Ffar1 Ncs1 Itgam S100a8 Kcnb1 Lrp1 Chrnb2 Sct Trpm4 Tac4 Hyal3 Baiap3 Igf1 Pla2g4a Blk Gpld1 Unc13a Mcu Rapgefl1 Prkcq S100a9 Cask Gabbr1 Arrb1 Nnat Negr1 Slc12a2 Sphk2 Stx1a Vegfc Bcl2l1 Egfr Smpd3 Ang C2cd2l Nr1h2 Sdc1 Adam9 Efna5 Ffar4 Prkce Rgcc Kcnn4"
"GOBP_POSITIVE_REGULATION_OF_SPINDLE_CHECKPOINT",-1.49837760771443,0.0376550502067336,0.828788240510214,12,-0.695839853914813,8,"Xrcc3 Aurkb Ndc80 Incenp Birc5 Cdca8 Gen1 Mad2l1"
"GOBP_PROGRAMMED_CELL_DEATH_IN_RESPONSE_TO_REACTIVE_OXYGEN_SPECIES",1.53687773329758,0.0416111850865513,0.828788240510214,16,0.572775197479884,5,"Met Pjvk Map2k4 Endog Glrx"
"GOBP_PURINE_NUCLEOSIDE_METABOLIC_PROCESS",-1.47360980523188,0.0399348003259984,0.828788240510214,24,-0.595035230120897,12,"Pnp2 Nudt1 Ahcy Ada Pemt Gamt Icmt Xdh Oard1 Aprt Nt5c3 Mtap"
"GOBP_REGULATION_OF_DNA_DAMAGE_CHECKPOINT",-1.46785228352648,0.0434366889769157,0.828788240510214,22,-0.603065147092768,9,"Brca1 Bard1 Chek2 Map3k20 Rad51 Rfwd3 Cul4a Rpa2 Brcc3"
"GOBP_REGULATION_OF_LONG_TERM_NEURONAL_SYNAPTIC_PLASTICITY",1.50911922576028,0.0399104811637449,0.828788240510214,22,0.521172842536565,10,"Egr1 Dlg4 Ephb2 App Camk2b Fxr2 Rab8a Nf1 Synpo Nptn"
"GOBP_REGULATION_OF_MEMBRANE_POTENTIAL",-1.28365222560306,0.0370986178946275,0.828788240510214,210,-0.396337418610575,50,"Cd36 Kcnq5 Kcnb1 Slc25a27 Cnr2 Chrnb2 Agrn Kcnk3 Bcl2 Trpm4 Ehd3 Pid1 Clcn2 Ptpn3 Cntnap1 Cxadr Kcng1 Celf4 Lrrk2 Cacnb2 Gabbr1 Bco2 Akap7 Mfn1 Prkcz Ctns Slc39a8 Dgki Sv2c Actn2 Stx1a Grin2d Scn2b Bcl2l1 Jun Grik5 Cacna1a Tbc1d24 Jup Tnf Sv2a Rangrf Tusc2 Bbs10 Mtmr2 Smad7 Prkce Kcnn4 Flna Nnt"
"GOBP_REGULATION_OF_MICROTUBULE_BASED_MOVEMENT",-1.47021860381455,0.0411572942135289,0.828788240510214,24,-0.593665882340649,7,"Ccdc39 Cfap45 Tac4 Bbs4 Bbs2 Hdac6 Ttc21b"
"GOBP_REGULATION_OF_MICROTUBULE_BASED_PROCESS",-1.28063932592906,0.0409844613619773,0.828788240510214,200,-0.396415612482551,49,"Map9 Ccdc39 Stil Cfap45 Tacc3 Agrn Bicd1 Tac4 Mapre3 Ska3 Diaph3 Sass6 Stmn1 Bbs4 Wdr62 Xrcc3 Aurkb Tppp Map10 Cep295 Cep97 Psrc1 Cep131 Bbs2 D7Ertd443e Hdac6 Ttc21b Atat1 Ccnf Ckap2l Rcc1 Spice1 Ccsap Ccdc15 Camsap3 Ska2 Mcph1 Efna5 Gen1 Camsap1 Tpx2 Nup62 Specc1l Chmp7 Poc1b Ska1 Gpsm2 Alms1 Rbm14"
"GOBP_REGULATION_OF_MUSCLE_CONTRACTION",-1.3857664433927,0.0431377133504793,0.828788240510214,69,-0.472238190097902,21,"Agrn Trpm4 Ehd3 Hdac4 Lck Nr4a1 Pde4d Tmem38a Cacnb2 Ada Rem1 Pde4b Gsto1 Jup Ryr1 Zdhhc21 Rgs2 Rangrf Smad7 Adra1b Kit"
"GOBP_REGULATION_OF_PEPTIDE_TRANSPORT",-1.31461514851805,0.0407550407550408,0.828788240510214,142,-0.416968029292468,24,"Ffar1 Pde1c S100a8 Kcnb1 Lrp1 Hmga2 Sct Lrp5 Trpm4 Brsk2 Pde3b Baiap3 Pde8b Blk Gpld1 Mcu S100a9 Cask Pick1 Gabbr1 Arrb1 Nnat Slc26a6 Stxbp4"
"GOBP_REGULATION_OF_PROTEIN_TARGETING",-1.43482011174014,0.0418941221277136,0.828788240510214,39,-0.532673873465859,6,"Nol3 Itgam Kcnb1 Mief2 Lrrk2 Bag3"
"GOBP_REGULATION_OF_STEROID_BIOSYNTHETIC_PROCESS",1.37021385237615,0.0413555427914991,0.828788240510214,55,0.38403003973569,18,"Igfbp7 Egr1 Erlin2 Snai1 Nr1d1 Apoe Dkkl1 Adora2b Gnai1 Igf1r Bmp6 Gfi1 Dgkq Ddx20 Ggcx Rest Hrh1 Asah1"
"GOBP_REGULATION_OF_STRIATED_MUSCLE_CONTRACTION",-1.42269373992786,0.0408519118196538,0.828788240510214,44,-0.518473120376248,15,"Agrn Trpm4 Ehd3 Hdac4 Nr4a1 Pde4d Tmem38a Rem1 Pde4b Gsto1 Jup Rgs2 Rangrf Smad7 Adra1b"
"GOBP_REGULATION_OF_TOLL_LIKE_RECEPTOR_SIGNALING_PATHWAY",-1.46237089291556,0.0411718131433096,0.828788240510214,29,-0.56881765199,4,"Cd36 S100a8 Esr1 S100a9"
"GOBP_REGULATION_OF_T_CELL_DIFFERENTIATION_IN_THYMUS",-1.48616551715928,0.035898868557061,0.828788240510214,19,-0.628734701333264,5,"Rag2 Rasgrp1 Zc3h8 Ankle1 Ada"
"GOBP_RESOLUTION_OF_MEIOTIC_RECOMBINATION_INTERMEDIATES",-1.4811690541324,0.0414666084679179,0.828788240510214,14,-0.668027425223298,6,"Eme1 Ankle1 Hfm1 Cenps Top2a Fancm"
"GOBP_RESPONSE_TO_ETHANOL",-1.37728236588255,0.0391434492286438,0.828788240510214,80,-0.461321044545549,12,"Faah Chrnb2 Bcl2 Cdk1 Fos Igf1 Cd14 Fosb Gk Eps8 Gabbr1 Vhl"
"GOBP_RESPONSE_TO_STEROL",-1.47645411595616,0.0397208803005904,0.828788240510214,25,-0.590952727796775,6,"Ccl3 Abca1 Gpld1 Rorc Gramd1c Rora"
"GOBP_SLEEP",-1.47623874807311,0.0424850865706387,0.828788240510214,14,-0.665803790012206,5,"Chrnb2 Per3 Ptgds Il18 Ada"
"GOBP_SPERM_AXONEME_ASSEMBLY",-1.47863111064309,0.042048595955187,0.828788240510214,14,-0.666882778128629,4,"Drc7 Spag6l Cep131 Bbs2"
"GOBP_SPROUTING_ANGIOGENESIS",-1.38684342223006,0.0377272207614039,0.828788240510214,83,-0.462270005222935,12,"E2f2 E2f7 Hmox1 Itga5 E2f8 Zfp354c Vegfa Vegfd Pik3r3 Nr4a1 Gpld1 Il12a"
"GOBP_SYNAPTIC_MEMBRANE_ADHESION",-1.48735605249726,0.0401811805961426,0.828788240510214,13,-0.680069759984247,5,"Itga3 Il1rap Mdga1 Ntng2 Tenm3"
"GOBP_DETECTION_OF_TEMPERATURE_STIMULUS_INVOLVED_IN_SENSORY_PERCEPTION_OF_PAIN",-1.47583113095494,0.0437679842495835,0.830192724076575,10,-0.714768849991388,7,"Ntrk1 Tac4 Nr2f6 Lxn Disc1 Arrb2 Cxcr4"
"GOBP_ADAPTIVE_IMMUNE_RESPONSE_BASED_ON_SOMATIC_RECOMBINATION_OF_IMMUNE_RECEPTORS_BUILT_FROM_IMMUNOGLOBULIN_SUPERFAMILY_DOMAINS",-1.2552568115346,0.0442587434230888,0.831229554651845,242,-0.384628854929907,54,"Gadd45g C1qb Fut7 Fcmr Ccr7 Loxl3 Iglc1 Cd81 Trpm4 Vegfa Tnfrsf13c Pla2g4a Ephb6 Shld3 Exo1 Card9 H2-Q2 AI182371 C2 Il12a Rorc Cd69 Cd40 Cd19 Il18 Prkcq Stx11 Nectin2 Zbtb7b Ada C1qa Fcer2a Nlrp10 Prkcz Foxp3 Sema4a Pagr1a Rora Hlx Cd55 Ulbp1 Masp2 Fzd5 Tnf Havcr2 Syvn1 Serpinb9 Ercc1 Nfkbid Smad7 Paxip1 Dusp22 Ripk2 Cd1d1"
"GOBP_CALCIUM_ION_TRANSMEMBRANE_IMPORT_INTO_CYTOSOL",-1.35907133142815,0.0442268737339635,0.831229554651845,93,-0.447449023699925,21,"Ffar1 Ms4a1 Nol3 Ccl3 Plcl1 Ccr7 Bcl2 Calml3 Lck Plcl2 Cd19 Pde4d Tmem38a Ppp3cc Pkd2 Ddit3 Grin2d Cacna1a Gsto1 Ryr1 Thy1"
"GOBP_POSITIVE_REGULATION_OF_PHAGOCYTOSIS",-1.40287690032088,0.0446015110894467,0.831229554651845,52,-0.498068216988899,7,"Cd36 Lrp1 Ccr7 Il15ra Pros1 Rap1gap C2"
"GOBP_RESPONSE_TO_CHOLESTEROL",-1.4652682129643,0.0446230598669623,0.831229554651845,20,-0.613688809471534,4,"Ccl3 Abca1 Gpld1 Gramd1c"
"GOBP_ACTION_POTENTIAL",-1.38517692005027,0.04583532790809,0.833080008444163,60,-0.481803897177261,19,"Cd36 Kcnb1 Cnr2 Chrnb2 Kcnk3 Trpm4 Clcn2 Ptpn3 Cntnap1 Cxadr Kcng1 Cacnb2 Akap7 Scn2b Jup Tnf Rangrf Bbs10 Flna"
"GOBP_ATRIOVENTRICULAR_VALVE_DEVELOPMENT",-1.47379961435154,0.0451490356516657,0.833080008444163,13,-0.67387129552073,4,"Lix1l Lrp1 Olfm1 Zfpm1"
"GOBP_LYMPHOCYTE_ACTIVATION_INVOLVED_IN_IMMUNE_RESPONSE",-1.28558804857656,0.0461262402364366,0.833080008444163,176,-0.401872620652716,28,"Rag2 Pou2af1 Sema6d Gadd45g Ccr7 Loxl3 Cd81 Lfng Shld3 Exo1 Il12a Rorc Cd69 Plcl2 Cd40 Cd19 Il18 Stx11 Lilrb4a Zbtb7b Ada Prkcz Tsc1 Foxp3 Sema4a Pagr1a Rora Hlx"
"GOBP_POSITIVE_REGULATION_OF_CYTOSOLIC_CALCIUM_ION_CONCENTRATION",-1.35978089454835,0.0459717273876566,0.833080008444163,81,-0.454825640833619,12,"Ffar1 Cd36 Ccl3 Esr1 Lrp1 Ccr7 Bcl2 Trpm4 Tac4 Ccr1l1 Gng3 Pkd2"
"GOBP_POSITIVE_REGULATION_OF_PROTEIN_MATURATION",1.52749436249619,0.0451738706532337,0.833080008444163,15,0.578379919460572,6,"Nlrc4 Spon1 Mmp14 Ctnnd1 Plgrkt Fuz"
"GOBP_POSITIVE_REGULATION_OF_STEM_CELL_DIFFERENTIATION",1.53834596696349,0.0455367913148372,0.833080008444163,11,0.636721302548267,3,"Nr6a1 Sirt6 Ltbp3"
"GOBP_SISTER_CHROMATID_COHESION",-1.40286231759654,0.0458659491193738,0.833080008444163,51,-0.49933194902928,22,"Dscc1 Esco2 Rad51c Sgo1 Cdca5 Recql4 Sgo2a Smc5 Haspin Pogz Hdac8 Ddx11 Ppp2r1b Ppp2r5d Pds5b Smc1a Cdk11b Sfpq Slf1 Wapl Fen1 Gtf2b"
"GOBP_REGULATION_OF_CELLULAR_RESPONSE_TO_VASCULAR_ENDOTHELIAL_GROWTH_FACTOR_STIMULUS",-1.4622958928186,0.0467976813233423,0.841547914360017,18,-0.627910188111327,4,"Itga5 Vegfa Adgrg1 Il12a"
"GOBP_NEGATIVE_REGULATION_OF_NEURON_APOPTOTIC_PROCESS",-1.30580761323392,0.0473513513513514,0.847834109972041,133,-0.416847727406195,23,"Nr4a2 Esr1 Lrp1 Slc25a27 Hmox1 Ppargc1a Bcl2 Ntrk1 Sct Nfix Vegfa Fgf20 Xrcc2 Tox3 Arrb1 Tert Birc5 Nmnat1 Bcl2l1 Jun Cacna1a Bhlhb9 Cebpb"
"GOBP_POSITIVE_REGULATION_OF_CALCIUM_ION_TRANSMEMBRANE_TRANSPORT",-1.43695410077483,0.0476876719507402,0.850191370314913,31,-0.55317353922617,7,"Ffar1 Ms4a1 Cd19 Cacnb2 Ppp3cc Gsto1 Thy1"
"GOBP_CALCIUM_ION_TRANSMEMBRANE_TRANSPORT",-1.28105474245657,0.0515093941313067,0.852878564107232,174,-0.400758584811019,32,"Ffar1 Ms4a1 Nol3 Ncs1 Ccl3 Plcl1 Ccr7 Bcl2 Calml3 Trpm4 Tpcn1 Lck Ptpn22 Plcl2 Mcu Cd19 Pde4d Tmem38a Cacnb2 Ppp3cc Pkd2 Tmbim7 Bhlha15 Ddit3 Grin2d Rem1 Cacng8 Cacna1a Pde4b Gsto1 Ryr1 Thy1"
"GOBP_CALCIUM_MEDIATED_SIGNALING",-1.29880271357672,0.0496392807149779,0.852878564107232,139,-0.412842564795504,32,"Ncs1 Ccl3 Ccr7 Calml3 Trpm4 Tpcn1 Ksr2 Hdac4 Igf1 Pomc Cd22 Mcu Pdgfrb Tox3 Arpp21 Lrrk2 Tmem38a Ccr1l1 Ada Ppp3cc Pkd2 Negr1 Ramp3 Bhlha15 Grin2d Rem1 Bst1 Irgm2 Cmklr1 Gsto1 Tnf Ryr1"
"GOBP_CELLULAR_RESPONSE_TO_COLD",1.52250523668584,0.0501547987616099,0.852878564107232,12,0.616719200020852,4,"Trpa1 Eif2ak4 Nfe2l1 Eif2ak3"
"GOBP_CELLULAR_RESPONSE_TO_LEPTIN_STIMULUS",-1.46296805642225,0.0513012264433144,0.852878564107232,11,-0.694763598956558,5,"Pid1 Bbs4 Bbs2 Prmt2 Ccna2"
"GOBP_CELL_COMMUNICATION_INVOLVED_IN_CARDIAC_CONDUCTION",-1.45533569704361,0.0515058926233086,0.852878564107232,14,-0.656376229181396,7,"Trpm4 Cxadr Pde4d Cacnb2 Jup Rangrf Flna"
"GOBP_CHOLESTEROL_STORAGE",-1.46692384264126,0.0488777318369758,0.852878564107232,12,-0.681232866209644,5,"Cd36 Soat2 Stard4 Nr1h2 Ehd1"
"GOBP_DERMATAN_SULFATE_PROTEOGLYCAN_METABOLIC_PROCESS",1.53191534355759,0.0484483850538315,0.852878564107232,13,0.607080511519376,8,"B3galt6 Dsel Idua Chst14 Hexb Chst12 B3gat3 Ids"
"GOBP_MESODERMAL_CELL_DIFFERENTIATION",-1.4665388092938,0.0491730655640874,0.852878564107232,12,-0.681054058446586,2,"Hmga2 Itga3"
"GOBP_MULTICELLULAR_ORGANISMAL_LEVEL_CHEMICAL_HOMEOSTASIS",-1.39466467530529,0.0514250309789343,0.852878564107232,46,-0.504310187012401,8,"Hmox1 Aqp3 Oas1c Slc11a2 Oas1a Vegfa Hyal2 Pla2g4a"
"GOBP_NEGATIVE_REGULATION_OF_LIPID_TRANSPORT",1.49363614147843,0.0500544069640914,0.852878564107232,21,0.519842313340295,5,"Egf Apoe Hrh2 Itgb3 Irs2"
"GOBP_NLRP3_INFLAMMASOME_COMPLEX_ASSEMBLY",-1.39539323751409,0.0480769230769231,0.852878564107232,48,-0.501495444600765,17,"Fbxl2 Cd36 Casp4 Ptpn22 Usp50 Abhd8 Atat1 Irgm2 Dhx33 Eif2ak2 Zdhhc12 Brcc3 Ddx3x Gsdmd Zdhhc1 Nek9 Btk"
"GOBP_N_TERMINAL_PROTEIN_AMINO_ACID_MODIFICATION",1.52713473068032,0.0503483217226092,0.852878564107232,13,0.605186009370079,4,"Hhat Kat2b Nmt2 Nmt1"
"GOBP_POSITIVE_REGULATION_OF_CELL_CYCLE_G1_S_PHASE_TRANSITION",-1.38894219347859,0.051405325443787,0.852878564107232,48,-0.499176980450483,20,"Stil Rrm2 Mblac1 Sass6 Ccne1 Fam83d Tert Stxbp4 Pagr1a Egfr Ccnd3 Lsm11 Cul4a Ezh2 Rgcc Ube2e2 Tfdp1 Rrm1 Larp7 Ddx3x"
"GOBP_POSITIVE_REGULATION_OF_CENTRIOLE_REPLICATION",-1.45851251102566,0.0514917461759806,0.852878564107232,10,-0.706381162680391,8,"Stil Sass6 Cep295 Ccdc15 Nup62 Poc1b Plk4 Cep120"
"GOBP_POSITIVE_REGULATION_OF_NEUTROPHIL_MIGRATION",-1.45602058044389,0.0493425703379047,0.852878564107232,18,-0.625215567554016,4,"Fut7 Ccr7 Cd99l2 Mcu"
"GOBP_REGULATION_OF_CAMP_PKA_SIGNAL_TRANSDUCTION",-1.43430767706768,0.0515340682693585,0.852878564107232,28,-0.561984106066361,8,"Pde1c Sct Pde3b Pde8b Pde7b Pde4d Lrrk2 Ramp3"
"GOBP_REGULATION_OF_D_GLUCOSE_IMPORT",-1.39226794138267,0.0490631163708087,0.852878564107232,48,-0.500372233070998,10,"Esr1 Slc25a27 Repin1 Pid1 Igf1 Hk2 Tert Slc1a2 Cers1 Tnf"
"GOBP_VASCULAR_ENDOTHELIAL_GROWTH_FACTOR_SIGNALING_PATHWAY",-1.4358074627366,0.0503020751247702,0.852878564107232,30,-0.555373041758866,8,"Itga5 Vegfa Adgrg1 Vegfd Il12a Pdgfrb Vegfc Dab2ip"
"GOBP_AMINE_METABOLIC_PROCESS",-1.40323756709734,0.052125,0.854102228579479,43,-0.513270305998799,10,"Itgam Nr4a2 Chrnb2 Ddc Mdga1 Nt5dc2 Sardh Vhl Hdac6 Oaz2"
"GOBP_CELL_MATRIX_ADHESION",-1.29457755189036,0.0526937110968019,0.854102228579479,141,-0.410836687938522,31,"Itgam Cd36 Lrp1 Epha1 Itga3 Itga5 Bcl2 Vegfa Sned1 Rab40c Cask Plau Bcam Vwa2 Prkcz Tsc1 Cul5 Actn2 Vegfc Itga10 Disc1 Bst1 Thsd1 Jup Thy1 Camsap3 Adam9 Tiam1 Efna5 Itgad Dusp22"
"GOBP_INTERSTRAND_CROSS_LINK_REPAIR",-1.41140246524769,0.0537163467731547,0.854102228579479,36,-0.530816152427127,19,"Fanca Xrcc3 Brip1 Fancb Rad51 Cenps Rfwd3 Fancc Rad51ap1 Exo5 Fancf Fancm Ercc1 Hmces Fancg Neil3 Faap100 Nucks1 Dclre1b"
"GOBP_LYMPHOCYTE_COSTIMULATION",-1.4446009114867,0.0543371979326722,0.854102228579479,19,-0.611150448683169,5,"Ccr7 Cd81 Tnfrsf13c Ephb6 Cd86"
"GOBP_MALE_MEIOSIS_I",-1.4485739297562,0.0532851985559567,0.854102228579479,15,-0.64523523063972,6,"Rad51c Brdt Hspa2 Siah1a Trip13 Ing2"
"GOBP_NEUROTRANSMITTER_GATED_ION_CHANNEL_CLUSTERING",1.51410552920006,0.0544648511716276,0.854102228579479,13,0.600022685996767,4,"Dlg4 Lhfpl4 Apoe Zdhhc2"
"GOBP_PERICARDIUM_DEVELOPMENT",1.51122856410201,0.0550981633945535,0.854102228579479,13,0.598882577667224,4,"Dll4 Rxra Tgfbr3 Rpgrip1l"
"GOBP_PHENOL_CONTAINING_COMPOUND_METABOLIC_PROCESS",-1.38780498648126,0.0551425030978934,0.854102228579479,46,-0.501829726285931,11,"Itgam Nr4a2 Chrnb2 Bcl2 Ddc Mdga1 Pomc Nt5dc2 Vhl Ctns Tg"
"GOBP_POSITIVE_REGULATION_OF_AMYLOID_PRECURSOR_PROTEIN_CATABOLIC_PROCESS",1.49417048028852,0.0553089791737795,0.854102228579479,18,0.538341963035996,6,"Ager Apoe Spon1 App Gsap Rela"
"GOBP_POSITIVE_REGULATION_OF_CALCIUM_ION_TRANSPORT",-1.38107048188341,0.0549597855227882,0.854102228579479,52,-0.49032620915658,9,"Ffar1 Ms4a1 Ccl3 Cd19 Pdgfrb Cask Cacnb2 Ccr1l1 Ppp3cc"
"GOBP_POSITIVE_REGULATION_OF_FILOPODIUM_ASSEMBLY",-1.44325258022014,0.0539255637055148,0.854102228579479,24,-0.582777155896254,4,"Agrn Ccr7 Fnbp1l Prkcq"
"GOBP_POSITIVE_REGULATION_OF_LYASE_ACTIVITY",1.51066597357608,0.0536791314837153,0.854102228579479,11,0.625264554961801,4,"Adcy3 Adora2b Stim1 Nf1"
"GOBP_POSITIVE_REGULATION_OF_MONOATOMIC_ION_TRANSPORT",-1.33147847672224,0.0532128514056225,0.854102228579479,103,-0.43382521504296,21,"Ffar1 Ms4a1 Ccl3 Kcnk3 Ehd3 Clcn2 Stac3 Cnksr3 Cd19 Pdgfrb Fxyd2 Cask Cacnb2 Ccr1l1 S100a1 Ppp3cc Akap7 Stac2 Actn2 Scn2b Cacng8"
"GOBP_POSITIVE_REGULATION_OF_REACTIVE_OXYGEN_SPECIES_BIOSYNTHETIC_PROCESS",-1.44158408066356,0.0551624548736462,0.854102228579479,15,-0.642121756899247,2,"Cd36 Hdac4"
"GOBP_POSITIVE_REGULATION_OF_T_CELL_CYTOKINE_PRODUCTION",-1.45046105114315,0.0544441268933981,0.854102228579479,16,-0.635928644923668,5,"Cd81 Il18 Prkcz Cd55 Fzd5"
"GOBP_REGULATION_OF_CILIUM_MOVEMENT",-1.44792897732598,0.0549978175469227,0.854102228579479,14,-0.653035697667782,5,"Ccdc39 Cfap45 Tac4 Bbs4 Bbs2"
"GOBP_REGULATION_OF_D_GLUCOSE_TRANSMEMBRANE_TRANSPORT",-1.37103068904903,0.0540086413826212,0.854102228579479,58,-0.478923879879382,13,"Esr1 Slc25a27 Repin1 Pid1 Igf1 Fabp5 Hk2 Tert Stxbp4 Slc1a2 Cers1 Zdhhc7 Tnf"
"GOBP_REGULATION_OF_MONOATOMIC_ION_TRANSPORT",-1.23794863993401,0.055096987205943,0.854102228579479,240,-0.379465873034592,40,"Ffar1 Ms4a1 Nol3 Best1 Ccl3 Agrn Kcnk3 Hes1 Bcl2 Calml3 Ehd3 Clcn2 Igf1 Ptpn3 Stac3 Ptpn22 Cnksr3 Kcng1 Cd19 Pdgfrb Fxyd2 Pde4d Cask Tmem38a Cacnb2 Ccr1l1 S100a1 Ppp3cc Pkd2 Akap7 Usp2 Kcnip3 Kcnab3 Sphk2 Stac2 Actn2 Grin2d Scn2b Rem1 Cacng8"
"GOBP_CALCIUM_ION_TRANSPORT",-1.24364177972073,0.0559288741858782,0.854149056500508,231,-0.381813035420082,42,"Ffar1 Ms4a1 Nol3 Ncs1 Best1 Ccl3 Chrnb2 Plcl1 Ccr7 Hes1 Bcl2 Calml3 Trpm4 Tpcn1 Lck Igf1 Ptpn22 Gja4 Plcl2 Mcu Cd19 Pdgfrb Pde4d Cask Tmem38a Cacnb2 Ccr1l1 Ppp3cc Pkd2 Tmbim7 Usp2 Ramp3 Bhlha15 Ddit3 Grin2d Rem1 Cacng8 Cacna1a Pde4b Gsto1 Ryr1 Thy1"
"GOBP_FAT_CELL_DIFFERENTIATION",-1.27462167902488,0.0558026260059297,0.854149056500508,168,-0.399538767650767,31,"Trib2 Nr4a2 Selenbp1 Hmga2 Hes1 Wfdc21 Lrp5 Trpm4 Vegfa Rarres2 Tmem120b Igf1 Dusp10 Nr4a1 Bbs4 Rorc Zbtb7b Ifrd2 Fitm2 Negr1 Bbs2 Ddit3 Hdac6 Atat1 Rora Zfp36 Cmklr1 Tnf E2f1 Cebpb Rgs2"
"GOBP_HINDLIMB_MORPHOGENESIS",1.50132564068596,0.0559284116331096,0.854149056500508,14,0.582129142625946,3,"Rarg Rpgrip1l Large1"
"GOBP_NEGATIVE_REGULATION_OF_LIPID_BIOSYNTHETIC_PROCESS",1.37383756568486,0.0564705882352941,0.856127093173036,39,0.411465181091192,12,"Erlin2 Snai1 Apoe Kat2b Dkkl1 Lpcat1 Ormdl3 Gfi1 Ggcx Sik2 Rest Hrh1"
"GOBP_POSITIVE_REGULATION_OF_INFLAMMASOME_MEDIATED_SIGNALING_PATHWAY",-1.41961291356916,0.0564169381107492,0.856127093173036,33,-0.541384964694675,5,"Gbp2 Cd36 Casp4 Ptpn22 Usp50"
"GOBP_CILIUM_MOVEMENT",-1.32655679084278,0.0569832402234637,0.860757745048248,100,-0.433388868369769,25,"Drc7 Spag6l Dnah7c Ccdc39 Cabcoco1 Cfap45 Ccdc57 Ccnyl1 Ropn1l Tac4 Vangl1 Mycbpap Catspere2 Bbs4 Rabl2 Ttll3 Cep131 Bbs2 Dnaaf4 Cep78 Lztfl1 Ing2 Yif1b Rsph9 Dnaaf5"
"GOBP_AMYLOID_BETA_METABOLIC_PROCESS",-1.38410684929495,0.0574969021065675,0.862871661322988,46,-0.500492481363155,6,"Cd36 Lrp1 Rtn1 Olfm1 Igf1 Unc13a"
"GOBP_CELLULAR_RESPONSE_TO_EXTERNAL_STIMULUS",1.32852023677629,0.0575386254661694,0.862871661322988,49,0.379981583228849,10,"Nos3 Ltbr Chek1 Ptger4 Map2k4 Bmp6 Tmem87a Pde2a Itgb3 Habp4"
"GOBP_CILIUM_OR_FLAGELLUM_DEPENDENT_CELL_MOTILITY",-1.3347713897664,0.060247811754007,0.864809310957143,86,-0.442916851709632,21,"Drc7 Spag6l Dnah7c Ccdc39 Cabcoco1 Cfap45 Ccnyl1 Ropn1l Tac4 Mycbpap Catspere2 Bbs4 Rabl2 Ttll3 Cep131 Bbs2 Cep78 Lztfl1 Ing2 Yif1b Rsph9"
"GOBP_DEFENSE_RESPONSE_TO_BACTERIUM",-1.27921626847513,0.058672925112012,0.864809310957143,153,-0.403424872823459,39,"Jchain Gbp2 Rag2 Cd36 Oas1c Wfdc21 Pcyox1l Oas1a Rarres2 Casp4 Card9 Il18 Rnase12 Rnase2b Fcer2a Nlrp10 Gbp9 Gbp7 Gbp6 Pglyrp2 Irgm2 Ang Gbp10 Tnf Syt11 Havcr2 Cebpb Drosha Serpinb9 Tusc2 Acp5 Hck Mapkbp1 Ripk2 Casp7 Il27ra Akirin2 Slpi Iigp1"
"GOBP_MITOTIC_G2_M_TRANSITION_CHECKPOINT",-1.36343422480047,0.0594359036436267,0.864809310957143,55,-0.479851161865197,12,"Orc1 Cdk1 Brca1 Bard1 Dtl Clspn Hus1 Rbbp8 D7Ertd443e Mrnip Cdkn1a Rint1"
"GOBP_MITOTIC_METAPHASE_CHROMOSOME_ALIGNMENT",-1.3520875593159,0.0602209288514075,0.864809310957143,62,-0.467681452477575,19,"Nuf2 Cdk1 Ska3 Cdt1 Aurkb Kifc5b Ndc80 Psrc1 Cenpe Incenp Birc5 Ska2 Cdca8 Kif2c Nup62 Chmp7 Mis12 Ska1 Vps4a"
"GOBP_MITOTIC_RECOMBINATION",-1.42617688664041,0.0590909090909091,0.864809310957143,26,-0.566651276150235,10,"Rad51c Eme1 Ankle1 Xrcc3 Rad51 Smc5 Tert Ercc1 Gen1 Rad52"
"GOBP_NEGATIVE_REGULATION_OF_INSULIN_SECRETION_INVOLVED_IN_CELLULAR_RESPONSE_TO_GLUCOSE_STIMULUS",-1.44000281960161,0.0587807362141714,0.864809310957143,14,-0.649460892535474,3,"Pde1c Pde3b Pde8b"
"GOBP_PLATELET_ACTIVATION",1.31773563594299,0.05941143808995,0.864809310957143,53,0.370300829572444,13,"Selp Stxbp1 Axl Ubash3b Apoe Entpd1 Ptprj P2ry12 Itgb3 Bloc1s3 Rap2b Emilin1 Gla"
"GOBP_PROTEIN_LIPID_COMPLEX_ORGANIZATION",-1.42661943026234,0.0603742658106816,0.864809310957143,22,-0.586124684487736,4,"Cd36 Soat2 Abca1 Mttp"
"GOBP_REGULATION_OF_DENDRITE_MORPHOGENESIS",1.27128324599984,0.0601819454163751,0.864809310957143,71,0.339144306401841,20,"Xlr3b Caprin2 Gorasp1 Dlg4 Parp6 Met Ephb2 Nsmf Wls Sgk1 Afdn Kalrn Numb Pias2 Xlr4b Sipa1l1 Nedd4l Mfn2 Ptprf Camk2b"
"GOBP_REGULATION_OF_PROTEIN_IMPORT_INTO_NUCLEUS",-1.35371767004634,0.0590742275364035,0.864809310957143,64,-0.466403432182325,8,"Uaca Cd36 Cdk1 Brca1 Hyal2 Ptpn22 Prkcq Rasl2-9"
"GOBP_REGULATION_OF_RAC_PROTEIN_SIGNAL_TRANSDUCTION",-1.4208500113335,0.0583078762119803,0.864809310957143,28,-0.556711182851709,3,"Agrn Ccr7 Auts2"
"GOBP_RESPONSE_TO_AMINE",-1.42446418947877,0.0596256684491979,0.864809310957143,26,-0.565970784100902,5,"Nr4a2 Cdk1 Slc18a2 Nr4a1 Fosb"
"GOBP_VACUOLAR_LOCALIZATION",-1.35124883960336,0.0586149846372016,0.864809310957143,66,-0.463892430763791,11,"Clnk Rasgrp1 Hmox1 Tac4 Slc18a2 Ptgds Fam98a Plekhm1 Sphk2 Hdac6 Def8"
"GOBP_SURFACTANT_HOMEOSTASIS",-1.43441314679744,0.0608745355815947,0.868978765656167,16,-0.62889272895999,4,"Oas1c Oas1a Vegfa Pla2g4a"
"GOBP_COMPLEMENT_ACTIVATION",-1.42767966202777,0.0622382671480144,0.875655230703443,15,-0.635928341029279,8,"C1qb AI182371 Cd59a C2 C1qa Cd59b Cd55 Masp2"
"GOBP_KERATINOCYTE_PROLIFERATION",-1.42616478280353,0.062773929025873,0.875655230703443,18,-0.612395481274186,7,"Klk8 Cask Stxbp4 Irf6 Zfp36 Cdkn1a Intu"
"GOBP_NEGATIVE_REGULATION_OF_LIPID_LOCALIZATION",1.40245836781205,0.0623993558776167,0.875655230703443,27,0.460312594040469,5,"Egf Apoe Hrh2 Itgb3 Irs2"
"GOBP_POSITIVE_REGULATION_OF_ANIMAL_ORGAN_MORPHOGENESIS",1.4843130386945,0.0627261761158022,0.875655230703443,11,0.614357076810516,3,"Csf1 Stox1 Ngfr"
"GOBP_POSITIVE_REGULATION_OF_CELL_SUBSTRATE_ADHESION",-1.32773902446906,0.0627486643173809,0.875655230703443,86,-0.440583303716731,17,"Cd36 Epha1 Itga3 Itga5 Vegfa Rac3 Rab40c Rell2 Prkcz Cspg5 Tsc1 Cul5 Vegfc Cass4 Disc1 Jup Thy1"
"GOBP_POSITIVE_REGULATION_OF_SPROUTING_ANGIOGENESIS",-1.43841624419245,0.0622443015780245,0.875655230703443,13,-0.65769281558573,3,"Itga5 Vegfa S100a1"
"GOBP_REGULATION_OF_COLLATERAL_SPROUTING",-1.4367550094665,0.062817828297936,0.875655230703443,11,-0.682315021721639,2,"Lrp1 Rnd2"
"GOBP_CARDIAC_CONDUCTION",-1.41424912969231,0.0638413474599294,0.878135620359426,24,-0.571065728082833,9,"Trpm4 Ehd3 Cxadr Pde4d Cacnb2 Scn2b Jup Rangrf Flna"
"GOBP_MONOATOMIC_ION_TRANSMEMBRANE_TRANSPORT",-1.17686518914062,0.0635861376192868,0.878135620359426,460,-0.351504458371055,74,"Ffar1 Ms4a1 Nol3 Ncs1 Kcnq5 Best1 Kcnb1 Ccl3 Slc25a27 Chrnb2 Plcl1 Agrn Kcnk3 Ccr7 Slc11a2 Bcl2 Calml3 Trpm4 Lrrc8b Ehd3 Slc5a6 Tpcn1 Slc18a2 Lck Clcn2 Ptpn3 Stac3 Ptpn22 Cnksr3 Kcng1 Plcl2 Mcu Cd19 Slc26a11 Fxyd2 Kcnk12 Pde4d Tmem38a Cacnb2 S100a1 Ppp3cc Pkd2 Tmbim7 Akap7 Slc26a6 Slc12a2 Atp6v1g2 Kcnip3 Ctns Slc39a8 Cox7a1 Kcnab3 Bhlha15 Ddit3 Sphk2 Slc1a2 Slc26a2 Stac2 Grin2d Scn2b Rem1 Cacng8 Slc25a37 Grik5 Cacna1a Pde4b Gsto1 Slc31a2 Slc20a2 Ryr1 Thy1 Tmco3 Slc6a9 Rangrf"
"GOBP_REGULATION_OF_ANOIKIS",-1.42724122317522,0.0635665529010239,0.878135620359426,17,-0.618899412559951,4,"Itga5 Bcl2 Chek2 Bcl2l1"
"GOBP_VASCULAR_TRANSPORT",-1.42397230921108,0.063826714801444,0.878135620359426,15,-0.634276982682562,4,"Cd36 Lrp1 Slc5a6 Fabp5"
"GOBP_AMYLOID_BETA_CLEARANCE",-1.40784332769861,0.0641519458095365,0.879023826709429,28,-0.551614961453532,3,"Itgam Cd36 Lrp1"
"GOBP_REGULATION_OF_SODIUM_ION_TRANSMEMBRANE_TRANSPORT",-1.42213521484926,0.0643291389792167,0.879023826709429,18,-0.610665183880481,4,"Agrn Ptpn3 Cnksr3 Fxyd2"
"GOBP_D_GLUCOSE_IMPORT",-1.34811216702283,0.0648313669407699,0.882981961547403,61,-0.467505690067716,12,"Esr1 Slc25a27 Repin1 Pid1 Igf1 Hk2 Tert Tsc1 Slc1a2 Cers1 Zdhhc7 Tnf"
"GOBP_NEURON_RECOGNITION",1.41291598553061,0.0662878787878788,0.894025482093664,24,0.474337181339539,8,"Ncam1 Arhgap35 Ephb2 App Diaph2 Ext1 Amigo1 L1cam"
"GOBP_POSITIVE_REGULATION_OF_CYTOKINE_PRODUCTION_INVOLVED_IN_IMMUNE_RESPONSE",-1.37491396093724,0.066125,0.894025482093664,43,-0.502910217057583,8,"Clnk Cd36 Cd81 Il18 Prkcz Sphk2 Cd55 Fzd5"
"GOBP_REGULATION_OF_CHROMOSOME_ORGANIZATION",-1.23701300438976,0.066251298026999,0.894025482093664,216,-0.381330955903598,51,"Nuf2 Tacc3 Zwilch Rmi2 Cdk1 Ska3 Cit Setmar Spc24 Recql4 Wdhd1 Prkcq Xrcc3 Aurkb Nek2 Cenpv Trip13 Kntc1 Ino80c Sgo2a Ndc80 Rtel1 Smc5 Mapkapk5 Cenpe Incenp Haspin Khdc3 Birc5 Xrcc5 Spc25 Wrap53 Bcl7a Dusp1 Hdac8 Smc4 Ddx11 Cdk2 Map3k4 Cdca8 Mcph1 Ercc1 Gen1 Smarcc1 Gnl3 Phf10 Tinf2 Tent4b Cdc27 Ska1 Ncapd2"
"GOBP_REGULATION_OF_FAT_CELL_DIFFERENTIATION",-1.32206922464911,0.0668561682774304,0.898771919172964,87,-0.438361250765155,19,"Trib2 Hes1 Lrp5 Trpm4 Vegfa Rarres2 Igf1 Dusp10 Rorc Zbtb7b Ddit3 Hdac6 Atat1 Rora Zfp36 Cmklr1 Tnf E2f1 Cebpb"
"GOBP_INTRINSIC_APOPTOTIC_SIGNALING_PATHWAY_IN_RESPONSE_TO_OXIDATIVE_STRESS",-1.36181457476332,0.0672,0.90048,49,-0.487830081030684,3,"Uaca Nol3 Bcl2"
"GOBP_NEGATIVE_REGULATION_OF_ANOIKIS",-1.42680569614628,0.0674543822913551,0.900982328097392,11,-0.677590092356873,3,"Itga5 Bcl2 Bcl2l1"
"GOBP_MITOTIC_SISTER_CHROMATID_SEPARATION",-1.34664461303881,0.0679751077070369,0.904410373065191,60,-0.468401265775721,16,"Nuf2 Zwilch Ska3 Spc24 Xrcc3 Aurkb Trip13 Kntc1 Ndc80 Cenpe Incenp Haspin Khdc3 Birc5 Spc25 Dusp1"
"GOBP_RESPONSE_TO_UV_B",-1.41488704422663,0.0681464725010604,0.904410373065191,18,-0.607552817770809,5,"Bcl2 Hyal2 Hyal3 Map3k20 Il12a"
"GOBP_CARDIAC_SEPTUM_DEVELOPMENT",-1.33375344249595,0.0688718251624336,0.905692281147554,65,-0.458473636459381,14,"Ptk7 Lrp1 Luzp1 Hes1 Tab1 Fgfrl1 Zfpm1 Kif7 Dand5 Maml1 Lmo4 Rbm15 Eng Smad7"
"GOBP_MECHANORECEPTOR_DIFFERENTIATION",-1.35940514338947,0.0688971499380421,0.905692281147554,46,-0.491560354418741,18,"Hes1 Ntrk1 Fgf20 Cecr2 Diaph3 Ankrd24 Scrib Pls1 Naglu Gsdme Myo6 Alms1 Whrn Hes5 Cux1 Elmod3 Vangl2 Mks1"
"GOBP_REGULATION_OF_METAL_ION_TRANSPORT",-1.24099852155336,0.068580375782881,0.905692281147554,201,-0.384182725071231,34,"Ffar1 Ms4a1 Nol3 Best1 Ccl3 Agrn Hes1 Bcl2 Calml3 Igf1 Ptpn3 Ptpn22 Cnksr3 Kcng1 Cd19 Pdgfrb Fxyd2 Pde4d Cask Tmem38a Cacnb2 Ccr1l1 Ppp3cc Pkd2 Akap7 Usp2 Kcnip3 Kcnab3 Actn2 Scn2b Rem1 Pde4b Gsto1 Slc31a2"
"GOBP_CELLULAR_RESPONSE_TO_OXYGEN_LEVELS",-1.27791151654036,0.0700706137968495,0.906331818592193,123,-0.410149900425711,25,"Nol3 Rwdd3 Aqp3 Kcnk3 Bcl2 Vegfa Fos Suv39h2 Angpt4 Pick1 Vhl Tert Tsc1 Rora Suv39h1 Jun E2f1 Prkce Rgcc Ado Tigar Ccna2 Kdm6a Egln3 Jund"
"GOBP_ENDOCARDIAL_CUSHION_MORPHOGENESIS",1.43614098933969,0.0715712383488682,0.906331818592193,16,0.535231867152519,4,"Nos3 Snai1 Acvr1 Acvrl1"
"GOBP_MICROTUBULE_BASED_MOVEMENT",-1.21390794801759,0.0710034886107121,0.906331818592193,268,-0.370185159026371,48,"Drc7 Spag6l Dnah7c Ccdc39 Kif17 Rasgrp1 Armcx1 Cabcoco1 Cfap45 Kif20a Ccdc57 Bicd1 Ccnyl1 Ropn1l Tac4 Vangl1 Wdr35 Dync2li1 Mycbpap Catspere2 Mreg Kif24 Kif11 Bbs4 Rabl2 Kif20b Kifc5b Ttll3 Lca5l Stau2 Cep131 Cenpe Prkcz Bbs2 Rpgr Hdac6 Kif7 Ttc21b Dnaaf4 Cep78 Kif4 Lztfl1 Ing2 Yif1b Rsph9 Dnaaf5 Klc2 Intu"
"GOBP_MITOTIC_DNA_INTEGRITY_CHECKPOINT_SIGNALING",-1.32698690431839,0.070647113594041,0.906331818592193,72,-0.450190894996677,16,"Orc1 Eme1 Cdk1 Brca1 Setmar Dtl Chek2 Map3k20 Clspn Hus1 Timeless Rfwd3 D7Ertd443e Mrnip Cdkn1a Rint1"
"GOBP_NEGATIVE_REGULATION_OF_T_CELL_RECEPTOR_SIGNALING_PATHWAY",1.37896195410531,0.0717821782178218,0.906331818592193,29,0.443764111945405,8,"Dusp3 Pdcd1 Lgals3 Prnp Cd274 Ptprj Btrc Ubash3a"
"GOBP_POSITIVE_REGULATION_OF_CALCIUM_ION_IMPORT",-1.42277725022584,0.0692557590076787,0.906331818592193,12,-0.660731386302956,4,"Ms4a1 Pdgfrb Cask Ppp3cc"
"GOBP_POSITIVE_REGULATION_OF_PROTEOLYSIS",1.18004348831881,0.071656050955414,0.906331818592193,153,0.280897175072741,34,"Egf Tgfb1i1 Nlrc4 Sirt6 Aurka Apoe Plk3 Spon1 Mmp14 Agtpbp1 Plk1 Cd46 Zfand2a Snx33 App Tnfrsf1b Fbxo22 Ctnnd1 Ptk2 Cdc20 Prkn Plgrkt Btrc Hspa1b Socs4 Rnf180 Ube2v2 Trf Ddrgk1 Fuz L3mbtl3 Cbfa2t3 Vsir Sumo1"
"GOBP_PROTEIN_LOCALIZATION_TO_CHROMOSOME_CENTROMERIC_REGION",-1.40083609530282,0.0707688128226026,0.906331818592193,24,-0.565649621338541,6,"Zwilch Cdk1 Aurkb Kntc1 Smc5 Haspin"
"GOBP_REGULATION_OF_SPROUTING_ANGIOGENESIS",-1.40498690057,0.0699197860962567,0.906331818592193,26,-0.558232031131698,5,"E2f2 Itga5 Zfp354c Vegfa S100a1"
"GOBP_SEMI_LUNAR_VALVE_DEVELOPMENT",1.44428906909025,0.0699067909454061,0.906331818592193,16,0.538268555034122,4,"Dll4 Nos3 Tnfrsf1b Emilin1"
"GOBP_SPERM_FLAGELLUM_ASSEMBLY",-1.39583902798759,0.0714570328064816,0.906331818592193,28,-0.546911489702031,9,"Drc7 Spag6l Cabcoco1 Mycbpap Bbs4 Cep131 Bbs2 Cep78 Yif1b"
"GOBP_TRANSEPITHELIAL_TRANSPORT",-1.41094398243189,0.0699844479004666,0.906331818592193,18,-0.60585966614163,5,"Best1 Cxadr Gpld1 Slc26a6 Slc12a2"
"GOBP_VIRAL_GENOME_REPLICATION",-1.31642356934415,0.0709187197789546,0.906331818592193,80,-0.440936376677615,11,"Fbxl2 Gm11772 Hmga2 Shfl Oas1c Bcl2 Oas1a Fam111a Smc5 Isg20 Gbp7"
"GOBP_CHROMOSOME_LOCALIZATION",-1.2862917646581,0.0729006796755098,0.906674920275651,114,-0.415176744094058,29,"Nuf2 Sgo1 Cdk1 Ska3 Spc24 Cdt1 Aurkb Nek2 Cenpv Kifc5b Fam83d Ttl Ndc80 Psrc1 Pmf1 Cenpe Incenp Birc5 Spc25 Spice1 Ska2 Cdca8 Kif2c Nup62 Dsn1 Chmp7 Mis12 Ska1 Vps4a"
"GOBP_CYTOKINESIS",-1.26020039702649,0.0723304087310079,0.906674920275651,146,-0.398718994659653,33,"Map9 Rab11fip4 E2f7 Luzp1 E2f8 Kif20a Cit Stmn1 Bbs4 Prc1 Cdc25b Kif20b Aurkb Map10 Cenpv Ccp110 Cntrob Nusap1 Iqgap3 Incenp Pkp4 Birc5 Bcl2l1 Kif4 Washc5 Mtmr4 Exoc5 Cdca8 Prkce Nup62 Chmp7 Vps4a Exoc8"
"GOBP_HISTONE_MRNA_METABOLIC_PROCESS",-1.3978172540752,0.0725346373268134,0.906674920275651,24,-0.564430630478002,8,"Mblac1 Lsm11 Tut1 Mtpap Slbp Tent4b Eri1 Dcp2"
"GOBP_MYELOID_LEUKOCYTE_ACTIVATION",-1.25073592414853,0.0727253535993245,0.906674920275651,174,-0.391273801440268,39,"Clnk Itgam Ccl3 Rasgrp1 Cnr2 Hmox1 Tac4 Timd2 Slc18a2 Hyal2 Lcp2 Pla2g4a Ptgds Nr4a1 Il18 Stx11 Nectin2 Lilrb4a Lrrk2 C1qa Fcer2a Il15 Sphk2 Shpk Rora Jun Ulbp1 Tnf Syt11 Havcr2 Adam9 Naglu Prkce Kcnn4 Cd1d1 Ifngr1 Jmjd6 Relb Kit"
"GOBP_REGULATION_OF_GLYCOGEN_CATABOLIC_PROCESS",-1.41656490807044,0.0720909362847742,0.906674920275651,11,-0.672726741616924,5,"Pomc Phka1 Ppp1r3d Ppp1r3b Adra1b"
"GOBP_POSITIVE_REGULATION_OF_CELL_ACTIVATION",-1.20653574625267,0.0734301493147883,0.910533851503375,282,-0.367226833452396,59,"Rasgrp1 Chrnb2 Cd6 Ccr7 Hes1 H2-Eb2 Bcl2 Cd81 Timd2 Lck Igf1 Tnfrsf13c Pla2g4a Ephb6 Il15ra Shld3 Ptpn22 Dusp10 Nck2 Cd59a Prlr Il12a Cd40 Il18 Prkcq Rag1 Pdgfrb Nectin2 Zbtb7b Lrrk2 Ada Cd86 Il15 Prkcz Cd59b Tnfrsf4 Sphk2 Sox12 Foxp3 Pagr1a Hlx Il2ra H2-Ob Cd55 Bst1 Ulbp1 Cdkn1a Tnf Zfp335 Thy1 Havcr2 Smarcc1 Nfkbid Paxip1 Ripk2 Phf10 Kcnn4 Flna Cd1d1"
"GOBP_IMMUNOLOGICAL_SYNAPSE_FORMATION",-1.41205065261252,0.0742034046268005,0.914830048361206,14,-0.636854084358489,4,"Cd6 Ccr7 Cd81 Nck2"
"GOBP_REGULATION_OF_T_CELL_DIFFERENTIATION",-1.26093433810603,0.0742170742170742,0.914830048361206,142,-0.399941615323666,29,"Rag2 Rasgrp1 Ccr7 Loxl3 Zc3h8 Fanca Lck Ankle1 Dusp10 Il12a Rorc Cd69 Il18 Rag1 Zbtb7b Ada Il15 Prkcz Sox12 Foxp3 Hlx Il2ra Drosha Smarcc1 Nfkbid Smad7 Ripk2 Phf10 Cd1d1"
"GOBP_FOREBRAIN_GENERATION_OF_NEURONS",-1.37295285292515,0.0754862810769033,0.916871378928234,36,-0.516355588712733,10,"Hes1 Nfix Rac3 Dclk2 Disc1 D16Ertd472e Gdpd5 Aspm Hes5 Zswim6"
"GOBP_INFLAMMATORY_RESPONSE_TO_ANTIGENIC_STIMULUS",-1.36353567007341,0.075205047318612,0.916871378928234,40,-0.50377747734181,9,"Rasgrp1 Fut7 Cd6 Ccr7 Cd81 Ahcy Ephb6 Pomc Lilrb4a"
"GOBP_POSITIVE_REGULATION_OF_CALCIUM_MEDIATED_SIGNALING",-1.36456806736738,0.0754044070819004,0.916871378928234,38,-0.508331455337219,8,"Ncs1 Ccl3 Igf1 Pdgfrb Ada Ppp3cc Negr1 Ramp3"
"GOBP_POSITIVE_REGULATION_OF_FIBROBLAST_MIGRATION",1.42746718687877,0.0752330226364847,0.916871378928234,16,0.531999248961874,5,"Ager Pak1 Ptk2 Itgb3 Slc8a1"
"GOBP_POSITIVE_REGULATION_OF_PEPTIDE_SECRETION",-1.30928225190809,0.0753401166114096,0.916871378928234,83,-0.436416904551932,14,"Ffar1 S100a8 Lrp1 Sct Trpm4 Baiap3 Blk Gpld1 Mcu S100a9 Cask Gabbr1 Arrb1 Nnat"
"GOBP_CD4_POSITIVE_OR_CD8_POSITIVE_ALPHA_BETA_T_CELL_LINEAGE_COMMITMENT",-1.39016549430561,0.0793075684380032,0.916904373811464,25,-0.556415591971735,4,"Loxl3 Bcl2 Cd69 Foxp3"
"GOBP_CIRCADIAN_SLEEP_WAKE_CYCLE_PROCESS",-1.40302948836941,0.0794196829195334,0.916904373811464,11,-0.666298770162869,4,"Chrnb2 Per3 Ptgds Ada"
"GOBP_CYTOKINE_PRODUCTION_INVOLVED_IN_IMMUNE_RESPONSE",-1.31825697476568,0.0791997158754587,0.916904373811464,64,-0.45418597328936,12,"Clnk Cd36 Hmox1 Cd81 Trpm4 Il18 Prkcz Sphk2 Foxp3 Cd55 Fzd5 Tnf"
"GOBP_DEOXYRIBONUCLEOSIDE_METABOLIC_PROCESS",-1.40663514146939,0.0774753215674544,0.916904373811464,11,-0.668011094990014,5,"Cdk1 Tk1 Ada Xdh Dtymk"
"GOBP_DOUBLE_STRAND_BREAK_REPAIR_VIA_BREAK_INDUCED_REPLICATION",-1.40453145955076,0.0786718516302722,0.916904373811464,11,-0.667012056347692,10,"Gins2 Cdc45 Mcm5 Mcm3 Mcm2 Gins4 Cdc7 Mcm4 Mcm7 Mus81"
"GOBP_ENDOCARDIAL_CUSHION_DEVELOPMENT",1.40662836324276,0.0772578890097933,0.916904373811464,21,0.489560289853731,4,"Nos3 Snai1 Acvr1 Acvrl1"
"GOBP_MEIOTIC_CHROMOSOME_SEGREGATION",-1.32488355238631,0.0764554594341828,0.916904373811464,69,-0.451490663417724,19,"Nuf2 Mnd1 Sgo1 Ska3 Ccne1 Psmc3ip Brip1 Cenpv Prdm9 Trip13 Mei4 Sgo2a Ndc80 Cenpe Haspin Top2a Washc5 Smc4 Ska2"
"GOBP_MICROGLIA_DIFFERENTIATION",-1.39984424169658,0.0789891696750903,0.916904373811464,15,-0.623529668453164,2,"Itgam Ccdc39"
"GOBP_MUSCLE_CELL_MIGRATION",-1.31151150739052,0.0767281105990783,0.916904373811464,79,-0.439883297282495,12,"Sema6d Lrp1 Ppargc1a Bcl2 Hdac4 Igf1 Il18 Pdgfrb Pde4d Plau Tert Ddit3"
"GOBP_NEGATIVE_REGULATION_OF_BLOOD_CIRCULATION",1.44115418728034,0.0763730906727332,0.916904373811464,15,0.545687541135883,6,"Npff Ager App Pln Fkbp1b Pde5a"
"GOBP_POSITIVE_REGULATION_OF_AMINE_TRANSPORT",-1.38746348567735,0.0794621026894866,0.916904373811464,24,-0.560249837883273,6,"Kcnb1 Chrnb2 Nat8l Gabbr1 Slc12a2 Stx1a"
"GOBP_POSITIVE_REGULATION_OF_INFLAMMATORY_RESPONSE",-1.29304660141008,0.0788647072021539,0.916904373811464,97,-0.423785644760382,12,"Gbp2 S100a8 Ccl3 Ccr7 Cd81 Hyal2 Casp4 Il18 S100a9 Lrrk2 Ccr1l1 Nlrp10"
"GOBP_POSITIVE_REGULATION_OF_MITOTIC_CELL_CYCLE_PHASE_TRANSITION",-1.30250857742338,0.0775264294645902,0.916904373811464,86,-0.432211090873111,31,"Stil Rad51c Rrm2 Mblac1 Cdk1 Ska3 Sass6 Ccne1 Dtl Hspa2 Cdc25b Tert Cenpe Birc5 Egfr Ccnd3 Lsm11 Cul4a Cdc25a Rgcc Lmnb1 Ska1 Cdc7 Ube2e2 Tfdp1 Cdk4 Rad51b Rrm1 Larp7 Ddx3x Klhl18"
"GOBP_POSITIVE_REGULATION_OF_T_CELL_RECEPTOR_SIGNALING_PATHWAY",-1.39521718454505,0.0771566597653554,0.916904373811464,21,-0.579464605716327,8,"Ccr7 Cd81 Nectin2 Ada Cd86 Rab29 Dusp22 Kcnn4"
"GOBP_REGULATION_OF_NEURON_MATURATION",-1.40840593978534,0.0789035286990762,0.916904373811464,10,-0.682113741055207,3,"Bcl2 Rac3 Lrrk2"
"GOBP_REGULATION_OF_SPINDLE_ORGANIZATION",-1.35680589941253,0.0770969362129583,0.916904373811464,42,-0.498757807862934,12,"Map9 Stil Tacc3 Sass6 Cep97 Psrc1 Rcc1 Ccsap Tpx2 Nup62 Chmp7 Gpsm2"
"GOBP_REGULATION_OF_SYSTEMIC_ARTERIAL_BLOOD_PRESSURE_BY_HORMONE",1.44498806325808,0.0786193672099712,0.916904373811464,14,0.560284617522961,3,"Nos3 Nr3c2 Prep"
"GOBP_RETINOL_METABOLIC_PROCESS",1.42105686441694,0.0794612794612795,0.916904373811464,17,0.521021700255421,6,"Rdh11 Aldh1a3 Rdh13 Rbp4 Dgat2 Dhrs4"
"GOBP_GLYCOLIPID_CATABOLIC_PROCESS",1.43523629491396,0.0798761609907121,0.91912901040282,12,0.581369284198315,4,"Neu1 Hexb Gla Naga"
"GOBP_CALCIUM_ION_TRANSPORT_INTO_CYTOSOL",-1.39794776672495,0.0811660474421263,0.919638457953259,16,-0.612905136795519,2,"Ffar1 Bcl2"
"GOBP_LEUKOCYTE_CELL_CELL_ADHESION",-1.19554347418461,0.0814701378254211,0.919638457953259,291,-0.363303467302742,59,"Rag2 Itgam S100a8 Rasgrp1 Fut7 Itga5 Cd6 Ccr7 Hes1 H2-Eb2 Loxl3 Cd81 Zc3h8 Lck Igf1 Tnfrsf13c Ephb6 Ptpn22 Dusp10 Nck2 Cd59a Il12a Cd69 Il18 Prkcq Rag1 Zbtb7b S100a9 Ada Cd86 Il15 Scrib Prkcz Slc39a8 Cd59b Socs6 Sox12 Foxp3 Lax1 Hlx Il2ra H2-Ob Cd55 Tnf Thy1 Zdhhc21 Havcr2 Cebpb Tnfrsf21 Twsg1 Smarcc1 Nfkbid Glmn Smad7 Dusp22 Ripk2 Phf10 Cd1d1 Zc3h12d"
"GOBP_MACROPHAGE_CYTOKINE_PRODUCTION",-1.39870907196538,0.0812144780137601,0.919638457953259,11,-0.664247004208941,1,"Cd36"
"GOBP_NEUTRAL_LIPID_METABOLIC_PROCESS",-1.29383111293716,0.0810263335584065,0.919638457953259,93,-0.425969892035004,13,"Cd36 Esr1 Faah Gpat3 Dgkh Pla2g4a Gpld1 Mttp Daglb Gk Apobr Fitm2 Dgki"
"GOBP_POSITIVE_REGULATION_OF_TOLL_LIKE_RECEPTOR_4_SIGNALING_PATHWAY",-1.39550478794819,0.0813644418192558,0.919638457953259,12,-0.648066176899484,3,"Cd36 Ptpn22 Cd14"
"GOBP_REGULATION_OF_CARDIAC_MUSCLE_CONTRACTION",-1.35303995822075,0.0807413990097753,0.919638457953259,39,-0.502313167763894,13,"Agrn Trpm4 Ehd3 Hdac4 Pde4d Tmem38a Pde4b Gsto1 Jup Rgs2 Rangrf Smad7 Adra1b"
"GOBP_T_CELL_DIFFERENTIATION_IN_THYMUS",-1.31387146503356,0.0805099752095384,0.919638457953259,67,-0.450342669741872,9,"Rag2 Rasgrp1 Ccr7 Bcl2 Zc3h8 Ankle1 Rorc Rag1 Ada"
"GOBP_EMBRYONIC_CAMERA_TYPE_EYE_MORPHOGENESIS",1.43985041486423,0.0816972767574414,0.919703218564801,13,0.570596234343612,3,"Aldh1a3 Zeb1 Phactr4"
"GOBP_ADAPTIVE_THERMOGENESIS",-1.28158103692296,0.0823319982198487,0.91977691977692,104,-0.417028321133654,25,"Cd36 Gadd45g Plcl1 Mcrip2 Ppargc1a Sct Vegfa Ksr2 Fabp5 Prlr Plcl2 Il18 Zbtb7b Il15 Ddit3 Pemt Acot13 Pctp Prkab2 Cmklr1 Nr1h2 Kdm3a Cebpb Pdgfc Thra"
"GOBP_REGULATION_OF_CALCIUM_ION_TRANSPORT",-1.24994329217025,0.0823680823680824,0.91977691977692,142,-0.396455488780192,20,"Ffar1 Ms4a1 Nol3 Best1 Ccl3 Hes1 Bcl2 Calml3 Igf1 Ptpn22 Cd19 Pdgfrb Pde4d Cask Tmem38a Cacnb2 Ccr1l1 Ppp3cc Pkd2 Usp2"
"GOBP_REGULATION_OF_SUPEROXIDE_METABOLIC_PROCESS",-1.38232186679381,0.081951871657754,0.91977691977692,26,-0.549226717391465,6,"Itgam Cd36 Il18 Egfr Dhfr Acp5"
"GOBP_CENTROSOME_DUPLICATION",-1.30666304037844,0.0829841713221602,0.924172245770116,72,-0.443295861995868,30,"Stil Ccdc57 Brca1 Sass6 Wdr62 Xrcc3 Cep295 Ccp110 Cntrob Ndc80 Cep131 D7Ertd443e Ccnf Spice1 Cdk2 Ccdc15 Rttn Gen1 Nup62 Poc1b Ofd1 Alms1 Sac3d1 Rbm14 Plk4 Chordc1 Cep152 Chmp1a 4933427D14Rik Cep120"
"GOBP_CATECHOLAMINE_TRANSPORT",-1.36404405574867,0.0834094765696384,0.924182024042853,32,-0.522152641314461,9,"Kcnb1 Chrnb2 Slc18a2 Nat8l Xlr4a Gabbr1 Stx1a Smpd3 Syt11"
"GOBP_MONOATOMIC_CATION_TRANSMEMBRANE_TRANSPORT",-1.16986852235182,0.0836524894174562,0.924182024042853,405,-0.350805350760339,65,"Ffar1 Ms4a1 Nol3 Ncs1 Kcnq5 Kcnb1 Ccl3 Slc25a27 Plcl1 Agrn Kcnk3 Ccr7 Slc11a2 Bcl2 Calml3 Trpm4 Ehd3 Slc5a6 Tpcn1 Slc18a2 Lck Ptpn3 Stac3 Ptpn22 Cnksr3 Kcng1 Plcl2 Mcu Cd19 Fxyd2 Kcnk12 Pde4d Tmem38a Cacnb2 S100a1 Ppp3cc Pkd2 Tmbim7 Akap7 Slc12a2 Atp6v1g2 Kcnip3 Ctns Slc39a8 Cox7a1 Kcnab3 Bhlha15 Ddit3 Sphk2 Stac2 Grin2d Scn2b Rem1 Cacng8 Slc25a37 Cacna1a Pde4b Gsto1 Slc31a2 Slc20a2 Ryr1 Thy1 Tmco3 Slc6a9 Rangrf"
"GOBP_SMOOTH_MUSCLE_CELL_PROLIFERATION",-1.27029737656687,0.0835611943563382,0.924182024042853,116,-0.409536859713237,23,"Orc1 Nol3 Esr1 Hmox1 Ppargc1a Vegfa Hdac4 Igf1 Il12a Il18 Pdgfrb Pde4d Nqo2 Tert Il15 Ddit3 Xrcc5 Egfr Jun Smpd3 Ang Cdkn1a Tnf"
"GOBP_ESTABLISHMENT_OF_PROTEIN_LOCALIZATION_TO_PEROXISOME",1.39564199182463,0.0844178684488217,0.927849079358515,19,0.497307617576013,7,"Pex13 Hacl1 Pex26 Pex16 Pex3 Zfand6 Pex5"
"GOBP_RESPONSE_TO_THYROID_HORMONE",-1.39293151527145,0.0846545019443613,0.927849079358515,11,-0.661503242262651,2,"Ppargc1a Hes1"
"GOBP_T_CELL_MEDIATED_IMMUNE_RESPONSE_TO_TUMOR_CELL",1.42009163232254,0.0844978875528112,0.927849079358515,15,0.537712284965236,7,"Pdcd1 Mr1 Cd274 Fbxo38 Klhl22 Ahr Hspd1"
"GOBP_POSITIVE_REGULATION_OF_B_CELL_PROLIFERATION",-1.34811224863047,0.0850473186119874,0.929701477668936,40,-0.498079076840055,10,"Chrnb2 Bcl2 Cd81 Tnfrsf13c Prlr Cd40 Ada Tnfrsf4 Bst1 Cdkn1a"
"GOBP_COLLATERAL_SPROUTING",-1.37925101282423,0.0875831485587583,0.930386403178478,20,-0.577662781826233,5,"Lrp1 Nfix Rnd2 Hdac6 Efna5"
"GOBP_DNA_INTEGRITY_CHECKPOINT_SIGNALING",-1.26855710005819,0.0864562787639711,0.930386403178478,115,-0.409350029410774,25,"Orc1 Eme1 Cdk1 Brca1 Setmar Bard1 Dtl Chek2 Map3k20 Cdt1 Clspn Hus1 Rad51 Timeless Rfwd3 D7Ertd443e Mrnip Hinfp Cdkn1a Rint1 E2f1 Rad1 Mbd4 Cul4a Dna2"
"GOBP_ERBB_SIGNALING_PATHWAY",1.19789742202041,0.0884879725085911,0.930386403178478,90,0.309708070833763,16,"Egf Ptpn12 Dusp3 Areg Rhbdf1 Errfi1 Cadm1 Map2k4 Ptprj Ptk2 Tgfa Dgkq Abcb1b Kif16b Ptprf Socs4"
"GOBP_GRANULOCYTE_ACTIVATION",-1.35338363732687,0.0881102666494912,0.930386403178478,36,-0.508995777471314,5,"Itgam Ccl3 Il18 Stx11 Il15"
"GOBP_LEUKOCYTE_PROLIFERATION",-1.20395617201382,0.0857466762856848,0.930386403178478,244,-0.368599118263339,46,"Rag2 Itgam Rasgrp1 Cd79a Chrnb2 Cd6 Ccr7 Hes1 Bcl2 Cd81 Nfix Igf1 Tnfrsf13c Ephb6 Ptpn22 Nck2 Cd59a Prlr Cd22 Il12a Plcl2 Cd40 Cd19 Il18 Prkcq Lilrb4a Zbtb7b Ada Cd86 Il15 Lmo1 Scrib Hells Cd59b Tnfrsf4 Foxp3 Il2ra Ccnd3 Cd55 Bst1 Cdkn1a Zfp335 Havcr2 Cebpb Tnfrsf21 Twsg1"
"GOBP_NEGATIVE_REGULATION_OF_CHROMOSOME_ORGANIZATION",-1.28409666224733,0.0888210002262955,0.930386403178478,90,-0.424431322735667,29,"Nuf2 Zwilch Ska3 Setmar Spc24 Recql4 Xrcc3 Aurkb Trip13 Kntc1 Ndc80 Rtel1 Cenpe Incenp Haspin Khdc3 Birc5 Spc25 Dusp1 Cdca8 Ercc1 Gen1 Tinf2 Tent4b Ska1 Smg6 Mad2l1 Stn1 Dcp2"
"GOBP_NEUTRAL_LIPID_CATABOLIC_PROCESS",-1.37678110603909,0.0869565217391304,0.930386403178478,21,-0.57180769388873,3,"Faah Gpld1 Daglb"
"GOBP_POSITIVE_REGULATION_OF_TYPE_II_INTERFERON_PRODUCTION",-1.31725352971095,0.0873986200217891,0.930386403178478,55,-0.463598188460713,18,"Cd2 Tnfrsf13c Ptpn22 Il12a Il18 Cd14 Pde4d Zfpm1 Scrib Pde4b Ulbp1 Fzd5 Tnf Havcr2 Ripk2 Cd1d1 Runx1 Il27ra"
"GOBP_PROTEIN_EXIT_FROM_ENDOPLASMIC_RETICULUM",-1.3399541689213,0.088187193357655,0.930386403178478,41,-0.493438457537767,8,"Cd81 Yod1 Tab1 Derl3 Slc35d3 Rangrf Syvn1 Tm9sf4"
"GOBP_PYRIMIDINE_NUCLEOTIDE_BIOSYNTHETIC_PROCESS",-1.37266652737551,0.0880195599022005,0.930386403178478,24,-0.55427491056061,17,"Nme4 Dut Tyms Dctd Dtymk Shmt1 Cmpk2 Uckl1 Umps Cmpk1 Uck2 Dck Nme7 Slc4a7 Nme1 Tbpl1 Nme2"
"GOBP_REGULATION_OF_CHOLESTEROL_BIOSYNTHETIC_PROCESS",1.36927925237875,0.0856715301159746,0.930386403178478,23,0.46497858025412,3,"Erlin2 Apoe Gnai1"
"GOBP_REGULATION_OF_LIPID_BIOSYNTHETIC_PROCESS",1.18761113154411,0.0889175257731959,0.930386403178478,127,0.290729550701301,28,"Trex1 Igfbp7 Egr1 Erlin2 Anxa1 Snai1 Nr1d1 Apoe Kat2b Dkkl1 Lpcat1 Ormdl3 Gpam Adora2b Gnai1 Igf1r Bmp6 Gfi1 Dgkq Dgat2 Ddx20 Ggcx Sik2 Rest Rptor Ldlr Hrh1 Asah1"
"GOBP_REGULATION_OF_NEUTROPHIL_MIGRATION",-1.37394389899712,0.0874762292855202,0.930386403178478,24,-0.554790705932031,5,"Fut7 Ccr7 Cd99l2 Mcu Rac3"
"GOBP_REGULATION_OF_RELEASE_OF_SEQUESTERED_CALCIUM_ION_INTO_CYTOSOL_BY_SARCOPLASMIC_RETICULUM",-1.38849559179557,0.0865961703343812,0.930386403178478,16,-0.608761000150357,4,"Nol3 Calml3 Pde4d Tmem38a"
"GOBP_RESPONSE_TO_PROTOZOAN",-1.35498888107265,0.0878175895765472,0.930386403178478,33,-0.516739880660051,8,"Gbp2 Il12a Cd40 Gbp9 Gbp7 Gbp6 Irgm2 Gbp10"
"GOBP_TELOMERE_MAINTENANCE_VIA_RECOMBINATION",-1.39085683079919,0.0858816804801372,0.930386403178478,16,-0.609796243060695,5,"Rad51c Xrcc3 Rad51 Smc5 Tert"
"GOBP_THYROID_GLAND_DEVELOPMENT",-1.37944925919146,0.088646967340591,0.930386403178478,18,-0.592335824837327,8,"Rap1gap Ctns Tg Hoxa3 Thra Hmga1 Hoxb3 Smad3"
"GOBP_RIBONUCLEOSIDE_METABOLIC_PROCESS",-1.37944079707338,0.0893979606090236,0.933063136607749,19,-0.583583919517019,10,"Pnp2 Ahcy Ada Pemt Gamt Icmt Xdh Aprt Nt5c3 Mtap"
"GOBP_T_HELPER_1_TYPE_IMMUNE_RESPONSE",-1.35280779070797,0.089723728375936,0.934116209708366,35,-0.51090671405917,14,"Gadd45g Ccr7 Vegfa Pla2g4a Il12a Il18 Nlrp10 Sema4a Hlx Havcr2 Syvn1 Ripk2 Relb Il27ra"
"GOBP_AORTIC_VALVE_MORPHOGENESIS",1.42893193716398,0.0904704463208685,0.93953558504222,11,0.591434842241479,2,"Dll4 Nos3"
"GOBP_DEVELOPMENTAL_MATURATION",-1.21253445366556,0.0914481897627965,0.947321147817099,209,-0.374562906072326,48,"Nr4a2 Kcnb1 Ccdc39 Galnt3 Hes1 Bcl2 Nfix Ropn1l Vegfa Diaph3 Baiap3 Catspere2 Igf1 Ankle1 Mdga1 Cntnap1 Unc13a Rac3 Cdc25b Lrrk2 Trip13 C1qa Slc26a6 Il15 Atp6v1g2 Bhlha15 Ddit3 Hdac6 Flvcr1 Disc1 Tdrd7 Washc5 Cacna1a Fzd5 Tmem79 Dab2ip Ryr1 Rflnb Rflna B4galt6 Tusc2 Bfsp2 Hid1 Cdkn1c Nemp1 Gpat4 Runx1 Lyl1"
"GOBP_ANTERIOR_POSTERIOR_AXIS_SPECIFICATION",1.34355853013497,0.0919904837430611,0.948209601659245,26,0.444750421921836,5,"Nckap1 Pgap1 Aurka Epb41l5 Wls"
"GOBP_REGULATION_OF_STEROID_METABOLIC_PROCESS",1.22677560424022,0.0918508287292818,0.948209601659245,69,0.328260638565925,21,"Igfbp7 Egr1 Erlin2 Snai1 Nr1d1 Apoe Dkkl1 Adora2b Gnai1 Stat5a Igf1r Bmp6 Gfi1 Dgkq Dgat2 Ddx20 Ggcx Rest Ldlr Hrh1 Asah1"
"GOBP_CARBOHYDRATE_TRANSPORT",-1.2843788541214,0.0940093213595544,0.950334784564794,86,-0.426195109388309,18,"Esr1 Slc25a27 Aqp3 Repin1 Pid1 Igf1 Fabp5 Hk2 Tert Slc26a6 Stxbp4 Ctns Tsc1 Slc1a2 Cers1 Smpd3 Zdhhc7 Tnf"
"GOBP_INTESTINAL_ABSORPTION",-1.38028338158553,0.0930034129692833,0.950334784564794,17,-0.598536925754614,5,"Cd36 Soat2 Slc26a6 Pls1 Abcg2"
"GOBP_NEGATIVE_REGULATION_OF_LYMPHOCYTE_DIFFERENTIATION",-1.33253514255175,0.0933753943217666,0.950334784564794,40,-0.492323895382867,16,"Rag2 Loxl3 Zc3h8 Cd69 Lilrb4a Zbtb7b Foxp3 Hlx Pglyrp2 Hmgb3 Nfkbid Smad7 Runx1 Fgl2 Tmem131l Zfp608"
"GOBP_NUCLEOSOME_ASSEMBLY",-1.32328206057649,0.0929368029739777,0.950334784564794,46,-0.478498262167144,33,"Nap1l3 Asf1b Padi4 Nasp H1f0 Chaf1a Mcm2 Cabin1 Tspyl2 Chaf1b Smarca5 Supt16 Asf1a Ubn1 Grwd1 Daxx Atad2b Anp32b Baz1a Pole3 Nap1l1 Shprh Atad2 Smarca2 Rbbp4 Spty2d1 Hp1bp3 Dnajc9 Set Npm1 Ssrp1 Hira Rsf1"
"GOBP_POSITIVE_REGULATION_OF_INTERLEUKIN_4_PRODUCTION",-1.37650983112561,0.0940268648185196,0.950334784564794,16,-0.603506058257764,7,"Il1rap Prkcq Prkcz Foxp3 Havcr2 Cebpb Cd1d1"
"GOBP_POSITIVE_REGULATION_OF_PROTEIN_LOCALIZATION_TO_MEMBRANE",-1.29405595500045,0.093342644320298,0.950334784564794,72,-0.439018807692509,15,"Cd36 Lrp1 Itga3 Agrn Lrp5 Cd81 Stac3 Pick1 Ramp3 Pls1 Stac2 Lamc1 Egfr Tnf Rangrf"
"GOBP_REGULATION_OF_CELLULAR_LOCALIZATION",-1.15463549989599,0.093859913576525,0.950334784564794,449,-0.345107359817633,83,"Uaca Ffar1 Itgam Cd36 Pde1c Kcnb1 Lrp1 Itga3 Agrn Bcl2 Lrp5 Cd81 Trpm4 Olfm1 Brsk2 Cdk1 Lyplal1 Yod1 Pid1 Pde3b Brca1 Hyal2 Baiap3 Mief2 Bard1 Stac3 Ptpn22 Pde8b Gpld1 Prkcq Kif20b Rasl2-9 Lrrk2 Pick1 Arrb1 Pard3 Pkdcc Stxbp4 Cep131 Derl3 Prkcz Ramp3 Slc35d3 Pls1 Birc5 Bag3 Stac2 Ttc21b Lamc1 Actn2 Oaz2 Nrde2 Bcl2l1 Atp9a Akap1 Lrrc15 Egfr Lztfl1 C2cd2l Rint1 Zdhhc7 Jup Lypla1 Tnf Rab29 Ehd1 Rangrf Mtmr4 Tiam1 Peg12 Camk2a Efna5 Mtmr2 Iws1 Frat1 Kif2c Prkce Flna Thoc5 Nup62 Ngdn Rangap1 Tm9sf4"
"GOBP_TRIGLYCERIDE_METABOLIC_PROCESS",-1.29206700149245,0.0929718408191762,0.950334784564794,74,-0.437209513553663,9,"Cd36 Esr1 Gpat3 Gpld1 Mttp Daglb Gk Apobr Fitm2"
"GOBP_CELLULAR_RESPONSE_TO_STEROL",-1.37870770172939,0.0945676905574517,0.953481035377801,17,-0.597853658398324,5,"Abca1 Gpld1 Rorc Gramd1c Rora"
"GOBP_CYTOSKELETON_DEPENDENT_CYTOKINESIS",-1.27089873312339,0.0948962422882782,0.954476974492754,96,-0.41686617809919,23,"Map9 Luzp1 Kif20a Cit Stmn1 Bbs4 Kif20b Aurkb Cenpv Cntrob Nusap1 Iqgap3 Incenp Birc5 Kif4 Washc5 Mtmr4 Exoc5 Cdca8 Nup62 Chmp7 Vps4a Exoc8"
"GOBP_CIRCADIAN_SLEEP_WAKE_CYCLE",-1.37402137834621,0.097773897861196,0.955653580506843,14,-0.619702363492898,5,"Chrnb2 Per3 Ahcy Ptgds Ada"
"GOBP_CRANIAL_NERVE_DEVELOPMENT",-1.36767110377946,0.0964230171073095,0.955653580506843,18,-0.587278282231432,3,"Chrnb2 Hes1 Ntrk1"
"GOBP_DNA_STRAND_ELONGATION",-1.34149203069609,0.0964833183047791,0.955653580506843,36,-0.504523447973989,16,"Pole Gins1 Lig1 Ino80c Tert Pola1 Mcm3 Pcna Pold3 Dna2 Nucks1 Mcm4 Ino80b Dclre1b Ino80 Mcm7"
"GOBP_ENDOCRINE_SYSTEM_DEVELOPMENT",-1.30300026412078,0.0960153624579933,0.955653580506843,58,-0.455159718131055,21,"Hmga2 Hes1 Gcm2 Pde3b Rap1gap Pdgfrb Vhl Ctns Tg Hoxa3 Thra Cdkn1c Hmga1 Armc5 Hoxb3 Smad3 Crkl Nr3c1 Smo Men1 Sox4"
"GOBP_HOMOLOGOUS_CHROMOSOME_PAIRING_AT_MEIOSIS",-1.35690445490592,0.0967525496511004,0.955653580506843,25,-0.54310281662018,7,"Mnd1 Ccne1 Psmc3ip Brip1 Prdm9 Trip13 Mei4"
"GOBP_NEGATIVE_REGULATION_OF_CARTILAGE_DEVELOPMENT",1.42477016235805,0.0967931744630774,0.955653580506843,10,0.605976688487482,5,"Rarg Chadl Ltbp3 Idua Rara"
"GOBP_NEUTROPHIL_ACTIVATION_INVOLVED_IN_IMMUNE_RESPONSE",-1.37260767925583,0.0969852104664391,0.955653580506843,17,-0.595208485133853,2,"Itgam Stx11"
"GOBP_REGULATION_OF_CELL_ACTIVATION",-1.15140992686869,0.0971468756278883,0.955653580506843,456,-0.344046195678385,93,"Rag2 Clnk Rasgrp1 Cnr2 Chrnb2 Cd6 Bank1 Ccr7 Hes1 H2-Eb2 Loxl3 Bcl2 Cd81 Zc3h8 Timd2 Fanca Lck Adgrg1 Igf1 Tnfrsf13c Pla2g4a Ephb6 Ankle1 Il15ra Shld3 Ptpn22 Dusp10 Nck2 Cd59a Prlr Cd22 Il12a Rorc Cd69 Cd40 Cd19 Il18 Prkcq Rag1 Pdgfrb Nectin2 Lilrb4a Zbtb7b Lrrk2 Ada Cd86 Il15 Lmo1 Scrib Prkcz Cd59b Tnfrsf4 Sphk2 Cgas Shpk Socs6 Sox12 Foxp3 Pagr1a Lax1 Rora Hlx Il2ra Tec Pglyrp2 Lmo4 H2-Ob Cd55 Bst1 Ulbp1 Cdkn1a Tnf Zfp335 Hmgb3 Syt11 Thy1 Havcr2 Cebpb Tnfrsf21 Twsg1 Drosha Smarcc1 Nfkbid Glmn Smad7 Paxip1 Dusp22 Ripk2 Phf10 Kcnn4 Flna Cd1d1 Zc3h12d"
"GOBP_REGULATION_OF_MITOTIC_NUCLEAR_DIVISION",-1.27198330060841,0.097752808988764,0.955653580506843,94,-0.418094401759929,26,"Esr1 Nuf2 Zwilch Lrp5 Ska3 Tom1l1 Igf1 Spc24 Pdgfrb Xrcc3 Aurkb Trip13 Mki67 Kntc1 Nusap1 Ndc80 Cenpe Incenp Haspin Khdc3 Birc5 Spc25 Dusp1 Smpd3 Rcc1 Tnf"
"GOBP_REGULATION_OF_NUCLEAR_DIVISION",-1.25962852584115,0.0952645003881557,0.955653580506843,108,-0.408676631923739,32,"Esr1 Nuf2 Zwilch Lrp5 Ska3 Tom1l1 Igf1 Spc24 Pdgfrb Xrcc3 Aurkb Prdm9 Trip13 Mki67 Kntc1 Nusap1 Ndc80 Cenpe Incenp Haspin Khdc3 Birc5 Spc25 Rad51ap1 Dusp1 Smpd3 Rcc1 Tnf Rad1 Cdca8 Gen1 Osm"
"GOBP_REGULATION_OF_SPINDLE_CHECKPOINT",-1.35599496891077,0.0975276601557164,0.955653580506843,22,-0.557108719018097,11,"Ska3 Xrcc3 Aurkb Ndc80 Incenp Birc5 Dusp1 Cdca8 Gen1 Ska1 Mad2l1"
"GOBP_UV_DAMAGE_EXCISION_REPAIR",1.40006356189873,0.0975232198142415,0.955653580506843,12,0.567121911351887,2,"Trex1 Ddb2"
"GOBP_DEOXYRIBONUCLEOTIDE_BIOSYNTHETIC_PROCESS",-1.36443075608117,0.0988265233988407,0.957063277647721,18,-0.585886876194686,10,"Rrm2 Dut Tyms Dctd Dtymk Shmt1 Cmpk2 Rrm1 Cmpk1 Dck"
"GOBP_MYELOID_LEUKOCYTE_CYTOKINE_PRODUCTION",-1.35844894164057,0.0988267770876467,0.957063277647721,21,-0.564193939892014,2,"Cd36 Hmox1"
"GOBP_PEROXISOME_ORGANIZATION",1.30484995114914,0.0988397077782553,0.957063277647721,33,0.406086014966001,10,"Pjvk Pex13 Pex26 Pex11g Pex16 Mavs Acox1 Pex3 Acot8 Pex5"
"GOBP_REGULATION_OF_DOUBLE_STRAND_BREAK_REPAIR_VIA_NONHOMOLOGOUS_END_JOINING",-1.35000262879945,0.0988179041041307,0.957063277647721,28,-0.528952073995836,6,"Hmga2 Aunip Setmar Shld3 Mrnip Wrap53"
"GOBP_POSITIVE_REGULATION_OF_CELLULAR_RESPIRATION",-1.37211215156906,0.0992109877264757,0.95842428608321,13,-0.627376329979843,2,"Oas1c Oas1a"
"GOBP_NEUTROPHIL_DEGRANULATION",-1.37068233554622,0.100087668030392,0.962417067125571,13,-0.626722569477881,2,"Itgam Stx11"
"GOBP_REGULATION_OF_CALCIUM_ION_TRANSMEMBRANE_TRANSPORT",-1.26932898822535,0.1,0.962417067125571,94,-0.417221942862592,12,"Ffar1 Ms4a1 Nol3 Bcl2 Calml3 Ptpn22 Cd19 Pde4d Tmem38a Cacnb2 Ppp3cc Pkd2"
"GOBP_NEGATIVE_REGULATION_OF_ENDOTHELIAL_CELL_PROLIFERATION",1.35586019069508,0.100861450107681,0.967617699185469,20,0.47889359065246,9,"Cav2 Dll4 Ager Apoe Ngfr Acvrl1 Synj2bp Cxcr3 Nf1"
"GOBP_TOLL_LIKE_RECEPTOR_3_SIGNALING_PATHWAY",-1.35140529206434,0.101787419838996,0.97425101845896,23,-0.550715583179788,8,"Oas1c Oas1a Ptpn22 Cd86 Tnf Hcfc2 Havcr2 Rnf170"
"GOBP_BASEMENT_MEMBRANE_ORGANIZATION",1.34802741353068,0.102573666542335,0.979519565096228,22,0.46553994338854,5,"Phldb1 Lamb2 Cav2 Pomgnt1 Large1"
"GOBP_NEGATIVE_REGULATION_OF_CANONICAL_WNT_SIGNALING_PATHWAY",1.20315369944841,0.102982954545455,0.981172461426188,74,0.317920771911539,14,"Ppp2r3a Tle2 Egr1 Apoe Tle6 Kremen1 Dkkl1 Invs App Znrf3 Prkn Ptpro Apc Draxin"
"GOBP_EAR_DEVELOPMENT",-1.25045947540256,0.10339489107597,0.982842969175242,110,-0.405294842111596,13,"Ptk7 Slc25a27 C1qb Lrig3 Kcnk3 Hes1 Bcl2 Nfix Fgf20 Cecr2 Diaph3 Igf1 Ankrd24"
"GOBP_B_CELL_ACTIVATION_INVOLVED_IN_IMMUNE_RESPONSE",-1.27028979595709,0.104873605101344,0.989913644395275,84,-0.422693280440942,12,"Rag2 Pou2af1 Lfng Shld3 Exo1 Plcl2 Cd40 Cd19 Lilrb4a Ada Foxp3 Pagr1a"
"GOBP_ERBB2_SIGNALING_PATHWAY",1.38316721428443,0.105297367565811,0.989913644395275,15,0.523730994784821,3,"Egf Areg Tgfa"
"GOBP_GLIAL_CELL_DIFFERENTIATION",-1.22043682505739,0.104461718666809,0.989913644395275,156,-0.38437198206685,21,"Itgam S100a8 Ccdc39 Lrp1 Hmga2 Hes1 Nfix Clcn2 Igf1 Cntnap1 Pfkfb3 Dusp10 Tppp S100a9 Pick1 Pard3 Metrn C1qa Cspg5 Ttc21b Eed"
"GOBP_NEGATIVE_REGULATION_OF_SMOOTH_MUSCLE_CELL_APOPTOTIC_PROCESS",-1.36227257974737,0.104695806261075,0.989913644395275,12,-0.632633288166585,2,"Esr1 Igf1"
"GOBP_POSITIVE_REGULATION_OF_TUMOR_NECROSIS_FACTOR_SUPERFAMILY_CYTOKINE_PRODUCTION",-1.27512291492657,0.105330243337196,0.989913644395275,76,-0.430007014241785,11,"Cd36 Cd2 Ccl3 Ccl4 Ccr7 Oas1c Oas1a Card9 Il18 Cd14 Lrrk2"
"GOBP_AMIDE_TRANSPORT",-1.19428901205182,0.112367711143391,0.989946078946221,213,-0.368253226424227,38,"Ffar1 Pde1c S100a8 Kcnb1 Lrp1 Hmga2 Aqp3 Sct Lrp5 Trpm4 Abca1 Brsk2 Slc5a6 Slc18a2 Pde3b Baiap3 Slc14a1 Pde8b Blk Gpld1 Mcu Mttp S100a9 Cask Pick1 Gabbr1 Arrb1 Nnat Slc26a6 Stxbp4 Birc5 Disp1 Stx1a Egfr Smpd3 Abcb9 C2cd2l Tnf"
"GOBP_ANTIMICROBIAL_HUMORAL_IMMUNE_RESPONSE_MEDIATED_BY_ANTIMICROBIAL_PEPTIDE",-1.33927396395524,0.112666297117517,0.989946078946221,20,-0.560919452987505,7,"Ccl3 Ccl4 Pomc S100a9 Ccl6 Ang Hmgn2"
"GOBP_BIOLOGICAL_PROCESS_INVOLVED_IN_INTERACTION_WITH_SYMBIONT",-1.36428823413265,0.106315311222172,0.989946078946221,10,-0.6607468237486,3,"Pcyox1l Pomc Tusc2"
"GOBP_B_CELL_MEDIATED_IMMUNITY",-1.25284567956018,0.112581296254766,0.989946078946221,95,-0.41127648748846,19,"C1qb Fcmr Iglc1 Cd81 Shld3 Exo1 Card9 AI182371 C2 Cd40 Cd19 Nectin2 C1qa Fcer2a Foxp3 Pagr1a Cd55 Masp2 Tnf"
"GOBP_CAMP_PKA_SIGNAL_TRANSDUCTION",-1.31016312193587,0.110304419819131,0.989946078946221,38,-0.488064423043187,9,"Pde1c Sct Pde3b Pde8b Pde7b Pde4d Lrrk2 Akap7 Ramp3"
"GOBP_CELL_PROLIFERATION_IN_FOREBRAIN",-1.34382501698729,0.11174745076128,0.989946078946221,19,-0.568516367083168,5,"Hmga2 Tacc3 Nfix Ckap2l Disc1"
"GOBP_CENP_A_CONTAINING_CHROMATIN_ASSEMBLY",-1.36345397695177,0.106769650159019,0.989946078946221,10,-0.660342779523439,5,"Oip5 Cenpi Nasp Cenpn Cenpp"
"GOBP_CORONARY_VASCULATURE_DEVELOPMENT",-1.30835281959716,0.10831551138508,0.989946078946221,41,-0.481801252752495,5,"Ptk7 Lrp1 Vegfa Tab1 Pdgfrb"
"GOBP_EMBRYONIC_HINDLIMB_MORPHOGENESIS",1.37180551024997,0.113622291021672,0.989946078946221,12,0.555675459420527,2,"Rarg Rpgrip1l"
"GOBP_ESTABLISHMENT_OF_EPITHELIAL_CELL_APICAL_BASAL_POLARITY",-1.36344163022621,0.105892910559378,0.989946078946221,11,-0.647498494464568,1,"Ptk7"
"GOBP_GLUTATHIONE_METABOLIC_PROCESS",1.25197780458393,0.114106884930188,0.989946078946221,40,0.374075738744495,4,"Chac2 Cryab Gstm5 Gstt3"
"GOBP_INSULIN_SECRETION_INVOLVED_IN_CELLULAR_RESPONSE_TO_GLUCOSE_STIMULUS",-1.27200408951061,0.113262568529103,0.989946078946221,71,-0.432471376312662,12,"Pde1c Lrp1 Lrp5 Trpm4 Brsk2 Pde3b Baiap3 Pde8b Gpld1 Arrb1 Stxbp4 Birc5"
"GOBP_INTEGRIN_ACTIVATION",1.36762684994413,0.113097172570686,0.989946078946221,15,0.517846695047802,6,"Farp2 Selp Ptger4 Lrp12 P2ry12 Kif14"
"GOBP_LEUKOCYTE_MEDIATED_IMMUNITY",-1.16847399902064,0.113399959208648,0.989946078946221,293,-0.35493421646933,30,"Clnk Itgam Cd2 Ccl3 Rasgrp1 C1qb Fut7 Fcmr Hmox1 Pcyox1l Iglc1 Cd81 Trpm4 Tac4 Slc18a2 Ephb6 Ptgds Shld3 Pomc Exo1 Card9 H2-Q2 AI182371 C2 Il12a Cd40 Cd19 Il18 Stx11 Nectin2"
"GOBP_MACROPHAGE_DIFFERENTIATION",-1.29559885759334,0.11003717472119,0.989946078946221,46,-0.468488027075704,5,"Itgam Ccdc39 Nfix Vegfa Diaph3"
"GOBP_MONOSACCHARIDE_TRANSMEMBRANE_TRANSPORT",-1.26896851389685,0.111162521688837,0.989946078946221,78,-0.426623651639468,15,"Esr1 Slc25a27 Repin1 Pid1 Igf1 Fabp5 Hk2 Tert Stxbp4 Ctns Tsc1 Slc1a2 Cers1 Zdhhc7 Tnf"
"GOBP_MORPHOGENESIS_OF_AN_ENDOTHELIUM",1.37866019413158,0.109939277724513,0.989946078946221,14,0.534566422522193,5,"Dll4 Stard13 Acvrl1 Rhob Ccm2"
"GOBP_MORPHOGENESIS_OF_AN_EPITHELIAL_FOLD",-1.35805619264693,0.111161593215205,0.989946078946221,10,-0.657728545415516,3,"Luzp1 Cecr2 Egfr"
"GOBP_MYELOID_LEUKOCYTE_MIGRATION",-1.23510436256646,0.107550244432374,0.989946078946221,123,-0.396410803694323,19,"Itgam S100a8 Ccl3 Ccl4 Fut7 Ccr7 Cd81 Vegfa Rarres2 Cd99l2 Vegfd Cxadr AI182371 Trim55 Mcu Rac3 S100a9 Pde4d Ccr1l1"
"GOBP_POLARIZED_EPITHELIAL_CELL_DIFFERENTIATION",-1.35658380987288,0.107376691401135,0.989946078946221,14,-0.611837782514182,4,"Ptk7 Scrib Zdhhc7 Camsap3"
"GOBP_POSITIVE_REGULATION_OF_ADAPTIVE_IMMUNE_RESPONSE",-1.24550078047257,0.10970323441147,0.989946078946221,107,-0.404570562508686,27,"Cd81 Tnfrsf13c Pla2g4a Shld3 Card9 H2-Q2 Il12a Cd40 Il18 Prkcq Nectin2 Ada Nlrp10 Prkcz Foxp3 Pagr1a Cd55 Ulbp1 Fzd5 Tnf Nfkbid Paxip1 Ripk2 Cd1d1 Hmces Il27ra Akirin2"
"GOBP_POSITIVE_REGULATION_OF_CHROMOSOME_SEGREGATION",-1.33100035053274,0.110454426057263,0.989946078946221,30,-0.514833452563753,16,"Cdk1 Ska3 Aurkb Smc5 Cenpe Incenp Birc5 Smc4 Cdca8 Ska1 Ncapd2 Rad18 Rcc2 Ncaph2 Cdc6 Ncapg"
"GOBP_POSITIVE_REGULATION_OF_CYCLASE_ACTIVITY",1.37537342482818,0.109879670677644,0.989946078946221,13,0.545044741399223,4,"Adcy3 Adora2b Stim1 Nf1"
"GOBP_POSITIVE_REGULATION_OF_HIPPO_SIGNALING",1.36603433238761,0.109187749667111,0.989946078946221,16,0.509103988915764,5,"Ptpn21 Arrdc3 Sav1 Lats1 Prpf4b"
"GOBP_POSITIVE_REGULATION_OF_LEUKOCYTE_PROLIFERATION",-1.23704346801638,0.108837614279495,0.989946078946221,121,-0.397572054909723,28,"Chrnb2 Cd6 Ccr7 Hes1 Bcl2 Cd81 Igf1 Tnfrsf13c Ptpn22 Nck2 Cd59a Prlr Il12a Cd40 Il18 Prkcq Ada Cd86 Il15 Cd59b Tnfrsf4 Foxp3 Il2ra Cd55 Bst1 Cdkn1a Zfp335 Havcr2"
"GOBP_POSITIVE_REGULATION_OF_PROTEIN_AUTOPHOSPHORYLATION",-1.35753266340805,0.11146448583977,0.989946078946221,10,-0.657474991750627,5,"Vegfa Tom1l1 Prlr Vegfc Rassf2"
"GOBP_POSITIVE_REGULATION_OF_SMAD_PROTEIN_SIGNAL_TRANSDUCTION",1.34165658324358,0.107795598657217,0.989946078946221,22,0.463339783405572,6,"Hfe Acvr1 Tgfbr3 Amh Bmp6 Acvrl1"
"GOBP_REGULATION_OF_CHROMATIN_ORGANIZATION",-1.33182333772988,0.111967060698632,0.989946078946221,28,-0.521829144373412,11,"Cdk1 Samd1 Mki67 Mllt3 Lsm11 Eri3 Cdk2 Ing3 Eri1 Asb7 Rlf"
"GOBP_REGULATION_OF_ESTABLISHMENT_OF_PROTEIN_LOCALIZATION_TO_MITOCHONDRION",-1.3458104819287,0.110561289410434,0.989946078946221,18,-0.577891326249439,7,"Nol3 Lrrk2 Bag3 Pmaip1 Parl Hsph1 Dnaja1"
"GOBP_REGULATION_OF_LONG_TERM_SYNAPTIC_POTENTIATION",1.29136565313653,0.110209312259718,0.989946078946221,32,0.404690663176221,8,"Ager Apoe Prnp Ephb2 Zdhhc2 Cx3cr1 App Pak1"
"GOBP_REGULATION_OF_LYMPHOCYTE_CHEMOTAXIS",-1.34769848085007,0.113924050632911,0.989946078946221,14,-0.607830378056999,2,"Ccl3 Ccr7"
"GOBP_REGULATION_OF_NUCLEOCYTOPLASMIC_TRANSPORT",-1.24307211429091,0.105873345728973,0.989946078946221,116,-0.400759585491432,34,"Uaca Cd36 Cdk1 Brca1 Hyal2 Bard1 Ptpn22 Prkcq Rasl2-9 Bag3 Nrde2 Akap1 Jup Peg12 Iws1 Frat1 Flna Thoc5 Nup62 Rangap1 Chchd4 Xpo4 Frat2 Nsun2 Uhmk1 Epm2a Rbm4 Ctdspl2 Smo Gsk3b Nup54 Ect2 Tnfrsf1a Pik3r2"
"GOBP_REGULATION_OF_REGULATORY_NCRNA_PROCESSING",1.39492468620352,0.109167671893848,0.989946078946221,11,0.577359243128772,6,"Bcdin3d Tarbp2 Prkra Zmpste24 Dgcr8 Tgfb1"
"GOBP_REGULATION_OF_SKELETAL_MUSCLE_CELL_PROLIFERATION",1.38960264427099,0.114151220947337,0.989946078946221,10,0.591019401539917,2,"Six5 Selenon"
"GOBP_RESPONSE_TO_TOXIC_SUBSTANCE",-1.22308578546999,0.109913793103448,0.989946078946221,137,-0.389368816599921,33,"Cd36 Nr4a2 S100a8 Ccl3 Aifm2 Gucy2c Bcl2 Ddc Gpx7 Cdk1 Fos Slc18a2 Ephx2 S100a9 Ephx1 Rad51 Slc39a8 Fancc Scn2b Cers1 Kdm5b Gsto1 Dhfr Rab29 Abcg2 Prxl2a Txnrd1 Prkce Txnrd3 Nnt Slc30a4 Glo1 Eif2ak2"
"GOBP_SEQUESTERING_OF_CALCIUM_ION",-1.27304788563134,0.11238342580569,0.989946078946221,67,-0.436349976981819,15,"Nol3 Ccl3 Plcl1 Ccr7 Calml3 Lck Plcl2 Cd19 Pde4d Tmem38a Pkd2 Ddit3 Gsto1 Ryr1 Thy1"
"GOBP_TRANSLESION_SYNTHESIS",-1.33928776425878,0.112767425810904,0.989946078946221,21,-0.556235878437791,8,"Pclaf Dtl Pole2 Pcna Polk Pold3 Rev3l Primpol"
"GOBP_NUCLEOSIDE_BIOSYNTHETIC_PROCESS",-1.34990356958019,0.114552893045003,0.991359828560296,13,-0.617221811162777,6,"Pnp2 Cdk1 Tk1 Ada Dctd Dtymk"
"GOBP_PLATELET_DERIVED_GROWTH_FACTOR_RECEPTOR_BETA_SIGNALING_PATHWAY",-1.3484251349508,0.11546515106192,0.99717720896303,11,-0.640367160150425,2,"Lrp1 Pdgfrb"
"GOBP_BODY_FLUID_SECRETION",-1.27167355305249,0.122140176734052,0.997679174496463,55,-0.447556633716439,16,"Afap1 Sct Tac4 Vegfa Prlr Zbtb7b Hk2 Ada Negr1 Egfr Nr1h2 Xdh Prkce Kcnn4 Usf2 Gpat4"
"GOBP_CELL_PROJECTION_ASSEMBLY",-1.14474104033862,0.120225738184017,0.997679174496463,401,-0.34338988304193,74,"Drc7 Cep126 Spag6l Dnah7c Ccdc39 Tctn2 Stil Tmem231 Cabcoco1 Luzp1 Agrn Ccr7 Auts2 Ccdc57 Ehd3 Wdr35 Dync2li1 Mycbpap Hdac4 Eps8l2 Cfap74 Kif24 Mtss2 Rap1gap Nck2 Fnbp1l Bbs4 Rabl2 Prkcq Rac3 Pdgfrb Fbf1 Crocc Enkd1 Asap1 B9d1 Ccp110 Eps8 Cntrob Ttll3 Fgd1 Dnal1 Stau2 Cep97 Fam98a Cep131 Plekhm1 Bbs2 Abitram Pls1 Tctn3 Rpgr Ttc21b Dnaaf4 Fbxw8 Cdkl5 Actn2 Def8 Cep78 Cc2d2b Disc1 Ocrl Tbc1d7 Yif1b Evi5l Tctn1 Rsph9 Dnaaf5 Intu Rab29 Fmnl3 Ehd1 Ccdc15 Exoc5"
"GOBP_DISRUPTION_OF_ANATOMICAL_STRUCTURE_IN_ANOTHER_ORGANISM",-1.31499821803026,0.120876220638691,0.997679174496463,29,-0.511494178648288,9,"Gbp2 Pcyox1l Pomc C2 Gbp7 Irgm2 Masp2 Hmgn2 Tusc2"
"GOBP_DNA_DAMAGE_TOLERANCE",-1.31917834709053,0.118632884666139,0.997679174496463,29,-0.513120121292933,13,"Pclaf Brca1 Dtl Pole2 Pcna Polk Pold3 Rev3l Primpol Rad18 Pold1 Ube2n Msh2"
"GOBP_DOPAMINE_TRANSPORT",-1.32556975990979,0.118289851113236,0.997679174496463,22,-0.544608562600845,7,"Chrnb2 Slc18a2 Nat8l Xlr4a Gabbr1 Smpd3 Syt11"
"GOBP_GROWTH_PLATE_CARTILAGE_DEVELOPMENT",1.36089335881185,0.118429385687144,0.997679174496463,13,0.539306457021434,5,"Rarg Poc1a Rara Carm1 Zmpste24"
"GOBP_HEMATOPOIETIC_STEM_CELL_HOMEOSTASIS",-1.32409884745946,0.118024287078728,0.997679174496463,23,-0.539587844777809,3,"Armcx1 Glis2 Adgrg1"
"GOBP_HEPARAN_SULFATE_PROTEOGLYCAN_BIOSYNTHETIC_PROCESS",1.3065484657116,0.121212121212121,0.997679174496463,23,0.443676517820878,5,"B3galt6 Hs3st3a1 Hs3st3b1 Ext2 Ext1"
"GOBP_MEIOTIC_SISTER_CHROMATID_COHESION",-1.33912662945807,0.122046066407418,0.997679174496463,11,-0.635951299453611,5,"Rad51c Sgo1 Sgo2a Ppp2r1b Ppp2r5d"
"GOBP_NEGATIVE_REGULATION_OF_HIPPO_SIGNALING",-1.3317714627038,0.117655210643016,0.997679174496463,20,-0.557777228908446,2,"Strip2 Cit"
"GOBP_NEGATIVE_REGULATION_OF_OSTEOBLAST_DIFFERENTIATION",-1.30558287139399,0.122248122248122,0.997679174496463,34,-0.494921698249371,16,"Lrp5 Trpm4 Hdac4 Vegfc Ipo7 Bambi Hdac8 Tnf Twsg1 Hdac7 Zfp932 Hdac5 Smad3 Gsk3b Nfatc1 Men1"
"GOBP_NEGATIVE_REGULATION_OF_SYSTEMIC_ARTERIAL_BLOOD_PRESSURE",-1.33564852862841,0.122034867104887,0.997679174496463,16,-0.585591152713504,3,"Cd36 Tac4 Bbs4"
"GOBP_NEURON_PROJECTION_ORGANIZATION",1.17284045939326,0.116818558409279,0.997679174496463,87,0.304561192446717,16,"Xlr3b Homer1 Caprin2 Dlg4 Apoe Prnp Ephb2 Afdn Arhgap32 Kalrn App Insr Xlr4b Igf1r Sipa1l1 Diaph2"
"GOBP_PEPTIDYL_TYROSINE_DEPHOSPHORYLATION",1.35222396950983,0.115824915824916,0.997679174496463,17,0.495784545546118,6,"Ptpn12 Dusp3 Ubash3b Ptprj Ptprf Ptprs"
"GOBP_POSITIVE_REGULATION_OF_INTERLEUKIN_13_PRODUCTION",-1.34795621005236,0.11873390882932,0.997679174496463,10,-0.652836960739851,4,"Il1rap Il18 Prkcz Sphk2"
"GOBP_POSITIVE_REGULATION_OF_LYMPHOCYTE_CHEMOTAXIS",-1.34359974090142,0.121611388762684,0.997679174496463,10,-0.650727052377213,2,"Ccl3 Ccr7"
"GOBP_POSITIVE_REGULATION_OF_PRODUCTION_OF_MOLECULAR_MEDIATOR_OF_IMMUNE_RESPONSE",-1.25135427626297,0.117339397384878,0.997679174496463,88,-0.414651103209215,19,"Clnk Cd36 Cd81 Shld3 Ptpn22 Cd40 Il18 Cd86 Prkcz Tnfrsf4 Sphk2 Pagr1a Cd55 Fzd5 Tnf Paxip1 Dnajb9 Hmces Kit"
"GOBP_PROTEIN_AUTOPROCESSING",-1.33994399026818,0.12043321299639,0.997679174496463,15,-0.596848425782801,3,"Casp4 Pidd1 Fam111a"
"GOBP_PROTEIN_LOCALIZATION_TO_CONDENSED_CHROMOSOME",-1.3411016975024,0.118891111746213,0.997679174496463,16,-0.587981996845336,4,"Zwilch Cdk1 Aurkb Kntc1"
"GOBP_PYRIMIDINE_DEOXYRIBONUCLEOTIDE_METABOLIC_PROCESS",-1.33501866444844,0.122071875454678,0.997679174496463,14,-0.602111608089819,11,"Dut Tyms Dctd Dtymk Shmt1 Cmpk2 Cmpk1 Nme1 Tbpl1 Dctpp1 Nme2"
"GOBP_REGULATION_OF_B_CELL_PROLIFERATION",-1.27293294778806,0.119990342829551,0.997679174496463,56,-0.446766895050154,12,"Chrnb2 Bcl2 Cd81 Tnfrsf13c Prlr Cd22 Cd40 Ada Tnfrsf4 Bst1 Cdkn1a Tnfrsf21"
"GOBP_REGULATION_OF_CELL_FATE_COMMITMENT",-1.32011327075121,0.120909816440543,0.997679174496463,27,-0.520381112544253,6,"Hes1 Loxl3 Cd69 Casz1 Lmo4 Zfp157"
"GOBP_REGULATION_OF_CYTOPLASMIC_PATTERN_RECOGNITION_RECEPTOR_SIGNALING_PATHWAY",-1.22979069159753,0.118998140654052,0.997679174496463,116,-0.39647772815416,24,"Gbp2 Fbxl2 Cd36 Lyplal1 Casp4 Ptpn22 Tab1 Tspan6 Aurkb Usp50 Smpdl3a Abhd8 Cgas Atat1 Cul5 Rab7b Ddx60 Irgm2 Zcchc3 Hcfc2 Rnf170 Oasl1 Dhx33 Pum1"
"GOBP_REGULATION_OF_LYMPHOCYTE_DIFFERENTIATION",-1.20277898144485,0.119229140194833,0.997679174496463,168,-0.377019189231396,33,"Rag2 Rasgrp1 Ccr7 Loxl3 Zc3h8 Fanca Lck Ankle1 Il15ra Dusp10 Il12a Rorc Cd69 Il18 Rag1 Lilrb4a Zbtb7b Ada Il15 Prkcz Sox12 Foxp3 Hlx Il2ra Pglyrp2 Hmgb3 Drosha Smarcc1 Nfkbid Smad7 Ripk2 Phf10 Cd1d1"
"GOBP_REGULATION_OF_SENSORY_PERCEPTION",-1.34494295977837,0.121308496138119,0.997679174496463,10,-0.651377594971028,4,"Ccl3 Tac4 Fabp5 Grin2d"
"GOBP_REGULATION_OF_VIRAL_GENOME_REPLICATION",-1.27551185159294,0.118020608674814,0.997679174496463,59,-0.444456651385702,18,"Gm11772 Hmga2 Shfl Oas1c Bcl2 Oas1a Fam111a Isg20 Gbp7 Top2a Tnf Oasl1 Eif2ak2 Slpi Isg15 Ddx3x Tmem39a Pde12"
"GOBP_RESPONSE_TO_ALCOHOL",-1.20172152658683,0.119103025174529,0.997679174496463,171,-0.376521837990212,29,"Ccl3 Faah Chrnb2 Ccr7 Bcl2 Abca1 Cdk1 Fos Brca1 Igf1 Card9 Gpld1 Cd14 Fosb Fancb Gramd1c Gk Eps8 Gabbr1 Vhl Rad51 Fkbp5 Sphk2 Hdac6 Foxp3 Bcl2l1 Jun Hdac8 Jup"
"GOBP_SUPEROXIDE_METABOLIC_PROCESS",-1.28635711971961,0.117523479980227,0.997679174496463,47,-0.463682791671679,9,"Itgam Cd36 Noxo1 Il18 Fancc Egfr Dhfr Naglu Acp5"
"GOBP_2FE_2S_CLUSTER_ASSEMBLY",-0.856338422778137,0.665303649856126,1,10,-0.414738527202986,9,"Nfs1 Glrx5 Lyrm4 Fxn Bola2 Hscb Glrx3 Iscu Fdx2"
"GOBP_2_OXOGLUTARATE_METABOLIC_PROCESS",-0.860610659931506,0.660335028417589,1,11,-0.408704042969081,1,"Gpt2"
"GOBP_3_UTR_MEDIATED_MRNA_DESTABILIZATION",-1.01774391629349,0.458902161547213,1,17,-0.441327717909656,11,"Zfp36 Zc3h12c Zc3h12d Mov10 Dnd1 Zc3h12b Zfp36l2 Plekhn1 Khnyn Dhx36 Rc3h1"
"GOBP_3_UTR_MEDIATED_MRNA_STABILIZATION",-0.662131262460514,0.903011452000566,1,18,-0.284319314310998,7,"Tent4a Zfp36 Tent4b Mapkapk2 Elavl1 Rbm10 Hnrnpa0"
"GOBP_ACETYL_COA_BIOSYNTHETIC_PROCESS",-0.735545674313538,0.838766639500136,1,24,-0.297009145857791,9,"Dip2a Acss1 Ppcs Pdk2 Sirt4 Pdhx Acly Pdhb Dlat"
"GOBP_ACETYL_COA_METABOLIC_PROCESS",-0.758589786091362,0.834881968859869,1,42,-0.278855346178815,17,"Dip2a Acss1 Acat2 Nudt7 Ppcs Pdk2 Hmgcs2 Fasn Sirt4 Hmgcr Pdhx Acly Pdhb Pmvk Dlat Nme1 Tdo2"
"GOBP_ACIDIC_AMINO_ACID_TRANSPORT",-0.779186524474762,0.8095,1,43,-0.285007553407069,6,"Best1 Lrrc8b Gabbr1 Slc12a2 Slc1a2 Tnf"
"GOBP_ACROSOME_ASSEMBLY",-0.792047931348967,0.765315868467731,1,23,-0.322770038700147,8,"Mycbpap Nectin2 Acrbp Cep78 Rfx2 Poc1b Fsip1 Rab1a"
"GOBP_ACROSOME_REACTION",1.04576831260998,0.395958986731001,1,11,0.432843441246874,2,"Stxbp1 Adcy3"
"GOBP_ACTIN_CROSSLINK_FORMATION",-0.893612604475853,0.615477813115251,1,10,-0.432791015341793,4,"Diaph3 Baiap2l1 Gas2 Eps8"
"GOBP_ACTIN_FILAMENT_BASED_MOVEMENT",-1.08116665870805,0.345208407552547,1,63,-0.37339749613072,13,"Myl4 Luzp1 Trpm4 Fnbp1l Pde4d Cacnb2 Pard3 Scn2b Pde4b Jup Rangrf Flna Myo6"
"GOBP_ACTIN_FILAMENT_BASED_PROCESS",-0.96944722371726,0.611161296798153,1,497,-0.289043392245837,84,"Ptk7 Lix1l Lrp1 Myo1e Epha1 Myl4 Mybpc2 Luzp1 Ccr7 Auts2 Marcksl1 Specc1 Bcl2 Trpm4 Brsk2 Elmo3 Sh3d21 Diaph3 Cit Casp4 Stmn1 Cxadr Nck2 Fnbp1l Bbs4 Rnd2 Baiap2l1 Gas2 Tpm2 Prkcq Rac3 Pdgfrb S100a9 Pde4d Cnn3 Cacnb2 Pick1 Eps8 Fgd1 Stau2 Arrb1 Pard3 Msrb2 Itpka Limd2 Iqgap3 Fhl3 Abitram Tsc1 Pls1 Khdc3 Hdac6 Actn2 Scn2b Rhov Llgl1 Mrtfb Arhgef18 Washc5 Bst1 Pde4b Ang Jup Stard8 Synpo2 Rflnb Rflna Mical3 Csrp2 Fmnl3 Celsr1 Rangrf Jmy Akap11 Tmsb15b1 Efna5 Add3 Hck Kank2 Prkce Rgcc Flna Myo6 Specc1l"
"GOBP_ACTIN_FILAMENT_BUNDLE_ORGANIZATION",-0.780680152399622,0.878351863963375,1,118,-0.251246916405611,36,"Epha1 Luzp1 Diaph3 Stmn1 Bbs4 Baiap2l1 Prkcq Eps8 Arrb1 Limd2 Tsc1 Pls1 Arhgef18 Synpo2 Rflnb Rflna Kank2 Rgcc Flna Alms1 S100a10 Smad3 Pdxp Tpm1 Ptk2b Clasp1 Pxn Pls3 Gas7 Pik3r2 Actn1 Ezr Baiap2 Actg1 Was Mtor"
"GOBP_ACTIN_FILAMENT_DEPOLYMERIZATION",-0.55717839505515,0.989558435023273,1,41,-0.205181083208772,7,"Eps8 Actn2 Mical3 Add3 Specc1l Pdxp Tpm1"
"GOBP_ACTIN_FILAMENT_ORGANIZATION",-0.892186030251331,0.779452194277569,1,301,-0.270618112100777,49,"Myo1e Epha1 Luzp1 Marcksl1 Bcl2 Elmo3 Sh3d21 Diaph3 Cit Casp4 Stmn1 Nck2 Bbs4 Rnd2 Baiap2l1 Gas2 Tpm2 Prkcq Rac3 Cnn3 Pick1 Eps8 Arrb1 Msrb2 Limd2 Iqgap3 Abitram Tsc1 Pls1 Khdc3 Hdac6 Actn2 Rhov Arhgef18 Washc5 Ang Synpo2 Rflnb Rflna Mical3 Jmy Tmsb15b1 Add3 Kank2 Prkce Rgcc Flna Myo6 Specc1l"
"GOBP_ACTIN_FILAMENT_SEVERING",0.788024872912734,0.74953560371517,1,12,0.319204202067094,3,"Srgap2 Svil Cfl2"
"GOBP_ACTIN_MEDIATED_CELL_CONTRACTION",-1.1751384496706,0.231505657093124,1,45,-0.426720868532027,11,"Myl4 Luzp1 Trpm4 Pde4d Cacnb2 Pard3 Scn2b Pde4b Jup Rangrf Flna"
"GOBP_ACTIN_NUCLEATION",-0.710110279922363,0.8975,1,43,-0.25974113665057,7,"Diaph3 Pick1 Washc5 Jmy Abi2 Trim27 Whamm"
"GOBP_ACTIN_POLYMERIZATION_OR_DEPOLYMERIZATION",-0.532651795404448,1,1,134,-0.169956517471664,16,"Diaph3 Cit Nck2 Bbs4 Baiap2l1 Eps8 Msrb2 Abitram Actn2 Washc5 Ang Mical3 Add3 Kank2 Prkce Specc1l"
"GOBP_ACTIVATED_T_CELL_PROLIFERATION",-1.00622271575956,0.461399431964885,1,35,-0.380014030708216,7,"Itgam Igf1 Ephb6 Il18 Cd86 Scrib Il2ra"
"GOBP_ACTIVATION_INDUCED_CELL_DEATH_OF_T_CELLS",-0.651315596974809,0.893209691893509,1,11,-0.30930980770516,2,"Tnfrsf4 Il2ra"
"GOBP_ACTIVATION_OF_GTPASE_ACTIVITY",-1.24450930056389,0.177649679025285,1,31,-0.479089494940445,16,"Rasgrp1 Mtss2 Scrib Tsc1 Tbc1d7 Ccdc125 Tiam1 Rangap1 Crkl Ptk2b Abr Ect2 Rcc2 Ralgapa1 Epha2 Nedd9"
"GOBP_ACTIVATION_OF_IMMUNE_RESPONSE",-1.09497896513252,0.210885720024101,1,458,-0.327067187034476,85,"Gbp2 Ms4a1 Fbxl2 Itgam Cd36 S100a8 Esr1 Cd79a C1qb Fcmr Ccr7 Oas1c Bcl2 Cd81 Oas1a Lyplal1 Lck Casp4 Lcp2 Ptpn22 Tab1 Blk Map3k20 AI182371 Gpld1 Cd59a C2 Cd22 Ermap Tspan6 Plcl2 Cd19 Cd14 Nectin2 Aurkb Usp50 S100a9 Pde4d Arpp21 Smpdl3a Ada Cd86 C1qa Fcer2a Abhd8 Nlrp10 Gbp7 Cd59b Cgas Xrcc5 Ifi214 Atat1 Cul5 Foxp3 Rab7b Lax1 Ddx60 Tec Cd55 Lrrfip2 Pde4b Irgm2 Masp2 Cmklr1 Dab2ip Zcchc3 Tnf Hcfc2 Elp6 Thy1 Rab29 Havcr2 Rnf170 Tnfrsf21 Oasl1 Naglu Ecsit Nfkbid Dhx33 Dusp22 Pum1 Prkce Ripk2 Rgcc Kcnn4"
"GOBP_ACTIVATION_OF_INNATE_IMMUNE_RESPONSE",-0.875207566316035,0.809800918836141,1,291,-0.26595933173327,59,"Gbp2 Fbxl2 Cd36 S100a8 Esr1 Oas1c Oas1a Lyplal1 Casp4 Ptpn22 Tab1 Map3k20 Tspan6 Cd14 Aurkb Usp50 S100a9 Smpdl3a Cd86 Abhd8 Nlrp10 Gbp7 Cgas Xrcc5 Ifi214 Atat1 Cul5 Rab7b Ddx60 Lrrfip2 Irgm2 Dab2ip Zcchc3 Tnf Hcfc2 Elp6 Havcr2 Rnf170 Oasl1 Naglu Ecsit Dhx33 Pum1 Prkce Ripk2 Ifi213 Trim5 Ifi209 Eif2ak2 Rbm14 Zdhhc12 Klri2 Ikbke Brcc3 Arrb2 Ddx56 Zdhhc18 Rnf34 Irf3"
"GOBP_ACTIVATION_OF_PROTEIN_KINASE_ACTIVITY",-0.935649570031623,0.567687296416938,1,33,-0.356820232188935,11,"Camkk1 Tom1l1 Igf1 Prlr Prkcz Pdgfc Tpx2 Sesn2 Strada Ptk2b Ect2"
"GOBP_ACTIVIN_RECEPTOR_SIGNALING_PATHWAY",1.1108881035149,0.293021411578113,1,26,0.367730874141054,14,"Acvr1b Acvr1 Acvrl1 Acvr2b Synj2bp Fstl3 Tgif2 Lemd3 Lefty1 Zc3h3 Tgfbr1 Smurf1 Tgfbr2 Ski"
"GOBP_ACTOMYOSIN_STRUCTURE_ORGANIZATION",-0.680592013132529,0.973570190641248,1,131,-0.21760704455671,12,"Epha1 Mybpc2 Luzp1 Stmn1 Bbs4 Prkcq Pdgfrb Cnn3 Arrb1 Iqgap3 Tsc1 Actn2"
"GOBP_ACUTE_INFLAMMATORY_RESPONSE",-1.08686196050637,0.348317428427926,1,42,-0.399527219852506,6,"Fut7 Cd6 Ccr7 Ephb6 Cd163 Saa3"
"GOBP_ACUTE_INFLAMMATORY_RESPONSE_TO_ANTIGENIC_STIMULUS",-1.23942726263251,0.204476534296029,1,15,-0.552075471771358,4,"Fut7 Cd6 Ccr7 Ephb6"
"GOBP_ACUTE_PHASE_RESPONSE",-1.1832499049421,0.271559362079149,1,12,-0.549495959336669,3,"Cd163 Saa3 Tnf"
"GOBP_ACYLGLYCEROL_HOMEOSTASIS",-1.08271183304502,0.370462387853692,1,21,-0.449674210144146,4,"Slc25a27 Il18 Fitm2 Rora"
"GOBP_ACYL_COA_BIOSYNTHETIC_PROCESS",0.509669103691148,0.99814039981404,1,38,0.153778303525069,6,"Pdpr Mcee Gcdh Mpc2 Mmut Elovl5"
"GOBP_ACYL_COA_METABOLIC_PROCESS",-0.677074615252839,0.95962984384037,1,78,-0.22763058470577,18,"Bckdhb Acot7 Fitm2 Slc27a3 Dip2a Acss1 Acat2 Nudt7 Ppcs Gpat4 Ehhadh Acadsb Pdk2 Acot9 Hmgcs2 Fasn Sirt4 Hmgcr"
"GOBP_ADENYLATE_CYCLASE_ACTIVATING_ADRENERGIC_RECEPTOR_SIGNALING_PATHWAY",-0.636624754977638,0.905922823810948,1,11,-0.302333126148204,3,"Adcy9 Pde4b Adra1b"
"GOBP_ADENYLATE_CYCLASE_ACTIVATING_G_PROTEIN_COUPLED_RECEPTOR_SIGNALING_PATHWAY",-0.928151996956609,0.598440085086268,1,66,-0.318640559286514,12,"Cnr2 Sct Abca1 Tmem116 Pomc Pde4d Fbn1 Adcy9 Ramp3 Calcb Gpr174 Adgrg5"
"GOBP_ADENYLATE_CYCLASE_INHIBITING_G_PROTEIN_COUPLED_RECEPTOR_SIGNALING_PATHWAY",-0.811600189483722,0.742940089733439,1,29,-0.315687707115371,7,"Sstr2 Adgrg3 Gpr15 Gabbr1 Rgs2 Flna Akap12"
"GOBP_ADENYLATE_CYCLASE_MODULATING_G_PROTEIN_COUPLED_RECEPTOR_SIGNALING_PATHWAY",-0.993779357757826,0.490209318028359,1,93,-0.327183417911265,16,"Sstr2 Cnr2 Sct Abca1 Tmem116 Adgrg3 Pomc Gpr15 Pde4d Gabbr1 Fbn1 Adcy9 Ramp3 Calcb Gpr174 Adgrg5"
"GOBP_ADHERENS_JUNCTION_ASSEMBLY",-0.807940867431312,0.723156141147963,1,10,-0.391298809574004,8,"Smad7 Abi2 Zfp703 Clmp Pak2 Tbcd Ctnnb1 Actb"
"GOBP_ADHERENS_JUNCTION_ORGANIZATION",-0.660009228046295,0.929643649654092,1,32,-0.25264987612672,8,"Vegfa Cdh24 Camsap3 Smad7 Specc1l Plekha7 Numbl Abi2"
"GOBP_ADIPOSE_TISSUE_DEVELOPMENT",-1.111833035665,0.301394351090454,1,61,-0.385567524196854,8,"Hmga2 Ppargc1a Lrp5 Trpm4 Bbs4 Rorc Amer1 Ifrd2"
"GOBP_ADRENAL_GLAND_DEVELOPMENT",-1.08043461242641,0.380965990282938,1,16,-0.473697186468709,6,"Hmga2 Pdgfrb Cdkn1c Armc5 Smad3 Nr3c1"
"GOBP_ADRENERGIC_RECEPTOR_SIGNALING_PATHWAY",-1.02574548528717,0.446956769055745,1,17,-0.444797465188064,7,"Pde4d Adcy9 Pde4b Zdhhc21 Rgs2 Adra1b Lmbrd2"
"GOBP_ADULT_BEHAVIOR",-0.914873472888534,0.635133598635588,1,88,-0.303154192242803,16,"Nr4a2 Chrnb2 Adam2 Mapre3 Bbs4 Fosb Eps8 Ctns Bbs2 Tsc1 Slc1a2 Pax5 Grin2d Cacna1a Rnf170 Naglu"
"GOBP_ADULT_LOCOMOTORY_BEHAVIOR",-0.652611257726701,0.960269684565374,1,57,-0.228579339152084,8,"Nr4a2 Eps8 Ctns Tsc1 Grin2d Cacna1a Rnf170 Pum1"
"GOBP_ADULT_WALKING_BEHAVIOR",0.807540800009964,0.778823529411765,1,25,0.269869102133635,4,"Ulk4 Agtpbp1 Idua Npc1"
"GOBP_AEROBIC_ELECTRON_TRANSPORT_CHAIN",-0.482264995197367,0.999281092739037,1,59,-0.168046956661574,59,"Cox7a1 Ndufaf1 Sdhaf2 Coq9 Ndufb8 Dnajc15 Sdhb Cox7b Slc25a51 Sdhd Ndufa8 Cox6a1 Ndufa7 Cox7a2 Park7 Ndufb9 Ndufb6 Uqcc3 Cox5a Ndufs7 Cox4i1 Uqcr10 Cox8a Ndufs3 Cycs Iscu Cyc1 Uqcr11 Cox5b Dld Cox7c Uqcrq Uqcrc1 Uqcrfs1 Uqcrc2 Ndufa11 Cox6a2 Uqcrb Uqcrh Ndufv2 Ndufs6 Ndufc2 mt-Cytb Ndufs2 Ndufs1 mt-Nd3 Ndufs8 mt-Nd4 Pink1 mt-Co3 Ndufv1 mt-Nd1 Sdhc Cox7a2l mt-Nd2 Sdha mt-Nd5 Ndufa10 mt-Nd6"
"GOBP_AGGREPHAGY",-0.989536338397337,0.49514146899114,1,16,-0.433844467787534,5,"Bag3 Hdac6 Lypla1 Zdhhc19 Wdfy3"
"GOBP_ALCOHOL_BIOSYNTHETIC_PROCESS",0.670311754052705,0.998161764705882,1,97,0.170061350697525,13,"Erlin2 Apoe Nsdhl Ippk Ebp Gnai1 Bmp6 Impa2 Dgkq Hsd17b7 Fdft1 Acer3 Rest"
"GOBP_ALCOHOL_CATABOLIC_PROCESS",0.784420060324361,0.780161800914527,1,19,0.279511560746847,3,"Apoe Tkfc Hsd3b7"
"GOBP_ALCOHOL_METABOLIC_PROCESS",0.998448136844052,0.488126649076517,1,210,0.230209703973883,40,"Sult2b1 Cyp7b1 Rdh11 Ldlrap1 Erlin2 Aldh1a3 Apoe Errfi1 Akr1c13 Rdh13 Nsdhl Tkfc Ippk App Rbp4 Plcb3 Ebp Gnai1 Bmp6 Gdpd3 Impa2 Dgkq Napepld Hsd17b7 Hsd3b7 Gdpd1 Abca5 Fdxr Dgat2 Fdft1 Npc1 Acer3 Rest Aplp2 Naaa Cbr4 Nfe2l1 Dhrs4 Inppl1 Ldlr"
"GOBP_ALDEHYDE_BIOSYNTHETIC_PROCESS",-0.773982655912079,0.774935695913118,1,16,-0.339338820012213,3,"Clcn2 Slc25a10 Kdm3a"
"GOBP_ALDEHYDE_CATABOLIC_PROCESS",-1.03746981003113,0.440933254577673,1,12,-0.481796335807681,6,"Glo1 Pdxp Aldh3b1 Haghl Gatd1 Akr1a1"
"GOBP_ALDEHYDE_METABOLIC_PROCESS",0.974076884634466,0.507042253521127,1,50,0.277614050141332,11,"Rdh11 Pdxk Aldh1a3 Rdh13 Tkfc Rbp4 Bmp6 Mgat4a Rpe Rest Dhrs4"
"GOBP_ALPHA_AMINO_ACID_CATABOLIC_PROCESS",1.18005119037955,0.149154589371981,1,59,0.325373269192701,18,"Tha1 Nos3 Csad Mtrr Aldh6a1 Fah Ido1 Aldh7a1 Gcdh Gcat Gpt Prodh Kyat3 Echs1 Oat Amt Haao Ivd"
"GOBP_ALPHA_AMINO_ACID_METABOLIC_PROCESS",0.936227229842763,0.68377253814147,1,136,0.226795228268134,32,"Tha1 Azin2 Nos3 Abcc4 Csad Mtrr Aldh6a1 Thap4 Fah Dglucy Enoph1 Ido1 Mtr Mthfd1 Aldh7a1 Gcdh Gcat Pfas Gpt Prodh Apc Cln3 Pycr1 Kyat3 Egln2 Echs1 Oat Amt Haao Ivd Mmut Cad"
"GOBP_ALPHA_BETA_T_CELL_ACTIVATION",-1.05848725970502,0.363277919863598,1,154,-0.333645156569608,30,"Gadd45g Fut7 Ccr7 Loxl3 Bcl2 Cd81 Lck Ankle1 Ptpn22 Il12a Rorc Cd69 Il18 Prkcq Lilrb4a Zbtb7b Ada Il15 Prkcz Foxp3 Sema4a Rora Hlx Cd55 Cebpb Twsg1 Nfkbid Smad7 Ripk2 Cd1d1"
"GOBP_ALPHA_BETA_T_CELL_DIFFERENTIATION",-1.096132369047,0.302736098852604,1,111,-0.354965408704464,17,"Gadd45g Fut7 Ccr7 Loxl3 Bcl2 Ankle1 Il12a Rorc Cd69 Il18 Zbtb7b Ada Prkcz Foxp3 Sema4a Rora Hlx"
"GOBP_ALPHA_BETA_T_CELL_PROLIFERATION",-1.01056547471735,0.46050246050246,1,34,-0.383086199963144,9,"Cd81 Ptpn22 Il18 Lilrb4a Zbtb7b Il15 Cd55 Twsg1 Ripk2"
"GOBP_ALTERNATIVE_MRNA_SPLICING_VIA_SPLICEOSOME",-1.0378265630689,0.408025195380847,1,71,-0.352852860934534,42,"Gm7324 Celf4 Rbm15 Bclaf3 Wtap Rbm14 Rbm19 Srsf6 Rbm4 Sfpq Srsf5 Pqbp1 Rbmxl1 Srsf1 Rnps1 Nsrp1 Puf60 Ddx5 Ddx17 Celf2 Khdrbs1 Zbtb7a Srsf2 Smu1 Dhx9 Hnrnpa1 Thumpd2 Sfswap Eif4a3 Magoh Dyrk1a Tia1 Tra2b Arglu1 Thrap3 Ythdc1 Rsrc1 Ncbp1 Strap Sap18 Rbmx Srsf10"
"GOBP_AMEBOIDAL_TYPE_CELL_MIGRATION",-0.617729427263979,0.99700982486117,1,151,-0.195060202252611,21,"Sema6d Itga3 Lrp5 Vegfa Hyal2 Dusp10 Nrtn Cenpv Scrib Hdac6 Sema4a Jun Dab2ip Adam9 Eng Kank2 Prkce Akap12 Kit Vim Megf8"
"GOBP_AMELOGENESIS",-0.976858828903624,0.516886263819476,1,10,-0.473108506179557,1,"Amelx"
"GOBP_AMIDE_BIOSYNTHETIC_PROCESS",0.771704480207953,0.975845410628019,1,119,0.191453076119008,24,"B4galt4 St6galnac6 Sgms1 Carns1 Pdpr Mcee Ormdl3 Cers4 Gcdh Cers5 Mgst2 Mpc2 Asah1 Gne St8sia4 Eif2ak3 B4galt3 Coasy Vapa Mmut Ppcdc Elovl5 St3gal2 Mecr"
"GOBP_AMIDE_METABOLIC_PROCESS",-0.716040551338266,0.986161986161986,1,311,-0.216932627192558,68,"Cd36 Lrp1 Fut7 Rtn1 Olfm1 Slc5a6 Igf1 Unc13a Bckdhb Acot7 Smpdl3a Fitm2 Ctns Smpd4 Sphk2 Slc27a3 Dip2a Disp1 Slc1a2 Pemt Oplah Plpp1 Asl Plpp2 Cers1 Acss1 Smpd3 Gsto1 Tnf Dhfr Xdh B4galt6 Naglu Dcakd Acat2 Hid1 Nudt7 Ppcs Shmt1 Txnrd3 Gpat4 Ifngr1 Ehhadh Tigar Aph1a Casp7 Acadsb Slc25a16 Glo1 Pdk2 Acot9 Slc25a42 Hmgcs2 Gstz1 Amdhd1 Ece1 Gclc Abhd4 Fasn St8sia6 Bace1 Sirt4 Ncstn Pank4 Hmgcr Ggt5 Kdsr St3gal3"
"GOBP_AMINE_BIOSYNTHETIC_PROCESS",-1.22544890845327,0.21134236625227,1,19,-0.518436368331483,5,"Nr4a2 Ddc Nt5dc2 Oaz2 Odc1"
"GOBP_AMINOGLYCAN_BIOSYNTHETIC_PROCESS",0.916303699676215,0.604869713797522,1,32,0.28715302361661,8,"Egf B3galt6 Hs3st3a1 Ptger4 Hs3st3b1 Ext2 Tgds Ext1"
"GOBP_AMINOGLYCAN_CATABOLIC_PROCESS",-1.05294034069344,0.411405005688282,1,17,-0.45659006181595,5,"Hyal2 Hyal3 Ctbs Pglyrp2 Hyal1"
"GOBP_AMINOGLYCAN_METABOLIC_PROCESS",-0.87401447766186,0.685752492098225,1,54,-0.308637781740768,14,"Has3 Hyal2 Hyal3 Itih5 Pdgfrb Il15 Ctbs Ccnd3 Pglyrp2 Smpd3 Naglu Abcc5 Uxs1 Hyal1"
"GOBP_AMINO_ACID_ACTIVATION",-0.635560589523852,0.936631016042781,1,26,-0.252522125760191,16,"Mars2 Dalrd3 Gatb Dars2 Lars2 Iars2 Aars2 Qrsl1 Nars2 Sars2 Lrrc47 Wars2 Tars2 Pars2 Gatc Rars2"
"GOBP_AMINO_ACID_BETAINE_METABOLIC_PROCESS",1.15872576221304,0.279290690310323,1,13,0.459189753136985,4,"Cpt1b Aldh7a1 Cpt1a Aldh9a1"
"GOBP_AMINO_ACID_BIOSYNTHETIC_PROCESS",0.891036018613759,0.705850487540628,1,50,0.253947221057401,17,"Tha1 Mtrr Carns1 Enoph1 Mtr Mthfd1 Gcat Cln3 Pycr1 Oat Cad Mri1 Slc38a1 Got1 Psph Slc25a12 Aldh18a1"
"GOBP_AMINO_ACID_CATABOLIC_PROCESS",1.08070287058087,0.27987012987013,1,66,0.290731072935863,18,"Tha1 Nos3 Csad Mtrr Aldh6a1 Fah Ido1 Aldh7a1 Gcdh Gcat Gpt Prodh Kyat3 Echs1 Oat Amt Haao Ivd"
"GOBP_AMINO_ACID_IMPORT_ACROSS_PLASMA_MEMBRANE",-0.711224514519176,0.871122994652406,1,26,-0.282585058387108,5,"Slc43a1 Slc1a2 Tnf Slc6a9 Rgs2"
"GOBP_AMINO_ACID_METABOLIC_PROCESS",-0.657626386582153,0.991154170176917,1,179,-0.205237520912734,45,"Mcrip2 Ddc Ppat Ahcy Gpt2 Nat8l Pcbd1 Sardh Mttp Bckdhb Mars2 Slc39a8 Mthfr Pemt Asl Gamt Cacna1a Dalrd3 Icmt Odc1 Abcg2 Asnsd1 Mthfd2l Txnrd1 Gatb Shmt1 Acadsb Hmgcll1 Gstz1 Amdhd1 Gclc Sephs1 Sirt4 Ggt5 Nit2 Dars2 Hsd17b10 Bcat2 Etfa Pcbd2 Glul Lars2 Bphl Noxred1 Mtap"
"GOBP_AMINO_ACID_TRANSMEMBRANE_TRANSPORT",0.824671220213915,0.849662162162162,1,54,0.23153014708754,12,"Per2 Lrrc8a Slc6a20b Slc38a7 Slc36a1 Slc25a15 Cln3 Slc7a6 Lrrc8d Slc6a13 Arhgef11 Mfsd12"
"GOBP_AMINO_ACID_TRANSPORT",-0.870487787649525,0.712024595764063,1,84,-0.289657792825241,14,"Best1 Lrp5 Lrrc8b Slc43a1 Slc25a29 Gabbr1 Slc12a2 Ctns Slc1a2 Cacna1a Tnf Sv2a Slc6a9 Rgs2"
"GOBP_AMINO_SUGAR_BIOSYNTHETIC_PROCESS",1.13848356792894,0.295046439628483,1,12,0.461164046160127,4,"Gnpda2 Pgm3 Gne Amdhd2"
"GOBP_AMINO_SUGAR_METABOLIC_PROCESS",0.529125264976358,0.99474322684998,1,28,0.171147099514555,4,"Gnpda2 Pgm3 Hexb Gne"
"GOBP_AMP_BIOSYNTHETIC_PROCESS",-0.874499922434119,0.640442716123243,1,11,-0.415300054386287,1,"Ppat"
"GOBP_AMP_METABOLIC_PROCESS",-0.755514551134601,0.798634812286689,1,17,-0.327616316208585,3,"Ppat Ada Xdh"
"GOBP_AMYLOID_BETA_FORMATION",-0.891208012684378,0.635097137014315,1,37,-0.333306873512961,3,"Rtn1 Olfm1 Igf1"
"GOBP_AMYLOID_FIBRIL_FORMATION",-0.722063871095692,0.852925389157273,1,25,-0.289007026805679,2,"Cd36 Vhl"
"GOBP_AMYLOID_PRECURSOR_PROTEIN_BIOSYNTHETIC_PROCESS",-0.697442050663612,0.84764500984401,1,10,-0.337782448162551,6,"Ncstn Abca7 Ago2 Aatf Abca2 Itm2c"
"GOBP_AMYLOID_PRECURSOR_PROTEIN_CATABOLIC_PROCESS",-0.77622854317274,0.823841222879684,1,48,-0.278971595894872,4,"Rtn1 Olfm1 Igf1 Unc13a"
"GOBP_AMYLOID_PRECURSOR_PROTEIN_METABOLIC_PROCESS",-0.674043759805493,0.947639587826504,1,59,-0.234872950805152,12,"Rtn1 Olfm1 Igf1 Unc13a Tmcc2 Tnf Adam9 Naglu Ifngr1 Aph1a Bace1 Ncstn"
"GOBP_ANAPHASE_PROMOTING_COMPLEX_DEPENDENT_CATABOLIC_PROCESS",0.554151171563297,0.987667754805948,1,21,0.192865731462926,21,"Ube2c Cdc20 Anapc10 Anapc5 Fzr1 Anapc1 Fbxo31 Anapc11 Cdc26 Anapc15 Cul3 Anapc16 Anapc4 Akt1 Ube2s Cdc23 Anapc2 Anapc7 Cdc16 Anapc13 Cdc27"
"GOBP_ANDROGEN_METABOLIC_PROCESS",-1.23850171154813,0.215593620791494,1,12,-0.575154651003796,2,"Esr1 Chst10"
"GOBP_ANDROGEN_RECEPTOR_SIGNALING_PATHWAY",-1.07200814746882,0.368964626904209,1,35,-0.40485881573858,18,"Igf1 Psmc3ip Prmt2 Zdhhc7 Kdm3a Shq1 Trim68 Ncor2 Dnaja1 Ube3a Ddx5 Ddx17 Foxp1 Zbtb7a Daxx Zmiz1 Sirt1 Rwdd1"
"GOBP_ANGIOGENESIS",-1.02619434688492,0.426739926739927,1,311,-0.310897246341473,56,"Cd36 E2f2 Epha1 Hmga2 E2f7 Rasip1 Hmox1 Itga5 E2f8 Egfl7 Ntrk1 Zfp354c Vegfa Pde3b Brca1 Adgrg1 Tnfrsf12a Vegfd Cd93 Pik3r3 Nr4a1 Gpld1 Cd59a Meis3 Il12a Cd40 Il18 Gpr15 Angpt4 Pdgfrb Plau Hk2 S100a1 Bcam Vhl Tert Slc12a2 Meis1 Sema4a Vegfc Rora Jun Hoxa3 Ang Fzd5 Dab2ip Jup Tnf Thy1 Rbm15 Fmnl3 Hdac7 Abcg2 Clic4 Eng Pofut1"
"GOBP_ANGIOGENESIS_INVOLVED_IN_WOUND_HEALING",-1.00723478014409,0.472980659840728,1,17,-0.436770605850558,3,"Vegfa Slc12a2 Tnf"
"GOBP_ANGIOTENSIN_ACTIVATED_SIGNALING_PATHWAY",0.812095356616544,0.721806954826129,1,15,0.307496812090757,2,"Car2 Nr3c2"
"GOBP_ANIMAL_ORGAN_FORMATION",-0.856577698137503,0.678891605541972,1,24,-0.345881186402309,2,"Hes1 Hoxa3"
"GOBP_ANIMAL_ORGAN_MATURATION",-0.883000815340173,0.634801444043321,1,15,-0.393313191020197,4,"Igf1 Ryr1 Rflnb Rflna"
"GOBP_ANIMAL_ORGAN_REGENERATION",-0.760343331303523,0.820127920636993,1,32,-0.291057519053564,7,"Hmox1 Egfr Pcna Pnpt1 Cebpb Ezh2 Ccna2"
"GOBP_ANOIKIS",-1.30973897453744,0.128497690844879,1,24,-0.528865123823984,7,"Itga5 Bcl2 Chek2 Bcl2l1 E2f1 Mybbp1a Tfdp1"
"GOBP_ANTERIOR_POSTERIOR_PATTERN_SPECIFICATION",-0.82354577016244,0.801451702959241,1,101,-0.268860085118544,28,"Hes1 Hoxa6 Lrp5 Lfng Plxna2 Ets2 Xrcc2 Hes7 Mllt3 Ddit3 Cdon Tdrd7 Hoxa3 Fzd5 Celsr1 Pofut1 Palb2 Ofd1 Hes6 Kdm6a Hoxb3 Smad3 Hes5 Crkl Bhlhe40 Hoxa9 Vangl2 Smo"
"GOBP_ANTEROGRADE_AXONAL_TRANSPORT",1.22588695447506,0.149561403508772,1,34,0.378551252379709,19,"Kif5c Agtpbp1 Bloc1s3 Dlg2 Trim46 Kif3a Dtnbp1 Bloc1s5 Kif2a Ap3s2 Snapin Bloc1s6 Ap3b1 Kif5a Spg7 Ap3d1 Rab21 Kif5b Ap3s1"
"GOBP_ANTEROGRADE_DENDRITIC_TRANSPORT",-1.03502637159849,0.441220460664074,1,11,-0.491534072661368,2,"Kif17 Stau2"
"GOBP_ANTIBACTERIAL_HUMORAL_RESPONSE",-1.26949796159903,0.173049442697914,1,16,-0.556588622505078,2,"Jchain Wfdc21"
"GOBP_ANTIBACTERIAL_INNATE_IMMUNE_RESPONSE",0.953871943166053,0.51076630778974,1,13,0.378008530051294,3,"Slc15a2 Rasgrp4 Nod2"
"GOBP_ANTIGEN_PROCESSING_AND_PRESENTATION",0.873007413038372,0.815181518151815,1,85,0.227761844211252,24,"Trex1 Nod1 H2-Q10 Hfe Mr1 Rab32 H2-DMb1 Nod2 Ext1 Ctse Mfsd6 H2-Ab1 Ifi30 H2-Aa Cd74 H2-Oa H2-Q4 Tapbpl Pikfyve Rab27a H2-Q6 Cd68 H2-Eb1 Flt3"
"GOBP_ANTIGEN_PROCESSING_AND_PRESENTATION_OF_ENDOGENOUS_ANTIGEN",0.883602185458956,0.627063890882986,1,20,0.312090749626531,2,"H2-Q10 Hfe"
"GOBP_ANTIGEN_PROCESSING_AND_PRESENTATION_OF_EXOGENOUS_ANTIGEN",0.785052239555487,0.839594765723934,1,31,0.247899734432622,10,"Mr1 H2-DMb1 Ctse Mfsd6 H2-Ab1 Ifi30 H2-Aa Cd74 H2-Oa Pikfyve"
"GOBP_ANTIGEN_PROCESSING_AND_PRESENTATION_OF_EXOGENOUS_PEPTIDE_ANTIGEN",-0.608609215182811,0.95101986044015,1,25,-0.243596649559014,1,"H2-Eb2"
"GOBP_ANTIGEN_PROCESSING_AND_PRESENTATION_OF_EXOGENOUS_PEPTIDE_ANTIGEN_VIA_MHC_CLASS_II",-0.677750053891704,0.888811286492527,1,19,-0.286727805747179,1,"H2-Eb2"
"GOBP_ANTIGEN_PROCESSING_AND_PRESENTATION_OF_PEPTIDE_ANTIGEN",1.00758116854984,0.43064182194617,1,46,0.291687024150162,16,"H2-Q10 Hfe Mr1 H2-DMb1 Ctse Mfsd6 H2-Ab1 Ifi30 H2-Aa Cd74 H2-Oa H2-Q4 Tapbpl Pikfyve H2-Q6 H2-Eb1"
"GOBP_ANTIGEN_PROCESSING_AND_PRESENTATION_OF_PEPTIDE_ANTIGEN_VIA_MHC_CLASS_I",1.09305123828775,0.301155115511551,1,29,0.351755108707331,8,"H2-Q10 Hfe Mr1 Mfsd6 Ifi30 H2-Q4 Tapbpl H2-Q6"
"GOBP_ANTIGEN_PROCESSING_AND_PRESENTATION_OF_PEPTIDE_OR_POLYSACCHARIDE_ANTIGEN_VIA_MHC_CLASS_II",-0.662200471769889,0.904209799861974,1,21,-0.275026525998838,1,"H2-Eb2"
"GOBP_ANTIGEN_PROCESSING_AND_PRESENTATION_VIA_MHC_CLASS_IB",-0.659691520028841,0.905132192846034,1,18,-0.283271688357359,3,"H2-Q2 Ulbp1 Cd1d1"
"GOBP_ANTIGEN_RECEPTOR_MEDIATED_SIGNALING_PATHWAY",-1.15863578717168,0.18307757885763,1,154,-0.365212915954961,30,"Ms4a1 Cd79a Fcmr Ccr7 Bcl2 Cd81 Lck Lcp2 Ptpn22 Blk Cd22 Ermap Plcl2 Cd19 Nectin2 Pde4d Arpp21 Ada Cd86 Foxp3 Lax1 Tec Pde4b Thy1 Rab29 Tnfrsf21 Nfkbid Dusp22 Ripk2 Kcnn4"
"GOBP_ANTIVIRAL_INNATE_IMMUNE_RESPONSE",-0.826569186871178,0.758686796069974,1,59,-0.288020979559356,17,"Oas1c Oas1a Dtx4 Ifit2 Akap1 Tnf Hcfc2 Oasl1 Eif2ak2 Irf3 Trim27 Pde12 Zdhhc1 Ube2n Ifit1 Smarca5 Usp18"
"GOBP_AORTA_DEVELOPMENT",-1.03863991609701,0.418251896058685,1,45,-0.377154987323564,8,"Lrp1 Hes1 Tab1 Pdgfrb Pkd2 Kif7 Naglu Eng"
"GOBP_AORTA_MORPHOGENESIS",-1.1724820967643,0.26339601300721,1,18,-0.503464078338735,5,"Lrp1 Hes1 Pdgfrb Naglu Eng"
"GOBP_APICAL_JUNCTION_ASSEMBLY",0.682609584083772,0.968826108134437,1,41,0.202959425379266,8,"Snai1 Afdn Nedd4l Acvrl1 Arl2 Slc39a9 Cldn1 Cdh5"
"GOBP_APOPTOTIC_CELL_CLEARANCE",-0.949355264878524,0.54672187715666,1,21,-0.394288273066917,3,"Cd36 Lrp1 C2"
"GOBP_APOPTOTIC_DNA_FRAGMENTATION",0.771283432442154,0.779980500487488,1,15,0.29204353252615,3,"Aifm1 Endog Vps54"
"GOBP_APOPTOTIC_MITOCHONDRIAL_CHANGES",-1.07448736255946,0.344402064168723,1,97,-0.352154608528864,9,"Nol3 Aifm2 Bcl2 Bcl2a1b Wdr35 Igf1 Tmem14a Lrrk2 Hk2"
"GOBP_APOPTOTIC_PROCESS_INVOLVED_IN_DEVELOPMENT",1.02545611054863,0.409548675867214,1,22,0.354140260695355,4,"Cryab Chek1 Tgfbr3 Tnfrsf1b"
"GOBP_APOPTOTIC_PROCESS_INVOLVED_IN_MORPHOGENESIS",0.876157673199656,0.623232323232323,1,17,0.321237785772646,3,"Cryab Tgfbr3 Tnfrsf1b"
"GOBP_APOPTOTIC_SIGNALING_PATHWAY",-0.91152613562052,0.773639831359165,1,480,-0.271978427272053,56,"Uaca Atf3 Nol3 Nr4a2 S100a8 E2f2 Fcmr Inca1 Hmox1 Fignl1 Bcl2 Brsk2 Bcl2a1b Vegfa Wdr35 Brca1 Lck Hyal2 Igf1 Tnfrsf12a Chek2 Siah1b Nck2 Tmem14a Card9 Meis3 Il12a Il18 Siah1a S100a9 Ell3 Lrrk2 Trps1 Vhl Pidd1 Tert G2e3 Hells Ddit3 Tnfrsf4 Bag3 Bcl2l1 Tnfrsf22 Jun Deptor Ing2 Cdkn1a Dab2ip Melk Tnf E2f1 Ggct Cebpb Phlda3 Syvn1 Jmy"
"GOBP_APPENDAGE_DEVELOPMENT",-0.618640694282454,0.991460574470445,1,108,-0.200713138932359,7,"Galnt3 Tmem231 Lrp5 Plxna2 Map3k20 B9d1 Pkdcc"
"GOBP_APPENDAGE_MORPHOGENESIS",-0.638914991397555,0.978781970409451,1,82,-0.213336091213435,6,"Tmem231 Lrp5 Plxna2 Map3k20 B9d1 Pkdcc"
"GOBP_ARACHIDONATE_METABOLIC_PROCESS",-1.0347191161522,0.429586122114465,1,22,-0.425112964693471,4,"Pla2g4a Ptgds Daglb Ephx1"
"GOBP_ARACHIDONATE_SECRETION",1.13510506838874,0.306694813027744,1,11,0.469819919052561,4,"Anxa1 Hrh2 Kiss1r Pla2g4f"
"GOBP_ARF_PROTEIN_SIGNAL_TRANSDUCTION",0.862229480736528,0.644781144781145,1,17,0.316131100248417,17,"Cyth1 Cyth3 Map4k4 Arfgef1 Gbf1 Psd3 Cyth4 Mapre2 Psd4 Iqsec2 Git2 Fbxo8 Arfgap1 Iqsec1 Git1 Cyth2 Arfgef2"
"GOBP_ARGININE_METABOLIC_PROCESS",1.16104288262818,0.274613003095975,1,12,0.470302118187137,5,"Azin2 Nos3 Fah Cln3 Oat"
"GOBP_AROMATIC_AMINO_ACID_FAMILY_CATABOLIC_PROCESS",0.911454392074616,0.577804583835947,1,11,0.37725091767271,3,"Fah Ido1 Haao"
"GOBP_AROMATIC_AMINO_ACID_METABOLIC_PROCESS",1.13586841900988,0.268770402611534,1,21,0.395325508127985,5,"Abcc4 Thap4 Fah Ido1 Gcdh"
"GOBP_ARP2_3_COMPLEX_MEDIATED_ACTIN_NUCLEATION",0.807742254276896,0.818669048682447,1,36,0.245811567869059,1,"Nckap1"
"GOBP_ARTERY_DEVELOPMENT",-1.01242612076086,0.449415653405737,1,67,-0.347019243718945,9,"Lrp1 Luzp1 Hes1 Vegfa Tab1 Pdgfrb Pkd2 Ddit3 Kif7"
"GOBP_ARTERY_MORPHOGENESIS",-0.979095906421438,0.50564935889298,1,39,-0.363487244638323,10,"Lrp1 Hes1 Vegfa Pdgfrb Pkd2 Naglu Eng Smad7 Megf8 Arid2"
"GOBP_ASPARTATE_FAMILY_AMINO_ACID_BIOSYNTHETIC_PROCESS",1.1847020453684,0.249667110519308,1,16,0.441523703082578,4,"Mtrr Enoph1 Mtr Mthfd1"
"GOBP_ASPARTATE_TRANSMEMBRANE_TRANSPORT",-0.827722444503787,0.705952737062519,1,11,-0.393085427912167,2,"Lrrc8b Slc1a2"
"GOBP_ASSOCIATIVE_LEARNING",-1.13429518032873,0.271330654691562,1,66,-0.389410842018411,11,"Nrgn Chrnb2 Specc1 Sct Adam2 Fos Pde8b Rag1 Ctns Tsc1 Tanc1"
"GOBP_ASTRAL_MICROTUBULE_ORGANIZATION",-1.05518464297526,0.415102575294631,1,14,-0.475902651500388,6,"Tacc3 Tppp Cep120 Clasp1 Limk2 Ezr"
"GOBP_ASTROCYTE_ACTIVATION",-0.874766360938598,0.646442601484068,1,14,-0.394531547995419,5,"Lrp1 C1qa Egfr Naglu Ifngr1"
"GOBP_ASTROCYTE_DEVELOPMENT",-1.00958867256806,0.460744362944852,1,24,-0.407666144712208,8,"S100a8 Lrp1 S100a9 C1qa Egfr Naglu Ifngr1 Vim"
"GOBP_ASTROCYTE_DIFFERENTIATION",-1.16652296408862,0.236445416970581,1,54,-0.41193031601619,9,"S100a8 Lrp1 Hmga2 Hes1 Nfix S100a9 C1qa Ttc21b Egfr"
"GOBP_ASYMMETRIC_CELL_DIVISION",-0.546227042785368,0.971277507859388,1,16,-0.239483454495656,5,"Ing2 Abcg2 Aspm Dock7 Stra8"
"GOBP_ATP_BIOSYNTHETIC_PROCESS",0.585983218698688,0.999263622974963,1,77,0.154011764206181,23,"Entpd1 Ldhd Prkn Dnajc30 mt-Nd6 Ndufa10 Lipa mt-Nd5 Ak3 Sdha Eno1 mt-Nd2 Sdhc Slc25a12 Ndufab1 Stoml2 Slc25a13 mt-Atp8 mt-Nd1 mt-Atp6 Parp1 Ndufv1 Tgfb1"
"GOBP_ATP_METABOLIC_PROCESS",-0.651858896224262,0.992402659069326,1,175,-0.203829747033478,15,"Ppargc1a Fignl1 Hdac4 Pid1 Igf1 Pfkfb3 Mttp Rasl2-9 Eno3 Hk2 S100a1 Ctns Sphk2 Nmnat1 Bcl2l1"
"GOBP_ATP_SYNTHESIS_COUPLED_ELECTRON_TRANSPORT",-0.423246607723955,1,1,69,-0.144232971544107,30,"Cdk1 Cox7a1 Ndufaf1 Sdhaf2 Coq9 Ndufa12 Ndufb8 Dnajc15 Sdhb Cox7b Sdhd Ndufa8 Cox6a1 Ndufa7 Cox7a2 Park7 Ndufb9 Ndufb6 Uqcc3 Cox5a Ndufs7 Cox4i1 Uqcr10 Cox8a Ndufs3 Cycs Iscu Cyc1 Uqcr11 Cox5b"
"GOBP_ATP_TRANSPORT",0.855294924157168,0.661683457913552,1,15,0.323854163717277,6,"Slc17a9 P2rx7 Slc25a24 Slc35b1 Ank Calhm2"
"GOBP_ATRIAL_SEPTUM_DEVELOPMENT",-0.750526763315684,0.796141190547413,1,11,-0.356425195277074,5,"Zfpm1 Dand5 Smo Sox4 Mdm4"
"GOBP_ATRIOVENTRICULAR_VALVE_MORPHOGENESIS",-0.905464504683551,0.60604247681723,1,11,-0.430005135956155,3,"Olfm1 Zfpm1 Naglu"
"GOBP_AUDITORY_RECEPTOR_CELL_DEVELOPMENT",-0.984132595634734,0.503128555176337,1,17,-0.426752727870628,5,"Ankrd24 Scrib Pls1 Whrn Elmod3"
"GOBP_AUDITORY_RECEPTOR_CELL_MORPHOGENESIS",-1.08947613899807,0.376241963763881,1,13,-0.498145534899314,3,"Ankrd24 Scrib Pls1"
"GOBP_AUDITORY_RECEPTOR_CELL_STEREOCILIUM_ORGANIZATION",-1.08957003026419,0.382440921328148,1,11,-0.517436858732796,3,"Ankrd24 Scrib Pls1"
"GOBP_AUTONOMIC_NERVOUS_SYSTEM_DEVELOPMENT",-0.755533080584326,0.790165386887183,1,12,-0.350866180670929,2,"Hes1 Ntrk1"
"GOBP_AUTOPHAGOSOME_LYSOSOME_FUSION",-1.23460300369288,0.202884207549837,1,18,-0.530138809866558,3,"Diaph3 Rab39 Plekhm1"
"GOBP_AUTOPHAGOSOME_MATURATION",-0.524797855733179,0.998574652571564,1,62,-0.181525391410739,15,"Lix1l Irgm2 Elp6 Ubqln4 Phf23 Chmp7 Vps4a Tecpr1 Chmp1a Tmem39a Atg14 Snx14 Pik3r4 Stx17 Fyco1"
"GOBP_AUTOPHAGOSOME_ORGANIZATION",-0.552576269615502,0.999572512557444,1,148,-0.174701750889409,25,"Wipi1 Gm12185 Chek2 Tbc1d12 Snx7 Irgq Lrrk2 Bag3 Trp53inp2 Deptor Irgm2 Synpo2 Ubqln2 Phf23 Ube3c Atg2a Iigp1 Atg13 Tmem39a Epm2a Ubxn2a Rab1a Atg14 Mtm1 Pacs2"
"GOBP_AUTOPHAGY_OF_MITOCHONDRION",-0.385041688686785,1,1,98,-0.126089481752618,14,"Wipi1 Snx7 Hk2 Hdac6 Cers1 Irgm2 Atg2a Tigar Abi2 Atg13 Atg14 Htra2 Optn Parl"
"GOBP_AUTOPHAGY_OF_PEROXISOME",-0.794439802683437,0.751564277588168,1,17,-0.34449560397448,1,"Wipi1"
"GOBP_AXIS_ELONGATION",-1.30707977111252,0.151227352425482,1,13,-0.597641314417143,2,"Ptk7 Esr1"
"GOBP_AXIS_SPECIFICATION",-0.695752650493223,0.91715976331361,1,48,-0.250049072484298,11,"Stil Wnt6 Ets2 Ddit3 Tdrd7 Fzd5 Peg12 Frat1 Mdfi Kdm6a Bcor"
"GOBP_AXONAL_FASCICULATION",1.32962297743525,0.135528815706143,1,13,0.526914362901255,5,"Ncam1 Arhgap35 Ephb2 Amigo1 L1cam"
"GOBP_AXONAL_TRANSPORT",-0.444028319013593,0.999518420418974,1,57,-0.155522446974769,1,"Armcx1"
"GOBP_AXONAL_TRANSPORT_OF_MITOCHONDRION",-0.926750607382721,0.579339567504383,1,13,-0.423741888883854,2,"Armcx1 Hdac6"
"GOBP_AXONEMAL_DYNEIN_COMPLEX_ASSEMBLY",-1.13535675563069,0.32309509746013,1,12,-0.527254595178002,6,"Dnah7c Ccdc39 Dnal1 Dnaaf4 Dnaaf5 Ccdc63"
"GOBP_AXON_DEVELOPMENT",-0.929352601362144,0.686721144024515,1,287,-0.282618778885349,46,"Sema6d Nr4a2 Lrp1 Chrnb2 Agrn Auts2 Bcl2 Ntrk1 Ntn3 Olfm1 Nfix Brsk2 Vegfa Cit Tnfrsf12a Ephb6 Stmn1 Cntnap1 Ntng2 Rnd2 Rac3 Tiam2 Fbxo45 Ttl Metrn Cspg5 Bhlha15 Hdac6 Lamc1 Cdkl5 Sema4a Llgl1 Disc1 Jun Lmo4 Emb Cacna1a Tbc1d24 Tctn1 Thy1 Dhfr Celsr1 Tnfrsf21 B4galt6 Tiam1 Efna5"
"GOBP_AXON_ENSHEATHMENT_IN_CENTRAL_NERVOUS_SYSTEM",-1.02680535065626,0.449128322377822,1,16,-0.450184398077137,2,"Ccdc39 Cntnap1"
"GOBP_AXON_EXTENSION",-1.11692479178224,0.284937528921795,1,77,-0.375984918475278,11,"Sema6d Lrp1 Auts2 Olfm1 Vegfa Cit Tnfrsf12a Ttl Hdac6 Cdkl5 Disc1"
"GOBP_AXO_DENDRITIC_TRANSPORT",-0.669160167391806,0.962903225806452,1,79,-0.224437512887766,2,"Kif17 Armcx1"
"GOBP_BARBED_END_ACTIN_FILAMENT_CAPPING",-0.669158715599489,0.89607487079201,1,19,-0.283093168519468,7,"Eps8 Add3 Flii Twf2 Twf1 Cfl1 Capza1"
"GOBP_BASE_EXCISION_REPAIR",-0.79976855577712,0.785527462946818,1,44,-0.291460127401415,17,"Hmga2 Pole Lig1 Ogg1 Pcna Cul4a Dna2 Rpa3 Rpa2 Hmga1 Pold1 Neil3 Ercc5 Dcaf1 Fen1 Apex1 Hmgb1"
"GOBP_BASIC_AMINO_ACID_TRANSPORT",0.839094579250803,0.671962341865254,1,10,0.356879844831014,3,"Slc25a15 Cln3 Slc7a6"
"GOBP_BEHAVIOR",-1.01684780559078,0.445586457073761,1,404,-0.304931430573709,68,"Cd36 Nr4a2 Nrgn Itga3 Chrnb2 Fuom Itga5 Slc11a2 Auts2 Specc1 Bcl2 Ntrk1 Sct Trpm4 Nfix 2510009E07Rik Per3 Adam2 Fos Hdac4 Slc18a2 Mapre3 Ahcy Baiap3 Igf1 Klk8 Ptgds Pfkfb3 Pomc Pde8b Bbs4 Chst10 Rag1 Pak6 Pde4d Fosb Bahcc1 Lrrk2 Eps8 Ada Negr1 Usp2 Kcnip3 Prkcz Ctns Meis1 Bbs2 Dgki Tsc1 Slc1a2 Atxn1l Ttc21b Dnaaf4 Pax5 Grin2d Tanc1 Asl Bcl7a Egfr Jun Cacna1a Bhlhb9 Elp6 Syt11 Rnf170 Cebpb Celsr1 Thra"
"GOBP_BEHAVIORAL_RESPONSE_TO_COCAINE",0.819263307896295,0.699029126213592,1,10,0.348445299764452,1,"Homer1"
"GOBP_BEHAVIORAL_RESPONSE_TO_PAIN",-1.03111622010523,0.443555301514719,1,16,-0.452074421504492,5,"Ntrk1 Kcnip3 Cacna1a Osm Runx1"
"GOBP_BENZENE_CONTAINING_COMPOUND_METABOLIC_PROCESS",1.2523917507653,0.185245368865778,1,15,0.474213363875852,6,"Gstm5 Pon3 Fah Ido1 Kyat3 Haao"
"GOBP_BICARBONATE_TRANSPORT",-1.23885951538192,0.215225845049357,1,11,-0.588334442252439,3,"Best1 Slc26a6 Slc39a8"
"GOBP_BINDING_OF_SPERM_TO_ZONA_PELLUCIDA",-0.767231839569268,0.792822636300897,1,21,-0.31864837986065,3,"Adam2 Zp1 Spa17"
"GOBP_BIOLOGICAL_PROCESS_INVOLVED_IN_INTERACTION_WITH_HOST",-0.915532018864127,0.652015057573074,1,109,-0.296927846711307,17,"Gbp2 Cd81 Tpcn1 Timd2 Hyal2 Gpr15 Nectin2 Gbp9 Gbp7 Gbp6 Cul5 Tmprss4 Lrrc15 Pglyrp2 Cd55 Slc20a2 Xpr1"
"GOBP_BIOLOGICAL_PROCESS_INVOLVED_IN_INTRASPECIES_INTERACTION_BETWEEN_ORGANISMS",-0.879935506482011,0.653550488599349,1,33,-0.335573062598198,5,"Chrnb2 Nfix Bbs4 Negr1 Atxn1l"
"GOBP_BIOLOGICAL_PROCESS_INVOLVED_IN_SYMBIOTIC_INTERACTION",-1.00959753657509,0.466724757651672,1,120,-0.324598763816519,20,"Gbp2 Pcyox1l Cd81 Tpcn1 Timd2 Hyal2 Pomc Gpr15 Nectin2 Gbp9 Gbp7 Gbp6 Cul5 Tmprss4 Lrrc15 Pglyrp2 Cd55 Slc20a2 Xpr1 Tusc2"
"GOBP_BIOMINERAL_TISSUE_DEVELOPMENT",-0.850561077023698,0.75312676056338,1,92,-0.280399468605706,25,"Amelx Trpm4 Nfix Igf1 Wnt6 Bglap3 Tmem119 Ccr1l1 Pkdcc Cdon Suv39h1 Smpd3 Slc20a2 Icmt Rflnb Rflna Cebpb Fbxl15 Ecm1 Bcor Smad3 Cnnm4 Txlng Isg15 Rxrb"
"GOBP_BLASTOCYST_DEVELOPMENT",-1.09394970044329,0.310129406514949,1,103,-0.356433072211046,29,"Specc1 Gins1 Asf1b Igf1 Nek2 Ada Rbbp8 G2e3 Nasp Bysl Pemt Gabpa Suv39h1 Ints1 Gins4 Junb Palb2 Txnrd3 Thoc5 Ttll4 Taf8 Bcor St8sia6 Rad51b Mxi1 Pelo Uspl1 Rrp7a Cdk11b"
"GOBP_BLASTOCYST_FORMATION",-0.616347966469697,0.9667386060683,1,39,-0.228817853900894,9,"Ada Bysl Gabpa Junb Txnrd3 Mxi1 Uspl1 Rrp7a Ctr9"
"GOBP_BLASTOCYST_GROWTH",-1.13559060707499,0.297473512632437,1,24,-0.458545006829449,13,"Gins1 Igf1 Ints1 Gins4 Palb2 Taf8 Rad51b Pelo Ctr9 Sbds Prpf19 Rtf1 Ncapg2"
"GOBP_BLOOD_VESSEL_ENDOTHELIAL_CELL_MIGRATION",-0.802309880274264,0.823803569398659,1,86,-0.266230284070443,13,"Hmox1 Vegfa Igf1 Pik3r3 Nr4a1 Gpld1 Cd40 Angpt4 Vhl Vegfc Jup Tnf Hdac7"
"GOBP_BLOOD_VESSEL_ENDOTHELIAL_CELL_PROLIFERATION_INVOLVED_IN_SPROUTING_ANGIOGENESIS",-1.13334214822023,0.328297935985642,1,11,-0.538224239613457,3,"Hmox1 Vegfa Il12a"
"GOBP_BLOOD_VESSEL_MORPHOGENESIS",-1.11372130357554,0.189301243806249,1,361,-0.335328052181171,72,"Cd36 E2f2 Lrp1 Myo1e Epha1 Hmga2 E2f7 Rasip1 Hmox1 Itga5 E2f8 Egfl8 Hes1 Egfl7 Ntrk1 Zfp354c Lrp5 Vegfa Elmo3 Pde3b Brca1 Adgrg1 Tnfrsf12a Vegfd Cd93 Pik3r3 Nr4a1 Gpld1 Cd59a Meis3 Il12a Cd40 Il18 Gpr15 Angpt4 Pdgfrb Plau Hk2 S100a1 Bcam Vhl Pkd2 Tert Slc12a2 Meis1 Sema4a Vegfc Rora Mrtfb Jun Hoxa3 Ang Fzd5 Dab2ip Jup Tnf Thy1 Rbm15 Fmnl3 Hdac7 Junb Abcg2 Clic4 Naglu Eng Pofut1 Glmn Smad7 Paxip1 Ecm1 Rgcc Flna"
"GOBP_BLOOD_VESSEL_REMODELING",-1.09364611306536,0.340874233128834,1,37,-0.409017604742422,5,"Nol3 Lrp1 Vegfa Igf1 Il18"
"GOBP_BODY_MORPHOGENESIS",0.665484577927563,0.966755319148936,1,35,0.204007693079363,1,"Nckap1"
"GOBP_BONE_CELL_DEVELOPMENT",0.731234239978917,0.830905636478784,1,13,0.289779757291265,4,"Gpr68 Ninj1 Tjp2 Src"
"GOBP_BONE_DEVELOPMENT",-0.717257449993098,0.949989151659796,1,128,-0.229843759055866,22,"Galnt3 Lrp5 Nfix Igf1 Bglap3 Amer1 Fancb Tmem119 Fbn1 Trim45 Smpd3 Ryr1 Rflnb Rflna Chad Pdgfc Mcph1 Acp5 Ecm1 Chsy1 Slc10a7 Megf8"
"GOBP_BONE_GROWTH",1.13661800836291,0.278251963127347,1,18,0.409517640668419,5,"Rarg Poc1a Ext1 Rara Carm1"
"GOBP_BONE_MARROW_DEVELOPMENT",-1.12432328546263,0.341359987884295,1,10,-0.544527923901885,2,"Lrp5 Fancb"
"GOBP_BONE_MATURATION",-0.883000815340173,0.634801444043321,1,15,-0.393313191020197,4,"Igf1 Ryr1 Rflnb Rflna"
"GOBP_BONE_MINERALIZATION",-0.921175870092696,0.608019639934534,1,69,-0.313916120374089,23,"Trpm4 Nfix Igf1 Bglap3 Tmem119 Ccr1l1 Pkdcc Suv39h1 Smpd3 Slc20a2 Icmt Rflnb Rflna Fbxl15 Ecm1 Bcor Smad3 Txlng Isg15 Rxrb Ptk2b Minpp1 Klf10"
"GOBP_BONE_MORPHOGENESIS",-0.712661421579538,0.903008806262231,1,51,-0.253663251319601,3,"Galnt3 Lrp5 Nfix"
"GOBP_BONE_REMODELING",-0.713932553488204,0.912525324752711,1,61,-0.247581424784112,10,"Lrp5 Vegfa Tmem119 Dusp18 Plekhm1 Def8 Egfr Gpr55 Rassf2 Acp5"
"GOBP_BONE_RESORPTION",0.850936026971568,0.790089086859688,1,52,0.240078969029981,13,"Car2 Ubash3b Ptger4 Kiss1r Gpr137 Ltbp3 Idua Itgb3 Ext1 Rab3d Tnfrsf11a Nf1 Adrb2"
"GOBP_BRAIN_MORPHOGENESIS",-0.908488482061378,0.605879223197659,1,27,-0.358120971513085,4,"Nfix Bbs4 Bbs2 Fancc"
"GOBP_BRANCHED_CHAIN_AMINO_ACID_METABOLIC_PROCESS",-0.833906470223427,0.709046454767726,1,24,-0.336726673945157,6,"Mcrip2 Bckdhb Acadsb Hmgcll1 Hsd17b10 Bcat2"
"GOBP_BRANCHING_INVOLVED_IN_BLOOD_VESSEL_MORPHOGENESIS",1.01288451013004,0.421590909090909,1,24,0.340040588738284,4,"Sirt6 Dll4 Acvr1 Ctnnd1"
"GOBP_BRANCHING_INVOLVED_IN_MAMMARY_GLAND_DUCT_MORPHOGENESIS",-0.973403784442049,0.516273222517111,1,19,-0.411806579160621,4,"Esr1 Lrp5 Slc12a2 Kdm5b"
"GOBP_BRANCHING_MORPHOGENESIS_OF_AN_EPITHELIAL_TUBE",-0.92676126961725,0.61685393258427,1,94,-0.30462168678595,17,"Esr1 Hmga2 Rasip1 Bcl2 Lrp5 Vegfa Igf1 Wnt6 Pkd2 Timeless Slc12a2 Kdm5b Tnf Rbm15 Celsr1 Clic4 Eng"
"GOBP_BROWN_FAT_CELL_DIFFERENTIATION",-1.08175779655389,0.357474825716499,1,35,-0.408540906580677,8,"Selenbp1 Rarres2 Dusp10 Zbtb7b Cebpb Rgs2 Ffar4 Nudt7"
"GOBP_B_CELL_APOPTOTIC_PROCESS",-0.549720802041819,0.977213808159367,1,23,-0.224018518989274,7,"Aurkb Ada Tnfrsf21 Crkl Slc39a10 Mif Foxp1"
"GOBP_B_CELL_HOMEOSTASIS",-1.15580441864937,0.261829652996845,1,40,-0.427028237769786,5,"Bcl2 Tnfrsf13c Bbs4 Ada Foxp3"
"GOBP_C21_STEROID_HORMONE_BIOSYNTHETIC_PROCESS",-0.943070157298278,0.556236912952438,1,11,-0.447864062155551,2,"Ppargc1a Clcn2"
"GOBP_C21_STEROID_HORMONE_METABOLIC_PROCESS",-0.8047496671626,0.734584837545126,1,15,-0.358457947110984,2,"Ppargc1a Clcn2"
"GOBP_C4_DICARBOXYLATE_TRANSPORT",-1.16470008850986,0.288811290557253,1,14,-0.525295609649591,4,"Lrrc8b Slc25a10 Slc12a2 Slc1a2"
"GOBP_CALCINEURIN_MEDIATED_SIGNALING",-0.815077487092432,0.754426187746784,1,38,-0.30363419395095,3,"Calml3 Igf1 Ppp3cc"
"GOBP_CALCIUM_DEPENDENT_CELL_CELL_ADHESION",0.920188718113704,0.561635775228008,1,10,0.391370430767032,6,"Selp Cdh11 Cdh22 Cdh5 Cdh1 Atp2c1"
"GOBP_CALCIUM_IMPORT_INTO_THE_MITOCHONDRION",-0.491587042000476,0.990385974833875,1,18,-0.211087587355961,1,"Mcu"
"GOBP_CALCIUM_ION_HOMEOSTASIS",-1.13280097149816,0.214007782101167,1,185,-0.352849891458724,31,"Nol3 Ncs1 Ccl3 Slc25a27 Plcl1 Ccr7 Marcksl1 Bcl2 Calml3 Gcm2 Lck Tmtc4 Plcl2 Cd40 Mcu Cd19 Pde4d Tmem38a Cacnb2 Ccr1l1 Pkd2 Calcb Ddit3 Cib3 Cul5 Disc1 Cacna1a Gsto1 Sv2a Ryr1 Thy1"
"GOBP_CALCIUM_ION_IMPORT",-0.973079749520179,0.518660043306585,1,38,-0.362493493041412,8,"Ms4a1 Hes1 Pdgfrb Cask Cacnb2 Ppp3cc Pkd2 Ddit3"
"GOBP_CALCIUM_ION_IMPORT_ACROSS_PLASMA_MEMBRANE",-1.16044768604765,0.293176196711771,1,14,-0.523377718197621,4,"Ms4a1 Ppp3cc Cacna1a Kcnn4"
"GOBP_CALCIUM_ION_REGULATED_EXOCYTOSIS",-1.15496900342315,0.261495350910712,1,38,-0.430251218989872,7,"Kcnb1 Hyal3 Baiap3 Unc13a Stx1a Cacna1a Syt11"
"GOBP_CALCIUM_ION_REGULATED_EXOCYTOSIS_OF_NEUROTRANSMITTER",0.933494718352382,0.54372738238842,1,11,0.38637340738409,1,"Stxbp1"
"GOBP_CALCIUM_ION_TRANSMEMBRANE_TRANSPORT_VIA_HIGH_VOLTAGE_GATED_CALCIUM_CHANNEL",-1.06895504715093,0.402688486265342,1,13,-0.488762593952747,6,"Pde4d Cacnb2 Rem1 Pde4b Fbxo11 Sestd1"
"GOBP_CAMERA_TYPE_EYE_MORPHOGENESIS",-0.97222433551285,0.518621973929236,1,72,-0.329834862964905,21,"Lrp5 Vegfa Bbs4 Tenm3 Vhl Scrib Meis1 Rpgr Casz1 Sox12 Cdon Prox2 Bcar3 Tdrd7 Fzd5 Thy1 Naglu Bbs10 Ift122 Abi2 Alms1"
"GOBP_CAMERA_TYPE_EYE_PHOTORECEPTOR_CELL_DIFFERENTIATION",-0.931318072975038,0.567590740211489,1,16,-0.408319713013436,7,"Bbs4 Casz1 Thy1 Naglu Bbs10 Alms1 Sox8"
"GOBP_CAMKK_AMPK_SIGNALING_CASCADE",-0.714967262780086,0.832500378615781,1,10,-0.346270191406076,2,"Lrrk2 Irgm2"
"GOBP_CAMP_METABOLIC_PROCESS",-0.937572122059874,0.565691837625491,1,14,-0.422857802026976,5,"Pde8b Pde7b Pde4d Adcy9 Pde4b"
"GOBP_CANONICAL_NF_KAPPAB_SIGNAL_TRANSDUCTION",-0.690221468179561,0.986705142739359,1,244,-0.211315852263842,52,"Cd36 Esr1 Il1rap Tab1 Card9 Trim55 Tspan6 Cd40 Ccr1l1 Pidd1 Saa3 Gbp7 Snip1 Slc39a8 Sphk2 Rora Prmt2 Irgm2 Dab2ip Tnf Rassf2 Nfkbid Mapkbp1 Prkce Ripk2 Usp10 Flna Nup62 Erc1 Lrrc25 Trim26 Relb Casp7 Trim13 Trim5 Ikbke Arrb2 Irf3 Capn3 Traf2 S100a4 Chuk Ube2n Dnaja3 Cpne1 Trim12c Optn Lamtor5 Ccdc22 Eda Spi1 Tnfrsf1a"
"GOBP_CANONICAL_WNT_SIGNALING_PATHWAY",-0.854198690966369,0.80341969998951,1,186,-0.265777847004504,31,"Ptk7 Wnt10a Tmem88 Lrp5 Trpm4 Ccnyl1 Wnt6 Siah1b Jrk Siah1a Amer1 Lrrk2 Mllt3 Ddit3 Ttc21b Bambi Cdon Disc1 Egfr Tmem9 Fzd5 Dab2ip Jup Tmem198b Sdc1 Thra Abcg2 Peg12 Lgr5 Smad7 Frat1"
"GOBP_CARBOHYDRATE_BIOSYNTHETIC_PROCESS",-0.747845099993395,0.925520497960936,1,141,-0.237330087736883,10,"Atf3 Cd36 Has3 Ppargc1a Gpt2 Igf1 Chst10 Slc25a10 Ppp1r3d Arrb1"
"GOBP_CARBOHYDRATE_CATABOLIC_PROCESS",-0.995829136532857,0.496862151049556,1,132,-0.318135524139512,17,"Wipi1 Ppargc1a Lrp5 Phkg1 Hdac4 Igf1 Pfkfb3 Pomc Phka1 Mttp Rasl2-9 Eno3 Gk Hk2 Ppp1r3d Ppp1r3b Ctbs"
"GOBP_CARBOHYDRATE_DERIVATIVE_BIOSYNTHETIC_PROCESS",-0.651031873255178,0.999396863691194,1,443,-0.194647044587531,98,"Has3 Galnt3 Fut7 Fuom Gucy2c Pnp2 Ccr7 Rrm2 Bcl2 Piga Ppat Cdk1 Pid1 Igf1 Tmtc4 Chst10 Tk1 Pdgfrb Chst3 Nme4 6430550D23Rik Gk Ada Galnt4 Slc25a10 Mgat4b Adcy9 Il15 Derl3 Pign Slc39a8 Dut Sphk2 Tyw3 Uggt2 Alg13 Pomt1 Gal3st4 Bcl2l1 Sccpdh Poglut3 Ccnd3 Smpd3 Galnt10 Gcnt2 Chpf Tyms Pigc B4galt6 Pofut1 Pigf Dctd Abcc5 Dtymk Shmt1 Alg9 Uxs1 Chsy1 Slc10a7 Cmpk2 Fcsk Prkcsh Pgap3 Alg1 Pigw Uckl1 Prps1 Rft1 Pigu Umps Mgat2 St8sia6 Rrm1 Aprt Ncstn Dolpp1 Cmpk1 Pigq Impdh2 Kdsr St3gal3 Ganc Pigm Csgalnact2 Mgat5 Uck2 Abca7 Uap1l1 Alg3 Vangl2 Galnt7 Xylt2 Xylt1 Galnt2 Tmem260 Dck St6gal1 Mtap"
"GOBP_CARBOHYDRATE_DERIVATIVE_CATABOLIC_PROCESS",-0.985887714026686,0.524533080088636,1,175,-0.30827721231918,21,"Aoah Pnp2 Ppargc1a Nudt1 Hdac4 Ahcy Hyal2 Hyal3 Igf1 Pfkfb3 Pde8b Pde7b Mttp Rasl2-9 Eno3 Pde4d Hk2 Ada Dut Nudt4 Ctbs"
"GOBP_CARBOHYDRATE_DERIVATIVE_TRANSPORT",0.749161609846164,0.955107351984385,1,65,0.202193253337633,22,"Slc17a9 Lrrc8a Abcc4 Slc35b4 Slc15a2 Slc35d1 Plekha8 Cln3 Shoc2 Lrrc8d Slc46a2 Slc35d2 Pltp P2rx7 Slc35c2 Scarb1 Slc25a24 Slc35b1 Ank Ralbp1 Slc15a3 Slc37a1"
"GOBP_CARBOHYDRATE_HOMEOSTASIS",-1.11802555480907,0.23558949680929,1,191,-0.347175514611843,24,"Ffar1 Pde1c Kcnb1 Lrp1 Oas1c Lrp5 Trpm4 Brsk2 Oas1a Pde3b Baiap3 Igf1 Pomc Pde8b Gpld1 Fabp5 Mcu Gk Hk2 Fbn1 Arrb1 Stxbp4 Bhlha15 Birc5"
"GOBP_CARBOHYDRATE_METABOLIC_PROCESS",-0.890184067571465,0.807991120976693,1,384,-0.267318139259356,35,"Atf3 Cd36 Has3 Galnt3 Wipi1 Fuom Ppargc1a Oas1c Lrp5 Phkg1 Oas1a Hdac4 Gpt2 Hyal2 Hyal3 Igf1 Pla2g4a Pfkfb3 Pomc Gpld1 Fabp5 Rorc Chst10 Phka1 Chst3 Mttp Rasl2-9 Eno3 Xylb Gk Hk2 Slc25a10 Fbn1 Ppp1r3d Arrb1"
"GOBP_CARBOHYDRATE_PHOSPHORYLATION",-0.811288427557005,0.739052106430155,1,20,-0.339786685359304,9,"Pfkfb3 Xylb Hk2 Fcsk Pfkfb2 Hk1 Epm2a Fggy Pfkm"
"GOBP_CARBOXYLIC_ACID_TRANSMEMBRANE_TRANSPORT",-0.84081001678113,0.763214732295101,1,86,-0.279005774602193,12,"Cd36 Slc16a3 Lrrc8b Slc43a1 Slc5a6 Slc25a29 Slc25a10 Slc1a2 Emb Tnf Slc6a9 Rgs2"
"GOBP_CARDIAC_ATRIUM_DEVELOPMENT",0.857160093069047,0.658122503328895,1,16,0.319452895271035,2,"Dll4 Acvr1"
"GOBP_CARDIAC_ATRIUM_MORPHOGENESIS",0.980318956581721,0.475541795665635,1,12,0.397096514416199,2,"Dll4 Acvr1"
"GOBP_CARDIAC_CELL_DEVELOPMENT",-0.796791283396727,0.806816827553331,1,61,-0.276315627064598,12,"Vegfa Cdk1 Igf1 Cxadr Pdgfrb Trip10 Meis1 Actn2 Maml1 Akap1 Rgs2 Naglu"
"GOBP_CARDIAC_CHAMBER_DEVELOPMENT",-1.06735298088631,0.356408808582722,1,91,-0.352459981622249,16,"Ptk7 Lrp1 Luzp1 Hes1 Tab1 Fgfrl1 Zfpm1 Kif7 Dand5 Maml1 Lmo4 Rbm15 Abcg2 Naglu Eng Smad7"
"GOBP_CARDIAC_CHAMBER_MORPHOGENESIS",0.896501785436494,0.712264150943396,1,57,0.249060602243694,7,"Dll4 Nos3 Rxra Acvr1 Tgfbr3 Mybpc3 Rbp4"
"GOBP_CARDIAC_EPITHELIAL_TO_MESENCHYMAL_TRANSITION",1.04809184642753,0.38024049398765,1,15,0.396855983634147,4,"Snai1 Acvr1 Tgfbr3 Acvrl1"
"GOBP_CARDIAC_MUSCLE_ADAPTATION",0.665696170227575,0.901202469938252,1,15,0.252063318055222,1,"Errfi1"
"GOBP_CARDIAC_MUSCLE_CELL_ACTION_POTENTIAL",-1.30659978700821,0.132358967354187,1,22,-0.536814774610986,7,"Trpm4 Cxadr Cacnb2 Scn2b Jup Rangrf Flna"
"GOBP_CARDIAC_MUSCLE_CELL_ACTION_POTENTIAL_INVOLVED_IN_CONTRACTION",-1.24727228701506,0.207471943295924,1,12,-0.579227666991378,5,"Trpm4 Cacnb2 Scn2b Jup Flna"
"GOBP_CARDIAC_MUSCLE_CELL_CONTRACTION",-1.1890885213505,0.237348917518927,1,28,-0.465903418345437,8,"Trpm4 Pde4d Cacnb2 Scn2b Pde4b Jup Rangrf Flna"
"GOBP_CARDIAC_MUSCLE_CELL_DIFFERENTIATION",-0.705205183543133,0.93749283174676,1,82,-0.235470632848138,14,"Vegfa Cdk1 Igf1 Cxadr Pdgfrb Trip10 Meis1 Tsc1 Actn2 Maml1 Akap1 Rgs2 Abcg2 Naglu"
"GOBP_CARDIAC_MUSCLE_CELL_PROLIFERATION",-0.718027638881801,0.884092928779992,1,39,-0.266566213094722,3,"Cdk1 Fgf20 Cxadr"
"GOBP_CARDIAC_MUSCLE_CONTRACTION",-1.16192591303995,0.234209908429209,1,68,-0.397125287260286,17,"Myl4 Agrn Trpm4 Ehd3 Hdac4 Pde4d Tmem38a Cacnb2 Scn2b Pde4b Gsto1 Jup Rgs2 Rangrf Smad7 Flna Adra1b"
"GOBP_CARDIAC_MUSCLE_TISSUE_DEVELOPMENT",1.00028977315532,0.457317073170732,1,146,0.23862967262749,21,"Trex1 Alpk2 Ncam1 Sirt6 Dll4 Neb Rxra Acvr1 Pi16 Met Tgfbr3 Mybpc3 Map2k4 Rbp4 Pln Pak1 Large1 Kat2a Slc8a1 Apc Ccnb1"
"GOBP_CARDIAC_MUSCLE_TISSUE_MORPHOGENESIS",1.24246706928653,0.149615851192883,1,28,0.401879572241255,5,"Sirt6 Dll4 Rxra Tgfbr3 Mybpc3"
"GOBP_CARDIAC_SEPTUM_MORPHOGENESIS",-0.742553522539839,0.846254071661238,1,33,-0.283180935268769,6,"Hes1 Fgfrl1 Zfpm1 Rbm15 Eng Smad7"
"GOBP_CARDIAC_VENTRICLE_DEVELOPMENT",-0.948938922948408,0.559873209673632,1,68,-0.324330181588261,12,"Ptk7 Luzp1 Hes1 Fgfrl1 Zfpm1 Dand5 Lmo4 Rbm15 Abcg2 Naglu Eng Smad7"
"GOBP_CARDIAC_VENTRICLE_MORPHOGENESIS",1.05933953130975,0.352596314907873,1,30,0.337003385898637,4,"Dll4 Rxra Tgfbr3 Mybpc3"
"GOBP_CARDIOCYTE_DIFFERENTIATION",-0.729462781016274,0.927022798390702,1,102,-0.237940305260541,17,"Hes1 Vegfa Cdk1 Igf1 Cxadr Pdgfrb Trip10 Meis1 Tsc1 Actn2 Maml1 Akap1 Egfr Rgs2 Abcg2 Naglu Eng"
"GOBP_CARDIOLIPIN_METABOLIC_PROCESS",-0.784297832171076,0.757403529763685,1,11,-0.372463077468406,6,"Pgs1 Crls1 Dnajc19 Pnpla8 Mecp2 Hadha"
"GOBP_CARNITINE_METABOLIC_PROCESS",0.974353526783351,0.482509047044632,1,11,0.403284865718842,3,"Cpt1b Cpt1a Aldh9a1"
"GOBP_CARTILAGE_DEVELOPMENT",-0.925209368435249,0.626465661641541,1,101,-0.302049841748213,24,"Galnt3 Hmga2 Agrn Hyal2 Hyal3 Gpld1 Trps1 Pkdcc Bbs2 Slc26a2 Smpd3 Maf Hoxa3 Rflnb Rflna Thra Smad7 Ecm1 Runx1 Hyal1 Chsy1 Hoxb3 Smad3 Hes5"
"GOBP_CARTILAGE_DEVELOPMENT_INVOLVED_IN_ENDOCHONDRAL_BONE_MORPHOGENESIS",1.29566721379207,0.146124957323319,1,18,0.466822253896698,5,"Rarg Poc1a Ext1 Rara Carm1"
"GOBP_CATECHOLAMINE_SECRETION",-1.28858464368625,0.14573268921095,1,25,-0.51575772111975,7,"Kcnb1 Chrnb2 Slc18a2 Xlr4a Gabbr1 Stx1a Syt11"
"GOBP_CD40_SIGNALING_PATHWAY",-1.23112488677576,0.223407364114553,1,13,-0.562912158695616,3,"Itga5 Fanca Cd40"
"GOBP_CD4_POSITIVE_ALPHA_BETA_T_CELL_ACTIVATION",-1.196225231821,0.161103693813974,1,104,-0.38925341882537,27,"Gadd45g Fut7 Ccr7 Loxl3 Cd81 Il12a Rorc Cd69 Il18 Prkcq Lilrb4a Zbtb7b Prkcz Foxp3 Sema4a Rora Hlx Cd55 Cebpb Twsg1 Nfkbid Smad7 Ripk2 Runx1 Relb Klhl25 Armc5"
"GOBP_CD4_POSITIVE_ALPHA_BETA_T_CELL_DIFFERENTIATION",-1.14348946882033,0.239681637293917,1,88,-0.378908818029108,21,"Gadd45g Fut7 Ccr7 Loxl3 Il12a Rorc Cd69 Il18 Zbtb7b Prkcz Foxp3 Sema4a Rora Hlx Nfkbid Smad7 Ripk2 Runx1 Relb Klhl25 Armc5"
"GOBP_CD4_POSITIVE_ALPHA_BETA_T_CELL_PROLIFERATION",-1.12261164403074,0.344237467817659,1,10,-0.543698948315039,4,"Cd81 Lilrb4a Cd55 Twsg1"
"GOBP_CD8_POSITIVE_ALPHA_BETA_T_CELL_ACTIVATION",-0.95935209173908,0.532440923371124,1,22,-0.39414852353428,4,"Bcl2 Ptpn22 Lilrb4a Zbtb7b"
"GOBP_CD8_POSITIVE_ALPHA_BETA_T_CELL_DIFFERENTIATION",-1.06625703594224,0.405464640561075,1,13,-0.487528971490898,2,"Bcl2 Zbtb7b"
"GOBP_CDP_DIACYLGLYCEROL_METABOLIC_PROCESS",-0.746659748384992,0.794418468731736,1,13,-0.341398224736786,1,"Gpat3"
"GOBP_CELLULAR_COMPONENT_ASSEMBLY_INVOLVED_IN_MORPHOGENESIS",-0.779124777867627,0.845571977190737,1,73,-0.263999201503742,13,"Mybpc2 Mycbpap Cntnap1 Pdgfrb Nectin2 Tppp Acrbp Actn2 Cep78 Csrp2 Mtmr2 Rfx2 Poc1b"
"GOBP_CELLULAR_COMPONENT_DISASSEMBLY",-0.809503269285868,0.921689798399352,1,344,-0.244110657997869,78,"Itgam Lrrc49 Lix1l C1qb Shfl Noxo1 Napb Cdk1 Diaph3 Stmn1 Kif24 Hspa2 Aurkb Pym1 Eps8 C1qa Hdac6 Hemk1 Nmnat1 Lamc1 Cul5 Actn2 Stx1a Ckap2l Otud3 Top2a Irgm2 Tnf Trnt1 Elp6 Mical3 Ccsap Camsap3 Pex12 Eng Ubqln4 Add3 Smarcc1 Camsap1 Smad7 Denr Cdc25a Kif2c Tpx2 Usp10 Nemp1 Specc1l Phf23 Chmp7 Eif5a2 Mrrf Vps4a Exoc8 Jmjd4 Elac1 Arid2 Tecpr1 Chka Plxnc1 Etf1 Chmp1a Traf2 Ascc3 Pdxp Tpm1 Dyrk3 Tmem39a Pelo Mtrf1l Eif4e2 Rrp7a Atg14 Vangl2 Snx14 Pik3r4 Clasp1 Katnb1 Abce1"
"GOBP_CELLULAR_COMPONENT_DISASSEMBLY_INVOLVED_IN_EXECUTION_PHASE_OF_APOPTOSIS",0.662849730857174,0.938828795225662,1,22,0.228914503578332,4,"Aifm1 Endog Dedd2 Vps54"
"GOBP_CELLULAR_COMPONENT_MAINTENANCE",1.19363662154209,0.124767225325885,1,61,0.325893096027679,18,"Homer1 Dlg4 Apoe Prnp Pjvk Cadm1 Afdn App Tprn Insr Ctbp2 Igf1r Itgb3 Dlg2 Prtn3 Cldn1 L1cam Mtss1"
"GOBP_CELLULAR_DETOXIFICATION_OF_ALDEHYDE",1.18818910842827,0.247987616099071,1,12,0.481298204279726,1,"Rdh11"
"GOBP_CELLULAR_EXTRAVASATION",-0.908555736232207,0.620042272783787,1,45,-0.329918311313393,5,"Itgam Fut7 Cd99l2 Trim55 Plvap"
"GOBP_CELLULAR_HYPEROSMOTIC_RESPONSE",-0.601139115728154,0.93583587952859,1,14,-0.271121932071498,3,"Fxyd2 Xrcc5 Oxsr1"
"GOBP_CELLULAR_OXIDANT_DETOXIFICATION",-1.073070059011,0.359736777967341,1,52,-0.380975758367347,11,"Cd36 S100a8 Gpx7 S100a9 Fancc Gsto1 Dhfr Prxl2a Txnrd1 Txnrd3 Nnt"
"GOBP_CELLULAR_PIGMENTATION",-0.721506325246845,0.889176528599605,1,48,-0.259304779208003,3,"Bcl2 Mreg Pomc"
"GOBP_CELLULAR_PROCESS_INVOLVED_IN_REPRODUCTION_IN_MULTICELLULAR_ORGANISM",-1.00754778578307,0.470880829015544,1,226,-0.309740369144177,54,"Drc7 Spag6l Gdf9 Paqr8 Cabcoco1 Mast2 Bcl2 Brdt Ropn1l Mycbpap Catspere2 Igf1 Bbs4 Hspa2 Map7 Cdc25b Nectin2 Xlr4a Brip1 Tmem119 Hfm1 Trip13 Mei4 Stau2 Acrbp Slc26a6 Cep131 Bbs2 Eed Fancc Cep78 Bcl2l1 Taf4b Tdrd7 Washc5 Ing2 Yif1b Kdm3a Sbf1 Ercc1 Lgr5 Cdkn1c Ccdc63 Rfx2 Poc1b Gopc Runx1 Tnk2 Kit Alms1 Smchd1 Aspm Pygo2 Asb7"
"GOBP_CELLULAR_RESPIRATION",-0.550937160236322,1,1,270,-0.167983734175157,12,"Aifm2 Ppargc1a Oas1c Oas1a Cdk1 Hdac4 Igf1 Pfkfb3 Mttp Rasl2-9 Eno3 Hk2"
"GOBP_CELLULAR_RESPONSE_TO_ABIOTIC_STIMULUS",-0.76012863868813,0.945814841572918,1,236,-0.233118146343966,34,"Kcnk3 Fignl1 Brca1 Hyal2 Hyal3 Clcn2 Bard1 Chek2 Map3k20 Gpld1 Cd40 Fxyd2 Aurkb Hus1 Pkd2 Rad51 Serpinb6b Bag3 Pola1 Pbk Xrcc5 Rpgr Rad51ap1 Bcl2l1 Gnb5 Cers1 Pcna Ang Cdkn1a Tnks1bp1 Tnf Polk Pold3 Rad1"
"GOBP_CELLULAR_RESPONSE_TO_ACIDIC_PH",-1.06899366203705,0.40966227472361,1,10,-0.51773089375605,1,"Kcnk3"
"GOBP_CELLULAR_RESPONSE_TO_ACID_CHEMICAL",-0.698036755451088,0.935898949356629,1,67,-0.239259124194288,14,"Rragd Vegfa Pkd2 Grin2d Bcl2l1 Egfr Tnf Cebpb Pdgfc Lmnb1 Agap2 Hmgcs2 Sesn2 Gclc"
"GOBP_CELLULAR_RESPONSE_TO_ALCOHOL",-0.870671020063292,0.702045587375804,1,70,-0.296611502411364,13,"Ccr7 Abca1 Fos Brca1 Gpld1 Fancb Gramd1c Rad51 Sphk2 Hdac8 Jup Efna5 Prkce"
"GOBP_CELLULAR_RESPONSE_TO_ALKALOID",-0.789643853403015,0.768999863555737,1,23,-0.321790345046593,8,"Fancb Tmem38a Rad51 Slc1a2 Bcl2l1 Ryr1 Ccna2 Casp7"
"GOBP_CELLULAR_RESPONSE_TO_ANGIOTENSIN",0.699263032480093,0.916078431372549,1,25,0.233684151597439,2,"Car2 Nr3c2"
"GOBP_CELLULAR_RESPONSE_TO_ANTIBIOTIC",-0.899193664728717,0.614724283427906,1,14,-0.40554859484131,3,"Pla2g4a Hdac8 Ezh2"
"GOBP_CELLULAR_RESPONSE_TO_ARSENIC_CONTAINING_SUBSTANCE",-0.662395643265342,0.898748577929465,1,17,-0.287236850955826,1,"Hmox1"
"GOBP_CELLULAR_RESPONSE_TO_ATP",-0.963603016051314,0.532485233984552,1,10,-0.466688501946406,3,"Trpm4 Ryr1 Pdxp"
"GOBP_CELLULAR_RESPONSE_TO_BIOTIC_STIMULUS",-0.892126196119379,0.733633131144112,1,193,-0.276946585928533,36,"Gbp2 Cd36 Eme1 Cd6 Abca1 Ptpn22 Il12a Il18 Cd14 Lilrb4a Pde4d Cd86 Slc12a2 Ddit3 Gbp6 Shpk Zfp36 Cd55 Pde4b Irgm2 Fzd5 Gbp10 Dab2ip Tnf Havcr2 Cebpb Adam9 Ppp1r15b Prkce Ripk2 Tigar Casp7 Vim Cmpk2 Trim5 Rbm14"
"GOBP_CELLULAR_RESPONSE_TO_CADMIUM_ION",-0.995511222505829,0.492840444184687,1,13,-0.455181580102797,2,"Hmox1 Slc39a8"
"GOBP_CELLULAR_RESPONSE_TO_CALCIUM_ION",-1.15238331219675,0.251676624801853,1,53,-0.408106676384868,17,"Kcnb1 Fos Fosb Pkd2 Itpka Itpkc Jun Ryr1 Junb Clic4 Jund Ncstn Capn3 Cpne1 Rasa4 Ect2 Nfatc1"
"GOBP_CELLULAR_RESPONSE_TO_CAMP",-0.941214511958625,0.555686892566325,1,30,-0.364063553101858,4,"Pde4d Pkd2 Akap7 Slc26a6"
"GOBP_CELLULAR_RESPONSE_TO_CHEMICAL_STRESS",-0.688177328471159,0.987309120924474,1,239,-0.210962562017881,33,"Cd36 Nr4a2 Aifm2 Ppargc1a Slc11a2 Gpx7 Cdk1 Fos Clcn2 Pdgfrb Fxyd2 Lrrk2 Stau2 Pkd2 Serpinb6b Tsc1 Ddit3 Xrcc5 Hdac6 Fancc Ogg1 Pcna Pnpt1 Smpd3 Ang Tbc1d24 Dhfr Pyroxd1 Naglu Pex12 Zfp580 Rad52 Ezh2"
"GOBP_CELLULAR_RESPONSE_TO_CHOLESTEROL",-1.30379533803722,0.155640874187832,1,12,-0.605476718874949,3,"Abca1 Gpld1 Gramd1c"
"GOBP_CELLULAR_RESPONSE_TO_CORTICOSTEROID_STIMULUS",0.672063375034275,0.968,1,39,0.201283386930379,8,"Anxa1 Errfi1 Nr3c2 Sgk1 Eif4ebp1 Rest Ugt1a7c Ddit4"
"GOBP_CELLULAR_RESPONSE_TO_DEXAMETHASONE_STIMULUS",0.843845159310345,0.681461249573233,1,18,0.304033084279535,8,"Errfi1 Eif4ebp1 Ddit4 Jak2 Usp8 Casp9 Tgfb1 Smyd3"
"GOBP_CELLULAR_RESPONSE_TO_DSRNA",-0.792186013599247,0.753839590443686,1,17,-0.343518285832606,4,"Oas1c Oas1a Cgas Zcchc3"
"GOBP_CELLULAR_RESPONSE_TO_ESTRADIOL_STIMULUS",-1.17367911052602,0.263165246542813,1,19,-0.49653472409196,5,"Esr1 Sstr2 Ramp3 Egfr Nrip1"
"GOBP_CELLULAR_RESPONSE_TO_ESTROGEN_STIMULUS",-1.09745517093565,0.366890707188778,1,13,-0.501793819602622,1,"Esr1"
"GOBP_CELLULAR_RESPONSE_TO_ETHANOL",1.14024533394234,0.293808049535604,1,12,0.46187768240927,1,"Ncam1"
"GOBP_CELLULAR_RESPONSE_TO_EXOGENOUS_DSRNA",-0.852916087309026,0.671145894861193,1,12,-0.39609041308352,4,"Oas1c Oas1a Cgas Zcchc3"
"GOBP_CELLULAR_RESPONSE_TO_FATTY_ACID",-0.864758992229125,0.666985384510313,1,22,-0.355285075140903,6,"Hes1 Pid1 E2f1 Hmgcs2 Jund Cdk4"
"GOBP_CELLULAR_RESPONSE_TO_FLUID_SHEAR_STRESS",0.915795888498094,0.560942760942761,1,17,0.335770891974808,9,"Car2 Mapk7 Mtss1 Plec Socs5 Klf4 Src Hdac3 Klf2"
"GOBP_CELLULAR_RESPONSE_TO_GAMMA_RADIATION",1.18394238522932,0.213719270420301,1,26,0.391913611168833,3,"Trex1 Cryab Egr1"
"GOBP_CELLULAR_RESPONSE_TO_GLUCOSE_STARVATION",-0.911328647749848,0.615566330971031,1,45,-0.330925221785518,12,"Bcl2 Pick1 Bhlha15 Suv39h1 Pmaip1 Mybbp1a Chka Sesn2 Sesn1 Atg14 Pik3r4 Atf4"
"GOBP_CELLULAR_RESPONSE_TO_GONADOTROPIN_STIMULUS",-1.08870442607639,0.383039186359557,1,11,-0.517025783263208,5,"Ppargc1a Pde4d Efna5 Ccna2 Gclc"
"GOBP_CELLULAR_RESPONSE_TO_GROWTH_HORMONE_STIMULUS",-0.588721251606655,0.955515521064302,1,20,-0.246570314439683,10,"Igf1 Cul5 Pxn Adrm1 Star Stat6 Rnf7 Stat5b Pik3r1 Jak3"
"GOBP_CELLULAR_RESPONSE_TO_HEAT",-0.752431802381842,0.849558622404575,1,45,-0.273225978022844,5,"Hmox1 Dnaja4 Zfp976 Arpp21 Bag3"
"GOBP_CELLULAR_RESPONSE_TO_HORMONE_STIMULUS",-0.921419392794017,0.743313895033179,1,441,-0.275535066515776,68,"Nr4a2 Esr1 Hmga2 Paqr8 Fut7 Sstr2 Ccr7 Ppargc1a Rarres2 Fos Pid1 Pde3b Brca1 Igf1 Tbc1d4 Bglap3 Pik3r3 Nr4a1 Bbs4 Gpld1 Prlr Il18 Prkcq Psmc3ip Zbtb7b Pde4d Fosb Ephx1 Tfpi Fbn1 Vwa2 Slc26a6 Stxbp4 Gkap1 Prkcz Ramp3 Bbs2 Tgif1 Hdac6 Dnaaf4 Fbxw8 Cul5 Actn2 Pagr1a Ugt1a6a Socs3 Zfp36 Bcar3 Prmt2 Dusp1 Jun Gpr150 Zdhhc7 Tnf Nr1h2 Kdm3a Cdk2 Thra Abcg2 Camk2a Efna5 Shq1 Smarcc1 Ncoa5 Cnot9 Kank2 Prkce Ezh2"
"GOBP_CELLULAR_RESPONSE_TO_HYDROGEN_PEROXIDE",0.807314518834653,0.875,1,57,0.224283145362771,9,"Trpa1 Axl Anxa1 Tnfaip3 Mapk7 Map3k5 Pcgf2 Rela Rhob"
"GOBP_CELLULAR_RESPONSE_TO_INCREASED_OXYGEN_LEVELS",0.672756309180289,0.87394451145959,1,11,0.278453795620738,4,"Tmem199 Fas Atp6v1a Nox1"
"GOBP_CELLULAR_RESPONSE_TO_INSULIN_LIKE_GROWTH_FACTOR_STIMULUS",-0.877885128700678,0.638515488018703,1,13,-0.401398930516208,2,"Igf1 Fbn1"
"GOBP_CELLULAR_RESPONSE_TO_INSULIN_STIMULUS",-0.814289684163264,0.866217921750105,1,184,-0.253664046505459,51,"Fut7 Rarres2 Pid1 Pde3b Igf1 Tbc1d4 Bglap3 Pik3r3 Gpld1 Prkcq Zbtb7b Vwa2 Stxbp4 Gkap1 Prkcz Fbxw8 Socs3 Bcar3 Zdhhc7 Tnf Cdk2 Smarcc1 Ncoa5 Hmga1 Lonp1 Pdk2 Hmgcs2 Gclc Atp6v0a2 Rbm4 Hras Nucks1 Gsk3b Sos2 Ncl Pik3r2 Cpeb2 Vamp2 Appl1 Kbtbd2 Akt3 Mtor Star Lpin2 Pip4k2b Echdc3 Atp6v1f Adipor1 Grk2 Ptpra Grb2"
"GOBP_CELLULAR_RESPONSE_TO_INTERFERON_ALPHA",-0.935062492537168,0.568222090962788,1,12,-0.434238835963897,3,"Oas1c Oas1a Ifit2"
"GOBP_CELLULAR_RESPONSE_TO_INTERLEUKIN_1",-1.086004057448,0.343254920787326,1,58,-0.379359325004248,12,"Gm7324 Hes1 Hyal2 Hyal3 Il1rap Saa3 Rora Dab2ip Cebpb Usp10 Akap12 Hyal1"
"GOBP_CELLULAR_RESPONSE_TO_INTERLEUKIN_18",-1.20529760208902,0.251720011965301,1,11,-0.572395888047596,2,"Casp4 Il18"
"GOBP_CELLULAR_RESPONSE_TO_IONIZING_RADIATION",-0.929770608907988,0.597672485453034,1,63,-0.32111054715379,14,"Fignl1 Brca1 Bard1 Chek2 Map3k20 Hus1 Rad51 Xrcc5 Rad51ap1 Bcl2l1 Cdkn1a Tnks1bp1 Tnf Rad1"
"GOBP_CELLULAR_RESPONSE_TO_KETONE",0.754476388649583,0.963829787234043,1,72,0.200824606384817,13,"Adcy5 Errfi1 Mmp14 Adcy3 Nr3c2 Ptger4 Sgk1 Gnai1 Eif4ebp1 Slc39a9 Vps54 Pld2 Ddit4"
"GOBP_CELLULAR_RESPONSE_TO_LEUCINE_STARVATION",-1.10776878041502,0.355138806851742,1,12,-0.514442862978425,8,"Rragd Sesn2 Sesn1 Atf4 Mtor Rragb Atf2 Sar1b"
"GOBP_CELLULAR_RESPONSE_TO_LIGHT_STIMULUS",-0.855536345579617,0.73556969346443,1,78,-0.287628917395762,15,"Hyal2 Hyal3 Map3k20 Aurkb Pola1 Pbk Rpgr Gnb5 Cers1 Pcna Cdkn1a Polk Pold3 Cul4a Ercc1"
"GOBP_CELLULAR_RESPONSE_TO_LIPID",-0.927732643518811,0.717395686353558,1,405,-0.278196711171579,56,"Ptk7 Gbp2 Cd36 Esr1 Hmga2 Paqr8 Sstr2 Cd6 Ccr7 Hes1 Abca1 Fos Pid1 Brca1 Igf1 Ptpn22 Gpld1 Il12a Rorc Il18 Cd14 Psmc3ip Abcb4 Lilrb4a Pde4d Gramd1c Ephx1 Tfpi Cd86 Slc12a2 Ramp3 Sphk2 Gbp6 Hdac6 Shpk Dnaaf4 Pagr1a Ugt1a6a Cdon Rora Zfp36 Prmt2 Egfr Cd55 Pde4b Irgm2 Gbp10 Dab2ip Hdac8 Zdhhc7 Tnf Nrip1 E2f1 Kdm3a Havcr2 Cebpb"
"GOBP_CELLULAR_RESPONSE_TO_LIPOPROTEIN_PARTICLE_STIMULUS",-1.07507943139943,0.371421066456527,1,30,-0.41584275708576,3,"Cd36 Cd81 Abca1"
"GOBP_CELLULAR_RESPONSE_TO_L_LEUCINE",-0.882707567065862,0.629823511815734,1,11,-0.419197865208795,1,"Rragd"
"GOBP_CELLULAR_RESPONSE_TO_METAL_ION",-0.842593937053474,0.782489590181898,1,115,-0.271896198364551,16,"Kcnb1 Hmox1 Kcnk3 Fos Fosb Lrrk2 Pkd2 Itpka Slc12a2 Slc39a8 Itpkc Jun Smpd3 Ryr1 Junb Clic4"
"GOBP_CELLULAR_RESPONSE_TO_NITROGEN_COMPOUND",-0.81729615588103,0.939439590238023,1,462,-0.244043859283715,79,"Cd36 Nr4a2 Lrp1 Gm527 Fut7 Chrnb2 Rragd Oas1c Trpm4 Oas1a Rarres2 Fos Pid1 Pde3b Brca1 Igf1 Tbc1d4 Bglap3 Ptpn22 Pik3r3 Nr4a1 Gpld1 Il18 Prkcq Zbtb7b Pde4d Fancb Lrrk2 Tmem38a Fbn1 Pkd2 Rad51 Akap7 Vwa2 Slc26a6 Stxbp4 Timeless Gkap1 Prkcz Cgas Slc1a2 Fbxw8 Cul5 Actn2 Grin2d Socs3 Bcl2l1 Bcar3 Gnb5 Jun Cacna1a Zcchc3 Hdac8 Zdhhc7 Jup Tnf Ryr1 Ddx11 Cdk2 Lynx1 Abcg2 Camk2a Smarcc1 Ncoa5 Ripk2 Ezh2 Shmt1 Flna Klf16 Lmnb1 Rangap1 Ly6c1 Ccna2 Agap2 Casp7 Vim Hmga1 Lonp1 Pdk2"
"GOBP_CELLULAR_RESPONSE_TO_NUTRIENT",0.607192348394568,0.985388912763214,1,33,0.18896603464655,2,"Rxra Kat2b"
"GOBP_CELLULAR_RESPONSE_TO_NUTRIENT_LEVELS",-0.804689774929281,0.892197551359203,1,213,-0.248122190607106,32,"Atf3 Kcnb1 Wipi1 Rragd Bcl2 Fos Mcu Pak6 Lrrk2 Pick1 Tsc1 Bhlha15 Cdon Otud3 Suv39h1 Prkab2 Jun Deptor Tbc1d7 Cdkn1a Xpr1 Jmy Kank2 Ube2d1 Pmaip1 Mybbp1a Eif2ak2 Pdk2 Kdm6a Ppm1d Chka Sesn2"
"GOBP_CELLULAR_RESPONSE_TO_OSMOTIC_STRESS",-0.794072789751993,0.788548468106479,1,42,-0.291898792651027,10,"Clcn2 Fxyd2 Pkd2 Serpinb6b Xrcc5 Ang Oxsr1 Relb Capn3 Ddx3x"
"GOBP_CELLULAR_RESPONSE_TO_OXIDATIVE_STRESS",-0.67813959646924,0.985232509426058,1,190,-0.210722473347133,26,"Cd36 Nr4a2 Aifm2 Ppargc1a Slc11a2 Gpx7 Cdk1 Fos Pdgfrb Lrrk2 Stau2 Tsc1 Hdac6 Fancc Ogg1 Pcna Pnpt1 Smpd3 Tbc1d24 Dhfr Pyroxd1 Naglu Pex12 Zfp580 Rad52 Ezh2"
"GOBP_CELLULAR_RESPONSE_TO_OXIDISED_LOW_DENSITY_LIPOPROTEIN_PARTICLE_STIMULUS",-1.12755403216368,0.337270937452673,1,10,-0.546092626702694,1,"Cd36"
"GOBP_CELLULAR_RESPONSE_TO_OXYGEN_RADICAL",-1.07130970246192,0.396187981958388,1,14,-0.4831752730424,3,"Cd36 Fancc Dhfr"
"GOBP_CELLULAR_RESPONSE_TO_PEPTIDE_HORMONE_STIMULUS",-0.894108261282265,0.755756578947368,1,250,-0.273366510551399,72,"Nr4a2 Fut7 Rarres2 Fos Pid1 Pde3b Igf1 Tbc1d4 Bglap3 Pik3r3 Nr4a1 Gpld1 Il18 Prkcq Zbtb7b Fbn1 Vwa2 Slc26a6 Stxbp4 Gkap1 Prkcz Fbxw8 Cul5 Actn2 Socs3 Bcar3 Jun Zdhhc7 Tnf Cdk2 Abcg2 Camk2a Smarcc1 Ncoa5 Rangap1 Ccna2 Hmga1 Lonp1 Pdk2 Hmgcs2 Gclc Atp6v0a2 Rbm4 Hras Nucks1 Gsk3b Sos2 Ncl Pxn Adrm1 Rap1gds1 Pik3r2 Ahcyl1 Cdc6 Fam114a1 Cpeb2 Vamp2 Appl1 Kbtbd2 Akt3 Mtor Star Lpin2 Pip4k2b Stat6 Echdc3 Atp6v1f Adipor1 Creb1 Grk2 Ptpra Grb2"
"GOBP_CELLULAR_RESPONSE_TO_PH",-1.14245149889304,0.312057761732852,1,15,-0.508879761840674,2,"Kcnk3 Gpld1"
"GOBP_CELLULAR_RESPONSE_TO_PROSTAGLANDIN_STIMULUS",-0.940200654369833,0.557776768135696,1,10,-0.455354360258169,1,"Ccr7"
"GOBP_CELLULAR_RESPONSE_TO_RADIATION",-0.970260182105576,0.550693240901213,1,131,-0.31022322713907,27,"Fignl1 Brca1 Hyal2 Hyal3 Bard1 Chek2 Map3k20 Aurkb Hus1 Rad51 Pola1 Pbk Xrcc5 Rpgr Rad51ap1 Bcl2l1 Gnb5 Cers1 Pcna Cdkn1a Tnks1bp1 Tnf Polk Pold3 Rad1 Cul4a Ercc1"
"GOBP_CELLULAR_RESPONSE_TO_REACTIVE_NITROGEN_SPECIES",0.55122178351685,0.965319662243667,1,11,0.228150662810011,2,"Mtr Map3k5"
"GOBP_CELLULAR_RESPONSE_TO_REACTIVE_OXYGEN_SPECIES",1.03336938076683,0.36318407960199,1,107,0.257900403035599,20,"Trex1 Trpa1 Nos3 Axl Anxa1 Met Pjvk Tet1 Map2k4 Pex13 Endog Agap3 Slc8a1 Tnfaip3 Mapk7 Glrx Map3k5 Pcgf2 Rela Rhob"
"GOBP_CELLULAR_RESPONSE_TO_RETINOIC_ACID",-1.12648553604503,0.317716158994673,1,22,-0.462815075547496,2,"Ptk7 Abca1"
"GOBP_CELLULAR_RESPONSE_TO_SALT_STRESS",-0.882847355701485,0.630168105406633,1,10,-0.427577231511832,2,"Fxyd2 Xrcc5"
"GOBP_CELLULAR_RESPONSE_TO_STARVATION",-0.856560827198798,0.781649616368286,1,154,-0.269996042637093,17,"Atf3 Wipi1 Rragd Bcl2 Fos Mcu Pak6 Lrrk2 Pick1 Tsc1 Bhlha15 Suv39h1 Jun Tbc1d7 Cdkn1a Xpr1 Jmy"
"GOBP_CELLULAR_RESPONSE_TO_STEROID_HORMONE_STIMULUS",-0.774662991235019,0.898609625668449,1,145,-0.245178030660073,20,"Esr1 Hmga2 Paqr8 Sstr2 Brca1 Igf1 Psmc3ip Ephx1 Tfpi Hdac6 Dnaaf4 Pagr1a Ugt1a6a Zfp36 Prmt2 Zdhhc7 Kdm3a Shq1 Cnot9 Kank2"
"GOBP_CELLULAR_RESPONSE_TO_TOPOLOGICALLY_INCORRECT_PROTEIN",-0.89132378983682,0.692949288256228,1,105,-0.28979079824673,12,"Atf3 Yod1 Serp2 Nck2 Tmtc4 Dnajc18 Derl3 Bhlha15 Ddit3 Bag3 Hdac6 Cul5"
"GOBP_CELLULAR_RESPONSE_TO_TOXIC_SUBSTANCE",-0.868727776752251,0.715219635279275,1,82,-0.29007143472322,18,"Cd36 S100a8 Aifm2 Gpx7 S100a9 Slc39a8 Fancc Cers1 Gsto1 Dhfr Rab29 Prxl2a Txnrd1 Txnrd3 Nnt Glo1 Sesn2 Gstz1"
"GOBP_CELLULAR_RESPONSE_TO_TYPE_II_INTERFERON",-0.807405438445882,0.818274572043986,1,89,-0.267090210916625,16,"Gbp2 Stx11 Slc26a6 Stxbp4 Gbp9 Gbp7 Gbp6 Rab7b Irgm2 Gbp10 Tnf Camk2a Nlrc5 Ifngr1 Vim Stx8"
"GOBP_CELLULAR_RESPONSE_TO_UNFOLDED_PROTEIN",-0.980727374206947,0.507902217168846,1,87,-0.325181821346069,10,"Atf3 Yod1 Serp2 Nck2 Tmtc4 Derl3 Bhlha15 Ddit3 Bag3 Cul5"
"GOBP_CELLULAR_RESPONSE_TO_UV",-0.796567278883713,0.822899697463347,1,74,-0.269542362827341,13,"Hyal2 Hyal3 Map3k20 Aurkb Pola1 Pbk Cers1 Pcna Cdkn1a Polk Pold3 Cul4a Ercc1"
"GOBP_CELLULAR_RESPONSE_TO_UV_B",-1.28487273488408,0.170355967693688,1,11,-0.610186122362993,5,"Hyal2 Hyal3 Map3k20 Cdkn1a Hyal1"
"GOBP_CELLULAR_RESPONSE_TO_VASCULAR_ENDOTHELIAL_GROWTH_FACTOR_STIMULUS",-1.1693165047341,0.24225,1,43,-0.427707648560042,7,"Itga5 Vegfa Adgrg1 Vegfd Nr4a1 Il12a Pdgfrb"
"GOBP_CELLULAR_RESPONSE_TO_VIRUS",-1.21420668920499,0.19,1,43,-0.44412739049111,12,"Pou2af1 Gm11772 Il12a Irgm2 Rrp1b Gsdme Ikbke Smad3 Irf3 Ddx3x Chuk Calr"
"GOBP_CELLULAR_RESPONSE_TO_VITAMIN",-0.53722803591157,0.974992855101458,1,16,-0.235538001260353,7,"Cdon Kank2 Kdm6a Rxrb Gprin3 Med1 Snw1"
"GOBP_CELLULAR_RESPONSE_TO_VITAMIN_D",-0.53722803591157,0.974992855101458,1,16,-0.235538001260353,7,"Cdon Kank2 Kdm6a Rxrb Gprin3 Med1 Snw1"
"GOBP_CELLULAR_RESPONSE_TO_XENOBIOTIC_STIMULUS",-1.13570039348602,0.264082867783985,1,72,-0.385295419968118,16,"Ccl4 Abca1 Slc18a2 Gpld1 Rorc Cd69 Fancb Rbbp9 Cryz Rora Cers1 Pcna Cyp2r1 Pde4b Gsto1 E2f1"
"GOBP_CELLULAR_SENESCENCE",-1.06873806447568,0.359322033898305,1,70,-0.364087003797717,28,"Hmga2 Smc5 Tert Mapkapk5 Cgas Suv39h1 Pnpt1 Ang Cdkn1a Icmt Eef1e1 Nup62 Hmga1 Nek4 Rsl1d1 Calr Dnaja3 Hras Spi1 Akt3 Mtor Mif Nuak1 Nampt Top2b Fbxo5 Map2k1 Gins3"
"GOBP_CELL_ADHESION_MEDIATED_BY_INTEGRIN",-0.95129962548113,0.548643533123028,1,40,-0.351471058689128,5,"Itga5 Rac3 Plau Ada Fbn1"
"GOBP_CELL_CELL_ADHESION",-1.1324536521671,0.123016670014059,1,488,-0.337850628387706,99,"Rag2 Itgam Cd36 S100a8 Cd2 Rasgrp1 Itga3 Fut7 Itga5 Cd6 Ccr7 Hes1 H2-Eb2 Loxl3 Bcl2 Lrp5 Cd81 Vegfa Zc3h8 Lck Cd99l2 Adgrg1 Igf1 Tnfrsf13c Ephb6 Il1rap Mdga1 Arvcf Cd93 Ptpn22 Cxadr Dusp10 Rap1gap Nck2 Ntng2 Fgfrl1 Cd59a Il12a Cd69 Tenm3 Il18 Prkcq Rag1 Nectin2 Zbtb7b S100a9 Pde4d Erf Ada Cd86 Pard3 Cldn12 Il15 Cdhr5 Negr1 Scrib Prkcz Slc39a8 Cd59b Bhlha15 Pkp4 Socs6 Sox12 Foxp3 Cdon Lax1 Hlx Itga10 Il2ra Egfr H2-Ob Emb Cd55 Jup Tnf Cdh24 Gcnt2 Thy1 Zdhhc21 Havcr2 Cebpb Celsr1 Tnfrsf21 Twsg1 Camsap3 Adam9 Efna5 Itgad Smarcc1 Nfkbid Glmn Smad7 Dusp22 Ripk2 Rgcc Phf10 Cd1d1 Zc3h12d Specc1l"
"GOBP_CELL_CELL_ADHESION_MEDIATED_BY_CADHERIN",0.862400521446541,0.694444444444444,1,27,0.283055690093833,13,"Cdh11 Afdn Cdh22 Bmp6 Ctnnd1 Epcam Cdh5 Adam19 Golga1 Dennd6a Cd2ap Parp12 Cdh1"
"GOBP_CELL_CELL_ADHESION_MEDIATED_BY_INTEGRIN",-0.95544916301238,0.543395675043834,1,13,-0.436863844320272,3,"Itga5 Ada Adam9"
"GOBP_CELL_CELL_JUNCTION_ASSEMBLY",-0.729862345982127,0.902969371054477,1,69,-0.248720753003208,15,"Cntnap1 Fbf1 Patj Pard3 Marveld2 Cldn12 Pkp4 Fzd5 Jup Tnf Cdh24 Hdac7 Smad7 Abi2 Lsr"
"GOBP_CELL_CELL_JUNCTION_MAINTENANCE",-0.756056335324066,0.78297743449947,1,10,-0.366170292788591,4,"Cntnap1 Camsap3 Plekha7 Whrn"
"GOBP_CELL_CELL_JUNCTION_ORGANIZATION",-0.788225947661109,0.855968906163243,1,106,-0.256105175555922,24,"Vegfa Cntnap1 Cxadr Fbf1 Patj Pard3 Marveld2 Cldn12 Bhlha15 Pkp4 Fzd5 Jup Tnf Cdh24 Hdac7 Camsap3 Smad7 Flna Specc1l Plekha7 Numbl Abi2 Lsr Whrn"
"GOBP_CELL_CELL_RECOGNITION",-1.21649068401663,0.190681731623715,1,39,-0.451619544072595,8,"Cd6 Ccr7 Cd81 Adam2 Tmem81 Nck2 Zp1 Spa17"
"GOBP_CELL_CHEMOTAXIS",-1.13346520929371,0.221572173173067,1,159,-0.356489637535371,34,"Itgam S100a8 Ccl3 Ccl4 Cnr2 Ccr7 Trpm4 Vegfa Rarres2 Vegfd Cxadr Nr4a1 AI182371 Il12a Mcu Prkcq Rac3 Pdgfrb S100a9 Pde4d Ccr1l1 Saa3 Ccl6 Slc12a2 Vegfc Dusp1 Bst1 Pde4b Cmklr1 Mst1 Msmp Tiam1 Eng Zfp580"
"GOBP_CELL_CYCLE_G1_S_PHASE_TRANSITION",-1.12552275067513,0.222024681029073,1,193,-0.349400885816673,45,"Pole E2f7 Stil Rrm2 Mblac1 Bcl2 Cdk1 Sass6 Ccne1 Fam83d Rbbp8 Pkd2 Tert Stxbp4 Nasp Iqgap3 Haspin Rfwd3 Npat Ccnf Pagr1a Prmt2 Bcl7a Plpp2 Egfr Ccnd3 Rcc1 Hinfp Lsm11 Cdkn1a E2f1 Ccnh Cdk2 Abcg2 Rassf1 Camk2a Cul4a Smarcc1 Ppp2r3d Kank2 Cdc25a Ezh2 Rgcc Phf10 Zc3h12d"
"GOBP_CELL_DIFFERENTIATION_INVOLVED_IN_EMBRYONIC_PLACENTA_DEVELOPMENT",-1.25420956337084,0.189911403258074,1,16,-0.549885698382679,6,"E2f7 E2f8 Erf Fzd5 Mdfi Plk4"
"GOBP_CELL_DIFFERENTIATION_INVOLVED_IN_KIDNEY_DEVELOPMENT",-1.07144583046522,0.38016639828234,1,25,-0.428847621715529,4,"Myo1e Glis2 Hes1 Amer1"
"GOBP_CELL_DIFFERENTIATION_IN_HINDBRAIN",-0.958788233483229,0.531552346570397,1,15,-0.427071020855885,4,"Nfix Ttc21b Rora Cacna1a"
"GOBP_CELL_DIFFERENTIATION_IN_SPINAL_CORD",-0.622642830525221,0.934348372677748,1,19,-0.263414235875865,5,"Lmo4 Cacna1a Tctn1 Ighmbp2 Gdpd5"
"GOBP_CELL_FATE_COMMITMENT",-1.13632493971722,0.23280365694384,1,121,-0.365202236630345,16,"Rag2 Wnt10a Hes1 Loxl3 Bcl2 Nfix Wnt6 Cd69 Ets2 Prdm11 Epop Casz1 Foxp3 Cdon Prox2 Lmo4"
"GOBP_CELL_FATE_COMMITMENT_INVOLVED_IN_FORMATION_OF_PRIMARY_GERM_LAYER",-0.707390934545032,0.836673646425366,1,11,-0.335939988160548,1,"Ets2"
"GOBP_CELL_FATE_SPECIFICATION",-0.626826820429125,0.961279675003174,1,39,-0.232708105844242,4,"Nfix Cdon Lmo4 Abcg2"
"GOBP_CELL_GROWTH",-0.746874661613892,0.97351598173516,1,339,-0.225423058277544,36,"Sema6d Spag6l Lrp1 Gdf9 Auts2 Bcl2 Olfm1 Nfix Vegfa Brca1 Cit Hyal2 Igf1 Tnfrsf12a Rnd2 Osgin2 Unc13a Pak6 Trip10 Kazald1 Ttl Psrc1 Prdm11 Prkcz Meis1 Sphk2 D7Ertd443e Hdac6 Cdkl5 Akap1 Nrn1l Prmt2 Disc1 Sertad2 Egfr Cgrrf1"
"GOBP_CELL_JUNCTION_ASSEMBLY",-0.85262368950626,0.84508339302159,1,281,-0.259564503107169,48,"Lrp1 Chrnb2 Itga5 Agrn Bcl2 Ntrk1 Vegfa Adgrl1 Plxna2 Il1rap Mdga1 Cntnap1 Ntng2 Rac3 Fbf1 Rab40c Fbxo45 Lrrc24 Patj Stau2 Pard3 Adgrl4 Marveld2 Cldn12 Negr1 Tsc1 Pkp4 Lamc1 Cul5 Actn2 Sema4a Lrrc15 Lzts1 Cacna1a Thsd1 Fzd5 Jup Tnf Bhlhb9 Cdh24 Thy1 Rab29 Hdac7 Camsap3 Efna5 Adgrl2 Smad7 Dusp22"
"GOBP_CELL_JUNCTION_DISASSEMBLY",-1.17965165839326,0.256181030870233,1,19,-0.499061460216673,4,"Itgam C1qb C1qa Cul5"
"GOBP_CELL_JUNCTION_MAINTENANCE",0.980311183134568,0.483011937557392,1,37,0.297510636903897,10,"Dlg4 Cadm1 Afdn Ctbp2 Itgb3 Dlg2 Prtn3 Cldn1 L1cam Mtss1"
"GOBP_CELL_KILLING",-1.20295992350741,0.137556953786071,1,128,-0.385486174894609,24,"Gbp2 Itgam Cd2 Rasgrp1 Pcyox1l Pomc H2-Q2 Cd59a C2 Il12a Il18 Stx11 Nectin2 Gbp7 Cd59b Rnf19b Cd55 Ulbp1 Irgm2 Masp2 Hmgn2 Havcr2 Serpinb9 Tusc2"
"GOBP_CELL_MIGRATION_INVOLVED_IN_SPROUTING_ANGIOGENESIS",-1.03067605910616,0.429905362776025,1,40,-0.380797801193673,5,"Hmox1 Vegfa Pik3r3 Nr4a1 Gpld1"
"GOBP_CELL_MIGRATION_IN_HINDBRAIN",-0.845512750578976,0.679281122150789,1,13,-0.386597178519851,3,"Plxna2 Cul5 Flna"
"GOBP_CELL_MORPHOGENESIS_INVOLVED_IN_NEURON_DIFFERENTIATION",-0.897210356984793,0.784002426939023,1,365,-0.270019287841462,60,"Sema6d Nr4a2 Lrp1 Chrnb2 Agrn Hes1 Slc11a2 Auts2 Bcl2 Ntrk1 Ntn3 Olfm1 Nfix Brsk2 Vegfa Mapre3 Cit Tnfrsf12a Ephb6 Stmn1 Cntnap1 Ntng2 Rnd2 Ankrd24 Rabl2 Rac3 Tiam2 Cask Fbxo45 Lrrk2 Ttl Stau2 Metrn Itpka Mfn1 Scrib Abitram Pls1 Dip2a Hdac6 Lamc1 Fbxw8 Cdkl5 Sema4a Llgl1 Disc1 Lmo4 Emb Lzts1 Cacna1a Tbc1d24 Ss18l1 Tctn1 Bhlhb9 Thy1 Celsr1 B4galt6 Tiam1 Camk2a Efna5"
"GOBP_CELL_PROJECTION_MORPHOGENESIS",-0.899755781608514,0.793738675256694,1,418,-0.269491048741409,64,"Sema6d Spag6l Nr4a2 Ccdc39 Lrp1 Chrnb2 Agrn Slc11a2 Auts2 Bcl2 Ntrk1 Ntn3 Olfm1 Nfix Brsk2 Vegfa Mapre3 Cit Tnfrsf12a Ephb6 Klk8 Stmn1 Cntnap1 Ntng2 Rnd2 Unc13a Rac3 Kif20b Pak6 Tiam2 Cask Fbxo45 Lrrk2 Ttl Stau2 Metrn Itpka Mfn1 Negr1 Prkcz Abitram Cspg5 Dip2a Hdac6 Lamc1 Fbxw8 Cdkl5 Sema4a Llgl1 Atp9a Nrn1l Bcl7a Disc1 Egfr Lmo4 Emb Lzts1 Cacna1a Tbc1d24 Ss18l1 Dab2ip Tctn1 Zfp335 Bhlhb9"
"GOBP_CELL_PROLIFERATION_INVOLVED_IN_HEART_MORPHOGENESIS",-1.10781510164585,0.357912055040383,1,11,-0.526101443991985,2,"Hes1 Eng"
"GOBP_CELL_RECOGNITION",-1.04344696634613,0.398328690807799,1,75,-0.352553225451676,11,"Cd36 Cd6 Ccr7 Cd81 Adam2 Tmem81 Nck2 C2 Clec1a Zp1 Spa17"
"GOBP_CELL_REDOX_HOMEOSTASIS",-0.727869694158963,0.85471100554236,1,29,-0.283119099533451,9,"Ddit3 Txnrd1 Txnrd3 Nnt Gclc Sephs1 Prdx6 Prdx1 Apex1"
"GOBP_CELL_SUBSTRATE_ADHESION",-1.10990587615457,0.248647523928423,1,205,-0.343144875807005,40,"Itgam Cd36 Lrp1 Epha1 Itga3 Itga5 Bcl2 Vegfa Tnfrsf12a Sned1 Rac3 Rab40c Cask Plau Bcam Vwa2 Rell2 Prkcz Cspg5 Tsc1 Lamc1 Cul5 Actn2 Vegfc Cass4 Itga10 Disc1 Bst1 Thsd1 Jup Gcnt2 Thy1 Camsap3 Adam9 Tiam1 Efna5 Itgad Dusp22 Prkce Flna"
"GOBP_CELL_SUBSTRATE_JUNCTION_ORGANIZATION",-0.841777268056692,0.760886867538374,1,87,-0.279109844788152,14,"Lrp1 Itga5 Bcl2 Vegfa Rab40c Tsc1 Lamc1 Cul5 Actn2 Thsd1 Thy1 Camsap3 Efna5 Dusp22"
"GOBP_CELL_SURFACE_PATTERN_RECOGNITION_RECEPTOR_SIGNALING_PATHWAY",-0.88353778863541,0.678558771411695,1,65,-0.303713392594439,12,"Cd36 Oas1c Oas1a Ptpn22 Cd14 Rab7b Lrrfip2 Dab2ip Naglu Ecsit Prkce Ripk2"
"GOBP_CELL_SURFACE_RECEPTOR_PROTEIN_SERINE_THREONINE_KINASE_SIGNALING_PATHWAY",-0.941132144807507,0.632230545151893,1,205,-0.290965819612418,44,"Atf3 Lrp1 Itga3 Gdf9 Hes1 Snx25 Fos Tab1 Tmem119 Trps1 Fbn1 Akap7 Ppm1l Tgif1 Dand5 Bambi Jun Smpd3 Ing2 Ryr1 Spred2 Gcnt2 Ints9 Rasl11b Twsg1 Mtmr4 Adam9 Akap11 Nup93 Eng Ecsit Ldlrad4 Fbxl15 Smad7 Cdkn1c Dusp22 Rgcc Dcp1a Fam89b Megf8 Sap30 Arrb2 Smad3 Hes5"
"GOBP_CELL_SURFACE_RECEPTOR_PROTEIN_TYROSINE_KINASE_SIGNALING_PATHWAY",-1.03909074222798,0.381451612903226,1,398,-0.311770372598647,67,"Clnk Esr1 Lrp1 Myo1e Epha1 Fut7 Itga5 Ntrk1 Sh2d6 Vegfa Rarres2 Shc4 Fgf20 Pid1 Pde3b Lck Tom1l1 Lcp2 Adgrg1 Igf1 Ephb6 Stmn1 Vegfd Nck2 Pik3r3 Blk Gpld1 Nrtn Fgfrl1 Cd59a Dok4 Prlr Il12a Frs3 Prkcq Angpt4 Pdgfrb Zbtb7b Plau Vwa2 Stxbp4 Gkap1 Prkcz Ddit3 Dok2 Hdac6 Fbxw8 Cul5 Vegfc Socs3 Cass4 Bcar3 Gabpa Egfr Smpd3 Dab2ip Tnf Gigyf1 Pdgfc Abcg2 Tiam1 Efna5 Ercc1 Gfra1 Hck Smarcc1 Ncoa5"
"GOBP_CELL_SURFACE_RECEPTOR_SIGNALING_PATHWAY_VIA_STAT",-1.15810800664439,0.208513949094143,1,107,-0.376183150616865,29,"Hmga2 Hes1 Loxl3 Lck Igf1 Il15ra Nrtn Prlr Il12a Cd40 Il18 Vhl Pkd2 Il15 Gbp7 Socs3 Prmt2 Tnf Mst1 Naglu Camk2a Osm Ifngr1 Agap2 Kit Sac3d1 Wdr48 Pigu Hes5"
"GOBP_CELL_VOLUME_HOMEOSTASIS",0.779955985652961,0.816666666666667,1,24,0.261842974099123,5,"Gprc5b Lrrc8a Ccdc51 Cln3 Slc12a8"
"GOBP_CENTRAL_NERVOUS_SYSTEM_NEURON_AXONOGENESIS",-1.05389265137088,0.402879652268405,1,24,-0.425555838529805,5,"Nr4a2 Chrnb2 Fbxo45 Tctn1 B4galt6"
"GOBP_CENTRAL_NERVOUS_SYSTEM_NEURON_DEVELOPMENT",-1.01265810691012,0.4544,1,49,-0.362755029579704,8,"Nr4a2 Chrnb2 Rac3 Fbxo45 Dclk2 Disc1 Tctn1 B4galt6"
"GOBP_CENTRAL_NERVOUS_SYSTEM_NEURON_DIFFERENTIATION",-1.03816186172458,0.408535902318808,1,98,-0.339966541198785,19,"Nr4a2 Chrnb2 Hes1 Nfix Rac3 Fbxo45 Tgif1 Dclk2 Ttc21b Casz1 Rora Disc1 Lmo4 Cacna1a Tctn1 Ighmbp2 B4galt6 D16Ertd472e Gdpd5"
"GOBP_CENTRAL_NERVOUS_SYSTEM_PROJECTION_NEURON_AXONOGENESIS",-1.30987750389545,0.142732431252728,1,14,-0.590772602117152,3,"Nr4a2 Chrnb2 Fbxo45"
"GOBP_CENTRIOLE_ASSEMBLY",-1.26296249114234,0.140366172624237,1,44,-0.460262166988894,22,"Stil Ccdc57 Sass6 Wdr62 Cep295 Ccp110 Cntrob D7Ertd443e Spice1 Cdk2 Ccdc15 Rttn Nup62 Poc1b Ofd1 Ccdc61 Alms1 Rbm14 Plk4 Cep152 4933427D14Rik Cep120"
"GOBP_CENTRIOLE_CENTRIOLE_COHESION",-1.16207364558743,0.294710695499708,1,13,-0.531339583357845,3,"Sgo1 Crocc Nek2"
"GOBP_CENTRIOLE_ELONGATION",-0.904617153316692,0.602756322883538,1,10,-0.438120696058415,4,"Cep295 Ccdc15 Poc1b Cep120"
"GOBP_CENTROMERIC_SISTER_CHROMATID_COHESION",-1.12199803086834,0.344691806754506,1,10,-0.543401765551218,4,"Sgo1 Sgo2a Ppp2r1b Cdk11b"
"GOBP_CENTROSOME_SEPARATION",-1.21428964727469,0.224492712203487,1,16,-0.532383526829373,4,"Map9 Kif11 Nek2 Cntrob"
"GOBP_CERAMIDE_BIOSYNTHETIC_PROCESS",0.992292332261718,0.463505594033031,1,49,0.283814127177761,14,"B4galt4 St6galnac6 Sgms1 Ormdl3 Cers4 Cers5 Asah1 St8sia4 B4galt3 St3gal2 Mecr P2rx7 Degs1 Casp1"
"GOBP_CERAMIDE_METABOLIC_PROCESS",0.831468133054715,0.86703988803359,1,71,0.221813418974381,19,"B4galt4 St6galnac6 Sgms1 Neu1 Ormdl3 Cers4 Cers5 Acer3 Hexb Asah1 St8sia4 Gla B4galt3 St3gal2 Mecr Pla2g15 P2rx7 Degs1 Casp1"
"GOBP_CERAMIDE_TRANSPORT",0.853288978049613,0.660735826296743,1,11,0.353176256330852,5,"Abcb1b Plekha8 Cptp Vapa Pltp"
"GOBP_CEREBELLAR_CORTEX_DEVELOPMENT",-0.666859556777989,0.932618296529968,1,40,-0.246380665081395,10,"Nfix Ttc21b Rora Cacna1a Naglu Ezh2 Whrn Clp1 Atxn2 Smo"
"GOBP_CEREBELLAR_CORTEX_FORMATION",-0.886817981757088,0.634977827050998,1,20,-0.371420240081135,6,"Nfix Ttc21b Rora Cacna1a Whrn Atxn2"
"GOBP_CEREBELLAR_CORTEX_MORPHOGENESIS",-0.717515734870296,0.861931364724661,1,27,-0.2828406051606,7,"Nfix Ttc21b Rora Cacna1a Whrn Atxn2 Smo"
"GOBP_CEREBELLAR_PURKINJE_CELL_LAYER_DEVELOPMENT",-0.79534638725167,0.76120619396903,1,24,-0.321156332486301,7,"Nfix Ttc21b Rora Cacna1a Naglu Whrn Atxn2"
"GOBP_CEREBELLAR_PURKINJE_CELL_LAYER_FORMATION",-0.78757301995264,0.753248670998228,1,12,-0.365745385094902,5,"Ttc21b Rora Cacna1a Whrn Atxn2"
"GOBP_CEREBELLAR_PURKINJE_CELL_LAYER_MORPHOGENESIS",-0.677891478816189,0.882599277978339,1,15,-0.301951771806552,5,"Ttc21b Rora Cacna1a Whrn Atxn2"
"GOBP_CEREBRAL_CORTEX_CELL_MIGRATION",-0.824482982792694,0.736726236726237,1,34,-0.312545857457353,7,"Adgrg1 Mdga1 Fbxo45 Cul5 Disc1 Egfr Dab2ip"
"GOBP_CEREBRAL_CORTEX_DEVELOPMENT",-1.18182060414203,0.188161152374522,1,93,-0.389092509924494,18,"Ccdc39 Tacc3 Nfix Fos Adgrg1 Mdga1 Bbs4 Wdr62 Fbxo45 Bbs2 Tsc1 Cul5 Pax5 Cdon Disc1 Egfr Dab2ip Smc4"
"GOBP_CEREBRAL_CORTEX_NEURON_DIFFERENTIATION",-1.11487038865565,0.355293048614266,1,10,-0.539949733322964,3,"Rac3 D16Ertd472e Gdpd5"
"GOBP_CEREBRAL_CORTEX_RADIALLY_ORIENTED_CELL_MIGRATION",-1.05979645832849,0.396940418679549,1,25,-0.424184944990988,6,"Adgrg1 Mdga1 Fbxo45 Cul5 Disc1 Dab2ip"
"GOBP_CGAS_STING_SIGNALING_PATHWAY",-0.970925770851919,0.513659049120042,1,30,-0.375555924227025,7,"Lyplal1 Tab1 Aurkb Smpdl3a Cgas Cul5 Irgm2"
"GOBP_CHAPERONE_MEDIATED_AUTOPHAGY",-0.761186500535948,0.781483697277894,1,11,-0.361487504985458,3,"Bag3 Synpo2 Zdhhc12"
"GOBP_CHAPERONE_MEDIATED_PROTEIN_COMPLEX_ASSEMBLY",-1.02826206866124,0.442974971558589,1,17,-0.445888739701847,5,"Ptges3l Bbs10 Ndufaf1 Lonp1 Psmg1"
"GOBP_CHEMICAL_SYNAPTIC_TRANSMISSION_POSTSYNAPTIC",-0.808784219252256,0.786253960516695,1,52,-0.287145446560273,12,"Chrnb2 Celf4 Lrrk2 Prkcz Dgki Sv2c Stx1a Grin2d Grik5 Tbc1d24 Sv2a Mtmr2"
"GOBP_CHEMOKINE_C_X_C_MOTIF_LIGAND_2_PRODUCTION",-1.10496784297549,0.347838452787258,1,17,-0.479150922640644,3,"Lrp1 Oas1c Oas1a"
"GOBP_CHEMOKINE_PRODUCTION",-0.810368725185827,0.789417232749374,1,61,-0.281024086381441,7,"Lrp1 Oas1c Oas1a Card9 AI182371 Il18 Zfpm1"
"GOBP_CHEMOSENSORY_BEHAVIOR",-0.703527716935222,0.841435711040436,1,10,-0.340729834615617,1,"Ntrk1"
"GOBP_CHLORIDE_TRANSPORT",-1.07260790335403,0.370291310899046,1,42,-0.394287470893917,7,"Best1 Slc25a27 Clcn2 Slc26a11 Slc26a6 Slc12a2 Slc26a2"
"GOBP_CHOLESTEROL_BIOSYNTHETIC_PROCESS_VIA_LATHOSTEROL",0.908436951451459,0.589016511127064,1,20,0.320862458052505,5,"Nsdhl Ebp Hsd17b7 Fdft1 Dhcr24"
"GOBP_CHOLESTEROL_EFFLUX",-1.02723409611348,0.433981708102538,1,36,-0.386333780737178,3,"Lrp1 Soat2 Abca1"
"GOBP_CHONDROCYTE_DEVELOPMENT",-0.890128573520389,0.631374722838137,1,20,-0.37280679381914,7,"Galnt3 Smpd3 Rflnb Rflna Smad7 Ecm1 Chsy1"
"GOBP_CHONDROCYTE_DIFFERENTIATION",-1.11321707698993,0.301341960220465,1,59,-0.387904458658237,17,"Galnt3 Hmga2 Agrn Gpld1 Trps1 Pkdcc Slc26a2 Smpd3 Maf Rflnb Rflna Smad7 Ecm1 Runx1 Chsy1 Smad3 Hes5"
"GOBP_CHONDROCYTE_PROLIFERATION",0.885213030427146,0.609879670677644,1,13,0.350799789019233,3,"Sirt6 Errfi1 Mmp14"
"GOBP_CHONDROITIN_SULFATE_PROTEOGLYCAN_BIOSYNTHETIC_PROCESS",-0.99971891704155,0.476459776615298,1,18,-0.4292795297729,8,"Galnt3 Igf1 Chst3 Chpf Chsy1 Csgalnact2 Xylt2 Xylt1"
"GOBP_CHONDROITIN_SULFATE_PROTEOGLYCAN_METABOLIC_PROCESS",-0.864196949993418,0.670320855614973,1,26,-0.343364353430573,10,"Galnt3 Igf1 Chst3 Chpf Hyal1 Chsy1 Galns Csgalnact2 Xylt2 Xylt1"
"GOBP_CHROMOSOME_ORGANIZATION_INVOLVED_IN_MEIOTIC_CELL_CYCLE",-1.26405448008433,0.146096038721182,1,38,-0.470887945316258,9,"Mnd1 Ccne1 Psmc3ip Brip1 Prdm9 Trip13 Mei4 Rad51 Haspin"
"GOBP_CHROMOSOME_SEPARATION",-1.22636009684301,0.15184331797235,1,79,-0.411323362406726,22,"Nuf2 Zwilch Ska3 Spc24 Xrcc3 Aurkb Trip13 Kntc1 Ndc80 Cenpe Incenp Haspin Khdc3 Birc5 Spc25 Top2a Dusp1 Smc4 Cdca8 Gen1 Ska1 Ncapd2"
"GOBP_CHRONIC_INFLAMMATORY_RESPONSE",-0.884818257849552,0.63363887676415,1,14,-0.399065090465335,5,"Ahcy S100a9 Foxp3 Tnf Cebpb"
"GOBP_CILIUM_DISASSEMBLY",-1.17634826671745,0.277445408315884,1,11,-0.55864784731502,3,"Lrrc49 Cdk1 Hdac6"
"GOBP_CIRCADIAN_REGULATION_OF_GENE_EXPRESSION",0.828749322981545,0.834577828834003,1,55,0.232273695732685,6,"Egr1 Per2 Sirt6 Nr1d1 Zpbp2 Zfhx3"
"GOBP_CIRCADIAN_RHYTHM",-1.09453466153727,0.295741493687139,1,146,-0.346303461654211,27,"Chrnb2 Agrn Ppargc1a Ntrk1 2510009E07Rik Per3 Cdk1 Ahcy Nfil3 Igf1 Suv39h2 Ptgds Rorc Spsb4 Mttp Ada Timeless Usp2 Nr2f6 Rora Top2a Suv39h1 Jun Kdm5b Nrip1 Abcg2 Naglu"
"GOBP_CIRCULATORY_SYSTEM_PROCESS",-1.05496285635258,0.350916726416061,1,274,-0.321460410696225,53,"Cd36 Ccl4 Lrp1 Myl4 Faah Hmox1 Agrn Kcnk3 Lrp5 Trpm4 Ehd3 Tac4 Vegfa Wdr35 Slc5a6 Rarres2 Klk1b4 Hdac4 Pomc Cxadr Bbs4 Ephx2 Fabp5 Il18 Pde4d Plvap Tmem38a Cacnb2 Ada S100a1 Ramp3 Bbs2 Vegfc F5 Scn2b Egfr Smpd3 Pde4b Gsto1 Jup Tnf Zdhhc21 Rgs2 Rangrf Thra Abcg2 Eng Add3 Smad7 Ppcs Kcnn4 Flna Akap12"
"GOBP_CLATHRIN_COAT_ASSEMBLY",0.501042423794992,0.991011984021305,1,16,0.186732273503118,1,"Nsg2"
"GOBP_CLATHRIN_DEPENDENT_ENDOCYTOSIS",-0.822348460987731,0.744953662561889,1,39,-0.305295093418901,25,"Fnbp1l Syt11 Ubqln2 Tnk2 Gas7 Fcho2 Ap2a1 Cltc Itga4 Magi2 Inpp5f Dnm2 Gak Hip1r Ston2 Lmbrd1 Cltb Scyl2 Clta Gpr107 Ap2m1 Canx Dgkd Smap1 Neu3"
"GOBP_COAGULATION",-1.01870177609126,0.444221105527638,1,101,-0.332571978575379,12,"Cd36 Angptl2 F2rl2 Adgrg1 Pla2g4a Pros1 Prkcq Angpt4 Lilrb4a S100a9 Plau Tfpi"
"GOBP_COENZYME_A_BIOSYNTHETIC_PROCESS",-1.10392049491243,0.362374483165978,1,12,-0.512655736416899,6,"Acot7 Dcakd Ppcs Slc25a16 Slc25a42 Pank4"
"GOBP_COENZYME_A_METABOLIC_PROCESS",-1.14837692658252,0.289146528844811,1,19,-0.485830424415296,8,"Acot7 Dcakd Nudt7 Ppcs Slc25a16 Slc25a42 Pank4 Hmgcr"
"GOBP_COGNITION",-1.01178124836528,0.464382139148494,1,211,-0.312228446970279,36,"Nr4a2 Nrgn Itga3 Chrnb2 Itga5 Slc11a2 Specc1 Ntrk1 Sct Trpm4 Nfix Adam2 Fos Igf1 Klk8 Pde8b Chst10 Rag1 Pak6 Pde4d Lins1 Prkcz Ctns Dgki Tsc1 Atxn1l Dnaaf4 Tanc1 Bcl7a Egfr Jun Bhlhb9 Syt11 Cebpb Thra Abcg2"
"GOBP_COLLAGEN_BIOSYNTHETIC_PROCESS",0.994769236426947,0.455463728191001,1,37,0.30189845244391,7,"Acvr1b Ager Errfi1 Ciita Creb3l1 Cbx8 Adora2b"
"GOBP_COLLAGEN_CATABOLIC_PROCESS",1.05220395548402,0.374833555259654,1,16,0.392143314548745,6,"Mmp14 Retreg1 Idua Prtn3 Pepd Vsir"
"GOBP_COLLAGEN_FIBRIL_ORGANIZATION",0.92214413798952,0.567153011597456,1,23,0.313140852260152,12,"Chadl Selenon Ext1 Emilin1 Nf1 Crtap Atp7a Mmp11 Mia3 Colgalt1 Tgfbr1 Rb1"
"GOBP_COLLAGEN_METABOLIC_PROCESS",0.99654147747975,0.473118279569892,1,63,0.270084072812632,13,"Acvr1b Ager Errfi1 Mmp14 Ciita Creb3l1 Cbx8 Tgfbr3 Adora2b Retreg1 Idua Prtn3 Pepd"
"GOBP_COLUMNAR_CUBOIDAL_EPITHELIAL_CELL_DEVELOPMENT",1.17192702391652,0.259507829977629,1,14,0.454406995500985,10,"Rarg Rara Hoxa5 Cdh1 Src Hif1a Tgfb1 Il6st Tlr9 Dicer1"
"GOBP_COLUMNAR_CUBOIDAL_EPITHELIAL_CELL_DIFFERENTIATION",0.768867599532305,0.902097902097902,1,43,0.226877248286134,9,"Rarg Il31ra Rxra Afdn Ext1 Rara Nfe2l1 Rptor Hoxa5"
"GOBP_COMMISSURAL_NEURON_AXON_GUIDANCE",1.2453074901032,0.211532803765813,1,10,0.52964845063323,3,"Ncam1 Fzd3 Ephb2"
"GOBP_COMPLEMENT_ACTIVATION_CLASSICAL_PATHWAY",-1.32515456719565,0.135705847607797,1,12,-0.615395849286947,6,"C1qb AI182371 C2 C1qa Cd55 Masp2"
"GOBP_CONNECTIVE_TISSUE_DEVELOPMENT",-0.992637876401953,0.507511637748625,1,170,-0.311119924888837,40,"Galnt3 Hmga2 Agrn Ppargc1a Lrp5 Trpm4 Hyal2 Hyal3 Igf1 Bbs4 Gpld1 Rorc Pdgfrb Amer1 Ifrd2 Trps1 Pkdcc Bbs2 Slc26a2 Smpd3 Maf Hoxa3 Rflnb Rflna Thra Ccdc18 Smad7 Paxip1 Asnsd1 Ecm1 Runx1 Hyal1 Chsy1 Dyrk1b Sox8 Oxct1 Hmgcs2 Hoxb3 Smad3 Hes5"
"GOBP_CONNECTIVE_TISSUE_REPLACEMENT",0.765502383223388,0.782043343653251,1,12,0.310081046698561,5,"Ager Klf6 Hif1a Tsc2 Clec10a"
"GOBP_CONSTITUTIVE_HETEROCHROMATIN_FORMATION",0.67668443648116,0.973503434739941,1,42,0.200234346180746,5,"Sirt6 Zfp512b Pphln1 Atf7ip Spin1"
"GOBP_COPII_COATED_VESICLE_BUDDING",0.571165023635835,0.990620812862885,1,36,0.173816547578757,9,"Sec31b Tbc1d20 Trappc8 Vapa Preb Pdcd6 Mia3 Trappc11 Sec31a"
"GOBP_COPII_COATED_VESICLE_CARGO_LOADING",0.933391585585765,0.539091840218505,1,18,0.336296202538075,5,"Sec31b Tbc1d20 Preb Mia3 Sec31a"
"GOBP_COPPER_ION_HOMEOSTASIS",0.74553883410181,0.821238348868176,1,16,0.277853041709013,6,"Prnp App Aplp2 Slc31a1 Sco2 Atp7a"
"GOBP_COPPER_ION_TRANSPORT",-0.909770121920757,0.594729668332576,1,10,-0.440616361968909,2,"Slc11a2 Slc31a2"
"GOBP_CORONARY_VASCULATURE_MORPHOGENESIS",-0.843812016789814,0.686498194945848,1,15,-0.375857407127006,2,"Vegfa Pdgfrb"
"GOBP_CORTICAL_ACTIN_CYTOSKELETON_ORGANIZATION",0.962663662619829,0.510087719298246,1,34,0.297268466537538,2,"Nckap1 Kcnc3"
"GOBP_CORTICAL_CYTOSKELETON_ORGANIZATION",0.753283319245939,0.924867724867725,1,48,0.216086008243934,2,"Nckap1 Kcnc3"
"GOBP_COTRANSLATIONAL_PROTEIN_TARGETING_TO_MEMBRANE",-1.0138623922698,0.464021615472127,1,17,-0.439644559590592,1,"Srp54c"
"GOBP_CRANIAL_SKELETAL_SYSTEM_DEVELOPMENT",0.658534882558711,0.982017982017982,1,43,0.194320299289807,12,"Arl15 Mmp14 Wdr19 Ext1 Fuz Cplane2 Tmem107 Nipbl Tifab Gna11 Slc39a1 Tgfbr1"
"GOBP_CRD_MEDIATED_MRNA_STABILIZATION",-0.82441553903344,0.704679691049523,1,10,-0.399277759081201,1,"Igf2bp3"
"GOBP_CRISTAE_FORMATION",-0.583621298967621,0.960748707920101,1,19,-0.246905851913136,1,"Apoo"
"GOBP_CYCLIC_NUCLEOTIDE_CATABOLIC_PROCESS",-1.21894383441577,0.239739512342874,1,10,-0.590354183791813,4,"Pde8b Pde7b Pde4d Pde4b"
"GOBP_CYCLIC_NUCLEOTIDE_METABOLIC_PROCESS",-1.04815427897702,0.410326458134135,1,22,-0.430632783367391,7,"Gucy2c Pde8b Pde7b Pde4d Adcy9 Rora Pde4b"
"GOBP_CYCLIC_NUCLEOTIDE_TRANSPORT",0.974577370645075,0.488378934980877,1,10,0.41450276215844,5,"Lrrc8a Abcc4 Shoc2 Lrrc8d Slc46a2"
"GOBP_CYTOCHROME_COMPLEX_ASSEMBLY",1.00895371156173,0.426313342631334,1,38,0.304423377786907,6,"Ociad2 Cox15 Bcs1l Surf1 Hccs Sco2"
"GOBP_CYTOKINETIC_PROCESS",-0.989442623762978,0.490507889546351,1,48,-0.355599378849615,10,"Luzp1 Kif20a Kif20b Aurkb Cntrob Iqgap3 Mtmr4 Nup62 Chmp7 Vps4a"
"GOBP_CYTOKINE_MEDIATED_SIGNALING_PATHWAY",-0.72220654933792,0.985174654752234,1,330,-0.218235321528186,87,"Nol3 Ccl3 Ccl4 Ccr7 Oas1c Oas1a Hdac4 Casp4 Tnfrsf13c Il15ra Il1rap Bbs4 Prlr Il12a Cd40 Il18 Plvap Ccr1l1 Il15 Ccl6 Bbs2 Tnfrsf4 Cul5 Eed Socs3 Il2ra Prmt2 Ttll12 Traip Irgm2 Dab2ip Tnf Rbm15 Oasl1 Fbxo21 Cul4a Osm Cnot9 Ripk2 Ecm1 Nlrc5 Ifngr1 Oxsr1 Spata2 Numbl Kit Il27ra Trim44 Ikbke Iigp1 Rnf113a2 Hax1 Irf3 Il17ra Cxcr4 Tollip Isg15 Trim27 Zswim8 Trim56 Naip2 Traf2 Chuk Ptk2b Rabgef1 Gsdmd Gpr25 Eif4e2 Dnaja3 Cpne1 Dok1 Eda Spi1 Tnfrsf1a Nup85 Srsf1 Cd24a Ctr9 Rnf31 Gpr35 Ticam2 Usp18 Pias4 Appl1 Tax1bp1 Ezr Med1"
"GOBP_CYTOKINE_PRODUCTION_INVOLVED_IN_INFLAMMATORY_RESPONSE",-0.774826956172437,0.825649828347229,1,50,-0.27640423531084,6,"Hmox1 Cd6 Card9 Ccr1l1 Zfp36 Tnf"
"GOBP_CYTOPLASMIC_MICROTUBULE_ORGANIZATION",-0.913169051740358,0.619817876827223,1,59,-0.318197011167483,10,"Cep126 Tacc3 Tppp Map10 Ppfibp1 Katna1 Katnbl1 Tubgcp3 Camsap3 Camsap1"
"GOBP_CYTOPLASMIC_PATTERN_RECOGNITION_RECEPTOR_SIGNALING_PATHWAY",-1.04448142932785,0.386169876855068,1,183,-0.325616483329897,32,"Gbp2 Fbxl2 Cd36 Oas1c Oas1a Lyplal1 Casp4 Ptpn22 Tab1 Map3k20 Tspan6 Aurkb Usp50 Smpdl3a Cd86 Abhd8 Cgas Atat1 Cul5 Rab7b Ddx60 Irgm2 Zcchc3 Tnf Hcfc2 Elp6 Havcr2 Rnf170 Oasl1 Dhx33 Pum1 Ripk2"
"GOBP_CYTOPLASMIC_TRANSLATION",0.696611269208485,0.992110453648915,1,104,0.174508679790658,16,"Parp16 Impact Ftsj1 Eif2b3 Eif2s3y Eif4ebp1 Eif2ak4 Rptor Eif2b5 Dhx29 Gpr155 Usp4 Csde1 Wdr24 Mcts1 Akt1s1"
"GOBP_CYTOPLASMIC_TRANSLATIONAL_INITIATION",0.807454559481007,0.862433862433862,1,48,0.231625509471356,6,"Impact Eif2b3 Eif2s3y Eif4ebp1 Eif2ak4 Eif2b5"
"GOBP_CYTOSKELETON_DEPENDENT_INTRACELLULAR_TRANSPORT",-0.853497920925051,0.793549755994059,1,164,-0.267907181367751,15,"Kif17 Rasgrp1 Armcx1 Bicd1 Wdr35 Dync2li1 Mreg Fnbp1l Lca5l Stau2 Cep131 Prkcz Rpgr Hdac6 Ttc21b"
"GOBP_CYTOSOLIC_TRANSPORT",0.642925657257749,1,1,121,0.158750801017385,24,"Tpcn2 Pheta1 Snx32 Sgsm2 Aldh7a1 Prepl Tmem87a Evi5 Kif16b Dop1b Gosr1 Cln3 Eipr1 Arl1 Vps54 Trim46 Pheta2 Rgp1 Dennd5a Sort1 Slc30a6 Trappc10 Tbc1d5 Pikfyve"
"GOBP_C_TERMINAL_PROTEIN_AMINO_ACID_MODIFICATION",0.722240357006743,0.840866873065016,1,12,0.292556954461158,2,"Lcmt2 Agtpbp1"
"GOBP_DEADENYLATION_DEPENDENT_DECAPPING_OF_NUCLEAR_TRANSCRIBED_MRNA",-0.800478175047862,0.734937979917307,1,12,-0.371738481354465,5,"Eif4enif1 Dcp1a Dcp2 Cnot7 Patl1"
"GOBP_DECIDUALIZATION",0.733613847977715,0.846363946739502,1,18,0.264317307991825,6,"Il11ra1 Dcaf13 Ash1l Ndrg3 Vdr Cdh1"
"GOBP_DEFENSE_RESPONSE_TO_FUNGUS",-1.03974652149637,0.421885659708009,1,23,-0.423710499956935,6,"Rarres2 Pomc Card9 Clec1a Nlrp10 Ang"
"GOBP_DEFENSE_RESPONSE_TO_GRAM_NEGATIVE_BACTERIUM",0.678775519989656,0.943639291465378,1,27,0.222786592136103,3,"Nod1 Mr1 App"
"GOBP_DEFENSE_RESPONSE_TO_VIRUS",-0.949680621915413,0.623518499433165,1,244,-0.290750982474952,60,"Gbp2 Shfl Oas1c Bcl2 Oas1a Mlkl Hyal2 Ptpn22 Cxadr Card9 Dtx4 Cd40 Cd86 Rnf26 Slfn9 Ifit2 Il15 Isg20 Gbp7 Polr3d Cgas Cul5 Polr3h Foxp3 Bcl2l1 Akap1 Ddx60 Polr3b Irgm2 Zcchc3 Tnf Hcfc2 Trim34a Oasl1 Polr3e Nlrc5 Tagap Ifngr1 Mov10 Trim26 Pmaip1 Trim13 Trim5 Eif2ak2 Trim44 Sertad3 Armc5 Agbl5 Ddx56 Fgl2 Irf3 Isg15 Trim27 Trim56 Chuk Pde12 Polr3f Zdhhc1 Ube2n Atg14"
"GOBP_DEFINITIVE_HEMOPOIESIS",-0.950886578321403,0.548260930297528,1,19,-0.40228048754992,12,"Zfpm1 Meis1 Runx1 Lyl1 Hoxb3 Senp1 Hoxa9 Zfp36l2 Cdk5rap3 Hoxb4 Sp1 Adar"
"GOBP_DENDRITE_DEVELOPMENT",0.928811239096033,0.768617021276596,1,212,0.213828710965702,35,"Xlr3b Caprin2 Farp1 Gorasp1 Dlg4 Ulk4 Apoe Slc9a6 Parp6 Met Ephb2 Nsmf Wls Sgk1 Tet1 Afdn Arhgap32 Kalrn Numb Pias2 App Xlr4b Pak1 Camsap2 Sipa1l1 Srgap2 Ngfr Cdc20 Nedd4l Btbd3 Mfn2 Ptprf Matn2 Camk2b Mink1"
"GOBP_DENDRITE_EXTENSION",0.849077912305396,0.731532292106374,1,31,0.268117430111777,7,"Slc9a6 Afdn Cpne5 Prkn Nedd4l Ccdc134 Mul1"
"GOBP_DENDRITE_MORPHOGENESIS",1.08499876225214,0.228316326530612,1,128,0.264061901578396,25,"Xlr3b Caprin2 Farp1 Gorasp1 Dlg4 Parp6 Met Ephb2 Nsmf Wls Sgk1 Tet1 Afdn Arhgap32 Kalrn Numb Pias2 Xlr4b Sipa1l1 Nedd4l Btbd3 Mfn2 Ptprf Camk2b Mink1"
"GOBP_DENDRITIC_CELL_CHEMOTAXIS",-1.16203911741565,0.290308106491176,1,11,-0.551852431637088,3,"Ccr7 Trpm4 Il12a"
"GOBP_DENDRITIC_CELL_CYTOKINE_PRODUCTION",0.89255300766303,0.600511345477788,1,14,0.346081558203249,7,"Nod2 Ticam1 Mavs Scimp Ddx1 Tlr4 Tlr9"
"GOBP_DENDRITIC_CELL_DIFFERENTIATION",0.974581782554886,0.485436893203884,1,31,0.307748392915897,12,"Axl Ager Ltbr Tnfsf9 Batf Prtn3 Gimap3 Slamf9 Psen1 Lyn Flt3 Azi2"
"GOBP_DENDRITIC_CELL_MIGRATION",-1.12792008029034,0.313451599385389,1,19,-0.477175985192186,4,"Ccr7 Trpm4 Il12a Eps8"
"GOBP_DENDRITIC_SPINE_DEVELOPMENT",1.05118294952106,0.309248554913295,1,103,0.263661113926117,15,"Xlr3b Caprin2 Dlg4 Ulk4 Apoe Slc9a6 Ephb2 Afdn Arhgap32 Kalrn Xlr4b Pak1 Sipa1l1 Srgap2 Ngfr"
"GOBP_DENDRITIC_SPINE_MAINTENANCE",1.04888606549082,0.37078248384781,1,20,0.370469475787708,6,"Homer1 Apoe Prnp App Insr Igf1r"
"GOBP_DENDRITIC_SPINE_MORPHOGENESIS",1.07481021111475,0.300117924528302,1,57,0.298597150420146,9,"Xlr3b Caprin2 Dlg4 Ephb2 Afdn Arhgap32 Kalrn Xlr4b Sipa1l1"
"GOBP_DENDRITIC_TRANSPORT",-0.94356510986492,0.554078891559451,1,18,-0.405167072232258,2,"Kif17 Stau2"
"GOBP_DENSE_CORE_GRANULE_EXOCYTOSIS",-1.029353534045,0.456156292594275,1,10,-0.498532539619114,2,"Baiap3 Unc13a"
"GOBP_DENSE_CORE_GRANULE_LOCALIZATION",-0.796595362173044,0.753317502444475,1,19,-0.337006303360255,2,"Baiap3 Unc13a"
"GOBP_DENTATE_GYRUS_DEVELOPMENT",-0.629772847781465,0.925121463275221,1,16,-0.276112614939745,2,"Sct Atat1"
"GOBP_DEOXYRIBONUCLEOSIDE_MONOPHOSPHATE_BIOSYNTHETIC_PROCESS",-1.22871160286653,0.227554636739516,1,12,-0.570608168355001,5,"Tk1 Dut Tyms Dctd Shmt1"
"GOBP_DEOXYRIBONUCLEOSIDE_TRIPHOSPHATE_METABOLIC_PROCESS",-0.615619366529333,0.921736562315416,1,12,-0.285890878152086,1,"Ada"
"GOBP_DEOXYRIBONUCLEOTIDE_CATABOLIC_PROCESS",-1.19794467148709,0.255113968439509,1,13,-0.547741036078603,3,"Ada Dut Xdh"
"GOBP_DEOXYRIBONUCLEOTIDE_METABOLIC_PROCESS",-1.25854714750701,0.160130293159609,1,33,-0.479960767126728,11,"Rrm2 Ada Dut Xdh Tyms Dctd Dtymk Shmt1 Cmpk2 Rrm1 Cmpk1"
"GOBP_DEPHOSPHORYLATION",-0.935719386091229,0.618602629577312,1,124,-0.300278471637092,36,"Bcl2 Bglap3 Ptpn22 Dusp10 Ephx2 Ptpn7 Cttnbp2nl Ppp3cc Dusp18 Dusp2 Plpp1 Akap1 Dusp1 Plpp2 Ocrl Dusp16 Ppp2r2a Mtmr4 Acp5 Mtmr2 Ppp2r3d Synj2 Dusp6 Sdhaf2 Cdc14b Ppm1d Smad3 Plppr3 Inpp5a Plpp5 Pdxp Epm2a Thtpa Ctdspl2 Pip4p1 Mtm1"
"GOBP_DETECTION_OF_BIOTIC_STIMULUS",1.03266004108153,0.395875454913061,1,28,0.334016881283457,6,"Nod1 Nlrc4 Ly96 Naip1 Pak1 Nod2"
"GOBP_DETECTION_OF_CHEMICAL_STIMULUS",-1.01354867513099,0.454768726975031,1,23,-0.413034530043332,4,"Kcnk3 Calml3 Casp4 Nr4a1"
"GOBP_DETECTION_OF_EXTERNAL_BIOTIC_STIMULUS",1.00442564861181,0.430180949129396,1,18,0.361889411235707,5,"Nod1 Nlrc4 Ly96 Naip1 Nod2"
"GOBP_DETECTION_OF_EXTERNAL_STIMULUS",-1.17490443605989,0.228125761637826,1,52,-0.417130367936664,23,"Best1 Rgs9bp Ntrk1 Tac4 Igf1 Il18 Arrb1 Pkd2 Slc12a2 Nr2f6 Lxn Disc1 Jup Tnf Kit Pkd2l2 Whrn Cacna2d4 Arrb2 Cxcr4 Bace1 Piezo1 Cacnb4"
"GOBP_DETECTION_OF_LIGHT_STIMULUS",-1.18051235961439,0.255619963240492,1,18,-0.506912275028303,3,"Best1 Rgs9bp Arrb1"
"GOBP_DETECTION_OF_MECHANICAL_STIMULUS",-0.94089910481197,0.560386473429952,1,25,-0.37659612077419,13,"Ntrk1 Igf1 Il18 Pkd2 Slc12a2 Jup Tnf Kit Pkd2l2 Whrn Cxcr4 Bace1 Piezo1"
"GOBP_DETECTION_OF_MECHANICAL_STIMULUS_INVOLVED_IN_SENSORY_PERCEPTION",-0.786504846014504,0.764352563207152,1,19,-0.332737426448507,9,"Ntrk1 Igf1 Il18 Slc12a2 Tnf Kit Whrn Cxcr4 Bace1"
"GOBP_DETECTION_OF_MECHANICAL_STIMULUS_INVOLVED_IN_SENSORY_PERCEPTION_OF_PAIN",0.952189880308288,0.516284680337756,1,11,0.39411133378527,2,"Trpa1 Cacnb3"
"GOBP_DETECTION_OF_MOLECULE_OF_BACTERIAL_ORIGIN",-0.953061325763557,0.545812509465395,1,10,-0.461582991101768,2,"Casp4 Nr4a1"
"GOBP_DETECTION_OF_OTHER_ORGANISM",1.29785544234099,0.166164053075995,1,11,0.537182288973572,4,"Nod1 Nlrc4 Naip1 Nod2"
"GOBP_DETECTION_OF_STIMULUS",-1.02810302602996,0.426366197183099,1,92,-0.338928678913303,31,"Best1 Rgs9bp Kcnk3 Ntrk1 Calml3 Tac4 Casp4 Igf1 Nr4a1 Il18 Arrb1 Pkd2 Slc12a2 Nr2f6 Lxn Disc1 Pglyrp2 Jup Tnf Eng Ffar4 Kit Pkd2l2 Whrn Cacna2d4 Arrb2 Parg Cxcr4 Bace1 Naip2 Piezo1"
"GOBP_DETECTION_OF_STIMULUS_INVOLVED_IN_SENSORY_PERCEPTION_OF_PAIN",-1.01961045419346,0.451859182807861,1,18,-0.437820960338507,10,"Ntrk1 Tac4 Il18 Nr2f6 Lxn Disc1 Tnf Arrb2 Cxcr4 Bace1"
"GOBP_DETECTION_OF_TEMPERATURE_STIMULUS",-1.33316332296069,0.128617838157118,1,12,-0.619115079615066,7,"Ntrk1 Tac4 Nr2f6 Lxn Disc1 Arrb2 Cxcr4"
"GOBP_DETERMINATION_OF_ADULT_LIFESPAN",-0.930424425764345,0.579034517895809,1,38,-0.346603451847267,10,"Rad54b Ankle1 Rad54l Lrrk2 Cgas Suv39h1 Icmt Abcg2 Naglu Ercc1"
"GOBP_DETOXIFICATION",-1.00111882433609,0.470527285286668,1,80,-0.33532497997315,19,"Cd36 S100a8 Aifm2 Gpx7 S100a9 Slc39a8 Fancc Gsto1 Dhfr Rab29 Abcg2 Prxl2a Txnrd1 Prkce Txnrd3 Nnt Glo1 Sesn2 Gstz1"
"GOBP_DEVELOPMENTAL_CELL_GROWTH",-1.03006626933821,0.421152628245725,1,173,-0.322361084171133,24,"Sema6d Spag6l Lrp1 Gdf9 Auts2 Olfm1 Nfix Vegfa Cit Igf1 Tnfrsf12a Rnd2 Unc13a Pak6 Trip10 Ttl Prkcz Meis1 Hdac6 Cdkl5 Akap1 Nrn1l Prmt2 Disc1"
"GOBP_DEVELOPMENTAL_GROWTH",-1.00907705858231,0.471881903996786,1,486,-0.301045971542689,93,"Ptk7 Rag2 Sema6d Spag6l Esr1 Lrp1 Galnt3 Hmga2 Stil Gdf9 Agrn Auts2 Bcl2 Cd81 Olfm1 Nfix Gins1 Vegfa Cdk1 Fgf20 Cit Igf1 Tnfrsf12a Cxadr Dusp10 Bbs4 Rnd2 H2-Q2 Gas2 Prlr Unc13a Siah1a Map7 Pdgfrb Xrcc2 Pak6 Pde4d Plau Trip10 Ttl Pkdcc Plag1 Slc12a2 Prkcz Meis1 Bbs2 Pls1 Slc1a2 Hdac6 Cdkl5 Hlx Akap1 Flvcr1 Nrn1l Prmt2 Disc1 Suv39h1 Gamt Smpd3 Kdm5b Cdkn1a Ints1 Icmt Rgs2 Gins4 Abcg2 Mst1 Stk40 Clic4 Tiam1 Efna5 Ercc1 Smad7 Cdkn1c Palb2 Ezh2 Ecm1 Gpat4 Dusp6 Adra1b Cdk20 Ssna1 Alms1 Megf8 Hmga1 Kdm6a Taf8 Cox10 Aspm Pygo2 Wdr48 Alcam Arid2"
"GOBP_DEVELOPMENTAL_GROWTH_INVOLVED_IN_MORPHOGENESIS",-1.0078641604571,0.475199150292087,1,161,-0.316709598398605,21,"Ptk7 Sema6d Spag6l Esr1 Lrp1 Auts2 Olfm1 Nfix Vegfa Cit Tnfrsf12a Rnd2 Unc13a Pak6 Ttl Slc12a2 Prkcz Hdac6 Cdkl5 Nrn1l Disc1"
"GOBP_DEVELOPMENTAL_INDUCTION",-1.03150060327547,0.447135262847017,1,12,-0.479024262909994,3,"Fzd5 Sox8 Pou2f1"
"GOBP_DEVELOPMENTAL_PIGMENTATION",-0.764648187109609,0.81488274597144,1,31,-0.294360928924743,6,"Bcl2 Mreg Vhl Hps4 Kit Ankrd27"
"GOBP_DEVELOPMENT_OF_PRIMARY_FEMALE_SEXUAL_CHARACTERISTICS",-1.17296922691556,0.216027061705354,1,71,-0.398800302703226,16,"Esr1 Gdf9 Bcl2 Vegfa Lfng Fanca Hyal3 Pla2g4a Gas2 Pde4d Arrb1 Bcl2l1 Nrip1 Fancf Cebpb Abcg2"
"GOBP_DEVELOPMENT_OF_PRIMARY_SEXUAL_CHARACTERISTICS",-1.16880317471133,0.178263679448514,1,138,-0.371821155763616,36,"Esr1 Hmga2 Gdf9 Bcl2 Ntrk1 Vegfa Adam2 Lfng Fanca Hyal3 Adgrg1 Pla2g4a Gas2 Map7 Brip1 Pde4d Arrb1 Serpinb6b Cbx2 Bcl2l1 Ing2 Nrip1 Fancf Cebpb Abcg2 Ercc1 Gfra1 Flna Runx1 Spata2 Kit Aspm Sox8 Wdr48 Arrb2 Fancg"
"GOBP_DEVELOPMENT_OF_SECONDARY_SEXUAL_CHARACTERISTICS",1.26623569756946,0.195939982347749,1,10,0.538549539518608,2,"Areg Stat5a"
"GOBP_DIACYLGLYCEROL_METABOLIC_PROCESS",-1.14906853304818,0.292946530147895,1,17,-0.498274453222779,7,"Dgkh Daglb Dgki Plpp1 Pgs1 Gpat4 Dgka"
"GOBP_DICARBOXYLIC_ACID_BIOSYNTHETIC_PROCESS",0.854166870037092,0.654898499558694,1,10,0.363290322183712,4,"Mthfd1 Haao Got1 Slc25a12"
"GOBP_DICARBOXYLIC_ACID_METABOLIC_PROCESS",0.689215213353498,0.979785217940619,1,62,0.187714401508523,25,"Aldh1l1 Mtrr Dglucy Mthfd1 Prodh Apc Kyat3 Acsf3 Grhpr Oat Haao Suclg1 Acot8 Sdha Me2 Got1 Slc25a12 Aldh18a1 Idh1 Gclm Fahd1 Idh2 Bloc1s6 Mdh2 Mthfsl"
"GOBP_DICARBOXYLIC_ACID_TRANSPORT",-0.967605546473793,0.52822826484575,1,53,-0.342669213831485,9,"Best1 Lrrc8b Slc26a11 Gabbr1 Slc25a10 Slc26a6 Slc12a2 Slc1a2 Slc26a2"
"GOBP_DIGESTION",-0.984915587524215,0.49727385377943,1,46,-0.356145081273418,7,"Cd36 Soat2 Sct Tac4 Slc26a6 Negr1 Pls1"
"GOBP_DIGESTIVE_SYSTEM_DEVELOPMENT",-0.881955023746689,0.681669394435352,1,69,-0.300550533712024,17,"Ccdc39 Hes1 Bcl2 Rarres2 Igf1 Ada Pkdcc Hlx Egfr Tnf Pdgfc Cdkn1c Tigar Kit Megf8 Hmgcs2 Smad3"
"GOBP_DIGESTIVE_TRACT_MORPHOGENESIS",0.751914996934511,0.821782178217822,1,18,0.270911118126069,2,"Nckap1 Epb41l5"
"GOBP_DIOL_BIOSYNTHETIC_PROCESS",-1.10327500631759,0.349971558589306,1,17,-0.478416852186315,4,"Pcbd1 Ephx1 Sphk2 Dhfr"
"GOBP_DIOL_METABOLIC_PROCESS",-1.23639069931414,0.196825396825397,1,21,-0.513500447833874,6,"Pcbd1 Ephx1 Sphk2 Plpp1 Plpp2 Dhfr"
"GOBP_DITERPENOID_METABOLIC_PROCESS",0.9255856644799,0.580671249494541,1,28,0.299383364041528,7,"Rdh11 Aldh1a3 Rdh13 Rbp4 Dgat2 Dhrs4 Ldlr"
"GOBP_DNA_BIOSYNTHETIC_PROCESS",-1.12407338577644,0.247198275862069,1,137,-0.357848263131478,48,"Dscc1 Pole Pclaf Vegfa Cdk1 Dtl Lin9 Pole2 Tk1 Pdgfrb Lig1 Chtf18 Tert Pola1 Xrcc5 Wrap53 Dusp1 Pcna Smpd3 Cdkn1a Tnf Polk Pold3 Cdk2 Rfc4 Rev3l Tinf2 Primpol Tent4b Gar1 Ccna2 Jade3 Arrb2 Tfdp1 Rrm1 Jade1 Stn1 Prkd2 Dcp2 Tcp1 Pold1 Ing5 Ptk2b Gsk3b Cct3 Nfatc1 Rfc5 Dnajc2"
"GOBP_DNA_CATABOLIC_PROCESS",-0.765468924231022,0.805748663101604,1,26,-0.304137549017945,5,"Dnase1l2 Setmar Isg20 Nmnat1 Rexo4"
"GOBP_DNA_CONFORMATION_CHANGE",1.02161746802414,0.407647661317856,1,18,0.368083535622909,3,"Tdrd3 Top1mt Ercc3"
"GOBP_DNA_DAMAGE_RESPONSE_SIGNAL_TRANSDUCTION_BY_P53_CLASS_MEDIATOR",-0.951740822548585,0.561264354208595,1,64,-0.327908245571985,24,"E2f7 Chek2 Pidd1 Cdkn1a Spred2 Paxip1 Eef1e1 Usp10 Myo6 Pmaip1 Tfap4 Ppm1d Sesn2 Dyrk3 Foxm1 Sox4 Mdm4 Yju2 Casp2 Mif Ddx5 Sp100 Spred1 Kmt5a"
"GOBP_DNA_DOUBLE_STRAND_BREAK_PROCESSING",-0.917845841529181,0.592031655068904,1,23,-0.374034355833217,8,"Setmar Brip1 Rbbp8 Dna2 Rad52 Exd2 Blm Ube2n"
"GOBP_DNA_METHYLATION_DEPENDENT_CONSTITUTIVE_HETEROCHROMATIN_FORMATION",-0.542857544861443,0.980983428416191,1,24,-0.219202778769964,8,"Hells Ezh2 Ppm1d Bend3 Smarca5 Mbd1 Ehmt2 Dnmt1"
"GOBP_DNA_REPAIR_DEPENDENT_CHROMATIN_REMODELING",1.08232833017131,0.319607843137255,1,25,0.361699340359673,13,"Sirt6 Apbb1 Kdm1a Ubr5 Usp3 Trip12 Hdac3 Parp1 Aplf Uimc1 Dtx3l Prkdc Parp2"
"GOBP_DNA_SYNTHESIS_INVOLVED_IN_DNA_REPAIR",-0.659940519597751,0.886177673874927,1,13,-0.301747244725417,5,"Pole Pola1 Pold3 Rrm1 Pold1"
"GOBP_DNA_TEMPLATED_TRANSCRIPTION_ELONGATION",-0.614381852684693,0.997223408799658,1,151,-0.194003139814476,55,"Zc3h8 Ell3 Polr1e Vhl Med9 Epop Polr3b Ints1 Ints9 Eaf1 Iws1 Ezh2 Ints14 Polr2l Nelfa Armc5 Med22 Med26 Polr1b Rnf168 Glyr1 Tceanc2 Adrm1 Rad54l2 Ctr9 Ccnt1 Aff3 Supt16 Med1 Polr1a Med25 Cdk12 Ell2 Ints6 Scaf8 Setd5 Ikzf1 Rnf8 Rtf1 Med21 Gtf2h5 Med6 Map2k1 Kat7 Eloc Ints3 Med30 Cbx7 Leo1 Eapp Usp7 Polr2h Wdr82 Aff1 Eny2"
"GOBP_DNA_TEMPLATED_TRANSCRIPTION_INITIATION",-0.697156801812627,0.981516095534787,1,211,-0.215137596072682,76,"Esr1 Gtf3c4 Samd1 Polr1e Med9 Sphk2 Polr3d Ints2 Polr3h Gtf3c5 Taf4b Polr3b Jun Ogg1 Ttf1 Ints1 Ints9 Ccnh Thra Polr3e Ercc1 Paxip1 Ints14 Sgf29 Polr2l Tfb1m Rbm14 Rrn3 Taf8 Armc5 Med22 Taf12 Taf1c Med26 Taf6 Cand1 Polr3f Taf7 Glyr1 Nr3c1 Taf5 Spi1 Men1 Taf9 Smarca5 Tbp Polrmt Gtf2b Apex1 Phf2 Hmgb1 Med1 Taf3 Med25 Kdm5a Creb1 Brf1 Ints6 Taf1 Rbbp5 Wdr5 Ikzf1 Nfkb1 Trmt112 Arid5b Atad2b Med21 Gtf2h5 Med6 Kat7 Eloc Ints3 Med30 Tbpl1 Atf2 Ints7"
"GOBP_DNA_TEMPLATED_TRANSCRIPTION_TERMINATION",-0.826634046648115,0.739841489495534,1,41,-0.304408194240415,25,"Zgrf1 Polr3d Polr3h Polr3b Ttf1 Polr3e Polr2l Polr3f Pcf11 Polr3k Scaf8 Scaf4 Dhx9 Polr2h Wdr82 Crcp Mterf2 Maz Prmt5 Polr2a Lipe Prr3 Polr2f Smn1 Wnk1"
"GOBP_DOLICHOL_LINKED_OLIGOSACCHARIDE_BIOSYNTHETIC_PROCESS",-0.590107080995809,0.955323059522126,1,18,-0.253392114450717,7,"Alg13 Alg9 Alg1 Rft1 Alg3 Alg6 Dpagt1"
"GOBP_DOPAMINE_SECRETION",-1.22346872668646,0.2169191197485,1,16,-0.536407929640727,4,"Chrnb2 Slc18a2 Xlr4a Gabbr1"
"GOBP_DORSAL_VENTRAL_NEURAL_TUBE_PATTERNING",-0.395244186722793,0.997728305315766,1,10,-0.191423142447764,4,"Tctn1 Smo Fkbp8 Tulp3"
"GOBP_DORSAL_VENTRAL_PATTERN_FORMATION",-0.724758465335403,0.877728706624606,1,40,-0.267772233145271,10,"Ddit3 Tgif1 Disp1 Ttc21b Tctn1 Intu Map3k4 Fbxl15 Ift122 Mdfi"
"GOBP_DOSAGE_COMPENSATION_BY_INACTIVATION_OF_X_CHROMOSOME",-0.669004774703317,0.906126347387092,1,23,-0.272628320174773,4,"Brca1 Rbm15 Suz12 Smchd1"
"GOBP_DOUBLE_STRAND_BREAK_REPAIR_VIA_CLASSICAL_NONHOMOLOGOUS_END_JOINING",0.85961770059255,0.644012944983819,1,10,0.36560864435017,1,"Lig4"
"GOBP_DOUBLE_STRAND_BREAK_REPAIR_VIA_NONHOMOLOGOUS_END_JOINING",-0.955648754953734,0.551960898405679,1,73,-0.323812713178395,9,"Hmga2 Aunip Setmar Shld3 Lig1 Pola1 Xrcc5 Mrnip Wrap53"
"GOBP_EARLY_ENDOSOME_TO_GOLGI_TRANSPORT",-0.983850695192629,0.509303012404017,1,12,-0.456895858889063,3,"Ehd3 Rbsn Rab6a"
"GOBP_EAR_MORPHOGENESIS",-0.839838881263784,0.730350963914978,1,47,-0.302729958150108,5,"Ptk7 Lrig3 Ankrd24 Scrib Pls1"
"GOBP_EATING_BEHAVIOR",-1.18348279601192,0.252275312855518,1,17,-0.513197625834456,3,"Cd36 Pomc Ttc21b"
"GOBP_ECTODERM_DEVELOPMENT",-0.894819185756397,0.614417688929275,1,10,-0.433375382141102,2,"Ets2 Erf"
"GOBP_ELECTRON_TRANSPORT_CHAIN",-0.781883799999096,0.854940355615575,1,93,-0.257420736400014,3,"Aifm2 Ppargc1a Cdk1"
"GOBP_EMBRYONIC_APPENDAGE_MORPHOGENESIS",-0.634574800889384,0.974246898995865,1,65,-0.218133132631167,4,"Tmem231 Lrp5 Map3k20 B9d1"
"GOBP_EMBRYONIC_AXIS_SPECIFICATION",-0.789425613413935,0.762117614191926,1,19,-0.333973081425925,6,"Stil Tdrd7 Fzd5 Peg12 Frat1 Kdm6a"
"GOBP_EMBRYONIC_BRAIN_DEVELOPMENT",-0.671709771693725,0.888519855595668,1,15,-0.29919826703957,11,"Cdk20 Megf8 Cdc40 Mks1 Prickle1 Ppil1 Med12 Tra2b Tbc1d23 Pcnt Ctnnb1"
"GOBP_EMBRYONIC_CRANIAL_SKELETON_MORPHOGENESIS",0.493287622712541,0.997381219603442,1,23,0.167510154022521,7,"Mmp14 Wdr19 Fuz Nipbl Slc39a1 Tgfbr1 Tgfbr2"
"GOBP_EMBRYONIC_DIGIT_MORPHOGENESIS",-1.00210974050046,0.470410094637224,1,40,-0.370243572037832,9,"Tmem231 Lrp5 Map3k20 B9d1 Flvcr1 Intu Ift122 Megf8 Ece1"
"GOBP_EMBRYONIC_HEART_TUBE_DEVELOPMENT",-0.838927002332662,0.736267778322707,1,50,-0.29927066258362,3,"Ccdc39 Stil Hes1"
"GOBP_EMBRYONIC_HEART_TUBE_MORPHOGENESIS",-1.15720075122726,0.261758691206544,1,37,-0.432786688325034,3,"Ccdc39 Stil Hes1"
"GOBP_EMBRYONIC_HEMOPOIESIS",-0.98576000389469,0.496247782780734,1,23,-0.401710277892213,5,"Vegfa Zfpm1 Thoc5 Runx1 Kit"
"GOBP_EMBRYONIC_MORPHOGENESIS",-0.934389854933966,0.684802431610942,1,342,-0.281834826002921,69,"Ptk7 Ccdc39 Hmga2 Itga3 Stil Lrig3 Tmem231 Itga5 Luzp1 Hes1 Mmp15 Lrp5 Cecr2 Wnt6 Map3k20 Bbs4 Ankrd24 Ets2 Kif20b B9d1 Erf Fbn1 Pkd2 Scrib Tsc1 Dusp2 Mthfr Pls1 Tgif1 Pax5 Vegfc Cdon Socs3 Hlx Prox2 Flvcr1 Dusp1 Lmo4 Hoxa3 Fzd5 Tctn1 Intu Celsr1 Twsg1 Naglu Mthfd1l Eng Ecsit Glmn Cdkn1c Ift122 Mdfi Txnrd1 Myo6 Specc1l Ofd1 Hyal1 Cdk20 Megf8 Rbm14 Whrn Kdm6a Zbtb17 Sox8 Armc5 Hoxb3 Smad3 Ece1 Hes5"
"GOBP_EMBRYONIC_ORGAN_DEVELOPMENT",-1.01897355760966,0.447176216438638,1,248,-0.311667655233059,58,"Ptk7 Ccdc39 Pole E2f7 Stil Lrig3 E2f8 Hes1 Vegfa Rarres2 Ankrd24 Pdgfrb Erf Zfpm1 Ada Fbn1 Pkd2 Pkdcc Pbx4 Scrib Pls1 Fbxw8 Pax5 Socs3 Hlx Flvcr1 Mrtfb Egfr Hoxa3 Fzd5 Tnf Cebpb Celsr1 Junb Abcg2 Naglu Mthfd1l Eng Cdkn1c Ift122 Mdfi Palb2 Thoc5 Myo6 Runx1 Hyal1 Cdk20 Kit Megf8 Whrn Kdm6a Cdc40 Wdr48 Arid2 Hoxb3 Smad3 Ece1 Plk4"
"GOBP_EMBRYONIC_ORGAN_MORPHOGENESIS",-0.835692132988334,0.808216216216216,1,133,-0.266774648054544,27,"Ptk7 Ccdc39 Stil Lrig3 Hes1 Ankrd24 Fbn1 Pkd2 Scrib Pls1 Pax5 Hlx Flvcr1 Hoxa3 Fzd5 Celsr1 Naglu Mthfd1l Eng Mdfi Myo6 Hyal1 Megf8 Whrn Kdm6a Hoxb3 Smad3"
"GOBP_EMBRYONIC_PATTERN_SPECIFICATION",-0.880178862394818,0.647320843704965,1,31,-0.33883591424421,10,"Stil Meis3 Meis1 Disp1 Tdrd7 Fzd5 Peg12 Frat1 Kdm6a Smad3"
"GOBP_EMBRYONIC_PLACENTA_DEVELOPMENT",-1.14834428766452,0.251795117280996,1,60,-0.399426777250903,13,"E2f7 E2f8 Hes1 Erf Pkd2 Fbxw8 Socs3 Egfr Fzd5 Cebpb Junb Cdkn1c Mdfi"
"GOBP_EMBRYONIC_PLACENTA_MORPHOGENESIS",-0.791869093799721,0.754408418657565,1,17,-0.343380858833883,4,"Erf Socs3 Fzd5 Cdkn1c"
"GOBP_EMBRYONIC_SKELETAL_SYSTEM_DEVELOPMENT",-0.563735784275279,0.99471915506481,1,58,-0.196922309025212,17,"Hoxa6 Pax5 Flvcr1 Hoxa3 Mthfd1l Mdfi Hyal1 Cdk20 Megf8 Hoxb3 Smad3 Hoxa9 Ctdspl2 Xylt1 Slc39a3 Mks1 Men1"
"GOBP_EMBRYONIC_SKELETAL_SYSTEM_MORPHOGENESIS",-0.506869709919787,0.996854950308215,1,41,-0.186654897336362,12,"Pax5 Flvcr1 Hoxa3 Mthfd1l Mdfi Hyal1 Megf8 Hoxb3 Smad3 Hoxa9 Slc39a3 Men1"
"GOBP_EMBRYO_IMPLANTATION",0.896236085362385,0.661087866108787,1,38,0.270414007376233,4,"Acvr1b Rxra Il11ra1 Errfi1"
"GOBP_ENDOCARDIAL_CUSHION_FORMATION",1.33209502742645,0.148573109738158,1,10,0.566560526600686,2,"Snai1 Acvr1"
"GOBP_ENDOCHONDRAL_BONE_MORPHOGENESIS",1.01055201190599,0.424561403508772,1,34,0.312056285700223,10,"Rarg Col10a1 Mmp14 Poc1a Bmp6 Ext2 Ext1 Rara Inppl1 Carm1"
"GOBP_ENDOCRINE_HORMONE_SECRETION",-0.837807664017269,0.703748981255094,1,24,-0.338301953736744,3,"Gdf9 Pomc Rab11fip1"
"GOBP_ENDOCRINE_PANCREAS_DEVELOPMENT",-1.15051141874705,0.28827937226071,1,18,-0.494029864213884,3,"Hes1 Pde3b Vhl"
"GOBP_ENDOCRINE_PROCESS",0.978678738364868,0.482566248256625,1,38,0.295288756944161,8,"Rab11fip3 Nos3 Nr3c2 Prep Bmp6 Abcb1b Selenom Mfn2"
"GOBP_ENDOCYTIC_RECYCLING",-0.862550537772264,0.721332404828227,1,75,-0.291433090530271,10,"Rab11fip4 Ehd3 Ankrd50 Snx7 Scrib Actn2 Atp9a Ehd1 Mtmr4 Arl4c"
"GOBP_ENDOCYTOSIS",-0.848958639513005,0.904298051817634,1,490,-0.253279486697018,39,"Nostrin Itgam Cd36 Lrp1 Myo1e Fcmr Napb Ccr7 Lrp5 Bicd1 Cd81 Abca1 Nfix Ehd3 Vegfa Elmo3 Timd2 Clcn2 Il15ra Pros1 Cxadr Rap1gap Fnbp1l Rab39 Ly75 C2 Cd22 Cd14 Lrrk2 Pick1 Trip10 Ppp3cc Arrb1 Pard3 Heatr5a Fcer2a Il15 Scrib Ramp3"
"GOBP_ENDODERMAL_CELL_DIFFERENTIATION",-1.30804431843781,0.14377133105802,1,17,-0.567211657804082,3,"Hmga2 Itga5 Mmp15"
"GOBP_ENDODERM_DEVELOPMENT",-0.850768290846588,0.707182320441989,1,42,-0.312739890006127,6,"Hmga2 Itga5 Mmp15 Angpt4 Dusp2 Dusp1"
"GOBP_ENDODERM_FORMATION",-1.21706741047592,0.215134544461139,1,22,-0.500030517483084,5,"Hmga2 Itga5 Mmp15 Dusp2 Dusp1"
"GOBP_ENDOLYSOSOMAL_TOLL_LIKE_RECEPTOR_SIGNALING_PATHWAY",-1.16169736445298,0.255015772870662,1,40,-0.429205469679601,9,"Oas1c Oas1a Ptpn22 Cd86 Rab7b Tnf Hcfc2 Havcr2 Rnf170"
"GOBP_ENDOMEMBRANE_SYSTEM_ORGANIZATION",-0.58287631538132,1,1,441,-0.174299418467921,55,"Atp8b4 Rtn1 Agrn Abca1 Atp10a Ehd3 Cdk1 Mycbpap Cit Baiap3 Fer1l6 Mtss2 Fnbp1l Baiap2l1 Unc13a Stx11 Nectin2 Usp50 S100a9 Asap1 Lrrk2 Tmem38a Rnf26 Acrbp Slc35d3 Bhlha15 Smpd4 Fbxw8 Pi4k2b Cep78 Tmem9 Grik5 Washc5 Icmt Syt11 Tjap1 Rab29 Camsap3 Nup93 Naglu Hps4 Hid1 Cdc25a Tmem170 Rfx2 Rbsn Nemp1 Chmp7 Poc1b Lmnb1 Erc1 Lysmd3 Vps4a Exoc8 Casp7"
"GOBP_ENDONUCLEOLYTIC_CLEAVAGE_OF_TRICISTRONIC_RRNA_TRANSCRIPT_SSU_RRNA_5_8S_RRNA_LSU_RRNA",0.699653475240593,0.867403314917127,1,15,0.264921122195614,7,"Tsr1 Rpp40 Abt1 Nop9 Bop1 Sde2 Fcf1"
"GOBP_ENDOPLASMIC_RETICULUM_CALCIUM_ION_HOMEOSTASIS",-0.910846916802808,0.600267379679144,1,26,-0.361899405760006,2,"Bcl2 Tmtc4"
"GOBP_ENDOPLASMIC_RETICULUM_MEMBRANE_ORGANIZATION",-1.00655078741261,0.475338280226975,1,14,-0.453968119976413,1,"Rtn1"
"GOBP_ENDOPLASMIC_RETICULUM_ORGANIZATION",0.999354227641251,0.464536243180047,1,82,0.26044224628328,22,"Shtn1 Cav2 Zbed3 Sec31b Tle6 Atl1 Ncln Retreg1 Mmgt1 Eif2ak3 Ccdc47 Lpcat3 Vapa Pex5 Emc4 Emc2 Rtn3 Mia3 Use1 Caml Arl6ip1 Reep4"
"GOBP_ENDOPLASMIC_RETICULUM_TO_CYTOSOL_TRANSPORT",-0.896454447028076,0.623703112529928,1,27,-0.353377223625857,3,"Yod1 Derl3 Syvn1"
"GOBP_ENDOPLASMIC_RETICULUM_TO_GOLGI_VESICLE_MEDIATED_TRANSPORT",0.694744663022425,0.9965075669383,1,116,0.172616754260681,25,"Rabggta Pgap1 Sec31b Mppe1 Rab43 Gosr1 Bcap29 Rabggtb Tbc1d20 Creb3l2 Trappc8 Vapa Trappc10 Preb Pdcd6 Trappc9 Sec22a Sec22b Ergic1 Mia3 Use1 Mia2 Ergic3 Trappc11 Sec31a"
"GOBP_ENDOPLASMIC_RETICULUM_TUBULAR_NETWORK_ORGANIZATION",-0.914791028125982,0.596590909090909,1,20,-0.383136010184882,1,"Rtn1"
"GOBP_ENDOSOMAL_TRANSPORT",-0.599250060372183,0.999588773517014,1,253,-0.183154466088831,49,"Rab11fip4 Abca1 Ehd3 Diaph3 Baiap3 Ankrd50 Snx7 Lrrk2 Heatr5a Scrib Ykt6 Actn2 Rab7b Ap5b1 Bcl2l1 Atp9a Washc5 Rab29 Ehd1 Mtmr4 Arl4c Mtmr2 Flna Rbsn Chmp7 Erc1 Agap2 Vps4a Alms1 Vps25 Bet1l Stx8 Ankrd27 Sgsm3 Chmp1a Trim27 Wdr91 Vps36 Rab5c Ankfy1 Rabgef1 Rab6a Atg14 Hgs Pik3r4 Vps28 Ccdc22 Vps51 Dnm1l"
"GOBP_ENDOSOMAL_VESICLE_FUSION",-1.06246906548155,0.410956881275842,1,12,-0.493405878136019,8,"Vps4a Tgfbrap1 Ankfy1 Samd9l Rufy1 Arl8b Vps11 Rab4b"
"GOBP_ENDOSOME_ORGANIZATION",0.666050631177547,0.999300209937019,1,71,0.177684461782992,8,"Pheta1 Hook2 Plekhf1 Snx33 Synj1 Prkn Chmp2b Laptm4b"
"GOBP_ENDOSOME_TO_LYSOSOME_TRANSPORT",0.951840516714869,0.57169459962756,1,61,0.259876621844964,11,"Tpcn2 Snx32 Uevld Hook2 Plekhf1 Aldh7a1 Chmp2b Rhob Lyst Sort1 Lipa"
"GOBP_ENDOSOME_TO_LYSOSOME_TRANSPORT_VIA_MULTIVESICULAR_BODY_SORTING_PATHWAY",0.633990309271378,0.941414141414141,1,17,0.23244862127144,4,"Snx32 Chmp2b Lyst Ubxn6"
"GOBP_ENDOSOME_TO_PLASMA_MEMBRANE_PROTEIN_TRANSPORT",1.0575621898304,0.37017310252996,1,16,0.394140261781045,4,"Zdhhc2 Aldh7a1 Rab8a Gripap1"
"GOBP_ENDOTHELIAL_CELL_APOPTOTIC_PROCESS",0.844680258185031,0.756140350877193,1,34,0.260835445249748,8,"Ager Tnip2 Ngfr Itgb3 Tnfaip3 Mapk7 Prkci Cdh5"
"GOBP_ENDOTHELIAL_CELL_CHEMOTAXIS",1.01757635884583,0.427612655800575,1,14,0.394558540318209,2,"Plekhg5 Met"
"GOBP_ENDOTHELIAL_CELL_DEVELOPMENT",-0.668056960981108,0.942677514792899,1,48,-0.240095418021885,8,"Vegfa Pde4d Marveld2 Foxp3 Tnf Zdhhc21 Akap11 Clic4"
"GOBP_ENDOTHELIAL_CELL_DIFFERENTIATION",0.739931676574941,0.971631205673759,1,72,0.19695313191416,29,"Acvr1 Met Zeb1 Afdn Bmp6 Pde2a Abcb1b Acvrl1 S1pr2 Foxj2 Acvr2b Cldn1 Cdh5 Ptprs Ccm2 Lipa Tjp2 Vcl Rapgef1 Ceacam1 Notch4 Rapgef2 Myd88 Kdr Tgfbr1 Ift88 Mrtfa Cul7 Pecam1"
"GOBP_ENDOTHELIAL_CELL_MIGRATION",0.978510149775215,0.531782945736434,1,148,0.233331077699222,21,"Plekhg5 Egf Tgfb1i1 Dll4 Nos3 Angpt2 Ager Anxa1 Apoe Capsl Amot Met Tgfbr3 Stard13 Adora2b Stat5a Map2k3 Ctnnd1 Ptk2 Itgb3 Rras"
"GOBP_ENDOTHELIAL_CELL_PROLIFERATION",0.967141765109684,0.537759336099585,1,86,0.251911616818554,19,"Egf Cav2 Sirt6 Dll4 Ager Apoe Capsl Mmp14 Ccr3 Adora2b Stat5a Bmp6 Ngfr Itgb3 Acvrl1 Pgf Slc39a9 Nus1 Rptor"
"GOBP_ENDOTHELIUM_DEVELOPMENT",0.849707052660392,0.861410788381743,1,86,0.221323372828938,33,"Dll4 Acvr1 Met Zeb1 Afdn Stard13 Bmp6 Pde2a Abcb1b Acvrl1 S1pr2 Foxj2 Acvr2b Cldn1 Rhob Cdh5 Ptprs Ccm2 Cd2ap Lipa Tjp2 Vcl Rapgef1 Ceacam1 Notch4 Rapgef2 Myd88 Kdr Tgfbr1 Ift88 Mrtfa Cul7 Pecam1"
"GOBP_ENERGY_HOMEOSTASIS",-1.10627329669692,0.316658512720157,1,51,-0.393764658491305,8,"Cd36 Ppargc1a Sct Slc35d3 Otud3 Bcl7a Suv39h1 Enho"
"GOBP_ENERGY_RESERVE_METABOLIC_PROCESS",-0.92154861903948,0.606078316773817,1,70,-0.313943974405566,8,"Cd36 Wipi1 Phkg1 Igf1 Pomc Phka1 Ppp1r3d Ppp1r3b"
"GOBP_ENSHEATHMENT_OF_NEURONS",-0.681847552304197,0.965574680732926,1,106,-0.221541409038111,14,"Ccdc39 Cmtm8 Igf1 Cntnap1 Bcas1 Tppp Pard3 Tsc1 Selenoi Tg Tnf Tnfrsf21 B4galt6 Mtmr2"
"GOBP_ENTEROENDOCRINE_CELL_DIFFERENTIATION",-0.969273636791941,0.51971119133574,1,15,-0.43174151193906,2,"Hes1 Vhl"
"GOBP_ENTRAINMENT_OF_CIRCADIAN_CLOCK",0.865315792782306,0.656510700036271,1,21,0.301162880970862,2,"Phlpp1 Per2"
"GOBP_ENUCLEATE_ERYTHROCYTE_DIFFERENTIATION",-1.13433216785431,0.324128765505021,1,12,-0.52677878120096,3,"Diaph3 Hdac6 Nemp1"
"GOBP_EPHRIN_RECEPTOR_SIGNALING_PATHWAY",-1.22998255935452,0.195652173913043,1,25,-0.492302158758447,4,"Epha1 Ntrk1 Ephb6 Nck2"
"GOBP_EPIBOLY",-0.635034418997021,0.933278755628326,1,23,-0.258784949600843,4,"Itga5 Pard3 Flna Megf8"
"GOBP_EPIDERMAL_CELL_DIFFERENTIATION",-0.652289834701564,0.978929577464789,1,92,-0.215036554067624,18,"Hes1 Dnase1l2 Ankrd24 Scrib Pls1 Irf6 Lamc1 Zfp36 Tmem79 Cdkn1a Intu Clic4 Ezh2 Myo6 Whrn Hes5 Srsf6 Cux1"
"GOBP_EPIDERMIS_DEVELOPMENT",-0.605166006805468,0.998417053609118,1,172,-0.189440525892025,33,"Wnt10a Hes1 Bcl2 Dnase1l2 Stmn1 Ankrd24 Il18 Trps1 Scrib Pls1 Irf6 Lamc1 Zfp36 Egfr Tmem79 Cdkn1a Tnf Intu Zdhhc21 Celsr1 Clic4 Naglu Lgr5 Ezh2 Myo6 Runx1 Lsr Whrn Hes5 Tfdp1 Srsf6 Cux1 Nsun2"
"GOBP_EPIDERMIS_MORPHOGENESIS",-0.978789234331762,0.506142167011732,1,21,-0.40651285264694,7,"Wnt10a Bcl2 Lamc1 Tmem79 Intu Naglu Runx1"
"GOBP_EPIGENETIC_PROGRAMMING_IN_THE_ZYGOTIC_PRONUCLEI",0.803272316754516,0.72708082026538,1,11,0.33247436325033,3,"Tle6 Tet1 Dcaf13"
"GOBP_EPIGENETIC_PROGRAMMING_OF_GENE_EXPRESSION",-0.567437608769603,0.977038796516231,1,29,-0.22071591402345,5,"Suv39h2 Eed Suv39h1 Cdkn1c Smchd1"
"GOBP_EPIGENETIC_REGULATION_OF_GENE_EXPRESSION",-0.688216046833993,0.987045289667323,1,227,-0.211524160084286,58,"Oip5 Hmga2 Hdac4 Brca1 Setmar Suv39h2 Wdhd1 Samd1 Cenpv Hells Sphk2 Hdac6 Eed Nrde2 Suv39h1 Ogg1 Ing2 H1f0 Hdac8 Zfp335 Eri3 Rbm15 Cdk2 Hdac7 Glmn Cdkn1c Ezh2 Sgf29 Lmnb1 Suz12 Mis18a Eri1 Rbm14 Hdac5 Smchd1 Ppm1d Rsl1 Trim27 Rlf Lmnb2 Bend3 Rnf168 Glyr1 Smyd5 Nr3c1 Gsk3b Zcwpw1 Spi1 Men1 Uhrf1 Smarca5 Ctr9 Cbx1 Ncor2 Bahd1 Apex1 Phf2 Hmgb1"
"GOBP_EPITHELIAL_CELL_APOPTOTIC_PROCESS",-0.971501752418611,0.523575873623743,1,60,-0.337915917926815,9,"E2f2 Hmox1 Ppargc1a Igf1 Bcl2l1 Zfp36 E2f1 Mst1 Kcnn4"
"GOBP_EPITHELIAL_CELL_DEVELOPMENT",-0.865275650558421,0.755425979915776,1,134,-0.276088877369265,28,"Esr1 Myo1e Luzp1 Ntrk1 Dnase1l2 Vegfa Map7 Pde4d Pard3 Marveld2 Scrib Foxp3 Prox2 Tmem79 Tnf Zdhhc21 Akap11 Clic4 Bfsp2 Flna Gpat4 Tigar Abi2 Vim Sox8 Fasn Cxcr4 Ppp1r16b"
"GOBP_EPITHELIAL_CELL_DIFFERENTIATION",-0.875239991422124,0.822629659643436,1,345,-0.263932040994217,73,"Ptk7 Esr1 Myo1e E2f7 Tmem231 Luzp1 E2f8 Hes1 Ntrk1 Dnase1l2 Vegfa Cdk1 Igf1 Ankrd24 Prlr Map7 Pde4d B9d1 Cnn3 Rbbp9 Vhl Pard3 Marveld2 Scrib Pls1 Irf6 Lamc1 Foxp3 Ipo7 Prox2 Zfp36 Jun Tdrd7 Pcna Maf Kdm5b Tmem79 Cdkn1a Zdhhc7 Tnf Spred2 Intu Zdhhc21 Cebpb Xdh Thra Camsap3 Akap11 Clic4 Bfsp2 Cdkn1c Ezh2 Flna Myo6 Gpat4 Commd5 Tigar Abi2 Vim Aldoc Aimp2 Whrn Sox8 Smad3 Plk4 Hes5 Fasn Srsf6 Cxcr4 Cep152 Ppp1r16b Tollip Cux1"
"GOBP_EPITHELIAL_CELL_DIFFERENTIATION_INVOLVED_IN_KIDNEY_DEVELOPMENT",-0.735581207300408,0.828436807095344,1,20,-0.308078719912024,1,"Myo1e"
"GOBP_EPITHELIAL_CELL_MORPHOGENESIS",-0.62335526287334,0.948931116389549,1,29,-0.242466175100284,3,"Luzp1 Pard3 Scrib"
"GOBP_EPITHELIAL_CELL_PROLIFERATION",-0.920871851194068,0.695768557603212,1,247,-0.28177900148099,64,"Esr1 Hmga2 Hmox1 Hes1 Egfl7 Vegfa Igf1 Klk8 Cxadr Dusp10 Rap1gap Nr4a1 Il12a Il18 Cask Plau Mki67 Vhl Stxbp4 Iqgap3 Birc5 Irf6 Hdac6 Vegfc Zfp36 Egfr Jun Ang Kdm5b Cdkn1a Dab2ip Tnf Intu Cebpb Mst1 Eng Lgr5 Zfp580 Cdkn1c Ift122 Cdc25a Ecm1 Rgcc Tinf2 Suz12 Serpinb1a Agap2 Kit Thap1 Alms1 Serpinf1 Mydgf Pygo2 Wdr48 Smad3 Hes5 Flt4 Jund Ift57 Cdk4 Srsf6 Ppp1r16b Ncstn Prkd2"
"GOBP_EPITHELIAL_STRUCTURE_MAINTENANCE",-0.795343120548871,0.754993714205895,1,19,-0.336476532110363,3,"Cxadr Crocc Scrib"
"GOBP_EPITHELIAL_TO_MESENCHYMAL_TRANSITION",-0.981898368019459,0.51452838623156,1,99,-0.321009925165512,25,"Hmga2 Loxl3 Olfm1 Vegfa Klhl12 Ell3 Trip10 Fam83d Scrib Cul5 Bambi Dab2ip Zdhhc7 Spred2 Rflnb Gcnt2 Tiam1 Kbtbd8 Eng Usf3 Ldlrad4 Smad7 Ezh2 Rgcc Flna"
"GOBP_EPITHELIAL_TUBE_BRANCHING_INVOLVED_IN_LUNG_MORPHOGENESIS",-0.981603980867143,0.505301852113672,1,18,-0.421500972070073,3,"Hmga2 Tnf Celsr1"
"GOBP_EPITHELIAL_TUBE_FORMATION",-0.997409093202862,0.485045367984765,1,98,-0.326621244796171,24,"Ptk7 Stil Luzp1 Vegfa Cecr2 Wnt6 Bbs4 Kif20b Scrib Tsc1 Mthfr Tgif1 Lmo4 Tctn1 Celsr1 Mthfd1l Glmn Ift122 Specc1l Cdk20 Kdm6a Sox8 Hes5 Ift57"
"GOBP_EPITHELIAL_TUBE_MORPHOGENESIS",-1.00451675016095,0.479767586636232,1,214,-0.309643078144718,38,"Ptk7 Ccdc39 Esr1 Hmga2 Stil Rasip1 Luzp1 Hes1 Klhl3 Bcl2 Lrp5 Vegfa Cecr2 Igf1 Wnt6 Bbs4 Kif20b Pkd2 Timeless Slc12a2 Scrib Ctns Tsc1 Mthfr Tgif1 Lmo4 Kdm5b Tctn1 Tnf Rbm15 Celsr1 Mst1 Clic4 Mthfd1l Eng Lgr5 Glmn Ift122"
"GOBP_ERAD_PATHWAY",-0.49460670323463,0.999887640449438,1,94,-0.162574692290709,18,"Brsk2 Yod1 Derl3 Syvn1 Ubqln2 Dnajb9 Trim13 Sdf2l1 Dnajb12 Ecpas Atxn3 Nrros Ubxn2a Calr Ubxn8 Usp19 Rnf145 Derl2"
"GOBP_ERBB3_SIGNALING_PATHWAY",0.616347341592424,0.920084439083233,1,11,0.255106127352823,11,"Mapk3 Raf1 Nrg2 Rtn4 Mapk1 Erbb3 Map2k2 Sos1 Map2k1 Grb2 Hras"
"GOBP_ERK1_AND_ERK2_CASCADE",-1.09775876425549,0.276503996634413,1,184,-0.34196912430988,38,"Atf3 Cd36 Ccl3 Rasgrp1 Esr1 Lrp1 Ntrk1 Vegfa Fgf20 Igf1 Ptpn22 Dusp10 Pde8b Cnksr3 Card9 Pdgfrb Ccr1l1 Nqo2 Fam83d Arrb1 Prkcz Ramp3 Iqgap3 Dusp1 Egfr Jun Gpr55 Dab2ip Spred2 Gcnt2 Havcr2 Pdgfc Tiam1 Fbxo21 Ffar4 Ripk2 Akap12 Dusp6"
"GOBP_ERROR_PRONE_TRANSLESION_SYNTHESIS",-1.10719643355962,0.363622595789793,1,10,-0.53623311294288,5,"Pole2 Polk Pold3 Rev3l Primpol"
"GOBP_ERYTHROCYTE_DEVELOPMENT",-0.93577221348898,0.571004389362252,1,35,-0.353407416770811,7,"Slc11a2 Diaph3 Ankle1 Hdac6 Flvcr1 Nemp1 Jmjd6"
"GOBP_ERYTHROCYTE_HOMEOSTASIS",-0.665126517107847,0.982435216307058,1,126,-0.213206292588811,10,"Hmox1 Slc11a2 Vegfa Diaph3 Ankle1 Bbs4 Zfpm1 Hdac6 Zfp36 Flvcr1"
"GOBP_ERYTHROCYTE_MATURATION",-1.24129331062701,0.195108157783119,1,18,-0.533011629181828,5,"Diaph3 Ankle1 Hdac6 Flvcr1 Nemp1"
"GOBP_ER_NUCLEUS_SIGNALING_PATHWAY",-0.472106910105685,0.99913708086785,1,48,-0.16967221742047,19,"Nck2 Zbtb7b Ddit3 Ppp1r15b Armc5 Abca7 Gsk3b Atf4 Akt3 Bcl2l11 Insig2 Ptpn2 Eif2a Akt1 Tmem33 Erlin1 Nck1 Eif2s1 Srebf2"
"GOBP_ER_OVERLOAD_RESPONSE",-0.545294892135185,0.962594973699591,1,13,-0.249327365691877,4,"Ddit3 Ppp1r15b Gsk3b Bcl2l11"
"GOBP_ESTABLISHMENT_OF_CELL_POLARITY",-0.983328929519526,0.520525629887055,1,125,-0.315397140537323,19,"Ptk7 Ccr7 Hes1 Ccdc57 Brsk2 Ska3 Diaph3 Fbf1 Kif20b Enkd1 Patj Ndc80 Pard3 Pard3b Scrib Prkcz Rhov Frmd4b Llgl1"
"GOBP_ESTABLISHMENT_OF_ENDOTHELIAL_BARRIER",-0.809755734339154,0.761431664756082,1,38,-0.301651724635779,13,"Vegfa Pde4d Marveld2 Foxp3 Tnf Zdhhc21 Akap11 Fasn Ppp1r16b Tnfrsf1a Icam1 Tjp3 Ezr"
"GOBP_ESTABLISHMENT_OF_ENDOTHELIAL_INTESTINAL_BARRIER",0.983182361565769,0.473080317740512,1,10,0.418162597295608,6,"Afdn Cldn1 Ptprs Tjp2 Rapgef2 Myd88"
"GOBP_ESTABLISHMENT_OF_MITOCHONDRION_LOCALIZATION",-0.930933057042488,0.574164629176854,1,24,-0.375905456015382,3,"Armcx1 Nectin2 Hdac6"
"GOBP_ESTABLISHMENT_OF_MITOCHONDRION_LOCALIZATION_MICROTUBULE_MEDIATED",-0.820355249263573,0.726358429948317,1,19,-0.347058121506413,2,"Armcx1 Hdac6"
"GOBP_ESTABLISHMENT_OF_MITOTIC_SPINDLE_LOCALIZATION",-0.615436087155152,0.964368706429125,1,35,-0.232428014653375,8,"Enkd1 Nusap1 Ndc80 Mcph1 Gpsm1 Gpsm2 Dynlt1b Mad2l1"
"GOBP_ESTABLISHMENT_OF_ORGANELLE_LOCALIZATION",-0.994065394190706,0.517195767195767,1,311,-0.30116341478141,71,"Clnk Rasgrp1 Armcx1 Wipi1 Hmox1 Tacc3 Bicd1 Tac4 Slc18a2 Ska3 Baiap3 Mreg Ptgds Fnbp1l Unc13a Klhl12 Nectin2 Crocc Rasl2-9 Enkd1 Lrrk2 Nusap1 Ndc80 Scrib Cenpe Prkcz Syne3 Sphk2 Khdc3 Ykt6 Hdac6 Llgl1 Atp9a Smpd3 Syt11 Sdc1 Ska2 Exoc5 Naglu Mcph1 Trappc13 F8a Cep83 Lmnb1 Ska1 Gpsm1 Gpsm2 Vps4a Exoc8 Kit Dynlt1b Map4k2 Mad2l1 Arfgap3 Armc10 Nmd3 Cdc42bpa Kif1c Lmnb2 Cep120 Pdzd11 Sun1 Rabgef1 Rab1a Hgs D6Wsu163e Btk Stard3nl Clasp1 Limk2 Exoc7"
"GOBP_ESTABLISHMENT_OF_PIGMENT_GRANULE_LOCALIZATION",-0.769591342470252,0.768556399766219,1,13,-0.351883329268035,1,"Mreg"
"GOBP_ESTABLISHMENT_OF_PROTEIN_LOCALIZATION_TO_CHROMOSOME",-0.490781098154965,0.987424978565304,1,16,-0.215174174072348,2,"Tert Wrap53"
"GOBP_ESTABLISHMENT_OF_PROTEIN_LOCALIZATION_TO_ENDOPLASMIC_RETICULUM",-0.585759469508397,0.975987606506584,1,35,-0.221220226443966,1,"Srp54c"
"GOBP_ESTABLISHMENT_OF_PROTEIN_LOCALIZATION_TO_MEMBRANE",-0.702292460151067,0.981245466791006,1,222,-0.21611081124318,23,"Itgam Kcnb1 Lyplal1 Srp54c Vps37d Mief2 Rab26 Pick1 Pard3 Pkdcc Dusp18 Gga2 Scrib Bbs2 Syne3 Mtx3 Zdhhc24 Chml Yif1b Irgm2 Zdhhc7 Lypla1 Zdhhc21"
"GOBP_ESTABLISHMENT_OF_PROTEIN_LOCALIZATION_TO_MITOCHONDRIAL_MEMBRANE",-0.79801310897627,0.766146993318486,1,31,-0.307205174892678,9,"Mtx3 Timm8a1 Timm22 Maip1 Timm13 Timm10 Tomm22 Agk Tmem126a"
"GOBP_ESTABLISHMENT_OF_PROTEIN_LOCALIZATION_TO_MITOCHONDRION",-1.0961254379537,0.307112311501238,1,93,-0.360878966190571,30,"Nol3 Lrrk2 Hk2 Dusp18 Mtx3 Ddit3 Bag3 Grpel2 Timm8a1 Timm22 Pmaip1 Chchd4 Maip1 Timm21 Hk1 Sirt4 Timm13 Parl Timm10 Dnajc19 Hsph1 Dnaja1 Dnajc15 Pmpcb Tomm5 Timm17a Tomm34 Timm50 Tomm22 Fbxo7"
"GOBP_ESTABLISHMENT_OF_PROTEIN_LOCALIZATION_TO_ORGANELLE",-0.857148074039443,0.869600322971336,1,382,-0.257427779112165,109,"Uaca Nol3 Cd36 Cdk1 Srp54c Brca1 Vps37d Hyal2 Ptpn22 Nr4a1 Prkcq Rasl2-9 Lrrk2 Hk2 Tert Dusp18 Ipo4 Mtx3 Ddit3 Mon1a Bag3 Hdac6 Ipo7 Mon1b Wrap53 Akap1 Grpel2 Irgm2 Cdkn1a Jup Ipo11 Lypla1 Ipo8 Nup93 Pex12 Ift122 Flna Timm8a1 Nup62 Eif4enif1 Timm22 Ipo13 Vps4a Pmaip1 Chchd4 Zdhhc19 Zdhhc12 Akirin2 Vps25 Maip1 Ddx56 Timm21 Hk1 Sirt4 Vps36 Tcp1 Timm13 Zdhhc15 Epm2a Atg14 Hgs Nup50 Fam53b Smo Pik3r4 Nup54 Parl Ect2 Timm10 Vps28 Fam53a Tnfrsf1a Nup85 Ing1 Pik3r2 Dnajc19 Hsph1 Dnaja1 Tnpo1 Dnajc15 Ei24 Kpna1 Appl1 Pmpcb Kpna4 Med1 Ap4m1 Tomm5 Timm17a Srp68 Tomm34 Vps37b Mbtps2 Timm50 Pex10 Nutf2 Ddx5 Tomm22 Prickle1 Fbxo7 Golph3 Cct6a Chp1 Ubr4 Terf1 Hsp90aa1 Nup35 Efcab7 Elavl1"
"GOBP_ESTABLISHMENT_OF_PROTEIN_LOCALIZATION_TO_PLASMA_MEMBRANE",0.934935197669225,0.622754491017964,1,58,0.258656413991671,8,"Rab11fip3 Gorasp1 Cnst Zdhhc2 Afdn Aldh7a1 Prepl Wdr44"
"GOBP_ESTABLISHMENT_OF_PROTEIN_LOCALIZATION_TO_POSTSYNAPTIC_MEMBRANE",0.876302830450589,0.623495883470551,1,13,0.347268778782762,5,"Snap23 Sacm1l Stx3 Rab8a Gripap1"
"GOBP_ESTABLISHMENT_OF_PROTEIN_LOCALIZATION_TO_TELOMERE",-0.590494955893137,0.939425665569847,1,11,-0.2804260823885,6,"Tert Wrap53 Tcp1 Cct6a Terf1 Usp7"
"GOBP_ESTABLISHMENT_OF_PROTEIN_LOCALIZATION_TO_VACUOLE",-0.940336772023891,0.576084351785286,1,59,-0.327663700142519,15,"Vps37d Mon1a Hdac6 Mon1b Irgm2 Lypla1 Vps4a Zdhhc19 Zdhhc12 Vps25 Vps36 Atg14 Hgs Pik3r4 Vps28"
"GOBP_ESTABLISHMENT_OF_SKIN_BARRIER",-0.655652737043249,0.907109931554686,1,19,-0.277379351790627,4,"Stmn1 Il18 Tmem79 Lsr"
"GOBP_ESTABLISHMENT_OF_SPINDLE_ORIENTATION",-0.842795258138563,0.712073124285896,1,39,-0.312885922784329,11,"Ska3 Enkd1 Ndc80 Llgl1 Ska2 Mcph1 Ska1 Gpsm1 Gpsm2 Dynlt1b Mad2l1"
"GOBP_ESTABLISHMENT_OF_TISSUE_POLARITY",-1.22556180848442,0.208980044345898,1,20,-0.513294126309491,7,"Ptk7 Brsk2 Intu Celsr1 Exoc5 Alms1 Dlg3"
"GOBP_ESTABLISHMENT_OR_MAINTENANCE_OF_BIPOLAR_CELL_POLARITY",-1.17550683454934,0.248218527315914,1,29,-0.457236287159311,7,"Ptk7 Patj Pard3 Pard3b Scrib Llgl1 Camsap3"
"GOBP_ESTABLISHMENT_OR_MAINTENANCE_OF_CELL_POLARITY",-0.858833041013162,0.788962751925715,1,175,-0.268548488802828,21,"Ptk7 Ccr7 Hes1 Ccdc57 Brsk2 Ska3 Diaph3 Igf1 Rac3 Fbf1 Kif20b Enkd1 Patj Ndc80 Pard3 Pard3b Scrib Prkcz Rhov Frmd4b Llgl1"
"GOBP_ESTABLISHMENT_OR_MAINTENANCE_OF_MONOPOLAR_CELL_POLARITY",-1.14078568348786,0.302901023890785,1,17,-0.494682733306086,3,"Ptk7 Patj Scrib"
"GOBP_ESTROGEN_METABOLIC_PROCESS",-0.820923663168804,0.710841613091759,1,13,-0.375354211682697,8,"Chst10 Ugt1a6a Dhrs11 Hsd17b10 Star Tiparp Plekha1 Hsd17b4"
"GOBP_ESTROGEN_RECEPTOR_SIGNALING_PATHWAY",-0.744056259570914,0.863073110285006,1,46,-0.269050444924919,6,"Esr1 Brca1 Psmc3ip Hdac6 Dnaaf4 Pagr1a"
"GOBP_ETHER_LIPID_METABOLIC_PROCESS",-1.25715013231778,0.184726962457338,1,17,-0.545142240678974,4,"Lpcat2 Pla2g4a Selenoi Chpt1"
"GOBP_EXCITATORY_SYNAPSE_ASSEMBLY",-0.595822737809779,0.953345439307166,1,19,-0.252067772249522,5,"Il1rap Sema4a Adgrl2 Zdhhc12 Ptk2b"
"GOBP_EXECUTION_PHASE_OF_APOPTOSIS",-0.408284161045085,1,1,54,-0.14417600738371,21,"Cecr2 Nmnat1 Bcl2l1 Top2a Casp7 Htra2 Stk24 Apaf1 Tnfrsf1a Npr2 Madd Cdk5rap3 Nme1 Hsf1 Rbm10 Dffa Casp8 Akt1 Sirt2 Fadd Pak2"
"GOBP_EXIT_FROM_MITOSIS",-1.02346890910523,0.44543095205573,1,22,-0.420490832177994,8,"Nfix Eps8 Birc5 Cdkn1c Rgcc Chmp7 Ppp2r2d Cdc14b"
"GOBP_EXOCRINE_SYSTEM_DEVELOPMENT",-0.949009799168624,0.548220592230372,1,24,-0.383204741330037,6,"Clcn2 Igf1 Rab26 Egfr Tnf Twsg1"
"GOBP_EXOCYTIC_PROCESS",-1.00508743737008,0.468008626887132,1,59,-0.350226300293055,15,"Kcnb1 Napb Slc18a2 Unc13a Stx11 Scrib Ykt6 Stx1a Grik5 Sv2a Syt11 Exoc5 Camk2a Erc1 Exoc8"
"GOBP_EXPLORATION_BEHAVIOR",-0.706605599271282,0.868604175194433,1,23,-0.287951154968735,7,"Itga3 Lrrk2 Naglu Prkce Myg1 Atxn3 Crbn"
"GOBP_EXPORT_ACROSS_PLASMA_MEMBRANE",-1.26548526567478,0.154287951964495,1,32,-0.484424583818843,10,"Kcnb1 Agrn Abca1 Fxyd2 Abcg2 Abcc5 Kcnn4 Slc30a4 Slc35g1 Atp4a"
"GOBP_EXTRACELLULAR_MATRIX_ASSEMBLY",-0.695565882167304,0.871211062997625,1,19,-0.29426494029951,1,"Has3"
"GOBP_EXTRACELLULAR_MATRIX_CONSTITUENT_SECRETION",0.725004671745665,0.821170084439083,1,11,0.300079389721854,2,"Creb3l1 Tnfrsf1b"
"GOBP_EXTRACELLULAR_MATRIX_DISASSEMBLY",-0.70145576313146,0.867383005796692,1,18,-0.301205263820219,4,"Noxo1 Lamc1 Eng Exoc8"
"GOBP_EXTRACELLULAR_STRUCTURE_ORGANIZATION",-0.929453998713832,0.629685971965663,1,124,-0.298267867845117,17,"Has3 Lrp1 Myo1e Noxo1 Impg1 Loxl3 Mmp15 Col15a1 Olfml2a Gas2 Col23a1 Kazald1 Vhl Slc39a8 Atxn1l Lamc1 Pomt1"
"GOBP_EXTRACELLULAR_VESICLE_BIOGENESIS",-0.738629384957218,0.827605244996549,1,21,-0.306769146815155,5,"Atp9a Smpd3 Sdc1 Vps4a Hgs"
"GOBP_EXTRINSIC_APOPTOTIC_SIGNALING_PATHWAY",-0.957638988264007,0.589667896678967,1,178,-0.299062001979501,24,"Atf3 Nol3 Fcmr Hmox1 Bcl2 Bcl2a1b Vegfa Wdr35 Brca1 Hyal2 Igf1 Tnfrsf12a Il12a Il18 Trps1 Pidd1 Tert Tnfrsf4 Bag3 Bcl2l1 Tnfrsf22 Deptor Dab2ip Tnf"
"GOBP_EXTRINSIC_APOPTOTIC_SIGNALING_PATHWAY_VIA_DEATH_DOMAIN_RECEPTORS",-1.17209299136206,0.220923436586791,1,70,-0.399296927453103,13,"Atf3 Nol3 Hmox1 Bcl2 Brca1 Il18 Trps1 Pidd1 Bag3 Bcl2l1 Tnfrsf22 Dab2ip Tnf"
"GOBP_EYE_MORPHOGENESIS",-0.950125146223674,0.566211604095563,1,85,-0.315699299166542,23,"Bcl2 Lrp5 Vegfa Rab37 Bbs4 Tenm3 Fbn1 Stau2 Vhl Scrib Meis1 Rpgr Casz1 Sox12 Cdon Prox2 Bcar3 Tdrd7 Fzd5 Thy1 Naglu Bbs10 Ift122"
"GOBP_EYE_PHOTORECEPTOR_CELL_DEVELOPMENT",-0.964041386892852,0.526877133105802,1,17,-0.418040509441072,7,"Vegfa Rab37 Bbs4 Rpgr Thy1 Naglu Alms1"
"GOBP_EYE_PHOTORECEPTOR_CELL_DIFFERENTIATION",-0.810683534743588,0.746256684491979,1,26,-0.322102302890752,10,"Vegfa Rab37 Bbs4 Rpgr Casz1 Thy1 Naglu Bbs10 Alms1 Sox8"
"GOBP_FACE_DEVELOPMENT",0.87880560192524,0.693165969316597,1,38,0.265154849712616,2,"Rarg Aldh1a3"
"GOBP_FACULTATIVE_HETEROCHROMATIN_FORMATION",-1.11506976437427,0.335893060295791,1,17,-0.483531452797645,13,"Eed Suv39h1 Ezh2 Suz12 Bend3 Smarca5 Phf2 Kdm5a Ezh1 Sirt1 Sirt2 Phf8 Rrp8"
"GOBP_FARNESYL_DIPHOSPHATE_BIOSYNTHETIC_PROCESS",-0.973372461531029,0.519915190065122,1,10,-0.47142000215949,7,"Acat2 Hmgcs2 Hmgcr Pmvk Idi1 Fdps Hmgcs1"
"GOBP_FARNESYL_DIPHOSPHATE_METABOLIC_PROCESS",-0.620606501235775,0.917897223862965,1,12,-0.288206881186112,4,"Acat2 Hmgcs2 Hmgcr Pmvk"
"GOBP_FATTY_ACID_BETA_OXIDATION",0.674490149330445,0.982311320754717,1,57,0.18738269742306,11,"Cpt1b Acad10 Gcdh Cpt1a Irs2 Acaa2 Acox1 Echs1 Ivd Pex5 Etfdh"
"GOBP_FATTY_ACID_BETA_OXIDATION_USING_ACYL_COA_DEHYDROGENASE",0.959473442023159,0.500949968334389,1,13,0.380228339915951,6,"Acad10 Gcdh Ivd Etfdh Acad12 Acadvl"
"GOBP_FATTY_ACID_BIOSYNTHETIC_PROCESS",-0.636279574004445,0.987117732720959,1,98,-0.208362273730986,11,"Ptges3l Brca1 Pla2g4a Ptgds Fabp5 Acot7 Daglb Prkab2 Acss1 Pecr Nr1h2"
"GOBP_FATTY_ACID_CATABOLIC_PROCESS",0.814294007789315,0.891752577319588,1,77,0.214017829726691,18,"Cpt1b Decr2 Cyp4f18 Acad10 Pex13 Hacl1 Gcdh Aig1 Cpt1a Irs2 Acaa2 Pccb Acox1 Echs1 Ivd Acot8 Pex5 Etfdh"
"GOBP_FATTY_ACID_DERIVATIVE_BIOSYNTHETIC_PROCESS",-0.647781686464037,0.909831380394398,1,16,-0.284008267409028,4,"Hmgcll1 Hmgcs2 Fasn Ggt5"
"GOBP_FATTY_ACID_DERIVATIVE_CATABOLIC_PROCESS",-0.79195567074358,0.742548217416715,1,13,-0.36210906058201,4,"Acot7 Fitm2 Nudt7 Oxct1"
"GOBP_FATTY_ACID_DERIVATIVE_METABOLIC_PROCESS",-0.878988787087163,0.657864669290339,1,39,-0.326322692384713,11,"Bckdhb Acot7 Fitm2 Pecr Nudt7 Hmgcll1 Oxct1 Hmgcs2 Fasn Ggt5 Ptgr1"
"GOBP_FATTY_ACID_ELONGATION",0.565457975487545,0.957634598411297,1,10,0.240497983827562,6,"Hacd2 Elovl5 Hsd17b12 Elovl1 Elovl6 Hacd1"
"GOBP_FATTY_ACID_HOMEOSTASIS",1.19481122655778,0.253309796999117,1,10,0.508171612212075,3,"Apoe Gpam Dgat2"
"GOBP_FATTY_ACID_METABOLIC_PROCESS",0.828308488542022,0.98932384341637,1,256,0.187029618367592,56,"Trex1 Amacr Per2 Erlin2 Pla2g4d Anxa1 Apoe Acot11 Akr1c13 Kat2b Aasdh Acot2 Cyp4f16 Cpt1b Pdpr Decr2 Pla2g4f Cyp4f18 Acad10 Pex13 Ptges2 Hacl1 Gpam Gcdh Appl2 Aig1 Cpt1a Sigmar1 Acad9 Dgat2 Irs2 Acaa2 Pccb Naaa Cbr4 Acox1 Nfe2l1 Mgst3 Cyp2j6 Hacd2 Acsf3 Asah1 Eif2ak3 Echs1 Aacs Oxsm Gstp3 Ivd Scd2 Mmut Elovl5 Acot8 Mecr Lipa Pex5 Cd74"
"GOBP_FATTY_ACID_TRANSMEMBRANE_TRANSPORT",-1.0458752337719,0.424693140794224,1,15,-0.46586199973705,1,"Cd36"
"GOBP_FATTY_ACID_TRANSPORT",-0.77711248478409,0.829289111084014,1,53,-0.275207728180182,6,"Cd36 Repin1 Pla2g4a Fabp5 Slc27a3 Pla2g12a"
"GOBP_FATTY_ACYL_COA_METABOLIC_PROCESS",-0.809060469695689,0.747987117552335,1,25,-0.323827531348358,3,"Bckdhb Acot7 Fitm2"
"GOBP_FC_RECEPTOR_MEDIATED_STIMULATORY_SIGNALING_PATHWAY",0.585399138091407,0.959701007474813,1,15,0.22165915282875,2,"Ptprj Appl2"
"GOBP_FC_RECEPTOR_SIGNALING_PATHWAY",-1.270453048367,0.184863894705354,1,11,-0.603338212556316,3,"Fcmr Lck Fcer2a"
"GOBP_FEAR_RESPONSE",-0.857895808168798,0.677855096193205,1,23,-0.349603921989586,3,"Bcl2 Pde8b Rag1"
"GOBP_FEEDING_BEHAVIOR",-1.06152241682476,0.387076298083027,1,39,-0.394087908940108,6,"Cd36 Chrnb2 Fos Pomc Negr1 Ttc21b"
"GOBP_FEMALE_GAMETE_GENERATION",-1.21687778968603,0.141261864879955,1,101,-0.397269803291345,25,"Gdf9 Paqr8 Bcl2 Ska3 Igf1 Pla2g4a Gas2 Cdc25b Pde4d Cenpv Prdm9 Hfm1 Trip13 Mei4 Sgo2a Ndc80 Cenpe Top2a Taf4b Tdrd7 Washc5 Nrip1 Ska2 Ercc1 Lgr5"
"GOBP_FEMALE_MEIOTIC_NUCLEAR_DIVISION",-1.13503839925268,0.287817589576547,1,33,-0.432859350484187,10,"Ska3 Cdc25b Cenpv Trip13 Sgo2a Ndc80 Cenpe Top2a Washc5 Ska2"
"GOBP_FEMALE_SEX_DIFFERENTIATION",-1.10126240724283,0.307915506035283,1,75,-0.372087538959163,16,"Esr1 Gdf9 Bcl2 Vegfa Lfng Fanca Hyal3 Pla2g4a Gas2 Pde4d Arrb1 Bcl2l1 Nrip1 Fancf Cebpb Abcg2"
"GOBP_FERROPTOSIS",-1.21762799859617,0.204011612562681,1,29,-0.47362013461434,3,"Aifm2 Hmox1 Adgrg1"
"GOBP_FERTILIZATION",-0.855445292273533,0.744204366419086,1,93,-0.281639493089936,14,"Adam2 Tmem81 Cecr2 Hyal3 Rabl2 Map7 Nectin2 Prdm9 Zp1 Spa17 Ppp3cc Acrbp Cep78 Bcl2l1"
"GOBP_FIBROBLAST_ACTIVATION",-0.916321714356356,0.591296928327645,1,17,-0.397347667319622,8,"Pdgfrb Rgcc Akap12 Il17ra Gclc Smo Gsk3b Fam114a1"
"GOBP_FIBROBLAST_APOPTOTIC_PROCESS",-0.916634304177128,0.594496438050007,1,19,-0.387789777662337,5,"Xrcc2 Prdm11 Casp7 Api5 Bcl2l11"
"GOBP_FIBROBLAST_GROWTH_FACTOR_RECEPTOR_SIGNALING_PATHWAY",-0.682960187322443,0.911292411292411,1,34,-0.258897250532578,3,"Fgf20 Fgfrl1 Frs3"
"GOBP_FIBROBLAST_MIGRATION",0.916776379193502,0.63825253063399,1,49,0.262215155169984,8,"Ager Pak1 Appl2 Ptk2 Itgb3 Slc8a1 Cln3 Pip5k1a"
"GOBP_FIBROBLAST_PROLIFERATION",-0.648886864050348,0.974962844403796,1,83,-0.216290411178003,14,"Esr1 Igf1 Pdgfrb Cks2 Tgif1 Egfr Jun Cdkn1a Dab2ip E2f1 Pdgfc Kcnn4 Ccna2 Pmaip1"
"GOBP_FILOPODIUM_ASSEMBLY",-1.19504031148968,0.201920739119864,1,54,-0.42200055062665,8,"Spag6l Agrn Ccr7 Fnbp1l Prkcq Fgd1 Stau2 Abitram"
"GOBP_FLUID_TRANSPORT",-1.19491007733836,0.256947475629274,1,14,-0.538920726240316,5,"Aqp3 Hyal2 Slc14a1 Slc26a6 Ctns"
"GOBP_FOAM_CELL_DIFFERENTIATION",-1.29157112966818,0.150579689900824,1,19,-0.546409924794102,4,"Cd36 Il18 Samd1 Apobr"
"GOBP_FOCAL_ADHESION_ASSEMBLY",-0.873201161559446,0.696750058452186,1,69,-0.297567413392305,19,"Lrp1 Bcl2 Vegfa Rab40c Tsc1 Cul5 Actn2 Thsd1 Thy1 Camsap3 Efna5 Dusp22 S100a10 Smad3 Whamm Ptk2b Clasp1 Rcc2 Pxn"
"GOBP_FOLIC_ACID_CONTAINING_COMPOUND_METABOLIC_PROCESS",-0.767252642381393,0.792546583850932,1,21,-0.318657019729381,8,"Sardh Mthfr Dhfr Tyms Mthfd1l Mthfd2l Shmt1 Mthfd2"
"GOBP_FOREBRAIN_CELL_MIGRATION",-0.792655006307328,0.785362776025237,1,40,-0.292857567457962,8,"Adgrg1 Mdga1 Fbxo45 Lrrk2 Cul5 Disc1 Egfr Dab2ip"
"GOBP_FOREBRAIN_DEVELOPMENT",-1.1048675332558,0.249199958707546,1,241,-0.338704050445961,37,"Itgam Nr4a2 Nrgn Ccdc39 Hmga2 Stil Chrnb2 Tacc3 Hes1 Sct Nfix Fos Adgrg1 Mdga1 Bbs4 Wdr62 Rac3 Fbxo45 Lrrk2 Bbs2 Tsc1 Slc1a2 Dclk2 Ttc21b Atat1 Cul5 Pax5 Cdon Ckap2l Mrtfb Disc1 Egfr Secisbp2 Dab2ip Tctn1 Smc4 E2f1"
"GOBP_FOREBRAIN_NEURON_DEVELOPMENT",-1.18831004552167,0.249146757679181,1,17,-0.515290882277271,3,"Rac3 Dclk2 Disc1"
"GOBP_FORELIMB_MORPHOGENESIS",0.503056990375924,0.986068111455108,1,12,0.203772635518071,2,"Rpgrip1l Vps54"
"GOBP_FORMATION_OF_CYTOPLASMIC_TRANSLATION_INITIATION_COMPLEX",0.755202770258337,0.800454988625284,1,15,0.285954651069626,15,"Eif3a Eif3k Eif3f Eif3e Eif3c Eif3g Eif3j1 Eif3h Eif3i Eif3b Eif3l Eif5 Eif3d Eif3m Eif3j2"
"GOBP_FORMATION_OF_PRIMARY_GERM_LAYER",-0.890492783674519,0.656024963994239,1,58,-0.311063977173118,13,"Hmga2 Itga3 Itga5 Mmp15 Ets2 Dusp2 Dusp1 Twsg1 Ecsit Txnrd1 Kdm6a Armc5 Smad3"
"GOBP_FRUCTOSE_6_PHOSPHATE_METABOLIC_PROCESS",-0.601914514554881,0.931199521387975,1,11,-0.28584923133526,4,"Hk2 Hk1 Pfkm Pfkp"
"GOBP_G0_TO_G1_TRANSITION",-1.22144095964035,0.199790383859557,1,31,-0.470209047203198,11,"Orc1 Bcl7a Dab2ip Smarcc1 Phf10 Kcnn4 Arid2 Rrm1 Lin37 Ccnc Med1"
"GOBP_G1_TO_G0_TRANSITION",-1.31672334563488,0.137203550123672,1,14,-0.593860170020302,7,"Rab11fip4 Smpd3 Ezh2 Mybbp1a Zbtb17 Capn3 Strada"
"GOBP_GAMMA_AMINOBUTYRIC_ACID_TRANSPORT",-1.19614418768831,0.259796589889321,1,11,-0.568048931117222,4,"Best1 Gabbr1 Cacna1a Sv2a"
"GOBP_GAMMA_DELTA_T_CELL_ACTIVATION",-1.20619554837387,0.232923692483567,1,16,-0.528834814272204,3,"Lck Cxadr Rorc"
"GOBP_GAMMA_DELTA_T_CELL_DIFFERENTIATION",-1.06904944762708,0.402688486265342,1,13,-0.488805757060229,2,"Lck Rorc"
"GOBP_GANGLIOSIDE_BIOSYNTHETIC_PROCESS",0.640865701355317,0.901990349819059,1,11,0.265254274973603,3,"St6galnac6 St8sia4 St3gal2"
"GOBP_GANGLIOSIDE_METABOLIC_PROCESS",0.833739804550903,0.712849964106245,1,20,0.294479217998556,5,"St6galnac6 Neu1 Hexb St8sia4 St3gal2"
"GOBP_GASTRULATION",-0.70741598935994,0.946918378678512,1,106,-0.229848936949723,5,"Hmga2 Itga3 Itga5 Mmp15 Lrp5"
"GOBP_GASTRULATION_WITH_MOUTH_FORMING_SECOND",-0.708470262930524,0.85879917184265,1,21,-0.294243395306692,2,"Lrp5 Ets2"
"GOBP_GENERATION_OF_PRECURSOR_METABOLITES_AND_ENERGY",-0.642205262865933,0.999090357792602,1,370,-0.19313537452894,51,"Cd36 Aifm2 Wipi1 Ppargc1a Oas1c Phkg1 Oas1a Cdk1 Hdac4 Igf1 Pfkfb3 Pomc Mcu Phka1 Mttp Rasl2-9 Eno3 Hk2 Ppp1r3d Cox7a1 Etfrf1 Ppp1r3b Shpk Bcl7a Pnpt1 Tnf Stk40 Ndufaf1 Mtfr2 Nnt Atg2a Adra1b Tigar Mybbp1a Gale Chchd4 Aldoc Pfkfb2 Gpr180 Pdk2 Hmgcll1 Prps1 Cox10 Sdhaf2 Xpo4 Oxct1 Hmgcs2 1700066M21Rik Ugp2 Hk1 Sirt4"
"GOBP_GENITALIA_DEVELOPMENT",-0.822418437676325,0.723704427992736,1,19,-0.347930970550149,1,"Esr1"
"GOBP_GENOMIC_IMPRINTING",-0.633123631519235,0.925491304962534,1,18,-0.271863431004169,6,"Eed Cdkn1c Smchd1 Gsk3b Mecp2 Gsk3a"
"GOBP_GERANYLGERANYL_DIPHOSPHATE_METABOLIC_PROCESS",-0.801210456359584,0.731485688323489,1,10,-0.388039162802225,8,"Acat2 Hmgcr Pmvk Idi1 Fdps Hmgcs1 Ggps1 Mvk"
"GOBP_GERMINAL_CENTER_FORMATION",-0.974751020763258,0.519725306838106,1,13,-0.445689309981874,2,"Tnfrsf13c Ada"
"GOBP_GLAND_DEVELOPMENT",-1.12686051756544,0.181011625535386,1,295,-0.342184280751154,74,"Ccdc39 Esr1 Hmga2 E2f7 Wnt10a Afap1 Hmox1 E2f8 Hes1 Bcl2 Lrp5 Gcm2 Vegfa Clcn2 Igf1 Rap1gap Prlr Il18 Rag1 Pdgfrb Zbtb7b Plau Ephx1 Hk2 Ada Mki67 Pkd2 Plag1 Slc12a2 Scrib Ctns Iqgap3 Irf6 Tg Ugt1a6a Hlx Prox2 Asl Mrtfb Egfr Jun Pcna Pnpt1 Lmo4 Hoxa3 Kdm5b Tnf Icmt Zdhhc21 Cebpb Xdh Hmbs Twsg1 Thra Abcg2 Mst1 Naglu Smarcc1 Cdkn1c Ezh2 Usf2 Zfp157 Gpat4 Runx1 Agap2 Lsr Prkcsh Hmga1 Serpinf1 Pygo2 Armc5 Hmgcs2 Hoxb3 Smad3"
"GOBP_GLAND_MORPHOGENESIS",-0.92149890017479,0.612465181058496,1,75,-0.311350188351619,16,"Esr1 Bcl2 Lrp5 Igf1 Il18 Plau Mki67 Plag1 Slc12a2 Scrib Egfr Kdm5b Tnf Cebpb Twsg1 Mst1"
"GOBP_GLIAL_CELL_ACTIVATION",-1.01512252420403,0.454719144058082,1,38,-0.37815534630659,11,"Itgam Lrp1 Lrrk2 C1qa Egfr Jun Tnf Syt11 Naglu Kcnn4 Ifngr1"
"GOBP_GLIAL_CELL_APOPTOTIC_PROCESS",-0.908399604005662,0.605966350911919,1,18,-0.39006699603868,4,"Igf1 Tnfrsf21 Akap12 Traf2"
"GOBP_GLIAL_CELL_DEVELOPMENT",-1.23654046973521,0.131552018192155,1,88,-0.40974237245568,12,"Itgam S100a8 Ccdc39 Lrp1 Nfix Cntnap1 Tppp S100a9 Pick1 Pard3 C1qa Cspg5"
"GOBP_GLIAL_CELL_MIGRATION",-0.816923870590771,0.762610536804085,1,44,-0.297712048916808,7,"Ccl3 Lrp1 Adgrg1 Scrib Disc1 Dab2ip Tiam1"
"GOBP_GLIAL_CELL_PROLIFERATION",-1.00760409906659,0.459806264938986,1,41,-0.371050461264959,9,"Hes1 Nfix Igf1 Tert Plag1 Negr1 Egfr Tnf E2f1"
"GOBP_GLIOGENESIS",-1.13418357599354,0.198857736240914,1,219,-0.349404149700022,37,"Itgam S100a8 Ccdc39 Ccl3 Lrp1 Hmga2 Hes1 Nfix Gcm2 Clcn2 Adgrg1 Igf1 Cntnap1 Pfkfb3 Dusp10 Tppp S100a9 Pick1 Pard3 Metrn Tert C1qa Plag1 Negr1 Scrib Cspg5 Ttc21b Eed Disc1 Egfr Dab2ip Tnf E2f1 Tnfrsf21 B4galt6 Tiam1 Naglu"
"GOBP_GLOMERULAR_EPITHELIAL_CELL_DIFFERENTIATION",-0.805452675188852,0.728883638511518,1,12,-0.374048616952851,1,"Myo1e"
"GOBP_GLOMERULAR_EPITHELIUM_DEVELOPMENT",-0.798899815274385,0.736119228521333,1,13,-0.365284159574905,1,"Myo1e"
"GOBP_GLOMERULUS_DEVELOPMENT",-0.865572640575875,0.675703588949135,1,35,-0.326895569802054,4,"Myo1e Hes1 Bcl2 Pdgfrb"
"GOBP_GLUCAN_BIOSYNTHETIC_PROCESS",-0.736982200856735,0.85185667752443,1,33,-0.281056250600238,4,"Cd36 Igf1 Ppp1r3d Ppp1r3b"
"GOBP_GLUCAN_METABOLIC_PROCESS",-0.933376394418054,0.586992251702278,1,68,-0.319011190468644,8,"Cd36 Wipi1 Phkg1 Igf1 Pomc Phka1 Ppp1r3d Ppp1r3b"
"GOBP_GLUCOCORTICOID_METABOLIC_PROCESS",0.6252870457302,0.922291021671827,1,12,0.25328420378084,12,"Dgkq Rest Hsd11b1 Atp1a1 H6pd Abcc1 Stub1 Cbr1 Mecp2 Star Ywhah Nr3c1"
"GOBP_GLUCOSE_6_PHOSPHATE_METABOLIC_PROCESS",-0.711886938440417,0.864982341754958,1,24,-0.287455883322044,6,"Hk2 Shpk Tigar G6pc3 Prps1 Hk1"
"GOBP_GLUCOSE_CATABOLIC_PROCESS",-1.10399136848068,0.339336880884159,1,23,-0.449891127323884,6,"Lrp5 Eno3 Hk2 Tigar Pfkfb2 Hk1"
"GOBP_GLUCOSE_METABOLIC_PROCESS",-1.04105289723606,0.399402921420194,1,155,-0.328128320982071,16,"Atf3 Cd36 Ppargc1a Oas1c Lrp5 Oas1a Gpt2 Igf1 Gpld1 Fabp5 Rorc Phka1 Eno3 Hk2 Slc25a10 Fbn1"
"GOBP_GLUTAMATERGIC_NEURON_DIFFERENTIATION",-0.945955262901374,0.55277903983038,1,10,-0.458141410101452,4,"Nfix Casz1 Naglu Bbs10"
"GOBP_GLUTAMATE_METABOLIC_PROCESS",0.899774718134977,0.59866338374956,1,19,0.320615762532215,10,"Dglucy Prodh Apc Oat Got1 Slc25a12 Aldh18a1 Gclm Bloc1s6 Mthfsl"
"GOBP_GLUTAMATE_RECEPTOR_SIGNALING_PATHWAY",1.05928606166176,0.344027015618404,1,31,0.334495871921613,8,"Homer1 Grin3b Dlg4 Prnp Ephb2 App Ccr2 Ptger1"
"GOBP_GLUTAMATE_SECRETION",-0.930759187697448,0.568591026007431,1,16,-0.408074679782819,2,"Best1 Gabbr1"
"GOBP_GLUTAMINE_FAMILY_AMINO_ACID_BIOSYNTHETIC_PROCESS",0.796762416821852,0.740247678018576,1,12,0.322743507522298,7,"Cln3 Pycr1 Oat Got1 Slc25a12 Aldh18a1 Pycr2"
"GOBP_GLUTAMINE_FAMILY_AMINO_ACID_METABOLIC_PROCESS",0.991226155535932,0.464470588235294,1,39,0.296872832551061,9,"Azin2 Nos3 Fah Dglucy Pfas Prodh Apc Cln3 Pycr1"
"GOBP_GLUTAMINE_METABOLIC_PROCESS",-1.14400663130089,0.313691255638004,1,14,-0.51596257848768,6,"Ppat Mttp Asl Sirt4 Nit2 Glul"
"GOBP_GLYCERALDEHYDE_3_PHOSPHATE_METABOLIC_PROCESS",-0.626564252626568,0.928808664259928,1,15,-0.279089193688685,2,"Slc25a10 Shpk"
"GOBP_GLYCEROLIPID_BIOSYNTHETIC_PROCESS",-0.922332816644391,0.659798194370685,1,161,-0.289832367704014,32,"Lpcat2 Gpat3 Piga Dgkh Pla2g4a Gpld1 Fabp5 Gk Itpka Abhd8 Pign Dgki Itpkc Selenoi Pemt Pi4k2b Plpp1 Nr1h2 Mtmr4 Pigc Chpt1 Hdhd5 Pgs1 Pigf Gpat4 Ube3c Crls1 Pgap3 Pigw Dgka Pigu Chka"
"GOBP_GLYCEROLIPID_CATABOLIC_PROCESS",-1.06209368147818,0.38453700165584,1,38,-0.39565312989617,6,"Faah Pla2g4a Gpld1 Pla2g4b Daglb Smpd4"
"GOBP_GLYCEROLIPID_METABOLIC_PROCESS",-0.98405815721769,0.538611624563565,1,262,-0.300342846010835,50,"Cd36 Lpcat2 Esr1 Faah Plcl1 Gpat3 Piga Dgkh Pla2g4a Gpld1 Fabp5 Plcl2 Lpcat4 Mttp Pla2g4b Daglb Gk Apobr Fitm2 Itpka Abhd8 Pign Dgki Itpkc Pitpnc1 Smpd4 Selenoi Pemt Pi4k2b Plpp1 Ocrl Nr1h2 Mtmr4 Pigc Chpt1 Hdhd5 Mtmr2 Pgs1 Pigf Ddhd2 Synj2 Gpat4 Ube3c Crls1 Agap2 Pgap3 Pigw Dgka Pigu Chka"
"GOBP_GLYCEROL_METABOLIC_PROCESS",-0.878951320007686,0.64057761732852,1,15,-0.391509432854211,2,"Pla2g4a Gk"
"GOBP_GLYCEROPHOSPHOLIPID_BIOSYNTHETIC_PROCESS",-0.937508134032593,0.61872367994817,1,134,-0.299136544617393,34,"Lpcat2 Gpat3 Piga Dgkh Pla2g4a Fabp5 Itpka Abhd8 Pign Dgki Itpkc Selenoi Pemt Pi4k2b Mtmr4 Pigc Chpt1 Hdhd5 Pgs1 Pigf Gpat4 Ube3c Crls1 Pgap3 Pigw Dgka Pigu Chka Abhd4 Pigq Pigm Atg14 Inpp1 Pik3r4"
"GOBP_GLYCEROPHOSPHOLIPID_CATABOLIC_PROCESS",0.773585317702593,0.810839913854989,1,20,0.273232485925189,6,"Pla2g4d Pla2g4f Plcb3 Gdpd3 Gdpd1 Ldlr"
"GOBP_GLYCEROPHOSPHOLIPID_METABOLIC_PROCESS",-0.837443633237637,0.838252163937845,1,200,-0.259226562911204,48,"Lpcat2 Plcl1 Gpat3 Piga Dgkh Pla2g4a Fabp5 Plcl2 Lpcat4 Pla2g4b Itpka Abhd8 Pign Dgki Itpkc Pitpnc1 Smpd4 Selenoi Pemt Pi4k2b Ocrl Nr1h2 Mtmr4 Pigc Chpt1 Hdhd5 Mtmr2 Pgs1 Pigf Synj2 Gpat4 Ube3c Crls1 Agap2 Pgap3 Pigw Dgka Pigu Chka Abhd4 Pigq Pigm Inpp5a Pip4p1 Atg14 Mtm1 Inpp1 Pik3r4"
"GOBP_GLYCOLIPID_BIOSYNTHETIC_PROCESS",0.974895618154383,0.511792452830189,1,57,0.270839493826606,9,"B4galt4 Pgap1 St6galnac6 Pigg St3gal6 Pigyl Fut4 Mppe1 Gpaa1"
"GOBP_GLYCOLYTIC_PROCESS_THROUGH_FRUCTOSE_6_PHOSPHATE",-0.646924466010232,0.923591212989494,1,23,-0.263630301482596,4,"Eno3 Hk2 Gale Hk1"
"GOBP_GLYCOLYTIC_PROCESS_THROUGH_GLUCOSE_6_PHOSPHATE",-0.755424401512154,0.806263858093126,1,20,-0.316389516614071,4,"Eno3 Hk2 Gale Hk1"
"GOBP_GLYCOPHAGY",-1.05303833104238,0.421328148369728,1,11,-0.500087953050322,1,"Wipi1"
"GOBP_GLYCOPROTEIN_BIOSYNTHETIC_PROCESS",0.883713603191338,0.897435897435897,1,209,0.203565447305561,41,"Large2 Trex1 B4galt4 Phlda1 B3galt6 Galnt6 Gorasp1 St8sia1 Hs3st3a1 Pgm3 Tet1 Pomgnt1 Hs3st3b1 St3gal6 Alg11 Fut4 Insr Tmtc2 Large1 Slc35d1 Ext2 Mgat4a Chst14 Uggt1 Npc1 Nus1 Hexb Ext1 Ccdc134 Fam20b St8sia4 Alg14 Mogs Crppa Pomk Dpy19l1 Chst12 St3gal2 Poglut2 Slc35d2 Acot8"
"GOBP_GLYCOPROTEIN_CATABOLIC_PROCESS",0.771633860928386,0.847149211484027,1,28,0.249587207276923,8,"Fbxo17 Idua Man2b2 Hexb Manba Hgsnat Man2b1 Ids"
"GOBP_GLYCOPROTEIN_METABOLIC_PROCESS",0.931547743225815,0.786440677966102,1,246,0.210599900932622,35,"Large2 Trex1 B4galt4 Phlda1 B3galt6 Fbxo17 Galnt6 Gorasp1 St8sia1 St6galnac6 Dsel Hs3st3a1 Pgm3 Tet1 Pomgnt1 Hs3st3b1 St3gal6 Alg11 Fut4 Insr Tmtc2 Large1 Idua Slc35d1 Ext2 Mgat4a Chst14 Man2b2 Uggt1 Npc1 Nus1 Hexb Ext1 Ccdc134 Fam20b"
"GOBP_GLYCOSAMINOGLYCAN_BIOSYNTHETIC_PROCESS",0.964540099177773,0.514895330112721,1,27,0.316579775413393,8,"Egf B3galt6 Hs3st3a1 Ptger4 Hs3st3b1 Ext2 Tgds Ext1"
"GOBP_GLYCOSAMINOGLYCAN_CATABOLIC_PROCESS",-0.995370968868775,0.488808664259928,1,15,-0.443365991529489,4,"Hyal2 Hyal3 Pglyrp2 Hyal1"
"GOBP_GLYCOSAMINOGLYCAN_METABOLIC_PROCESS",-0.889563979446128,0.650519031141868,1,47,-0.320653963846414,13,"Has3 Hyal2 Hyal3 Itih5 Pdgfrb Il15 Ccnd3 Pglyrp2 Smpd3 Naglu Abcc5 Uxs1 Hyal1"
"GOBP_GLYCOSPHINGOLIPID_BIOSYNTHETIC_PROCESS",1.27869177020709,0.149800507798332,1,21,0.445033478646079,9,"B4galt4 St6galnac6 Fut4 Plekha8 St8sia4 B4galt3 St3gal2 Degs1 B3galt2"
"GOBP_GLYCOSPHINGOLIPID_METABOLIC_PROCESS",1.12245032164103,0.246117647058824,1,39,0.33617454959434,10,"B4galt4 St6galnac6 Neu1 Fut4 Plekha8 Hexb St8sia4 Gla B4galt3 St3gal2"
"GOBP_GLYCOSYL_COMPOUND_BIOSYNTHETIC_PROCESS",-1.05625656421724,0.408171921391206,1,18,-0.453556808296218,7,"Pnp2 Cdk1 Tk1 Ada Tyw3 Dctd Dtymk"
"GOBP_GMP_BIOSYNTHETIC_PROCESS",-0.66804205950782,0.878253066108286,1,11,-0.317253205550542,1,"Ppat"
"GOBP_GMP_METABOLIC_PROCESS",-0.608241751657042,0.941371841155235,1,15,-0.270927840722075,1,"Ppat"
"GOBP_GOLGI_LOCALIZATION",0.684675363115891,0.875237492083597,1,13,0.271329007450132,13,"Arhgap21 Pdcd10 Uvrag Golga2 Copg1 Ripor1 Cdc42 Arcn1 Ywhaz Stk25 Stk11 Hook3 Tbccd1"
"GOBP_GOLGI_ORGANIZATION",-0.676114973144553,0.97542142468733,1,122,-0.217138557911219,14,"Atp8b4 Ehd3 Cdk1 Cit Lrrk2 Bhlha15 Fbxw8 Pi4k2b Tjap1 Rab29 Camsap3 Naglu Rbsn Lysmd3"
"GOBP_GOLGI_RIBBON_FORMATION",1.12039049252245,0.323918799646955,1,10,0.476519328105495,1,"Gorasp1"
"GOBP_GOLGI_TO_ENDOSOME_TRANSPORT",-0.848868251790728,0.681313993174061,1,17,-0.368097595447309,1,"Wipi1"
"GOBP_GOLGI_TO_LYSOSOME_TRANSPORT",-0.93770834802232,0.563416093329345,1,11,-0.445317738677652,5,"Ehd3 Ccdc91 Rbsn Ankfy1 Ap4m1"
"GOBP_GOLGI_TO_PLASMA_MEMBRANE_PROTEIN_TRANSPORT",-0.650645498163262,0.945484651636734,1,38,-0.24237968108695,5,"Lyplal1 Rab26 Pkdcc Gga2 Bbs2"
"GOBP_GOLGI_TO_PLASMA_MEMBRANE_TRANSPORT",-0.548586479934264,0.997497318555595,1,61,-0.190241811577051,28,"Lyplal1 Rab26 Pkdcc Gga2 Bbs2 Llgl1 Lypla1 Exoc5 Exoc8 Blzf1 Optn Rnf115 Ccdc22 Vamp2 Vamp4 Arfgef2 Golph3 Exoc4 Exoc6b Kif13a Golga7 Dnm2 Bbs1 Rab10 Akt1 Arfrp1 Commd1 Exoc6"
"GOBP_GOLGI_TO_VACUOLE_TRANSPORT",-0.63498879480271,0.935453569511541,1,25,-0.254155111461784,3,"Ehd3 Ccdc91 Rbsn"
"GOBP_GOLGI_VESICLE_TRANSPORT",-0.381892525762122,1,1,272,-0.116411332944099,38,"Wipi1 Ehd3 Lyplal1 Rab26 Klhl12 Lrrk2 Pkdcc Gga2 Bbs2 Ykt6 Rab7b Copz2 Llgl1 Atp9a Yif1b Sec22c Rint1 Lypla1 Rangrf Ccdc91 Exoc5 Trappc13 Rbsn Exoc8 Bet1l Klhl20 Copb2 Arfgap3 Bnip1 Cux1 Whamm Kif1c Ankfy1 Blzf1 Rab6a Rab1a Cog2 Optn"
"GOBP_GPI_ANCHOR_METABOLIC_PROCESS",-0.637569355799247,0.93850444946208,1,28,-0.249809612123577,9,"Piga Pign Pigc Pigf Pgap3 Pigw Pigu Pigq Pigm"
"GOBP_GRANULOCYTE_DIFFERENTIATION",-0.723150913483496,0.86314683477804,1,30,-0.279716140844234,6,"Srp54c Zfpm1 Cul4a Runx1 Hax1 Fasn"
"GOBP_GROWTH_HORMONE_RECEPTOR_SIGNALING_PATHWAY_VIA_JAK_STAT",0.447888562815088,0.992644895557517,1,10,0.190493902298537,3,"Stat5a Tyk2 Jak2"
"GOBP_GROWTH_HORMONE_SECRETION",-1.1876624612094,0.265240797322858,1,14,-0.535651952613074,2,"Hmga2 Gabbr1"
"GOBP_GTP_METABOLIC_PROCESS",-1.09787576550933,0.345142243692968,1,25,-0.439426238443956,5,"Gimap7 Rasl2-9 Nme4 Lrrk2 Mfn1"
"GOBP_GUANINE_NUCLEOTIDE_TRANSPORT",1.15301042929469,0.294204177699323,1,10,0.490393089492523,6,"Slc17a9 Lrrc8a Abcc4 Shoc2 Lrrc8d Slc46a2"
"GOBP_G_PROTEIN_COUPLED_DOPAMINE_RECEPTOR_SIGNALING_PATHWAY",-0.739605468676368,0.824261275272162,1,18,-0.317586756035808,5,"Gm527 Lrrk2 Gnb5 Flna Klf16"
"GOBP_HAIR_CELL_DIFFERENTIATION",-1.10039602928427,0.334075723830735,1,31,-0.423611280096822,10,"Hes1 Ankrd24 Scrib Pls1 Lamc1 Myo6 Whrn Hes5 Cux1 Elmod3"
"GOBP_HEAD_DEVELOPMENT",-0.934346196717456,0.706532663316583,1,447,-0.279291107630446,60,"Itgam Sema6d Nr4a2 Nrgn Ccdc39 Hmga2 Stil Chrnb2 Rtn1 Tacc3 Hes1 Bcl2 Sct Nfix Fos Diaph3 Adgrg1 Igf1 Plxna2 Mdga1 Bbs4 Wdr62 Meis3 Rac3 Fbxo45 Lrrk2 Nnat Negr1 Pbx4 Scrib Ctns Meis1 Bbs2 Tsc1 Sphk2 Slc1a2 Dclk2 Atxn1l Ttc21b Sox12 Atat1 Cul5 Pax5 Fancc Cdon Ckap2l Rora Llgl1 Flvcr1 Mrtfb Disc1 Egfr Cers1 Secisbp2 Cacna1a Dab2ip Tctn1 Zfp335 Smc4 E2f1"
"GOBP_HEAD_MORPHOGENESIS",-0.545943299720968,0.981511040170258,1,27,-0.215207731025392,10,"Flvcr1 Specc1l Csrnp1 Prickle1 Tiparp Zfp950 Arid5b Plekha1 Vps13b Crebbp"
"GOBP_HEART_DEVELOPMENT",-0.766504501003475,0.966670033329967,1,378,-0.230348327175015,66,"Ptk7 Lix1l Ccdc39 Lrp1 Stil Luzp1 Hes1 Olfm1 Nfix Vegfa Cdk1 Fgf20 Igf1 Fer1l6 Cxadr Tab1 Fgfrl1 Pdgfrb Zfpm1 Trip10 Fbn1 Pkd2 Tert Meis1 Tsc1 Kif7 Dnaaf4 Actn2 Dand5 Maml1 Akap1 Mrtfb Egfr Jun Pcna Lmo4 Cdkn1a Ryr1 Rbm15 Rgs2 Abcg2 Naglu Eng Pofut1 Smad7 Ift122 Smyd4 Flna Dusp6 Adra1b Lrrc25 Cdk20 Jmjd6 Casp7 Megf8 Hmga1 Hdac5 Kdm6a Oxct1 Arid2 Bcor Anks6 Arrb2 Smad3 Ece1 Smg9"
"GOBP_HEART_FORMATION",-1.13840245056289,0.319994093325458,1,12,-0.528669002271235,1,"Hes1"
"GOBP_HEART_GROWTH",-0.638151736755426,0.977770018621974,1,72,-0.216498068352209,12,"Cdk1 Fgf20 Igf1 Cxadr Trip10 Meis1 Akap1 Rgs2 Abcg2 Dusp6 Adra1b Cdk20"
"GOBP_HEART_MORPHOGENESIS",-0.708916891272501,0.960482394745343,1,139,-0.225339125457953,19,"Ccdc39 Lrp1 Stil Hes1 Olfm1 Vegfa Tab1 Fgfrl1 Zfpm1 Pkd2 Mrtfb Jun Ryr1 Rbm15 Abcg2 Naglu Eng Smad7 Flna"
"GOBP_HEART_PROCESS",-0.963503691347896,0.548408561605856,1,108,-0.312601243420717,23,"Myl4 Agrn Trpm4 Ehd3 Hdac4 Cxadr Pde4d Tmem38a Cacnb2 Ada S100a1 Ramp3 Scn2b Pde4b Gsto1 Jup Tnf Rgs2 Rangrf Thra Smad7 Ppcs Flna"
"GOBP_HEART_TRABECULA_MORPHOGENESIS",1.15741917380213,0.271717171717172,1,17,0.424360573417333,3,"Dll4 Tgfbr3 Rbp4"
"GOBP_HEART_VALVE_DEVELOPMENT",-1.16913740571089,0.247992747992748,1,34,-0.44319781072456,5,"Lix1l Lrp1 Olfm1 Fgfrl1 Zfpm1"
"GOBP_HEART_VALVE_MORPHOGENESIS",-0.710296024762974,0.866881374127751,1,25,-0.284296930626287,3,"Olfm1 Fgfrl1 Zfpm1"
"GOBP_HEMATOPOIETIC_OR_LYMPHOID_ORGAN_DEVELOPMENT",-1.05744504349587,0.373687182382835,1,91,-0.349188194787821,13,"Ccr7 Hes1 Bcl2 Lrp5 Rorc Rag1 Fancb Ada Il15 Flvcr1 Lmo4 Hoxa3 Rbm15"
"GOBP_HEMATOPOIETIC_PROGENITOR_CELL_DIFFERENTIATION",-0.985330148852982,0.512535426204491,1,118,-0.317109588068622,24,"Esco2 Hes1 Bcl2 Vegfa Hyal2 Ankle1 Fancb Wdr38 Mllt3 Xrcc5 Top2a Smpd3 Thsd1 Abcg2 Fbxo21 Pdcd2 Ciao3 Runx1 Tmem143 Kit Hmga1 Eif2ak2 Hoxb3 Hes5"
"GOBP_HEMATOPOIETIC_STEM_CELL_DIFFERENTIATION",-0.899326882106189,0.619180633147114,1,27,-0.354509521130002,6,"Fancb Mllt3 Xrcc5 Abcg2 Fbxo21 Eif2ak2"
"GOBP_HEMATOPOIETIC_STEM_CELL_PROLIFERATION",-0.662120549628775,0.901103506076268,1,19,-0.280115613779812,4,"Atxn1l Ang Pdcd2 Eif2ak2"
"GOBP_HEME_A_BIOSYNTHETIC_PROCESS",0.993053720582994,0.458958517210944,1,10,0.422361038283612,3,"Cox15 Uros Urod"
"GOBP_HEME_BIOSYNTHETIC_PROCESS",-0.767561372715548,0.798016843249117,1,24,-0.309936902173259,5,"Slc11a2 Flvcr1 Hmbs Slc6a9 Abcg2"
"GOBP_HEME_METABOLIC_PROCESS",-1.05191353109793,0.402166818953139,1,32,-0.402669859805764,7,"Hmox1 Slc11a2 Flvcr1 Hebp1 Hmbs Slc6a9 Abcg2"
"GOBP_HEMOGLOBIN_BIOSYNTHETIC_PROCESS",-0.71243722227567,0.831737959916243,1,11,-0.338336470441701,2,"Slc25a37 Slc6a9"
"GOBP_HEMOGLOBIN_METABOLIC_PROCESS",-0.650230498277823,0.910180505415162,1,15,-0.289630799579475,2,"Slc25a37 Slc6a9"
"GOBP_HEPARAN_SULFATE_PROTEOGLYCAN_METABOLIC_PROCESS",1.13385842788764,0.243912857753097,1,32,0.355330744638664,6,"B3galt6 Hs3st3a1 Hs3st3b1 Idua Ext2 Ext1"
"GOBP_HEPARIN_PROTEOGLYCAN_METABOLIC_PROCESS",0.676941752135937,0.88359133126935,1,12,0.274207907978536,3,"Idua Ext2 Ext1"
"GOBP_HEPATICOBILIARY_SYSTEM_DEVELOPMENT",-1.14243504597937,0.223791417707768,1,123,-0.366668282026145,29,"Ccdc39 E2f7 Hmox1 E2f8 Hes1 Il18 Plau Ephx1 Ada Mki67 Pkd2 Ugt1a6a Hlx Prox2 Asl Mrtfb Egfr Jun Pcna Pnpt1 Tnf Icmt Cebpb Hmbs Naglu Ezh2 Runx1 Lsr Prkcsh"
"GOBP_HEPATIC_STELLATE_CELL_ACTIVATION",-0.813537233941,0.725396350583308,1,11,-0.386348870747235,5,"Pdgfrb Akap12 Gclc Smo Gsk3b"
"GOBP_HEPATOCYTE_APOPTOTIC_PROCESS",-0.46858041443362,0.995169082125604,1,21,-0.194611826820861,4,"Bcl2l1 Kcnn4 Cflar Gsk3b"
"GOBP_HETEROCHROMATIN_ORGANIZATION",-0.848429503108512,0.784413613700412,1,127,-0.27187371065243,35,"Oip5 Hmga2 Cdk1 Brca1 Wdhd1 Cenpv Hells Mthfr Eed Nrde2 Suv39h1 H1f0 Hdac8 Eri3 Rbm15 Cdk2 Ezh2 Lmnb1 Suz12 Mis18a Eri1 Smchd1 Asb7 Ppm1d Rlf Lmnb2 Bend3 Smyd5 Uhrf1 Smarca5 Cbx1 Ncor2 Bahd1 Phf2 Hmgb1"
"GOBP_HETEROPHILIC_CELL_CELL_ADHESION",-0.965186968125387,0.526749546025981,1,19,-0.40833038657432,4,"Itga5 Cd6 Cxadr Negr1"
"GOBP_HETEROTYPIC_CELL_CELL_ADHESION",-1.16794426572393,0.255058086411696,1,32,-0.447086133828067,9,"Cd2 Itga5 Lck Cxadr Jup Tnf Gcnt2 Thy1 Itgad"
"GOBP_HINDBRAIN_DEVELOPMENT",-0.744442993942413,0.906368715083799,1,100,-0.243211077684456,20,"Hes1 Bcl2 Nfix Igf1 Plxna2 Scrib Ttc21b Cul5 Rora Cacna1a Naglu Ezh2 Flna Whrn Psmg1 Hoxb3 Clp1 Ncstn Crkl Atxn2"
"GOBP_HINDBRAIN_MORPHOGENESIS",-0.92588333055769,0.582410423452769,1,33,-0.353095769582081,5,"Hes1 Nfix Ttc21b Rora Cacna1a"
"GOBP_HIPPOCAMPUS_DEVELOPMENT",-0.946451688803982,0.560236600676002,1,56,-0.332180326588837,7,"Sct Nfix Bbs4 Bbs2 Tsc1 Dclk2 Atat1"
"GOBP_HIPPO_SIGNALING",-0.900874550717382,0.630838774485183,1,42,-0.331158801911056,2,"Strip2 Cit"
"GOBP_HISTONE_MRNA_CATABOLIC_PROCESS",-1.28348664068485,0.162166064981949,1,15,-0.57170074762057,5,"Tut1 Mtpap Tent4b Eri1 Dcp2"
"GOBP_HOMEOSTASIS_OF_NUMBER_OF_CELLS",-0.971004277538283,0.580845644421803,1,303,-0.294541087136361,35,"Itgam Armcx1 Glis2 Hmox1 Ccr7 Slc11a2 Bcl2 Nfix Vegfa Zc3h8 Diaph3 Adgrg1 Tnfrsf13c Ankle1 Bbs4 Card9 Il18 Rac3 Map7 Rag1 Chst3 Lilrb4a Pacs1 Zfpm1 Ada Vhl Lmo1 Tnfrsf4 Gpr174 Hdac6 Foxp3 Fancc Zfp36 Flvcr1 Il2ra"
"GOBP_HOMEOSTASIS_OF_NUMBER_OF_CELLS_WITHIN_A_TISSUE",-0.983521645548796,0.499222999222999,1,34,-0.372834397375556,5,"Bcl2 Nfix Vegfa Rac3 Vhl"
"GOBP_HOMOLOGOUS_CHROMOSOME_SEGREGATION",-1.28936504145532,0.125174558842199,1,39,-0.478673992177678,10,"Mnd1 Sgo1 Ccne1 Psmc3ip Brip1 Prdm9 Trip13 Mei4 Sgo2a Haspin"
"GOBP_HOMOPHILIC_CELL_CELL_ADHESION",0.912204488811747,0.614694574967962,1,32,0.285868404996615,11,"Cadm1 Cdh11 Pcdhgb5 Nectin4 Cdh22 Palld Ptprf Ptpn23 Amigo1 Cdh5 L1cam"
"GOBP_HOMOTYPIC_CELL_CELL_ADHESION",0.905761746486278,0.658902691511387,1,46,0.262211082013257,18,"Ncam1 Stxbp1 Ubash3b Entpd1 P2ry12 Itgb3 Rap2b L1cam Emilin1 Gla Plaur Tjp2 Lyn Jak2 Ceacam1 Stxbp3 Il6ra Cd9"
"GOBP_HORMONE_BIOSYNTHETIC_PROCESS",-0.973684224785122,0.50976510952758,1,29,-0.378733450730654,7,"Ppargc1a Clcn2 Igf1 Pde8b Tg Dhrs11 Cacna1a"
"GOBP_HORMONE_MEDIATED_SIGNALING_PATHWAY",-0.70921415240093,0.960710844663312,1,144,-0.224616969590391,21,"Esr1 Hmga2 Paqr8 Sstr2 Brca1 Igf1 Prlr Psmc3ip Tgif1 Hdac6 Dnaaf4 Pagr1a Prmt2 Zdhhc7 Nr1h2 Kdm3a Thra Shq1 Cnot9 Kank2 Ezh2"
"GOBP_HORMONE_METABOLIC_PROCESS",-0.838113191823304,0.774276743664499,1,95,-0.275130652780667,14,"Esr1 Ppargc1a Clcn2 Igf1 Akr1b10 Pde8b Chst10 Bco2 Ctns Disp1 Tg Ugt1a6a Dhrs11 Cacna1a"
"GOBP_HORMONE_TRANSPORT",-1.09489520643289,0.279227557411273,1,201,-0.338952719740792,25,"Ffar1 Pde1c Kcnb1 Lrp1 Hmga2 Gdf9 Sct Lrp5 Trpm4 Brsk2 Slc18a2 Pde3b Baiap3 Pomc Pde8b Blk Gpld1 Mcu Rab11fip1 Cask Pick1 Gabbr1 Arrb1 Nnat Stxbp4"
"GOBP_HOST_MEDIATED_ACTIVATION_OF_VIRAL_PROCESS",0.78460141630176,0.848782571550619,1,32,0.245879907616369,2,"Cav2 Apoe"
"GOBP_HOST_MEDIATED_ACTIVATION_OF_VIRAL_TRANSCRIPTION",-0.948234451567957,0.544981949458484,1,15,-0.422370072034192,7,"Jun Rrp1b Tfap4 Nucks1 Ccnt1 Snw1 Sp1"
"GOBP_HOST_MEDIATED_PERTURBATION_OF_VIRAL_GENOME_REPLICATION",0.601263003548235,0.930862018240659,1,10,0.255726413583213,10,"Tbc1d20 Vapa Zfyve1 Pik3c3 Ppib Hspa8 Vapb Ythdc2 Stom Nucks1"
"GOBP_HOST_MEDIATED_PERTURBATION_OF_VIRAL_PROCESS",-1.08704348869944,0.344088610642909,1,57,-0.380740723263082,3,"Fbxl2 Ccl3 Hmga2"
"GOBP_HOST_MEDIATED_PERTURBATION_OF_VIRAL_TRANSCRIPTION",-1.31459481821784,0.125392277254741,1,23,-0.535714826788982,4,"Ccl3 Hmga2 Jun Rrp1b"
"GOBP_HOST_MEDIATED_SUPPRESSION_OF_SYMBIONT_INVASION",0.761720932145129,0.829162132752992,1,21,0.265107920523473,2,"Ifitm2 Ciita"
"GOBP_HYALURONAN_BIOSYNTHETIC_PROCESS",-0.824763796506144,0.704225352112676,1,10,-0.399446425799259,4,"Has3 Ccnd3 Smpd3 Abcc5"
"GOBP_HYALURONAN_CATABOLIC_PROCESS",-1.19864273568714,0.257253963505833,1,11,-0.569235491679643,2,"Hyal2 Hyal3"
"GOBP_HYALURONAN_METABOLIC_PROCESS",-1.15644198513113,0.276708964388047,1,23,-0.471265449376945,9,"Has3 Hyal2 Hyal3 Itih5 Il15 Ccnd3 Smpd3 Abcc5 Hyal1"
"GOBP_HYDROGEN_PEROXIDE_BIOSYNTHETIC_PROCESS",1.24260243143956,0.204024767801858,1,12,0.503339337688926,3,"Mpv17l Mfn2 Acox1"
"GOBP_HYDROGEN_PEROXIDE_CATABOLIC_PROCESS",-0.935596716975437,0.561714372255036,1,10,-0.453124599028851,4,"Txnrd1 Nnt Prdx6 Prdx1"
"GOBP_HYDROGEN_PEROXIDE_METABOLIC_PROCESS",0.782296287666548,0.83457095709571,1,29,0.251750975682119,4,"Mpv17l Insr Mfn2 Acox1"
"GOBP_HYPEROSMOTIC_RESPONSE",-0.724224203671114,0.841368584758942,1,18,-0.310982037353173,3,"Fxyd2 Slc12a2 Xrcc5"
"GOBP_ICOSANOID_BIOSYNTHETIC_PROCESS",-1.09927038024906,0.342777334397446,1,27,-0.433326106278313,5,"Ptges3l Pla2g4a Ptgds Fabp5 Daglb"
"GOBP_ICOSANOID_METABOLIC_PROCESS",-0.856828108072123,0.708384109188399,1,52,-0.304202633856072,6,"Ptges3l Pla2g4a Ptgds Fabp5 Daglb Ephx1"
"GOBP_ICOSANOID_SECRETION",1.29988983332723,0.146801346801347,1,17,0.476596558564018,5,"Anxa1 Abcc4 Hrh2 Kiss1r Pla2g4f"
"GOBP_ICOSANOID_TRANSPORT",1.22387575038145,0.182192293303404,1,23,0.415602593723082,5,"Anxa1 Abcc4 Hrh2 Kiss1r Pla2g4f"
"GOBP_IMMATURE_B_CELL_DIFFERENTIATION",-1.17364557635115,0.267076307516433,1,16,-0.514563862574196,2,"Rag2 Rag1"
"GOBP_IMMUNE_RESPONSE_REGULATING_CELL_SURFACE_RECEPTOR_SIGNALING_PATHWAY",-1.17283195746878,0.12327355184498,1,245,-0.359049433233193,47,"Ms4a1 Itgam Cd36 Cd79a Fcmr Ccr7 Oas1c Bcl2 Cd81 Oas1a Lck Lcp2 Ptpn22 Blk Gpld1 Cd22 Ermap Plcl2 Cd40 Cd19 Cd14 Nectin2 Lilrb4a Pde4d Arpp21 Ada Cd86 Fcer2a Foxp3 Rab7b Lax1 Tec Lrrfip2 Pde4b Cmklr1 Dab2ip Thy1 Rab29 Tnfrsf21 Naglu Ecsit Nfkbid Dusp22 Prkce Ripk2 Rgcc Kcnn4"
"GOBP_IMMUNE_RESPONSE_REGULATING_SIGNALING_PATHWAY",-1.11361579721713,0.175145787251156,1,425,-0.333253661920921,75,"Gbp2 Ms4a1 Fbxl2 Itgam Cd36 S100a8 Esr1 Cd79a Fcmr Ccr7 Oas1c Bcl2 Cd81 Oas1a Lyplal1 Lck Casp4 Lcp2 Ptpn22 Tab1 Blk Map3k20 Gpld1 Cd22 Ermap Tspan6 Plcl2 Cd40 Cd19 Cd14 Nectin2 Aurkb Lilrb4a Usp50 S100a9 Pde4d Arpp21 Smpdl3a Ada Cd86 Fcer2a Abhd8 Cgas Atat1 Cul5 Foxp3 Rab7b Lax1 Ddx60 Tec Lrrfip2 Pde4b Irgm2 Cmklr1 Dab2ip Zcchc3 Tnf Hcfc2 Elp6 Thy1 Rab29 Havcr2 Rnf170 Tnfrsf21 Oasl1 Naglu Ecsit Nfkbid Dhx33 Dusp22 Pum1 Prkce Ripk2 Rgcc Kcnn4"
"GOBP_IMMUNE_RESPONSE_TO_TUMOR_CELL",0.708130490641914,0.915056360708535,1,27,0.23242143264121,5,"Pdcd1 Mr1 Cd274 Klre1 Fbxo38"
"GOBP_IMMUNE_SYSTEM_DEVELOPMENT",-0.915153472484277,0.679611650485437,1,172,-0.286478673867522,29,"Rag2 Ccr7 Hes1 Bcl2 Lrp5 Shld3 Exo1 Rorc Cd40 Rag1 Fancb Ada Cd86 Il15 Foxp3 Pagr1a Flvcr1 Il2ra Lmo4 Hoxa3 Smc4 Rbm15 Havcr2 Ercc1 Paxip1 Ezh2 Runx1 Hmces Il27ra"
"GOBP_IMMUNOGLOBULIN_PRODUCTION",-0.744180756001379,0.906703910614525,1,100,-0.243125404002566,26,"Shld3 Vpreb3 Exo1 Cd22 Cd40 Lilrb4a Cd86 Tnfrsf4 Cgas Foxp3 Pagr1a Tnf Smc4 Ercc1 Paxip1 Ezh2 Dnajb9 Hmces Il27ra Cyren Traf2 Rnf168 Parp3 Btk Galnt2 Msh2"
"GOBP_IMMUNOGLOBULIN_PRODUCTION_INVOLVED_IN_IMMUNOGLOBULIN_MEDIATED_IMMUNE_RESPONSE",-0.86908066176304,0.690104801364855,1,52,-0.30855270018691,22,"Shld3 Exo1 Cd40 Foxp3 Pagr1a Ercc1 Paxip1 Hmces Il27ra Rnf168 Parp3 Btk Msh2 Kmt5b Stat6 Ccr6 Rnf8 Clcf1 Nsd2 Exosc3 Ighm Kmt5c"
"GOBP_IMMUNOGLOBULIN_V_D_J_RECOMBINATION",0.67425108853809,0.886687306501548,1,12,0.273118004402768,1,"Lig4"
"GOBP_IMPORT_ACROSS_PLASMA_MEMBRANE",-1.12850175044689,0.25913882036331,1,95,-0.370457625883587,16,"Ms4a1 Cd36 Slc11a2 Trpm4 Lrrc8b Slc43a1 Slc5a6 Fxyd2 Ppp3cc Slc12a2 Slc39a8 Slc1a2 Cacna1a Tnf Slc6a9 Rgs2"
"GOBP_IMPORT_INTO_NUCLEUS",-0.997528560315384,0.495430393198725,1,160,-0.313593501506008,44,"Uaca Cd36 Cdk1 Brca1 Hyal2 Ptpn22 Nr4a1 Prkcq Rasl2-9 Lrrk2 Tert Ipo4 Bag3 Ipo7 Akap1 Cdkn1a Jup Ipo11 Ipo8 Nup93 Flna Nup62 Eif4enif1 Ipo13 Akirin2 Ddx56 Bach2 Epm2a Nup50 Fam53b Smo Nup54 Ect2 Fam53a Tnfrsf1a Nup85 Ing1 Pik3r2 Tnpo1 Ei24 Kpna1 Appl1 Kpna4 Med1"
"GOBP_IMP_BIOSYNTHETIC_PROCESS",-0.906170927085254,0.604105138806852,1,12,-0.420821722293801,2,"Ppat Ada"
"GOBP_IMP_METABOLIC_PROCESS",-0.873410432514063,0.647942238267148,1,15,-0.389041367023081,3,"Ppat Ada Xdh"
"GOBP_INCLUSION_BODY_ASSEMBLY",-0.719149989072939,0.855877616747182,1,25,-0.287840741642317,3,"Dnaja4 Hspa2 Hdac6"
"GOBP_INDOLE_CONTAINING_COMPOUND_METABOLIC_PROCESS",1.02894135079463,0.403953748601268,1,22,0.355343884991517,7,"Maoa Abcc4 Ido1 Gcdh Rnf180 Haao Aldh9a1"
"GOBP_INDUCTION_OF_POSITIVE_CHEMOTAXIS",-1.06275754730703,0.416174466151749,1,10,-0.514710642684979,3,"Vegfa Vegfd Vegfc"
"GOBP_INFLAMMATORY_CELL_APOPTOTIC_PROCESS",-1.12592971382834,0.321245733788396,1,17,-0.488240689210114,3,"Itgam Il18 Plekho2"
"GOBP_INFLAMMATORY_RESPONSE_TO_WOUNDING",-0.755597669244643,0.806263858093126,1,20,-0.316462085217915,4,"Hmox1 Tnf Abcg2 Lrrc25"
"GOBP_INNATE_IMMUNE_RESPONSE_ACTIVATING_CELL_SURFACE_RECEPTOR_SIGNALING_PATHWAY",-0.830925015528226,0.766476146039893,1,71,-0.282507963646853,12,"Cd36 Oas1c Oas1a Ptpn22 Cd14 Rab7b Lrrfip2 Dab2ip Naglu Ecsit Prkce Ripk2"
"GOBP_INNERVATION",-1.24538234968293,0.210056035135544,1,10,-0.603158783692591,3,"Ntrk1 Unc13a Fbxo45"
"GOBP_INNER_CELL_MASS_CELL_PROLIFERATION",-1.01152007153419,0.466561874821378,1,16,-0.4434828414709,9,"Gins1 Ints1 Gins4 Palb2 Taf8 Pelo Sbds Prpf19 Ncapg2"
"GOBP_INNER_EAR_MORPHOGENESIS",-0.935305036563498,0.572933858067792,1,39,-0.347229978602807,5,"Ptk7 Lrig3 Ankrd24 Scrib Pls1"
"GOBP_INNER_EAR_RECEPTOR_CELL_DEVELOPMENT",-1.15241721047512,0.26514657980456,1,33,-0.439486950874525,12,"Hes1 Cecr2 Ankrd24 Scrib Pls1 Naglu Alms1 Whrn Hes5 Elmod3 Vangl2 Mks1"
"GOBP_INNER_EAR_RECEPTOR_CELL_STEREOCILIUM_ORGANIZATION",-1.16236612507493,0.27072192513369,1,26,-0.461833489448204,11,"Hes1 Cecr2 Ankrd24 Scrib Pls1 Alms1 Whrn Hes5 Elmod3 Vangl2 Mks1"
"GOBP_INNER_MITOCHONDRIAL_MEMBRANE_ORGANIZATION",-0.686334138040296,0.916719563285515,1,39,-0.254800069228462,8,"Apoo Chchd10 Timm8a1 Timm22 Tmem11 Maip1 Timm13 Timm10"
"GOBP_INORGANIC_ANION_TRANSPORT",-1.17543648031318,0.219492025989368,1,65,-0.404052668495989,15,"Best1 Slc25a27 Slc5a6 Clcn2 Slc26a11 Slc25a10 Slc26a6 Slc12a2 Slc26a2 Tg Slc20a2 Cebpb Xpr1 Abcg2 Clic4"
"GOBP_INORGANIC_ION_HOMEOSTASIS",-0.987711980316733,0.530664221678892,1,300,-0.299702471221725,42,"Nol3 Ncs1 Ccl3 Slc25a27 Hmox1 Plcl1 Ccr7 Slc11a2 Klhl3 Marcksl1 Bcl2 Calml3 Gcm2 Lck Hyal2 Tmtc4 Plcl2 Cd40 Mcu Cd19 Fxyd2 Pde4d Trmt10a Tmem38a Cacnb2 Ccr1l1 Pkd2 Slc12a2 Ankrd9 Slc39a8 Calcb Ddit3 Mon1a Cib3 Cul5 Disc1 Cacna1a Gsto1 Slc31a2 Sv2a Ryr1 Thy1"
"GOBP_INORGANIC_ION_IMPORT_ACROSS_PLASMA_MEMBRANE",-1.25485092982318,0.14620315581854,1,48,-0.450985434099187,8,"Ms4a1 Slc11a2 Trpm4 Slc5a6 Fxyd2 Ppp3cc Slc12a2 Slc39a8"
"GOBP_INOSITOL_PHOSPHATE_BIOSYNTHETIC_PROCESS",-0.944488428179223,0.552382298883076,1,18,-0.405563545325883,4,"Arrb1 Itpka Itpkc Ppip5k1"
"GOBP_INOSITOL_PHOSPHATE_METABOLIC_PROCESS",-0.819246479166335,0.734104815110402,1,27,-0.32294228360718,6,"Arrb1 Itpka Itpkc Nudt4 Ppip5k1 Synj2"
"GOBP_INOSITOL_TRISPHOSPHATE_METABOLIC_PROCESS",-0.440301334704507,0.993571011104617,1,13,-0.201320741264667,1,"Arrb1"
"GOBP_INSULIN_LIKE_GROWTH_FACTOR_RECEPTOR_SIGNALING_PATHWAY",0.571672508484439,0.991206030150754,1,30,0.181863855062812,11,"Igfbp4 Igf1r Irs2 Inppl1 Eif2ak3 Ercc2 Phip Atxn7 Mapk3 Ift88 Zfand2b"
"GOBP_INSULIN_METABOLIC_PROCESS",-0.493399854286639,0.986425992779783,1,15,-0.21977405656598,15,"Hid1 P4hb Jagn1 Hsp90b1 Ier3ip1 Ide Blvra Ctsd Tcf7l2 Ern1 Yipf5 Nlgn2 Slc30a5 Ceacam1 Nucb2"
"GOBP_INSULIN_RECEPTOR_RECYCLING",0.617662338577777,0.93857653558661,1,15,0.233875490745934,15,"Atp6v1a Atp6v1d Ptpn1 Atp6v1h Ctsd Atp6v1g1 Sorl1 Ide Atp6v0d1 Atp6v0c Atp6v0b Ptpn2 Atp6v1c1 Atp6v1f Atp6v0a2"
"GOBP_INSULIN_RECEPTOR_SIGNALING_PATHWAY",-0.98632752311721,0.513959804454101,1,123,-0.31656505959729,16,"Fut7 Rarres2 Pid1 Pde3b Igf1 Pik3r3 Gpld1 Prkcq Zbtb7b Vwa2 Stxbp4 Gkap1 Prkcz Fbxw8 Socs3 Bcar3"
"GOBP_INSULIN_SECRETION",-1.15387971330936,0.197516325875174,1,144,-0.365448099982159,19,"Ffar1 Pde1c Kcnb1 Lrp1 Lrp5 Trpm4 Brsk2 Slc18a2 Pde3b Baiap3 Pde8b Blk Gpld1 Mcu Cask Pick1 Arrb1 Nnat Stxbp4"
"GOBP_INTEGRATED_STRESS_RESPONSE_SIGNALING",-0.687740905915793,0.899658523771999,1,30,-0.266019482955231,3,"Nck2 Map3k20 Ddit3"
"GOBP_INTEGRIN_MEDIATED_SIGNALING_PATHWAY",-1.08746516671302,0.331600094540298,1,66,-0.373333796686578,12,"Itgam Itga3 Itga5 Loxl3 Diaph3 Plau Lamc1 Itga10 Tec Thy1 Itgad Flna"
"GOBP_INTERFERON_ALPHA_PRODUCTION",-0.643436881802018,0.935051135608979,1,28,-0.252108600275289,10,"Ptpn22 Havcr2 Irf3 Ddx3x Chuk Hmgb1 Zc3hav1 Nmi Dhx9 Tbk1"
"GOBP_INTERFERON_BETA_PRODUCTION",-0.640113330774739,0.971123891684639,1,59,-0.22304977186075,13,"Oas1c Oas1a Ptpn22 Polr3d Polr3b Traip Relb Irf3 Isg15 Trim56 Ddx3x Hmgb2 Polr3f"
"GOBP_INTERFERON_MEDIATED_SIGNALING_PATHWAY",0.714283726024719,0.984375,1,74,0.188741998337982,4,"Trex1 Oas3 Ifitm2 Ciita"
"GOBP_INTERLEUKIN_10_PRODUCTION",0.912122231502177,0.628235294117647,1,39,0.273181159502838,9,"Ager Tigit Ptger4 Cd274 Cd46 Ido1 Nod2 Bcl3 Cd84"
"GOBP_INTERLEUKIN_12_PRODUCTION",-1.02532340361197,0.437594173782019,1,42,-0.376905829608707,4,"Cd36 Ccr7 Mast2 Cd40"
"GOBP_INTERLEUKIN_13_PRODUCTION",-1.31799450006406,0.14163924618606,1,11,-0.625915650208266,6,"Il1rap Il18 Prkcz Sphk2 Tnfrsf21 Il17ra"
"GOBP_INTERLEUKIN_17_MEDIATED_SIGNALING_PATHWAY",-0.84840535643009,0.675753445403604,1,10,-0.410896415059146,5,"Ikbke Il17ra Traf2 Srsf1 Notch1"
"GOBP_INTERLEUKIN_17_PRODUCTION",-1.25334211547484,0.165905234303616,1,32,-0.479776216396946,11,"Card9 Il12a Il18 Prkcq Zbtb7b Il15 Ddit3 Foxp3 Tusc2 Osm Il27ra"
"GOBP_INTERLEUKIN_18_PRODUCTION",-0.5925826839911,0.935174246898996,1,12,-0.275192745899204,6,"Usp50 Tnf Gsdmd Tlr2 Nlrp3 Dhx9"
"GOBP_INTERLEUKIN_1_BETA_PRODUCTION",-1.08828482560027,0.338815397449648,1,61,-0.377401347475459,7,"Ffar1 Cd36 Ccl3 Ccr7 Casp4 Igf1 Usp50"
"GOBP_INTERLEUKIN_1_MEDIATED_SIGNALING_PATHWAY",1.11082177682644,0.286742424242424,1,24,0.372919604552819,12,"Egr1 Tnip2 Irak4 Rela Irak2 Tirap Casp1 Zbp1 Sigirr Il1rl2 Mapk3 Myd88"
"GOBP_INTERLEUKIN_1_PRODUCTION",-0.992557039011926,0.483416734551379,1,73,-0.336318742760593,19,"Ffar1 Cd36 Ccl3 Ccr7 Casp4 Igf1 Usp50 Nlrp10 Fzd5 Tnf Havcr2 Acp5 Ffar4 Ripk2 Serpinb1a Arrb2 Smad3 Hk1 Panx1"
"GOBP_INTERLEUKIN_2_PRODUCTION",-1.06803894520055,0.375803262481463,1,47,-0.384987397459746,14,"Pnp2 Card9 Prkcq Pde4d Gpr174 Foxp3 Zfp36 Pde4b Havcr2 Hdac7 Glmn Ripk2 Cd1d1 Runx1"
"GOBP_INTERLEUKIN_4_MEDIATED_SIGNALING_PATHWAY",-0.714354224651641,0.830092731079868,1,11,-0.339246854960413,1,"Cd40"
"GOBP_INTERLEUKIN_5_PRODUCTION",-1.28940859647112,0.167651067696502,1,10,-0.624481405994149,6,"Il1rap Pde4d Prkcz Foxp3 Tnfrsf21 Il17ra"
"GOBP_INTERLEUKIN_6_MEDIATED_SIGNALING_PATHWAY",-0.417067823890825,0.997545126353791,1,15,-0.185773641243077,3,"Socs3 Spi1 Ctr9"
"GOBP_INTERLEUKIN_6_PRODUCTION",-0.954803343713832,0.567189063021007,1,107,-0.310144587548885,17,"Pou2af1 Cd36 Bank1 Hyal2 Il1rap Vegfd Ptpn22 Card9 Arrb1 Nlrp10 Sphk2 Foxp3 Rab7b Tnf Syt11 Havcr2 Cebpb"
"GOBP_INTERLEUKIN_8_PRODUCTION",-0.954037758543194,0.545600593178448,1,47,-0.343894307778173,8,"Cd2 Hyal2 Ptpn22 Il18 Cd14 Arrb1 Nlrp10 Ddit3"
"GOBP_INTERMEDIATE_FILAMENT_BASED_PROCESS",0.581264605126664,0.978739276389407,1,22,0.200739160530633,6,"Prph Vps54 Plec Evpl Macf1 Ndel1"
"GOBP_INTERMEDIATE_FILAMENT_ORGANIZATION",0.754805782560648,0.77817005001471,1,10,0.321030521730114,1,"Prph"
"GOBP_INTERMEMBRANE_LIPID_TRANSFER",-0.926594294574113,0.577988915281077,1,29,-0.360416904863418,8,"Prelid2 Mttp Nme4 Pitpnc1 C2cd2l Prelid3b Vat1 Atg2a"
"GOBP_INTERNAL_PROTEIN_AMINO_ACID_ACETYLATION",0.724243427605219,0.839009287925697,1,12,0.293368335642196,4,"Kat2b Kat2a Kif3a Nat8f1"
"GOBP_INTESTINAL_EPITHELIAL_CELL_DEVELOPMENT",0.789269987707977,0.738746690203001,1,10,0.335688678854886,7,"Hoxa5 Cdh1 Src Hif1a Il6st Tlr9 Dicer1"
"GOBP_INTESTINAL_EPITHELIAL_CELL_DIFFERENTIATION",0.844302937626437,0.675232198142415,1,12,0.342000683952771,8,"Hoxa5 Sav1 Cdh1 Src Hif1a Il6st Tlr9 Dicer1"
"GOBP_INTRACELLULAR_DISTRIBUTION_OF_MITOCHONDRIA",-0.837789540699087,0.692940472629375,1,11,-0.39786629236986,3,"Lrrk2 Mfn1 Bhlha15"
"GOBP_INTRACELLULAR_GLUCOSE_HOMEOSTASIS",-1.06774505638813,0.350943805597744,1,128,-0.342156832913939,15,"Pde1c Kcnb1 Lrp1 Lrp5 Trpm4 Brsk2 Pde3b Baiap3 Igf1 Pde8b Gpld1 Hk2 Arrb1 Stxbp4 Birc5"
"GOBP_INTRACELLULAR_IRON_ION_HOMEOSTASIS",-0.862702369986143,0.696133283600647,1,45,-0.313267857679506,4,"Hmox1 Slc11a2 Slc39a8 Mon1a"
"GOBP_INTRACELLULAR_LIPID_TRANSPORT",1.03246515509289,0.401882352941176,1,39,0.309223937837852,9,"Ldlrap1 Tpcn2 Slc25a20 Cpt1b Plekha8 Npc1 Nus1 Vps54 Ldlr"
"GOBP_INTRACELLULAR_MONOATOMIC_ION_HOMEOSTASIS",-0.970224166785627,0.580467955239064,1,308,-0.29399844472493,42,"Nol3 Ncs1 Ccl3 Slc25a27 Hmox1 Plcl1 Ccr7 Slc11a2 Marcksl1 Bcl2 Calml3 Gcm2 Lck Tmtc4 Rab39 Plcl2 Cd40 Mcu Cd19 Fxyd2 Pde4d Lrrk2 Tmem38a Cacnb2 Ccr1l1 Pkd2 Slc26a6 Slc12a2 Ankrd9 Slc39a8 Calcb Ddit3 Mon1a Cul5 Disc1 Tmem9 Cacna1a Gsto1 Slc31a2 Sv2a Ryr1 Thy1"
"GOBP_INTRACELLULAR_MRNA_LOCALIZATION",-0.619628568394794,0.933552443555302,1,16,-0.271665037502896,3,"Stau2 Zfp36 Mettl1"
"GOBP_INTRACELLULAR_PH_REDUCTION",0.750443251682997,0.906914893617021,1,35,0.230052208031015,6,"Tpcn2 Car2 Slc9a8 Cln3 Tmem199 Atp6v0a1"
"GOBP_INTRACELLULAR_POTASSIUM_ION_HOMEOSTASIS",-1.1138915644913,0.348198464264619,1,12,-0.517286256496361,4,"Fxyd2 Slc12a2 Atp4a Atp1b3"
"GOBP_INTRACELLULAR_PROTEIN_TRANSMEMBRANE_TRANSPORT",-0.564514525986602,0.977962523093164,1,29,-0.219578924020945,1,"Srp54c"
"GOBP_INTRACELLULAR_RECEPTOR_SIGNALING_PATHWAY",-0.984090905888893,0.545177664974619,1,332,-0.297273567944944,58,"Gbp2 Fbxl2 Cd36 Nr4a2 Esr1 Hmga2 Paqr8 Oas1c Oas1a Lyplal1 Brca1 Casp4 Igf1 Ptpn22 Tab1 Map3k20 Nr4a1 Fabp5 Rorc Tspan6 Psmc3ip Aurkb Usp50 Smpdl3a Cd86 Abhd8 Tgif1 Cgas Nr2f6 Hdac6 Dnaaf4 Atat1 Cul5 Pagr1a Rab7b Rora Prmt2 Ddx60 Stard10 Irgm2 Zcchc3 Zdhhc7 Tnf Hcfc2 Elp6 Nr1h2 Kdm3a Havcr2 Rnf170 Thra Oasl1 Shq1 Dhx33 Cnot9 Kank2 Pum1 Ripk2 Ezh2"
"GOBP_INTRACELLULAR_SODIUM_ION_HOMEOSTASIS",0.762126485903357,0.792273590880304,1,13,0.302022000661083,3,"Nr3c2 Sgk1 Slc8a1"
"GOBP_INTRACELLULAR_STEROL_TRANSPORT",0.788411528217026,0.827051926298157,1,30,0.250814159802149,6,"Ldlrap1 Tpcn2 Npc1 Nus1 Vps54 Ldlr"
"GOBP_INTRACELLULAR_ZINC_ION_HOMEOSTASIS",0.896231908731079,0.604642982764685,1,19,0.319353357048217,6,"Tmc8 Slc30a7 Slc39a9 Slc30a1 Slc39a14 Tmem163"
"GOBP_INTRACILIARY_ANTEROGRADE_TRANSPORT",0.86196147942955,0.644295302013423,1,14,0.334219894337948,8,"Traf3ip1 Ift172 Ift74 Ift88 Ift27 Ift20 Ift80 Cluap1"
"GOBP_INTRACILIARY_TRANSPORT",-1.18849411124953,0.226354805725971,1,37,-0.444490232101892,10,"Kif17 Wdr35 Dync2li1 Lca5l Cep131 Rpgr Ttc21b Intu Ift122 Ssna1"
"GOBP_INTRA_GOLGI_VESICLE_MEDIATED_TRANSPORT",-0.329877001913208,1,1,29,-0.128312087297957,5,"Copz2 Copb2 Cux1 Rab6a Cog2"
"GOBP_INTRINSIC_APOPTOTIC_SIGNALING_PATHWAY",-1.00358592215482,0.484487363879186,1,260,-0.306421433475874,73,"Uaca Nol3 S100a8 E2f2 Hmox1 Fignl1 Bcl2 Brsk2 Bcl2a1b Brca1 Lck Chek2 Siah1b Nck2 Siah1a S100a9 Ell3 Lrrk2 G2e3 Hells Ddit3 Bcl2l1 Cdkn1a Dab2ip Melk Tnf E2f1 Cebpb Phlda3 Syvn1 Jmy Mbd4 Gsdme Topors Pmaip1 Mybbp1a Pdk2 Rrn3 Ikbke Txndc12 Kdm6a Ifi27l2a Armc10 Ddx3x Taf6 Hras Htra2 Gsk3b Sfpq Parl Stk24 Msh2 Styxl1 Apaf1 Tnfrsf1a Tmem161a Atf4 Hsph1 Dnaja1 Mdm4 Ei24 Epha2 Pias4 Aen Casp2 Bcl2l11 Flcn Fnip2 Nacc2 Mif Ddx5 Diablo Spop"
"GOBP_INTRINSIC_APOPTOTIC_SIGNALING_PATHWAY_BY_P53_CLASS_MEDIATOR",-0.764129733126258,0.864523670368206,1,70,-0.26031608145554,12,"E2f2 Chek2 Ell3 Cdkn1a E2f1 Phlda3 Jmy Topors Pmaip1 Mybbp1a Pdk2 Rrn3"
"GOBP_INTRINSIC_APOPTOTIC_SIGNALING_PATHWAY_IN_RESPONSE_TO_DNA_DAMAGE",-1.0791078506044,0.334422535211268,1,92,-0.355743139500948,29,"Uaca Hmox1 Bcl2 Bcl2a1b Brca1 Chek2 Ell3 Bcl2l1 Cdkn1a Tnf E2f1 Phlda3 Mbd4 Topors Pmaip1 Ikbke Htra2 Msh2 Tnfrsf1a Tmem161a Ei24 Epha2 Pias4 Aen Casp2 Bcl2l11 Fnip2 Nacc2 Mif"
"GOBP_INTRINSIC_APOPTOTIC_SIGNALING_PATHWAY_IN_RESPONSE_TO_DNA_DAMAGE_BY_P53_CLASS_MEDIATOR",-0.548511939717639,0.990478608607338,1,39,-0.203633875202178,6,"Chek2 Ell3 Cdkn1a Phlda3 Topors Pmaip1"
"GOBP_INTRINSIC_APOPTOTIC_SIGNALING_PATHWAY_IN_RESPONSE_TO_ENDOPLASMIC_RETICULUM_STRESS",-0.846117250485139,0.727788507967166,1,56,-0.29696550592432,9,"Bcl2 Brsk2 Nck2 Lrrk2 Ddit3 Bcl2l1 Dab2ip Cebpb Syvn1"
"GOBP_INTRINSIC_APOPTOTIC_SIGNALING_PATHWAY_IN_RESPONSE_TO_HYPOXIA",-1.31391500105973,0.144032306311696,1,11,-0.62397829593881,1,"Nol3"
"GOBP_IN_UTERO_EMBRYONIC_DEVELOPMENT",-0.930394683370718,0.701213346814965,1,369,-0.279849594420951,75,"Tent5c Myo1e E2f7 Stil Tmem231 E2f8 Egfl8 Hes1 Specc1 Gins1 Vegfa Asf1b Diaph3 Igf1 Tab1 Pdgfrb Xrcc2 Nek2 B9d1 Celf4 Erf Ada Rbbp8 Pkd2 Adcy9 G2e3 Nasp Bysl Smpd4 Npat Pemt Fbxw8 Socs3 Bcl2l1 Flvcr1 Gabpa Mrtfb Suv39h1 Egfr Ocrl Hinfp Maf Fzd5 Cdkn1a Tctn1 Ints1 Icmt Cebpb Gins4 Junb Syvn1 Camsap3 Cul4a Atp11a Iws1 Cdkn1c Mdfi Palb2 Txnrd3 Thoc5 Unk Runx1 Megf8 Prkcsh Ttll4 Rrn3 Kdm6a Taf8 Sox8 Bcor Armc5 Anks6 Smad3 Plk4 Smg9"
"GOBP_IONOTROPIC_GLUTAMATE_RECEPTOR_SIGNALING_PATHWAY",-0.659469253550509,0.89882823663904,1,16,-0.289132471670768,4,"Gm527 Grin2d Grik5 Camk2a"
"GOBP_IRE1_MEDIATED_UNFOLDED_PROTEIN_RESPONSE",0.933959552437074,0.538720538720539,1,17,0.34243048688992,1,"Parp16"
"GOBP_IRES_DEPENDENT_VIRAL_TRANSLATIONAL_INITIATION",-0.400058889712901,0.997457373616512,1,11,-0.189987985582699,11,"Denr Pcbp2 Eif3d Eif2d Eif3b Ssb Ptbp1 Eif3f Eif3a Mcts1 Csde1"
"GOBP_IRON_ION_TRANSMEMBRANE_TRANSPORT",-0.853476891914546,0.674488054607508,1,17,-0.370096055566746,4,"Slc11a2 Slc39a8 Slc25a37 Abcc5"
"GOBP_IRON_ION_TRANSPORT",-1.11371515960782,0.313023315728455,1,36,-0.418858554153822,6,"Rep15 Slc11a2 Timd2 Slc39a8 Slc25a37 Flvcr1"
"GOBP_ISOPRENOID_BIOSYNTHETIC_PROCESS",0.515877776293592,0.99469696969697,1,24,0.173187940987813,24,"Aldh1a3 Fdft1 Crppa Pdss1 Dhdds Coq2 Mvd Mvk Ggps1 Hmgcs1 Pdss2 Fdps Prmt3 Dpm1 Idi1 Dpm3 Dolk Dpm2 Pmvk Rdh10 Lss Hmgcr Hmgcs2 Acat2"
"GOBP_ISOPRENOID_METABOLIC_PROCESS",0.890446611287436,0.714527027027027,1,54,0.249996883402216,9,"Rdh11 Amacr Aldh1a3 Rdh13 Rbp4 Dgat2 Fdft1 Dhrs4 Ldlr"
"GOBP_ISOTYPE_SWITCHING_TO_IGG_ISOTYPES",-1.13756363411683,0.315956678700361,1,15,-0.506702570541403,5,"Cd40 Foxp3 Pagr1a Paxip1 Il27ra"
"GOBP_JNK_CASCADE",0.937739139550206,0.674125874125874,1,139,0.225645818921845,33,"Nod1 Dusp3 Phlpp1 Mturn Ulk4 Mapk8ip1 Ager Ltbr Stradb Ptger4 Tgfbr3 Map2k4 App Naip1 Igf1r Ptk2 Nod2 Prkn Irak4 Unc5cl Hipk3 Map3k5 Mink1 Dusp19 Map3k12 Rnf13 Tirap Gstp3 Mdfic Fgd4 Sirpa Tnfrsf11a Tnik"
"GOBP_KERATINOCYTE_DIFFERENTIATION",-0.558061347175722,0.993906897392152,1,52,-0.198130441876018,7,"Dnase1l2 Irf6 Zfp36 Tmem79 Cdkn1a Intu Clic4"
"GOBP_KETONE_BIOSYNTHETIC_PROCESS",1.0830339923145,0.303191489361702,1,35,0.332009596656142,10,"Egr1 Sirt6 Dkkl1 Bmp6 Dgkq Fdxr Vkorc1 Ggcx Rest Coq7"
"GOBP_KETONE_CATABOLIC_PROCESS",-0.867910661419969,0.652687536916716,1,12,-0.40305382618123,5,"Nqo2 Glo1 Oxct1 Haghl Gatd1"
"GOBP_KETONE_METABOLIC_PROCESS",1.02273650244903,0.382801664355062,1,136,0.247751561947238,27,"Trex1 Egr1 Erlin2 Sirt6 Anxa1 Nr1d1 Akr1c13 Kat2b Pdpr Ido1 Dkkl1 Appl2 Bmp6 Dgkq Cpt1a Nmt1 Fdxr Vkorc1 Dgat2 Irs2 Ggcx Rest Coq7 Kyat3 Cbr4 Nfe2l1 Dhrs4"
"GOBP_KIDNEY_EPITHELIUM_DEVELOPMENT",-1.02782774234911,0.429146442523973,1,64,-0.354122870175304,9,"Myo1e Hes1 Klhl3 Bcl2 Vegfa Wnt6 Pkd2 Timeless Ctns"
"GOBP_KIDNEY_MORPHOGENESIS",-1.20298199365167,0.200625,1,43,-0.440021668796873,9,"Hes1 Klhl3 Bcl2 Vegfa Wnt6 Lrrk2 Pkd2 Timeless Ctns"
"GOBP_LABYRINTHINE_LAYER_BLOOD_VESSEL_DEVELOPMENT",-1.04004092816676,0.431624548736462,1,15,-0.463263237295299,4,"Hes1 Fbxw8 Fzd5 Junb"
"GOBP_LABYRINTHINE_LAYER_DEVELOPMENT",-1.13630437393704,0.295592504618633,1,29,-0.44198772627387,6,"Hes1 Erf Fbxw8 Socs3 Fzd5 Junb"
"GOBP_LABYRINTHINE_LAYER_MORPHOGENESIS",-1.1534113237496,0.303039158386908,1,13,-0.527378875279058,3,"Erf Socs3 Fzd5"
"GOBP_LACTATE_METABOLIC_PROCESS",0.851769416703604,0.674991206472037,1,19,0.303510084840014,2,"Per2 Ldhd"
"GOBP_LACTATION",-1.1436806839639,0.285299551332805,1,29,-0.444856885780636,8,"Afap1 Vegfa Prlr Zbtb7b Hk2 Xdh Usf2 Gpat4"
"GOBP_LAMELLIPODIUM_ASSEMBLY",-0.612850552957591,0.979148884282405,1,53,-0.217035772421398,3,"Auts2 Hdac4 Nck2"
"GOBP_LAMELLIPODIUM_MORPHOGENESIS",0.869078778992646,0.636911942098914,1,11,0.359711653984782,11,"Src Snx1 Rreb1 Snx2 Coro1c Myo9b Plekho1 Coro1b Wasf2 Cd44 Abi1"
"GOBP_LAMELLIPODIUM_ORGANIZATION",-0.732699257579101,0.899196407468684,1,66,-0.251540374840925,4,"Auts2 Hdac4 Mtss2 Nck2"
"GOBP_LATE_ENDOSOME_TO_LYSOSOME_TRANSPORT",-0.641381565686619,0.922705314009662,1,21,-0.266379973090359,4,"Plekhm1 Chmp7 Vps4a Chmp1a"
"GOBP_LATE_ENDOSOME_TO_VACUOLE_TRANSPORT",-0.679148683619559,0.89747718733226,1,25,-0.271830165819039,7,"Chmp7 Vps4a Vps25 Chmp1a Vps36 Pik3r4 Vps28"
"GOBP_LATE_ENDOSOME_TO_VACUOLE_TRANSPORT_VIA_MULTIVESICULAR_BODY_SORTING_PATHWAY",-0.65731590958927,0.900828808230923,1,16,-0.288188376614753,4,"Chmp7 Vps25 Vps36 Vps28"
"GOBP_LAYER_FORMATION_IN_CEREBRAL_CORTEX",-0.77703270142545,0.757534454036044,1,10,-0.376329485639864,2,"Adgrg1 Dab2ip"
"GOBP_LEARNING",-1.08317675769435,0.330353151542244,1,99,-0.354120651641204,17,"Nrgn Chrnb2 Specc1 Sct Nfix Adam2 Fos Pde8b Chst10 Rag1 Pak6 Ctns Dgki Tsc1 Atxn1l Tanc1 Jun"
"GOBP_LEFT_RIGHT_AXIS_SPECIFICATION",1.06973003925537,0.370108855545749,1,10,0.454972657267543,2,"Epb41l5 Ift172"
"GOBP_LENS_DEVELOPMENT_IN_CAMERA_TYPE_EYE",-0.727639021086826,0.882519723865878,1,48,-0.261508831043851,16,"Ctns Meis1 Cdon Prox2 Bcar3 Tdrd7 Maf Kdm5b Spred2 Bfsp2 Cdkn1c Abi2 Vim Pygo2 Smad3 Pds5b"
"GOBP_LENS_FIBER_CELL_DEVELOPMENT",-1.15334222232997,0.308496138119037,1,10,-0.558582263654982,6,"Prox2 Bfsp2 Abi2 Vim Atf4 Epha2"
"GOBP_LENS_FIBER_CELL_DIFFERENTIATION",-1.16731100274202,0.265106951871658,1,26,-0.463798197519628,10,"Prox2 Tdrd7 Maf Kdm5b Spred2 Bfsp2 Cdkn1c Abi2 Vim Smad3"
"GOBP_LENS_MORPHOGENESIS_IN_CAMERA_TYPE_EYE",-1.25055237396891,0.199476211261458,1,14,-0.56401616018009,8,"Meis1 Prox2 Bcar3 Tdrd7 Abi2 Pou2f1 Atf4 Epha2"
"GOBP_LEUKOCYTE_ACTIVATION_INVOLVED_IN_INFLAMMATORY_RESPONSE",-0.890662342572626,0.629896502030656,1,31,-0.342871661684047,9,"Itgam Lrrk2 C1qa Jun Tnf Syt11 Naglu Kcnn4 Ifngr1"
"GOBP_LEUKOCYTE_ADHESION_TO_VASCULAR_ENDOTHELIAL_CELL",-0.912254154880245,0.603908794788274,1,33,-0.347898133858692,5,"Itgam Fut7 Slc39a8 Tnf Zdhhc21"
"GOBP_LEUKOCYTE_APOPTOTIC_PROCESS",-1.03517588779483,0.413295774647887,1,92,-0.341260347659929,18,"Itgam Fcmr Ccr7 Zc3h8 Rorc Il18 Prkcq Rag1 Aurkb Ada Plekho2 Vhl Tnfrsf4 Il2ra Tnfrsf21 Gimap8 Serpinb9 Nfkbid"
"GOBP_LEUKOCYTE_CHEMOTAXIS",-1.17165024136744,0.182520679146713,1,121,-0.376555396911694,17,"Itgam S100a8 Ccl3 Ccl4 Cnr2 Ccr7 Trpm4 Vegfa Rarres2 Vegfd Cxadr AI182371 Il12a Mcu S100a9 Pde4d Ccr1l1"
"GOBP_LEUKOCYTE_DIFFERENTIATION",-1.04231334011674,0.359000100391527,1,499,-0.310776245090025,88,"Ms4a1 Rag2 Pou2af1 Itgam Ccdc39 Ccl3 Rasgrp1 Cd79a Gadd45g Fut7 Ccr7 Loxl3 Bcl2 Ntrk1 Cd81 Nfix Vegfa Lfng Zc3h8 Fos Srp54c Fanca Diaph3 Lck Nfil3 Adgrg3 Ankle1 Il15ra Ptpn22 Dusp10 Il12a Rorc Cd69 Plcl2 Cd19 Il18 Rag1 Lilrb4a Zbtb7b Zfpm1 Ccr1l1 Ada Fbn1 Il15 Prkcz Hells Tsc1 Sox12 Foxp3 Sema4a Rora Hlx Il2ra Jun Pglyrp2 Gpr55 Fzd5 Tnf Smc4 Hmgb3 Cebpb Rassf2 Hdac7 Junb Syvn1 Drosha Abcg2 Naglu Tusc2 Cul4a Smarcc1 Nfkbid Smad7 Prxl2a Ripk2 Ezh2 Phf10 Cd1d1 Thoc5 Runx1 Dnajb9 Lyl1 Jmjd6 Relb Kit Cd79b Glo1 Hmga1"
"GOBP_LEUKOCYTE_HOMEOSTASIS",-1.18014188276315,0.180611334225792,1,103,-0.38451639663848,17,"Itgam Bcl2 Zc3h8 Tnfrsf13c Bbs4 Il18 Rag1 Chst3 Lilrb4a Pacs1 Ada Lmo1 Tnfrsf4 Gpr174 Foxp3 Il2ra Pde4b"
"GOBP_LEUKOCYTE_MEDIATED_CYTOTOXICITY",-1.13359687350033,0.249608938547486,1,100,-0.370348461208128,10,"Itgam Cd2 Rasgrp1 Pcyox1l Pomc H2-Q2 Il12a Il18 Stx11 Nectin2"
"GOBP_LEUKOCYTE_MIGRATION",-1.13612790227651,0.193842645381984,1,224,-0.349541615020328,29,"Itgam S100a8 Ccl3 Ccl4 Itga3 Fut7 Cnr2 Ccr7 Cd81 Trpm4 Vegfa Rarres2 Cd99l2 Vegfd Ptpn22 Cxadr AI182371 Trim55 Il12a Cd69 Mcu Gpr15 Rac3 S100a9 Pde4d Plvap Ccr1l1 Eps8 Ada"
"GOBP_LEUKOCYTE_TETHERING_OR_ROLLING",1.06463718500832,0.35032304379038,1,20,0.376032815012723,6,"Selp Cx3cr1 Fut4 Ccr2 Ccl25 Ext1"
"GOBP_LEUKOTRIENE_METABOLIC_PROCESS",-0.563998966710015,0.962454873646209,1,15,-0.251220870326548,1,"Pla2g4a"
"GOBP_LIGAND_GATED_ION_CHANNEL_SIGNALING_PATHWAY",-0.647501975044101,0.915453131627315,1,18,-0.278037494975604,4,"Gm527 Grin2d Grik5 Camk2a"
"GOBP_LIMBIC_SYSTEM_DEVELOPMENT",-0.815325663833298,0.78298877731837,1,65,-0.280265684860601,7,"Sct Nfix Bbs4 Bbs2 Tsc1 Dclk2 Atat1"
"GOBP_LIPID_BIOSYNTHETIC_PROCESS",0.845301830623811,1,1,447,0.181861438818515,86,"Trex1 B4galt4 Cyp7b1 Igfbp7 Egr1 Pgap1 Erlin2 Anxa1 Snai1 Aldh1a3 Nr1d1 Apoe St6galnac6 Sgms1 Kat2b Nsdhl Agmo Serinc4 Decr2 Pigg Pla2g4f St3gal6 Dkkl1 Pigyl Ptdss2 Lpcat1 Fut4 Ptges2 Ormdl3 Mppe1 Cers4 Gpam Adora2b Gcdh Ebp Gnai1 Cers5 Gpaa1 Igf1r Bmp6 Gfi1 Impa2 Dgkq Hsd17b7 Sigmar1 Hsd3b7 Fdxr Dgat2 Ddx20 Plekha8 Fdft1 Cln3 Ggcx Sik2 Zranb1 Acer3 Rest Chkb Pip5k1a Nus1 Hexb Serinc5 Cbr4 Acox1 Rptor Agpat2 Acbd3 Inppl1 Ldlr Hacd2 Agpat1 Acsf3 Hrh1 Asah1 Bpnt1 St8sia4 Pld2 Oxsm Gstp3 B4galt3 Crebl2 Scd2 Dhcr24 Crppa Lpcat3 Vapa"
"GOBP_LIPID_CATABOLIC_PROCESS",0.849931579998268,0.954976303317536,1,202,0.196450924583098,39,"Amacr Sirt6 Pla2g4d Plbd1 Apoe Neu1 Acot2 Cpt1b Zpbp2 Decr2 Pla2g4f Cyp4f18 Acad10 Pex13 Hacl1 Plcb3 Gcdh Mgst2 Gdpd3 Aig1 Cpt1a Plcd3 Napepld Hsd3b7 Gdpd1 Irs2 Acaa2 Acer3 Pccb Hexb Naaa Acox1 Vps54 Ldlr Asah1 Pld2 Gla Echs1 Naga"
"GOBP_LIPID_DROPLET_FORMATION",-1.32581193969955,0.134716540035067,1,13,-0.606206298822577,4,"Rab40c Fitm2 Negr1 Dab2ip"
"GOBP_LIPID_DROPLET_ORGANIZATION",-1.03636327004534,0.421521681298218,1,27,-0.408528482680355,6,"Rab40c Fitm2 Negr1 Dab2ip Ddhd2 Chka"
"GOBP_LIPID_EXPORT_FROM_CELL",-0.955180384631414,0.534599548412804,1,28,-0.374254564185728,3,"Gdf9 Pla2g4a Pomc"
"GOBP_LIPID_HOMEOSTASIS",-0.750715214059447,0.911644365807807,1,110,-0.24331936391225,16,"Slc25a27 Soat2 Lrp5 Abca1 Ephx2 Il18 Abcb4 Mttp Fitm2 Abhd8 Negr1 Rora Washc5 Nr1h2 Ehd1 Mylip"
"GOBP_LIPID_IMPORT_INTO_CELL",-1.29160914289835,0.160774043358068,1,14,-0.582533322390173,1,"Cd36"
"GOBP_LIPID_LOCALIZATION",-0.83620664539098,0.858759386894352,1,248,-0.255765777740765,41,"Cd36 Atp8b4 Lrp1 Gdf9 Soat2 Repin1 Abca1 Atp10a Pla2g4a Pomc Fabp5 Prelid2 Abcb4 Mttp Stard4 Nme4 Gramd1c Apobr Slc25a10 Pitpnc1 Slc27a3 Pla2g12a Atp9a Pctp Stard10 Kdm5b C2cd2l Lypla1 Nr1h2 Prelid3b Vat1 Ehd1 Abcg2 Atp11a Stard6 Kcnn4 Runx1 Atg2a Vps4a Slc10a7 Slc43a3"
"GOBP_LIPID_MODIFICATION",-0.868267076719242,0.741816204458945,1,122,-0.278849409359697,32,"Cd36 Ppargc1a Dgkh Ephx2 Samd1 Cyp4v3 Dgki Plpp1 Plpp2 Ocrl Eci1 Mtmr4 Abcg2 Mtmr2 Acad11 Synj2 Ehhadh Acadsb Klhl25 Dgka Hadh Sesn2 Sirt4 Plppr3 Inpp5a Phyh Plpp5 Hsd17b10 Pip4p1 Etfa Mtm1 Crat"
"GOBP_LIPID_OXIDATION",-0.717149740069937,0.924591296338936,1,80,-0.240209470025877,23,"Cd36 Ppargc1a Samd1 Cyp4v3 Eci1 Abcg2 Acad11 Ehhadh Acadsb Klhl25 Hadh Sesn2 Sirt4 Phyh Hsd17b10 Etfa Crat Acadl Abcd3 Mtor Cpt2 Adipor1 Acox3"
"GOBP_LIPID_TRANSLOCATION",-1.05438602454144,0.393235218177124,1,35,-0.398203575443976,9,"Atp8b4 Abca1 Atp10a Abcb4 Atp9a Atp11a Kcnn4 Abca4 Rft1"
"GOBP_LIPOPOLYSACCHARIDE_MEDIATED_SIGNALING_PATHWAY",-0.550391554852848,0.995545388875512,1,57,-0.192776536404522,16,"Cd6 Ptpn22 Cd14 Cd55 Prkce Ripk2 Trim5 Irf3 Trim12c Gsk3b Pxn Spi1 Trim30d Mif Trim30a Nfkbil1"
"GOBP_LIPOPROTEIN_BIOSYNTHETIC_PROCESS",-0.637915397477207,0.962926347009392,1,47,-0.229944226077012,13,"Abca1 Mttp Irgm2 Zdhhc7 Zdhhc21 Zdhhc19 Zdhhc12 Atg13 Zdhhc18 Zdhhc23 Zdhhc15 Zdhhc1 Glul"
"GOBP_LIPOPROTEIN_CATABOLIC_PROCESS",0.775118085497291,0.77185570360741,1,15,0.293495509292575,6,"Apoe Abhd13 Ldlr Abhd17b Lipa Abhd10"
"GOBP_LIPOPROTEIN_LOCALIZATION",-0.97487011054611,0.513651877133106,1,17,-0.422736205304498,2,"Cd36 Mttp"
"GOBP_LIPOPROTEIN_METABOLIC_PROCESS",-0.688229244680258,0.944822728339986,1,68,-0.235224323192438,17,"Abca1 Lyplal1 Samd1 Mttp Pemt Irgm2 Zdhhc7 Lypla1 Zdhhc21 Zdhhc19 Zdhhc12 Atg13 Zdhhc18 Zdhhc23 Zdhhc15 Zdhhc1 Glul"
"GOBP_LIPOSACCHARIDE_METABOLIC_PROCESS",0.804353524383327,0.911569638909359,1,78,0.210903634556822,16,"B4galt4 Pgap1 St6galnac6 Neu1 Pigg St3gal6 Pigyl Fut4 Mppe1 Gpaa1 Plekha8 Hexb St8sia4 Gla Naga B4galt3"
"GOBP_LIVER_MORPHOGENESIS",-1.03037252587913,0.437910322670764,1,19,-0.435907679757574,5,"Il18 Plau Mki67 Tnf Cebpb"
"GOBP_LIVER_REGENERATION",-1.07748277059498,0.379018847006652,1,20,-0.451275140525166,6,"Hmox1 Egfr Pcna Pnpt1 Cebpb Ezh2"
"GOBP_LOCOMOTION_INVOLVED_IN_LOCOMOTORY_BEHAVIOR",0.878287801018621,0.618711385701677,1,10,0.373549325541299,2,"Arrdc3 Gla"
"GOBP_LOCOMOTORY_BEHAVIOR",1.01274795938614,0.423600605143722,1,144,0.242420045017364,28,"Gprc5b Egr1 Adcy5 Sez6l2 Dlg4 Ulk4 Aldh1a3 Apoe Agtpbp1 Nr3c2 Borcs7 Zfhx3 Kalrn Ido1 Gpr52 Pex13 App Pln Etv5 Large1 Arrdc3 Idua Prkn Cacna1e Npc1 Pbx3 Hexb Aplp2"
"GOBP_LOCOMOTORY_EXPLORATION_BEHAVIOR",0.840582884274353,0.677327422419253,1,13,0.333113373076234,2,"Dlg4 Apoe"
"GOBP_LOCOMOTOR_RHYTHM",1.09680213515535,0.337770897832817,1,12,0.444280202836339,4,"Egr1 Zfhx3 Pln Mta1"
"GOBP_LONG_CHAIN_FATTY_ACID_BIOSYNTHETIC_PROCESS",-0.834069992155721,0.694381341814327,1,10,-0.403953566638563,3,"Acot7 Gstm1 Gstm4"
"GOBP_LONG_CHAIN_FATTY_ACID_METABOLIC_PROCESS",-1.07081526172129,0.366156090444931,1,54,-0.378133378197517,8,"Cd36 Pla2g4a Ptgds Ephx2 Acot7 Daglb Ephx1 Slc27a3"
"GOBP_LONG_CHAIN_FATTY_ACID_TRANSPORT",1.03138647389134,0.389149935924818,1,32,0.32321788572918,7,"Anxa1 Apoe Slc25a20 Hrh2 Cpt1b Kiss1r Pla2g4f"
"GOBP_LONG_CHAIN_FATTY_ACYL_COA_METABOLIC_PROCESS",0.855149530488538,0.655727554179567,1,12,0.346394299102121,6,"Acot2 Dgat2 Elovl5 Elovl1 Elovl6 Acsl3"
"GOBP_LONG_TERM_MEMORY",-0.745610099994532,0.824259789875836,1,23,-0.303846006416022,4,"Trpm4 Chst10 Prkcz Ctns"
"GOBP_LONG_TERM_SYNAPTIC_DEPRESSION",-1.05621859332832,0.398144358029745,1,23,-0.430423087733806,5,"Kcnb1 Pick1 Stau2 Dgki Bcl2l1"
"GOBP_LONG_TERM_SYNAPTIC_POTENTIATION",1.15093844574008,0.182035928143713,1,58,0.31841523545421,11,"Tshz3 Ager Apoe Prnp Ephb2 Zdhhc2 Cx3cr1 App Prrt1 Pak1 Large1"
"GOBP_LOW_DENSITY_LIPOPROTEIN_PARTICLE_CLEARANCE",-0.871434628673581,0.657146896649229,1,18,-0.374194227245246,1,"Cd36"
"GOBP_LUNG_ALVEOLUS_DEVELOPMENT",-1.01840597795254,0.449751623996943,1,38,-0.379378504654223,9,"Vegfa Igf1 Ada Fbn1 Pkdcc Atxn1l Smpd3 Stk40 Zfp157"
"GOBP_LUNG_CELL_DIFFERENTIATION",-0.838168936505166,0.701116923511947,1,18,-0.359909931481506,8,"Igf1 Rbbp9 Thra Aimp2 Ncor2 Creb1 Foxp1 Tmem38b"
"GOBP_LUNG_EPITHELIUM_DEVELOPMENT",-0.956558133407874,0.532085561497326,1,26,-0.380061472097133,3,"Hmga2 Igf1 Rbbp9"
"GOBP_LUNG_MORPHOGENESIS",-1.04999333996793,0.39710818486961,1,35,-0.396544616901035,8,"Hmga2 Igf1 Tnf Celsr1 Stk40 Hmga1 Srsf6 Vangl2"
"GOBP_LYMPHOCYTE_APOPTOTIC_PROCESS",-0.909343344778122,0.63156049094097,1,70,-0.30978600353875,14,"Fcmr Zc3h8 Rorc Prkcq Rag1 Aurkb Ada Vhl Tnfrsf4 Il2ra Tnfrsf21 Gimap8 Serpinb9 Nfkbid"
"GOBP_LYMPHOCYTE_CHEMOTAXIS",-0.842232492796304,0.698048847045982,1,23,-0.343220913198259,6,"Ccl3 Ccr7 Slc12a2 Msmp Oxsr1 Cklf"
"GOBP_LYMPHOCYTE_DIFFERENTIATION",-1.1187694779597,0.182674772036474,1,346,-0.337391786337888,66,"Ms4a1 Rag2 Pou2af1 Rasgrp1 Cd79a Gadd45g Fut7 Ccr7 Loxl3 Bcl2 Ntrk1 Lfng Zc3h8 Fanca Lck Nfil3 Adgrg3 Ankle1 Il15ra Ptpn22 Dusp10 Il12a Rorc Cd69 Plcl2 Cd19 Il18 Rag1 Lilrb4a Zbtb7b Ada Il15 Prkcz Hells Tsc1 Sox12 Foxp3 Sema4a Rora Hlx Il2ra Pglyrp2 Fzd5 Smc4 Hmgb3 Hdac7 Syvn1 Drosha Tusc2 Smarcc1 Nfkbid Smad7 Ripk2 Ezh2 Phf10 Cd1d1 Runx1 Dnajb9 Lyl1 Jmjd6 Relb Kit Cd79b Hmga1 Klhl25 Hdac5"
"GOBP_LYMPHOCYTE_HOMEOSTASIS",-1.2274445375174,0.148975362652544,1,80,-0.411132829546112,13,"Bcl2 Zc3h8 Tnfrsf13c Bbs4 Rag1 Chst3 Pacs1 Ada Lmo1 Tnfrsf4 Gpr174 Foxp3 Il2ra"
"GOBP_LYMPHOCYTE_MEDIATED_IMMUNITY",-1.08389744389512,0.297171277587815,1,222,-0.333539044195628,40,"Clnk Cd2 Rasgrp1 C1qb Fut7 Fcmr Iglc1 Cd81 Trpm4 Ephb6 Shld3 Exo1 Card9 H2-Q2 AI182371 C2 Il12a Cd40 Cd19 Il18 Stx11 Nectin2 C1qa Fcer2a Prkcz Foxp3 Pagr1a Rnf19b Cd55 Ulbp1 Masp2 Fzd5 Tnf Havcr2 Serpinb9 Ercc1 Smad7 Paxip1 Dusp22 Cd1d1"
"GOBP_LYMPHOCYTE_MIGRATION",-0.811290919233508,0.79645398343637,1,71,-0.27583252548022,6,"Ccl3 Fut7 Ccr7 Cd99l2 Cd69 Gpr15"
"GOBP_LYMPHOID_PROGENITOR_CELL_DIFFERENTIATION",-0.885896268442263,0.637604038750171,1,23,-0.361014480982772,3,"Hes1 Bcl2 Ankle1"
"GOBP_LYMPH_NODE_DEVELOPMENT",-0.908119689105527,0.60757946210269,1,24,-0.366693548228119,3,"Ccr7 Rorc Il15"
"GOBP_LYMPH_VESSEL_DEVELOPMENT",-0.87745012688779,0.641468991140326,1,16,-0.384702277762013,9,"Vegfa Vegfc Prox2 Flt4 Nfatc1 Epha2 Heg1 Npr2 Ppp3cb"
"GOBP_LYMPH_VESSEL_MORPHOGENESIS",-0.797246672528347,0.744540831588394,1,11,-0.378612482364459,5,"Vegfa Vegfc Flt4 Nfatc1 Epha2"
"GOBP_LYSOSOMAL_LUMEN_ACIDIFICATION",0.424359976687314,0.998335552596538,1,16,0.158153680142213,2,"Cln3 Tmem199"
"GOBP_LYSOSOMAL_MEMBRANE_ORGANIZATION",0.66217103312825,0.90412739681508,1,15,0.250728538325978,2,"Chmp2b Laptm4b"
"GOBP_LYSOSOMAL_TRANSPORT",0.658796195415021,1,1,110,0.163827297124022,14,"Tpcn2 Slc17a9 Snx32 Uevld Hook2 Plekhf1 Aldh7a1 Prkn Chmp2b Npc1 Cln3 Vps54 Igf2r Rhob"
"GOBP_LYTIC_VACUOLE_ORGANIZATION",0.779888082172497,0.956761729530819,1,96,0.198252970282664,18,"Trex1 Tpcn2 Acp2 Hook2 Idua Chmp2b Laptm4b Cln3 Btrc Hexb Tmem199 Lyst Lipa Irgm1 Pikfyve Tmem63a Tfe3 P2rx7"
"GOBP_L_ALPHA_AMINO_ACID_TRANSMEMBRANE_TRANSPORT",-0.54076942489081,0.988768396591789,1,35,-0.20422910914051,4,"Slc43a1 Slc25a29 Slc1a2 Tnf"
"GOBP_L_AMINO_ACID_BIOSYNTHETIC_PROCESS",0.768950477276113,0.878070567217508,1,36,0.234006480943743,12,"Mtrr Enoph1 Mtr Mthfd1 Cln3 Pycr1 Oat Mri1 Got1 Psph Slc25a12 Aldh18a1"
"GOBP_L_AMINO_ACID_METABOLIC_PROCESS",1.1083222346445,0.195652173913043,1,119,0.274964972467961,29,"Tha1 Azin2 Nos3 Abcc4 Csad Mtrr Aldh6a1 Thap4 Fah Dglucy Enoph1 Ido1 Mtr Mthfd1 Aldh7a1 Gcdh Gcat Pfas Gpt Prodh Apc Cln3 Pycr1 Kyat3 Egln2 Echs1 Oat Haao Ivd"
"GOBP_L_AMINO_ACID_TRANSPORT",0.994314327888192,0.454496208017335,1,50,0.283381765888206,21,"Per2 Stxbp1 Slc6a20b Slc36a1 Slc25a15 Pak1 Cln3 Slc7a6 Vps54 Arhgef11 Nf1 Dtnbp1 Slc38a1 Psen1 Slc36a4 Slc25a12 Arl6ip1 Slc25a13 Slco3a1 Llgl2 Sfxn1"
"GOBP_L_GLUTAMATE_IMPORT",1.16285572346393,0.231439393939394,1,24,0.390388184308982,11,"Per2 Stxbp1 Pak1 Vps54 Arhgef11 Nf1 Dtnbp1 Psen1 Slc25a12 Arl6ip1 Slc25a13"
"GOBP_L_GLUTAMATE_TRANSMEMBRANE_TRANSPORT",-0.52226945668508,0.980137182052015,1,16,-0.228979680366464,5,"Slc1a2 Tnf Slc38a6 Epm2a Slc25a22"
"GOBP_L_TRYPTOPHAN_METABOLIC_PROCESS",1.19306038887835,0.241795665634675,1,12,0.483271407464753,5,"Abcc4 Ido1 Gcdh Haao Atp7a"
"GOBP_MACROAUTOPHAGY",-0.623731259766521,0.999594032274434,1,328,-0.188489983910467,61,"Lix1l Wipi1 Hmox1 Gm12185 Yod1 Diaph3 Chek2 Rab39 Tbc1d12 Snx7 Irgq Lrrk2 Usp36 Hk2 Plekhm1 Tsc1 Bag3 Hdac6 Trp53inp2 Deptor Cers1 Lzts1 Irgm2 Lypla1 Elp6 Synpo2 Pex12 Ubqln4 Ripk2 Ubqln2 Phf23 Chmp7 Ube3c Atg2a Tigar Abi2 Gpsm1 Vps4a Trim13 Zdhhc19 Vps25 Iigp1 Stam2 Tecpr1 Wdfy3 Atg13 Sesn2 Chmp1a Sesn1 Tmem39a Epm2a Ubxn2a Rab1a Atg14 Htra2 Mtm1 Snx14 Pacs2 Optn Pik3r4 Parl"
"GOBP_MACROMOLECULE_DEACYLATION",0.969631830008577,0.515716568993074,1,49,0.277332800597593,6,"Nek3 Sirt6 Kat2b Kat14 Abhd13 Kat2a"
"GOBP_MACROMOLECULE_DEPALMITOYLATION",-0.911323334165289,0.5985559566787,1,15,-0.405928830851225,3,"Lyplal1 Desi1 Lypla1"
"GOBP_MACROMOLECULE_METHYLATION",-0.610251393717204,0.995255957634598,1,111,-0.197620416566685,39,"Mrm2 Mrm3 Trmt10a Mto1 Fam98a Mettl22 Tyw3 Nsun6 Dalrd3 Trmt10c Icmt Mettl1 Rbm15 Alkbh8 Mettl18 Trmt61a Tfb1m Fam98b Bud23 Etf1 Nsun2 Mettl8 Larp7 Trmt13 Rab6a Hsd17b10 Gtpbp3 Thumpd3 Mettl14 Snrpd3 Mettl6 Trmt5 Wdr5 Mettl3 Gspt1 Trmt112 Mettl2 Wdr4 Setd7"
"GOBP_MACROPHAGE_ACTIVATION",-0.899964696252741,0.650297445468331,1,71,-0.305980911563715,19,"Itgam Pla2g4a Nr4a1 Lrrk2 C1qa Fcer2a Shpk Rora Jun Ulbp1 Tnf Syt11 Havcr2 Naglu Prkce Kcnn4 Cd1d1 Ifngr1 Jmjd6"
"GOBP_MACROPHAGE_ACTIVATION_INVOLVED_IN_IMMUNE_RESPONSE",1.08228421204344,0.346436561201662,1,14,0.419648584797755,3,"Trex1 Cx3cr1 Ticam1"
"GOBP_MACROPHAGE_CHEMOTAXIS",-1.05775811319081,0.395551917041888,1,23,-0.431050462499812,4,"Ccl3 Ccr7 Rarres2 AI182371"
"GOBP_MACROPHAGE_DERIVED_FOAM_CELL_DIFFERENTIATION",-1.07167371896375,0.396389891696751,1,15,-0.477353364589736,2,"Cd36 Il18"
"GOBP_MACROPHAGE_MIGRATION",-1.06920854452718,0.375111450770602,1,38,-0.398303572021201,6,"Ccl3 Ccr7 Cd81 Rarres2 AI182371 Trim55"
"GOBP_MACROPINOCYTOSIS",0.750466128799729,0.782877316857899,1,10,0.319184800164138,2,"Snx33 Appl2"
"GOBP_MAGNESIUM_ION_TRANSPORT",0.745460450422655,0.821238348868176,1,16,0.277823829087648,2,"Cnnm2 Mmgt1"
"GOBP_MAINTENANCE_OF_CELL_NUMBER",-0.769150847173353,0.909022957821676,1,152,-0.242752754983452,35,"Hmga2 Hes1 Sct Lrp5 Nfix Igf1 Wdr62 Padi4 Smc5 Fancc Bcl7a Ing2 Kdm3a Mcph1 Cul4a Smarcc1 Bclaf3 Gnl3 Ezh2 Phf10 Eif4enif1 Kit Sap30 Aspm Hes5 Smc1a Pelo Vangl2 Smo Klf10 Brms1l Spi1 Ing1 Ctr9 Sox4"
"GOBP_MAINTENANCE_OF_LOCATION",-1.09587815251197,0.295810955961332,1,140,-0.348002697935004,28,"Nol3 Ccl3 Plcl1 Tacc3 Ccr7 Calml3 Lck Bard1 Bbs4 Plcl2 Cd19 Pde4d Tmem38a Hk2 Fbn1 Pkd2 Ddit3 Dand5 Grik5 Gsto1 Ryr1 Thy1 Mdfi Prkce Flna Rangap1 Topors Gpsm2"
"GOBP_MAINTENANCE_OF_ORGANELLE_LOCATION",-0.571409303617843,0.948698773556686,1,11,-0.271362305223301,5,"Gpsm2 Aspm Tbccd1 Sirt1 Spout1"
"GOBP_MAINTENANCE_OF_POSTSYNAPTIC_DENSITY_STRUCTURE",0.932159149839487,0.545235223160434,1,11,0.385820615657498,2,"Dlg4 Dlg2"
"GOBP_MAINTENANCE_OF_POSTSYNAPTIC_SPECIALIZATION_STRUCTURE",1.32334133345532,0.132659932659933,1,17,0.485194905875962,4,"Dlg4 Cadm1 Itgb3 Dlg2"
"GOBP_MAINTENANCE_OF_PROTEIN_LOCALIZATION_IN_ENDOPLASMIC_RETICULUM",-0.509344098787984,0.976071482659397,1,10,-0.246683572466058,1,"Grik5"
"GOBP_MAINTENANCE_OF_PROTEIN_LOCALIZATION_IN_ORGANELLE",-0.915296791419431,0.604037069950489,1,39,-0.339801960724511,14,"Bard1 Bbs4 Hk2 Grik5 Rangap1 Topors Taf8 Hk1 Sun1 Arl2bp Taf3 Grk2 Sp100 Insig2"
"GOBP_MAINTENANCE_OF_PROTEIN_LOCATION",-0.806878382564294,0.790392487358536,1,57,-0.28261193057734,14,"Bard1 Bbs4 Hk2 Fbn1 Dand5 Grik5 Mdfi Rangap1 Topors Taf8 Hk1 Sun1 Nrros Arl2bp"
"GOBP_MAINTENANCE_OF_PROTEIN_LOCATION_IN_CELL",-0.849475024706203,0.720819028935753,1,50,-0.303033461535018,16,"Bard1 Bbs4 Hk2 Grik5 Mdfi Rangap1 Topors Taf8 Hk1 Sun1 Arl2bp Taf3 Grk2 Golph3 Sp100 Insig2"
"GOBP_MAINTENANCE_OF_PROTEIN_LOCATION_IN_NUCLEUS",-0.944057466368602,0.552189930413426,1,23,-0.384715940657767,10,"Bard1 Bbs4 Rangap1 Topors Taf8 Sun1 Arl2bp Taf3 Grk2 Sp100"
"GOBP_MAINTENANCE_OF_SISTER_CHROMATID_COHESION",-1.26249098562698,0.191846873173583,1,13,-0.577253805594205,3,"Dscc1 Sgo2a Smc5"
"GOBP_MAINTENANCE_OF_SYNAPSE_STRUCTURE",1.14913089866312,0.252577319587629,1,26,0.38039016578794,7,"Dlg4 Cadm1 Ctbp2 Itgb3 Dlg2 L1cam Sort1"
"GOBP_MALE_GAMETE_GENERATION",-1.0688033598144,0.305606152600688,1,354,-0.321959081568649,99,"Drc7 Spag6l Galnt3 Hmga2 Cabcoco1 Rad51c Mast2 Fignl1 Brdt Ntrk1 Ccnyl1 Ropn1l Mycbpap Fanca Cit Sass6 Catspere2 Suv39h2 Bbs4 Hspa2 Cip2a Siah1a Map7 Nectin2 Xlr4a Brip1 Tmem119 Lrrk2 Prdm9 Hfm1 Trip13 Mei4 Ttll3 Sgo2a Ggnbp1 Acrbp 1700102P08Rik Chtf18 Slc26a6 Rhox8 Cep131 Cntd1 Bbs2 Atat1 Pax5 Cep78 Zscan2 Bcl2l1 Taf4b Gamt Lztfl1 Tdrd7 Ing2 Yif1b E2f1 Kdm3a Fancf Rgs2 Odf4 Sbf1 Utp14b Cul4a Ercc1 Ccdc63 Pum1 Txnrd3 Rfx2 Poc1b Gopc Sfmbt1 Spata2 Tnk2 Kit Alms1 Dedd Hmga1 Aspm Sox8 Zfp449 Pygo2 Wdr48 Hadh Rad18 Fancg Morn2 Crkl Nsun2 Larp7 Fsip1 Hmgb2 Paip2 Eif2s3x Ttll5 Pithd1 Hoxa9 Sun1 Dnd1 Rab1a Calr"
"GOBP_MALE_SEX_DIFFERENTIATION",-1.09178885275308,0.318590108015918,1,87,-0.36200670747125,27,"Esr1 Hmga2 Bcl2 Ntrk1 Adam2 Fanca Adgrg1 Map7 Brip1 Bcl2l1 Ing2 Asb1 Ercc1 Gfra1 Flna Spata2 Kit Aspm Sox8 Wdr48 Crkl Hmgb2 Hoxa9 Nr3c1 Msh2 Adrm1 Icam1"
"GOBP_MAMMARY_GLAND_ALVEOLUS_DEVELOPMENT",-1.01822072048497,0.459416976278937,1,16,-0.446420620878364,3,"Esr1 Vegfa Prlr"
"GOBP_MAMMARY_GLAND_DEVELOPMENT",-0.987722496329282,0.498010233086981,1,88,-0.327293581471272,27,"Esr1 Afap1 Lrp5 Vegfa Igf1 Prlr Zbtb7b Hk2 Slc12a2 Scrib Iqgap3 Irf6 Kdm5b Cebpb Xdh Mst1 Usf2 Zfp157 Gpat4 Agap2 Pygo2 Fasn Aprt Chuk Hoxa9 Nr3c1 Smo"
"GOBP_MAMMARY_GLAND_DUCT_MORPHOGENESIS",-1.02090368038367,0.446346101602825,1,24,-0.412235080298465,6,"Esr1 Lrp5 Slc12a2 Scrib Kdm5b Mst1"
"GOBP_MAMMARY_GLAND_EPITHELIAL_CELL_DIFFERENTIATION",-0.93705298327516,0.566302421736562,1,12,-0.435163210952693,3,"Prlr Irf6 Cebpb"
"GOBP_MAMMARY_GLAND_EPITHELIAL_CELL_PROLIFERATION",-0.950537992780832,0.540909090909091,1,26,-0.377669538529234,11,"Esr1 Iqgap3 Kdm5b Cebpb Mst1 Agap2 Pygo2 Chuk Epha2 Med1 Stat6"
"GOBP_MAMMARY_GLAND_EPITHELIUM_DEVELOPMENT",-0.978540939705478,0.508194716242661,1,51,-0.348299864141483,10,"Esr1 Lrp5 Prlr Slc12a2 Scrib Iqgap3 Irf6 Kdm5b Cebpb Mst1"
"GOBP_MAMMARY_GLAND_MORPHOGENESIS",-0.923874754627278,0.587782273854588,1,32,-0.3536569375009,7,"Esr1 Lrp5 Slc12a2 Scrib Kdm5b Mst1 Zfp157"
"GOBP_MANNOSE_METABOLIC_PROCESS",0.808225940717431,0.712268314210062,1,10,0.343750937551252,4,"Man2b2 Mpi Man2b1 Man2a2"
"GOBP_MAPK_CASCADE",-0.915081635658255,0.771987951807229,1,500,-0.272837304735559,86,"Atf3 Map3k15 Cd36 Ccl3 Rasgrp1 Esr1 Lrp1 Gadd45g Bank1 Ccr7 Ntrk1 Cd81 Vegfa Fgf20 Ksr2 Lck Igf1 Il1rap Ptpn22 Dusp10 Pde8b Tab1 Cnksr3 Map3k20 Card9 Dok4 Cd40 Pdgfrb Pak6 Plvap Lrrk2 Ccr1l1 Nqo2 Fam83d Arrb1 Map3k9 Prdm11 Ppm1l Rell2 Prkcz Ramp3 Iqgap3 Dusp2 Pbk Dok2 Nmnat1 Cdon Lax1 Zfp36 Bcar3 Dusp1 Egfr Jun Dusp16 Gpr55 Fzd5 Dab2ip Tnf Spred2 Gcnt2 Havcr2 Map3k4 Rassf2 Rgs2 Pdgfc Adam9 Mbip Stk40 Tiam1 Fbxo21 Dhx33 Osm Ffar4 Dusp22 Mdfi Mapkbp1 Prkce Ripk2 Ezh2 Gsdme Kcnn4 Nup62 Akap12 Dusp6 Mapk4 Lmnb1"
"GOBP_MAST_CELL_MIGRATION",-1.10123634541346,0.366066154754873,1,12,-0.511409229404494,4,"Vegfa Vegfd Vegfc Kit"
"GOBP_MATERNAL_PLACENTA_DEVELOPMENT",0.945076010705387,0.53766851704996,1,26,0.312843054531612,8,"Rxra Il11ra1 Stox2 Dcaf13 Ash1l Ndrg3 Vdr Cdh1"
"GOBP_MATERNAL_PROCESS_INVOLVED_IN_FEMALE_PREGNANCY",0.952223857613797,0.539748953974895,1,38,0.287306741451374,7,"Npff Rxra Angpt2 Il11ra1 Stox2 Dcaf13 Ash1l"
"GOBP_MATING_BEHAVIOR",-1.2323190721288,0.208202343526722,1,16,-0.540288204936514,4,"Fuom Hdac4 Ada Thra"
"GOBP_MATURATION_OF_5_8S_RRNA",-0.487271361812096,0.996244496244496,1,34,-0.18471532920682,13,"Eri3 Eri1 Nol9 Mtrex Las1l Kri1 Mphosph6 Exosc9 C1d Mak16 Exosc2 Eif6 Exosc3"
"GOBP_MATURATION_OF_5_8S_RRNA_FROM_TRICISTRONIC_RRNA_TRANSCRIPT_SSU_RRNA_5_8S_RRNA_LSU_RRNA",0.564918872389574,0.987654320987654,1,23,0.191834627440776,6,"Urb1 Rpp40 Abt1 Exosc8 Nop9 Bop1"
"GOBP_MATURATION_OF_LSU_RRNA",0.653206351001378,0.953030303030303,1,24,0.219291212315587,24,"Urb1 Bop1 Nsa2 Pes1 Gtpbp4 Ftsj3 Rbm34 Ddx55 Nop2 Rpf2 Pak1ip1 Ddx18 Rpf1 Rrp15 Npm1 Znhit6 Wdr12 Eif6 Trmt112 Mak16 Znhit3 Las1l Ppan Nol9"
"GOBP_MATURATION_OF_LSU_RRNA_FROM_TRICISTRONIC_RRNA_TRANSCRIPT_SSU_RRNA_5_8S_RRNA_LSU_RRNA",0.578727816378973,0.962300942476438,1,15,0.219133082285073,15,"Urb1 Bop1 Pes1 Gtpbp4 Ftsj3 Rbm34 Rpf2 Pak1ip1 Ddx18 Npm1 Znhit6 Wdr12 Znhit3 Ppan Nol9"
"GOBP_MATURATION_OF_SSU_RRNA",0.688333609690661,0.968031968031968,1,43,0.203113299824929,12,"Tsr2 Tsr3 Tsr1 Dcaf13 Rpp40 Abt1 Ddx52 Dhx37 Nop14 Nop9 Ercc2 Utp25"
"GOBP_MATURATION_OF_SSU_RRNA_FROM_TRICISTRONIC_RRNA_TRANSCRIPT_SSU_RRNA_5_8S_RRNA_LSU_RRNA",0.709210918764896,0.917913465426607,1,28,0.229396325832387,9,"Tsr2 Tsr1 Dcaf13 Rpp40 Abt1 Dhx37 Nop9 Ercc2 Utp25"
"GOBP_MEGAKARYOCYTE_DEVELOPMENT",-1.1252859346636,0.319242188604553,1,18,-0.483198035625821,4,"Zfpm1 Meis1 Flna Kit"
"GOBP_MEGAKARYOCYTE_DIFFERENTIATION",-0.904487093127524,0.616053169734151,1,37,-0.338273176242108,10,"Zfpm1 Meis1 Rab7b Gabpa Maf Rbm15 Flna Kit Hmgb2 Pithd1"
"GOBP_MEIOTIC_CELL_CYCLE_PHASE_TRANSITION",-1.17405719956614,0.284044418468732,1,13,-0.536818871699312,4,"Pkmyt1 Cdc25b Ndc80 Cdc25a"
"GOBP_MEIOTIC_CHROMOSOME_SEPARATION",0.541980553455441,0.968938480096502,1,11,0.224325718247337,3,"Espl1 Knl1 M1ap"
"GOBP_MEIOTIC_SPINDLE_ASSEMBLY",-1.102798694608,0.350255972696246,1,17,-0.478210307537468,8,"Ska3 Ndc80 Cenpe Washc5 Ska2 Ska1 Aspm Asb7"
"GOBP_MEIOTIC_SPINDLE_ORGANIZATION",-0.877588115279617,0.650910078782939,1,24,-0.354365072947246,8,"Ska3 Ndc80 Cenpe Washc5 Ska2 Ska1 Aspm Asb7"
"GOBP_MELANIN_METABOLIC_PROCESS",-0.899314943545463,0.613175192912261,1,16,-0.39428851464694,4,"Bcl2 Pomc Vhl Ctns"
"GOBP_MELANOCYTE_DIFFERENTIATION",-1.32674906803947,0.128764731558272,1,14,-0.598381907431203,4,"Bcl2 Mreg Hps4 Kit"
"GOBP_MELANOSOME_ASSEMBLY",0.594424266185208,0.96995561625128,1,18,0.214168015334223,8,"Rab32 Ap1m1 Ap3s2 Ap3b1 Abcb6 Ap3d1 Ap1s2 Ap3s1"
"GOBP_MEMBRANE_BIOGENESIS",0.9321350312853,0.617434758467518,1,53,0.261942051154648,6,"Cav2 Ephb2 Tlcd2 Selenon Pex16 Chmp2b"
"GOBP_MEMBRANE_DEPOLARIZATION",-1.13707372957754,0.27619871478003,1,47,-0.409871810234133,12,"Chrnb2 Trpm4 Clcn2 Ptpn3 Lrrk2 Cacnb2 Prkcz Scn2b Jun Cacna1a Rangrf Smad7"
"GOBP_MEMBRANE_DISASSEMBLY",-0.663823621277558,0.882740053843853,1,11,-0.315249869036141,1,"Cdk1"
"GOBP_MEMBRANE_DOCKING",0.695383912951283,0.985064935064935,1,66,0.187072429081271,8,"Ncam1 Cav2 Stxbp1 Selenon Ctbp2 Cep290 Pex26 Pex16"
"GOBP_MEMBRANE_FISSION",-0.85360141465756,0.685009237265769,1,29,-0.332024902008832,15,"Exoc5 Chmp7 Vps4a Exoc8 Chmp1a Exoc7 Dnm1l Exoc4 Exoc6b Dnm2 Chmp4b Exoc6 Vps4b Tmcc1 Epn1"
"GOBP_MEMBRANE_FUSION",-0.735603313816294,0.93041404725775,1,127,-0.235719292837794,23,"Stxbp6 Diaph3 Pla2g4a Tbc1d4 Rab39 Unc13a Stx11 Nectin2 Lrrk2 Pick1 Plekhm1 Ykt6 Stx1a Rab7b Grik5 Syt11 Chmp7 Erc1 Vps4a Tgfbrap1 Bet1l Stx8 Ankrd27"
"GOBP_MEMBRANE_LIPID_BIOSYNTHETIC_PROCESS",0.845738130486036,0.886341929321872,1,101,0.213203422591893,23,"B4galt4 Pgap1 St6galnac6 Sgms1 Pigg St3gal6 Pigyl Fut4 Ormdl3 Mppe1 Cers4 Cers5 Gpaa1 Plekha8 Acer3 Hacd2 Asah1 St8sia4 B4galt3 Vapa Elovl5 St3gal2 Mecr"
"GOBP_MEMBRANE_LIPID_CATABOLIC_PROCESS",1.19957949283466,0.195479777954005,1,26,0.397089872603767,9,"Neu1 Zpbp2 Mgst2 Acer3 Hexb Vps54 Asah1 Gla Naga"
"GOBP_MEMBRANE_LIPID_METABOLIC_PROCESS",0.86771962277146,0.868421052631579,1,141,0.208822339701363,33,"B4galt4 Pgap1 St8sia1 St6galnac6 Sgms1 Neu1 Agmo Zpbp2 Pigg St3gal6 Pigyl Fut4 Ormdl3 Mppe1 Cers4 Cers5 Gpaa1 Mgst2 Plekha8 Acer3 Hexb Naaa Vps54 Hacd2 Asah1 St8sia4 Gla Naga B4galt3 Vapa Elovl5 St3gal2 Mecr"
"GOBP_MEMBRANE_PROTEIN_ECTODOMAIN_PROTEOLYSIS",-0.908108556501758,0.610459873760144,1,36,-0.341531704681996,10,"Gm7324 Ptpn3 Gpld1 Prkcq Tnf Adam9 Tspan5 Aph1a Bace1 Ncstn"
"GOBP_MEMBRANE_PROTEIN_INTRACELLULAR_DOMAIN_PROTEOLYSIS",-0.59759614362458,0.932516243354991,1,12,-0.27752097411151,5,"Adam9 Aph1a Ncstn Mbtps2 Psenen"
"GOBP_MEMBRANE_PROTEIN_PROTEOLYSIS",-0.8285386419897,0.747335811648079,1,46,-0.299599240510887,4,"Gm7324 Ptpn3 Gpld1 Prkcq"
"GOBP_MEMBRANE_RAFT_ASSEMBLY",0.986191846990126,0.469255663430421,1,10,0.419442577786275,1,"Cav2"
"GOBP_MEMBRANE_RAFT_ORGANIZATION",0.92304633376404,0.561842582517229,1,21,0.32125530987033,5,"Cav2 Npc1 Cln3 Lat Clec2i"
"GOBP_MEMBRANE_REPOLARIZATION",0.646416541243772,0.926431424766977,1,16,0.240911397207076,2,"Cacnb3 Nedd4l"
"GOBP_MEMORY",-0.971672126617756,0.526549175667993,1,87,-0.322179354012908,14,"Itga3 Chrnb2 Itga5 Trpm4 Nfix Fos Igf1 Klk8 Chst10 Pak6 Pde4d Prkcz Ctns Atxn1l"
"GOBP_MESENCHYMAL_CELL_DIFFERENTIATION",-1.19748768112567,0.140324324324324,1,133,-0.382269189898444,33,"Sema6d Hmga2 Wnt10a Hes1 Loxl3 Bcl2 Olfm1 Vegfa Nrtn Klhl12 Ell3 Amer1 Trip10 Fam83d Scrib Cul5 Sema4a Bambi Zfp64 Dab2ip Zdhhc7 Spred2 Rflnb Gcnt2 Tiam1 Kbtbd8 Eng Usf3 Ldlrad4 Smad7 Ezh2 Rgcc Flna"
"GOBP_MESENCHYMAL_CELL_MIGRATION",-1.01520369044269,0.460088691796009,1,20,-0.425191196155473,4,"Sema6d Nrtn Sema4a Eng"
"GOBP_MESENCHYMAL_CELL_PROLIFERATION",-1.08897339296336,0.36415700516832,1,19,-0.460699264704651,2,"Lrp5 Vegfa"
"GOBP_MESENCHYME_DEVELOPMENT",-1.10916354575764,0.264082632307528,1,158,-0.349196139113104,36,"Ptk7 Sema6d Hmga2 Wnt10a Hes1 Loxl3 Bcl2 Olfm1 Vegfa Nrtn Klhl12 Ell3 Amer1 Trip10 Fam83d Pkd2 Scrib Cul5 Sema4a Dand5 Bambi Zfp64 Dab2ip Zdhhc7 Spred2 Rflnb Gcnt2 Tiam1 Kbtbd8 Eng Usf3 Ldlrad4 Smad7 Ezh2 Rgcc Flna"
"GOBP_MESODERM_DEVELOPMENT",0.934720048599115,0.623353293413174,1,58,0.258596891484563,12,"Nckap1 Acvr1b Snai1 Acvr1 Epb41l5 Wls Amh Ext2 Itgb3 Acvr2b Ext1 Eya1"
"GOBP_MESODERM_MORPHOGENESIS",0.960739856122594,0.518828451882845,1,38,0.289876204253849,7,"Nckap1 Snai1 Acvr1 Epb41l5 Wls Ext2 Itgb3"
"GOBP_MESONEPHRIC_TUBULE_MORPHOGENESIS",-1.29965769409721,0.13783422459893,1,26,-0.516382433215201,6,"Hes1 Bcl2 Vegfa Wnt6 Pkd2 Timeless"
"GOBP_MESONEPHROS_DEVELOPMENT",-0.99913586325796,0.475942617747874,1,39,-0.370927035414083,6,"Hes1 Bcl2 Vegfa Wnt6 Pkd2 Timeless"
"GOBP_METABOLIC_COMPOUND_SALVAGE",-0.799913145710472,0.775473399458972,1,36,-0.300840354708745,12,"Fuom Pnp2 Ada Nmnat1 Dctd Fcsk Uckl1 Aprt Impdh2 Uck2 Dck Mtap"
"GOBP_METALLO_SULFUR_CLUSTER_ASSEMBLY",-0.852587417606467,0.687332259796028,1,25,-0.341249250264347,12,"Nfs1 Xdh Ciao3 Bola3 Isca2 Nubp1 Nubpl Ciapin1 Glrx5 Hspa9 Ciao2a Lyrm4"
"GOBP_METANEPHRIC_NEPHRON_DEVELOPMENT",-0.831559593298574,0.701764881842656,1,11,-0.394907690055688,3,"Hes1 Pdgfrb Pkd2"
"GOBP_METANEPHROS_DEVELOPMENT",-0.847897084485074,0.693982581155978,1,29,-0.329806091643685,5,"Hes1 Bcl2 Pdgfrb Fbn1 Pkd2"
"GOBP_METENCEPHALON_DEVELOPMENT",-0.547066837613566,0.99781257195487,1,80,-0.183240162813239,13,"Bcl2 Nfix Scrib Ttc21b Rora Cacna1a Naglu Ezh2 Whrn Clp1 Ncstn Crkl Atxn2"
"GOBP_METHIONINE_METABOLIC_PROCESS",1.18158050806222,0.259047044632087,1,11,0.489056100718385,4,"Mtrr Enoph1 Mtr Mthfd1"
"GOBP_METHYLATION",-0.769549483418514,0.916086130462318,1,174,-0.240741907192392,66,"Setmar Suv39h2 Mrm2 Mrm3 Trmt10a Mto1 Prdm9 Fam98a Prdm11 Mettl22 Tyw3 Pemt Hemk1 Nsun6 Prmt2 Suv39h1 Gamt Dalrd3 Trmt10c Icmt Mettl1 Trmt2a Rbm15 Tyms Comtd1 Alkbh8 Smyd4 Ezh2 Mettl18 Trmt61a Tfb1m Fam98b Prmt9 Bud23 Etf1 Nsun2 Mettl8 Larp7 Trmt13 Eef1akmt4 Coq5 Rab6a Smyd5 Hsd17b10 Prdm4 Mtap Kmt5b Gtpbp3 As3mt Thumpd3 Mettl14 Snrpd3 Mettl6 Trmt5 Setd5 Wdr5 Setd1b Mettl3 Gspt1 Trmt112 Mettl2 Wdr4 Gnmt Setd7 Kmt5a Nsd2"
"GOBP_MHC_CLASS_II_BIOSYNTHETIC_PROCESS",0.710583501387283,0.826713739335099,1,10,0.302222104617808,2,"Ciita Nfx1"
"GOBP_MICROAUTOPHAGY",-0.627649872545959,0.933479032919,1,22,-0.257869110507711,4,"Snx7 Atg2a Vps4a Atg13"
"GOBP_MICROTUBULE_ANCHORING",-0.796490022609443,0.757621951219512,1,20,-0.333588765119177,2,"Bicd1 Bbs4"
"GOBP_MICROTUBULE_ANCHORING_AT_MICROTUBULE_ORGANIZING_CENTER",-0.950105591305867,0.551388068517425,1,12,-0.44122478369546,2,"Bicd1 Bbs4"
"GOBP_MICROTUBULE_BASED_TRANSPORT",-1.17942482176594,0.147693609818028,1,170,-0.369664074566566,21,"Spag6l Ccdc39 Kif17 Rasgrp1 Armcx1 Cfap45 Ccdc57 Bicd1 Ropn1l Vangl1 Wdr35 Dync2li1 Mreg Lca5l Stau2 Cep131 Prkcz Rpgr Hdac6 Ttc21b Dnaaf4"
"GOBP_MICROTUBULE_DEPOLYMERIZATION",-0.98544143086845,0.496107483676544,1,42,-0.362245335202381,12,"Diaph3 Stmn1 Kif24 Aurkb Hdac6 Ckap2l Ccsap Camsap3 Camsap1 Kif2c Tpx2 Specc1l"
"GOBP_MICROTUBULE_NUCLEATION",0.586466857585821,0.990358126721763,1,37,0.177984431194063,7,"Tubgcp2 Pak1 Ccdc66 Haus2 Tubg2 Tubgcp6 Hspa1b"
"GOBP_MICROTUBULE_ORGANIZING_CENTER_LOCALIZATION",-0.60950096168477,0.96240010480807,1,31,-0.23463505476975,10,"Plxna2 Pard3 Cep83 Gpsm2 Aspm Mad2l1 Sun1 Nubp1 Tbccd1 Ezr"
"GOBP_MICROTUBULE_ORGANIZING_CENTER_ORGANIZATION",-1.19243513375004,0.147153598281418,1,140,-0.378664948020276,48,"Map9 Stil Pclaf Ccdc57 Sgo1 Brca1 Sass6 Kif11 Bbs4 Wdr62 Xrcc3 Crocc Xrcc2 Nek2 Cep295 Ccp110 Cntrob Ndc80 Cep131 D7Ertd443e Ccnf Spice1 Cdk2 Ccdc15 Rttn Mcph1 Gen1 Uxt Nup62 Poc1b Ofd1 Ccdc61 Alms1 Sac3d1 Rbm14 Haus1 Plk4 Chordc1 Cep152 Chmp1a 4933427D14Rik Cep120 Haus4 Cdk11b Clasp1 Haus8 Nubp1 Haus5"
"GOBP_MICROTUBULE_POLYMERIZATION",-0.877854695096624,0.700897996776422,1,80,-0.294037631594656,8,"Lrrc49 Ccdc57 Cdk1 Mapre3 Diaph3 Stmn1 Tppp Psrc1"
"GOBP_MICROTUBULE_POLYMERIZATION_OR_DEPOLYMERIZATION",-0.892316241942032,0.693293885601578,1,115,-0.287941063012401,23,"Lrrc49 Ccdc57 Cdk1 Mapre3 Ska3 Diaph3 Stmn1 Kif24 Aurkb Tppp Psrc1 Hdac6 Ckap2l Ccsap Tubgcp3 Camsap3 Ska2 Camsap1 Kif2c Tpx2 Specc1l Ssna1 Ska1"
"GOBP_MICROVILLUS_ASSEMBLY",-0.645492227279059,0.897696679629076,1,11,-0.306544289162145,2,"Rap1gap Pls1"
"GOBP_MICROVILLUS_ORGANIZATION",-0.818970921564071,0.715408118725447,1,14,-0.36936704459145,3,"Rap1gap Cdhr5 Pls1"
"GOBP_MIDBODY_ABSCISSION",-1.16780311880621,0.271001229340254,1,22,-0.479790349153043,6,"Kif20a Aurkb Mtmr4 Chmp7 Vps4a Chmp1a"
"GOBP_MIDBRAIN_DEVELOPMENT",0.919846563209246,0.561283714578354,1,18,0.33141600042477,4,"Fzd3 Wls Kat2a Aplp2"
"GOBP_MIRNA_CATABOLIC_PROCESS",-0.485413894912017,0.983846844151959,1,11,-0.230523081575238,3,"Pnpt1 Tent4b Zswim8"
"GOBP_MIRNA_MEDIATED_GENE_SILENCING_BY_INHIBITION_OF_TRANSLATION",-1.20544911212971,0.245744216499345,1,14,-0.543673974531837,9,"Zfp36 Ago1 Eif4enif1 Rbm4 Eif4e2 Ago2 Eif6 Ago4 Tnrc6b"
"GOBP_MIRNA_METABOLIC_PROCESS",-0.851251654062364,0.733822160148976,1,72,-0.288793915571143,22,"Esr1 Fos Hdac4 Tert Mrtfb Egfr Jun Pnpt1 Tnf Nr1h2 Drosha Gnl3 Ago1 Tent4b Smad3 Zswim8 Nr3c1 Hras Pou2f1 Spi1 Ncor2 Ago2"
"GOBP_MIRNA_PROCESSING",-0.3904583207763,0.999872188139059,1,37,-0.146029254991853,13,"Snip1 Drosha Pum1 Ago1 Pus10 Ddx3x Ago2 Ddx5 Mettl3 Mecp2 Adar Ago4 Spout1"
"GOBP_MIRNA_TRANSCRIPTION",-0.929758514124257,0.586584615384615,1,49,-0.333058684852915,10,"Esr1 Fos Hdac4 Tert Mrtfb Egfr Jun Tnf Nr1h2 Gnl3"
"GOBP_MISMATCH_REPAIR",-0.745265986004854,0.82586253735398,1,24,-0.300934152249276,10,"Exo1 Pcna Pms1 Rpa3 Rpa2 Prkcg Rnaseh2c Rnaseh2a Msh2 Hmgb1"
"GOBP_MITOCHONDRIAL_CALCIUM_ION_HOMEOSTASIS",-1.20383175462941,0.223852214072263,1,24,-0.486100392790233,3,"Nol3 Slc25a27 Mcu"
"GOBP_MITOCHONDRIAL_CALCIUM_ION_TRANSMEMBRANE_TRANSPORT",-0.465425451965865,0.995925020374898,1,24,-0.187936141529034,10,"Mcu Bhlha15 Maip1 Letm2 Mcur1 Slc8b1 Smdt1 Hspa9 Akt1 Ghitm"
"GOBP_MITOCHONDRIAL_DEPOLARIZATION",0.779373418071702,0.790030727210652,1,18,0.280804246475125,10,"Ngfr Mllt11 Got1 P2rx7 Casp1 Src Gclm Kdr Ppp2r3c Parp1"
"GOBP_MITOCHONDRIAL_DNA_METABOLIC_PROCESS",-0.579665162680523,0.968079326270035,1,24,-0.234065484800705,8,"Dna2 Primpol Ssbp1 Chchd4 Mgme1 Sesn2 Rrm1 Dnaja3"
"GOBP_MITOCHONDRIAL_DNA_REPLICATION",-0.665204183284526,0.892683623892541,1,16,-0.291646848800448,6,"Dna2 Primpol Ssbp1 Mgme1 Rrm1 Dnaja3"
"GOBP_MITOCHONDRIAL_ELECTRON_TRANSPORT_CYTOCHROME_C_TO_OXYGEN",-0.736940354295887,0.805084745762712,1,13,-0.336954187282357,9,"Cox7a1 Cox7b Cox6a1 Cox7a2 Cox5a Cox4i1 Cox8a Cycs Cox5b"
"GOBP_MITOCHONDRIAL_ELECTRON_TRANSPORT_NADH_TO_UBIQUINONE",0.541623967075457,0.995049504950495,1,29,0.174300152402342,29,"mt-Nd6 Ndufa10 mt-Nd5 mt-Nd2 mt-Nd1 Ndufv1 Pink1 mt-Nd4 Ndufs8 mt-Nd3 Ndufs1 Ndufs2 Ndufc2 Ndufs6 Ndufv2 Ndufa11 Dld Iscu Ndufs3 Ndufs7 Ndufb6 Ndufb9 Park7 Ndufa7 Ndufa8 Dnajc15 Ndufb8 Coq9 Ndufaf1"
"GOBP_MITOCHONDRIAL_ELECTRON_TRANSPORT_UBIQUINOL_TO_CYTOCHROME_C",1.05440560652543,0.385448916408669,1,12,0.427106696571612,12,"mt-Cytb Uqcrh Uqcrb Uqcrc2 Uqcrfs1 Uqcrc1 Uqcrq Uqcr11 Cyc1 Cycs Uqcr10 Uqcc3"
"GOBP_MITOCHONDRIAL_FISSION",-1.11721148499569,0.307634354595681,1,42,-0.410683614669575,11,"Ppargc1a Mief2 Mcu Ggnbp1 Mfn1 Mtfp1 Irgm2 Abcg2 Ddhd2 Mtfr2 Cox10"
"GOBP_MITOCHONDRIAL_FUSION",-0.844700565872983,0.704364820846906,1,33,-0.322135831297112,5,"Bcl2a1b Mfn1 Rcc1l Msto1 Vat1"
"GOBP_MITOCHONDRIAL_GENE_EXPRESSION",-0.638601871121331,0.993525790702611,1,162,-0.200532159287808,56,"Mto1 Mrpl19 Mrps27 Pnpt1 Trmt10c Trnt1 Mtpap Mrps31 Gatb Rpusd3 Gfm1 Mrpl54 Tfb1m Mrpl41 Mrpl1 Mrpl47 Mrpl49 Mrpl22 Mrps18a Mettl8 Ddx3x Coa3 Mrpl57 Mrpl48 Mtrf1l Dars2 Hsd17b10 Lars2 Mrpl28 Mrpl53 Mrpl42 Gtpbp3 Uqcc2 Polrmt Iars2 Mrpl17 Mrps22 Mrpl21 Elac2 Trub2 Thap11 Mrpl13 Trmt5 Mrpl50 Rpusd4 Mrpl36 Aars2 Qrsl1 Mrpl55 Mrps33 Mrpl33 Prorp Mrpl11 Sars2 Tufm Mpv17l2"
"GOBP_MITOCHONDRIAL_LARGE_RIBOSOMAL_SUBUNIT_ASSEMBLY",-0.818751809165066,0.715667870036101,1,15,-0.364694891694083,3,"Mrm2 Mrm3 Rcc1l"
"GOBP_MITOCHONDRIAL_MEMBRANE_ORGANIZATION",-0.930397900898473,0.616933689363596,1,104,-0.302752821257053,17,"Nol3 Bcl2 Tmem14a Apoo Lrrk2 Hk2 Mtx3 Mtfp1 Bcl2l1 Chchd10 Camk2a Timm8a1 Timm22 Pmaip1 Tmem11 Maip1 Gclc"
"GOBP_MITOCHONDRIAL_OUTER_MEMBRANE_PERMEABILIZATION",0.82500439269696,0.72845953002611,1,22,0.284914456795428,6,"Mpv17l Rhot1 Acaa2 Slc35f6 Ier3 Mul1"
"GOBP_MITOCHONDRIAL_PROTEIN_PROCESSING",-0.549485913269316,0.965953731994762,1,14,-0.247825633956947,3,"Atp23 Sirt4 Pmpcb"
"GOBP_MITOCHONDRIAL_RESPIRATORY_CHAIN_COMPLEX_ASSEMBLY",0.607163370385099,0.999128160418483,1,91,0.156708483808866,21,"Ociad2 Aifm1 Ndufaf2 Ndufaf4 Tmem186 Acad9 Tfam Bcs1l Surf1 Eif2ak3 Ndufaf5 Sco2 mt-Nd6 mt-Nd5 Cmc1 mt-Nd2 Dmac2 Cox7a2l Taco1 Immp2l Sdhaf4"
"GOBP_MITOCHONDRIAL_RIBOSOME_ASSEMBLY",-0.651225840119588,0.922860962566845,1,26,-0.258746272515365,3,"Mrm2 Mrm3 Rcc1l"
"GOBP_MITOCHONDRIAL_RNA_METABOLIC_PROCESS",-0.480127858691892,0.999399903984638,1,58,-0.167716666563018,19,"Mto1 Pnpt1 Trmt10c Trnt1 Mtpap Myg1 Tfb1m Mettl8 Pde12 Dars2 Hsd17b10 Gtpbp3 Polrmt Elac2 Trub2 Thap11 Trmt5 Rpusd4 Aars2"
"GOBP_MITOCHONDRIAL_RNA_MODIFICATION",-0.639285313758668,0.905464640561075,1,13,-0.292302982301618,8,"Mto1 Trmt10c Mettl8 Hsd17b10 Gtpbp3 Trub2 Trmt5 Rpusd4"
"GOBP_MITOCHONDRIAL_RNA_PROCESSING",-0.943509786022719,0.556629092860977,1,25,-0.377641049408427,12,"Mto1 Pnpt1 Trmt10c Trnt1 Mtpap Mettl8 Hsd17b10 Gtpbp3 Elac2 Trub2 Trmt5 Rpusd4"
"GOBP_MITOCHONDRIAL_TRANSCRIPTION",1.06233992150943,0.35427135678392,1,20,0.375221415155122,7,"Tefm Kat8 Tfb2m Tfam Mterf1b Mettl4 Foxo3"
"GOBP_MITOCHONDRIAL_TRANSLATION",-0.672295788866941,0.97929090317684,1,126,-0.215504402516776,57,"Mrpl19 Mrps27 Trmt10c Mrps31 Gatb Rpusd3 Gfm1 Mrpl54 Mrpl41 Mrpl1 Mrpl47 Mrpl49 Mrpl22 Mrps18a Mettl8 Ddx3x Coa3 Mrpl57 Mrpl48 Mtrf1l Dars2 Lars2 Mrpl28 Mrpl53 Mrpl42 Uqcc2 Iars2 Mrpl17 Mrps22 Mrpl21 Trub2 Mrpl13 Mrpl50 Rpusd4 Mrpl36 Aars2 Qrsl1 Mrpl55 Mrps33 Mrpl33 Mrpl11 Sars2 Tufm Mpv17l2 Mrpl18 Mrpl3 Mrps2 Mrps14 Mrpl38 Mtif2 Mrpl46 Wars2 Gatc Mrpl51 Mrpl39 Mrpl16 Rars2"
"GOBP_MITOCHONDRIAL_TRANSMEMBRANE_TRANSPORT",1.21680202493575,0.203823830658928,1,18,0.438407530714697,5,"Slc25a20 Cpt1b Slc25a15 Sfxn4 Mpc2"
"GOBP_MITOCHONDRIAL_TRANSPORT",-0.92597266577128,0.605677867902665,1,76,-0.31226381128971,9,"Nol3 Bcl2 Tmem14a Slc25a29 Lrrk2 Hk2 Slc25a10 Bcl2l1 Flvcr1"
"GOBP_MITOCHONDRIAL_TRNA_MODIFICATION",-1.19378239496846,0.266091170679994,1,10,-0.578168092334154,8,"Mto1 Trmt10c Mettl8 Hsd17b10 Gtpbp3 Trub2 Trmt5 Rpusd4"
"GOBP_MITOCHONDRIAL_TRNA_PROCESSING",-1.25290605668028,0.200467562828755,1,13,-0.572871250174939,11,"Mto1 Trmt10c Trnt1 Mettl8 Hsd17b10 Gtpbp3 Elac2 Trub2 Trmt5 Rpusd4 Prorp"
"GOBP_MITOCHONDRION_DISTRIBUTION",-0.785504443276119,0.765749406341668,1,19,-0.332314197736987,4,"Lrrk2 Mfn1 Bhlha15 Msto1"
"GOBP_MITOCHONDRION_ENDOPLASMIC_RETICULUM_MEMBRANE_TETHERING",0.809111706047817,0.711679905854663,1,10,0.344127667185171,1,"Selenon"
"GOBP_MITOCHONDRION_LOCALIZATION",-0.772176696800422,0.821521982812305,1,44,-0.281404809929254,7,"Armcx1 Nectin2 Lrrk2 Mfn1 Bhlha15 Hdac6 Msto1"
"GOBP_MITOCHONDRION_ORGANIZATION",-0.763765624494102,0.967579032420968,1,374,-0.229593159947198,82,"Nol3 Aifm2 Ppargc1a Bcl2 Bcl2a1b Wdr35 Pid1 Mief2 Igf1 Cntnap1 Cxadr Tmem14a Mcu Apoo Nectin2 Lrrk2 Hk2 Ggnbp1 Atp23 Tert Mfn1 Rcc1l Ndufaf6 Cox7a1 Mtx3 Mtfp1 Hdac6 Bcl2l1 Jun Pnpt1 Msto1 Irgm2 Chchd10 Rab29 Atpaf2 Ggct Vat1 Abcg2 Camk2a Ndufaf1 Ddhd2 Nrf1 Timm8a1 Mtfr2 Timm22 Coa7 Ssbp1 Pmaip1 Tmem223 Chchd4 Lonp1 Tmem11 Higd2a Cox10 Sdhaf2 Arrb2 Sesn2 Smad3 Maip1 Fancg Gclc Timm21 Timm13 Fsip1 Coa3 Epm2a Letm2 Hsd17b10 Sdhaf3 Dnaja3 Htra2 Mtm1 Ndufaf8 Gsk3b Parl Timm10 Rap1gds1 Atf4 Mtfr1 Dnm1l Ptcd2 Uqcc2"
"GOBP_MITOPHAGY",0.53886779609006,1,1,84,0.140882439387673,25,"Atg9a Nipsnap1 Retreg1 Nod2 Prkn Mfn2 Atg10 Clec16a Gabarapl1 Mul1 Irgm1 Arhgap26 Fbxl4 Ubxn6 Nipsnap2 Sqstm1 Map1lc3a Atg4a Fundc1 Igtp Ulk3 Smurf1 Bnip3 Gabarapl2 Huwe1"
"GOBP_MITOTIC_CENTROSOME_SEPARATION",-1.20943271095551,0.247046662728884,1,12,-0.561655137248598,3,"Map9 Kif11 Nek2"
"GOBP_MITOTIC_CHROMOSOME_CONDENSATION",-1.32229271305672,0.131609031151758,1,16,-0.579735534810724,10,"Nusap1 Smc4 Ncapd2 Chmp1a Ncaph2 Smarca5 Ncapg Akap8 Ncaph Ncapg2"
"GOBP_MITOTIC_CYTOKINESIS",-1.16663806482004,0.21257246788678,1,86,-0.387125213138666,20,"Map9 Kif20a Cit Stmn1 Bbs4 Kif20b Aurkb Cntrob Nusap1 Iqgap3 Incenp Birc5 Kif4 Mtmr4 Exoc5 Cdca8 Nup62 Chmp7 Vps4a Exoc8"
"GOBP_MITOTIC_CYTOKINETIC_PROCESS",-0.991612649515077,0.490414110429448,1,37,-0.370857653030129,12,"Kif20a Kif20b Aurkb Cntrob Iqgap3 Mtmr4 Nup62 Chmp7 Vps4a Chmp1a Ect2 Exoc7"
"GOBP_MITOTIC_G1_S_TRANSITION_CHECKPOINT_SIGNALING",1.27281061061166,0.176414189837009,1,14,0.493523942708412,2,"Trex1 Plk3"
"GOBP_MITOTIC_G2_DNA_DAMAGE_CHECKPOINT_SIGNALING",-1.09237117452634,0.347721213660023,1,39,-0.40554044373667,12,"Cdk1 Brca1 Dtl Clspn D7Ertd443e Mrnip Cdkn1a Rint1 Mbd4 Brcc3 Cdc14b Blm"
"GOBP_MITOTIC_INTRA_S_DNA_DAMAGE_CHECKPOINT_SIGNALING",-1.20947112198063,0.231624548736462,1,15,-0.538732171215173,4,"Eme1 Chek2 Hus1 Timeless"
"GOBP_MODIFICATION_OF_POSTSYNAPTIC_ACTIN_CYTOSKELETON",1.04283720546401,0.383748719699556,1,18,0.375728898223222,4,"Pfn2 Amot Kalrn Ptk2"
"GOBP_MODIFICATION_OF_SYNAPTIC_STRUCTURE",0.99833722723043,0.452404317958783,1,42,0.295413033291996,12,"Pfn2 Amot Filip1 Kalrn Ptk2 Chmp2b Cln3 Rest Rhob Strn Nf1 Zdhhc17"
"GOBP_MODIFIED_AMINO_ACID_BIOSYNTHETIC_PROCESS",0.842610108743685,0.74455360956856,1,32,0.264058783721126,9,"Ptdss2 Mthfd1 Aldh7a1 Mgst2 Slc46a1 Mthfs Eif2ak3 Aldh9a1 Ckb"
"GOBP_MODIFIED_AMINO_ACID_CATABOLIC_PROCESS",-0.863994620773877,0.656195207481005,1,13,-0.395047717989807,3,"Pcyox1l Ahcy Sardh"
"GOBP_MODIFIED_AMINO_ACID_METABOLIC_PROCESS",0.900130916094619,0.752283105022831,1,115,0.223848798081419,24,"Chac2 Cryab Gstm5 Aldh1l1 Gstt3 Mtrr Cpt1b Ptdss2 Mtr Mthfd1 Aldh7a1 Mgst2 Cpt1a Slc46a1 Mthfs Serinc5 Nfe2l1 Egln2 Eif2ak3 Gstp3 Pcyox1 Lpcat3 Hmgn5 Aldh9a1"
"GOBP_MODIFIED_AMINO_ACID_TRANSPORT",0.777885843183785,0.804737975592247,1,20,0.274751443486975,6,"Abcc4 Slc25a20 Slc6a20b Slc46a1 Slc7a6 Slc6a13"
"GOBP_MODULATION_BY_SYMBIONT_OF_ENTRY_INTO_HOST",-0.782444753257568,0.778592773702798,1,24,-0.315946726303334,12,"Nectin2 Tmprss4 Trim5 Trim12c Exoc7 Hmgb1 Trim30d Trim30a Itgav Trim62 Trim30b P4hb"
"GOBP_MODULATION_OF_EXCITATORY_POSTSYNAPTIC_POTENTIAL",-0.768215011934921,0.816547231270358,1,33,-0.292967225881779,9,"Celf4 Lrrk2 Prkcz Sv2c Stx1a Grin2d Tbc1d24 Sv2a Mtmr2"
"GOBP_MODULATION_OF_PROCESS_OF_ANOTHER_ORGANISM",-0.893940055197167,0.676907380115633,1,89,-0.295715914855625,24,"Fbxl2 Ccl3 Hmga2 Pomc Card9 Smc5 Cul5 Lrrc15 Jun Rrp1b Rab29 Trim26 Trim5 Slpi Tfap4 Ddx56 Fasn Trim56 Nucks1 Trim12c Pi4ka Stom Ythdc2 Ccnt1"
"GOBP_MOLTING_CYCLE",-0.76780536659173,0.85655833528174,1,69,-0.261650885252375,14,"Wnt10a Bcl2 Dnase1l2 Trps1 Tert Lamc1 Egfr Tmem79 Tnf Intu Zdhhc21 Celsr1 Naglu Lgr5"
"GOBP_MOLTING_CYCLE_PROCESS",-0.739046358185482,0.888730554565966,1,63,-0.255241000495469,13,"Wnt10a Bcl2 Dnase1l2 Trps1 Lamc1 Egfr Tmem79 Tnf Intu Zdhhc21 Celsr1 Naglu Lgr5"
"GOBP_MONOAMINE_TRANSPORT",-1.18305794772079,0.228959617561957,1,41,-0.435661384874897,10,"Kcnb1 Chrnb2 Slc18a2 Nat8l Xlr4a Pick1 Gabbr1 Stx1a Smpd3 Syt11"
"GOBP_MONOATOMIC_ANION_HOMEOSTASIS",-0.597513338141761,0.932516243354991,1,12,-0.277482519615946,3,"Slc12a2 Cacna1a Slc12a7"
"GOBP_MONOATOMIC_ANION_TRANSPORT",-1.00763153001683,0.458151339865423,1,67,-0.345375849480278,11,"Best1 Slc25a27 Lrrc8b Slc5a6 Clcn2 Slc26a11 Slc26a6 Slc12a2 Slc1a2 Slc26a2 Tg"
"GOBP_MONOATOMIC_ION_HOMEOSTASIS",-0.943630405478408,0.659979736575481,1,346,-0.284574395726028,46,"Nol3 Ncs1 Ccl3 Slc25a27 Hmox1 Plcl1 Ccr7 Slc11a2 Klhl3 Marcksl1 Bcl2 Calml3 Gcm2 Lck Hyal2 Tmtc4 Rab39 Plcl2 Cd40 Mcu Cd19 Fxyd2 Pde4d Trmt10a Lrrk2 Tmem38a Cacnb2 Ccr1l1 Pkd2 Slc26a6 Slc12a2 Ankrd9 Slc39a8 Calcb Ddit3 Mon1a Cib3 Cul5 Disc1 Tmem9 Cacna1a Gsto1 Slc31a2 Sv2a Ryr1 Thy1"
"GOBP_MONOCARBOXYLIC_ACID_BIOSYNTHETIC_PROCESS",0.893690334454743,0.791237113402062,1,127,0.218777159038841,13,"Cyp7b1 Amacr Per2 Erlin2 Anxa1 Aldh1a3 Nr1d1 Errfi1 Kat2b Decr2 Pla2g4f Ido1 Ptges2"
"GOBP_MONOCARBOXYLIC_ACID_CATABOLIC_PROCESS",0.797674585688575,0.935567010309278,1,90,0.20623323211603,16,"Pon3 Fah Cpt1b Ldhd Decr2 Cyp4f18 Acad10 Pex13 Hacl1 Gcdh Aig1 Cpt1a Irs2 Acaa2 Pccb Acox1"
"GOBP_MONOCARBOXYLIC_ACID_METABOLIC_PROCESS",0.872861004019581,0.98780487804878,1,393,0.188598874522239,78,"Trex1 Cyp7b1 Amacr Per2 Erlin2 Sirt6 Pla2g4d Anxa1 Abcc4 Aldh1a3 Nr1d1 Apoe Pon3 Errfi1 Acot11 Akr1c13 Kat2b Aasdh Acot2 Fah Cyp4f16 Cpt1b Ldhd Pdpr Tkfc Decr2 Pla2g4f Ido1 Cyp4f18 Acad10 Pex13 App Ptges2 Insr Hacl1 Gpam Gcdh Arnt Appl2 Pfkfb4 Aig1 Cpt1a Mgat4a Sigmar1 Acad9 Dgat2 Arl2 Irs2 Npc1 Galt Mpc2 Acaa2 Bpgm Pccb Naaa Cbr4 Acox1 Nfe2l1 Rptor Mgst3 Cyp2j6 Ier3 Hacd2 Acsf3 Asah1 Eif2ak3 Mpi Echs1 Aacs Grhpr Oxsm Gstp3 Foxk2 Cbfa2t3 Haao Ddit4 Ivd Scd2"
"GOBP_MONOCARBOXYLIC_ACID_TRANSPORT",-1.0312151748269,0.418289980170302,1,71,-0.350605040981804,14,"Cd36 Slc16a3 Repin1 Slc5a6 Pla2g4a Fabp5 Abcb4 Slc26a6 Slc27a3 Pla2g12a Emb Stard10 Lypla1 Tnf"
"GOBP_MONOCYTE_CHEMOTACTIC_PROTEIN_1_PRODUCTION",0.948384987585026,0.515488215488215,1,17,0.347719483365648,5,"Oas3 Ager Mcoln2 Nod2 Cd84"
"GOBP_MONOCYTE_CHEMOTAXIS",1.13503853609367,0.270048489369638,1,22,0.39198444373834,9,"Lgals3 Anxa1 Aif1 Cx3cr1 Nbl1 App Ccr2 Ninj1 Ptpro"
"GOBP_MONOCYTE_DIFFERENTIATION",1.04559402893642,0.3756038647343,1,27,0.34318316380672,4,"Il31ra Rxra Csf1 Gpr68"
"GOBP_MONONUCLEAR_CELL_DIFFERENTIATION",-1.09037428145611,0.23121096111223,1,413,-0.326714187690918,77,"Ms4a1 Rag2 Pou2af1 Itgam Ccdc39 Rasgrp1 Cd79a Gadd45g Fut7 Ccr7 Loxl3 Bcl2 Ntrk1 Nfix Vegfa Lfng Zc3h8 Fos Fanca Diaph3 Lck Nfil3 Adgrg3 Ankle1 Il15ra Ptpn22 Dusp10 Il12a Rorc Cd69 Plcl2 Cd19 Il18 Rag1 Lilrb4a Zbtb7b Ada Il15 Prkcz Hells Tsc1 Sox12 Foxp3 Sema4a Rora Hlx Il2ra Jun Pglyrp2 Fzd5 Smc4 Hmgb3 Cebpb Hdac7 Syvn1 Drosha Abcg2 Naglu Tusc2 Smarcc1 Nfkbid Smad7 Ripk2 Ezh2 Phf10 Cd1d1 Thoc5 Runx1 Dnajb9 Lyl1 Jmjd6 Relb Kit Cd79b Hmga1 Klhl25 Hdac5"
"GOBP_MONONUCLEAR_CELL_MIGRATION",-0.814867071670961,0.842241658568189,1,134,-0.260004698939146,14,"Ccl3 Fut7 Ccr7 Cd81 Trpm4 Rarres2 Cd99l2 AI182371 Trim55 Il12a Cd69 Gpr15 Ccr1l1 Eps8"
"GOBP_MONOSACCHARIDE_BIOSYNTHETIC_PROCESS",-0.677215136833069,0.959514170040486,1,78,-0.227677827666518,3,"Atf3 Ppargc1a Gpt2"
"GOBP_MONOSACCHARIDE_CATABOLIC_PROCESS",-0.679169732949332,0.91922290388548,1,37,-0.254005728238604,8,"Lrp5 Eno3 Hk2 Tigar Gale Pfkfb2 Hk1 Glyctk"
"GOBP_MONOSACCHARIDE_METABOLIC_PROCESS",-0.988373332628263,0.521085594989562,1,201,-0.305976158490155,19,"Atf3 Cd36 Fuom Ppargc1a Oas1c Lrp5 Oas1a Gpt2 Igf1 Pfkfb3 Gpld1 Fabp5 Rorc Phka1 Eno3 Xylb Hk2 Slc25a10 Fbn1"
"GOBP_MORPHOGENESIS_OF_AN_EPITHELIAL_SHEET",0.771161708274332,0.885176470588235,1,39,0.230963397617908,5,"Dll4 Cd151 Arhgap35 Phactr4 Acvrl1"
"GOBP_MORPHOGENESIS_OF_AN_EPITHELIUM",-0.925580452881575,0.698828323993887,1,303,-0.280762380898117,61,"Ptk7 Ccdc39 Esr1 Hmga2 Stil Wnt10a Rasip1 Itga5 Luzp1 Hes1 Klhl3 Bcl2 Lrp5 Brsk2 Vegfa Cecr2 Igf1 Wnt6 Bbs4 Kif20b Pkd2 Pard3 Timeless Slc12a2 Scrib Ctns Tsc1 Mthfr Tgif1 Lamc1 Vegfc Socs3 Egfr Lmo4 Kdm5b Fzd5 Tmem79 Tctn1 Zdhhc7 Tnf Intu Rbm15 Celsr1 Camsap3 Exoc5 Mst1 Clic4 Naglu Mthfd1l Eng Lgr5 Glmn Ift122 Flna Specc1l Commd5 Runx1 Cdk20 Alms1 Megf8 Dlg3"
"GOBP_MORPHOGENESIS_OF_A_BRANCHING_STRUCTURE",-0.927937687948753,0.625356125356125,1,115,-0.299435728857428,20,"Esr1 Hmga2 Rasip1 Bcl2 Lrp5 Vegfa Igf1 Wnt6 Lrrk2 Pkd2 Timeless Slc12a2 Socs3 Kdm5b Fzd5 Tnf Rbm15 Celsr1 Clic4 Eng"
"GOBP_MORPHOGENESIS_OF_A_POLARIZED_EPITHELIUM",-1.05137959671035,0.395688097082365,1,35,-0.397068156077833,10,"Ptk7 Brsk2 Scrib Zdhhc7 Intu Celsr1 Camsap3 Exoc5 Alms1 Dlg3"
"GOBP_MORPHOGENESIS_OF_EMBRYONIC_EPITHELIUM",-0.903964834874619,0.67318156579678,1,106,-0.293710291343365,24,"Ptk7 Stil Luzp1 Cecr2 Wnt6 Bbs4 Kif20b Scrib Tsc1 Mthfr Tgif1 Vegfc Lmo4 Tctn1 Celsr1 Mthfd1l Glmn Ift122 Specc1l Cdk20 Kdm6a Sox8 Hes5 Ift57"
"GOBP_MOTOR_BEHAVIOR",-0.915183488065709,0.598886172235806,1,24,-0.369545869938301,5,"Pfkfb3 Pomc Bcl7a Elp6 Naglu"
"GOBP_MOTOR_NEURON_APOPTOTIC_PROCESS",-1.15753191365767,0.296810395747194,1,12,-0.537552639304252,1,"Kcnb1"
"GOBP_MOTOR_NEURON_AXON_GUIDANCE",-0.987415475779124,0.501944361352079,1,11,-0.468923655992461,5,"Ntn3 Rac3 Lmo4 Alcam Cxcr4"
"GOBP_MRNA_3_END_PROCESSING",-0.779143569536798,0.808136614766449,1,42,-0.286410855761264,16,"Mblac1 Lsm11 Tut1 Slbp Tent4b Clp1 Rprd2 Pcf11 Sympk Zcchc8 Ahcyl1 Pabpn1 Cpsf3 Cstf2 Leo1 Cpsf7"
"GOBP_MRNA_CATABOLIC_PROCESS",-0.927441124680433,0.667391754713072,1,223,-0.285295333940715,86,"Tent5c Vegfa Igf2bp3 Pym1 Tent4a Cryz Nrde2 Zfp36 Pnpt1 Dis3l Secisbp2 E2f1 Tut1 Mtpap Zc3h12c Cul4a Cnot9 Carhsp1 Pum1 Zc3h12d Ago1 Mov10 Eif4enif1 Tent4b Dcp1a Dhx34 Eri1 Vim Helz Cnot6 Dxo Smg6 Ikbke Smg9 Etf1 Dcp2 Traf2 Lsm2 Smg8 Nudt12 Senp1 Pelo Pde12 Dnd1 Ythdf1 Upf3a Ctif Smg5 Srsf1 Zc3h12b N4bp2 Zfp36l2 Ago2 Apex1 Pias4 Exosc9 Hnrnpab Mtor Rnps1 Gigyf2 Mettl14 Samd4b Ddx5 Fxr1 Brf1 Exosc2 Alkbh5 Nbas Cnot7 Ythdf3 Mettl3 Mapkapk2 Gspt1 Cnot8 Lsm7 Elavl1 Rc3h2 Zc3hav1 Paip1 Patl1 Plekhn1 Rbm10 Exosc3 Dhx9 Nanos3 Gtpbp1"
"GOBP_MRNA_CIS_SPLICING_VIA_SPLICEOSOME",0.572305561716105,0.989082086534573,1,28,0.1851138915624,28,"Sart1 Rbm22 Cwc15 Prpf4b Sde2 Slu7 Clns1a Ncbp2 Prpf39 Dcps Prpf40a Exosc10 Wbp4 Rbm17 Cactin Upf1 Upf3b Eif1 Sfswap Sf1 Psip1 BC005624 Yju2 Sf3a1 Srsf1 Upf3a Snrpc Prpf40b"
"GOBP_MRNA_EXPORT_FROM_NUCLEUS",0.517573014542091,1,1,58,0.143190223508603,58,"Nup107 Ncbp3 Nxt2 Nup155 Nup214 Casc3 Rbm15b Pcid2 Gle1 Alyref2 Nup133 Fmr1 Akap8l Thoc3 Thoc2 Nxt1 Ncbp2 Chtop Hhex Ddx19a Fyttd1 Xpo1 Nup88 Magohb Rbm8a Nup160 Nxf1 Sem1 Srsf3 Setd2 Alyref Hnrnpa2b1 Poldip3 Eif4e Thoc7 Ncbp1 Ddx39b Ythdc1 Wnk1 Mcm3ap Magoh Eif4a3 Sarnp Tpr Eny2 Thoc1 Mettl3 Ddx19b Alkbh5 Pabpn1 Mettl14 Thoc6 Nup85 Nsun2 Thoc5 Iws1 Nup93 Zc3h11a"
"GOBP_MRNA_METHYLGUANOSINE_CAP_DECAPPING",-0.964125422624974,0.527007716490426,1,16,-0.422703507317998,7,"Zfp36 Eif4enif1 Dcp1a Dcp2 Nudt12 Cnot7 Patl1"
"GOBP_MRNA_MODIFICATION",-0.995266762672737,0.483367839889579,1,21,-0.413356335202235,12,"Pus7l Rpusd2 Rpusd3 Wtap Hnrnpc Dnajb11 Hnrnpab Mettl14 Trub2 Pus1 Rpusd4 Mettl3"
"GOBP_MRNA_PROCESSING",-0.855101020233337,0.887816646562123,1,443,-0.255660119342518,154,"Nol3 Gm7324 Mblac1 Brdt Arvcf Usp49 Coil Akap17b Celf4 Pus7l Usp39 Gpatch1 Snip1 Tent4a Rpusd2 Tsen2 Nrde2 Cwc25 Pnpt1 Rbm44 Rrp1b Lsm11 Zfp64 Trmt10c Prkrip1 Trmt2a Tut1 Rbm15 Mtpap Hdac7 Slbp Iws1 Bclaf3 Ddx46 Gpkow Thoc5 Rpusd3 Trmt61a Prpf40b Myg1 Tent4b Jmjd6 Dbr1 Prpf18 Wtap Cpsf4 Ddx47 Rbm14 Snrpb2 Rbm28 Cdc40 Rbm19 Rnf113a2 Prmt9 Eftud2 Zrsr2 Hnrnpc Clp1 Rnpc3 Mtrex Snrpc Gemin7 Srsf6 Tsen34 Tssc4 Nsun2 Larp7 Lsm3 Lsm2 Zcrb1 Prpf3 Pde12 Ppwd1 Rprd2 Rbm4 Pcf11 Cdk11b Sfpq Upf3a Srsf5 Zmat5 Ecd Ncl Sf3b3 Pqbp1 Rbmxl1 Srsf1 Prdx6 Fra10ac1 Ptcd2 Sympk Cbll1 Zcchc8 Ahcyl1 Sf3a1 Snrpf Srek1 Tfip11 Yju2 Raly Dhx40 Gemin4 Rnps1 Thoc6 Mettl14 Cwc22 Nsrp1 Prpf38a Trub2 Puf60 Snrpd3 Ddx5 Ddx17 Cdk12 Gemin5 Pabpn1 Celf2 Pus1 Alkbh5 Pnn Ppil1 BC005624 Snw1 Rpusd4 Snrnp35 Prpf19 Scaf8 Khdrbs1 Mettl3 Scaf4 Ptbp2 Zbtb7a Ccnl1 Prpf31 Lsm7 Srsf2 Tsen54 Smu1 Rbm39 Cpsf3 Wdr77 Nono Rbmx2 Cstf2 Rnf113a1 Hsf1 Rbm10 Tsen15 Cdc5l Psip1 Dhx9 Leo1 Snrnp48 Sf1"
"GOBP_MRNA_PSEUDOURIDINE_SYNTHESIS",-1.20277064179545,0.257610177192185,1,10,-0.582521245424106,6,"Pus7l Rpusd2 Rpusd3 Trub2 Pus1 Rpusd4"
"GOBP_MRNA_SPLICE_SITE_RECOGNITION",-1.23535331884136,0.199890844589985,1,23,-0.50342286463861,2,"Nol3 Celf4"
"GOBP_MRNA_TRANSCRIPTION",-0.675864606447365,0.942620957938245,1,54,-0.238665786691595,21,"Taf4b Nr1h2 Thra Flna Taf8 S100a10 Irf3 Rxrb Taf12 Taf6 Taf7 Taf5 Atf4 Taf9 Tbp Med1 Taf3 Tfcp2 Ddx5 Creb1 Taf1"
"GOBP_MRNA_TRANSCRIPTION_BY_RNA_POLYMERASE_II",-0.756642634809696,0.842197035745423,1,44,-0.275743722538191,19,"Taf4b Nr1h2 Thra Flna Taf8 S100a10 Rxrb Taf12 Taf6 Taf7 Taf5 Atf4 Taf9 Tbp Med1 Taf3 Tfcp2 Creb1 Taf1"
"GOBP_MRNA_TRANSPORT",0.463462244518676,1,1,107,0.115667351750304,12,"Ranbp17 Kif5c Ndc1 Nup107 Ncbp3 Ahctf1 Igf2bp2 Nxt2 Nup155 Fxr2 Nup214 Ranbp2"
"GOBP_MUCUS_SECRETION",-0.891140821114578,0.619653006281783,1,11,-0.423202817954058,3,"Ada Egfr Prkce"
"GOBP_MULTICELLULAR_ORGANISMAL_LEVEL_IRON_ION_HOMEOSTASIS",-1.31145867590684,0.136858475894246,1,18,-0.563140652950633,3,"Hmox1 Slc11a2 Hyal2"
"GOBP_MULTICELLULAR_ORGANISMAL_LEVEL_WATER_HOMEOSTASIS",-0.954297851233427,0.545333727111636,1,12,-0.443171650440229,4,"Aqp3 Hyal2 Ctns Akap11"
"GOBP_MULTICELLULAR_ORGANISMAL_MOVEMENT",0.964604522427618,0.50177304964539,1,35,0.295704438361605,5,"Homer1 Tshz3 Selenon Myh14 Diaph2"
"GOBP_MULTICELLULAR_ORGANISMAL_RESPONSE_TO_STRESS",-0.790471430222374,0.808708414872798,1,51,-0.281358786927241,13,"Nr4a2 Bcl2 Ntrk1 Pde8b Rag1 Kcnip3 Atat1 Cacna1a Osm Runx1 Hdac5 Hmgcs2 Prkcg"
"GOBP_MULTICELLULAR_ORGANISM_GROWTH",-1.09580344139585,0.287035069075452,1,160,-0.344488220007468,33,"Galnt3 Hmga2 Stil Bcl2 Nfix Igf1 Bbs4 H2-Q2 Siah1a Xrcc2 Pde4d Pkdcc Plag1 Slc12a2 Bbs2 Pls1 Slc1a2 Flvcr1 Suv39h1 Gamt Smpd3 Icmt Stk40 Clic4 Ercc1 Cdkn1c Palb2 Gpat4 Alms1 Hmga1 Kdm6a Cox10 Wdr48"
"GOBP_MULTIVESICULAR_BODY_LYSOSOME_FUSION",-0.390485947797393,0.998182644252612,1,10,-0.189118650495157,2,"Chmp7 Chmp1a"
"GOBP_MULTIVESICULAR_BODY_ORGANIZATION",-0.575635271262504,0.963961447129487,1,19,-0.243527296371346,7,"Chmp7 Vps4a Stam2 Chmp1a Vps37b Chmp4b Vps4b"
"GOBP_MULTIVESICULAR_BODY_SORTING_PATHWAY",0.868689674901212,0.689320388349515,1,31,0.274310331035174,9,"Snx32 Chmp2b Laptm4b Ptpn23 Lyst Sort1 Tmem50b Rab27a Ubxn6"
"GOBP_MULTI_MULTICELLULAR_ORGANISM_PROCESS",-0.871350291893837,0.733495521397766,1,110,-0.282419211436912,18,"Esr1 Fut7 Vegfa Fos Hyal3 Pla2g4a H2-Q2 Fosb Ppp3cc Maged2 Sphk2 Thbd Ints1 Havcr2 Rgs2 Junb Abcg2 Mst1"
"GOBP_MUSCLE_ADAPTATION",-0.723054805214278,0.924502558271745,1,88,-0.239592798258693,22,"Nol3 Hdac4 Igf1 Trip10 Gtf2ird2 Akap1 Cers1 Camta2 Rgs2 Ezh2 Kcnn4 Adra1b Smad3 Ece1 Jund Cmya5 Fbxo32 Nr3c1 Cflar Gsk3b Nfatc1 Tnfrsf1a"
"GOBP_MUSCLE_CELL_APOPTOTIC_PROCESS",-1.05926172758076,0.371632512088418,1,80,-0.35479995875904,7,"Nol3 Esr1 Hmox1 Bcl2 Igf1 Il12a Trip10"
"GOBP_MUSCLE_CELL_CELLULAR_HOMEOSTASIS",0.661452625819127,0.900607222754874,1,14,0.256473905141483,7,"Large1 Apc Cfl2 Srf Hif1a Tgfb1 Gaa"
"GOBP_MUSCLE_CELL_DEVELOPMENT",-0.934033585853798,0.6163132137031,1,122,-0.29997073564229,22,"Mybpc2 Hes1 Bcl2 Vegfa Cdk1 Hdac4 Igf1 Cntnap1 Stac3 Cxadr Pdgfrb Trip10 Meis1 Actn2 Maml1 Akap1 Ryr1 Sdc1 Csrp2 Rgs2 Naglu Eng"
"GOBP_MUSCLE_CELL_DIFFERENTIATION",-0.72697165104937,0.971360873596374,1,246,-0.222515090329776,59,"Mybpc2 Hes1 Bcl2 Ntn3 Cd81 Vegfa Cdk1 Hdac4 Igf1 Cntnap1 Stac3 Cxadr Pdgfrb Tmem119 Trip10 Meis1 Tsc1 Bhlha15 Lamc1 Actn2 Cdon Maml1 Tanc1 Rora Akap1 Mrtfb Ryr1 Sdc1 Csrp2 Ehd1 Rgs2 Thra Abcg2 Naglu Eng Atp11a Glmn Ezh2 Adra1b Dyrk1b Casp7 Kit Akirin2 Hdac5 Arrb2 Capn3 Rxrb Piezo1 Chuk Tpm1 Nln Cacnb4 Rbm4 Nr3c1 Calr Vangl2 Cflar Smo Gsk3b"
"GOBP_MUSCLE_CELL_PROLIFERATION",-1.12383169336029,0.232523602418585,1,163,-0.352857066324905,28,"Orc1 Nol3 Esr1 Hmox1 Ppargc1a Vegfa Cdk1 Fgf20 Fos Hdac4 Igf1 Cxadr Il12a Il18 Pdgfrb Pde4d Nqo2 Ndc80 Tert Il15 Ddit3 Xrcc5 Egfr Jun Smpd3 Ang Cdkn1a Tnf"
"GOBP_MUSCLE_CONTRACTION",-1.07229503696345,0.341398137244406,1,144,-0.339609215205546,30,"Myl4 Sstr2 Chrnb2 Mybpc2 Agrn Trpm4 Ehd3 Hdac4 Lck Stac3 Nr4a1 Tpm2 Pde4d Tmem38a Cacnb2 Ada Bbs2 Ddit3 Stac2 Actn2 Scn2b Rem1 Smpd3 Pde4b Gsto1 Jup Ryr1 Zdhhc21 Rgs2 Rangrf"
"GOBP_MUSCLE_HYPERTROPHY",-0.613986651629704,0.988431281813975,1,77,-0.206683317315881,19,"Igf1 Trip10 Meis1 Akap1 Cers1 Camta2 Rgs2 Tiam1 Ezh2 Kcnn4 Adra1b Smad3 Ece1 Jund Fbxo32 Nr3c1 Gsk3b Tnfrsf1a Rap1gds1"
"GOBP_MUSCLE_ORGAN_DEVELOPMENT",-0.694321061258225,0.977994341402075,1,187,-0.215965746987625,42,"Atf3 Bcl2 Fhl4 Nfix Fos Hdac4 Cntnap1 Stac3 Fer1l6 Nr4a1 Fgfrl1 Zfpm1 Negr1 Usp2 Disp1 Pax5 Cdon Gtf3c5 Hlx Mrtfb Ryr1 Hdac7 Naglu Eng Smad7 Asnsd1 Sfmbt1 Hdac5 Sap30 Sox8 Smad3 Zbtb42 Capn3 Hmgcr Mettl8 Etv1 Tpm1 Nln Vangl2 Mtm1 Cflar Smo"
"GOBP_MUSCLE_ORGAN_MORPHOGENESIS",1.172606047322,0.201196070055532,1,32,0.367473548473739,5,"Sirt6 Dll4 Rxra Tgfbr3 Mybpc3"
"GOBP_MUSCLE_STRUCTURE_DEVELOPMENT",-0.760929497929077,0.974821230738242,1,409,-0.228053533030645,62,"Atf3 Nol3 Mybpc2 Hes1 Bcl2 Ntn3 Fhl4 Cd81 Nfix Vegfa Cdk1 Fos Hdac4 Igf1 Cntnap1 Stac3 Fer1l6 Cxadr Nr4a1 Fgfrl1 Il18 Pdgfrb Tmem119 Zfpm1 Trip10 Negr1 Usp2 Meis1 Tsc1 Bhlha15 Ddit3 Disp1 Lamc1 Pax5 Actn2 Cdon Maml1 Gtf3c5 Tanc1 Rora Hlx Akap1 Mrtfb Hinfp Tnf Ryr1 Sdc1 Csrp2 Ehd1 Rgs2 Thra Hdac7 Abcg2 Naglu Eng Atp11a Smarcc1 Glmn Smad7 Asnsd1 Ezh2 Phf10"
"GOBP_MUSCLE_SYSTEM_PROCESS",-0.940954263499003,0.639340864338273,1,227,-0.289203602822072,43,"Nol3 Myl4 Sstr2 Chrnb2 Mybpc2 Agrn Trpm4 Ehd3 Hdac4 Lck Igf1 Stac3 Nr4a1 Tpm2 Pde4d Tmem38a Cacnb2 Trip10 Ada Meis1 Bbs2 Gtf2ird2 Ddit3 Stac2 Actn2 Scn2b Rem1 Akap1 Cers1 Smpd3 Pde4b Gsto1 Jup Ryr1 Zdhhc21 Camta2 Rgs2 Rangrf Tiam1 Smad7 Ezh2 Kcnn4 Flna"
"GOBP_MUSCLE_TISSUE_DEVELOPMENT",-0.687360661952291,0.989730950913945,1,263,-0.209776816358045,36,"Atf3 Bcl2 Nfix Vegfa Cdk1 Fgf20 Fos Hdac4 Igf1 Cntnap1 Stac3 Fer1l6 Cxadr Nr4a1 Pdgfrb Zfpm1 Trip10 Pkd2 Usp2 Meis1 Tsc1 Pax5 Actn2 Cdon Maml1 Gtf3c5 Hlx Akap1 Mrtfb Ryr1 Csrp2 Rgs2 Hdac7 Abcg2 Naglu Eng"
"GOBP_MYD88_DEPENDENT_TOLL_LIKE_RECEPTOR_SIGNALING_PATHWAY",0.931331058642961,0.543698543381887,1,13,0.369075835588819,9,"Ccdc134 Tlr6 Hspd1 Tnip1 Cd300lf Myd88 Irf1 Tlr4 Tlr9"
"GOBP_MYD88_INDEPENDENT_TOLL_LIKE_RECEPTOR_SIGNALING_PATHWAY",0.606869816707241,0.927322074788902,1,11,0.251183380376902,3,"Cd274 Ticam1 Tlr6"
"GOBP_MYELIN_ASSEMBLY",-0.761708645410041,0.792519908987486,1,17,-0.33030228214494,2,"Cntnap1 Tppp"
"GOBP_MYELOID_CELL_APOPTOTIC_PROCESS",-1.223973265463,0.202139037433155,1,26,-0.48631135404402,4,"Itgam Bcl2 Il18 Plekho2"
"GOBP_MYELOID_CELL_DEVELOPMENT",-1.13030743129633,0.270733698821883,1,71,-0.384295628056687,14,"Itgam Slc11a2 Diaph3 Ankle1 Zfpm1 Fbn1 Meis1 Hdac6 Flvcr1 Cebpb Flna Nemp1 Jmjd6 Kit"
"GOBP_MYELOID_CELL_DIFFERENTIATION",-0.690475069377091,0.993515047117236,1,341,-0.208267457547742,47,"Itgam Ccdc39 Ccl3 Ccr7 Slc11a2 Cd81 Nfix Vegfa Fos Srp54c Diaph3 Ankle1 Clec1b Zfpm1 Ccr1l1 Fbn1 Il15 Meis1 Hdac6 Rab7b Zfp36 Flvcr1 Gabpa Jun Maf Gpr55 Tnf Hmgb3 Rbm15 Cebpb Rassf2 Thra Junb Abcg2 Naglu Cul4a Cdkn1c Prxl2a Flna Thoc5 Nemp1 Runx1 Jmjd6 Relb Kit Glo1 Hmga1"
"GOBP_MYELOID_CELL_HOMEOSTASIS",-0.853265203138949,0.786225306994127,1,152,-0.269300202365649,16,"Itgam Hmox1 Slc11a2 Vegfa Diaph3 Ankle1 Bbs4 Il18 Lilrb4a Zfpm1 Hdac6 Foxp3 Fancc Zfp36 Flvcr1 Pde4b"
"GOBP_MYELOID_DENDRITIC_CELL_ACTIVATION",0.90033900308377,0.6125,1,24,0.302257366571181,6,"Ltbr Tnfsf9 Batf Stard7 Gimap3 Psen1"
"GOBP_MYELOID_DENDRITIC_CELL_DIFFERENTIATION",1.17793343022557,0.255768605784855,1,15,0.446020004545504,7,"Ltbr Tnfsf9 Batf Gimap3 Psen1 Tgfbr2 Tgfb1"
"GOBP_MYELOID_LEUKOCYTE_DIFFERENTIATION",-0.838135730614924,0.833071361207168,1,187,-0.260698715967586,29,"Itgam Ccdc39 Ccl3 Ccr7 Cd81 Nfix Vegfa Fos Srp54c Diaph3 Zfpm1 Ccr1l1 Fbn1 Il15 Jun Gpr55 Tnf Cebpb Rassf2 Junb Abcg2 Naglu Cul4a Prxl2a Thoc5 Runx1 Relb Kit Glo1"
"GOBP_MYOBLAST_DIFFERENTIATION",-0.814813300553053,0.791466978375219,1,70,-0.277582452720472,14,"Nol3 Igf1 Il18 Ddit3 Cdon Maml1 Hinfp Tnf Sdc1 Smarcc1 Phf10 Sox8 Arid2 Capn3"
"GOBP_MYOBLAST_FUSION",-1.19117931511269,0.244030365769496,1,21,-0.494723158383611,8,"Ntn3 Cd81 Cdon Tanc1 Ehd1 Dyrk1b Cflar Gsk3b"
"GOBP_MYOBLAST_PROLIFERATION",-0.964874246106037,0.530336097773898,1,14,-0.435171431979479,2,"Fos Igf1"
"GOBP_MYOFIBRIL_ASSEMBLY",-0.592679342711942,0.971335504885994,1,33,-0.226024771937759,4,"Mybpc2 Pdgfrb Actn2 Csrp2"
"GOBP_MYOTUBE_CELL_DEVELOPMENT",-1.09048079784101,0.352753391859537,1,27,-0.429861303087826,5,"Bcl2 Hdac4 Igf1 Cntnap1 Stac3"
"GOBP_MYOTUBE_DIFFERENTIATION",-0.898932511065248,0.651925986267892,1,73,-0.304594940205199,16,"Bcl2 Ntn3 Cd81 Hdac4 Igf1 Cntnap1 Stac3 Tmem119 Bhlha15 Cdon Maml1 Tanc1 Ryr1 Ehd1 Thra Atp11a"
"GOBP_NADH_DEHYDROGENASE_COMPLEX_ASSEMBLY",0.726092209480283,0.930729893072989,1,38,0.2190778828224,10,"Ndufaf2 Ndufaf4 Tmem186 Acad9 Bcs1l Ndufaf5 mt-Nd6 mt-Nd5 mt-Nd2 Dmac2"
"GOBP_NADPH_REGENERATION",0.663495814355532,0.944257388701833,1,23,0.225309294088574,4,"Aldh1l1 Rpe Prps2 Rptor"
"GOBP_NADPLUS_BIOSYNTHETIC_PROCESS",0.647316042592816,0.895054282267792,1,11,0.267924070821105,3,"Ido1 Haao Nmrk1"
"GOBP_NADPLUS_METABOLIC_PROCESS",0.406517524507742,0.999595632834614,1,28,0.13148927073903,7,"Ido1 Haao Nmrk1 Got1 Ldhb Slc25a12 Slc25a13"
"GOBP_NADPPLUS_METABOLIC_PROCESS",-0.350969638016886,1,1,37,-0.131260705784086,11,"Shpk Nnt Tigar Prps1 Nadk2 Nudt12 Mtor Ncf2 Nampt Pgls Rpia"
"GOBP_NATURAL_KILLER_CELL_ACTIVATION_INVOLVED_IN_IMMUNE_RESPONSE",-0.568263403987418,0.95034400239306,1,11,-0.26986831734052,1,"Stx11"
"GOBP_NATURAL_KILLER_CELL_DIFFERENTIATION",-0.996672683765873,0.479468599033816,1,25,-0.398919570088057,6,"Rasgrp1 Nfil3 Il15ra Il15 Pglyrp2 Tusc2"
"GOBP_NATURAL_KILLER_CELL_MEDIATED_IMMUNITY",-1.17741965013809,0.216656822209096,1,65,-0.404734377013001,7,"Clnk Cd2 Rasgrp1 Il12a Il18 Stx11 Nectin2"
"GOBP_NATURAL_KILLER_CELL_PROLIFERATION",-1.06243033287888,0.417386036650008,1,10,-0.514552167453222,3,"Ptpn22 Il18 Il15"
"GOBP_NECROPTOTIC_PROCESS",-0.447510815547311,0.997874883782707,1,28,-0.17534171339342,1,"Mlkl"
"GOBP_NEGATIVE_ADAPTATION_OF_SIGNALING_PATHWAY",0.860802042573512,0.646532438478747,1,14,0.333770330322892,5,"Grk5 App Sag Camk2b Pld2"
"GOBP_NEGATIVE_CHEMOTAXIS",-1.11758952769393,0.34410010184781,1,14,-0.504048104812187,3,"Sema6d Sema4a Efna5"
"GOBP_NEGATIVE_REGULATION_OF_ACTIN_FILAMENT_BUNDLE_ASSEMBLY",0.755972919347623,0.849981294425739,1,23,0.256712583746642,4,"Met Kank3 Arhgap28 Prkn"
"GOBP_NEGATIVE_REGULATION_OF_ACTIN_FILAMENT_DEPOLYMERIZATION",-0.351929248178902,1,1,31,-0.135479586764362,9,"Eps8 Add3 Specc1l Tpm1 Flii Twf2 Twf1 Cfl1 Capza1"
"GOBP_NEGATIVE_REGULATION_OF_ACTIN_FILAMENT_POLYMERIZATION",-0.432551929961268,0.999252708930128,1,44,-0.157635155450364,4,"Bbs4 Eps8 Add3 Kank2"
"GOBP_NEGATIVE_REGULATION_OF_ACTIVIN_RECEPTOR_SIGNALING_PATHWAY",0.857255249207361,0.648131803471609,1,10,0.364603857399311,7,"Acvr1 Synj2bp Fstl3 Lemd3 Lefty1 Smurf1 Ski"
"GOBP_NEGATIVE_REGULATION_OF_ADAPTIVE_IMMUNE_RESPONSE",0.841431182459659,0.804232804232804,1,48,0.241372005438392,15,"Pdcd1 Hfe Clec4g Cd274 Cd46 Stat5a Nod2 Fbxo38 Vsir Il2 Zc3h12a Bcl6 Tnfrsf14 Klhl22 Ahr"
"GOBP_NEGATIVE_REGULATION_OF_ADENYLATE_CYCLASE_ACTIVATING_G_PROTEIN_COUPLED_RECEPTOR_SIGNALING_PATHWAY",1.14524350330151,0.295235223160434,1,11,0.47401621664887,4,"a Grk5 Arrdc3 Pde2a"
"GOBP_NEGATIVE_REGULATION_OF_ALPHA_BETA_T_CELL_ACTIVATION",0.840028162043089,0.768646717284502,1,36,0.255636793138707,13,"Lgals3 Anxa1 Hfe Cd274 Stat5a Btla Cbfb Vsir Il2 Zc3h12a Bcl6 Tnfrsf14 Socs5"
"GOBP_NEGATIVE_REGULATION_OF_ALPHA_BETA_T_CELL_DIFFERENTIATION",-0.991213859239293,0.488743348342202,1,23,-0.403932796291629,7,"Loxl3 Cd69 Zbtb7b Foxp3 Hlx Smad7 Runx1"
"GOBP_NEGATIVE_REGULATION_OF_ALPHA_BETA_T_CELL_PROLIFERATION",0.705666437508789,0.84167671893848,1,11,0.292075295742531,5,"Cd274 Btla Vsir Tnfrsf14 Slc4a2"
"GOBP_NEGATIVE_REGULATION_OF_AMIDE_METABOLIC_PROCESS",-1.07383537660742,0.382735018857382,1,19,-0.454295000790278,3,"Rtn1 Olfm1 Igf1"
"GOBP_NEGATIVE_REGULATION_OF_AMINE_TRANSPORT",-1.1586934211003,0.302286839315463,1,10,-0.561173935636231,5,"Slc43a1 Gabbr1 Tnf Syt11 Rgs2"
"GOBP_NEGATIVE_REGULATION_OF_AMYLOID_PRECURSOR_PROTEIN_CATABOLIC_PROCESS",-1.18273981895414,0.262671480144404,1,15,-0.526825303281618,3,"Rtn1 Olfm1 Igf1"
"GOBP_NEGATIVE_REGULATION_OF_ANDROGEN_RECEPTOR_SIGNALING_PATHWAY",-0.808468366699608,0.73152856715525,1,11,-0.383941665455361,1,"Igf1"
"GOBP_NEGATIVE_REGULATION_OF_ANTIGEN_RECEPTOR_MEDIATED_SIGNALING_PATHWAY",1.03355118820506,0.383838383838384,1,37,0.313668228584777,8,"Dusp3 Pdcd1 Lgals3 Prnp Cd274 Ptprj Btrc Ubash3a"
"GOBP_NEGATIVE_REGULATION_OF_APOPTOTIC_SIGNALING_PATHWAY",-0.877196419398402,0.764749030703133,1,187,-0.272848384617545,17,"Nol3 Nr4a2 Fcmr Hmox1 Fignl1 Bcl2 Vegfa Brca1 Igf1 Tmem14a Meis3 Ell3 Lrrk2 Tert G2e3 Hells Tnfrsf4"
"GOBP_NEGATIVE_REGULATION_OF_ATP_DEPENDENT_ACTIVITY",-1.21230675877606,0.243793000299133,1,11,-0.575724536888671,3,"Fxyd2 Cnn3 Tsc1"
"GOBP_NEGATIVE_REGULATION_OF_AUTOPHAGOSOME_ASSEMBLY",-0.575094542432658,0.947203110978163,1,11,-0.273112425310172,4,"Lrrk2 Phf23 Tmem39a Mtm1"
"GOBP_NEGATIVE_REGULATION_OF_AUTOPHAGY",-1.11485932216589,0.284186575654152,1,85,-0.370435734782879,16,"Rasip1 Rragd Hmox1 Bcl2 Ptpn22 Lrrk2 Usp36 Vhl Tsc1 Hdac6 Deptor Lzts1 Lypla1 Ubqln4 Phf23 Tigar"
"GOBP_NEGATIVE_REGULATION_OF_AUTOPHAGY_OF_MITOCHONDRION",0.454383848281206,0.992644895557517,1,10,0.193256447220887,10,"Clec16a Fbxl4 Pink1 Pptc7 Vps13c Rnf41 Tspo Usp30 Htra2 Tigar"
"GOBP_NEGATIVE_REGULATION_OF_AXONOGENESIS",-0.919780185055286,0.59177256648762,1,31,-0.35408094107027,4,"Sema6d Cit Hdac6 Thy1"
"GOBP_NEGATIVE_REGULATION_OF_AXON_EXTENSION",-1.27658309851293,0.168088737201365,1,17,-0.553569023178795,3,"Sema6d Cit Hdac6"
"GOBP_NEGATIVE_REGULATION_OF_AXON_REGENERATION",0.934670925391424,0.539864666078258,1,10,0.397529936517502,3,"Kremen1 Ptprs Lrig2"
"GOBP_NEGATIVE_REGULATION_OF_BEHAVIOR",-0.89084135385947,0.618961078297743,1,10,-0.431448853915216,3,"Pomc Ada Ttc21b"
"GOBP_NEGATIVE_REGULATION_OF_BINDING",-1.04157711629573,0.435088244092133,1,11,-0.494645021626879,5,"Hmga2 Ddx11 Smo Wapl Sympk"
"GOBP_NEGATIVE_REGULATION_OF_BIOMINERAL_TISSUE_DEVELOPMENT",-1.02169856568475,0.454701343240926,1,16,-0.447945419757593,8,"Trpm4 Ccr1l1 Cdon Rflnb Rflna Ecm1 Bcor Ptk2b"
"GOBP_NEGATIVE_REGULATION_OF_BLOOD_PRESSURE",-1.13735976999159,0.298930481283422,1,26,-0.451897917533824,5,"Cd36 Tac4 Bbs4 Vegfc Tnf"
"GOBP_NEGATIVE_REGULATION_OF_BLOOD_VESSEL_ENDOTHELIAL_CELL_MIGRATION",1.02925640668003,0.408406026962728,1,26,0.340708804915788,5,"Dll4 Angpt2 Apoe Stard13 Acvrl1"
"GOBP_NEGATIVE_REGULATION_OF_BMP_SIGNALING_PATHWAY",-0.911769175438174,0.601583467525497,1,25,-0.364936827716631,6,"Fbn1 Dand5 Bambi Twsg1 Mtmr4 Smad7"
"GOBP_NEGATIVE_REGULATION_OF_BONE_MINERALIZATION",-1.25054861013554,0.203780271707029,1,12,-0.580749176782898,7,"Trpm4 Ccr1l1 Rflnb Rflna Ecm1 Bcor Ptk2b"
"GOBP_NEGATIVE_REGULATION_OF_BONE_REMODELING",-0.898219053506899,0.614441819255759,1,12,-0.417128907798561,3,"Vegfa Tmem119 Dusp18"
"GOBP_NEGATIVE_REGULATION_OF_B_CELL_ACTIVATION",-1.01193542282786,0.454545454545455,1,26,-0.402064080618925,5,"Bank1 Lilrb4a Foxp3 Hmgb3 Tnfrsf21"
"GOBP_NEGATIVE_REGULATION_OF_B_CELL_APOPTOTIC_PROCESS",-0.749999242997444,0.790035067212157,1,13,-0.342925155222426,2,"Aurkb Ada"
"GOBP_NEGATIVE_REGULATION_OF_B_CELL_PROLIFERATION",0.60507696922431,0.935913312693498,1,12,0.245097734588652,3,"Btla Pkn1 Lyn"
"GOBP_NEGATIVE_REGULATION_OF_CALCINEURIN_MEDIATED_SIGNALING",0.941726875116562,0.532870928829916,1,11,0.389780696570161,3,"Prnp Dyrk2 Mapk7"
"GOBP_NEGATIVE_REGULATION_OF_CALCIUM_ION_TRANSMEMBRANE_TRANSPORT",-0.907023468876885,0.613183113183113,1,34,-0.343835389851034,8,"Bcl2 Ppp3cc Pkd2 Rem1 Gsto1 Prkce Fbxo11 Sestd1"
"GOBP_NEGATIVE_REGULATION_OF_CALCIUM_ION_TRANSMEMBRANE_TRANSPORTER_ACTIVITY",1.01055893483176,0.437618746041799,1,13,0.4004729358304,3,"Cacnb3 Pln Cbarp"
"GOBP_NEGATIVE_REGULATION_OF_CALCIUM_ION_TRANSPORT",-0.96440372129284,0.530220820189274,1,40,-0.356312551637027,10,"Hes1 Bcl2 Ppp3cc Pkd2 Usp2 Rem1 Gsto1 Prkce Fbxo11 Sestd1"
"GOBP_NEGATIVE_REGULATION_OF_CALCIUM_MEDIATED_SIGNALING",0.705186188872278,0.883236599522021,1,18,0.254074968172352,4,"Prnp Fkbp1b Dyrk2 Mapk7"
"GOBP_NEGATIVE_REGULATION_OF_CANONICAL_NF_KAPPAB_SIGNAL_TRANSDUCTION",-0.677019295682968,0.96304718590108,1,87,-0.224480700189128,12,"Esr1 Tspan6 Snip1 Slc39a8 Rora Prmt2 Irgm2 Dab2ip Nfkbid Mapkbp1 Ripk2 Usp10"
"GOBP_NEGATIVE_REGULATION_OF_CARBOHYDRATE_METABOLIC_PROCESS",-0.775133715080445,0.810841690999111,1,39,-0.287766720780857,7,"Ppargc1a Hdac4 Ppp1r3b Smpd3 Mst1 Adra1b Tigar"
"GOBP_NEGATIVE_REGULATION_OF_CARDIAC_MUSCLE_CELL_PROLIFERATION",-0.659947431339486,0.886628776548011,1,11,-0.313409066251834,1,"Cxadr"
"GOBP_NEGATIVE_REGULATION_OF_CARDIAC_MUSCLE_TISSUE_GROWTH",0.813059769513339,0.755315180902648,1,22,0.280789392909571,5,"Pi16 Rbp4 Pak1 Apc Vgll4"
"GOBP_NEGATIVE_REGULATION_OF_CATABOLIC_PROCESS",-0.995597568361579,0.510866238138965,1,292,-0.302488072399396,68,"Tent5c Rasip1 Rragd Hmox1 Ppargc1a Bcl2 Vegfa Hdac4 Pde3b Ptpn3 Ptpn22 Gpld1 Igf2bp3 Lrrk2 Usp36 Vhl Tsc1 Tent4a Cryz Pbk Ppp1r3b Hdac6 Nmnat1 Fbxw8 Nrde2 Zfp36 Egfr Deptor Secisbp2 Lzts1 Ang Dab2ip Zdhhc7 Lypla1 Tnf Mettl1 E2f1 Ubqln4 Mtmr2 Smarcc1 F8a Flna Phf23 Eif4enif1 Tent4b Adra1b Tigar Dhx34 Agap2 Dedd Ikbke Usp5 Smad3 Mad2l1 Prkcg Hmgcr Nsun2 Trim27 Traf2 Senp1 Tmem39a Fbxo32 Dnd1 Ubxn2a Htra2 Mtm1 Gsk3b Upf3a"
"GOBP_NEGATIVE_REGULATION_OF_CATALYTIC_ACTIVITY",-0.845463042589178,0.807089947089947,1,167,-0.265039117530612,42,"Gadd45g Cnr2 Rasip1 Inca1 Ptpn22 Dusp10 Bbs4 Nt5dc2 Lrrk2 Gabbr1 Sh3bp5 Arrb1 Prkcz Tsc1 Zfp36 Deptor Rrp1b Cdkn1a Dab2ip Prkrip1 Thy1 Camk2a Ecm1 Nup62 Serpinb1a Tigar Gpsm1 Vps25 Tfap4 Arrb2 Mad2l1 Chordc1 Hmgcr Epm2a Cand1 Taf7 Nosip Gsk3b Rcc2 Palm Men1 Rap1gds1"
"GOBP_NEGATIVE_REGULATION_OF_CD4_POSITIVE_ALPHA_BETA_T_CELL_ACTIVATION",-0.951316400095317,0.540106951871658,1,26,-0.37797881678374,8,"Loxl3 Cd69 Zbtb7b Foxp3 Hlx Twsg1 Smad7 Runx1"
"GOBP_NEGATIVE_REGULATION_OF_CD4_POSITIVE_ALPHA_BETA_T_CELL_DIFFERENTIATION",-1.01906794927519,0.45175983436853,1,21,-0.423241495278346,7,"Loxl3 Cd69 Zbtb7b Foxp3 Hlx Smad7 Runx1"
"GOBP_NEGATIVE_REGULATION_OF_CELLULAR_RESPONSE_TO_GROWTH_FACTOR_STIMULUS",-1.01606066790785,0.44982741617357,1,48,-0.365165734428789,12,"Fgfrl1 Cd59a Il12a Cask Fbn1 Dand5 Bambi Dab2ip Twsg1 Mtmr4 Smad7 Ofd1"
"GOBP_NEGATIVE_REGULATION_OF_CELLULAR_RESPONSE_TO_HYPOXIA",-1.28132434871861,0.170667830641641,1,14,-0.577894740078668,2,"Nol3 Vhl"
"GOBP_NEGATIVE_REGULATION_OF_CELLULAR_RESPONSE_TO_INSULIN_STIMULUS",-0.8125662637427,0.76009560951063,1,41,-0.299227729670188,8,"Pid1 Prkcq Prkcz Fbxw8 Socs3 Tnf Ncoa5 Lonp1"
"GOBP_NEGATIVE_REGULATION_OF_CELLULAR_SENESCENCE",-0.872703080763936,0.65576259489303,1,21,-0.362452922888271,3,"Hmga2 Tert Ang"
"GOBP_NEGATIVE_REGULATION_OF_CELL_ACTIVATION",-0.908216742407827,0.683647260273973,1,147,-0.287310052843686,29,"Rag2 Clnk Cnr2 Bank1 Loxl3 Zc3h8 Ptpn22 Cd69 Lilrb4a Zbtb7b Cd86 Scrib Socs6 Foxp3 Lax1 Hlx Il2ra Pglyrp2 Hmgb3 Syt11 Havcr2 Cebpb Tnfrsf21 Twsg1 Nfkbid Glmn Smad7 Dusp22 Zc3h12d"
"GOBP_NEGATIVE_REGULATION_OF_CELL_ADHESION",-0.789221297353905,0.900733752620545,1,189,-0.245325753797859,35,"Rag2 Lrp1 Loxl3 Vegfa Zc3h8 Pde3b Ptpn22 Cd69 Rab40c Zbtb7b Cask Cd86 Scrib Socs6 Cul5 Foxp3 Lax1 Hlx Il2ra Dusp1 Gcnt2 Havcr2 Cebpb Tnfrsf21 Twsg1 Efna5 Acp5 Nfkbid Glmn Smad7 Dusp22 Rgcc Zc3h12d Specc1l Runx1"
"GOBP_NEGATIVE_REGULATION_OF_CELL_CELL_ADHESION",-0.718782081098745,0.95428203477141,1,141,-0.228106882524698,26,"Rag2 Loxl3 Vegfa Zc3h8 Ptpn22 Cd69 Zbtb7b Cd86 Scrib Socs6 Foxp3 Lax1 Hlx Il2ra Havcr2 Cebpb Tnfrsf21 Twsg1 Nfkbid Glmn Smad7 Dusp22 Rgcc Zc3h12d Specc1l Runx1"
"GOBP_NEGATIVE_REGULATION_OF_CELL_CYCLE_G1_S_PHASE_TRANSITION",-0.896468812975054,0.64130299639438,1,45,-0.325529260481452,12,"E2f7 Bcl2 Pkd2 Haspin Rfwd3 Prmt2 Cdkn1a Ppp2r3d Kank2 Ezh2 Zc3h12d Rpa2"
"GOBP_NEGATIVE_REGULATION_OF_CELL_DEVELOPMENT",-1.14449644711339,0.200085097330071,1,159,-0.359959106152195,30,"Rag2 Sema6d Ccl3 Hmga2 Hes1 Loxl3 Vegfa Zc3h8 Cit Igf1 Dusp10 Cd69 Lilrb4a Zbtb7b Zfpm1 Fbn1 Tert Negr1 Hdac6 Foxp3 Hlx Pglyrp2 Gpr55 Hmgb3 Rflnb Thy1 Rflna Cul4a Nfkbid Smad7"
"GOBP_NEGATIVE_REGULATION_OF_CELL_DIFFERENTIATION",-0.958293467829031,0.625201612903226,1,398,-0.287527835040951,73,"Trib2 Rag2 Sema6d Ccl3 Tent5c Hmga2 Fuom Hes1 Loxl3 Lrp5 Trpm4 Vegfa Zc3h8 Hdac4 Cit Igf1 Dusp10 Rap1gap Cd69 Il18 Lilrb4a Zbtb7b Tmem119 Zfpm1 Fbn1 Vhl Tert Negr1 Meis1 Bhlha15 Ddit3 Hdac6 Casz1 Cul5 Foxp3 Vegfc Ipo7 Bambi Rora Hlx Zfp36 Akap1 Gabpa Bcl7a Egfr Pglyrp2 Gpr55 Dab2ip Hdac8 Tnf Hmgb3 Spred2 Rflnb E2f1 Thy1 Rflna Rbm15 Rgs2 Twsg1 Hdac7 Cul4a Usf3 Ldlrad4 Smarcc1 Nfkbid Smad7 Ezh2 Thoc5 Zfp932 Eif4enif1 Suz12 Runx1 Fbxo11"
"GOBP_NEGATIVE_REGULATION_OF_CELL_GROWTH",-0.90905206044638,0.660889470241988,1,118,-0.292560950009148,17,"Sema6d Gdf9 Bcl2 Brca1 Cit Hyal2 Osgin2 Psrc1 Prdm11 Sphk2 D7Ertd443e Hdac6 Akap1 Sertad2 Cgrrf1 Cdkn1a Dab2ip"
"GOBP_NEGATIVE_REGULATION_OF_CELL_GROWTH_INVOLVED_IN_CARDIAC_MUSCLE_CELL_DEVELOPMENT",0.826382953108859,0.695114595898673,1,11,0.342039854237577,2,"Pi16 Pak1"
"GOBP_NEGATIVE_REGULATION_OF_CELL_JUNCTION_ASSEMBLY",-1.12251788597689,0.313248204309657,1,27,-0.442490140276426,7,"Lrp1 Mdga1 Rab40c Negr1 Cul5 Tnf Dusp22"
"GOBP_NEGATIVE_REGULATION_OF_CELL_KILLING",-0.611206501758483,0.954442821091778,1,28,-0.239480234962502,5,"Cd59a Nectin2 Cd59b Havcr2 Serpinb9"
"GOBP_NEGATIVE_REGULATION_OF_CELL_MATRIX_ADHESION",-1.07480370534928,0.373447946513849,1,23,-0.437996767417606,4,"Lrp1 Rab40c Cask Cul5"
"GOBP_NEGATIVE_REGULATION_OF_CELL_MIGRATION_INVOLVED_IN_SPROUTING_ANGIOGENESIS",1.10860708775739,0.328792569659443,1,12,0.449062019509011,2,"Dll4 Stard13"
"GOBP_NEGATIVE_REGULATION_OF_CELL_POPULATION_PROLIFERATION",-0.800920370783269,0.945384925433293,1,404,-0.240179300280512,83,"Esr1 E2f7 Inca1 Hmox1 Ppargc1a Hes1 Bcl2 Ntrk1 P3h3 Hdac4 Adgrg1 Igf1 Ptgds Cxadr Dusp10 Rap1gap Gpld1 Fgfrl1 Il12a Fxyd2 Zbtb7b Brip1 Cask Gabbr1 Cd86 Vhl Tert Il15 Negr1 Scrib Tsc1 Tgif1 Irf6 Pemt Foxp3 Vegfc Il2ra Dusp1 Jun Ang Fzd5 Cdkn1a Dab2ip Tnf E2f1 Intu Havcr2 Cebpb Tnfrsf21 Twsg1 Zbtb49 Eng Glmn Smad7 Cdkn1c Ppp2r3d Ift122 Zfp777 Kank2 Eef1e1 Gsdme Rgcc Kcnn4 Tinf2 Zc3h12d Nup62 Suz12 Runx1 Pmaip1 Hmga1 Eif2ak2 Serpinf1 Aimp2 Ppp1r15a Tfap4 Zbtb17 Arid2 Atg13 Smad3 Jund Tfdp1 Ift57 Tmem131l"
"GOBP_NEGATIVE_REGULATION_OF_CELL_PROJECTION_ORGANIZATION",-0.976123605998452,0.53873505010236,1,136,-0.310912241973492,19,"Sema6d Lrp1 Itga3 Luzp1 Hes1 Cit Il15ra Kif24 Rap1gap Lrrk2 Ccp110 Cep97 Tsc1 Hdac6 Katna1 Tbc1d7 Evi5l Thy1 Rab29"
"GOBP_NEGATIVE_REGULATION_OF_CELL_SIZE",-0.720138232560723,0.826139633499924,1,10,-0.348774575577086,2,"Tsc1 Deptor"
"GOBP_NEGATIVE_REGULATION_OF_CELL_SUBSTRATE_ADHESION",-0.939057069926805,0.561512561512561,1,34,-0.355978720297566,7,"Lrp1 Rab40c Cask Cul5 Gcnt2 Efna5 Dusp22"
"GOBP_NEGATIVE_REGULATION_OF_CELL_SUBSTRATE_JUNCTION_ORGANIZATION",-1.04378254750443,0.426693340954558,1,16,-0.457627745678748,4,"Lrp1 Rab40c Cul5 Dusp22"
"GOBP_NEGATIVE_REGULATION_OF_CENTROSOME_DUPLICATION",1.18031226466742,0.260253317249698,1,11,0.488531174854095,4,"Kat2b Cdk5rap2 Mdm1 Kat2a"
"GOBP_NEGATIVE_REGULATION_OF_CGAS_STING_SIGNALING_PATHWAY",-0.938033932168264,0.564464310657913,1,19,-0.396843068536269,6,"Lyplal1 Aurkb Smpdl3a Cgas Cul5 Irgm2"
"GOBP_NEGATIVE_REGULATION_OF_CHEMOKINE_PRODUCTION",-0.88720563033084,0.63452566096423,1,18,-0.380966298934667,2,"Oas1c Oas1a"
"GOBP_NEGATIVE_REGULATION_OF_CHEMOTAXIS",1.07772544468389,0.337933606863111,1,22,0.372191423906166,4,"Dusp3 Angpt2 Aif1 Nbl1"
"GOBP_NEGATIVE_REGULATION_OF_CHROMATIN_ORGANIZATION",-0.918767314760051,0.589739754711337,1,11,-0.436322641088555,5,"Samd1 Eri3 Eri1 Rlf Phf2"
"GOBP_NEGATIVE_REGULATION_OF_CILIUM_ASSEMBLY",-1.21821860196076,0.217348791730689,1,19,-0.515377526943613,6,"Luzp1 Kif24 Ccp110 Cep97 Tbc1d7 Evi5l"
"GOBP_NEGATIVE_REGULATION_OF_COAGULATION",0.904613966279384,0.591980302497362,1,19,0.322340126645399,3,"Angpt2 Ubash3b Apoe"
"GOBP_NEGATIVE_REGULATION_OF_COLD_INDUCED_THERMOGENESIS",-0.997201569200627,0.479546054367907,1,29,-0.387880980058728,7,"Plcl1 Plcl2 Il15 Ddit3 Acot13 Pctp Nr1h2"
"GOBP_NEGATIVE_REGULATION_OF_CYCLIN_DEPENDENT_PROTEIN_SERINE_THREONINE_KINASE_ACTIVITY",0.712483369168579,0.85212869678258,1,15,0.269779112639932,4,"Kat2b Cdk5rap2 Cdkn2c Apc"
"GOBP_NEGATIVE_REGULATION_OF_CYTOKINE_PRODUCTION",-0.953808024296861,0.603144850567531,1,206,-0.29489386172687,42,"Trib2 Ffar1 Hmox1 Bank1 Ccr7 Oas1c Oas1a Igf1 Pomc Ptpn22 Cd59a Il12a Zfpm1 Ccr1l1 Arrb1 Gbp7 Ddit3 Tnfrsf4 Gpr174 Foxp3 Zfp36 Pglyrp2 Traip Irgm2 Cmklr1 Tnf Syt11 Havcr2 Tnfrsf21 Twsg1 Hdac7 Tusc2 Acp5 Smad7 Ffar4 Mapkbp1 Ezh2 Rgcc Suz12 Serpinb1a Relb Il27ra"
"GOBP_NEGATIVE_REGULATION_OF_CYTOKINE_PRODUCTION_INVOLVED_IN_IMMUNE_RESPONSE",-0.943578061173715,0.558007013442431,1,13,-0.431435972920809,4,"Hmox1 Foxp3 Tnf Smad7"
"GOBP_NEGATIVE_REGULATION_OF_CYTOKINE_PRODUCTION_INVOLVED_IN_INFLAMMATORY_RESPONSE",-0.754682002646902,0.81830274009045,1,27,-0.29749133567231,4,"Hmox1 Ccr1l1 Zfp36 Ezh2"
"GOBP_NEGATIVE_REGULATION_OF_CYTOPLASMIC_PATTERN_RECOGNITION_RECEPTOR_SIGNALING_PATHWAY",-1.13795917551512,0.272211492032834,1,56,-0.399394554459571,12,"Fbxl2 Lyplal1 Ptpn22 Tspan6 Aurkb Smpdl3a Abhd8 Cgas Cul5 Rab7b Irgm2 Rnf170"
"GOBP_NEGATIVE_REGULATION_OF_CYTOSKELETON_ORGANIZATION",0.790789060348531,0.962328767123288,1,115,0.196657150120979,15,"Gas2l1 Pfn2 Kat2b Met Kank3 Plekhh2 Cdk5rap2 Sgk1 Arhgap28 Camsap2 Mdm1 Kat2a Prkn Mfn2 Apc"
"GOBP_NEGATIVE_REGULATION_OF_DEFENSE_RESPONSE",-0.899819947448226,0.71472198820556,1,179,-0.280823304919244,32,"Uaca Aoah Oas1c Oas1a Igf1 Pomc Dusp10 Dtx4 Cd69 Nectin2 Aurkb Ada Rnf26 Slc39a8 Pbk Trim45 Foxp3 Socs3 Rora Zfp36 Il2ra Prmt2 Ttll12 Irgm2 Syt11 Nr1h2 Havcr2 Serpinb9 Acp5 Ffar4 Mapkbp1 Nlrc5"
"GOBP_NEGATIVE_REGULATION_OF_DEFENSE_RESPONSE_TO_VIRUS",-0.588461386683975,0.953356086461889,1,17,-0.255176490574372,3,"Rnf26 Foxp3 Irgm2"
"GOBP_NEGATIVE_REGULATION_OF_DENDRITIC_SPINE_DEVELOPMENT",0.837790800983704,0.675492791997646,1,10,0.356325327858598,4,"Apoe Ngfr Ptprs Dtnbp1"
"GOBP_NEGATIVE_REGULATION_OF_DEVELOPMENTAL_GROWTH",-0.917127253925697,0.615402676684668,1,68,-0.313457527783837,9,"Sema6d Cit Cxadr Dusp10 Bbs2 Hdac6 Akap1 Cdkn1a Rgs2"
"GOBP_NEGATIVE_REGULATION_OF_DNA_BINDING_TRANSCRIPTION_FACTOR_ACTIVITY",-1.10137909059814,0.30951826855946,1,74,-0.37268455574082,18,"Esr1 Hmox1 Rwdd3 Adgrg3 Arrb1 Ddit3 Foxp3 Prmt2 Traip Cmklr1 Havcr2 Thra Nfkbid Paxip1 Ezh2 Flna Nlrc5 Zfp932"
"GOBP_NEGATIVE_REGULATION_OF_DNA_BIOSYNTHETIC_PROCESS",0.825288424898617,0.753409090909091,1,24,0.277061756868401,5,"Chek1 Pif1 Gnl3l Ctc1 Terf2"
"GOBP_NEGATIVE_REGULATION_OF_DNA_DAMAGE_RESPONSE_SIGNAL_TRANSDUCTION_BY_P53_CLASS_MEDIATOR",0.797337987459739,0.740172579098754,1,14,0.309162560369622,3,"Snai1 Kdm1a Cd74"
"GOBP_NEGATIVE_REGULATION_OF_DNA_METABOLIC_PROCESS",-1.10304357557758,0.291275019351985,1,110,-0.357514882009275,30,"Hmga2 Aunip Rmi2 Ankle1 Shld3 Cdt1 Fancb Rtel1 Timeless Cgas Xrcc5 Nmnat1 Foxp3 Dusp1 Ogg1 Ttf1 H1f0 Cdkn1a Ubqln4 Ercc1 Tinf2 Tent4b Smg6 Smchd1 Rad18 Cyren Stn1 Blm Dcp2 Tspyl2"
"GOBP_NEGATIVE_REGULATION_OF_DNA_RECOMBINATION",-1.06956489935735,0.371627502175805,1,45,-0.388384588159016,14,"Rmi2 Ankle1 Shld3 Fancb Rtel1 Cgas Foxp3 H1f0 Ubqln4 Smchd1 Rad18 Blm Parp3 Msh2"
"GOBP_NEGATIVE_REGULATION_OF_DNA_REPAIR",-1.23129258732352,0.179467583747293,1,38,-0.458683423588855,8,"Hmga2 Aunip Rmi2 Shld3 Fancb Cgas Ogg1 Ubqln4"
"GOBP_NEGATIVE_REGULATION_OF_DNA_REPLICATION",-0.939522619885256,0.559158134243459,1,17,-0.407408354027332,10,"Cdt1 Timeless Ttf1 Tspyl2 Wapl Gmnn Terf1 Fbxo5 Lig3 Dynll1"
"GOBP_NEGATIVE_REGULATION_OF_DNA_TEMPLATED_TRANSCRIPTION_ELONGATION",-0.621258300308154,0.944580277098614,1,24,-0.250860556421318,5,"Zc3h8 Vhl Ezh2 Nelfa Rnf168"
"GOBP_NEGATIVE_REGULATION_OF_DOUBLE_STRAND_BREAK_REPAIR_VIA_HOMOLOGOUS_RECOMBINATION",-0.991072429141386,0.483729578961349,1,28,-0.388317626715009,4,"Rmi2 Shld3 Fancb Cgas"
"GOBP_NEGATIVE_REGULATION_OF_D_GLUCOSE_IMPORT",-1.07786388120528,0.38439554158331,1,16,-0.472570095451251,4,"Esr1 Pid1 Cers1 Tnf"
"GOBP_NEGATIVE_REGULATION_OF_D_GLUCOSE_TRANSMEMBRANE_TRANSPORT",-1.11465724084479,0.329822616407982,1,20,-0.466844683485623,5,"Esr1 Pid1 Fabp5 Cers1 Tnf"
"GOBP_NEGATIVE_REGULATION_OF_ENDOCYTOSIS",0.973186479735995,0.5005291005291,1,48,0.279167182267658,5,"Dlg4 Lgals3 Pip4p2 Lrsam1 Snx33"
"GOBP_NEGATIVE_REGULATION_OF_ENDOPLASMIC_RETICULUM_STRESS_INDUCED_INTRINSIC_APOPTOTIC_SIGNALING_PATHWAY",-0.585821683138064,0.957161034921533,1,18,-0.251551963638421,4,"Lrrk2 Bcl2l1 Syvn1 Txndc12"
"GOBP_NEGATIVE_REGULATION_OF_ENDOPLASMIC_RETICULUM_UNFOLDED_PROTEIN_RESPONSE",-0.60022637451547,0.949556541019956,1,20,-0.251388930661794,8,"Nck2 Dnajb9 Abca7 Pdia6 Akt3 Xbp1 Akt1 Nck1"
"GOBP_NEGATIVE_REGULATION_OF_ENDOTHELIAL_CELL_APOPTOTIC_PROCESS",1.02496751429538,0.411784287616511,1,16,0.381992632004208,5,"Tnip2 Itgb3 Tnfaip3 Mapk7 Cdh5"
"GOBP_NEGATIVE_REGULATION_OF_ENDOTHELIAL_CELL_MIGRATION",0.94552305140692,0.552032157213042,1,36,0.287740925390536,5,"Dll4 Angpt2 Ager Apoe Stard13"
"GOBP_NEGATIVE_REGULATION_OF_EPITHELIAL_CELL_APOPTOTIC_PROCESS",-0.971009949397625,0.517111913357401,1,15,-0.432514914001308,2,"Hmox1 Igf1"
"GOBP_NEGATIVE_REGULATION_OF_EPITHELIAL_CELL_DIFFERENTIATION",-0.915067734754684,0.599022004889976,1,24,-0.369499129411861,8,"Hes1 Vegfa Vhl Spred2 Ezh2 Hes5 Srsf6 Smo"
"GOBP_NEGATIVE_REGULATION_OF_EPITHELIAL_CELL_PROLIFERATION",-0.562731448951718,0.997236932995625,1,80,-0.18848702797606,16,"Dusp10 Rap1gap Il12a Cask Dab2ip Tnf Intu Eng Cdkn1c Ift122 Rgcc Tinf2 Suz12 Serpinf1 Jund Ift57"
"GOBP_NEGATIVE_REGULATION_OF_EPITHELIAL_TO_MESENCHYMAL_TRANSITION",-0.910102722228327,0.602947196070405,1,23,-0.370878932004081,8,"Vegfa Cul5 Dab2ip Spred2 Usf3 Ldlrad4 Fbxo11 Sdhaf2"
"GOBP_NEGATIVE_REGULATION_OF_ERBB_SIGNALING_PATHWAY",1.180952724874,0.202495974235105,1,27,0.387610373828055,10,"Dusp3 Errfi1 Cadm1 Ptprj Ptprf Socs4 Socs5 Spry2 Psen1 Zgpat"
"GOBP_NEGATIVE_REGULATION_OF_ERK1_AND_ERK2_CASCADE",-0.981026331365908,0.503944773175542,1,48,-0.352574616951615,8,"Atf3 Igf1 Dusp10 Cnksr3 Arrb1 Dusp1 Dab2ip Spred2"
"GOBP_NEGATIVE_REGULATION_OF_ESTABLISHMENT_OF_PROTEIN_LOCALIZATION",-1.19114445732958,0.166388796265422,1,107,-0.386914236174214,15,"Nol3 Cd36 Pde1c Kcnb1 Lyplal1 Yod1 Pde3b Bard1 Pde8b Il12a Rab11fip1 Lrrk2 Pkdcc Derl3 Bag3"
"GOBP_NEGATIVE_REGULATION_OF_EXCITATORY_POSTSYNAPTIC_POTENTIAL",-1.21167809832821,0.244391265330541,1,11,-0.57542598601235,5,"Celf4 Lrrk2 Sv2c Sv2a Mtmr2"
"GOBP_NEGATIVE_REGULATION_OF_EXOCYTOSIS",0.990430232767732,0.459632635625801,1,32,0.31038293976228,9,"Anxa1 Tcp11 Ccr2 Smcr8 Prkn Cd84 Rest Cbarp Wdr41"
"GOBP_NEGATIVE_REGULATION_OF_EXTRINSIC_APOPTOTIC_SIGNALING_PATHWAY",-1.03688338710624,0.408429208734445,1,68,-0.354388010749035,12,"Nol3 Fcmr Hmox1 Bcl2 Vegfa Brca1 Igf1 Tert Tnfrsf4 Bcl2l1 Tnfrsf22 Tnf"
"GOBP_NEGATIVE_REGULATION_OF_EXTRINSIC_APOPTOTIC_SIGNALING_PATHWAY_VIA_DEATH_DOMAIN_RECEPTORS",-1.13798572019506,0.297039159503343,1,23,-0.463744276589421,11,"Nol3 Hmox1 Brca1 Bcl2l1 Tnfrsf22 Rnf34 Ddx3x Hmgb2 Cflar Gsk3b Icam1"
"GOBP_NEGATIVE_REGULATION_OF_FATTY_ACID_BIOSYNTHETIC_PROCESS",0.797337926618706,0.748821548821549,1,17,0.292339013735007,2,"Erlin2 Kat2b"
"GOBP_NEGATIVE_REGULATION_OF_FATTY_ACID_METABOLIC_PROCESS",0.826000929496479,0.742611298166854,1,23,0.280492630570889,4,"Erlin2 Kat2b Appl2 Dgat2"
"GOBP_NEGATIVE_REGULATION_OF_FAT_CELL_DIFFERENTIATION",-1.11657558722141,0.311059311059311,1,34,-0.423272622488814,6,"Trib2 Vegfa Ddit3 Rora Tnf E2f1"
"GOBP_NEGATIVE_REGULATION_OF_FERROPTOSIS",-1.2918559592326,0.150160636960469,1,19,-0.54653042431387,3,"Aifm2 Hmox1 Adgrg1"
"GOBP_NEGATIVE_REGULATION_OF_FIBROBLAST_PROLIFERATION",-0.396711937407054,0.999601540709258,1,28,-0.15543792107796,28,"Dab2ip Kcnn4 Pmaip1 Med25 Parp10 Med31 B4galt7 Cd300a Morc3 Lta Emd Trim32 Cdc73 Gstp1 Nlrc3 Sod2 Trp53 Bax Fth1 Pex2 Fbxo4 Socs1 Ski Tsc2 Lzts2 Trp53inp1 Nf1 Ifi30"
"GOBP_NEGATIVE_REGULATION_OF_GENE_EXPRESSION_EPIGENETIC",-0.878387817283059,0.741381150603053,1,150,-0.277395673744166,40,"Oip5 Hmga2 Hdac4 Brca1 Setmar Suv39h2 Wdhd1 Cenpv Hells Hdac6 Eed Nrde2 Suv39h1 Ing2 H1f0 Hdac8 Eri3 Rbm15 Cdk2 Ezh2 Lmnb1 Suz12 Mis18a Eri1 Smchd1 Ppm1d Rsl1 Trim27 Rlf Lmnb2 Bend3 Smyd5 Uhrf1 Smarca5 Ctr9 Cbx1 Ncor2 Bahd1 Phf2 Hmgb1"
"GOBP_NEGATIVE_REGULATION_OF_GENE_EXPRESSION_VIA_CHROMOSOMAL_CPG_ISLAND_METHYLATION",-0.944467462872062,0.549747292418773,1,15,-0.420692150203566,9,"Brca1 Hells Rsl1 Uhrf1 Zfp445 Mecp2 Ehmt2 Usp7 Dnmt1"
"GOBP_NEGATIVE_REGULATION_OF_GENE_SILENCING_BY_REGULATORY_NCRNA",-0.611612665113976,0.937553586739068,1,16,-0.268150608413475,8,"Eri3 Eri1 Zswim8 Dnd1 Elavl1 Eloc Mecp2 Adar"
"GOBP_NEGATIVE_REGULATION_OF_GLIAL_CELL_DIFFERENTIATION",-1.32012163935062,0.133574007220217,1,15,-0.588018997816868,3,"Hmga2 Hes1 Dusp10"
"GOBP_NEGATIVE_REGULATION_OF_GLIAL_CELL_PROLIFERATION",-1.24387675084077,0.209982279976373,1,12,-0.577650795191296,3,"Hes1 Tert Negr1"
"GOBP_NEGATIVE_REGULATION_OF_GLIOGENESIS",-1.2789620710278,0.152039720880301,1,25,-0.511906273587802,5,"Hmga2 Hes1 Dusp10 Tert Negr1"
"GOBP_NEGATIVE_REGULATION_OF_GLUCONEOGENESIS",1.01734384142628,0.426934984520124,1,12,0.412094135975719,2,"Sirt6 Kat2a"
"GOBP_NEGATIVE_REGULATION_OF_GLYCOPROTEIN_METABOLIC_PROCESS",0.584692021928364,0.946160635481024,1,10,0.248678519942335,10,"Acot8 Itm2a Itm2b Cst3 Mesd Itm2c Jak3 Aatf Ago2 Abca7"
"GOBP_NEGATIVE_REGULATION_OF_GROWTH",-0.911036270230378,0.680619327282435,1,149,-0.287831323715498,21,"Sema6d Gdf9 Bcl2 Brca1 Cit Hyal2 Cxadr Dusp10 Osgin2 Psrc1 Prdm11 Bbs2 Sphk2 D7Ertd443e Hdac6 Tmprss4 Akap1 Sertad2 Cgrrf1 Cdkn1a Dab2ip"
"GOBP_NEGATIVE_REGULATION_OF_GTPASE_ACTIVITY",-1.10688351421616,0.340216186252772,1,20,-0.463588863835902,10,"Bbs4 Lrrk2 Arrb1 Tsc1 Rrp1b Dab2ip Gpsm1 Arrb2 Rcc2 Rap1gds1"
"GOBP_NEGATIVE_REGULATION_OF_G_PROTEIN_COUPLED_RECEPTOR_SIGNALING_PATHWAY",-0.738647371974724,0.869747899159664,1,47,-0.266254269710766,18,"Bicd1 Stmn1 Pde4d Ada Arrb1 Pde4b Rgs2 Ubqln2 Rgs1 Gprasp1 Rgs19 Rnf113a2 Arrb2 Inpp5a Cry1 Grk4 Palm Rgs12"
"GOBP_NEGATIVE_REGULATION_OF_HEMATOPOIETIC_PROGENITOR_CELL_DIFFERENTIATION",-1.07303424271028,0.401734968591086,1,11,-0.50958401244398,1,"Hes1"
"GOBP_NEGATIVE_REGULATION_OF_HEMOPOIESIS",-1.1746194104,0.207889865802869,1,77,-0.395406375172329,19,"Rag2 Ccl3 Loxl3 Zc3h8 Cd69 Lilrb4a Zbtb7b Zfpm1 Fbn1 Foxp3 Hlx Pglyrp2 Gpr55 Hmgb3 Cul4a Nfkbid Smad7 Thoc5 Runx1"
"GOBP_NEGATIVE_REGULATION_OF_HORMONE_SECRETION",-0.989175917044962,0.488824711200402,1,42,-0.363618121199036,5,"Pde1c Kcnb1 Pde3b Pde8b Rab11fip1"
"GOBP_NEGATIVE_REGULATION_OF_HYDROLASE_ACTIVITY",-1.11097351792014,0.319401840490798,1,37,-0.415497958437676,15,"Bbs4 Lrrk2 Arrb1 Prkcz Tsc1 Rrp1b Dab2ip Camk2a Ecm1 Serpinb1a Gpsm1 Arrb2 Epm2a Rcc2 Rap1gds1"
"GOBP_NEGATIVE_REGULATION_OF_IMMUNE_EFFECTOR_PROCESS",-0.818117404541622,0.804888988562458,1,95,-0.268566558501582,20,"Hmox1 Loxl3 Vpreb3 Dusp10 Cd59a Cd22 Cd69 Nectin2 Lilrb4a Zbtb7b Cd59b Foxp3 Hlx Pglyrp2 Cd55 Tnf Havcr2 Serpinb9 Smad7 Dusp22"
"GOBP_NEGATIVE_REGULATION_OF_IMMUNE_RESPONSE",-0.691170739023944,0.973892574363364,1,146,-0.218681808744109,25,"Oas1c Loxl3 Oas1a Pomc Dusp10 Cd59a Dtx4 Cd69 Nectin2 Aurkb Lilrb4a Zbtb7b Cd59b Foxp3 Hlx Ttll12 Pglyrp2 Cd55 Irgm2 Havcr2 Syvn1 Serpinb9 Smad7 Dusp22 Nlrc5"
"GOBP_NEGATIVE_REGULATION_OF_IMMUNE_SYSTEM_PROCESS",-1.00835256247834,0.474146637043022,1,377,-0.303054615486201,72,"Fbxl2 Rag2 Clnk Ccl3 Cnr2 Hmox1 Bank1 Oas1c Loxl3 Oas1a Zc3h8 Lyplal1 Igf1 Pomc Ptpn22 Vpreb3 Dusp10 AI182371 Cd59a Cd22 Tspan6 Dtx4 Cd69 Plcl2 Nectin2 Aurkb Lilrb4a Zbtb7b Zfpm1 Smpdl3a Ada Cd86 Fbn1 Abhd8 Scrib Cd59b Tnfrsf4 Cgas Socs6 Cul5 Foxp3 Rab7b Lax1 Hlx Il2ra Dusp1 Ttll12 Pglyrp2 H2-Ob Cd55 Gpr55 Irgm2 Dab2ip Tnf Hmgb3 Syt11 Thy1 Havcr2 Rnf170 Cebpb Tnfrsf21 Twsg1 Syvn1 Serpinb9 Cul4a Nfkbid Glmn Smad7 Dusp22 Thoc5 Nlrc5 Zc3h12d"
"GOBP_NEGATIVE_REGULATION_OF_IMMUNOGLOBULIN_PRODUCTION",-1.22262151822559,0.231977265928806,1,11,-0.580623016637471,4,"Vpreb3 Cd22 Lilrb4a Foxp3"
"GOBP_NEGATIVE_REGULATION_OF_INFLAMMASOME_MEDIATED_SIGNALING_PATHWAY",-1.25242794452442,0.186625194401244,1,18,-0.53779284350337,3,"Fbxl2 Abhd8 Irgm2"
"GOBP_NEGATIVE_REGULATION_OF_INFLAMMATORY_RESPONSE",-1.12541017066359,0.262646566164154,1,101,-0.367408692073307,21,"Uaca Aoah Igf1 Pomc Dusp10 Cd69 Ada Slc39a8 Pbk Trim45 Foxp3 Socs3 Rora Zfp36 Il2ra Prmt2 Irgm2 Syt11 Nr1h2 Acp5 Ffar4"
"GOBP_NEGATIVE_REGULATION_OF_INNATE_IMMUNE_RESPONSE",-0.684064004938171,0.955272305909618,1,76,-0.230685463236836,31,"Oas1c Oas1a Dusp10 Dtx4 Nectin2 Aurkb Ttll12 Irgm2 Havcr2 Serpinb9 Nlrc5 Arrb2 Zdhhc18 Isg15 Eif4e2 Dnaja3 Pvr Cd96 Usp18 Mtor Tap2 Gigyf2 Samhd1 Grb2 Banf1 Cnot7 Ythdf3 Mettl3 Fam3a Ppp3cb Lyar"
"GOBP_NEGATIVE_REGULATION_OF_INSULIN_SECRETION",-1.24855538077065,0.177845663434719,1,28,-0.489203460844079,4,"Pde1c Kcnb1 Pde3b Pde8b"
"GOBP_NEGATIVE_REGULATION_OF_INTERFERON_BETA_PRODUCTION",1.00386462745972,0.442743009320905,1,16,0.374127848805899,6,"Traf3ip1 Atg9a Ptprs Sirpa Nlrx1 Ppm1b"
"GOBP_NEGATIVE_REGULATION_OF_INTERLEUKIN_10_PRODUCTION",-0.966768019018336,0.531748375664501,1,12,-0.448962740539994,1,"Trib2"
"GOBP_NEGATIVE_REGULATION_OF_INTERLEUKIN_12_PRODUCTION",-0.805298996002623,0.729326639102185,1,12,-0.373977249026673,4,"Ccr7 Cmklr1 Acp5 Arrb2"
"GOBP_NEGATIVE_REGULATION_OF_INTERLEUKIN_17_PRODUCTION",-0.910378759572549,0.60075658373345,1,14,-0.41059322501945,5,"Il12a Ddit3 Foxp3 Tusc2 Il27ra"
"GOBP_NEGATIVE_REGULATION_OF_INTERLEUKIN_1_BETA_PRODUCTION",-1.04278807458973,0.424473392461197,1,20,-0.436744185374393,2,"Ffar1 Igf1"
"GOBP_NEGATIVE_REGULATION_OF_INTERLEUKIN_1_PRODUCTION",-0.9658386118491,0.525583299222268,1,23,-0.393592046372355,2,"Ffar1 Igf1"
"GOBP_NEGATIVE_REGULATION_OF_INTERLEUKIN_2_PRODUCTION",-0.736897824004347,0.816090311517576,1,16,-0.323079640295722,5,"Gpr174 Foxp3 Zfp36 Havcr2 Hdac7"
"GOBP_NEGATIVE_REGULATION_OF_INTERLEUKIN_6_PRODUCTION",-1.0891166043276,0.350868032893878,1,32,-0.416911102872672,12,"Bank1 Ptpn22 Arrb1 Foxp3 Tnf Syt11 Havcr2 Il27ra Arrb2 Rabgef1 Tnfrsf1a Cd24a"
"GOBP_NEGATIVE_REGULATION_OF_INTERLEUKIN_8_PRODUCTION",-0.710225989942501,0.838009450679268,1,12,-0.329825770582578,3,"Ptpn22 Arrb1 Mapkbp1"
"GOBP_NEGATIVE_REGULATION_OF_INTRACELLULAR_ESTROGEN_RECEPTOR_SIGNALING_PATHWAY",0.799529715437477,0.740025332488917,1,13,0.316844472290173,1,"Cyp7b1"
"GOBP_NEGATIVE_REGULATION_OF_INTRACELLULAR_PROTEIN_TRANSPORT",-1.07549300849578,0.367203476482618,1,37,-0.402228443915179,5,"Cd36 Yod1 Bard1 Derl3 Akap1"
"GOBP_NEGATIVE_REGULATION_OF_INTRACELLULAR_STEROID_HORMONE_RECEPTOR_SIGNALING_PATHWAY",-0.920444855368059,0.591270358306189,1,33,-0.351021747381812,3,"Hmga2 Brca1 Igf1"
"GOBP_NEGATIVE_REGULATION_OF_INTRACELLULAR_TRANSPORT",-0.769973149788151,0.835249510763209,1,51,-0.274062670841876,3,"Cd36 Yod1 Bard1"
"GOBP_NEGATIVE_REGULATION_OF_INTRINSIC_APOPTOTIC_SIGNALING_PATHWAY",-0.820127990760176,0.800568504832291,1,88,-0.27175915133885,8,"Nol3 Fignl1 Bcl2 Ell3 Lrrk2 G2e3 Hells Bcl2l1"
"GOBP_NEGATIVE_REGULATION_OF_INTRINSIC_APOPTOTIC_SIGNALING_PATHWAY_BY_P53_CLASS_MEDIATOR",-0.42229752316282,0.998044419611678,1,19,-0.178656484781766,7,"Ell3 Rrn3 Armc10 Mdm4 Mif Sirt1 Triap1"
"GOBP_NEGATIVE_REGULATION_OF_INTRINSIC_APOPTOTIC_SIGNALING_PATHWAY_IN_RESPONSE_TO_DNA_DAMAGE",-0.509767627560961,0.985587583148559,1,20,-0.213502678688517,2,"Ell3 Bcl2l1"
"GOBP_NEGATIVE_REGULATION_OF_INTRINSIC_APOPTOTIC_SIGNALING_PATHWAY_IN_RESPONSE_TO_DNA_DAMAGE_BY_P53_CLASS_MEDIATOR",-0.707173959385126,0.839466908980766,1,10,-0.342495768717455,1,"Ell3"
"GOBP_NEGATIVE_REGULATION_OF_JNK_CASCADE",0.835632273652362,0.755025125628141,1,30,0.265836303908006,14,"Dusp3 Mapk8ip1 Prkn Hipk3 Dusp19 Gstp3 Sirpa Pdcd4 Ceacam1 Fktn Hdac3 Zmynd11 Per1 Taok3"
"GOBP_NEGATIVE_REGULATION_OF_KINASE_ACTIVITY",-0.612656532541996,0.993438612099644,1,105,-0.199189371629946,5,"Gadd45g Rasip1 Inca1 Ptpn22 Dusp10"
"GOBP_NEGATIVE_REGULATION_OF_LEUKOCYTE_APOPTOTIC_PROCESS",-1.16827315912097,0.238965560114385,1,45,-0.424227917384965,10,"Fcmr Ccr7 Rorc Il18 Prkcq Rag1 Aurkb Ada Vhl Tnfrsf4"
"GOBP_NEGATIVE_REGULATION_OF_LEUKOCYTE_CELL_CELL_ADHESION",-0.839913030068979,0.77769128113879,1,105,-0.273075923942386,23,"Rag2 Loxl3 Zc3h8 Ptpn22 Cd69 Zbtb7b Cd86 Scrib Socs6 Foxp3 Lax1 Hlx Il2ra Havcr2 Cebpb Tnfrsf21 Twsg1 Nfkbid Glmn Smad7 Dusp22 Zc3h12d Runx1"
"GOBP_NEGATIVE_REGULATION_OF_LEUKOCYTE_CHEMOTAXIS",-0.786937059900545,0.746478873239437,1,10,-0.381126326395327,2,"AI182371 Dusp1"
"GOBP_NEGATIVE_REGULATION_OF_LEUKOCYTE_DEGRANULATION",-0.902261837758813,0.607687705653605,1,11,-0.428484189282629,1,"Hmox1"
"GOBP_NEGATIVE_REGULATION_OF_LEUKOCYTE_MEDIATED_IMMUNITY",1.14432070585964,0.177511054958939,1,62,0.311666765724858,14,"Pdcd1 Hfe Tigit Clec4g Cx3cr1 Cd274 Cd46 Nectin4 Ccr2 Nod2 Sh2d1b1 Klre1 Cd84 Fbxo38"
"GOBP_NEGATIVE_REGULATION_OF_LEUKOCYTE_MIGRATION",-0.659797532853582,0.929385562688327,1,31,-0.253997351915769,4,"AI182371 Cd69 Ada Dusp1"
"GOBP_NEGATIVE_REGULATION_OF_LEUKOCYTE_PROLIFERATION",-0.684089017320342,0.936327321147561,1,55,-0.240760356318932,11,"Zbtb7b Cd86 Scrib Foxp3 Il2ra Havcr2 Cebpb Tnfrsf21 Twsg1 Glmn Zc3h12d"
"GOBP_NEGATIVE_REGULATION_OF_LIPID_CATABOLIC_PROCESS",-1.22650023321961,0.214729241877256,1,15,-0.54631741232173,3,"Pde3b Gpld1 Tnf"
"GOBP_NEGATIVE_REGULATION_OF_LIPID_METABOLIC_PROCESS",-0.800950469797282,0.807268852847165,1,64,-0.275955656328776,5,"Esr1 Pde3b Brca1 Pde8b Gpld1"
"GOBP_NEGATIVE_REGULATION_OF_LIPID_STORAGE",0.356652718045837,1,1,10,0.151689892679801,10,"Itgb3 Ppard Asxl1 Nfkbia Abcg1 Pnpla2 Fxn Ptpn2 Itgav Nr1h2"
"GOBP_NEGATIVE_REGULATION_OF_LOCOMOTION",-0.773841627565062,0.92136823443529,1,200,-0.239538874486111,34,"Sema6d Lrp1 Epha1 Ppargc1a Egfl7 Bcl2 Hyal2 Adgrg1 Dnaja4 Dusp10 AI182371 Cd69 Angpt4 Ada Hdac6 Dusp1 Ing2 Dab2ip Jup Tnf Ccdc125 Thy1 Clic4 Eng Ldlrad4 Dusp22 Rgcc Serpinb1a Il27ra Serpinf1 Hdac5 Sap30 Nisch Arid2"
"GOBP_NEGATIVE_REGULATION_OF_LYMPHOCYTE_ACTIVATION",-0.998930406600161,0.489287656334965,1,122,-0.320812756052441,28,"Rag2 Clnk Bank1 Loxl3 Zc3h8 Ptpn22 Cd69 Lilrb4a Zbtb7b Cd86 Scrib Socs6 Foxp3 Lax1 Hlx Il2ra Pglyrp2 Hmgb3 Havcr2 Cebpb Tnfrsf21 Twsg1 Nfkbid Glmn Smad7 Dusp22 Zc3h12d Runx1"
"GOBP_NEGATIVE_REGULATION_OF_LYMPHOCYTE_APOPTOTIC_PROCESS",-1.15013865232836,0.26961926961927,1,34,-0.435995743743805,8,"Fcmr Rorc Prkcq Rag1 Aurkb Ada Vhl Tnfrsf4"
"GOBP_NEGATIVE_REGULATION_OF_LYMPHOCYTE_MIGRATION",-0.647076623827965,0.899035651665693,1,13,-0.295865434183864,1,"Cd69"
"GOBP_NEGATIVE_REGULATION_OF_MACROAUTOPHAGY",-1.10527378747784,0.32586319218241,1,33,-0.421508289120314,13,"Hmox1 Lrrk2 Usp36 Tsc1 Hdac6 Lzts1 Lypla1 Ubqln4 Phf23 Tigar Tmem39a Htra2 Mtm1"
"GOBP_NEGATIVE_REGULATION_OF_MAPK_CASCADE",-0.700524889515341,0.962668698302133,1,121,-0.22514093242545,15,"Atf3 Igf1 Ptpn22 Dusp10 Cnksr3 Arrb1 Dusp2 Pbk Dok2 Lax1 Dusp1 Dusp16 Dab2ip Spred2 Rgs2"
"GOBP_NEGATIVE_REGULATION_OF_MAP_KINASE_ACTIVITY",-0.58588394188575,0.963231347289318,1,25,-0.234500828632585,2,"Ptpn22 Dusp10"
"GOBP_NEGATIVE_REGULATION_OF_MEIOTIC_CELL_CYCLE",-1.26901359663237,0.175162454873646,1,15,-0.565254050130419,5,"Pkmyt1 Trip13 Dusp1 Rad1 Osm"
"GOBP_NEGATIVE_REGULATION_OF_MEMBRANE_PERMEABILITY",-1.26986315307164,0.172906544727065,1,16,-0.556748734159322,5,"Nol3 Rasip1 Tmem14a Hk2 Bcl2l1"
"GOBP_NEGATIVE_REGULATION_OF_MICROTUBULE_POLYMERIZATION",-0.767271171911454,0.770558836892322,1,10,-0.371601819256813,1,"Stmn1"
"GOBP_NEGATIVE_REGULATION_OF_MICROTUBULE_POLYMERIZATION_OR_DEPOLYMERIZATION",-0.809308162641144,0.760650658404338,1,35,-0.305646505642803,8,"Diaph3 Stmn1 Hdac6 Ckap2l Camsap3 Camsap1 Tpx2 Specc1l"
"GOBP_NEGATIVE_REGULATION_OF_MIRNA_METABOLIC_PROCESS",-1.02534984235809,0.445548654244306,1,21,-0.425850504641734,2,"Esr1 Hdac4"
"GOBP_NEGATIVE_REGULATION_OF_MOLECULAR_FUNCTION",-1.02554663040835,0.426595635693064,1,277,-0.312470904083015,54,"Esr1 Gadd45g Hmga2 Cnr2 Rasip1 Inca1 Hmox1 Rwdd3 Ppargc1a Adgrg3 Ptpn22 Dusp10 Bbs4 Nt5dc2 Cttnbp2nl Cnrip1 Fxyd2 Cnn3 Lrrk2 Gabbr1 Sh3bp5 Arrb1 Pkd2 Prkcz Ramp3 Tsc1 Ddit3 Foxp3 Zfp36 Prmt2 Deptor Traip Rrp1b Cmklr1 Cdkn1a Dab2ip Prkrip1 Thy1 Ddx11 Havcr2 Thra Camk2a Nfkbid Paxip1 Ezh2 Ecm1 Flna Nlrc5 Nup62 Zfp932 Gopc Serpinb1a Tigar Gpsm1"
"GOBP_NEGATIVE_REGULATION_OF_MONOATOMIC_ION_TRANSMEMBRANE_TRANSPORT",-1.01946855300841,0.445708751967074,1,55,-0.358794843746647,12,"Agrn Bcl2 Fxyd2 Ppp3cc Pkd2 Rem1 Gsto1 Prkce Gopc Oxsr1 Fbxo11 Sestd1"
"GOBP_NEGATIVE_REGULATION_OF_MONOATOMIC_ION_TRANSPORT",-1.0412798695175,0.402337814143776,1,70,-0.354732820331892,15,"Agrn Hes1 Bcl2 Fxyd2 Ppp3cc Pkd2 Usp2 Actn2 Rem1 Gsto1 Prkce Gopc Oxsr1 Fbxo11 Sestd1"
"GOBP_NEGATIVE_REGULATION_OF_MONONUCLEAR_CELL_MIGRATION",-0.739597034397399,0.826777087646653,1,21,-0.307171033064505,3,"AI182371 Cd69 Dusp1"
"GOBP_NEGATIVE_REGULATION_OF_MRNA_CATABOLIC_PROCESS",-1.18449694695093,0.205795036218976,1,63,-0.409084196782828,30,"Tent5c Vegfa Igf2bp3 Tent4a Cryz Nrde2 Zfp36 Secisbp2 E2f1 Eif4enif1 Tent4b Dhx34 Ikbke Traf2 Dnd1 Upf3a Srsf1 Hnrnpab Mtor Mettl14 Fxr1 Nbas Mapkapk2 Elavl1 Paip1 Rbm10 Dhx9 Pkp3 Hnrnpa0 Tob1"
"GOBP_NEGATIVE_REGULATION_OF_MRNA_METABOLIC_PROCESS",-1.1580125708669,0.224332006822058,1,87,-0.383964643834528,35,"Tent5c Vegfa Igf2bp3 Celf4 Tent4a Cryz Nrde2 Zfp36 Secisbp2 E2f1 Eif4enif1 Tent4b Dhx34 Ikbke Hnrnpc Srsf6 Traf2 Dnd1 Upf3a Rbmxl1 Srsf1 Hnrnpab Mtor Rnps1 Mettl14 Fxr1 Nbas Mapkapk2 Elavl1 Paip1 Rbm10 Dhx9 Pkp3 Hnrnpa0 Tob1"
"GOBP_NEGATIVE_REGULATION_OF_MRNA_PROCESSING",-1.06752075683349,0.382862600627644,1,23,-0.435028869287642,18,"Celf4 Srsf6 Rbmxl1 Rnps1 Rbm10 U2af2 Rbm42 Sfswap Dyrk1a Npm1 Sap18 Srsf10 Hnrnpa2b1 C1qbp Ptbp3 Srsf9 Hnrnpk Srsf4"
"GOBP_NEGATIVE_REGULATION_OF_MULTICELLULAR_ORGANISM_GROWTH",-0.810004182419696,0.72883637451391,1,11,-0.384671024413226,3,"Bbs2 Alms1 Atxn2"
"GOBP_NEGATIVE_REGULATION_OF_MUSCLE_CELL_APOPTOTIC_PROCESS",-1.25631420570888,0.146811665842808,1,47,-0.452853464399416,7,"Nol3 Esr1 Hmox1 Bcl2 Igf1 Trip10 Bag3"
"GOBP_NEGATIVE_REGULATION_OF_MUSCLE_CELL_DIFFERENTIATION",-0.620524119593288,0.965425867507886,1,40,-0.229261384545681,7,"Hdac4 Tmem119 Bhlha15 Akap1 Rgs2 Ezh2 Hdac5"
"GOBP_NEGATIVE_REGULATION_OF_MUSCLE_CONTRACTION",1.07717650791111,0.346116347091323,1,15,0.407868779870538,6,"Ptger4 Adora2b Pde5a Zc3h12a Adrb2 Arhgap42"
"GOBP_NEGATIVE_REGULATION_OF_MUSCLE_HYPERTROPHY",0.821895919414754,0.769510715729883,1,28,0.26584461567332,4,"Pi16 Errfi1 Tnfrsf1b Pak1"
"GOBP_NEGATIVE_REGULATION_OF_MUSCLE_ORGAN_DEVELOPMENT",-1.08503108870835,0.386591848789132,1,12,-0.503883580729366,5,"Usp2 Hdac7 Sfmbt1 Hdac5 Usp19"
"GOBP_NEGATIVE_REGULATION_OF_MYELOID_CELL_APOPTOTIC_PROCESS",-1.06157763725733,0.411990549320732,1,12,-0.492991902858946,2,"Bcl2 Il18"
"GOBP_NEGATIVE_REGULATION_OF_MYELOID_CELL_DIFFERENTIATION",-0.883677008728619,0.667066730676908,1,58,-0.308683113340129,12,"Ccl3 Zfpm1 Fbn1 Meis1 Zfp36 Gabpa Gpr55 Hmgb3 Rbm15 Cul4a Thoc5 Runx1"
"GOBP_NEGATIVE_REGULATION_OF_MYELOID_LEUKOCYTE_DIFFERENTIATION",-0.859127685997426,0.68215637645216,1,32,-0.328871922119641,7,"Ccl3 Zfpm1 Fbn1 Gpr55 Cul4a Thoc5 Runx1"
"GOBP_NEGATIVE_REGULATION_OF_MYOBLAST_DIFFERENTIATION",0.73985524422664,0.828229027962716,1,16,0.275734838521724,3,"Eid2b Zfhx3 Mbnl3"
"GOBP_NEGATIVE_REGULATION_OF_NATURAL_KILLER_CELL_MEDIATED_IMMUNITY",0.783527861788687,0.800145085237577,1,21,0.272697563300552,4,"Tigit Nectin4 Sh2d1b1 Klre1"
"GOBP_NEGATIVE_REGULATION_OF_NECROPTOTIC_PROCESS",0.984982552546642,0.462634578847372,1,13,0.390337308358708,1,"Mutyh"
"GOBP_NEGATIVE_REGULATION_OF_NERVOUS_SYSTEM_DEVELOPMENT",-0.979926443320436,0.512548929311536,1,80,-0.328226587088199,9,"Sema6d Hmga2 Hes1 Cit Mdga1 Dusp10 Tert Negr1 Hdac6"
"GOBP_NEGATIVE_REGULATION_OF_NERVOUS_SYSTEM_PROCESS",-0.857670627351955,0.665420281184565,1,11,-0.407307821358464,4,"Tac4 Tnf Tnfrsf21 Mtmr2"
"GOBP_NEGATIVE_REGULATION_OF_NEUROINFLAMMATORY_RESPONSE",0.802136265152735,0.722271256251839,1,10,0.341160904765508,4,"Nr1d1 Tnfrsf1b Cd200r1 Ldlr"
"GOBP_NEGATIVE_REGULATION_OF_NEURON_DIFFERENTIATION",-0.901832950792657,0.628955298844802,1,42,-0.331511106924476,6,"Fuom Hes1 Cit Rap1gap Meis1 Casz1"
"GOBP_NEGATIVE_REGULATION_OF_NEURON_PROJECTION_DEVELOPMENT",-0.870285768405446,0.718988764044944,1,94,-0.286058478541041,15,"Sema6d Lrp1 Hes1 Cit Il15ra Lrrk2 Tsc1 Hdac6 Katna1 Thy1 Rab29 Mylip Flna Vim Prkcsh"
"GOBP_NEGATIVE_REGULATION_OF_NEURON_PROJECTION_REGENERATION",0.847481889425632,0.66762543943752,1,14,0.328605528549388,4,"Kremen1 Diaph2 Ptprs Lrig2"
"GOBP_NEGATIVE_REGULATION_OF_NF_KAPPAB_TRANSCRIPTION_FACTOR_ACTIVITY",-0.832323083102131,0.737125,1,43,-0.304443619220792,12,"Rwdd3 Arrb1 Foxp3 Prmt2 Traip Cmklr1 Havcr2 Nfkbid Nlrc5 Arrb2 Chuk Dnaja3"
"GOBP_NEGATIVE_REGULATION_OF_NITRIC_OXIDE_BIOSYNTHETIC_PROCESS",-0.73394935139827,0.808591466978375,1,13,-0.335586599058085,1,"Wdr35"
"GOBP_NEGATIVE_REGULATION_OF_NON_CANONICAL_NF_KAPPAB_SIGNAL_TRANSDUCTION",-1.27662150829538,0.15745667894665,1,23,-0.520240199271972,5,"Uaca Adgrg3 Dab2ip Rassf2 Hdac7"
"GOBP_NEGATIVE_REGULATION_OF_NOTCH_SIGNALING_PATHWAY",-1.15317451500287,0.276011953273567,1,24,-0.465645288507235,5,"Egfl7 Lfng Rita1 Lrrk2 Arrb1"
"GOBP_NEGATIVE_REGULATION_OF_NUCLEAR_TRANSCRIBED_MRNA_CATABOLIC_PROCESS_DEADENYLATION_DEPENDENT_DECAY",-0.766644564400551,0.775800179479509,1,11,-0.364079539772041,5,"Tent4a Tent4b Paip1 Dhx9 Tob1"
"GOBP_NEGATIVE_REGULATION_OF_NUCLEOCYTOPLASMIC_TRANSPORT",-0.944092963783373,0.552140793275545,1,30,-0.365176943710944,2,"Cd36 Bard1"
"GOBP_NEGATIVE_REGULATION_OF_NUCLEOTIDE_CATABOLIC_PROCESS",-1.03005182402788,0.445220427760803,1,14,-0.464567407705507,2,"Ppargc1a Hdac4"
"GOBP_NEGATIVE_REGULATION_OF_NUCLEOTIDE_METABOLIC_PROCESS",-1.13981685958136,0.300027716186253,1,20,-0.477382123889089,3,"Ppargc1a Hdac4 Pid1"
"GOBP_NEGATIVE_REGULATION_OF_ORGANELLE_ASSEMBLY",-0.756503585676702,0.83789552988448,1,42,-0.278088465119388,14,"Luzp1 Kif24 Lrrk2 Ccp110 Cep97 Tbc1d7 Evi5l Usp10 Phf23 Rbm14 Tmem39a Mtm1 Limk2 Styxl1"
"GOBP_NEGATIVE_REGULATION_OF_ORGANELLE_ORGANIZATION",-1.13786080362886,0.166087134383309,1,282,-0.346324608387293,60,"Nol3 Esr1 Nuf2 Luzp1 Ppargc1a Zwilch Ska3 Diaph3 Setmar Tom1l1 Igf1 Tbc1d4 Spc24 Stmn1 Recql4 Kif24 Tmem14a Bbs4 Xrcc3 Aurkb Lrrk2 Ccp110 Pick1 Eps8 Trip13 Kntc1 Cep97 Ndc80 Rtel1 Mfn1 Cenpe Incenp Haspin Khdc3 Birc5 Hdac6 Spc25 Ccnf Bcl2l1 Ckap2l Dusp1 Arhgef18 Tbc1d7 Evi5l Rad1 Vat1 Camsap3 Cdca8 Add3 Ercc1 Gen1 Camsap1 Osm Kank2 Tpx2 Usp10 Tinf2 Specc1l Phf23 Tent4b"
"GOBP_NEGATIVE_REGULATION_OF_ORGANIC_ACID_TRANSPORT",-1.14776156529452,0.307737743650325,1,12,-0.533015333258898,4,"Slc43a1 Gabbr1 Tnf Rgs2"
"GOBP_NEGATIVE_REGULATION_OF_ORGAN_GROWTH",0.903749022401853,0.623953098827471,1,30,0.28750600874438,7,"Pi16 Rbp4 Pak1 Ptk2 Apc Vgll4 Wwc2"
"GOBP_NEGATIVE_REGULATION_OF_OSSIFICATION",-0.985867148281553,0.494457640538401,1,29,-0.383472236199638,10,"Bcl2 Trpm4 Ccr1l1 Rflnb Rflna Smad7 Ecm1 Chsy1 Bcor Smad3"
"GOBP_NEGATIVE_REGULATION_OF_OSTEOCLAST_DIFFERENTIATION",-0.872227225433903,0.657289356984479,1,20,-0.365309287971452,3,"Ccl3 Fbn1 Gpr55"
"GOBP_NEGATIVE_REGULATION_OF_OXIDATIVE_STRESS_INDUCED_INTRINSIC_APOPTOTIC_SIGNALING_PATHWAY",-1.06155726349283,0.393935254746619,1,22,-0.4361393816261,1,"Nol3"
"GOBP_NEGATIVE_REGULATION_OF_OXIDATIVE_STRESS_INDUCED_NEURON_INTRINSIC_APOPTOTIC_SIGNALING_PATHWAY",0.646268283174927,0.89585172109444,1,10,0.274867851994234,10,"Prkn Pycr1 Hif1a Pink1 Ctnnb1 Park7 Akt1 Nono Fbxo7 Atf4"
"GOBP_NEGATIVE_REGULATION_OF_PEPTIDE_SECRETION",-1.07231984130259,0.373309287646528,1,36,-0.403290136121179,4,"Pde1c Kcnb1 Pde3b Pde8b"
"GOBP_NEGATIVE_REGULATION_OF_PEPTIDYL_SERINE_PHOSPHORYLATION",-1.21764389701654,0.236411455289304,1,13,-0.55674819179979,3,"Cnksr3 Nt5dc2 Rassf2"
"GOBP_NEGATIVE_REGULATION_OF_PEPTIDYL_TYROSINE_PHOSPHORYLATION",-0.668301096284049,0.906672124437167,1,23,-0.272341561884485,2,"Igf1 Il18"
"GOBP_NEGATIVE_REGULATION_OF_PERK_MEDIATED_UNFOLDED_PROTEIN_RESPONSE",-0.772014270632678,0.770266227938977,1,11,-0.366629613514797,1,"Nck2"
"GOBP_NEGATIVE_REGULATION_OF_PHAGOCYTOSIS",0.594718880132683,0.972720746590093,1,20,0.210056362661952,6,"Pip4p2 Prtn3 Sirpa Cd300lf Atg3 Tgfb1"
"GOBP_NEGATIVE_REGULATION_OF_PHOSPHATIDYLINOSITOL_3_KINASE_PROTEIN_KINASE_B_SIGNAL_TRANSDUCTION",-0.835622658599371,0.742139897635876,1,52,-0.296673990104845,9,"Bank1 Hyal2 Usp49 Fkbp5 Ddit3 Otud3 Smpd3 Dab2ip Phlda3"
"GOBP_NEGATIVE_REGULATION_OF_PHOSPHORUS_METABOLIC_PROCESS",-0.681159370189179,0.988248752079867,1,208,-0.210439441709607,32,"Gadd45g Rasip1 Inca1 Ppargc1a Hdac4 Pid1 Igf1 Ptpn22 Dusp10 Cnksr3 Il18 Nt5dc2 Sh3bp5 Arrb1 Pard3 Pbk Akap1 Jun Deptor Cdkn1a Prkrip1 Thy1 Rassf2 Ppp1r15b Nup62 Nnt Dusp6 Tigar Ppp2r5d Vps25 Ppp1r15a Tfap4"
"GOBP_NEGATIVE_REGULATION_OF_PHOSPHORYLATION",-0.700032449795878,0.973220875065893,1,178,-0.218613807971709,29,"Gadd45g Rasip1 Inca1 Ppargc1a Igf1 Ptpn22 Dusp10 Cnksr3 Il18 Nt5dc2 Sh3bp5 Arrb1 Pard3 Pbk Jun Deptor Cdkn1a Prkrip1 Thy1 Rassf2 Ppp1r15b Nup62 Nnt Dusp6 Tigar Ppp2r5d Vps25 Ppp1r15a Tfap4"
"GOBP_NEGATIVE_REGULATION_OF_PLASMA_MEMBRANE_BOUNDED_CELL_PROJECTION_ASSEMBLY",-1.15646878626783,0.26595047818682,1,31,-0.445197192561277,7,"Luzp1 Kif24 Rap1gap Ccp110 Cep97 Tbc1d7 Evi5l"
"GOBP_NEGATIVE_REGULATION_OF_POST_TRANSCRIPTIONAL_GENE_SILENCING",0.594921639695916,0.943635212159595,1,13,0.23576063446287,13,"Bcdin3d Zmpste24 Tent2 Fmr1 Zc3h10 Stat3 Elob Adar Mecp2 Eloc Elavl1 Dnd1 Zswim8"
"GOBP_NEGATIVE_REGULATION_OF_POST_TRANSLATIONAL_PROTEIN_MODIFICATION",-0.576064140522118,0.995111731843575,1,72,-0.195434355948188,24,"Cdk1 Arrb1 Cep78 Hdac8 Prkce Trim44 Arrb2 Mad2l1 Prkcg Gclc Capn3 Isg15 Cry1 Vps28 Bag2 Dnaja1 Bex3 Flcn Mtor Parp10 Dnajb2 Chp1 Cops9 Fbxo5"
"GOBP_NEGATIVE_REGULATION_OF_POTASSIUM_ION_TRANSMEMBRANE_TRANSPORT",-0.840828713809805,0.685748902014236,1,10,-0.407226924682566,3,"Fxyd2 Oxsr1 Crbn"
"GOBP_NEGATIVE_REGULATION_OF_POTASSIUM_ION_TRANSPORT",-0.688206582445265,0.874004550625711,1,17,-0.298429335335262,6,"Fxyd2 Actn2 Oxsr1 Ptk2b Crbn Atf4"
"GOBP_NEGATIVE_REGULATION_OF_PRODUCTION_OF_MOLECULAR_MEDIATOR_OF_IMMUNE_RESPONSE",-1.14769917345937,0.292582980467149,1,22,-0.471530670101,7,"Hmox1 Vpreb3 Cd22 Lilrb4a Foxp3 Tnf Smad7"
"GOBP_NEGATIVE_REGULATION_OF_PROGRAMMED_NECROTIC_CELL_DEATH",-1.18490514698704,0.259638989169675,1,15,-0.52778980078086,1,"Nol3"
"GOBP_NEGATIVE_REGULATION_OF_PROTEASOMAL_PROTEIN_CATABOLIC_PROCESS",0.581785647793037,0.9988358556461,1,56,0.162485287495268,15,"Hfe Kat2a Fhit Fbxo38 Clec16a Igf2bp2 Ddrgk1 N4bp1 Svip Usp38 Psmf1 Ccar2 Bag5 Mapk3 Caml"
"GOBP_NEGATIVE_REGULATION_OF_PROTEASOMAL_UBIQUITIN_DEPENDENT_PROTEIN_CATABOLIC_PROCESS",0.803078809189528,0.857642357642358,1,43,0.236972282999903,13,"Hfe Kat2a Fhit Fbxo38 Clec16a Igf2bp2 Ddrgk1 N4bp1 Usp38 Ccar2 Bag5 Mapk3 Caml"
"GOBP_NEGATIVE_REGULATION_OF_PROTEIN_CATABOLIC_PROCESS",-0.489606924835474,0.999887463425613,1,93,-0.161193997289418,23,"Ptpn3 Pbk Egfr Dab2ip Smarcc1 F8a Flna Agap2 Dedd Usp5 Smad3 Mad2l1 Prkcg Hmgcr Senp1 Fbxo32 Ubxn2a Mtm1 Gsk3b Sf3b3 Taf9 Usp19 Mdm4"
"GOBP_NEGATIVE_REGULATION_OF_PROTEIN_CONTAINING_COMPLEX_ASSEMBLY",-0.707352495568208,0.954039301310044,1,117,-0.227834044526796,17,"Fbxl2 Nol3 Stmn1 Bbs4 Eps8 Abhd8 Prkcz Hdac6 Lmo4 Irgm2 Syt11 Thra Add3 Kank2 Jmjd6 Zdhhc12 Ankrd27"
"GOBP_NEGATIVE_REGULATION_OF_PROTEIN_CONTAINING_COMPLEX_DISASSEMBLY",-0.713257769645325,0.915828104652539,1,64,-0.245742431493786,25,"Diaph3 Eps8 Hdac6 Ckap2l Tnf Camsap3 Ubqln4 Add3 Camsap1 Tpx2 Specc1l Phf23 Tpm1 Tmem39a Clasp1 Katnb1 Mid1ip1 Flii Wdr47 Rubcn Scaf8 Ckap2 Twf2 Scaf4 Twf1"
"GOBP_NEGATIVE_REGULATION_OF_PROTEIN_EXIT_FROM_ENDOPLASMIC_RETICULUM",-1.29371019657152,0.164016356201726,1,10,-0.626564740389525,2,"Yod1 Derl3"
"GOBP_NEGATIVE_REGULATION_OF_PROTEIN_IMPORT_INTO_NUCLEUS",-0.949638229295715,0.545737310900608,1,18,-0.407774871093583,1,"Cd36"
"GOBP_NEGATIVE_REGULATION_OF_PROTEIN_LOCALIZATION",-0.907244028680224,0.698609941027801,1,179,-0.283140274034533,22,"Cd36 Pde1c Kcnb1 Lyplal1 Yod1 Pid1 Pde3b Bard1 Pde8b Il12a Aurkb Rab11fip1 Pkdcc Derl3 Dclk2 Actn2 Bcl2l1 Akap1 Lrrc15 Lztfl1 Irgm2 Lypla1"
"GOBP_NEGATIVE_REGULATION_OF_PROTEIN_LOCALIZATION_TO_CELL_SURFACE",0.88770875697328,0.609591056192998,1,10,0.377556203171543,3,"Snx33 Tax1bp3 Nedd4l"
"GOBP_NEGATIVE_REGULATION_OF_PROTEIN_LOCALIZATION_TO_CHROMATIN",0.635220985988745,0.904972050603119,1,10,0.27016926639602,1,"Sirt6"
"GOBP_NEGATIVE_REGULATION_OF_PROTEIN_LOCALIZATION_TO_MEMBRANE",-1.18558672299569,0.24572192513369,1,26,-0.471059540976611,8,"Lyplal1 Pid1 Pkdcc Bcl2l1 Lrrc15 Lztfl1 Lypla1 Ngdn"
"GOBP_NEGATIVE_REGULATION_OF_PROTEIN_LOCALIZATION_TO_NUCLEUS",-0.660490952369857,0.94634448574969,1,46,-0.238833263369726,4,"Cd36 Dclk2 Akap1 Irgm2"
"GOBP_NEGATIVE_REGULATION_OF_PROTEIN_MATURATION",-1.11503540225018,0.348788513311397,1,11,-0.529530365089336,4,"Lrrk2 Plau Ppp1r15a Sirt4"
"GOBP_NEGATIVE_REGULATION_OF_PROTEIN_METABOLIC_PROCESS",-0.674270613058647,0.999297400381411,1,495,-0.201060726052693,105,"Gadd45g Shfl Rasip1 Rtn1 Inca1 Bank1 Ppargc1a Olfm1 Cdk1 Igf1 Ptpn3 Ptpn22 Dusp10 Cnksr3 Map3k20 Il18 Nt5dc2 Tppp Ifrd2 Lrrk2 Plau Sh3bp5 Arrb1 Pard3 Scrib Pbk Hdac6 Fbxw8 Cep78 Zfp36 Egfr Jun Deptor Ang Tbc1d24 Cdkn1a Dab2ip Hdac8 Gigyf1 Prkrip1 Thy1 Nr1h2 Dhfr Rassf2 Rgs2 Tyms Paip2b Ppp1r15b Smarcc1 Cnot9 F8a Prkce Ecm1 Shmt1 Flna Nup62 Nnt Unk Ago1 Eif4enif1 Dusp6 Suz12 Serpinb1a Ppp2r5d Bex6 Agap2 Helz Prpf18 Dedd Enc1 Eif2ak2 Trim44 Vps25 Ppp1r15a Tfap4 Usp5 Arrb2 Sesn2 Smad3 Mad2l1 Prkcg Gclc Chordc1 Sirt4 Capn3 Hmgcr Isg15 Ddx3x Atxn3 Senp1 Epm2a Paip2 Fbxo32 Abca7 Taf7 Rabgef1 Rbm4 Ubxn2a Eif4e2 Calr Atg14 Mtm1 Smo Gsk3b Cry1"
"GOBP_NEGATIVE_REGULATION_OF_PROTEIN_MODIFICATION_PROCESS",-0.705157387048735,0.981332508250825,1,243,-0.216009587478737,46,"Gadd45g Rasip1 Inca1 Ppargc1a Cdk1 Igf1 Ptpn22 Dusp10 Cnksr3 Il18 Nt5dc2 Tppp Sh3bp5 Arrb1 Pard3 Pbk Hdac6 Cep78 Jun Deptor Tbc1d24 Cdkn1a Hdac8 Prkrip1 Thy1 Rassf2 Ppp1r15b Prkce Nup62 Nnt Dusp6 Suz12 Ppp2r5d Bex6 Trim44 Vps25 Ppp1r15a Tfap4 Arrb2 Mad2l1 Prkcg Gclc Chordc1 Capn3 Hmgcr Isg15"
"GOBP_NEGATIVE_REGULATION_OF_PROTEIN_POLYMERIZATION",-0.554096493589708,0.99355701434476,1,54,-0.195666224098896,3,"Stmn1 Bbs4 Eps8"
"GOBP_NEGATIVE_REGULATION_OF_PROTEIN_SECRETION",-0.94324572872926,0.566937869822485,1,48,-0.33899650892645,6,"Pde1c Kcnb1 Pde3b Pde8b Il12a Rab11fip1"
"GOBP_NEGATIVE_REGULATION_OF_PROTEIN_SERINE_THREONINE_KINASE_ACTIVITY",-0.807149343030768,0.781265447355413,1,47,-0.290946623558198,4,"Rasip1 Inca1 Ptpn22 Dusp10"
"GOBP_NEGATIVE_REGULATION_OF_PROTEIN_UBIQUITINATION",-0.6129635303013,0.982357177148344,1,58,-0.214118381522212,20,"Cdk1 Arrb1 Cep78 Hdac8 Prkce Trim44 Arrb2 Mad2l1 Prkcg Gclc Isg15 Cry1 Vps28 Bag2 Dnaja1 Bex3 Mtor Parp10 Chp1 Fbxo5"
"GOBP_NEGATIVE_REGULATION_OF_PROTEOLYSIS",-0.640330453537272,0.985640565402737,1,97,-0.209863166428865,22,"Ptpn3 Lrrk2 Plau Pbk Hdac6 Fbxw8 Nr1h2 Smarcc1 F8a Ecm1 Serpinb1a Ppp1r15a Usp5 Prkcg Sirt4 Senp1 Fbxo32 Ubxn2a Mtm1 Gsk3b Taf9 Usp19"
"GOBP_NEGATIVE_REGULATION_OF_PROTEOLYSIS_INVOLVED_IN_PROTEIN_CATABOLIC_PROCESS",0.594342751125957,0.999326145552561,1,68,0.159497145466451,21,"Hfe Kat2a Fhit Fbxo38 Clec16a Igf2bp2 Ddrgk1 N4bp1 Svip Usp38 Sufu Wdr20 Ufsp2 Psen1 Psmf1 Ccar2 Bag5 Mapk3 Caml Prmt6 Gabarapl2"
"GOBP_NEGATIVE_REGULATION_OF_RAS_PROTEIN_SIGNAL_TRANSDUCTION",0.816339665240487,0.735842419978896,1,19,0.290885439411857,7,"Ephb2 Stambp Lztr1 Mfn2 Nf1 Spry2 Rapgef1"
"GOBP_NEGATIVE_REGULATION_OF_REACTIVE_OXYGEN_SPECIES_BIOSYNTHETIC_PROCESS",0.945762956603641,0.521548821548822,1,17,0.346758131941752,3,"Mpv17l Prkn Mfn2"
"GOBP_NEGATIVE_REGULATION_OF_REACTIVE_OXYGEN_SPECIES_METABOLIC_PROCESS",0.968502340559152,0.495567375886525,1,35,0.296899334398915,3,"Cryab Mpv17l Pon3"
"GOBP_NEGATIVE_REGULATION_OF_RECEPTOR_INTERNALIZATION",-0.65889679960458,0.88722704157942,1,11,-0.312910121191402,4,"Ankrd13d Mtmr2 Ubqln2 Atxn2"
"GOBP_NEGATIVE_REGULATION_OF_RECEPTOR_MEDIATED_ENDOCYTOSIS",-0.810579745374577,0.734907394316414,1,18,-0.348063126551174,6,"Syt11 Ankrd13d Mtmr2 Ubqln2 Atxn2 Rabgef1"
"GOBP_NEGATIVE_REGULATION_OF_RECEPTOR_SIGNALING_PATHWAY_VIA_STAT",-1.02828093092037,0.440689947688392,1,18,-0.441544065012017,4,"Hmga2 Vhl Gbp7 Socs3"
"GOBP_NEGATIVE_REGULATION_OF_REGULATED_SECRETORY_PATHWAY",-0.734691015685724,0.835268405955471,1,22,-0.30184682097424,1,"Hmox1"
"GOBP_NEGATIVE_REGULATION_OF_RELEASE_OF_CYTOCHROME_C_FROM_MITOCHONDRIA",-1.22542526829606,0.21134236625227,1,19,-0.518426367166062,3,"Nol3 Igf1 Bcl2l1"
"GOBP_NEGATIVE_REGULATION_OF_REPRODUCTIVE_PROCESS",-1.15918290584239,0.257980456026059,1,33,-0.442067123055641,10,"Igf1 Ptgds Pkmyt1 Zp1 Trip13 Ada Dusp1 Rad1 Osm Serpinf1"
"GOBP_NEGATIVE_REGULATION_OF_RESPONSE_TO_BIOTIC_STIMULUS",-0.51868097195016,0.999443950177936,1,105,-0.168635656997716,38,"Oas1c Oas1a Dusp10 Dtx4 Nectin2 Aurkb Rnf26 Foxp3 Ttll12 Irgm2 Havcr2 Serpinb9 Mapkbp1 Nlrc5 Usp5 Arrb2 Zdhhc18 Fgl2 Isg15 Eif4e2 Dnaja3 Pvr Cd96 Usp18 Mtor Tap2 Gigyf2 Samhd1 Nfkbil1 Grb2 Banf1 Cnot7 Ythdf3 Mettl3 Fam3a Ppp3cb Lyar Ywhag"
"GOBP_NEGATIVE_REGULATION_OF_RESPONSE_TO_CYTOKINE_STIMULUS",-0.757665672958426,0.85693710993759,1,58,-0.264665252676701,3,"Nol3 Oas1c Oas1a"
"GOBP_NEGATIVE_REGULATION_OF_RESPONSE_TO_ENDOPLASMIC_RETICULUM_STRESS",-0.570968746804093,0.98675,1,43,-0.208846534798878,9,"Nck2 Lrrk2 Bcl2l1 Nr1h2 Syvn1 Dnajb9 Txndc12 Abca7 Ubxn2a"
"GOBP_NEGATIVE_REGULATION_OF_RESPONSE_TO_EXTERNAL_STIMULUS",-0.88351384353704,0.772628754257405,1,236,-0.270958228636207,38,"Uaca Aoah Oas1c Oas1a Igf1 Mdga1 Pros1 Pomc Dusp10 AI182371 Dtx4 Cd69 Nectin2 Aurkb Cask Plau Tfpi Ada Rnf26 Slc12a2 Slc39a8 Pbk Hdac6 Trim45 Foxp3 Socs3 Rora Zfp36 Il2ra Prmt2 Dusp1 Ttll12 Thbd Irgm2 Tnf Syt11 Nr1h2 Havcr2"
"GOBP_NEGATIVE_REGULATION_OF_RESPONSE_TO_OXIDATIVE_STRESS",-0.672806922617009,0.873616512114867,1,11,-0.319516039265703,3,"Tsc1 Tbc1d24 Mctp1"
"GOBP_NEGATIVE_REGULATION_OF_RESPONSE_TO_TUMOR_CELL",1.22988373992378,0.204727030625832,1,16,0.458362358143254,10,"Pdcd1 Cd274 Klre1 Fbxo38 Klhl22 Ahr Ceacam1 Mapk3 Lag3 Tgfb1"
"GOBP_NEGATIVE_REGULATION_OF_RESPONSE_TO_WOUNDING",-0.728804368783615,0.877091458045037,1,41,-0.268382390920786,7,"Pros1 Cask Plau Tfpi Slc12a2 Thbd Tnf"
"GOBP_NEGATIVE_REGULATION_OF_RHO_PROTEIN_SIGNAL_TRANSDUCTION",-1.15359325437775,0.285206938942767,1,22,-0.473952245361613,3,"Itga3 Rasip1 Stmn1"
"GOBP_NEGATIVE_REGULATION_OF_RNA_CATABOLIC_PROCESS",-1.09602483402777,0.313723232788395,1,80,-0.367113769700783,36,"Tent5c Vegfa Igf2bp3 Tent4a Cryz Nrde2 Zfp36 Secisbp2 Ang Mettl1 E2f1 Eif4enif1 Tent4b Dhx34 Ikbke Nsun2 Traf2 Dnd1 Upf3a Srsf1 Ago2 Hnrnpab Mtor Mettl14 Fxr1 Nbas Mapkapk2 Elavl1 Wdr4 Paip1 Rbm10 Dhx9 Slfn2 Pkp3 Hnrnpa0 Tob1"
"GOBP_NEGATIVE_REGULATION_OF_RNA_SPLICING",-0.840103350771353,0.705639797818569,1,27,-0.331163943286304,19,"Celf4 Srsf6 Rbmxl1 Rnps1 Ptbp2 Rbm10 U2af2 Rbm42 Sfswap Dyrk1a Npm1 Sap18 Srsf10 Hnrnpa2b1 C1qbp Ptbp3 Srsf9 Hnrnpk Srsf4"
"GOBP_NEGATIVE_REGULATION_OF_SECRETION",-0.76252474792636,0.895609863983191,1,110,-0.247147031468178,10,"Pde1c Kcnb1 Hmox1 Sct Pde3b Pde8b Il12a Rab11fip1 Gabbr1 Ada"
"GOBP_NEGATIVE_REGULATION_OF_SIGNALING_RECEPTOR_ACTIVITY",-0.963231051362616,0.531645569620253,1,14,-0.43443032876069,3,"Ppargc1a Cnrip1 Ramp3"
"GOBP_NEGATIVE_REGULATION_OF_SIGNAL_TRANSDUCTION_BY_P53_CLASS_MEDIATOR",-0.610250659208941,0.967337980893364,1,35,-0.23046966552855,10,"Rad54b Ell3 Rrn3 Rnf34 Armc10 Dyrk3 Mdm4 Yju2 Taf3 Mif"
"GOBP_NEGATIVE_REGULATION_OF_SIGNAL_TRANSDUCTION_IN_ABSENCE_OF_LIGAND",-0.661506297794449,0.90357698289269,1,18,-0.28405095434161,4,"Bcl2 Tert Tnf Agap2"
"GOBP_NEGATIVE_REGULATION_OF_SMAD_PROTEIN_SIGNAL_TRANSDUCTION",-1.142942961767,0.314874342489772,1,13,-0.522592384237466,6,"Lrp1 Eng Ldlrad4 Smad7 Fam89b Crkl"
"GOBP_NEGATIVE_REGULATION_OF_SMALL_GTPASE_MEDIATED_SIGNAL_TRANSDUCTION",-0.751000644832701,0.867449461324295,1,55,-0.264309436736651,9,"Itga3 Rasip1 Stmn1 Arhgap29 Dab2ip Ccdc125 Nup62 Rasa2 Adra1b"
"GOBP_NEGATIVE_REGULATION_OF_SMALL_MOLECULE_METABOLIC_PROCESS",1.04900923429674,0.327574291637871,1,70,0.279471526039298,17,"Erlin2 Sirt6 Snai1 Apoe Kat2b Entpd1 Dkkl1 Appl2 Gfi1 Kat2a Dgat2 Ggcx Sik2 Rest Ier3 Cbfa2t3 Ddit4"
"GOBP_NEGATIVE_REGULATION_OF_SMOOTHENED_SIGNALING_PATHWAY",-1.05387684736592,0.39692513368984,1,26,-0.418728326099746,7,"Glis2 Kctd21 Kctd6 Kif7 Ift122 Cdk20 Megf8"
"GOBP_NEGATIVE_REGULATION_OF_SMOOTH_MUSCLE_CELL_DIFFERENTIATION",0.625554556150089,0.912032950867902,1,10,0.266057984943136,10,"Pdcd4 Ankrd17 Nfatc2 Med28 Rcan1 Nfatc3 Foxo4 Dnmt1 Mecp2 Nfatc1"
"GOBP_NEGATIVE_REGULATION_OF_SMOOTH_MUSCLE_CELL_PROLIFERATION",-1.16785849822223,0.249289956106377,1,35,-0.441058036412209,7,"Esr1 Hmox1 Ppargc1a Il12a Il15 Ang Cdkn1a"
"GOBP_NEGATIVE_REGULATION_OF_STEM_CELL_DIFFERENTIATION",-0.843345570202046,0.696784922394678,1,20,-0.353212971093774,8,"Hes1 Hes5 Gsk3b Zfp36l2 Cdk12 Prickle1 Notch1 Hspa9"
"GOBP_NEGATIVE_REGULATION_OF_STEM_CELL_POPULATION_MAINTENANCE",-0.411068195784211,0.998463472552032,1,19,-0.173905824297422,4,"Ing2 Sap30 Brms1l Ing1"
"GOBP_NEGATIVE_REGULATION_OF_STRESS_FIBER_ASSEMBLY",0.749489441473511,0.832571227576504,1,19,0.267064770708335,3,"Met Kank3 Arhgap28"
"GOBP_NEGATIVE_REGULATION_OF_STRIATED_MUSCLE_CELL_APOPTOTIC_PROCESS",-1.03185958327476,0.429268936394827,1,29,-0.401361889918046,4,"Nol3 Bcl2 Trip10 Bag3"
"GOBP_NEGATIVE_REGULATION_OF_STRIATED_MUSCLE_CELL_DIFFERENTIATION",-0.724935343205923,0.855080213903743,1,26,-0.288032670562849,7,"Hdac4 Tmem119 Bhlha15 Akap1 Rgs2 Ezh2 Hdac5"
"GOBP_NEGATIVE_REGULATION_OF_SYNAPTIC_TRANSMISSION",-1.1991571839179,0.21328990228013,1,33,-0.457311752713307,7,"Kcnb1 Cnr2 Pick1 Gabbr1 Stau2 Dgki Bcl2l1"
"GOBP_NEGATIVE_REGULATION_OF_TELOMERE_MAINTENANCE",0.628119496214168,0.977836879432624,1,35,0.192553236620267,5,"Pif1 Gnl3l Ctc1 Xrcc1 Terf2"
"GOBP_NEGATIVE_REGULATION_OF_TELOMERE_MAINTENANCE_VIA_TELOMERASE",0.885466069408788,0.620471333098839,1,19,0.315517177042214,4,"Pif1 Gnl3l Ctc1 Terf2"
"GOBP_NEGATIVE_REGULATION_OF_TELOMERE_MAINTENANCE_VIA_TELOMERE_LENGTHENING",0.835623730784763,0.731764705882353,1,25,0.279254033908453,6,"Pif1 Gnl3l Ctc1 Terf2 Pinx1 Slx4"
"GOBP_NEGATIVE_REGULATION_OF_TISSUE_REMODELING",1.02172679629479,0.415446071904128,1,16,0.380784856751465,4,"Ager Ubash3b Kiss1r Gpr137"
"GOBP_NEGATIVE_REGULATION_OF_TOLL_LIKE_RECEPTOR_SIGNALING_PATHWAY",0.581792772317196,0.965046604527297,1,16,0.216826923076923,16,"Lrrc14 Gpr108 Cd300lf Pdpk1 Otud4 Irf4 Cactin Ywhae Cd300a Gps2 Pik3ap1 Akt1 Nfkbil1 Trim30a Rnf115 Arrb2"
"GOBP_NEGATIVE_REGULATION_OF_TORC1_SIGNALING",-0.459448640132446,0.999639942390783,1,58,-0.160493070720511,24,"Vhl Tsc1 Alg13 Deptor Tbc1d7 Ube2d1 Sesn2 Atxn3 Sesn1 Ube2n Ube3a Mtor Kptn Szt2 Ywhag Usp7 Akt1 Tbk1 Sar1b Csnk1a1 Syk Rbx1 Prmt1 Mat2a"
"GOBP_NEGATIVE_REGULATION_OF_TOR_SIGNALING",-0.406078641577832,1,1,75,-0.137203269061793,31,"Vhl Mapkapk5 Tsc1 Alg13 Deptor Tbc1d7 Ube2d1 Sesn2 Atxn3 Sesn1 Epm2a Ube2n Mtm1 Gsk3b Ube3a Flcn Mtor Kptn Szt2 Ywhag Gsk3a Usp7 Sirt1 Akt1 Tbk1 Sar1b Csnk1a1 Syk Rbx1 Prmt1 Mat2a"
"GOBP_NEGATIVE_REGULATION_OF_TRANSCRIPTION_ELONGATION_BY_RNA_POLYMERASE_II",0.645758266574833,0.942301126664391,1,18,0.232663392471446,1,"Sirt6"
"GOBP_NEGATIVE_REGULATION_OF_TRANSFORMING_GROWTH_FACTOR_BETA_RECEPTOR_SIGNALING_PATHWAY",-0.978522222049163,0.512963182194862,1,64,-0.337135381275464,15,"Lrp1 Snx25 Fbn1 Dand5 Bambi Ing2 Ryr1 Spred2 Ints9 Rasl11b Mtmr4 Ldlrad4 Smad7 Fam89b Sap30"
"GOBP_NEGATIVE_REGULATION_OF_TRANSLATION",-0.769724711131919,0.89351298489623,1,124,-0.247009694653756,38,"Shfl Bank1 Map3k20 Ifrd2 Scrib Zfp36 Ang Gigyf1 Dhfr Rgs2 Tyms Paip2b Cnot9 Shmt1 Unk Ago1 Eif4enif1 Helz Enc1 Eif2ak2 Sesn2 Ddx3x Atxn3 Paip2 Rbm4 Eif4e2 Calr Ncl Zfp36l2 Ago2 Cpeb2 Lamtor1 Mtor Gigyf2 Samd4b Fxr1 Mrpl13 Alkbh3"
"GOBP_NEGATIVE_REGULATION_OF_TRANSLATIONAL_INITIATION",-0.686406997796497,0.917476340694006,1,40,-0.253602742758513,12,"Bank1 Scrib Gigyf1 Paip2b Atxn3 Paip2 Rbm4 Eif4e2 Ago2 Lamtor1 Mtor Gigyf2"
"GOBP_NEGATIVE_REGULATION_OF_TRANSMEMBRANE_RECEPTOR_PROTEIN_SERINE_THREONINE_KINASE_SIGNALING_PATHWAY",-0.80715793897989,0.814506946025962,1,84,-0.268584568771018,15,"Lrp1 Snx25 Fbn1 Dand5 Bambi Ing2 Ryr1 Spred2 Ints9 Rasl11b Twsg1 Mtmr4 Eng Ldlrad4 Smad7"
"GOBP_NEGATIVE_REGULATION_OF_TRANSMEMBRANE_TRANSPORT",-1.24276487450989,0.13094425483504,1,85,-0.412935076469606,21,"Esr1 Agrn Bcl2 Slc43a1 Pid1 Fabp5 Cttnbp2nl Fxyd2 Ppp3cc Pkd2 Oaz2 Rem1 Cers1 Gsto1 Tnf Rgs2 Prkce Gopc Oxsr1 Fbxo11 Sestd1"
"GOBP_NEGATIVE_REGULATION_OF_TRANSPORT",-0.933050872034458,0.680419722901386,1,304,-0.283015561118325,53,"Cd36 Pde1c Kcnb1 Esr1 Hmox1 Agrn Hes1 Bcl2 Sct Slc43a1 Lyplal1 Yod1 Pid1 Slc18a2 Pde3b Bard1 Tbc1d4 Pde8b Fabp5 Il12a Cttnbp2nl Fxyd2 Rab11fip1 Gabbr1 Ada Ppp3cc Pkd2 Pkdcc Derl3 Usp2 Actn2 Oaz2 Rem1 Atp9a Akap1 Cers1 Gsto1 Lypla1 Tnf Syt11 Ankrd13d Nr1h2 Rgs2 Mtmr4 Mtmr2 Osm Ffar4 Prkce Ubqln2 Gopc Dph3 Rangap1 Oxsr1"
"GOBP_NEGATIVE_REGULATION_OF_TRANSPORTER_ACTIVITY",-0.715686027075339,0.856167190274553,1,22,-0.294038646827259,3,"Cttnbp2nl Fxyd2 Pkd2"
"GOBP_NEGATIVE_REGULATION_OF_TRIGLYCERIDE_METABOLIC_PROCESS",-1.26921052470704,0.182889567874291,1,14,-0.572431240391393,2,"Esr1 Gpld1"
"GOBP_NEGATIVE_REGULATION_OF_TUMOR_NECROSIS_FACTOR_MEDIATED_SIGNALING_PATHWAY",-1.06389898458387,0.396899886234357,1,17,-0.461342095428847,1,"Nol3"
"GOBP_NEGATIVE_REGULATION_OF_TUMOR_NECROSIS_FACTOR_SUPERFAMILY_CYTOKINE_PRODUCTION",0.809825859077019,0.842878864673087,1,44,0.237575330144559,14,"Axl Errfi1 Ptger4 Cd274 Nod2 Bcl3 Tnfaip3 Rara Tlr6 Gstp3 Vsir Gpr18 Zc3h12a Sirpa"
"GOBP_NEGATIVE_REGULATION_OF_TYPE_II_INTERFERON_PRODUCTION",1.16933177876907,0.231410953935437,1,21,0.406972032918243,10,"Axl Prnp Cd276 Cd274 Nod2 Rara Vsir Zc3h12a Gimap3 Irgm1"
"GOBP_NEGATIVE_REGULATION_OF_TYPE_I_INTERFERON_MEDIATED_SIGNALING_PATHWAY",0.952913010738288,0.512203876525485,1,20,0.336571525901914,2,"Trex1 Oas3"
"GOBP_NEGATIVE_REGULATION_OF_TYPE_I_INTERFERON_PRODUCTION",0.840316063817283,0.787212787212787,1,43,0.247960242264689,13,"Traf3ip1 Atg9a Kat8 Pphln1 Ufd1 Ptprs Xaf1 Sirpa Klhl22 Irgm1 Nlrx1 Tasor2 Ppm1b"
"GOBP_NEGATIVE_REGULATION_OF_T_CELL_APOPTOTIC_PROCESS",-1.06149211505881,0.395445134575569,1,21,-0.440861191172982,6,"Rorc Prkcq Rag1 Ada Vhl Tnfrsf4"
"GOBP_NEGATIVE_REGULATION_OF_T_CELL_DIFFERENTIATION",-1.26532443346779,0.150997150997151,1,34,-0.479660488176947,13,"Rag2 Loxl3 Zc3h8 Cd69 Zbtb7b Foxp3 Hlx Nfkbid Smad7 Runx1 Fgl2 Tmem131l Zfp608"
"GOBP_NEGATIVE_REGULATION_OF_T_CELL_MEDIATED_IMMUNE_RESPONSE_TO_TUMOR_CELL",1.27278437170653,0.174613003095975,1,12,0.515565096660396,7,"Pdcd1 Cd274 Fbxo38 Klhl22 Ahr Mapk3 Lag3"
"GOBP_NEGATIVE_REGULATION_OF_T_CELL_MEDIATED_IMMUNITY",1.23218316106887,0.16375892149088,1,26,0.407882476631152,9,"Pdcd1 Hfe Clec4g Cd274 Nod2 Fbxo38 Vsir Klhl22 Ahr"
"GOBP_NEGATIVE_REGULATION_OF_T_CELL_PROLIFERATION",-0.801243974092694,0.781,1,43,-0.293075634094481,11,"Zbtb7b Cd86 Scrib Foxp3 Il2ra Havcr2 Cebpb Tnfrsf21 Twsg1 Glmn Zc3h12d"
"GOBP_NEGATIVE_REGULATION_OF_T_HELPER_17_TYPE_IMMUNE_RESPONSE",-1.26042553535279,0.193308007013442,1,13,-0.576309411499817,6,"Loxl3 Cd69 Zbtb7b Foxp3 Smad7 Il27ra"
"GOBP_NEGATIVE_REGULATION_OF_UBIQUITIN_DEPENDENT_PROTEIN_CATABOLIC_PROCESS",0.748421797545258,0.942806603773585,1,57,0.20792193240103,17,"Hfe Kat2a Fhit Fbxo38 Clec16a Igf2bp2 Ddrgk1 N4bp1 Svip Usp38 Sufu Wdr20 Psen1 Ccar2 Bag5 Mapk3 Caml"
"GOBP_NEGATIVE_REGULATION_OF_VASCULAR_ASSOCIATED_SMOOTH_MUSCLE_CELL_PROLIFERATION",-0.911532634671669,0.59841155234657,1,15,-0.406022059134389,2,"Hmox1 Cdkn1a"
"GOBP_NEGATIVE_REGULATION_OF_VASCULAR_PERMEABILITY",1.16735424750944,0.273220747889023,1,11,0.483167852337279,5,"Apoe Amot Arhgap35 Ptprj Pde2a"
"GOBP_NEGATIVE_REGULATION_OF_VASCULATURE_DEVELOPMENT",-0.981985977763443,0.504786979415988,1,60,-0.341562629445688,10,"Cd36 E2f2 Zfp354c Pde3b Cd59a Angpt4 Slc12a2 Sema4a Dab2ip Tnf"
"GOBP_NEGATIVE_REGULATION_OF_VIRAL_GENOME_REPLICATION",-1.19855494705819,0.213271365866254,1,35,-0.452650978081964,10,"Hmga2 Shfl Oas1c Oas1a Fam111a Isg20 Tnf Oasl1 Eif2ak2 Slpi"
"GOBP_NEGATIVE_REGULATION_OF_VIRAL_PROCESS",-1.17441688714655,0.22781745551386,1,55,-0.413327828772858,15,"Hmga2 Shfl Oas1c Oas1a Fam111a Isg20 Zfp36 Tnf Oasl1 Trim13 Eif2ak2 Slpi Isg15 Trim27 Larp7"
"GOBP_NEGATIVE_REGULATION_OF_VIRAL_TRANSCRIPTION",-0.997669837119989,0.486209386281588,1,15,-0.444389971566553,7,"Zfp36 Trim13 Trim27 Larp7 Ubp1 Sp100 Trim62"
"GOBP_NEGATIVE_REGULATION_OF_WNT_SIGNALING_PATHWAY",1.06254225082621,0.306122448979592,1,92,0.273594638822593,18,"Alpk2 Ppp2r3a Tle2 Egr1 Apoe Tle6 Kremen1 Dkkl1 Invs App Znrf3 Tax1bp3 Nlk Prkn Ptpro Apc Draxin Vgll4"
"GOBP_NEGATIVE_REGULATION_OF_WOUND_HEALING",-0.947249603880493,0.54572192513369,1,26,-0.376362989682236,7,"Pros1 Cask Plau Tfpi Slc12a2 Thbd Tnf"
"GOBP_NEPHRON_DEVELOPMENT",-1.09658794445574,0.31638352338841,1,74,-0.371063328148238,11,"Myo1e Itga3 Hes1 Klhl3 Bcl2 Vegfa Wnt6 Pdgfrb Pkd2 Timeless Ctns"
"GOBP_NEPHRON_EPITHELIUM_DEVELOPMENT",-1.23084667208397,0.165117416829746,1,51,-0.438105051378714,9,"Myo1e Hes1 Klhl3 Bcl2 Vegfa Wnt6 Pkd2 Timeless Ctns"
"GOBP_NERVE_DEVELOPMENT",-1.2876897163825,0.133255633255633,1,34,-0.488138742636705,11,"Chrnb2 Hes1 Ntrk1 Nrtn Unc13a Fbxo45 Hoxa3 Naglu Hoxb3 Ece1 Prkcg"
"GOBP_NERVE_GROWTH_FACTOR_SIGNALING_PATHWAY",-0.955292895648079,0.54157201272149,1,10,-0.462663776434575,1,"Ntrk1"
"GOBP_NEURAL_CREST_CELL_DIFFERENTIATION",-1.23971882750943,0.169211356466877,1,40,-0.45803159920431,5,"Sema6d Wnt10a Hes1 Nrtn Klhl12"
"GOBP_NEURAL_NUCLEUS_DEVELOPMENT",-1.1746404684321,0.287445100711798,1,10,-0.568897348188673,4,"Chrnb2 Bcl2 Scrib Cacna1a"
"GOBP_NEURAL_PRECURSOR_CELL_PROLIFERATION",-0.997717250853744,0.487681478222613,1,112,-0.322657000081734,18,"Hmga2 Tacc3 Nfix Vegfa Adgrg1 Igf1 Wdr62 Cip2a Ell3 Lrrk2 Daglb Vegfc Cdon Ckap2l Rora Disc1 Melk Zfp335"
"GOBP_NEURAL_RETINA_DEVELOPMENT",-0.80242384195118,0.770203976245804,1,35,-0.303046545998574,10,"Rab11fip4 Fos Bbs4 Tgif1 Casz1 Thy1 Naglu Bbs10 Alms1 Sox8"
"GOBP_NEURAL_TUBE_DEVELOPMENT",-0.937284093695808,0.614666955955739,1,128,-0.300350870388852,22,"Ptk7 Stil Luzp1 Hes1 Cecr2 Plxna2 Bbs4 Kif20b Pkd2 Scrib Tsc1 Mthfr Tgif1 Lmo4 Tctn1 Intu Celsr1 Mthfd1l Glmn Ift122 Specc1l Cdk20"
"GOBP_NEURAL_TUBE_FORMATION",-0.992381893624821,0.491440879718853,1,89,-0.328280534979155,18,"Ptk7 Stil Luzp1 Cecr2 Bbs4 Kif20b Scrib Tsc1 Mthfr Tgif1 Lmo4 Tctn1 Celsr1 Mthfd1l Glmn Ift122 Specc1l Cdk20"
"GOBP_NEURAL_TUBE_PATTERNING",-0.589016235257089,0.9605245185084,1,22,-0.241996532309061,1,"Hes1"
"GOBP_NEUROBLAST_DIVISION",-0.720327573507327,0.825988187187642,1,10,-0.348866276455202,6,"Ckap2l Numbl Aspm Dock7 Akna Rab10"
"GOBP_NEUROBLAST_PROLIFERATION",-1.10185248912437,0.328996521963159,1,36,-0.414397107289031,9,"Nfix Vegfa Wdr62 Lrrk2 Daglb Vegfc Ckap2l Disc1 Zfp335"
"GOBP_NEUROEPITHELIAL_CELL_DIFFERENTIATION",-1.23413715243188,0.203308355718931,1,18,-0.5299387732294,5,"Tmem231 Hes1 B9d1 Ipo7 Cebpb"
"GOBP_NEUROINFLAMMATORY_RESPONSE",-1.05979670988839,0.381071131694573,1,63,-0.366017056383125,15,"Itgam Ccdc39 Lrp1 Cd200r4 Igf1 Lrrk2 Ccr1l1 C1qa Egfr Jun Tnf Syt11 Naglu Kcnn4 Ifngr1"
"GOBP_NEUROMUSCULAR_JUNCTION_DEVELOPMENT",-0.969482053861674,0.520375,1,43,-0.35461304779293,8,"Agrn Lrp5 Cntnap1 Unc13a Ppfibp1 Lrrk2 Lamc1 Gabpa"
"GOBP_NEUROMUSCULAR_PROCESS",0.905647253438201,0.744162436548223,1,108,0.22625214075174,18,"Homer1 Tshz3 Adcy5 Dlg4 Aldh1a3 Agtpbp1 Selenon Myh14 Borcs7 App Large1 Prkn Cln3 Rest Hexb Aplp2 Camk2b Vps54"
"GOBP_NEUROMUSCULAR_PROCESS_CONTROLLING_BALANCE",0.92714156349302,0.598459316321618,1,40,0.277018621268319,9,"Adcy5 Dlg4 Aldh1a3 App Cln3 Rest Hexb Aplp2 Camk2b"
"GOBP_NEUROMUSCULAR_PROCESS_CONTROLLING_POSTURE",-0.926262711814986,0.576101771921854,1,10,-0.448603989594333,2,"Cntnap1 Rnf170"
"GOBP_NEUROMUSCULAR_SYNAPTIC_TRANSMISSION",-0.763012714820261,0.776446522501461,1,13,-0.34887535702128,2,"Chrnb2 Stac3"
"GOBP_NEURONAL_ACTION_POTENTIAL",0.854134317248239,0.656744775174161,1,13,0.338483650811361,2,"Trpa1 Myh14"
"GOBP_NEURONAL_STEM_CELL_POPULATION_MAINTENANCE",-1.2176763433871,0.217017738359202,1,20,-0.509991507959566,7,"Hes1 Sct Wdr62 Fancc Mcph1 Aspm Hes5"
"GOBP_NEURON_CELLULAR_HOMEOSTASIS",-0.940146814321033,0.565316744953663,1,39,-0.349027478157953,5,"Ncs1 Marcksl1 Cacnb2 Atp6v1g2 Cacna1a"
"GOBP_NEURON_FATE_COMMITMENT",-0.85190954220907,0.684034082972482,1,19,-0.360407427974505,6,"Nfix Epop Casz1 Lmo4 Runx1 Tfap4"
"GOBP_NEURON_INTRINSIC_APOPTOTIC_SIGNALING_PATHWAY_IN_RESPONSE_TO_OXIDATIVE_STRESS",0.978967779786466,0.478029294274301,1,16,0.364849103637227,4,"Prkn Prodh Pycr1 Map3k5"
"GOBP_NEURON_MIGRATION",-0.846953676273426,0.772278314310799,1,113,-0.273615968083695,24,"Nr4a2 Itga3 Auts2 Vegfa Adgrg1 Mdga1 Ntng2 Bbs4 Wdr62 Kif20b Fbxo45 Katna1 Dnaaf4 Cul5 Cdkl5 Mrtfb Disc1 Tbc1d24 Dab2ip Celsr1 Camk2a Flna Unk Apbb2"
"GOBP_NEURON_PROJECTION_ARBORIZATION",-0.857071156428474,0.676190476190476,1,21,-0.355960638409573,6,"Ntng2 Pak6 Lrrk2 Bcl7a Mov10 Ssna1"
"GOBP_NEURON_PROJECTION_EXTENSION",-1.04904177525139,0.389638659120592,1,121,-0.3371503953225,16,"Sema6d Spag6l Lrp1 Auts2 Olfm1 Vegfa Cit Tnfrsf12a Unc13a Pak6 Ttl Prkcz Hdac6 Cdkl5 Nrn1l Disc1"
"GOBP_NEURON_PROJECTION_GUIDANCE",1.03169338602813,0.381918819188192,1,95,0.263596534224476,29,"Gfra3 Lama3 Ncam1 Lamb2 Kif5c Fzd3 Notch3 Arhgap35 Ephb2 Apbb1 Kalrn App Ptprj Diaph2 Ngfr Palld Ptpro Unc5a Vasp Draxin Matn2 Ext1 Kifc2 Trio L1cam Sema4c Usp33 Tubb2b Crppa"
"GOBP_NEURON_PROJECTION_REGENERATION",-0.692598438655177,0.917797982314111,1,44,-0.252404058286976,7,"Lrp1 Bcl2 Cspg5 Jun Thy1 Dhfr Flna"
"GOBP_NEUROPEPTIDE_SIGNALING_PATHWAY",-0.888914125836932,0.626698168930892,1,12,-0.41280774103978,2,"Sstr2 Pomc"
"GOBP_NEUROTRANSMITTER_RECEPTOR_LOCALIZATION_TO_POSTSYNAPTIC_SPECIALIZATION_MEMBRANE",0.802810617400995,0.808580858085809,1,29,0.258352697571298,5,"Dlg4 Lhfpl4 Kalrn Gnai1 Dlg2"
"GOBP_NEUROTRANSMITTER_RECEPTOR_TRANSPORT",0.701528902144018,0.877777777777778,1,17,0.257211228154029,5,"Snap23 Sacm1l Stx3 Rab8a Gripap1"
"GOBP_NEUROTRANSMITTER_REUPTAKE",-0.828356747195995,0.703632604843473,1,12,-0.384685165468693,3,"Slc18a2 Nat8l Slc1a2"
"GOBP_NEUROTRANSMITTER_SECRETION",-1.12090089581057,0.268216361198033,1,99,-0.366453723115847,22,"Ncs1 Best1 Napb Baiap3 Nr4a1 Unc13a Stx11 Cask Fbxo45 Lrrk2 Scrib Dgki Cspg5 Sv2c Stx1a Bcl2l1 Grik5 Cacna1a Sv2a Syt11 Slc6a9 Camk2a"
"GOBP_NEUROTRANSMITTER_TRANSPORT",-1.18045255202682,0.171288743882545,1,122,-0.379109729869744,27,"Ncs1 Best1 Napb Ddc Slc18a2 Baiap3 Nat8l Nr4a1 Unc13a Slc28a2 Stx11 Slc29a2 Cask Fbxo45 Lrrk2 Scrib Dgki Cspg5 Sv2c Slc1a2 Stx1a Bcl2l1 Grik5 Cacna1a Sv2a Syt11 Slc6a9"
"GOBP_NEUROTRANSMITTER_UPTAKE",-0.870615171989229,0.657571044818323,1,18,-0.373842352359084,5,"Slc18a2 Nat8l Slc29a2 Slc1a2 Slc6a9"
"GOBP_NEUROTROPHIN_SIGNALING_PATHWAY",0.778472340381457,0.848881384550443,1,31,0.245821967915123,14,"Slc9a6 Shoc2 Ptprf Ddit4 Sort1 Cd2ap Zdhhc17 Akt1s1 Spry2 Rapgef1 Src Rapgef2 Tmem108 Kidins220"
"GOBP_NEUROTROPHIN_TRK_RECEPTOR_SIGNALING_PATHWAY",0.769099852193822,0.83426861204639,1,23,0.261170215443984,9,"Slc9a6 Ptprf Ddit4 Sort1 Cd2ap Zdhhc17 Akt1s1 Spry2 Src"
"GOBP_NEUTRAL_AMINO_ACID_TRANSPORT",-0.667291881535898,0.918702390333596,1,30,-0.258109761655122,5,"Slc43a1 Ctns Slc1a2 Slc6a9 Rgs2"
"GOBP_NEUTRAL_LIPID_BIOSYNTHETIC_PROCESS",-1.05316018213313,0.394975394975395,1,34,-0.399233045477549,7,"Gpat3 Pla2g4a Gpld1 Gk Plpp1 Nr1h2 Gpat4"
"GOBP_NEUTROPHIL_ACTIVATION",-1.24314013277572,0.178566749639722,1,31,-0.478562416594123,5,"Itgam Il18 Stx11 Il15 Tnf"
"GOBP_NEUTROPHIL_HOMEOSTASIS",-0.97959870849782,0.506399317406143,1,17,-0.424786683140358,3,"Itgam Il18 Lilrb4a"
"GOBP_NICOTINAMIDE_NUCLEOTIDE_BIOSYNTHETIC_PROCESS",0.496025941050144,0.992850178745531,1,15,0.187818332347955,3,"Ido1 Haao Nmrk1"
"GOBP_NITRIC_OXIDE_MEDIATED_SIGNAL_TRANSDUCTION",-1.08227779028483,0.393911858246252,1,10,-0.524164611592497,2,"Cd36 Vegfa"
"GOBP_NK_T_CELL_ACTIVATION",-1.22397592707802,0.212180472132979,1,19,-0.517813211291204,5,"Lck Il12a Il18 Zbtb7b Il15"
"GOBP_NLS_BEARING_PROTEIN_IMPORT_INTO_NUCLEUS",-0.841376898460485,0.689675090252708,1,15,-0.374772737504984,9,"Nup54 Kpna1 Kpna4 Mbtps2 Nup35 Insig2 Akt1 Ipo5 Kpna2"
"GOBP_NONRIBOSOMAL_PEPTIDE_BIOSYNTHETIC_PROCESS",0.727820004861515,0.807296263606943,1,10,0.30955305495097,3,"Aasdh Mgst2 Eif2ak3"
"GOBP_NON_CANONICAL_NF_KAPPAB_SIGNAL_TRANSDUCTION",-1.03071654859789,0.423378954453668,1,97,-0.337809075586615,30,"Uaca Nol3 Adgrg3 Ptpn22 Tab1 Trim55 Il18 Cd86 Smpd3 Dab2ip Tnf Havcr2 Rassf2 Hdac7 Ecsit Uxt Ago1 Trim26 Relb Eif2ak2 Trim44 Trim56 Traf2 Ddx3x Chuk Calr Cpne1 Eda Spi1 Tnfrsf1a"
"GOBP_NON_CANONICAL_WNT_SIGNALING_PATHWAY",-0.466136944737,0.995789187720728,1,24,-0.188223438249848,7,"Mllt3 Fzd5 Tiam1 Vangl2 Mks1 Rnf213 Prickle1"
"GOBP_NON_LYTIC_VIRAL_RELEASE",-0.554404660250007,0.958942139099942,1,13,-0.253492661422484,6,"Chmp7 Vps4a Chmp1a Chmp4b Arl8b Vps4b"
"GOBP_NON_MOTILE_CILIUM_ASSEMBLY",-1.01344339207478,0.453938743892266,1,61,-0.351447426962107,12,"Cep126 Stil Bbs4 Enkd1 Cep131 Bbs2 Cc2d2b Disc1 Intu Exoc5 Bbs10 Ift122"
"GOBP_NON_PROTEINOGENIC_AMINO_ACID_BIOSYNTHETIC_PROCESS",0.767434159000568,0.764342453662842,1,10,0.326401564680207,4,"Cad Slc38a1 Aldh18a1 Upb1"
"GOBP_NON_PROTEINOGENIC_AMINO_ACID_METABOLIC_PROCESS",0.925571134544746,0.610515569167943,1,45,0.269941853375857,7,"Azin2 Mtrr Aldh6a1 Aasdh Ido1 Mtr Mthfd1"
"GOBP_NOTCH_RECEPTOR_PROCESSING",-0.51396641454358,0.974859912161139,1,10,-0.2489222346325,2,"Aph1a Ncstn"
"GOBP_NOTCH_SIGNALING_PATHWAY",-0.881956220201383,0.713440035080026,1,114,-0.28466925000802,20,"Hes1 Egfl7 Lfng Rita1 Gas2 Dtx4 Angpt4 Hes7 Lrrk2 Arrb1 Maml1 Llgl1 Il2ra Bcl7a Enho Maml3 Rbm15 Tspan5 Pofut1 Gdpd5"
"GOBP_NUCLEAR_BODY_ORGANIZATION",-0.75707633183948,0.786992579659537,1,14,-0.341451741275051,4,"Usp50 Wrap53 Dyrk3 Uspl1"
"GOBP_NUCLEAR_ENVELOPE_ORGANIZATION",-0.729333290806295,0.892264858975911,1,55,-0.256683762674056,14,"Cdk1 Icmt Nup93 Cdc25a Tmem170 Nemp1 Chmp7 Lmnb1 Vps4a Chmp1a Lmnb2 Sun1 Ubxn2a Parp11"
"GOBP_NUCLEAR_EXPORT",-0.664638696359121,0.984806334260646,1,146,-0.210287247527856,55,"Rita1 Bard1 Ankle1 Rasl2-9 Bag3 Nrde2 Desi1 Zc3h11a Nup93 Peg12 Iws1 Frat1 Thoc5 Nup62 Eif4enif1 Rangap1 Chchd4 Xpo4 Frat2 Nmd3 Nsun2 Strada Uhmk1 Ctdspl2 Calr Gsk3b Cchcr1 Nup85 Ahcyl1 Rae1 Thoc6 Mettl14 Nutf2 Pabpn1 Alkbh5 Ddx19b Chp1 Khdrbs1 Sp100 Mettl3 Anp32b Hspa9 Eif6 Rbm10 Dhx9 Ube2i Thoc1 Hnrnpa1 Eny2 Ifi27 Cdk5 Adar Ranbp1 Tpr Ltv1"
"GOBP_NUCLEAR_MEMBRANE_ORGANIZATION",-0.533798260348376,0.993504012227742,1,38,-0.198851528940485,7,"Cdk1 Cdc25a Nemp1 Chmp7 Vps4a Chmp1a Ubxn2a"
"GOBP_NUCLEAR_MEMBRANE_REASSEMBLY",-0.598269801547868,0.953899240855763,1,21,-0.248474702366115,8,"Chmp7 Vps4a Chmp1a Ubxn2a Brox Banf1 Chmp4b Vps4b"
"GOBP_NUCLEAR_MIGRATION",-0.985875784987881,0.489839572192513,1,26,-0.391710016423688,8,"Tacc3 Syne3 Lmnb1 Cdc42bpa Lmnb2 Cep120 Sun1 Dock7"
"GOBP_NUCLEAR_MRNA_SURVEILLANCE",0.524520778225149,0.977640482494851,1,10,0.223086763485911,3,"Exosc8 Dis3 Zcchc7"
"GOBP_NUCLEAR_PORE_COMPLEX_ASSEMBLY",0.905620142194096,0.583232810615199,1,11,0.374836122000544,3,"Ndc1 Nup107 Ahctf1"
"GOBP_NUCLEAR_PORE_ORGANIZATION",0.677650971408848,0.899467376830892,1,16,0.25255208046923,3,"Ndc1 Nup107 Ahctf1"
"GOBP_NUCLEAR_RECEPTOR_MEDIATED_CORTICOSTEROID_SIGNALING_PATHWAY",-0.56872333984246,0.95884476534296,1,15,-0.253325237887722,4,"Psmc3ip Nr3c1 Cry1 Ywhah"
"GOBP_NUCLEAR_RECEPTOR_MEDIATED_SIGNALING_PATHWAY",-0.715866762678613,0.955206202218154,1,139,-0.227548239056428,21,"Esr1 Hmga2 Paqr8 Brca1 Igf1 Fabp5 Psmc3ip Tgif1 Hdac6 Dnaaf4 Pagr1a Prmt2 Stard10 Zdhhc7 Nr1h2 Kdm3a Thra Shq1 Cnot9 Kank2 Ezh2"
"GOBP_NUCLEAR_TRANSCRIBED_MRNA_CATABOLIC_PROCESS",-0.869623514931833,0.735152312075389,1,115,-0.280618358761556,44,"Pym1 Tent4a Zfp36 Secisbp2 Tut1 Mtpap Ago1 Eif4enif1 Tent4b Dcp1a Dhx34 Eri1 Helz Cnot6 Dxo Smg6 Smg9 Etf1 Dcp2 Smg8 Pelo Pde12 Upf3a Ctif Smg5 N4bp2 Zfp36l2 Ago2 Exosc9 Hnrnpab Rnps1 Samd4b Ddx5 Exosc2 Nbas Cnot7 Gspt1 Cnot8 Lsm7 Rc3h2 Paip1 Patl1 Exosc3 Dhx9"
"GOBP_NUCLEAR_TRANSCRIBED_MRNA_CATABOLIC_PROCESS_DEADENYLATION_DEPENDENT_DECAY",-0.621693164666491,0.972318339100346,1,47,-0.224096728456398,18,"Tent4a Zfp36 Eif4enif1 Tent4b Dcp1a Helz Cnot6 Dcp2 Pde12 Zfp36l2 Ago2 Samd4b Cnot7 Cnot8 Rc3h2 Paip1 Patl1 Dhx9"
"GOBP_NUCLEAR_TRANSCRIBED_MRNA_CATABOLIC_PROCESS_NONSENSE_MEDIATED_DECAY",-1.00219970945625,0.471753205535102,1,39,-0.372064481710515,16,"Pym1 Secisbp2 Dcp1a Dhx34 Smg6 Smg9 Etf1 Dcp2 Smg8 Upf3a Ctif Smg5 Hnrnpab Rnps1 Nbas Gspt1"
"GOBP_NUCLEAR_TRANSCRIBED_MRNA_POLY_A_TAIL_SHORTENING",-0.68708353234608,0.89214887258897,1,24,-0.27744040948309,9,"Tent4a Zfp36 Eif4enif1 Tent4b Cnot6 Zfp36l2 Ago2 Samd4b Cnot7"
"GOBP_NUCLEAR_TRANSPORT",-0.861686723550481,0.837680864071734,1,302,-0.261427755022336,114,"Uaca Cd36 Cdk1 Rita1 Brca1 Hyal2 Bard1 Ankle1 Ptpn22 Nr4a1 Prkcq Rasl2-9 Lrrk2 Tert Ipo4 Bag3 Ipo7 Nrde2 Akap1 Desi1 Zc3h11a Cdkn1a Jup Ipo11 Ipo8 Rangrf Nup93 Peg12 Iws1 Frat1 Flna Thoc5 Nup62 Eif4enif1 Rangap1 Ipo13 Chchd4 Akirin2 Nup43 Xpo4 Frat2 Ddx56 Bach2 Nmd3 Nsun2 Strada Uhmk1 Epm2a Rbm4 Ctdspl2 Calr Nup50 Fam53b Smo Gsk3b Cchcr1 Nup54 Ect2 Fam53a Tnfrsf1a Nup85 Ing1 Pik3r2 Tnpo1 Ahcyl1 Ei24 Rae1 Kpna1 Appl1 Kpna4 Seh1l Med1 Nup205 Thoc6 Mbtps2 Mettl14 Nutf2 Ddx5 Pabpn1 Alkbh5 Prickle1 Ddx19b Chp1 Khdrbs1 Sp100 Mettl3 Hsp90aa1 Nup35 Efcab7 Elavl1 Insig2 Notch1 Anp32b Hspa9 Eif6 Rbm10 Dhx9 Atf2 Xbp1 Ube2i E2f3 Thoc1 Hnrnpa1 Eny2 Cfl1 Ifi27 Nup210 Cdk5 Adar Aaas Dmap1 Akt1 Tbk1 Ranbp1"
"GOBP_NUCLEIC_ACID_CATABOLIC_PROCESS",-0.885444539048468,0.795278795278795,1,311,-0.268255491578082,128,"Tent5c Dnase1l2 Vegfa Setmar Igf2bp3 Pym1 Slfn9 Isg20 Tent4a Ints2 Cryz Nmnat1 Nrde2 Zfp36 Pnpt1 Dis3l Secisbp2 Ang Ints1 Trnt1 Mettl1 E2f1 Ints9 Tut1 Mtpap Zc3h12c Rexo4 Cul4a Dna2 Cnot9 Carhsp1 Pum1 Ints14 Zc3h12d Ago1 Mov10 Eif4enif1 Tent4b Dcp1a Dhx34 Dbr1 Eri1 Vim Helz Cnot6 Dxo Smg6 Ikbke Armc5 Smg9 Mtrex Etf1 Nsun2 Dcp2 Zswim8 Traf2 Lsm2 Smg8 Nudt12 Senp1 Pelo Pde12 Rnaseh2c Dnd1 Ythdf1 Rnaseh2a Upf3a Ctif Apaf1 Smg5 Srsf1 Zc3h12b N4bp2 Fen1 Ddx49 Zfp36l2 Nme7 Ago2 Apex1 Pias4 Exosc9 Hnrnpab Mtor Rnps1 Gigyf2 Mettl14 Samd4b Ddx5 Fxr1 Brf1 Mus81 Exosc2 Alkbh5 Ints6 Nbas Cnot7 Ythdf3 Mettl3 Mapkapk2 Gspt1 Cnot8 Lsm7 Elavl1 Wdr4 Rc3h2 Slfn8 Zc3hav1 Paip1 Nme1 Patl1 Eloc Ints3 Plekhn1 Hsf1 Rbm10 Exosc3 Dhx9 Slfn2 Ints7 Nanos3 Gtpbp1 Trir Rexo2 Pkp3 Wdr82 Hnrnpa0 Tob1 Dffa"
"GOBP_NUCLEOBASE_BIOSYNTHETIC_PROCESS",-1.27900537919404,0.173141277462535,1,14,-0.576848853225749,7,"Ppat Ada Shmt1 Prps1 Umps Aprt Cmpk1"
"GOBP_NUCLEOBASE_CONTAINING_COMPOUND_CATABOLIC_PROCESS",-0.875705156428883,0.849819059107358,1,443,-0.261820392566453,172,"Tent5c Pnp2 Ppargc1a Nudt1 Dnase1l2 Vegfa Hdac4 Ahcy Setmar Igf1 Pfkfb3 Pde8b Pde7b Igf2bp3 Mttp Rasl2-9 Eno3 Pde4d Acot7 Pym1 Smpdl3a Fitm2 Hk2 Ada Slfn9 Isg20 Tent4a Dut Nudt4 Ints2 Cryz Nmnat1 Nrde2 Zfp36 Pnpt1 Dis3l Secisbp2 Pde4b Ang Ints1 Trnt1 Mettl1 E2f1 Ints9 Tut1 Mtpap Xdh Zc3h12c Rexo4 Cul4a Dna2 Cnot9 Nudt7 Carhsp1 Pum1 Ints14 Zc3h12d Ago1 Mov10 Eif4enif1 Tent4b Dcp1a Tigar Dhx34 Dbr1 Eri1 Vim Helz Gale Aldoc Cnot6 Dxo Pfkfb2 Smg6 Ikbke Xpo4 Armc5 Smg9 Mtrex Hk1 Etf1 Pank4 Nsun2 Dcp2 Zswim8 Traf2 Lsm2 Smg8 Nudt12 Senp1 Pelo Pde12 Rnaseh2c Dnd1 Ythdf1 Rnaseh2a Upf3a Ctif Apaf1 Smg5 Srsf1 Zc3h12b N4bp2 Uchl1 Fen1 Ddx49 Zfp36l2 Nme7 Ago2 Apex1 Pias4 Pfkm Exosc9 Hnrnpab Flcn Mtor Ncf2 Rnps1 Gigyf2 Samhd1 Mettl14 Samd4b Ddx5 Fxr1 Brf1 Mus81 Exosc2 Alkbh5 Ints6 Nbas Cnot7 Ythdf3 Mettl3 Zbtb7a Mapkapk2 Gspt1 Cnot8 Adal Lsm7 Pfkp Elavl1 Wdr4 Rc3h2 Slfn8 Zc3hav1 Abcd1 Paip1 Nme1 Eif6 Patl1 Eloc Ints3 Plekhn1 Hint1 Hsf1 Rbm10 Exosc3 Dhx9 Slfn2 Ints7 Nanos3 Gtpbp1 Trir Dctpp1 Rexo2 Itpa Pkp3 Wdr82 Mfsd8 Hnrnpa0 Tob1 Dffa"
"GOBP_NUCLEOBASE_CONTAINING_COMPOUND_TRANSPORT",0.564830073947185,1,1,186,0.132135149736976,22,"Rftn2 Ranbp17 Kif5c Slc17a9 Lrrc8a Abcc4 Slc35b4 Ndc1 Nup107 Slc35d1 Ncbp3 Ahctf1 Shoc2 Igf2bp2 Lrrc8d Nxt2 Nup155 Sidt2 Fxr2 Slc46a2 Nup214 Ranbp2"
"GOBP_NUCLEOBASE_CONTAINING_SMALL_MOLECULE_METABOLIC_PROCESS",-0.767982398401664,0.977304679654549,1,488,-0.229116074988308,95,"Fuom Gucy2c Pnp2 Ppargc1a Rrm2 Nudt1 Fignl1 Ppat Oas1a Cdk1 Hdac4 Pid1 Ahcy Igf1 Pfkfb3 Pde8b Gimap7 Pde7b Tk1 Mttp Rasl2-9 Bckdhb Eno3 Pde4d Acot7 Nme4 Lrrk2 Smpdl3a Fitm2 Hk2 Ada S100a1 Adcy9 Mfn1 Ctns Dut Sphk2 Nudt4 Slc27a3 Dip2a Uggt2 Pemt Shpk Nmnat1 Bcl2l1 Rora Gamt Acss1 Pde4b Icmt Xdh Tyms Dcakd Acat2 Dctd Nudt7 Dtymk Ppcs Mthfd2l Shmt1 Gpat4 Nnt Uxs1 Ehhadh Tigar Cmpk2 Fcsk Gale Acadsb Aldoc Slc25a16 Pfkfb2 Pdk2 Acot9 Nt5c3b Slc25a42 Uckl1 Prps1 Xpo4 Hmgcs2 Parg Umps Ugp2 Oard1 Hk1 Fasn Sirt4 Rrm1 Aprt Nadk2 Pank4 Hmgcr Cmpk1 Efl1 Impdh2"
"GOBP_NUCLEOBASE_METABOLIC_PROCESS",-0.990886604321988,0.488867641032646,1,22,-0.407104435844217,8,"Ppat Ada Xdh Shmt1 Prps1 Umps Aprt Cmpk1"
"GOBP_NUCLEOLAR_CHROMATIN_ORGANIZATION",-0.990043047647729,0.49730780735866,1,11,-0.470171489996721,9,"Suv39h1 Ddx11 Bend3 Smarca5 Phf2 Sirt1 Sirt2 Phf8 Rrp8"
"GOBP_NUCLEOLAR_LARGE_RRNA_TRANSCRIPTION_BY_RNA_POLYMERASE_I",-0.616688935876069,0.951122327002258,1,28,-0.241628338110732,10,"Polr1e Nol11 Ddx11 Polr2l Dedd Polr1b Ncl Polr1a Mtor Tcof1"
"GOBP_NUCLEOLUS_ORGANIZATION",-1.0415212486169,0.426268909939205,1,18,-0.447229460434592,8,"Usp36 Suv39h1 Ddx11 Rrn3 Polr1b Bend3 Smarca5 Phf2"
"GOBP_NUCLEOPHAGY",-0.94277117983241,0.553886081136457,1,22,-0.387336278058254,2,"Wipi1 Snx7"
"GOBP_NUCLEOSIDE_DIPHOSPHATE_METABOLIC_PROCESS",-0.737046114587511,0.91356783919598,1,101,-0.240620847418357,9,"Ppargc1a Rrm2 Hdac4 Igf1 Pfkfb3 Mttp Rasl2-9 Eno3 Hk2"
"GOBP_NUCLEOSIDE_MONOPHOSPHATE_BIOSYNTHETIC_PROCESS",-0.961533221831186,0.534213533070966,1,39,-0.356967135843777,14,"Ppat Tk1 Ada Dut Tyms Dctd Shmt1 Uckl1 Prps1 Umps Aprt Impdh2 Uck2 Dck"
"GOBP_NUCLEOSIDE_MONOPHOSPHATE_METABOLIC_PROCESS",-0.809593709364733,0.784913477942969,1,52,-0.287432842622535,16,"Ppat Tk1 Ada Dut Xdh Tyms Dctd Shmt1 Cmpk2 Uckl1 Prps1 Umps Aprt Cmpk1 Impdh2 Uck2"
"GOBP_NUCLEOSIDE_PHOSPHATE_BIOSYNTHETIC_PROCESS",-0.667082439024115,0.992777548493603,1,240,-0.204479420183235,42,"Fuom Gucy2c Pnp2 Rrm2 Ppat Oas1a Pid1 Tk1 Acot7 Nme4 Ada Adcy9 Dut Sphk2 Dip2a Nmnat1 Bcl2l1 Acss1 Tyms Dcakd Dctd Dtymk Ppcs Mthfd2l Shmt1 Uxs1 Cmpk2 Fcsk Slc25a16 Pdk2 Slc25a42 Uckl1 Prps1 Umps Fasn Sirt4 Rrm1 Aprt Nadk2 Pank4 Cmpk1 Impdh2"
"GOBP_NUCLEOSIDE_PHOSPHATE_CATABOLIC_PROCESS",-0.892592837941201,0.704216216216216,1,133,-0.284938831895279,17,"Ppargc1a Hdac4 Igf1 Pfkfb3 Pde8b Pde7b Mttp Rasl2-9 Eno3 Pde4d Acot7 Smpdl3a Fitm2 Hk2 Ada Dut Nudt4"
"GOBP_NUCLEOSIDE_TRIPHOSPHATE_BIOSYNTHETIC_PROCESS",-0.321052559041269,1,1,95,-0.105393162889805,26,"Pid1 Nme4 Sphk2 Bcl2l1 Tyms Dtymk Cmpk2 Impdh2 Uck2 Ndufa12 Ndufb8 Ndufa2 Nme7 Sdhb Ndufa6 Ndufb7 Fam3a Ndufb4 Map2k1 Nme1 Sdhd Tbpl1 Ndufs5 Nme2 Ndufa8 Ndufb2"
"GOBP_NUCLEOSIDE_TRIPHOSPHATE_CATABOLIC_PROCESS",-1.23362965851137,0.223534756928669,1,10,-0.597466765563414,3,"Smpdl3a Ada Dut"
"GOBP_NUCLEOSIDE_TRIPHOSPHATE_METABOLIC_PROCESS",-0.768932552207548,0.933852544132918,1,216,-0.237036946352353,22,"Ppargc1a Fignl1 Hdac4 Pid1 Igf1 Pfkfb3 Gimap7 Mttp Rasl2-9 Eno3 Nme4 Lrrk2 Smpdl3a Hk2 Ada S100a1 Mfn1 Ctns Dut Sphk2 Nmnat1 Bcl2l1"
"GOBP_NUCLEOSOME_ORGANIZATION",-1.26337943611237,0.12465737099273,1,61,-0.438121611498722,39,"Nap1l3 Asf1b Padi4 Nasp H1f0 Chaf1a Mcm2 Smarcc1 Arid2 Cabin1 Tspyl2 Chaf1b Smarca5 Supt16 Asf1a Ubn1 Grwd1 Daxx Atad2b Anp32b Baz1a Pole3 Nap1l1 Shprh Atad2 Smarca2 Cebpg Rbbp4 Spty2d1 Arid1a Mcm3ap Hp1bp3 Dnajc9 Set Smarcd2 Npm1 Ssrp1 Hira Rsf1"
"GOBP_NUCLEOTIDE_BINDING_DOMAIN_LEUCINE_RICH_REPEAT_CONTAINING_RECEPTOR_SIGNALING_PATHWAY",1.10918748648664,0.289015151515152,1,24,0.372370948665839,14,"Nod1 Slc15a2 Nod2 Hspa1b Tnfaip3 Zdhhc5 Rela Slc46a2 Irgm1 Otulin Igtp Slc15a3 Irf5 Tlr4"
"GOBP_NUCLEOTIDE_BIOSYNTHETIC_PROCESS",-0.636713517224571,0.995122468455095,1,165,-0.199802624864506,27,"Gucy2c Pnp2 Rrm2 Ppat Oas1a Pid1 Nme4 Ada Adcy9 Dut Sphk2 Nmnat1 Bcl2l1 Tyms Dctd Dtymk Mthfd2l Shmt1 Cmpk2 Uckl1 Prps1 Umps Rrm1 Aprt Nadk2 Cmpk1 Impdh2"
"GOBP_NUCLEOTIDE_CATABOLIC_PROCESS",-0.847802560753773,0.773817309788533,1,118,-0.272848974647853,14,"Ppargc1a Hdac4 Igf1 Pfkfb3 Pde8b Pde7b Mttp Rasl2-9 Eno3 Pde4d Hk2 Ada Dut Nudt4"
"GOBP_NUCLEOTIDE_EXCISION_REPAIR",-0.796709893149546,0.817388268156425,1,72,-0.270290188005987,15,"Pole Brip1 Hus1 Fancc Bcl7a Ogg1 Polk Pold3 Cul4a Ercc1 Smarcc1 Rad52 Rpa3 Phf10 Rpa2"
"GOBP_NUCLEOTIDE_METABOLIC_PROCESS",-0.696252383987562,0.992705167173252,1,346,-0.209971616319013,33,"Gucy2c Pnp2 Ppargc1a Rrm2 Fignl1 Ppat Oas1a Hdac4 Pid1 Igf1 Pfkfb3 Pde8b Gimap7 Pde7b Mttp Rasl2-9 Eno3 Pde4d Nme4 Lrrk2 Hk2 Ada S100a1 Adcy9 Mfn1 Ctns Dut Sphk2 Nudt4 Shpk Nmnat1 Bcl2l1 Rora"
"GOBP_NUCLEOTIDE_SALVAGE",-0.686280621888567,0.885807949733643,1,22,-0.281957475442848,9,"Ada Nmnat1 Uckl1 Aprt Impdh2 Uck2 Dck Nampt Slc25a51"
"GOBP_NUCLEOTIDE_SUGAR_BIOSYNTHETIC_PROCESS",-0.609197179500349,0.95101986044015,1,25,-0.243831983060774,1,"Fuom"
"GOBP_NUCLEOTIDE_SUGAR_METABOLIC_PROCESS",-0.512827166046243,0.995398773006135,1,37,-0.191794527130132,13,"Fuom Uggt2 Uxs1 Fcsk Parg Ugp2 Uap1l1 Gnpnat1 Slc35c1 Gmppb Nanp Cmas Gmppa"
"GOBP_NUCLEOTIDE_SUGAR_TRANSMEMBRANE_TRANSPORT",0.581562887742212,0.95281823939202,1,13,0.230466714010006,5,"Slc35b4 Slc35d1 Slc35d2 Slc35c2 Slc35b1"
"GOBP_NUCLEOTIDE_TRANSMEMBRANE_TRANSPORT",1.11400488553016,0.295973884657236,1,21,0.387716165058231,6,"Slc17a9 Lrrc8a Abcc4 Shoc2 Lrrc8d Slc46a2"
"GOBP_NUCLEOTIDE_TRANSPORT",0.871253198577314,0.708771929824561,1,34,0.269041112035082,3,"Slc17a9 Lrrc8a Abcc4"
"GOBP_NUCLEUS_LOCALIZATION",-0.884275954478629,0.640377309052797,1,31,-0.340413141329832,8,"Tacc3 Syne3 Lmnb1 Cdc42bpa Lmnb2 Cep120 Sun1 Dock7"
"GOBP_NUCLEUS_ORGANIZATION",-0.754493248051284,0.912887828162291,1,128,-0.241775898341726,32,"Brdt Cdk1 Map7 Nectin2 Usp50 Usp36 Wrap53 Suv39h1 Icmt Ddx11 Kdm3a Nup93 Cdc25a Tmem170 Nemp1 Chmp7 Gopc Lmnb1 Vps4a Rrn3 Pygo2 Chmp1a Lmnb2 Polr1b Bend3 Dyrk3 Hmgb2 Uspl1 Sun1 Ubxn2a Nup54 Parp11"
"GOBP_NUTRIENT_STORAGE",-1.04137845094405,0.408294601358599,1,61,-0.361134899038414,11,"Cd36 Soat2 Rab40c Stard4 Fitm2 Negr1 Khdc3 Dab2ip Nrip1 Nr1h2 Ehd1"
"GOBP_N_ACETYLGLUCOSAMINE_METABOLIC_PROCESS",0.760632911951286,0.787925696594427,1,12,0.308108576354884,5,"Gnpda2 Hexb Gne Amdhd2 Extl2"
"GOBP_N_ACETYLNEURAMINATE_METABOLIC_PROCESS",0.869008061421109,0.635666347075743,1,14,0.336952160158251,3,"Gnpda2 Gne Amdhd2"
"GOBP_N_GLYCAN_PROCESSING",1.0826473491818,0.345117845117845,1,17,0.396945946902108,7,"St8sia1 Mgat4a Hexb St8sia4 Man1b1 Fut8 Engase"
"GOBP_ODONTOGENESIS",-0.948029987010229,0.557789549723092,1,57,-0.332050765844904,4,"Wnt10a Aqp3 Amelx Wnt6"
"GOBP_ODONTOGENESIS_OF_DENTIN_CONTAINING_TOOTH",-0.927536769790818,0.58726770467102,1,42,-0.340959754238567,3,"Wnt10a Amelx Wnt6"
"GOBP_OLEFINIC_COMPOUND_BIOSYNTHETIC_PROCESS",-0.840215841785258,0.686650915534554,1,12,-0.390192475911714,2,"Ppargc1a Clcn2"
"GOBP_OLEFINIC_COMPOUND_METABOLIC_PROCESS",-0.894851852537072,0.648574167265756,1,59,-0.311814317811487,9,"Ppargc1a Clcn2 Pla2g4a Akr1b10 Ptgds Ephx2 Daglb Ephx1 Bco2"
"GOBP_OLFACTORY_LOBE_DEVELOPMENT",-0.778653513467272,0.778053830227743,1,21,-0.323392054060797,2,"Nfix Lrrk2"
"GOBP_OLIGODENDROCYTE_DEVELOPMENT",-0.94554945000797,0.556063177130923,1,32,-0.361953956497477,3,"Ccdc39 Cntnap1 Tppp"
"GOBP_OLIGODENDROCYTE_DIFFERENTIATION",-1.08346993334202,0.338452451269935,1,65,-0.372439451330771,7,"Ccdc39 Hes1 Nfix Clcn2 Cntnap1 Dusp10 Tppp"
"GOBP_OLIGOPEPTIDE_TRANSMEMBRANE_TRANSPORT",1.06063641023714,0.362365940851479,1,15,0.401605934916461,3,"Car2 Abcc4 Slc15a2"
"GOBP_OLIGOPEPTIDE_TRANSPORT",0.974715601725532,0.484687083888149,1,16,0.363264369812406,3,"Car2 Abcc4 Slc15a2"
"GOBP_ONE_CARBON_METABOLIC_PROCESS",-1.06232419465991,0.392569321130993,1,22,-0.436454474270147,9,"Ahcy Sardh Mthfr Dhfr Tyms Mthfd1l Mthfd2l Shmt1 Mthfd2"
"GOBP_OOCYTE_DIFFERENTIATION",-1.11104534462344,0.320294345468629,1,35,-0.41960175724242,7,"Gdf9 Bcl2 Igf1 Cdc25b Trip13 Tdrd7 Washc5"
"GOBP_OOCYTE_MATURATION",-0.631451303325847,0.927106430155211,1,20,-0.264466665657974,5,"Cdc25b Trip13 Washc5 Asb7 Ptk2b"
"GOBP_OOGENESIS",-1.05240410095121,0.394702458724314,1,62,-0.364022193041436,13,"Gdf9 Paqr8 Bcl2 Igf1 Cdc25b Hfm1 Trip13 Mei4 Taf4b Tdrd7 Washc5 Ercc1 Lgr5"
"GOBP_ORGANELLE_DISASSEMBLY",-0.690734290362451,0.946474284384454,1,74,-0.23373060587057,18,"Lrrc49 Cdk1 Hdac6 Otud3 Trnt1 Denr Usp10 Mrrf Elac1 Chka Etf1 Ascc3 Dyrk3 Pelo Eif4e2 Rrp7a Abce1 Tpgs2"
"GOBP_ORGANELLE_FUSION",-0.825041677625094,0.82390139335477,1,143,-0.261526712005925,25,"Stxbp6 Bcl2a1b Diaph3 Pla2g4a Tbc1d4 Rab39 Unc13a Stx11 Lrrk2 Mfn1 Rcc1l Plekhm1 Stx1a Rab7b Grik5 Msto1 Syt11 Vat1 Hid1 Chmp7 Erc1 Vps4a Tgfbrap1 Stx8 Ankrd27"
"GOBP_ORGANELLE_INHERITANCE",-0.84747116866784,0.682599277978339,1,15,-0.377487295431265,1,"Cdk1"
"GOBP_ORGANELLE_LOCALIZATION",-1.01799209619397,0.440249045993171,1,491,-0.303678458418659,85,"Clnk Kcnb1 Rasgrp1 Armcx1 Wipi1 Nuf2 Hmox1 Tacc3 Sgo1 Bicd1 Tac4 Cdk1 Slc18a2 Ska3 Baiap3 Mreg Spc24 Ptgds Fnbp1l Unc13a Cdt1 Klhl12 Stx11 Nectin2 Crocc Aurkb Rasl2-9 Enkd1 Nek2 Lrrk2 Cenpv Kifc5b Fam83d Ttl Nusap1 Ndc80 Psrc1 Fam98a Mfn1 Pmf1 Plekhm1 Scrib Cenpe Prkcz Syne3 Incenp Bhlha15 Sphk2 Khdc3 Birc5 Ykt6 Hdac6 Spc25 Stx1a Def8 Bcl2l1 Llgl1 Atp9a Smpd3 Msto1 Spice1 Syt11 Klc2 Sdc1 Ska2 Exoc5 Cdca8 Naglu Mcph1 Camk2a Trappc13 F8a Kif2c Nup62 Dsn1 Chmp7 Cep83 Lmnb1 Mis12 Ska1 Gpsm1 Gpsm2 Vps4a Exoc8 Kit"
"GOBP_ORGANELLE_MEMBRANE_FUSION",-0.790442843214812,0.85520462633452,1,105,-0.25699197655834,21,"Stxbp6 Diaph3 Pla2g4a Tbc1d4 Rab39 Unc13a Stx11 Lrrk2 Plekhm1 Stx1a Rab7b Grik5 Syt11 Chmp7 Erc1 Vps4a Tgfbrap1 Stx8 Ankrd27 Bnip1 Chmp1a"
"GOBP_ORGANELLE_TRANSPORT_ALONG_MICROTUBULE",-0.938916862047808,0.581335815685362,1,74,-0.317710601732794,4,"Rasgrp1 Armcx1 Bicd1 Mreg"
"GOBP_ORGANIC_ACID_BIOSYNTHETIC_PROCESS",0.963026045172847,0.611738148984199,1,191,0.224786109847572,42,"Cyp7b1 Amacr Tha1 Per2 Erlin2 Anxa1 Aldh1a3 Nr1d1 Csad Errfi1 Kat2b Mtrr Carns1 Enoph1 Decr2 Pla2g4f Ido1 Ptges2 Mtr Uros Mthfd1 Mgst2 Gcat Sigmar1 Cln3 Pycr1 Cbr4 Acox1 Mgst3 Hacd2 Acsf3 Gne Oxsm Gstp3 Oat Haao Scd2 Cad Elovl5 Acot8 Mecr Cd74"
"GOBP_ORGANIC_ACID_CATABOLIC_PROCESS",1.08377106809308,0.207062600321027,1,155,0.257772684935702,36,"Tha1 Nos3 Aldh1l1 Csad Pon3 Mtrr Aldh6a1 Fah Gnpda2 Cpt1b Ldhd Decr2 Ido1 Cyp4f18 Acad10 Pex13 Hacl1 Aldh7a1 Gcdh Aig1 Cpt1a Gcat Gpt Prodh Acad9 Irs2 Acaa2 Pccb Kyat3 Acox1 Acsf3 Echs1 Oat Amt Haao Ivd"
"GOBP_ORGANIC_ACID_TRANSPORT",-0.964542841285329,0.57289788993744,1,165,-0.302676456945871,30,"Cd36 Best1 Slc16a3 Repin1 Lrrc8b Slc43a1 Slc5a6 Pla2g4a Fabp5 Slc26a11 Abcb4 Slc25a29 Gabbr1 Slc25a10 Slc26a6 Slc12a2 Ctns Slc27a3 Slc1a2 Slc26a2 Pla2g12a Emb Stard10 Cacna1a Lypla1 Tnf Sv2a Slc6a9 Rgs2 Abcg2"
"GOBP_ORGANIC_ANION_TRANSPORT",-0.829482196837982,0.85797342192691,1,218,-0.255561377718445,33,"Cd36 Best1 Slc16a3 Repin1 Lrrc8b Slc43a1 Slc5a6 Pla2g4a Fabp5 Slc26a11 Abcb4 Mttp Slc25a29 Gabbr1 Slc25a10 Slc26a6 Slc12a2 Ctns Slc39a8 Slc35d3 Slc27a3 Slc1a2 Slc26a2 Pla2g12a Emb Stard10 Cacna1a Lypla1 Tnf Sv2a Slc6a9 Rgs2 Abcg2"
"GOBP_ORGANIC_CATION_TRANSPORT",-0.800107406234084,0.802945718018767,1,62,-0.276753817685407,10,"Kcnb1 Slc43a1 Slc25a29 Gabbr1 Slc1a2 Stx1a Flvcr1 Cacna1a Slc6a9 Rgs2"
"GOBP_ORGANIC_HYDROXY_COMPOUND_TRANSPORT",-1.11497318463628,0.258133561643836,1,147,-0.352716471343463,25,"Cd36 Kcnb1 Lrp1 Slc16a3 Chrnb2 Aqp3 Soat2 Abca1 Slc18a2 Nat8l Pomc Abcb4 Mttp Stard4 Xlr4a Gramd1c Gabbr1 Slc26a6 Stx1a Flvcr1 Smpd3 Emb Kdm5b Syt11 Nr1h2"
"GOBP_ORGANISM_EMERGENCE_FROM_PROTECTIVE_STRUCTURE",-0.82818287639717,0.71465646769567,1,22,-0.340257826880413,8,"Asf1b Rbbp8 Pemt Suv39h1 Bcor St8sia6 Ctr9 Ndufa2"
"GOBP_ORGANOPHOSPHATE_BIOSYNTHETIC_PROCESS",-0.758725794008067,0.977893890675241,1,445,-0.2267915188162,83,"Lpcat2 Fuom Gucy2c Pnp2 Rrm2 Gpat3 Piga Ppat Oas1a Dgkh Pid1 Pla2g4a Fabp5 Tk1 Lpcat4 Acot7 Nme4 Gk Fitm2 Ada Slc25a10 Arrb1 Adcy9 Itpka Abhd8 Pign Dgki Itpkc Dut Sphk2 Dip2a Nfs1 Selenoi Pemt Nmnat1 Pi4k2b Bcl2l1 Flvcr1 Acss1 Ppip5k1 Mtmr4 Tyms Pigc Chpt1 Dcakd Hdhd5 Pgs1 Acat2 Pigf Dctd Dtymk Ppcs Mthfd2l Shmt1 Gpat4 Ube3c Uxs1 Crls1 Cmpk2 Fcsk Slc25a16 Pdk2 Pgap3 Pigw Slc25a42 Dgka Uckl1 Prps1 Pigu Chka Hmgcs2 Umps Abhd4 Fasn Sirt4 Rrm1 Aprt Nadk2 Pank4 Hmgcr Cmpk1 Pigq Impdh2"
"GOBP_ORGANOPHOSPHATE_CATABOLIC_PROCESS",-0.818424203886553,0.850886449978894,1,172,-0.256198646063194,20,"Ppargc1a Hdac4 Igf1 Pla2g4a Pfkfb3 Pde8b Pde7b Mttp Rasl2-9 Pla2g4b Eno3 Pde4d Acot7 Smpdl3a Fitm2 Hk2 Ada Dut Smpd4 Nudt4"
"GOBP_ORGANOPHOSPHATE_ESTER_TRANSPORT",-0.819021142960745,0.820960698689956,1,117,-0.263801853704936,23,"Atp8b4 Lrrc8b Abca1 Atp10a Prelid2 Abcb4 Mttp Nme4 Pitpnc1 Slc35d3 Atp9a Pctp C2cd2l Prelid3b Vat1 Atp11a Abcc5 Kcnn4 Tmem241 Slc25a16 Slc25a42 Abca4 G6pc3"
"GOBP_ORGAN_GROWTH",-0.954455915272604,0.582131627453106,1,126,-0.305950825746038,23,"Rag2 Esr1 Bcl2 Cdk1 Fgf20 Igf1 Cxadr Prlr Map7 Pdgfrb Trip10 Plag1 Meis1 Hlx Akap1 Flvcr1 Smpd3 Rgs2 Abcg2 Ecm1 Dusp6 Adra1b Cdk20"
"GOBP_OSSIFICATION",-0.896913649628104,0.738265464718682,1,222,-0.276000024825152,45,"Ccl3 Galnt3 Hemgn Fignl1 Bcl2 Lrp5 Trpm4 Nfix Vegfa Hdac4 Igf1 Bglap3 Gpld1 Tmem119 Ccr1l1 Gabbr1 Kazald1 Pkdcc Vegfc Ipo7 Bambi Suv39h1 Smpd3 Hdac8 Slc20a2 Tnf Ryr1 Icmt Rflnb Intu Rflna A430033K04Rik Cebpb Rassf2 Twsg1 Thra Hdac7 Junb Fbxl15 Smad7 Ffar4 Ecm1 Zfp932 Runx1 Chsy1"
"GOBP_OSTEOBLAST_DIFFERENTIATION",-1.04070295505836,0.402802294792586,1,111,-0.337015455627323,22,"Ccl3 Hemgn Fignl1 Lrp5 Trpm4 Vegfa Hdac4 Igf1 Bglap3 Tmem119 Gabbr1 Vegfc Ipo7 Bambi Hdac8 Tnf A430033K04Rik Cebpb Rassf2 Twsg1 Hdac7 Junb"
"GOBP_OSTEOBLAST_PROLIFERATION",-1.29114394482243,0.14672187715666,1,21,-0.536240683670705,8,"Fignl1 Bcl2 Lrp5 Tmem119 Junb Eif2ak2 Sox8 Smad3"
"GOBP_OSTEOCLAST_DIFFERENTIATION",-0.701531801135185,0.944286526435475,1,87,-0.23260836275708,11,"Ccl3 Cd81 Nfix Fos Ccr1l1 Fbn1 Gpr55 Tnf Cebpb Rassf2 Junb"
"GOBP_OUTFLOW_TRACT_MORPHOGENESIS",-1.18167557337955,0.231814142440015,1,39,-0.438694509298928,7,"Lrp1 Hes1 Vegfa Zfpm1 Jun Ryr1 Eng"
"GOBP_OUTFLOW_TRACT_SEPTUM_MORPHOGENESIS",0.840765865701332,0.669902912621359,1,10,0.357590668692688,2,"Acvr1 Rara"
"GOBP_OVARIAN_FOLLICLE_DEVELOPMENT",-1.13762907035371,0.278314745972739,1,46,-0.411366215391697,10,"Esr1 Bcl2 Vegfa Lfng Hyal3 Gas2 Arrb1 Bcl2l1 Fancf Cebpb"
"GOBP_OVULATION_CYCLE",-0.98506937702649,0.497413249211356,1,40,-0.363947769505989,10,"Esr1 Gdf9 Pla2g4a Gas2 Pde4d Arrb1 Slc26a6 Egfr Pcna Nrip1"
"GOBP_OVULATION_CYCLE_PROCESS",-1.17678259746003,0.247044917257683,1,30,-0.455181734042967,6,"Esr1 Gdf9 Pla2g4a Gas2 Pde4d Arrb1"
"GOBP_OXIDATIVE_PHOSPHORYLATION",-0.343923794207358,1,1,116,-0.110879132129679,36,"Cdk1 Cox7a1 Etfrf1 Tnf Ndufaf1 Sdhaf2 1700066M21Rik Msh2 Coq9 Ndufa12 Uqcc2 Ndufb8 Dnajc15 Ndufa2 Sdhb Cox7b Slc25a51 Ndufa6 Ndufb7 Abcd1 Ndufb4 Sdhd Ndufs5 Ndufa8 Ndufb2 Cox6a1 Ndufa7 Cox7a2 Ndufa5 Park7 Tmem135 Ndufb9 Ndufb6 Uqcc3 Cox5a Fxn"
"GOBP_P38MAPK_CASCADE",-0.982127779494042,0.504996344138435,1,52,-0.348688207693759,12,"Map3k15 Gadd45g Ptpn22 Dusp10 Map3k20 Rell2 Zfp36 Dusp1 Dab2ip Map3k4 Ripk2 Kcnn4"
"GOBP_PALLIUM_DEVELOPMENT",-1.08691316896749,0.313300065090041,1,128,-0.348299217422164,21,"Ccdc39 Tacc3 Sct Nfix Fos Adgrg1 Mdga1 Bbs4 Wdr62 Fbxo45 Bbs2 Tsc1 Dclk2 Atat1 Cul5 Pax5 Cdon Disc1 Egfr Dab2ip Smc4"
"GOBP_PANCREAS_DEVELOPMENT",-1.03135674357168,0.432301617628328,1,38,-0.384202948148352,5,"Ccdc39 Hes1 Pde3b Igf1 Vhl"
"GOBP_PATTERN_SPECIFICATION_PROCESS",-1.07615218484745,0.31588785046729,1,211,-0.332092856950524,54,"Itgam Ccdc39 Stil Cfap45 Hes1 Hoxa6 Lrp5 Dync2li1 Lfng Adgrg1 Wnt6 Plxna2 Meis3 Ets2 Xrcc2 Hes7 Mllt3 Pkd2 C1qa Meis1 Ddit3 Tgif1 Disp1 Ttc21b Dnaaf4 Eed Dand5 Cdon Tdrd7 Hoxa3 Fzd5 Tctn1 Intu Map3k4 Celsr1 Rttn Peg12 Eng Pofut1 Fbxl15 Frat1 Ift122 Mdfi Palb2 Ofd1 Hes6 Chsy1 Megf8 Kdm6a Bcor Anks6 Hoxb3 Smad3 Hes5"
"GOBP_PENTOSE_METABOLIC_PROCESS",-0.55707934267072,0.955877953933593,1,11,-0.264557006094024,4,"Xylb Uxs1 Fggy Rpia"
"GOBP_PENTOSE_PHOSPHATE_SHUNT",-0.441963718450457,0.996787260790613,1,19,-0.186976432511524,6,"Shpk Tigar Prps1 Mtor Pgls Rpia"
"GOBP_PEPTIDE_ANTIGEN_ASSEMBLY_WITH_MHC_CLASS_II_PROTEIN_COMPLEX",-0.845060856034384,0.680296834772073,1,10,-0.409276619507003,2,"H2-Eb2 H2-Ob"
"GOBP_PEPTIDE_ANTIGEN_ASSEMBLY_WITH_MHC_PROTEIN_COMPLEX",-0.727137923938119,0.834044368600683,1,17,-0.315311263904067,1,"H2-Eb2"
"GOBP_PEPTIDE_BIOSYNTHETIC_PROCESS",0.855866077242157,0.653563438798338,1,14,0.331856442230592,4,"Aasdh Mgst2 Nod2 Eif2ak3"
"GOBP_PEPTIDE_CATABOLIC_PROCESS",-0.599047308555652,0.933143882740054,1,11,-0.284487595071071,4,"Ece1 Nln Cpq Lnpep"
"GOBP_PEPTIDE_METABOLIC_PROCESS",-0.600721469274518,0.968469055374593,1,33,-0.229091725163906,9,"Cpm Slc1a2 Abcb9 Ece1 Gclc Ggt5 Nln Cpq Cpn1"
"GOBP_PEPTIDE_TRANSPORT",-1.19244182654382,0.124737945492662,1,189,-0.370664971837143,34,"Ffar1 Pde1c S100a8 Kcnb1 Lrp1 Hmga2 Sct Lrp5 Trpm4 Abca1 Brsk2 Slc18a2 Pde3b Baiap3 Pde8b Blk Gpld1 Mcu S100a9 Cask Pick1 Gabbr1 Arrb1 Nnat Slc26a6 Stxbp4 Birc5 Disp1 Stx1a Egfr Smpd3 Abcb9 C2cd2l Tnf"
"GOBP_PEPTIDYL_AMINO_ACID_MODIFICATION",-0.933293244376105,0.707935230815649,1,424,-0.279333708022819,111,"S100a8 Rwdd3 Bank1 Hes1 Loxl3 Bcl2 Ntrk1 Trpm4 Brsk2 Vegfa Cdk1 P3h3 Hdac4 Lck Pdf Igf1 Ptpn22 Chek2 Cnksr3 Blk Prlr Il12a Il18 Nt5dc2 Angpt4 Pdgfrb S100a9 Lipt2 Ttll3 Pard3 Pkdcc Agbl1 Smc5 Il15 Prkcz Fn3krp Ttll11 Dip2a Pbk Dclk2 Atat1 Stx1a Vegfc Cass4 Bcar3 Egfr Desi1 Irgm2 Tbc1d24 Zdhhc7 Ptpn4 Zdhhc21 Cdk2 Rassf2 Pdgfc Camk2a Hck Osm Gnl3 Dph1 Cnot9 Prkce Ripk2 Mettl18 Dph3 Rangap1 Topors Jmjd6 Tnk2 Abi2 Ppp2r5d Kit Zdhhc19 Tpst1 Lonp1 Zdhhc12 Pdk2 Vps25 Ttll4 Ikbke Ppp1r15a Agbl5 Arrb2 Agbl3 Naa20 Flt4 Zdhhc18 Hk1 Sirt4 Capn3 Tollip Dph7 Zdhhc15 Uhmk1 Dyrk3 Senp1 Epm2a Bola3 Ttll5 Uspl1 Ptk2b Map4k1 Vkorc1l1 Zdhhc1 Rab6a Cfap20 Sae1 Smo Gsk3b Arl2bp Btk"
"GOBP_PEPTIDYL_CYSTEINE_MODIFICATION",-1.10925217307052,0.331024178212442,1,24,-0.447909697480103,11,"S100a8 S100a9 Tbc1d24 Zdhhc7 Zdhhc21 Zdhhc19 Zdhhc12 Zdhhc18 Zdhhc15 Zdhhc1 Rab6a"
"GOBP_PEPTIDYL_GLUTAMIC_ACID_MODIFICATION",-0.992828600571789,0.487629011734766,1,18,-0.426320826317654,12,"Ttll3 Agbl1 Ttll11 Ttll4 Agbl5 Agbl3 Naa20 Ttll5 Vkorc1l1 Cfap20 Naa80 Agbl2"
"GOBP_PEPTIDYL_LYSINE_ACETYLATION",-0.647441379812408,0.923045435939419,1,23,-0.263840950713948,3,"Smc5 Dip2a Atat1"
"GOBP_PEPTIDYL_LYSINE_METHYLATION",0.622465693415684,0.947138047138047,1,17,0.228223192227551,2,"Camkmt Setd6"
"GOBP_PEPTIDYL_LYSINE_MODIFICATION",-0.864954724328965,0.737801489385351,1,107,-0.280959454102905,25,"Rwdd3 Loxl3 Trpm4 P3h3 Hdac4 Lipt2 Smc5 Fn3krp Dip2a Atat1 Stx1a Desi1 Gnl3 Mettl18 Rangap1 Topors Jmjd6 Sirt4 Capn3 Tollip Senp1 Bola3 Uspl1 Sae1 Smo"
"GOBP_PEPTIDYL_L_CYSTEINE_S_PALMITOYLATION",-0.968846217486837,0.523934235413939,1,14,-0.436962845192693,7,"Zdhhc7 Zdhhc21 Zdhhc19 Zdhhc12 Zdhhc18 Zdhhc15 Zdhhc1"
"GOBP_PEPTIDYL_PROLINE_MODIFICATION",0.757745795890415,0.77405119152692,1,10,0.32228095466923,10,"Egln2 Crtap Prdx4 Pin1 Ppia Ntmt1 P4hb P4ha1 Ogfod1 Ppil1"
"GOBP_PEPTIDYL_SERINE_MODIFICATION",-0.875626964785035,0.724742493973263,1,115,-0.282555608865522,24,"Bcl2 Brsk2 Cdk1 Chek2 Cnksr3 Nt5dc2 Prkcz Pbk Dclk2 Bcar3 Egfr Irgm2 Cdk2 Rassf2 Camk2a Osm Cnot9 Pdk2 Ikbke Arrb2 Hk1 Uhmk1 Epm2a Map4k1"
"GOBP_PEPTIDYL_THREONINE_DEPHOSPHORYLATION",-0.982411711774839,0.51052551870362,1,10,-0.475797857027867,3,"Dusp18 Dusp1 Ppm1d"
"GOBP_PEPTIDYL_THREONINE_PHOSPHORYLATION",0.907851806122926,0.660732984293194,1,47,0.261905748294801,6,"Egf Acvr1b Met Chek1 Cdk10 Stox1"
"GOBP_PEPTIDYL_TYROSINE_AUTOPHOSPHORYLATION",0.804856091629602,0.725874547647768,1,11,0.333129887575199,4,"Insr Igf1r Ctnnd1 Ptk2"
"GOBP_PEPTIDYL_TYROSINE_MODIFICATION",-0.917004182843691,0.66260775862069,1,137,-0.291927874342699,33,"Bank1 Hes1 Ntrk1 Vegfa Lck Igf1 Ptpn22 Blk Prlr Il12a Il18 Angpt4 Pdgfrb Pkdcc Il15 Vegfc Cass4 Egfr Ptpn4 Pdgfc Hck Osm Prkce Ripk2 Tnk2 Abi2 Kit Tpst1 Lonp1 Vps25 Arrb2 Flt4 Hk1"
"GOBP_PERIPHERAL_NERVOUS_SYSTEM_AXON_ENSHEATHMENT",-0.911314054930865,0.603138696451294,1,18,-0.391318461927132,2,"Cntnap1 Pard3"
"GOBP_PERIPHERAL_NERVOUS_SYSTEM_DEVELOPMENT",-0.385869098603886,0.999748396024657,1,41,-0.14209639198322,7,"Cntnap1 Pard3 Osm Sox8 Hras Gpc1 Pi4ka"
"GOBP_PERK_MEDIATED_UNFOLDED_PROTEIN_RESPONSE",-0.496550849809356,0.988359201773836,1,20,-0.207967181138192,1,"Nck2"
"GOBP_PEROXISOMAL_TRANSPORT",0.974459494306052,0.481335247666906,1,20,0.344181803829176,5,"Pex13 Pex26 Pex16 Pex3 Pex5"
"GOBP_PEROXISOME_FISSION",0.874569487091443,0.62165342747867,1,10,0.371967869373928,4,"Pex11g Acox1 Acot8 Pex11b"
"GOBP_PEROXISOME_PROLIFERATOR_ACTIVATED_RECEPTOR_SIGNALING_PATHWAY",0.64519573591731,0.944424903271192,1,19,0.229901906204294,3,"Rxra Fam120b Asxl2"
"GOBP_PHAGOCYTOSIS",-1.13583775399752,0.220268542199488,1,154,-0.35802676111169,14,"Itgam Cd36 Lrp1 Ccr7 Abca1 Nfix Elmo3 Timd2 Clcn2 Il15ra Pros1 Rap1gap Rab39 C2"
"GOBP_PHAGOCYTOSIS_RECOGNITION",-1.29903683442768,0.158715735271846,1,10,-0.629144517123402,4,"Cd36 C2 Masp2 Jmjd6"
"GOBP_PHAGOLYSOSOME_ASSEMBLY",-0.948407588781165,0.554489072652097,1,12,-0.440436238923667,2,"Rab39 Rab7b"
"GOBP_PHAGOSOME_MATURATION",-0.958608963240567,0.534575569358178,1,21,-0.398131538998684,5,"Mreg Rab39 Rab7b Syt11 Mtmr4"
"GOBP_PHARYNGEAL_SYSTEM_DEVELOPMENT",-1.05919977894364,0.420717855520218,1,10,-0.512987558012013,2,"Hes1 Plxna2"
"GOBP_PHENOL_CONTAINING_COMPOUND_BIOSYNTHETIC_PROCESS",-1.21793621270857,0.216425120772947,1,21,-0.505835890714707,5,"Nr4a2 Ddc Pomc Nt5dc2 Ctns"
"GOBP_PHOSPHATE_ION_TRANSMEMBRANE_TRANSPORT",-0.865664789812401,0.651824928063002,1,10,-0.419255437369642,3,"Slc25a10 Slc20a2 Xpr1"
"GOBP_PHOSPHATE_ION_TRANSPORT",-0.868642864772939,0.656173285198556,1,15,-0.386917759378456,4,"Slc25a10 Slc20a2 Cebpb Xpr1"
"GOBP_PHOSPHATIDIC_ACID_BIOSYNTHETIC_PROCESS",-0.841039934201506,0.697582355436166,1,18,-0.361142738543626,3,"Dgkh Abhd8 Dgki"
"GOBP_PHOSPHATIDIC_ACID_METABOLIC_PROCESS",-0.842221441908365,0.693532616287191,1,19,-0.356308796443413,3,"Dgkh Abhd8 Dgki"
"GOBP_PHOSPHATIDYLCHOLINE_BIOSYNTHETIC_PROCESS",-0.998881498471954,0.483610108303249,1,15,-0.444929679327291,5,"Fabp5 Pemt Chpt1 Gpat4 Chka"
"GOBP_PHOSPHATIDYLCHOLINE_METABOLIC_PROCESS",-1.20240019608212,0.214593395118131,1,32,-0.460275777498044,8,"Lpcat2 Pla2g4a Fabp5 Lpcat4 Pemt Nr1h2 Chpt1 Gpat4"
"GOBP_PHOSPHATIDYLETHANOLAMINE_METABOLIC_PROCESS",0.460070858799699,0.994949494949495,1,17,0.168682131652868,4,"Napepld Chkb Naaa Pla2g15"
"GOBP_PHOSPHATIDYLGLYCEROL_METABOLIC_PROCESS",-0.674994578863097,0.882109174049728,1,16,-0.295939272225841,8,"Pla2g4a Pgs1 Crls1 Dnajc19 Pnpla8 Mecp2 Serac1 Hadha"
"GOBP_PHOSPHATIDYLINOSITOL_3_KINASE_PROTEIN_KINASE_B_SIGNAL_TRANSDUCTION",-0.999492885941819,0.492312487014336,1,212,-0.308421840610987,30,"Fbxl2 Rasgrp1 Bank1 Ccr7 Ntrk1 Vegfa Klk1b4 Pde3b Hyal2 Igf1 Pros1 Pik3r3 Meis3 Cd40 Cd19 Il18 Pdgfrb Usp49 Ramp3 Fkbp5 Ddit3 Cass4 Otud3 Egfr Smpd3 Dab2ip Tnf Gcnt2 Phlda3 Pdgfc"
"GOBP_PHOSPHATIDYLINOSITOL_3_PHOSPHATE_BIOSYNTHETIC_PROCESS",-0.88229985188804,0.635807736063709,1,17,-0.382594652654734,10,"Atg14 Pik3r4 Fig4 Pik3r1 Pik3cg Becn1 Inpp5e Pik3cb Pik3c2a Inpp4a"
"GOBP_PHOSPHATIDYLINOSITOL_BIOSYNTHETIC_PROCESS",-0.551564686215698,0.997697444163021,1,80,-0.184746718234802,17,"Piga Itpka Pign Itpkc Pi4k2b Mtmr4 Pigc Pigf Ube3c Pgap3 Pigw Pigu Pigq Pigm Atg14 Inpp1 Pik3r4"
"GOBP_PHOSPHATIDYLINOSITOL_DEPHOSPHORYLATION",0.666425204375498,0.94469696969697,1,24,0.223728980529856,5,"Pip4p2 Synj1 Sacm1l Mtmr7 Inppl1"
"GOBP_PHOSPHATIDYLINOSITOL_MEDIATED_SIGNALING",-1.10444500252754,0.351243212346385,1,16,-0.484224111565432,2,"Plcl1 Plcl2"
"GOBP_PHOSPHATIDYLINOSITOL_METABOLIC_PROCESS",-0.6935629869958,0.961740846305635,1,114,-0.223861514686448,27,"Plcl1 Piga Plcl2 Itpka Pign Itpkc Pitpnc1 Pi4k2b Ocrl Mtmr4 Pigc Mtmr2 Pigf Synj2 Ube3c Agap2 Pgap3 Pigw Pigu Pigq Pigm Inpp5a Pip4p1 Atg14 Mtm1 Inpp1 Pik3r4"
"GOBP_PHOSPHATIDYLINOSITOL_PHOSPHATE_BIOSYNTHETIC_PROCESS",-0.512389583965772,0.995730788548468,1,42,-0.188352885096697,10,"Itpka Itpkc Pi4k2b Ube3c Atg14 Inpp1 Pik3r4 Pi4ka Pip4k2b Fig4"
"GOBP_PHOSPHATIDYLSERINE_METABOLIC_PROCESS",0.651149243152766,0.890850250073551,1,10,0.276943799429233,4,"Ptdss2 Serinc5 Lpcat3 Pla2g15"
"GOBP_PHOSPHOLIPASE_C_ACTIVATING_G_PROTEIN_COUPLED_RECEPTOR_SIGNALING_PATHWAY",-1.16382371556778,0.238751371783929,1,53,-0.412158197217249,18,"Ffar1 Esr1 Bicd1 Vegfa Dgkh Adgrg1 Pkd2 Dgki Actn2 Gpr55 Cmklr1 Rgs2 Ffar4 Adra1b Dgka Prkcg Prkd2 Inpp5a"
"GOBP_PHOSPHOLIPID_BIOSYNTHETIC_PROCESS",-0.876011500760215,0.757124762507916,1,174,-0.274046937798789,38,"Lpcat2 Gpat3 Piga Dgkh Pla2g4a Fabp5 Lpcat4 Fitm2 Itpka Abhd8 Pign Dgki Itpkc Sphk2 Selenoi Pemt Pi4k2b Flvcr1 Mtmr4 Pigc Chpt1 Hdhd5 Pgs1 Acat2 Pigf Gpat4 Ube3c Crls1 Pgap3 Pigw Dgka Pigu Chka Hmgcs2 Abhd4 Hmgcr Pigq Pigm"
"GOBP_PHOSPHOLIPID_CATABOLIC_PROCESS",-0.679055111428933,0.913882413882414,1,34,-0.257416910344793,5,"Pla2g4a Pla2g4b Smpdl3a Smpd4 Smpd3"
"GOBP_PHOSPHOLIPID_DEPHOSPHORYLATION",-0.895661691264398,0.623083977466265,1,31,-0.344796223789519,12,"Ephx2 Plpp1 Plpp2 Ocrl Mtmr4 Mtmr2 Synj2 Plppr3 Inpp5a Plpp5 Pip4p1 Mtm1"
"GOBP_PHOSPHOLIPID_HOMEOSTASIS",-0.796169518575565,0.745438229135507,1,11,-0.378100941901507,1,"Abca1"
"GOBP_PHOSPHOLIPID_METABOLIC_PROCESS",-0.866621770456709,0.809239633707172,1,254,-0.264865759747292,62,"Lpcat2 Plcl1 Gpat3 Piga Dgkh Pla2g4a Fabp5 Plcl2 Lpcat4 Pla2g4b Smpdl3a Fitm2 Itpka Abhd8 Pign Dgki Itpkc Pitpnc1 Smpd4 Sphk2 Selenoi Pemt Pla2g12a Pi4k2b Plpp1 Flvcr1 Plpp2 Ocrl Smpd3 Nr1h2 Mtmr4 Pigc Chpt1 Hdhd5 Mtmr2 Pgs1 Acat2 Pigf Synj2 Gpat4 Ube3c Crls1 Agap2 Pgap3 Pigw Dgka Pigu Chka Hmgcs2 Abhd4 Gde1 Plppr3 Hmgcr Pigq Pigm Inpp5a Plpp5 Pip4p1 Atg14 Mtm1 Inpp1 Pik3r4"
"GOBP_PHOSPHOLIPID_TRANSPORT",-1.11954784985159,0.288741565052681,1,64,-0.385723678738159,15,"Atp8b4 Abca1 Atp10a Prelid2 Abcb4 Mttp Nme4 Pitpnc1 Atp9a Pctp C2cd2l Prelid3b Vat1 Atp11a Kcnn4"
"GOBP_PHOTOPERIODISM",-0.859040548298307,0.676274944567627,1,20,-0.359786397267465,6,"Per3 Usp2 Nr2f6 Bhlhe40 Rbm4 Cry1"
"GOBP_PHOTORECEPTOR_CELL_DEVELOPMENT",-0.889506382870883,0.632356822380575,1,29,-0.345990838976546,7,"Vegfa Rab37 Bbs4 Rabl2 Rpgr Thy1 Naglu"
"GOBP_PHOTORECEPTOR_CELL_DIFFERENTIATION",-0.811147264900202,0.759747634069401,1,40,-0.299689793111266,12,"Vegfa Rab37 Bbs4 Rabl2 Rpgr Casz1 Elp6 Thy1 Naglu Bbs10 Alms1 Sox8"
"GOBP_PHOTORECEPTOR_CELL_MAINTENANCE",-0.903298612610535,0.613044071496794,1,23,-0.368106167076945,5,"Bbs4 Crocc Bbs2 Bbs10 Abca4"
"GOBP_PHYSIOLOGICAL_CARDIAC_MUSCLE_HYPERTROPHY",-0.820002830227797,0.734567901234568,1,30,-0.317178645391981,14,"Igf1 Trip10 Meis1 Akap1 Rgs2 Adra1b Nr3c1 Gsk3b Mtor Pdlim5 Foxp1 Rbm10 Gsk3a Sirt1"
"GOBP_PIECEMEAL_MICROAUTOPHAGY_OF_THE_NUCLEUS",-0.573565457745119,0.963310580204778,1,17,-0.248717118801686,3,"Snx7 Atg2a Atg13"
"GOBP_PIGMENTATION",-0.76151077596419,0.869756662804172,1,76,-0.256802674669338,5,"Bcl2 Vangl1 Mreg Recql4 Pomc"
"GOBP_PIGMENT_BIOSYNTHETIC_PROCESS",-0.634311826384373,0.956311297923831,1,38,-0.236295031046457,7,"Slc11a2 Pomc Ctns Flvcr1 Hmbs Slc6a9 Abcg2"
"GOBP_PIGMENT_CELL_DIFFERENTIATION",-0.962686126964197,0.528206529162683,1,22,-0.395518307446471,5,"Bcl2 Mreg Hps4 Kit Ankrd27"
"GOBP_PIGMENT_GRANULE_LOCALIZATION",-0.772309987911159,0.777472924187726,1,15,-0.34400840919392,1,"Mreg"
"GOBP_PIGMENT_GRANULE_ORGANIZATION",0.837445152232523,0.766666666666667,1,34,0.258601260107778,8,"a Apoe Rab32 Bloc1s3 Ap1m1 Lyst Dtnbp1 Pikfyve"
"GOBP_PIGMENT_METABOLIC_PROCESS",-1.05164252943448,0.390777886497065,1,51,-0.374319494734355,12,"Hmox1 Slc11a2 Bcl2 Pomc Vhl Ctns Ugt1a6a Flvcr1 Hebp1 Hmbs Slc6a9 Abcg2"
"GOBP_PINOCYTOSIS",0.960546549895709,0.49748743718593,1,20,0.339267713164857,4,"Axl Snx33 Appl2 Cln3"
"GOBP_PLACENTA_BLOOD_VESSEL_DEVELOPMENT",-1.26623567245388,0.169054441260745,1,23,-0.516007833396356,7,"Hes1 Pkd2 Fbxw8 Socs3 Fzd5 Rbm15 Junb"
"GOBP_PLACENTA_DEVELOPMENT",-0.898032395173117,0.670463428252373,1,101,-0.293177471068584,18,"E2f7 E2f8 Hes1 Pla2g4a Erf Ada Pkd2 Fbxw8 Ccnf Socs3 Egfr Fzd5 Rbm15 Map3k4 Cebpb Junb Cdkn1c Mdfi"
"GOBP_PLASMA_CELL_DIFFERENTIATION",0.721035686223828,0.827201447527141,1,11,0.298436626854767,5,"Lgals8 Nfkbiz Ddrgk1 Il2 Itm2a"
"GOBP_PLASMA_LIPOPROTEIN_PARTICLE_CLEARANCE",-0.9526211010119,0.541564792176039,1,24,-0.384662964406268,3,"Cd36 Gpld1 Mttp"
"GOBP_PLASMA_MEMBRANE_ORGANIZATION",-0.733390458377572,0.918561666853366,1,98,-0.240163144761101,8,"Agrn Atp10a Fer1l6 Mtss2 Fnbp1l Baiap2l1 S100a9 Asap1"
"GOBP_PLASMA_MEMBRANE_REPAIR",-0.769234204299218,0.795088566827697,1,25,-0.30788701554116,12,"Syt11 Chmp7 Vps4a Casp7 S100a10 Chmp1a Gsdmd Myof Rab3a Chmp4b Arl8b Vps4b"
"GOBP_PLASMA_MEMBRANE_TUBULATION",-1.29317309469929,0.155379061371841,1,15,-0.5760153644045,3,"Atp10a Fnbp1l Asap1"
"GOBP_PLATELET_AGGREGATION",1.21344825374414,0.162440911044263,1,33,0.37764063622522,14,"Stxbp1 Ubash3b Entpd1 P2ry12 Itgb3 Rap2b Emilin1 Gla Lyn Jak2 Ceacam1 Stxbp3 Il6ra Cd9"
"GOBP_PLATELET_DENSE_GRANULE_ORGANIZATION",-0.974612492252955,0.51330376940133,1,20,-0.408190647128556,4,"Abca1 Slc35d3 Hps4 Ap1s3"
"GOBP_PLATELET_DERIVED_GROWTH_FACTOR_RECEPTOR_SIGNALING_PATHWAY",-1.06459080307322,0.37958473206515,1,45,-0.386578374868043,4,"Lrp1 Myo1e Vegfa Pdgfrb"
"GOBP_PLATELET_MORPHOGENESIS",-0.891034007855543,0.629435882935105,1,18,-0.382610205112277,2,"Clec1b Zfpm1"
"GOBP_PODOSOME_ASSEMBLY",1.28922952892182,0.14290895901342,1,21,0.448701020368968,4,"Farp2 Fscn1 Arhgef5 Kif9"
"GOBP_POLYAMINE_BIOSYNTHETIC_PROCESS",1.15043647551108,0.289505428226779,1,11,0.476165587531868,2,"Azin2 Amd2"
"GOBP_POLYAMINE_METABOLIC_PROCESS",0.987667467481855,0.464413389665258,1,15,0.373976522808547,2,"Azin2 Amd2"
"GOBP_POLYOL_BIOSYNTHETIC_PROCESS",-1.09840045662446,0.332375,1,43,-0.401768276234973,9,"Pcbd1 Ephx1 Arrb1 Itpka Itpkc Sphk2 Cyp2r1 Dhfr Ppip5k1"
"GOBP_POLYOL_METABOLIC_PROCESS",-1.1419681294748,0.25276387757477,1,73,-0.386945304382669,15,"Pla2g4a Akr1b10 Pcbd1 Ephx1 Gk Arrb1 Itpka Itpkc Sphk2 Nudt4 Plpp1 Plpp2 Cyp2r1 Dhfr Ppip5k1"
"GOBP_POLYSACCHARIDE_BIOSYNTHETIC_PROCESS",-0.742426149660173,0.861003861003861,1,44,-0.270562800453984,6,"Cd36 Has3 Igf1 Ppp1r3d Ppp1r3b Smpd3"
"GOBP_POLYSACCHARIDE_CATABOLIC_PROCESS",-1.26207133964635,0.165227785894541,1,28,-0.49449922422026,6,"Wipi1 Phkg1 Pomc Phka1 Ppp1r3d Ppp1r3b"
"GOBP_POLYSACCHARIDE_METABOLIC_PROCESS",-1.03492546552897,0.412387750402947,1,80,-0.346648522199498,8,"Cd36 Has3 Galnt3 Wipi1 Phkg1 Igf1 Pomc Phka1"
"GOBP_POLY_A_PLUS_MRNA_EXPORT_FROM_NUCLEUS",-0.625209946484539,0.927332195676906,1,17,-0.271111892175508,3,"Zc3h11a Nup93 Iws1"
"GOBP_PORE_COMPLEX_ASSEMBLY",0.825888067175928,0.72505384063173,1,20,0.291705962518259,4,"Ndc1 Afdn Nup107 Ahctf1"
"GOBP_PORPHYRIN_CONTAINING_COMPOUND_METABOLIC_PROCESS",-1.03529244462219,0.418544418544419,1,34,-0.392459725157142,7,"Hmox1 Slc11a2 Flvcr1 Hebp1 Hmbs Slc6a9 Abcg2"
"GOBP_POSITIVE_CHEMOTAXIS",-1.14629942082608,0.278292651089936,1,32,-0.438800541521408,8,"Ccl3 Lrp1 Vegfa Vegfd Saa3 Ccl6 Scrib Vegfc"
"GOBP_POSITIVE_REGULATION_BY_SYMBIONT_OF_ENTRY_INTO_HOST",-0.444350892544936,0.992521687107389,1,11,-0.211022259815477,3,"Tmprss4 Hmgb1 Trim30a"
"GOBP_POSITIVE_REGULATION_OF_ACTIN_FILAMENT_BUNDLE_ASSEMBLY",-0.626791273742994,0.96680343155539,1,45,-0.227602898020126,8,"Epha1 Prkcq Tsc1 Synpo2 Rgcc Flna S100a10 Smad3"
"GOBP_POSITIVE_REGULATION_OF_ACTIN_FILAMENT_POLYMERIZATION",1.04122007095508,0.37159446181331,1,36,0.316863376631603,4,"Nckap1 Pfn2 Gm14137 Fchsd1"
"GOBP_POSITIVE_REGULATION_OF_ACTIVATED_T_CELL_PROLIFERATION",-0.744946174459964,0.816909373674537,1,18,-0.319880056310872,4,"Igf1 Il18 Cd86 Il2ra"
"GOBP_POSITIVE_REGULATION_OF_ALCOHOL_BIOSYNTHETIC_PROCESS",0.891340413113034,0.614798694232862,1,21,0.310220440881763,21,"Gnai1 Bmp6 Ptafr Gpr146 Mbtps1 Mapk1 Kpnb1 P2ry6 Insig1 Myh9 Prkaca Srebf1 Paqr3 Abcg1 Scap Fdps Scp2 Srebf2 Akt1 Insig2 Mbtps2"
"GOBP_POSITIVE_REGULATION_OF_ALPHA_BETA_T_CELL_ACTIVATION",-1.26400451681039,0.128780604896783,1,58,-0.441537853391002,17,"Ccr7 Cd81 Ptpn22 Il12a Il18 Prkcq Zbtb7b Ada Prkcz Foxp3 Hlx Cd55 Nfkbid Ripk2 Cd1d1 Runx1 Klhl25"
"GOBP_POSITIVE_REGULATION_OF_ALPHA_BETA_T_CELL_DIFFERENTIATION",-1.09820867426974,0.335035496325819,1,44,-0.4002208361455,12,"Ccr7 Il18 Zbtb7b Ada Prkcz Foxp3 Hlx Nfkbid Ripk2 Cd1d1 Runx1 Klhl25"
"GOBP_POSITIVE_REGULATION_OF_ALPHA_BETA_T_CELL_PROLIFERATION",-1.08295592000473,0.376964847099171,1,16,-0.474802608576014,5,"Cd81 Ptpn22 Il18 Cd55 Ripk2"
"GOBP_POSITIVE_REGULATION_OF_AMIDE_METABOLIC_PROCESS",0.854326940905796,0.676240208877285,1,22,0.295040970022185,5,"Apoe Pdpr Gsap Rela Eif2ak3"
"GOBP_POSITIVE_REGULATION_OF_AMINO_ACID_TRANSPORT",-0.596423646317896,0.947292418772563,1,15,-0.265663726984013,2,"Gabbr1 Slc12a2"
"GOBP_POSITIVE_REGULATION_OF_AMYLOID_BETA_FORMATION",0.893780754201016,0.594996833438885,1,13,0.354195079857641,3,"Apoe Gsap Rela"
"GOBP_POSITIVE_REGULATION_OF_ANTIGEN_RECEPTOR_MEDIATED_SIGNALING_PATHWAY",-1.25342845165111,0.172400053127905,1,28,-0.491112805977161,8,"Ccr7 Cd81 Nectin2 Ada Cd86 Rab29 Dusp22 Kcnn4"
"GOBP_POSITIVE_REGULATION_OF_APOPTOTIC_SIGNALING_PATHWAY",-1.0951518236762,0.30304673099859,1,126,-0.351050896546977,12,"Atf3 S100a8 Inca1 Wdr35 Lck Hyal2 Tnfrsf12a Siah1b Nck2 Siah1a S100a9 Trps1"
"GOBP_POSITIVE_REGULATION_OF_ATP_DEPENDENT_ACTIVITY",-0.924097110951446,0.582483587093169,1,19,-0.390946980231084,8,"Setmar Ssbp1 Tpm1 Dnajb11 Dnajb2 Ahsa1 Zc3hav1 Dnm2"
"GOBP_POSITIVE_REGULATION_OF_ATTACHMENT_OF_SPINDLE_MICROTUBULES_TO_KINETOCHORE",-1.08082377951841,0.392350856467809,1,12,-0.501929725174513,5,"Aurkb Cenpe Incenp Birc5 Cdca8"
"GOBP_POSITIVE_REGULATION_OF_AUTOPHAGOSOME_ASSEMBLY",-1.19691561503837,0.237945635842098,1,22,-0.491751179285287,3,"Wipi1 Chek2 Snx7"
"GOBP_POSITIVE_REGULATION_OF_AUTOPHAGY",-0.688694095344496,0.97684545937334,1,161,-0.216414115030267,18,"Wipi1 Hmox1 Rab37 Tpcn1 Chek2 Snx7 Irgq Lrrk2 Hk2 Tsc1 Slc35d3 Ddit3 Bag3 Rpgr Hdac6 Deptor Cers1 Irgm2"
"GOBP_POSITIVE_REGULATION_OF_AUTOPHAGY_OF_MITOCHONDRION",-0.667064700170782,0.915526630362598,1,28,-0.261366347825951,4,"Hk2 Hdac6 Cers1 Irgm2"
"GOBP_POSITIVE_REGULATION_OF_AXONOGENESIS",-0.994049315404502,0.486518588906046,1,62,-0.343837515891304,10,"Lrp1 Vegfa Tnfrsf12a Rnd2 Tiam2 Metrn Cdkl5 Disc1 Tiam1 Efna5"
"GOBP_POSITIVE_REGULATION_OF_AXON_EXTENSION",-0.87663188370572,0.657208588957055,1,37,-0.327855481796717,5,"Lrp1 Vegfa Tnfrsf12a Cdkl5 Disc1"
"GOBP_POSITIVE_REGULATION_OF_BEHAVIOR",-0.778427238429786,0.76308704756207,1,11,-0.369675132223939,1,"Hdac4"
"GOBP_POSITIVE_REGULATION_OF_BINDING",-1.01006821798737,0.467017738359202,1,20,-0.423040339439075,2,"Agrn Hes1"
"GOBP_POSITIVE_REGULATION_OF_BIOMINERAL_TISSUE_DEVELOPMENT",0.780692997644596,0.845926551287463,1,31,0.24652319557624,13,"Rxra Acvr1 Cd276 Bmp6 Slc8a1 Asxl2 Acvr2b Adrb2 Tent5a Vdr P2rx7 Slc4a2 Mia3"
"GOBP_POSITIVE_REGULATION_OF_BLOOD_CIRCULATION",-1.10227525601296,0.35841155234657,1,15,-0.490984142702111,6,"Trpm4 Pde4d Ada Rgs2 Adra1b Tpm1"
"GOBP_POSITIVE_REGULATION_OF_BLOOD_PRESSURE",0.804790709536398,0.762024407753051,1,20,0.284254317118084,2,"Npff Nr3c2"
"GOBP_POSITIVE_REGULATION_OF_BLOOD_VESSEL_ENDOTHELIAL_CELL_MIGRATION",-0.944871773028154,0.561388012618297,1,40,-0.349096197976235,5,"Hmox1 Vegfa Igf1 Cd40 Angpt4"
"GOBP_POSITIVE_REGULATION_OF_BMP_SIGNALING_PATHWAY",-0.832028902881269,0.711474501108647,1,20,-0.348473284506823,6,"Hes1 Twsg1 Eng Fbxl15 Hes5 Pelo"
"GOBP_POSITIVE_REGULATION_OF_BONE_MINERALIZATION",1.07187839802564,0.34020618556701,1,26,0.354817716592455,11,"Rxra Acvr1 Cd276 Bmp6 Slc8a1 Asxl2 Acvr2b Adrb2 Tent5a Vdr P2rx7"
"GOBP_POSITIVE_REGULATION_OF_BONE_RESORPTION",1.12210231496245,0.302567435814105,1,15,0.424879765509527,5,"Car2 Ptger4 Ltbp3 Idua Itgb3"
"GOBP_POSITIVE_REGULATION_OF_B_CELL_ACTIVATION",-0.994355470884638,0.485251590514748,1,78,-0.334299517577288,12,"Chrnb2 Bcl2 Cd81 Tnfrsf13c Shld3 Prlr Cd40 Ada Tnfrsf4 Pagr1a Bst1 Cdkn1a"
"GOBP_POSITIVE_REGULATION_OF_B_CELL_DIFFERENTIATION",1.1315856354567,0.298316498316498,1,17,0.414888866542412,6,"Mmp14 Stat5a Ddrgk1 Il2 Atp11c Pcid2"
"GOBP_POSITIVE_REGULATION_OF_B_CELL_MEDIATED_IMMUNITY",-1.03806915201441,0.420456026058632,1,33,-0.395879063822401,15,"Shld3 Cd40 Nectin2 Pagr1a Tnf Paxip1 Hmces Btk Msh2 Kmt5b Stat6 Clcf1 Nsd2 Exosc3 Kmt5c"
"GOBP_POSITIVE_REGULATION_OF_CALCINEURIN_MEDIATED_SIGNALING",-1.27695900183162,0.175032736796159,1,14,-0.57592590915219,3,"Igf1 Ppp3cc Tnf"
"GOBP_POSITIVE_REGULATION_OF_CAMP_PKA_SIGNAL_TRANSDUCTION",-0.835856009946175,0.691049522944116,1,10,-0.404818563896969,2,"Sct Ramp3"
"GOBP_POSITIVE_REGULATION_OF_CANONICAL_NF_KAPPAB_SIGNAL_TRANSDUCTION",0.661673325212231,1,1,138,0.159392263473789,23,"Nod1 Ltbr Tnfsf10 Cx3cr1 Tnip2 Tmc8 Insr Tab3 Nod2 Prkn Ticam1 Irak4 Unc5cl Mavs Rela Irak2 Map3k3 Ddrgk1 Tlr6 Mul1 Ikbkg Tirap Traf5"
"GOBP_POSITIVE_REGULATION_OF_CANONICAL_WNT_SIGNALING_PATHWAY",-0.903596249590602,0.646381196183384,1,74,-0.305758816126479,19,"Ptk7 Trpm4 Jrk Amer1 Lrrk2 Ttc21b Bambi Egfr Tmem9 Tmem198b Thra Peg12 Lgr5 Frat1 Aspm Wdr48 Smad3 Nek4 Ddx3x"
"GOBP_POSITIVE_REGULATION_OF_CARBOHYDRATE_METABOLIC_PROCESS",-0.815078708889456,0.779665043354318,1,62,-0.281932328886922,5,"Cd36 Ppargc1a Igf1 Gpld1 Phka1"
"GOBP_POSITIVE_REGULATION_OF_CARDIAC_MUSCLE_CELL_PROLIFERATION",0.963029195414806,0.497150094996833,1,13,0.381637444274697,3,"Ncam1 Tgfbr3 Ccnb1"
"GOBP_POSITIVE_REGULATION_OF_CARTILAGE_DEVELOPMENT",0.753957154301794,0.806523115896137,1,13,0.298784588079308,4,"Bmp6 Zfp219 Bmp1 Rela"
"GOBP_POSITIVE_REGULATION_OF_CATABOLIC_PROCESS",-0.587011583790562,1,1,445,-0.17546424505656,84,"Trib2 Lrp1 Wipi1 Hmox1 Sct Cd81 Cdk1 Rab37 Tpcn1 Igf1 Dtl Chek2 Gpld1 Phka1 Snx7 Irgq Amer1 Lrrk2 Daglb Hk2 Tsc1 Slc35d3 Tent4a Ddit3 Bag3 Rpgr Hdac6 Fbxw8 Oaz2 Zfp36 Disc1 Deptor Cers1 Pnpt1 Irgm2 Ang Dab2ip Tnf Zc3h12c Adam9 Mylip Cul4a Pum1 Prkce Ripk2 Zc3h12d Ubqln2 Nnt Mov10 Eif4enif1 Tent4b Atg2a Adra1b Fbxo11 Dcp1a Gpsm1 Helz Trim13 Cnot6 Zdhhc19 Dxo Zer1 Sgsm3 Usp5 Atg13 Sesn2 Gclc Trim27 Dcp2 Zswim8 Atxn3 Sesn1 Hspbp1 Senp1 Epm2a Pde12 Ptk2b Dnd1 Ubxn2a Smo Dcaf1 Optn Gsk3b Ythdf1"
"GOBP_POSITIVE_REGULATION_OF_CATALYTIC_ACTIVITY",-0.893896055982812,0.773894436519258,1,302,-0.271199767562877,58,"Nr4a2 Rasgrp1 Esr1 Hmga2 Dscc1 Stil Bcl2 Ntrk1 Camkk1 Setmar Tom1l1 Igf1 Mtss2 Rap1gap Tab1 Prlr Pdgfrb Cdc25b Chtf18 Scrib Cenpe Prkcz Tsc1 Mrnip Vegfc Cass4 Bcar3 Tbc1d7 Lmo4 Irgm2 Fzd5 Evi5l Cdkn1a Tnf Ccdc125 Thy1 Map3k4 Rassf2 Pdgfc Tiam1 Rfc4 Ezh2 Tpx2 Rangap1 Rgs1 Ssbp1 Tigar Abi2 Agap2 Kit Akirin2 Sgsm3 Cdc14b Map4k2 Mex3b S100a10 Sesn2 Smad3"
"GOBP_POSITIVE_REGULATION_OF_CATION_CHANNEL_ACTIVITY",-1.11182674181696,0.334257206208426,1,20,-0.465659203883165,5,"Kcnk3 Ehd3 Stac3 S100a1 Stac2"
"GOBP_POSITIVE_REGULATION_OF_CD4_POSITIVE_ALPHA_BETA_T_CELL_ACTIVATION",-1.27077091728279,0.144978053188743,1,35,-0.479924345594679,12,"Ccr7 Cd81 Il18 Prkcq Zbtb7b Prkcz Foxp3 Hlx Cd55 Nfkbid Ripk2 Klhl25"
"GOBP_POSITIVE_REGULATION_OF_CD4_POSITIVE_ALPHA_BETA_T_CELL_DIFFERENTIATION",-1.07569505149095,0.37063304439191,1,30,-0.416080880101324,9,"Ccr7 Il18 Zbtb7b Prkcz Foxp3 Hlx Nfkbid Ripk2 Klhl25"
"GOBP_POSITIVE_REGULATION_OF_CELLULAR_COMPONENT_BIOGENESIS",-1.04548197348619,0.36501210653753,1,386,-0.313925872710659,75,"Gbp2 Cd36 Has3 Epha1 Wipi1 Stil Rasip1 Agrn Ccr7 Auts2 Ntrk1 Abca1 Vegfa Hdac4 Eps8l2 Casp4 Sass6 Adgrl1 Il1rap Ptpn22 Chek2 Nck2 Fnbp1l Bbs4 Baiap2l1 Prkcq Rab40c Crocc Usp50 Tppp Snx7 Asap1 Cep295 Lrrc24 Ccp110 Eps8 Stau2 Adgrl4 Psrc1 Fam98a Plekhm1 Tsc1 Hdac6 Atat1 Cul5 Sema4a Def8 Lrrc15 Smpd3 Dab2ip Tnf Bhlhb9 Synpo2 Thy1 Nr1h2 Sdc1 Cdk2 Ccdc15 Efna5 Ercc1 Adgrl2 Dhx33 Prkce Rgcc Flna Nup62 Poc1b Atg2a Hyal1 Usp16 Abi2 Ska1 Gpsm2 Vps4a Kit"
"GOBP_POSITIVE_REGULATION_OF_CELLULAR_EXTRAVASATION",0.931542757167288,0.543065231158961,1,13,0.369159729290241,4,"Ager Ptger4 Med23 Ccr2"
"GOBP_POSITIVE_REGULATION_OF_CELLULAR_RESPONSE_TO_INSULIN_STIMULUS",-0.723134051392138,0.875821203143115,1,36,-0.271964407247689,12,"Zbtb7b Gkap1 Prkcz Atp6v0a2 Nucks1 Echdc3 Atp6v1f Adipor1 Atp6v1c1 Ptpn2 Sirt1 Marcks"
"GOBP_POSITIVE_REGULATION_OF_CELLULAR_RESPONSE_TO_TRANSFORMING_GROWTH_FACTOR_BETA_STIMULUS",0.859453817195992,0.67863823419379,1,23,0.291852531190793,2,"Tgfb1i1 Tgfbr3"
"GOBP_POSITIVE_REGULATION_OF_CELLULAR_SENESCENCE",0.780697434202195,0.759442724458204,1,12,0.316236086075847,1,"Sirt6"
"GOBP_POSITIVE_REGULATION_OF_CELL_ADHESION",-1.11371445244702,0.197138798701299,1,338,-0.336171144099745,63,"Cd36 Rasgrp1 Epha1 Itga3 Fut7 Itga5 Cd6 Ccr7 Hes1 H2-Eb2 Cd81 Vegfa Lck Adgrg1 Igf1 Tnfrsf13c Ephb6 Ptpn22 Dusp10 Rap1gap Nck2 Cd59a Il12a Il18 Prkcq Rac3 Rag1 Rab40c Zbtb7b Pde4d Ada Cd86 Il15 Rell2 Prkcz Cd59b Cspg5 Tsc1 Lamc1 Sox12 Cul5 Foxp3 Vegfc Cass4 Hlx Il2ra Disc1 H2-Ob Cd55 Jup Tnf Gcnt2 Thy1 Havcr2 Adam9 Smarcc1 Nfkbid Smad7 Prkce Ripk2 Phf10 Flna Cd1d1"
"GOBP_POSITIVE_REGULATION_OF_CELL_ADHESION_MEDIATED_BY_INTEGRIN",0.685889424838204,0.861881785283474,1,11,0.283889591396074,3,"P2ry12 Ptk2 Itgb3"
"GOBP_POSITIVE_REGULATION_OF_CELL_CELL_ADHESION",-1.09269592423024,0.277645351849933,1,227,-0.335841613492741,43,"Rasgrp1 Fut7 Cd6 Ccr7 Hes1 H2-Eb2 Cd81 Lck Igf1 Tnfrsf13c Ephb6 Ptpn22 Dusp10 Rap1gap Nck2 Cd59a Il12a Il18 Prkcq Rag1 Zbtb7b Pde4d Ada Cd86 Il15 Prkcz Cd59b Sox12 Foxp3 Hlx Il2ra H2-Ob Cd55 Tnf Gcnt2 Thy1 Havcr2 Smarcc1 Nfkbid Smad7 Ripk2 Phf10 Cd1d1"
"GOBP_POSITIVE_REGULATION_OF_CELL_CYCLE_G2_M_PHASE_TRANSITION",-1.15319720487509,0.269547056520037,1,32,-0.441440995944582,12,"Rad51c Cdk1 Dtl Hspa2 Cdc25b Cdc25a Lmnb1 Cdc7 Cdk4 Rad51b Rrm1 Dyrk3"
"GOBP_POSITIVE_REGULATION_OF_CELL_DEVELOPMENT",-0.929930742922186,0.699312019425334,1,349,-0.280271805334513,75,"Itgam Ccl3 Rasgrp1 Lrp1 Ccr7 Hes1 Bcl2 Vegfa Fos Mapre3 Lck Clcn2 Igf1 Tnfrsf12a Il15ra Dusp10 Rnd2 Wdr62 Il12a Il18 Rag1 Xrcc2 Zbtb7b Ell3 Tiam2 Cask Ccr1l1 Ada Stau2 Metrn Itpka Plag1 Mfn1 Il15 Prkcz Khdc3 Xrcc5 Hdac6 Sox12 Fbxw8 Cdkl5 Foxp3 Vegfc Hlx Il2ra Disc1 Egfr Jun Tbc1d24 Ss18l1 Tnf Zfp335 Bhlhb9 E2f1 Akap11 Tiam1 Efna5 Smarcc1 Nfkbid Smad7 Ripk2 Phf10 Cd1d1 Runx1 Numbl Kit Vim Megf8 Serpinf1 Klhl25 Ankrd27 Aspm Sox8 Arid2 Arrb2"
"GOBP_POSITIVE_REGULATION_OF_CELL_DIVISION",-1.17257180462892,0.229606145592001,1,53,-0.415256258004553,16,"Vegfa Cit Vegfd Cdc25b Kif20b Aurkb Map10 Cenpv Incenp Pkp4 Birc5 Vegfc Pdgfc Cdca8 Prkce Nup62"
"GOBP_POSITIVE_REGULATION_OF_CELL_GROWTH",-0.705055401159659,0.959795718787352,1,124,-0.226256890074796,8,"Lrp1 Bcl2 Vegfa Igf1 Tnfrsf12a Rnd2 Unc13a Trip10"
"GOBP_POSITIVE_REGULATION_OF_CELL_GROWTH_INVOLVED_IN_CARDIAC_MUSCLE_CELL_DEVELOPMENT",-1.22296292631311,0.231977265928806,1,11,-0.580785151354325,2,"Igf1 Trip10"
"GOBP_POSITIVE_REGULATION_OF_CELL_JUNCTION_ASSEMBLY",-1.09157518923807,0.327277045481534,1,63,-0.376992241868583,17,"Agrn Ntrk1 Vegfa Adgrl1 Il1rap Rab40c Lrrc24 Stau2 Adgrl4 Tsc1 Cul5 Sema4a Lrrc15 Bhlhb9 Thy1 Efna5 Adgrl2"
"GOBP_POSITIVE_REGULATION_OF_CELL_KILLING",-1.22610914526443,0.170009784735812,1,51,-0.436418785755417,6,"Itgam Rasgrp1 Pomc H2-Q2 Il12a Nectin2"
"GOBP_POSITIVE_REGULATION_OF_CELL_MATRIX_ADHESION",-1.26647964310955,0.136678200692042,1,47,-0.456517717755076,11,"Cd36 Epha1 Vegfa Rab40c Prkcz Tsc1 Cul5 Vegfc Disc1 Jup Thy1"
"GOBP_POSITIVE_REGULATION_OF_CELL_MIGRATION_INVOLVED_IN_SPROUTING_ANGIOGENESIS",-0.997958825451531,0.485523061254183,1,14,-0.450093028061374,2,"Hmox1 Vegfa"
"GOBP_POSITIVE_REGULATION_OF_CELL_PROJECTION_ORGANIZATION",-0.827249347610597,0.890156918687589,1,302,-0.250979774759012,42,"Ptk7 Lrp1 Itga3 Agrn Ccr7 Auts2 Ntrk1 Vegfa Hdac4 Mapre3 Eps8l2 Tnfrsf12a Fnbp1l Bbs4 Rnd2 Tenm3 Prkcq Crocc S100a9 Tiam2 Cask Ccp110 Eps8 Stau2 Metrn Fam98a Itpka Mfn1 Negr1 Plekhm1 Khdc3 Hdac6 Fbxw8 Cdkl5 Def8 Disc1 Serpini1 Washc5 Tbc1d24 Ss18l1 Dab2ip Bhlhb9"
"GOBP_POSITIVE_REGULATION_OF_CELL_SIZE",0.553124136019976,0.972375690607735,1,15,0.209438346286355,15,"Ahr Rb1cc1 Atp7a Src Mitf Ogt Smarca4 Map3k7 Ep300 Hsp90ab1 Plcg1 Hsp90aa1 Akt3 Cdk4 Kdm6a"
"GOBP_POSITIVE_REGULATION_OF_CELL_SUBSTRATE_JUNCTION_ORGANIZATION",-0.791225590558607,0.778227385458817,1,32,-0.302879170393813,7,"Vegfa Rab40c Tsc1 Cul5 Thy1 S100a10 Smad3"
"GOBP_POSITIVE_REGULATION_OF_CHEMOKINE_C_X_C_MOTIF_LIGAND_2_PRODUCTION",-0.874836937613584,0.641072239890959,1,10,-0.423697656671224,1,"Lrp1"
"GOBP_POSITIVE_REGULATION_OF_CHEMOKINE_PRODUCTION",-0.895046189765616,0.644413999252709,1,44,-0.326182211859723,6,"Lrp1 Oas1c Oas1a Card9 AI182371 Il18"
"GOBP_POSITIVE_REGULATION_OF_CHEMOTAXIS",-0.979028942311706,0.506383472609099,1,75,-0.330788073141073,9,"Ccl3 Ccr7 Vegfa Rarres2 Vegfd Il12a Mcu Pdgfrb Ccr1l1"
"GOBP_POSITIVE_REGULATION_OF_CHOLESTEROL_BIOSYNTHETIC_PROCESS",0.845837285285263,0.671043771043771,1,17,0.31012100328552,17,"Gnai1 Gpr146 Mbtps1 Mapk1 Kpnb1 Insig1 Prkaca Srebf1 Paqr3 Abcg1 Scap Fdps Scp2 Srebf2 Akt1 Insig2 Mbtps2"
"GOBP_POSITIVE_REGULATION_OF_CHOLESTEROL_EFFLUX",-1.20687463428293,0.243852757165721,1,14,-0.544316904446524,2,"Lrp1 Abca1"
"GOBP_POSITIVE_REGULATION_OF_CHOLESTEROL_METABOLIC_PROCESS",0.808353702731744,0.747801618009145,1,19,0.28803980993629,2,"Apoe Gnai1"
"GOBP_POSITIVE_REGULATION_OF_CHROMOSOME_ORGANIZATION",-0.999195834841205,0.480554313813143,1,99,-0.326664948853149,20,"Cdk1 Ska3 Prkcq Aurkb Nek2 Ino80c Sgo2a Rtel1 Smc5 Mapkapk5 Wrap53 Smc4 Ddx11 Cdk2 Map3k4 Ercc1 Gnl3 Tinf2 Ska1 Ncapd2"
"GOBP_POSITIVE_REGULATION_OF_CHROMOSOME_SEPARATION",-1.02844870646896,0.4351195166798,1,30,-0.397805904501989,13,"Ska3 Aurkb Cenpe Incenp Birc5 Smc4 Cdca8 Ska1 Ncapd2 Ncaph2 Cdc16 Anapc7 Ncapg"
"GOBP_POSITIVE_REGULATION_OF_CILIUM_ASSEMBLY",0.775105828463562,0.856479527226678,1,31,0.244758908199654,4,"Rab11fip3 Arhgap35 Dzip1 Wdr44"
"GOBP_POSITIVE_REGULATION_OF_CIRCADIAN_RHYTHM",-0.783171646599096,0.758417011222682,1,12,-0.363701407011149,3,"Rorc Timeless Rora"
"GOBP_POSITIVE_REGULATION_OF_COAGULATION",-1.25381965055492,0.190197199199771,1,16,-0.549714748098647,3,"Cd36 S100a9 Plau"
"GOBP_POSITIVE_REGULATION_OF_COLD_INDUCED_THERMOGENESIS",-1.2048521255737,0.183988597220573,1,62,-0.416753329491546,16,"Cd36 Gadd45g Ppargc1a Vegfa Ksr2 Fabp5 Prlr Il18 Zbtb7b Pemt Prkab2 Cmklr1 Kdm3a Cebpb Pdgfc Thra"
"GOBP_POSITIVE_REGULATION_OF_COLLAGEN_METABOLIC_PROCESS",-0.757444898928412,0.804462305986696,1,20,-0.317235748479987,8,"Tnfrsf12a Il18 Pdgfrb Eng Rgcc Vim Arrb2 Suco"
"GOBP_POSITIVE_REGULATION_OF_CYTOKINESIS",-1.11669338436152,0.309287646528404,1,36,-0.419978638498115,17,"Cit Cdc25b Kif20b Aurkb Map10 Cenpv Incenp Pkp4 Birc5 Cdca8 Prkce Nup62 Cdc14b Kif23 Ect2 Cspp1 Exoc7"
"GOBP_POSITIVE_REGULATION_OF_CYTOKINE_PRODUCTION",-1.09995329979947,0.2276826426183,1,341,-0.331778057355717,64,"Pou2af1 Clnk Cd36 Cd2 Ccl3 Ccl4 Lrp1 Pnp2 Cd6 Ccr7 Oas1c Cd81 Oas1a Brca1 Hyal2 Casp4 Tnfrsf13c Il1rap Vegfd Ptpn22 Tab1 Card9 AI182371 Il12a Cd40 Il18 Prkcq Cd14 Usp50 Zbtb7b Pde4d Lrrk2 Zfpm1 Nlrp10 Il15 Scrib Prkcz Ddit3 Sphk2 Polr3d Cgas Foxp3 Rab7b Rora Polr3b Cd55 Lrrfip2 Pde4b Ulbp1 Fzd5 Zcchc3 Tnf Havcr2 Cebpb Tusc2 Zfp580 Dhx33 Glmn Osm Ripk2 Rgcc Cd1d1 Akap12 Ifngr1"
"GOBP_POSITIVE_REGULATION_OF_CYTOKINE_PRODUCTION_INVOLVED_IN_INFLAMMATORY_RESPONSE",-0.76641180142177,0.794202898550725,1,21,-0.318307799851261,2,"Cd6 Card9"
"GOBP_POSITIVE_REGULATION_OF_CYTOPLASMIC_TRANSLATION",0.870853694804623,0.631412286257125,1,13,0.345109348714251,13,"Csde1 Syncrip Piwil2 Pabpc1 Eef2 Pkm Ybx1 Hnrnpd Cnbp Hnrnpu Dhx36 Dhx9 Paip1"
"GOBP_POSITIVE_REGULATION_OF_CYTOSKELETON_ORGANIZATION",-0.848588673281527,0.785303999132979,1,130,-0.271544220935283,32,"Epha1 Stil Sass6 Nck2 Baiap2l1 Prkcq Aurkb Cep295 Psrc1 Tsc1 Actn2 Katnbl1 Synpo2 Ccdc15 Add3 Prkce Rgcc Flna Nup62 Poc1b Abi2 Ska1 Gpsm2 S100a10 Smad3 Plk4 Trim27 Whamm Pdxp Tpm1 Cep120 Ptk2b"
"GOBP_POSITIVE_REGULATION_OF_DEFENSE_RESPONSE",-0.952491034313524,0.64311630719613,1,406,-0.28559558589888,66,"Gbp2 Fbxl2 Clnk Cd36 S100a8 Ccl3 Rasgrp1 Esr1 Ccr7 Oas1c Cd81 Oas1a Lyplal1 Hyal2 Casp4 Pomc Ptpn22 Tab1 Map3k20 Card9 Il12a Tspan6 Il18 Cd14 Nectin2 Aurkb Usp50 S100a9 Lrrk2 Ccr1l1 Smpdl3a Cd86 Abhd8 Nlrp10 Gbp7 Polr3d Cgas Xrcc5 Ifi214 Atat1 Cul5 Rab7b Ddx60 Polr3b Lrrfip2 Ulbp1 Irgm2 Dab2ip Zcchc3 Tnf Hcfc2 Elp6 Havcr2 Rnf170 Cebpb Oasl1 Naglu Ecsit Dhx33 Osm Pum1 Prkce Ripk2 Kcnn4 Nlrc5 Ifi213"
"GOBP_POSITIVE_REGULATION_OF_DEFENSE_RESPONSE_TO_VIRUS_BY_HOST",-0.649355079172064,0.915665976535542,1,21,-0.269691549882272,5,"Ptpn22 Cgas Trim44 Zdhhc1 Pqbp1"
"GOBP_POSITIVE_REGULATION_OF_DENDRITE_DEVELOPMENT",-0.975673818097238,0.51884862653419,1,13,-0.44611124429974,4,"Khdc3 Dab2ip Ezh2 Zdhhc15"
"GOBP_POSITIVE_REGULATION_OF_DENDRITE_EXTENSION",0.987372807425417,0.46404793608522,1,16,0.367981552797899,5,"Afdn Cpne5 Prkn Nedd4l Mul1"
"GOBP_POSITIVE_REGULATION_OF_DENDRITIC_SPINE_DEVELOPMENT",1.03020671013034,0.375563063063063,1,54,0.289235158546187,7,"Xlr3b Caprin2 Apoe Ephb2 Afdn Kalrn Xlr4b"
"GOBP_POSITIVE_REGULATION_OF_DENDRITIC_SPINE_MORPHOGENESIS",1.16359845473867,0.219167003639304,1,28,0.376369290430764,6,"Xlr3b Caprin2 Ephb2 Afdn Kalrn Xlr4b"
"GOBP_POSITIVE_REGULATION_OF_DEVELOPMENTAL_GROWTH",-1.1406037598281,0.226318651441001,1,122,-0.366312040695241,18,"Rag2 Lrp1 Hmga2 Agrn Bcl2 Vegfa Cdk1 Igf1 Tnfrsf12a Bbs4 Rnd2 Unc13a Trip10 Bbs2 Pls1 Cdkl5 Hlx Disc1"
"GOBP_POSITIVE_REGULATION_OF_DNA_BINDING_TRANSCRIPTION_FACTOR_ACTIVITY",-0.858643630360156,0.743271915131212,1,101,-0.280318359840027,19,"Esr1 Hmga2 Ntrk1 Il1rap Card9 Il18 Prkcq Rhebl1 Prkcz Rab7b Lrrfip2 Tnf Camk2a Dhx33 Ripk2 Erc1 Kit Trim5 Eif2ak2"
"GOBP_POSITIVE_REGULATION_OF_DNA_BIOSYNTHETIC_PROCESS",-1.14546508087913,0.271889400921659,1,44,-0.417442516332115,16,"Dscc1 Vegfa Pdgfrb Chtf18 Wrap53 Tnf Rfc4 Ccna2 Arrb2 Prkd2 Tcp1 Ptk2b Gsk3b Cct3 Nfatc1 Rfc5"
"GOBP_POSITIVE_REGULATION_OF_DNA_DAMAGE_RESPONSE_SIGNAL_TRANSDUCTION_BY_P53_CLASS_MEDIATOR",-1.05395690095522,0.427230046948357,1,10,-0.510448347534725,5,"Spred2 Eef1e1 Pmaip1 Ddx5 Spred1"
"GOBP_POSITIVE_REGULATION_OF_DNA_METABOLIC_PROCESS",-1.1160398262549,0.218342405258293,1,261,-0.340721534545027,85,"Dscc1 E2f7 E2f8 Vegfa Cdk1 Brca1 Setmar Shld3 Cd40 Cdt1 Prkcq Pdgfrb Aurkb Nek2 Fancb Prdm9 Ino80c Rtel1 Chtf18 Timeless Mapkapk5 Khdc3 Mrnip Pagr1a Wrap53 Rad51ap1 Bcl7a Egfr Jun Pcna Tnf Ddx11 Cdk2 Map3k4 Rfc4 Ercc1 Smarcc1 Dna2 Gnl3 Paxip1 Phf10 Tinf2 Ing3 Ssbp1 Tigar Ccna2 Hmces Brcc3 Smchd1 Cdc7 Wdr48 Arid2 Arrb2 Parg Yeats4 Prkcg Cyren Stn1 Prkd2 Brpf3 Blm Tcp1 Rnf168 Ptk2b Parp3 Ube2n Gsk3b Cct3 Ino80b Foxm1 Msh2 Nfatc1 Slf1 Zcwpw1 Tmem161a Rfc5 Kmt5b Smarca5 Morf4l1 Ino80 Cacybp Morf4l2 Babam2 Pias4 Hmgb1"
"GOBP_POSITIVE_REGULATION_OF_DNA_RECOMBINATION",-1.15957191275428,0.229023623879902,1,73,-0.392910183001915,36,"Shld3 Cd40 Fancb Prdm9 Timeless Khdc3 Mrnip Pagr1a Wrap53 Rad51ap1 Paxip1 Ing3 Hmces Wdr48 Arid2 Yeats4 Blm Msh2 Zcwpw1 Kmt5b Morf4l1 Morf4l2 Pias4 Was Stat6 Rnf8 Clcf1 Nsd2 Actl6a Exosc3 Kmt5c Mdc1 Dmap1 Ruvbl2 Rif1 Crebbp"
"GOBP_POSITIVE_REGULATION_OF_DNA_REPAIR",-0.906157052733058,0.681153137531159,1,130,-0.289965820516882,42,"Brca1 Setmar Shld3 Fancb Ino80c Timeless Khdc3 Mrnip Wrap53 Rad51ap1 Bcl7a Egfr Pcna Ddx11 Smarcc1 Phf10 Ing3 Tigar Brcc3 Smchd1 Wdr48 Arid2 Parg Yeats4 Prkcg Cyren Blm Rnf168 Parp3 Ube2n Ino80b Foxm1 Slf1 Zcwpw1 Tmem161a Kmt5b Morf4l1 Ino80 Morf4l2 Babam2 Pias4 Hmgb1"
"GOBP_POSITIVE_REGULATION_OF_DNA_REPLICATION",-1.10364843028114,0.332994794972705,1,39,-0.409727100625449,13,"E2f7 E2f8 Cdk1 Cdt1 Egfr Jun Pcna Cdk2 Dna2 Ssbp1 Cdc7 Stn1 Brpf3"
"GOBP_POSITIVE_REGULATION_OF_DNA_TEMPLATED_DNA_REPLICATION",-1.16831819629307,0.285319365633639,1,14,-0.526927425558693,6,"E2f7 E2f8 Cdt1 Cdk2 Ssbp1 Cdc7"
"GOBP_POSITIVE_REGULATION_OF_DNA_TEMPLATED_TRANSCRIPTION_ELONGATION",-0.477167800765874,0.999643747773424,1,63,-0.164797222153603,22,"Ell3 Med9 Med22 Med26 Ccnt1 Supt16 Med1 Med25 Cdk12 Ell2 Scaf8 Ikzf1 Med21 Med6 Map2k1 Kat7 Eloc Med30 Cbx7 Leo1 Eapp Wdr82"
"GOBP_POSITIVE_REGULATION_OF_DOUBLE_STRAND_BREAK_REPAIR",-0.84472532418508,0.760813099943535,1,91,-0.278944152093799,29,"Setmar Shld3 Fancb Timeless Khdc3 Mrnip Wrap53 Rad51ap1 Bcl7a Ddx11 Smarcc1 Phf10 Ing3 Smchd1 Wdr48 Arid2 Yeats4 Cyren Blm Parp3 Ube2n Foxm1 Slf1 Zcwpw1 Kmt5b Morf4l1 Morf4l2 Pias4 Was"
"GOBP_POSITIVE_REGULATION_OF_DOUBLE_STRAND_BREAK_REPAIR_VIA_HOMOLOGOUS_RECOMBINATION",-1.02528044312962,0.435795242246855,1,44,-0.373643557774502,23,"Fancb Timeless Khdc3 Mrnip Wrap53 Rad51ap1 Ing3 Wdr48 Arid2 Yeats4 Blm Morf4l1 Morf4l2 Pias4 Was Rnf8 Actl6a Mdc1 Dmap1 Ruvbl2 Crebbp Vps72 Prmt1"
"GOBP_POSITIVE_REGULATION_OF_DOUBLE_STRAND_BREAK_REPAIR_VIA_NONHOMOLOGOUS_END_JOINING",-1.20024376930218,0.23978279508431,1,16,-0.526225363437962,7,"Setmar Shld3 Wrap53 Smchd1 Cyren Parp3 Kmt5b"
"GOBP_POSITIVE_REGULATION_OF_D_GLUCOSE_IMPORT",-1.08483400851552,0.357893354347255,1,30,-0.419615845960579,4,"Repin1 Igf1 Tert Slc1a2"
"GOBP_POSITIVE_REGULATION_OF_D_GLUCOSE_TRANSMEMBRANE_TRANSPORT",-0.960596685604988,0.530944625407166,1,33,-0.366334088504853,5,"Repin1 Igf1 Tert Slc1a2 Zdhhc7"
"GOBP_POSITIVE_REGULATION_OF_EMBRYONIC_DEVELOPMENT",1.25492774234779,0.187460417986067,1,13,0.497313496433237,3,"Zbed3 Amot Tle6"
"GOBP_POSITIVE_REGULATION_OF_ENDOCYTOSIS",-1.07070260605425,0.346872284969592,1,125,-0.343421748488957,16,"Cd36 Lrp1 Ccr7 Bicd1 Vegfa Il15ra Pros1 Rap1gap C2 Cd14 Lrrk2 Pick1 Ppp3cc Arrb1 Pard3 Il15"
"GOBP_POSITIVE_REGULATION_OF_ENDOTHELIAL_CELL_APOPTOTIC_PROCESS",0.697302916144826,0.866054464851172,1,13,0.276333162140718,3,"Ager Ngfr Prkci"
"GOBP_POSITIVE_REGULATION_OF_ENDOTHELIAL_CELL_MIGRATION",-0.727393503417261,0.904956745382277,1,69,-0.247879426710435,6,"Hmox1 Vegfa Igf1 Gpld1 Cd40 Angpt4"
"GOBP_POSITIVE_REGULATION_OF_ENDOTHELIAL_CELL_PROLIFERATION",-0.738376816368764,0.881007141992495,1,55,-0.2598665683933,5,"Hmox1 Egfl7 Vegfa Igf1 Nr4a1"
"GOBP_POSITIVE_REGULATION_OF_EPIDERMIS_DEVELOPMENT",1.319200990277,0.143962848297214,1,12,0.534367015486479,1,"Sult2b1"
"GOBP_POSITIVE_REGULATION_OF_EPITHELIAL_CELL_APOPTOTIC_PROCESS",-0.671341668778505,0.893560553149881,1,19,-0.284016685045175,1,"Ppargc1a"
"GOBP_POSITIVE_REGULATION_OF_EPITHELIAL_CELL_DIFFERENTIATION",1.10474833795064,0.291806958473625,1,23,0.375149417349309,4,"Sult2b1 Bmp6 Acvrl1 Rptor"
"GOBP_POSITIVE_REGULATION_OF_EPITHELIAL_CELL_MIGRATION",-0.765379165679613,0.82390828288033,1,36,-0.287852426134624,7,"Itga3 Scrib Hdac6 Jun Adam9 Prkce Vim"
"GOBP_POSITIVE_REGULATION_OF_EPITHELIAL_CELL_PROLIFERATION",-1.01198407266655,0.458579881656805,1,115,-0.326556612934718,39,"Esr1 Hmga2 Hmox1 Egfl7 Vegfa Igf1 Cxadr Nr4a1 Il18 Vhl Stxbp4 Iqgap3 Hdac6 Vegfc Egfr Jun Ang Kdm5b Dab2ip Tnf Mst1 Zfp580 Cdc25a Ecm1 Agap2 Mydgf Wdr48 Flt4 Cdk4 Srsf6 Ppp1r16b Prkd2 Aggf1 Hmgb2 Hras Glul Cflar Smo Btk"
"GOBP_POSITIVE_REGULATION_OF_EPITHELIAL_TO_MESENCHYMAL_TRANSITION",0.970763420520566,0.493879273955255,1,31,0.306542650308486,8,"Tgfb1i1 Ager Snai1 Acvr1 Kat8 Ptk2 Bcl9l Kdm1a"
"GOBP_POSITIVE_REGULATION_OF_ERAD_PATHWAY",-0.423466599079721,0.995762711864407,1,13,-0.193623327725707,13,"Ubqln2 Atxn3 Sgta Tmem67 Tmem259 Stub1 Bag6 Tmx1 Ubqln1 Rnft1 Bcap31 Rnf185 Herpud1"
"GOBP_POSITIVE_REGULATION_OF_ERBB_SIGNALING_PATHWAY",-1.21871609010081,0.214194825392337,1,18,-0.523316965566033,4,"Esr1 Plau Cnot9 Shkbp1"
"GOBP_POSITIVE_REGULATION_OF_ERK1_AND_ERK2_CASCADE",-1.20352237267704,0.152489741599202,1,108,-0.39047342896754,26,"Cd36 Ccl3 Esr1 Lrp1 Ntrk1 Vegfa Fgf20 Igf1 Ptpn22 Pde8b Card9 Pdgfrb Ccr1l1 Nqo2 Arrb1 Prkcz Ramp3 Egfr Jun Gpr55 Gcnt2 Havcr2 Pdgfc Ffar4 Ripk2 Akap12"
"GOBP_POSITIVE_REGULATION_OF_ERYTHROCYTE_DIFFERENTIATION",1.11230291387884,0.292228390166535,1,26,0.368199210646081,5,"Acvr1b Ankrd54 Hspa1b Kdm1a Fam210b"
"GOBP_POSITIVE_REGULATION_OF_ESTABLISHMENT_OF_PROTEIN_LOCALIZATION",-1.12921608267463,0.198001442258164,1,246,-0.345636061977769,39,"Uaca Ffar1 Itgam Kcnb1 Lrp1 Cd81 Trpm4 Cdk1 Brca1 Hyal2 Baiap3 Mief2 Igf1 Ptpn22 Blk Gpld1 Mcu Rapgefl1 Prkcq Kif20b Rasl2-9 Cep295 Cask Arrb1 Nnat Cep131 Prkcz Slc35d3 Bag3 Oaz2 Vegfc Wrap53 Egfr Ang C2cd2l Jup Tnf Nr1h2 Rab29"
"GOBP_POSITIVE_REGULATION_OF_EXCITATORY_POSTSYNAPTIC_POTENTIAL",1.05885779617489,0.358219669777459,1,20,0.373991518801497,5,"Cacnb3 Dlg4 Afdn App Ngfr"
"GOBP_POSITIVE_REGULATION_OF_EXECUTION_PHASE_OF_APOPTOSIS",0.687573276374868,0.88948069241012,1,16,0.25625,16,"Cxcr3 Zc3h12a Hspd1 Casp9 Tradd Bcl10 Ripk1 Trp53 Ndufa13 Pak2 Fadd Sirt2 Casp8 Rbm10 Tnfrsf1a Htra2"
"GOBP_POSITIVE_REGULATION_OF_EXOCYTOSIS",-1.18208817908292,0.211536169705637,1,61,-0.409930986012449,9,"Ncs1 Itgam Kcnb1 Hyal3 Sphk2 Stx1a Bcl2l1 Smpd3 Sdc1"
"GOBP_POSITIVE_REGULATION_OF_EXTRACELLULAR_MATRIX_ORGANIZATION",0.779754555191539,0.775757575757576,1,17,0.285892179476221,7,"Fscn1 Emilin1 Clasp2 Colgalt1 Tgfbr1 Rb1 Tgfb1"
"GOBP_POSITIVE_REGULATION_OF_EXTRINSIC_APOPTOTIC_SIGNALING_PATHWAY",-1.00607210037657,0.464497041420118,1,48,-0.361575906858785,5,"Atf3 Wdr35 Hyal2 Tnfrsf12a Trps1"
"GOBP_POSITIVE_REGULATION_OF_EXTRINSIC_APOPTOTIC_SIGNALING_PATHWAY_IN_ABSENCE_OF_LIGAND",-0.422310381933365,0.995456610631531,1,10,-0.204531737881569,2,"Ppp2r1b Htra2"
"GOBP_POSITIVE_REGULATION_OF_FATTY_ACID_BIOSYNTHETIC_PROCESS",0.796769797300336,0.743191893603547,1,13,0.315750748331148,2,"Anxa1 Kat2b"
"GOBP_POSITIVE_REGULATION_OF_FATTY_ACID_METABOLIC_PROCESS",-0.779747447789783,0.78212442271122,1,24,-0.314857569747758,2,"Ppargc1a Pla2g4a"
"GOBP_POSITIVE_REGULATION_OF_FATTY_ACID_OXIDATION",-0.99835338348543,0.491287655050207,1,12,-0.46363084241463,1,"Ppargc1a"
"GOBP_POSITIVE_REGULATION_OF_FAT_CELL_DIFFERENTIATION",-1.13532803202532,0.287546020058398,1,39,-0.421488084481791,9,"Lrp5 Trpm4 Rarres2 Igf1 Zbtb7b Zfp36 Cmklr1 Cebpb Ffar4"
"GOBP_POSITIVE_REGULATION_OF_FIBROBLAST_PROLIFERATION",-0.743324385729098,0.863940520446097,1,46,-0.268785799637366,9,"Esr1 Igf1 Pdgfrb Tgif1 Egfr Jun Cdkn1a E2f1 Pdgfc"
"GOBP_POSITIVE_REGULATION_OF_FOCAL_ADHESION_ASSEMBLY",-1.06749892991985,0.380080213903743,1,26,-0.424140677495507,7,"Vegfa Rab40c Tsc1 Cul5 Thy1 S100a10 Smad3"
"GOBP_POSITIVE_REGULATION_OF_G1_S_TRANSITION_OF_MITOTIC_CELL_CYCLE",-1.2825868196326,0.13211356466877,1,40,-0.473869783275695,16,"Stil Rrm2 Mblac1 Sass6 Ccne1 Tert Egfr Ccnd3 Lsm11 Cul4a Rgcc Ube2e2 Tfdp1 Rrm1 Larp7 Ddx3x"
"GOBP_POSITIVE_REGULATION_OF_GENE_EXPRESSION_EPIGENETIC",0.810105987079438,0.865990990990991,1,54,0.227440892500585,6,"Egr1 Apobec2 Tet1 Kat8 App Usp21"
"GOBP_POSITIVE_REGULATION_OF_GLIAL_CELL_DIFFERENTIATION",-0.973922753830418,0.510064412238325,1,25,-0.389813880309248,2,"Hes1 Clcn2"
"GOBP_POSITIVE_REGULATION_OF_GLIAL_CELL_PROLIFERATION",-1.04582778388589,0.420454545454545,1,20,-0.438017287160532,7,"Igf1 Plag1 Egfr Tnf E2f1 Vim Arrb2"
"GOBP_POSITIVE_REGULATION_OF_GLIOGENESIS",-0.942633227489552,0.563197026022305,1,46,-0.340855796849734,11,"Hes1 Clcn2 Igf1 Plag1 Egfr Tnf E2f1 Vim Sox8 Arrb2 Cxcr4"
"GOBP_POSITIVE_REGULATION_OF_GLUCONEOGENESIS",0.992592937186734,0.460531238309016,1,23,0.337063790239692,5,"Sirt6 Kat2b Kat2a Gpt Dgat2"
"GOBP_POSITIVE_REGULATION_OF_GLUCOSE_METABOLIC_PROCESS",-1.06014025549534,0.387221322705194,1,44,-0.386347539795186,5,"Cd36 Ppargc1a Igf1 Gpld1 Phka1"
"GOBP_POSITIVE_REGULATION_OF_GLYCOGEN_BIOSYNTHETIC_PROCESS",-1.27351648200629,0.179415239220319,1,12,-0.591415353669817,3,"Cd36 Igf1 Ppp1r3b"
"GOBP_POSITIVE_REGULATION_OF_GLYCOGEN_METABOLIC_PROCESS",-1.30544974670815,0.145904436860068,1,17,-0.566086564937329,4,"Cd36 Igf1 Phka1 Ppp1r3b"
"GOBP_POSITIVE_REGULATION_OF_GLYCOPROTEIN_METABOLIC_PROCESS",-1.22167854780986,0.216439135381115,1,17,-0.529760578169476,4,"Ccr7 Igf1 Il15 Pomt1"
"GOBP_POSITIVE_REGULATION_OF_GRANULOCYTE_CHEMOTAXIS",-1.301526648667,0.155172413793103,1,13,-0.595102238018896,2,"Ccr7 Mcu"
"GOBP_POSITIVE_REGULATION_OF_GROWTH",-0.895768123620472,0.725576983876067,1,181,-0.2794815174117,19,"Rag2 Lrp1 Hmga2 Agrn Bcl2 Vegfa Cdk1 Igf1 Tnfrsf12a Bbs4 Rnd2 Unc13a Trip10 Bbs2 Pls1 Cdkl5 Hlx Disc1 Egfr"
"GOBP_POSITIVE_REGULATION_OF_GTPASE_ACTIVITY",-0.874178782321947,0.712450255827175,1,88,-0.289669523146066,29,"Rasgrp1 Ntrk1 Mtss2 Rap1gap Scrib Tsc1 Bcar3 Tbc1d7 Evi5l Ccdc125 Thy1 Tiam1 Ezh2 Rangap1 Rgs1 Sgsm3 Mex3b S100a10 Snx13 Crkl Ptk2b Abr Ect2 Rcc2 Rap1gds1 Icam1 Ralgapa1 Epha2 Nedd9"
"GOBP_POSITIVE_REGULATION_OF_G_PROTEIN_COUPLED_RECEPTOR_SIGNALING_PATHWAY",-0.747023706229318,0.81310238860176,1,19,-0.316034601396702,6,"Pomc Lrrk2 Pkd2 Rgs2 Arrb2 Ece1"
"GOBP_POSITIVE_REGULATION_OF_HEART_GROWTH",-0.88223724916007,0.643982613420266,1,24,-0.356242366677646,3,"Cdk1 Igf1 Trip10"
"GOBP_POSITIVE_REGULATION_OF_HEMOPOIESIS",-1.04431822089396,0.392369991474851,1,154,-0.329178942045803,27,"Itgam Ccl3 Rasgrp1 Ccr7 Fos Lck Il15ra Dusp10 Il12a Il18 Rag1 Zbtb7b Ccr1l1 Ada Il15 Prkcz Sox12 Foxp3 Hlx Il2ra Jun Tnf Smarcc1 Nfkbid Ripk2 Phf10 Cd1d1"
"GOBP_POSITIVE_REGULATION_OF_HORMONE_METABOLIC_PROCESS",-0.917533313548339,0.584582765409662,1,10,-0.444376201042312,3,"Ppargc1a Igf1 Ctns"
"GOBP_POSITIVE_REGULATION_OF_HORMONE_SECRETION",-1.05237628094778,0.382878855610192,1,99,-0.344051117911942,12,"Ffar1 Lrp1 Sct Trpm4 Baiap3 Blk Gpld1 Mcu Cask Gabbr1 Arrb1 Nnat"
"GOBP_POSITIVE_REGULATION_OF_HYDROLASE_ACTIVITY",-0.824196088365149,0.801651048639,1,103,-0.268541363246661,31,"Rasgrp1 Ntrk1 Mtss2 Rap1gap Scrib Tsc1 Bcar3 Tbc1d7 Evi5l Ccdc125 Thy1 Tiam1 Ezh2 Rangap1 Rgs1 Akirin2 Sgsm3 Mex3b S100a10 Smad3 Snx13 Crkl Ptk2b Abr Ect2 Rcc2 Rap1gds1 Icam1 Ralgapa1 Epha2 Nedd9"
"GOBP_POSITIVE_REGULATION_OF_IMMUNE_EFFECTOR_PROCESS",-1.08452295539865,0.301609001998107,1,185,-0.337812040000999,27,"Clnk Itgam Cd36 Rasgrp1 Ccr7 Cd81 Shld3 Pomc Ptpn22 H2-Q2 Il12a Cd40 Il18 Nectin2 Lilrb4a Cd86 Prkcz Tnfrsf4 Sphk2 Foxp3 Pagr1a Hlx Ddx60 Cd55 Ulbp1 Fzd5 Tnf"
"GOBP_POSITIVE_REGULATION_OF_IMMUNOGLOBULIN_PRODUCTION",-0.933097866058386,0.582121099092378,1,45,-0.338830145453437,21,"Shld3 Cd40 Cd86 Tnfrsf4 Pagr1a Tnf Paxip1 Dnajb9 Hmces Btk Galnt2 Msh2 Kmt5b Stat6 Foxp1 Sash3 Clcf1 Nsd2 Exosc3 Xbp1 Kmt5c"
"GOBP_POSITIVE_REGULATION_OF_INSULIN_SECRETION",-1.16158692223463,0.23439326630816,1,69,-0.395842826482723,10,"Ffar1 Lrp1 Trpm4 Baiap3 Blk Gpld1 Mcu Cask Arrb1 Nnat"
"GOBP_POSITIVE_REGULATION_OF_INSULIN_SECRETION_INVOLVED_IN_CELLULAR_RESPONSE_TO_GLUCOSE_STIMULUS",-1.06928064675205,0.376916140667268,1,36,-0.402147121568268,5,"Lrp1 Trpm4 Baiap3 Gpld1 Arrb1"
"GOBP_POSITIVE_REGULATION_OF_INTERFERON_ALPHA_PRODUCTION",-0.606905038355813,0.950607176968209,1,23,-0.247321853847647,8,"Ptpn22 Irf3 Ddx3x Chuk Hmgb1 Zc3hav1 Dhx9 Tbk1"
"GOBP_POSITIVE_REGULATION_OF_INTERFERON_BETA_PRODUCTION",-0.899426918206611,0.626498422712934,1,40,-0.332305955650613,11,"Oas1c Oas1a Ptpn22 Polr3d Polr3b Irf3 Isg15 Trim56 Ddx3x Hmgb2 Polr3f"
"GOBP_POSITIVE_REGULATION_OF_INTERLEUKIN_10_PRODUCTION",1.24595176952825,0.144524959742351,1,27,0.408944254064105,6,"Tigit Ptger4 Cd274 Cd46 Nod2 Bcl3"
"GOBP_POSITIVE_REGULATION_OF_INTERLEUKIN_12_PRODUCTION",-1.07916148653327,0.366298923036512,1,30,-0.417421703730865,3,"Cd36 Ccr7 Cd40"
"GOBP_POSITIVE_REGULATION_OF_INTERLEUKIN_17_PRODUCTION",-1.32306370962042,0.126274619360246,1,19,-0.559733123066345,5,"Card9 Il18 Prkcq Zbtb7b Il15"
"GOBP_POSITIVE_REGULATION_OF_INTERLEUKIN_1_BETA_PRODUCTION",-0.996544552844594,0.478233438485804,1,40,-0.368187434996652,5,"Cd36 Ccl3 Ccr7 Casp4 Usp50"
"GOBP_POSITIVE_REGULATION_OF_INTERLEUKIN_1_PRODUCTION",-0.991647922749644,0.485823471400395,1,48,-0.356391949263504,9,"Cd36 Ccl3 Ccr7 Casp4 Usp50 Nlrp10 Fzd5 Tnf Havcr2"
"GOBP_POSITIVE_REGULATION_OF_INTERLEUKIN_2_PRODUCTION",-0.98856774312833,0.489715708109524,1,31,-0.380561576000414,10,"Pnp2 Prkcq Pde4d Pde4b Glmn Ripk2 Cd1d1 Runx1 Prkd2 Traf2"
"GOBP_POSITIVE_REGULATION_OF_INTERLEUKIN_6_PRODUCTION",-0.91636651840826,0.621857541899441,1,72,-0.310884652836198,9,"Pou2af1 Cd36 Hyal2 Il1rap Vegfd Card9 Nlrp10 Sphk2 Rab7b"
"GOBP_POSITIVE_REGULATION_OF_INTERLEUKIN_8_PRODUCTION",-0.945434775742419,0.553095053095053,1,34,-0.3583963875804,6,"Cd2 Hyal2 Il18 Cd14 Nlrp10 Ddit3"
"GOBP_POSITIVE_REGULATION_OF_INTRACELLULAR_ESTROGEN_RECEPTOR_SIGNALING_PATHWAY",-0.783193557228201,0.758749626084355,1,11,-0.371938657245981,2,"Hdac6 Pagr1a"
"GOBP_POSITIVE_REGULATION_OF_INTRACELLULAR_PROTEIN_TRANSPORT",-1.22351101914791,0.144400227401933,1,88,-0.405424909237854,13,"Uaca Cd81 Cdk1 Brca1 Hyal2 Ptpn22 Prkcq Kif20b Rasl2-9 Cep131 Slc35d3 Bag3 Oaz2"
"GOBP_POSITIVE_REGULATION_OF_INTRACELLULAR_STEROID_HORMONE_RECEPTOR_SIGNALING_PATHWAY",-0.951818236582707,0.542804323094426,1,17,-0.412740143655847,3,"Psmc3ip Hdac6 Pagr1a"
"GOBP_POSITIVE_REGULATION_OF_INTRACELLULAR_TRANSPORT",-1.00683835448187,0.472572921201567,1,121,-0.323586683817305,21,"Uaca Cd81 Cdk1 Brca1 Hyal2 Ptpn22 Prkcq Kif20b Rasl2-9 Cep131 Slc35d3 Bag3 Actn2 Oaz2 Nrde2 Jup Rab29 Ehd1 Mtmr2 Flna Tm9sf4"
"GOBP_POSITIVE_REGULATION_OF_INTRINSIC_APOPTOTIC_SIGNALING_PATHWAY",-1.24316381638792,0.14903728978796,1,52,-0.441364730798422,7,"S100a8 Lck Siah1b Nck2 Siah1a S100a9 Ddit3"
"GOBP_POSITIVE_REGULATION_OF_ISOTYPE_SWITCHING",-1.08606410954579,0.359366612989801,1,25,-0.434698607401433,12,"Shld3 Cd40 Pagr1a Paxip1 Hmces Msh2 Kmt5b Stat6 Clcf1 Nsd2 Exosc3 Kmt5c"
"GOBP_POSITIVE_REGULATION_OF_ISOTYPE_SWITCHING_TO_IGG_ISOTYPES",-1.04182806352796,0.439800090867787,1,10,-0.504574155699507,4,"Cd40 Pagr1a Paxip1 Msh2"
"GOBP_POSITIVE_REGULATION_OF_JNK_CASCADE",0.855931867332857,0.836626139817629,1,80,0.224236217598301,18,"Nod1 Mturn Mapk8ip1 Ager Ltbr Map2k4 App Naip1 Nod2 Unc5cl Map3k5 Mink1 Dusp19 Rnf13 Tirap Fgd4 Tnfrsf11a Tnik"
"GOBP_POSITIVE_REGULATION_OF_JUN_KINASE_ACTIVITY",0.938359796654145,0.548627450980392,1,25,0.313587023464609,3,"Arhgef5 Magi3 Ager"
"GOBP_POSITIVE_REGULATION_OF_KINASE_ACTIVITY",-0.937040001128516,0.624438262358228,1,146,-0.296473202267996,30,"Rasgrp1 Hmga2 Stil Camkk1 Tom1l1 Igf1 Tab1 Prlr Pdgfrb Cdc25b Cenpe Prkcz Mrnip Vegfc Cass4 Lmo4 Irgm2 Fzd5 Cdkn1a Tnf Map3k4 Rassf2 Pdgfc Tiam1 Ezh2 Tpx2 Tigar Abi2 Agap2 Kit"
"GOBP_POSITIVE_REGULATION_OF_LAMELLIPODIUM_ASSEMBLY",0.959014542746444,0.514777403666293,1,23,0.325661270157003,2,"Nckap1 Fscn1"
"GOBP_POSITIVE_REGULATION_OF_LAMELLIPODIUM_ORGANIZATION",0.949607738426584,0.539021431459765,1,28,0.307153373437097,2,"Nckap1 Fscn1"
"GOBP_POSITIVE_REGULATION_OF_LEUKOCYTE_ADHESION_TO_VASCULAR_ENDOTHELIAL_CELL",-0.662818902307425,0.900824137449364,1,19,-0.280411057697577,1,"Fut7"
"GOBP_POSITIVE_REGULATION_OF_LEUKOCYTE_APOPTOTIC_PROCESS",0.88592084395682,0.623503808487486,1,21,0.308334224226156,3,"Anxa1 Cd274 Ido1"
"GOBP_POSITIVE_REGULATION_OF_LEUKOCYTE_CELL_CELL_ADHESION",-1.16695155742896,0.150417536534447,1,201,-0.361259599888973,39,"Rasgrp1 Fut7 Cd6 Ccr7 Hes1 H2-Eb2 Cd81 Lck Igf1 Tnfrsf13c Ephb6 Ptpn22 Dusp10 Nck2 Cd59a Il12a Il18 Prkcq Rag1 Zbtb7b Ada Cd86 Il15 Prkcz Cd59b Sox12 Foxp3 Hlx Il2ra H2-Ob Cd55 Tnf Thy1 Havcr2 Smarcc1 Nfkbid Ripk2 Phf10 Cd1d1"
"GOBP_POSITIVE_REGULATION_OF_LEUKOCYTE_CHEMOTAXIS",-1.15561212081012,0.250244618395303,1,51,-0.411326218808546,8,"Ccl3 Ccr7 Vegfa Rarres2 Vegfd Il12a Mcu Ccr1l1"
"GOBP_POSITIVE_REGULATION_OF_LEUKOCYTE_DEGRANULATION",-0.950225490513206,0.544747631839389,1,18,-0.408027041193599,2,"Itgam Sphk2"
"GOBP_POSITIVE_REGULATION_OF_LEUKOCYTE_MEDIATED_IMMUNITY",-1.21016272822344,0.139122826205841,1,116,-0.390149781146574,18,"Clnk Itgam Rasgrp1 Cd81 Shld3 Pomc H2-Q2 Il12a Cd40 Il18 Nectin2 Prkcz Foxp3 Pagr1a Cd55 Ulbp1 Fzd5 Tnf"
"GOBP_POSITIVE_REGULATION_OF_LEUKOCYTE_MIGRATION",-0.991322044895038,0.487549744172825,1,87,-0.328694718407499,11,"Ccl3 Fut7 Ccr7 Vegfa Rarres2 Cd99l2 Vegfd Il12a Mcu Plvap Ccr1l1"
"GOBP_POSITIVE_REGULATION_OF_LIPID_BIOSYNTHETIC_PROCESS",-0.73612380574081,0.899707773232028,1,70,-0.250775301979938,9,"Ppargc1a Igf1 Pla2g4a Gpld1 Stard4 Sphk2 Smpd3 Tnf Nr1h2"
"GOBP_POSITIVE_REGULATION_OF_LIPID_CATABOLIC_PROCESS",-0.995084115235474,0.489097472924188,1,15,-0.443238218920552,2,"Sct Daglb"
"GOBP_POSITIVE_REGULATION_OF_LIPID_LOCALIZATION",-0.990644258937076,0.491118578972636,1,58,-0.346048557380916,5,"Cd36 Lrp1 Abca1 Pla2g4a Abcb4"
"GOBP_POSITIVE_REGULATION_OF_LIPID_METABOLIC_PROCESS",-0.979896093301377,0.510466439135381,1,85,-0.325591329879875,12,"Cd36 Ppargc1a Sct Igf1 Pla2g4a Gpld1 Stard4 Daglb Sphk2 Smpd3 Tnf Nr1h2"
"GOBP_POSITIVE_REGULATION_OF_LIPID_STORAGE",-1.0037009895601,0.483343074225599,1,13,-0.458926220066831,4,"Cd36 Nr1h2 Ehd1 Ikbke"
"GOBP_POSITIVE_REGULATION_OF_LIPID_TRANSPORT",-0.879743689020537,0.66522491349481,1,47,-0.31711412284133,4,"Lrp1 Abca1 Pla2g4a Abcb4"
"GOBP_POSITIVE_REGULATION_OF_LIPOPOLYSACCHARIDE_MEDIATED_SIGNALING_PATHWAY",0.806098896517258,0.716681376875552,1,10,0.342846272900952,4,"Ly96 Bmp6 Cd180 Scimp"
"GOBP_POSITIVE_REGULATION_OF_LOCOMOTION",-0.903947906187778,0.768958543983822,1,368,-0.27192823954197,60,"Sema6d Ccl3 Ccl4 Lrp1 Epha1 Itga3 Fut7 Hmox1 Itga5 Ccr7 Bcl2 Tac4 Vegfa Rarres2 Hdac4 Cd99l2 Igf1 Vegfd Gpld1 Wdr62 Il12a Cd40 Mcu Il18 Angpt4 Pdgfrb Kif20b Pde4d Plvap Plau Ccr1l1 Tert Ccl6 Scrib Hdac6 Sema4a Vegfc Cass4 Lrrc15 Egfr Jun Tbc1d24 Cmklr1 Dab2ip Elp6 Synpo2 Gcnt2 Thy1 Pdgfc Hdac7 Adam9 Tiam1 Ptp4a1 Acp5 Zfp580 Arhgef39 Prkce Ezh2 Flna Akap12"
"GOBP_POSITIVE_REGULATION_OF_LONG_TERM_SYNAPTIC_POTENTIATION",-0.943396325692444,0.557107522188273,1,14,-0.425484597223505,1,"Nrgn"
"GOBP_POSITIVE_REGULATION_OF_LYMPHOCYTE_ACTIVATION",-1.1574888276326,0.14586976648493,1,252,-0.353893489854809,50,"Rasgrp1 Chrnb2 Cd6 Ccr7 Hes1 H2-Eb2 Bcl2 Cd81 Lck Igf1 Tnfrsf13c Ephb6 Il15ra Shld3 Ptpn22 Dusp10 Nck2 Cd59a Prlr Il12a Cd40 Il18 Prkcq Rag1 Zbtb7b Ada Cd86 Il15 Prkcz Cd59b Tnfrsf4 Sox12 Foxp3 Pagr1a Hlx Il2ra H2-Ob Cd55 Bst1 Ulbp1 Cdkn1a Zfp335 Thy1 Havcr2 Smarcc1 Nfkbid Paxip1 Ripk2 Phf10 Cd1d1"
"GOBP_POSITIVE_REGULATION_OF_LYMPHOCYTE_APOPTOTIC_PROCESS",-0.669684123708718,0.87640283520378,1,12,-0.310998309379003,1,"Zc3h8"
"GOBP_POSITIVE_REGULATION_OF_LYMPHOCYTE_DIFFERENTIATION",-1.0620703639773,0.359283423642596,1,110,-0.344234778452945,22,"Rasgrp1 Ccr7 Lck Il15ra Dusp10 Il12a Il18 Rag1 Zbtb7b Ada Il15 Prkcz Sox12 Foxp3 Hlx Il2ra Smarcc1 Nfkbid Ripk2 Phf10 Cd1d1 Runx1"
"GOBP_POSITIVE_REGULATION_OF_LYMPHOCYTE_MIGRATION",-1.13880210302096,0.293828145783453,1,27,-0.448909285640735,3,"Ccl3 Ccr7 Cd99l2"
"GOBP_POSITIVE_REGULATION_OF_MACROAUTOPHAGY",-0.787247853245372,0.845955056179775,1,94,-0.258764340759801,15,"Wipi1 Hmox1 Chek2 Snx7 Hk2 Tsc1 Bag3 Hdac6 Cers1 Irgm2 Ripk2 Atg2a Gpsm1 Trim13 Zdhhc19"
"GOBP_POSITIVE_REGULATION_OF_MACROPHAGE_ACTIVATION",-1.08775326169039,0.368160610773363,1,18,-0.467081497336499,7,"Pla2g4a Lrrk2 Ulbp1 Havcr2 Kcnn4 Cd1d1 Jund"
"GOBP_POSITIVE_REGULATION_OF_MACROPHAGE_DIFFERENTIATION",1.0465707593929,0.395355850422195,1,11,0.433175573921722,6,"Csf1 Rb1 Hcls1 Tgfb1 Prkca Id2"
"GOBP_POSITIVE_REGULATION_OF_MACROPHAGE_MIGRATION",1.01148633423377,0.436880792585491,1,14,0.392197173330318,6,"Csf1 Mmp14 Cx3cr1 Ptprj P2ry12 Ptk2"
"GOBP_POSITIVE_REGULATION_OF_MAPK_CASCADE",-1.08933330949542,0.265470486288103,1,294,-0.330814631227718,65,"Cd36 Ccl3 Rasgrp1 Esr1 Lrp1 Gadd45g Bank1 Ccr7 Ntrk1 Cd81 Vegfa Fgf20 Ksr2 Lck Igf1 Il1rap Ptpn22 Pde8b Tab1 Card9 Dok4 Cd40 Pdgfrb Lrrk2 Ccr1l1 Nqo2 Arrb1 Rell2 Prkcz Ramp3 Iqgap3 Nmnat1 Cdon Bcar3 Egfr Jun Gpr55 Fzd5 Dab2ip Tnf Gcnt2 Havcr2 Map3k4 Rassf2 Pdgfc Adam9 Mbip Tiam1 Dhx33 Osm Ffar4 Dusp22 Mapkbp1 Prkce Ripk2 Ezh2 Gsdme Kcnn4 Akap12 Lmnb1 Adra1b Kit Trim5 Eif2ak2 Mydgf"
"GOBP_POSITIVE_REGULATION_OF_MAP_KINASE_ACTIVITY",-0.807776283646384,0.780400395452299,1,47,-0.291172611793039,13,"Rasgrp1 Tab1 Pdgfrb Fzd5 Tnf Map3k4 Tiam1 Ezh2 Kit Map4k2 Traf2 Ptk2b Vangl2"
"GOBP_POSITIVE_REGULATION_OF_MAST_CELL_DEGRANULATION",1.0408298641346,0.401990349819059,1,11,0.430799417722039,3,"Stxbp1 Adora2b Pld2"
"GOBP_POSITIVE_REGULATION_OF_MEIOTIC_CELL_CYCLE",-0.98474535347796,0.501706484641638,1,17,-0.427018440115382,5,"Lfng Cdc25b Prdm9 Rad51ap1 Cdc25a"
"GOBP_POSITIVE_REGULATION_OF_MEIOTIC_NUCLEAR_DIVISION",-0.831853719302699,0.697107375435408,1,10,-0.402880189905144,2,"Prdm9 Rad51ap1"
"GOBP_POSITIVE_REGULATION_OF_MEMBRANE_DEPOLARIZATION",-0.99959138786158,0.48459467544122,1,11,-0.47470599721437,2,"Trpm4 Rangrf"
"GOBP_POSITIVE_REGULATION_OF_MEMBRANE_PERMEABILITY",0.741347800153069,0.91104426299957,1,33,0.230716929255233,6,"Mpv17l Rhot1 Acaa2 Slc35f6 Ier3 Mul1"
"GOBP_POSITIVE_REGULATION_OF_MEMBRANE_POTENTIAL",-0.576273519944613,0.962172923777019,1,17,-0.249891424922633,3,"Mfn1 Ctns Nnt"
"GOBP_POSITIVE_REGULATION_OF_MESENCHYMAL_CELL_PROLIFERATION",-1.24531121373367,0.197199199771363,1,16,-0.545984376508255,2,"Lrp5 Vegfa"
"GOBP_POSITIVE_REGULATION_OF_METAPHASE_ANAPHASE_TRANSITION_OF_CELL_CYCLE",-0.619921529129614,0.933409545584453,1,16,-0.271793480885063,2,"Ska3 Cenpe"
"GOBP_POSITIVE_REGULATION_OF_MICROTUBULE_POLYMERIZATION_OR_DEPOLYMERIZATION",0.924620135696711,0.581479983825313,1,28,0.299071060960049,6,"Met Cdk5rap2 Pak1 Arl2 Apc Hspa1b"
"GOBP_POSITIVE_REGULATION_OF_MIRNA_METABOLIC_PROCESS",-0.87365246794382,0.666372239747634,1,40,-0.322783221615675,14,"Fos Tert Mrtfb Egfr Jun Pnpt1 Tnf Nr1h2 Gnl3 Smad3 Zswim8 Nr3c1 Hras Spi1"
"GOBP_POSITIVE_REGULATION_OF_MITOCHONDRIAL_FISSION",-0.699900207477839,0.868875086266391,1,21,-0.290684061420279,4,"Mief2 Mcu Irgm2 Ddhd2"
"GOBP_POSITIVE_REGULATION_OF_MITOCHONDRIAL_MEMBRANE_PERMEABILITY",0.742243399897003,0.890284757118928,1,30,0.236126880507272,6,"Mpv17l Rhot1 Acaa2 Slc35f6 Ier3 Mul1"
"GOBP_POSITIVE_REGULATION_OF_MITOCHONDRIAL_MEMBRANE_POTENTIAL",-0.781807863863612,0.754529514903565,1,13,-0.357469138232792,4,"Mfn1 Ctns Nnt Gsk3b"
"GOBP_POSITIVE_REGULATION_OF_MITOCHONDRIAL_TRANSLATION",-0.725829496926867,0.828665332952272,1,16,-0.318226930714582,8,"Trmt10c Rpusd3 Mettl8 Ddx3x Coa3 Uqcc2 Trub2 Rpusd4"
"GOBP_POSITIVE_REGULATION_OF_MITOTIC_CELL_CYCLE",-1.19943980938408,0.156001765225066,1,111,-0.38841991549304,35,"Stil Rad51c Hes1 Rrm2 Mblac1 Ccdc57 Cdk1 Ska3 Sass6 Ccne1 Dtl Hspa2 Cdc25b Ttl Tert Cenpe Usp2 Birc5 Egfr Ccnd3 Lsm11 Cul4a Cdc25a Rgcc Lmnb1 Ska1 Cdc7 Ube2e2 Tfdp1 Cdk4 Rad51b Rrm1 Larp7 Ddx3x Klhl18"
"GOBP_POSITIVE_REGULATION_OF_MITOTIC_NUCLEAR_DIVISION",-0.89911870039267,0.624722621067746,1,32,-0.34418038206807,10,"Lrp5 Ska3 Igf1 Pdgfrb Nusap1 Cenpe Smpd3 Tnf Nup62 Ska1"
"GOBP_POSITIVE_REGULATION_OF_MITOTIC_SISTER_CHROMATID_SEPARATION",-1.05009095873739,0.414079822616408,1,20,-0.439802805112833,7,"Ska3 Aurkb Cenpe Incenp Birc5 Cdca8 Ska1"
"GOBP_POSITIVE_REGULATION_OF_MOLECULAR_FUNCTION",-0.935409588737016,0.705208123868892,1,441,-0.279718600745541,84,"Nr4a2 Rasgrp1 Esr1 Hmga2 Dscc1 Stil Agrn Kcnk3 Hes1 Bcl2 Ntrk1 Ehd3 Camkk1 Setmar Tom1l1 Clcn2 Igf1 Il1rap Stac3 Mtss2 Rap1gap Tab1 Cnksr3 Card9 Prlr Il18 Prkcq Pdgfrb Cdc25b Rhebl1 S100a1 Chtf18 Scrib Cenpe Prkcz Tsc1 Stac2 Mrnip Vegfc Rab7b Cass4 Cacng8 Bcar3 Tbc1d7 Lmo4 Lrrfip2 Irgm2 Fzd5 Evi5l Cdkn1a Tnf Ccdc125 Thy1 Ddx11 Map3k4 Rassf2 Pdgfc Tiam1 Rfc4 Camk2a Dhx33 Ripk2 Ezh2 Tpx2 Dph3 Erc1 Rangap1 Rgs1 Ssbp1 Tigar Abi2 Gpsm1 Agap2 Kit Trim5 Eif2ak2 Akirin2 Sgsm3 Cdc14b Map4k2 Mex3b S100a10 Sesn2 Smad3"
"GOBP_POSITIVE_REGULATION_OF_MONOCYTE_CHEMOTACTIC_PROTEIN_1_PRODUCTION",1.01056203695163,0.438070020594292,1,10,0.429807594826104,5,"Oas3 Ager Mcoln2 Nod2 Cd84"
"GOBP_POSITIVE_REGULATION_OF_MONOCYTE_CHEMOTAXIS",1.21456406017677,0.232207478890229,1,11,0.50270799094078,4,"Aif1 Cx3cr1 App Ccr2"
"GOBP_POSITIVE_REGULATION_OF_MONONUCLEAR_CELL_MIGRATION",-0.852583571297251,0.716803476581362,1,56,-0.299235019080253,6,"Ccl3 Ccr7 Rarres2 Cd99l2 Il12a Ccr1l1"
"GOBP_POSITIVE_REGULATION_OF_MORPHOGENESIS_OF_AN_EPITHELIUM",1.1756909253666,0.261557948068398,1,13,0.465912853057999,3,"Egf Sirt6 Stox1"
"GOBP_POSITIVE_REGULATION_OF_MRNA_CATABOLIC_PROCESS",-0.791398308649182,0.844962979582679,1,97,-0.259374443370743,40,"Tent4a Zfp36 Pnpt1 Zc3h12c Cul4a Pum1 Zc3h12d Mov10 Eif4enif1 Tent4b Dcp1a Helz Cnot6 Dcp2 Senp1 Pde12 Dnd1 Ythdf1 Zc3h12b Zfp36l2 Ago2 Pias4 Gigyf2 Mettl14 Samd4b Fxr1 Alkbh5 Cnot7 Ythdf3 Mettl3 Cnot8 Elavl1 Rc3h2 Zc3hav1 Paip1 Patl1 Plekhn1 Dhx9 Nanos3 Gtpbp1"
"GOBP_POSITIVE_REGULATION_OF_MRNA_METABOLIC_PROCESS",-0.817827594586226,0.829170286707211,1,125,-0.262313532167764,62,"Celf4 Tent4a Zfp36 Pnpt1 Zfp64 Zc3h12c Cul4a Pum1 Zc3h12d Mov10 Eif4enif1 Tent4b Dcp1a Helz Cnot6 Dcp2 Senp1 Pde12 Dnd1 Ythdf1 Upf3a Rbmxl1 Prdx6 Zc3h12b Zfp36l2 Ago2 Pias4 Gigyf2 Mettl14 Samd4b Fxr1 Alkbh5 Snw1 Prpf19 Cnot7 Ythdf3 Mettl3 Cnot8 Elavl1 Rc3h2 Zc3hav1 Paip1 Wdr77 Patl1 Plekhn1 Dhx9 Nanos3 Gtpbp1 Tob1 Mapk8 Tnrc6b Nup98 Prmt5 Khnyn Rbx1 Eif1 Eif4a3 Noct Dhx36 Tra2b Rc3h1 Dazap1"
"GOBP_POSITIVE_REGULATION_OF_MRNA_PROCESSING",-0.940314284788232,0.557534969648984,1,29,-0.365753562380829,20,"Celf4 Zfp64 Upf3a Rbmxl1 Prdx6 Snw1 Prpf19 Wdr77 Nup98 Prmt5 Eif1 Eif4a3 Dhx36 Tra2b Dazap1 Thrap3 Slirp Ncbp1 Cdc73 Upf3b"
"GOBP_POSITIVE_REGULATION_OF_MULTICELLULAR_ORGANISM_GROWTH",-1.21810402182179,0.214588171014889,1,22,-0.500456407867827,5,"Hmga2 Bcl2 Bbs4 Bbs2 Pls1"
"GOBP_POSITIVE_REGULATION_OF_MUSCLE_CELL_APOPTOTIC_PROCESS",-0.666076902584089,0.923752128913926,1,31,-0.256414674206064,14,"Il12a Camk2a Tigar Hmgcr Fbxo32 Atf4 Grk2 Tlr2 Rbm10 E2f3 Zfas1 Mapk8 Mff Bag1"
"GOBP_POSITIVE_REGULATION_OF_MUSCLE_CELL_DIFFERENTIATION",0.897578221669897,0.66092245311708,1,44,0.263318885108004,4,"Tshz3 Lamb2 Smyd1 Mmp14"
"GOBP_POSITIVE_REGULATION_OF_MUSCLE_CONTRACTION",-1.20267485578079,0.234357224118316,1,17,-0.521519943270288,6,"Lck Cacnb2 Ada Gsto1 Rgs2 Kit"
"GOBP_POSITIVE_REGULATION_OF_MUSCLE_HYPERTROPHY",-0.503684581040403,0.994657980456026,1,33,-0.192085642866002,2,"Igf1 Trip10"
"GOBP_POSITIVE_REGULATION_OF_MUSCLE_ORGAN_DEVELOPMENT",-1.28361452721104,0.171537112799532,1,13,-0.586912207044866,6,"Bcl2 Usp2 Cdon Mrtfb Hmgcr Mtm1"
"GOBP_POSITIVE_REGULATION_OF_MYELINATION",-1.03652142493671,0.442869666861484,1,13,-0.473932839074881,3,"Igf1 Tppp Pard3"
"GOBP_POSITIVE_REGULATION_OF_MYELOID_CELL_DIFFERENTIATION",-0.656646935933436,0.970965876229034,1,78,-0.220762856270964,3,"Itgam Ccl3 Fos"
"GOBP_POSITIVE_REGULATION_OF_MYELOID_LEUKOCYTE_CYTOKINE_PRODUCTION_INVOLVED_IN_IMMUNE_RESPONSE",-1.13015444234968,0.318543799772469,1,17,-0.490072672449965,1,"Cd36"
"GOBP_POSITIVE_REGULATION_OF_MYELOID_LEUKOCYTE_DIFFERENTIATION",-0.933752577597347,0.577607513593673,1,47,-0.336582271962967,4,"Itgam Ccl3 Fos Ccr1l1"
"GOBP_POSITIVE_REGULATION_OF_MYELOID_LEUKOCYTE_MEDIATED_IMMUNITY",-1.28683668181459,0.160836177474403,1,17,-0.558015318996903,2,"Itgam Pomc"
"GOBP_POSITIVE_REGULATION_OF_MYOBLAST_DIFFERENTIATION",0.910072471307009,0.620247757368646,1,32,0.285200269232124,3,"Smyd1 Lrrc8a Zfhx3"
"GOBP_POSITIVE_REGULATION_OF_NATURAL_KILLER_CELL_ACTIVATION",-1.20289158036875,0.231984478935698,1,20,-0.503799301280422,6,"Rasgrp1 Il15ra Il12a Il18 Il15 Ulbp1"
"GOBP_POSITIVE_REGULATION_OF_NATURAL_KILLER_CELL_MEDIATED_IMMUNITY",-1.2897943007191,0.144652406417112,1,26,-0.512463491254194,4,"Clnk Rasgrp1 Il12a Nectin2"
"GOBP_POSITIVE_REGULATION_OF_NERVOUS_SYSTEM_DEVELOPMENT",-1.00141084192232,0.487000831946755,1,208,-0.309378902675233,40,"Lrp1 Agrn Hes1 Ntrk1 Vegfa Mapre3 Clcn2 Igf1 Adgrl1 Tnfrsf12a Il1rap Rnd2 Wdr62 Xrcc2 Ell3 Tiam2 Cask Lrrc24 Stau2 Adgrl4 Metrn Itpka Plag1 Mfn1 Khdc3 Xrcc5 Hdac6 Fbxw8 Cdkl5 Sema4a Vegfc Disc1 Lrrc15 Egfr Tbc1d24 Ss18l1 Tnf Zfp335 Bhlhb9 E2f1"
"GOBP_POSITIVE_REGULATION_OF_NERVOUS_SYSTEM_PROCESS",-1.01176803470526,0.462321504312173,1,18,-0.43445342363115,4,"Tac4 Igf1 Tppp Pard3"
"GOBP_POSITIVE_REGULATION_OF_NEURAL_PRECURSOR_CELL_PROLIFERATION",-1.016102538516,0.448102246320682,1,35,-0.383745283451325,13,"Vegfa Adgrg1 Igf1 Wdr62 Cip2a Ell3 Vegfc Cdon Disc1 Zfp335 Flna Hdac5 Aspm"
"GOBP_POSITIVE_REGULATION_OF_NEUROBLAST_PROLIFERATION",-0.956719963907361,0.539502400698385,1,14,-0.43149373960093,5,"Vegfa Wdr62 Vegfc Disc1 Zfp335"
"GOBP_POSITIVE_REGULATION_OF_NEUROGENESIS",-0.82630331863918,0.85242982823628,1,190,-0.256762294880226,32,"Lrp1 Hes1 Vegfa Mapre3 Clcn2 Igf1 Tnfrsf12a Rnd2 Wdr62 Xrcc2 Ell3 Tiam2 Cask Stau2 Metrn Itpka Plag1 Mfn1 Khdc3 Xrcc5 Hdac6 Fbxw8 Cdkl5 Vegfc Disc1 Egfr Tbc1d24 Ss18l1 Tnf Zfp335 Bhlhb9 E2f1"
"GOBP_POSITIVE_REGULATION_OF_NEUROINFLAMMATORY_RESPONSE",-1.04757532766469,0.433590792064213,1,10,-0.507357648533779,3,"Lrrk2 Ccr1l1 Kcnn4"
"GOBP_POSITIVE_REGULATION_OF_NEURON_APOPTOTIC_PROCESS",-1.10569490973851,0.307010381430071,1,71,-0.375927564494304,26,"Mybl2 Ccl3 Agrn Hdac4 Casp4 Il18 Nqo2 Ddit3 Jun Grik5 Tnf Pmaip1 Casp7 Aimp2 Bace1 Cdc34 Nr3c1 Cflar Optn Gsk3b Tnfrsf1a Atf4 Casp2 Bcl2l11 Mtor Ncf2"
"GOBP_POSITIVE_REGULATION_OF_NEURON_MIGRATION",0.811730415716226,0.729693741677763,1,16,0.302521820109072,3,"Shtn1 Nsmf Arhgap32"
"GOBP_POSITIVE_REGULATION_OF_NEURON_PROJECTION_DEVELOPMENT",-0.741657200228515,0.932406417112299,1,145,-0.234731817363564,30,"Ptk7 Lrp1 Itga3 Ntrk1 Mapre3 Tenm3 S100a9 Cask Stau2 Itpka Mfn1 Negr1 Khdc3 Disc1 Serpini1 Washc5 Dab2ip Bhlhb9 Ehd1 Rgs2 Tiam1 Ezh2 Flna Ppp2r5d Enc1 Serpinf1 Rrn3 Ankrd27 Kif3c Ddx56"
"GOBP_POSITIVE_REGULATION_OF_NEURON_PROJECTION_REGENERATION",-1.0777046737292,0.400121157049826,1,10,-0.52194977739312,1,"Lrp1"
"GOBP_POSITIVE_REGULATION_OF_NEUROTRANSMITTER_SECRETION",-0.965793742167646,0.523032490974729,1,15,-0.430191469815296,4,"Baiap3 Unc13a Stx1a Bcl2l1"
"GOBP_POSITIVE_REGULATION_OF_NEUROTRANSMITTER_TRANSPORT",-1.07707850931808,0.380885055846176,1,18,-0.462497756246165,5,"Baiap3 Nat8l Unc13a Stx1a Bcl2l1"
"GOBP_POSITIVE_REGULATION_OF_NF_KAPPAB_TRANSCRIPTION_FACTOR_ACTIVITY",-0.732525919749955,0.906720741599073,1,76,-0.247028172671915,16,"Ntrk1 Il1rap Card9 Il18 Prkcq Rhebl1 Prkcz Rab7b Lrrfip2 Tnf Camk2a Dhx33 Ripk2 Erc1 Trim5 Eif2ak2"
"GOBP_POSITIVE_REGULATION_OF_NITRIC_OXIDE_BIOSYNTHETIC_PROCESS",-1.07481747197386,0.367596484524264,1,38,-0.400393020191675,8,"Cd36 Esr1 Ddah2 Pkd2 Asl Smpd3 Ulbp1 Tnf"
"GOBP_POSITIVE_REGULATION_OF_NON_CANONICAL_NF_KAPPAB_SIGNAL_TRANSDUCTION",0.804427485691628,0.855028075548749,1,45,0.234610434886656,6,"Nod1 Trip6 Ager Nr3c2 App Nod2"
"GOBP_POSITIVE_REGULATION_OF_NOTCH_SIGNALING_PATHWAY",-0.832206809867947,0.716546953977122,1,27,-0.328051171957047,6,"Hes1 Lfng Enho Tspan5 Kit Hes5"
"GOBP_POSITIVE_REGULATION_OF_NUCLEAR_DIVISION",-0.945392406985535,0.558513309894525,1,42,-0.347523433294716,10,"Lrp5 Ska3 Igf1 Pdgfrb Prdm9 Nusap1 Cenpe Rad51ap1 Smpd3 Tnf"
"GOBP_POSITIVE_REGULATION_OF_NUCLEAR_TRANSCRIBED_MRNA_CATABOLIC_PROCESS_DEADENYLATION_DEPENDENT_DECAY",-1.02009736555611,0.462156633547633,1,13,-0.466423200678495,8,"Zfp36 Helz Zfp36l2 Ago2 Cnot7 Tob1 Tnrc6b Dhx36"
"GOBP_POSITIVE_REGULATION_OF_NUCLEOCYTOPLASMIC_TRANSPORT",-1.25266339622824,0.133626321415845,1,62,-0.433291048776404,10,"Uaca Cdk1 Brca1 Hyal2 Ptpn22 Prkcq Rasl2-9 Bag3 Nrde2 Jup"
"GOBP_POSITIVE_REGULATION_OF_NUCLEOTIDE_BIOSYNTHETIC_PROCESS",-0.817107491212764,0.716479621972829,1,12,-0.379461061344525,2,"Pid1 Bcl2l1"
"GOBP_POSITIVE_REGULATION_OF_NUCLEOTIDE_CATABOLIC_PROCESS",0.872313229089506,0.637309067273318,1,15,0.330298080027408,8,"App Insr Arnt Rptor Psen1 P2rx7 Hif1a Ppp2ca"
"GOBP_POSITIVE_REGULATION_OF_NUCLEOTIDE_METABOLIC_PROCESS",-0.605615777941106,0.959883874373186,1,29,-0.235566056795449,2,"Pid1 Igf1"
"GOBP_POSITIVE_REGULATION_OF_OLIGODENDROCYTE_DIFFERENTIATION",-0.697167749854164,0.850856467808624,1,12,-0.323761582337458,1,"Clcn2"
"GOBP_POSITIVE_REGULATION_OF_ORGANELLE_ASSEMBLY",-0.901724323821158,0.666329056943507,1,93,-0.296876005703297,10,"Wipi1 Stil Sass6 Chek2 Bbs4 Crocc Snx7 Asap1 Cep295 Ccp110"
"GOBP_POSITIVE_REGULATION_OF_ORGANELLE_ORGANIZATION",-0.837539092189394,0.904622822036459,1,409,-0.251013726692027,72,"Epha1 Wipi1 Stil Lrp5 Wdr35 Cdk1 Ska3 Sass6 Mief2 Igf1 Pla2g4a Chek2 Nck2 Bbs4 Baiap2l1 Unc13a Mcu Prkcq Pdgfrb Crocc Aurkb Snx7 Asap1 Nek2 Cep295 Lrrk2 Prdm9 Ccp110 Nusap1 Ino80c Sgo2a Psrc1 Rtel1 Smc5 Mfn1 Mapkapk5 Cenpe Tsc1 Actn2 Wrap53 Rad51ap1 Katnbl1 Smpd3 Msto1 Irgm2 Tnf Smc4 Synpo2 Syt11 Ddx11 Sdc1 Cdk2 Map3k4 Ccdc15 Add3 Ercc1 Gnl3 Ddhd2 Prkce Rgcc Tinf2 Flna Nup62 Poc1b Erc1 Atg2a Ssbp1 Abi2 Ska1 Gpsm2 Ncapd2 Pmaip1"
"GOBP_POSITIVE_REGULATION_OF_ORGANIC_ACID_TRANSPORT",-0.828738102577957,0.714695047073271,1,23,-0.337721770178476,3,"Pla2g4a Gabbr1 Slc12a2"
"GOBP_POSITIVE_REGULATION_OF_ORGAN_GROWTH",-1.18028516918675,0.243023712825888,1,31,-0.454365608465253,5,"Rag2 Cdk1 Igf1 Trip10 Hlx"
"GOBP_POSITIVE_REGULATION_OF_OSSIFICATION",1.13472477178913,0.239793725827245,1,33,0.353140880492231,14,"Rxra Acvr1 Ptger4 Cd276 Bmp6 Slc8a1 Asxl2 Acvr2b Adrb2 Tent5a Vdr P2rx7 Nipbl Mia3"
"GOBP_POSITIVE_REGULATION_OF_OSTEOBLAST_DIFFERENTIATION",-0.778059215497563,0.807290995749066,1,36,-0.29262128223533,4,"Lrp5 Vegfa Igf1 Tmem119"
"GOBP_POSITIVE_REGULATION_OF_OSTEOCLAST_DIFFERENTIATION",-0.853767066615153,0.686258722490607,1,25,-0.341721406352364,3,"Ccl3 Fos Ccr1l1"
"GOBP_POSITIVE_REGULATION_OF_OXIDOREDUCTASE_ACTIVITY",-0.900131164098178,0.61741835147745,1,18,-0.386516526066636,1,"Esr1"
"GOBP_POSITIVE_REGULATION_OF_P38MAPK_CASCADE",-0.645771668153371,0.915770358988686,1,19,-0.273199083290517,4,"Gadd45g Rell2 Map3k4 Kcnn4"
"GOBP_POSITIVE_REGULATION_OF_PATTERN_RECOGNITION_RECEPTOR_SIGNALING_PATHWAY",-1.16393727684766,0.22108922363847,1,76,-0.392512115752227,13,"Gbp2 Cd36 Casp4 Ptpn22 Tab1 Cd14 Usp50 Atat1 Ddx60 Zcchc3 Oasl1 Dhx33 Pum1"
"GOBP_POSITIVE_REGULATION_OF_PEPTIDYL_SERINE_PHOSPHORYLATION",-0.778529775702242,0.790314067036157,1,29,-0.302824325323071,7,"Bcl2 Bcar3 Egfr Irgm2 Osm Cnot9 Arrb2"
"GOBP_POSITIVE_REGULATION_OF_PEPTIDYL_THREONINE_PHOSPHORYLATION",1.35990605058588,0.123341375150784,1,11,0.562865031967715,3,"Egf Met Stox1"
"GOBP_POSITIVE_REGULATION_OF_PEPTIDYL_TYROSINE_PHOSPHORYLATION",-1.00528492297471,0.466771008909222,1,57,-0.352104504224387,15,"Bank1 Hes1 Vegfa Lck Il12a Il18 Angpt4 Il15 Vegfc Cass4 Osm Ripk2 Tnk2 Abi2 Kit"
"GOBP_POSITIVE_REGULATION_OF_PHOSPHATIDYLINOSITOL_3_KINASE_PROTEIN_KINASE_B_SIGNAL_TRANSDUCTION",-0.865220103464432,0.74483211199825,1,116,-0.278942183672952,24,"Ccr7 Ntrk1 Vegfa Klk1b4 Igf1 Pros1 Meis3 Cd19 Il18 Pdgfrb Ramp3 Cass4 Egfr Tnf Gcnt2 Pdgfc Eng Osm Specc1l Agap2 Mydgf Arrb2 Sesn2 Hax1"
"GOBP_POSITIVE_REGULATION_OF_PHOSPHOLIPID_TRANSPORT",0.778757409082976,0.75228008237717,1,10,0.331217517294274,2,"Apoe Atp8a1"
"GOBP_POSITIVE_REGULATION_OF_PHOSPHORUS_METABOLIC_PROCESS",-1.02893600860467,0.416395774075579,1,325,-0.311138156946875,72,"Rasgrp1 Hmga2 Stil Cd6 Bank1 Hes1 Bcl2 Vegfa Rarres2 Pid1 Camkk1 Lck Tom1l1 Igf1 Chek2 Tab1 Prlr Il12a Hspa2 Il18 Angpt4 Pdgfrb Cdc25b Aurkb Pde4d Arrb1 Il15 Cenpe Prkcz Iqgap3 Incenp Birc5 Fiz1 Mrnip Vegfc Cdon Cass4 Bcl2l1 Bcar3 Egfr Lmo4 Irgm2 Ang Fzd5 Cdkn1a Tnf Map3k4 Rassf2 Pdgfc Cdca8 Akap11 Tiam1 Eng Glmn Osm Cnot9 Ripk2 Ezh2 Tpx2 Tigar Dhx34 Tnk2 Abi2 Agap2 Kit Mydgf Ppp1r15a Map4k2 Arrb2 Sesn2 Smad3 Flt4"
"GOBP_POSITIVE_REGULATION_OF_PHOSPHORYLATION",-1.08868196103657,0.268916989598205,1,293,-0.330696685718876,63,"Rasgrp1 Hmga2 Stil Cd6 Bank1 Hes1 Bcl2 Vegfa Rarres2 Camkk1 Lck Tom1l1 Igf1 Chek2 Tab1 Prlr Il12a Hspa2 Il18 Angpt4 Pdgfrb Cdc25b Aurkb Pde4d Arrb1 Il15 Cenpe Prkcz Iqgap3 Incenp Birc5 Fiz1 Mrnip Vegfc Cdon Cass4 Bcar3 Egfr Lmo4 Irgm2 Ang Fzd5 Cdkn1a Tnf Map3k4 Rassf2 Pdgfc Cdca8 Akap11 Tiam1 Eng Glmn Osm Cnot9 Ripk2 Ezh2 Tpx2 Tigar Dhx34 Tnk2 Abi2 Agap2 Kit"
"GOBP_POSITIVE_REGULATION_OF_PLASMA_MEMBRANE_BOUNDED_CELL_PROJECTION_ASSEMBLY",-1.02371070752752,0.434053567409408,1,93,-0.337037759565575,13,"Agrn Ccr7 Auts2 Hdac4 Eps8l2 Fnbp1l Bbs4 Prkcq Crocc Ccp110 Eps8 Fam98a Plekhm1"
"GOBP_POSITIVE_REGULATION_OF_PODOSOME_ASSEMBLY",1.05114976055164,0.389164086687307,1,12,0.425787855311845,3,"Fscn1 Arhgef5 Palld"
"GOBP_POSITIVE_REGULATION_OF_POST_TRANSCRIPTIONAL_GENE_SILENCING",-0.831951279776803,0.7013161830691,1,11,-0.395093701982662,4,"Zfp36 Pum1 Ago2 Fxr1"
"GOBP_POSITIVE_REGULATION_OF_POST_TRANSLATIONAL_PROTEIN_MODIFICATION",-0.796586495438659,0.851786888840167,1,114,-0.25711444063659,27,"Rwdd3 Hdac4 Fanci Ptpn22 Spsb4 Amer1 Lrrk2 Arrb1 Birc5 Tbc1d7 Rassf1 Fancm Gnl3 Paxip1 Ripk2 Ube2d1 Phf23 Aimp2 Cdc14b Tollip Ddx3x Hspbp1 Ube2n Dnaja3 Sae1 Gsk3b Cry1"
"GOBP_POSITIVE_REGULATION_OF_POTASSIUM_ION_TRANSPORT",-0.802379486643242,0.732320280537697,1,13,-0.366875183639835,3,"Akap7 Actn2 Flna"
"GOBP_POSITIVE_REGULATION_OF_PROGRAMMED_CELL_DEATH",-1.0352760767242,0.384615384615385,1,469,-0.309059351092429,84,"Uaca Atf3 Mybl2 S100a8 Ccl3 Aifm2 Gadd45g Inca1 Hmox1 Agrn Ppargc1a Bcl2 Ntrk1 Olfm1 Bcl2a1b Wdr35 Zc3h8 Hdac4 Lck Hyal2 Casp4 Bard1 Pla2g4a Tnfrsf12a Pomc Chek2 Siah1b Nck2 Map3k20 Nr4a1 Gpld1 Il12a Cd40 Mcu Il18 Siah1a Pdgfrb S100a9 Lrrk2 Trps1 Nqo2 Pidd1 Map3k9 Prdm11 Ifit2 Scrib Ddit3 Sphk2 Tctn3 Bcl2l1 Top2a Prmt2 Dusp1 Tnfrsf22 Jun Grik5 Rrp1b Cdkn1a Dab2ip Melk Tnf E2f1 Phlda3 Rassf2 Jmy Mst1 Camk2a Pdcd2 Nfkbid Osm Eef1e1 Txnrd1 Ripk2 Gsdme Rgcc Akap12 Apbb2 Dusp6 Ppp2r1b Tigar Pmaip1 Mybbp1a Casp7 Bcl2l14"
"GOBP_POSITIVE_REGULATION_OF_PROTEASOMAL_PROTEIN_CATABOLIC_PROCESS",0.711280528573549,0.987623762376238,1,85,0.185568372639174,16,"Sirt6 Aurka Plk3 Plk1 Zfand2a Fbxo22 Cdc20 Prkn Hspa1b Socs4 Rnf180 Ube2v2 Trf Ddrgk1 Cbfa2t3 Sumo1"
"GOBP_POSITIVE_REGULATION_OF_PROTEASOMAL_UBIQUITIN_DEPENDENT_PROTEIN_CATABOLIC_PROCESS",0.903578964922386,0.697462589459987,1,65,0.243869370992761,16,"Sirt6 Aurka Plk3 Plk1 Zfand2a Fbxo22 Cdc20 Prkn Hspa1b Socs4 Rnf180 Ube2v2 Trf Ddrgk1 Cbfa2t3 Sumo1"
"GOBP_POSITIVE_REGULATION_OF_PROTEIN_CATABOLIC_PROCESS",0.878933360485012,0.868932038834951,1,154,0.209448786101371,29,"Asb5 Ppp2r3a Tnfsf12 Sirt6 Aurka Apoe Plk3 Plk1 Zfand2a Snx33 Lpcat1 App Tnfrsf1b Fbxo22 Cdc20 Prkn Nedd4l Apc Hspa1b Tnfaip3 Socs4 Rnf180 Vgll4 Ldlr Ube2v2 Egln2 Ier3 Trf Ddrgk1"
"GOBP_POSITIVE_REGULATION_OF_PROTEIN_CONTAINING_COMPLEX_ASSEMBLY",-0.825271549942617,0.840882571337647,1,163,-0.259116111206521,12,"Gbp2 Cd36 Rasip1 Abca1 Vegfa Casp4 Ptpn22 Nck2 Baiap2l1 Usp50 Tppp Asap1"
"GOBP_POSITIVE_REGULATION_OF_PROTEIN_CONTAINING_COMPLEX_DISASSEMBLY",-0.6377392491079,0.948534201954397,1,33,-0.243208861769676,9,"Aurkb Actn2 Irgm2 Tnf Eif5a2 Jmjd4 Pdxp Katnb1 Fyco1"
"GOBP_POSITIVE_REGULATION_OF_PROTEIN_DEPOLYMERIZATION",-0.95813662807203,0.541494388659185,1,12,-0.444954361220765,4,"Aurkb Actn2 Pdxp Katnb1"
"GOBP_POSITIVE_REGULATION_OF_PROTEIN_EXPORT_FROM_NUCLEUS",0.692526314046142,0.883488681757656,1,16,0.258095935476079,3,"Sirt6 Wipf1 Rbm22"
"GOBP_POSITIVE_REGULATION_OF_PROTEIN_LOCALIZATION",-1.01690659654217,0.449994943877035,1,365,-0.306042382215005,54,"Uaca Ffar1 Cd36 Lrp1 Itga3 Glis2 Agrn Lrp5 Bicd1 Cd81 Trpm4 Vegfa Cdk1 Brca1 Hyal2 Baiap3 Igf1 Stac3 Ptpn22 Blk Gpld1 Mcu Rapgefl1 Prkcq Kif20b Crocc Rasl2-9 Cask Pick1 Arrb1 Nnat Tert Cep131 Prkcz Ramp3 Slc35d3 Pls1 Bag3 Stac2 Lamc1 Oaz2 Vegfc Ipo7 Egfr Irgm2 Ang C2cd2l Jup Tnf Syt11 Nr1h2 Rab29 Rangrf Adam9"
"GOBP_POSITIVE_REGULATION_OF_PROTEIN_LOCALIZATION_TO_CELL_PERIPHERY",-1.06751118684628,0.370979356697072,1,58,-0.372899456957947,10,"Cd36 Lrp1 Itga3 Stac3 Ramp3 Pls1 Stac2 Egfr Tnf Rangrf"
"GOBP_POSITIVE_REGULATION_OF_PROTEIN_LOCALIZATION_TO_CELL_SURFACE",0.765452862608274,0.809356313753078,1,19,0.272752999480036,5,"Ephb2 Snx33 Stx3 Lrig2 Synj2bp"
"GOBP_POSITIVE_REGULATION_OF_PROTEIN_LOCALIZATION_TO_EARLY_ENDOSOME",-0.72826019230306,0.818415871573527,1,10,-0.352708171842229,2,"Vegfa Egfr"
"GOBP_POSITIVE_REGULATION_OF_PROTEIN_LOCALIZATION_TO_NUCLEUS",-1.16885444818886,0.211597498578738,1,87,-0.387559507715245,13,"Uaca Glis2 Cdk1 Brca1 Hyal2 Ptpn22 Prkcq Rasl2-9 Tert Bag3 Ipo7 Irgm2 Jup"
"GOBP_POSITIVE_REGULATION_OF_PROTEIN_LOCALIZATION_TO_PLASMA_MEMBRANE",-1.17116242428562,0.233846153846154,1,49,-0.419534546719504,10,"Cd36 Lrp1 Itga3 Stac3 Ramp3 Pls1 Stac2 Egfr Tnf Rangrf"
"GOBP_POSITIVE_REGULATION_OF_PROTEIN_MODIFICATION_PROCESS",-0.990992729896836,0.529328764362024,1,403,-0.297237744091944,84,"Rasgrp1 Hmga2 Stil Rwdd3 Cd6 Bank1 Hes1 Bcl2 Vegfa Rarres2 Hdac4 Camkk1 Lck Tom1l1 Fanci Igf1 Ptpn22 Chek2 Tab1 Prlr Il12a Hspa2 Il18 Angpt4 Spsb4 Pdgfrb Cdc25b Aurkb Pde4d Amer1 Cep295 Lrrk2 Arrb1 Il15 Cenpe Prkcz Iqgap3 Incenp Dip2a Birc5 Fiz1 Mrnip Hdac6 Vegfc Cdon Cass4 Bcar3 Egfr Tbc1d7 Irgm2 Fzd5 Cdkn1a Tnf Map3k4 Rassf2 Pdgfc Cdca8 Akap11 Tiam1 Rassf1 Eng Fancm Osm Gnl3 Paxip1 Cnot9 Ripk2 Ezh2 Tpx2 Ube2d1 Phf23 Tnk2 Abi2 Agap2 Kit Mydgf Aimp2 Ppp1r15a Nelfa Cdc14b Map4k2 Arrb2 Sesn2 Flt4"
"GOBP_POSITIVE_REGULATION_OF_PROTEIN_POLYMERIZATION",1.11375812602016,0.22517394054396,1,63,0.301852293759446,11,"Nckap1 Pfn2 Met Gm14137 Cdk5rap2 Fchsd1 Pak1 Arl2 Apc Vasp Hspa1b"
"GOBP_POSITIVE_REGULATION_OF_PROTEIN_POLYUBIQUITINATION",-0.921808527347647,0.585556641989105,1,19,-0.389978775874303,6,"Ptpn22 Spsb4 Ripk2 Ube2d1 Ddx3x Ube2n"
"GOBP_POSITIVE_REGULATION_OF_PROTEIN_SECRETION",-1.09838557399475,0.300373955125385,1,112,-0.355212655624567,22,"Ffar1 Lrp1 Trpm4 Baiap3 Igf1 Blk Gpld1 Mcu Rapgefl1 Prkcq Cask Arrb1 Nnat Vegfc Egfr Ang C2cd2l Nr1h2 Adam9 Efna5 Prkce Kcnn4"
"GOBP_POSITIVE_REGULATION_OF_PROTEIN_SERINE_THREONINE_KINASE_ACTIVITY",-0.965545228670533,0.529927519289221,1,69,-0.32903620477973,11,"Rasgrp1 Hmga2 Stil Tab1 Pdgfrb Irgm2 Fzd5 Tnf Map3k4 Tiam1 Ezh2"
"GOBP_POSITIVE_REGULATION_OF_PROTEIN_SUMOYLATION",-1.08775527964466,0.383343177790904,1,12,-0.505148682806036,2,"Rwdd3 Hdac4"
"GOBP_POSITIVE_REGULATION_OF_PROTEIN_TARGETING_TO_MEMBRANE",-1.31759634536957,0.128088336783989,1,21,-0.547226951631774,3,"Itgam Kcnb1 Mief2"
"GOBP_POSITIVE_REGULATION_OF_PROTEIN_UBIQUITINATION",-0.848124864390637,0.756053405747907,1,90,-0.280329953827877,22,"Fanci Ptpn22 Spsb4 Amer1 Lrrk2 Arrb1 Birc5 Tbc1d7 Rassf1 Fancm Paxip1 Ripk2 Ube2d1 Phf23 Aimp2 Cdc14b Ddx3x Hspbp1 Ube2n Dnaja3 Gsk3b Cry1"
"GOBP_POSITIVE_REGULATION_OF_PROTEOLYSIS_INVOLVED_IN_PROTEIN_CATABOLIC_PROCESS",0.954978522107603,0.589595375722543,1,103,0.239530807676369,20,"Egf Tgfb1i1 Sirt6 Aurka Plk3 Agtpbp1 Plk1 Zfand2a Fbxo22 Ptk2 Cdc20 Prkn Hspa1b Socs4 Rnf180 Ube2v2 Trf Ddrgk1 L3mbtl3 Cbfa2t3"
"GOBP_POSITIVE_REGULATION_OF_RAS_PROTEIN_SIGNAL_TRANSDUCTION",-1.31134106798731,0.139182623606745,1,16,-0.574933982364221,4,"Rasgrp1 Ntrk1 Igf1 Dgki"
"GOBP_POSITIVE_REGULATION_OF_RECEPTOR_CLUSTERING",-1.29142233969254,0.156712172923777,1,17,-0.560003813247756,5,"Agrn Lrp5 Cd81 Pick1 Lamc1"
"GOBP_POSITIVE_REGULATION_OF_RECEPTOR_INTERNALIZATION",-0.870579763672798,0.659506651884701,1,20,-0.364619292216493,4,"Vegfa Pick1 Arrb1 Pard3"
"GOBP_POSITIVE_REGULATION_OF_RECEPTOR_MEDIATED_ENDOCYTOSIS",-0.900560663896636,0.624605678233438,1,40,-0.332724833980094,6,"Ccr7 Bicd1 Vegfa Pick1 Arrb1 Pard3"
"GOBP_POSITIVE_REGULATION_OF_RECEPTOR_RECYCLING",-1.13533475100456,0.32309509746013,1,12,-0.527244376328126,4,"Scrib Ramp3 Rab29 Ece1"
"GOBP_POSITIVE_REGULATION_OF_RECEPTOR_SIGNALING_PATHWAY_VIA_STAT",-1.12855205475418,0.304697809448403,1,29,-0.438972310679622,14,"Hes1 Prlr Camk2a Agap2 Kit Wdr48 Hes5 Mgat5 Ptk2b Adipor1 Il7r Tlr2 Notch1 Usp1"
"GOBP_POSITIVE_REGULATION_OF_REGULATED_SECRETORY_PATHWAY",-1.2168552030952,0.195027195027195,1,34,-0.461286722455567,6,"Itgam Kcnb1 Hyal3 Sphk2 Stx1a Bcl2l1"
"GOBP_POSITIVE_REGULATION_OF_REGULATORY_T_CELL_DIFFERENTIATION",-0.77594219257894,0.776784467104344,1,19,-0.328268807928955,3,"Dusp10 Sox12 Foxp3"
"GOBP_POSITIVE_REGULATION_OF_RELEASE_OF_CYTOCHROME_C_FROM_MITOCHONDRIA",-0.60193141132085,0.953285070345581,1,22,-0.247302715117803,1,"Wdr35"
"GOBP_POSITIVE_REGULATION_OF_RELEASE_OF_SEQUESTERED_CALCIUM_ION_INTO_CYTOSOL",0.730326366298536,0.830959752321981,1,12,0.295832343643169,1,"Trpc1"
"GOBP_POSITIVE_REGULATION_OF_REPRODUCTIVE_PROCESS",-1.06866773504924,0.372995151063036,1,45,-0.388058806347621,8,"Tac4 Vegfa Lfng Hdac4 Hyal3 Il18 Cdc25b Prdm9"
"GOBP_POSITIVE_REGULATION_OF_RESPONSE_TO_BIOTIC_STIMULUS",-0.913692282123082,0.743875278396437,1,352,-0.275332053473694,66,"Gbp2 Fbxl2 Clnk Cd36 S100a8 Rasgrp1 Esr1 Oas1c Oas1a Lyplal1 Casp4 Pomc Ptpn22 Tab1 Map3k20 Card9 Il12a Tspan6 Cd14 Nectin2 Aurkb Usp50 S100a9 Smpdl3a Cd86 Abhd8 Nlrp10 Gbp7 Polr3d Cgas Xrcc5 Ifi214 Atat1 Cul5 Rab7b Ddx60 Polr3b Lrrfip2 Ulbp1 Irgm2 Dab2ip Zcchc3 Tnf Hcfc2 Elp6 Havcr2 Rnf170 Oasl1 Naglu Ecsit Dhx33 Pum1 Prkce Ripk2 Gsdme Nlrc5 Ifi213 Trim5 Ifi209 Eif2ak2 Rbm14 Zdhhc12 Akirin2 Klri2 Ikbke Brcc3"
"GOBP_POSITIVE_REGULATION_OF_RESPONSE_TO_CYTOKINE_STIMULUS",-0.521365431582163,0.997684621009018,1,52,-0.185102164593615,16,"Casp4 Cd40 Irgm2 Ripk2 Nlrc5 Trim44 Ikbke Irf3 Cxcr4 Trim56 Traf2 Cpne1 Taf9 Ticam2 Ezr Med1"
"GOBP_POSITIVE_REGULATION_OF_RESPONSE_TO_ENDOPLASMIC_RETICULUM_STRESS",-0.625831337198485,0.94660645504051,1,28,-0.245210473461902,15,"Nck2 Ddit3 Ubqln2 Atxn3 Spop Sgta Ptpn2 Sirt1 Tmem33 Pik3r1 Nck1 Tmem67 Fcgr2b Tmem259 Stub1"
"GOBP_POSITIVE_REGULATION_OF_RESPONSE_TO_EXTERNAL_STIMULUS",-0.943516325674393,0.689696726250251,1,475,-0.281581651795001,96,"Gbp2 Fbxl2 Clnk Cd36 S100a8 Ccl3 Rasgrp1 Esr1 Lrp1 Ccr7 Oas1c Cd81 Oas1a Vegfa Rarres2 Lyplal1 Hyal2 Casp4 Vegfd Pomc Ptpn22 Tab1 Map3k20 Card9 Il12a Tspan6 Mcu Il18 Cd14 Pdgfrb Nectin2 Aurkb Usp50 S100a9 Lrrk2 Plau Ccr1l1 Smpdl3a Cd86 Abhd8 Nlrp10 Gbp7 Polr3d Cgas Xrcc5 Ifi214 Atat1 Cul5 Vegfc Rab7b Ddx60 Polr3b Lrrfip2 Ulbp1 Irgm2 Cmklr1 Dab2ip Zcchc3 Tnf Hcfc2 Elp6 Havcr2 Rnf170 Cebpb Oasl1 Tiam1 Naglu Ecsit Zfp580 Dhx33 Osm Pum1 Prkce Ripk2 Kcnn4 Flna Nlrc5 Ifi213 Oxsr1 Megf8 Trim5 Ifi209 Eif2ak2 Rbm14 Zdhhc12 Akirin2 Klri2 Ikbke Brcc3 Arrb2 Smad3 Ddx56 Zdhhc18 Rnf34 Irf3 Il17ra"
"GOBP_POSITIVE_REGULATION_OF_RESPONSE_TO_TUMOR_CELL",-0.860741191615338,0.658679135008767,1,13,-0.393560139556077,4,"Il12a Nectin2 Ulbp1 Gsdme"
"GOBP_POSITIVE_REGULATION_OF_RESPONSE_TO_WOUNDING",-0.966588659313373,0.52425,1,43,-0.353554714165038,4,"Cd36 Lrp1 S100a9 Plau"
"GOBP_POSITIVE_REGULATION_OF_RHO_PROTEIN_SIGNAL_TRANSDUCTION",-0.966467296847361,0.523721063160903,1,16,-0.42373026008716,4,"Adgrg1 Pdgfrb Arrb1 Gpr55"
"GOBP_POSITIVE_REGULATION_OF_RNA_SPLICING",-0.800664471529742,0.77707248952647,1,39,-0.297244959076435,23,"Celf4 Zfp64 Upf3a Srsf5 Rbmxl1 Srsf1 Prdx6 Snw1 Prpf19 Wdr77 Pik3r1 U2af2 Nup98 Prmt5 Polr2a Eif1 Eif4a3 Dyrk1a Tra2b Dazap1 Smn1 Thrap3 Slirp"
"GOBP_POSITIVE_REGULATION_OF_RRNA_PROCESSING",0.698100752945906,0.83936451897617,1,10,0.296912999497857,3,"Dimt1 Utp15 Wdr75"
"GOBP_POSITIVE_REGULATION_OF_RUFFLE_ASSEMBLY",-1.21522200392093,0.236868907318493,1,14,-0.548081681891143,5,"Eps8l2 Eps8 Fam98a Plekhm1 Def8"
"GOBP_POSITIVE_REGULATION_OF_SIGNAL_TRANSDUCTION_BY_P53_CLASS_MEDIATOR",-0.919228860084777,0.58994672858899,1,22,-0.377663947483271,9,"Spred2 Eef1e1 Pmaip1 Ppp1r15a Ddx5 Cdk5rap3 Spred1 Fam193a Dvl2"
"GOBP_POSITIVE_REGULATION_OF_SISTER_CHROMATID_COHESION",-1.10574042071446,0.366348629410874,1,10,-0.535527942408746,6,"Sgo2a Smc5 Ddx11 Sfpq Slf1 Fen1"
"GOBP_POSITIVE_REGULATION_OF_SKELETAL_MUSCLE_TISSUE_DEVELOPMENT",-1.26989866888658,0.185976071482659,1,10,-0.615032432998168,5,"Bcl2 Usp2 Cdon Hmgcr Mtm1"
"GOBP_POSITIVE_REGULATION_OF_SMALL_MOLECULE_METABOLIC_PROCESS",-0.732182555572942,0.931113537117904,1,117,-0.235831659622757,8,"Cd36 Ppargc1a Pid1 Igf1 Pla2g4a Gpld1 Phka1 Stard4"
"GOBP_POSITIVE_REGULATION_OF_SMOOTHENED_SIGNALING_PATHWAY",0.687246216779017,0.917301414581066,1,21,0.239187880664931,9,"Gorab Ift172 Ttc23 Armc9 Tmem216 Tubd1 Txndc15 Pdcl Ulk3"
"GOBP_POSITIVE_REGULATION_OF_SMOOTH_MUSCLE_CELL_APOPTOTIC_PROCESS",-0.724464067624248,0.822913550702961,1,11,-0.344048019864664,1,"Il12a"
"GOBP_POSITIVE_REGULATION_OF_SMOOTH_MUSCLE_CELL_DIFFERENTIATION",1.246780145429,0.206875753920386,1,11,0.51604222667534,1,"Tshz3"
"GOBP_POSITIVE_REGULATION_OF_SMOOTH_MUSCLE_CELL_PROLIFERATION",-1.10844492886256,0.295118000925497,1,77,-0.37313038378145,15,"Orc1 Hmox1 Ppargc1a Vegfa Hdac4 Igf1 Il18 Pdgfrb Pde4d Nqo2 Tert Egfr Jun Smpd3 Tnf"
"GOBP_POSITIVE_REGULATION_OF_SODIUM_ION_TRANSPORT",-0.852824519289064,0.68088336783989,1,21,-0.354196915927605,3,"Cnksr3 Fxyd2 Scn2b"
"GOBP_POSITIVE_REGULATION_OF_STEM_CELL_POPULATION_MAINTENANCE",0.55258992524787,0.997502497502498,1,43,0.16305808925638,5,"Sirt6 Tet1 Bcl7b Rest Arid4a"
"GOBP_POSITIVE_REGULATION_OF_STEM_CELL_PROLIFERATION",-0.983275213656892,0.498964803312629,1,21,-0.408375979240908,7,"Hmga2 Ccne1 Tert Atxn1l Vegfc Taf4b Pdcd2"
"GOBP_POSITIVE_REGULATION_OF_STEROID_METABOLIC_PROCESS",-0.82017044685374,0.733962013547616,1,28,-0.321355566010401,3,"Ppargc1a Igf1 Stard4"
"GOBP_POSITIVE_REGULATION_OF_STEROL_TRANSPORT",-1.01362319542628,0.458109040717736,1,21,-0.420980168384421,3,"Lrp1 Abca1 Abcb4"
"GOBP_POSITIVE_REGULATION_OF_STRESS_ACTIVATED_PROTEIN_KINASE_SIGNALING_CASCADE",0.693677891591164,0.886195286195286,1,17,0.254332703747724,2,"Nod1 Nod2"
"GOBP_POSITIVE_REGULATION_OF_STRESS_FIBER_ASSEMBLY",-0.61163517689802,0.969150691887775,1,39,-0.22706824093169,3,"Epha1 Prkcq Tsc1"
"GOBP_POSITIVE_REGULATION_OF_STRIATED_MUSCLE_CELL_APOPTOTIC_PROCESS",-0.583394762335776,0.961167760860455,1,19,-0.246810013704053,8,"Camk2a Tigar Hmgcr Fbxo32 Tlr2 Zfas1 Mapk8 Mff"
"GOBP_POSITIVE_REGULATION_OF_STRIATED_MUSCLE_CELL_DIFFERENTIATION",-0.980579195113013,0.498137802607076,1,27,-0.386538718908784,10,"Bcl2 Igf1 Trip10 Maml1 Thra Atp11a Arrb2 Piezo1 Nr3c1 Gsk3b"
"GOBP_POSITIVE_REGULATION_OF_SUBSTRATE_ADHESION_DEPENDENT_CELL_SPREADING",-1.02778067449722,0.437654723127036,1,33,-0.391955440006245,16,"Rac3 Cspg5 Cass4 Flna S100a10 Crkl Calr Gsk3b Pxn Nedd9 Myadm Gsk3a Net1 Dnm2 Nrp1 P4hb"
"GOBP_POSITIVE_REGULATION_OF_SYNAPSE_ASSEMBLY",-1.0960308611172,0.340102187868466,1,31,-0.42193085375405,12,"Agrn Ntrk1 Adgrl1 Il1rap Lrrc24 Stau2 Adgrl4 Sema4a Lrrc15 Bhlhb9 Efna5 Adgrl2"
"GOBP_POSITIVE_REGULATION_OF_SYNAPTIC_TRANSMISSION",-0.804221167355126,0.828584249495176,1,97,-0.263577032386826,15,"Ncs1 Nrgn Chrnb2 Ntrk1 Baiap3 Unc13a Rasgrf2 Prkcz Hdac6 Stx1a Grin2d Bcl2l1 Cacng8 Egfr Tnf"
"GOBP_POSITIVE_REGULATION_OF_SYNAPTIC_TRANSMISSION_GLUTAMATERGIC",0.896316124266182,0.592929292929293,1,17,0.328628757036493,4,"Tshz3 Stxbp1 Ccr2 Ngfr"
"GOBP_POSITIVE_REGULATION_OF_SYNAPTIC_VESICLE_RECYCLING",-1.10584667731782,0.359557283876757,1,11,-0.525166639185819,3,"Lrrk2 Ppp3cc Bcl2l1"
"GOBP_POSITIVE_REGULATION_OF_SYNCYTIUM_FORMATION_BY_PLASMA_MEMBRANE_FUSION",-1.02668300353241,0.45169009871373,1,11,-0.487571806773498,2,"Ehd1 Adam9"
"GOBP_POSITIVE_REGULATION_OF_SYSTEMIC_ARTERIAL_BLOOD_PRESSURE",-0.974565156014325,0.517648818426563,1,11,-0.462821038530418,3,"Rarres2 Eng Adra1b"
"GOBP_POSITIVE_REGULATION_OF_TELOMERE_MAINTENANCE",-0.807904312638236,0.800769858859209,1,71,-0.274681105899604,11,"Prkcq Aurkb Nek2 Ino80c Rtel1 Mapkapk5 Wrap53 Map3k4 Ercc1 Gnl3 Tinf2"
"GOBP_POSITIVE_REGULATION_OF_TELOMERE_MAINTENANCE_IN_RESPONSE_TO_DNA_DAMAGE",-0.702717708584291,0.848246762694602,1,14,-0.316935261518377,6,"Ino80c Ino80b Ino80 Actl6a Ruvbl2 Tfpt"
"GOBP_POSITIVE_REGULATION_OF_TELOMERE_MAINTENANCE_VIA_TELOMERE_LENGTHENING",-0.624424970902597,0.94122383252818,1,25,-0.249926926865818,10,"Rtel1 Wrap53 Tcp1 Cct3 Cct6a Hnrnpa1 Cct2 Cct8 Cct7 Dhx36"
"GOBP_POSITIVE_REGULATION_OF_TORC1_SIGNALING",-0.536983952792636,0.997991018671709,1,66,-0.184350049999114,28,"Rragd Rhebl1 Ctns Tsc1 Shq1 Sesn2 Gpr137c Atxn3 Pip4p1 Lamtor5 Ube3a Seh1l Lamtor1 Flcn Mtor Fnip2 Rragb Foxp1 Rraga Ywhag Akt1 Tbk1 Otud5 Csnk1a1 Syk Rbx1 Prmt1 Mat2a"
"GOBP_POSITIVE_REGULATION_OF_TOR_SIGNALING",-0.50997447248588,0.999537251272559,1,77,-0.171670207226861,32,"Rragd Rhebl1 Ctns Tsc1 Shq1 Sesn2 Gpr137c Atxn3 Pip4p1 Lamtor5 Ube3a Seh1l Lamtor1 Rictor Akt3 Flcn Mtor Fnip2 Rragb Golph3 Foxp1 Rraga Ywhag Xbp1 Akt1 Tbk1 Otud5 Csnk1a1 Syk Rbx1 Prmt1 Mat2a"
"GOBP_POSITIVE_REGULATION_OF_TRANSCRIPTION_BY_RNA_POLYMERASE_I",-0.556877549089782,0.981350144470712,1,30,-0.215401289066814,11,"Nol11 Ddx11 Dhx33 Mybbp1a Ppp1r15a Ncl Atf4 Smarca5 Mtor Lyar Heatr1"
"GOBP_POSITIVE_REGULATION_OF_TRANSCRIPTION_BY_RNA_POLYMERASE_III",-0.769427435114229,0.78516552591144,1,19,-0.325512685517595,7,"Zc3h8 Mybbp1a Smarca5 Ice2 Tbp Mtor Brf1"
"GOBP_POSITIVE_REGULATION_OF_TRANSLATION",-0.557024274072159,0.999784250269687,1,135,-0.177570497596219,50,"Nck2 Pym1 Fbxw8 Secisbp2 Trmt10c Tnf Rpusd3 Eif5a2 Usp16 Jmjd4 Ppp1r15a Usp5 Cdk4 Mettl8 Ddx3x Atxn3 Coa3 Uhmk1 Ptk2b Rbm4 Smyd5 Gsk3b Ythdf1 Upf3a Wapl Ctif Uqcc2 Ago2 Lamtor1 Mtor Mettl14 Trub2 Fxr1 Rpusd4 Khdrbs1 Ythdf3 Mettl3 Rraga Elavl1 Paip1 Eif6 Ywhag Dhx9 Prkch Mpv17l2 Pld1 Nat10 Akt1 Tbk1 Eif4g2"
"GOBP_POSITIVE_REGULATION_OF_TRANSLATIONAL_INITIATION",0.927984218102922,0.596172718351325,1,42,0.274595222174972,18,"Rxra Eif2b3 Habp4 Eif2ak4 Rptor Eif2b5 Dhx29 Gpr155 Usp4 Wdr24 Polr2g Akt1s1 Sh3bgrl Tsc2 Rragc Eif2b1 Larp1 Depdc5"
"GOBP_POSITIVE_REGULATION_OF_TRANSMEMBRANE_RECEPTOR_PROTEIN_SERINE_THREONINE_KINASE_SIGNALING_PATHWAY",1.00026155414966,0.460518003790272,1,62,0.272430868256073,12,"Tgfb1i1 Acvr1b Hfe Acvr1 Tgfbr3 Amh Bmp6 Acvrl1 Acvr2b Cdh5 Synj2bp Vsir"
"GOBP_POSITIVE_REGULATION_OF_TRANSPORTER_ACTIVITY",-1.28949527593054,0.132068164213788,1,35,-0.486995860569161,8,"Kcnk3 Ehd3 Clcn2 Stac3 Cnksr3 S100a1 Stac2 Cacng8"
"GOBP_POSITIVE_REGULATION_OF_TRIGLYCERIDE_BIOSYNTHETIC_PROCESS",-0.660216008958226,0.89131383675251,1,14,-0.297766415876078,2,"Gpld1 Nr1h2"
"GOBP_POSITIVE_REGULATION_OF_TRIGLYCERIDE_METABOLIC_PROCESS",-1.30064093021755,0.142477999720631,1,19,-0.550246979465146,3,"Cd36 Gpld1 Daglb"
"GOBP_POSITIVE_REGULATION_OF_TUMOR_NECROSIS_FACTOR_MEDIATED_SIGNALING_PATHWAY",0.607535176936022,0.93374613003096,1,12,0.246093477563404,3,"Prkn Hspa1b Casp1"
"GOBP_POSITIVE_REGULATION_OF_TYPE_2_IMMUNE_RESPONSE",-1.05956651561727,0.4160933293449,1,11,-0.503188188212667,3,"Cd81 Il18 Prkcz"
"GOBP_POSITIVE_REGULATION_OF_TYPE_I_INTERFERON_MEDIATED_SIGNALING_PATHWAY",0.555984463251704,0.970750731231719,1,15,0.210521398292658,5,"Usp27x Trim41 Mavs Zbp1 Rnf185"
"GOBP_POSITIVE_REGULATION_OF_TYPE_I_INTERFERON_PRODUCTION",-0.958081597263449,0.550474448382303,1,83,-0.31935283960088,30,"Oas1c Oas1a Ptpn22 Tab1 Cd14 Polr3d Cgas Polr3b Zcchc3 Dhx33 Ikbke Irf3 Isg15 Trim27 Trim56 Ddx3x Chuk Hmgb2 Polr3f Gsk3b Btk Pqbp1 Ticam2 Hmgb1 Tank Banf1 Usp22 Hsp90aa1 Tlr2 Zc3hav1"
"GOBP_POSITIVE_REGULATION_OF_TYROSINE_PHOSPHORYLATION_OF_STAT_PROTEIN",-1.17498217241528,0.266504715633038,1,16,-0.515149869156861,4,"Hes1 Lck Il12a Il18"
"GOBP_POSITIVE_REGULATION_OF_T_CELL_MEDIATED_IMMUNITY",-1.16420275837012,0.24112426035503,1,48,-0.418407058467895,10,"Cd81 H2-Q2 Il12a Il18 Nectin2 Prkcz Foxp3 Cd55 Ulbp1 Fzd5"
"GOBP_POSITIVE_REGULATION_OF_T_CELL_MIGRATION",-0.804830590923973,0.747622928552024,1,24,-0.32498599980707,2,"Ccr7 Cd99l2"
"GOBP_POSITIVE_REGULATION_OF_T_CELL_PROLIFERATION",-1.21418929868215,0.163928736695974,1,77,-0.408726592727979,18,"Cd6 Ccr7 Hes1 Cd81 Igf1 Tnfrsf13c Ptpn22 Nck2 Cd59a Il12a Il18 Prkcq Cd86 Il15 Cd59b Foxp3 Il2ra Cd55"
"GOBP_POSITIVE_REGULATION_OF_T_HELPER_17_TYPE_IMMUNE_RESPONSE",-1.24615130769217,0.205005092390514,1,14,-0.562031219322136,4,"Card9 Prkcq Nlrp10 Nfkbid"
"GOBP_POSITIVE_REGULATION_OF_T_HELPER_CELL_DIFFERENTIATION",-0.986559559197133,0.497921286031042,1,20,-0.413194359912864,6,"Ccr7 Il18 Prkcz Hlx Nfkbid Ripk2"
"GOBP_POSITIVE_REGULATION_OF_UBIQUITIN_DEPENDENT_PROTEIN_CATABOLIC_PROCESS",1.05887736838233,0.304564315352697,1,86,0.27580600849299,20,"Egf Tgfb1i1 Sirt6 Aurka Plk3 Agtpbp1 Plk1 Zfand2a Fbxo22 Ptk2 Cdc20 Prkn Hspa1b Socs4 Rnf180 Ube2v2 Trf Ddrgk1 L3mbtl3 Cbfa2t3"
"GOBP_POSITIVE_REGULATION_OF_VACUOLE_ORGANIZATION",-1.04265528458825,0.416336764317762,1,29,-0.405561088289999,3,"Wipi1 Chek2 Snx7"
"GOBP_POSITIVE_REGULATION_OF_VASCULAR_ASSOCIATED_SMOOTH_MUSCLE_CELL_MIGRATION",-1.09480989205442,0.362817947985139,1,16,-0.479999770110674,2,"Lrp1 Tert"
"GOBP_POSITIVE_REGULATION_OF_VASCULAR_ASSOCIATED_SMOOTH_MUSCLE_CELL_PROLIFERATION",-0.975274428128593,0.508181578252837,1,29,-0.379351991305006,7,"Ppargc1a Igf1 Nqo2 Tert Jun Tnf Rgcc"
"GOBP_POSITIVE_REGULATION_OF_VASCULAR_ENDOTHELIAL_CELL_PROLIFERATION",-0.648509992131893,0.896780862374483,1,12,-0.301165137455362,1,"Igf1"
"GOBP_POSITIVE_REGULATION_OF_VASCULAR_ENDOTHELIAL_GROWTH_FACTOR_PRODUCTION",-0.874969505373601,0.646297104612251,1,14,-0.394623168903569,3,"Brca1 AI182371 Rora"
"GOBP_POSITIVE_REGULATION_OF_VASCULAR_PERMEABILITY",-1.06391224489936,0.404626800523789,1,14,-0.479838918886923,3,"Ccl4 Vegfa Il18"
"GOBP_POSITIVE_REGULATION_OF_VASCULATURE_DEVELOPMENT",-1.13472216816596,0.246802782140453,1,97,-0.371896082581793,13,"Cd36 Epha1 Hmga2 Hmox1 Itga5 Ntrk1 Vegfa Brca1 Cd40 Angpt4 Hk2 S100a1 Tert"
"GOBP_POSITIVE_REGULATION_OF_VASOCONSTRICTION",-1.2237333506295,0.212459840759883,1,19,-0.517710587304073,3,"Faah Trpm4 Wdr35"
"GOBP_POSITIVE_REGULATION_OF_VESICLE_FUSION",1.11346745673199,0.311601150527325,1,14,0.431739682826656,4,"Stxbp1 Anxa1 Doc2g Rph3al"
"GOBP_POSITIVE_REGULATION_OF_VIRAL_GENOME_REPLICATION",-0.733707569938405,0.837085550552599,1,23,-0.298995567528691,13,"Gbp7 Top2a Ddx3x Tmem39a Pde12 Top2b Cnot7 Notch1 Adar Pkn2 Ddb1 Hacd3 Ppid"
"GOBP_POSITIVE_REGULATION_OF_VIRAL_LIFE_CYCLE",1.0096152747311,0.434166355837374,1,22,0.348669643602782,3,"Axl Clec4g Cd209a"
"GOBP_POSITIVE_REGULATION_OF_VIRAL_PROCESS",0.522968343856452,0.999425617461229,1,55,0.14657241533752,9,"Axl Clec4g Cd209a Tbc1d20 Tarbp2 Mdfic Cd4 Cd74 Ppih"
"GOBP_POSITIVE_REGULATION_OF_WNT_SIGNALING_PATHWAY",-1.01388854362971,0.45329732162953,1,93,-0.333803994313478,18,"Ptk7 Depdc1b Trpm4 Jrk Amer1 Lrrk2 Mllt3 Tert Ttc21b Bambi Disc1 Egfr Tmem9 Tmem198b Thra Peg12 Lgr5 Frat1"
"GOBP_POSITIVE_REGULATION_OF_WOUND_HEALING",-0.864304103859149,0.66775841739814,1,31,-0.332724726448579,3,"Cd36 S100a9 Plau"
"GOBP_POSITIVE_THYMIC_T_CELL_SELECTION",0.512040646003778,0.98264195351574,1,10,0.217778771084613,4,"Cd74 Itpkb Srf Ptprc"
"GOBP_POSITIVE_T_CELL_SELECTION",-1.15738926309812,0.260392460624839,1,35,-0.437104183874761,4,"Loxl3 Bcl2 Cd69 Foxp3"
"GOBP_POSTSYNAPSE_ASSEMBLY",-0.511680640789228,0.998563906175203,1,60,-0.17797706796433,18,"Il1rap Ntng2 Rac3 Lzts1 Numbl Zdhhc12 Crkl Senp1 Ptk2b Nckipsd Elmo1 Palm Ube3b Dock7 Arhgap33 Pdlim5 Dpysl2 Prickle1"
"GOBP_POSTSYNAPSE_ORGANIZATION",-0.698426408554355,0.98027139874739,1,202,-0.216169350077794,27,"Itga3 Agrn Lrp5 Mapre3 Cit Il1rap Cntnap1 Ntng2 Rac3 Xlr4a Asap1 Cask Lrrk2 Pick1 Stau2 Vhl Itpka Mfn1 Dip2a Hdac6 Lamc1 Cdkl5 Actn2 Tanc1 Disc1 Lzts1 Bhlhb9"
"GOBP_POSTSYNAPSE_TO_NUCLEUS_SIGNALING_PATHWAY",1.11499210868271,0.324185765983112,1,11,0.461495166248478,4,"Nsmf Rela Prr7 Jak2"
"GOBP_POSTSYNAPTIC_ACTIN_CYTOSKELETON_ORGANIZATION",0.705155348478822,0.899497487437186,1,20,0.249062830458714,3,"Farp1 Sipa1l1 Camk2b"
"GOBP_POSTSYNAPTIC_CYTOSKELETON_ORGANIZATION",-0.786215596442562,0.771889086190411,1,22,-0.323015626052067,5,"Cit Rac3 Actn2 Kif2c Abi2"
"GOBP_POSTSYNAPTIC_DENSITY_ASSEMBLY",-0.541835495411671,0.968136185072021,1,14,-0.244375191261654,1,"Il1rap"
"GOBP_POSTSYNAPTIC_DENSITY_ORGANIZATION",-0.739012257194116,0.857142857142857,1,36,-0.277936061909475,3,"Cit Il1rap Cntnap1"
"GOBP_POSTSYNAPTIC_ENDOCYTOSIS",-0.68917796392409,0.9195,1,43,-0.25208460258277,3,"Lrp1 Pick1 Scrib"
"GOBP_POSTSYNAPTIC_MEMBRANE_ORGANIZATION",-0.821147099923514,0.74048174048174,1,34,-0.311281287546894,5,"Agrn Lrp5 Cit Pick1 Lamc1"
"GOBP_POSTSYNAPTIC_MODULATION_OF_CHEMICAL_SYNAPTIC_TRANSMISSION",-1.15703972711826,0.270683692471402,1,27,-0.456098452910085,3,"Nrgn Igf1 Rasgrf2"
"GOBP_POSTSYNAPTIC_SIGNAL_TRANSDUCTION",1.19662039731001,0.181737588652482,1,35,0.366830088695908,15,"Ly6i Trpc1 Nsmf Large1 Stim1 Rela Ly6a Nf1 Rgs10 Prr7 Jak2 Gna11 Anxa7 Ly6c2 Itpr1"
"GOBP_POSTSYNAPTIC_SPECIALIZATION_ASSEMBLY",-0.771376686293821,0.786446784922395,1,20,-0.32307070888276,2,"Il1rap Ntng2"
"GOBP_POSTSYNAPTIC_SPECIALIZATION_ORGANIZATION",-0.746557427108611,0.855772823514759,1,44,-0.272068364335878,4,"Cit Il1rap Cntnap1 Ntng2"
"GOBP_POST_ANAL_TAIL_MORPHOGENESIS",0.826763078105483,0.69479066794503,1,14,0.320571945732194,2,"Traf3ip1 Fzd3"
"GOBP_POST_EMBRYONIC_DEVELOPMENT",-1.01103574150969,0.456615805055796,1,84,-0.336425605859315,6,"Nr4a2 Myo1e Bcl2 Vegfa Slc18a2 Siah1a"
"GOBP_POST_GOLGI_VESICLE_MEDIATED_TRANSPORT",-0.619059829816056,0.991770462633452,1,105,-0.201271237557479,40,"Wipi1 Ehd3 Lyplal1 Rab26 Pkdcc Gga2 Bbs2 Llgl1 Lypla1 Ccdc91 Exoc5 Rbsn Exoc8 Klhl20 Ankfy1 Blzf1 Optn Rnf115 Ccdc22 Vamp2 Ap1ar Ap4m1 Vamp4 Arfgef2 Golph3 Exoc4 Dop1a Exoc6b Vti1a Kif13a Golga7 Coro7 Dnm2 Bbs1 Rab10 Akt1 Arfrp1 Commd1 Gak Exoc6"
"GOBP_POST_TRANSCRIPTIONAL_GENE_SILENCING",-1.03494941412186,0.416893089190786,1,65,-0.355760672344354,29,"4930509G22Rik Mir17hg 6720427I07Rik Zfp36 Cul4a Pum1 Ago1 Mov10 Eif4enif1 Helz Cnot6 Clp1 Zswim8 Focad Dnd1 Rbm4 Eif4e2 Ago2 Gigyf2 Fxr1 Celf2 Cnot7 Cnot8 Elavl1 Eif6 Eloc Mecp2 Dhx9 Tsnax"
"GOBP_POST_TRANSCRIPTIONAL_REGULATION_OF_GENE_EXPRESSION",-0.823456710063573,0.928829915560917,1,443,-0.246199028871236,161,"Tent5c Shfl Gtdc1 Bank1 Vegfa Igf1 Nck2 Map3k20 Igf2bp3 S100a9 Ifrd2 Pym1 4930509G22Rik Mir17hg Mapkapk5 Scrib Tent4a Cryz Fbxw8 6720427I07Rik Nrde2 Zfp36 Mrps27 Tdrd7 Pnpt1 Secisbp2 Ang Trmt10c Tnf Gigyf1 Mettl1 E2f1 Gcnt2 Dhfr Rgs2 Tyms Zc3h12c Paip2b Ppp1r15b Kbtbd8 Cul4a Cnot9 Carhsp1 Pum1 Shmt1 Rpusd3 Mettl18 Zc3h12d Unk Ngdn Ago1 Mov10 Eif4enif1 Tent4b Eif5a2 Dcp1a Usp16 Vim Helz Cnot6 Dxo Enc1 Eif2ak2 Jmjd4 Klhl25 Ikbke Ppp1r15a Usp5 Pum3 Sesn2 Mrpl1 Clp1 Trnau1ap Cdk4 Etf1 Nsun2 Dcp2 Mettl8 Zswim8 Traf2 Ddx3x Atxn3 Focad Coa3 Uhmk1 Senp1 Pelo Paip2 Eif2s3x Pde12 Ptk2b Dnd1 Rbm4 Smyd5 Eif4e2 Calr Atg14 Gsk3b Ythdf1 Upf3a Ncl Wapl Abce1 Ctif Srsf1 Bzw2 Zc3h12b Uqcc2 Ddx49 Zfp36l2 Ago2 Apex1 Pias4 Cpeb2 Lamtor1 Mtor Tcof1 Gigyf2 Mettl14 Samd4b Trub2 Sepsecs Fxr1 Brf1 Mrpl13 Alkbh3 Gemin5 Celf2 Alkbh5 Rpusd4 Cnot7 Khdrbs1 Ythdf3 Mettl3 Mapkapk2 Gspt1 Cnot8 Eif5b Rraga Elavl1 Wdr4 Cnot11 Rc3h2 Bzw1 Paip1 Cdc37 Ogfod1 Eif6 Patl1 Ywhag Eloc Mecp2 Plekhn1 Rbm10 Dhx9 Prkch Slfn2 Tsnax Nanos3 Mpv17l2 Pld1"
"GOBP_POST_TRANSLATIONAL_PROTEIN_TARGETING_TO_ENDOPLASMIC_RETICULUM_MEMBRANE",0.896798466915387,0.593498452012384,1,12,0.363264979173342,12,"Sec62 Macf1 Sec61a1 Sec63 Bag6 Get4 Sec61a2 Sec61g Ubl4a Hspa5 Sec61b Sgta"
"GOBP_POTASSIUM_ION_HOMEOSTASIS",-0.987397212920938,0.495238095238095,1,21,-0.410087936852069,3,"Klhl3 Fxyd2 Slc12a2"
"GOBP_POTASSIUM_ION_IMPORT_ACROSS_PLASMA_MEMBRANE",-0.974297977214414,0.512924187725632,1,15,-0.433979493297632,5,"Fxyd2 Slc12a2 Atp4a Slc12a7 Atp1b3"
"GOBP_POTASSIUM_ION_TRANSMEMBRANE_TRANSPORT",-1.19436666242516,0.195090590298071,1,70,-0.406884899127826,12,"Kcnq5 Kcnb1 Kcnk3 Kcng1 Fxyd2 Kcnk12 Tmem38a Pkd2 Akap7 Slc12a2 Kcnip3 Kcnab3"
"GOBP_POTASSIUM_ION_TRANSPORT",-1.12439173700878,0.26753837407618,1,87,-0.372816913816288,20,"Kcnq5 Kcnb1 Kcnk3 Kcng1 Fxyd2 Kcnk12 Tmem38a Pkd2 Akap7 Slc12a2 Kcnip3 Kcnab3 Tsc1 Actn2 Tmco3 Cdk2 Abcb8 Kcnn4 Flna Oxsr1"
"GOBP_PRENYLATION",1.01881500143645,0.426596057664019,1,10,0.433317707699635,3,"Rabggta Fntb Rabggtb"
"GOBP_PRESYNAPSE_ASSEMBLY",-0.914697290790093,0.592434584755404,1,17,-0.396643263064346,3,"Il1rap Mdga1 Ntng2"
"GOBP_PRESYNAPSE_ORGANIZATION",0.9382254319293,0.555152979066023,1,27,0.307942818323997,5,"Farp1 Pfn2 Cadm1 App Daam1"
"GOBP_PRESYNAPTIC_ENDOCYTOSIS",-0.611882908215235,0.987257423427636,1,69,-0.20851600102249,8,"Cxadr Lrrk2 Ppp3cc Scrib Stx1a Bcl2l1 Tbc1d24 Syt11"
"GOBP_PRESYNAPTIC_MODULATION_OF_CHEMICAL_SYNAPTIC_TRANSMISSION",-0.507522696418625,0.9926451273969,1,30,-0.196310738721507,12,"Chrnb2 Dgki Prkce Myo6 Prkcg Bace1 Gsk3b Ywhah Fbxl20 Fxr1 Gipc1 Rab3a"
"GOBP_PRE_MIRNA_PROCESSING",0.5804817085446,0.960051134547779,1,14,0.225077964531877,4,"Bcdin3d Tarbp2 Prkra Dgcr8"
"GOBP_PRIMARY_MIRNA_PROCESSING",-0.820235556528725,0.714389640622727,1,14,-0.369937412191913,6,"Drosha Pus10 Ddx3x Ddx5 Mettl3 Mecp2"
"GOBP_PRIMARY_NEURAL_TUBE_FORMATION",-1.02496062949039,0.428455754771544,1,78,-0.344588885974061,17,"Ptk7 Stil Luzp1 Cecr2 Bbs4 Kif20b Scrib Tsc1 Mthfr Tgif1 Lmo4 Celsr1 Mthfd1l Glmn Ift122 Specc1l Cdk20"
"GOBP_PROCESS_UTILIZING_AUTOPHAGIC_MECHANISM",-0.663107520365701,0.999296977001105,1,487,-0.19783119061649,90,"Fbxl2 S100a8 Lix1l Wipi1 Rasip1 Rragd Hmox1 Gm12185 Bcl2 Rab37 Tpcn1 Yod1 Diaph3 Ptpn22 Chek2 Fnbp1l Rab39 Tbc1d12 S100a9 Snx7 Irgq Lrrk2 Usp36 Hk2 Vhl Plekhm1 Tsc1 Slc35d3 Ddit3 Bag3 Rpgr Hdac6 Trp53inp2 Deptor Cers1 Lzts1 Irgm2 Lypla1 Elp6 Synpo2 Syt11 Naglu Pex12 Ubqln4 Ripk2 Usp10 Ubqln2 Phf23 Chmp7 Ube3c Gopc Atg2a Tigar Abi2 Gpsm1 Vps4a Nrbf2 Trim13 Trim5 Hmga1 Zdhhc19 Zdhhc12 Vps25 Iigp1 Stam2 Tecpr1 Wdfy3 Atg13 Sesn2 Tollip Chmp1a Trim27 Sesn1 Arsa Tmem39a Epm2a Ubxn2a Rab1a Atg14 Htra2 Mtm1 Smo Snx14 Trim12c Pacs2 Optn Gsk3b Pik3r4 Bcas3 Parl"
"GOBP_PRODUCTION_OF_MOLECULAR_MEDIATOR_INVOLVED_IN_INFLAMMATORY_RESPONSE",-1.05105050381672,0.385779122541604,1,73,-0.356138710550498,8,"Hmox1 Cd6 Slc18a2 Dusp10 Card9 Ephx2 S100a9 Ccr1l1"
"GOBP_PRODUCTION_OF_MOLECULAR_MEDIATOR_OF_IMMUNE_RESPONSE",-1.06000650363427,0.364216572705031,1,159,-0.333385913539584,32,"Clnk Cd36 Hmox1 Cd81 Trpm4 Shld3 Ptpn22 Vpreb3 Exo1 Cd22 Cd40 Il18 Lilrb4a Cd86 Prkcz Tnfrsf4 Sphk2 Cgas Foxp3 Pagr1a Cd55 Fzd5 Tnf Smc4 Ercc1 Smad7 Paxip1 Ezh2 Dnajb9 Hmces Kit Il27ra"
"GOBP_PROGESTERONE_RECEPTOR_SIGNALING_PATHWAY",-0.61734626374286,0.92013161830691,1,11,-0.293177769752055,4,"Psmc3ip Zdhhc7 Trerf1 Ube3a"
"GOBP_PROGRAMMED_NECROTIC_CELL_DEATH",-0.83982629309588,0.725765946760422,1,42,-0.308717644219794,2,"Nol3 Mlkl"
"GOBP_PROSTAGLANDIN_TRANSPORT",-0.600270325248069,0.932545617708645,1,11,-0.285068405755951,1,"Pla2g4a"
"GOBP_PROSTANOID_BIOSYNTHETIC_PROCESS",-1.23621969544052,0.198032150776053,1,20,-0.517757900176764,5,"Ptges3l Pla2g4a Ptgds Fabp5 Daglb"
"GOBP_PROSTANOID_METABOLIC_PROCESS",-0.981591978391802,0.498555292881534,1,30,-0.379681633473699,5,"Ptges3l Pla2g4a Ptgds Fabp5 Daglb"
"GOBP_PROSTATE_GLAND_DEVELOPMENT",0.982516546317927,0.472780569514238,1,30,0.312564001459661,8,"Rarg Cyp7b1 Rxra Stat5a Igf1r Eaf2 Apc Rara"
"GOBP_PROSTATE_GLAND_MORPHOGENESIS",1.20351145452535,0.231888544891641,1,12,0.487504806923671,5,"Rarg Cyp7b1 Rxra Stat5a Igf1r"
"GOBP_PROTEASOME_ASSEMBLY",-0.740345058513751,0.808519855595668,1,15,-0.329770338103141,7,"Psmg1 Ecpas Psmg4 Adrm1 Psmg3 Psmd5 Psmd11"
"GOBP_PROTEASOME_MEDIATED_UBIQUITIN_DEPENDENT_PROTEIN_CATABOLIC_PROCESS",-0.67969985646682,0.997084254976875,1,425,-0.2034027056196,114,"Trib2 Fbxl2 Klhl30 Klhl3 Ubxn11 Klhl8 Dtl Siah1b Dtx4 Klhl12 Siah1a Spsb4 Rab40c Fbxo45 Lrrk2 Ipp Arrb1 Vhl Ankrd9 Ddit3 Klhl36 Pbk Trim45 Fbxl18 Fbxw8 Cul5 Ccnf Klhl7 Fbxo46 Desi1 Asb1 Rnf170 Cul2 Syvn1 Naglu Kbtbd8 Cul4a Ubqln4 Smarcc1 Glmn Fbxl15 Klhl35 Usp10 Lrrc75a Ube2d1 Amn1 Topors Cdc27 Fbxo11 Trim26 Trim13 Akirin2 Zer1 Klhl20 Asb7 Fbxo3 Armc5 Usp5 Arrb2 Zfp574 Smad3 Rnf34 Gclc Zswim8 Klhl11 Klhl9 Atxn3 Klhdc1 Ascc3 Hspbp1 Senp1 Klhl18 Epm2a Cdc34 Fbxo32 Crbn Ubxn2a Ube2n Mtm1 Dcaf1 Gsk3b Anapc13 Abce1 Fbxw4 Kbtbd3 Ube2f Rnf216 Taf9 Bag2 Nhlrc3 Fbxo9 Rnf145 Cdc16 Anapc7 Ube3a Psmb7 Anapc2 Klhl28 Kbtbd2 Flcn Mtor Psma5 Fbxl20 Spsb3 Appbp2 Spop Siah2 Cbx4 Zyg11b Tnfaip1 Prickle1 Dnajb2 Hectd3 Fbxo7"
"GOBP_PROTECTION_FROM_NON_HOMOLOGOUS_END_JOINING_AT_TELOMERE",-0.450721517626484,0.99192342207598,1,11,-0.214047669967003,3,"Cdk2 Ercc1 Dclre1b"
"GOBP_PROTEINOGENIC_AMINO_ACID_BIOSYNTHETIC_PROCESS",0.906927745947477,0.633882352941176,1,39,0.271625407940334,8,"Tha1 Mtrr Enoph1 Mtr Mthfd1 Gcat Cln3 Pycr1"
"GOBP_PROTEIN_ACETYLATION",-1.18803049729438,0.219,1,43,-0.434552773657241,7,"Dscc1 Esco2 Cep295 Smc5 Dip2a Hdac6 Atat1"
"GOBP_PROTEIN_ACYLATION",-0.950653446268002,0.55775075987842,1,69,-0.323961418618878,20,"Dscc1 Esco2 Cep295 Smc5 Dip2a Hdac6 Atat1 Zdhhc7 Zdhhc21 Abcg2 Zdhhc19 Zdhhc12 Naa20 Zdhhc18 Zdhhc23 Zdhhc15 Ing5 Zdhhc1 Glul Smo"
"GOBP_PROTEIN_AUTOPHOSPHORYLATION",-0.748573292951621,0.925917995931913,1,144,-0.237082500412428,28,"Ntrk1 Vegfa Lck Tom1l1 Chek2 Map3k20 Prlr Phka1 Pdgfrb Lrrk2 Map3k9 Mapkapk5 Vegfc Egfr Jun Melk Thy1 Rassf2 Camk2a Hck Oxsr1 Ppp2r5d Kit Eif2ak2 Stk16 Flt4 Prkcg Hk1"
"GOBP_PROTEIN_AUTOUBIQUITINATION",-0.629206449755466,0.976065102920057,1,60,-0.218855884207376,17,"Ube2t Brca1 Rag1 Lrrk2 Rnf19b Rnf141 Trim13 Rad18 Traf2 Trim68 Rnf115 Uhrf1 Sh3rf1 Ube3a Rnf213 Trim30a Rnf146"
"GOBP_PROTEIN_AUTO_ADP_RIBOSYLATION",1.26272875816781,0.186377708978328,1,12,0.511491882468494,2,"Parp16 Parp6"
"GOBP_PROTEIN_BRANCHED_POLYUBIQUITINATION",-0.556750534125297,0.971923452996229,1,19,-0.235537951021431,7,"Cdc27 Anapc13 Cdc16 Anapc7 Anapc2 Ubr4 Cdc23"
"GOBP_PROTEIN_CATABOLIC_PROCESS_IN_THE_VACUOLE",-0.971103279159617,0.516707416462918,1,24,-0.392125962472796,2,"Lrp1 Cd81"
"GOBP_PROTEIN_COMPLEX_OLIGOMERIZATION",-1.13486031011809,0.206838682609608,1,188,-0.352923159471562,25,"Ms4a1 Nol3 Best1 Kcnb1 Oas1c Rrm2 Trpm4 Ehd3 Oas1a Kctd1 Mlkl Tmem120b Kcng1 Card9 Mcu Tk1 Samd1 Wdcp Nme4 Pkd2 Kctd21 Cryz Kctd6 Slc1a2 Hdac6"
"GOBP_PROTEIN_CONTAINING_COMPLEX_DISASSEMBLY",-0.759707883123164,0.942812662169175,1,217,-0.234108806881269,50,"Lix1l Shfl Napb Diaph3 Stmn1 Kif24 Aurkb Pym1 Eps8 Hdac6 Hemk1 Actn2 Stx1a Ckap2l Irgm2 Tnf Elp6 Mical3 Ccsap Camsap3 Pex12 Ubqln4 Add3 Smarcc1 Camsap1 Smad7 Kif2c Tpx2 Specc1l Phf23 Chmp7 Eif5a2 Vps4a Jmjd4 Arid2 Tecpr1 Etf1 Chmp1a Traf2 Pdxp Tpm1 Dyrk3 Tmem39a Mtrf1l Atg14 Snx14 Pik3r4 Clasp1 Katnb1 Abce1"
"GOBP_PROTEIN_CONTAINING_COMPLEX_LOCALIZATION",-0.580794924961811,0.994331983805668,1,78,-0.195261623143014,13,"Kif17 Olfm1 Cep131 Scrib Prkcz Birc5 Washc5 Camk2a Smad7 Kif2c Lmnb1 Gpsm2 Akirin2"
"GOBP_PROTEIN_DEACETYLATION",1.22522034327723,0.152986678126343,1,33,0.38130426124364,4,"Nek3 Sirt6 Kat2b Kat14"
"GOBP_PROTEIN_DENEDDYLATION",0.991406259439011,0.456875753920386,1,11,0.410342990732132,2,"Senp8 Cops8"
"GOBP_PROTEIN_DEPALMITOYLATION",-0.807269677851782,0.724367711646221,1,10,-0.390973741621564,2,"Lyplal1 Lypla1"
"GOBP_PROTEIN_DEPHOSPHORYLATION",-0.686979850460501,0.951911935110081,1,76,-0.231668767679388,18,"Bcl2 Ptpn22 Ptpn7 Cttnbp2nl Ppp3cc Dusp18 Dusp2 Dusp1 Ppp2r2a Ppp2r3d Dusp6 Sdhaf2 Cdc14b Ppm1d Pdxp Epm2a Ctdspl2 Mtm1"
"GOBP_PROTEIN_DEPOLYMERIZATION",-0.805783570383491,0.822471147318398,1,90,-0.266334923741637,17,"Diaph3 Stmn1 Kif24 Aurkb Eps8 Hdac6 Actn2 Ckap2l Mical3 Ccsap Camsap3 Add3 Camsap1 Kif2c Tpx2 Specc1l Vps4a"
"GOBP_PROTEIN_DESTABILIZATION",0.680357136518796,0.984299516908213,1,59,0.187593578594251,14,"Sirt6 Nr1d1 Prnp Plk1 Prkn Btrc Clec16a Mul1 Irgm1 Fbxw11 Ctsh Utp25 Fbxl3 Src"
"GOBP_PROTEIN_DEUBIQUITINATION",-0.678343969070315,0.96254808780267,1,90,-0.224212426156763,20,"Cdk1 Yod1 Usp50 Usp49 Mindy4 Usp36 Usp54 Usp39 Usp2 Otud3 Usp31 Usp10 Spata2 Usp16 Brcc3 Mindy3 Usp5 Josd1 Atxn3 Usp53"
"GOBP_PROTEIN_DNA_COMPLEX_DISASSEMBLY",-0.961781530442118,0.526787003610108,1,15,-0.428404318807731,10,"Smarcc1 Arid2 Supt16 Grwd1 Atad2b Atad2 Cebpg Arid1a Smarcd2 Ssrp1"
"GOBP_PROTEIN_DNA_COMPLEX_ORGANIZATION",-1.1010878947931,0.287430287430287,1,142,-0.34924171540791,58,"Esr1 Rad51c Nap1l3 Asf1b Cdt1 Padi4 Cdc45 Polr1e Rad51 Med9 Nasp Taf4b H1f0 Chaf1a Mcm2 Thra Smarcc1 Rad52 Rrn3 Taf8 Arid2 Med22 Cabin1 Tspyl2 Taf12 Taf1c Med26 Chaf1b Taf6 Cand1 Taf7 Taf5 Taf9 Smarca5 Tbp Gtf2b Gmnn Supt16 Asf1a Hmgb1 Med1 Taf3 Ubn1 Med25 Creb1 Brf1 Taf1 Grwd1 Ikzf1 Terf1 Daxx Atad2b Med21 Gtf2h5 Anp32b Med6 Baz1a Med30"
"GOBP_PROTEIN_EXPORT_FROM_NUCLEUS",-0.774091765881259,0.831567541536239,1,57,-0.271128305240341,17,"Bard1 Ankle1 Rasl2-9 Bag3 Desi1 Peg12 Frat1 Rangap1 Chchd4 Xpo4 Frat2 Strada Uhmk1 Ctdspl2 Calr Gsk3b Cchcr1"
"GOBP_PROTEIN_FOLDING",-0.467616330389979,1,1,169,-0.146545428788421,78,"Ptges3l Hdac4 Dnaja4 Qsox2 Hspa2 Dnajc18 Fkbp5 Tsc1 Bag3 Grpel2 Elp6 Hspa14 Cct6b Chchd4 Ppic Sdf2l1 Chordc1 Dnajb12 Tcp1 Coa3 Calr Dnaja3 H2-DMb2 Cct3 Dnajb11 Dnajc2 Hsph1 Dnaja1 Tbcb Ahsa2 Cox19 Qsox1 Ppig Cdc37l1 Dnajb1 Unc45a Ppil1 Sdf2 Dnajb2 Cct6a Ahsa1 Hsp90aa1 Cox14 Pfdn6 Pdcl3 Cdc37 Hspa9 Pfdn4 Hspa4l Sgta Ric8a Nktr Dffa Cct2 Fkbp8 Cct8 Tbcc P3h1 Pbdc1 Pfdn1 Mettl21a P4hb Hspa4 Cct7 Bag1 Fkbp4 Hspe1 Tbcd Dnajc25 Pdcd5 Wdr83os Hspa13 Ppid Tbca Hsp90ab1 Fkbp1a Anp32e Stub1"
"GOBP_PROTEIN_HETEROOLIGOMERIZATION",-1.01783647336368,0.4532167736648,1,22,-0.418176753488272,3,"Rrm2 Tmem120b Pkd2"
"GOBP_PROTEIN_HETEROTETRAMERIZATION",-1.09176919662725,0.37817483756645,1,12,-0.507012727885469,2,"Rrm2 Pkd2"
"GOBP_PROTEIN_HEXAMERIZATION",0.868371613228979,0.635913312693498,1,12,0.351750150821911,3,"Lrrc8a Letm1 Lrrc8d"
"GOBP_PROTEIN_HOMOOLIGOMERIZATION",-0.829109685204091,0.815207972270364,1,129,-0.265473066762226,24,"Kcnb1 Trpm4 Ehd3 Kctd1 Mlkl Kcng1 Card9 Tk1 Samd1 Pkd2 Kctd21 Cryz Kctd6 Slc1a2 Acot13 Pnpt1 Ryr1 Ehd1 Ripk2 Kcnn4 Shmt1 Ssbp1 Jmjd6 Usp16"
"GOBP_PROTEIN_HOMOTETRAMERIZATION",-0.778527340542738,0.810625,1,43,-0.284766439894694,10,"Trpm4 Tk1 Pkd2 Cryz Acot13 Ryr1 Kcnn4 Shmt1 Ssbp1 Usp16"
"GOBP_PROTEIN_HYDROXYLATION",-0.950483215887523,0.544510807736064,1,17,-0.412161234141051,10,"P3h3 Jmjd6 Jmjd4 Egln3 Jmjd7 Plod1 Ogfod1 P4ha1 P3h1 P4hb"
"GOBP_PROTEIN_IMPORT_INTO_MITOCHONDRIAL_MATRIX",-0.554224155256166,0.977462095342166,1,22,-0.227702252783187,8,"Grpel2 Timm21 Dnajc19 Dnajc15 Timm17a Timm50 Tomm22 Hsp90aa1"
"GOBP_PROTEIN_IMPORT_INTO_PEROXISOME_MATRIX_RECEPTOR_RECYCLING",0.802986095671954,0.721094439541041,1,10,0.341522350770918,3,"Pex13 Pex26 Pex5"
"GOBP_PROTEIN_INSERTION_INTO_ER_MEMBRANE",0.986222418873861,0.4746233148295,1,26,0.326463512429832,26,"Ncln Mmgt1 Ccdc47 Emc4 Emc2 Caml Tmco1 Emc7 Sec61a1 Bag6 Tram2 Get4 Tram1 Emc6 Emc10 Ubl4a Tmem147 Wdr83os Wnk1 Emc3 Rab5if Sgta Emc8 Emc1 Emc9 Nomo1"
"GOBP_PROTEIN_INSERTION_INTO_ER_MEMBRANE_BY_STOP_TRANSFER_MEMBRANE_ANCHOR_SEQUENCE",0.806960255711275,0.723763570566948,1,11,0.334000800961153,11,"Mmgt1 Emc4 Emc2 Emc7 Emc6 Emc10 Wnk1 Emc3 Emc8 Emc1 Emc9"
"GOBP_PROTEIN_INSERTION_INTO_MEMBRANE",0.661540416610743,0.990104772991851,1,56,0.18475977396571,9,"Grin3b Rtp4 Ncln Mmgt1 Bcs1l Ccdc47 Emc4 Timm29 Emc2"
"GOBP_PROTEIN_INSERTION_INTO_MITOCHONDRIAL_INNER_MEMBRANE",-0.79909013968831,0.743458475540387,1,17,-0.346512145252708,7,"Timm8a1 Timm22 Maip1 Timm13 Timm10 Agk Tmem126a"
"GOBP_PROTEIN_K11_LINKED_UBIQUITINATION",-0.669198494740194,0.932365303782958,1,38,-0.24929107816296,11,"Ube2t Rnf26 Cul5 Cdc27 Trim26 Ube2e2 Anapc13 Rnf115 Cdc16 Anapc7 Anapc2"
"GOBP_PROTEIN_K27_LINKED_UBIQUITINATION",-0.911104451590829,0.596599028293798,1,16,-0.399457413094573,1,"Ube2t"
"GOBP_PROTEIN_K48_LINKED_DEUBIQUITINATION",0.632720159471776,0.968196457326892,1,27,0.207670376955663,6,"Otub2 Usp27x Tnfaip3 Usp33 Usp34 Usp20"
"GOBP_PROTEIN_K48_LINKED_UBIQUITINATION",-0.833088116391002,0.785586791610888,1,103,-0.27143858317017,33,"Klhl3 Ube2t Trim55 Dtx4 Fbxo45 Trim45 Cul5 Rnf170 Syvn1 Dusp22 Ube2d1 Ube3c Topors Cdc27 Trim44 Ube2e2 Rnf34 Cdc34 Anapc13 Rnf115 Rnf216 Fbxo9 Cdc16 Anapc7 Ube3a Anapc2 Tax1bp1 Kbtbd2 Spsb3 Rnf146 Fbxo7 Ubr4 Rnf8"
"GOBP_PROTEIN_K63_LINKED_DEUBIQUITINATION",1.02559688545273,0.409411764705882,1,25,0.342740466642386,9,"Otub2 Usp27x Stambp Zranb1 Tnfaip3 Usp33 Usp20 Stambpl1 Usp8"
"GOBP_PROTEIN_K63_LINKED_UBIQUITINATION",-0.758723577671015,0.875345622119816,1,79,-0.254477240337715,22,"Ube2t Ptpn22 Chek2 Trim55 Dusp22 Ripk2 Trim5 Ube2e2 Sesn2 Trim27 Trim56 Traf2 Ddx3x Rnf168 Ube2n Trim12c Rnf115 Rnf213 Trim30d Trim30a Parp10 Prpf19"
"GOBP_PROTEIN_K6_LINKED_UBIQUITINATION",-1.23599253575852,0.199208623277391,1,23,-0.503683354011694,3,"Ube2t Brca1 Bard1"
"GOBP_PROTEIN_LOCALIZATION_TO_CELL_CELL_JUNCTION",-0.792965323773827,0.762056541019956,1,20,-0.332112538300744,5,"Scrib Arhgef18 Zdhhc7 Flna Lsr"
"GOBP_PROTEIN_LOCALIZATION_TO_CELL_CORTEX",0.819999597981587,0.709597523219814,1,12,0.332156162027688,5,"Plk1 Gnai1 Epb41l2 Sapcd2 Numa1"
"GOBP_PROTEIN_LOCALIZATION_TO_CELL_JUNCTION",0.899594321579269,0.732394366197183,1,87,0.233605105540283,19,"Homer1 Kif5c Dlg4 Lhfpl4 Zdhhc2 Afdn Kalrn Gnai1 Ctnnd1 Snap23 Sacm1l Dlg2 Kif3a Cdh5 Stx3 Abhd17b Rab8a Tnik Gripap1"
"GOBP_PROTEIN_LOCALIZATION_TO_CELL_PERIPHERY",-0.860487698856925,0.82930079967193,1,276,-0.262264297623653,41,"Cd36 Kcnb1 Lrp1 Itga3 Tmem88 Cd81 Olfm1 Ehd3 Lyplal1 Pid1 Stac3 Rab26 Map7 Pacs1 Cask Cacnb2 Pkdcc Negr1 Gga2 Scrib Kcnip3 Prkcz Ramp3 Bbs2 Pls1 Stac2 Actn2 Bcl2l1 Lrrc15 Egfr Lztfl1 Zdhhc7 Jup Lypla1 Tnf Rab29 Ehd1 Rangrf Tspan5 Exoc5 Camk2a"
"GOBP_PROTEIN_LOCALIZATION_TO_CELL_SURFACE",1.0511401596498,0.333333333333333,1,54,0.295112318470638,16,"Egf Hfe Ephb2 Snx33 Prrt1 Tax1bp3 Nedd4l Vps54 Stx3 Lrig2 Synj2bp Usp4 Gga1 Cdh1 Stx4a Vcl"
"GOBP_PROTEIN_LOCALIZATION_TO_CHROMATIN",-0.920896351246451,0.604696673189824,1,51,-0.327781967021293,9,"Esr1 Esco2 Mms22l Aurkb Mrnip Cdk2 Ezh2 Chmp7 Tonsl"
"GOBP_PROTEIN_LOCALIZATION_TO_CHROMOSOME",-0.948249241806492,0.580459132749251,1,108,-0.307652056471915,19,"Esr1 Esco2 Zwilch Cdk1 Mms22l Aurkb Kntc1 Smc5 Haspin Xrcc5 Mrnip Cdk2 Gnl3 Ezh2 Tinf2 Chmp7 Mis18a Rpa2 Tonsl"
"GOBP_PROTEIN_LOCALIZATION_TO_CHROMOSOME_TELOMERIC_REGION",-0.623986171902377,0.921431689218682,1,14,-0.281426265710806,3,"Xrcc5 Gnl3 Tinf2"
"GOBP_PROTEIN_LOCALIZATION_TO_CILIARY_MEMBRANE",-0.587034579069448,0.936846887778283,1,10,-0.284310326693779,2,"Lztfl1 Rab29"
"GOBP_PROTEIN_LOCALIZATION_TO_CILIUM",-1.06189552924404,0.378145219266715,1,59,-0.370021282405046,17,"Ccdc39 Tctn2 Wdr35 Bbs4 Crocc Asap1 Rpgr Ttc21b Cep78 Cc2d2b Lztfl1 Tctn1 Rab29 Ehd1 Ift122 Cdk20 Iqce"
"GOBP_PROTEIN_LOCALIZATION_TO_CYTOSKELETON",-1.06235058322346,0.375608597553735,1,63,-0.366899075728681,11,"Stil Luzp1 Bicd1 Mapre3 Bbs4 Cttnbp2nl Kif20b Fam83d Cep131 Cep78 Disc1"
"GOBP_PROTEIN_LOCALIZATION_TO_EARLY_ENDOSOME",0.786880545339902,0.759974667511083,1,13,0.311831751002783,1,"Egf"
"GOBP_PROTEIN_LOCALIZATION_TO_ENDOPLASMIC_RETICULUM",-0.467792373908214,0.995454545454545,1,26,-0.185864143593622,3,"Lrrk2 Grik5 Ppp1r15a"
"GOBP_PROTEIN_LOCALIZATION_TO_ENDOSOME",-0.574820946311086,0.974631425156063,1,28,-0.22522380715502,14,"Vegfa Egfr Akap11 Tollip Zdhhc1 Ezr Abhd17c Rab5a Arl8b Rab35 Nrp1 Msn Abhd17a Micall1"
"GOBP_PROTEIN_LOCALIZATION_TO_EXTRACELLULAR_REGION",-1.09310955503598,0.263800533552227,1,268,-0.333347297976812,37,"Ffar1 Pde1c Kcnb1 Lrp1 Tvp23a Lrp5 Trpm4 Abca1 Brsk2 F2rl2 Slc18a2 Pde3b Baiap3 Igf1 Pde8b Blk Gpld1 Il12a Mcu Rapgefl1 Prkcq Mttp Rab11fip1 Cask Pick1 Fbn1 Arrb1 Nnat Stxbp4 Negr1 Slc12a2 Mon1a Birc5 Tango6 Stx1a Dand5 Vegfc"
"GOBP_PROTEIN_LOCALIZATION_TO_GOLGI_APPARATUS",-0.298149902701648,1,1,28,-0.116819779481423,8,"Pacs1 Rab6a Optn Arl5b Golph3 Bicd2 Arfrp1 Gak"
"GOBP_PROTEIN_LOCALIZATION_TO_LYSOSOME",0.400493194228995,1,1,60,0.109635667840657,11,"Nlk Nmt1 Vps54 Igf2r Rptor Meak7 Sh3bp4 Sort1 Gpr155 Wdr24 Mfsd1"
"GOBP_PROTEIN_LOCALIZATION_TO_MEMBRANE",-0.846770665748396,0.874594813614263,1,345,-0.255347004542001,52,"Cd36 Kcnb1 Lrp1 Itga3 Agrn Tmem88 Lrp5 Cd81 Olfm1 Ehd3 Lyplal1 Pid1 Cit Stac3 Rab26 Map7 Pacs1 Cask Cacnb2 Pick1 Pkdcc Negr1 Gga2 Scrib Kcnip3 Prkcz Ramp3 Bbs2 Pls1 Stac2 Lamc1 Actn2 Stx1a Bcl2l1 Lrrc15 Egfr Lztfl1 Grik5 Cacna1a Irgm2 Zdhhc7 Jup Lypla1 Tnf Thy1 Rab29 Ehd1 Rangrf Tspan5 Exoc5 Tiam1 Camk2a"
"GOBP_PROTEIN_LOCALIZATION_TO_MEMBRANE_RAFT",0.680603256726664,0.857310973815828,1,10,0.289471044931508,3,"Zdhhc2 L1cam Clip1"
"GOBP_PROTEIN_LOCALIZATION_TO_MICROTUBULE",-0.897783215037314,0.61490329920364,1,17,-0.389308755500095,2,"Mapre3 Kif20b"
"GOBP_PROTEIN_LOCALIZATION_TO_MICROTUBULE_ORGANIZING_CENTER",-0.869704944394628,0.67217665615142,1,40,-0.321324753385612,9,"Stil Bicd1 Bbs4 Cep131 Cep78 Disc1 Mcph1 Nup62 Cep83"
"GOBP_PROTEIN_LOCALIZATION_TO_MITOCHONDRION",-0.67207735797191,0.951698827986267,1,64,-0.231554328783637,24,"Hk2 Mtx3 Grpel2 Timm8a1 Timm22 Chchd4 Maip1 Timm21 Hk1 Isg15 Timm13 Timm10 Dnm1l Dnajc19 Dnaja1 Dnajc15 Timm17a Timm50 Tomm22 Hsp90aa1 Agk Tmem126a Fkbp8 Akt1"
"GOBP_PROTEIN_LOCALIZATION_TO_NON_MOTILE_CILIUM",-0.999981756435164,0.486445555050735,1,10,-0.484307313396382,3,"Bbs4 Rpgr Ttc21b"
"GOBP_PROTEIN_LOCALIZATION_TO_NUCLEAR_ENVELOPE",0.60026156529417,0.948545861297539,1,14,0.23274747389004,3,"Plk1 Nup155 Sumo1"
"GOBP_PROTEIN_LOCALIZATION_TO_NUCLEOLUS",-0.847102395596526,0.688888888888889,1,21,-0.351820391192901,9,"Rasl2-9 Tert Nmd3 Cacnb4 Rrp7a Glul Polr1a Cops9 Heatr1"
"GOBP_PROTEIN_LOCALIZATION_TO_NUCLEUS",-0.870303599512333,0.818896031017243,1,292,-0.264420551621047,90,"Uaca Cd36 Glis2 Cdk1 Brca1 Hyal2 Bard1 Ptpn22 Nr4a1 Bbs4 Prkcq Rasl2-9 Lrrk2 Tert Ipo4 Bag3 Dclk2 Cdkl5 Ipo7 Wrap53 Akap1 Irgm2 Cdkn1a Jup Ipo11 Ipo8 Nup93 Flna Nup62 Eif4enif1 Lmnb1 Rangap1 Topors Ipo13 Akirin2 Taf8 Sesn2 Ddx56 Nmd3 Larp7 Lmnb2 Epm2a Cacnb4 Abca7 Sun1 Calr Rrp7a Glul Nup50 Fam53b Smo Gsk3b Arl2bp Nup54 Lamtor5 Ect2 Limk2 Fam53a Tnfrsf1a Nup85 Rap1gds1 Ing1 Srsf1 Pik3r2 Tnpo1 Ei24 Kpna1 Appl1 Kpna4 Med1 Polr1a Flcn Mtor Taf3 Maged1 Mbtps2 Nutf2 Ddx5 Grk2 Prickle1 Chp1 Sp100 Cdk5rap3 Zbtb7a Hsp90aa1 Nup35 Efcab7 Elavl1 Cops9 Insig2"
"GOBP_PROTEIN_LOCALIZATION_TO_PHAGOPHORE_ASSEMBLY_SITE",-0.918901587416222,0.585738782509288,1,16,-0.402875927515088,1,"Wipi1"
"GOBP_PROTEIN_LOCALIZATION_TO_PLASMA_MEMBRANE",-1.00077200241981,0.490965732087227,1,219,-0.308304491398378,37,"Cd36 Kcnb1 Lrp1 Itga3 Tmem88 Cd81 Ehd3 Lyplal1 Pid1 Stac3 Rab26 Map7 Pacs1 Cask Cacnb2 Pkdcc Gga2 Scrib Kcnip3 Prkcz Ramp3 Bbs2 Pls1 Stac2 Actn2 Bcl2l1 Lrrc15 Egfr Zdhhc7 Jup Lypla1 Tnf Ehd1 Rangrf Tspan5 Exoc5 Camk2a"
"GOBP_PROTEIN_LOCALIZATION_TO_POSTSYNAPSE",0.934128290361847,0.59249873289407,1,44,0.274041430626856,12,"Dlg4 Lhfpl4 Zdhhc2 Kalrn Gnai1 Snap23 Sacm1l Dlg2 Stx3 Rab8a Tnik Gripap1"
"GOBP_PROTEIN_LOCALIZATION_TO_SITE_OF_DOUBLE_STRAND_BREAK",0.900630951289039,0.611742424242424,1,24,0.302355377981769,3,"Sirt6 Plk1 Rpa1"
"GOBP_PROTEIN_LOCALIZATION_TO_SYNAPSE",0.959432139944043,0.550917141049968,1,63,0.260026647961266,16,"Homer1 Kif5c Dlg4 Lhfpl4 Zdhhc2 Kalrn Gnai1 Snap23 Sacm1l Dlg2 Stx3 Abhd17b Rab8a Tnik Gripap1 Nrxn2"
"GOBP_PROTEIN_LOCALIZATION_TO_VACUOLE",-0.69288782681709,0.952907961603614,1,91,-0.22880456145205,26,"Cd81 Vps37d Mon1a Hdac6 Mon1b Irgm2 Lypla1 Vps4a Zdhhc19 Zdhhc12 Vps25 Vps36 Atg14 Hgs Pik3r4 Lamtor5 Vps28 Ube3a Lamtor1 Ap4m1 Vps37b Ubr4 Rraga Kptn Szt2 Ywhag"
"GOBP_PROTEIN_MATURATION",-0.482614949319713,1,1,422,-0.144462120826186,89,"Cpm Ptges3l Piga Klk1b4 Hdac4 Casp4 Klk8 Dnaja4 Qsox2 Map3k20 C2 Hspa2 Lrrk2 Plau Lipt2 Pidd1 Atp23 Fam111a Dnajc18 Pign Fkbp5 Tsc1 Bag3 Disp1 Tmprss4 Grpel2 Masp2 Elp6 Icmt Pigc Adam9 Tspan5 Naglu Hid1 Hspa14 Pigf Flna Cct6b Cdk20 Aph1a Casp7 Chchd4 Pgap3 Pigw Ppp1r15a Ppic Pigu Sdf2l1 S100a10 Ece1 Naa20 Chordc1 Dnajb12 Bace1 Sirt4 Ncstn Pigq Tcp1 Pigm Coa3 Bola3 Isca2 Gsdmd Calr Dnaja3 Lmf2 H2-DMb2 Cct3 Dnajb11 Naa16 Parl Galnt2 Tmem260 Ciao2b Rap1gds1 Dnajc2 Naa80 Hsph1 Bag2 Dnaja1 Tbcb Cpn1 Cisd3 Ahsa2 Pmpcb Rnf123 Cox19 Qsox1 Casp2"
"GOBP_PROTEIN_METHYLATION",-0.41256362826962,0.999752168525403,1,46,-0.149182842450371,24,"Fam98a Mettl22 Icmt Mettl18 Fam98b Etf1 Rab6a Snrpd3 Wdr5 Gspt1 Trmt112 Setd7 Kmt5a Ndufaf7 Ehmt2 Smyd2 N6amt1 Eef2kmt Snrpb Mettl21a Prmt5 Ntmt1 Prmt1 Prmt3"
"GOBP_PROTEIN_MODIFICATION_BY_SMALL_PROTEIN_REMOVAL",-0.62815398612448,0.990600464447639,1,110,-0.203595218906339,24,"Cdk1 Yod1 Usp50 Usp49 Mindy4 Usp36 Usp54 Usp39 Usp2 Otud3 Usp31 Desi1 Usp10 Spata2 Usp16 Brcc3 Mindy3 Usp5 Cops7a Josd1 Atxn3 Usp53 Senp1 Uspl1"
"GOBP_PROTEIN_MONOUBIQUITINATION",-1.25589204684496,0.137004619499149,1,54,-0.443488918491418,16,"Fbxl2 Ube2t Dtl Klhl12 Kbtbd8 Pex12 Fancm Usp10 Topors Wdr48 Ube2e2 Rad18 Trim56 Ascc3 Cdc34 Ube2n"
"GOBP_PROTEIN_NEDDYLATION",0.537625657034978,0.978875528111797,1,15,0.203569906279509,2,"Dcun1d4 Dcun1d2"
"GOBP_PROTEIN_N_LINKED_GLYCOSYLATION",0.770374883863406,0.951029098651526,1,73,0.2043879835353,13,"Gorasp1 St8sia1 Pgm3 Alg11 Fut4 Ext2 Mgat4a Uggt1 Nus1 Hexb St8sia4 Alg14 Mogs"
"GOBP_PROTEIN_N_LINKED_GLYCOSYLATION_VIA_ASPARAGINE",-0.849633326306639,0.687915742793792,1,20,-0.355846431318963,5,"Derl3 Uggt2 Mgat2 Mgat5 St6gal1"
"GOBP_PROTEIN_O_LINKED_GLYCOSYLATION",0.943217068919772,0.639784946236559,1,93,0.242125503261172,14,"Large2 B3galt6 Galnt6 Hs3st3a1 Pgm3 Tet1 Pomgnt1 Hs3st3b1 Fut4 Tmtc2 Large1 Slc35d1 Ext2 Chst14"
"GOBP_PROTEIN_O_LINKED_GLYCOSYLATION_VIA_MANNOSE",1.17550462251187,0.254545454545455,1,17,0.430991491202947,5,"Large2 Pomgnt1 Tmtc2 Large1 Nus1"
"GOBP_PROTEIN_O_LINKED_GLYCOSYLATION_VIA_N_ACETYL_GALACTOSAMINE",-0.898330560932381,0.613998818665092,1,12,-0.41718069134782,3,"Galnt3 Galnt4 Galnt10"
"GOBP_PROTEIN_O_LINKED_GLYCOSYLATION_VIA_XYLOSE",-0.668536758342469,0.930725552050473,1,40,-0.247000330845695,3,"Galnt3 Igf1 Chst3"
"GOBP_PROTEIN_PALMITOYLATION",-0.705717031368708,0.862525879917184,1,21,-0.293099917245293,9,"Zdhhc7 Zdhhc21 Zdhhc19 Zdhhc12 Zdhhc18 Zdhhc23 Zdhhc15 Zdhhc1 Glul"
"GOBP_PROTEIN_POLYMERIZATION",-0.586927670425461,0.999583593587341,1,207,-0.181421594679222,14,"Lrrc49 Ccdc57 Cdk1 Mapre3 Diaph3 Stmn1 Nck2 Bbs4 Baiap2l1 Tppp Eps8 Psrc1 Msrb2 Abitram"
"GOBP_PROTEIN_POLYUBIQUITINATION",-0.776444065241088,0.936586370187358,1,255,-0.2373405525757,70,"Klhl3 Bcl2 Ube2t Brca1 Bard1 Dtl Ptpn22 Chek2 Trim55 Dtx4 Spsb4 Fbxo45 Rnf26 G2e3 D7Ertd443e Hdac6 Trim45 Cul5 Rnf170 Syvn1 Fbxo28 Dzip3 Pex12 Dusp22 Ripk2 Ube2d1 Ube3c Topors Cdc27 Trim26 Ubox5 Trim5 Trim44 Klhl20 Ube2e2 Sesn2 Rnf34 Trim27 Trim56 Traf2 Ddx3x Cdc34 Rnf168 Ube2n Trim12c Anapc13 Rnf115 Ube3b Rnf216 Rnf31 Nhlrc3 Fbxo9 Cdc16 Anapc7 Ube3a Anapc2 Tax1bp1 Rnf123 Rnf213 Kbtbd2 Trim30d Spsb3 Pex10 Trim30a Spop Ube2q1 Parp10 Rnf146 Fbxo7 Prpf19"
"GOBP_PROTEIN_POLY_ADP_RIBOSYLATION",0.988433864662532,0.459468017732742,1,13,0.391705023835637,1,"Sirt6"
"GOBP_PROTEIN_PROCESSING",-0.600897425782457,0.998283998283998,1,142,-0.190591912559257,22,"Cpm Klk1b4 Casp4 Lrrk2 Plau Pidd1 Atp23 Fam111a Disp1 Tmprss4 Masp2 Adam9 Naglu Hid1 Aph1a Casp7 Ppp1r15a S100a10 Ece1 Bace1 Sirt4 Ncstn"
"GOBP_PROTEIN_QUALITY_CONTROL_FOR_MISFOLDED_OR_INCOMPLETELY_SYNTHESIZED_PROTEINS",0.707899448878632,0.92713567839196,1,30,0.225201178750425,6,"Rxra Fbxl17 Afg1l Klhl15 Rara Ubr5"
"GOBP_PROTEIN_REFOLDING",1.15777882715308,0.238683127572016,1,23,0.3931574617542,3,"Hspb6 Cryab Hspb2"
"GOBP_PROTEIN_RNA_COMPLEX_ORGANIZATION",-0.796050334147777,0.887822878228782,1,178,-0.24859932555404,73,"Nol3 Mrm2 Mrm3 Coil Celf4 Usp39 Rcc1l Xrcc5 Mdn1 Brix1 Shq1 Ddx46 Denr Ago1 Prpf18 Tfb1m Mcat Zrsr2 Clp1 Snrpc Gemin7 Srsf6 Tssc4 Lsm2 Prpf3 Ddx28 Dyrk3 Eif2s3x Rrp7a Znhit3 Srsf1 Taf9 Eif3j2 Sf3a1 Ago2 Snrpf Nufip1 Tfip11 Yju2 Gemin4 Puf60 Snrpd3 Gemin5 Celf2 Gtpbp6 Prpf19 Ptbp2 Prpf31 Hsp90aa1 Wdr77 Eif6 Eif3m Psip1 Dhx9 Tufm Gemin6 Pwp2 Snrpe Adar Sf3a3 Ruvbl2 Ago4 Sf3a2 U2af2 Srpk3 Snrpb Snrpd2 Prmt5 Sfswap Mtif2 Gemin2 Nvl Mcts2"
"GOBP_PROTEIN_STABILIZATION",0.843708062487241,0.945533769063181,1,187,0.197202808244742,37,"Trex1 Cryab Nckap1 Stxbp1 Zbed3 Pfn2 Mtrr Apbb1 Tnip2 Tmc8 Ncln Ctnnd1 Usp27x Nlk Mcm8 Naa30 Prkn Wdr81 Hspa1b Ipo9 Cfp Zswim7 Mul1 Usp33 Ifi30 Crebl2 Dnlz Sumo1 Cd74 Irgm1 Crtap Sav1 Prkra Tuba1a Wfs1 Mfsd1 Hspd1"
"GOBP_PROTEIN_SUMOYLATION",-0.743532069788783,0.857843753931312,1,41,-0.27380587049615,11,"Rwdd3 Trpm4 Hdac4 Stx1a Gnl3 Rangap1 Topors Capn3 Tollip Senp1 Sae1"
"GOBP_PROTEIN_TARGETING",-1.02124335277629,0.441527446300716,1,215,-0.314735679005164,43,"Gbp2 Nol3 Itgam Kcnb1 Srp54c Vps37d Mief2 Lrrk2 Pick1 Pard3 Dusp18 Stxbp4 Zdhhc24 Mon1a Bag3 Chml Hdac6 Mon1b Yif1b Irgm2 Zdhhc7 Lypla1 Zdhhc21 Hps4 Myo6 Timm8a1 Vps4a Zdhhc19 Zdhhc12 Ap1s3 Zdhhc18 Chm Zdhhc23 Sirt4 Zdhhc15 Rabgef1 Zdhhc1 Atg14 Hras Hgs Pik3r4 Nup54 Parl"
"GOBP_PROTEIN_TARGETING_TO_LYSOSOME",0.600114137916409,0.983091787439614,1,27,0.196968481834951,27,"Vps54 Igf2r Sort1 Zfyve16 Gnptab Ap3b1 Snx16 Gga3 Laptm5 Pik3c3 Lamp2 Scarb2 Rab7 Nedd4 Sorl1 Hspa8 Gcc2 Ncoa4 M6pr Becn1 Vps53 Ap4m1 Pik3r4 Hgs Atg14 Zdhhc12 Vps4a"
"GOBP_PROTEIN_TARGETING_TO_MEMBRANE",-1.08544431605668,0.325299841593121,1,90,-0.358770940198201,22,"Itgam Kcnb1 Srp54c Vps37d Mief2 Pard3 Dusp18 Zdhhc24 Chml Yif1b Irgm2 Zdhhc7 Zdhhc21 Zdhhc19 Zdhhc12 Zdhhc18 Chm Zdhhc23 Zdhhc15 Rabgef1 Zdhhc1 Hras"
"GOBP_PROTEIN_TARGETING_TO_MITOCHONDRION",-1.20822493447444,0.202627850057967,1,36,-0.454402855865559,12,"Nol3 Lrrk2 Dusp18 Bag3 Timm8a1 Sirt4 Parl Pmpcb Tomm5 Tomm34 Tomm22 Fbxo7"
"GOBP_PROTEIN_TARGETING_TO_VACUOLE_INVOLVED_IN_AUTOPHAGY",-1.12257771400726,0.334296028880866,1,15,-0.500027423750744,5,"Hdac6 Irgm2 Lypla1 Zdhhc19 Zdhhc12"
"GOBP_PROTEIN_TETRAMERIZATION",-0.799036215872381,0.810513880685174,1,65,-0.274666237313098,12,"Ms4a1 Rrm2 Trpm4 Tk1 Pkd2 Cryz Acot13 Ryr1 Kcnn4 Shmt1 Ssbp1 Usp16"
"GOBP_PROTEIN_TRANSMEMBRANE_IMPORT_INTO_INTRACELLULAR_ORGANELLE",1.02515377782994,0.41143971400715,1,15,0.388170571370905,3,"Pex13 Pex26 Pex16"
"GOBP_PROTEIN_TRANSMEMBRANE_TRANSPORT",-0.478812105403698,0.999647804648979,1,68,-0.16364932804077,16,"Abca1 Srp54c Grpel2 Pex12 Timm22 Chchd4 Timm21 Exoc7 Dnajc19 Dnajc15 Timm17a Timm50 Pex10 Tomm22 Exoc4 Hsp90aa1"
"GOBP_PROTEIN_TRIMERIZATION",-0.861561024453272,0.660366213821618,1,12,-0.400105083196437,3,"Mlkl Slc1a2 Pnpt1"
"GOBP_PROTEIN_UNFOLDING",0.877525412801188,0.620743034055728,1,12,0.355458068412798,4,"Pex13 Pex26 Pex5 Ubxn6"
"GOBP_PROTEOGLYCAN_BIOSYNTHETIC_PROCESS",-0.704210139196406,0.905592228172873,1,44,-0.256635717177097,4,"Galnt3 Igf1 Chst10 Chst3"
"GOBP_PROTEOGLYCAN_CATABOLIC_PROCESS",-0.598553861439952,0.947413546727636,1,16,-0.262425210052587,8,"Naglu Hyal1 Galns Btk Gpc1 Arsb Sgsh Glb1"
"GOBP_PROTEOGLYCAN_METABOLIC_PROCESS",0.852188341098355,0.813504823151125,1,64,0.230855957124032,12,"B4galt4 B3galt6 Dsel Hs3st3a1 Hs3st3b1 Idua Slc35d1 Ext2 Chst14 Hexb Ext1 Fam20b"
"GOBP_PROTON_MOTIVE_FORCE_DRIVEN_ATP_SYNTHESIS",0.993195489850864,0.459354120267261,1,52,0.280215364834458,52,"Dnajc30 mt-Nd6 Ndufa10 mt-Nd5 Sdha mt-Nd2 Sdhc Ndufab1 Stoml2 mt-Atp8 mt-Nd1 mt-Atp6 Ndufv1 Atpsckmt mt-Nd4 Ndufs8 mt-Nd3 Ndufs1 Ndufb11 Ndufs2 Ndufs4 Ndufc2 mt-Nd4l Ndufs6 Ndufc1 Ndufv2 Ndufv3 Ndufa3 Ndufa11 Ndufa9 Ndufb3 Ndufa1 Ndufb5 Ndufb10 Ndufs3 Ndufa13 Ndufs7 Ndufb6 Ndufb9 Ndufa5 Ndufa7 Ndufb2 Ndufa8 Ndufs5 Sdhd Ndufb4 Ndufb7 Ndufa6 Sdhb Ndufa2 Ndufb8 Ndufa12"
"GOBP_PROTON_TRANSMEMBRANE_TRANSPORT",-0.780259065849759,0.856758272574313,1,96,-0.255931968638177,8,"Slc25a27 Slc11a2 Slc18a2 Fxyd2 Atp6v1g2 Ctns Cox7a1 Sphk2"
"GOBP_PROTON_TRANSPORTING_TWO_SECTOR_ATPASE_COMPLEX_ASSEMBLY",-1.11497426481424,0.346719045540521,1,14,-0.502868585618937,5,"Atp23 Tmem9 Atpaf2 Tm9sf4 Pip4p1"
"GOBP_PROTOPORPHYRINOGEN_IX_METABOLIC_PROCESS",0.559046178960623,0.960193003618818,1,11,0.231389179610264,2,"Uros Urod"
"GOBP_PRO_B_CELL_DIFFERENTIATION",-0.796208377872088,0.739187609585038,1,13,-0.364053542880859,1,"Hes1"
"GOBP_PSEUDOURIDINE_SYNTHESIS",-0.86892971960654,0.660822847448042,1,18,-0.373118618723597,8,"Pus7l Rpusd2 Rpusd3 Gar1 Pus10 Trub2 Pus1 Rpusd4"
"GOBP_PTERIDINE_CONTAINING_COMPOUND_BIOSYNTHETIC_PROCESS",-0.730431605624064,0.81550996653572,1,14,-0.329434606701651,3,"Pcbd1 Dhfr Mthfd1l"
"GOBP_PTERIDINE_CONTAINING_COMPOUND_METABOLIC_PROCESS",-0.861891671421407,0.675133689839572,1,26,-0.342448415823571,9,"Pcbd1 Sardh Mthfr Dhfr Tyms Mthfd1l Mthfd2l Shmt1 Mthfd2"
"GOBP_PULMONARY_VALVE_DEVELOPMENT",1.29189368079573,0.17828773168579,1,10,0.549462274863226,2,"Nos3 Tnfrsf1b"
"GOBP_PURINERGIC_NUCLEOTIDE_RECEPTOR_SIGNALING_PATHWAY",1.1654465581868,0.266493337666558,1,15,0.441291898032367,6,"Adcy5 Adora2b P2ry12 P2ry13 P2ry14 P2rx7"
"GOBP_PURINE_CONTAINING_COMPOUND_BIOSYNTHETIC_PROCESS",-0.567388847489459,0.999477370126476,1,194,-0.176084160004215,55,"Gucy2c Pnp2 Ppat Oas1a Pid1 Acot7 Nme4 Ada Adcy9 Sphk2 Dip2a Nmnat1 Bcl2l1 Acss1 Abcg2 Dcakd Ppcs Mthfd2l Shmt1 Slc25a16 Pdk2 Slc25a42 Prps1 Fasn Sirt4 Aprt Nadk2 Pank4 Impdh2 Dck Mtap Ndufa12 Ndufb8 Pdhx Ndufa2 Nme7 Gmps Acly Guca1a Prpsap1 Sdhb Slc4a7 Pdhb Npr2 Nampt Slc25a51 Ndufa6 Ndufb7 Pank2 Adal Dlat Fam3a Ndufb4 Map2k1 Nme1"
"GOBP_PURINE_CONTAINING_COMPOUND_METABOLIC_PROCESS",-0.724439662887592,0.989029790660225,1,416,-0.216986590690546,77,"Gucy2c Pnp2 Ppargc1a Nudt1 Fignl1 Ppat Oas1a Hdac4 Pid1 Ahcy Igf1 Pfkfb3 Pde8b Gimap7 Pde7b Mttp Rasl2-9 Bckdhb Eno3 Pde4d Acot7 Nme4 Lrrk2 Fitm2 Hk2 Ada S100a1 Adcy9 Mfn1 Ctns Sphk2 Nudt4 Slc27a3 Dip2a Pemt Shpk Nmnat1 Bcl2l1 Rora Gamt Acss1 Pde4b Icmt Xdh Abcg2 Dcakd Acat2 Nudt7 Ppcs Mthfd2l Shmt1 Gpat4 Nnt Ehhadh Tigar Gale Acadsb Aldoc Slc25a16 Pfkfb2 Pdk2 Acot9 Slc25a42 Prps1 Xpo4 Hmgcs2 Parg Oard1 Hk1 Fasn Sirt4 Aprt Nadk2 Pank4 Hmgcr Efl1 Impdh2"
"GOBP_PURINE_CONTAINING_COMPOUND_SALVAGE",-0.769942589636076,0.789233954451346,1,21,-0.319774214416057,9,"Pnp2 Ada Nmnat1 Aprt Impdh2 Dck Mtap Nampt Slc25a51"
"GOBP_PURINE_CONTAINING_COMPOUND_TRANSMEMBRANE_TRANSPORT",-0.703578391742378,0.875099760574621,1,27,-0.277346584091719,3,"Lrrc8b Slc28a2 Slc29a2"
"GOBP_PURINE_DEOXYRIBONUCLEOSIDE_TRIPHOSPHATE_METABOLIC_PROCESS",-0.799099207311106,0.733454490383159,1,10,-0.387016650793382,1,"Ada"
"GOBP_PURINE_DEOXYRIBONUCLEOTIDE_METABOLIC_PROCESS",-0.873001119737586,0.648664259927798,1,15,-0.388859047696253,4,"Ada Xdh Dck Samhd1"
"GOBP_PURINE_NUCLEOBASE_METABOLIC_PROCESS",-1.24255347167571,0.21116361488482,1,12,-0.577036270270364,6,"Ppat Ada Xdh Shmt1 Prps1 Aprt"
"GOBP_PURINE_NUCLEOSIDE_DIPHOSPHATE_METABOLIC_PROCESS",-0.752457141692317,0.894964192338297,1,86,-0.249687662471636,8,"Ppargc1a Hdac4 Igf1 Pfkfb3 Mttp Rasl2-9 Eno3 Hk2"
"GOBP_PURINE_NUCLEOSIDE_MONOPHOSPHATE_BIOSYNTHETIC_PROCESS",-0.628112802761173,0.92960088691796,1,20,-0.263068423057181,2,"Ppat Ada"
"GOBP_PURINE_NUCLEOSIDE_MONOPHOSPHATE_METABOLIC_PROCESS",-0.590584122242865,0.96216577540107,1,26,-0.234651991402919,7,"Ppat Ada Xdh Aprt Impdh2 Dck Gmps"
"GOBP_PURINE_NUCLEOTIDE_TRANSPORT",0.913353953847909,0.60614638091387,1,28,0.295426981809695,3,"Slc17a9 Lrrc8a Abcc4"
"GOBP_PURINE_RIBONUCLEOTIDE_SALVAGE",0.820719073021989,0.696969696969697,1,10,0.349064459088103,3,"Impdh1 Ampd2 Ampd3"
"GOBP_PYRAMIDAL_NEURON_DIFFERENTIATION",0.669692936583086,0.8696675492792,1,10,0.28483071777867,1,"Ulk4"
"GOBP_PYRIDINE_CONTAINING_COMPOUND_BIOSYNTHETIC_PROCESS",0.854474932021498,0.661659269375213,1,18,0.307862936885674,4,"Pdxk Ido1 Haao Nmrk1"
"GOBP_PYRIDINE_CONTAINING_COMPOUND_CATABOLIC_PROCESS",-0.911081366281515,0.639362912400455,1,85,-0.302726172401565,9,"Pnp2 Ppargc1a Hdac4 Igf1 Pfkfb3 Mttp Rasl2-9 Eno3 Hk2"
"GOBP_PYRIDINE_CONTAINING_COMPOUND_METABOLIC_PROCESS",-0.605610818108988,0.997640497640498,1,142,-0.192086900588181,9,"Pnp2 Ppargc1a Hdac4 Igf1 Pfkfb3 Mttp Rasl2-9 Eno3 Hk2"
"GOBP_PYRIMIDINE_CONTAINING_COMPOUND_METABOLIC_PROCESS",-1.15613262552206,0.256071739942708,1,44,-0.421330095930277,20,"Cdk1 Tk1 Nme4 Dut Tyms Dctd Dtymk Shmt1 Cmpk2 Uckl1 Umps Cmpk1 Uck2 Thtpa Dck Slc19a2 Nme7 Mtor Slc4a7 Dpysl2"
"GOBP_PYRIMIDINE_DEOXYRIBONUCLEOTIDE_BIOSYNTHETIC_PROCESS",-1.31119119842961,0.145976667663775,1,11,-0.62268476194137,7,"Dut Tyms Dctd Dtymk Shmt1 Cmpk2 Cmpk1"
"GOBP_PYRIMIDINE_NUCLEOBASE_METABOLIC_PROCESS",-0.517419348272688,0.972928507328747,1,11,-0.245722472884899,5,"Shmt1 Umps Cmpk1 Mtor Dpysl2"
"GOBP_PYRIMIDINE_NUCLEOSIDE_MONOPHOSPHATE_BIOSYNTHETIC_PROCESS",-1.23027108006027,0.211696750902527,1,15,-0.547997052677642,8,"Dut Tyms Dctd Shmt1 Uckl1 Umps Uck2 Dck"
"GOBP_PYRIMIDINE_NUCLEOSIDE_MONOPHOSPHATE_METABOLIC_PROCESS",-1.24050343289446,0.199943117178612,1,17,-0.537923676411867,8,"Dut Tyms Dctd Shmt1 Uckl1 Umps Uck2 Dck"
"GOBP_PYRIMIDINE_NUCLEOSIDE_TRIPHOSPHATE_BIOSYNTHETIC_PROCESS",-1.16408108469643,0.289393278044522,1,14,-0.525016430495442,9,"Nme4 Tyms Dtymk Cmpk2 Uck2 Nme7 Nme1 Tbpl1 Nme2"
"GOBP_PYRIMIDINE_NUCLEOSIDE_TRIPHOSPHATE_METABOLIC_PROCESS",-1.11477768034213,0.332673547292521,1,18,-0.478685788836289,11,"Nme4 Dut Tyms Dtymk Cmpk2 Uck2 Nme7 Nme1 Tbpl1 Dctpp1 Nme2"
"GOBP_PYRIMIDINE_NUCLEOTIDE_METABOLIC_PROCESS",-1.28368024127706,0.144208037825059,1,30,-0.496529944819338,18,"Nme4 Dut Tyms Dctd Dtymk Shmt1 Cmpk2 Uckl1 Umps Cmpk1 Uck2 Dck Nme7 Slc4a7 Nme1 Tbpl1 Dctpp1 Nme2"
"GOBP_PYRIMIDINE_RIBONUCLEOSIDE_TRIPHOSPHATE_BIOSYNTHETIC_PROCESS",-0.937757915915645,0.560351355444495,1,10,-0.454171302576902,5,"Nme4 Uck2 Nme7 Nme1 Nme2"
"GOBP_PYRIMIDINE_RIBONUCLEOSIDE_TRIPHOSPHATE_METABOLIC_PROCESS",-0.749287559655043,0.797105729474306,1,12,-0.347965788707862,6,"Nme4 Uck2 Nme7 Nme1 Nme2 Entpd7"
"GOBP_PYRIMIDINE_RIBONUCLEOTIDE_BIOSYNTHETIC_PROCESS",-1.122523213707,0.330665904544155,1,16,-0.49215017916231,10,"Nme4 Uckl1 Umps Cmpk1 Uck2 Dck Nme7 Nme1 Nme2 Uprt"
"GOBP_PYRIMIDINE_RIBONUCLEOTIDE_METABOLIC_PROCESS",-0.989115126222546,0.494063416678307,1,19,-0.418453393171478,11,"Nme4 Uckl1 Umps Cmpk1 Uck2 Dck Nme7 Nme1 Nme2 Uprt Entpd7"
"GOBP_PYROPTOTIC_CELL_DEATH",-0.66466447053708,0.878388611237316,1,10,-0.32190773678051,1,"Casp4"
"GOBP_PYROPTOTIC_INFLAMMATORY_RESPONSE",-1.04569121151049,0.411042944785276,1,37,-0.391082736474427,3,"Gbp2 Casp4 Map3k20"
"GOBP_PYRUVATE_DECARBOXYLATION_TO_ACETYL_COA",0.55820889576707,0.976094276094276,1,17,0.204663835243209,17,"Pdpr Mpc2 Pdha1 Pdk1 Vdac1 Pdk3 Pdp1 Dld Bckdk Mpc1 Tpk1 Pgk1 Dlat Pdhb Pdhx Sirt4 Pdk2"
"GOBP_PYRUVATE_METABOLIC_PROCESS",-0.824784222154814,0.8000670540903,1,102,-0.269032793311515,9,"Slc16a3 Ppargc1a Hdac4 Igf1 Pfkfb3 Mttp Rasl2-9 Eno3 Hk2"
"GOBP_P_BODY_ASSEMBLY",0.540868832487992,0.992913092129802,1,22,0.186788520121853,22,"Cnot6l Pan2 Cnot2 Cnot1 Nbdy Edc3 Dync1h1 Ddx6 Lsm14a Tnrc6a Pan3 Limd1 Lsm4 Rc3h1 Noct Patl1 Cnot7 Ago2 Lsm3 Atxn2 Cnot6 Eif4enif1"
"GOBP_QUINONE_BIOSYNTHETIC_PROCESS",-0.715308509166471,0.850841227202036,1,18,-0.307153636110274,6,"Rtn4ip1 Coq6 Coq5 Coq9 Coq4 Ubiad1"
"GOBP_QUINONE_METABOLIC_PROCESS",-1.16964594352865,0.269013112491373,1,21,-0.485779872124739,9,"Aifm2 Nqo2 Rtn4ip1 Coq6 Hmgcr Coq5 Coq9 Coq4 Ubiad1"
"GOBP_RAB_PROTEIN_SIGNAL_TRANSDUCTION",0.887051807937249,0.620602103735945,1,21,0.308727842802705,2,"Rab39b Rab30"
"GOBP_RAC_PROTEIN_SIGNAL_TRANSDUCTION",-0.911258571755165,0.619329388560158,1,48,-0.327500528383492,6,"Agrn Ccr7 Auts2 Eps8l2 Rac3 Eps8"
"GOBP_RADIAL_GLIAL_CELL_DIFFERENTIATION",-1.26655351254165,0.188004786120251,1,11,-0.60148632280904,2,"Hes1 Nfix"
"GOBP_RANDOM_INACTIVATION_OF_X_CHROMOSOME",-0.831323201691872,0.700361010830325,1,15,-0.37029454055554,1,"Brca1"
"GOBP_RAP_PROTEIN_SIGNAL_TRANSDUCTION",-0.60861419556017,0.931761967117707,1,14,-0.274493294928147,1,"Rapgefl1"
"GOBP_RAS_PROTEIN_SIGNAL_TRANSDUCTION",-1.10245632199502,0.301131816622842,1,83,-0.36747658860234,20,"Rasgrp3 Rasgrp1 Dok3 Ntrk1 Ksr2 Igf1 Usp50 Rasgrf2 Mapkapk5 Iqgap3 Dgki Dok2 Cdkn1a Dab2ip Icmt Cdk2 Rassf1 Nup62 Rasa2 Ccna2"
"GOBP_REACTIVE_NITROGEN_SPECIES_METABOLIC_PROCESS",-0.974557059827914,0.514792204742897,1,68,-0.333085997990298,11,"Cd36 Esr1 Ddah2 Wdr35 Igf1 Pkd2 Rora Asl Smpd3 Ulbp1 Tnf"
"GOBP_REACTIVE_OXYGEN_SPECIES_BIOSYNTHETIC_PROCESS",-0.852704484722455,0.709342560553633,1,47,-0.307367518619753,4,"Cd36 Hdac4 Ctns Sphk2"
"GOBP_REACTIVE_OXYGEN_SPECIES_METABOLIC_PROCESS",-1.02388812961721,0.434667513765354,1,168,-0.320944644400264,30,"Itgam Cd36 Noxo1 Bcl2 Hdac4 Pid1 Brca1 Il18 Pdgfrb Lrrk2 Plau Nqo2 Hk2 Bco2 Ctns Sphk2 Hdac6 Fancc Egfr Cdkn1a Tnf Dhfr Abcg2 Naglu Tusc2 Acp5 Txnrd1 Nnt Tigar Pmaip1"
"GOBP_RECEPTOR_CATABOLIC_PROCESS",0.692891807066848,0.931561996779388,1,27,0.227419816816319,4,"Apoe Znrf3 Nedd4l Kif16b"
"GOBP_RECEPTOR_CLUSTERING",-0.886608868123052,0.659605374651979,1,55,-0.312035804698312,14,"Agrn Lrp5 Cd81 Pick1 Scrib Lamc1 Grik5 Cacna1a Thy1 Ift122 Flna Ssna1 Dlg3 Zdhhc12"
"GOBP_RECEPTOR_INTERNALIZATION",-0.906992059875235,0.661758143685855,1,103,-0.295518126876725,10,"Cd36 Lrp1 Napb Cd81 Vegfa Pick1 Arrb1 Pard3 Scrib Ramp3"
"GOBP_RECEPTOR_LOCALIZATION_TO_SYNAPSE",0.852814987125107,0.813644977890082,1,62,0.232272375600596,16,"Kif5c Dlg4 Lhfpl4 Zdhhc2 Kalrn Gnai1 Snap23 Itgb3 Sacm1l Dlg2 Kif3a Kifc2 Stx3 Rab8a Tnik Gripap1"
"GOBP_RECEPTOR_MEDIATED_ENDOCYTOSIS",-1.02831935748264,0.424913057224154,1,181,-0.320837778030646,18,"Itgam Cd36 Lrp1 Fcmr Napb Ccr7 Bicd1 Cd81 Vegfa Fnbp1l Ly75 Cd14 Pick1 Arrb1 Pard3 Fcer2a Scrib Ramp3"
"GOBP_RECEPTOR_METABOLIC_PROCESS",-0.707204236296058,0.935064935064935,1,81,-0.236548859645835,9,"Rep15 Ehd3 Snx25 Scrib Ramp3 Rab29 Mylip Pex12 Mtmr2"
"GOBP_RECEPTOR_RECYCLING",-0.748061825019652,0.872283920811202,1,56,-0.262550560459863,20,"Rep15 Ehd3 Scrib Ramp3 Rab29 Pex12 Ece1 Atp6v0a2 Optn Lamtor1 Ap1ar Atp6v1f Pex10 Arfgef2 Gria3 Lmtk2 Atp6v1c1 Pex6 Ptpn2 Inpp5f"
"GOBP_REGENERATION",-0.822733867380121,0.813299792190747,1,116,-0.265244855765349,20,"Lrp1 Hmox1 Bcl2 Cd81 Nfix Igf1 Dusp10 Plau Cspg5 Egfr Jun Pcna Pnpt1 Cdkn1a Thy1 Dhfr Cebpb Abcg2 Ezh2 Flna"
"GOBP_REGULATION_OF_ACTIN_FILAMENT_BASED_MOVEMENT",-1.15753450294878,0.279655026155804,1,18,-0.497045578163355,5,"Trpm4 Pde4d Pde4b Jup Rangrf"
"GOBP_REGULATION_OF_ACTIN_FILAMENT_BASED_PROCESS",-0.755040708191168,0.957175211035619,1,255,-0.230798053487082,66,"Lrp1 Epha1 Trpm4 Cit Stmn1 Nck2 Bbs4 Rnd2 Baiap2l1 Prkcq Rac3 Pdgfrb Pde4d Pick1 Eps8 Stau2 Pard3 Abitram Tsc1 Actn2 Arhgef18 Washc5 Bst1 Pde4b Jup Synpo2 Celsr1 Rangrf Efna5 Add3 Hck Kank2 Prkce Rgcc Flna Specc1l Abi2 Alms1 S100a10 Smad3 Naa20 Hax1 Trim27 Whamm Pdxp Tpm1 Ptk2b Hras Vangl2 Bcas3 Clasp1 Ect2 Pxn Cotl1 Pik3r2 Naa80 Icam1 Sri Cdc42ep3 Nedd9 Ap1ar Rictor Baiap2 Actg1 Was Mtor"
"GOBP_REGULATION_OF_ACTIN_FILAMENT_BUNDLE_ASSEMBLY",-0.590546939872031,0.993600186176402,1,74,-0.199829219393282,13,"Epha1 Stmn1 Bbs4 Prkcq Tsc1 Arhgef18 Synpo2 Kank2 Rgcc Flna Alms1 S100a10 Smad3"
"GOBP_REGULATION_OF_ACTIN_FILAMENT_LENGTH",0.823408752515323,0.92247191011236,1,113,0.205141765136029,9,"Nckap1 Neb Pfn2 Kank3 Plekhh2 Arhgap35 Gm14137 Fchsd1 Arhgap28"
"GOBP_REGULATION_OF_ACTIN_FILAMENT_ORGANIZATION",-0.602561637933923,0.998105462582886,1,183,-0.187848243180167,44,"Epha1 Cit Stmn1 Nck2 Bbs4 Baiap2l1 Prkcq Pick1 Eps8 Abitram Tsc1 Actn2 Arhgef18 Washc5 Synpo2 Add3 Kank2 Prkce Rgcc Flna Specc1l Abi2 Alms1 S100a10 Smad3 Hax1 Trim27 Whamm Pdxp Tpm1 Ptk2b Clasp1 Pxn Cotl1 Pik3r2 Naa80 Icam1 Cdc42ep3 Ap1ar Rictor Baiap2 Actg1 Was Mtor"
"GOBP_REGULATION_OF_ACTIN_NUCLEATION",0.878411205606061,0.664653784219002,1,27,0.288310690689201,1,"Nckap1"
"GOBP_REGULATION_OF_ACTIVATED_T_CELL_PROLIFERATION",1.09487372593493,0.30877616747182,1,27,0.359357665438667,8,"Ager Prnp Cd274 Ido1 Gpam Il12rb1 Tnfsf9 Stat5a"
"GOBP_REGULATION_OF_ACTIVIN_RECEPTOR_SIGNALING_PATHWAY",1.19096961116816,0.244007989347537,1,16,0.443859546826618,10,"Acvr1b Acvr1 Acvr2b Synj2bp Fstl3 Lemd3 Lefty1 Zc3h3 Smurf1 Ski"
"GOBP_REGULATION_OF_ACTOMYOSIN_STRUCTURE_ORGANIZATION",0.793746824659046,0.929737402413059,1,73,0.210588787780852,9,"Arhgef5 Pfn2 Met Kank3 Ptger4 Kiss1r Arhgap28 Fhod1 Pak1"
"GOBP_REGULATION_OF_ACUTE_INFLAMMATORY_RESPONSE",-1.32175285421597,0.133816837315131,1,17,-0.573156136286342,2,"Fut7 Ccr7"
"GOBP_REGULATION_OF_ADAPTIVE_IMMUNE_RESPONSE",-1.10150427012007,0.270679077639095,1,171,-0.34512189651594,36,"Fut7 Ccr7 Loxl3 Cd81 Trpm4 Tnfrsf13c Pla2g4a Shld3 Dusp10 Card9 H2-Q2 Il12a Cd69 Cd40 Il18 Prkcq Nectin2 Zbtb7b Ada Nlrp10 Prkcz Foxp3 Pagr1a Hlx Cd55 Ulbp1 Fzd5 Tnf Havcr2 Syvn1 Nfkbid Smad7 Paxip1 Dusp22 Ripk2 Cd1d1"
"GOBP_REGULATION_OF_ADENYLATE_CYCLASE_ACTIVATING_G_PROTEIN_COUPLED_RECEPTOR_SIGNALING_PATHWAY",0.881194074944064,0.625284367890803,1,15,0.333660778467556,4,"a Grk5 Arrdc3 Pde2a"
"GOBP_REGULATION_OF_ADENYLATE_CYCLASE_ACTIVITY",0.83121933840778,0.688178528347407,1,11,0.34404163381986,3,"Adcy3 Stim1 Nf1"
"GOBP_REGULATION_OF_ADIPOSE_TISSUE_DEVELOPMENT",-1.10851510236118,0.35380980507974,1,12,-0.514789451549503,4,"Trpm4 Ccdc18 Spi1 Nsrp1"
"GOBP_REGULATION_OF_AEROBIC_RESPIRATION",0.606795196064468,0.974242424242424,1,24,0.203710288438348,4,"Tefm Pde2a Arl2 Cbfa2t3"
"GOBP_REGULATION_OF_ALCOHOL_BIOSYNTHETIC_PROCESS",1.03674659818943,0.371897163120567,1,35,0.317819959800067,6,"Erlin2 Apoe Gnai1 Bmp6 Dgkq Rest"
"GOBP_REGULATION_OF_ALPHA_BETA_T_CELL_ACTIVATION",-1.01261359736491,0.455532926001358,1,90,-0.334698267806049,21,"Ccr7 Loxl3 Cd81 Ankle1 Ptpn22 Il12a Cd69 Il18 Prkcq Zbtb7b Ada Prkcz Foxp3 Hlx Cd55 Twsg1 Nfkbid Smad7 Ripk2 Cd1d1 Runx1"
"GOBP_REGULATION_OF_ALPHA_BETA_T_CELL_DIFFERENTIATION",-1.15945947153305,0.236801334763437,1,61,-0.402083679388252,16,"Ccr7 Loxl3 Ankle1 Cd69 Il18 Zbtb7b Ada Prkcz Foxp3 Hlx Nfkbid Smad7 Ripk2 Cd1d1 Runx1 Klhl25"
"GOBP_REGULATION_OF_ALTERNATIVE_MRNA_SPLICING_VIA_SPLICEOSOME",-1.12795319619784,0.284707026501337,1,54,-0.398310304096123,30,"Gm7324 Celf4 Rbm15 Wtap Rbm14 Rbm19 Srsf6 Rbm4 Srsf5 Rbmxl1 Srsf1 Rnps1 Nsrp1 Puf60 Ddx5 Ddx17 Celf2 Khdrbs1 Zbtb7a Srsf2 Smu1 Hnrnpa1 Thumpd2 Eif4a3 Magoh Dyrk1a Tia1 Tra2b Arglu1 Thrap3"
"GOBP_REGULATION_OF_AMIDE_METABOLIC_PROCESS",-0.763060519360223,0.851446632628252,1,54,-0.269456985036821,9,"Rtn1 Olfm1 Igf1 Sphk2 Smpd3 Tnf Ifngr1 Tigar Pdk2"
"GOBP_REGULATION_OF_AMINO_ACID_TRANSMEMBRANE_TRANSPORT",-0.858282423479899,0.664074184863895,1,11,-0.407598363368464,3,"Slc43a1 Tnf Rgs2"
"GOBP_REGULATION_OF_AMINO_ACID_TRANSPORT",-0.930099213455203,0.575249010779097,1,23,-0.379027767436519,6,"Slc43a1 Gabbr1 Slc12a2 Tnf Sv2a Rgs2"
"GOBP_REGULATION_OF_AMYLOID_BETA_CLEARANCE",-0.854601646494877,0.6687832250443,1,12,-0.396873179224451,5,"Lrp1 Tnf Ifngr1 Hmgcr Abca7"
"GOBP_REGULATION_OF_AMYLOID_PRECURSOR_PROTEIN_CATABOLIC_PROCESS",-0.961425000851684,0.531986531986532,1,34,-0.36445797856774,4,"Rtn1 Olfm1 Igf1 Unc13a"
"GOBP_REGULATION_OF_ANATOMICAL_STRUCTURE_SIZE",-0.721634141850195,0.98507614213198,1,332,-0.217990792125982,46,"Sema6d Lrp1 Faah Sct Trpm4 Olfm1 Vegfa Wdr35 Cit Tnfrsf12a Nck2 Bbs4 Rnd2 Baiap2l1 Lrrk2 Eps8 S100a1 Ttl Cdhr5 Slc12a2 Bbs2 Iqgap3 Abitram Tsc1 Pls1 Hdac6 Cdkl5 Actn2 Disc1 Egfr Deptor Washc5 Smpd3 Tnf Zdhhc21 Rgs2 Efna5 Add3 Abcb8 Kank2 Prkce Kcnn4 Specc1l Oxsr1 Plekha7 Adra1b"
"GOBP_REGULATION_OF_ANDROGEN_RECEPTOR_SIGNALING_PATHWAY",-0.819875936802946,0.72615596963423,1,21,-0.34051263969397,8,"Igf1 Prmt2 Shq1 Trim68 Ncor2 Ddx5 Foxp1 Zbtb7a"
"GOBP_REGULATION_OF_ANIMAL_ORGAN_MORPHOGENESIS",-0.755796351582569,0.826542643783571,1,31,-0.290953303598019,2,"Wnt10a Vegfa"
"GOBP_REGULATION_OF_ANTIGEN_PROCESSING_AND_PRESENTATION",-0.631045368261226,0.924203640500569,1,17,-0.273642325749726,2,"Ccr7 Ptpn22"
"GOBP_REGULATION_OF_ANTIGEN_RECEPTOR_MEDIATED_SIGNALING_PATHWAY",-1.14346419004585,0.256515613993895,1,68,-0.390815403845975,11,"Fcmr Ccr7 Cd81 Lck Ptpn22 Cd22 Plcl2 Cd19 Nectin2 Ada Cd86"
"GOBP_REGULATION_OF_APOPTOTIC_SIGNALING_PATHWAY",-0.978995034861473,0.556989028850061,1,321,-0.296191289301325,31,"Atf3 Nol3 Nr4a2 S100a8 Fcmr Inca1 Hmox1 Fignl1 Bcl2 Vegfa Wdr35 Brca1 Lck Hyal2 Igf1 Tnfrsf12a Siah1b Nck2 Tmem14a Meis3 Siah1a S100a9 Ell3 Lrrk2 Trps1 Vhl Tert G2e3 Hells Ddit3 Tnfrsf4"
"GOBP_REGULATION_OF_ARP2_3_COMPLEX_MEDIATED_ACTIN_NUCLEATION",0.980734958952337,0.480359147025814,1,23,0.33303706897408,1,"Nckap1"
"GOBP_REGULATION_OF_ASTROCYTE_DIFFERENTIATION",-1.19173320086077,0.245733788395904,1,17,-0.516775276641776,2,"Hmga2 Hes1"
"GOBP_REGULATION_OF_ATP_DEPENDENT_ACTIVITY",-1.25341869105561,0.161227661227661,1,34,-0.475147247093093,6,"Napb Setmar Tpm2 Fxyd2 Cnn3 Tsc1"
"GOBP_REGULATION_OF_ATTACHMENT_OF_MITOTIC_SPINDLE_MICROTUBULES_TO_KINETOCHORE",-1.27834544815688,0.175677722247463,1,10,-0.619123344606232,5,"Cdk1 Aurkb Incenp Birc5 Cdca8"
"GOBP_REGULATION_OF_ATTACHMENT_OF_SPINDLE_MICROTUBULES_TO_KINETOCHORE",-1.15837950330272,0.281573498964803,1,21,-0.481100669907575,7,"Cdk1 Aurkb Nek2 Cenpe Incenp Birc5 Cdca8"
"GOBP_REGULATION_OF_AUTOPHAGOSOME_ASSEMBLY",-0.930502989159856,0.586472709188114,1,45,-0.337887883608303,5,"Wipi1 Chek2 Tbc1d12 Snx7 Lrrk2"
"GOBP_REGULATION_OF_AUTOPHAGOSOME_MATURATION",-0.52696189303177,0.98080204778157,1,17,-0.22850825826995,9,"Irgm2 Ubqln4 Phf23 Tecpr1 Tmem39a Fyco1 Rubcn Atg5 Tbc1d25"
"GOBP_REGULATION_OF_AUTOPHAGY",-0.707516204616126,0.984719515947082,1,271,-0.215701438058211,27,"Fbxl2 Wipi1 Rasip1 Rragd Hmox1 Bcl2 Rab37 Tpcn1 Ptpn22 Chek2 Snx7 Irgq Lrrk2 Usp36 Hk2 Vhl Tsc1 Slc35d3 Ddit3 Bag3 Rpgr Hdac6 Deptor Cers1 Lzts1 Irgm2 Lypla1"
"GOBP_REGULATION_OF_AUTOPHAGY_OF_MITOCHONDRION",-0.403648584574237,0.999501805953419,1,44,-0.147101892210668,8,"Hk2 Hdac6 Cers1 Irgm2 Tigar Htra2 Parl Dnm1l"
"GOBP_REGULATION_OF_AXONOGENESIS",-1.04576184573988,0.395205556177887,1,98,-0.342455305594884,16,"Sema6d Lrp1 Brsk2 Vegfa Cit Tnfrsf12a Rnd2 Tiam2 Metrn Hdac6 Cdkl5 Disc1 Cacna1a Thy1 Tiam1 Efna5"
"GOBP_REGULATION_OF_BEHAVIOR",-1.07874352356377,0.361066135259684,1,44,-0.393127139770883,8,"Chrnb2 Per3 Hdac4 Baiap3 Ptgds Pomc Rag1 Ada"
"GOBP_REGULATION_OF_BICELLULAR_TIGHT_JUNCTION_ASSEMBLY",0.960873286993217,0.504712382190445,1,15,0.363831008472438,4,"Snai1 Nedd4l Acvrl1 Cldn1"
"GOBP_REGULATION_OF_BINDING",-1.15989373445164,0.262675225992401,1,31,-0.446515669405795,3,"Hmga2 Agrn Hes1"
"GOBP_REGULATION_OF_BIOLOGICAL_PROCESS_INVOLVED_IN_SYMBIOTIC_INTERACTION",-0.894113321357604,0.627161479116786,1,27,-0.35245436525605,11,"Pomc Nectin2 Tmprss4 Trim5 Trim12c Exoc7 Hmgb1 Trim30d Trim30a Itgav Trim62"
"GOBP_REGULATION_OF_BIOMINERAL_TISSUE_DEVELOPMENT",-0.908350084180168,0.62099019489166,1,55,-0.319687473987233,18,"Trpm4 Wnt6 Bglap3 Tmem119 Ccr1l1 Pkdcc Cdon Suv39h1 Slc20a2 Rflnb Rflna Cebpb Ecm1 Bcor Smad3 Txlng Isg15 Rxrb"
"GOBP_REGULATION_OF_BLOOD_CIRCULATION",-1.08333195047006,0.323405668733392,1,109,-0.351349179164399,26,"Myl4 Faah Agrn Trpm4 Ehd3 Wdr35 Hdac4 Cxadr Pde4d Tmem38a Cacnb2 Ada S100a1 Scn2b Egfr Pde4b Gsto1 Jup Tnf Zdhhc21 Rgs2 Rangrf Thra Add3 Smad7 Flna"
"GOBP_REGULATION_OF_BLOOD_PRESSURE",-1.14169710902827,0.242296759522456,1,88,-0.378314898322095,10,"Cd36 Hmox1 Kcnk3 Lrp5 Tac4 Rarres2 Klk1b4 Pomc Bbs4 Ephx2"
"GOBP_REGULATION_OF_BLOOD_VESSEL_ENDOTHELIAL_CELL_MIGRATION",0.924570568053748,0.654312668463612,1,68,0.248116707249309,10,"Dll4 Nos3 Angpt2 Anxa1 Apoe Amot Tgfbr3 Stard13 Stat5a Map2k3"
"GOBP_REGULATION_OF_BMP_SIGNALING_PATHWAY",-1.09954756433246,0.333790011209366,1,44,-0.400708768642267,10,"Itga3 Hes1 Fbn1 Dand5 Bambi Twsg1 Mtmr4 Eng Fbxl15 Smad7"
"GOBP_REGULATION_OF_BODY_FLUID_LEVELS",-1.13861389735443,0.208043065231159,1,173,-0.356331258802708,38,"Cd36 Angptl2 Afap1 Aqp3 Sct Tac4 Vegfa F2rl2 Hyal2 Adgrg1 Pla2g4a Pros1 Prlr Prkcq Angpt4 Lilrb4a Zbtb7b S100a9 Plau Tfpi Hk2 Ada Negr1 Ctns F5 Egfr Tec Thbd Nr1h2 Xdh Akap11 Prrg2 Hps4 Prkce Kcnn4 Flna Usf2 Gpat4"
"GOBP_REGULATION_OF_BONE_MINERALIZATION",-0.895727357316807,0.642670645281611,1,45,-0.325260020203803,16,"Trpm4 Bglap3 Tmem119 Ccr1l1 Pkdcc Suv39h1 Slc20a2 Rflnb Rflna Ecm1 Bcor Smad3 Txlng Isg15 Rxrb Ptk2b"
"GOBP_REGULATION_OF_BONE_REMODELING",1.01208987304272,0.420283626987538,1,33,0.314975329515406,8,"Car2 Ubash3b Ptger4 Kiss1r Gpr137 Ltbp3 Idua Itgb3"
"GOBP_REGULATION_OF_BONE_RESORPTION",1.0321316820035,0.386661038412832,1,31,0.32592120240691,8,"Car2 Ubash3b Ptger4 Kiss1r Gpr137 Ltbp3 Idua Itgb3"
"GOBP_REGULATION_OF_BROWN_FAT_CELL_DIFFERENTIATION",-0.947772922475613,0.545559566787004,1,15,-0.422164494103906,6,"Dusp10 Zbtb7b Ffar4 Flcn Mtor Cbx4"
"GOBP_REGULATION_OF_B_CELL_ACTIVATION",-1.12382140840528,0.255940701983867,1,119,-0.361573330769544,20,"Chrnb2 Bank1 Bcl2 Cd81 Tnfrsf13c Ankle1 Shld3 Prlr Cd22 Cd40 Cd19 Lilrb4a Ada Tnfrsf4 Foxp3 Pagr1a Bst1 Cdkn1a Hmgb3 Tnfrsf21"
"GOBP_REGULATION_OF_B_CELL_APOPTOTIC_PROCESS",-0.708027947637679,0.854237770193402,1,17,-0.307024540598763,2,"Aurkb Ada"
"GOBP_REGULATION_OF_B_CELL_DIFFERENTIATION",-0.570248195300929,0.978383335516835,1,31,-0.219524209062668,2,"Ankle1 Lilrb4a"
"GOBP_REGULATION_OF_B_CELL_MEDIATED_IMMUNITY",-1.00651052986476,0.467735919433047,1,45,-0.365488038971844,14,"Shld3 Cd40 Nectin2 Foxp3 Pagr1a Cd55 Tnf Paxip1 Hmces Il27ra Parp3 Btk Msh2 Kmt5b"
"GOBP_REGULATION_OF_CALCINEURIN_MEDIATED_SIGNALING",-0.629538708646692,0.942537909018356,1,27,-0.24816056383466,9,"Igf1 Ppp3cc Tnf Cmya5 Gsk3b Mtor Chp1 Nfat5 Ppp3cb"
"GOBP_REGULATION_OF_CALCIUM_ION_DEPENDENT_EXOCYTOSIS",-1.10147695175791,0.338101604278075,1,26,-0.437640888875986,6,"Kcnb1 Hyal3 Baiap3 Stx1a Cacna1a Syt11"
"GOBP_REGULATION_OF_CALCIUM_ION_IMPORT",-1.05959817637314,0.396393935254747,1,22,-0.435334493303714,6,"Ms4a1 Hes1 Pdgfrb Cask Ppp3cc Pkd2"
"GOBP_REGULATION_OF_CALCIUM_ION_IMPORT_ACROSS_PLASMA_MEMBRANE",-1.18519937975028,0.276540966227472,1,10,-0.574011199456452,2,"Ms4a1 Ppp3cc"
"GOBP_REGULATION_OF_CALCIUM_MEDIATED_SIGNALING",-1.23064136728208,0.155463673951565,1,65,-0.423029178300976,13,"Ncs1 Ccl3 Igf1 Cd22 Pdgfrb Lrrk2 Ada Ppp3cc Negr1 Ramp3 Bst1 Cmklr1 Tnf"
"GOBP_REGULATION_OF_CANONICAL_WNT_SIGNALING_PATHWAY",-0.612956754996536,0.996276991809382,1,159,-0.192782918806774,20,"Ptk7 Tmem88 Trpm4 Ccnyl1 Jrk Amer1 Lrrk2 Mllt3 Ddit3 Ttc21b Bambi Cdon Egfr Tmem9 Dab2ip Tmem198b Thra Peg12 Lgr5 Frat1"
"GOBP_REGULATION_OF_CARBOHYDRATE_BIOSYNTHETIC_PROCESS",0.868060863970596,0.798232695139912,1,77,0.228149170202086,13,"Egf Sirt6 Ppp1r3f Kat2b Slc35b4 Ptger4 Insr Dgkq Kat2a Gpt Dgat2 Irs2 Dyrk2"
"GOBP_REGULATION_OF_CARBOHYDRATE_CATABOLIC_PROCESS",-0.860578532540468,0.70308498963541,1,53,-0.304766513855326,7,"Ppargc1a Hdac4 Igf1 Pomc Phka1 Ppp1r3d Ppp1r3b"
"GOBP_REGULATION_OF_CARBOHYDRATE_METABOLIC_PROCESS",0.85579159910838,0.894736842105263,1,134,0.207377445099909,28,"Trex1 Egf Sirt6 Ppp1r3f Kat2b Slc35b4 Ptger4 Igfbp4 App Insr Adora2b Arnt Dgkq Kat2a Gpt Dgat2 Arl2 Irs2 Dyrk2 Sik2 Nfe2l1 Rptor Ier3 Ranbp2 Foxk2 Cbfa2t3 Ppp1r3e Ddit4"
"GOBP_REGULATION_OF_CARDIAC_MUSCLE_CELL_ACTION_POTENTIAL",-1.33495466608857,0.125949736995909,1,13,-0.610386664196785,4,"Trpm4 Cxadr Jup Rangrf"
"GOBP_REGULATION_OF_CARDIAC_MUSCLE_CELL_CONTRACTION",-1.17452525405138,0.267076307516433,1,16,-0.514949541491553,5,"Trpm4 Pde4d Pde4b Jup Rangrf"
"GOBP_REGULATION_OF_CARDIAC_MUSCLE_CELL_DIFFERENTIATION",0.529026293345386,0.974992644895557,1,10,0.225003028441918,6,"Kat2a Ccnd2 Hdac3 Tgfb1 Dll1 Smad4"
"GOBP_REGULATION_OF_CARDIAC_MUSCLE_CELL_PROLIFERATION",-0.886321910868153,0.638597423296587,1,28,-0.347274740789639,3,"Cdk1 Fgf20 Cxadr"
"GOBP_REGULATION_OF_CARDIAC_MUSCLE_CONTRACTION_BY_CALCIUM_ION_SIGNALING",-0.950579044484279,0.542671480144404,1,15,-0.423414419112407,3,"Hdac4 Tmem38a Gsto1"
"GOBP_REGULATION_OF_CARDIAC_MUSCLE_CONTRACTION_BY_REGULATION_OF_THE_RELEASE_OF_SEQUESTERED_CALCIUM_ION",0.787274685725006,0.741394527802295,1,10,0.334840046198113,3,"Pln Fkbp1b Slc8a1"
"GOBP_REGULATION_OF_CARDIOCYTE_DIFFERENTIATION",-0.500440377251852,0.981005260081824,1,13,-0.228818356352989,4,"Egfr Arrb2 Gsk3b Prickle1"
"GOBP_REGULATION_OF_CARTILAGE_DEVELOPMENT",1.14160744615836,0.235762144053601,1,30,0.363174943775387,10,"Rarg Chadl Ltbp3 Bmp6 Idua Kat2a Zfp219 Bmp1 Rara Rela"
"GOBP_REGULATION_OF_CATECHOLAMINE_SECRETION",-1.23766967659575,0.198925491304963,1,18,-0.531455639906753,5,"Kcnb1 Chrnb2 Gabbr1 Stx1a Syt11"
"GOBP_REGULATION_OF_CD4_POSITIVE_ALPHA_BETA_T_CELL_ACTIVATION",-1.11634012327224,0.298226695422957,1,59,-0.388992695267739,17,"Ccr7 Loxl3 Cd81 Cd69 Il18 Prkcq Zbtb7b Prkcz Foxp3 Hlx Cd55 Twsg1 Nfkbid Smad7 Ripk2 Runx1 Klhl25"
"GOBP_REGULATION_OF_CD4_POSITIVE_ALPHA_BETA_T_CELL_DIFFERENTIATION",-1.08483739989653,0.34861932938856,1,48,-0.389883653979768,13,"Ccr7 Loxl3 Cd69 Il18 Zbtb7b Prkcz Foxp3 Hlx Nfkbid Smad7 Ripk2 Runx1 Klhl25"
"GOBP_REGULATION_OF_CD8_POSITIVE_ALPHA_BETA_T_CELL_ACTIVATION",0.859920981697196,0.653883652908677,1,15,0.325605802776062,3,"Mapk8ip1 Hfe Cd274"
"GOBP_REGULATION_OF_CELLULAR_COMPONENT_SIZE",-0.692290979554775,0.988395974532758,1,262,-0.211293043548353,25,"Sema6d Lrp1 Sct Olfm1 Vegfa Cit Tnfrsf12a Nck2 Bbs4 Rnd2 Baiap2l1 Eps8 Ttl Cdhr5 Slc12a2 Iqgap3 Abitram Tsc1 Pls1 Hdac6 Cdkl5 Actn2 Disc1 Deptor Washc5"
"GOBP_REGULATION_OF_CELLULAR_EXTRAVASATION",0.976456526299936,0.492069785884219,1,26,0.323230765403723,7,"Selp Ager Ptger4 Med23 Fut4 Ccr2 Ccl25"
"GOBP_REGULATION_OF_CELLULAR_PH",-0.569340473906389,0.991647500302627,1,55,-0.20037540713843,7,"Bcl2 Rab39 Lrrk2 Slc26a6 Tmem9 Clic4 Tm9sf4"
"GOBP_REGULATION_OF_CELLULAR_RESPIRATION",-0.673387740216797,0.928671506814419,1,38,-0.25085166374371,5,"Oas1c Oas1a Etfrf1 Pnpt1 Tnf"
"GOBP_REGULATION_OF_CELLULAR_RESPONSE_TO_GROWTH_FACTOR_STIMULUS",-0.96522150696367,0.571910942281313,1,175,-0.301815096388577,32,"Lrp1 Itga3 Itga5 Hes1 Vegfa Snx25 Adgrg1 Vegfd Fgfrl1 Cd59a Il12a Cask Fbn1 Dand5 Vegfc Bambi Ing2 Dab2ip Ryr1 Spred2 Ints9 Rasl11b Twsg1 Mtmr4 Eng Ldlrad4 Fbxl15 Smad7 Cdkn1c Ofd1 Ppp2r5d Fam89b"
"GOBP_REGULATION_OF_CELLULAR_RESPONSE_TO_HYPOXIA",-1.24606793016088,0.187715665976536,1,21,-0.517519616189275,2,"Nol3 Vhl"
"GOBP_REGULATION_OF_CELLULAR_RESPONSE_TO_INSULIN_STIMULUS",-0.933417999678335,0.600986351645831,1,82,-0.311671740686599,23,"Pid1 Bglap3 Gpld1 Prkcq Zbtb7b Gkap1 Prkcz Fbxw8 Socs3 Tnf Ncoa5 Lonp1 Atp6v0a2 Nucks1 Gsk3b Ncl Kbtbd2 Mtor Pip4k2b Echdc3 Atp6v1f Adipor1 Grk2"
"GOBP_REGULATION_OF_CELLULAR_RESPONSE_TO_OXIDATIVE_STRESS",-1.27051054917264,0.163092473705778,1,22,-0.521987559523996,6,"Cd36 Aifm2 Tsc1 Hdac6 Tbc1d24 Dhfr"
"GOBP_REGULATION_OF_CELLULAR_RESPONSE_TO_STRESS",-0.842234300108292,0.907126344356217,1,454,-0.251733959768928,113,"Nol3 Cd36 Lrp1 Aifm2 Hmga2 Aunip Rmi2 Fignl1 Brca1 Setmar Bard1 Shld3 Chek2 Dusp10 Nck2 Map3k20 Card9 Zbtb7b Ell3 Fancb Lrrk2 Ino80c Vhl Rad51 Rtel1 Timeless Tsc1 Rfwd3 Ddit3 Khdc3 Cgas Pbk Mrnip Hdac6 Wrap53 Rad51ap1 Bcl2l1 Bcl7a Suv39h1 Egfr Ogg1 Pcna Tbc1d24 Spred2 Thy1 Ddx11 Nr1h2 Dhfr Syvn1 Cul4a Ubqln4 Ercc1 Smarcc1 Rad52 Eef1e1 Ripk2 Phf10 Flna Sgf29 Ubqln2 Ing3 Rpa2 Dnajb9 Tigar Pmaip1 Eif2ak2 Txndc12 Brcc3 Smchd1 Kdm6a Wdr48 Arid2 Parg Yeats4 Prkcg Cyren Chordc1 Hmgcr Blm Taf12 Atxn3 Dyrk3 Taf6 Rnf168 Abca7 Taf7 Parp3 Ubxn2a Ube2n Xylt1 Cry1 Taf5 Ino80b Stk24 Foxm1 Slf1 Zcwpw1 Sf3b3 Tmem161a Kmt5b Taf9 Usp19 Sox4 Dnaja1 Morf4l1 Ino80 Prdx1 Morf4l2 Babam2 Pdia6 Pias4 Taf5l Hmgb1"
"GOBP_REGULATION_OF_CELLULAR_RESPONSE_TO_TRANSFORMING_GROWTH_FACTOR_BETA_STIMULUS",-0.903683727081604,0.662142456533932,1,96,-0.296416364026988,17,"Lrp1 Itga3 Snx25 Fbn1 Dand5 Bambi Ing2 Ryr1 Spred2 Ints9 Rasl11b Twsg1 Mtmr4 Eng Ldlrad4 Smad7 Cdkn1c"
"GOBP_REGULATION_OF_CELLULAR_SENESCENCE",-1.00907653770391,0.46338046108776,1,38,-0.375903084077938,15,"Hmga2 Tert Cgas Suv39h1 Pnpt1 Ang Icmt Eef1e1 Nek4 Rsl1d1 Akt3 Mtor Mif Nuak1 Nampt"
"GOBP_REGULATION_OF_CELL_ADHESION_MEDIATED_BY_INTEGRIN",-0.752427918288295,0.817305080141266,1,24,-0.303826099635387,6,"Rac3 Plau Ada Adam9 Crkl Piezo1"
"GOBP_REGULATION_OF_CELL_CELL_ADHESION",-1.03144262197942,0.404831996751599,1,336,-0.311456042962515,64,"Rag2 Rasgrp1 Fut7 Cd6 Ccr7 Hes1 H2-Eb2 Loxl3 Cd81 Vegfa Zc3h8 Lck Adgrg1 Igf1 Tnfrsf13c Ephb6 Mdga1 Ptpn22 Dusp10 Rap1gap Nck2 Cd59a Il12a Cd69 Tenm3 Il18 Prkcq Rag1 Zbtb7b Pde4d Ada Cd86 Il15 Scrib Prkcz Cd59b Socs6 Sox12 Foxp3 Lax1 Hlx Il2ra H2-Ob Cd55 Tnf Gcnt2 Thy1 Zdhhc21 Havcr2 Cebpb Tnfrsf21 Twsg1 Efna5 Smarcc1 Nfkbid Glmn Smad7 Dusp22 Ripk2 Rgcc Phf10 Cd1d1 Zc3h12d Specc1l"
"GOBP_REGULATION_OF_CELL_CELL_ADHESION_MEDIATED_BY_CADHERIN",-0.625119467723312,0.917153711279953,1,13,-0.285825875829994,3,"Vegfa Smad7 Rgcc"
"GOBP_REGULATION_OF_CELL_CYCLE_G1_S_PHASE_TRANSITION",-1.07674202461297,0.334801288936627,1,140,-0.341925905436114,42,"E2f7 Stil Rrm2 Mblac1 Bcl2 Sass6 Ccne1 Fam83d Pkd2 Tert Stxbp4 Haspin Rfwd3 Pagr1a Prmt2 Bcl7a Plpp2 Egfr Ccnd3 Lsm11 Cdkn1a E2f1 Ccnh Rassf1 Cul4a Smarcc1 Ppp2r3d Kank2 Ezh2 Rgcc Phf10 Zc3h12d Rpa2 Arid2 Ube2e2 Tfdp1 Rrm1 Jade1 Larp7 Ddx3x Cacnb4 Psme3"
"GOBP_REGULATION_OF_CELL_DIVISION",-1.2132664806047,0.129088340758448,1,124,-0.389345149731644,30,"Map9 Rab11fip4 E2f7 E2f8 Kif20a Vegfa Cit Vegfd Bbs4 Prc1 Cdc25b Kif20b Aurkb Map10 Cenpv Ccp110 Mllt3 Incenp Pkp4 Birc5 Vegfc Bcl2l1 Intu Pdgfc Mbip Cdca8 Prkce Thoc5 Sgf29 Nup62"
"GOBP_REGULATION_OF_CELL_FATE_SPECIFICATION",0.477748193698912,0.994475138121547,1,15,0.18089753296533,4,"Gfi1 Mta1 Gatad2b Hdac2"
"GOBP_REGULATION_OF_CELL_GROWTH",-0.775110482717272,0.943044458102848,1,278,-0.236172869253355,53,"Sema6d Lrp1 Gdf9 Bcl2 Olfm1 Vegfa Brca1 Cit Hyal2 Igf1 Tnfrsf12a Rnd2 Osgin2 Unc13a Trip10 Kazald1 Ttl Psrc1 Prdm11 Sphk2 D7Ertd443e Hdac6 Cdkl5 Akap1 Disc1 Sertad2 Egfr Cgrrf1 Cdkn1a Dab2ip Rgs2 Sbf1 Efna5 Smad7 Zc3h12d Commd5 Hyal1 Megf8 Sertad3 Jade3 Sesn2 Smad3 Flt4 Wdr36 Cxcr4 Jade1 Ppan Crkl Tspyl2 Ddx3x Sesn1 Ing5 Epm2a"
"GOBP_REGULATION_OF_CELL_GROWTH_INVOLVED_IN_CARDIAC_MUSCLE_CELL_DEVELOPMENT",-0.818372361622957,0.729294583162778,1,23,-0.333497593235671,4,"Igf1 Trip10 Akap1 Rgs2"
"GOBP_REGULATION_OF_CELL_JUNCTION_ASSEMBLY",-0.79422943283819,0.889275913025121,1,173,-0.248555523728424,28,"Lrp1 Chrnb2 Agrn Ntrk1 Vegfa Adgrl1 Il1rap Mdga1 Ntng2 Rac3 Rab40c Lrrc24 Stau2 Adgrl4 Negr1 Tsc1 Cul5 Sema4a Lrrc15 Lzts1 Fzd5 Tnf Bhlhb9 Thy1 Camsap3 Efna5 Adgrl2 Dusp22"
"GOBP_REGULATION_OF_CELL_KILLING",-0.952554560727358,0.565162330186507,1,80,-0.319058368731664,12,"Itgam Rasgrp1 Pomc H2-Q2 Cd59a Il12a Nectin2 Cd59b Cd55 Ulbp1 Havcr2 Serpinb9"
"GOBP_REGULATION_OF_CELL_MATRIX_ADHESION",-1.17848025089901,0.199317794201251,1,87,-0.390751155200088,19,"Cd36 Lrp1 Epha1 Bcl2 Vegfa Rab40c Cask Plau Prkcz Tsc1 Cul5 Vegfc Disc1 Bst1 Jup Thy1 Camsap3 Efna5 Dusp22"
"GOBP_REGULATION_OF_CELL_MATURATION",-0.815800591804432,0.722411831626849,1,17,-0.353758354814447,3,"Bcl2 Rac3 Lrrk2"
"GOBP_REGULATION_OF_CELL_MIGRATION_INVOLVED_IN_SPROUTING_ANGIOGENESIS",-0.73841687303204,0.836924714019686,1,27,-0.291079714463592,2,"Hmox1 Vegfa"
"GOBP_REGULATION_OF_CELL_MORPHOGENESIS",-0.777166560095366,0.916692765424366,1,197,-0.240827977075697,32,"Strip2 Ccl3 Vegfa Mapre3 Ntng2 Gas2 Unc13a Rac3 Cask Eps8 Fitm2 Fgd1 Stau2 Itpka Mfn1 Syne3 Zmym6 Hdac6 Fbxw8 Cdkl5 Sema4a Bambi Rhov Arhgef18 Tbc1d24 Ss18l1 Bhlhb9 Fmnl3 Tiam1 Efna5 Hck Camsap1"
"GOBP_REGULATION_OF_CELL_PROJECTION_ASSEMBLY",-1.06596744125964,0.348572037510656,1,154,-0.33600298026855,27,"Luzp1 Agrn Ccr7 Auts2 Dync2li1 Hdac4 Eps8l2 Kif24 Rap1gap Fnbp1l Bbs4 Prkcq Crocc Ccp110 Eps8 Cntrob Stau2 Cep97 Fam98a Plekhm1 Abitram Cdkl5 Def8 Tbc1d7 Evi5l Intu Rab29"
"GOBP_REGULATION_OF_CELL_PROJECTION_ORGANIZATION",-0.89416197528301,0.816721870922413,1,483,-0.26674352285118,72,"Ptk7 Ncs1 Sema6d Lrp1 Itga3 Chrnb2 Luzp1 Agrn Ccr7 Hes1 Auts2 Ntrk1 Brsk2 Vegfa Dync2li1 Hdac4 Mapre3 Eps8l2 Cit Tnfrsf12a Il15ra Kif24 Rap1gap Ntng2 Fnbp1l Bbs4 Rnd2 Tenm3 Prkcq Crocc S100a9 Tiam2 Cask Lrrk2 Ccp110 Eps8 Cntrob Stau2 Rtn4ip1 Cep97 Metrn Fam98a Itpka Mfn1 Cdhr5 Negr1 Plekhm1 Abitram Tsc1 Pls1 Khdc3 Hdac6 Katna1 Fbxw8 Cdkl5 Def8 Disc1 Serpini1 Tbc1d7 Washc5 Lzts1 Cacna1a Tbc1d24 Ss18l1 Evi5l Dab2ip Bhlhb9 Thy1 Intu Rab29 Ehd1 Rgs2"
"GOBP_REGULATION_OF_CELL_SHAPE",-0.916726523758767,0.63784025988574,1,98,-0.30020014893413,12,"Strip2 Ccl3 Vegfa Gas2 Rac3 Eps8 Fgd1 Syne3 Sema4a Bambi Rhov Arhgef18"
"GOBP_REGULATION_OF_CELL_SIZE",-0.923682012589607,0.647154295607011,1,132,-0.295086828084326,16,"Sema6d Lrp1 Sct Olfm1 Vegfa Cit Tnfrsf12a Rnd2 Ttl Slc12a2 Iqgap3 Tsc1 Hdac6 Cdkl5 Disc1 Deptor"
"GOBP_REGULATION_OF_CELL_SUBSTRATE_ADHESION",-1.18871279221678,0.148702487347906,1,139,-0.377848947198869,28,"Cd36 Lrp1 Epha1 Itga3 Itga5 Bcl2 Vegfa Rac3 Rab40c Cask Plau Rell2 Prkcz Cspg5 Tsc1 Cul5 Vegfc Cass4 Disc1 Bst1 Jup Gcnt2 Thy1 Camsap3 Efna5 Dusp22 Prkce Flna"
"GOBP_REGULATION_OF_CELL_SUBSTRATE_JUNCTION_ORGANIZATION",-0.784145548860323,0.823747903187156,1,59,-0.273238311670887,11,"Lrp1 Vegfa Rab40c Tsc1 Cul5 Thy1 Camsap3 Efna5 Dusp22 S100a10 Smad3"
"GOBP_REGULATION_OF_CENTRIOLE_REPLICATION",-1.07369729727292,0.374675944876518,1,23,-0.437545891449761,11,"Stil Sass6 Cep295 D7Ertd443e Spice1 Ccdc15 Nup62 Poc1b Alms1 Rbm14 Plk4"
"GOBP_REGULATION_OF_CENTROSOME_CYCLE",-1.16325288386062,0.24137513618206,1,55,-0.409398735714771,22,"Stil Sass6 Wdr62 Xrcc3 Cep295 Cep131 D7Ertd443e Ccnf Spice1 Ccdc15 Mcph1 Gen1 Nup62 Poc1b Alms1 Rbm14 Plk4 Chordc1 Chmp1a Cep120 Cdk11b Nubp1"
"GOBP_REGULATION_OF_CENTROSOME_DUPLICATION",-1.12103190492235,0.301363073110285,1,46,-0.405364687030956,18,"Stil Sass6 Xrcc3 Cep295 Cep131 D7Ertd443e Ccnf Spice1 Ccdc15 Gen1 Nup62 Poc1b Alms1 Rbm14 Plk4 Chordc1 Chmp1a Cep120"
"GOBP_REGULATION_OF_CHEMOTAXIS",-0.875692842490369,0.725728155339806,1,111,-0.283579498710012,19,"Ccl3 Agrn Ccr7 Vegfa Rarres2 Vegfd AI182371 Il12a Mcu Pdgfrb Ccr1l1 Hdac6 Vegfc Dusp1 Bst1 Cmklr1 Mst1 Tiam1 Zfp580"
"GOBP_REGULATION_OF_CHOLESTEROL_EFFLUX",-0.924495247363705,0.583936620680235,1,22,-0.3798276356518,2,"Lrp1 Abca1"
"GOBP_REGULATION_OF_CHOLESTEROL_METABOLIC_PROCESS",0.941560462977931,0.560378169316717,1,33,0.29302567388957,7,"Erlin2 Apoe Gnai1 Dgkq Dgat2 Ldlr Lpcat3"
"GOBP_REGULATION_OF_CHONDROCYTE_DIFFERENTIATION",0.947774577838349,0.519767863619877,1,21,0.329861681427267,6,"Rarg Chadl Ltbp3 Bmp6 Zfp219 Rela"
"GOBP_REGULATION_OF_CHROMOSOME_CONDENSATION",-1.13264628751567,0.326931470973374,1,14,-0.510838908649104,9,"Smc4 Mcph1 Ncapd2 Wapl Ncaph2 Smarca5 Ncapg Ncaph Ncapg2"
"GOBP_REGULATION_OF_CILIUM_ASSEMBLY",-1.08398784843166,0.337625516834022,1,65,-0.372617483047099,13,"Luzp1 Dync2li1 Kif24 Bbs4 Crocc Ccp110 Cntrob Cep97 Cdkl5 Tbc1d7 Evi5l Intu Rab29"
"GOBP_REGULATION_OF_CILIUM_DEPENDENT_CELL_MOTILITY",-1.33312311650079,0.12994093593821,1,10,-0.64565305399246,4,"Cfap45 Tac4 Bbs4 Bbs2"
"GOBP_REGULATION_OF_CIRCADIAN_RHYTHM",-1.05644059485553,0.375661984803131,1,80,-0.35385501970526,14,"Chrnb2 Ppargc1a Per3 Cdk1 Ptgds Rorc Spsb4 Ada Timeless Usp2 Nr2f6 Rora Top2a Kdm5b"
"GOBP_REGULATION_OF_CIRCADIAN_SLEEP_WAKE_CYCLE",-1.29933130048965,0.158412842647282,1,10,-0.629287131792558,4,"Chrnb2 Per3 Ptgds Ada"
"GOBP_REGULATION_OF_CLATHRIN_DEPENDENT_ENDOCYTOSIS",-0.847173961737608,0.675774400935126,1,13,-0.387356740745746,3,"Syt11 Ubqln2 Tnk2"
"GOBP_REGULATION_OF_COAGULATION",-1.01108411102049,0.459207459207459,1,34,-0.383282805146582,5,"Cd36 Pros1 S100a9 Plau Tfpi"
"GOBP_REGULATION_OF_COLLAGEN_METABOLIC_PROCESS",1.16871320700123,0.20632208457924,1,32,0.366253602653417,8,"Acvr1b Ager Errfi1 Ciita Creb3l1 Cbx8 Adora2b Idua"
"GOBP_REGULATION_OF_CYCLIN_DEPENDENT_PROTEIN_SERINE_THREONINE_KINASE_ACTIVITY",-0.944108632429567,0.551837180713017,1,22,-0.387885768668641,2,"Stil Inca1"
"GOBP_REGULATION_OF_CYTOPLASMIC_TRANSLATION",1.05846112646689,0.359886777193692,1,28,0.342362317081591,2,"Parp16 Impact"
"GOBP_REGULATION_OF_CYTOSKELETON_ORGANIZATION",-0.889506298586691,0.805676194323806,1,374,-0.267391664845779,63,"Map9 Lrp1 Epha1 Stil Tacc3 Agrn Bicd1 Mapre3 Ska3 Diaph3 Cit Sass6 Stmn1 Nck2 Bbs4 Rnd2 Baiap2l1 Prkcq Rac3 Pdgfrb Aurkb Tppp Cep295 Pick1 Eps8 Stau2 Cep97 Psrc1 Abitram Tsc1 Hdac6 Atat1 Actn2 Ccnf Katnbl1 Ckap2l Arhgef18 Washc5 Rcc1 Bst1 Synpo2 Ccsap Celsr1 Ccdc15 Camsap3 Ska2 Efna5 Add3 Hck Camsap1 Kank2 Prkce Tpx2 Rgcc Flna Nup62 Specc1l Chmp7 Poc1b Abi2 Ska1 Gpsm2 Alms1"
"GOBP_REGULATION_OF_CYTOSOLIC_CALCIUM_ION_CONCENTRATION",-0.942955981794232,0.558364994104546,1,31,-0.363002755274047,7,"Ncs1 Marcksl1 Cacnb2 Calcb Cul5 Cacna1a Ryr1"
"GOBP_REGULATION_OF_DEFENSE_RESPONSE_TO_BACTERIUM",-0.974910304033919,0.517200119653006,1,11,-0.462984949341193,4,"Nlrp10 Syt11 Havcr2 Mapkbp1"
"GOBP_REGULATION_OF_DEFENSE_RESPONSE_TO_VIRUS",-0.680978675488904,0.935787671232877,1,51,-0.24238615936439,12,"Ptpn22 Rnf26 Il15 Cgas Foxp3 Irgm2 Trim44 Sertad3 Fgl2 Zdhhc1 Pqbp1 Rnf216"
"GOBP_REGULATION_OF_DEFENSE_RESPONSE_TO_VIRUS_BY_HOST",-0.65333511905613,0.92721476955771,1,28,-0.255986883926575,7,"Ptpn22 Il15 Cgas Trim44 Zdhhc1 Pqbp1 Rnf216"
"GOBP_REGULATION_OF_DENDRITE_DEVELOPMENT",1.1291768331116,0.166513339466421,1,96,0.287044598136623,22,"Xlr3b Caprin2 Gorasp1 Dlg4 Parp6 Met Ephb2 Nsmf Wls Sgk1 Afdn Kalrn Numb Pias2 Xlr4b Camsap2 Sipa1l1 Cdc20 Nedd4l Mfn2 Ptprf Camk2b"
"GOBP_REGULATION_OF_DENDRITE_EXTENSION",0.918373140732628,0.572920552032824,1,22,0.317159262233722,5,"Afdn Cpne5 Prkn Nedd4l Mul1"
"GOBP_REGULATION_OF_DENDRITIC_SPINE_DEVELOPMENT",0.896787703694089,0.724363161332462,1,67,0.240548501502509,8,"Xlr3b Caprin2 Apoe Ephb2 Afdn Kalrn Xlr4b Ngfr"
"GOBP_REGULATION_OF_DENDRITIC_SPINE_MORPHOGENESIS",1.06522611381782,0.319895287958115,1,47,0.307306589644921,8,"Xlr3b Caprin2 Ephb2 Afdn Arhgap32 Kalrn Xlr4b Sipa1l1"
"GOBP_REGULATION_OF_DEPHOSPHORYLATION",-0.834752934858307,0.701365187713311,1,17,-0.361976723084796,8,"Akap1 Mtmr2 Smad3 Epm2a Smg5 Chp1 Cdk5rap3 Iqgap1"
"GOBP_REGULATION_OF_DEVELOPMENTAL_GROWTH",-1.1614887386235,0.153822249844624,1,223,-0.357292025052426,31,"Rag2 Sema6d Lrp1 Hmga2 Agrn Bcl2 Olfm1 Vegfa Cdk1 Fgf20 Cit Igf1 Tnfrsf12a Cxadr Dusp10 Bbs4 Rnd2 Unc13a Siah1a Trip10 Ttl Bbs2 Pls1 Hdac6 Cdkl5 Hlx Akap1 Flvcr1 Disc1 Suv39h1 Gamt"
"GOBP_REGULATION_OF_DNA_BINDING",-1.16737358312282,0.290911747516072,1,13,-0.533762895006436,2,"Hmga2 Hes1"
"GOBP_REGULATION_OF_DNA_BINDING_TRANSCRIPTION_FACTOR_ACTIVITY",-0.997945430042021,0.497206114918292,1,178,-0.311649339502856,39,"Esr1 Hmga2 Hmox1 Rwdd3 Ntrk1 Nfix Fanca Adgrg3 Il1rap Card9 Il18 Prkcq Rhebl1 Arrb1 Prkcz Ddit3 Foxp3 Rab7b Prmt2 Traip Lrrfip2 Cmklr1 Tnf Havcr2 Thra Camk2a Hck Nfkbid Dhx33 Paxip1 Ripk2 Ezh2 Flna Nlrc5 Zfp932 Erc1 Kit Trim5 Eif2ak2"
"GOBP_REGULATION_OF_DNA_BIOSYNTHETIC_PROCESS",-0.996431168169005,0.480448866265618,1,77,-0.335423740512057,27,"Dscc1 Vegfa Pdgfrb Chtf18 Wrap53 Dusp1 Cdkn1a Tnf Rfc4 Tinf2 Tent4b Ccna2 Jade3 Arrb2 Tfdp1 Jade1 Stn1 Prkd2 Dcp2 Tcp1 Ing5 Ptk2b Gsk3b Cct3 Nfatc1 Rfc5 Dnajc2"
"GOBP_REGULATION_OF_DNA_DAMAGE_RESPONSE_SIGNAL_TRANSDUCTION_BY_P53_CLASS_MEDIATOR",-0.44600254491191,0.998029944838456,1,30,-0.172514627781513,12,"Spred2 Eef1e1 Pmaip1 Dyrk3 Sox4 Yju2 Mif Ddx5 Spred1 Kmt5a Sirt1 Smyd2"
"GOBP_REGULATION_OF_DNA_METABOLIC_PROCESS",-1.09630162158689,0.214616468693376,1,418,-0.328359627998376,134,"Hmga2 Dscc1 E2f7 Esco2 E2f8 Aunip Rmi2 Fignl1 Vegfa Cdk1 Brca1 Setmar Bard1 Ankle1 Shld3 Cd40 Cdt1 Prkcq Pdgfrb Aurkb Nek2 Fancb Prdm9 Ino80c Rad51 Rtel1 Chtf18 Timeless Mapkapk5 Khdc3 Cgas Xrcc5 Mrnip Nmnat1 Foxp3 Pagr1a Wrap53 Rad51ap1 Bcl7a Dusp1 Suv39h1 Egfr Jun Ogg1 Pcna Ttf1 H1f0 Cdkn1a Hdac8 Tnf Ddx11 Cdk2 Map3k4 Rfc4 Cul4a Ubqln4 Ercc1 Smarcc1 Dna2 Gnl3 Paxip1 Rad52 Phf10 Tinf2 Sgf29 Ing3 Tent4b Rpa2 Ssbp1 Tigar Ccna2 Hmces Il27ra Smg6 Brcc3 Smchd1 Cdc7 Jade3 Wdr48 Arid2 Rad18 Arrb2 Parg Yeats4 Prkcg Cyren Tfdp1 Jade1 Stn1 Prkd2 Brpf3 Blm Dcp2 Tspyl2 Tcp1 Taf12 Ing5 Taf6 Rnf168 Ptk2b Taf7 Parp3 Ube2n Nucks1 Gsk3b Cct3 Taf5 Ino80b Foxm1 Msh2 Nfatc1 Slf1 Wapl Ylpm1 Zcwpw1 Sf3b3 Apaf1 Smg5 Tmem161a Rfc5 Orc3 Dnajc2 Kmt5b Taf9 Smarca5 Morf4l1 Ino80 Cacybp Morf4l2 Babam2 Gmnn Pias4 Taf5l Hmgb1"
"GOBP_REGULATION_OF_DNA_RECOMBINATION",-1.05679174654724,0.372835203136913,1,120,-0.339772317298259,29,"Rmi2 Fignl1 Ankle1 Shld3 Cd40 Fancb Prdm9 Rad51 Rtel1 Timeless Khdc3 Cgas Mrnip Foxp3 Pagr1a Wrap53 Rad51ap1 H1f0 Ubqln4 Paxip1 Ing3 Rpa2 Hmces Il27ra Smchd1 Wdr48 Arid2 Rad18 Yeats4"
"GOBP_REGULATION_OF_DNA_REPAIR",-0.942684036225702,0.625676238035789,1,209,-0.291203661099498,64,"Hmga2 Aunip Rmi2 Fignl1 Brca1 Setmar Bard1 Shld3 Fancb Ino80c Rad51 Rtel1 Timeless Khdc3 Cgas Mrnip Wrap53 Rad51ap1 Bcl7a Suv39h1 Egfr Ogg1 Pcna Ddx11 Cul4a Ubqln4 Smarcc1 Rad52 Phf10 Sgf29 Ing3 Rpa2 Tigar Brcc3 Smchd1 Wdr48 Arid2 Parg Yeats4 Prkcg Cyren Blm Taf12 Taf6 Rnf168 Taf7 Parp3 Ube2n Taf5 Ino80b Foxm1 Slf1 Zcwpw1 Sf3b3 Tmem161a Kmt5b Taf9 Morf4l1 Ino80 Morf4l2 Babam2 Pias4 Taf5l Hmgb1"
"GOBP_REGULATION_OF_DNA_REPLICATION",-1.16425633013903,0.209758833426809,1,96,-0.381886513868864,31,"Dscc1 E2f7 Esco2 E2f8 Cdk1 Cdt1 Ino80c Timeless Egfr Jun Pcna Ttf1 Cdk2 Dna2 Ssbp1 Ccna2 Cdc7 Jade3 Jade1 Stn1 Brpf3 Tspyl2 Ing5 Nucks1 Ino80b Wapl Orc3 Smarca5 Ino80 Cacybp Gmnn"
"GOBP_REGULATION_OF_DNA_STRAND_ELONGATION",-0.734307433328878,0.825511945392492,1,17,-0.31842020237798,8,"Ino80c Nucks1 Ino80b Ino80 Actl6a Ruvbl2 Ino80e Tfpt"
"GOBP_REGULATION_OF_DNA_TEMPLATED_DNA_REPLICATION",-1.10117443841403,0.336698100677381,1,28,-0.431457310233748,7,"E2f7 E2f8 Cdt1 Timeless Cdk2 Ssbp1 Cdc7"
"GOBP_REGULATION_OF_DNA_TEMPLATED_TRANSCRIPTION_ELONGATION",-0.586823522839462,0.997429593205186,1,99,-0.191848954318992,34,"Zc3h8 Ell3 Vhl Med9 Ints1 Ints9 Eaf1 Ezh2 Ints14 Nelfa Med22 Med26 Rnf168 Ccnt1 Supt16 Med1 Med25 Cdk12 Ell2 Ints6 Scaf8 Setd5 Ikzf1 Rnf8 Med21 Med6 Map2k1 Kat7 Eloc Ints3 Med30 Cbx7 Leo1 Eapp"
"GOBP_REGULATION_OF_DNA_TEMPLATED_TRANSCRIPTION_INITIATION",-0.654888432128833,0.97073732718894,1,79,-0.21965074744191,28,"Med9 Taf4b Jun Thra Ercc1 Paxip1 Rrn3 Taf8 Med22 Taf12 Med26 Taf6 Cand1 Taf7 Taf5 Taf9 Tbp Hmgb1 Med1 Taf3 Med25 Creb1 Taf1 Ikzf1 Nfkb1 Med21 Med6 Med30"
"GOBP_REGULATION_OF_DOPAMINE_SECRETION",-1.09866404013999,0.368680825605743,1,11,-0.521755604451491,3,"Chrnb2 Gabbr1 Syt11"
"GOBP_REGULATION_OF_DOUBLE_STRAND_BREAK_REPAIR",-0.975853642807586,0.541405405405405,1,133,-0.311517844713721,38,"Hmga2 Aunip Rmi2 Fignl1 Setmar Shld3 Fancb Rad51 Rtel1 Timeless Khdc3 Cgas Mrnip Wrap53 Rad51ap1 Bcl7a Ogg1 Ddx11 Ubqln4 Smarcc1 Phf10 Ing3 Rpa2 Smchd1 Wdr48 Arid2 Yeats4 Cyren Blm Parp3 Ube2n Foxm1 Slf1 Zcwpw1 Kmt5b Morf4l1 Morf4l2 Pias4"
"GOBP_REGULATION_OF_DOUBLE_STRAND_BREAK_REPAIR_VIA_HOMOLOGOUS_RECOMBINATION",-1.03975609463862,0.404032258064516,1,79,-0.348736047455066,20,"Rmi2 Fignl1 Shld3 Fancb Rad51 Rtel1 Timeless Khdc3 Cgas Mrnip Wrap53 Rad51ap1 Ubqln4 Ing3 Rpa2 Smchd1 Wdr48 Arid2 Yeats4 Blm"
"GOBP_REGULATION_OF_EARLY_ENDOSOME_TO_LATE_ENDOSOME_TRANSPORT",0.472667640893527,0.99556162512803,1,18,0.170299727520436,18,"Ptpn23 Src Mapk3 Nf2 Snx12 Chmp3 Rab21 Mapk1 Rdx Sh3glb1 Map2k2 Snx3 Msn Vps11 Map2k1 Ezr Dnajc13 Mtmr2"
"GOBP_REGULATION_OF_EMBRYONIC_DEVELOPMENT",1.11334495949617,0.234080188679245,1,57,0.309302636784027,9,"Lama3 Zbed3 Amot Kat2b Kat14 Tle6 Tdg Insr Kat2a"
"GOBP_REGULATION_OF_ENDOCRINE_PROCESS",-1.14288738466382,0.295432322950133,1,19,-0.483508027980405,5,"Gdf9 Pomc Kdm5b Kcnn4 Runx1"
"GOBP_REGULATION_OF_ENDOCYTIC_RECYCLING",1.08668983576371,0.34121171770972,1,16,0.404995772788922,6,"Rab11fip3 Zdhhc2 Aldh7a1 Eipr1 Arhgap1 Gripap1"
"GOBP_REGULATION_OF_ENDOCYTOSIS",-0.782057279254537,0.924540004134794,1,234,-0.240037283595036,20,"Cd36 Lrp1 Napb Ccr7 Bicd1 Vegfa Il15ra Pros1 Cxadr Rap1gap C2 Cd22 Cd14 Lrrk2 Pick1 Ppp3cc Arrb1 Pard3 Il15 Scrib"
"GOBP_REGULATION_OF_ENDOPLASMIC_RETICULUM_STRESS_INDUCED_INTRINSIC_APOPTOTIC_SIGNALING_PATHWAY",-0.71351805984173,0.872129849564529,1,29,-0.277536751735026,5,"Nck2 Lrrk2 Ddit3 Bcl2l1 Syvn1"
"GOBP_REGULATION_OF_ENDOPLASMIC_RETICULUM_UNFOLDED_PROTEIN_RESPONSE",-0.607502118198243,0.955638198964006,1,28,-0.238028799739145,11,"Nck2 Dnajb9 Abca7 Pdia6 Akt3 Xbp1 Ptpn2 Akt1 Tmem33 Pik3r1 Nck1"
"GOBP_REGULATION_OF_ENDOSOME_SIZE",1.0328246036742,0.409831121833534,1,11,0.427486040902361,5,"Borcs7 Kxd1 Als2 Borcs6 Snapin"
"GOBP_REGULATION_OF_ENDOTHELIAL_CELL_DEVELOPMENT",-1.11971516104386,0.341466978375219,1,13,-0.511971843959819,4,"Vegfa Tnf Zdhhc21 Akap11"
"GOBP_REGULATION_OF_ENDOTHELIAL_CELL_DIFFERENTIATION",-0.716614716269127,0.862729449321628,1,27,-0.282485428773476,5,"Vegfa Vhl Tnf Zdhhc21 Akap11"
"GOBP_REGULATION_OF_ENDOTHELIAL_CELL_MIGRATION",0.970099391854604,0.544329896907216,1,109,0.241966919005681,17,"Egf Dll4 Nos3 Angpt2 Ager Anxa1 Apoe Amot Met Tgfbr3 Stard13 Adora2b Stat5a Map2k3 Itgb3 Rras Acvrl1"
"GOBP_REGULATION_OF_EPIDERMIS_DEVELOPMENT",0.926862544594324,0.578308207705193,1,30,0.294859019756133,2,"Sult2b1 Errfi1"
"GOBP_REGULATION_OF_EPITHELIAL_CELL_APOPTOTIC_PROCESS",-0.899023559483835,0.623547637490318,1,35,-0.339528775479101,3,"Hmox1 Ppargc1a Igf1"
"GOBP_REGULATION_OF_EPITHELIAL_CELL_DIFFERENTIATION",-0.701127392304684,0.93972697825081,1,77,-0.236017077762077,15,"Hes1 Vegfa Prlr Vhl Ipo7 Zfp36 Tnf Spred2 Zdhhc21 Cebpb Xdh Akap11 Cdkn1c Ezh2 Commd5"
"GOBP_REGULATION_OF_EPITHELIAL_CELL_MIGRATION",-0.719628097075343,0.892609985170539,1,47,-0.259398544853552,9,"Itga3 Dusp10 Scrib Hdac6 Jun Dab2ip Adam9 Prkce Vim"
"GOBP_REGULATION_OF_EPITHELIAL_CELL_PROLIFERATION",-0.940228743866479,0.633791094465252,1,205,-0.290686518988489,53,"Esr1 Hmga2 Hmox1 Hes1 Egfl7 Vegfa Igf1 Cxadr Dusp10 Rap1gap Nr4a1 Il12a Il18 Cask Plau Vhl Stxbp4 Iqgap3 Birc5 Hdac6 Vegfc Zfp36 Egfr Jun Ang Kdm5b Dab2ip Tnf Intu Mst1 Eng Zfp580 Cdkn1c Ift122 Cdc25a Ecm1 Rgcc Tinf2 Suz12 Agap2 Serpinf1 Mydgf Pygo2 Wdr48 Smad3 Hes5 Flt4 Jund Ift57 Cdk4 Srsf6 Ppp1r16b Prkd2"
"GOBP_REGULATION_OF_EPITHELIAL_TO_MESENCHYMAL_TRANSITION",-0.906080801725709,0.629380700912146,1,58,-0.316509131788792,20,"Olfm1 Vegfa Ell3 Scrib Cul5 Bambi Dab2ip Zdhhc7 Spred2 Gcnt2 Tiam1 Eng Usf3 Ldlrad4 Smad7 Ezh2 Rgcc Fbxo11 Sdhaf2 Smad3"
"GOBP_REGULATION_OF_ERAD_PATHWAY",-0.460568281479769,0.994831680402291,1,19,-0.194847247871329,9,"Ubqln2 Atxn3 Ubxn2a Usp19 Sgta Usp14 Tmem67 Tmem259 Stub1"
"GOBP_REGULATION_OF_ERBB_SIGNALING_PATHWAY",0.981941692788775,0.486457204767064,1,50,0.279855537727932,8,"Ptpn12 Dusp3 Rhbdf1 Errfi1 Cadm1 Ptprj Ptprf Socs4"
"GOBP_REGULATION_OF_ERYTHROCYTE_DIFFERENTIATION",0.808095458932227,0.836604514229637,1,42,0.239119532159404,7,"Acvr1b Ankrd54 Stat5a Hspa1b Kdm1a Hoxa5 Fam210b"
"GOBP_REGULATION_OF_ER_TO_GOLGI_VESICLE_MEDIATED_TRANSPORT",0.785527601656437,0.752941176470588,1,12,0.318192635673555,1,"Pgap1"
"GOBP_REGULATION_OF_ESTABLISHMENT_OF_CELL_POLARITY",1.10127671479485,0.316148856264937,1,18,0.396784353800118,2,"Shtn1 Plekhg3"
"GOBP_REGULATION_OF_ESTABLISHMENT_OF_PROTEIN_LOCALIZATION",-1.0928827439327,0.223241281999597,1,411,-0.327553080050491,60,"Uaca Ffar1 Nol3 Itgam Cd36 Pde1c Kcnb1 Lrp1 Lrp5 Cd81 Trpm4 Brsk2 Cdk1 F2rl2 Lyplal1 Yod1 Pde3b Brca1 Hyal2 Baiap3 Mief2 Bard1 Igf1 Ptpn22 Pde8b Blk Gpld1 Il12a Mcu Rapgefl1 Prkcq Kif20b Rasl2-9 Rab11fip1 Cep295 Cask Lrrk2 Pick1 Arrb1 Pkdcc Nnat Stxbp4 Cep131 Derl3 Slc12a2 Prkcz Slc35d3 Birc5 Bag3 Hdac6 Oaz2 Vegfc Wrap53 Akap1 Egfr Ang C2cd2l Jup Lypla1 Tnf"
"GOBP_REGULATION_OF_ESTABLISHMENT_OR_MAINTENANCE_OF_CELL_POLARITY",-0.718993109939639,0.851932796066111,1,22,-0.295397357398063,3,"Igf1 Kif20b Llgl1"
"GOBP_REGULATION_OF_EXCITATORY_SYNAPSE_ASSEMBLY",-0.734236984553193,0.813640442716123,1,11,-0.348689178574897,2,"Il1rap Sema4a"
"GOBP_REGULATION_OF_EXECUTION_PHASE_OF_APOPTOSIS",0.563966316050824,0.977136827295111,1,19,0.200957513940723,4,"Fzd3 Cxcr3 Zc3h12a Hspd1"
"GOBP_REGULATION_OF_EXIT_FROM_MITOSIS",-0.642802853901441,0.897470846584886,1,10,-0.311319802799541,4,"Birc5 Cdkn1c Rgcc Cdc14b"
"GOBP_REGULATION_OF_EXOCYTOSIS",-1.07378424076601,0.339439655172414,1,137,-0.341838736152138,21,"Ncs1 Itgam Kcnb1 Hmox1 Rab37 Hyal3 Baiap3 Rab26 Cask Fbxo45 Lrrk2 Cspg5 Sphk2 Sv2c Stx1a Bcl2l1 Atp9a Smpd3 Cacna1a Syt11 Sdc1"
"GOBP_REGULATION_OF_EXOSOMAL_SECRETION",-0.972027009040003,0.515004286939125,1,16,-0.426167816227014,5,"Atp9a Smpd3 Sdc1 Vps4a Hgs"
"GOBP_REGULATION_OF_EXTENT_OF_CELL_GROWTH",-1.24455514132516,0.138047925189947,1,70,-0.42398260858092,11,"Sema6d Lrp1 Olfm1 Vegfa Cit Tnfrsf12a Rnd2 Ttl Hdac6 Cdkl5 Disc1"
"GOBP_REGULATION_OF_EXTRACELLULAR_MATRIX_ORGANIZATION",0.946758256459758,0.545656028368794,1,35,0.290233574466423,8,"Lamb2 Fscn1 Chadl Tgfbr3 Tnfrsf1b Itgb3 Angptl7 Emilin1"
"GOBP_REGULATION_OF_EXTRINSIC_APOPTOTIC_SIGNALING_PATHWAY",-1.05477734114846,0.378598587724063,1,123,-0.338534253619174,11,"Atf3 Nol3 Fcmr Hmox1 Bcl2 Vegfa Wdr35 Brca1 Hyal2 Igf1 Tnfrsf12a"
"GOBP_REGULATION_OF_EXTRINSIC_APOPTOTIC_SIGNALING_PATHWAY_IN_ABSENCE_OF_LIGAND",-0.634139303846501,0.940762385442954,1,28,-0.248465664300355,5,"Bcl2 Tert Tnf Ppp2r1b Agap2"
"GOBP_REGULATION_OF_EXTRINSIC_APOPTOTIC_SIGNALING_PATHWAY_VIA_DEATH_DOMAIN_RECEPTORS",-1.22668145634181,0.184052986880652,1,38,-0.456965676428608,7,"Atf3 Nol3 Hmox1 Brca1 Trps1 Bcl2l1 Tnfrsf22"
"GOBP_REGULATION_OF_FATTY_ACID_BETA_OXIDATION",0.99993015108934,0.447368421052632,1,12,0.405040395262559,2,"Cpt1a Irs2"
"GOBP_REGULATION_OF_FATTY_ACID_BIOSYNTHETIC_PROCESS",-0.695177787200363,0.89771986970684,1,33,-0.265113678653259,3,"Brca1 Pla2g4a Fabp5"
"GOBP_REGULATION_OF_FATTY_ACID_METABOLIC_PROCESS",0.845787110006346,0.834905660377358,1,68,0.226974467952655,9,"Trex1 Erlin2 Anxa1 Kat2b Pdpr Appl2 Cpt1a Dgat2 Irs2"
"GOBP_REGULATION_OF_FATTY_ACID_OXIDATION",-0.672357573814313,0.899330692528343,1,22,-0.276237209766858,1,"Ppargc1a"
"GOBP_REGULATION_OF_FATTY_ACID_TRANSPORT",-1.11653920162796,0.333617747440273,1,17,-0.484168649816856,2,"Repin1 Pla2g4a"
"GOBP_REGULATION_OF_FC_RECEPTOR_MEDIATED_STIMULATORY_SIGNALING_PATHWAY",0.976738586988925,0.478947368421053,1,12,0.395646218799578,5,"Ptprj Appl2 Lyn Rapgef1 Ptprc"
"GOBP_REGULATION_OF_FEEDING_BEHAVIOR",-0.583856915988404,0.95541583309517,1,16,-0.255981597796916,6,"Pomc Ttc21b Cfap20 Gpr171 Mtor Opn3"
"GOBP_REGULATION_OF_FIBROBLAST_APOPTOTIC_PROCESS",-0.950784717454512,0.542671480144404,1,15,-0.423506031589795,2,"Xrcc2 Prdm11"
"GOBP_REGULATION_OF_FIBROBLAST_GROWTH_FACTOR_RECEPTOR_SIGNALING_PATHWAY",0.960752707623515,0.505037374065648,1,15,0.363785351553598,6,"Fgfbp3 Creb3l1 Ngfr Fuz Spry2 Nptn"
"GOBP_REGULATION_OF_FIBROBLAST_MIGRATION",1.10326820252113,0.280585106382979,1,35,0.338212497042494,7,"Ager Pak1 Appl2 Ptk2 Itgb3 Slc8a1 Cln3"
"GOBP_REGULATION_OF_FILOPODIUM_ASSEMBLY",-1.15427597184701,0.264459616127786,1,36,-0.43411312173625,6,"Agrn Ccr7 Fnbp1l Prkcq Stau2 Abitram"
"GOBP_REGULATION_OF_GAMMA_DELTA_T_CELL_ACTIVATION",-1.13212896084909,0.331667423898228,1,10,-0.548308338545785,2,"Lck Rorc"
"GOBP_REGULATION_OF_GENERATION_OF_PRECURSOR_METABOLITES_AND_ENERGY",-0.997177316231086,0.481872775800712,1,105,-0.324206325197538,12,"Cd36 Ppargc1a Oas1c Oas1a Cdk1 Hdac4 Igf1 Pomc Phka1 Ppp1r3d Etfrf1 Ppp1r3b"
"GOBP_REGULATION_OF_GENE_SILENCING_BY_REGULATORY_NCRNA",-0.63410899555434,0.94272895223014,1,29,-0.246649048954905,11,"Zfp36 Eri3 Pum1 Eri1 Zswim8 Dnd1 Ago2 Fxr1 Elavl1 Eloc Mecp2"
"GOBP_REGULATION_OF_GLIAL_CELL_APOPTOTIC_PROCESS",-0.871098264925531,0.648405197873597,1,12,-0.404534134980713,3,"Igf1 Akap12 Traf2"
"GOBP_REGULATION_OF_GLIAL_CELL_DIFFERENTIATION",-1.13113272736411,0.29211356466877,1,40,-0.417912933586528,4,"Hmga2 Hes1 Clcn2 Dusp10"
"GOBP_REGULATION_OF_GLIAL_CELL_MIGRATION",0.832663889474376,0.691257718557036,1,15,0.315285008675846,5,"Csf1 Cx3cr1 Ccr2 P2ry12 Gpr183"
"GOBP_REGULATION_OF_GLIAL_CELL_PROLIFERATION",-1.14547424600958,0.27907583866336,1,32,-0.438484666672522,8,"Hes1 Igf1 Tert Plag1 Negr1 Egfr Tnf E2f1"
"GOBP_REGULATION_OF_GLIOGENESIS",-1.05234766462686,0.384949518666354,1,68,-0.359673421448398,17,"Hmga2 Hes1 Clcn2 Igf1 Dusp10 Tert Plag1 Negr1 Egfr Tnf E2f1 Ezh2 Vim Sox8 Arrb2 Hes5 Cxcr4"
"GOBP_REGULATION_OF_GLUCONEOGENESIS",0.899241493495689,0.65603532875368,1,42,0.266090104635827,7,"Sirt6 Kat2b Slc35b4 Dgkq Kat2a Gpt Dgat2"
"GOBP_REGULATION_OF_GLUCOSE_METABOLIC_PROCESS",-0.796065049801382,0.830184331797235,1,79,-0.267001636649548,19,"Cd36 Ppargc1a Igf1 Gpld1 Rorc Phka1 Ppp1r3b Rora Mst1 Adra1b Tigar Pmaip1 Pdk2 Sesn2 Zfp692 Nln Ctdspl2 Nr3c1 Cry1"
"GOBP_REGULATION_OF_GLUTAMATE_SECRETION",0.751916887815707,0.782288908502501,1,10,0.319801830312243,1,"Stxbp1"
"GOBP_REGULATION_OF_GLYCOGEN_BIOSYNTHETIC_PROCESS",-1.10292863541569,0.345034831307198,1,22,-0.453136754436768,4,"Cd36 Igf1 Ppp1r3d Ppp1r3b"
"GOBP_REGULATION_OF_GLYCOGEN_METABOLIC_PROCESS",-1.2676294724954,0.158617049353391,1,29,-0.493069182128333,6,"Cd36 Igf1 Pomc Phka1 Ppp1r3d Ppp1r3b"
"GOBP_REGULATION_OF_GLYCOLYTIC_PROCESS",0.977967063759878,0.482566248256625,1,38,0.295074029167601,10,"Trex1 Sirt6 App Insr Arnt Arl2 Rptor Ier3 Cbfa2t3 Ddit4"
"GOBP_REGULATION_OF_GLYCOPROTEIN_METABOLIC_PROCESS",-1.18618060293323,0.235949168085943,1,31,-0.456635129773589,5,"Ccr7 Bcl2 Igf1 Il15 Pomt1"
"GOBP_REGULATION_OF_GOLGI_ORGANIZATION",-0.84166118494695,0.6919795221843,1,17,-0.364972370808708,3,"Ehd3 Camsap3 Rbsn"
"GOBP_REGULATION_OF_GOLGI_TO_PLASMA_MEMBRANE_PROTEIN_TRANSPORT",-0.782661351071505,0.759198324857912,1,11,-0.371685912517079,3,"Lyplal1 Pkdcc Lypla1"
"GOBP_REGULATION_OF_GRANULOCYTE_CHEMOTAXIS",-0.994382069621813,0.481481481481481,1,25,-0.398002748723862,5,"Ccr7 Rarres2 Mcu Bst1 Cmklr1"
"GOBP_REGULATION_OF_GROWTH",-0.901690227928196,0.787161140784037,1,401,-0.270481524639601,46,"Rag2 Sema6d Lrp1 Hmga2 Gdf9 Agrn Bcl2 Olfm1 Vegfa Cdk1 Fgf20 Brca1 Cit Hyal2 Igf1 Tnfrsf12a Cxadr Dusp10 Bbs4 Rnd2 Osgin2 Unc13a Siah1a Trip10 Kazald1 Ttl Psrc1 Prdm11 Bbs2 Pls1 Sphk2 D7Ertd443e Hdac6 Socs6 Cdkl5 Tmprss4 Bcl2l1 Hlx Akap1 Flvcr1 Disc1 Sertad2 Suv39h1 Gamt Egfr Cgrrf1"
"GOBP_REGULATION_OF_GTPASE_ACTIVITY",-0.982004523295372,0.516593886462882,1,117,-0.316297834089452,37,"Rasgrp1 Rasip1 Ntrk1 Mtss2 Rap1gap Bbs4 Lrrk2 Arrb1 Scrib Tsc1 Bcar3 Tbc1d7 Rrp1b Evi5l Dab2ip Ccdc125 Thy1 Tiam1 Ezh2 Rangap1 Rgs1 Gpsm1 Sgsm3 Arrb2 Mex3b S100a10 Snx13 Crkl Ptk2b Abr Ect2 Rcc2 Rap1gds1 Icam1 Ralgapa1 Epha2 Nedd9"
"GOBP_REGULATION_OF_G_PROTEIN_COUPLED_RECEPTOR_SIGNALING_PATHWAY",-0.740123922137146,0.904886067339304,1,89,-0.244833444333184,22,"Bicd1 Stmn1 Pomc Pde4d Lrrk2 Ada Arrb1 Pkd2 Ramp3 Pde4b Zdhhc7 Rgs2 Camk2a Ubqln2 Rgs1 Gprasp1 Gpsm1 Rgs19 Dynlt1b Rnf113a2 Arrb2 Ece1"
"GOBP_REGULATION_OF_HAIR_CYCLE",-0.576184375096542,0.954801444043321,1,15,-0.256648591086401,4,"Tert Tnf Smo Nfatc1"
"GOBP_REGULATION_OF_HAIR_FOLLICLE_DEVELOPMENT",0.47838030657069,0.987643424536628,1,10,0.203462510425933,5,"Ngfr Mysm1 Numa1 Tradd Hpse"
"GOBP_REGULATION_OF_HEART_CONTRACTION",-1.236805983833,0.139750115687182,1,77,-0.416339936603224,22,"Myl4 Agrn Trpm4 Ehd3 Hdac4 Cxadr Pde4d Tmem38a Cacnb2 Ada S100a1 Scn2b Pde4b Gsto1 Jup Tnf Rgs2 Rangrf Thra Smad7 Flna Adra1b"
"GOBP_REGULATION_OF_HEART_GROWTH",-0.794137216617743,0.804060665362035,1,51,-0.282663579452185,9,"Cdk1 Fgf20 Igf1 Cxadr Trip10 Akap1 Rgs2 Dusp6 Cdk20"
"GOBP_REGULATION_OF_HEART_RATE",-0.800764862073394,0.770914270914271,1,34,-0.30355476785065,7,"Trpm4 Pde4d Cacnb2 Ada Scn2b Jup Tnf"
"GOBP_REGULATION_OF_HEMATOPOIETIC_PROGENITOR_CELL_DIFFERENTIATION",-1.17151311963724,0.243127035830619,1,33,-0.446769385409129,13,"Hes1 Vegfa Ankle1 Pdcd2 Eif2ak2 Hes5 Sos2 Spi1 Flcn Mettl14 Mettl3 Notch1 Hspa9"
"GOBP_REGULATION_OF_HEMATOPOIETIC_STEM_CELL_DIFFERENTIATION",0.512647393227605,0.984483850538315,1,13,0.203156292557879,13,"Ap2a2 Setd1a Prkdc N4bp2l2 Tmsb4x Kat5 Pus7 Ythdf2 Nfe2l2 Cdk6 Hspa9 Mettl3 Eif2ak2"
"GOBP_REGULATION_OF_HEMOPOIESIS",-0.971036075589441,0.577694108069604,1,309,-0.294216638732795,52,"Rag2 Itgam Ccl3 Rasgrp1 Ccr7 Loxl3 Zc3h8 Fos Fanca Lck Ankle1 Il15ra Dusp10 Il12a Rorc Cd69 Il18 Rag1 Lilrb4a Zbtb7b Zfpm1 Ccr1l1 Ada Fbn1 Il15 Prkcz Meis1 Sox12 Foxp3 Rab7b Hlx Zfp36 Gabpa Il2ra Jun Pglyrp2 Gpr55 Tnf Hmgb3 Rbm15 Cebpb Rassf2 Drosha Cul4a Smarcc1 Nfkbid Smad7 Prxl2a Ripk2 Phf10 Cd1d1 Thoc5"
"GOBP_REGULATION_OF_HEPATOCYTE_PROLIFERATION",-1.05322782351146,0.422031896042528,1,12,-0.489114286731188,6,"Il18 Plau Tnf Cflar Smo Med1"
"GOBP_REGULATION_OF_HETEROCHROMATIN_ORGANIZATION",-1.23999427352791,0.212594973699591,1,13,-0.566967543893811,6,"Cdk1 Eri3 Cdk2 Eri1 Asb7 Rlf"
"GOBP_REGULATION_OF_HETEROTYPIC_CELL_CELL_ADHESION",-0.642905296015841,0.901063201417602,1,12,-0.298562341667069,3,"Lck Tnf Gcnt2"
"GOBP_REGULATION_OF_HIPPO_SIGNALING",-0.994203831195771,0.483559730862003,1,39,-0.369096029142894,2,"Strip2 Cit"
"GOBP_REGULATION_OF_HOMOTYPIC_CELL_CELL_ADHESION",-0.810620934114209,0.738440303657695,1,21,-0.33666883204643,2,"Adgrg1 Prkcq"
"GOBP_REGULATION_OF_HORMONE_BIOSYNTHETIC_PROCESS",-1.11768946667489,0.336238925407259,1,16,-0.490030909432448,4,"Ppargc1a Clcn2 Igf1 Pde8b"
"GOBP_REGULATION_OF_HORMONE_LEVELS",-1.05237519607757,0.355158324821246,1,287,-0.320030301102883,45,"Ffar1 Pde1c Kcnb1 Esr1 Lrp1 Hmga2 Gdf9 Ppargc1a Sct Lrp5 Trpm4 Brsk2 Slc18a2 Pde3b Baiap3 Clcn2 Igf1 Akr1b10 Pomc Pde8b Blk Gpld1 Mcu Chst10 Rab11fip1 Cask Pick1 Gabbr1 Arrb1 Bco2 Nnat Stxbp4 Ctns Birc5 Disp1 Stx1a Tg Ugt1a6a Dhrs11 Egfr Smpd3 Cacna1a Kdm5b C2cd2l Tnf"
"GOBP_REGULATION_OF_HORMONE_METABOLIC_PROCESS",-1.08637709621368,0.364431088649092,1,22,-0.446336576697161,6,"Ppargc1a Clcn2 Igf1 Pde8b Ctns Cacna1a"
"GOBP_REGULATION_OF_HORMONE_SECRETION",-1.18812231220583,0.137810311903246,1,164,-0.372943497552059,24,"Ffar1 Pde1c Kcnb1 Lrp1 Hmga2 Gdf9 Sct Lrp5 Trpm4 Brsk2 Pde3b Baiap3 Pomc Pde8b Blk Gpld1 Mcu Rab11fip1 Cask Pick1 Gabbr1 Arrb1 Nnat Stxbp4"
"GOBP_REGULATION_OF_HUMORAL_IMMUNE_RESPONSE",-1.1481974362292,0.29309866962306,1,20,-0.480892106607741,5,"Ccr7 Cd59a Cd59b Cd55 Tnf"
"GOBP_REGULATION_OF_HUMORAL_IMMUNE_RESPONSE_MEDIATED_BY_CIRCULATING_IMMUNOGLOBULIN",0.67731142859669,0.86084142394822,1,10,0.288070979740664,2,"Cd46 Nod2"
"GOBP_REGULATION_OF_HYDROGEN_PEROXIDE_MEDIATED_PROGRAMMED_CELL_DEATH",1.14417123804387,0.291021671826625,1,12,0.463467943236301,3,"Met Endog Glrx"
"GOBP_REGULATION_OF_HYDROGEN_PEROXIDE_METABOLIC_PROCESS",0.923899495083436,0.558202653799759,1,11,0.382401945054258,3,"Mpv17l Insr Mfn2"
"GOBP_REGULATION_OF_HYDROLASE_ACTIVITY",-0.940745593885671,0.619062866901484,1,150,-0.297088316462474,37,"Rasgrp1 Rasip1 Ntrk1 Mtss2 Rap1gap Bbs4 Lrrk2 Arrb1 Scrib Prkcz Tsc1 Bcar3 Tbc1d7 Rrp1b Evi5l Dab2ip Ccdc125 Thy1 Tiam1 Camk2a Ezh2 Ecm1 Rangap1 Rgs1 Serpinb1a Gpsm1 Akirin2 Sgsm3 Arrb2 Mex3b S100a10 Smad3 Snx13 Crkl Epm2a Ptk2b Abr"
"GOBP_REGULATION_OF_ICOSANOID_SECRETION",-0.75317373236303,0.785703468120551,1,10,-0.364774201623263,1,"Pla2g4a"
"GOBP_REGULATION_OF_IMMUNE_EFFECTOR_PROCESS",-1.01619428817003,0.454387400286357,1,282,-0.309293621656976,41,"Clnk Itgam Cd36 Rasgrp1 Fut7 Hmox1 Ccr7 Loxl3 Cd81 Trpm4 Shld3 Pomc Ptpn22 Vpreb3 Dusp10 H2-Q2 Cd59a Cd22 Il12a Cd69 Cd40 Il18 Nectin2 Lilrb4a Zbtb7b S100a9 Cd86 Prkcz Cd59b Tnfrsf4 Sphk2 Cgas Foxp3 Pagr1a Hlx Ddx60 Pglyrp2 Cd55 Ulbp1 Fzd5 Tnf"
"GOBP_REGULATION_OF_IMMUNOGLOBULIN_PRODUCTION",-0.862293263953163,0.713256994451659,1,67,-0.295559695848315,21,"Shld3 Vpreb3 Cd22 Cd40 Lilrb4a Cd86 Tnfrsf4 Cgas Foxp3 Pagr1a Tnf Paxip1 Dnajb9 Hmces Il27ra Traf2 Parp3 Btk Galnt2 Msh2 Kmt5b"
"GOBP_REGULATION_OF_INCLUSION_BODY_ASSEMBLY",-0.816447819950066,0.72141638225256,1,17,-0.354039014532384,2,"Dnaja4 Hspa2"
"GOBP_REGULATION_OF_INNATE_IMMUNE_RESPONSE",-0.87303901124924,0.845766129032258,1,397,-0.261945752000699,93,"Gbp2 Fbxl2 Clnk Cd36 S100a8 Rasgrp1 Esr1 Oas1c Oas1a Lyplal1 Casp4 Ptpn22 Dusp10 Tab1 Map3k20 Card9 Il12a Tspan6 Dtx4 Cd14 Nectin2 Aurkb Usp50 S100a9 Smpdl3a Cd86 Abhd8 Nlrp10 Gbp7 Polr3d Cgas Xrcc5 Ifi214 Atat1 Cul5 Rab7b Ddx60 Polr3b Ttll12 Lrrfip2 Ulbp1 Irgm2 Dab2ip Zcchc3 Tnf Hcfc2 Elp6 Havcr2 Rnf170 Oasl1 Serpinb9 Naglu Ecsit Dhx33 Pum1 Prkce Ripk2 Nlrc5 Ifi213 Serpinb1a Trim5 Ifi209 Eif2ak2 Rbm14 Zdhhc12 Akirin2 Klri2 Ikbke Brcc3 Arrb2 Ddx56 Zdhhc18 Rnf34 Irf3 Isg15 Trim56 Traf2 Mapkapk3 Ddx3x Chuk Hmgb2 Polr3f Gsdmd Zdhhc1 Eif4e2 Dnaja3 Nek9 Trim12c Sfpq Xpnpep1 Pvr Btk Lrch4"
"GOBP_REGULATION_OF_INSULIN_RECEPTOR_SIGNALING_PATHWAY",-1.0604942766304,0.371285979572888,1,75,-0.35831306224246,11,"Fut7 Rarres2 Pid1 Prkcq Zbtb7b Vwa2 Gkap1 Prkcz Fbxw8 Socs3 Tnf"
"GOBP_REGULATION_OF_INSULIN_SECRETION",-1.21329338475892,0.135382603008502,1,119,-0.390359648825744,18,"Ffar1 Pde1c Kcnb1 Lrp1 Lrp5 Trpm4 Brsk2 Pde3b Baiap3 Pde8b Blk Gpld1 Mcu Cask Pick1 Arrb1 Nnat Stxbp4"
"GOBP_REGULATION_OF_INTEGRIN_MEDIATED_SIGNALING_PATHWAY",-0.90445846982115,0.603210661820385,1,10,-0.438043843078937,4,"Loxl3 Plau Lamc1 Flna"
"GOBP_REGULATION_OF_INTRACELLULAR_ESTROGEN_RECEPTOR_SIGNALING_PATHWAY",-0.601064399414662,0.968469055374593,1,33,-0.229222505336473,6,"Brca1 Hdac6 Dnaaf4 Pagr1a Cnot9 Kank2"
"GOBP_REGULATION_OF_INTRACELLULAR_PROTEIN_TRANSPORT",-1.19826054971403,0.138888888888889,1,142,-0.38006281956845,26,"Uaca Cd36 Cd81 Cdk1 Yod1 Brca1 Hyal2 Bard1 Ptpn22 Prkcq Kif20b Rasl2-9 Cep131 Derl3 Slc35d3 Bag3 Oaz2 Akap1 Jup Rab29 Peg12 Frat1 Flna Nup62 Rangap1 Tm9sf4"
"GOBP_REGULATION_OF_INTRACELLULAR_STEROID_HORMONE_RECEPTOR_SIGNALING_PATHWAY",-0.858174489747807,0.722470063395163,1,68,-0.2933085379505,11,"Hmga2 Brca1 Igf1 Psmc3ip Hdac6 Dnaaf4 Pagr1a Prmt2 Shq1 Cnot9 Kank2"
"GOBP_REGULATION_OF_INTRACELLULAR_TRANSPORT",-0.925016947296518,0.680774006622517,1,229,-0.284103831772701,37,"Uaca Cd36 Cd81 Cdk1 Yod1 Brca1 Hyal2 Bard1 Ptpn22 Prkcq Kif20b Rasl2-9 Lrrk2 Cep131 Derl3 Slc35d3 Bag3 Ttc21b Actn2 Oaz2 Nrde2 Atp9a Akap1 Rint1 Jup Rab29 Ehd1 Mtmr4 Peg12 Mtmr2 Iws1 Frat1 Flna Thoc5 Nup62 Rangap1 Tm9sf4"
"GOBP_REGULATION_OF_INTRINSIC_APOPTOTIC_SIGNALING_PATHWAY",-1.00059880756121,0.48969567538708,1,149,-0.316127566705619,14,"Nol3 S100a8 Fignl1 Bcl2 Lck Siah1b Nck2 Siah1a S100a9 Ell3 Lrrk2 G2e3 Hells Ddit3"
"GOBP_REGULATION_OF_INTRINSIC_APOPTOTIC_SIGNALING_PATHWAY_BY_P53_CLASS_MEDIATOR",0.528994633044742,0.99167327517843,1,26,0.175110038724849,7,"Prkn Rrm2b Kdm1a Knl1 Cd74 Cep63 Tifab"
"GOBP_REGULATION_OF_INTRINSIC_APOPTOTIC_SIGNALING_PATHWAY_IN_RESPONSE_TO_DNA_DAMAGE",0.680610196233646,0.945957095709571,1,29,0.219027347646131,6,"Snai1 Rad9a Kdm1a Knl1 Cd74 Skil"
"GOBP_REGULATION_OF_INTRINSIC_APOPTOTIC_SIGNALING_PATHWAY_IN_RESPONSE_TO_DNA_DAMAGE_BY_P53_CLASS_MEDIATOR",-0.614461026245664,0.922474896633195,1,12,-0.285352950109367,1,"Ell3"
"GOBP_REGULATION_OF_IRE1_MEDIATED_UNFOLDED_PROTEIN_RESPONSE",0.452877395406672,0.992644895557517,1,10,0.192615729617171,10,"Ddrgk1 Tmbim6 Ufl1 Ficd Bfar Cops5 Hspa5 Tmem33 Pdia6 Dnajb9"
"GOBP_REGULATION_OF_ISOTYPE_SWITCHING",-1.10220096781474,0.330684039087948,1,33,-0.42033643561791,15,"Shld3 Cd40 Foxp3 Pagr1a Paxip1 Hmces Il27ra Parp3 Msh2 Kmt5b Stat6 Clcf1 Nsd2 Exosc3 Kmt5c"
"GOBP_REGULATION_OF_JNK_CASCADE",1.05403915375812,0.315217391304348,1,118,0.26224142624999,28,"Nod1 Dusp3 Phlpp1 Mturn Ulk4 Mapk8ip1 Ager Ltbr Tgfbr3 Map2k4 App Naip1 Igf1r Nod2 Prkn Unc5cl Hipk3 Map3k5 Mink1 Dusp19 Rnf13 Tirap Gstp3 Mdfic Fgd4 Sirpa Tnfrsf11a Tnik"
"GOBP_REGULATION_OF_JUN_KINASE_ACTIVITY",0.88359826211815,0.682423721529867,1,33,0.274987094706517,4,"Arhgef5 Magi3 Mapk8ip1 Ager"
"GOBP_REGULATION_OF_KERATINOCYTE_DIFFERENTIATION",0.54955772535993,0.975366178428762,1,16,0.204813322393734,1,"Errfi1"
"GOBP_REGULATION_OF_KERATINOCYTE_PROLIFERATION",-1.27010300578597,0.185462159736763,1,11,-0.603171977318084,5,"Cask Stxbp4 Zfp36 Intu Srsf6"
"GOBP_REGULATION_OF_KETONE_BIOSYNTHETIC_PROCESS",-0.845120080646862,0.679719462302747,1,13,-0.386417636475404,2,"Ppargc1a Clcn2"
"GOBP_REGULATION_OF_KETONE_METABOLIC_PROCESS",1.04872426453917,0.334439834024896,1,86,0.273161427422121,17,"Trex1 Egr1 Erlin2 Anxa1 Nr1d1 Kat2b Pdpr Dkkl1 Appl2 Bmp6 Dgkq Cpt1a Dgat2 Irs2 Ggcx Rest Nfe2l1"
"GOBP_REGULATION_OF_KINASE_ACTIVITY",-0.907689815918841,0.730863944182229,1,268,-0.276802948198231,49,"Trib2 Rasgrp1 Gadd45g Hmga2 Stil Rasip1 Inca1 Ccnyl1 Camkk1 Tom1l1 Igf1 Ptpn22 Dusp10 Tab1 Prlr Pdgfrb Cdc25b Sh3bp5 Cenpe Prkcz Tsc1 Tnfrsf4 Mrnip Vegfc Cass4 Deptor Lmo4 Irgm2 Fzd5 Cdkn1a Tnf Synpo2 Prkrip1 Thy1 Map3k4 Rassf2 Pdgfc Mst1 Tiam1 Mcph1 Ezh2 Tpx2 Nlrc5 Nup62 Tigar Abi2 Agap2 Kit Nrbf2"
"GOBP_REGULATION_OF_LAMELLIPODIUM_ASSEMBLY",0.893730038228669,0.641541038525963,1,30,0.284318709970159,2,"Nckap1 Fscn1"
"GOBP_REGULATION_OF_LAMELLIPODIUM_ORGANIZATION",0.875144284936571,0.70522554711925,1,36,0.266323307531416,2,"Nckap1 Fscn1"
"GOBP_REGULATION_OF_LEUKOCYTE_ADHESION_TO_VASCULAR_ENDOTHELIAL_CELL",0.745182086405206,0.85751585229392,1,22,0.25734790170967,5,"Selp Fut4 Ccr2 Ccl25 Rela"
"GOBP_REGULATION_OF_LEUKOCYTE_APOPTOTIC_PROCESS",-0.983875584831176,0.500409117475161,1,70,-0.335176902271791,11,"Fcmr Ccr7 Zc3h8 Rorc Il18 Prkcq Rag1 Aurkb Ada Vhl Tnfrsf4"
"GOBP_REGULATION_OF_LEUKOCYTE_CHEMOTAXIS",-1.09569468416085,0.318447509936872,1,69,-0.373388226432455,15,"Ccl3 Ccr7 Vegfa Rarres2 Vegfd AI182371 Il12a Mcu Ccr1l1 Vegfc Dusp1 Bst1 Cmklr1 Mst1 Zfp580"
"GOBP_REGULATION_OF_LEUKOCYTE_DEGRANULATION",-0.999662294404575,0.47146914536535,1,35,-0.377536396161503,2,"Itgam Hmox1"
"GOBP_REGULATION_OF_LEUKOCYTE_DIFFERENTIATION",-1.13759246123501,0.181200453001132,1,247,-0.348093676013067,47,"Rag2 Itgam Ccl3 Rasgrp1 Ccr7 Loxl3 Zc3h8 Fos Fanca Lck Ankle1 Il15ra Dusp10 Il12a Rorc Cd69 Il18 Rag1 Lilrb4a Zbtb7b Zfpm1 Ccr1l1 Ada Fbn1 Il15 Prkcz Sox12 Foxp3 Hlx Il2ra Jun Pglyrp2 Gpr55 Tnf Hmgb3 Cebpb Rassf2 Drosha Cul4a Smarcc1 Nfkbid Smad7 Prxl2a Ripk2 Phf10 Cd1d1 Thoc5"
"GOBP_REGULATION_OF_LEUKOCYTE_MEDIATED_IMMUNITY",-0.877464394246575,0.762412459496185,1,194,-0.272313390504888,31,"Clnk Itgam Rasgrp1 Fut7 Hmox1 Cd81 Trpm4 Shld3 Pomc H2-Q2 Il12a Cd40 Il18 Nectin2 Prkcz Sphk2 Foxp3 Pagr1a Cd55 Ulbp1 Fzd5 Tnf Havcr2 Serpinb9 Smad7 Paxip1 Dusp22 Cd1d1 Hmces Kit Il27ra"
"GOBP_REGULATION_OF_LEUKOCYTE_MIGRATION",-0.98038920602164,0.52751157532034,1,139,-0.31163038857317,17,"Ccl3 Fut7 Ccr7 Cd81 Vegfa Rarres2 Cd99l2 Vegfd Ptpn22 AI182371 Il12a Cd69 Mcu Rac3 Plvap Ccr1l1 Ada"
"GOBP_REGULATION_OF_LEUKOCYTE_PROLIFERATION",-1.04707784065705,0.3816217350257,1,186,-0.325790822532309,35,"Chrnb2 Cd6 Ccr7 Hes1 Bcl2 Cd81 Igf1 Tnfrsf13c Ptpn22 Nck2 Cd59a Prlr Cd22 Il12a Cd40 Il18 Prkcq Zbtb7b Ada Cd86 Il15 Lmo1 Scrib Cd59b Tnfrsf4 Foxp3 Il2ra Cd55 Bst1 Cdkn1a Zfp335 Havcr2 Cebpb Tnfrsf21 Twsg1"
"GOBP_REGULATION_OF_LEUKOCYTE_TETHERING_OR_ROLLING",0.976760781747254,0.479794933655006,1,11,0.404281228402594,4,"Selp Fut4 Ccr2 Ccl25"
"GOBP_REGULATION_OF_LIPID_CATABOLIC_PROCESS",-1.16976296445506,0.242478100799797,1,39,-0.434271978915525,8,"Sct Rarres2 Pde3b Gpld1 Daglb Tnf Thra Prkce"
"GOBP_REGULATION_OF_LIPID_LOCALIZATION",-1.03074320798583,0.425095312850415,1,95,-0.33836605178047,8,"Cd36 Lrp1 Gdf9 Repin1 Abca1 Pla2g4a Pomc Abcb4"
"GOBP_REGULATION_OF_LIPID_METABOLIC_PROCESS",-0.926747366975408,0.666424494032174,1,217,-0.285583084212642,20,"Cd36 Esr1 Zfp69 Ppargc1a Sct Rarres2 Pde3b Brca1 Clcn2 Igf1 Pla2g4a Pde8b Bbs4 Gpld1 Ephx2 Fabp5 Rorc Stard4 Daglb Gk"
"GOBP_REGULATION_OF_LIPID_STORAGE",-0.865222796950933,0.667471819645733,1,25,-0.346306577687979,1,"Cd36"
"GOBP_REGULATION_OF_LIPID_TRANSPORT",-0.975931713981389,0.521413769283905,1,80,-0.326888551579275,7,"Lrp1 Gdf9 Repin1 Abca1 Pla2g4a Pomc Abcb4"
"GOBP_REGULATION_OF_LIPOPOLYSACCHARIDE_MEDIATED_SIGNALING_PATHWAY",0.712362289951941,0.904313725490196,1,25,0.238061744472624,8,"Ly96 Bmp6 Cd84 Tnfaip3 Sirpa Cd180 Scimp Trim30c"
"GOBP_REGULATION_OF_LIPOPROTEIN_METABOLIC_PROCESS",0.654986417085472,0.907957813998083,1,14,0.253966675234691,4,"Itgb3 Dgat2 Svip Rb1cc1"
"GOBP_REGULATION_OF_LIPOPROTEIN_PARTICLE_CLEARANCE",0.871149500606673,0.630030959752322,1,12,0.35287538601982,3,"Ldlrap1 Itgb3 Ldlr"
"GOBP_REGULATION_OF_LONG_TERM_SYNAPTIC_DEPRESSION",-1.32207789655414,0.137301824708346,1,11,-0.62785485539389,4,"Kcnb1 Stau2 Dgki Bcl2l1"
"GOBP_REGULATION_OF_LOW_DENSITY_LIPOPROTEIN_PARTICLE_CLEARANCE",1.28949713715592,0.179758752574287,1,10,0.54844298795153,3,"Ldlrap1 Itgb3 Ldlr"
"GOBP_REGULATION_OF_LYMPHOCYTE_ACTIVATION",-1.13441249255188,0.142093046725199,1,383,-0.340678160051259,77,"Rag2 Clnk Rasgrp1 Chrnb2 Cd6 Bank1 Ccr7 Hes1 H2-Eb2 Loxl3 Bcl2 Cd81 Zc3h8 Fanca Lck Igf1 Tnfrsf13c Ephb6 Ankle1 Il15ra Shld3 Ptpn22 Dusp10 Nck2 Cd59a Prlr Cd22 Il12a Rorc Cd69 Cd40 Cd19 Il18 Prkcq Rag1 Lilrb4a Zbtb7b Ada Cd86 Il15 Lmo1 Scrib Prkcz Cd59b Tnfrsf4 Cgas Socs6 Sox12 Foxp3 Pagr1a Lax1 Hlx Il2ra Pglyrp2 H2-Ob Cd55 Bst1 Ulbp1 Cdkn1a Zfp335 Hmgb3 Thy1 Havcr2 Cebpb Tnfrsf21 Twsg1 Drosha Smarcc1 Nfkbid Glmn Smad7 Paxip1 Dusp22 Ripk2 Phf10 Cd1d1 Zc3h12d"
"GOBP_REGULATION_OF_LYMPHOCYTE_APOPTOTIC_PROCESS",-1.01003018166248,0.459663660736047,1,52,-0.35859449362274,12,"Fcmr Zc3h8 Rorc Prkcq Rag1 Aurkb Ada Vhl Tnfrsf4 Gimap8 Serpinb9 Nfkbid"
"GOBP_REGULATION_OF_LYMPHOCYTE_MEDIATED_IMMUNITY",-0.894505451619054,0.706870719178082,1,147,-0.282972551125062,29,"Clnk Rasgrp1 Fut7 Cd81 Trpm4 Shld3 H2-Q2 Il12a Cd40 Il18 Nectin2 Prkcz Foxp3 Pagr1a Cd55 Ulbp1 Fzd5 Tnf Havcr2 Serpinb9 Smad7 Paxip1 Dusp22 Cd1d1 Hmces Il27ra Klri2 Usp5 Arrb2"
"GOBP_REGULATION_OF_LYMPHOCYTE_MIGRATION",-0.983496181391973,0.500430769230769,1,49,-0.352308626117618,4,"Ccl3 Ccr7 Cd99l2 Cd69"
"GOBP_REGULATION_OF_LYMPHOID_PROGENITOR_CELL_DIFFERENTIATION",-1.29892125869616,0.160218546958063,1,12,-0.603213218246545,2,"Hes1 Ankle1"
"GOBP_REGULATION_OF_LYSOSOMAL_LUMEN_PH",-0.732554427365657,0.833264320220842,1,21,-0.304246082345672,2,"Lrrk2 Tmem9"
"GOBP_REGULATION_OF_LYSOSOME_ORGANIZATION",1.14595357311012,0.283067923301917,1,15,0.433910953515966,1,"Trex1"
"GOBP_REGULATION_OF_MACROAUTOPHAGY",-0.851016499921615,0.783067643257217,1,138,-0.270726453710149,34,"Wipi1 Hmox1 Chek2 Snx7 Lrrk2 Usp36 Hk2 Tsc1 Bag3 Hdac6 Cers1 Lzts1 Irgm2 Lypla1 Ubqln4 Ripk2 Ubqln2 Phf23 Atg2a Tigar Gpsm1 Trim13 Zdhhc19 Tecpr1 Sesn2 Sesn1 Tmem39a Epm2a Atg14 Htra2 Mtm1 Optn Pik3r4 Parl"
"GOBP_REGULATION_OF_MACROPHAGE_ACTIVATION",-0.937336462042745,0.567177637511271,1,36,-0.352524064936977,11,"Pla2g4a Lrrk2 Shpk Rora Ulbp1 Syt11 Havcr2 Kcnn4 Cd1d1 Cst7 Jund"
"GOBP_REGULATION_OF_MACROPHAGE_CHEMOTAXIS",-1.06184794274172,0.406809253601048,1,14,-0.478907890486482,5,"Ccr7 Rarres2 AI182371 Cmklr1 Mst1"
"GOBP_REGULATION_OF_MACROPHAGE_DIFFERENTIATION",0.711955669305774,0.85085497150095,1,13,0.282139880456795,1,"Csf1"
"GOBP_REGULATION_OF_MACROPHAGE_MIGRATION",-0.953214501573445,0.536898395721925,1,26,-0.378732974023925,4,"Ccr7 Cd81 Rarres2 AI182371"
"GOBP_REGULATION_OF_MAMMARY_GLAND_EPITHELIAL_CELL_PROLIFERATION",-0.966633534795087,0.523292369248357,1,16,-0.423803144135132,5,"Iqgap3 Kdm5b Mst1 Agap2 Pygo2"
"GOBP_REGULATION_OF_MAP_KINASE_ACTIVITY",-0.901372215936735,0.65401966454598,1,78,-0.303038808321879,20,"Trib2 Rasgrp1 Ptpn22 Dusp10 Tab1 Pdgfrb Fzd5 Tnf Map3k4 Tiam1 Ezh2 Nup62 Kit Map4k2 Hmgcr Traf2 Ptk2b Vangl2 Hgs Gsk3b"
"GOBP_REGULATION_OF_MAST_CELL_DEGRANULATION",-0.658545927937513,0.907108350586611,1,21,-0.273508712984234,2,"Hmox1 Sphk2"
"GOBP_REGULATION_OF_MEGAKARYOCYTE_DIFFERENTIATION",-0.618567384203648,0.92521460788593,1,14,-0.278982318624472,5,"Rab7b Gabpa Rbm15 Hmgb2 Pithd1"
"GOBP_REGULATION_OF_MEIOTIC_CELL_CYCLE",-1.12996843639787,0.292828938988664,1,38,-0.420937960879754,11,"Lfng Pkmyt1 Cdc25b Prdm9 Trip13 Cntd1 Rad51ap1 Dusp1 Rad1 Osm Cdc25a"
"GOBP_REGULATION_OF_MEIOTIC_CELL_CYCLE_PHASE_TRANSITION",-1.2002222610903,0.259578979251855,1,10,-0.581287023494674,3,"Pkmyt1 Cdc25b Cdc25a"
"GOBP_REGULATION_OF_MEIOTIC_NUCLEAR_DIVISION",-0.838080093641628,0.698980304511803,1,19,-0.35455676456302,5,"Prdm9 Trip13 Rad51ap1 Rad1 Osm"
"GOBP_REGULATION_OF_MEMBRANE_DEPOLARIZATION",-0.940664654305695,0.561902266474519,1,31,-0.362120679962333,7,"Trpm4 Clcn2 Ptpn3 Lrrk2 Scn2b Rangrf Smad7"
"GOBP_REGULATION_OF_MEMBRANE_INVAGINATION",-1.00827587915848,0.477964561562926,1,10,-0.488324290973483,1,"Cd36"
"GOBP_REGULATION_OF_MEMBRANE_LIPID_DISTRIBUTION",-0.938169337616922,0.572021637941879,1,41,-0.345481093010512,11,"Atp8b4 Abca1 Atp10a Abcb4 Atp9a Atp11a Kcnn4 Abca4 Rft1 Arv1 Abca7"
"GOBP_REGULATION_OF_MEMBRANE_PERMEABILITY",-1.17513004169105,0.225138454129545,1,57,-0.411593341621435,6,"Nol3 Rasip1 Bcl2 Tmem14a Lrrk2 Hk2"
"GOBP_REGULATION_OF_MEMBRANE_PROTEIN_ECTODOMAIN_PROTEOLYSIS",-0.782928050341226,0.753068381063705,1,13,-0.357981325578713,5,"Ptpn3 Gpld1 Tnf Adam9 Tspan5"
"GOBP_REGULATION_OF_MEMBRANE_REPOLARIZATION",0.841595998369621,0.675211097708082,1,11,0.348336532749549,2,"Cacnb3 Nedd4l"
"GOBP_REGULATION_OF_MESENCHYMAL_CELL_PROLIFERATION",-1.08897339296336,0.36415700516832,1,19,-0.460699264704651,2,"Lrp5 Vegfa"
"GOBP_REGULATION_OF_METAPHASE_PLATE_CONGRESSION",-1.3107879673377,0.140505415162455,1,15,-0.583861519975895,6,"Cdk1 Aurkb Ttl Incenp Birc5 Cdca8"
"GOBP_REGULATION_OF_MICROGLIAL_CELL_ACTIVATION",-0.716598702730337,0.830921441228588,1,12,-0.332785229875415,4,"Lrrk2 Syt11 Kcnn4 Cst7"
"GOBP_REGULATION_OF_MICROTUBULE_CYTOSKELETON_ORGANIZATION",-1.2129695232142,0.123916811091854,1,129,-0.388381350457297,29,"Map9 Stil Tacc3 Agrn Bicd1 Mapre3 Ska3 Diaph3 Sass6 Stmn1 Aurkb Tppp Cep97 Psrc1 Hdac6 Atat1 Ckap2l Rcc1 Ccsap Camsap3 Ska2 Efna5 Camsap1 Tpx2 Nup62 Specc1l Chmp7 Ska1 Gpsm2"
"GOBP_REGULATION_OF_MICROTUBULE_DEPOLYMERIZATION",-0.93746635876458,0.560499402311064,1,28,-0.367313932722358,8,"Diaph3 Aurkb Hdac6 Ckap2l Camsap3 Camsap1 Tpx2 Specc1l"
"GOBP_REGULATION_OF_MICROTUBULE_NUCLEATION",0.783934870485873,0.745513386290085,1,10,0.333419571350843,2,"Pak1 Hspa1b"
"GOBP_REGULATION_OF_MICROTUBULE_POLYMERIZATION",0.888064142967921,0.683223517486062,1,44,0.260527778398694,10,"Met Cdk5rap2 Sgk1 Prune1 Pak1 Camsap2 Arl2 Apc Hspa1b Cdh5"
"GOBP_REGULATION_OF_MICROTUBULE_POLYMERIZATION_OR_DEPOLYMERIZATION",-0.836167538165211,0.759477429137991,1,71,-0.284290380070561,14,"Mapre3 Ska3 Diaph3 Stmn1 Aurkb Psrc1 Hdac6 Ckap2l Camsap3 Ska2 Camsap1 Tpx2 Specc1l Ska1"
"GOBP_REGULATION_OF_MICROVILLUS_ORGANIZATION",-0.814086872903777,0.724648519294047,1,11,-0.386609894316567,3,"Rap1gap Cdhr5 Pls1"
"GOBP_REGULATION_OF_MIRNA_METABOLIC_PROCESS",-0.939704860837653,0.577042894799904,1,59,-0.32744350843716,12,"Esr1 Fos Hdac4 Tert Mrtfb Egfr Jun Pnpt1 Tnf Nr1h2 Drosha Gnl3"
"GOBP_REGULATION_OF_MITOCHONDRIAL_DEPOLARIZATION",0.691771279711353,0.883821571238349,1,16,0.25781454357948,9,"Ngfr Mllt11 Got1 P2rx7 Src Gclm Kdr Ppp2r3c Parp1"
"GOBP_REGULATION_OF_MITOCHONDRIAL_FISSION",-0.97836058912842,0.503430984428609,1,29,-0.380552413757401,6,"Ppargc1a Mief2 Mcu Mfn1 Irgm2 Ddhd2"
"GOBP_REGULATION_OF_MITOCHONDRIAL_FUSION",-0.706514175692557,0.850830324909747,1,15,-0.314701119313905,3,"Mfn1 Msto1 Vat1"
"GOBP_REGULATION_OF_MITOCHONDRIAL_GENE_EXPRESSION",0.684259234609792,0.949167022639897,1,32,0.214434480866136,3,"Fastkd2 Tefm Kat8"
"GOBP_REGULATION_OF_MITOCHONDRIAL_MEMBRANE_PERMEABILITY",-1.08865319496857,0.344043499752842,1,47,-0.392418050063229,5,"Nol3 Bcl2 Tmem14a Lrrk2 Hk2"
"GOBP_REGULATION_OF_MITOCHONDRIAL_MEMBRANE_PERMEABILITY_INVOLVED_IN_APOPTOTIC_PROCESS",-0.931122791478761,0.574723127035831,1,33,-0.355093895506874,4,"Nol3 Tmem14a Lrrk2 Bcl2l1"
"GOBP_REGULATION_OF_MITOCHONDRIAL_MEMBRANE_POTENTIAL",-1.06817661257985,0.357808995396057,1,67,-0.366128285960417,14,"Slc25a27 Bcl2 Pid1 Lrrk2 Bco2 Mfn1 Ctns Bcl2l1 Tusc2 Prkce Nnt Pmaip1 Smad3 Gclc"
"GOBP_REGULATION_OF_MITOCHONDRIAL_OUTER_MEMBRANE_PERMEABILIZATION_INVOLVED_IN_APOPTOTIC_SIGNALING_PATHWAY",-0.629063476691874,0.927653429602888,1,15,-0.280202417793491,3,"Tmem14a Lrrk2 Bcl2l1"
"GOBP_REGULATION_OF_MITOCHONDRIAL_TRANSLATION",-0.565801810973303,0.970391595033429,1,23,-0.230571743446678,8,"Trmt10c Rpusd3 Mettl8 Ddx3x Coa3 Uqcc2 Trub2 Rpusd4"
"GOBP_REGULATION_OF_MITOCHONDRION_ORGANIZATION",-0.89442985863145,0.679146177916853,1,102,-0.291750201840883,13,"Nol3 Ppargc1a Wdr35 Mief2 Igf1 Tmem14a Mcu Lrrk2 Mfn1 Hdac6 Bcl2l1 Msto1 Irgm2"
"GOBP_REGULATION_OF_MITOTIC_CYTOKINESIS",-1.25581579645973,0.19511130510694,1,14,-0.566390035440716,7,"Map9 Kif20b Aurkb Incenp Birc5 Cdca8 Nup62"
"GOBP_REGULATION_OF_MITOTIC_SPINDLE_ASSEMBLY",-0.613971194171166,0.944679688567136,1,22,-0.252249243795844,5,"Cep97 Rcc1 Ccsap Chmp7 Chmp1a"
"GOBP_REGULATION_OF_MODIFICATION_OF_POSTSYNAPTIC_ACTIN_CYTOSKELETON",0.978295303421716,0.477089783281734,1,12,0.39627679588395,3,"Amot Kalrn Ptk2"
"GOBP_REGULATION_OF_MODIFICATION_OF_SYNAPTIC_STRUCTURE",0.824496538776133,0.775963149078727,1,30,0.262293737764818,10,"Amot Kalrn Ptk2 Chmp2b Cln3 Rhob Strn Nf1 Zdhhc17 Limk1"
"GOBP_REGULATION_OF_MONOATOMIC_ANION_TRANSPORT",1.13202950113281,0.310679611650485,1,10,0.48146957768351,2,"Trpa1 Car2"
"GOBP_REGULATION_OF_MONOCYTE_CHEMOTAXIS",1.23727898692122,0.201494962625934,1,15,0.46849097343725,6,"Aif1 Cx3cr1 Nbl1 App Ccr2 Ninj1"
"GOBP_REGULATION_OF_MONOCYTE_DIFFERENTIATION",1.04762142750115,0.39265357821406,1,13,0.415160377341144,4,"Csf1 Gpr68 Cd4 Cd74"
"GOBP_REGULATION_OF_MONONUCLEAR_CELL_MIGRATION",-0.876961950587808,0.707286716451686,1,90,-0.289861450169506,9,"Ccl3 Ccr7 Cd81 Rarres2 Cd99l2 AI182371 Il12a Cd69 Ccr1l1"
"GOBP_REGULATION_OF_MORPHOGENESIS_OF_AN_EPITHELIUM",1.15905225210819,0.23949246629659,1,26,0.383674374128523,7,"Egf Sirt6 Rxra Met Stox1 Etv5 Ctnnd1"
"GOBP_REGULATION_OF_MORPHOGENESIS_OF_A_BRANCHING_STRUCTURE",-0.811890941916661,0.743850267379679,1,26,-0.322582032173889,3,"Esr1 Vegfa Lrrk2"
"GOBP_REGULATION_OF_MRNA_3_END_PROCESSING",0.56717062650057,0.967401725790987,1,14,0.219916680019228,14,"Ccnb1 Cstf1 Zfp36l1 Ncbp2 Fip1l1 Cstf3 Cdc73 Ncbp1 Cdk9 Dhx36 Cstf2 Pabpn1 Ahcyl1 Clp1"
"GOBP_REGULATION_OF_MRNA_CATABOLIC_PROCESS",-0.945292226717577,0.608552281672163,1,159,-0.297306772633576,65,"Tent5c Vegfa Igf2bp3 Tent4a Cryz Nrde2 Zfp36 Pnpt1 Secisbp2 E2f1 Zc3h12c Cul4a Carhsp1 Pum1 Zc3h12d Ago1 Mov10 Eif4enif1 Tent4b Dcp1a Dhx34 Vim Helz Cnot6 Ikbke Dcp2 Traf2 Senp1 Pde12 Dnd1 Ythdf1 Upf3a Srsf1 Zc3h12b Zfp36l2 Ago2 Apex1 Pias4 Hnrnpab Mtor Gigyf2 Mettl14 Samd4b Fxr1 Brf1 Alkbh5 Nbas Cnot7 Ythdf3 Mettl3 Mapkapk2 Cnot8 Elavl1 Rc3h2 Zc3hav1 Paip1 Patl1 Plekhn1 Rbm10 Dhx9 Nanos3 Gtpbp1 Pkp3 Hnrnpa0 Tob1"
"GOBP_REGULATION_OF_MRNA_METABOLIC_PROCESS",-1.00655152611944,0.476474214094925,1,260,-0.307326911121487,94,"Gm7324 Tent5c Vegfa Igf2bp3 Celf4 Tent4a Cryz Nrde2 Zfp36 Pnpt1 Secisbp2 Zfp64 E2f1 Rbm15 Hdac7 Zc3h12c Cul4a Iws1 Carhsp1 Pum1 Zc3h12d Ago1 Mov10 Eif4enif1 Tent4b Dcp1a Dhx34 Jmjd6 Vim Helz Wtap Cnot6 Rbm14 Ikbke Rbm19 Hnrnpc Clp1 Srsf6 Dcp2 Larp7 Traf2 Senp1 Pde12 Dnd1 Rbm4 Cdk11b Ythdf1 Upf3a Srsf5 Rbmxl1 Srsf1 Prdx6 Zc3h12b Ptcd2 Ahcyl1 Zfp36l2 Ago2 Apex1 Pias4 Hnrnpab Mtor Rnps1 Gigyf2 Mettl14 Nsrp1 Samd4b Puf60 Ddx5 Ddx17 Fxr1 Brf1 Pabpn1 Celf2 Alkbh5 Snw1 Prpf19 Nbas Cnot7 Khdrbs1 Ythdf3 Mettl3 Zbtb7a Mapkapk2 Cnot8 Ccnl1 Elavl1 Srsf2 Rc3h2 Smu1 Zc3hav1 Rbm39 Paip1 Wdr77 Cstf2"
"GOBP_REGULATION_OF_MRNA_PROCESSING",-1.06958722497036,0.35017971898486,1,120,-0.343886230345904,64,"Gm7324 Celf4 Zfp64 Rbm15 Hdac7 Iws1 Jmjd6 Wtap Rbm14 Rbm19 Clp1 Srsf6 Larp7 Rbm4 Cdk11b Upf3a Srsf5 Rbmxl1 Srsf1 Prdx6 Ptcd2 Ahcyl1 Rnps1 Nsrp1 Puf60 Ddx5 Ddx17 Pabpn1 Celf2 Alkbh5 Snw1 Prpf19 Khdrbs1 Zbtb7a Ccnl1 Srsf2 Smu1 Rbm39 Wdr77 Cstf2 Rbm10 Dhx9 Hnrnpa1 U2af2 Srpk3 Rbm42 Nup98 Thumpd2 Prmt5 Sfswap Eif1 Eif4a3 Magoh Dhx36 Dyrk1a Tia1 Tra2b Dazap1 Arglu1 Cdk9 Thrap3 Slirp Ythdc1 Npm1"
"GOBP_REGULATION_OF_MRNA_SPLICING_VIA_SPLICEOSOME",-1.17458494897685,0.195961862030286,1,96,-0.385274393443962,52,"Gm7324 Celf4 Zfp64 Rbm15 Jmjd6 Wtap Rbm14 Rbm19 Srsf6 Larp7 Rbm4 Cdk11b Upf3a Srsf5 Rbmxl1 Srsf1 Prdx6 Rnps1 Nsrp1 Puf60 Ddx5 Ddx17 Celf2 Snw1 Prpf19 Khdrbs1 Zbtb7a Ccnl1 Srsf2 Smu1 Rbm39 Wdr77 Rbm10 Hnrnpa1 U2af2 Rbm42 Nup98 Thumpd2 Prmt5 Sfswap Eif1 Eif4a3 Magoh Dyrk1a Tia1 Tra2b Dazap1 Arglu1 Thrap3 Slirp Ythdc1 Npm1"
"GOBP_REGULATION_OF_MULTICELLULAR_ORGANISM_GROWTH",-1.05603397938915,0.385318863553225,1,53,-0.373985385692924,8,"Hmga2 Bcl2 Bbs4 Siah1a Bbs2 Pls1 Suv39h1 Gamt"
"GOBP_REGULATION_OF_MUSCLE_ADAPTATION",-0.666727334849959,0.963940092165899,1,79,-0.223621536516828,19,"Nol3 Hdac4 Igf1 Trip10 Gtf2ird2 Akap1 Cers1 Rgs2 Kcnn4 Adra1b Smad3 Ece1 Jund Cmya5 Fbxo32 Nr3c1 Gsk3b Nfatc1 Tnfrsf1a"
"GOBP_REGULATION_OF_MUSCLE_CELL_DIFFERENTIATION",0.928391953990779,0.67741935483871,1,93,0.23831986982708,10,"Plpp7 Tshz3 Lamb2 Smyd1 Pi16 Mmp14 Zeb1 Pak1 Fbxo22 Kat2a"
"GOBP_REGULATION_OF_MUSCLE_HYPERTROPHY",0.740186299652387,0.955307262569832,1,61,0.202089648120336,7,"Mymk Pi16 Errfi1 Tnfrsf1b Pak1 Ptk2 Pde5a"
"GOBP_REGULATION_OF_MUSCLE_ORGAN_DEVELOPMENT",-1.25431070212893,0.169173924518343,1,29,-0.487888586888131,11,"Bcl2 Usp2 Cdon Mrtfb Hdac7 Sfmbt1 Hdac5 Smad3 Hmgcr Mtm1 Usp19"
"GOBP_REGULATION_OF_MUSCLE_SYSTEM_PROCESS",-0.990619697284299,0.507829257829258,1,142,-0.314203547266717,24,"Nol3 Agrn Trpm4 Ehd3 Hdac4 Lck Igf1 Nr4a1 Pde4d Tmem38a Cacnb2 Trip10 Ada Gtf2ird2 Rem1 Akap1 Cers1 Pde4b Gsto1 Jup Ryr1 Zdhhc21 Rgs2 Rangrf"
"GOBP_REGULATION_OF_MYELINATION",-0.618137182428486,0.961656441717791,1,37,-0.231179891501172,10,"Igf1 Tppp Pard3 Tg Tnf Tnfrsf21 Mtmr2 Cst7 Hes5 Rxrb"
"GOBP_REGULATION_OF_MYELOID_CELL_APOPTOTIC_PROCESS",-0.773633556492763,0.784955141476881,1,21,-0.321307154719555,2,"Bcl2 Il18"
"GOBP_REGULATION_OF_MYELOID_CELL_DIFFERENTIATION",-0.62626947760414,0.995190766271241,1,148,-0.198000493836208,32,"Itgam Ccl3 Fos Zfpm1 Ccr1l1 Fbn1 Meis1 Rab7b Zfp36 Gabpa Jun Gpr55 Tnf Hmgb3 Rbm15 Cebpb Rassf2 Cul4a Prxl2a Thoc5 Runx1 Hax1 Isg15 Senp1 Hmgb2 Ptk2b Pithd1 Hoxa9 Tob2 Glul Klf10 Gsk3b"
"GOBP_REGULATION_OF_MYELOID_LEUKOCYTE_DIFFERENTIATION",-0.848909816855287,0.748891667613959,1,86,-0.281693529206336,15,"Itgam Ccl3 Fos Zfpm1 Ccr1l1 Fbn1 Jun Gpr55 Tnf Cebpb Rassf2 Cul4a Prxl2a Thoc5 Runx1"
"GOBP_REGULATION_OF_MYELOID_LEUKOCYTE_MEDIATED_IMMUNITY",-0.931580234192615,0.582370668006027,1,42,-0.342446119710655,3,"Itgam Hmox1 Pomc"
"GOBP_REGULATION_OF_MYOBLAST_DIFFERENTIATION",0.87375194872652,0.74315443592552,1,51,0.247426605677089,8,"Smyd1 Lrrc8a Eid2b Zfhx3 Mbnl3 Trip4 Map3k5 Klhl41"
"GOBP_REGULATION_OF_MYOTUBE_DIFFERENTIATION",-0.805183679530006,0.748121841278514,1,22,-0.330808637614318,10,"Bcl2 Hdac4 Tmem119 Bhlha15 Maml1 Thra Atp11a Hdac5 Piezo1 Nln"
"GOBP_REGULATION_OF_NATURAL_KILLER_CELL_DIFFERENTIATION",-1.19203988534232,0.267302741178252,1,10,-0.577324166782338,4,"Rasgrp1 Il15ra Il15 Pglyrp2"
"GOBP_REGULATION_OF_NATURAL_KILLER_CELL_MEDIATED_IMMUNITY",-1.00015793393069,0.472412504670569,1,44,-0.364488146901103,4,"Clnk Rasgrp1 Il12a Nectin2"
"GOBP_REGULATION_OF_NECROPTOTIC_PROCESS",0.907712686720692,0.589734386216798,1,20,0.32060664573507,2,"Mutyh Aifm1"
"GOBP_REGULATION_OF_NERVOUS_SYSTEM_DEVELOPMENT",-0.922229512373742,0.708761575251857,1,309,-0.27942861660014,74,"Sema6d Lrp1 Hmga2 Agrn Hes1 Ntrk1 Vegfa Mapre3 Cit Clcn2 Igf1 Adgrl1 Tnfrsf12a Il1rap Mdga1 Dusp10 Rnd2 Wdr62 Xrcc2 Tppp Ell3 Tiam2 Cask Hes7 Lrrc24 Stau2 Pard3 Adgrl4 Metrn Tert Itpka Plag1 Mfn1 Negr1 Khdc3 Xrcc5 Hdac6 Fbxw8 Cdkl5 Sema4a Vegfc Tg Disc1 Lrrc15 Egfr Tbc1d24 Ss18l1 Tnf Zfp335 Bhlhb9 E2f1 Thy1 Tnfrsf21 Tiam1 Efna5 Mtmr2 Adgrl2 Ezh2 Hes6 Numbl Kit Vim Megf8 Serpinf1 Dynlt1b Ankrd27 Aspm Sox8 Arrb2 S100a10 Hoxb3 Cst7 Hes5 Plxnc1"
"GOBP_REGULATION_OF_NERVOUS_SYSTEM_PROCESS",-1.06444729257347,0.367395156526875,1,65,-0.365900477176826,18,"Ccl3 Chrnb2 Tac4 Igf1 Fabp5 Tppp Celf4 Lrrk2 Pard3 Prkcz Sv2c Stx1a Grin2d Tbc1d24 Tnf Sv2a Tnfrsf21 Mtmr2"
"GOBP_REGULATION_OF_NEURAL_PRECURSOR_CELL_PROLIFERATION",-0.860001449247485,0.705128205128205,1,59,-0.299670570557247,15,"Vegfa Adgrg1 Igf1 Wdr62 Cip2a Ell3 Lrrk2 Vegfc Cdon Disc1 Zfp335 Flna Shcbp1 Hdac5 Aspm"
"GOBP_REGULATION_OF_NEUROBLAST_PROLIFERATION",-0.99101936058123,0.490990361782372,1,19,-0.419258995378602,6,"Vegfa Wdr62 Lrrk2 Vegfc Disc1 Zfp335"
"GOBP_REGULATION_OF_NEUROGENESIS",-0.817509084532168,0.890576883596797,1,264,-0.249441668222337,58,"Sema6d Lrp1 Hmga2 Hes1 Vegfa Mapre3 Cit Clcn2 Igf1 Tnfrsf12a Dusp10 Rnd2 Wdr62 Xrcc2 Ell3 Tiam2 Cask Hes7 Stau2 Metrn Tert Itpka Plag1 Mfn1 Negr1 Khdc3 Xrcc5 Hdac6 Fbxw8 Cdkl5 Vegfc Disc1 Egfr Tbc1d24 Ss18l1 Tnf Zfp335 Bhlhb9 E2f1 Thy1 Tiam1 Efna5 Ezh2 Hes6 Numbl Kit Vim Megf8 Serpinf1 Dynlt1b Ankrd27 Aspm Sox8 Arrb2 S100a10 Hoxb3 Hes5 Plxnc1"
"GOBP_REGULATION_OF_NEUROINFLAMMATORY_RESPONSE",-1.01898322206033,0.449334419994567,1,24,-0.411459610186697,4,"Cd200r4 Igf1 Lrrk2 Ccr1l1"
"GOBP_REGULATION_OF_NEURONAL_SYNAPTIC_PLASTICITY",1.17587887201339,0.171736997055937,1,42,0.34794850366255,14,"Egr1 Dlg4 Ephb2 Nsmf Zdhhc2 App Cln3 Camk2b Camk2g Rasgrf1 Fxr2 Rab8a Nf1 Synpo"
"GOBP_REGULATION_OF_NEURON_DIFFERENTIATION",-0.9218949627266,0.637356575463372,1,111,-0.298541336308992,15,"Fuom Hes1 Bcl2 Rab37 Fgf20 Cit Rap1gap Wdr62 Rac3 Lrrk2 Meis1 Tgif1 Casz1 Cdon Cyb5d2"
"GOBP_REGULATION_OF_NEURON_MIGRATION",-0.75017643072177,0.837915309446254,1,33,-0.286088014964578,9,"Adgrg1 Ntng2 Wdr62 Kif20b Cul5 Tbc1d24 Dab2ip Camk2a Flna"
"GOBP_REGULATION_OF_NEURON_PROJECTION_DEVELOPMENT",-0.845016292226949,0.874365739801096,1,334,-0.255173882561163,50,"Ptk7 Ncs1 Sema6d Lrp1 Itga3 Chrnb2 Agrn Hes1 Ntrk1 Brsk2 Vegfa Mapre3 Cit Tnfrsf12a Il15ra Ntng2 Rnd2 Tenm3 S100a9 Tiam2 Cask Lrrk2 Stau2 Rtn4ip1 Metrn Itpka Mfn1 Negr1 Tsc1 Khdc3 Hdac6 Katna1 Fbxw8 Cdkl5 Disc1 Serpini1 Washc5 Lzts1 Cacna1a Tbc1d24 Ss18l1 Dab2ip Bhlhb9 Thy1 Rab29 Ehd1 Rgs2 Tiam1 Mylip Efna5"
"GOBP_REGULATION_OF_NEURON_PROJECTION_REGENERATION",-0.654803355067745,0.92562093239474,1,28,-0.256562161682996,1,"Lrp1"
"GOBP_REGULATION_OF_NEUROTRANSMITTER_RECEPTOR_ACTIVITY",0.877845116315943,0.624547647768396,1,11,0.363340040471915,5,"Dapk1 Dlg4 Prrt1 Mink1 Rasgrf1"
"GOBP_REGULATION_OF_NEUROTRANSMITTER_RECEPTOR_LOCALIZATION_TO_POSTSYNAPTIC_SPECIALIZATION_MEMBRANE",-0.91528545163853,0.597653554175293,1,21,-0.380138324861986,6,"Olfm1 Prkcz Camk2a Kif2c Hras Gsk3b"
"GOBP_REGULATION_OF_NEUROTRANSMITTER_TRANSPORT",-0.979180145485599,0.506691493075759,1,73,-0.331786106513013,13,"Ncs1 Slc18a2 Baiap3 Nat8l Unc13a Cask Fbxo45 Lrrk2 Cspg5 Sv2c Stx1a Bcl2l1 Cacna1a"
"GOBP_REGULATION_OF_NEUROTRANSMITTER_UPTAKE",1.17369948091879,0.272138864371874,1,10,0.499192461715739,4,"Per2 App Itgb3 Prkn"
"GOBP_REGULATION_OF_NEUROTROPHIN_TRK_RECEPTOR_SIGNALING_PATHWAY",1.1391262613168,0.300965018094089,1,11,0.471484290561918,4,"Slc9a6 Ptprf Zdhhc17 Spry2"
"GOBP_REGULATION_OF_NEUTROPHIL_CHEMOTAXIS",-1.05442869176814,0.408703071672355,1,17,-0.457235460498989,3,"Ccr7 Mcu Bst1"
"GOBP_REGULATION_OF_NITRIC_OXIDE_METABOLIC_PROCESS",-1.05806030648815,0.385981757081133,1,58,-0.369598106867433,10,"Cd36 Esr1 Ddah2 Wdr35 Igf1 Pkd2 Asl Smpd3 Ulbp1 Tnf"
"GOBP_REGULATION_OF_NITRIC_OXIDE_SYNTHASE_ACTIVITY",-1.1358620308386,0.327881266091171,1,10,-0.550116324627239,2,"Esr1 Cnr2"
"GOBP_REGULATION_OF_NK_T_CELL_ACTIVATION",-1.00514904829043,0.481750719369983,1,10,-0.486809916288739,3,"Il12a Il18 Zbtb7b"
"GOBP_REGULATION_OF_NON_CANONICAL_NF_KAPPAB_SIGNAL_TRANSDUCTION",-1.11924687177645,0.289455225625438,1,69,-0.38141428486782,18,"Uaca Nol3 Adgrg3 Ptpn22 Trim55 Il18 Cd86 Smpd3 Dab2ip Tnf Havcr2 Rassf2 Hdac7 Uxt Ago1 Trim26 Eif2ak2 Trim44"
"GOBP_REGULATION_OF_NON_CANONICAL_WNT_SIGNALING_PATHWAY",-0.483369348913311,0.983461311281748,1,12,-0.224474561954905,1,"Mllt3"
"GOBP_REGULATION_OF_NON_MOTILE_CILIUM_ASSEMBLY",-0.954592651658613,0.542632136907466,1,10,-0.462324636962201,7,"Bbs4 Pqbp1 Cep135 Dnm2 Dynll1 Tmem67 Htt"
"GOBP_REGULATION_OF_NOTCH_SIGNALING_PATHWAY",-0.95524211293418,0.550351567155285,1,61,-0.331264069944021,12,"Hes1 Egfl7 Lfng Rita1 Gas2 Lrrk2 Arrb1 Llgl1 Enho Tspan5 Pofut1 Gdpd5"
"GOBP_REGULATION_OF_NUCLEAR_CELL_CYCLE_DNA_REPLICATION",-0.994540542928048,0.494169316977132,1,10,-0.48167204582446,4,"Cdt1 Cdc7 Ino80 Gmnn"
"GOBP_REGULATION_OF_NUCLEAR_RECEPTOR_MEDIATED_GLUCOCORTICOID_SIGNALING_PATHWAY",-0.906550236104295,0.598818718764198,1,10,-0.439056919269901,3,"Psmc3ip Nr3c1 Cry1"
"GOBP_REGULATION_OF_NUCLEAR_TRANSCRIBED_MRNA_CATABOLIC_PROCESS_DEADENYLATION_DEPENDENT_DECAY",-0.983580251672784,0.499249556556147,1,23,-0.400821999946934,13,"Tent4a Zfp36 Tent4b Helz Zfp36l2 Ago2 Cnot7 Paip1 Dhx9 Tob1 Tnrc6b Dhx36 Rc3h1"
"GOBP_REGULATION_OF_NUCLEAR_TRANSCRIBED_MRNA_CATABOLIC_PROCESS_NONSENSE_MEDIATED_DECAY",-0.798694431484468,0.736265341905319,1,13,-0.365190251122736,7,"Secisbp2 Dhx34 Upf3a Hnrnpab Nbas Eif4a3 Magoh"
"GOBP_REGULATION_OF_NUCLEAR_TRANSCRIBED_MRNA_POLY_A_TAIL_SHORTENING",-0.971500760360518,0.520442310490324,1,14,-0.43816008019845,8,"Tent4a Zfp36 Eif4enif1 Tent4b Ago2 Cnot7 Tob1 Tnrc6b"
"GOBP_REGULATION_OF_NUCLEOBASE_CONTAINING_COMPOUND_TRANSPORT",-0.797360765448447,0.746444823663254,1,17,-0.345762230883807,8,"Nrde2 Iws1 Thoc5 Nsun2 Alkbh5 Khdrbs1 Dhx9 Tpr"
"GOBP_REGULATION_OF_NUCLEOTIDE_BINDING_DOMAIN_LEUCINE_RICH_REPEAT_CONTAINING_RECEPTOR_SIGNALING_PATHWAY",0.842007665041305,0.669020300088261,1,10,0.358118825073053,4,"Slc15a2 Hspa1b Tnfaip3 Slc46a2"
"GOBP_REGULATION_OF_NUCLEOTIDE_BIOSYNTHETIC_PROCESS",-0.748813497477849,0.80816268486917,1,17,-0.324710515770401,3,"Pid1 Sphk2 Bcl2l1"
"GOBP_REGULATION_OF_NUCLEOTIDE_EXCISION_REPAIR",-0.875527055240237,0.65321923390383,1,24,-0.353532828664892,15,"Bcl7a Cul4a Smarcc1 Rad52 Phf10 Arid2 Hmgb1 Kat7 Actl6a Bcl7c Smarca2 Dpf2 Arid1a Smarcd2 Brd7"
"GOBP_REGULATION_OF_NUCLEOTIDE_METABOLIC_PROCESS",0.898578899836693,0.708412397216951,1,63,0.243534117240313,22,"Trex1 Sirt6 Entpd1 App Insr Adora2b Arnt Prkn Arl2 Rptor Dnajc30 Ier3 Cbfa2t3 Ddit4 Me2 Eno1 Psen1 P2rx7 Jmjd8 Hsd11b1 Slc2a6 Slc25a12"
"GOBP_REGULATION_OF_OLIGODENDROCYTE_DIFFERENTIATION",-1.11774121423661,0.320021733224667,1,24,-0.45133752385981,3,"Hes1 Clcn2 Dusp10"
"GOBP_REGULATION_OF_ORGANELLE_ASSEMBLY",-0.897243432421516,0.729710069624857,1,210,-0.277030755510256,42,"Wipi1 Stil Luzp1 Dync2li1 Sass6 Il1rap Kif24 Chek2 Bbs4 Tbc1d12 Crocc Snx7 Asap1 Cep295 Lrrk2 Ccp110 Cntrob Cep97 D7Ertd443e Cdkl5 Tbc1d7 Rcc1 Spice1 Evi5l Tnf Sdc1 Intu Rab29 Ccsap Ccdc15 Hck Usp10 Ubqln2 Nup62 Phf23 Chmp7 Poc1b Atg2a Gpsm2 Alms1 Cnot6 Rbm14"
"GOBP_REGULATION_OF_ORGANIC_ACID_TRANSPORT",-1.03132489860142,0.431382506030215,1,39,-0.382877145395979,8,"Repin1 Slc43a1 Pla2g4a Gabbr1 Slc12a2 Tnf Sv2a Rgs2"
"GOBP_REGULATION_OF_ORGAN_GROWTH",-0.980719413101083,0.504734073641146,1,70,-0.334101689226727,9,"Rag2 Cdk1 Fgf20 Igf1 Cxadr Trip10 Hlx Akap1 Flvcr1"
"GOBP_REGULATION_OF_OSSIFICATION",-0.710446210516399,0.932335190343547,1,75,-0.2400410477061,21,"Bcl2 Trpm4 Bglap3 Tmem119 Ccr1l1 Pkdcc Suv39h1 Slc20a2 Rflnb Intu Rflna Smad7 Ecm1 Chsy1 Bcor Smad3 Txlng Isg15 Rxrb Ptk2b Tob2"
"GOBP_REGULATION_OF_OSTEOBLAST_DIFFERENTIATION",-1.02646506714222,0.427239235551462,1,80,-0.343814709818152,19,"Hemgn Lrp5 Trpm4 Vegfa Hdac4 Igf1 Tmem119 Vegfc Ipo7 Bambi Hdac8 Tnf A430033K04Rik Cebpb Rassf2 Twsg1 Hdac7 Ffar4 Zfp932"
"GOBP_REGULATION_OF_OSTEOBLAST_PROLIFERATION",-1.14634767400632,0.301800514432695,1,16,-0.502595586670666,7,"Bcl2 Lrp5 Tmem119 Eif2ak2 Sox8 Smad3 Gsk3b"
"GOBP_REGULATION_OF_OSTEOCLAST_DIFFERENTIATION",-0.707167394340957,0.917083282526521,1,53,-0.250437273689851,9,"Ccl3 Fos Ccr1l1 Fbn1 Gpr55 Tnf Cebpb Rassf2 Prxl2a"
"GOBP_REGULATION_OF_OXIDATIVE_PHOSPHORYLATION",-0.443049418843475,0.996302616609784,1,17,-0.192121009822872,2,"Etfrf1 Tnf"
"GOBP_REGULATION_OF_OXIDATIVE_STRESS_INDUCED_INTRINSIC_APOPTOTIC_SIGNALING_PATHWAY",-0.95219277922596,0.546050045853531,1,31,-0.366558576523779,1,"Nol3"
"GOBP_REGULATION_OF_OXIDOREDUCTASE_ACTIVITY",-1.1073084925866,0.332402234636872,1,27,-0.436494684258431,3,"Esr1 Cnr2 Nt5dc2"
"GOBP_REGULATION_OF_P38MAPK_CASCADE",-0.786601934931006,0.780929866036249,1,30,-0.304259115928683,8,"Gadd45g Ptpn22 Dusp10 Rell2 Dusp1 Dab2ip Map3k4 Kcnn4"
"GOBP_REGULATION_OF_PATTERN_RECOGNITION_RECEPTOR_SIGNALING_PATHWAY",-1.17421415593161,0.16015333830263,1,158,-0.369675915974314,27,"Gbp2 Fbxl2 Cd36 S100a8 Esr1 Lyplal1 Casp4 Ptpn22 Tab1 Tspan6 Cd14 Aurkb Usp50 S100a9 Smpdl3a Abhd8 Cgas Atat1 Cul5 Rab7b Ddx60 Irgm2 Dab2ip Zcchc3 Hcfc2 Rnf170 Oasl1"
"GOBP_REGULATION_OF_PEPTIDASE_ACTIVITY",-0.860822209838138,0.661865269896697,1,14,-0.388242545851757,7,"Ecm1 Serpinb1a Akirin2 Tank Psenen Prelid1 Svbp"
"GOBP_REGULATION_OF_PEPTIDYL_SERINE_PHOSPHORYLATION",-0.979777931955936,0.508019395747855,1,45,-0.355780793497094,9,"Bcl2 Cnksr3 Nt5dc2 Bcar3 Egfr Irgm2 Rassf2 Osm Cnot9"
"GOBP_REGULATION_OF_PEPTIDYL_THREONINE_PHOSPHORYLATION",1.03262553043295,0.394332536701946,1,18,0.372049684067521,3,"Egf Met Stox1"
"GOBP_REGULATION_OF_PEPTIDYL_TYROSINE_PHOSPHORYLATION",-0.986750232933691,0.505280898876404,1,94,-0.324339752045132,23,"Bank1 Hes1 Vegfa Lck Igf1 Ptpn22 Il12a Il18 Angpt4 Pdgfrb Il15 Vegfc Cass4 Egfr Pdgfc Osm Prkce Ripk2 Tnk2 Abi2 Kit Lonp1 Vps25"
"GOBP_REGULATION_OF_PERK_MEDIATED_UNFOLDED_PROTEIN_RESPONSE",-0.763840288124951,0.775862068965517,1,13,-0.349253751675166,7,"Nck2 Abca7 Akt3 Ptpn2 Akt1 Tmem33 Nck1"
"GOBP_REGULATION_OF_PEROXISOME_PROLIFERATOR_ACTIVATED_RECEPTOR_SIGNALING_PATHWAY",-0.887961517221362,0.623541728985941,1,11,-0.421692966385303,3,"Fabp5 Stard10 Jund"
"GOBP_REGULATION_OF_PH",-0.588605305019729,0.990278444551128,1,58,-0.205609647288905,10,"Bcl2 Rab39 Lrrk2 Slc26a6 Tmem9 Clic4 Tm9sf4 Pdk2 Atp4a Atp6v0a2"
"GOBP_REGULATION_OF_PHAGOCYTOSIS",-1.16146897790766,0.225840092699884,1,76,-0.39167973650077,7,"Cd36 Lrp1 Ccr7 Il15ra Pros1 Rap1gap C2"
"GOBP_REGULATION_OF_PHOSPHOLIPID_BIOSYNTHETIC_PROCESS",0.769985725496001,0.761400411885849,1,10,0.327486785199423,10,"Lpcat1 Idh1 Acsl3 Pdgfa Capn2 Lpin1 Bscl2 Abca2 Scp2 Chp1"
"GOBP_REGULATION_OF_PHOSPHOLIPID_METABOLIC_PROCESS",0.762448183825496,0.828073993471164,1,21,0.26536103183044,11,"Lpcat1 Ldlr Scarb1 Idh1 Mtmr3 Acsl3 Abca3 Phb2 Mtmr1 Mtmr9 Pdgfa"
"GOBP_REGULATION_OF_PINOCYTOSIS",1.04805954042912,0.394822006472492,1,10,0.445755860437052,3,"Axl Appl2 Cln3"
"GOBP_REGULATION_OF_PLASMA_LIPOPROTEIN_PARTICLE_LEVELS",-1.13812570480935,0.283054472260662,1,41,-0.419115075194928,5,"Cd36 Soat2 Abca1 Gpld1 Mttp"
"GOBP_REGULATION_OF_PLASMA_MEMBRANE_ORGANIZATION",-1.2294041921912,0.224576271186441,1,13,-0.562125398624844,4,"Atp10a Asap1 Casp7 S100a10"
"GOBP_REGULATION_OF_PLATELET_ACTIVATION",-0.710324105375425,0.868316041500399,1,27,-0.280005705883042,3,"Adgrg1 Pla2g4a Prkcq"
"GOBP_REGULATION_OF_PLATELET_AGGREGATION",-0.896874174377414,0.617184115523466,1,15,-0.399492772078685,2,"Adgrg1 Prkcq"
"GOBP_REGULATION_OF_PLATELET_DERIVED_GROWTH_FACTOR_RECEPTOR_SIGNALING_PATHWAY",-0.846818907635917,0.690513219284603,1,18,-0.363624231047375,1,"Lrp1"
"GOBP_REGULATION_OF_PODOSOME_ASSEMBLY",1.19841688681369,0.236684420772304,1,16,0.446635053743099,3,"Fscn1 Arhgef5 Kif9"
"GOBP_REGULATION_OF_POLYSACCHARIDE_BIOSYNTHETIC_PROCESS",-0.830131480914297,0.716283979941937,1,29,-0.322895813985487,5,"Cd36 Igf1 Ppp1r3d Ppp1r3b Smpd3"
"GOBP_REGULATION_OF_POLYSACCHARIDE_METABOLIC_PROCESS",-0.993304591114714,0.483189488599768,1,36,-0.373573189948469,7,"Cd36 Igf1 Pomc Phka1 Ppp1r3d Ppp1r3b Smpd3"
"GOBP_REGULATION_OF_POSITIVE_CHEMOTAXIS",-0.776417056713203,0.773429602888087,1,15,-0.345837812189034,3,"Vegfa Vegfd Vegfc"
"GOBP_REGULATION_OF_POSTSYNAPSE_ASSEMBLY",0.618323201115577,0.987764705882353,1,39,0.185188172368164,5,"Afdn Arhgap32 Numb Sigmar1 S1pr2"
"GOBP_REGULATION_OF_POSTSYNAPSE_ORGANIZATION",1.0283226061637,0.37612323491656,1,126,0.252245702705059,21,"Xlr3b Homer1 Caprin2 Arhgap22 Apoe Prnp Ephb2 Afdn Arhgap32 Kalrn Numb App Xlr4b Sipa1l1 Sigmar1 Chmp2b S1pr2 Mfn2 Ptprf Camk2b Mink1"
"GOBP_REGULATION_OF_POSTSYNAPTIC_DENSITY_ASSEMBLY",-0.657894174350168,0.884143571104044,1,10,-0.31862877300334,1,"Il1rap"
"GOBP_REGULATION_OF_POSTSYNAPTIC_DENSITY_ORGANIZATION",-0.594773298773115,0.936732904734074,1,13,-0.271950575561608,1,"Il1rap"
"GOBP_REGULATION_OF_POSTSYNAPTIC_MEMBRANE_NEUROTRANSMITTER_RECEPTOR_LEVELS",0.979015869485472,0.529545454545455,1,114,0.243951117547542,30,"Dlg4 Lhfpl4 Slc9a6 Nsg2 Zdhhc2 Kalrn Numb Synj1 Gnai1 Ctnnd1 Agap3 Snap23 Itgb3 Prkn Nedd4l Sacm1l Dlg2 Prkci Zdhhc5 Camk2g Stx3 Tmub1 Rab8a Ppfia1 Ap2b1 Tnik Gripap1 Ap2a2 Rabep1 Als2"
"GOBP_REGULATION_OF_POSTSYNAPTIC_MEMBRANE_POTENTIAL",0.998960745579825,0.449292452830189,1,57,0.277525119250914,11,"Npff Grin3b Cacnb3 Dlg4 Met Nr3c2 Afdn App Ngfr Prkn S1pr2"
"GOBP_REGULATION_OF_POSTSYNAPTIC_NEUROTRANSMITTER_RECEPTOR_INTERNALIZATION",-0.881550739530343,0.644569631861653,1,31,-0.339364035587844,3,"Lrp1 Pick1 Scrib"
"GOBP_REGULATION_OF_POSTSYNAPTIC_SPECIALIZATION_ASSEMBLY",-0.626473756945402,0.913614884819846,1,12,-0.29093160847438,1,"Il1rap"
"GOBP_REGULATION_OF_POST_TRANSCRIPTIONAL_GENE_SILENCING",-0.661955786868646,0.911969940955448,1,25,-0.26494868597901,11,"Zfp36 Pum1 Zswim8 Focad Dnd1 Ago2 Fxr1 Elavl1 Eloc Mecp2 Adar"
"GOBP_REGULATION_OF_POST_TRANSLATIONAL_PROTEIN_MODIFICATION",-0.673490635094473,0.988319949942643,1,200,-0.208475717719001,61,"Rwdd3 Cdk1 Hdac4 Fanci Ptpn22 Spsb4 Amer1 Lrrk2 Arrb1 Birc5 Cep78 Tbc1d7 Hdac8 Rassf1 Fancm Gnl3 Paxip1 Prkce Ripk2 Ube2d1 Phf23 Aimp2 Trim44 Cdc14b Wdr48 Arrb2 Mad2l1 Prkcg Gclc Capn3 Tollip Isg15 Ddx3x Hspbp1 Epm2a Ubxn2a Ube2n Dnaja3 Sae1 Gsk3b Cry1 Vps28 Bag2 Dnaja1 Tes3-ps Bex3 Ube3a Pias4 Flcn Mtor Tank Siah2 Prickle1 Parp10 Dnajb2 Chp1 Cdk5rap3 Hsp90aa1 Cops9 Fbxo5 Daxx"
"GOBP_REGULATION_OF_POTASSIUM_ION_TRANSMEMBRANE_TRANSPORT",-1.04602038523126,0.410082468741687,1,27,-0.412335262337649,7,"Kcng1 Fxyd2 Akap7 Kcnip3 Kcnab3 Flna Oxsr1"
"GOBP_REGULATION_OF_POTASSIUM_ION_TRANSPORT",-0.842169818229789,0.712806748466258,1,37,-0.314966859684822,14,"Kcng1 Fxyd2 Akap7 Kcnip3 Kcnab3 Actn2 Flna Oxsr1 Ptk2b Crbn Atf4 Atp1b3 Kcnab2 Plcb4"
"GOBP_REGULATION_OF_PRESYNAPSE_ORGANIZATION",-1.1706544285843,0.290625473269726,1,10,-0.56696684471963,3,"Il1rap Mdga1 Ntng2"
"GOBP_REGULATION_OF_PRESYNAPTIC_CYTOSOLIC_CALCIUM_ION_CONCENTRATION",-1.24368777144656,0.209841459766677,1,11,-0.590627381285131,5,"Ncs1 Marcksl1 Cacnb2 Cacna1a Erc1"
"GOBP_REGULATION_OF_PRODUCTION_OF_MOLECULAR_MEDIATOR_OF_IMMUNE_RESPONSE",-1.17995273587784,0.168223284100782,1,125,-0.378463103945192,28,"Clnk Cd36 Hmox1 Cd81 Trpm4 Shld3 Ptpn22 Vpreb3 Cd22 Cd40 Il18 Lilrb4a Cd86 Prkcz Tnfrsf4 Sphk2 Cgas Foxp3 Pagr1a Cd55 Fzd5 Tnf Smad7 Paxip1 Dnajb9 Hmces Kit Il27ra"
"GOBP_REGULATION_OF_PROGRAMMED_NECROTIC_CELL_DEATH",-0.995136352015553,0.480542136339238,1,25,-0.398304651257298,1,"Nol3"
"GOBP_REGULATION_OF_PROTEASOMAL_PROTEIN_CATABOLIC_PROCESS",0.693514174441406,1,1,176,0.16225561145283,26,"Sirt6 Aurka Rhbdf1 Hfe Apoe Plk3 Plk1 Zfand2a Fbxo22 Kat2a Cdc20 Prkn Fhit Btrc Hspa1b Socs4 Fbxo38 Rnf180 Clec16a Igf2bp2 Nfe2l1 Ube2v2 Trf Ddrgk1 N4bp1 Cbfa2t3"
"GOBP_REGULATION_OF_PROTEASOMAL_UBIQUITIN_DEPENDENT_PROTEIN_CATABOLIC_PROCESS",0.842069895126206,0.894977168949772,1,115,0.209409909774429,22,"Sirt6 Aurka Hfe Plk3 Plk1 Zfand2a Fbxo22 Kat2a Cdc20 Prkn Fhit Hspa1b Socs4 Fbxo38 Rnf180 Clec16a Igf2bp2 Ube2v2 Trf Ddrgk1 N4bp1 Cbfa2t3"
"GOBP_REGULATION_OF_PROTEIN_ACETYLATION",-1.28685908506427,0.168907071887785,1,13,-0.588395729216169,3,"Cep295 Dip2a Hdac6"
"GOBP_REGULATION_OF_PROTEIN_AUTOPHOSPHORYLATION",-1.13435770126202,0.306607068026261,1,19,-0.47989947436765,7,"Vegfa Tom1l1 Prlr Vegfc Jun Rassf2 Ppp2r5d"
"GOBP_REGULATION_OF_PROTEIN_BINDING",-1.01077243620955,0.475541420566409,1,10,-0.489533413870337,2,"Agrn Ddx11"
"GOBP_REGULATION_OF_PROTEIN_CATABOLIC_PROCESS",0.715176183017283,1,1,297,0.160975639660955,47,"Asb5 Ppp2r3a Tnfsf12 Azin2 Sirt6 Aurka Rhbdf1 Hfe Apoe Plk3 Zdhhc2 Tspan17 Plk1 Zfand2a Snx33 Lpcat1 App Tnfrsf1b Fbxo22 Kat2a Cdc20 Prkn Laptm4b Nedd4l Fhit Apc Btrc Hspa1b Tnfaip3 Socs4 Fbxo38 Rnf180 Vgll4 Clec16a Igf2bp2 Nfe2l1 Rela Ldlr Ube2v2 Egln2 Ier3 Trf Ddrgk1 Lrig2 N4bp1 Rgp1 Cbfa2t3"
"GOBP_REGULATION_OF_PROTEIN_COMPLEX_STABILITY",0.786909409767351,0.767340067340067,1,17,0.288515462604092,1,"Trex1"
"GOBP_REGULATION_OF_PROTEIN_CONTAINING_COMPLEX_ASSEMBLY",-0.818368201487933,0.910262917470308,1,331,-0.247231214315785,46,"Gbp2 Fbxl2 Nol3 Cd36 Rasip1 Napb Hes1 Abca1 Stxbp6 Vegfa Mapre3 Casp4 Stmn1 Ptpn22 Nck2 Bbs4 Baiap2l1 Unc13a Usp50 Tppp Asap1 Lrrk2 Eps8 Psrc1 Abhd8 Prkcz Abitram Dut Hdac6 Atat1 Stx1a Lmo4 Irgm2 Dab2ip Tnf Syt11 Nr1h2 Thra Camsap3 Add3 Bbs10 Hck Dhx33 Camsap1 Kank2 Prkce"
"GOBP_REGULATION_OF_PROTEIN_CONTAINING_COMPLEX_DISASSEMBLY",-0.748584483954208,0.908495280399778,1,106,-0.243225132654423,35,"Shfl Diaph3 Aurkb Eps8 Hdac6 Actn2 Ckap2l Irgm2 Tnf Camsap3 Ubqln4 Add3 Camsap1 Tpx2 Specc1l Phf23 Eif5a2 Jmjd4 Tecpr1 Etf1 Pdxp Tpm1 Tmem39a Clasp1 Katnb1 Mid1ip1 Fyco1 Flii Wdr47 Rubcn Scaf8 Ckap2 Twf2 Scaf4 Gspt1"
"GOBP_REGULATION_OF_PROTEIN_DEACETYLATION",1.18334651841119,0.215488215488215,1,23,0.401839714670046,3,"Nek3 Kat2b Kat14"
"GOBP_REGULATION_OF_PROTEIN_DEPOLYMERIZATION",-0.751751944011851,0.877110140479282,1,67,-0.257670545757146,11,"Diaph3 Aurkb Eps8 Hdac6 Actn2 Ckap2l Camsap3 Add3 Camsap1 Tpx2 Specc1l"
"GOBP_REGULATION_OF_PROTEIN_DEUBIQUITINATION",0.758387827849517,0.784981905910736,1,11,0.313896676011213,11,"Zc3h12a Tnip1 Nop53 Itch Otud4 Ubxn1 Vcp Trim21 Park7 Dnajb2 Tank"
"GOBP_REGULATION_OF_PROTEIN_EXPORT_FROM_NUCLEUS",-0.85673520772361,0.684690553745928,1,33,-0.326725374045799,11,"Bard1 Bag3 Peg12 Frat1 Rangap1 Chchd4 Xpo4 Frat2 Uhmk1 Ctdspl2 Gsk3b"
"GOBP_REGULATION_OF_PROTEIN_FOLDING",-0.911380158112791,0.5985559566787,1,15,-0.405954141822325,1,"Hdac4"
"GOBP_REGULATION_OF_PROTEIN_K63_LINKED_UBIQUITINATION",-0.727449163852702,0.817631423508565,1,12,-0.337824135451301,4,"Ptpn22 Ripk2 Ddx3x Ube2n"
"GOBP_REGULATION_OF_PROTEIN_LOCALIZATION_TO_CELL_PERIPHERY",-0.919807517425548,0.655250894115097,1,130,-0.294333902388624,25,"Cd36 Lrp1 Itga3 Olfm1 Lyplal1 Pid1 Stac3 Pkdcc Prkcz Ramp3 Pls1 Stac2 Bcl2l1 Lrrc15 Egfr Lztfl1 Zdhhc7 Lypla1 Tnf Rangrf Camk2a Kif2c Ngdn Gpsm2 Vps4a"
"GOBP_REGULATION_OF_PROTEIN_LOCALIZATION_TO_CELL_SURFACE",1.16894911462287,0.198347107438017,1,37,0.354759592242617,9,"Egf Hfe Ephb2 Snx33 Tax1bp3 Nedd4l Stx3 Lrig2 Synj2bp"
"GOBP_REGULATION_OF_PROTEIN_LOCALIZATION_TO_CENTROSOME",0.913929882028828,0.565547815072831,1,13,0.362179948525364,3,"Rab11fip3 Cep72 Apc"
"GOBP_REGULATION_OF_PROTEIN_LOCALIZATION_TO_CHROMATIN",0.628896926498987,0.918619379354021,1,13,0.249224651634684,1,"Sirt6"
"GOBP_REGULATION_OF_PROTEIN_LOCALIZATION_TO_CILIUM",-0.616553823908651,0.920580317080467,1,11,-0.292801440037435,2,"Crocc Lztfl1"
"GOBP_REGULATION_OF_PROTEIN_LOCALIZATION_TO_ENDOSOME",0.744509649135192,0.813129671758206,1,15,0.281905741505154,1,"Egf"
"GOBP_REGULATION_OF_PROTEIN_LOCALIZATION_TO_MEMBRANE",-1.06014856639594,0.363850267379679,1,145,-0.335533181082612,24,"Cd36 Lrp1 Itga3 Agrn Lrp5 Cd81 Olfm1 Lyplal1 Pid1 Stac3 Pick1 Pkdcc Prkcz Ramp3 Pls1 Stac2 Lamc1 Bcl2l1 Lrrc15 Egfr Lztfl1 Zdhhc7 Lypla1 Tnf"
"GOBP_REGULATION_OF_PROTEIN_LOCALIZATION_TO_NUCLEOLUS",-0.746248435047452,0.801675142087945,1,11,-0.354393416980818,6,"Tert Nmd3 Cacnb4 Glul Polr1a Cops9"
"GOBP_REGULATION_OF_PROTEIN_LOCALIZATION_TO_NUCLEUS",-1.00809677302326,0.472287862513426,1,140,-0.320127192961658,16,"Uaca Cd36 Glis2 Cdk1 Brca1 Hyal2 Ptpn22 Prkcq Rasl2-9 Tert Bag3 Dclk2 Ipo7 Akap1 Irgm2 Jup"
"GOBP_REGULATION_OF_PROTEIN_LOCALIZATION_TO_PLASMA_MEMBRANE",-0.978069586328271,0.523163208076276,1,96,-0.320815592730737,18,"Cd36 Lrp1 Itga3 Lyplal1 Pid1 Stac3 Pkdcc Ramp3 Pls1 Stac2 Bcl2l1 Lrrc15 Egfr Zdhhc7 Lypla1 Tnf Rangrf Camk2a"
"GOBP_REGULATION_OF_PROTEIN_LOCALIZATION_TO_SYNAPSE",-0.777514946869691,0.786231884057971,1,25,-0.311201393791942,10,"Olfm1 Prkcz Camk2a Kif2c Hras Gsk3b Exoc4 Map2k1 Dlg1 Magi2"
"GOBP_REGULATION_OF_PROTEIN_MATURATION",0.923508861954748,0.605299860529986,1,38,0.278642799913231,14,"Nlrc4 Spon1 Mmp14 Ctnnd1 Plgrkt Cln3 Fuz Plaur Eno1 Cdh1 Src Notch4 Prkacb Ift88"
"GOBP_REGULATION_OF_PROTEIN_POLYMERIZATION",0.774934911344011,0.988304093567251,1,141,0.186493098757254,17,"Nckap1 Pfn2 Met Kank3 Gm14137 Cdk5rap2 Sgk1 Fchsd1 Prune1 Arhgap28 Pak1 Camsap2 Plekhg2 Arl2 Apc Vasp Hspa1b"
"GOBP_REGULATION_OF_PROTEIN_POLYUBIQUITINATION",-0.880841209275647,0.644919786096257,1,26,-0.349977481753715,7,"Ptpn22 Spsb4 Ripk2 Ube2d1 Trim44 Ddx3x Ube2n"
"GOBP_REGULATION_OF_PROTEIN_SECRETION",-1.0633756566504,0.34643605870021,1,189,-0.330545355799073,35,"Ffar1 Pde1c Kcnb1 Lrp1 Lrp5 Trpm4 Brsk2 F2rl2 Pde3b Baiap3 Igf1 Pde8b Blk Gpld1 Il12a Mcu Rapgefl1 Prkcq Rab11fip1 Cask Pick1 Arrb1 Nnat Stxbp4 Slc12a2 Birc5 Vegfc Egfr Ang C2cd2l Tnf Nr1h2 Adam9 Tiam1 Efna5"
"GOBP_REGULATION_OF_PROTEIN_SERINE_THREONINE_KINASE_ACTIVITY",-1.03181991957062,0.423122894708247,1,124,-0.33111776143448,10,"Trib2 Rasgrp1 Hmga2 Stil Rasip1 Inca1 Ptpn22 Dusp10 Tab1 Pdgfrb"
"GOBP_REGULATION_OF_PROTEIN_STABILITY",0.718840869843745,1,1,306,0.16059711911662,57,"Trex1 Cryab Nckap1 Sirt6 Stxbp1 Aurka Zbed3 Pfn2 Nr1d1 Prnp Mtrr Cdkn2aip Plk1 Apbb1 Tnip2 Tmc8 Ncln Gnl3l Ctnnd1 Usp27x Nlk Mcm8 Kat2a Naa30 Prkn Nedd4l Wdr81 Rnf149 Btrc Hspa1b Usp40 Clec16a Ipo9 Ubr5 Cfp Zswim7 Ddrgk1 Mul1 Usp33 Ifi30 Crebl2 Usp34 Dnlz Sumo1 Pinx1 Cd74 Usp38 Irgm1 Crtap Sav1 Prkra Tuba1a Usp4 Fbxw11 Wfs1 Mfsd1 Hspd1"
"GOBP_REGULATION_OF_PROTEIN_SUMOYLATION",-0.780175661940121,0.777439024390244,1,20,-0.326755926948074,2,"Rwdd3 Hdac4"
"GOBP_REGULATION_OF_PROTEIN_TARGETING_TO_MEMBRANE",-1.31078497498802,0.128421900161031,1,25,-0.524643433312894,3,"Itgam Kcnb1 Mief2"
"GOBP_REGULATION_OF_PROTEIN_TYROSINE_KINASE_ACTIVITY",1.1033497673369,0.305767138193689,1,21,0.384007777763172,8,"Egf Errfi1 Itgb3 Socs4 Rap2b Socs5 Abi3 Zgpat"
"GOBP_REGULATION_OF_PROTEIN_UBIQUITINATION",-0.717795623438114,0.959265938262438,1,163,-0.225371164920536,51,"Cdk1 Fanci Ptpn22 Spsb4 Amer1 Lrrk2 Arrb1 Birc5 Cep78 Tbc1d7 Hdac8 Rassf1 Fancm Paxip1 Prkce Ripk2 Ube2d1 Phf23 Aimp2 Trim44 Cdc14b Wdr48 Arrb2 Mad2l1 Prkcg Gclc Isg15 Ddx3x Hspbp1 Epm2a Ubxn2a Ube2n Dnaja3 Gsk3b Cry1 Vps28 Bag2 Dnaja1 Tes3-ps Bex3 Ube3a Mtor Siah2 Prickle1 Parp10 Dnajb2 Chp1 Cdk5rap3 Hsp90aa1 Fbxo5 Daxx"
"GOBP_REGULATION_OF_PROTEOLYSIS",0.835456269386087,0.994818652849741,1,294,0.18883049592888,61,"Egf Tgfb1i1 Nlrc4 Sirt6 Aurka Rhbdf1 Hfe Apoe Plk3 Spon1 Mmp14 Agtpbp1 Tspan17 Plk1 Cd46 Zfand2a Snx33 App Tnfrsf1b Fbxo22 Ctnnd1 Ptk2 Kat2a Cdc20 Prkn Fhit Plgrkt Cln3 Btrc Hspa1b Socs4 Fbxo38 Rnf180 Clec16a Igf2bp2 Nfe2l1 Gsap Ube2v2 Trf Ddrgk1 Fuz Lrig2 N4bp1 L3mbtl3 Cbfa2t3 Vsir Sumo1 Svip Nudt15 Usp38 Socs5 Sufu Plaur Fbxw11 Wdr20 Lats1 Herpud1 Eno1 Ufsp2 Cdh1 Psen1"
"GOBP_REGULATION_OF_PROTEOLYSIS_INVOLVED_IN_PROTEIN_CATABOLIC_PROCESS",0.82134451229598,0.977272727272727,1,204,0.190335687514199,42,"Egf Tgfb1i1 Sirt6 Aurka Rhbdf1 Hfe Apoe Plk3 Agtpbp1 Plk1 Zfand2a Fbxo22 Ptk2 Kat2a Cdc20 Prkn Fhit Btrc Hspa1b Socs4 Fbxo38 Rnf180 Clec16a Igf2bp2 Nfe2l1 Ube2v2 Trf Ddrgk1 N4bp1 L3mbtl3 Cbfa2t3 Sumo1 Svip Nudt15 Usp38 Socs5 Sufu Wdr20 Lats1 Herpud1 Ufsp2 Psen1"
"GOBP_REGULATION_OF_PROTON_TRANSPORT",1.0148660750225,0.432185937040306,1,10,0.431638168490699,2,"Slc9a6 Nr3c2"
"GOBP_REGULATION_OF_RAS_PROTEIN_SIGNAL_TRANSDUCTION",-0.826561614514858,0.740093093470877,1,41,-0.304381521089244,8,"Rasgrp1 Ntrk1 Igf1 Dgki Dab2ip Icmt Nup62 Rasa2"
"GOBP_REGULATION_OF_REACTIVE_OXYGEN_SPECIES_BIOSYNTHETIC_PROCESS",-0.973512508337476,0.511231603408211,1,35,-0.367660565045909,4,"Cd36 Hdac4 Ctns Sphk2"
"GOBP_REGULATION_OF_REACTIVE_OXYGEN_SPECIES_METABOLIC_PROCESS",-1.1207531378719,0.258820951128643,1,115,-0.361655245892389,21,"Itgam Cd36 Hdac4 Pid1 Brca1 Il18 Pdgfrb Lrrk2 Plau Nqo2 Hk2 Bco2 Ctns Sphk2 Hdac6 Egfr Cdkn1a Tnf Dhfr Tusc2 Acp5"
"GOBP_REGULATION_OF_RECEPTOR_CATABOLIC_PROCESS",0.761530534338858,0.781363088057901,1,11,0.315197442036798,1,"Apoe"
"GOBP_REGULATION_OF_RECEPTOR_CLUSTERING",-1.29236053885965,0.148143015521064,1,20,-0.541271006552634,5,"Agrn Lrp5 Cd81 Pick1 Lamc1"
"GOBP_REGULATION_OF_RECEPTOR_INTERNALIZATION",-0.861049291330629,0.712442287202557,1,64,-0.296661817778457,7,"Lrp1 Napb Vegfa Pick1 Arrb1 Pard3 Scrib"
"GOBP_REGULATION_OF_RECEPTOR_LOCALIZATION_TO_SYNAPSE",-0.561797220940201,0.980741517096816,1,31,-0.216270900279518,4,"Olfm1 Prkcz Camk2a Kif2c"
"GOBP_REGULATION_OF_RECEPTOR_MEDIATED_ENDOCYTOSIS",-0.844114935184641,0.764507042253521,1,92,-0.278274406931648,9,"Lrp1 Napb Ccr7 Bicd1 Vegfa Pick1 Arrb1 Pard3 Scrib"
"GOBP_REGULATION_OF_RECEPTOR_RECYCLING",-0.828135973879579,0.716324833702882,1,20,-0.346842834229347,8,"Scrib Ramp3 Rab29 Ece1 Optn Lamtor1 Ap1ar Gria3"
"GOBP_REGULATION_OF_RECEPTOR_SIGNALING_PATHWAY_VIA_STAT",-0.919809217126616,0.607657225156025,1,58,-0.321304696192211,17,"Hmga2 Hes1 Prlr Vhl Gbp7 Socs3 Mst1 Camk2a Agap2 Kit Sac3d1 Wdr48 Pigu Hes5 Mgat5 Ptk2b Hgs"
"GOBP_REGULATION_OF_REGULATED_SECRETORY_PATHWAY",-1.22822447440797,0.133595064498037,1,96,-0.402868638664878,16,"Ncs1 Itgam Kcnb1 Hmox1 Hyal3 Baiap3 Cask Fbxo45 Lrrk2 Cspg5 Sphk2 Sv2c Stx1a Bcl2l1 Cacna1a Syt11"
"GOBP_REGULATION_OF_REGULATORY_T_CELL_DIFFERENTIATION",-0.988317469598334,0.491594431310743,1,30,-0.382283066190573,6,"Fanca Lck Dusp10 Sox12 Foxp3 Drosha"
"GOBP_REGULATION_OF_RELEASE_OF_CYTOCHROME_C_FROM_MITOCHONDRIA",-1.06104259442676,0.382689646496415,1,41,-0.390729200534742,3,"Nol3 Wdr35 Igf1"
"GOBP_REGULATION_OF_RELEASE_OF_SEQUESTERED_CALCIUM_ION_INTO_CYTOSOL",-1.00056890375588,0.474165291354577,1,39,-0.371459048609755,6,"Nol3 Calml3 Cd19 Pde4d Tmem38a Pkd2"
"GOBP_REGULATION_OF_REPRODUCTIVE_PROCESS",-1.18070884119278,0.187212563095906,1,96,-0.387283084991614,16,"Esr1 Gdf9 Tac4 Vegfa Lfng Hdac4 Hyal3 Igf1 Ptgds Pkmyt1 Il18 Cdc25b Prdm9 Zp1 Trip13 Ada"
"GOBP_REGULATION_OF_RESPIRATORY_GASEOUS_EXCHANGE",-1.04200229574921,0.434878913171884,1,12,-0.483901201886631,1,"Nr4a2"
"GOBP_REGULATION_OF_RESPONSE_TO_BIOTIC_STIMULUS",-0.807617195298429,0.948267202410849,1,460,-0.241217980975224,107,"Gbp2 Fbxl2 Clnk Cd36 S100a8 Rasgrp1 Esr1 Oas1c Oas1a Lyplal1 Casp4 Pomc Ptpn22 Dusp10 Tab1 Map3k20 Card9 Il12a Tspan6 Dtx4 Cd14 Nectin2 Aurkb Usp50 S100a9 Smpdl3a Cd86 Rnf26 Abhd8 Nlrp10 Il15 Gbp7 Polr3d Cgas Xrcc5 Ifi214 Atat1 Cul5 Foxp3 Rab7b Ddx60 Polr3b Ttll12 Cd55 Lrrfip2 Ulbp1 Irgm2 Dab2ip Zcchc3 Tnf Hcfc2 Elp6 Syt11 Havcr2 Rnf170 Oasl1 Serpinb9 Naglu Ecsit Dhx33 Pum1 Mapkbp1 Prkce Ripk2 Gsdme Nlrc5 Ifi213 Serpinb1a Tigar Trim5 Ifi209 Eif2ak2 Rbm14 Zdhhc12 Akirin2 Trim44 Klri2 Ikbke Brcc3 Sertad3 Usp5 Arrb2 Ddx56 Zdhhc18 Rnf34 Fgl2 Irf3 Isg15 Trim56 Traf2 Mapkapk3 Ddx3x Chuk Hmgb2 Polr3f Gsdmd Zdhhc1 Eif4e2 Dnaja3 Nek9 Trim12c Optn Sfpq Xpnpep1 Pvr Btk Lrch4"
"GOBP_REGULATION_OF_RESPONSE_TO_CYTOKINE_STIMULUS",-0.589628561318688,0.998048991979189,1,127,-0.188942633754525,38,"Nol3 Oas1c Oas1a Casp4 Cd40 Ttll12 Traip Irgm2 Ripk2 Ecm1 Nlrc5 Spata2 Trim44 Ikbke Rnf113a2 Irf3 Cxcr4 Isg15 Trim27 Trim56 Naip2 Traf2 Rabgef1 Eif4e2 Dnaja3 Cpne1 Tnfrsf1a Cd24a Taf9 Ticam2 Usp18 Pias4 Tax1bp1 Ezr Med1 Gigyf2 Samhd1 Tank"
"GOBP_REGULATION_OF_RESPONSE_TO_ENDOPLASMIC_RETICULUM_STRESS",-0.458895682483367,0.999767279497324,1,74,-0.155281078983272,28,"Nck2 Lrrk2 Ddit3 Bcl2l1 Nr1h2 Syvn1 Ubqln2 Dnajb9 Txndc12 Atxn3 Abca7 Ubxn2a Usp19 Pdia6 Akt3 Mbtps2 Spop Xbp1 Sgta Ptpn2 Sirt1 Akt1 Tmem33 Pik3r1 Usp14 Nck1 Tmem67 Park7"
"GOBP_REGULATION_OF_RESPONSE_TO_NUTRIENT_LEVELS",-0.688697554822397,0.879400537254348,1,18,-0.295726886277993,6,"Bcl2 Bbs4 Bbs2 Kank2 Prkcg Rxrb"
"GOBP_REGULATION_OF_RESPONSE_TO_OXIDATIVE_STRESS",-1.00186491281891,0.470719245381894,1,31,-0.385680488577693,6,"Cd36 Aifm2 Tsc1 Hdac6 Tbc1d24 Dhfr"
"GOBP_REGULATION_OF_RESPONSE_TO_TYPE_II_INTERFERON",-0.83413579109404,0.694229895502045,1,10,-0.403985434126981,6,"Irgm2 Nlrc5 Dnaja3 Med1 Cdc37 Ptpn2"
"GOBP_REGULATION_OF_RESPONSE_TO_WOUNDING",-0.805048838040582,0.822247317899492,1,91,-0.265842231897059,9,"Cd36 Lrp1 Tnfrsf12a Pros1 S100a9 Cask Plau Tfpi Slc12a2"
"GOBP_REGULATION_OF_RETINOIC_ACID_RECEPTOR_SIGNALING_PATHWAY",0.710042395219138,0.838057901085645,1,11,0.293886504373792,2,"Aldh1a3 Ctbp2"
"GOBP_REGULATION_OF_RETROGRADE_PROTEIN_TRANSPORT_ER_TO_CYTOSOL",-1.25990459513222,0.193591258121677,1,12,-0.585094054335663,2,"Yod1 Derl3"
"GOBP_REGULATION_OF_RHO_PROTEIN_SIGNAL_TRANSDUCTION",-1.18521714282351,0.206195207481005,1,70,-0.403767932222013,18,"Itga3 Rasip1 Ccr7 Abca1 Eps8l2 Adgrg1 Stmn1 Pdgfrb Eps8 Arrb1 Pkp4 Arhgef18 Gpr55 Stard8 Ccdc125 Kank2 Tagap Adra1b"
"GOBP_REGULATION_OF_RIG_I_SIGNALING_PATHWAY",-0.784736569951396,0.76264647042012,1,16,-0.344053680833369,4,"Ddx60 Zcchc3 Oasl1 Pum1"
"GOBP_REGULATION_OF_RNA_SPLICING",-0.746684256955055,0.936428495367905,1,156,-0.235165394825276,70,"Gm7324 Brdt Celf4 Rrp1b Zfp64 Rbm15 Sgf29 Rbm12b2 Jmjd6 Wtap Rbm14 Rbm19 Srsf6 Larp7 Taf12 Rbm4 Cdk11b Upf3a Srsf5 Sf3b3 Pqbp1 Rbmxl1 Srsf1 Prdx6 Taf9 Taf5l Rnps1 Nsrp1 Puf60 Ddx5 Ddx17 Cdk12 Celf2 Snw1 Prpf19 Usp22 Khdrbs1 Ptbp2 Zbtb7a Ccnl1 Srsf2 Smu1 Rbm39 Wdr77 Tada3 Rbm10 Hnrnpa1 Eny2 Hnrnph1 Pik3r1 Tada1 U2af2 Rbm42 Nup98 Thumpd2 Prmt5 Sfswap Polr2a Fam50a Eif1 Eif4a3 Magoh Dyrk1a Tia1 Tra2b Dazap1 Arglu1 Rbm38 Smn1 Thrap3"
"GOBP_REGULATION_OF_RNA_STABILITY",-0.917393728205507,0.669500531349628,1,160,-0.288401478346303,63,"Tent5c Vegfa Igf2bp3 Tent4a Cryz Nrde2 Zfp36 Pnpt1 Secisbp2 Ang Mettl1 E2f1 Zc3h12c Cul4a Carhsp1 Pum1 Zc3h12d Ago1 Mov10 Eif4enif1 Tent4b Dcp1a Vim Helz Cnot6 Dxo Ikbke Nsun2 Dcp2 Traf2 Senp1 Pde12 Dnd1 Ythdf1 Srsf1 Zc3h12b Ddx49 Zfp36l2 Ago2 Apex1 Pias4 Mtor Gigyf2 Mettl14 Samd4b Fxr1 Brf1 Alkbh5 Cnot7 Ythdf3 Mettl3 Mapkapk2 Cnot8 Elavl1 Wdr4 Rc3h2 Paip1 Patl1 Plekhn1 Rbm10 Dhx9 Slfn2 Nanos3"
"GOBP_REGULATION_OF_RRNA_PROCESSING",0.63567617727412,0.93375499334221,1,16,0.23690859727027,2,"Kat2b Dimt1"
"GOBP_REGULATION_OF_RUFFLE_ASSEMBLY",-0.964333234912263,0.527357074635012,1,23,-0.392978585301465,5,"Eps8l2 Eps8 Fam98a Plekhm1 Def8"
"GOBP_REGULATION_OF_SECONDARY_METABOLIC_PROCESS",-0.68539900389803,0.85970685013461,1,11,-0.325496019259627,2,"Pomc Ctns"
"GOBP_REGULATION_OF_SECRETION",-1.1012348464016,0.208849914323153,1,400,-0.330368410860935,65,"Ffar1 Ncs1 Itgam Pde1c S100a8 Kcnb1 Lrp1 Hmga2 Gdf9 Chrnb2 Hmox1 Sct Lrp5 Trpm4 Brsk2 Tac4 Rab37 F2rl2 Pde3b Hyal3 Baiap3 Igf1 Pla2g4a Rab26 Pomc Pde8b Blk Gpld1 Il12a Unc13a Mcu Rapgefl1 Prkcq S100a9 Rab11fip1 Cask Fbxo45 Lrrk2 Pick1 Gabbr1 Ada Arrb1 Nnat Stxbp4 Negr1 Slc12a2 Cspg5 Sphk2 Sv2c Birc5 Stx1a Vegfc Bcl2l1 Atp9a Egfr Smpd3 Cacna1a Ang Kdm5b C2cd2l Tnf Sv2a Syt11 Nr1h2 Sdc1"
"GOBP_REGULATION_OF_SIGNALING_RECEPTOR_ACTIVITY",0.88196629274381,0.658212560386473,1,27,0.289477535580982,8,"Dapk1 Dlg4 Errfi1 Prrt1 Ptprj Socs4 Mink1 Rasgrf1"
"GOBP_REGULATION_OF_SIGNAL_TRANSDUCTION_BY_P53_CLASS_MEDIATOR",-0.638760637785729,0.976904234223726,1,71,-0.217173588069069,25,"Rad54b Ell3 Spred2 Eef1e1 Pmaip1 Rrn3 Ppp1r15a Rnf34 Armc10 Dyrk3 Kdm8 Sox4 Mdm4 Yju2 Taf3 Mif Ddx5 Cdk5rap3 Spred1 Kmt5a Fam193a Sirt1 Smyd2 Triap1 Dvl2"
"GOBP_REGULATION_OF_SISTER_CHROMATID_COHESION",-1.17496627566088,0.266504715633038,1,16,-0.51514289950988,8,"Recql4 Sgo2a Smc5 Ddx11 Sfpq Slf1 Wapl Fen1"
"GOBP_REGULATION_OF_SKELETAL_MUSCLE_ADAPTATION",0.680256616488768,0.857899382171227,1,10,0.289323613500807,1,"Mymk"
"GOBP_REGULATION_OF_SKELETAL_MUSCLE_CELL_DIFFERENTIATION",-0.585225193115336,0.940490253987005,1,12,-0.271775960070443,7,"Capn3 Nln Gpc1 Uqcc2 Ddx5 Ddx17 Akirin1"
"GOBP_REGULATION_OF_SKELETAL_MUSCLE_TISSUE_DEVELOPMENT",-1.15808112651587,0.282281001137656,1,17,-0.502182614444738,6,"Bcl2 Usp2 Cdon Hmgcr Mtm1 Usp19"
"GOBP_REGULATION_OF_SMAD_PROTEIN_SIGNAL_TRANSDUCTION",-0.676479542732152,0.918538600568035,1,35,-0.255481926316125,9,"Lrp1 Twsg1 Nup93 Eng Ldlrad4 Smad7 Fam89b Smad3 Crkl"
"GOBP_REGULATION_OF_SMALL_GTPASE_MEDIATED_SIGNAL_TRANSDUCTION",-0.99248684181496,0.508623392913139,1,194,-0.308009599817645,27,"Rasgrp1 Itga3 Rasip1 Agrn Ccr7 Auts2 Ntrk1 Abca1 Eps8l2 Adgrg1 Igf1 Stmn1 Rap1gap Pdgfrb Eps8 Arrb1 Dgki Pkp4 Cdkl5 Cdon Arhgap29 Arhgef18 Gpr55 Dab2ip Stard8 Icmt Ccdc125"
"GOBP_REGULATION_OF_SMALL_MOLECULE_METABOLIC_PROCESS",0.870911609610105,0.939297124600639,1,236,0.198128402548704,49,"Trex1 Egr1 Erlin2 Sirt6 Anxa1 Snai1 Nr1d1 Apoe Kat2b Slc35b4 Entpd1 Pdpr Dkkl1 Igfbp4 App Insr Adora2b Arnt Appl2 Gnai1 Bmp6 Gfi1 Dgkq Cpt1a Kat2a Prkn Gpt Dgat2 Arl2 Irs2 Dyrk2 Apc Cln3 Ggcx Sik2 Rest Nfe2l1 Rptor Dnajc30 Ldlr Ier3 Eif2ak3 Ranbp2 Foxk2 Cbfa2t3 Ppp1r3e Ddit4 Lpcat3 Lcmt1"
"GOBP_REGULATION_OF_SMOOTHENED_SIGNALING_PATHWAY",-0.776574813584172,0.836322603634636,1,62,-0.268613991950569,14,"Glis2 Tedc1 Kctd21 Kctd6 Kif7 Ttc21b Rora Tctn1 Intu Ift122 Chsy1 Cdk20 Megf8 Iqce"
"GOBP_REGULATION_OF_SMOOTH_MUSCLE_CELL_DIFFERENTIATION",1.24608723906741,0.167847817978366,1,22,0.430335004251321,2,"Tshz3 Zeb1"
"GOBP_REGULATION_OF_SMOOTH_MUSCLE_CONTRACTION",-0.829747878056845,0.712607567272231,1,22,-0.340900805718736,5,"Lck Ada Zdhhc21 Rgs2 Kit"
"GOBP_REGULATION_OF_SODIUM_ION_TRANSPORT",-0.95021091774511,0.55046337438111,1,39,-0.352763754859123,6,"Agrn Ptpn3 Cnksr3 Fxyd2 Scn2b Rangrf"
"GOBP_REGULATION_OF_SPHINGOLIPID_BIOSYNTHETIC_PROCESS",-0.814412888531562,0.724349386778343,1,11,-0.386764719153569,2,"Sphk2 Smpd3"
"GOBP_REGULATION_OF_SPINDLE_ASSEMBLY",-1.06195456399493,0.38862621486735,1,30,-0.410766033554022,7,"Stil Sass6 Cep97 Rcc1 Ccsap Chmp7 Gpsm2"
"GOBP_REGULATION_OF_STEM_CELL_DIFFERENTIATION",0.579727076666123,1,1,58,0.160385582998861,8,"Nr6a1 Sirt6 Ltbp3 Rest Cdk13 Mta1 Vsir Ap2a2"
"GOBP_REGULATION_OF_STEM_CELL_POPULATION_MAINTENANCE",-0.513031215489216,0.998319731156985,1,58,-0.179210357713987,14,"Hmga2 Bcl7a Ing2 Kdm3a Smarcc1 Bclaf3 Phf10 Sap30 Smo Brms1l Ing1 Taf5l Bicra Nfya"
"GOBP_REGULATION_OF_STEM_CELL_PROLIFERATION",-0.902873465573666,0.618241042345277,1,33,-0.344320705039532,9,"Hmga2 Ccne1 Tert Atxn1l Vegfc Taf4b Pdcd2 Eif2ak2 Hdac5"
"GOBP_REGULATION_OF_STEROID_HORMONE_BIOSYNTHETIC_PROCESS",-1.22547325907388,0.229434639545319,1,11,-0.581977308500748,3,"Clcn2 Igf1 Pde8b"
"GOBP_REGULATION_OF_STEROID_HORMONE_SECRETION",-1.09463873948283,0.374926166568222,1,12,-0.508345330742818,4,"Gdf9 Pomc Kdm5b Runx1"
"GOBP_REGULATION_OF_STEROL_TRANSPORT",-0.779145927588552,0.803159803159803,1,34,-0.295359439921635,3,"Lrp1 Abca1 Abcb4"
"GOBP_REGULATION_OF_STRESS_ACTIVATED_PROTEIN_KINASE_SIGNALING_CASCADE",-0.750150348418327,0.834225296958622,1,32,-0.287155670785579,4,"Dusp10 Map3k20 Card9 Pbk"
"GOBP_REGULATION_OF_STRIATED_MUSCLE_CELL_DIFFERENTIATION",-0.854532826002224,0.714114258281325,1,58,-0.298502564371586,18,"Bcl2 Hdac4 Igf1 Tmem119 Trip10 Bhlha15 Maml1 Akap1 Rgs2 Thra Atp11a Ezh2 Hdac5 Arrb2 Piezo1 Nln Nr3c1 Gsk3b"
"GOBP_REGULATION_OF_SUBSTRATE_ADHESION_DEPENDENT_CELL_SPREADING",-0.960579203087588,0.533776996484179,1,42,-0.35310605431339,18,"Rac3 Cspg5 Cass4 Efna5 Flna S100a10 Crkl Calr Gsk3b Rcc2 St6gal1 Pxn Nedd9 Ap1ar Myadm Gsk3a Net1 Dnm2"
"GOBP_REGULATION_OF_SULFUR_METABOLIC_PROCESS",-0.467787622947932,0.991087083576856,1,13,-0.213888406832827,3,"Cacna1a Pdk2 Sirt4"
"GOBP_REGULATION_OF_SUPEROXIDE_ANION_GENERATION",-1.09808581673721,0.351138716356108,1,21,-0.456059366159398,4,"Itgam Il18 Egfr Acp5"
"GOBP_REGULATION_OF_SUPRAMOLECULAR_FIBER_ORGANIZATION",0.749486732905717,1,1,261,0.169391462490216,34,"Cryab Nckap1 Arhgef5 Gas2l1 Pfn2 Apoe Met Kank3 Plekhh2 Arhgap35 Gm14137 Cdk5rap2 Ptger4 Kiss1r Sgk1 Fchsd1 Prune1 Arhgap28 App Fhod1 Pak1 Camsap2 Plekhg2 Prkn Arl2 Mfn2 Apc Vasp Hspa1b Inppl1 Ldlr Synpo2l Arhgap18 Cdh5"
"GOBP_REGULATION_OF_SYNAPSE_ASSEMBLY",-0.797867559851305,0.843420322043309,1,106,-0.259237864589999,16,"Chrnb2 Agrn Ntrk1 Adgrl1 Il1rap Mdga1 Ntng2 Rac3 Lrrc24 Stau2 Adgrl4 Negr1 Sema4a Lrrc15 Lzts1 Bhlhb9"
"GOBP_REGULATION_OF_SYNAPSE_MATURATION",-1.10203901593459,0.34520509977827,1,20,-0.461559873950912,4,"Mdga1 Cntnap1 Disc1 Dab2ip"
"GOBP_REGULATION_OF_SYNAPSE_STRUCTURE_OR_ACTIVITY",-0.802993994837463,0.900248087657639,1,230,-0.246567233790165,34,"Chrnb2 Agrn Ntrk1 Mapre3 Adgrl1 Klk8 Il1rap Mdga1 Cntnap1 Ntng2 Rac3 Asap1 Cask Lrrk2 Lrrc24 Pick1 Stau2 Vhl Adgrl4 Itpka Mfn1 Camkv Negr1 Dip2a Cdkl5 Sema4a Tanc1 Mrtfb Disc1 Lrrc15 Lzts1 Dab2ip Tnf Bhlhb9"
"GOBP_REGULATION_OF_SYNAPTIC_PLASTICITY",0.93768468971635,0.671309192200557,1,138,0.225881381980553,30,"Tshz3 Grin3b Egr1 Stxbp1 Dlg4 Ager Apoe Prnp Ephb2 Nsmf Zdhhc2 Cx3cr1 Hrh2 App Prrt1 Pak1 Sipa1l1 Large1 Kat2a Cdc20 Sorcs2 Cln3 Camk2b Eif2ak4 Rara Camk2g Stx3 Hrh1 Rasgrf1 Fxr2"
"GOBP_REGULATION_OF_SYNAPTIC_TRANSMISSION_GABAERGIC",-1.31633157003212,0.131163570331052,1,19,-0.556885035336875,4,"Cnr2 Plcl1 Baiap3 Plcl2"
"GOBP_REGULATION_OF_SYNAPTIC_TRANSMISSION_GLUTAMATERGIC",1.02163798169439,0.403581267217631,1,37,0.310052738200157,7,"Homer1 Tshz3 Stxbp1 Ccr2 Ngfr Prkn Cln3"
"GOBP_REGULATION_OF_SYNAPTIC_VESICLE_CYCLE",0.887516363148338,0.607739938080495,1,12,0.359505089570475,5,"Scrn1 Dnajc5 Snap29 Psen1 Ppp3r1"
"GOBP_REGULATION_OF_SYNAPTIC_VESICLE_ENDOCYTOSIS",-0.861653615417384,0.673528635523885,1,29,-0.335156962385405,5,"Cxadr Lrrk2 Ppp3cc Bcl2l1 Syt11"
"GOBP_REGULATION_OF_SYNAPTIC_VESICLE_EXOCYTOSIS",-1.20195879467664,0.20946030947289,1,41,-0.442621626489399,7,"Ncs1 Cask Fbxo45 Lrrk2 Cspg5 Sv2c Bcl2l1"
"GOBP_REGULATION_OF_SYNAPTIC_VESICLE_PRIMING",-1.06723861579957,0.411782523095563,1,10,-0.516880896520912,3,"Napb Unc13a Stx1a"
"GOBP_REGULATION_OF_SYNAPTIC_VESICLE_RECYCLING",-0.731349084047924,0.863247863247863,1,34,-0.277240563292356,5,"Cxadr Lrrk2 Ppp3cc Bcl2l1 Syt11"
"GOBP_REGULATION_OF_SYNCYTIUM_FORMATION_BY_PLASMA_MEMBRANE_FUSION",-0.921717754909991,0.583249097472924,1,15,-0.410558795762787,3,"Ehd1 Adam9 Cflar"
"GOBP_REGULATION_OF_SYSTEMIC_ARTERIAL_BLOOD_PRESSURE",-1.12329547206161,0.295734714003945,1,48,-0.403705240239763,6,"Cd36 Kcnk3 Tac4 Rarres2 Klk1b4 Bbs4"
"GOBP_REGULATION_OF_SYSTEMIC_ARTERIAL_BLOOD_PRESSURE_BY_RENIN_ANGIOTENSIN",0.719201555380712,0.816710797293322,1,10,0.305887495680954,1,"Prep"
"GOBP_REGULATION_OF_SYSTEMIC_ARTERIAL_BLOOD_PRESSURE_MEDIATED_BY_A_CHEMICAL_SIGNAL",1.19549028386833,0.223967224308638,1,18,0.430729019679108,3,"Nos3 Nr3c2 Prep"
"GOBP_REGULATION_OF_SYSTEM_PROCESS",-1.10286577603167,0.235612797710314,1,286,-0.335493390126222,59,"Nol3 Ccl3 Myl4 Gdf9 Faah Chrnb2 Agrn Soat2 Sct Trpm4 Ehd3 Tac4 Wdr35 Hdac4 Lck Igf1 Pomc Cxadr Nr4a1 Fabp5 Tppp Pde4d Celf4 Lrrk2 Tmem38a Cacnb2 Trip10 Ada S100a1 Pard3 Negr1 Prkcz Gtf2ird2 Sv2c Stx1a Grin2d Scn2b Rem1 Akap1 Egfr Cers1 Pde4b Tbc1d24 Kdm5b Gsto1 Jup Tnf Sv2a Ryr1 Nr1h2 Zdhhc21 Rgs2 Tnfrsf21 Rangrf Thra Abcg2 Add3 Mtmr2 Smad7"
"GOBP_REGULATION_OF_TELOMERE_CAPPING",-0.676556811952525,0.873854212134439,1,14,-0.30513634067967,3,"Rtel1 Ercc1 Smg6"
"GOBP_REGULATION_OF_TELOMERE_MAINTENANCE",-0.714592029682638,0.935411527248262,1,95,-0.234581884065959,22,"Prkcq Aurkb Nek2 Ino80c Rtel1 Mapkapk5 Xrcc5 Wrap53 Hdac8 Map3k4 Ercc1 Gnl3 Tinf2 Tent4b Smg6 Stn1 Dcp2 Tcp1 Cct3 Ino80b Ylpm1 Smg5"
"GOBP_REGULATION_OF_TELOMERE_MAINTENANCE_IN_RESPONSE_TO_DNA_DAMAGE",-0.777956261113327,0.773851096521861,1,19,-0.329120876398996,8,"Ino80c Rtel1 Ercc1 Ino80b Ino80 Actl6a Ercc4 Ruvbl2"
"GOBP_REGULATION_OF_TELOMERE_MAINTENANCE_VIA_TELOMERASE",0.697219069919186,0.961964371689937,1,40,0.208320577003715,8,"Pif1 Gnl3l Ctc1 Parn Terf2 Pinx1 Naf1 Atr"
"GOBP_REGULATION_OF_TELOMERE_MAINTENANCE_VIA_TELOMERE_LENGTHENING",0.573627701503269,0.997354497354497,1,48,0.164550199200037,9,"Pif1 Gnl3l Ctc1 Parn Terf2 Pinx1 Naf1 Slx4 Atr"
"GOBP_REGULATION_OF_THE_FORCE_OF_HEART_CONTRACTION",-0.771608263064615,0.777650757359245,1,16,-0.338297810034858,1,"Myl4"
"GOBP_REGULATION_OF_THYMOCYTE_APOPTOTIC_PROCESS",-1.18900361226358,0.266803039158387,1,13,-0.543652879789511,5,"Zc3h8 Rorc Rag1 Ada Vhl"
"GOBP_REGULATION_OF_TISSUE_REMODELING",-0.884639265681511,0.660201417381574,1,45,-0.321233669015735,8,"Lrp1 Vegfa Il18 Tmem119 Dusp18 Plekhm1 Def8 Egfr"
"GOBP_REGULATION_OF_TOLERANCE_INDUCTION",-0.823403770826985,0.708357685563998,1,13,-0.37648820123214,6,"Ccr7 Cd86 Foxp3 Il2ra Havcr2 Runx1"
"GOBP_REGULATION_OF_TOLL_LIKE_RECEPTOR_3_SIGNALING_PATHWAY",-0.903434213252172,0.606640741848639,1,11,-0.429040950459689,3,"Ptpn22 Hcfc2 Rnf170"
"GOBP_REGULATION_OF_TOLL_LIKE_RECEPTOR_4_SIGNALING_PATHWAY",-1.03698745280506,0.425657541599571,1,25,-0.415055610129351,5,"Cd36 Ptpn22 Cd14 Rab7b Dab2ip"
"GOBP_REGULATION_OF_TOLL_LIKE_RECEPTOR_9_SIGNALING_PATHWAY",-0.878154873703113,0.638659184878913,1,12,-0.407811192509901,2,"Ptpn22 Rab7b"
"GOBP_REGULATION_OF_TORC2_SIGNALING",-0.973923657667123,0.518695782231529,1,11,-0.462516390935093,6,"Deptor Gsk3b Mtor Akt1 Tbk1 Otud5"
"GOBP_REGULATION_OF_TOR_SIGNALING",-0.58494000825127,0.998485176368751,1,132,-0.186869603718457,33,"Rragd Gpat3 Rhebl1 Fam83d Vhl Mapkapk5 Ctns Tsc1 Alg13 Deptor Tbc1d7 Shq1 Ube2d1 Sesn2 Gpr137c Atxn3 Sesn1 Dyrk3 Epm2a Ube2n Pip4p1 Mtm1 Gsk3b Lamtor5 Fbxo9 Ube3a Seh1l Lamtor1 Rictor Akt3 Flcn Mtor Fnip2"
"GOBP_REGULATION_OF_TRANSCRIPTION_BY_GLUCOSE",0.853446502349587,0.655486907914092,1,10,0.362983938714082,2,"Kat2b Sik2"
"GOBP_REGULATION_OF_TRANSCRIPTION_BY_RNA_POLYMERASE_I",-0.569368594097578,0.985097439816584,1,38,-0.212102256371361,11,"Nol11 Ddx11 Dhx33 Flna Mybbp1a Dedd Ppp1r15a Ncl Atf4 Smarca5 Mtor"
"GOBP_REGULATION_OF_TRANSCRIPTION_BY_RNA_POLYMERASE_III",-0.630676344496208,0.938003220611916,1,25,-0.252429047478776,8,"Zc3h8 Mybbp1a Smarca5 Ice2 Tbp Mtor Brf1 Setd5"
"GOBP_REGULATION_OF_TRANSCRIPTION_INITIATION_BY_RNA_POLYMERASE_II",-0.607200670135347,0.989408752327747,1,72,-0.205997672050294,26,"Med9 Taf4b Thra Ercc1 Paxip1 Taf8 Med22 Taf12 Med26 Taf6 Cand1 Taf7 Taf5 Taf9 Tbp Hmgb1 Med1 Taf3 Med25 Creb1 Taf1 Ikzf1 Nfkb1 Med21 Med6 Med30"
"GOBP_REGULATION_OF_TRANSCRIPTION_OF_NUCLEOLAR_LARGE_RRNA_BY_RNA_POLYMERASE_I",-0.663896110129763,0.88171884229179,1,12,-0.308310381781513,5,"Nol11 Ddx11 Dedd Ncl Mtor"
"GOBP_REGULATION_OF_TRANSFERASE_ACTIVITY",-0.889155834426441,0.785102914204198,1,302,-0.269761628334405,66,"Trib2 Rasgrp1 Gadd45g Hmga2 Dscc1 Stil Rasip1 Inca1 Ccnyl1 Camkk1 Tom1l1 Igf1 Ptpn22 Dusp10 Tab1 Prlr Pdgfrb Cdc25b Sh3bp5 Chtf18 Cenpe Prkcz Tsc1 Tnfrsf4 Mrnip Vegfc Cass4 Zfp36 Deptor Lmo4 Irgm2 Fzd5 Cdkn1a Tnf Synpo2 Prkrip1 Thy1 Map3k4 Rassf2 Pdgfc Mst1 Tiam1 Rfc4 Mcph1 Ezh2 Tpx2 Nlrc5 Nup62 Tigar Abi2 Agap2 Kit Nrbf2 Vps25 Tfap4 Cdc14b Map4k2 Pum3 Sesn2 Mad2l1 Chordc1 Hmgcr Blm Strada Tspyl2 Traf2"
"GOBP_REGULATION_OF_TRANSLATION",-0.779444034365284,0.947084562938842,1,309,-0.236165689036916,106,"Shfl Gtdc1 Bank1 Igf1 Nck2 Map3k20 Igf2bp3 S100a9 Ifrd2 Pym1 Mapkapk5 Scrib Fbxw8 Zfp36 Mrps27 Secisbp2 Ang Trmt10c Tnf Gigyf1 Dhfr Rgs2 Tyms Paip2b Ppp1r15b Kbtbd8 Cnot9 Pum1 Shmt1 Rpusd3 Mettl18 Unk Ngdn Ago1 Eif4enif1 Eif5a2 Usp16 Helz Cnot6 Enc1 Eif2ak2 Jmjd4 Klhl25 Ppp1r15a Usp5 Pum3 Sesn2 Mrpl1 Trnau1ap Cdk4 Etf1 Mettl8 Ddx3x Atxn3 Coa3 Uhmk1 Pelo Paip2 Eif2s3x Ptk2b Rbm4 Smyd5 Eif4e2 Calr Gsk3b Ythdf1 Upf3a Ncl Wapl Abce1 Ctif Bzw2 Uqcc2 Zfp36l2 Ago2 Cpeb2 Lamtor1 Mtor Tcof1 Gigyf2 Mettl14 Samd4b Trub2 Sepsecs Fxr1 Mrpl13 Alkbh3 Gemin5 Alkbh5 Rpusd4 Cnot7 Khdrbs1 Ythdf3 Mettl3 Gspt1 Cnot8 Eif5b Rraga Elavl1 Cnot11 Bzw1 Paip1 Ogfod1 Eif6 Patl1 Ywhag"
"GOBP_REGULATION_OF_TRANSLATIONAL_ELONGATION",-1.31392409042125,0.144565859421146,1,12,-0.610180466143303,7,"Shfl Secisbp2 Mettl18 Eif5a2 Usp16 Smyd5 Cpeb2"
"GOBP_REGULATION_OF_TRANSLATIONAL_FIDELITY",-0.811092859133933,0.721654003506721,1,13,-0.370859233812924,6,"Dtd1 Lars2 Dnajc2 Iars2 Yrdc Aars2"
"GOBP_REGULATION_OF_TRANSLATIONAL_INITIATION",-0.482488915194551,0.999887463425613,1,93,-0.158850524661553,32,"Bank1 Nck2 Scrib Tnf Gigyf1 Paip2b Ppp1r15b Eif2ak2 Klhl25 Ppp1r15a Ddx3x Atxn3 Uhmk1 Paip2 Eif2s3x Rbm4 Eif4e2 Ythdf1 Ctif Bzw2 Ago2 Lamtor1 Mtor Gigyf2 Khdrbs1 Ythdf3 Mettl3 Eif5b Rraga Bzw1 Paip1 Ywhag"
"GOBP_REGULATION_OF_TRANSLATIONAL_INITIATION_IN_RESPONSE_TO_STRESS",1.00170504246383,0.449025247682966,1,14,0.38840454178024,4,"Hbb-bs Impact Eif2ak4 Eif2ak3"
"GOBP_REGULATION_OF_TRANSLATION_AT_SYNAPSE",-0.549549437198435,0.95842058031708,1,11,-0.26098105363029,6,"Ngdn Cpeb2 Mtor Fxr1 Eef2k Eif4a3"
"GOBP_REGULATION_OF_TRANSLATION_IN_RESPONSE_TO_ENDOPLASMIC_RETICULUM_STRESS",-1.22966142680898,0.225545916841161,1,11,-0.58396626955557,5,"Nck2 Map3k20 Ppp1r15a Sesn2 Ddx3x"
"GOBP_REGULATION_OF_TRANSLATION_IN_RESPONSE_TO_STRESS",-0.709195506810835,0.865193068631464,1,23,-0.289006576646748,7,"Nck2 Map3k20 Ang Ppp1r15a Sesn2 Ddx3x Rbm4"
"GOBP_REGULATION_OF_TRANSMEMBRANE_RECEPTOR_PROTEIN_SERINE_THREONINE_KINASE_SIGNALING_PATHWAY",-0.655698049293009,0.987367519537523,1,144,-0.207667752116805,20,"Lrp1 Itga3 Hes1 Snx25 Fbn1 Dand5 Bambi Ing2 Ryr1 Spred2 Ints9 Rasl11b Twsg1 Mtmr4 Nup93 Eng Ldlrad4 Fbxl15 Smad7 Cdkn1c"
"GOBP_REGULATION_OF_TRANSMEMBRANE_TRANSPORTER_ACTIVITY",-1.08096001606396,0.342062383612663,1,72,-0.366724310167492,15,"Kcnk3 Ppargc1a Ehd3 Clcn2 Stac3 Cnksr3 Fxyd2 Rasgrf2 Cacnb2 S100a1 Pkd2 Sphk2 Stac2 Cacng8 Cacna1a"
"GOBP_REGULATION_OF_TRANS_SYNAPTIC_SIGNALING",-0.91535342986895,0.730218384966988,1,320,-0.277011269752172,50,"Ncs1 Best1 Kcnb1 Nrgn Cnr2 Faah Chrnb2 Plcl1 Agrn Ntrk1 Sct Baiap3 Igf1 Ntng2 Fabp5 Unc13a Plcl2 Cnrip1 Rasgrf2 Celf4 Cask Fbxo45 Lrrk2 Pick1 Gabbr1 Stau2 Akap7 Itpka Camkv Slc12a2 Prkcz Dgki Cspg5 Sv2c Hdac6 Cdkl5 Alg13 Stx1a Grin2d Bcl2l1 Cacng8 Bcl7a Disc1 Egfr Grik5 Lzts1 Cacna1a Tbc1d24 Tnf Sv2a"
"GOBP_REGULATION_OF_TRIGLYCERIDE_BIOSYNTHETIC_PROCESS",-0.616056167487591,0.936575654152446,1,17,-0.267142508197576,2,"Gpld1 Nr1h2"
"GOBP_REGULATION_OF_TRIGLYCERIDE_CATABOLIC_PROCESS",-1.27253452078617,0.18340148417386,1,10,-0.616309018639644,2,"Gpld1 Daglb"
"GOBP_REGULATION_OF_TRIGLYCERIDE_METABOLIC_PROCESS",-1.28205032686587,0.134484091201855,1,36,-0.482167941803513,4,"Cd36 Esr1 Gpld1 Daglb"
"GOBP_REGULATION_OF_TRNA_METABOLIC_PROCESS",-0.91575203156723,0.588066030592155,1,10,-0.44351349741285,6,"Ang Mettl1 Nsun2 Wdr4 Slfn2 Akt1"
"GOBP_REGULATION_OF_TUBE_SIZE",-0.768493173566121,0.870014940811401,1,81,-0.257049059554237,17,"Faah Trpm4 Vegfa Wdr35 S100a1 Bbs2 Egfr Smpd3 Tnf Zdhhc21 Rgs2 Add3 Plekha7 Adra1b Ece1 Gclc Hmgcr"
"GOBP_REGULATION_OF_TUMOR_NECROSIS_FACTOR_MEDIATED_SIGNALING_PATHWAY",-0.684058691902357,0.926,1,43,-0.250212096901126,1,"Nol3"
"GOBP_REGULATION_OF_TYPE_2_IMMUNE_RESPONSE",-0.751989670691402,0.811870255348516,1,21,-0.312317969457947,6,"Cd81 Il18 Prkcz Hlx Ecm1 Il27ra"
"GOBP_REGULATION_OF_TYPE_2_MITOPHAGY",-0.755543107592847,0.788662877654801,1,11,-0.35880745741076,2,"Hk2 Hdac6"
"GOBP_REGULATION_OF_TYPE_I_INTERFERON_MEDIATED_SIGNALING_PATHWAY",0.828157876100324,0.786790780141844,1,35,0.253876022694432,2,"Trex1 Oas3"
"GOBP_REGULATION_OF_T_CELL_ACTIVATION",-1.0974648661346,0.249103759090444,1,275,-0.33441627772993,57,"Rag2 Rasgrp1 Cd6 Ccr7 Hes1 H2-Eb2 Loxl3 Cd81 Zc3h8 Fanca Lck Igf1 Tnfrsf13c Ephb6 Ankle1 Ptpn22 Dusp10 Nck2 Cd59a Il12a Rorc Cd69 Il18 Prkcq Rag1 Zbtb7b Ada Cd86 Il15 Lmo1 Scrib Prkcz Cd59b Cgas Socs6 Sox12 Foxp3 Lax1 Hlx Il2ra H2-Ob Cd55 Thy1 Havcr2 Cebpb Tnfrsf21 Twsg1 Drosha Smarcc1 Nfkbid Glmn Smad7 Dusp22 Ripk2 Phf10 Cd1d1 Zc3h12d"
"GOBP_REGULATION_OF_T_CELL_APOPTOTIC_PROCESS",-0.998798891108228,0.475912975912976,1,34,-0.378625711341535,10,"Zc3h8 Rorc Prkcq Rag1 Ada Vhl Tnfrsf4 Gimap8 Serpinb9 Nfkbid"
"GOBP_REGULATION_OF_T_CELL_MEDIATED_CYTOTOXICITY",-0.660894055497827,0.928077274507245,1,32,-0.25298858585459,3,"H2-Q2 Il12a Nectin2"
"GOBP_REGULATION_OF_T_CELL_MEDIATED_IMMUNITY",-0.852265108676455,0.737079953650058,1,76,-0.287407567093654,15,"Fut7 Cd81 Trpm4 H2-Q2 Il12a Il18 Nectin2 Prkcz Foxp3 Cd55 Ulbp1 Fzd5 Smad7 Dusp22 Cd1d1"
"GOBP_REGULATION_OF_T_CELL_MIGRATION",-0.76433572966974,0.822597137014315,1,37,-0.285857340536155,3,"Ccr7 Cd99l2 Cd69"
"GOBP_REGULATION_OF_T_CELL_PROLIFERATION",-1.01807438841346,0.450140906134836,1,127,-0.326235309691688,29,"Cd6 Ccr7 Hes1 Cd81 Igf1 Tnfrsf13c Ptpn22 Nck2 Cd59a Il12a Il18 Prkcq Zbtb7b Cd86 Il15 Lmo1 Scrib Cd59b Foxp3 Il2ra Cd55 Havcr2 Cebpb Tnfrsf21 Twsg1 Glmn Ripk2 Cd1d1 Zc3h12d"
"GOBP_REGULATION_OF_T_CELL_RECEPTOR_SIGNALING_PATHWAY",-0.890158010266037,0.657724667723448,1,53,-0.31524183245463,7,"Ccr7 Cd81 Lck Ptpn22 Nectin2 Ada Cd86"
"GOBP_REGULATION_OF_T_HELPER_17_CELL_DIFFERENTIATION",-1.23701758068764,0.196411318150449,1,21,-0.513760805555918,6,"Loxl3 Cd69 Zbtb7b Foxp3 Nfkbid Smad7"
"GOBP_REGULATION_OF_T_HELPER_17_TYPE_IMMUNE_RESPONSE",-1.25870614736939,0.162845539106511,1,31,-0.484554749529309,10,"Loxl3 Card9 Cd69 Prkcq Zbtb7b Nlrp10 Foxp3 Nfkbid Smad7 Il27ra"
"GOBP_REGULATION_OF_T_HELPER_1_TYPE_IMMUNE_RESPONSE",-1.23837404437955,0.201080773606371,1,17,-0.537000302507309,9,"Ccr7 Pla2g4a Il18 Nlrp10 Hlx Havcr2 Syvn1 Ripk2 Il27ra"
"GOBP_REGULATION_OF_T_HELPER_CELL_DIFFERENTIATION",-1.22597359241143,0.187516187516188,1,34,-0.464743330859803,11,"Ccr7 Loxl3 Cd69 Il18 Zbtb7b Prkcz Foxp3 Hlx Nfkbid Smad7 Ripk2"
"GOBP_REGULATION_OF_UBIQUITIN_DEPENDENT_PROTEIN_CATABOLIC_PROCESS",0.966540511290379,0.56838905775076,1,147,0.230238627273269,35,"Egf Tgfb1i1 Sirt6 Aurka Hfe Plk3 Agtpbp1 Plk1 Zfand2a Fbxo22 Ptk2 Kat2a Cdc20 Prkn Fhit Hspa1b Socs4 Fbxo38 Rnf180 Clec16a Igf2bp2 Ube2v2 Trf Ddrgk1 N4bp1 L3mbtl3 Cbfa2t3 Sumo1 Svip Usp38 Socs5 Sufu Wdr20 Lats1 Herpud1"
"GOBP_REGULATION_OF_UBIQUITIN_PROTEIN_LIGASE_ACTIVITY",-0.508110846452181,0.976817230032905,1,11,-0.241301864931555,7,"Cdc14b Mad2l1 Epm2a Bsn Dnm1l Fbxo5 Ube2s"
"GOBP_REGULATION_OF_UBIQUITIN_PROTEIN_TRANSFERASE_ACTIVITY",0.711403393824941,0.874701263229771,1,18,0.256314995239523,3,"Mastl Arrdc3 Cdc20"
"GOBP_REGULATION_OF_VACUOLE_ORGANIZATION",-0.692800761393512,0.931943445962138,1,59,-0.241408894869832,5,"Wipi1 Chek2 Tbc1d12 Snx7 Lrrk2"
"GOBP_REGULATION_OF_VASCULAR_ENDOTHELIAL_GROWTH_FACTOR_RECEPTOR_SIGNALING_PATHWAY",-1.05289442255511,0.409645232815965,1,20,-0.440976961733084,7,"Vegfd Cd59a Vegfc Dab2ip Prkd2 Hgs Myof"
"GOBP_REGULATION_OF_VASCULAR_PERMEABILITY",-0.838885438786971,0.708654222686333,1,32,-0.321123240687736,4,"Ccl4 Vegfa Il18 Plvap"
"GOBP_REGULATION_OF_VASCULATURE_DEVELOPMENT",-1.0390524427737,0.405253680754157,1,166,-0.32592286542126,19,"Cd36 E2f2 Epha1 Hmga2 Hmox1 Itga5 Ntrk1 Zfp354c Vegfa Pde3b Brca1 Tnfrsf12a Cd59a Cd40 Angpt4 Hk2 S100a1 Tert Slc12a2"
"GOBP_REGULATION_OF_VASCULOGENESIS",-0.842651051300733,0.683325761017719,1,10,-0.408109512158441,1,"Elmo3"
"GOBP_REGULATION_OF_VASOCONSTRICTION",-0.97036784243809,0.517654723127036,1,33,-0.370060426400594,7,"Faah Trpm4 Wdr35 Egfr Zdhhc21 Add3 Adra1b"
"GOBP_REGULATION_OF_VESICLE_FUSION",-0.775953273624156,0.781366459627329,1,21,-0.322270584634127,7,"Pla2g4a Tbc1d4 Unc13a Grik5 Syt11 Erc1 Ankrd27"
"GOBP_REGULATION_OF_VESICLE_MEDIATED_TRANSPORT",-0.86414489457932,0.866834677419355,1,412,-0.258997636169806,54,"Ncs1 Itgam Cd36 Kcnb1 Lrp1 Hmox1 Napb Ccr7 Bicd1 Vegfa Rab37 Lyplal1 Hyal3 Baiap3 Pla2g4a Tbc1d4 Il15ra Rab26 Pros1 Cxadr Rap1gap C2 Cd22 Unc13a Cd14 Cask Fbxo45 Lrrk2 Pick1 Ppp3cc Arrb1 Pard3 Pkdcc Il15 Scrib Cspg5 Sphk2 Sv2c Actn2 Stx1a Bcl2l1 Atp9a Grik5 Smpd3 Cacna1a Rint1 Lypla1 Syt11 Ankrd13d Nr1h2 Sdc1 Rab29 Ehd1 Mtmr4"
"GOBP_REGULATION_OF_VESICLE_SIZE",0.736788475111636,0.832223701731025,1,16,0.274591891853024,6,"Borcs7 Kxd1 Als2 Borcs6 Rab22a Snapin"
"GOBP_REGULATION_OF_VIRAL_ENTRY_INTO_HOST_CELL",-0.771160412447033,0.786862527716186,1,20,-0.322980128306193,10,"Nectin2 Tmprss4 Trim5 Trim12c Hmgb1 Trim30d Trim30a Trim62 Trim30b P4hb"
"GOBP_REGULATION_OF_VIRAL_LIFE_CYCLE",-1.03958791404899,0.403613777526821,1,91,-0.343291435581277,18,"Gm11772 Hmga2 Shfl Oas1c Bcl2 Oas1a Nectin2 Fam111a Isg20 Gbp7 Tmprss4 Top2a Tnf Oasl1 Vps4a Trim5 Eif2ak2 Slpi"
"GOBP_REGULATION_OF_VIRAL_PROCESS",-1.01048431259858,0.463318777292576,1,117,-0.325471005351128,41,"Gm11772 Hmga2 Shfl Oas1c Bcl2 Oas1a Nectin2 Fam111a Isg20 Gbp7 Tmprss4 Top2a Zfp36 Tnf Oasl1 Vps4a Trim13 Trim5 Eif2ak2 Slpi Cxcr4 Isg15 Trim27 Larp7 Ddx3x Tmem39a Pde12 Trim12c Ifit1 Stom Zfp809 Ubp1 Hmgb1 Trim30d Vps37b Trim30a Ddx5 Banf1 Top2b Cnot7 Sp100"
"GOBP_REGULATION_OF_VOLTAGE_GATED_CALCIUM_CHANNEL_ACTIVITY",-1.2549442722177,0.189458483754513,1,15,-0.558987180627131,6,"Ehd3 Stac3 Cacnb2 S100a1 Stac2 Cacna1a"
"GOBP_REGULATION_OF_WNT_SIGNALING_PATHWAY",-0.772432736162249,0.923277661795407,1,201,-0.239126242585358,27,"Ptk7 Lrp1 Hmga2 Itga3 Tmem88 Depdc1b Trpm4 Ccnyl1 Jrk Amer1 Lrrk2 Mllt3 Tert Ddit3 Ttc21b Bambi Cdon Disc1 Egfr Tmem9 Dab2ip Tmem198b Thra Peg12 Lgr5 Frat1 Mdfi"
"GOBP_REGULATION_OF_WOUND_HEALING",-0.849609877636184,0.72804194970802,1,61,-0.29463234725477,8,"Cd36 Tnfrsf12a Pros1 S100a9 Cask Plau Tfpi Slc12a2"
"GOBP_REGULATION_OF_XENOPHAGY",1.06404384887748,0.373065015479876,1,12,0.43101084676416,3,"Nod1 Lrsam1 Nod2"
"GOBP_REGULATION_PROTEIN_CATABOLIC_PROCESS_AT_POSTSYNAPSE",-0.620124982993682,0.91743942566557,1,11,-0.294497383655254,1,"Vhl"
"GOBP_REGULATION_PROTEIN_CATABOLIC_PROCESS_AT_SYNAPSE",1.02278739260815,0.416314592135197,1,15,0.387274548624377,4,"Plekhg5 Prkn Nedd4l Trim3"
"GOBP_REGULATORY_NCRNA_MEDIATED_GENE_SILENCING",-0.852279595337903,0.756898086337339,1,104,-0.277333011756791,41,"4930509G22Rik Mir17hg Tert Snip1 6720427I07Rik Nrde2 Zfp36 Tdrd7 Eri3 Drosha Cul4a Cnot9 Pum1 Ezh2 Ago1 Mov10 Eif4enif1 Eri1 Helz Cnot6 Pus10 Clp1 Zswim8 Ddx3x Dnd1 Rbm4 Eif4e2 Ago2 Ddx5 Ddx17 Fxr1 Cnot7 Mettl3 Cnot8 Elavl1 Cnot11 Eif6 Eloc Mecp2 Dhx9 Tsnax"
"GOBP_REGULATORY_NCRNA_MEDIATED_HETEROCHROMATIN_FORMATION",-0.728400491983609,0.817110432125709,1,14,-0.328518546774674,4,"Nrde2 Eri3 Ezh2 Eri1"
"GOBP_REGULATORY_NCRNA_PROCESSING",-0.529276618230483,0.994021671441026,1,44,-0.192884590755324,8,"Tert Snip1 Tdrd7 Drosha Pum1 Ago1 Pus10 Ddx3x"
"GOBP_REGULATORY_T_CELL_DIFFERENTIATION",-1.2733741786242,0.143874643874644,1,34,-0.482711993853514,7,"Fut7 Fanca Lck Dusp10 Rorc Sox12 Foxp3"
"GOBP_RELAXATION_OF_CARDIAC_MUSCLE",-1.06568209382146,0.408594211458949,1,12,-0.494897994114768,3,"Pde4d Pde4b Rgs2"
"GOBP_RELAXATION_OF_MUSCLE",0.803030344060351,0.767408470926059,1,20,0.283632551135522,5,"Adora2b Pln Pde5a Slc8a1 Camk2g"
"GOBP_RELEASE_OF_CYTOCHROME_C_FROM_MITOCHONDRIA",-1.23234638427463,0.163405088062622,1,51,-0.438638855873817,5,"Nol3 Bcl2 Bcl2a1b Wdr35 Igf1"
"GOBP_RENAL_ABSORPTION",-1.2961945415856,0.149158772797964,1,18,-0.556586230210286,5,"Aqp3 Klhl3 Hyal2 Maged2 Ctns"
"GOBP_RENAL_SYSTEM_DEVELOPMENT",-0.866163854953955,0.784134968039401,1,187,-0.269416750242064,19,"Ptk7 Myo1e Itga3 Glis2 Hes1 Klhl3 Bcl2 Ddc Vegfa Wnt6 Pdgfrb Amer1 Lrrk2 Fbn1 Pkd2 Timeless Ctns Hells Tsc1"
"GOBP_RENAL_SYSTEM_VASCULATURE_DEVELOPMENT",-0.773519446008765,0.775507287796513,1,16,-0.339135733934239,3,"Hes1 Pdgfrb Pkd2"
"GOBP_RENAL_TUBULE_DEVELOPMENT",-1.24357839724506,0.158674803836094,1,44,-0.453198010194966,8,"Hes1 Klhl3 Bcl2 Vegfa Wnt6 Pkd2 Timeless Ctns"
"GOBP_RENAL_TUBULE_MORPHOGENESIS",-1.29843320740753,0.12574231861606,1,35,-0.490371394944971,13,"Hes1 Klhl3 Bcl2 Vegfa Wnt6 Pkd2 Timeless Ctns Lgr5 Commd5 Hdac5 Sox8 Hes5"
"GOBP_RENAL_WATER_HOMEOSTASIS",-1.07503695400129,0.402847190670907,1,10,-0.520657757647752,4,"Aqp3 Hyal2 Ctns Akap11"
"GOBP_REPLACEMENT_OSSIFICATION",-1.08624076972502,0.366546563192905,1,20,-0.454943196661177,4,"Galnt3 Nfix Tmem119 Smpd3"
"GOBP_REPRODUCTIVE_BEHAVIOR",-1.01554799218518,0.457724354596367,1,22,-0.417236534057463,3,"Fuom Hdac4 Ada"
"GOBP_REPRODUCTIVE_SYSTEM_DEVELOPMENT",-0.992323137760706,0.511160012574662,1,187,-0.308658082920938,45,"Esr1 Hmga2 Gdf9 Bcl2 Ntrk1 Vegfa Adam2 Lfng Fanca Hyal3 Adgrg1 Igf1 Pla2g4a Gas2 Prlr Itih5 Map7 Brip1 Pde4d Arrb1 Plag1 Serpinb6b Bcl2l1 Ing2 Kdm5b Nrip1 Asb1 Fancf Cebpb Abcg2 Ercc1 Gfra1 Smarcc1 Cdkn1c Flna Runx1 Plekha5 Spata2 Kit Serpinf1 Aspm Sox8 Wdr48 Arrb2 Fancg"
"GOBP_RESCUE_OF_STALLED_RIBOSOME",-0.571941042580653,0.978723404255319,1,32,-0.218937595747758,11,"Otud3 Trnt1 Usp10 Elac1 Ascc3 Pelo Eif4e2 Abce1 Gigyf2 Saysd1 Cdk5rap3"
"GOBP_RESPIRATORY_CHAIN_COMPLEX_IV_ASSEMBLY",-0.492054054413358,0.992551210428305,1,27,-0.193964898271059,11,"Coa7 Tmem223 Cox10 Timm21 Coa3 Cox19 Cox14 Coa6 Cox17 Cox20 Cox16"
"GOBP_RESPIRATORY_GASEOUS_EXCHANGE_BY_RESPIRATORY_SYSTEM",-0.747252427960067,0.857142857142857,1,45,-0.271345223331912,2,"Nr4a2 Vangl1"
"GOBP_RESPIRATORY_SYSTEM_DEVELOPMENT",-1.09431447239417,0.293037163605297,1,151,-0.34555129299668,19,"Ptk7 Ccdc39 Hmga2 Itga3 Hes1 Loxl3 Vegfa Clcn2 Igf1 Tab1 Fgfrl1 Pdgfrb Rbbp9 Ada Fbn1 Pkdcc Timeless Disp1 Atxn1l"
"GOBP_RESPIRATORY_SYSTEM_PROCESS",0.824155220987038,0.793882978723404,1,35,0.252648988345421,8,"Tshz3 Selenon Pbx3 Hoxa5 Stard7 Ttll1 Spef2 Adrb2"
"GOBP_RESPONSE_TO_ACETYLCHOLINE",1.15426664901865,0.236312399355878,1,27,0.378851513612547,4,"Ly6i Trpc1 Large1 Stim1"
"GOBP_RESPONSE_TO_ACIDIC_PH",-1.02745018296873,0.452451269935027,1,12,-0.477143265850224,1,"Kcnk3"
"GOBP_RESPONSE_TO_ACID_CHEMICAL",-0.921417007200787,0.628379136287156,1,96,-0.302233038885321,21,"Kcnb1 Rragd Ntrk1 Vegfa Pkd2 Slc1a2 Grin2d Bcl2l1 Egfr Pcna Tnf Cebpb Pdgfc Lmnb1 Crls1 Lrrc25 Agap2 Hmgcs2 Sesn2 Jund Gclc"
"GOBP_RESPONSE_TO_ACTIVITY",-1.14708343536647,0.263119176066699,1,50,-0.409199392541061,5,"Itga5 Ppargc1a Ntrk1 Cdk1 Fos"
"GOBP_RESPONSE_TO_ALKALOID",-0.912881460338563,0.627746763273548,1,62,-0.315761893058908,21,"Chrnb2 Hes1 Mapre3 Xlr4a Fosb Fancb Tmem38a Rad51 Fkbp5 Slc1a2 Bcl2l1 Ryr1 Ppp2r2a Prkce Adra1b Ccna2 Casp7 Hdac5 Smad3 Prkcg Blm"
"GOBP_RESPONSE_TO_AMINO_ACID_STARVATION",-0.907599242083787,0.637267668994909,1,64,-0.312699915883838,2,"Atf3 Rragd"
"GOBP_RESPONSE_TO_AMYLOID_BETA",-0.919349218123128,0.591815591815592,1,34,-0.348507847557708,3,"Cd36 Lrp1 Igf1"
"GOBP_RESPONSE_TO_ANGIOTENSIN",0.63425071889249,0.974215728405672,1,33,0.197386946060385,3,"Car2 Nr3c2 Adora2b"
"GOBP_RESPONSE_TO_ANTIBIOTIC",-1.15173370815619,0.266778307355404,1,36,-0.433156998543863,9,"Zc3h8 Hyal2 Hyal3 Pla2g4a Dusp18 Kdm5b Hdac8 Ezh2 Hyal1"
"GOBP_RESPONSE_TO_ARSENIC_CONTAINING_SUBSTANCE",-0.599980870858776,0.955716586151369,1,25,-0.240143143243068,11,"Hmox1 Gsto1 Gclc Ddx3x Rbm4 Nr3c1 Cpox As3mt Alad Daxx Hsf1"
"GOBP_RESPONSE_TO_ATP",-0.732993139752213,0.82790892582763,1,19,-0.310098853378284,4,"Trpm4 Ryr1 Panx1 Pdxp"
"GOBP_RESPONSE_TO_AXON_INJURY",-1.20530097636108,0.191932732147209,1,52,-0.427922156315949,5,"Kcnb1 Lrp1 Bcl2 Ntrk1 Cdk1"
"GOBP_RESPONSE_TO_BACTERIUM",-1.06302447238268,0.309240990537548,1,415,-0.318431101045543,83,"Jchain Gbp2 Ms4a1 Rag2 Cd36 S100a8 Cnr2 Cd6 Bank1 Ccr7 Oas1c Serpina3f Wfdc21 Pcyox1l Abca1 Oas1a Rarres2 Fos Casp4 Vegfd Fer1l6 Ptpn22 Dusp10 Nr4a1 Card9 Prlr C2 Il12a Il18 Rnase12 Cd14 Lilrb4a Pde4d Cd86 Rnase2b Saa3 Fcer2a Nlrp10 Gbp9 Slc12a2 Gbp7 Fkbp5 Gbp6 Shpk Foxp3 Zfp36 Jun Pglyrp2 Cd55 Pde4b Irgm2 Ang Fzd5 Gbp10 Dab2ip Tnf Syt11 Rab29 Havcr2 Cebpb Adam9 Drosha Serpinb9 Naglu Tusc2 Acp5 Hck Adgrl2 Mapkbp1 Prkce Ripk2 Nlrc5 Akap12 Rgs1 Casp7 Vim Il27ra Cmpk2 Trim5 Cd79b Eif2ak2 Akirin2 Slpi"
"GOBP_RESPONSE_TO_BMP",-0.898946256517714,0.652047124693806,1,71,-0.305634650071688,14,"Itga3 Hes1 Nfix Tmem119 Fbn1 Dand5 Bambi Smpd3 Twsg1 Mtmr4 Eng Ecsit Fbxl15 Smad7"
"GOBP_RESPONSE_TO_CADMIUM_ION",-0.864554641664992,0.677415177415177,1,34,-0.32773626313384,5,"Hmox1 Cdk1 Tert Slc39a8 Pcna"
"GOBP_RESPONSE_TO_CAFFEINE",1.1479006757973,0.297440423654016,1,10,0.488219832650721,3,"Trpa1 Selenon Slc8a1"
"GOBP_RESPONSE_TO_CALCIUM_ION",-1.1622179904455,0.211718309859155,1,92,-0.383141570579805,18,"Pde1c Kcnb1 Amelx Calml3 Fos Pla2g4a Mttp Fosb Pkd2 Itpka Itpkc Dusp1 Egfr Jun Ryr1 Junb Adam9 Clic4"
"GOBP_RESPONSE_TO_CAMP",-1.00192226308097,0.471362417743115,1,52,-0.355715911367617,10,"Fos Pde4d Fosb Pkd2 Akap7 Slc26a6 Dusp1 Jun Pnpt1 Cdk2"
"GOBP_RESPONSE_TO_CARBOHYDRATE",-0.929817469282219,0.651435204727733,1,172,-0.291069075895794,16,"Pde1c Kcnb1 Lrp1 Lrp5 Trpm4 Brsk2 Pde3b Baiap3 Igf1 Pde8b Gpld1 Cdt1 Arrb1 Nnat Slc26a6 Stxbp4"
"GOBP_RESPONSE_TO_CHEMOKINE",-1.02426728287787,0.437663469921534,1,44,-0.373274331185234,8,"Ccl3 Ccl4 Ccr7 Ccr1l1 Ccl6 Slc12a2 Dusp1 Rbm15"
"GOBP_RESPONSE_TO_COCAINE",-0.770674555088991,0.802731809824008,1,30,-0.298098375286446,6,"Chrnb2 Mapre3 Xlr4a Fosb Fkbp5 Slc1a2"
"GOBP_RESPONSE_TO_COLD",-0.76576796272801,0.820456026058632,1,33,-0.292034016810611,3,"Slc25a27 Mcrip2 Hspa2"
"GOBP_RESPONSE_TO_COPPER_ION",-0.618393293229756,0.933838239496999,1,16,-0.271123453252019,1,"Cdk1"
"GOBP_RESPONSE_TO_CORTICOSTEROID",-0.926017253477089,0.616600341102899,1,88,-0.30684681630828,15,"Sstr2 Bcl2 Fos Ptgds Card9 Fosb Ephx1 Hdac6 Ugt1a6a Zfp36 Dusp1 Pcna Hdac8 Tnf Adam9"
"GOBP_RESPONSE_TO_CORTICOSTERONE",-1.00099464808436,0.482176633202386,1,14,-0.451462225433668,3,"Fos Fosb Hdac6"
"GOBP_RESPONSE_TO_DECREASED_OXYGEN_LEVELS",-1.15771318301797,0.163878208458901,1,210,-0.357452778328031,45,"Nol3 Nr4a2 Chrnb2 Hmox1 Tacc3 Rwdd3 Aqp3 Kcnk3 Bcl2 Vegfa Fos Suv39h2 Vegfd Il18 Angpt4 Plau Pick1 Hk2 Ada Vhl Tert Tsc1 Vegfc Rora Prmt2 Suv39h1 Jun Ang Ryr1 E2f1 Abcg2 Eng Ciao3 Prkce Rgcc Ado Tm9sf4 Tigar Ccna2 Lonp1 Kdm6a Egln3 Smad3 Ece1 Jund"
"GOBP_RESPONSE_TO_DEXAMETHASONE",0.837595147925494,0.729579698651864,1,26,0.277264285168228,11,"Errfi1 Eif4ebp1 Cldn1 Ddit4 Jak2 Usp8 Casp9 Hdac3 Foxo3 Tgfb1 Smyd3"
"GOBP_RESPONSE_TO_DIETARY_EXCESS",-1.18150167760962,0.271351665939182,1,14,-0.53287335526523,2,"Ppargc1a Sct"
"GOBP_RESPONSE_TO_DOPAMINE",-0.711555291888181,0.854658385093168,1,21,-0.295524676177064,5,"Gm527 Lrrk2 Gnb5 Flna Klf16"
"GOBP_RESPONSE_TO_DSRNA",-0.686803379303232,0.913049078964318,1,36,-0.258300758467013,8,"Oas1c Oas1a Card9 Cgas Zcchc3 Hcfc2 Ripk2 Pmaip1"
"GOBP_RESPONSE_TO_ELECTRICAL_STIMULUS",-0.78439139769617,0.784433523708328,1,28,-0.307336776821578,10,"Ntrk1 Cd14 Disc1 Cdk2 Nrf1 Myo6 Akap12 Fbxo32 Calr Palm"
"GOBP_RESPONSE_TO_ENDOPLASMIC_RETICULUM_STRESS",-0.622377512221792,0.998658687577383,1,239,-0.190791456051472,51,"Atf3 Bcl2 Brsk2 Yod1 Serp2 Nck2 Map3k20 Tmtc4 Rasgrf2 Lrrk2 Derl3 Bhlha15 Ddit3 Cul5 Bcl2l1 Jun Dab2ip Nr1h2 Cebpb Syvn1 Ppp1r15b Bbs10 Sgf29 Ubqln2 Dnajb9 Pmaip1 Nrbf2 Trim13 Eif2ak2 Ppp1r15a Txndc12 Sdf2l1 Sesn2 Dnajb12 Ecpas Ddx3x Atxn3 Abca7 Nrros Ubxn2a Calr Gsk3b Apaf1 Ubxn8 Atf4 Pik3r2 Dnm1l Usp19 Rnf145 Derl2 Pdia6"
"GOBP_RESPONSE_TO_EPIDERMAL_GROWTH_FACTOR",0.908197235153597,0.642676127724278,1,44,0.266434142056053,3,"Ptpn12 Dusp3 Errfi1"
"GOBP_RESPONSE_TO_ESTRADIOL",-0.819558800411103,0.769470404984424,1,59,-0.285578185408072,9,"Esr1 Sstr2 Mmp15 Ramp3 Dusp1 Egfr Ogg1 Pcna Nrip1"
"GOBP_RESPONSE_TO_ESTROGEN",-0.870676182219225,0.670101764781657,1,36,-0.327453715318856,2,"Esr1 Hmox1"
"GOBP_RESPONSE_TO_ETHER",-0.90651951300659,0.605703477375236,1,14,-0.408852652233672,3,"Abcb4 Lrrk2 Foxp3"
"GOBP_RESPONSE_TO_FIBROBLAST_GROWTH_FACTOR",-0.798918317840806,0.800024372410431,1,52,-0.283642721607096,13,"Fgf20 Hyal2 Nr4a1 Fgfrl1 Frs3 Zfp36 Kdm5b Ofd1 Shcbp1 Hyal1 Gclc Prkd2 Crkl"
"GOBP_RESPONSE_TO_FLUID_SHEAR_STRESS",0.839683193109276,0.744224422442244,1,29,0.27021867093308,15,"Car2 Nos3 Gpr68 Mapk7 Mtss1 Plec Socs5 Klf4 P2rx7 Src Ift88 Hdac3 Klf2 Tgfb1 Pkd1"
"GOBP_RESPONSE_TO_FOOD",1.20915422978143,0.195660306771418,1,23,0.410603473393254,2,"Trpa1 Npff"
"GOBP_RESPONSE_TO_FORSKOLIN",-0.667488006265944,0.883311508802561,1,14,-0.301046185747149,5,"Fos Jun Hdac8 Efna5 Jund"
"GOBP_RESPONSE_TO_FUNGUS",-0.948372374857487,0.55136405169038,1,32,-0.363034565045416,6,"Rarres2 Pomc Card9 Clec1a Nlrp10 Ang"
"GOBP_RESPONSE_TO_GAMMA_RADIATION",1.02488471976225,0.397042716319825,1,51,0.290223956342166,4,"Trex1 Cryab Egr1 Lig4"
"GOBP_RESPONSE_TO_GLUCAGON",-0.995351249522056,0.492986557568673,1,13,-0.455108435015247,5,"Ccna2 Hmga1 Hmgcs2 Cry1 Creb1"
"GOBP_RESPONSE_TO_GONADOTROPIN",-0.862347418075067,0.664046870534438,1,16,-0.378080765834904,5,"Ppargc1a Pde4d Efna5 Ccna2 Gclc"
"GOBP_RESPONSE_TO_GRANULOCYTE_MACROPHAGE_COLONY_STIMULATING_FACTOR",-0.643219037161296,0.900324867099823,1,12,-0.298708041650636,2,"Prlr Zfp36"
"GOBP_RESPONSE_TO_GROWTH_FACTOR",-0.880550870851742,0.835013102197138,1,411,-0.263914085467884,72,"Atf3 Lrp1 Itga3 Wnt10a Itga5 Ppargc1a Hes1 Ntrk1 Nfix Vegfa Fgf20 Snx25 Fos Hyal2 Adgrg1 Vegfd Mtss2 Rap1gap Tab1 Nr4a1 Fgfrl1 Cd59a Il12a Frs3 Pdgfrb Tmem119 Cask Fbn1 Ddit3 Dand5 Vegfc Bambi Zfp36 Egfr Jun Tbc1d7 Smpd3 Ing2 Kdm5b Dab2ip Ryr1 Spred2 E2f1 Gcnt2 Ints9 Rasl11b Ehd1 Twsg1 Mtmr4 Adam9 Abcg2 Eng Gfra1 Ecsit Ldlrad4 Fbxl15 Smad7 Cdkn1c Dtymk Dusp22 Prkce Rgcc Ofd1 Dusp6 Runx1 Shcbp1 Hyal1 Lrrc25 Dcp1a Ppp2r5d Ccna2 Fam89b"
"GOBP_RESPONSE_TO_GROWTH_HORMONE",-0.746733189195031,0.829679144385027,1,26,-0.296693431624648,14,"Igf1 Cul5 Pnpt1 Hmgcs2 Pxn Adrm1 Cacybp Star Stat6 Rnf7 Stat5b Akt1 Pik3r1 Jak3"
"GOBP_RESPONSE_TO_HEAT",1.02558563917868,0.398178269355888,1,65,0.276798082331628,6,"Hspb6 Trpa1 Cryab Hspb2 St8sia1 Eif2b3"
"GOBP_RESPONSE_TO_HEPATOCYTE_GROWTH_FACTOR",-0.48325337475683,0.983461311281748,1,12,-0.224420704075765,8,"Gclc Gsk3b Appl1 Med1 Creb1 Crebbp Lgmn Nrp1"
"GOBP_RESPONSE_TO_HYDROGEN_PEROXIDE",-0.764192611120154,0.876451833295377,1,84,-0.254287708766275,15,"Hmox1 Bcl2 Cdk1 Lck Pdgfrb Lig1 Hdac6 Dusp1 Jun Pcna Smpd3 Adam9 Ppp1r15b Zfp580 Ezh2"
"GOBP_RESPONSE_TO_HYDROPEROXIDE",-0.96532948993876,0.532144944476914,1,13,-0.44138146573991,1,"Cd36"
"GOBP_RESPONSE_TO_HYDROXYUREA",0.919137143357673,0.564705882352941,1,12,0.372313677550892,1,"Trex1"
"GOBP_RESPONSE_TO_HYPEROXIA",1.24741008363887,0.198761609907121,1,12,0.505286767061839,12,"Fas mt-Atp6 Bnip3 Nox1 mt-Cytb Cat Slc7a5 Polb Napa Atg7 Foxo1 Sod2"
"GOBP_RESPONSE_TO_INCREASED_OXYGEN_LEVELS",0.791388538959173,0.772071755188181,1,19,0.281994631282348,6,"Tmem199 Fas Atp6v1a mt-Atp6 Bnip3 Nox1"
"GOBP_RESPONSE_TO_INSULIN",-0.717437043849128,0.972568578553616,1,220,-0.221067230495837,60,"Fut7 Rarres2 Fos Pid1 Pde3b Igf1 Tbc1d4 Bglap3 Pik3r3 Gpld1 Prkcq Zbtb7b Vwa2 Stxbp4 Gkap1 Prkcz Tsc1 Fbxw8 Socs3 Bcar3 Jun Zdhhc7 Tnf Cdk2 Smarcc1 Ncoa5 Hmga1 Lonp1 Pdk2 Hadh Hmgcs2 Sesn2 Gclc Srsf6 Atp6v0a2 Arv1 Rbm4 Hras Nucks1 Gsk3b Cry1 Srsf5 Sos2 Ncl Pik3r2 Cpeb2 Vamp2 Appl1 Kbtbd2 Akt3 Mtor Star Lpin2 Pip4k2b Echdc3 Atp6v1f Adipor1 Grk2 Ptpra Grb2"
"GOBP_RESPONSE_TO_INTERFERON_ALPHA",0.915950597445371,0.573223259152907,1,20,0.323516298716616,3,"Ifi204 Axl Ifitm2"
"GOBP_RESPONSE_TO_INTERFERON_BETA",-1.03867347435947,0.415390138822403,1,60,-0.361280151724502,6,"Gbp2 Gm11772 Shfl Oas1c Gm12185 Oas1a"
"GOBP_RESPONSE_TO_INTERLEUKIN_1",-1.03510970751725,0.410498137802607,1,72,-0.351169227164527,14,"Gm7324 Hes1 Hdac4 Hyal2 Hyal3 Il1rap Saa3 Rora Dab2ip Cebpb Ripk2 Usp10 Akap12 Hyal1"
"GOBP_RESPONSE_TO_INTERLEUKIN_12",-0.499592052020205,0.979359856416392,1,11,-0.237256289054249,2,"Il12a Ripk2"
"GOBP_RESPONSE_TO_INTERLEUKIN_17",-0.791603501397187,0.755501571877679,1,16,-0.347064363819765,7,"Socs3 Ikbke Il17ra Traf2 Srsf1 Nfkb1 Notch1"
"GOBP_RESPONSE_TO_INTERLEUKIN_18",-0.94359092799462,0.557107522188273,1,14,-0.425572365513358,2,"Casp4 Il18"
"GOBP_RESPONSE_TO_INTERLEUKIN_2",0.41479557752963,0.998761609907121,1,12,0.168020700738678,3,"Stat5a Il2 Cd7"
"GOBP_RESPONSE_TO_INTERLEUKIN_4",-1.09983750770459,0.339572192513369,1,26,-0.436989501889075,8,"Nfil3 Cd40 Shpk Tuba1b Mcm2 Fasn Cdk4 Impdh2"
"GOBP_RESPONSE_TO_INTERLEUKIN_6",0.763502587346562,0.843529411764706,1,25,0.255152133144705,8,"Selp St3gal6 Gfi1 Rela Sbno2 Traf7 Src Il6ra"
"GOBP_RESPONSE_TO_INTERLEUKIN_7",-0.56787551552965,0.971704623878537,1,21,-0.235851282042261,10,"Crkl Btk Hmgb1 Rad23b Stip1 Il7r Gipc1 Hnrnph1 Jak3 P4hb"
"GOBP_RESPONSE_TO_IONIZING_RADIATION",-0.957340036087042,0.576672458731538,1,125,-0.307061351333664,21,"Fignl1 Bcl2 Rad54b Brca1 Bard1 Chek2 Map3k20 Xrcc2 Rad54l Hus1 Rad51 Rfwd3 D7Ertd443e Xrcc5 Mrnip Rad51ap1 Bcl2l1 Cdkn1a Tnks1bp1 Tnf Rad1"
"GOBP_RESPONSE_TO_IRON_ION",-1.04517075334767,0.420870288248337,1,20,-0.437742107309348,2,"Slc11a2 Bcl2"
"GOBP_RESPONSE_TO_ISCHEMIA",-0.984957302066082,0.497397486352672,1,39,-0.365663275136085,3,"Nol3 Aqp3 Bcl2"
"GOBP_RESPONSE_TO_ISOQUINOLINE_ALKALOID",-1.20831677864864,0.250946539451764,1,10,-0.585207329066944,5,"Fosb Ppp2r2a Prkce Adra1b Prkcg"
"GOBP_RESPONSE_TO_KETONE",-0.666157285114419,0.980713285206335,1,136,-0.212182610633665,29,"Ccr7 Fos Bglap3 Card9 Abcb4 Fosb Lrrk2 Sphk2 Hdac6 Foxp3 F5 Bcl2l1 Dusp1 Jun Pcna Hdac8 Efna5 Prkce Glo1 Tfap4 Hmgcs2 Jund Cdk4 Trerf1 Fbxo32 Map4k1 Nr3c1 Calr Cflar"
"GOBP_RESPONSE_TO_LEAD_ION",1.02668762797241,0.409454061251664,1,16,0.382633696956677,5,"Ncam1 Cldn1 Cyp51 Dnmt3a Map1lc3a"
"GOBP_RESPONSE_TO_LEPTIN",-1.14443891613696,0.313545758766187,1,14,-0.516157544838889,5,"Pid1 Bbs4 Bbs2 Prmt2 Ccna2"
"GOBP_RESPONSE_TO_LEUKEMIA_INHIBITORY_FACTOR",-1.10373487084163,0.298862343572241,1,85,-0.366739399094217,28,"Mybl2 Piga Calm4 Wdr35 Eps8 Hk2 Hells Xrcc5 Eed Vegfc Socs3 Kdm5b Kdm3a Smad7 Eef1e1 Shmt1 Rfx2 Chchd4 Egln3 Cacnb4 Ubxn2a Bcat2 Ncl Icam1 Smarca5 Cacybp Nme7 Gnpnat1"
"GOBP_RESPONSE_TO_LIGHT_STIMULUS",-1.15942065903704,0.153072857290911,1,227,-0.356349553625471,50,"Uaca Best1 Pclaf Rgs9bp Chrnb2 Bcl2 Sct Per3 Adam2 Fos Hyal2 Hyal3 Dtl Pde8b Map3k20 Il12a Rag1 Aurkb Hus1 Arrb1 Usp2 Ctns D7Ertd443e Pola1 Pbk Rpgr Nr2f6 Slc1a2 Tanc1 Gnb5 Dusp1 Egfr Cers1 Pcna Cdkn1a Polk Pold3 Map3k4 Abcg2 Cul4a Ercc1 Bbs10 Ddhd2 Primpol Hyal1 Adra1b Gpsm2 Pmaip1 Casp7 Kit"
"GOBP_RESPONSE_TO_LIPOPROTEIN_PARTICLE",-0.893714831102516,0.625,1,26,-0.355092453329263,2,"Cd36 Cd81"
"GOBP_RESPONSE_TO_LITHIUM_ION",0.800137903089526,0.734016887816647,1,11,0.331177029624243,3,"Impa2 Fas Cdh1"
"GOBP_RESPONSE_TO_L_GLUTAMATE",-1.06220076692583,0.406372762985596,1,14,-0.479067019000954,5,"Kcnb1 Grin2d Pcna Tnf Lmnb1"
"GOBP_RESPONSE_TO_L_LEUCINE",-0.902667780357904,0.610753945061368,1,13,-0.412730401508648,1,"Rragd"
"GOBP_RESPONSE_TO_MAGNESIUM_ION",-0.978078614000594,0.515371800696653,1,10,-0.47369926780039,3,"Cd14 Kcnip3 Smpd3"
"GOBP_RESPONSE_TO_MANGANESE_ION",-1.0471972499882,0.423826714801444,1,15,-0.466450862632282,5,"Slc11a2 Lrrk2 Adam9 Bace1 Atf4"
"GOBP_RESPONSE_TO_MECHANICAL_STIMULUS",0.931350978011345,0.668696711327649,1,120,0.2305331006431,21,"Trpa1 Cacnb3 Nos3 Angpt2 Mmp14 Ltbr Pjvk Chek1 Ptger4 Map2k4 Clcn6 Bmp6 Tmem87a Large1 Endog Arrdc3 Gfi1 Pde2a Itgb3 Slc8a1 Habp4"
"GOBP_RESPONSE_TO_METAL_ION",-0.984928991151023,0.527933541017653,1,219,-0.303423787781937,33,"Pde1c Kcnb1 Hmox1 Kcnk3 Slc11a2 Bcl2 Amelx Calml3 Cdk1 Fos Lck Pla2g4a Cd14 Mttp Fosb Lrrk2 Pkd2 Tert Itpka Slc12a2 Kcnip3 Slc39a8 Itpkc Dusp1 Egfr Jun Pcna Smpd3 Ryr1 Xdh Junb Adam9 Clic4"
"GOBP_RESPONSE_TO_MINERALOCORTICOID",-1.09794325766322,0.349679005600328,1,22,-0.45108851865627,5,"Fos Card9 Fosb Hdac6 Hdac8"
"GOBP_RESPONSE_TO_MISFOLDED_PROTEIN",0.715567508290647,0.891600861450108,1,20,0.252740434265472,5,"Rxra Klhl15 Rara Ufd1 Ubr5"
"GOBP_RESPONSE_TO_MOLECULE_OF_BACTERIAL_ORIGIN",-1.04575392059111,0.381497524752475,1,243,-0.320343907814079,53,"Gbp2 Cd36 S100a8 Cnr2 Cd6 Ccr7 Wfdc21 Abca1 Fos Casp4 Ptpn22 Dusp10 Nr4a1 Card9 Il12a Il18 Cd14 Lilrb4a Pde4d Cd86 Slc12a2 Gbp6 Shpk Foxp3 Zfp36 Jun Cd55 Pde4b Irgm2 Fzd5 Gbp10 Dab2ip Tnf Havcr2 Cebpb Adam9 Naglu Acp5 Prkce Ripk2 Akap12 Casp7 Vim Cmpk2 Trim5 Eif2ak2 Akirin2 Slpi Fbxo3 Hmgcs2 Jund Irf3 Cdk4"
"GOBP_RESPONSE_TO_MONOAMINE",-0.621854317686251,0.94296833064949,1,25,-0.248898019489692,5,"Gm527 Lrrk2 Gnb5 Flna Klf16"
"GOBP_RESPONSE_TO_MURAMYL_DIPEPTIDE",0.916159059496611,0.566063502902014,1,18,0.330087411743926,6,"Nod1 Nod2 Tnfaip3 Trim41 Zdhhc5 Rela"
"GOBP_RESPONSE_TO_MUSCLE_ACTIVITY",-1.27319772242162,0.178815655463408,1,14,-0.574229520888611,2,"Itga5 Ppargc1a"
"GOBP_RESPONSE_TO_MUSCLE_STRETCH",-0.899766883795135,0.61399679906882,1,14,-0.405807124450715,2,"Fos Jun"
"GOBP_RESPONSE_TO_NERVE_GROWTH_FACTOR",-0.887704896747861,0.63969836400818,1,37,-0.331996727504694,2,"Hes1 Ntrk1"
"GOBP_RESPONSE_TO_NITRIC_OXIDE",-0.934635691765956,0.569549970777323,1,13,-0.427347217570928,4,"Ccr7 Ccna2 Traf2 Cflar"
"GOBP_RESPONSE_TO_NITROSATIVE_STRESS",-0.644214603769097,0.896865061335756,1,10,-0.312003536058865,4,"Ddit3 Dusp6 Gclc Dnaja1"
"GOBP_RESPONSE_TO_NUTRIENT",-0.880576430315627,0.701162270898525,1,99,-0.287884961626223,28,"Amelx Abca1 Ahcy Bglap3 Bckdhb Ada Pemt F5 Cdon Maf Kank2 Eif2ak2 Pdk2 Kdm6a Oxct1 Hmgcs2 Gclc Fasn Rxrb Arsa Gprin3 Apaf1 Med1 Arsb Mtor Suox Star Agl"
"GOBP_RESPONSE_TO_NUTRIENT_LEVELS",-0.896422812084995,0.783901304479725,1,360,-0.269933765052145,39,"Atf3 Kcnb1 Wipi1 Rragd Ppargc1a Bcl2 Ntrk1 Sct Amelx Abca1 Fos Ahcy Il15ra Pomc Bglap3 Chek2 Bbs4 Mcu Pak6 Bckdhb Lrrk2 Pick1 Ada Bbs2 Tsc1 Bhlha15 Ddit3 Pemt F5 Cdon Otud3 Zfp36 Asl Suv39h1 Prkab2 Jun Deptor Tbc1d7 Maf"
"GOBP_RESPONSE_TO_ORGANOPHOSPHORUS",-0.855106484997593,0.734266543267006,1,77,-0.287850305065288,12,"Trpm4 Fos Pde4d Fosb Pkd2 Akap7 Slc26a6 Dusp1 Jun Pnpt1 Ryr1 Cdk2"
"GOBP_RESPONSE_TO_OSMOTIC_STRESS",-0.703938220956242,0.924812923150018,1,62,-0.243489297244821,9,"Clcn2 Map7 Fxyd2 Pkd2 Serpinb6b Slc12a2 Xrcc5 Ang Ryr1"
"GOBP_RESPONSE_TO_OXIDATIVE_STRESS",0.903785465925824,0.905660377358491,1,316,0.20125293757783,54,"Trex1 Trpa1 Cryab Dapk1 Mutyh Nos3 Areg Axl Anxa1 Apoe Plk3 Mmp14 Kat2b Met Prnp Aif1 Pjvk Stox1 Tet1 Selenon Fchsd1 Ercc3 Map2k4 Ermp1 Pex13 App Arnt Aifm1 Etv5 Endog Agap3 Rbpms Ngfr Stk26 Fancd2 Prkn Xrcc1 Thg1l Slc8a1 Pycr1 Tnfaip3 Mapk7 Glrx Map3k5 Pcgf2 Coq7 Rrm2b Neil1 Ncoa7 Rela Meak7 Rhob Camk2g Ubr5"
"GOBP_RESPONSE_TO_OXYGEN_LEVELS",-1.10788084908683,0.247723509933775,1,229,-0.340267489469321,45,"Nol3 Nr4a2 Chrnb2 Hmox1 Tacc3 Rwdd3 Aqp3 Kcnk3 Bcl2 Vegfa Fos Suv39h2 Vegfd Il18 Angpt4 Plau Pick1 Hk2 Ada Vhl Tert Tsc1 Vegfc Rora Prmt2 Suv39h1 Jun Ang Ryr1 E2f1 Abcg2 Eng Ciao3 Prkce Rgcc Ado Tm9sf4 Tigar Ccna2 Lonp1 Kdm6a Egln3 Smad3 Ece1 Jund"
"GOBP_RESPONSE_TO_OXYGEN_RADICAL",-1.06090434953925,0.400028441410694,1,17,-0.460043521761093,3,"Cd36 Fancc Dhfr"
"GOBP_RESPONSE_TO_PAIN",-0.744294350565551,0.820565907522429,1,21,-0.309121932531236,7,"Ntrk1 Kcnip3 Atat1 Cacna1a Osm Runx1 Prkcg"
"GOBP_RESPONSE_TO_PEPTIDE_HORMONE",-0.775439686715263,0.953599350187836,1,329,-0.234333815188217,91,"Nr4a2 Fut7 Serpina3f Rarres2 Fos Pid1 Pde3b Igf1 Tbc1d4 Pomc Bglap3 Pik3r3 Nr4a1 Gpld1 Il18 Prkcq Zbtb7b Serpina3g Fbn1 Vwa2 Slc26a6 Stxbp4 Gkap1 Prkcz Tsc1 Fbxw8 Cul5 Actn2 Socs3 Bcar3 Jun Ccnd3 Pnpt1 Zdhhc7 Tnf Cdk2 Abcg2 Camk2a Smarcc1 Ncoa5 Rangap1 Lrrc25 Ccna2 Hmga1 Lonp1 Pdk2 Hadh Hmgcs2 Sesn2 Smad3 Prkcg Jund Gclc Srsf6 Atp6v0a2 Arv1 Chuk Rbm4 Hras Nucks1 Gsk3b Cry1 Srsf5 Sos2 Ncl Pxn Adrm1 Rap1gds1 Pik3r2 Cacybp Ahcyl1 Cdc6 Fam114a1 Cpeb2 Vamp2 Appl1 Kbtbd2 Akt3 Mtor Star Lpin2 Pip4k2b Stat6 Echdc3 Atp6v1f Adipor1 Creb1 Grk2 Ptpra Npr2 Grb2"
"GOBP_RESPONSE_TO_PH",-0.7992945665705,0.756856324191568,1,23,-0.325723138680999,3,"Kcnk3 Gpld1 Tg"
"GOBP_RESPONSE_TO_PHORBOL_13_ACETATE_12_MYRISTATE",-1.07905766392347,0.398606693927003,1,10,-0.522605052393709,4,"Fos Sphk2 Cdk4 Map4k1"
"GOBP_RESPONSE_TO_PLATELET_DERIVED_GROWTH_FACTOR",-0.91868167755816,0.591653247450349,1,25,-0.367703565903453,7,"Mtss2 Pdgfrb Ddit3 Prkce Hyal1 Ccna2 Smad3"
"GOBP_RESPONSE_TO_PROGESTERONE",-0.806602737923926,0.743399916189412,1,19,-0.34124000703001,2,"Fos Fosb"
"GOBP_RESPONSE_TO_PROSTAGLANDIN",0.862427755793412,0.644781144781145,1,17,0.316203796570319,4,"Ptger4 Tgfbr3 Gnai1 Ptger1"
"GOBP_RESPONSE_TO_PROSTAGLANDIN_E",0.940031669768873,0.534675615212528,1,14,0.364491097157151,4,"Ptger4 Tgfbr3 Gnai1 Ptger1"
"GOBP_RESPONSE_TO_PURINE_CONTAINING_COMPOUND",-0.863450350746095,0.72729339547573,1,86,-0.286518510879206,14,"Trpm4 Fos Pde4d Fosb Tmem38a Ada Pkd2 Akap7 Slc26a6 Dusp1 Jun Pnpt1 Ryr1 Cdk2"
"GOBP_RESPONSE_TO_RADIATION",-1.12832724398271,0.172511944698587,1,324,-0.34128927568977,71,"Uaca Best1 Pclaf Rgs9bp Chrnb2 Fignl1 Bcl2 Sct Per3 Adam2 Fos Rad54b Brca1 Hyal2 Hyal3 Bard1 Dtl Chek2 Pde8b Map3k20 Il12a Rag1 Aurkb Xrcc2 Rad54l Hus1 Arrb1 Rad51 Usp2 Ctns Rfwd3 D7Ertd443e Pola1 Pbk Xrcc5 Rpgr Nr2f6 Slc1a2 Mrnip Rad51ap1 Bcl2l1 Tanc1 Gnb5 Dusp1 Egfr Cers1 Ogg1 Pcna Cdkn1a Tnks1bp1 Tnf Polk Pold3 Rad1 Map3k4 Abcg2 Mbd4 Cul4a Ercc1 Bbs10 Paxip1 Cdc25a Ddhd2 Primpol Hyal1 Adra1b Tigar Gpsm2 Pmaip1 Casp7 Kit"
"GOBP_RESPONSE_TO_REACTIVE_OXYGEN_SPECIES",-0.694320710981161,0.971358341348723,1,148,-0.219515477875283,22,"Cd36 Hmox1 Bcl2 Cdk1 Fos Lck Hyal2 Pdgfrb Lig1 Lrrk2 Hdac6 Fancc Dusp1 Jun Ogg1 Pcna Smpd3 Dhfr Adam9 Ppp1r15b Pex12 Zfp580"
"GOBP_RESPONSE_TO_RETINOIC_ACID",-0.874829291930229,0.680650684931507,1,51,-0.311384951985757,4,"Ptk7 Aqp3 Abca1 Map7"
"GOBP_RESPONSE_TO_SALT",0.845767854503383,0.67078323041924,1,15,0.320246775098149,15,"Zc3h12a Comt Tgfb1 Enpp1 Fgfr1 Xpo1 Hnrnpd Atg7 Slc12a3 Runx2 Nfe2l2 Hnrnpa1 Hsf1 Daxx Npr2"
"GOBP_RESPONSE_TO_SALT_STRESS",-0.655059095606392,0.905290102389078,1,17,-0.284055479115794,4,"Fxyd2 Xrcc5 Capn3 Ptk2b"
"GOBP_RESPONSE_TO_STARVATION",-0.846689510153508,0.816154816996214,1,184,-0.263757101994923,37,"Atf3 Wipi1 Rragd Bcl2 Fos Chek2 Mcu Pak6 Lrrk2 Pick1 Tsc1 Bhlha15 Ddit3 Zfp36 Suv39h1 Jun Tbc1d7 Cdkn1a Xpr1 Jmy Pmaip1 Mybbp1a Eif2ak2 Oxct1 Ppm1d Chka Hmgcs2 Sesn2 Bnip1 Atxn3 Sesn1 Atg14 Glul Klf10 Pik3r4 Bcas3 Stk24"
"GOBP_RESPONSE_TO_STEROID_HORMONE",-0.874807983446321,0.776116303219107,1,211,-0.269959478404996,32,"Esr1 Hmga2 Paqr8 Sstr2 Bcl2 Fos Brca1 Igf1 Ptgds Card9 Psmc3ip Fosb Ephx1 Tfpi Hdac6 Dnaaf4 Pagr1a Ugt1a6a Zfp36 Prmt2 Dusp1 Jun Pcna Hdac8 Zdhhc7 Tnf Kdm3a Junb Adam9 Shq1 Cnot9 Kank2"
"GOBP_RESPONSE_TO_STEROL_DEPLETION",0.606793194115059,0.96346876066917,1,18,0.218624476648545,1,"Erlin2"
"GOBP_RESPONSE_TO_TEMPERATURE_STIMULUS",-0.799967712736438,0.845138583369996,1,112,-0.25870574266699,15,"Slc25a27 Hmox1 Mcrip2 Ntrk1 Tac4 Igf1 Dnaja4 Hspa2 Zfp976 Arpp21 Bag3 Nr2f6 Scn2b Lxn Disc1"
"GOBP_RESPONSE_TO_TESTOSTERONE",-0.433018828235003,0.996585165960934,1,22,-0.177905206316879,9,"Dusp1 Hmgcs2 Cdk4 Calr Cflar Elk1 Hsf1 Sirt1 Car9"
"GOBP_RESPONSE_TO_TOPOLOGICALLY_INCORRECT_PROTEIN",-0.733957751942084,0.936416811091854,1,129,-0.235006319138597,12,"Atf3 Yod1 Serp2 Nck2 Tmtc4 Dnajc18 Derl3 Bhlha15 Ddit3 Bag3 Hdac6 Cul5"
"GOBP_RESPONSE_TO_TRANSFORMING_GROWTH_FACTOR_BETA",-0.965163864693754,0.57201646090535,1,175,-0.301797072228189,37,"Atf3 Lrp1 Itga3 Wnt10a Ppargc1a Snx25 Fos Hyal2 Tab1 Fbn1 Dand5 Bambi Jun Ing2 Ryr1 Spred2 Gcnt2 Ints9 Rasl11b Twsg1 Mtmr4 Adam9 Abcg2 Eng Ldlrad4 Smad7 Cdkn1c Dusp22 Rgcc Runx1 Lrrc25 Dcp1a Fam89b Sap30 Stk16 Arrb2 Smad3"
"GOBP_RESPONSE_TO_TUMOR_CELL",1.13466505364792,0.236634123663412,1,38,0.342353236159464,14,"Dapk1 Pdcd1 Kctd9 Mr1 Cd274 Klre1 Fbxo38 Rela Klhl22 Klf4 Ahr Hspd1 Txnip Abi3"
"GOBP_RESPONSE_TO_TUMOR_NECROSIS_FACTOR",-1.07407438452738,0.329996805452029,1,156,-0.338275682601275,27,"Nol3 Hes1 Wfdc21 Wdr35 Fos Pid1 Brca1 Hyal2 Hyal3 Tnfrsf13c Cd14 Plvap Smpd4 Tnfrsf4 Eed Rora Zfp36 Traip Smpd3 Dab2ip Tnf Tnfrsf21 Adam9 Gsdme Akap12 Spata2 Hyal1"
"GOBP_RESPONSE_TO_TYPE_II_INTERFERON",-1.00758049837068,0.463932421918417,1,107,-0.327287959501675,17,"Atf3 Gbp2 Shfl Stx11 Slc26a6 Stxbp4 Gbp9 Gbp7 Gbp6 Rab7b Irgm2 Gbp10 Tnf Camk2a Zfp697 Nlrc5 Ifngr1"
"GOBP_RESPONSE_TO_TYPE_I_INTERFERON",-0.748664496494304,0.87867690490254,1,65,-0.257351113976088,4,"Shfl Oas1c Oas1a Hdac4"
"GOBP_RESPONSE_TO_UV",-1.1038569437701,0.283624146526498,1,130,-0.353228817750917,26,"Uaca Pclaf Bcl2 Hyal2 Hyal3 Dtl Map3k20 Il12a Aurkb Hus1 D7Ertd443e Pola1 Pbk Egfr Cers1 Pcna Cdkn1a Polk Pold3 Map3k4 Cul4a Ercc1 Primpol Hyal1 Pmaip1 Casp7"
"GOBP_RESPONSE_TO_UV_C",0.689847479434232,0.857659831121834,1,11,0.28552782995363,2,"Polh Bcl3"
"GOBP_RESPONSE_TO_VIRUS",-1.10585707064941,0.222584258222177,1,306,-0.335311585202934,78,"Gbp2 Pou2af1 Gm11772 Hmga2 Shfl Hes1 Oas1c Bcl2 Oas1a Mlkl Hyal2 Hyal3 Stmn1 Ptpn22 Cxadr Card9 Il12a Dtx4 Cd40 Cd86 Rnf26 Slfn9 Ifit2 Il15 Isg20 Gbp7 Polr3d Cgas Cul5 Polr3h Foxp3 Bcl2l1 Akap1 Ddx60 Polr3b Irgm2 Rrp1b Zcchc3 Tnf Hcfc2 Trim34a Odc1 Xpr1 Oasl1 Polr3e Gsdme Nlrc5 Tagap Ifngr1 Mov10 Hyal1 Trim26 Pmaip1 Trim13 Trim5 Eif2ak2 Trim44 Ikbke Sertad3 Armc5 Agbl5 Smad3 Ddx56 Fgl2 Irf3 Il17ra Ifi27l2a Isg15 Trim27 Trim56 Ddx3x Chuk Pde12 Polr3f Zdhhc1 Ube2n Calr Atg14"
"GOBP_RESPONSE_TO_VITAMIN",-0.889575194640044,0.650519031141868,1,47,-0.320658006497047,10,"Abca1 Bglap3 Ada Pemt F5 Cdon Kank2 Eif2ak2 Kdm6a Rxrb"
"GOBP_RESPONSE_TO_VITAMIN_D",-0.480849749746266,0.991269401330377,1,20,-0.201391190940727,7,"Cdon Kank2 Kdm6a Rxrb Gprin3 Med1 Snw1"
"GOBP_RESPONSE_TO_WOUNDING",-1.10080378909236,0.233838949404459,1,307,-0.333693370477507,52,"Ptk7 Nol3 Cd36 Kcnb1 Lrp1 Angptl2 Hmox1 Itga5 Bcl2 Ntrk1 Nfix Vegfa Cdk1 F2rl2 Adgrg1 Igf1 Pla2g4a Tnfrsf12a Klk8 Pros1 Cxadr Prkcq Angpt4 Lilrb4a S100a9 Cask Plau Tfpi Mir17hg Pard3 Slc12a2 Scrib Cspg5 Ddit3 Slc1a2 Nmnat1 F5 Tmprss4 Zfp36 Jun Tec Thbd Cdkn1a Tnf Syt11 Dhfr Celsr1 Abcg2 Prrg2 Naglu Eng Hps4"
"GOBP_RESPONSE_TO_XENOBIOTIC_STIMULUS",-1.08141302222324,0.30225813134452,1,223,-0.332659487586692,54,"Ccl3 Ccl4 Pnp2 Kcnk3 Bcl2 Ntrk1 Amelx Abca1 Fos Hdac4 Slc18a2 Rad54b Lck Card9 Gpld1 Rorc Cd69 Rad54l Fosb Fancb Rbbp9 Rad51 Tent4a Cryz Slc1a2 Pemt Vegfc Rora Jun Cers1 Pcna Cyp2r1 Pde4b Gsto1 E2f1 Hmbs Abcg2 Pms1 Add3 Prkce Myo6 Dusp6 Oxsr1 Tigar Hdac5 Hadh Oxct1 Cyp2u1 Hmgcs2 Atp4a Gclc Cdk4 Crkl Blm"
"GOBP_RESPONSE_TO_X_RAY",-1.07906362715667,0.374741200828157,1,21,-0.448159029418105,9,"Xrcc2 Rad51 Xrcc5 Ercc1 Pmaip1 Brcc3 Blm Nucks1 Msh2"
"GOBP_RESPONSE_TO_ZINC_ION",-0.624194852615338,0.941056078591895,1,23,-0.254367682511274,1,"Kcnk3"
"GOBP_RETICULOPHAGY",0.832123337394977,0.733632622521511,1,23,0.282571672174298,10,"Atg9a Retreg1 Ddrgk1 Ccpg1 Sec62 Rb1cc1 Rtn3 Ulk3 Ufm1 Bnip3"
"GOBP_RETINAL_ROD_CELL_DIFFERENTIATION",-0.985153659041239,0.503888722704158,1,11,-0.467849519117022,6,"Bbs4 Casz1 Naglu Bbs10 Alms1 Sox8"
"GOBP_RETINA_DEVELOPMENT_IN_CAMERA_TYPE_EYE",-0.816116557593577,0.805124135585535,1,89,-0.269971854437575,18,"Rab11fip4 Lrp5 Nfix Fos Clcn2 Bbs4 Pdgfrb Celf4 Tgif1 Rpgr Casz1 Cdon Prox2 Elp6 Thy1 Clic4 Naglu Bbs10"
"GOBP_RETINA_HOMEOSTASIS",-1.19126106894064,0.226602271243963,1,32,-0.456011747583209,11,"Bbs4 Slc28a2 Crocc Vhl Bbs2 Elp6 Bbs10 Poc1b Whrn Abca4 Wdr36"
"GOBP_RETINA_MORPHOGENESIS_IN_CAMERA_TYPE_EYE",-0.86240281229687,0.677718313536092,1,32,-0.33012563224776,11,"Lrp5 Bbs4 Rpgr Casz1 Cdon Prox2 Thy1 Naglu Bbs10 Alms1 Sox8"
"GOBP_RETINA_VASCULATURE_DEVELOPMENT_IN_CAMERA_TYPE_EYE",-0.86149910001483,0.658094681472823,1,13,-0.393906681046574,2,"Lrp5 Pdgfrb"
"GOBP_RETINOIC_ACID_RECEPTOR_SIGNALING_PATHWAY",1.11098800745616,0.285984848484849,1,24,0.372975410679413,6,"Rarg Rxra Aldh1a3 Ctbp2 Rara Ubr5"
"GOBP_RETROGRADE_AXONAL_TRANSPORT",0.800795508659131,0.757255035848412,1,18,0.288522515876984,6,"Agtpbp1 Dlg2 Fbxw11 Tmem108 Ndel1 Snapin"
"GOBP_RETROGRADE_TRANSPORT_ENDOSOME_TO_GOLGI",-0.492142685749449,0.999773268336923,1,89,-0.162801100263712,10,"Ehd3 Baiap3 Lrrk2 Heatr5a Ykt6 Rab7b Atp9a Rab29 Rbsn Erc1"
"GOBP_RETROGRADE_TRANSPORT_VESICLE_RECYCLING_WITHIN_GOLGI",0.634007344228447,0.904972050603119,1,10,0.269653085867858,4,"Cog6 Golga5 Cog4 Cog5"
"GOBP_RETROGRADE_VESICLE_MEDIATED_TRANSPORT_GOLGI_TO_ENDOPLASMIC_RETICULUM",-0.649698544974118,0.952297920039855,1,44,-0.236770024681292,12,"Copz2 Atp9a Rint1 Bet1l Copb2 Bnip1 Kif1c Rab6a Golph3 Nbas Bicd2 Psmd14"
"GOBP_RHO_PROTEIN_SIGNAL_TRANSDUCTION",-0.999204605665663,0.480554313813143,1,99,-0.326667816279956,18,"Itga3 Rasip1 Ccr7 Abca1 Nfix Eps8l2 Adgrg1 Stmn1 Pdgfrb Lrrk2 Eps8 Arrb1 Pkp4 Arhgef18 Gpr55 Stard8 Ccdc125 Celsr1"
"GOBP_RHYTHMIC_BEHAVIOR",-1.23355916472029,0.187286577357499,1,30,-0.477143017626115,7,"Chrnb2 2510009E07Rik Per3 Ahcy Ptgds Ada Usp2"
"GOBP_RHYTHMIC_PROCESS",-1.13038659122387,0.211596621128376,1,200,-0.349905616538046,36,"Esr1 Gdf9 Chrnb2 Agrn Ppargc1a Ntrk1 2510009E07Rik Per3 Cdk1 Ahcy Nfil3 Igf1 Pla2g4a Suv39h2 Dtl Ptgds Gas2 Rorc Spsb4 Mttp Pde4d Hes7 Ada Arrb1 Slc26a6 Timeless Usp2 Nr2f6 Rora Top2a Suv39h1 Egfr Jun Pcna Kdm5b Nrip1"
"GOBP_RIBONUCLEOPROTEIN_COMPLEX_BIOGENESIS",-0.78839301402294,0.952620967741935,1,392,-0.236640411793257,157,"Nol3 Mrm2 Rasl2-9 Mrm3 Coil Celf4 Usp36 Usp39 Urb2 Isg20 Rcc1l Ipo4 Bysl Isg20l2 Xrcc5 Mdn1 Rpusd2 Tbl3 Suv39h1 Rrp1b Eri3 Zfp593 Nol11 Brix1 Drosha Rexo4 Pno1 Utp14b Cul4a Shq1 Pdcd2 Ddx46 Krr1 Denr Nob1 Rpusd3 Mettl18 Ngdn Ago1 Utp18 Myg1 Tent4b Gar1 Usp16 Eri1 Mybbp1a Prpf18 Ddx47 Tfb1m Mcat Rrn3 Bms1 Zfp574 Zrsr2 Nol9 Utp4 Clp1 Ddx56 Mtrex Snrpc Gemin7 Bud23 Wdr36 Srsf6 Ppan Tssc4 Nmd3 Efl1 Lsm2 Ddx3x Prpf3 Ddx28 Eif2s3x Wdr46 Rrp7a Rsl24d1 Glul Gnl2 Las1l Pop4 Ddx10 Znhit3 Ncl Kri1 Esf1 Nom1 Srsf1 Mphosph6 Taf9 Eif3j2 Sf3a1 Ddx49 Ago2 Snrpf Exosc9 Nufip1 C1d Ddx54 Sbds Yju2 Gemin4 Mak16 Puf60 Snrpd3 Ddx17 Srfbp1 Gemin5 Celf2 Exosc2 Gtpbp6 Rpusd4 Prpf19 Grwd1 Ptbp2 Prpf31 Trmt112 Hsp90aa1 Eif5b Wdr77 Gtf2h5 Eif1ax Lyar Eif6 Heatr1 Ebna1bp2 Nip7 Rbm10 Eif3m Psip1 Exosc3 Dhx9 Aatf Tufm Mpv17l2 Gemin6 Pwp2 Gtf3a Utp20 Snrpe Nat10 Mrps2 Eif2a Adar Sf3a3 Pop7 Ruvbl2 Nol10 Ago4 Pa2g4 Ltv1 Sf3a2 U2af2 Ddx31 Nop58 Srpk3 Snrpb Snrpd2"
"GOBP_RIBONUCLEOPROTEIN_COMPLEX_LOCALIZATION",-1.02337931833927,0.457028942705257,1,12,-0.475252774538494,6,"Iws1 Thoc5 Nsun2 Alkbh5 Prpf31 Rbm10"
"GOBP_RIBONUCLEOSIDE_MONOPHOSPHATE_BIOSYNTHETIC_PROCESS",-0.696455656236764,0.889548693586698,1,29,-0.270899997404849,9,"Ppat Ada Uckl1 Prps1 Umps Aprt Impdh2 Uck2 Dck"
"GOBP_RIBONUCLEOTIDE_CATABOLIC_PROCESS",-0.900707322823585,0.67235609103079,1,103,-0.293470420172797,12,"Ppargc1a Hdac4 Igf1 Pfkfb3 Pde8b Pde7b Mttp Rasl2-9 Eno3 Pde4d Hk2 Ada"
"GOBP_RIBOSE_PHOSPHATE_BIOSYNTHETIC_PROCESS",-0.469292125647601,1,1,128,-0.150383751685257,8,"Gucy2c Ppat Pid1 Nme4 Ada Adcy9 Sphk2 Bcl2l1"
"GOBP_RIBOSE_PHOSPHATE_METABOLIC_PROCESS",-0.779051082905782,0.933936093701839,1,259,-0.237895278495453,28,"Gucy2c Ppargc1a Fignl1 Ppat Hdac4 Pid1 Igf1 Pfkfb3 Pde8b Gimap7 Pde7b Mttp Rasl2-9 Eno3 Pde4d Nme4 Lrrk2 Hk2 Ada S100a1 Adcy9 Mfn1 Ctns Sphk2 Nudt4 Nmnat1 Bcl2l1 Rora"
"GOBP_RIBOSOMAL_LARGE_SUBUNIT_ASSEMBLY",-0.857667729896064,0.677261613691931,1,24,-0.346321335006092,5,"Mrm2 Mrm3 Rcc1l Mdn1 Brix1"
"GOBP_RIBOSOMAL_LARGE_SUBUNIT_BIOGENESIS",-0.485106246929521,0.999281953087602,1,60,-0.168733738580625,19,"Mrm2 Mrm3 Rcc1l Mdn1 Brix1 Nol9 Ppan Ddx28 Rsl24d1 Las1l Znhit3 Mak16 Gtpbp6 Trmt112 Eif6 Ebna1bp2 Nip7 Tufm Gtf3a"
"GOBP_RIBOSOMAL_SMALL_SUBUNIT_ASSEMBLY",-0.748359333858458,0.79985559566787,1,15,-0.333340119868661,5,"Rcc1l Xrcc5 Tfb1m Mcat Rrp7a"
"GOBP_RIBOSOMAL_SMALL_SUBUNIT_BIOGENESIS",-0.577204368101653,0.996684577569452,1,83,-0.192396821429196,20,"Rcc1l Bysl Xrcc5 Tbl3 Nol11 Pno1 Pdcd2 Krr1 Nob1 Ngdn Utp18 Tfb1m Mcat Bms1 Utp4 Wdr36 Wdr46 Rrp7a Kri1 Nom1"
"GOBP_RIBOSOME_ASSEMBLY",-0.758449835896916,0.856795526379771,1,54,-0.26782882995153,24,"Mrm2 Mrm3 Rcc1l Xrcc5 Mdn1 Brix1 Tfb1m Mcat Zfp574 Efl1 Ddx3x Ddx28 Rrp7a Sbds Gtpbp6 Eif5b Eif1ax Eif6 Nip7 Tufm Mpv17l2 Pwp2 Mrps2 Eif2a"
"GOBP_RIBOSOME_ASSOCIATED_UBIQUITIN_DEPENDENT_PROTEIN_CATABOLIC_PROCESS",-0.63499858952922,0.906670655100209,1,11,-0.301560860100096,4,"Usp10 Zfp574 Ascc3 Abce1"
"GOBP_RIBOSOME_BIOGENESIS",-0.750331362147868,0.963388370423546,1,271,-0.228754554001042,69,"Mrm2 Rasl2-9 Mrm3 Usp36 Urb2 Isg20 Rcc1l Ipo4 Bysl Isg20l2 Xrcc5 Mdn1 Rpusd2 Tbl3 Suv39h1 Rrp1b Eri3 Zfp593 Nol11 Brix1 Drosha Rexo4 Pno1 Utp14b Cul4a Pdcd2 Krr1 Nob1 Rpusd3 Mettl18 Ngdn Utp18 Myg1 Tent4b Gar1 Usp16 Eri1 Mybbp1a Ddx47 Tfb1m Mcat Rrn3 Bms1 Zfp574 Nol9 Utp4 Ddx56 Mtrex Bud23 Wdr36 Ppan Nmd3 Efl1 Ddx3x Ddx28 Wdr46 Rrp7a Rsl24d1 Glul Gnl2 Las1l Pop4 Ddx10 Znhit3 Ncl Kri1 Esf1 Nom1 Mphosph6"
"GOBP_RIBOSOME_DISASSEMBLY",-0.637312662757709,0.958814665996986,1,42,-0.234274236821901,15,"Otud3 Trnt1 Denr Usp10 Mrrf Elac1 Etf1 Ascc3 Pelo Eif4e2 Abce1 Gigyf2 Saysd1 Cdk5rap3 Gspt1"
"GOBP_RIBOSOME_LOCALIZATION",-0.812561678976744,0.719608416130918,1,13,-0.371530828187576,5,"Rasl2-9 Nmd3 Eif6 Rbm10 Ltv1"
"GOBP_RIG_I_SIGNALING_PATHWAY",0.80051635971672,0.775456919060052,1,22,0.276457538654974,4,"Oas3 Mavs Sec14l1 Ufd1"
"GOBP_RISC_COMPLEX_ASSEMBLY",-0.664800672619682,0.878237164925034,1,10,-0.321973701648648,6,"Ago1 Clp1 Ago2 Dhx9 Adar Ago4"
"GOBP_RNA_3_END_PROCESSING",-0.900860433361245,0.660830017055145,1,88,-0.298510805146499,30,"Mblac1 Tent4a Ints2 Pnpt1 Lsm11 Trmt10c Ints1 Trnt1 Eri3 Ints9 Tut1 Mtpap Slbp Ints14 Tent4b Eri1 Elac1 Clp1 Larp7 Rprd2 Hsd17b10 Pcf11 Sympk Zcchc8 Ahcyl1 Exosc9 Elac2 Pabpn1 Exosc2 Ints6"
"GOBP_RNA_5_END_PROCESSING",0.600227983546623,0.98268921095008,1,27,0.19700584806169,13,"Pop1 Thg1l Ncbp3 Rpp40 Abt1 Ramac Nop9 Rpp38 Rpp30 Tgs1 Rpp21 Cmtr2 Rngtt"
"GOBP_RNA_DECAPPING",-0.978209906634968,0.50914932253108,1,19,-0.413839849187847,6,"Zfp36 Eif4enif1 Dcp1a Dxo Dcp2 Nudt12"
"GOBP_RNA_EXPORT_FROM_NUCLEUS",-0.399642695312161,1,1,75,-0.135028732465322,38,"Nrde2 Zc3h11a Nup93 Iws1 Thoc5 Nup62 Nsun2 Nup85 Rae1 Thoc6 Mettl14 Pabpn1 Alkbh5 Ddx19b Khdrbs1 Mettl3 Dhx9 Thoc1 Eny2 Tpr Nup98 Sarnp Eif4a3 Magoh Mcm3ap Wnk1 Ythdc1 Ddx39b Phax Ncbp1 Thoc7 Eif4e Poldip3 Hnrnpa2b1 Alyref Setd2 Nup188 Srsf3"
"GOBP_RNA_LOCALIZATION",-0.406128817284606,1,1,156,-0.127908741582596,49,"Igf2bp3 Rasl2-9 Stau2 Wrap53 Nrde2 Zfp36 Pnpt1 Zc3h11a Mettl1 Slbp Nup93 Iws1 Thoc5 Nup62 Nup43 Nsun2 Dcp2 Tcp1 Nup50 Nup54 Parp11 Nup85 Srsf1 Rae1 Hnrnpab Seh1l Cetn3 Thoc6 Mettl14 Nutf2 Fxr1 Pabpn1 Alkbh5 Ddx19b Fubp3 Khdrbs1 Bicd2 Mettl3 Terf1 Nup35 Hsf1 Dhx9 Thoc1 Mrpl18 Hnrnpa1 Eny2 Cct2 Nup210 Aaas"
"GOBP_RNA_METHYLATION",-0.720721972580347,0.912786575277712,1,66,-0.247428495748652,28,"Mrm2 Mrm3 Trmt10a Mto1 Tyw3 Nsun6 Dalrd3 Trmt10c Mettl1 Rbm15 Alkbh8 Trmt61a Tfb1m Bud23 Nsun2 Mettl8 Larp7 Trmt13 Hsd17b10 Gtpbp3 Thumpd3 Mettl14 Mettl6 Trmt5 Mettl3 Trmt112 Mettl2 Wdr4"
"GOBP_RNA_MODIFICATION",-0.712768224991561,0.959352209352209,1,142,-0.226074956196916,37,"Gtdc1 Qtrt2 Mrm2 Mrm3 Trmt10a Mto1 Pus7l Adat2 Tyw3 Mtfmt Rpusd2 Nsun6 Ctu1 Dalrd3 Trmt10c Elp6 Mettl1 Rbm15 Alkbh8 Rpusd3 Trmt61a Dph3 Gar1 Jmjd6 Wtap Tfb1m Pus10 Hnrnpc Bud23 Nsun2 Mettl8 Larp7 Trmt13 Dtwd2 Hsd17b10 Mocs3 Dnajb11"
"GOBP_RNA_POLYMERASE_II_PREINITIATION_COMPLEX_ASSEMBLY",-0.837302199170663,0.742391564821471,1,59,-0.291760935954079,25,"Esr1 Med9 Taf4b Thra Taf8 Med22 Taf12 Med26 Taf6 Cand1 Taf7 Taf5 Taf9 Tbp Gtf2b Hmgb1 Med1 Taf3 Med25 Creb1 Taf1 Ikzf1 Med21 Med6 Med30"
"GOBP_RNA_POLYMERASE_II_TRANSCRIPTION_INITIATION_SURVEILLANCE",-0.856320473840308,0.67960088691796,1,20,-0.358647166073452,11,"Ints2 Ints1 Ints9 Ints14 Armc5 Ints6 Ints3 Ints7 Ints13 Rbx1 Ppp2r1a"
"GOBP_RNA_SPLICING_VIA_ENDONUCLEOLYTIC_CLEAVAGE_AND_LIGATION",-0.996332176193849,0.494388659184879,1,12,-0.462692202795842,8,"Tsen2 Pyroxd1 Clp1 Tsen34 Trpt1 Tsen54 Tsen15 Zbtb8os"
"GOBP_RNA_SURVEILLANCE",-0.728004096886352,0.872286403453091,1,39,-0.270269951622828,17,"Ints2 Ints1 Trnt1 Ints9 Ints14 Dxo Armc5 Pelo Exosc9 Exosc2 Ints6 Ints3 Exosc3 Ints7 Gtpbp1 Rexo2 Wdr82"
"GOBP_RNA_TEMPLATED_DNA_BIOSYNTHETIC_PROCESS",0.653328357832325,0.984409799554566,1,52,0.184326898397588,7,"Pif1 Rpa1 Gnl3l Hmbox1 Ctc1 Parn Terf2"
"GOBP_ROOF_OF_MOUTH_DEVELOPMENT",0.754192700751875,0.931202600216685,1,50,0.214946575106674,11,"Arl15 Snai1 Ephb2 Tgfbr3 Tbc1d32 Ift172 Acvr2b Tshz1 Fuz Sumo1 Tmem107"
"GOBP_RRNA_3_END_PROCESSING",-0.632298712422998,0.908615016452288,1,11,-0.300278688335084,5,"Eri3 Eri1 Exosc9 Exosc2 Exosc3"
"GOBP_RRNA_CATABOLIC_PROCESS",-0.882519204819739,0.633895398685339,1,16,-0.386924724106047,8,"Slfn9 Dis3l Pelo Ddx49 Exosc9 Slfn8 Slfn2 Trir"
"GOBP_RRNA_METABOLIC_PROCESS",-0.71960997921298,0.972446654236586,1,225,-0.221269122154603,69,"Mrm2 Mrm3 Usp36 Polr1e Slfn9 Isg20 Bysl Rpusd2 Tbl3 Gtf3c5 Suv39h1 Polr3b Dis3l Ang Rrp1b Eri3 Nol11 Ddx11 Brix1 Drosha Rexo4 Utp14b Krr1 Nob1 Rpusd3 Mettl18 Ngdn Utp18 Myg1 Tent4b Gar1 Polr2l Eri1 Dedd Ddx47 Tfb1m Bms1 Nol9 Utp4 Ddx56 Mtrex Bud23 Wdr36 Ppan Polr1b Pelo Wdr46 Rrp7a Las1l Pop4 Ddx10 Znhit3 Ncl Kri1 Esf1 Mphosph6 Ddx49 Exosc9 C1d Ddx54 Polr1a Sbds Mtor Tcof1 Gemin4 Mak16 Ddx17 Srfbp1 Exosc2"
"GOBP_RRNA_METHYLATION",0.818086419542937,0.744871316672883,1,22,0.282525341560708,5,"Nsun4 Fdxacb1 Dimt1 Tfb2m Mrm1"
"GOBP_RRNA_MODIFICATION",-0.628589311652612,0.953485342019544,1,33,-0.239719432701483,7,"Mrm2 Mrm3 Rpusd2 Rpusd3 Gar1 Tfb1m Bud23"
"GOBP_RRNA_PROCESSING",-0.63512598932903,0.995397008055236,1,191,-0.197222855273927,55,"Mrm2 Mrm3 Usp36 Isg20 Bysl Rpusd2 Tbl3 Suv39h1 Rrp1b Eri3 Nol11 Brix1 Drosha Rexo4 Utp14b Krr1 Nob1 Rpusd3 Mettl18 Ngdn Utp18 Myg1 Tent4b Gar1 Eri1 Ddx47 Tfb1m Bms1 Nol9 Utp4 Ddx56 Mtrex Bud23 Wdr36 Ppan Wdr46 Rrp7a Las1l Pop4 Ddx10 Znhit3 Ncl Kri1 Esf1 Mphosph6 Ddx49 Exosc9 C1d Ddx54 Sbds Gemin4 Mak16 Ddx17 Srfbp1 Exosc2"
"GOBP_RRNA_PSEUDOURIDINE_SYNTHESIS",-0.794732744540287,0.737846433439346,1,10,-0.384901902359251,3,"Rpusd2 Rpusd3 Gar1"
"GOBP_RRNA_TRANSCRIPTION",-0.768230731657195,0.819142084245781,1,36,-0.288924875218342,13,"Polr1e Gtf3c5 Polr3b Ang Nol11 Ddx11 Polr2l Dedd Polr1b Ncl Polr1a Mtor Tcof1"
"GOBP_RUFFLE_ASSEMBLY",-0.910136485790659,0.610364182221642,1,32,-0.348397962668015,6,"Eps8l2 Pdgfrb Eps8 Fam98a Plekhm1 Def8"
"GOBP_RUFFLE_ORGANIZATION",-0.813213131420892,0.756971608832808,1,40,-0.300453056623296,6,"Eps8l2 Pdgfrb Eps8 Fam98a Plekhm1 Def8"
"GOBP_R_LOOP_PROCESSING",-0.414433907451154,0.996516734817507,1,10,-0.200717034092259,4,"Primpol Rad54l2 Nfat5 Rad50"
"GOBP_SALIVARY_GLAND_DEVELOPMENT",-0.842548432438988,0.695037466421603,1,18,-0.361790488029018,4,"Clcn2 Egfr Tnf Twsg1"
"GOBP_SARCOMERE_ORGANIZATION",-0.528573699968303,0.984567901234568,1,25,-0.211562327919425,3,"Mybpc2 Actn2 Csrp2"
"GOBP_SCF_DEPENDENT_PROTEASOMAL_UBIQUITIN_DEPENDENT_PROTEIN_CATABOLIC_PROCESS",0.84081549629518,0.826690821256039,1,59,0.231836456797652,12,"Fbxl22 Fbxo17 Fbxl6 Fbxl17 Ube2c Fbxl13 Kat2a Cdc20 Kif14 Fbxl12 Btrc Fbxo38"
"GOBP_SCHWANN_CELL_DIFFERENTIATION",-0.457927308396818,0.997927997927998,1,34,-0.173591555245001,2,"Cntnap1 Pard3"
"GOBP_SECONDARY_ALCOHOL_METABOLIC_PROCESS",1.09373437286398,0.223865877712032,1,104,0.273992325256271,21,"Sult2b1 Cyp7b1 Ldlrap1 Erlin2 Apoe Errfi1 Nsdhl App Ebp Gnai1 Dgkq Hsd17b7 Hsd3b7 Abca5 Fdxr Dgat2 Fdft1 Npc1 Aplp2 Nfe2l1 Ldlr"
"GOBP_SECONDARY_METABOLIC_PROCESS",0.870446801613597,0.681561996779388,1,27,0.285696627023642,4,"Trpc1 a Pon3 Akr1c13"
"GOBP_SECRETION_BY_TISSUE",-1.14446807474561,0.287693561532192,1,24,-0.46212967761511,8,"Sct Tac4 Ada Negr1 Egfr Nr1h2 Prkce Kcnn4"
"GOBP_SECRETORY_GRANULE_LOCALIZATION",-1.21562284008006,0.212170605813638,1,24,-0.490861565808758,3,"Rasgrp1 Baiap3 Unc13a"
"GOBP_SECRETORY_GRANULE_ORGANIZATION",-0.979235635709428,0.507293946024799,1,54,-0.345794174045473,11,"Abca1 Mycbpap Baiap3 Nectin2 Acrbp Slc35d3 Cep78 Hps4 Hid1 Rfx2 Poc1b"
"GOBP_SEGMENTATION",-0.865636874962796,0.689500560468302,1,44,-0.315464557886831,12,"Lfng Plxna2 Xrcc2 Hes7 Mllt3 Tdrd7 Fzd5 Pofut1 Palb2 Kdm6a Smad3 Hes5"
"GOBP_SEMAPHORIN_PLEXIN_SIGNALING_PATHWAY",-0.798029798342886,0.759175876654387,1,23,-0.32520772885084,2,"Sema6d Plxna2"
"GOBP_SEMINIFEROUS_TUBULE_DEVELOPMENT",-1.16971632797348,0.27898916967509,1,15,-0.521024277159287,5,"Adgrg1 Brip1 Ing2 Spata2 Wdr48"
"GOBP_SENSORY_ORGAN_DEVELOPMENT",-1.08827649781494,0.257926829268293,1,319,-0.329446608862698,83,"Ptk7 Rab11fip4 Slc25a27 C1qb Lrig3 Tmem231 Wnt10a Kcnk3 Hes1 Bcl2 Lrp5 Crybg2 Nfix Vegfa Rab37 Fgf20 Fos Cecr2 Diaph3 Clcn2 Igf1 Bbs4 Ankrd24 Meis3 Tenm3 Pdgfrb B9d1 Celf4 Fbn1 Stau2 Vhl Pbx4 Scrib Ctns Meis1 Bhlha15 Pls1 Tgif1 Rpgr Casz1 Sox12 Pax5 Cdon Prox2 Bcar3 Egfr Jun Tdrd7 Maf Kdm5b Fzd5 Elp6 Spred2 Thy1 Intu Mcm2 Celsr1 Twsg1 Clic4 Naglu Bfsp2 Bbs10 Lgr5 Cdkn1c Ift122 Gsdme Myo6 Cdk20 Jmjd6 Abi2 Ccna2 Kit Vim Alms1 Whrn Smchd1 Tfap4 Sox8 Pygo2 Smad3 Ece1 Smg9 Hes5"
"GOBP_SENSORY_ORGAN_MORPHOGENESIS",-1.00756557326023,0.470492514645259,1,128,-0.322872434236323,30,"Ptk7 Lrig3 Bcl2 Lrp5 Vegfa Rab37 Bbs4 Ankrd24 Tenm3 Fbn1 Stau2 Vhl Scrib Meis1 Pls1 Rpgr Casz1 Sox12 Cdon Prox2 Bcar3 Tdrd7 Fzd5 Thy1 Intu Celsr1 Naglu Bbs10 Ift122 Myo6"
"GOBP_SENSORY_PERCEPTION_OF_CHEMICAL_STIMULUS",-1.22612684866992,0.202254822059223,1,24,-0.495103024535665,4,"Cd36 Pde1c Igf1 Bbs4"
"GOBP_SENSORY_PERCEPTION_OF_LIGHT_STIMULUS",-0.843611121224501,0.732020547945205,1,51,-0.300273220044503,14,"Best1 Rgs9bp Chrnb2 Impg1 Cacnb2 Bbs2 Rpgr Bfsp2 Bbs10 Nob1 Whrn Abca4 Cacna2d4 Cnnm4"
"GOBP_SENSORY_PERCEPTION_OF_MECHANICAL_STIMULUS",1.05556395267943,0.331683168316832,1,85,0.275389634674979,16,"Trpa1 Tshz3 Cacnb3 Pgap1 Lhfpl4 Tmem63b Cdc14a Pjvk Tspear Myh14 Pomgnt1 Tprn Mbp Tmem87a Large1 Grap"
"GOBP_SENSORY_PERCEPTION_OF_PAIN",-1.20277557222496,0.198806415516598,1,45,-0.436756568532676,13,"Ccl3 Chrnb2 Ntrk1 Tac4 Fabp5 Il18 Kcnip3 Nr2f6 Grin2d Lxn Disc1 Tnf Rnf170"
"GOBP_SENSORY_PERCEPTION_OF_TEMPERATURE_STIMULUS",-1.05501900858706,0.413429602888087,1,15,-0.4699348920697,5,"Ntrk1 Tac4 Nr2f6 Lxn Disc1"
"GOBP_SENSORY_SYSTEM_DEVELOPMENT",-0.943398963814348,0.634587554269175,1,230,-0.28967996568305,48,"Itgam Rab11fip4 Tmem231 Bcl2 Lrp5 Crybg2 Nfix Vegfa Rab37 Fos Clcn2 Bbs4 Meis3 Tenm3 Pdgfrb B9d1 Celf4 Fbn1 Stau2 Vhl C1qa Pbx4 Scrib Ctns Meis1 Tgif1 Rpgr Casz1 Sox12 Cdon Prox2 Bcar3 Egfr Jun Tdrd7 Maf Kdm5b Fzd5 Elp6 Spred2 Thy1 Twsg1 Clic4 Naglu Bfsp2 Bbs10 Cdkn1c Ift122"
"GOBP_SERINE_FAMILY_AMINO_ACID_BIOSYNTHETIC_PROCESS",0.798259174346491,0.726684318917329,1,10,0.339511918346642,2,"Tha1 Gcat"
"GOBP_SEROTONIN_METABOLIC_PROCESS",-0.902710463714855,0.6073885731379,1,11,-0.428697241770301,2,"Ddc Mdga1"
"GOBP_SEROTONIN_TRANSPORT",1.02704129195872,0.41747572815534,1,10,0.436816475726173,3,"Lgals3 Slc18b1 Itgb3"
"GOBP_SERTOLI_CELL_DEVELOPMENT",-1.17825899782421,0.278930450029223,1,13,-0.538740076731605,6,"Ntrk1 Map7 Flna Sox8 Adrm1 Icam1"
"GOBP_SERTOLI_CELL_DIFFERENTIATION",-1.08036681182174,0.381108888253787,1,16,-0.473667460509079,6,"Ntrk1 Map7 Flna Sox8 Adrm1 Icam1"
"GOBP_SEX_DIFFERENTIATION",-1.09241708287696,0.297899562853183,1,155,-0.344317742324355,37,"Esr1 Hmga2 Gdf9 Bcl2 Ntrk1 Vegfa Adam2 Lfng Fanca Hyal3 Adgrg1 Pla2g4a Gas2 Map7 Brip1 Pde4d Arrb1 Serpinb6b Cbx2 Bcl2l1 Ing2 Nrip1 Asb1 Fancf Cebpb Abcg2 Ercc1 Gfra1 Flna Runx1 Spata2 Kit Aspm Sox8 Wdr48 Arrb2 Fancg"
"GOBP_SIGNALING_RECEPTOR_LIGAND_PRECURSOR_PROCESSING",-0.660985524931464,0.896541869105459,1,16,-0.289797253674991,4,"Disp1 Hid1 Ece1 Bace1"
"GOBP_SIGNAL_PEPTIDE_PROCESSING",0.986726632819527,0.468078846719623,1,10,0.419670030434086,10,"Sec11a Immp2l H13 Spcs1 Spcs3 Sec11c Furin Cln5 Immp1l Spcs2"
"GOBP_SIGNAL_RELEASE",-1.11737529425565,0.198310088567647,1,307,-0.338716791968802,53,"Ffar1 Ncs1 Pde1c Best1 Kcnb1 Lrp1 Hmga2 Gdf9 Chrnb2 Napb Sct Lrp5 Trpm4 Abca1 Brsk2 Slc18a2 Pde3b Baiap3 Pla2g4a Pomc Pde8b Blk Nr4a1 Gpld1 Unc13a Mcu Stx11 Xlr4a Rab11fip1 Cask Fbxo45 Lrrk2 Pick1 Gabbr1 Arrb1 Nnat Stxbp4 Scrib Dgki Cspg5 Sv2c Birc5 Stx1a Bcl2l1 Egfr Grik5 Smpd3 Cacna1a Kdm5b C2cd2l Tnf Sv2a Syt11"
"GOBP_SIGNAL_TRANSDUCTION_BY_P53_CLASS_MEDIATOR",-0.902165722058335,0.687675675675676,1,133,-0.287994745299757,41,"E2f2 E2f7 Rad54b Chek2 Ell3 Pidd1 Cdkn1a Spred2 E2f1 Phlda3 Jmy Paxip1 Eef1e1 Usp10 Myo6 Topors Pmaip1 Mybbp1a Pdk2 Rrn3 Ppp1r15a Tfap4 Ppm1d Sesn2 Rnf34 Armc10 Dyrk3 Foxm1 Kdm8 Msh2 Sox4 Mdm4 Aen Yju2 Casp2 Taf3 Mif Ddx5 Snw1 Sp100 Cdk5rap3"
"GOBP_SIGNAL_TRANSDUCTION_INVOLVED_IN_REGULATION_OF_GENE_EXPRESSION",-0.64554936723152,0.912260645898828,1,16,-0.283029547061141,2,"Ccr1l1 Dand5"
"GOBP_SIGNAL_TRANSDUCTION_IN_ABSENCE_OF_LIGAND",-0.878668793498822,0.674830769230769,1,49,-0.314757292714509,9,"Bcl2 Bcl2a1b Igf1 Tert Bag3 Bcl2l1 Tnf Ppp2r1b Agap2"
"GOBP_SIGNAL_TRANSDUCTION_IN_RESPONSE_TO_DNA_DAMAGE",-0.962246834382233,0.578214059531349,1,173,-0.301136870515124,35,"E2f7 Eme1 Cdk1 Brca1 Bard1 Dtl Chek2 Map3k20 Clspn Hus1 Pidd1 Rad51 Timeless Rfwd3 D7Ertd443e Mrnip Hinfp Cdkn1a Rint1 Spred2 E2f1 Rad1 Mbd4 Cul4a Paxip1 Eef1e1 Usp10 Myo6 Rpa2 Pmaip1 Brcc3 Tfap4 Cdc14b Ppm1d Sesn2"
"GOBP_SINGLE_FERTILIZATION",-0.721028174844545,0.917956476201559,1,73,-0.244313706646101,8,"Adam2 Tmem81 Cecr2 Hyal3 Rabl2 Zp1 Spa17 Ppp3cc"
"GOBP_SINGLE_STRAND_BREAK_REPAIR",0.568899703173774,0.961051298290057,1,13,0.225448438948266,2,"Lig4 Xrcc1"
"GOBP_SKELETAL_MUSCLE_ACETYLCHOLINE_GATED_CHANNEL_CLUSTERING",-1.26361775544324,0.190385739333723,1,13,-0.577769003066397,3,"Agrn Lrp5 Lamc1"
"GOBP_SKELETAL_MUSCLE_ADAPTATION",-0.658633126256423,0.887034849379799,1,12,-0.305866275629148,7,"Gtf2ird2 Cmya5 Cflar Nfatc1 Gtf2ird1 Mtor Tnni1"
"GOBP_SKELETAL_MUSCLE_CELL_DIFFERENTIATION",-1.03539728959651,0.425030978934325,1,46,-0.374399244488105,7,"Atf3 Nfix Fos Nr4a1 Pax5 Cdon Gtf3c5"
"GOBP_SKELETAL_MUSCLE_CELL_PROLIFERATION",0.787403314475994,0.762316910785619,1,16,0.293455412342795,2,"Six5 Selenon"
"GOBP_SKELETAL_MUSCLE_CONTRACTION",-0.852731839652095,0.682283841005327,1,22,-0.350343735593746,6,"Stac3 Nr4a1 Ddit3 Stac2 Rem1 Gsto1"
"GOBP_SKELETAL_MUSCLE_FIBER_DEVELOPMENT",-0.946569054258003,0.550143266475645,1,23,-0.385739446039418,4,"Bcl2 Hdac4 Cntnap1 Stac3"
"GOBP_SKELETAL_MUSCLE_ORGAN_DEVELOPMENT",-0.977227439153856,0.53556257488291,1,120,-0.31419135568912,17,"Atf3 Bcl2 Nfix Fos Hdac4 Cntnap1 Stac3 Fer1l6 Nr4a1 Fgfrl1 Negr1 Usp2 Disp1 Pax5 Cdon Gtf3c5 Hlx"
"GOBP_SKELETAL_MUSCLE_SATELLITE_CELL_PROLIFERATION",0.951633323571242,0.514249525015833,1,13,0.377121390736168,1,"Six5"
"GOBP_SKELETAL_MUSCLE_TISSUE_REGENERATION",-0.95919026249886,0.52863552388493,1,29,-0.373095741695523,4,"Cd81 Nfix Igf1 Plau"
"GOBP_SKELETAL_SYSTEM_DEVELOPMENT",-0.895067037734758,0.758153846153846,1,270,-0.272910803967708,51,"Galnt3 Hmga2 Agrn Hoxa6 Lrp5 Nfix Vegfa Hdac4 Hyal2 Hyal3 Igf1 Recql4 Bglap3 Gpld1 Fgfrl1 Pdgfrb Amer1 Fancb Tmem119 Hes7 Trps1 Fbn1 Pkdcc Bbs2 Slc26a2 Trim45 Pax5 Flvcr1 Smpd3 Maf Hoxa3 Ryr1 Rflnb Rflna Chad Rassf2 Pdgfc Thra Mthfd1l Mcph1 Acp5 Smad7 Cdkn1c Mdfi Ecm1 Runx1 Hyal1 Chsy1 Cdk20 Slc10a7 Megf8"
"GOBP_SKELETAL_SYSTEM_MORPHOGENESIS",-0.821369502179369,0.818072814475692,1,119,-0.264263791803846,25,"Galnt3 Lrp5 Nfix Vegfa Hyal2 Recql4 Pdgfrb Tmem119 Pax5 Flvcr1 Smpd3 Hoxa3 Rflnb Rflna Chad Thra Mthfd1l Acp5 Mdfi Hyal1 Chsy1 Megf8 Wdr48 Hoxb3 Smad3"
"GOBP_SKIN_DEVELOPMENT",-0.706535534092493,0.96605827729747,1,150,-0.223124565991816,22,"Itga3 Wnt10a Bcl2 Dnase1l2 Stmn1 Il18 Trps1 Irf6 Lamc1 Zfp36 Egfr Tmem79 Cdkn1a Jup Tnf Ryr1 Intu Zdhhc21 Celsr1 Clic4 Naglu Lgr5"
"GOBP_SKIN_EPIDERMIS_DEVELOPMENT",-0.805602464089521,0.815231104484459,1,82,-0.268993658115356,17,"Wnt10a Bcl2 Dnase1l2 Stmn1 Il18 Trps1 Lamc1 Egfr Tmem79 Tnf Intu Zdhhc21 Celsr1 Naglu Lgr5 Runx1 Lsr"
"GOBP_SMAD_PROTEIN_SIGNAL_TRANSDUCTION",-0.760898381137983,0.8464,1,49,-0.272569500874353,11,"Lrp1 Fos Jun Twsg1 Nup93 Eng Ldlrad4 Smad7 Fam89b Smad3 Crkl"
"GOBP_SMALL_GTPASE_MEDIATED_SIGNAL_TRANSDUCTION",-0.969628572440191,0.5873771654341,1,344,-0.292397421743238,53,"Rasgrp3 Rasgrp1 Dok3 Itga3 Rasip1 Hmox1 Agrn Ccr7 Auts2 Ntrk1 Abca1 Nfix Ksr2 Klk1b4 Eps8l2 Adgrg1 Igf1 Stmn1 Rap1gap Rnd2 Rab39 Rapgefl1 Rac3 Pdgfrb Rhebl1 Usp50 Tiam2 Rasgrf2 Lrrk2 Eps8 Arrb1 Mapkapk5 Iqgap3 Dgki Pkp4 Chml Dok2 Cdkl5 Cdon Rhov Bcar3 Arhgap29 Arhgef18 Gpr55 Cdkn1a Dab2ip Stard8 Icmt Ccdc125 Cdk2 Celsr1 Tiam1 Rassf1"
"GOBP_SMALL_MOLECULE_BIOSYNTHETIC_PROCESS",0.843420543413033,0.98780487804878,1,393,0.182237681032965,69,"Cyp7b1 Amacr Tha1 Egr1 Per2 Erlin2 Sirt6 Anxa1 Pdxk Snai1 Aldh1a3 Nr1d1 Csad Apoe Errfi1 Kat2b Slc35b4 Mtrr Nsdhl Uevld Carns1 Enoph1 Decr2 Ippk Pla2g4f Ido1 Dkkl1 Pcx Ptges2 Mtr Uros Rbp4 Mthfd1 Ebp Gnai1 Pfkfb4 Mgst2 Bmp6 Gfi1 Impa2 Dgkq Kat2a Gcat Pgm2 Hsd17b7 Sigmar1 Gpt Fdxr Vkorc1 Dgat2 Fdft1 Cln3 Ggcx Pycr1 Acer3 Rest Coq7 Cbr4 Acox1 Mgst3 Hacd2 Acsf3 Asah1 Gne Ranbp2 Oxsm Gstp3 Oat Haao"
"GOBP_SMALL_MOLECULE_CATABOLIC_PROCESS",-0.687946215897275,0.987475416623538,1,228,-0.21133760395877,17,"Slc16a3 Faah Pnp2 Nudt1 Lrp5 Ppat Ahcy Gpt2 Sardh Bckdhb Eno3 Acot7 Xylb Gk Nqo2 Hk2 Ada"
"GOBP_SMALL_NUCLEOLAR_RIBONUCLEOPROTEIN_COMPLEX_ASSEMBLY",-0.665281583971666,0.877782825988187,1,10,-0.322206614782675,4,"Shq1 Znhit3 Taf9 Nufip1"
"GOBP_SMOOTHENED_SIGNALING_PATHWAY",-0.856280229786385,0.753251083694565,1,107,-0.278141756039931,15,"Tctn2 Glis2 Stil Tmem231 Hes1 B9d1 Tedc1 Kctd21 Tctn3 Kctd6 Disp1 Kif7 Ttc21b Cdon Rora"
"GOBP_SMOOTH_MUSCLE_CELL_APOPTOTIC_PROCESS",-1.19440383295936,0.234447161097528,1,24,-0.482293451820798,3,"Esr1 Igf1 Il12a"
"GOBP_SMOOTH_MUSCLE_CELL_DIFFERENTIATION",-0.720606385458975,0.879556872343166,1,36,-0.271013774144588,3,"Hes1 Vegfa Pdgfrb"
"GOBP_SMOOTH_MUSCLE_CONTRACTION",-0.781511932930635,0.805123053741838,1,42,-0.287281459091515,11,"Sstr2 Chrnb2 Lck Pde4d Ada Bbs2 Smpd3 Zdhhc21 Rgs2 Apbb2 Kit"
"GOBP_SMOOTH_MUSCLE_TISSUE_DEVELOPMENT",0.775915201360652,0.774688398849473,1,14,0.300856015962092,1,"Tshz3"
"GOBP_SNARE_COMPLEX_ASSEMBLY",-1.08426213366593,0.383693746347165,1,13,-0.495761514375897,4,"Stxbp6 Unc13a Lrrk2 Stx1a"
"GOBP_SNO_S_RNA_METABOLIC_PROCESS",0.500234571213229,0.990412272291467,1,14,0.193962664834768,5,"Parn Zcchc7 Fbl Nudt16l1 Nolc1"
"GOBP_SNO_S_RNA_PROCESSING",-0.52574209585427,0.970922308041799,1,10,-0.254625387257326,4,"Tent4b Larp7 Exosc2 Exosc3"
"GOBP_SNRNA_3_END_PROCESSING",-0.783155723833156,0.77336093857833,1,21,-0.325261921765566,10,"Ints2 Ints1 Ints9 Tut1 Ints14 Exosc9 Exosc2 Ints6 Exosc3 Ints7"
"GOBP_SNRNA_METABOLIC_PROCESS",-0.890105876897267,0.655332681017613,1,51,-0.316822468447937,17,"Zc3h8 Ell3 Ints2 Snapc4 Polr3b Ints1 Ints9 Tut1 Ints14 Snapc1 Larp7 Uspl1 Ice2 Exosc9 Ell2 Exosc2 Ints6"
"GOBP_SNRNA_PROCESSING",-0.724379710308174,0.868534201954397,1,33,-0.276250152518512,12,"Ints2 Ints1 Ints9 Tut1 Ints14 Larp7 Exosc9 Exosc2 Ints6 Ints3 Exosc3 Ints7"
"GOBP_SNRNA_TRANSCRIPTION",-0.9876492222381,0.497582480091013,1,17,-0.428277654493876,8,"Zc3h8 Ell3 Snapc4 Polr3b Snapc1 Larp7 Uspl1 Ice2"
"GOBP_SNRNA_TRANSCRIPTION_BY_RNA_POLYMERASE_II",-1.10842977958164,0.354032729398013,1,13,-0.506811783832014,7,"Zc3h8 Ell3 Snapc4 Snapc1 Larp7 Ice2 Ell2"
"GOBP_SODIUM_ION_EXPORT_ACROSS_PLASMA_MEMBRANE",-1.25117638298238,0.2044525215811,1,10,-0.605964927587642,2,"Agrn Fxyd2"
"GOBP_SODIUM_ION_HOMEOSTASIS",0.948696563737785,0.509388869921475,1,18,0.341810507693528,5,"Nr3c2 Sgk1 Ext2 Slc8a1 Ext1"
"GOBP_SODIUM_ION_IMPORT_ACROSS_PLASMA_MEMBRANE",-1.04519632729577,0.435862486748448,1,10,-0.506205460236514,3,"Trpm4 Slc5a6 Slc12a2"
"GOBP_SODIUM_ION_TRANSMEMBRANE_TRANSPORT",-1.22287657783784,0.164432742939205,1,60,-0.425351225854732,14,"Agrn Kcnk3 Trpm4 Slc5a6 Tpcn1 Ptpn3 Cnksr3 Fxyd2 Pkd2 Slc12a2 Scn2b Slc20a2 Slc6a9 Rangrf"
"GOBP_SODIUM_ION_TRANSPORT",-1.06528523789507,0.359457933370977,1,91,-0.351777174088338,16,"Agrn Kcnk3 Klhl3 Trpm4 Slc5a6 Tpcn1 Ptpn3 Cnksr3 Fxyd2 Pkd2 Maged2 Slc12a2 Scn2b Slc20a2 Slc6a9 Rangrf"
"GOBP_SOMATIC_DIVERSIFICATION_OF_IMMUNE_RECEPTORS",-0.994513376631487,0.481197771587744,1,75,-0.336019855339692,28,"Rag2 Shld3 Exo1 Cd40 Rag1 Foxp3 Pagr1a Smc4 Ercc1 Paxip1 Ezh2 Hmces Il27ra Cyren Rnf168 Parp3 Dcaf1 Msh2 Kmt5b Hmgb1 Stat6 Samhd1 Ccr6 Foxp1 Ncaph Rnf8 Clcf1 Nsd2"
"GOBP_SOMATIC_DIVERSIFICATION_OF_IMMUNE_RECEPTORS_VIA_SOMATIC_MUTATION",-0.590212855754358,0.949458483754513,1,15,-0.262897267641207,1,"Exo1"
"GOBP_SOMATIC_DIVERSIFICATION_OF_IMMUNOGLOBULINS",-0.769277933697493,0.853618226891748,1,67,-0.263677755134129,26,"Shld3 Exo1 Cd40 Foxp3 Pagr1a Smc4 Ercc1 Paxip1 Ezh2 Hmces Il27ra Cyren Rnf168 Parp3 Msh2 Kmt5b Stat6 Samhd1 Ccr6 Foxp1 Ncaph Rnf8 Clcf1 Nsd2 Exosc3 Kmt5c"
"GOBP_SOMATIC_STEM_CELL_POPULATION_MAINTENANCE",-1.05935005165522,0.392125565309923,1,27,-0.417589740720096,3,"Hmga2 Hes1 Lrp5"
"GOBP_SOMITE_DEVELOPMENT",-0.826511028368625,0.738098260759172,1,39,-0.306840437585881,5,"Loxl3 Lfng Plxna2 Xrcc2 Hes7"
"GOBP_SOMITOGENESIS",-0.74924946995328,0.835713349927944,1,31,-0.288432999240478,4,"Lfng Plxna2 Xrcc2 Hes7"
"GOBP_SPECIFICATION_OF_SYMMETRY",-1.04108858391643,0.402082128397918,1,78,-0.35001105897155,18,"Ccdc39 Stil Cfap45 Dync2li1 Pkd2 Ddit3 Tgif1 Disp1 Dnaaf4 Dand5 Map3k4 Rttn Eng Ofd1 Megf8 Anks6 Smad3 Ift57"
"GOBP_SPERMATID_DIFFERENTIATION",-1.04489104252313,0.395742832319722,1,125,-0.335142836838823,31,"Drc7 Spag6l Cabcoco1 Mast2 Brdt Ropn1l Mycbpap Catspere2 Bbs4 Hspa2 Nectin2 Xlr4a Brip1 Tmem119 Trip13 Acrbp Slc26a6 Cep131 Bbs2 Cep78 Ing2 Yif1b Kdm3a Sbf1 Ccdc63 Rfx2 Poc1b Gopc Tnk2 Kit Alms1"
"GOBP_SPERMATID_NUCLEUS_DIFFERENTIATION",-0.842054369477417,0.698309312638581,1,20,-0.352672185844715,6,"Brdt Nectin2 Kdm3a Gopc Pygo2 Hmgb2"
"GOBP_SPERM_CAPACITATION",-1.25394926967926,0.20248371952143,1,10,-0.607307881394428,3,"Ropn1l Catspere2 Slc26a6"
"GOBP_SPERM_EGG_RECOGNITION",-0.8896597703972,0.634745992936702,1,24,-0.359239538396192,4,"Adam2 Tmem81 Zp1 Spa17"
"GOBP_SPHINGOID_METABOLIC_PROCESS",-0.814706013734878,0.722391968572676,1,14,-0.367443513048578,3,"Sphk2 Plpp1 Plpp2"
"GOBP_SPHINGOLIPID_BIOSYNTHETIC_PROCESS",0.984650891440581,0.499674690956409,1,65,0.265750092537515,17,"B4galt4 St6galnac6 Sgms1 Fut4 Ormdl3 Cers4 Cers5 Plekha8 Acer3 Hacd2 Asah1 St8sia4 B4galt3 Vapa Elovl5 St3gal2 Mecr"
"GOBP_SPHINGOLIPID_CATABOLIC_PROCESS",0.844108624593891,0.69414397612831,1,22,0.291512084519099,6,"Neu1 Acer3 Hexb Vps54 Asah1 Gla"
"GOBP_SPHINGOLIPID_MEDIATED_SIGNALING_PATHWAY",-1.0118218262559,0.47386296515062,1,12,-0.469885526949164,3,"Cd69 Sphk2 Smpd3"
"GOBP_SPHINGOLIPID_METABOLIC_PROCESS",0.842797403880109,0.892789373814042,1,99,0.21335297481871,24,"B4galt4 St8sia1 St6galnac6 Sgms1 Neu1 Zpbp2 Fut4 Ormdl3 Cers4 Cers5 Plekha8 Acer3 Hexb Naaa Vps54 Hacd2 Asah1 St8sia4 Gla B4galt3 Vapa Elovl5 St3gal2 Mecr"
"GOBP_SPHINGOMYELIN_METABOLIC_PROCESS",-1.11169430099637,0.346714801444043,1,15,-0.495179648045287,4,"Smpdl3a Smpd4 Pemt Smpd3"
"GOBP_SPHINGOSINE_1_PHOSPHATE_RECEPTOR_SIGNALING_PATHWAY",-0.958107812594144,0.538391640163562,1,10,-0.464027086169787,2,"Cd69 Sphk2"
"GOBP_SPINAL_CORD_DEVELOPMENT",-0.943598418568811,0.566982737661075,1,54,-0.33320972387124,14,"Loxl3 Nfix Pkd2 Bag3 Sox12 Eed Lmo4 Cacna1a Tctn1 Intu Ighmbp2 Ift122 Gdpd5 Suz12"
"GOBP_SPINAL_CORD_MOTOR_NEURON_DIFFERENTIATION",-0.964086716614542,0.527007716490426,1,16,-0.422686537361621,5,"Lmo4 Cacna1a Tctn1 Ighmbp2 Gdpd5"
"GOBP_SPINDLE_ASSEMBLY_INVOLVED_IN_FEMALE_MEIOSIS",-0.937683066897639,0.565859421145895,1,12,-0.435455818966562,5,"Ska3 Ndc80 Cenpe Ska2 Ska1"
"GOBP_SPINDLE_LOCALIZATION",-0.756901591867294,0.850660469667319,1,51,-0.269410007204397,13,"Ska3 Enkd1 Nusap1 Ndc80 Llgl1 Ska2 Mcph1 Ska1 Gpsm1 Gpsm2 Dynlt1b Aspm Mad2l1"
"GOBP_SPLEEN_DEVELOPMENT",0.546004013201833,0.99442119944212,1,38,0.164741339547507,11,"Rcbtb2 Ctc1 Bcl3 Nfkbiz Fam210b Pkn1 Fas Lipa Ahr Pcid2 Flt3"
"GOBP_SPLICEOSOMAL_COMPLEX_ASSEMBLY",-1.01829210189537,0.449442379182156,1,46,-0.368214015478448,21,"Nol3 Celf4 Usp39 Ddx46 Zrsr2 Snrpc Srsf6 Srsf1 Sf3a1 Puf60 Celf2 Prpf19 Ptbp2 Psip1 Gemin6 Sf3a3 Sf3a2 U2af2 Srpk3 Sfswap Gemin2"
"GOBP_SPLICEOSOMAL_SNRNP_ASSEMBLY",-0.810247199558527,0.756798756798757,1,34,-0.307149342101234,22,"Coil Snrpc Gemin7 Tssc4 Lsm2 Prpf3 Snrpf Gemin4 Snrpd3 Gemin5 Prpf19 Prpf31 Wdr77 Gemin6 Snrpe Snrpb Snrpd2 Prmt5 Gemin2 Smn1 Snrpg Lsm4"
"GOBP_STARTLE_RESPONSE",-0.727060675421706,0.818419903972065,1,14,-0.327914271249458,2,"Mdga1 Grin2d"
"GOBP_STEM_CELL_DEVELOPMENT",-1.1844770061909,0.229679247713513,1,36,-0.44547146724327,7,"Sema6d Hes1 Nrtn Klhl12 Sema4a Kbtbd8 Eng"
"GOBP_STEM_CELL_DIFFERENTIATION",-1.05000178462457,0.387100236102168,1,141,-0.333220095539883,19,"Sema6d Esr1 Hmga2 Wnt10a Hes1 Shc4 Nrtn Klhl12 Ell3 Fancb Mllt3 Xrcc5 Epop Sema4a Kdm3a Abcg2 Kbtbd8 Fbxo21 Eng"
"GOBP_STEM_CELL_DIVISION",-0.508253504229445,0.990835436312923,1,28,-0.199141645684716,11,"Mllt3 Ing2 Gnl3 Thoc5 Smyd5 Vangl2 Zfp36l2 Stra8 Samd9l Notch1 Hoxb4"
"GOBP_STEM_CELL_PROLIFERATION",-0.78952972462182,0.805787150564002,1,50,-0.281649157984,11,"Hmga2 Ccne1 Tert Atxn1l Vegfc Taf4b Ang Abcg2 Pdcd2 Eif2ak2 Hdac5"
"GOBP_STEROID_CATABOLIC_PROCESS",1.17595944350355,0.270667843483377,1,10,0.500153658601663,4,"Apoe Hsd3b7 Scarb1 Hsd11b1"
"GOBP_STEROID_HORMONE_BIOSYNTHETIC_PROCESS",-0.760243169103169,0.801829268292683,1,20,-0.318407729880343,2,"Ppargc1a Clcn2"
"GOBP_STEROID_HORMONE_RECEPTOR_SIGNALING_PATHWAY",-0.790632064343896,0.853582554517134,1,104,-0.257272816098628,15,"Esr1 Hmga2 Paqr8 Brca1 Igf1 Psmc3ip Hdac6 Dnaaf4 Pagr1a Prmt2 Zdhhc7 Kdm3a Shq1 Cnot9 Kank2"
"GOBP_STEROID_HORMONE_SECRETION",-0.934605572820993,0.569620253164557,1,14,-0.421519847899242,4,"Gdf9 Pomc Kdm5b Runx1"
"GOBP_STEROID_METABOLIC_PROCESS",1.11711261007974,0.138257575757576,1,174,0.262015429557173,41,"Sult2b1 Cyp7b1 Igfbp7 Amacr Ldlrap1 Egr1 Erlin2 Snai1 Nr1d1 Apoe Errfi1 Akr1c13 Nsdhl Dkkl1 App Adora2b Ebp Gnai1 Stat5a Igf1r Bmp6 Gfi1 Dgkq Hsd17b7 Hsd3b7 Abca5 Fdxr Dgat2 Ddx20 Fdft1 Npc1 Ggcx Rest Aplp2 Nfe2l1 Dhrs4 Acbd3 Ldlr Hrh1 Asah1 Ugt1a7c"
"GOBP_STEROL_BIOSYNTHETIC_PROCESS",1.20553524135626,0.135427952329361,1,50,0.343580189839543,11,"Erlin2 Apoe Nsdhl Ebp Gnai1 Hsd17b7 Fdft1 Dhcr24 Lpcat3 Lipa Cyp51"
"GOBP_STEROL_HOMEOSTASIS",-0.801673685058521,0.796807489198272,1,58,-0.280037985080944,12,"Soat2 Lrp5 Abca1 Ephx2 Il18 Mttp Negr1 Rora Washc5 Nr1h2 Ehd1 Mylip"
"GOBP_STEROL_METABOLIC_PROCESS",1.09617484318693,0.223495702005731,1,101,0.276336397641519,22,"Sult2b1 Cyp7b1 Ldlrap1 Erlin2 Apoe Errfi1 Nsdhl App Ebp Gnai1 Dgkq Hsd17b7 Hsd3b7 Abca5 Fdxr Dgat2 Fdft1 Npc1 Aplp2 Nfe2l1 Ldlr Ugt1a7c"
"GOBP_STEROL_TRANSPORT",-1.05193769485445,0.387253765932793,1,76,-0.354742732671225,8,"Cd36 Lrp1 Soat2 Abca1 Abcb4 Mttp Stard4 Gramd1c"
"GOBP_STORE_OPERATED_CALCIUM_ENTRY",-0.936449988791654,0.563566552901024,1,17,-0.406075958670495,1,"Ms4a1"
"GOBP_STRESS_ACTIVATED_PROTEIN_KINASE_SIGNALING_CASCADE",0.905049032099261,0.662008281573499,1,46,0.262004756661904,12,"Cryab Nod1 Errfi1 Map2k3 Nod2 Map3k5 Sema4c Fas Cd2ap Map2k6 Scimp Zmpste24"
"GOBP_STRESS_FIBER_ASSEMBLY",-0.722998592668643,0.919525673497582,1,80,-0.242168544546154,7,"Epha1 Luzp1 Stmn1 Bbs4 Prkcq Arrb1 Tsc1"
"GOBP_STRESS_GRANULE_ASSEMBLY",-1.00190416383984,0.471898471898472,1,34,-0.379802861323763,17,"Bicd1 Ang Mettl1 Usp10 Atxn2 Ddx3x Ythdf1 Styxl1 Ythdf3 Ogfod1 Hsf1 Atxn2l Atg5 Eif2s1 Becn1 Tia1 Dazap2"
"GOBP_STRIATED_MUSCLE_ADAPTATION",0.749970501428462,0.866375892149088,1,26,0.248258404422271,2,"Mymk Errfi1"
"GOBP_STRIATED_MUSCLE_CELL_APOPTOTIC_PROCESS",-0.876514307386959,0.67815105443845,1,50,-0.312679192356836,13,"Nol3 Bcl2 Trip10 Bag3 Camk2a Eng Tigar Sirt4 Hmgcr Fbxo32 Cflar Apaf1 Gpr35"
"GOBP_STRIATED_MUSCLE_CELL_DIFFERENTIATION",-0.801440748481684,0.881968595215513,1,181,-0.250051180204903,31,"Mybpc2 Bcl2 Ntn3 Cd81 Vegfa Cdk1 Hdac4 Igf1 Cntnap1 Stac3 Cxadr Pdgfrb Tmem119 Trip10 Meis1 Tsc1 Bhlha15 Actn2 Cdon Maml1 Tanc1 Akap1 Ryr1 Sdc1 Csrp2 Ehd1 Rgs2 Thra Abcg2 Naglu Atp11a"
"GOBP_STRIATED_MUSCLE_CELL_PROLIFERATION",0.853490362261821,0.793796668581275,1,55,0.239207870483167,9,"Six5 Ncam1 Rxra Tgfbr3 Selenon Rbp4 Apc Ccnb1 Vgll4"
"GOBP_STRIATED_MUSCLE_CONTRACTION",-1.14272604437057,0.244343376918704,1,87,-0.378896058355151,23,"Myl4 Agrn Trpm4 Ehd3 Hdac4 Stac3 Nr4a1 Pde4d Tmem38a Cacnb2 Ddit3 Stac2 Scn2b Rem1 Pde4b Gsto1 Jup Ryr1 Rgs2 Rangrf Smad7 Flna Adra1b"
"GOBP_STRIATUM_DEVELOPMENT",-1.0806786253673,0.395880660305922,1,10,-0.523390110197942,4,"Bbs4 Lrrk2 Bbs2 Secisbp2"
"GOBP_SUBPALLIUM_DEVELOPMENT",-1.0806786253673,0.395880660305922,1,10,-0.523390110197942,4,"Bbs4 Lrrk2 Bbs2 Secisbp2"
"GOBP_SUBSTRATE_ADHESION_DEPENDENT_CELL_SPREADING",-0.580559930597488,0.991594648987806,1,64,-0.200023350665824,15,"Epha1 Rac3 Cspg5 Lamc1 Cass4 Efna5 Flna S100a10 Crkl Rab1a Calr Gsk3b Rcc2 St6gal1 Pxn"
"GOBP_SUBSTRATE_DEPENDENT_CELL_MIGRATION",1.09466789949047,0.334292106104187,1,14,0.424450278155095,3,"Shtn1 Epb41l5 P2ry12"
"GOBP_SUCCINYL_COA_METABOLIC_PROCESS",0.637832347863131,0.913931888544892,1,12,0.258365912867294,3,"Mcee Suclg1 Mmut"
"GOBP_SULFATION",1.32133900065277,0.148069963811821,1,11,0.546902132336415,4,"Sult2b1 Hs3st3b1 Ext2 Ext1"
"GOBP_SULFUR_AMINO_ACID_BIOSYNTHETIC_PROCESS",1.20995667701081,0.241541629891144,1,10,0.514613205497541,4,"Mtrr Enoph1 Mtr Mthfd1"
"GOBP_SULFUR_AMINO_ACID_METABOLIC_PROCESS",1.09790514869114,0.313711414213927,1,20,0.387783152319697,5,"Csad Mtrr Enoph1 Mtr Mthfd1"
"GOBP_SULFUR_COMPOUND_BIOSYNTHETIC_PROCESS",0.705451730276909,0.986749805144193,1,82,0.183848157335959,16,"Csad Mtrr Enoph1 Pdpr Mcee Mtr Mthfd1 Gcdh Mgst2 Mpc2 Eif2ak3 Gstp3 Coasy Mmut Ppcdc Elovl5"
"GOBP_SULFUR_COMPOUND_CATABOLIC_PROCESS",1.20889979740824,0.206823777699613,1,19,0.430765971258309,4,"Chac2 Csad Mtrr Acot2"
"GOBP_SULFUR_COMPOUND_METABOLIC_PROCESS",0.889794758878089,0.854978354978355,1,189,0.207628385140387,20,"Sult2b1 Chac2 Cryab Gstm5 Csad Gstt3 Amd2 Acot11 Mtrr Acot2 Enoph1 Pdpr Hs3st3b1 Mcee Mtr Gpam Mthfd1 Gcdh Stat5a Mgst2"
"GOBP_SULFUR_COMPOUND_TRANSPORT",-0.779463939622712,0.806139136998365,1,41,-0.287037790541277,11,"Slc5a6 Slc26a11 Slc25a10 Slc26a6 Ctns Slc1a2 Slc26a2 Abcg2 Abcc5 Slc25a16 Slc25a42"
"GOBP_SUPEROXIDE_ANION_GENERATION",-1.23756183112533,0.184462203589676,1,31,-0.476414979271556,3,"Itgam Noxo1 Il18"
"GOBP_SUPPRESSION_OF_VIRAL_RELEASE_BY_HOST",-0.840680982724301,0.694929459421707,1,19,-0.355657092354046,8,"Trim26 Trim13 Trim5 Trim27 Trim56 Trim12c Trim30d Trim30a"
"GOBP_SUPRAMOLECULAR_FIBER_ORGANIZATION",-0.959469826550903,0.643717382577278,1,496,-0.286079701858674,80,"Cep126 Cd36 Lrrc49 Myo1e Epha1 Rad51c Tacc3 Mybpc2 Luzp1 Loxl3 Marcksl1 Ccdc57 Bcl2 Cdk1 Elmo3 Sh3d21 Mapre3 Diaph3 Cit Casp4 Stmn1 Kif24 Nck2 Bbs4 Rnd2 Baiap2l1 Gas2 Tpm2 Prkcq Rac3 Pdgfrb Aurkb Xrcc2 Tppp Map10 Ppfibp1 Cnn3 Pick1 Eps8 Arrb1 Vhl Psrc1 Msrb2 Limd2 Iqgap3 Abitram Tsc1 Pls1 Khdc3 Hdac6 Katna1 Actn2 Katnbl1 Ckap2l Rhov Arhgef18 Washc5 Ang Synpo2 Rflnb Rflna Mical3 Csrp2 Ccsap Tubgcp3 Camsap3 Jmy Serf1 Tmsb15b1 Add3 Bfsp2 Camsap1 Kank2 Kif2c Prkce Tpx2 Rgcc Flna Myo6 Specc1l"
"GOBP_SYMBIONT_ENTRY_INTO_HOST",-0.665249007204899,0.963575002909345,1,73,-0.225413453264721,6,"Cd81 Tpcn1 Timd2 Hyal2 Gpr15 Nectin2"
"GOBP_SYNAPSE_ASSEMBLY",-0.779573022086188,0.88974688974689,1,142,-0.247264020253596,39,"Chrnb2 Agrn Ntrk1 Adgrl1 Plxna2 Il1rap Mdga1 Ntng2 Rac3 Fbxo45 Lrrc24 Stau2 Adgrl4 Negr1 Sema4a Lrrc15 Lzts1 Cacna1a Fzd5 Bhlhb9 Rab29 Efna5 Adgrl2 Myo6 Numbl Zdhhc12 Plxnc1 Crkl Senp1 Ptk2b Pdzd11 Gsk3b Nckipsd Elmo1 Exoc7 Palm Ube3b Dock7 Bsn"
"GOBP_SYNAPSE_MATURATION",-1.0481655926601,0.408620463775711,1,31,-0.40350451714097,5,"Ccdc39 Mdga1 Cntnap1 Disc1 Dab2ip"
"GOBP_SYNAPSE_ORGANIZATION",-0.874433595412753,0.833754676913742,1,365,-0.263164524194188,54,"Itgam Ccdc39 Itga3 C1qb Chrnb2 Agrn Ntrk1 Lrp5 Mapre3 Cit Adgrl1 Klk8 Plxna2 Il1rap Mdga1 Cntnap1 Ntng2 Unc13a Tenm3 Rac3 Xlr4a Asap1 Ppfibp1 Cask Fbxo45 Lrrk2 Lrrc24 Pick1 Stau2 Vhl Adgrl4 Itpka C1qa Mfn1 Camkv Negr1 Tsc1 Dip2a Hdac6 Lamc1 Cdkl5 Actn2 Sema4a Tanc1 Gabpa Mrtfb Disc1 Lrrc15 Lzts1 Cacna1a Fzd5 Dab2ip Tnf Bhlhb9"
"GOBP_SYNAPTIC_SIGNALING",-0.846139364793799,0.900361954554595,1,426,-0.253198898198044,62,"Ncs1 Best1 Kcnb1 Nrgn Cnr2 Faah Chrnb2 Plcl1 Agrn Napb Ntrk1 Sct Mycbpap Baiap3 Igf1 Il1rap Nat8l Stac3 Ntng2 Nr4a1 Fabp5 Unc13a Plcl2 Stx11 Cnrip1 Rac3 Rasgrf2 Celf4 Cask Fbxo45 Lrrk2 Cacnb2 Pick1 Gabbr1 Stau2 Akap7 Itpka Camkv Slc12a2 Dtnb Scrib Prkcz Dgki Cspg5 Sv2c Hdac6 Cdkl5 Alg13 Stx1a Grin2d Bcl2l1 Cacng8 Bcl7a Disc1 Egfr Grik5 Lzts1 Cacna1a Tbc1d24 Tnf Sv2a Syt11"
"GOBP_SYNAPTIC_TRANSMISSION_DOPAMINERGIC",-1.23011590868881,0.218536301469518,1,14,-0.554799035879769,2,"Chrnb2 Nat8l"
"GOBP_SYNAPTIC_TRANSMISSION_GLUTAMATERGIC",-0.82512649637817,0.760260743602125,1,56,-0.289598288308163,12,"Napb Ntrk1 Unc13a Lrrk2 Dgki Hdac6 Grin2d Cacng8 Disc1 Egfr Grik5 Cacna1a"
"GOBP_SYNAPTIC_VESICLE_CYCLE",-0.925134131702257,0.655315085932527,1,164,-0.290393299778428,22,"Ncs1 Napb Ddc Slc18a2 Cxadr Unc13a Stx11 Cask Fbxo45 Lrrk2 Ppp3cc Scrib Atp6v1g2 Cspg5 Sv2c Stx1a Bcl2l1 Grik5 Cacna1a Tbc1d24 Sv2a Syt11"
"GOBP_SYNAPTIC_VESICLE_CYTOSKELETAL_TRANSPORT",1.00901972457319,0.422669853192216,1,18,0.363544633249535,11,"Bloc1s3 Trim46 Dtnbp1 Bloc1s5 Ap3s2 Snapin Bloc1s6 Ap3b1 Ap3d1 Ap3s1 Bloc1s2"
"GOBP_SYNAPTIC_VESICLE_ENDOSOMAL_PROCESSING",-0.312085442849867,0.99985779294653,1,17,-0.1353306603761,4,"Bcl2l1 Dnm1l Vamp4 Vti1a"
"GOBP_SYNAPTIC_VESICLE_EXOCYTOSIS",-1.16407183073186,0.22769158987519,1,71,-0.3957752580474,17,"Ncs1 Napb Unc13a Stx11 Cask Fbxo45 Lrrk2 Scrib Cspg5 Sv2c Stx1a Bcl2l1 Grik5 Cacna1a Sv2a Syt11 Camk2a"
"GOBP_SYNAPTIC_VESICLE_LOCALIZATION",0.70579088992262,0.967539267015707,1,47,0.203613287893606,6,"Kif5c Synj1 Btbd8 Bloc1s3 Trim46 Kifc2"
"GOBP_SYNAPTIC_VESICLE_LUMEN_ACIDIFICATION",0.580269061657716,0.965712383488682,1,16,0.216259055083929,1,"Slc9a6"
"GOBP_SYNAPTIC_VESICLE_MATURATION",1.20034594437057,0.196078431372549,1,25,0.401139214579669,4,"Stxbp1 Dlg4 Slc9a6 Zdhhc2"
"GOBP_SYNAPTIC_VESICLE_MEMBRANE_ORGANIZATION",0.809078005934636,0.747449876890608,1,19,0.288297900121555,4,"Stxbp1 Doc2g Rph3al Snap23"
"GOBP_SYNAPTIC_VESICLE_PRIMING",-0.858606468736591,0.674395588859041,1,18,-0.368685812458119,5,"Napb Unc13a Stx1a Sv2a Erc1"
"GOBP_SYNAPTIC_VESICLE_RECYCLING",-0.617386408955135,0.987233054781801,1,75,-0.208598593744876,8,"Cxadr Lrrk2 Ppp3cc Scrib Stx1a Bcl2l1 Tbc1d24 Syt11"
"GOBP_SYNAPTIC_VESICLE_RECYCLING_VIA_ENDOSOME",0.509700889942903,0.982936157693439,1,10,0.216783636804645,2,"Btbd8 Gripap1"
"GOBP_SYNAPTIC_VESICLE_TRANSPORT",0.88316088134978,0.685338528981978,1,41,0.262589083387672,6,"Kif5c Synj1 Btbd8 Bloc1s3 Trim46 Kifc2"
"GOBP_SYNAPTONEMAL_COMPLEX_ORGANIZATION",-0.780949134392508,0.753142510979858,1,10,-0.37822627737248,2,"Hspa2 Trip13"
"GOBP_SYNCYTIUM_FORMATION",-1.17157061208128,0.245273245273245,1,34,-0.444120193099058,8,"Ntn3 Cd81 Cdon Tanc1 Ehd1 Adam9 Ercc1 Dyrk1b"
"GOBP_S_ADENOSYLMETHIONINE_METABOLIC_PROCESS",-0.79147644360406,0.742986557568673,1,13,-0.361889941639236,3,"Ahcy Pemt Gamt"
"GOBP_TAIL_ANCHORED_MEMBRANE_PROTEIN_INSERTION_INTO_ER_MEMBRANE",0.882374769396825,0.623009424764381,1,15,0.334107843922763,15,"Mmgt1 Emc4 Emc2 Caml Emc7 Bag6 Get4 Emc6 Emc10 Ubl4a Emc3 Sgta Emc8 Emc1 Emc9"
"GOBP_TAXIS",-1.12305469766588,0.216614745586708,1,219,-0.345975713288584,43,"Itgam Sema6d S100a8 Ccl3 Ccl4 Lrp1 Cnr2 Agrn Ccr7 Trpm4 Cmtm8 Vegfa Rarres2 Vegfd Cxadr Nr4a1 AI182371 Il12a Mcu Prkcq Rac3 Pdgfrb S100a9 Pde4d Ccr1l1 Rnase2b Saa3 Ccl6 Slc12a2 Scrib Hdac6 Sema4a Vegfc Dusp1 Bst1 Pde4b Cmklr1 Mst1 Msmp Tiam1 Eng Efna5 Zfp580"
"GOBP_TELENCEPHALON_DEVELOPMENT",-1.04166694300445,0.396242347477306,1,176,-0.325623301100228,27,"Nrgn Ccdc39 Tacc3 Hes1 Sct Nfix Fos Adgrg1 Mdga1 Bbs4 Wdr62 Fbxo45 Lrrk2 Bbs2 Tsc1 Slc1a2 Dclk2 Atat1 Cul5 Pax5 Cdon Disc1 Egfr Secisbp2 Dab2ip Tctn1 Smc4"
"GOBP_TELENCEPHALON_GLIAL_CELL_MIGRATION",-0.615175470402665,0.940354798156167,1,19,-0.260255106975218,3,"Adgrg1 Disc1 Dab2ip"
"GOBP_TELOMERE_CAPPING",-0.6659447203433,0.91216577540107,1,26,-0.264594405618908,7,"Rtel1 Cdk2 Ercc1 Tinf2 Smg6 Stn1 Dclre1b"
"GOBP_TELOMERE_MAINTENANCE",-1.00211487177974,0.485852090032154,1,143,-0.317656446427287,39,"Rad51c Ccne1 Recql4 Shld3 Prkcq Xrcc3 Aurkb Nek2 Hus1 Ino80c Rad51 Rtel1 Smc5 Tert Mapkapk5 Xrcc5 Wrap53 Pcna Hdac8 Cdk2 Map3k4 Ercc1 Dna2 Gnl3 Tinf2 Tent4b Gar1 Rpa2 Smg6 Stn1 Blm Dcp2 Tcp1 Parp3 Cct3 Ino80b Ylpm1 Dclre1b Smg5"
"GOBP_TELOMERE_MAINTENANCE_IN_RESPONSE_TO_DNA_DAMAGE",-0.893675333415227,0.632703583061889,1,33,-0.340812896392361,9,"Shld3 Ino80c Rtel1 Cdk2 Ercc1 Ino80b Dclre1b Ino80 Apex1"
"GOBP_TELOMERE_MAINTENANCE_VIA_TELOMERE_LENGTHENING",-0.502793536973367,0.999287326285782,1,62,-0.17391418924601,13,"Rad51 Rtel1 Tert Xrcc5 Wrap53 Tinf2 Tent4b Gar1 Stn1 Dcp2 Tcp1 Cct3 Dclre1b"
"GOBP_TEMPERATURE_HOMEOSTASIS",-1.17092101599077,0.188981562774363,1,113,-0.378276517730619,25,"Cd36 Gadd45g Plcl1 Mcrip2 Ppargc1a Vegfa Ksr2 Fabp5 Prlr Plcl2 Il18 Zbtb7b Il15 Ddit3 Pemt Acot13 Pctp Prkab2 Cmklr1 Tnf Nr1h2 Kdm3a Cebpb Pdgfc Thra"
"GOBP_TERMINATION_OF_RNA_POLYMERASE_III_TRANSCRIPTION",-1.12569262396603,0.330108303249097,1,15,-0.501414891524658,7,"Polr3d Polr3h Polr3b Polr3e Polr2l Polr3f Polr3k"
"GOBP_TERMINATION_OF_RNA_POLYMERASE_II_TRANSCRIPTION",-1.11952222017902,0.341759205143191,1,13,-0.511883624836078,1,"Zgrf1"
"GOBP_TERPENOID_BIOSYNTHETIC_PROCESS",-0.68872760475971,0.879259154531316,1,18,-0.295739789727893,13,"Acat2 Hmgcs2 Hmgcr Lss Rdh10 Pmvk Dpm2 Dolk Dpm3 Idi1 Dpm1 Prmt3 Fdps"
"GOBP_TETRAHYDROFOLATE_INTERCONVERSION",-1.05608646400823,0.418030391583869,1,13,-0.482878640184921,8,"Sardh Mthfr Dhfr Tyms Mthfd1l Mthfd2l Shmt1 Mthfd2"
"GOBP_TETRAHYDROFOLATE_METABOLIC_PROCESS",-0.891283302503669,0.628587586596918,1,18,-0.382717252290737,8,"Sardh Mthfr Dhfr Tyms Mthfd1l Mthfd2l Shmt1 Mthfd2"
"GOBP_TETRAPYRROLE_BIOSYNTHETIC_PROCESS",-0.745181618587612,0.831818181818182,1,26,-0.296076958680116,5,"Slc11a2 Flvcr1 Hmbs Slc6a9 Abcg2"
"GOBP_TETRAPYRROLE_METABOLIC_PROCESS",-0.859272932475236,0.695504771471622,1,42,-0.315866170940784,8,"Hmox1 Slc11a2 Flvcr1 Hebp1 Hmbs Slc6a9 Abcg2 Mmab"
"GOBP_THYMIC_T_CELL_SELECTION",-0.881709081854403,0.641877562561855,1,18,-0.378606079771944,1,"Ccr7"
"GOBP_THYMOCYTE_APOPTOTIC_PROCESS",-1.18263381794584,0.253270762229807,1,17,-0.512829480619869,5,"Zc3h8 Rorc Rag1 Ada Vhl"
"GOBP_THYMUS_DEVELOPMENT",-1.01902670593182,0.449375,1,43,-0.372735281208654,5,"Hes1 Bcl2 Rag1 Lmo4 Hoxa3"
"GOBP_TIGHT_JUNCTION_ASSEMBLY",0.781804254991327,0.868235294117647,1,39,0.234150846790618,9,"Snai1 Ephb2 Afdn Nedd4l Acvrl1 Arl2 Slc39a9 Cldn1 Cdh5"
"GOBP_TIGHT_JUNCTION_ORGANIZATION",0.800974029070445,0.861138861138861,1,43,0.236351205038033,10,"Snai1 Ephb2 Afdn Nedd4l Acvrl1 Arl2 Slc39a9 Ext1 Cldn1 Cdh5"
"GOBP_TISSUE_HOMEOSTASIS",-0.849340704925617,0.799193377202293,1,162,-0.266707839785523,33,"Bcl2 Nfix Vegfa Cxadr Bbs4 Slc28a2 Rac3 Pdgfrb Crocc Tmem119 Ada Vhl Dusp18 Plekhm1 Slc12a2 Scrib Slc39a8 Bbs2 Def8 Egfr Muc5ac Gpr55 Elp6 Gcnt2 Abcg2 Naglu Acp5 Bbs10 Poc1b Apbb2 Lsr Whrn Abca4"
"GOBP_TISSUE_MIGRATION",-0.675463425333465,0.946430692481292,1,62,-0.233639984096344,11,"Itga3 Dusp10 Scrib Hdac6 Jun Dab2ip Adam9 Kank2 Prkce Kit Vim"
"GOBP_TISSUE_MORPHOGENESIS",-0.889375779365805,0.799858270905041,1,352,-0.268004517969177,67,"Ptk7 Ccdc39 Esr1 Hmga2 Itga3 Stil Wnt10a Rasip1 Itga5 Luzp1 Hes1 Klhl3 Bcl2 Lrp5 Brsk2 Vegfa Cecr2 Igf1 Wnt6 Bbs4 Kif20b Zfpm1 Pkd2 Pard3 Timeless Slc12a2 Scrib Ctns Tsc1 Mthfr Tgif1 Lamc1 Vegfc Socs3 Egfr Lmo4 Kdm5b Fzd5 Tmem79 Tctn1 Zdhhc7 Tnf Intu Rbm15 Celsr1 Twsg1 Camsap3 Exoc5 Mst1 Clic4 Naglu Mthfd1l Eng Ecsit Lgr5 Glmn Smad7 Ift122 Txnrd1 Flna Specc1l Commd5 Runx1 Cdk20 Alms1 Megf8 Dlg3"
"GOBP_TISSUE_REGENERATION",-0.811659165656279,0.769460704944576,1,44,-0.295793429386378,5,"Cd81 Nfix Igf1 Dusp10 Plau"
"GOBP_TISSUE_REMODELING",-0.73042575663276,0.932635709614127,1,118,-0.235073504114494,19,"Nol3 Lrp1 Lrp5 Vegfa Igf1 Il18 Tmem119 Dusp18 Plekhm1 Def8 Egfr Gpr55 Hoxa3 Rassf2 Abcg2 Acp5 Flna Adra1b Lrrc25"
"GOBP_TOLERANCE_INDUCTION",-0.868006468058219,0.661388378340167,1,18,-0.3727221742993,7,"Ccr7 Rorc Cd86 Foxp3 Il2ra Havcr2 Runx1"
"GOBP_TOLL_LIKE_RECEPTOR_2_SIGNALING_PATHWAY",0.965991875348428,0.491766941101963,1,13,0.382811520412217,6,"Tnip2 Nod2 Tlr6 Tirap Lyn Pja2"
"GOBP_TOLL_LIKE_RECEPTOR_4_SIGNALING_PATHWAY",-1.06917971799087,0.367455335586673,1,56,-0.375254724679269,12,"Cd36 Oas1c Oas1a Ptpn22 Cd14 Rab7b Lrrfip2 Dab2ip Naglu Ecsit Prkce Ripk2"
"GOBP_TOLL_LIKE_RECEPTOR_9_SIGNALING_PATHWAY",-0.760005490012075,0.794226393629124,1,17,-0.329563737140646,3,"Ptpn22 Rab7b Havcr2"
"GOBP_TOLL_LIKE_RECEPTOR_SIGNALING_PATHWAY",-0.939486398274283,0.583165620930508,1,64,-0.323686164655543,5,"Cd36 S100a8 Esr1 S100a9 Cd86"
"GOBP_TOOTH_MINERALIZATION",-0.937596736258109,0.55913357400722,1,15,-0.41763173693756,2,"Amelx Wnt6"
"GOBP_TORC1_SIGNALING",-0.526226358938278,0.999444752915047,1,106,-0.170977997410438,25,"Rragd Rhebl1 Vhl Ctns Tsc1 Alg13 Deptor Tbc1d7 Shq1 Ube2d1 Sesn2 Traf2 Gpr137c Atxn3 Sesn1 Dyrk3 Ube2n Pip4p1 Lamtor5 Ube3a Seh1l Lamtor1 Flcn Mtor Fnip2"
"GOBP_TORC2_SIGNALING",-0.856850604592561,0.677366479989073,1,22,-0.35203592465973,12,"Deptor Sesn2 Traf2 Gsk3b Rictor Mtor Akt1 Tbk1 Otud5 Prr5 Syap1 Sik3"
"GOBP_TOR_SIGNALING",-0.55708122229536,0.999466097170315,1,152,-0.175821169486755,36,"Rragd Gpat3 Rhebl1 Fam83d Vhl Mapkapk5 Ctns Tsc1 Alg13 Disc1 Deptor Tbc1d7 Icmt Shq1 Ube2d1 Sesn2 Traf2 Gpr137c Atxn3 Sesn1 Dyrk3 Epm2a Ube2n Pip4p1 Mtm1 Gsk3b Lamtor5 Fbxo9 Ube3a Seh1l Lamtor1 Rictor Akt3 Flcn Mtor Fnip2"
"GOBP_TRABECULA_FORMATION",-0.724411921154614,0.822913550702961,1,11,-0.344023255503776,2,"Vegfa Chad"
"GOBP_TRABECULA_MORPHOGENESIS",0.712296138935866,0.904313725490196,1,25,0.238039637706856,3,"Dll4 Tgfbr3 Rbp4"
"GOBP_TRACHEA_DEVELOPMENT",1.3225220739433,0.142105263157895,1,12,0.535712282492814,6,"Rarg Rara Hoxa5 Srf Mapk3 Tgfbr2"
"GOBP_TRAIL_ACTIVATED_APOPTOTIC_SIGNALING_PATHWAY",-1.10640784036015,0.365591397849462,1,10,-0.535851184521344,1,"Atf3"
"GOBP_TRANSCRIPTION_BY_RNA_POLYMERASE_I",-0.696551759636618,0.9307518707685,1,62,-0.240934351054517,24,"Polr1e Ttf1 Nol11 Ddx11 Dhx33 Flna Polr2l Mybbp1a Dedd Rrn3 Ppp1r15a Taf1c Polr1b Ncl Atf4 Smarca5 Tbp Polr1a Mtor Tcof1 Taf1 Gtf2h5 Lyar Heatr1"
"GOBP_TRANSCRIPTION_BY_RNA_POLYMERASE_III",-0.947365936674646,0.561151079136691,1,53,-0.335501529434259,19,"Zc3h8 Gtf3c4 Polr3d Snapc4 Polr3h Gtf3c5 Polr3b Polr3e Polr2l Mybbp1a Snapc1 Polr3f Smarca5 Ice2 Tbp Polr3k Mtor Brf1 Setd5"
"GOBP_TRANSCRIPTION_COUPLED_NUCLEOTIDE_EXCISION_REPAIR",0.875093528682027,0.623839009287926,1,12,0.354472988301167,4,"Ercc3 Uvssa Ercc8 Ercc2"
"GOBP_TRANSCRIPTION_ELONGATION_BY_RNA_POLYMERASE_I",-0.424763909491287,0.996217081332751,1,14,-0.191574310841551,6,"Polr1e Polr2l Polr1b Polr1a Gtf2h5 Polr2h"
"GOBP_TRANSCRIPTION_ELONGATION_BY_RNA_POLYMERASE_II",-0.55485442301649,0.999674549793881,1,128,-0.177802023967978,43,"Ell3 Vhl Med9 Epop Ints1 Ints9 Eaf1 Iws1 Ezh2 Ints14 Polr2l Nelfa Armc5 Med22 Med26 Rnf168 Glyr1 Tceanc2 Adrm1 Rad54l2 Ctr9 Ccnt1 Med1 Med25 Cdk12 Ell2 Ints6 Ikzf1 Rnf8 Rtf1 Med21 Med6 Map2k1 Eloc Ints3 Med30 Cbx7 Leo1 Eapp Usp7 Polr2h Wdr82 Eny2"
"GOBP_TRANSCRIPTION_INITIATION_AT_RNA_POLYMERASE_III_PROMOTER",-1.21889618772361,0.215044858523119,1,21,-0.506234589605281,7,"Gtf3c4 Polr3d Polr3h Gtf3c5 Polr3b Polr3e Polr2l"
"GOBP_TRANSCRIPTION_INITIATION_AT_RNA_POLYMERASE_II_PROMOTER",-0.587462595057539,0.999258788648878,1,168,-0.18414411517759,59,"Esr1 Samd1 Med9 Sphk2 Ints2 Taf4b Ogg1 Ints1 Ints9 Ccnh Thra Ercc1 Paxip1 Ints14 Sgf29 Polr2l Rbm14 Taf8 Armc5 Med22 Taf12 Med26 Taf6 Cand1 Taf7 Glyr1 Nr3c1 Taf5 Spi1 Men1 Taf9 Tbp Gtf2b Apex1 Phf2 Hmgb1 Med1 Taf3 Med25 Kdm5a Creb1 Ints6 Taf1 Rbbp5 Wdr5 Ikzf1 Nfkb1 Trmt112 Arid5b Atad2b Med21 Gtf2h5 Med6 Kat7 Eloc Ints3 Med30 Atf2 Ints7"
"GOBP_TRANSCRIPTION_PREINITIATION_COMPLEX_ASSEMBLY",-0.831295892387317,0.767009586158522,1,69,-0.283287035509173,29,"Esr1 Polr1e Med9 Taf4b Thra Rrn3 Taf8 Med22 Taf12 Taf1c Med26 Taf6 Cand1 Taf7 Taf5 Taf9 Tbp Gtf2b Hmgb1 Med1 Taf3 Med25 Creb1 Brf1 Taf1 Ikzf1 Med21 Med6 Med30"
"GOBP_TRANSCYTOSIS",-1.27296889888117,0.170191483280937,1,16,-0.558110392731656,4,"Lrp1 Fcmr Tg Cd300lg"
"GOBP_TRANSFERRIN_TRANSPORT",-1.18143825939739,0.280781462971377,1,10,-0.57218962813103,1,"Rep15"
"GOBP_TRANSFORMING_GROWTH_FACTOR_BETA_PRODUCTION",0.825389183851085,0.703703703703704,1,17,0.302623833507868,3,"Met Cd46 Laptm4b"
"GOBP_TRANSFORMING_GROWTH_FACTOR_BETA_RECEPTOR_SIGNALING_PATHWAY",-0.996819301546462,0.491541859713393,1,136,-0.317504178755362,30,"Atf3 Lrp1 Itga3 Snx25 Fos Tab1 Fbn1 Dand5 Bambi Jun Ing2 Ryr1 Spred2 Gcnt2 Ints9 Rasl11b Twsg1 Mtmr4 Adam9 Eng Ldlrad4 Smad7 Cdkn1c Dusp22 Rgcc Dcp1a Fam89b Sap30 Arrb2 Smad3"
"GOBP_TRANSITION_METAL_ION_TRANSPORT",-0.781506070620466,0.835912581216775,1,65,-0.2686403038945,7,"Rep15 Slc11a2 Timd2 Slc39a8 Slc25a37 Flvcr1 Slc31a2"
"GOBP_TRANSLATIONAL_ELONGATION",-0.953518790029667,0.554165176975331,1,61,-0.330666446627956,21,"Shfl Otud3 Secisbp2 Trnt1 Usp10 Mettl18 Gfm1 Eif5a2 Usp16 Elac1 Trnau1ap Efl1 Ascc3 Pelo Smyd5 Eif4e2 Abce1 Cpeb2 Gigyf2 Saysd1 Sepsecs"
"GOBP_TRANSLATIONAL_INITIATION",-0.581948480667597,0.999033297529538,1,140,-0.184801239870769,47,"Bank1 Nck2 Map3k20 Scrib Mtfmt Tnf Gigyf1 Paip2b Slbp Ppp1r15b Dhx33 Denr Eif2ak2 Klhl25 Ppp1r15a Ddx3x Atxn3 Uhmk1 Paip2 Eif2s3x Rbm4 Eif4e2 Eif1ad Gsk3b Ythdf1 Abce1 Ctif Bzw2 Eif3j2 Ago2 Lamtor1 Mtor Gigyf2 Fxr1 Khdrbs1 Ythdf3 Ubr4 Mettl3 Eif4h Eif5b Rraga Bzw1 Paip1 Eif1ax Eif6 Ywhag Eif3m"
"GOBP_TRANSLATIONAL_TERMINATION",-1.12106932012748,0.336028880866426,1,15,-0.49935554304592,7,"Shfl Hemk1 Eif5a2 Jmjd4 Etf1 Mtrf1l Abce1"
"GOBP_TRANSMISSION_OF_NERVE_IMPULSE",-0.664713007955213,0.910629008050212,1,23,-0.27087936829377,5,"Chrnb2 Cntnap1 Cacng8 Cacna1a Bbs10"
"GOBP_TRANSPOSABLE_ELEMENT_SILENCING_BY_HETEROCHROMATIN_FORMATION",1.19964841252995,0.234984520123839,1,12,0.485940009567549,5,"Pphln1 Spin1 Tasor Tnrc18 Dnmt3a"
"GOBP_TRANSPOSITION",1.18642199995348,0.216177003989844,1,21,0.412920081354729,7,"Trex1 Sirt6 Pphln1 Spin1 Tasor Tnrc18 Dnmt3a"
"GOBP_TRICARBOXYLIC_ACID_CYCLE",0.64971640583051,0.960547504025765,1,27,0.213248857165771,27,"Suclg1 Sdha Sdhc Pdha1 Idh1 Idh2 Mdh2 Mdh1 Ndufs4 Mrps36 Idh3b Idh3g Dld Aco1 Fh1 Cs Ogdh Dlst Aco2 Sdhd Dlat Idh3a Pdhb Sdhb Sucla2 Suclg2 Sdhaf2"
"GOBP_TRICARBOXYLIC_ACID_METABOLIC_PROCESS",-0.806865217713521,0.734781366104601,1,16,-0.353755589736246,7,"Asl Sirt4 Acly Idh3a Aco2 Sirt1 Akt1"
"GOBP_TRIGLYCERIDE_CATABOLIC_PROCESS",-1.0868982817292,0.379019351083952,1,14,-0.490205934695609,3,"Gpld1 Daglb Ddhd2"
"GOBP_TRNA_5_END_PROCESSING",0.593947448910269,0.95417614559636,1,15,0.224895938144839,3,"Pop1 Thg1l Rpp40"
"GOBP_TRNA_5_LEADER_REMOVAL",0.547084622979304,0.972136222910217,1,12,0.221606850930738,2,"Pop1 Rpp40"
"GOBP_TRNA_DECAY",-0.907740104644745,0.606845898004435,1,20,-0.38018291750288,12,"Slfn9 Ang Trnt1 Mettl1 Nsun2 Exosc9 Exosc2 Wdr4 Slfn8 Exosc3 Slfn2 Akt1"
"GOBP_TRNA_METABOLIC_PROCESS",-0.73963385057142,0.945535148828372,1,173,-0.231469738459699,73,"Gtdc1 Qtrt2 Trmt10a Mto1 Adat2 Mars2 Slfn9 Polr3d Tyw3 Mtfmt Nsun6 Tsen2 Ctu1 Dtd1 Ang Dalrd3 Trmt10c Trnt1 Elp6 Mettl1 Trmt2a Pyroxd1 Alkbh8 Gatb Trmt61a Trp53rkb Dph3 Polr2l Rpp14 Lage3 Pus10 Elac1 Clp1 Tsen34 Nsun2 Mettl8 Trmt13 Dtwd2 Dars2 Rpp25l Hsd17b10 Mocs3 Lars2 Pop4 Gtpbp3 Iars2 Trpt1 Exosc9 Yrdc Thumpd3 Elac2 Trub2 Sepsecs Pus1 Exosc2 Mettl6 Trmt5 Rpusd4 Aars2 Qrsl1 Trmt112 Mettl2 Wdr4 Tsen54 Slfn8 Nars2 Prorp Dtwd1 Tsen15 Tyw5 Exosc3 Slfn2 Sars2"
"GOBP_TRNA_METHYLATION",-0.736160575578732,0.863839001401095,1,38,-0.27423591808636,20,"Trmt10a Mto1 Tyw3 Nsun6 Dalrd3 Trmt10c Mettl1 Alkbh8 Trmt61a Nsun2 Mettl8 Trmt13 Hsd17b10 Gtpbp3 Thumpd3 Mettl6 Trmt5 Trmt112 Mettl2 Wdr4"
"GOBP_TRNA_MODIFICATION",-0.690513017182706,0.955201819215463,1,88,-0.228809690258304,35,"Gtdc1 Qtrt2 Trmt10a Mto1 Adat2 Tyw3 Mtfmt Nsun6 Ctu1 Dalrd3 Trmt10c Elp6 Mettl1 Alkbh8 Trmt61a Dph3 Pus10 Nsun2 Mettl8 Trmt13 Dtwd2 Hsd17b10 Mocs3 Gtpbp3 Yrdc Thumpd3 Trub2 Sepsecs Pus1 Mettl6 Trmt5 Rpusd4 Trmt112 Mettl2 Wdr4"
"GOBP_TRNA_PROCESSING",-0.666964783632243,0.981260831889081,1,129,-0.213555805333128,50,"Gtdc1 Qtrt2 Trmt10a Mto1 Adat2 Tyw3 Mtfmt Nsun6 Tsen2 Ctu1 Dalrd3 Trmt10c Trnt1 Elp6 Mettl1 Trmt2a Pyroxd1 Alkbh8 Trmt61a Trp53rkb Dph3 Rpp14 Lage3 Pus10 Elac1 Clp1 Tsen34 Nsun2 Mettl8 Trmt13 Dtwd2 Rpp25l Hsd17b10 Mocs3 Pop4 Gtpbp3 Trpt1 Yrdc Thumpd3 Elac2 Trub2 Sepsecs Pus1 Mettl6 Trmt5 Rpusd4 Trmt112 Mettl2 Wdr4 Tsen54"
"GOBP_TRNA_THREONYLCARBAMOYLADENOSINE_METABOLIC_PROCESS",-1.00884151594772,0.470420932878271,1,17,-0.437467340101824,11,"Mto1 Trmt10c Trp53rkb Lage3 Mettl8 Hsd17b10 Gtpbp3 Yrdc Trub2 Trmt5 Rpusd4"
"GOBP_TRNA_WOBBLE_BASE_MODIFICATION",-1.09846635496599,0.343442404894919,1,27,-0.433009164103282,8,"Gtdc1 Qtrt2 Mto1 Adat2 Ctu1 Elp6 Alkbh8 Dph3"
"GOBP_TRNA_WOBBLE_URIDINE_MODIFICATION",-0.71938538742271,0.847023893680192,1,18,-0.308904248558379,7,"Mto1 Ctu1 Elp6 Alkbh8 Dph3 Mocs3 Gtpbp3"
"GOBP_TROPHECTODERMAL_CELL_DIFFERENTIATION",-0.8265516791227,0.706281588447653,1,15,-0.368169171320198,3,"Ada Bysl Junb"
"GOBP_TROPHOBLAST_CELL_MIGRATION",-0.611699473899317,0.926066627703098,1,13,-0.279689798349723,1,"Vegfa"
"GOBP_TUBE_FORMATION",-0.993571013717826,0.491163721240413,1,107,-0.322737319971514,26,"Ptk7 Stil Luzp1 Vegfa Cecr2 Wnt6 Bbs4 Kif20b Scrib Tsc1 Mthfr Tgif1 Lmo4 Dab2ip Tctn1 Celsr1 Abcg2 Mthfd1l Glmn Ift122 Specc1l Cdk20 Kdm6a Sox8 Hes5 Ift57"
"GOBP_TUBULIN_DEACETYLATION",1.16323837797453,0.245872218234027,1,20,0.410859030625707,4,"Nek3 Kat2b Kat14 Kat2a"
"GOBP_TUMOR_NECROSIS_FACTOR_MEDIATED_SIGNALING_PATHWAY",-0.652254729181136,0.978388775741118,1,90,-0.215589173000764,19,"Nol3 Tnfrsf13c Plvap Tnfrsf4 Eed Traip Dab2ip Tnf Spata2 Trim27 Naip2 Traf2 Chuk Ptk2b Cpne1 Tnfrsf1a Rnf31 Pias4 Tax1bp1"
"GOBP_TUMOR_NECROSIS_FACTOR_SUPERFAMILY_CYTOKINE_PRODUCTION",-1.00406554994203,0.477888575764145,1,127,-0.321746268606713,26,"Cd36 Cd2 Ccl3 Ccl4 Ccr7 Oas1c Oas1a Igf1 Pomc Ptpn22 Card9 Il18 Cd14 Lrrk2 Sphk2 Foxp3 Zfp36 Lrrfip2 Fzd5 Syt11 Havcr2 Acp5 Ripk2 Kcnn4 Akap12 Ifngr1"
"GOBP_TYPE_2_IMMUNE_RESPONSE",-0.735649956368106,0.846265505410399,1,29,-0.28614538411222,5,"Cd81 Il18 Lilrb4a Prkcz Hlx"
"GOBP_TYPE_2_MITOPHAGY",-0.566686381503205,0.96028880866426,1,15,-0.2524179198304,2,"Hk2 Hdac6"
"GOBP_TYPE_B_PANCREATIC_CELL_APOPTOTIC_PROCESS",0.86388195755843,0.64686369119421,1,11,0.357560689907932,3,"Ager Psmd9 Wfs1"
"GOBP_TYPE_B_PANCREATIC_CELL_DEVELOPMENT",0.787508687300303,0.740806119446896,1,10,0.334939570671214,2,"Bmp6 Sidt2"
"GOBP_TYPE_B_PANCREATIC_CELL_DIFFERENTIATION",-0.476228517090336,0.989041496201052,1,13,-0.217747870640325,3,"Vhl Smo Men1"
"GOBP_TYPE_B_PANCREATIC_CELL_PROLIFERATION",0.836040062038005,0.683977200759975,1,13,0.331313104635434,3,"Nr1d1 Errfi1 Igfbp4"
"GOBP_TYPE_II_INTERFERON_MEDIATED_SIGNALING_PATHWAY",0.442156746950308,0.999282124910266,1,20,0.156170992873308,7,"Ciita Tyk2 Irgm1 Jak2 Igtp Irf1 Parp9"
"GOBP_TYPE_II_INTERFERON_PRODUCTION",-1.13943485308708,0.247870135850794,1,80,-0.381653965547513,22,"Cd2 Ccr7 Tnfrsf13c Ptpn22 Il12a Il18 Cd14 Pde4d Zfpm1 Scrib Ddit3 Foxp3 Pglyrp2 Pde4b Ulbp1 Fzd5 Tnf Havcr2 Ripk2 Cd1d1 Runx1 Il27ra"
"GOBP_TYPE_I_INTERFERON_PRODUCTION",-0.739940290727098,0.926699293094073,1,122,-0.237636458369839,29,"Oas1c Oas1a Ptpn22 Tab1 Cd14 Rnf26 Gbp7 Polr3d Cgas Pola1 Polr3b Traip Irgm2 Zcchc3 Havcr2 Dhx33 Relb Ikbke Ddx56 Irf3 Isg15 Trim27 Trim56 Ddx3x Chuk Hmgb2 Polr3f Gsk3b Btk"
"GOBP_TYROSINE_PHOSPHORYLATION_OF_STAT_PROTEIN",-1.04639704012858,0.411844607443629,1,24,-0.422529153484265,5,"Hes1 Lck Il12a Il18 Il15"
"GOBP_T_CELL_ACTIVATION",-1.00020068869732,0.498792756539235,1,438,-0.299209366379366,75,"Rag2 Itgam Sema6d Rasgrp1 Gadd45g Fut7 Cd6 Ccr7 Hes1 H2-Eb2 Loxl3 Bcl2 Cd81 Lfng Zc3h8 Fanca Lck Igf1 Tnfrsf13c Ephb6 Ankle1 Ptpn22 Cxadr Dusp10 Nck2 Cd59a Il12a Rorc Cd69 Il18 Prkcq Stx11 Rag1 Lilrb4a Zbtb7b Ada Cd86 Il15 Lmo1 Scrib Prkcz Cd59b Tsc1 Tnfrsf4 Cgas Socs6 Sox12 Foxp3 Sema4a Lax1 Rora Hlx Il2ra Ccnd3 H2-Ob Cd55 Fzd5 Thy1 Rab29 Havcr2 Cebpb Tnfrsf21 Twsg1 Drosha Cul4a Itgad Smarcc1 Nfkbid Glmn Smad7 Dusp22 Ripk2 Phf10 Cd1d1 Zc3h12d"
"GOBP_T_CELL_ACTIVATION_INVOLVED_IN_IMMUNE_RESPONSE",-1.18131252614381,0.189055842117067,1,95,-0.387794023082799,17,"Sema6d Gadd45g Ccr7 Loxl3 Cd81 Il12a Rorc Cd69 Il18 Stx11 Zbtb7b Prkcz Tsc1 Foxp3 Sema4a Rora Hlx"
"GOBP_T_CELL_ACTIVATION_VIA_T_CELL_RECEPTOR_CONTACT_WITH_ANTIGEN_BOUND_TO_MHC_MOLECULE_ON_ANTIGEN_PRESENTING_CELL",-1.0987677921548,0.368680825605743,1,11,-0.521804876288214,2,"Sema6d Cd81"
"GOBP_T_CELL_APOPTOTIC_PROCESS",-0.92332341520342,0.597386587771203,1,48,-0.331836556297673,11,"Zc3h8 Rorc Prkcq Rag1 Ada Vhl Tnfrsf4 Il2ra Gimap8 Serpinb9 Nfkbid"
"GOBP_T_CELL_CHEMOTAXIS",-1.21678109031093,0.237142022209234,1,13,-0.556353687237002,3,"Ccl3 Ccr7 Slc12a2"
"GOBP_T_CELL_CYTOKINE_PRODUCTION",-1.2141690055851,0.221721926592987,1,23,-0.494789975972499,8,"Cd81 Trpm4 Il18 Prkcz Foxp3 Cd55 Fzd5 Smad7"
"GOBP_T_CELL_DIFFERENTIATION",-0.998668177007574,0.49758404441246,1,253,-0.30523240439246,30,"Rag2 Rasgrp1 Gadd45g Fut7 Ccr7 Loxl3 Bcl2 Lfng Zc3h8 Fanca Lck Ankle1 Ptpn22 Dusp10 Il12a Rorc Cd69 Il18 Rag1 Zbtb7b Ada Il15 Prkcz Tsc1 Sox12 Foxp3 Sema4a Rora Hlx Il2ra"
"GOBP_T_CELL_DIFFERENTIATION_INVOLVED_IN_IMMUNE_RESPONSE",-1.1486486738706,0.242522983824043,1,73,-0.389208944862606,14,"Gadd45g Ccr7 Loxl3 Il12a Rorc Cd69 Il18 Zbtb7b Prkcz Tsc1 Foxp3 Sema4a Rora Hlx"
"GOBP_T_CELL_EXTRAVASATION",-0.61575784777151,0.918067545055278,1,10,-0.298221469579674,4,"Cd99l2 Il27ra Crkl Icam1"
"GOBP_T_CELL_HOMEOSTASIS",-1.13527507810087,0.280492353599403,1,45,-0.41224552518536,8,"Bcl2 Zc3h8 Rag1 Chst3 Lmo1 Tnfrsf4 Gpr174 Il2ra"
"GOBP_T_CELL_MEDIATED_CYTOTOXICITY",-0.778158120558437,0.803591899121131,1,38,-0.289880922297334,7,"H2-Q2 Il12a Stx11 Nectin2 Ulbp1 Serpinb9 Cd1d1"
"GOBP_T_CELL_MEDIATED_IMMUNITY",-0.800549740602621,0.82752808988764,1,94,-0.263136603064067,18,"Fut7 Cd81 Trpm4 Ephb6 H2-Q2 Il12a Il18 Stx11 Nectin2 Prkcz Foxp3 Cd55 Ulbp1 Fzd5 Serpinb9 Smad7 Dusp22 Cd1d1"
"GOBP_T_CELL_MIGRATION",-0.978490239048836,0.5088,1,49,-0.350515394275235,6,"Ccl3 Ccr7 Cd99l2 Cd69 Gpr15 Slc12a2"
"GOBP_T_CELL_PROLIFERATION",-1.1343292656943,0.219125624933518,1,159,-0.356761394577873,36,"Itgam Rasgrp1 Cd6 Ccr7 Hes1 Cd81 Igf1 Tnfrsf13c Ephb6 Ptpn22 Nck2 Cd59a Il12a Il18 Prkcq Lilrb4a Zbtb7b Cd86 Il15 Lmo1 Scrib Cd59b Tnfrsf4 Foxp3 Il2ra Ccnd3 Cd55 Havcr2 Cebpb Tnfrsf21 Twsg1 Itgad Glmn Ripk2 Cd1d1 Zc3h12d"
"GOBP_T_CELL_RECEPTOR_SIGNALING_PATHWAY",-0.8333750738621,0.79609734707301,1,114,-0.268988700139257,21,"Ccr7 Cd81 Lck Lcp2 Ptpn22 Ermap Nectin2 Pde4d Arpp21 Ada Cd86 Foxp3 Tec Pde4b Thy1 Rab29 Tnfrsf21 Nfkbid Dusp22 Ripk2 Kcnn4"
"GOBP_T_CELL_SELECTION",-1.27369038474271,0.129244114002478,1,46,-0.460565932083201,6,"Ccr7 Loxl3 Bcl2 Cd69 Il15 Foxp3"
"GOBP_T_HELPER_17_CELL_DIFFERENTIATION",-1.27759445198777,0.143584388461036,1,32,-0.489059949950053,8,"Loxl3 Rorc Cd69 Zbtb7b Foxp3 Rora Nfkbid Smad7"
"GOBP_T_HELPER_17_CELL_LINEAGE_COMMITMENT",-1.24858864536508,0.19240614334471,1,17,-0.541429694292543,2,"Loxl3 Cd69"
"GOBP_T_HELPER_17_TYPE_IMMUNE_RESPONSE",-1.2384354987197,0.163656744301906,1,44,-0.451323780646195,11,"Loxl3 Card9 Rorc Cd69 Prkcq Zbtb7b Nlrp10 Foxp3 Rora Nfkbid Smad7"
"GOBP_T_HELPER_1_CELL_DIFFERENTIATION",-1.07442717935651,0.378090424805354,1,22,-0.441426969342185,7,"Gadd45g Ccr7 Il12a Sema4a Hlx Ripk2 Relb"
"GOBP_T_HELPER_2_CELL_DIFFERENTIATION",-0.643471562612192,0.906882002036956,1,14,-0.290214442420973,3,"Il18 Prkcz Hlx"
"GOBP_T_HELPER_CELL_LINEAGE_COMMITMENT",-1.15674497877469,0.284229490022173,1,20,-0.48447201857351,2,"Loxl3 Cd69"
"GOBP_UBIQUITIN_DEPENDENT_PROTEIN_CATABOLIC_PROCESS_VIA_THE_C_END_DEGRON_RULE_PATHWAY",-0.527162273865179,0.978136610460131,1,16,-0.231124848343741,7,"Cul2 Cul4a Klhdc1 Appbp2 Eloc Fem1a Rbx1"
"GOBP_UBIQUITIN_DEPENDENT_PROTEIN_CATABOLIC_PROCESS_VIA_THE_MULTIVESICULAR_BODY_SORTING_PATHWAY",-1.02555298831925,0.436790709949855,1,29,-0.398908816930871,9,"Vps37d Hdac6 Chmp7 Vps4a Vps25 Chmp1a Vps36 Rnf115 Vps28"
"GOBP_UBIQUITIN_RECYCLING",0.977624734434267,0.477399380804954,1,12,0.396005169383407,3,"Ube2c Prkn Vps54"
"GOBP_UDP_N_ACETYLGLUCOSAMINE_METABOLIC_PROCESS",1.24882419455984,0.209473374521918,1,10,0.531144159188424,4,"Gnpda2 Pgm3 Gne Amdhd2"
"GOBP_UNSATURATED_FATTY_ACID_BIOSYNTHETIC_PROCESS",-1.0572653099945,0.395519454998035,1,31,-0.407007567684557,5,"Ptges3l Pla2g4a Ptgds Fabp5 Daglb"
"GOBP_UNSATURATED_FATTY_ACID_METABOLIC_PROCESS",-0.929111342955816,0.590665366804777,1,52,-0.329865599657616,7,"Ptges3l Pla2g4a Ptgds Ephx2 Fabp5 Daglb Ephx1"
"GOBP_URATE_METABOLIC_PROCESS",0.74696289634767,0.787290379523389,1,10,0.317694821459932,1,"Hfe"
"GOBP_UROGENITAL_SYSTEM_DEVELOPMENT",1.15710406299345,0.213957759412305,1,37,0.351164785904532,11,"Rarg Cyp7b1 Rxra Acvr1 Ephb2 Amh Stat5a Igf1r Eaf2 Apc Rara"
"GOBP_UTERUS_DEVELOPMENT",-0.935211429668953,0.568456278190019,1,14,-0.421793097592832,4,"Esr1 Itih5 Kdm5b Cdkn1c"
"GOBP_VACUOLAR_ACIDIFICATION",0.399566444323694,0.999621212121212,1,24,0.134140474663246,24,"Cln3 Tmem199 Atp6v0a1 Atp6v1b2 Snapin Tmem106b Atp6v1d Ppt1 Grn Tcirg1 Lamp2 Creg1 Atp6v0d1 Atp6v0c Vma21 Dmxl1 Lamp1 Cln6 Atp6ap2 Cln5 Ccdc115 Atp6v0a2 Clic4 Tmem9"
"GOBP_VACUOLAR_TRANSPORT",-0.578231275443511,0.9990435706695,1,160,-0.181778825750398,30,"Lrp1 Ehd3 Vps37d Plekhm1 Mon1a Hdac6 Mon1b Rab7b Irgm2 Lypla1 Ccdc91 Rbsn Chmp7 Gprasp1 Vps4a Slc30a4 Zdhhc19 Zdhhc12 Tgfbrap1 Vps25 Stx8 Chmp1a Vps36 Ankfy1 Atg14 Hgs Mtm1 Pik3r4 Vps28 Vps51"
"GOBP_VACUOLE_FUSION",-0.64793250729339,0.897720631209819,1,13,-0.296256773205835,3,"Hid1 Chmp7 Chmp1a"
"GOBP_VACUOLE_ORGANIZATION",-0.449176708581101,1,1,241,-0.137697928469386,26,"Wipi1 Gm12185 Abca1 Chek2 Rab39 Tbc1d12 Snx7 Irgq Lrrk2 Bag3 Trp53inp2 Rab7b Tmem9 Deptor Washc5 Irgm2 Synpo2 Naglu Hps4 Hid1 Ubqln2 Phf23 Chmp7 Ube3c Atg2a Vps4a"
"GOBP_VASCULAR_ASSOCIATED_SMOOTH_MUSCLE_CELL_DIFFERENTIATION",-1.28448830476011,0.157563905573404,1,19,-0.543413476719001,7,"Hes1 Vegfa Pdgfrb Eng Kit Vangl2 Nfatc1"
"GOBP_VASCULAR_ASSOCIATED_SMOOTH_MUSCLE_CELL_MIGRATION",-1.08372924026417,0.361133280127694,1,27,-0.427199877647233,7,"Lrp1 Tert Ddit3 Kcnn4 Tpm1 Smo Dock7"
"GOBP_VASCULAR_ASSOCIATED_SMOOTH_MUSCLE_CELL_PROLIFERATION",-1.14332298082146,0.271043143105806,1,45,-0.415167911087852,9,"Hmox1 Ppargc1a Igf1 Nqo2 Tert Ddit3 Jun Cdkn1a Tnf"
"GOBP_VASCULAR_ASSOCIATED_SMOOTH_MUSCLE_CONTRACTION",-0.884264544873029,0.631794272355348,1,13,-0.404315816501837,3,"Bbs2 Smpd3 Zdhhc21"
"GOBP_VASCULAR_ENDOTHELIAL_CELL_PROLIFERATION",-0.554309274437219,0.968276650471563,1,16,-0.243026964070263,1,"Igf1"
"GOBP_VASCULAR_ENDOTHELIAL_GROWTH_FACTOR_PRODUCTION",-0.807412923150524,0.738583345115227,1,18,-0.346703292369744,4,"Brca1 AI182371 Rora Tnf"
"GOBP_VASCULAR_ENDOTHELIAL_GROWTH_FACTOR_RECEPTOR_SIGNALING_PATHWAY",-1.0641429722724,0.383849116748572,1,28,-0.416947804547716,9,"Vegfa Vegfd Cd59a Vegfc Dab2ip Flt4 Prkd2 Ptk2b Hgs"
"GOBP_VASCULAR_PROCESS_IN_CIRCULATORY_SYSTEM",-0.99506775604285,0.495428820200261,1,121,-0.319803743985433,23,"Cd36 Ccl4 Lrp1 Faah Trpm4 Vegfa Wdr35 Slc5a6 Fabp5 Il18 Plvap S100a1 Bbs2 Egfr Smpd3 Tnf Zdhhc21 Rgs2 Abcg2 Add3 Akap12 Plekha7 Adra1b"
"GOBP_VASCULAR_WOUND_HEALING",-1.08141910555579,0.391115764283578,1,11,-0.51356598420456,4,"Vegfa Slc12a2 Tnf Cxcr4"
"GOBP_VASCULATURE_DEVELOPMENT",-1.09704383759312,0.207416340066325,1,451,-0.327883627674564,86,"Ptk7 Cd36 E2f2 Lrp1 Myo1e Epha1 Hmga2 E2f7 Tmem231 Rasip1 Hmox1 Itga5 Luzp1 E2f8 Egfl8 Hes1 Egfl7 Ntrk1 Zfp354c Lrp5 Vegfa Elmo3 Pde3b Brca1 Adgrg1 Igf1 Tnfrsf12a Vegfd Cd93 Tab1 Pik3r3 Nr4a1 Gpld1 Cd59a Meis3 Gja4 Il12a Cd40 Il18 Gpr15 Angpt4 Pdgfrb B9d1 Plau Hk2 S100a1 Bcam Vhl Pkd2 Tert Slc12a2 Meis1 Ddit3 Sphk2 Kif7 Fbxw8 Sema4a Vegfc Socs3 Rora Prox2 Flvcr1 Mrtfb Jun Hoxa3 Ang Fzd5 Dab2ip Jup Tnf Thy1 Rbm15 Fmnl3 Hdac7 Junb Abcg2 Clic4 Naglu Eng Pofut1 Glmn Smad7 Paxip1 Ecm1 Rgcc Flna"
"GOBP_VASCULOGENESIS",-1.13534637954664,0.273657596917891,1,57,-0.397658977029421,12,"Myo1e Rasip1 Egfl8 Egfl7 Elmo3 Pdgfrb Hdac7 Junb Abcg2 Eng Glmn Paxip1"
"GOBP_VASOCONSTRICTION",-1.02109183609698,0.441640378548896,1,40,-0.37725677487818,9,"Faah Trpm4 Wdr35 Bbs2 Egfr Smpd3 Zdhhc21 Add3 Adra1b"
"GOBP_VASODILATION",-0.721768100256738,0.875290472501936,1,35,-0.272585781178801,7,"Vegfa S100a1 Bbs2 Egfr Tnf Rgs2 Plekha7"
"GOBP_VENTRAL_SPINAL_CORD_DEVELOPMENT",-0.668515277196143,0.8980044345898,1,20,-0.279989930134401,5,"Lmo4 Cacna1a Tctn1 Ighmbp2 Gdpd5"
"GOBP_VENTRICULAR_CARDIAC_MUSCLE_TISSUE_DEVELOPMENT",1.13169414577232,0.259199353012535,1,28,0.366049749287987,4,"Dll4 Rxra Tgfbr3 Mybpc3"
"GOBP_VENTRICULAR_CARDIAC_MUSCLE_TISSUE_MORPHOGENESIS",1.17800152813122,0.216666666666667,1,24,0.395472859101095,4,"Dll4 Rxra Tgfbr3 Mybpc3"
"GOBP_VENTRICULAR_SEPTUM_DEVELOPMENT",-1.17287429679462,0.236143978079462,1,44,-0.427431273085548,9,"Ptk7 Luzp1 Hes1 Fgfrl1 Zfpm1 Dand5 Lmo4 Rbm15 Smad7"
"GOBP_VENTRICULAR_SEPTUM_MORPHOGENESIS",-0.78421648793845,0.775549188156638,1,23,-0.319578621624686,5,"Hes1 Fgfrl1 Zfpm1 Rbm15 Smad7"
"GOBP_VENTRICULAR_SYSTEM_DEVELOPMENT",-1.13303739500489,0.301529790660225,1,25,-0.453499727514575,5,"Sema6d Nfix Bbs4 Ttc21b Pax5"
"GOBP_VERY_LONG_CHAIN_FATTY_ACID_METABOLIC_PROCESS",1.01613562223845,0.413793103448276,1,18,0.366108454693215,8,"Acot2 Acox1 Hacd2 Elovl5 Pex5 Elovl1 Elovl6 Hacd1"
"GOBP_VESICLE_BUDDING_FROM_MEMBRANE",0.393403084171428,1,1,75,0.103811576149859,17,"Sec31b Btbd8 Prkn Prkci Tbc1d20 Trappc8 Vapa Trappc10 Preb Golph3l P2rx7 Pdcd6 Trappc9 Mia3 Ap3s2 Trappc11 Sec31a"
"GOBP_VESICLE_CARGO_LOADING",0.88238917125492,0.657407407407407,1,27,0.289616332074968,7,"Sec31b Tbc1d20 Preb Mia3 Mia2 Ap3s2 Sec31a"
"GOBP_VESICLE_COATING",-0.40449648402563,0.99960696973667,1,31,-0.155716004813478,31,"Klhl12 Trappc13 Arfgap3 Trappc6a Trappc4 Trappc2 Sar1b Trappc3 Trappc12 Pef1 Trappc1 Arfgap2 Cul3 Tmed9 Ap3m2 Trappc6b Sec16a Trappc2l Sar1a Gbf1 Ap3s1 Trappc5 Ap3d1 Tfg Trappc11 Ap3s2 Trappc9 Pdcd6 Preb Trappc10 Trappc8"
"GOBP_VESICLE_CYTOSKELETAL_TRAFFICKING",-0.758243323966864,0.849353846153846,1,49,-0.271618404609905,3,"Rasgrp1 Fnbp1l Prkcz"
"GOBP_VESICLE_DOCKING",-0.774418888067941,0.814258675078864,1,40,-0.286119976469491,10,"Kcnb1 Unc13a Stx11 Ykt6 Stx1a Exoc5 Camk2a Cep83 Exoc8 Stx8"
"GOBP_VESICLE_DOCKING_INVOLVED_IN_EXOCYTOSIS",-0.870010650590798,0.660896403650027,1,25,-0.348222922488804,7,"Kcnb1 Unc13a Ykt6 Stx1a Exoc5 Camk2a Exoc8"
"GOBP_VESICLE_FUSION_TO_PLASMA_MEMBRANE",0.794981697477153,0.744556386090348,1,15,0.301016790273497,4,"Stxbp1 Doc2g Rph3al Snap23"
"GOBP_VESICLE_LOCALIZATION",-0.740709572317612,0.944901836605446,1,176,-0.23154454282569,20,"Rasgrp1 Wipi1 Baiap3 Mreg Fnbp1l Unc13a Klhl12 Lrrk2 Scrib Prkcz Ykt6 Bcl2l1 Atp9a Smpd3 Syt11 Sdc1 Exoc5 Naglu Trappc13 F8a"
"GOBP_VESICLE_MEDIATED_TRANSPORT_BETWEEN_ENDOSOMAL_COMPARTMENTS",0.785438363875915,0.885114885114885,1,43,0.231766945053904,5,"Rab11fip3 Hook2 Kif16b Wdr81 Ptpn23"
"GOBP_VESICLE_MEDIATED_TRANSPORT_IN_SYNAPSE",-0.855626714954207,0.806787424526338,1,204,-0.264581397441579,24,"Ncs1 Lrp1 Napb Ddc Slc18a2 Cxadr Unc13a Stx11 Cask Fbxo45 Lrrk2 Pick1 Ppp3cc Scrib Atp6v1g2 Cspg5 Sv2c Stx1a Bcl2l1 Grik5 Cacna1a Tbc1d24 Sv2a Syt11"
"GOBP_VESICLE_MEDIATED_TRANSPORT_TO_THE_PLASMA_MEMBRANE",-0.811946353818095,0.844413317530439,1,136,-0.258618949154055,19,"Rab11fip4 Ehd3 Lyplal1 Rab26 Ankrd50 Snx7 Pkdcc Gga2 Scrib Bbs2 Actn2 Llgl1 Atp9a Lypla1 Ehd1 Mtmr4 Exoc5 Camk2a Arl4c"
"GOBP_VESICLE_ORGANIZATION",-0.637066451017743,0.999389064250076,1,306,-0.193167604783612,47,"Bcl2 Abca1 Stxbp6 Mycbpap Diaph3 Baiap3 Pla2g4a Tbc1d4 Fnbp1l Rab39 Unc13a Klhl12 Stx11 Nectin2 Usp50 Lrrk2 Rnf26 Acrbp Plekhm1 Atp6v1g2 Slc35d3 Stx1a Pi4k2b Rab7b Cep78 Tmem9 Grik5 Washc5 Syt11 Sdc1 Rab29 Hps4 Hid1 Trappc13 Rfx2 Chmp7 Poc1b Erc1 Vps4a Exoc8 Tgfbrap1 Stx8 Ankrd27 Stam2 Ap1s3 S100a10 Arfgap3"
"GOBP_VESICLE_TARGETING",-0.843744470491688,0.731289232254949,1,56,-0.296132720857241,19,"Wipi1 Klhl12 Scrib Ykt6 Exoc5 Naglu Trappc13 Exoc8 Map4k2 Arfgap3 Stard3nl Clasp1 Exoc7 Trappc6a Ap1ar Ahi1 Exoc4 Exoc6b Trappc4"
"GOBP_VESICLE_TARGETING_ROUGH_ER_TO_CIS_GOLGI",-0.554094295302899,0.973180611817293,1,19,-0.234414207061968,1,"Klhl12"
"GOBP_VESICLE_TARGETING_TO_FROM_OR_WITHIN_GOLGI",-1.05806891842986,0.393544959489972,1,28,-0.414567895568997,2,"Wipi1 Klhl12"
"GOBP_VESICLE_TETHERING",0.514464296117768,0.997467285774588,1,31,0.162454873646209,31,"5730455P16Rik Trappc8 Trappc10 Trappc9 Trappc11 Exoc2 Wdr11 Fam91a1 Stard3 Exoc3 Trappc5 Trappc2l Trappc6b Exoc1 Trip11 Trappc1 Trappc12 Tbc1d23 Trappc3 Exoc6 Trappc2 Trappc4 Exoc6b Exoc4 Trappc6a Exoc7 Stard3nl Exoc8 Trappc13 Naglu Exoc5"
"GOBP_VESICLE_TRANSPORT_ALONG_MICROTUBULE",-0.691157441600675,0.915461064284816,1,41,-0.254518900578321,1,"Rasgrp1"
"GOBP_VIRAL_BUDDING",0.66405724916544,0.935391241923905,1,20,0.234546867467658,2,"Lrsam1 Chmp2b"
"GOBP_VIRAL_BUDDING_VIA_HOST_ESCRT_COMPLEX",-0.519910976260406,0.980565875964561,1,16,-0.227945646905614,7,"Chmp7 Vps4a Chmp1a Vps37b Chmp4b Vps4b Tsg101"
"GOBP_VIRAL_GENE_EXPRESSION",-0.885343394725256,0.656574394463668,1,47,-0.319132603661236,11,"Shfl Oaz2 Mon1b Zfp36 Denr Trim13 Trim27 Larp7 Ifit1 Gtf2b Ubp1"
"GOBP_VIRAL_LIFE_CYCLE",-0.99517012836648,0.504153959406878,1,185,-0.309980023509934,24,"Fbxl2 Gm11772 Hmga2 Shfl Oas1c Bcl2 Bicd1 Cd81 Oas1a Tpcn1 Timd2 Hyal2 Gpr15 Nectin2 Fam111a Smc5 Isg20 Gbp7 Tmprss4 Top2a Lrrc15 Cd55 Slc20a2 Tnf"
"GOBP_VIRAL_PROCESS",-0.951576440470366,0.613189993797809,1,230,-0.292190940623612,28,"Fbxl2 Gm11772 Hmga2 Shfl Oas1c Bcl2 Bicd1 Cd81 Oas1a Tpcn1 Timd2 Hyal2 Gpr15 Nectin2 Fam111a Smc5 Isg20 Gbp7 Oaz2 Mon1b Tmprss4 Top2a Zfp36 Lrrc15 Jun Cd55 Slc20a2 Tnf"
"GOBP_VIRAL_RELEASE_FROM_HOST_CELL",0.690038832576714,0.914957105557628,1,22,0.238304233155231,2,"Cav2 Chmp2b"
"GOBP_VIRAL_TRANSCRIPTION",-0.826090217894788,0.726113794954375,1,25,-0.330643710763072,10,"Mon1b Zfp36 Trim13 Trim27 Larp7 Gtf2b Ubp1 Sp100 Dhx9 Trim62"
"GOBP_VIRAL_TRANSLATION",-1.02284843645395,0.450388026607539,1,20,-0.428392995687364,3,"Shfl Oaz2 Denr"
"GOBP_VIRION_ASSEMBLY",0.813578077443538,0.78960396039604,1,29,0.261817776741511,5,"Apoe Lrsam1 Rab43 Chmp2b Tbc1d20"
"GOBP_VISUAL_BEHAVIOR",-0.95809214896311,0.542652859960552,1,48,-0.344332217826093,8,"Chrnb2 Sct Adam2 Pde8b Rag1 Ctns Slc1a2 Tanc1"
"GOBP_VITAMIN_BIOSYNTHETIC_PROCESS",0.90019763386304,0.592693752133834,1,18,0.324336591926652,4,"Pdxk Snai1 Gfi1 Vkorc1"
"GOBP_VITAMIN_D_RECEPTOR_SIGNALING_PATHWAY",0.644623045675929,0.907430340557276,1,12,0.261116611926831,1,"Rxra"
"GOBP_VITAMIN_METABOLIC_PROCESS",0.761985135100488,0.843560606060606,1,24,0.255809888845202,4,"Pdxk Snai1 Gfi1 Vkorc1"
"GOBP_VITAMIN_TRANSMEMBRANE_TRANSPORT",-0.59386361157534,0.937463471654003,1,13,-0.271534635643783,1,"Slc5a6"
"GOBP_VITAMIN_TRANSPORT",-0.546115959021027,0.981511040170258,1,27,-0.215275792335468,9,"Slc5a6 Abcg2 Abcc5 Amn1 Slc25a32 Slc19a2 Cd320 Slc52a3 Abcg3"
"GOBP_V_D_J_RECOMBINATION",-1.19124828648835,0.244587232853751,1,19,-0.503967510328624,9,"Rag2 Rag1 Smc4 Ezh2 Cyren Dcaf1 Hmgb1 Foxp1 Ncaph"
"GOBP_WALKING_BEHAVIOR",1.04731398936642,0.362600253271423,1,31,0.330715392874381,6,"Ulk4 Agtpbp1 Borcs7 Large1 Idua Npc1"
"GOBP_WHITE_FAT_CELL_DIFFERENTIATION",0.779575320013368,0.768935762224353,1,14,0.302275202896275,3,"Per2 Ctbp2 Retreg1"
"GOBP_WNT_SIGNALING_PATHWAY",-0.954504879512613,0.617797826532705,1,276,-0.290919384595814,47,"Ptk7 Lrp1 Hmga2 Itga3 Wnt10a Tmem88 Depdc1b Lrp5 Trpm4 Ccnyl1 Ccne1 Wnt6 Siah1b Bbs4 Jrk Klhl12 Siah1a Rac3 Amer1 Ifrd2 Lrrk2 Mllt3 Pkd2 Tert Ddit3 Ttc21b Bambi Cdon Hmgxb4 Bcl7a Disc1 Egfr Tmem9 Lrrfip2 Fzd5 Dab2ip Jup Tmem198b Sdc1 Thra Abcg2 Tiam1 Peg12 Lgr5 Smad7 Frat1 Mdfi"
"GOBP_WNT_SIGNALING_PATHWAY_PLANAR_CELL_POLARITY_PATHWAY",0.781842345822148,0.768974700399467,1,16,0.291382908558091,2,"Fzd3 Znrf3"
"GOBP_WOUND_HEALING",-0.974051354973018,0.55827711468604,1,217,-0.300160108404256,40,"Ptk7 Cd36 Angptl2 Hmox1 Itga5 Vegfa F2rl2 Adgrg1 Igf1 Pla2g4a Tnfrsf12a Pros1 Cxadr Prkcq Angpt4 Lilrb4a S100a9 Cask Plau Tfpi Pard3 Slc12a2 Scrib F5 Tec Thbd Cdkn1a Tnf Syt11 Celsr1 Abcg2 Prrg2 Eng Hps4 Prkce Flna Chmp7 Lrrc25 Vps4a Casp7"
"GOBP_WOUND_HEALING_SPREADING_OF_EPIDERMAL_CELLS",-1.03760769447622,0.445857943359079,1,10,-0.502530162812798,1,"Itga5"
"GOBP_XENOBIOTIC_CATABOLIC_PROCESS",0.970833515524166,0.493674610179465,1,10,0.412910442928094,2,"Gstm5 Pon3"
"GOBP_XENOBIOTIC_METABOLIC_PROCESS",-0.598452780069014,0.971660440551333,1,36,-0.225072868970654,13,"Rorc Rbbp9 Cryz Rora Cyp2r1 Gsto1 Prkce Cyp2u1 Bphl Gstm1 Gstm4 As3mt Cyp2j9"
"GOBP_XENOBIOTIC_TRANSPORT",-0.837186748138443,0.705280392959476,1,23,-0.341164705317361,6,"Slc18a2 Abcb4 Egfr Abcg2 Abcc5 Slc43a3"
"GOBP_XENOPHAGY",1.0114703953265,0.432423435419441,1,16,0.376962423800056,4,"Nod1 Lrsam1 Nod2 Lgals8"
"GOBP_ZINC_ION_TRANSPORT",-0.683091434008169,0.889359377134271,1,22,-0.280647201868467,2,"Slc11a2 Slc39a8"
"GOBP_ZYMOGEN_ACTIVATION",0.906903551028086,0.5908111988514,1,20,0.320320856757846,10,"Mmp14 Klk1b11 Klk1 Plgrkt Klk1b27 Dhcr24 Vsir Plaur Eno1 Ctsh"
"GOBP_ZYMOSTEROL_METABOLIC_PROCESS",0.937679303145136,0.540461488462788,1,15,0.355048694874828,3,"Nsdhl Hsd17b7 Fdft1"
