"pathway","NES","pval","padj","size","ES","leading_edge_n","leading_edge_genes"
"REACTOME_ACTIVATION_OF_ATR_IN_RESPONSE_TO_REPLICATION_STRESS",2.67539689735514,1.36637906907608e-11,1.14365928081668e-08,36,0.791362191444425,26,"Cdc7 Cdc6 Chek1 Mcm8 Mcm2 Mcm5 Mcm3 Mcm7 Clspn Rpa1 Cdc45 Mcm6 Rfc4 Mcm4 Mcm10 Rfc5 Orc6 Rpa2 Orc5 Rfc3 Cdc25a Rad9b Rfc2 Rad9a Cdc25c Rpa3"
"REACTOME_G2_M_CHECKPOINTS",2.36053622905965,1.09946086772166e-10,4.60124373141514e-08,119,0.557865884622235,41,"Cdc7 Brip1 Cdc6 Dna2 Chek1 Mcm8 Nbn Exo1 Mcm2 Mcm5 Mcm3 Blm Bard1 Mcm7 Rmi2 Clspn Rpa1 Cdc45 Mcm6 Topbp1 Rfc4 Mcm4 Mcm10 Rfc5 Orc6 Rpa2 Brca1 Orc5 Rnf168 Rfc3 Cdc25a Rad9b Atm Rfc2 Gtse1 Rad9a Cdc25c Brcc3 Trp53 Pkmyt1 Rpa3"
"REACTOME_ACTIVATION_OF_THE_PRE_REPLICATIVE_COMPLEX",2.6366283507242,4.34730907625628e-10,9.93945250741518e-08,32,0.799434995976169,21,"Cdc7 Cdc6 Pole Cdt1 Prim1 Pola1 Mcm8 Mcm2 Mcm5 Mcm3 Mcm7 Rpa1 Cdc45 Mcm6 Mcm4 Mcm10 Orc6 Rpa2 Pola2 Orc5 Gmnn"
"REACTOME_DNA_REPLICATION",2.30243311066586,4.75003704058073e-10,9.93945250741518e-08,116,0.544490487540786,37,"Cdc7 Cdc6 Ccne1 Pole Cdt1 Prim1 Dna2 Pola1 Mcm8 Mcm2 Mcm5 Mcm3 Mcm7 Gins1 Rpa1 Lig1 Cdc45 Mcm6 Rfc4 Mcm4 Mcm10 Rfc5 Orc6 Rpa2 Pola2 Orc5 Rfc3 Gmnn Fen1 Gins2 Pcna Rfc2 Pole3 Kpnb1 Pold1 Rpa3 Anapc15"
"REACTOME_MAJOR_PATHWAY_OF_RRNA_PROCESSING_IN_THE_NUCLEOLUS_AND_CYTOSOL",2.06647714686796,2.75371542158826e-09,4.60971961573875e-07,174,0.463826006750803,123,"Rpp40 Utp25 Gm6525 Wdr12 Rpl10-ps3 Exosc8 Utp20 Ftsj3 Tsr1 Fbl Gnl3 Exosc2 Pwp2 Rrp9 Rpp38 Nob1 Rps2 Tbl3 Nop56 Rcl1 Nip7 Imp4 Rpl36a-ps1 Ddx21 Dis3 Exosc5 Rpl12 Rpl22l1 Nop58 Rpsa Riok2 Rps27rt Rpl14 Rpl36a Nol11 Exosc9 Pelp1 Ncl Eri1 Rps6 Rps26 Rps5 Rps12 Rps19 Rplp0 Rpl37 Rpl39 Bop1 Pdcd11 Nol6 Rps18 Rpl10 Rps20 Rps3 Rplp2 Rpl3 Rpl32 Rps8 Noc4l Wdr46 Rpl4 Rps25 Wdr36 Nop14 Rps23 Pes1 Rpl28 Rpl23a Rplp1 Rps28 Bysl Utp3 Rpl35 Rps4x Exosc3 Rpl15 Rpl19 Snu13 Rpl6 Rpl8 Krr1 Rpl24 Rpl23 Exosc1 Rps17 Wdr43 Rps7 Rpl27a Rrp7a Rps29 Rpl26 Rpl29 Rpl13 Rps15a Rps21 Rps27l Rpl18a Rps9 Pno1 Rpl5 Rps15 Rpl18 Rps11 Rpl13a Rps3a1 Rpl7 Ddx49 Utp14a Imp3 Mphosph10 Rpl22 Rpl21 Rps16 Rpl35a Exosc7 Wdr75 Rpl31 Rps14 Rps10 Ebna1bp2 Rpl34 Rpp14 Rpl27"
"REACTOME_HOMOLOGY_DIRECTED_REPAIR",2.13932066044073,1.62690757498651e-07,2.26953606710618e-05,100,0.520254775577316,40,"Brip1 Pole Timeless Rad51b Xrcc3 Dna2 Chek1 Nbn Exo1 Polq Blm Bard1 Rmi2 Clspn Brca2 Rpa1 Rad51 Topbp1 Rfc4 Tipin Parp1 Rfc5 Rpa2 Brca1 Rnf168 Rfc3 Mus81 Fignl1 Fen1 Parp2 Rad9b Atm Pcna Rfc2 Pole3 Rad9a Brcc3 Pold1 Ercc4 Rpa3"
"REACTOME_G1_S_TRANSITION",2.13423820715187,3.90994216395227e-07,4.67517370175436e-05,92,0.526033487548007,25,"Cdc7 Cdc6 Ccne1 Pole Cdt1 Prim1 Pola1 Mcm8 Mcm2 Mcm5 Mcm3 Mcm7 Rpa1 Cdc45 Mcm6 Mcm4 Mcm10 Orc6 Rpa2 Pola2 Orc5 Cdk4 Cdc25a Gmnn Cks1b"
"REACTOME_DNA_STRAND_ELONGATION",2.34799293084905,8.00053566937497e-07,8.37056044408356e-05,24,0.763804491424163,17,"Prim1 Dna2 Pola1 Gins1 Rpa1 Lig1 Rfc4 Rfc5 Rpa2 Pola2 Rfc3 Fen1 Gins2 Pcna Rfc2 Pold1 Rpa3"
"REACTOME_DNA_REPLICATION_PRE_INITIATION",2.10447595902336,1.45958725481923e-06,0.000134904745136143,88,0.522034166935456,25,"Cdc7 Cdc6 Pole Cdt1 Prim1 Pola1 Mcm8 Mcm2 Mcm5 Mcm3 Mcm7 Rpa1 Cdc45 Mcm6 Mcm4 Mcm10 Orc6 Rpa2 Pola2 Orc5 Gmnn Pole3 Kpnb1 Rpa3 Anapc15"
"REACTOME_TELOMERE_C_STRAND_LAGGING_STRAND_SYNTHESIS",2.32241317044513,1.61176517486431e-06,0.000134904745136143,33,0.699605046514715,20,"Chtf18 Prim1 Dna2 Pola1 Stn1 Blm Rpa1 Lig1 Rfc4 Rfc5 Rpa2 Pola2 Rfc3 Fen1 Pcna Rfc2 Ctc1 Pold1 Rpa3 Dscc1"
"REACTOME_CELL_CYCLE_CHECKPOINTS",1.67864768756313,1.94914150498746e-06,0.000148311949061319,245,0.365158767694597,64,"Cdc7 Brip1 Cdc6 Ccne1 Cenpk Dna2 Chek1 Mcm8 Nbn Exo1 Spdl1 Mcm2 Cenph Mcm5 Mcm3 Blm Bard1 Mcm7 Rmi2 Clspn Kntc1 Rpa1 Cdc45 Mcm6 Topbp1 Rfc4 Mcm4 Nup133 Mcm10 Rfc5 Rcc2 Orc6 Cenpm Rpa2 Brca1 Cenpp Orc5 Cenps Rnf168 Rfc3 Cdc25a Rad9b Atm Rfc2 Gtse1 Clasp1 Rad9a Rps27rt Cenpn Cdc25c Brcc3 Trp53 Kif2a Pkmyt1 Rpa3 Anapc15 Cenpt Nudc Zwilch Nup85 Ahctf1 Spc24 Ppp2r5d Nup43"
"REACTOME_EXTENSION_OF_TELOMERES",2.18334335842146,2.28184599451899e-06,0.000159158758117699,47,0.61189968169987,24,"Chtf18 Prim1 Dna2 Pola1 Rtel1 Stn1 Blm Rpa1 Lig1 Nhp2 Rfc4 Dkc1 Rfc5 Gar1 Rpa2 Pola2 Rfc3 Fen1 Pcna Rfc2 Ctc1 Pold1 Rpa3 Dscc1"
"REACTOME_PROCESSING_OF_DNA_DOUBLE_STRAND_BREAK_ENDS",2.11856297224786,3.06946427203949e-06,0.000197626276592081,61,0.562395229252219,25,"Brip1 Timeless Dna2 Chek1 Nbn Exo1 Blm Bard1 Rmi2 Clspn Rpa1 Topbp1 Rfc4 Tipin Rfc5 Rpa2 Brca1 Rnf168 Rfc3 Rad9b Atm Rfc2 Rad9a Brcc3 Rpa3"
"REACTOME_S_PHASE",1.8879456911788,4.2192355732471e-06,0.000252250012486273,131,0.439894973283662,39,"Cdc6 Ccne1 Pole Cdt1 Esco2 Prim1 Dna2 Pola1 Mcm8 Mcm2 Mcm5 Mcm3 Mcm7 Gins1 Rpa1 Lig1 Mcm6 Rfc4 Mcm4 Rfc5 Orc6 Rpa2 Pola2 Orc5 Cdk4 Rfc3 Cdc25a Gmnn Fen1 Gins2 Pcna Cks1b Rfc2 Pole3 Smc3 Pold1 Rpa3 Anapc15 Cdca5"
"REACTOME_CHROMOSOME_MAINTENANCE",2.04109178741155,4.73848191200791e-06,0.000259470473670459,78,0.515082426575828,32,"Cenpk Chtf18 Prim1 Dna2 Pola1 Rtel1 Stn1 Cenph Blm Rpa1 Lig1 Nhp2 Rfc4 Dkc1 Rfc5 Gar1 Cenpm Rpa2 Pola2 Cenpp Cenps Rfc3 Fen1 Pcna Rfc2 Npm1 Ctc1 Cenpn Pold1 Rpa3 Dscc1 Cenpt"
"REACTOME_NONSENSE_MEDIATED_DECAY_NMD_INDEPENDENT_OF_THE_EXON_JUNCTION_COMPLEX_EJC",1.99837640009879,4.96000905463242e-06,0.000259470473670459,91,0.494152284320513,77,"Gm6525 Rpl10-ps3 Rps2 Rpl36a-ps1 Rpl12 Rpl22l1 Rpsa Rps27rt Rpl14 Rpl36a Rps6 Rps26 Rps5 Rps12 Rps19 Rplp0 Ncbp2 Rpl37 Rpl39 Rps18 Rpl10 Rps20 Rps3 Rplp2 Rpl3 Rpl32 Rps8 Rpl4 Pabpc1 Rps25 Rps23 Rpl28 Rpl23a Rplp1 Rps28 Rpl35 Rps4x Rpl15 Rpl19 Rpl6 Rpl8 Rpl24 Gspt1 Rpl23 Rps17 Rps7 Rpl27a Rps29 Rpl26 Rpl29 Upf1 Rpl13 Rps15a Rps21 Rps27l Rpl18a Rps9 Rpl5 Rps15 Rpl18 Rps11 Rpl13a Rps3a1 Rpl7 Rpl22 Rpl21 Rps16 Rpl35a Rpl31 Rps14 Rps10 Rpl34 Rpl27 Eif4g1 Rps24 Rpl30 Rps13"
"REACTOME_CELL_CYCLE_MITOTIC",1.46983610835659,5.92652054850745e-06,0.000291793982300043,431,0.302731570586864,125,"Cdc7 Cdc6 Optn Ccne1 Pole Cenpk Cdt1 Esco2 Prim1 Dna2 Pola1 Mcm8 E2f3 Ncaph Cdk6 Ccnd2 Spdl1 Ndc1 Mcm2 Tuba4a Cenph Mcm5 E2f1 Mcm3 Mcm7 Kntc1 Gins1 E2f5 Cep152 Rpa1 Lig1 Rbl1 Haus6 Cdc45 Mcm6 Ccp110 Rfc4 Mcm4 Nup133 Haus4 Ncapg Ncapd2 Mcm10 Rfc5 Rcc2 Orc6 Aaas Ncapg2 Cenpm Plk4 Foxm1 Rpa2 Haus5 Mcph1 Pola2 Cenpp Orc5 Cdk4 Tubgcp2 Cenps Rfc3 Cdc25a Cc2d1b Gmnn Fen1 Gins2 Pcna Ncapd3 Tfdp1 Espl1 Cks1b Vrk1 Tubgcp5 Tuba1b Rfc2 Gtse1 Gorasp1 Tubg1 Hsp90aa1 Pole3 Clasp1 Set Kpnb1 Rps27rt Fkbpl Tubb2b Cenpn Nup205 Cdc25c Smc3 Trp53 Kif2a Prkar2b Pkmyt1 Pold1 Rpa3 Anapc15 Tubgcp4 Cdca5 Cenpt Nudc Zwilch Ran Prkaca Nup214 Blzf1 Eml4 Lmnb1 Ticrr Banf1 Ofd1 Nup85 Ahctf1 Spc24 Ppp2r5d Ccnh Pole4 Nup43 Ccnd3 Rcc1 Anapc11 Nup62 Lin37 Sfi1 Psmc6"
"REACTOME_EUKARYOTIC_TRANSLATION_INITIATION",1.88634155451515,6.99182228794046e-06,0.000292607762750308,117,0.446057434181394,88,"Gm6525 Rpl10-ps3 Eif2b2 Rps2 Eif2b3 Rpl36a-ps1 Rpl12 Rpl22l1 Rpsa Rps27rt Rpl14 Rpl36a Rps6 Rps26 Rps5 Rps12 Rps19 Eif4a1 Rplp0 Rpl37 Rpl39 Rps18 Rpl10 Rps20 Rps3 Rplp2 Rpl3 Rpl32 Eif3b Rps8 Rpl4 Pabpc1 Eif1ax Rps25 Rps23 Eif3a Eif2b1 Rpl28 Eif3g Rpl23a Rplp1 Rps28 Eif3i Rpl35 Rps4x Rpl15 Rpl19 Eif2s1 Rpl6 Rpl8 Rpl24 Rpl23 Rps17 Rps7 Rpl27a Eif2b5 Rps29 Eif4e Rpl26 Rpl29 Rpl13 Eif3d Rps15a Rps21 Rps27l Rpl18a Rps9 Rpl5 Rps15 Rpl18 Rps11 Rpl13a Rps3a1 Rpl7 Rpl22 Rpl21 Rps16 Rpl35a Rpl31 Rps14 Eif3l Rps10 Rpl34 Rpl27 Eif4g1 Eif5 Rps24 Rpl30"
"REACTOME_LAGGING_STRAND_SYNTHESIS",2.26132630604292,6.80757837745606e-06,0.000292607762750308,20,0.771441588806538,15,"Prim1 Dna2 Pola1 Rpa1 Lig1 Rfc4 Rfc5 Rpa2 Pola2 Rfc3 Fen1 Pcna Rfc2 Pold1 Rpa3"
"REACTOME_TELOMERE_MAINTENANCE",2.14646273584629,6.52832481474448e-06,0.000292607762750308,51,0.592175587362415,24,"Chtf18 Prim1 Dna2 Pola1 Rtel1 Stn1 Blm Rpa1 Lig1 Nhp2 Rfc4 Dkc1 Rfc5 Gar1 Rpa2 Pola2 Rfc3 Fen1 Pcna Rfc2 Ctc1 Pold1 Rpa3 Dscc1"
"REACTOME_HDR_THROUGH_HOMOLOGOUS_RECOMBINATION_HRR",2.08873033942588,1.1188293012321e-05,0.000445933392919653,57,0.56192412926572,27,"Brip1 Pole Rad51b Xrcc3 Dna2 Chek1 Nbn Exo1 Blm Bard1 Rmi2 Brca2 Rpa1 Rad51 Rfc4 Rfc5 Rpa2 Brca1 Rfc3 Mus81 Fignl1 Atm Pcna Rfc2 Pole3 Pold1 Rpa3"
"REACTOME_TRANSLATION",1.54383628263062,1.25024802587387e-05,0.000475662544389284,293,0.327898996790359,161,"Gm6525 Rpl10-ps3 mt-Atp8 Cul2 Mrpl47 Eif2b2 Mrps6 Rps2 Mrpl23 Eif2b3 Mrps18a Mrpl10 mt-Nd5 Mrps5 Rpl36a-ps1 Rpl12 Apeh Mrps22 Rpl22l1 Rpsa Rps27rt Mrpl3 Rpl14 mt-Nd1 Rpl36a Eef1b2 mt-Nd4 Mrpl11 Mrps10 Mrps35 Rps6 Rps26 Rps5 Rps12 Rps19 Eif4a1 Mrpl44 Rplp0 mt-Nd2 Rpl37 Rpl39 Ptcd3 Rps18 Psmc6 Rpl10 Rps20 Rps3 Rplp2 Rpl3 Rpl32 Eif3b Rps8 Mrps26 Mrpl18 Hbs1l Rpl4 Pabpc1 Eif1ax Rps25 Rps23 Eif3a Mrps27 Eif2b1 Rpl28 Eif3g Mrpl21 mt-Co3 Rpl23a Rplp1 Rps28 Eif3i Mrps25 Psmc5 Mrpl36 Mrpl12 Rpl35 Eef1g Rps4x mt-Nd3 Rpl15 Rpl19 Mrpl39 Mrpl41 Mrpl13 mt-Atp6 Eif2s1 Rpl6 Rpl8 Rpl24 Gspt1 Rpl23 Klhdc10 Rps17 mt-Cytb Mrpl34 Rps7 Rpl27a Eif2b5 Rps29 Rps27a Eif4e Psmb3 Rpl26 Rpl29 Mrps18b Rpl13 mt-Co1 Malsu1 Ndufab1 Eif3d Rps15a mt-Nd4l Rps21 Mrpl14 Mrpl51 Rps27l Psma1 Rpl18a Rps9 Mrpl40 Psma5 mt-Co2 Rpl5 Mrpl1 Rps15 Abce1 Rpl18 Rps11 Rpl13a Rps3a1 Rpl7 Mrps16 Mrpl22 Mrps23 Chchd1 Mrps28 Tcf25 Mrps15 Rpl22 Rpl21 Rps16 Rpl35a Mrps34 Psmd11 Eef1a1 Mrps12 Rpl31 Rps14 Eif3l Rps10 Rpl34 Rpl27 Eif4g1 Psmd14 Eif5 Psmd13 Rps24 Rpl30 Mrpl45 Rps13 Mrpl24"
"REACTOME_HDR_THROUGH_SINGLE_STRAND_ANNEALING_SSA",2.08494190026234,1.74325379802227e-05,0.000627171992042714,36,0.616710063787926,21,"Brip1 Dna2 Nbn Exo1 Blm Bard1 Rmi2 Rpa1 Rad51 Topbp1 Rfc4 Rfc5 Rpa2 Brca1 Rfc3 Rad9b Atm Rfc2 Rad9a Ercc4 Rpa3"
"REACTOME_NONSENSE_MEDIATED_DECAY_NMD",1.81593093540938,1.79834262951316e-05,0.000627171992042714,111,0.432744848513903,84,"Gm6525 Rpl10-ps3 Rps2 Rpl36a-ps1 Rpl12 Rpl22l1 Rpsa Rps27rt Rpl14 Rpl36a Rps6 Rps26 Rps5 Rps12 Rps19 Rplp0 Ncbp2 Rpl37 Rpl39 Rps18 Rpl10 Rps20 Rps3 Rplp2 Rpl3 Rpl32 Rps8 Rpl4 Pabpc1 Rps25 Rps23 Rnps1 Rpl28 Smg1 Rpl23a Rplp1 Rps28 Rpl35 Rps4x Rpl15 Rpl19 Rpl6 Rpl8 Rpl24 Gspt1 Rpl23 Rps17 Rps7 Rpl27a Casc3 Rps29 Rpl26 Rpl29 Upf1 Rpl13 Rps15a Rps21 Rps27l Rpl18a Rps9 Rpl5 Rps15 Rpl18 Rps11 Rpl13a Rps3a1 Rpl7 Magoh Rpl22 Rpl21 Rps16 Rpl35a Rpl31 Rps14 Smg6 Rps10 Rpl34 Rpl27 Eif4g1 Rps24 Rpl30 Magohb Rps13 Upf3b"
"REACTOME_MITOTIC_G1_PHASE_AND_G1_S_TRANSITION",1.80323752277633,2.87440681291686e-05,0.000925337885542852,117,0.426406077257819,32,"Cdc7 Cdc6 Ccne1 Pole Cdt1 Prim1 Pola1 Mcm8 E2f3 Cdk6 Ccnd2 Mcm2 Mcm5 E2f1 Mcm3 Mcm7 E2f5 Rpa1 Rbl1 Cdc45 Mcm6 Mcm4 Mcm10 Orc6 Rpa2 Pola2 Orc5 Cdk4 Cdc25a Gmnn Tfdp1 Cks1b"
"REACTOME_ORC1_REMOVAL_FROM_CHROMATIN",2.05630272085925,2.83341137596342e-05,0.000925337885542852,55,0.556760084827347,11,"Cdc6 Cdt1 Mcm8 Mcm2 Mcm5 Mcm3 Mcm7 Mcm6 Mcm4 Orc6 Orc5"
"REACTOME_HOMOLOGOUS_DNA_PAIRING_AND_STRAND_EXCHANGE",2.17711525480442,3.4312555686937e-05,0.00102570032535594,26,0.69620611145639,14,"Brip1 Rad51b Xrcc3 Dna2 Chek1 Nbn Exo1 Blm Bard1 Rmi2 Brca2 Rad51 Brca1 Atm"
"REACTOME_PCNA_DEPENDENT_LONG_PATCH_BASE_EXCISION_REPAIR",2.11958239940578,3.3446671379848e-05,0.00102570032535594,21,0.715310088395078,18,"Pole Apex1 Rpa1 Lig1 Rfc4 Rfc5 Rpa2 Rfc3 Fen1 Pcna Rfc2 Pole3 Pold1 Rpa3 Pole4 Rfc1 Pold3 Pole2"
"REACTOME_RESOLUTION_OF_ABASIC_SITES_AP_SITES",2.04250778815895,3.61236493955031e-05,0.00104260326013918,36,0.604158373988428,25,"Pole Ung Apex1 Rpa1 Lig1 Rfc4 Parp1 Rfc5 Rpa2 Rfc3 Fen1 Parp2 Pcna Rfc2 Ogg1 Pole3 Pold1 Rpa3 Pole4 Rfc1 Tdg Pold3 Pole2 Nthl1 Smug1"
"REACTOME_G2_M_DNA_DAMAGE_CHECKPOINT",2.00310629516768,4.78565444485613e-05,0.00133519759011486,60,0.533183599105479,24,"Brip1 Dna2 Chek1 Nbn Exo1 Blm Bard1 Rmi2 Rpa1 Topbp1 Rfc4 Rfc5 Rpa2 Brca1 Rnf168 Rfc3 Rad9b Atm Rfc2 Rad9a Cdc25c Brcc3 Trp53 Rpa3"
"REACTOME_RESOLUTION_OF_AP_SITES_VIA_THE_MULTIPLE_NUCLEOTIDE_PATCH_REPLACEMENT_PATHWAY",2.12059563195401,5.17891466607993e-05,0.00139830695984158,24,0.689831918529344,20,"Pole Apex1 Rpa1 Lig1 Rfc4 Parp1 Rfc5 Rpa2 Rfc3 Fen1 Parp2 Pcna Rfc2 Pole3 Pold1 Rpa3 Pole4 Rfc1 Pold3 Pole2"
"REACTOME_SNRNP_ASSEMBLY",1.97962333336934,5.90323742823741e-05,0.00154406553982335,47,0.554805492641396,21,"Ndc1 Gemin6 Wdr77 Nup133 Aaas Gemin5 Gemin4 Snrpf Nup205 Gemin2 Nup214 Snrpg Nup85 Nup43 Prmt5 Nup62 Nup50 Snrpd1 Nup98 Snrpd2 Smn1"
"REACTOME_PROCESSIVE_SYNTHESIS_ON_THE_LAGGING_STRAND",2.1264461206784,0.000103689892562386,0.00262995272953688,15,0.785808861245994,11,"Prim1 Dna2 Pola1 Rpa1 Lig1 Rpa2 Pola2 Fen1 Pcna Pold1 Rpa3"
"REACTOME_POLYMERASE_SWITCHING_ON_THE_C_STRAND_OF_THE_TELOMERE",2.09589454327184,0.000196392610229646,0.00483472396359451,25,0.674198530930973,13,"Chtf18 Prim1 Pola1 Stn1 Rfc4 Rfc5 Pola2 Rfc3 Pcna Rfc2 Ctc1 Pold1 Dscc1"
"REACTOME_DNA_REPAIR",1.43511382756828,0.000257965860245882,0.00616906928645151,267,0.309236943958531,66,"Brip1 Pole Fanca Timeless Ung Rad51b Xrcc3 Dna2 Chek1 Apex1 Nbn Dtl Exo1 Polq Pclaf Blm Bard1 Rmi2 Clspn Brca2 Rpa1 Lig1 Rad51 Fanci Topbp1 Rfc4 Prkdc Tipin Parp1 Rfc5 Ercc2 Faap20 Rpa2 Brca1 Isg15 Ube2t Cenps Rnf168 Rfc3 Mus81 Fignl1 Fen1 Parp2 Rad9b Atm Pcna Baz1b Poli Rad18 Ddb2 Rfc2 Ogg1 Pole3 Rad9a Usp1 Brcc3 Trp53 Aqr Sumo3 Pold1 Xrcc5 Ercc4 Mad2l2 Rpa3 Isy1 Fancg"
"REACTOME_RESOLUTION_OF_D_LOOP_STRUCTURES",2.00211831548563,0.000298113285063208,0.00674380593507851,33,0.603119244697024,15,"Brip1 Rad51b Xrcc3 Dna2 Nbn Exo1 Blm Bard1 Rmi2 Brca2 Rad51 Brca1 Mus81 Fignl1 Atm"
"REACTOME_ZNF598_AND_THE_RIBOSOME_ASSOCIATED_QUALITY_TRIGGER_RQT_COMPLEX_DISSOCIATE_A_RIBOSOME_STALLED_ON_A_NO_GO_MRNA",1.7286175759887,0.000294603864603226,0.00674380593507851,93,0.424497788151525,70,"Gm6525 Rpl10-ps3 Rps2 Rpl36a-ps1 Rpl12 Rpl22l1 Rpsa Rps27rt Rpl14 Rpl36a Rps6 Rps26 Rps5 Rps12 Rps19 Rplp0 Rpl37 Rpl39 Rps18 Rpl10 Rps20 Rps3 Rplp2 Rpl3 Rpl32 Rps8 Rpl4 Rps25 Rps23 Rpl28 Rpl23a Rplp1 Rps28 Rpl35 Rps4x Rpl15 Rpl19 Rpl6 Rpl8 Rpl24 Rpl23 Rps17 Rps7 Rpl27a Rps29 Rps27a Rpl26 Rpl29 Rpl13 Rps15a Rps21 Rps27l Rpl18a Rps9 Rpl5 Rps15 Rpl18 Rps11 Rpl13a Rps3a1 Rpl7 Rpl22 Rpl21 Rps16 Rpl35a Rpl31 Rps14 Rps10 Rpl34 Rpl27"
"REACTOME_RECOGNITION_OF_DNA_DAMAGE_BY_PCNA_CONTAINING_REPLICATION_COMPLEX",1.97933761418195,0.000327885647585719,0.00722211281655913,30,0.611874045628259,18,"Pole Dtl Rpa1 Rfc4 Rfc5 Rpa2 Rfc3 Pcna Rad18 Rfc2 Pole3 Usp1 Pold1 Rpa3 Pole4 Rfc1 Pold3 Pole2"
"REACTOME_DNA_DOUBLE_STRAND_BREAK_REPAIR",1.65416635379142,0.000343153348340076,0.00736459878360625,129,0.386820474022652,44,"Brip1 Pole Timeless Rad51b Xrcc3 Dna2 Chek1 Nbn Exo1 Polq Blm Bard1 Rmi2 Clspn Brca2 Rpa1 Rad51 Topbp1 Rfc4 Prkdc Tipin Parp1 Rfc5 Rpa2 Brca1 Rnf168 Rfc3 Mus81 Fignl1 Fen1 Parp2 Rad9b Atm Pcna Baz1b Rfc2 Pole3 Rad9a Brcc3 Trp53 Pold1 Xrcc5 Ercc4 Rpa3"
"REACTOME_EXTRACELLULAR_MATRIX_ORGANIZATION",-1.67474860577423,0.00050149604307468,0.0104938047013377,92,-0.51570170608364,34,"Bmp1 Sdc3 Dmd Capn3 Cd44 Timp2 Itgb7 Nid2 F11r Ctsl Agrn Sgce Serpinh1 Adam19 Capn11 Sntb1 Itgb4 Itga10 Sgca Ltbp4 Plod2 Itgam Col11a2 Phykpl Itga6 Capn5 Col7a1 Ctsg Ctsb Capn10 Adam8 Sgcb Adam15 Plod1"
"REACTOME_SWITCHING_OF_ORIGINS_TO_A_POST_REPLICATIVE_STATE",1.72365365531563,0.000609573143669962,0.0124442127134575,76,0.437136534276233,13,"Cdc6 Ccne1 Cdt1 Mcm8 Mcm2 Mcm5 Mcm3 Mcm7 Mcm6 Mcm4 Orc6 Orc5 Gmnn"
"REACTOME_POLYMERASE_SWITCHING",1.97228852164042,0.000643626340295603,0.012826553495891,14,0.74171352581043,11,"Prim1 Pola1 Rfc4 Rfc5 Pola2 Rfc3 Pcna Rfc2 Pold1 Rfc1 Pold3"
"REACTOME_RIBAVIRIN_ADME",1.97735953616407,0.000673672708446099,0.0131131176039392,11,0.789890757895406,5,"Pnp2 Pnp Nme1 Adk Nme2"
"REACTOME_RET_SIGNALING",-1.83611274155305,0.000728378855957734,0.0138557523281051,28,-0.6801172962873,8,"Grb7 Src Ret Nrtn Dok2 Mapk7 Gfra1 Pdlim7"
"REACTOME_RIBOSOME_ASSOCIATED_QUALITY_CONTROL",1.58042138208615,0.00075693943087951,0.0140790734143589,136,0.366480737120254,93,"Gm6525 Rpl10-ps3 Cul2 Rps2 Rpl36a-ps1 Rpl12 Rpl22l1 Rpsa Rps27rt Rpl14 Rpl36a Rps6 Rps26 Rps5 Rps12 Rps19 Rplp0 Rpl37 Rpl39 Rps18 Psmc6 Rpl10 Rps20 Rps3 Rplp2 Rpl3 Rpl32 Rps8 Hbs1l Rpl4 Rps25 Rps23 Rpl28 Rpl23a Rplp1 Rps28 Psmc5 Rpl35 Rps4x Rpl15 Rpl19 Rpl6 Rpl8 Rpl24 Rpl23 Klhdc10 Rps17 Rps7 Rpl27a Rps29 Rps27a Psmb3 Rpl26 Rpl29 Rpl13 Rps15a Rps21 Rps27l Psma1 Rpl18a Rps9 Psma5 Rpl5 Rps15 Abce1 Rpl18 Rps11 Rpl13a Rps3a1 Rpl7 Tcf25 Rpl22 Rpl21 Rps16 Rpl35a Psmd11 Rpl31 Rps14 Rps10 Rpl34 Rpl27 Psmd14 Psmd13 Rps24 Rpl30 Rps13 Psma6 Psma7 Nemf Psmb5 Rpl9 Rpl11 Rpl37a"
"REACTOME_BASE_EXCISION_REPAIR",1.91024570399349,0.000819181245622738,0.0149055370127442,42,0.546375028209081,26,"Pole Ung Apex1 Rpa1 Lig1 Rfc4 Parp1 Rfc5 Rpa2 Rfc3 Fen1 Parp2 Pcna Rfc2 Ogg1 Pole3 Pold1 Rpa3 Pole4 Rfc1 Tdg Pold3 Pole2 Nthl1 Terf1 Smug1"
"REACTOME_IRON_UPTAKE_AND_TRANSPORT",-1.72182522688859,0.00235787267487556,0.0419902006142732,43,-0.590890317146765,9,"Hmox1 Slc46a1 Atp6v0a4 Slc22a17 Slc11a2 Slc40a1 Steap4 Flvcr1 Atp6v0a1"
"REACTOME_GAP_FILLING_DNA_REPAIR_SYNTHESIS_AND_LIGATION_IN_GG_NER",1.86249407577047,0.00243058356429418,0.0423833009023797,22,0.620987700634907,15,"Pole Rpa1 Rfc4 Rfc5 Rpa2 Rfc3 Pcna Rfc2 Pole3 Pold1 Rpa3 Pole4 Rfc1 Pold3 Pole2"
"REACTOME_ACTIVATION_OF_THE_MRNA_UPON_BINDING_OF_THE_CAP_BINDING_COMPLEX_AND_EIFS_AND_SUBSEQUENT_BINDING_TO_43S",1.71204888689182,0.00261773503181099,0.0447151881964448,60,0.455710408159392,45,"Rps2 Rpsa Rps27rt Rps6 Rps26 Rps5 Rps12 Rps19 Eif4a1 Rps18 Rps20 Rps3 Eif3b Rps8 Pabpc1 Eif1ax Rps25 Rps23 Eif3a Eif3g Rps28 Eif3i Rps4x Eif2s1 Rps17 Rps7 Rps29 Eif4e Eif3d Rps15a Rps21 Rps27l Rps9 Rps15 Rps11 Rps3a1 Rps16 Rps14 Eif3l Rps10 Eif4g1 Rps24 Rps13 Eif3c Eif3h"
"REACTOME_TERMINATION_OF_TRANSLESION_DNA_SYNTHESIS",1.74228630762945,0.00270606776611868,0.0452995744048266,31,0.532602115509507,18,"Pole Pclaf Rpa1 Rfc4 Rfc5 Rpa2 Isg15 Rfc3 Pcna Poli Rfc2 Pole3 Pold1 Rpa3 Pole4 Rfc1 Pold3 Pole2"
"REACTOME_NUCLEOTIDE_BIOSYNTHESIS",1.85078692332752,0.0030071511217155,0.0493526566446249,12,0.724275953589121,8,"Cad Ppat Impdh2 Atic Umps Gart Paics Gmps"
"REACTOME_COLLAGEN_BIOSYNTHESIS_AND_MODIFYING_ENZYMES",-1.724573062685,0.00339183011355257,0.0535653170762925,15,-0.729640456372934,6,"Bmp1 Serpinh1 Plod2 Col11a2 Col7a1 Plod1"
"REACTOME_MITOCHONDRIAL_TRANSLATION",1.48642542213231,0.00338200381001675,0.0535653170762925,106,0.35869674436694,49,"mt-Atp8 Mrpl47 Mrps6 Mrpl23 Mrps18a Mrpl10 mt-Nd5 Mrps5 Mrps22 Mrpl3 mt-Nd1 mt-Nd4 Mrpl11 Mrps10 Mrps35 Mrpl44 mt-Nd2 Ptcd3 Mrps26 Mrpl18 Mrps27 Mrpl21 mt-Co3 Mrps25 Mrpl36 Mrpl12 mt-Nd3 Mrpl39 Mrpl41 Mrpl13 mt-Atp6 mt-Cytb Mrpl34 Mrps18b mt-Co1 Malsu1 Ndufab1 mt-Nd4l Mrpl14 Mrpl51 Mrpl40 mt-Co2 Mrpl1 Mrps16 Mrpl22 Mrps23 Chchd1 Mrps28 Mrps15"
"REACTOME_FCERI_MEDIATED_NF_KB_ACTIVATION",1.4016073040055,0.00524968563905526,0.0813701274053566,127,0.327889749204808,20,"Ighv1-5 Ighv3-6 Ighv5-12 Ighv11-2 Ighv5-4 Ighv8-8 Ighv5-2 Ighv1-39 Ighv1-74 Ighv1-82 Igkv2-137 Ighv1-58 Ighv8-9 Igkv15-103 Ighv5-6 Ighv1-19 Ighv1-61 Ighv1-52 Ighv1-23 Ighv5-9-1"
"REACTOME_ROLE_OF_LAT2_NTAL_LAB_ON_CALCIUM_MOBILIZATION",1.52885483956246,0.00567829229342363,0.0864132845381014,79,0.385136141172972,21,"Ighv1-5 Ighv3-6 Ighv5-12 Ighv11-2 Ighv5-4 Ighv8-8 Ighv5-2 Ighv1-39 Ighv1-74 Ighv1-82 Igkv2-137 Ighv1-58 Ighv8-9 Igkv15-103 Ighv5-6 Lat2 Ighv1-19 Ighv1-61 Ighv1-52 Ighv1-23 Ighv5-9-1"
"REACTOME_TRANSPORT_OF_THE_SLBP_DEPENDANT_MATURE_MRNA",1.70095746879774,0.00645178007742869,0.0964310700858538,33,0.512397382266702,13,"Ndc1 Nup133 Aaas Alyref Slbp Nup205 Nup214 Nup85 Nup43 Ncbp2 Nup62 Nup50 Nup98"
"REACTOME_MRNA_SPLICING",1.3067383783794,0.00739330206413667,0.108564803994428,199,0.289796524302332,106,"Rbmx2 Snrnp25 Prkrip1 Snrpf Alyref Ctnnbl1 Eftud2 Ptbp1 Aqr Htatsf1 Isy1 Srsf7 Sf3b3 Snrpg Luc7l3 Prpf31 Sf3a1 Lsm6 Gcfc2 Leng1 Gtf2f1 Ncbp2 Ddx41 Tra2b Ppie Cherp Hnrnpd Pnn Snrpd1 Snrpa Lsm7 Sf3a3 Rnps1 Cdc5l Lsm4 Snrpd2 Srrm1 Fam50a Bud31 Cactin Rbm17 Usp39 Rbm25 Hnrnpf Snu13 Hnrnpu U2af1l4 Srsf2 U2af2 Yju2 Casc3 Ppil4 Polr2e Prpf19 Rbmx Tcerg1 Srsf1 Polr2f Polr2d Gtf2f2 Sf1 Wbp11 Bcas2 Snrnp70 Polr2h Lsm5 Hnrnpa3 Ppih Phf5a Snrnp35 Sart1 Snrnp40 Cwc22 Polr2l Dhx15 Prpf38a Sde2 Magoh Snrpe Tfip11 Srsf11 Srsf3 Snip1 U2surp Prpf40a Snrpb Pcbp1 Magohb Hnrnpa2b1 Upf3b Srrm2 Sf3b2 Ybx1 Ddx23 Snrpd3 Prpf8 Ppig Dhx16 Sf3b5 Mtrex Dhx35 Acin1 Gpkow Hnrnpl Rbm8a Prpf4"
"REACTOME_DNA_DAMAGE_BYPASS",1.59751821108514,0.00827886710239651,0.11947261663286,47,0.447717433495886,18,"Pole Dtl Pclaf Rpa1 Rfc4 Rfc5 Rpa2 Isg15 Rfc3 Pcna Poli Rad18 Rfc2 Pole3 Usp1 Pold1 Mad2l2 Rpa3"
"REACTOME_ANTIMICROBIAL_PEPTIDES",-1.68140927505597,0.00855331072113258,0.121341035145559,15,-0.711378518745662,6,"Pglyrp1 Tlr1 S100a8 Art1 S100a9 Prtn3"
"REACTOME_DOWNSTREAM_SIGNAL_TRANSDUCTION",-1.64731857234693,0.00913502711961176,0.127433628318584,22,-0.641496023727848,2,"Grb7 Src"
"REACTOME_HEMOSTASIS",-1.30861633667363,0.00940022478798406,0.128983412254798,407,-0.35612020247136,91,"Pde9a Serpina3n Grb7 Src Ighv1-80 Igf1 F5 Ighv1-49 Ighv14-1 Hgf Ighv8-2 Rapgef4 Klc3 Cd44 Lcp2 F2rl2 Ighv1-77 F11r Kifc2 Plek Ighv1-67 Lrp8 Tubb6 Gnat3 Lefty1 Egf Gas6 Gata3 Mgll Dok2 Fcer1g F13a1 Cd9 Prkcq Kif1b Pafah2 Prtn3 Fgr Abhd6 F2rl3 Cd74 Kif4 Prkcg Ighv1-7 Tubb2a Ighv1-66 Kif19a Pde5a Ighv1-64 Tuba1c Rbsn Plaur Iglc2 Mmrn1 Ighv1-26 Itgam Rhob Habp4 Ighv8-4 Sytl4 Vcl P2rx3 Slc7a11 Sirpa Selp Ighv1-69 Mapk14 Ighv5-16 Dgka Gp9 Ighv14-4 Actn1 Itga6 Ecm1 Dgkh Jaml Ighv1-55 Ighv1-76 Pik3cb Ctsw Ighv14-3 Ehd2 Thbd Atp1b1 Sccpdh P2rx4 Mfn2 Ighv1-59 Ighv1-18 Qsox1 Selplg"
"REACTOME_BINDING_AND_UPTAKE_OF_LIGANDS_BY_SCAVENGER_RECEPTORS",1.47129803556959,0.00982658959537572,0.132365499573015,82,0.368756048181523,24,"Ighv1-5 Ighv3-6 Ighv5-12 Ighv11-2 Ighv5-4 Ighv8-8 Ighv5-2 Ighv1-39 Ighv1-74 Ighv1-82 Igkv2-137 Ighv1-58 Ighv8-9 Igkv15-103 Ighv5-6 Hbb-bt Ighv1-19 Ighv1-61 Ighv1-52 Ighv1-23 Ighv5-9-1 Hbb-bs Apol7e Ighv1-62-3"
"REACTOME_NON_INTEGRIN_MEMBRANE_ECM_INTERACTIONS",-1.63105948637883,0.00996299459151722,0.132365499573015,23,-0.629678698594273,9,"Sdc3 Dmd Agrn Sgce Sntb1 Itgb4 Sgca Col11a2 Itga6"
"REACTOME_ANTIGEN_ACTIVATES_B_CELL_RECEPTOR_BCR_LEADING_TO_GENERATION_OF_SECOND_MESSENGERS",1.45079413897553,0.010221437006777,0.133677230854256,89,0.360462097376384,21,"Ighv1-5 Ighv3-6 Ighv5-12 Ighv11-2 Ighv5-4 Ighv8-8 Ighv5-2 Ighv1-39 Ighv1-74 Ighv1-82 Igkv2-137 Ighv1-58 Ighv8-9 Igkv15-103 Ighv5-6 Ighv1-19 Ighv1-61 Ighv1-52 Ighv1-23 Ighv5-9-1 Itpr1"
"REACTOME_DUAL_INCISION_IN_GG_NER",1.58392985075525,0.0110791957324579,0.140504345879808,41,0.455192082423389,18,"Pole Rpa1 Rfc4 Parp1 Rfc5 Ercc2 Rpa2 Rfc3 Parp2 Pcna Ddb2 Rfc2 Pole3 Pold1 Ercc4 Rpa3 Pole4 Rfc1"
"REACTOME_MRNA_DECAY_BY_3_TO_5_EXORIBONUCLEASE",1.7430455291813,0.0109858340560856,0.140504345879808,12,0.682113076813451,9,"Exosc8 Exosc2 Dis3 Exosc5 Nt5c3b Exosc9 Hbs1l Exosc3 Exosc1"
"REACTOME_ROLE_OF_PHOSPHOLIPIDS_IN_PHAGOCYTOSIS",1.4477864985152,0.0115606936416185,0.144422396687085,82,0.362863277796974,21,"Ighv1-5 Ighv3-6 Ighv5-12 Ighv11-2 Ighv5-4 Ighv8-8 Ighv5-2 Ighv1-39 Ighv1-74 Ighv1-82 Igkv2-137 Ighv1-58 Ighv8-9 Igkv15-103 Ighv5-6 Ighv1-19 Ighv1-61 Ighv1-52 Ighv1-23 Ighv5-9-1 Pla2g6"
"REACTOME_PROCESSIVE_SYNTHESIS_ON_THE_C_STRAND_OF_THE_TELOMERE",1.74948086948427,0.0118665811417575,0.146063653171339,18,0.612901974413404,9,"Dna2 Blm Rpa1 Lig1 Rpa2 Fen1 Pcna Pold1 Rpa3"
"REACTOME_GLUTATHIONE_CONJUGATION",-1.61521556468552,0.0122402504981497,0.148479560390599,23,-0.623562073127338,10,"Hpgds Ggt5 Gstm7 Mgst1 Gclc Gstp1 Gss Gstt2 Gstm1 Oplah"
"REACTOME_MISMATCH_REPAIR",1.71549913454017,0.0127289661595778,0.152202066793808,15,0.633947132858193,8,"Exo1 Rpa1 Lig1 Rpa2 Pcna Pold1 Rpa3 Msh2"
"REACTOME_NETRIN_1_SIGNALING",-1.61966148691862,0.0133476526541884,0.157351905233179,11,-0.74031871730454,3,"Src Unc5a Prkcq"
"REACTOME_REGULATION_OF_FZD_BY_UBIQUITINATION",-1.62376402942502,0.013907993275256,0.161680421824851,12,-0.727300574743349,6,"Lgr5 Fzd6 Fzd5 Lrp5 Ubc Znrf3"
"REACTOME_MHC_CLASS_II_ANTIGEN_PRESENTATION",-1.47711621657593,0.0141095565567939,0.161776696411459,94,-0.453561183900485,33,"Klc3 H2-Eb1 H2-Aa Ctsf Ctsl Tubb6 Ctsh H2-Ab1 Cd74 Kif4 Lag3 Tubb2a Tuba1c H2-DMb1 Sec24a H2-Ob H2-Oa Ifi30 Ctse H2-DMa Ctsb H2-Eb2 Tuba1a Ap2a1 Sec23a Kif23 Klc2 Kif3a Sec24d Ctsd Klc4 Ctso Ap1s2"
"REACTOME_COLLAGEN_FORMATION",-1.60310061169104,0.0144492131616595,0.163432316436608,21,-0.630112822669039,8,"Bmp1 Ctsl Serpinh1 Plod2 Col11a2 Col7a1 Ctsb Plod1"
"REACTOME_METABOLISM_OF_NUCLEOTIDES",1.419570867226,0.0162513542795233,0.18136511375948,70,0.367709077402267,31,"Pnp2 Nme4 Pnp Cad Dctd Dnph1 Ppat Ampd2 Nme1 Uck2 Dut Tk1 Tyms Impdh2 Adk Atic Umps Aprt Rrm1 Nme2 Nt5m Entpd7 Ak2 Guk1 Xdh Gart Paics Gmpr2 Ada Gmps Txnrd1"
"REACTOME_G_ALPHA_Q_SIGNALLING_EVENTS",1.39591128018259,0.0172619047619048,0.187639146567718,85,0.34887945680598,16,"Qrfp Ccl9 App Gpr65 Cysltr1 Gcgr Daglb Nmb Ffar2 Gng4 Itpr1 Kiss1r Rgs19 Ccl6 Trio Rgs18"
"REACTOME_PLATELET_ACTIVATION_SIGNALING_AND_AGGREGATION",-1.38676161397282,0.0171979406287655,0.187639146567718,171,-0.398704957863417,36,"Serpina3n Src Igf1 F5 Hgf Rapgef4 Lcp2 F2rl2 Plek Gnat3 Lefty1 Egf Gas6 Mgll Fcer1g F13a1 Cd9 Prkcq Abhd6 F2rl3 Prkcg Mmrn1 Rhob Habp4 Sytl4 Vcl Selp Mapk14 Dgka Gp9 Actn1 Ecm1 Dgkh Pik3cb Ctsw Sccpdh"
"REACTOME_CHEMOKINE_RECEPTORS_BIND_CHEMOKINES",-1.61092529362446,0.0175154548130704,0.187954303571024,16,-0.673285698581398,3,"Ccr5 Ccl5 Ccr9"
"REACTOME_FORMATION_OF_THE_DYSTROPHIN_GLYCOPROTEIN_COMPLEX_DGC",-1.59775482960431,0.0181873758214886,0.192694095728936,12,-0.715650787190837,5,"Dmd Agrn Sgce Sntb1 Sgca"
"REACTOME_FCERI_MEDIATED_CA_2_MOBILIZATION",1.37225506202157,0.0188916876574307,0.195214105793451,91,0.339326952387358,20,"Ighv1-5 Ighv3-6 Ighv5-12 Ighv11-2 Ighv5-4 Ighv8-8 Ighv5-2 Ighv1-39 Ighv1-74 Ighv1-82 Igkv2-137 Ighv1-58 Ighv8-9 Igkv15-103 Ighv5-6 Ighv1-19 Ighv1-61 Ighv1-52 Ighv1-23 Ighv5-9-1"
"REACTOME_SIGNALING_BY_THE_B_CELL_RECEPTOR_BCR",1.29709200162422,0.0188305252725471,0.195214105793451,153,0.296144933167792,20,"Ighv1-5 Ighv3-6 Ighv5-12 Ighv11-2 Ighv5-4 Ighv8-8 Ighv5-2 Ighv1-39 Ighv1-74 Ighv1-82 Igkv2-137 Ighv1-58 Ighv8-9 Igkv15-103 Ighv5-6 Ighv1-19 Ighv1-61 Ighv1-52 Ighv1-23 Ighv5-9-1"
"REACTOME_GENERATION_OF_SECOND_MESSENGER_MOLECULES",-1.58626934565411,0.0203370133643231,0.206992758545021,18,-0.644201363021055,6,"Cd3d Lcp2 H2-Eb1 H2-Aa H2-Ab1 Pak1"
"REACTOME_TELOMERE_C_STRAND_SYNTHESIS_INITIATION",1.66717289213779,0.0205261636311073,0.206992758545021,12,0.652421530016044,5,"Prim1 Pola1 Stn1 Pola2 Ctc1"
"REACTOME_CELL_CELL_COMMUNICATION",-1.39493384471244,0.0211616389013958,0.208379903064332,142,-0.40889460619145,30,"Src Parvb Sdk1 Dst F11r Tyrobp Ctsl Nphs1 Adam19 Itgb4 Plec Nectin3 Vcl Sirpa Cdh15 Actn1 Itga6 Tle1 Ctsb Smarca4 Cdh11 Nectin1 Pomt1 Pip5k1c Ubc Eps15 Pard6b Arhgap32 Amot Mdm2"
"REACTOME_TRANSLESION_SYNTHESIS_BY_Y_FAMILY_DNA_POLYMERASES_BYPASSES_LESIONS_ON_DNA_TEMPLATE",1.52105315270088,0.0211323763955343,0.208379903064332,38,0.444094228747986,17,"Pole Pclaf Rpa1 Rfc4 Rfc5 Rpa2 Isg15 Rfc3 Pcna Poli Rfc2 Pole3 Pold1 Mad2l2 Rpa3 Pole4 Rfc1"
"REACTOME_METABOLISM_OF_FAT_SOLUBLE_VITAMINS",-1.55882637210203,0.0217762596071734,0.21193871268842,23,-0.601792742396439,7,"Rbp2 Sdc3 Ttpa Apoe Agrn Lrp8 Akr1c13"
"REACTOME_FCERI_MEDIATED_MAPK_ACTIVATION",1.3626453416564,0.0229591836734694,0.21837314471243,94,0.335137956696519,20,"Ighv1-5 Ighv3-6 Ighv5-12 Ighv11-2 Ighv5-4 Ighv8-8 Ighv5-2 Ighv1-39 Ighv1-74 Ighv1-82 Igkv2-137 Ighv1-58 Ighv8-9 Igkv15-103 Ighv5-6 Ighv1-19 Ighv1-61 Ighv1-52 Ighv1-23 Ighv5-9-1"
"REACTOME_GAB1_SIGNALOSOME",-1.57514122804744,0.0228597729364836,0.21837314471243,11,-0.719969291694449,2,"Src Egf"
"REACTOME_REGULATION_OF_TP53_ACTIVITY_THROUGH_PHOSPHORYLATION",1.36019477283319,0.0235732009925558,0.221694036300778,89,0.337951917149367,24,"Brip1 Cdk5r1 Dna2 Chek1 Taf4b Nbn Exo1 Blm Bard1 Rmi2 Rpa1 Topbp1 Rfc4 Rfc5 Rpa2 Brca1 Rfc3 Rad9b Atm Rfc2 Rad9a Trp53 Rpa3 Hipk2"
"REACTOME_PROCESSING_OF_CAPPED_INTRON_CONTAINING_PRE_MRNA",1.24521278104937,0.025222316904253,0.231989881855602,274,0.267246716112757,140,"Ndc1 Rbmx2 Snrnp25 Nup133 Aaas Prkrip1 Snrpf Alyref Slbp Ctnnbl1 Eftud2 Ptbp1 Nup205 Aqr Htatsf1 Isy1 Srsf7 Nup214 Tut1 Sf3b3 Snrpg Luc7l3 Prpf31 Sf3a1 Nup85 Nup43 Lsm6 Gcfc2 Leng1 Gtf2f1 Ncbp2 Nup62 Ddx41 Tra2b Ppie Cherp Hnrnpd Nup50 Pnn Nudt21 Snrpd1 Nup98 Snrpa Lsm7 Sf3a3 Rnps1 Cdc5l Lsm4 Snrpd2 Mettl14 Srrm1 Fam50a Bud31 Cactin Rbm17 Nxt1 Usp39 Rbm25 Hnrnpf Snu13 Hnrnpu U2af1l4 Srsf2 U2af2 Yju2 Prr3 Casc3 Ppil4 Ppp1r8 Cpsf4 Rps27a Eif4e Polr2e Prpf19 Rbmx Tcerg1 Srsf1 Polr2f Polr2d Gtf2f2 Sf1 Wbp11 Bcas2 Snrnp70 Polr2h Lsm5 Hnrnpa3 Ppih Phf5a Snrnp35 Pom121 Sart1 Snrnp40 Nup155 Cwc22 Polr2l Dhx15 Prpf38a Sde2 Nup188 Magoh Snrpe Tpr Tfip11 Srsf11 Srsf3 Snip1 U2surp Dnajc8 Nup160 Prpf40a Snrpb Pcbp1 Magohb Cpsf6 Hnrnpa2b1 Upf3b Srrm2 Clp1 Nup37 Sf3b2 Ybx1 Ddx23 Snrpd3 Rae1 Prpf8 Ppig Dhx16 Sf3b5 Mtrex Dhx35 Papola Nup153 Wdr33 Acin1 Gpkow Hnrnpl Sympk Rbm8a Prpf4"
"REACTOME_TRANSCRIPTION_COUPLED_NUCLEOTIDE_EXCISION_REPAIR_TC_NER",1.37807937503027,0.0249722530521643,0.231989881855602,74,0.352833573113718,33,"Pole Rpa1 Lig1 Rfc4 Rfc5 Ercc2 Rpa2 Rfc3 Pcna Rfc2 Pole3 Aqr Pold1 Ercc4 Rpa3 Isy1 Ccnh Pole4 Cops3 Ppie Rfc1 Cops5 Pold3 Pole2 Cops7b Rps27a Polr2e Prpf19 Polr2f Ercc8 Polr2d Polr2h Ercc6"
"REACTOME_BBSOME_MEDIATED_CARGO_TARGETING_TO_CILIUM",-1.53193407017263,0.0267525035765379,0.239729950900164,21,-0.602140186373645,10,"Smo Bbs7 Ttc8 Bbs4 Rab3ip Bbs12 Bbs2 Bbs9 Arl6 Bbs10"
"REACTOME_BIOLOGICAL_OXIDATIONS",-1.42431808178541,0.0269230769230769,0.239729950900164,86,-0.44211674925892,29,"Cbr3 Smox Hpgds Ggt5 Acss2 Podxl2 Cyp39a1 Gstm7 Ephx1 Sult2b1 Ugt1a6a Mgst1 Aldh1b1 Ptgs1 Gclc Acy3 Acss1 Gstp1 As3mt Slc35d1 Gss Gstt2 Cyb5r3 Ugt1a7c N6amt1 Cyp2r1 Gstm1 Oplah Ncoa2"
"REACTOME_PROTEIN_METHYLATION",1.60921401776278,0.026782833171991,0.239729950900164,19,0.555772365100019,6,"Mettl21a Mettl22 Eef1akmt1 Prmt3 Rps2 Vcpkmt"
"REACTOME_FCGR_ACTIVATION",1.36913530024541,0.0277469478357381,0.244465214089608,74,0.350543596264984,20,"Ighv1-5 Ighv3-6 Ighv5-12 Ighv11-2 Ighv5-4 Ighv8-8 Ighv5-2 Ighv1-39 Ighv1-74 Ighv1-82 Igkv2-137 Ighv1-58 Ighv8-9 Igkv15-103 Ighv5-6 Ighv1-19 Ighv1-61 Ighv1-52 Ighv1-23 Ighv5-9-1"
"REACTOME_MITOCHONDRIAL_RIBOSOME_ASSOCIATED_QUALITY_CONTROL",1.34091630650794,0.0317073170731707,0.276448170731707,88,0.332626335785227,39,"Mrpl47 Mrps6 Mrpl23 Mrps18a Mrpl10 Mrps5 Mrps22 Mrpl3 Mrpl11 Mrps10 Mrps35 Mrpl44 Ptcd3 Mrps26 Mrpl18 Mrps27 Mrpl21 Mrps25 Mrpl36 Mrpl12 Mrpl39 Mrpl41 Mrpl13 Mrpl34 Mrps18b Malsu1 Ndufab1 Mrpl14 Mrpl51 Mrpl40 Mrpl1 Mrps16 Mrpl22 Mrps23 Chchd1 Mrps28 Mrps15 Mrps34 Mrps12"
"REACTOME_HDR_THROUGH_MMEJ_ALT_NHEJ",1.60810836656792,0.0335357039606823,0.289375095000939,12,0.62930756965615,6,"Nbn Polq Brca2 Parp1 Fen1 Parp2"
"REACTOME_PHASE_II_CONJUGATION_OF_COMPOUNDS",-1.45873345474148,0.0339680905815749,0.290115222620185,49,-0.490305604158738,17,"Hpgds Ggt5 Podxl2 Gstm7 Sult2b1 Ugt1a6a Mgst1 Gclc Gstp1 As3mt Slc35d1 Gss Gstt2 Ugt1a7c N6amt1 Gstm1 Oplah"
"REACTOME_TRANSPORT_OF_MATURE_TRANSCRIPT_TO_CYTOPLASM",1.34777962450753,0.03496115427303,0.295580667944708,74,0.345075842002505,41,"Ndc1 Nup133 Aaas Alyref Slbp Nup205 Srsf7 Nup214 Nup85 Nup43 Ncbp2 Nup62 Nup50 Nup98 Rnps1 Srrm1 Nxt1 U2af1l4 Srsf2 U2af2 Casc3 Cpsf4 Eif4e Srsf1 Pom121 Nup155 Nup188 Magoh Tpr Srsf11 Srsf3 Nup160 Magohb Upf3b Nup37 Rae1 Nup153 Wdr33 Sympk Rbm8a Ddx39b"
"REACTOME_TRANSPORT_OF_MATURE_MRNAS_DERIVED_FROM_INTRONLESS_TRANSCRIPTS",1.44973871676652,0.0353802358682391,0.296132574217161,40,0.418233757850205,13,"Ndc1 Nup133 Aaas Alyref Slbp Nup205 Nup214 Nup85 Nup43 Ncbp2 Nup62 Nup50 Nup98"
"REACTOME_VEGFR2_MEDIATED_CELL_PROLIFERATION",-1.52649244054711,0.0359005830009205,0.297512752195747,11,-0.697732788417962,3,"Src Prkcz Kdr"
"REACTOME_RESPONSE_TO_ELEVATED_PLATELET_CYTOSOLIC_CA2",-1.40719618522134,0.0368292682926829,0.302216642754663,77,-0.443585398716903,21,"Serpina3n Igf1 F5 Hgf Plek Lefty1 Egf Gas6 F13a1 Cd9 Prkcg Mmrn1 Habp4 Sytl4 Vcl Selp Actn1 Ecm1 Ctsw Sccpdh Qsox1"
"REACTOME_AZATHIOPRINE_ADME",1.54710102034553,0.0378447722899294,0.307534702977388,18,0.542001508291023,10,"Abcc4 Nme1 Abcc5 Impdh2 Nme2 Vav2 Vav3 Guk1 Xdh Gmps"
"REACTOME_TRANSLOCATION_OF_ZAP_70_TO_IMMUNOLOGICAL_SYNAPSE",-1.51238591246261,0.0385572139303483,0.310311423650976,10,-0.707727850163596,4,"Cd3d H2-Eb1 H2-Aa H2-Ab1"
"REACTOME_SIGNALING_BY_ERBB2",-1.46958864440656,0.0420782032201326,0.335423391383343,35,-0.524184541775994,8,"Grb7 Src Egf Ptpn12 Rnf41 Akt3 Shc1 Ubc"
"REACTOME_DUAL_INCISION_IN_TC_NER",1.36457448025974,0.0453865336658354,0.351745635910224,62,0.360969818240634,29,"Pole Rpa1 Rfc4 Rfc5 Ercc2 Rpa2 Rfc3 Pcna Rfc2 Pole3 Aqr Pold1 Ercc4 Rpa3 Isy1 Ccnh Pole4 Ppie Rfc1 Pold3 Pole2 Rps27a Polr2e Prpf19 Polr2f Ercc8 Polr2d Polr2h Ercc6"
"REACTOME_MISMATCH_REPAIR_MMR_DIRECTED_BY_MSH2_MSH3_MUTSBETA",1.57236203265627,0.0453781512605042,0.351745635910224,10,0.646035679417791,7,"Rpa1 Lig1 Rpa2 Pold1 Rpa3 Msh2 Pold3"
"REACTOME_RNA_POLYMERASE_I_TRANSCRIPTION",1.4079263275988,0.0447271235125154,0.351745635910224,41,0.404611931931727,22,"Polr1b Polr1a Ercc2 Gatad2a Mbd3 Mta3 Mta1 Ccnh Taf1b Polr1e Polr1c Mapk3 Taf1d Taf1c Polr2e Ehmt2 Polr2f Polr2h Ercc6 Hdac1 Rbbp7 Polr2l"
"REACTOME_RIBOSOME_QUALITY_CONTROL_RQC_COMPLEX_EXTRACTS_AND_DEGRADES_NASCENT_PEPTIDE",1.27503401138217,0.0464516129032258,0.356697247706422,95,0.313616126148785,60,"Gm6525 Rpl10-ps3 Cul2 Rpl36a-ps1 Rpl12 Rpl22l1 Rpl14 Rpl36a Rplp0 Rpl37 Rpl39 Psmc6 Rpl10 Rplp2 Rpl3 Rpl32 Rpl4 Rpl28 Rpl23a Rplp1 Psmc5 Rpl35 Rpl15 Rpl19 Rpl6 Rpl8 Rpl24 Rpl23 Klhdc10 Rpl27a Rps27a Psmb3 Rpl26 Rpl29 Rpl13 Psma1 Rpl18a Psma5 Rpl5 Rpl18 Rpl13a Rpl7 Tcf25 Rpl22 Rpl21 Rpl35a Psmd11 Rpl31 Rpl34 Rpl27 Psmd14 Psmd13 Rpl30 Psma6 Psma7 Nemf Psmb5 Rpl9 Rpl11 Rpl37a"
"REACTOME_CLASS_B_2_SECRETIN_FAMILY_RECEPTORS",1.50212237031604,0.0490677134445535,0.367042866369786,20,0.512442483352271,5,"Ramp1 Gcgr Crhbp Gng4 Vipr2"
"REACTOME_FANCONI_ANEMIA_PATHWAY",1.41376109605763,0.0504300234558249,0.367042866369786,36,0.418179852215969,17,"Fanca Rpa1 Fanci Faap20 Rpa2 Ube2t Cenps Mus81 Usp1 Ercc4 Rpa3 Fancg Fancd2 Faap24 Eme1 Fancf Atrip"
"REACTOME_NEGATIVE_REGULATION_OF_FGFR2_SIGNALING",-1.47731420643986,0.0502614758861127,0.367042866369786,18,-0.599953487096159,7,"Src Fgf20 Braf Spry2 Ubc Grb2 Frs2"
"REACTOME_NEGATIVE_REGULATION_OF_FGFR3_SIGNALING",-1.47731420643986,0.0502614758861127,0.367042866369786,18,-0.599953487096159,7,"Src Fgf20 Braf Spry2 Ubc Grb2 Frs2"
"REACTOME_NEGATIVE_REGULATION_OF_FGFR4_SIGNALING",-1.47731420643986,0.0502614758861127,0.367042866369786,18,-0.599953487096159,7,"Src Fgf20 Braf Spry2 Ubc Grb2 Frs2"
"REACTOME_RND1_GTPASE_CYCLE",-1.4591615158996,0.0495901639344262,0.367042866369786,32,-0.528882888587109,10,"Grb7 Dst Cpd Pkp4 Depdc1b Arhgap35 Epha2 Arhgap5 Kif14 Flot2"
"REACTOME_NEUTROPHIL_DEGRANULATION",-1.2316866044006,0.0514373716632444,0.371147242087375,359,-0.336833304247922,62,"Serpina3n Pglyrp1 Lair1 Enpp4 Cd44 Timp2 Scamp1 Cd59b Ceacam2 Tyrobp Gca Hk3 Prg2 Fcgr2b S100a8 Ctsh Fcer1g Clec12a S100a9 Aldh3b1 Creg1 Cfp Mgst1 Prtn3 Fgr Cd68 Rhof Vat1 Plaur Glipr1 Hspa1a Grn Hspa1b Hvcn1 Cxcr2 Rab27a Itgam Vcl Ano6 Siglecf Rab37 Sirpa Cant1 Mapk14 Dgat1 Rab3d Gstp1 Atp6v0a1 Bst2 Ggh Ptprj Adgre5 Rab44 Dpp7 Cracr2a Ctsg Cyb5r3 Npc2 Idh1 Ctsb Qsox1 Rnaset2a"
"REACTOME_SIGNALING_BY_FGFR1",-1.44723238669641,0.0531420765027322,0.380170239596469,32,-0.524559095612471,12,"Src Fgfr1 Fgf20 Spred2 Braf Tgfbr3 Spry2 Shc1 Ubc Grb2 Frs2 Hras"
"REACTOME_FC_EPSILON_RECEPTOR_FCERI_SIGNALING",1.22066621923077,0.0538720538720539,0.382126348228043,167,0.275824155863803,21,"Ighv1-5 Ighv3-6 Ighv5-12 Ighv11-2 Ighv5-4 Ighv8-8 Ighv5-2 Ighv1-39 Ighv1-74 Ighv1-82 Igkv2-137 Ighv1-58 Ighv8-9 Igkv15-103 Ighv5-6 Lat2 Ighv1-19 Ighv1-61 Ighv1-52 Ighv1-23 Ighv5-9-1"
"REACTOME_HS_GAG_DEGRADATION",-1.46716095310833,0.056854653828519,0.399893657600592,12,-0.657156449520896,4,"Sdc3 Ctsl Agrn Sgsh"
"REACTOME_COMPLEX_I_BIOGENESIS",1.32033283073524,0.0608141245708681,0.403979541792195,61,0.350496489723272,16,"Nubpl Acad9 Ndufaf6 Ndufaf4 mt-Nd5 Ecsit Hspa9 mt-Nd1 Ndufaf2 mt-Nd4 Ndufaf7 mt-Nd2 Ndufb7 Ndufb4 mt-Nd3 Ndufb8"
"REACTOME_KSRP_KHSRP_BINDS_AND_DESTABILIZES_MRNA",1.48637777158603,0.0591985428051002,0.403979541792195,14,0.558978306445938,7,"Exosc8 Exosc2 Dis3 Exosc5 Exosc9 Exosc3 Exosc1"
"REACTOME_PHOSPHORYLATION_OF_CD3_AND_TCR_ZETA_CHAINS",-1.45034945542166,0.0607526069215657,0.403979541792195,13,-0.636479238056873,7,"Cd3d H2-Eb1 H2-Aa H2-Ab1 Ptprj H2-Eb2 Trac"
"REACTOME_SIGNALING_BY_PDGF",-1.4420464039848,0.0582915971062883,0.403979541792195,27,-0.537502697227124,7,"Grb7 Src Ptpn12 Pdgfc Pik3cb Crkl Stat6"
"REACTOME_SPHINGOLIPID_DE_NOVO_BIOSYNTHESIS",1.47176205428062,0.0596966763472088,0.403979541792195,19,0.508300741071831,6,"Spns2 Sgms1 Cers6 Abcc1 Sptssa Cers4"
"REACTOME_TRANSCRIPTIONAL_AND_POST_TRANSLATIONAL_REGULATION_OF_MITF_M_EXPRESSION_AND_ACTIVITY",1.47400931375199,0.0590513068731849,0.403979541792195,19,0.50907687444975,3,"Tnfsf11 Csf1 Kit"
"REACTOME_VOLTAGE_GATED_POTASSIUM_CHANNELS",-1.45904838300898,0.0600124378109453,0.403979541792195,10,-0.682768311237593,4,"Kcnh8 Kcna5 Kcnab3 Kcnb1"
"REACTOME_HSF1_DEPENDENT_TRANSACTIVATION",-1.43598713157864,0.0645161290322581,0.425196850393701,22,-0.559199690026959,5,"Hspb8 Hspa1a Hspa1b Camk2b Mtor"
"REACTOME_O_GLYCOSYLATION_OF_TSR_DOMAIN_CONTAINING_PROTEINS",1.48187721158364,0.0679387106100029,0.444255474848222,12,0.57990901977634,6,"Sbspon Adamtsl2 Adamts6 B3glct Adamts10 Adamts17"
"REACTOME_NUCLEOTIDE_SALVAGE",1.45512380105909,0.0686149936467599,0.445199609940605,17,0.51858808055394,7,"Pnp2 Pnp Ampd2 Uck2 Tk1 Adk Aprt"
"REACTOME_PEPTIDE_HORMONE_METABOLISM",-1.41398120399742,0.0723427935447969,0.465776293823038,27,-0.527041785116565,12,"Igf1 Enpep Gnat3 Ctsg Tshb Atp6ap2 Slc30a5 Ctsd Ctsz Gh Gnb1 Exoc8"
"REACTOME_TCR_SIGNALING",-1.32285979896647,0.0735576923076923,0.469983118027011,86,-0.410623498728061,11,"Cd3d Lcp2 H2-Eb1 H2-Aa H2-Ab1 Prkcq Pak1 Traf6 Ptprj Malt1 Pik3cb"
"REACTOME_PEPTIDE_LIGAND_BINDING_RECEPTORS",-1.38600596294567,0.0742030538440932,0.470514818693227,37,-0.489096131159267,10,"Ccr5 Ccl5 Ccr9 Hebp1 Sstr2 F2rl2 Xk F2rl3 Nln Cxcr2"
"REACTOME_ABC_TRANSPORTERS_IN_LIPID_HOMEOSTASIS",-1.42746617295617,0.0780914390917459,0.484166922368825,11,-0.652469626952134,3,"Abca5 Abcd2 Abca6"
"REACTOME_SIGNALING_BY_FGFR4",-1.40813574953531,0.0776549601231286,0.484166922368825,26,-0.5294873953404,9,"Src Fgf20 Braf Spry2 Shc1 Ubc Grb2 Frs2 Hras"
"REACTOME_TRANSLESION_SYNTHESIS_BY_POLK",1.42578024980435,0.0775095298602287,0.484166922368825,17,0.508130402718721,10,"Rpa1 Rfc4 Rfc5 Rpa2 Rfc3 Pcna Rfc2 Mad2l2 Rpa3 Rfc1"
"REACTOME_TIE2_SIGNALING",-1.41309536946259,0.0802027429934407,0.493600705040514,14,-0.608832751242274,7,"Grb7 Dok2 Pik3cb Shc1 Grb2 Angpt1 Hras"
"REACTOME_SPRY_REGULATION_OF_FGF_SIGNALING",-1.41351643421398,0.0808065940535767,0.493687001626596,16,-0.590778730480287,5,"Src Braf Spry2 Ubc Grb2"
"REACTOME_RND3_GTPASE_CYCLE",-1.37157848745593,0.0835833106081265,0.506950949123202,33,-0.494614645681549,11,"Ckb Dst Cpd Pkp4 Depdc1b Arhgap35 Epha2 Arhgap5 Flot2 Ckap4 Arhgap21"
"REACTOME_SYNTHESIS_OF_PA",-1.39277895984502,0.085091320968427,0.512384429140816,24,-0.532710204464721,7,"Gpam Pld2 Agpat4 Pld6 Pla2g12a Pla2g4b Gpd1l"
"REACTOME_BILE_ACID_AND_BILE_SALT_METABOLISM",-1.3925636206932,0.0859263488438481,0.513275429903818,22,-0.542289779559777,10,"Abcc3 Cyp39a1 Akr1c13 Osbpl3 Slc10a1 Hsd3b7 Akr1c12 Ncoa2 Hsd17b4 Osbpl9"
"REACTOME_NERVOUS_SYSTEM_DEVELOPMENT",-1.25194472689365,0.0864657534246575,0.513275429903818,169,-0.360205531899984,23,"Grb7 Src Unc5a Ret Tyrobp Rhoc Arhgef12 Nrtn Fgfr1 Tubb6 Dok2 Prkcq Kif4 Mapk7 Tubb2a Gfra1 Tuba1c Pak1 Pdlim7 Rhob Itsn1 Rras Efnb1"
"REACTOME_ASSEMBLY_OF_COLLAGEN_FIBRILS_AND_OTHER_MULTIMERIC_STRUCTURES",-1.41024423030122,0.0877569806689169,0.517271780421714,11,-0.644597780520777,5,"Bmp1 Ctsl Col11a2 Col7a1 Ctsb"
"REACTOME_PURINE_CATABOLISM",1.39882047504313,0.0898603521554341,0.525965837441247,14,0.526050856726133,3,"Pnp2 Pnp Dnph1"
"REACTOME_POSTMITOTIC_NUCLEAR_PORE_COMPLEX_NPC_REFORMATION",1.3776940259375,0.0911214953271028,0.525968130403897,22,0.459346988790535,9,"Ndc1 Nup133 Nup205 Ran Nup85 Ahctf1 Nup43 Rcc1 Nup98"
"REACTOME_RECEPTOR_MEDIATED_MITOPHAGY",-1.40080395993847,0.0917459343356858,0.525968130403897,11,-0.64028279933341,2,"Src Map1lc3a"
"REACTOME_RHO_GTPASES_ACTIVATE_NADPH_OXIDASES",-1.38420589120218,0.0910007199424046,0.525968130403897,20,-0.549194031282192,5,"Prkcz S100a8 S100a9 Ncf1 Mapk14"
"REACTOME_HEPARAN_SULFATE_HEPARIN_HS_GAG_METABOLISM",-1.3681589507344,0.096356390549388,0.535288895650077,23,-0.528184627699381,6,"Sdc3 Ctsl Agrn Extl2 Sgsh Ndst2"
"REACTOME_MET_PROMOTES_CELL_MOTILITY",-1.38847590372389,0.0942515319521447,0.535288895650077,17,-0.570759228537457,2,"Src Hgf"
"REACTOME_NUCLEAR_PORE_COMPLEX_NPC_DISASSEMBLY",1.32501185875425,0.0958904109589041,0.535288895650077,30,0.409601859082769,10,"Ndc1 Nup133 Aaas Nup205 Nup214 Nup85 Nup43 Nup62 Nup50 Nup98"
"REACTOME_SUMOYLATION_OF_RNA_BINDING_PROTEINS",1.29521880802091,0.0952582557154953,0.535288895650077,44,0.367542883880937,12,"Ndc1 Nup133 Aaas Nop58 Nup205 Pcgf2 Nup214 Nup85 Nup43 Nup62 Nup50 Nup98"
"REACTOME_TGF_BETA_RECEPTOR_SIGNALING_IN_EMT_EPITHELIAL_TO_MESENCHYMAL_TRANSITION",-1.39246158821963,0.0965694423454738,0.535288895650077,13,-0.611075411777798,2,"Prkcz F11r"
"REACTOME_DOWNSTREAM_TCR_SIGNALING",-1.29332305125467,0.0972648104992027,0.535596357814689,71,-0.411633721927046,11,"Cd3d H2-Eb1 H2-Aa H2-Ab1 Prkcq Traf6 Malt1 Pik3cb H2-Eb2 Trac Ubc"
"REACTOME_POSITIVE_EPIGENETIC_REGULATION_OF_RRNA_EXPRESSION",1.3281387401276,0.0987917555081734,0.540449015427066,27,0.420836583798403,16,"Mybbp1a Polr1b Polr1a Kat2a Baz1b Ddx21 Taf1b Polr1e Polr1c Taf1d Taf1c Polr2e Polr2f Polr2h Ercc6 Polr2l"
"REACTOME_N_GLYCAN_ANTENNAE_ELONGATION",1.43061736441459,0.0997198879551821,0.541984066353814,10,0.587797111486548,5,"St8sia6 B4galt4 B4galt5 St6gal1 B4galt3"
"REACTOME_SIGNALING_BY_TYPE_1_INSULIN_LIKE_GROWTH_FACTOR_1_RECEPTOR_IGF1R",-1.36073749989315,0.100910902362653,0.544918872758326,23,-0.525319539364821,10,"Igf1 Fgfr1 Fgf20 Pik3cb Shc1 Flt3l Grb2 Frs2 Pik3r4 Irs2"
"REACTOME_MRNA_SPLICING_MINOR_PATHWAY",1.27158602219174,0.105010893246187,0.561531020877123,47,0.356372294459302,28,"Snrnp25 Snrpf Eftud2 Srsf7 Sf3b3 Snrpg Gtf2f1 Ncbp2 Snrpd1 Snrpd2 Srsf2 Polr2e Srsf1 Polr2f Polr2d Gtf2f2 Polr2h Snrnp35 Snrnp40 Polr2l Snrpe Snrpb Sf3b2 Ybx1 Ddx23 Snrpd3 Prpf8 Sf3b5"
"REACTOME_SIGNALING_BY_NTRKS",-1.29536317226503,0.105328996747561,0.561531020877123,63,-0.419656297504051,36,"Src Nab2 Mapk7 Ntrk3 Dusp7 Srf Mapk14 Braf Pik3cb Sgk1 Dusp3 Crkl Ap2a1 Shc1 Grb2 Mapk11 Frs2 Rps6ka2 Irs2 Hras Rps6ka1 Vrk3 Ppp2r1b Mapk1 Rapgef1 Crk Pik3r2 Rac1 Furin Mapkapk2 Ap2b1 Atf1 Plcg1 Rap1a Ap2m1 Map2k1"
"REACTOME_INHIBITION_OF_REPLICATION_INITIATION_OF_DAMAGED_DNA_BY_RB1_E2F1",1.41036682305936,0.110084033613445,0.57949896939908,10,0.579476780690397,3,"Prim1 Pola1 Pola2"
"REACTOME_TP53_REGULATES_METABOLIC_GENES",-1.28244667349405,0.110006215040398,0.57949896939908,66,-0.412862239636808,9,"Prkaa2 Gsr Sesn2 Cox6a2 G6pdx Mtor Rragb Ddit4 Rragd"
"REACTOME_MACROAUTOPHAGY",-1.24388065490513,0.111330851558865,0.58239951721731,116,-0.373145393029296,45,"Src Prkaa2 Wipi1 Tubb6 Tubb2a Tuba1c Map1lc3a Mtor Rragb Rragd Mfn2 Atg4c Prkn Tuba1a Chmp7 Gabarapl2 Ubc Tomm70a Mtmr3 Hdac6 Gabarap Prkag1 Atg7 Wdr45 Tubb4b Pik3r4 Chmp3 Atg5 Lamtor3 Pex5 Pink1 Tsc2 Chmp2b Lamtor2 Rb1cc1 Map1lc3b Pik3c3 Sqstm1 Atg4d Usp30 Atg3 Ambra1 Dync1li2 Rptor Chmp2a"
"REACTOME_MAPK_FAMILY_SIGNALING_CASCADES",-1.21294293203034,0.112783571658961,0.586334468810874,201,-0.343606477488402,24,"Src Ret Hgf Cdc14b Il5ra Nrtn Fgfr1 Egf Prkcq Dab2ip Il6ra Pea15a Gfra1 Fgf20 Grin2d Pak1 Dusp16 Dusp7 Paqr3 Vcl Spred2 Camk2b Kbtbd7 Braf"
"REACTOME_INTRAFLAGELLAR_TRANSPORT",1.26667045701422,0.116427432216906,0.586970381004552,38,0.369823394196806,14,"Wdr35 Tuba4a Wdr19 Traf3ip1 Ift43 Ift122 Cluap1 Ift57 Ift22 Dync2li1 Tuba1b Tubb2b Kifap3 Ift27"
"REACTOME_KINESINS",-1.31435260865556,0.115736444385523,0.586970381004552,40,-0.457699241829638,18,"Klc3 Kifc2 Tubb6 Kif1b Kif4 Tubb2a Kif19a Tuba1c Tuba1a Kif20b Kif1c Kif23 Klc2 Kif3a Klc4 Kif13b Tubb4b Kif21b"
"REACTOME_RHO_GTPASES_ACTIVATE_PKNS",-1.34463056086446,0.114758819294456,0.586970381004552,20,-0.533492223230627,3,"Rhoc Pkn3 Rhob"
"REACTOME_SUMOYLATION_OF_DNA_DAMAGE_RESPONSE_AND_REPAIR_PROTEINS",1.20679485358401,0.115738236884803,0.586970381004552,71,0.311486124978923,23,"Ndc1 Blm Rpa1 Nup133 Parp1 Aaas Brca1 Rnf168 Nsmce1 Nup205 Smc3 Sumo3 Pcgf2 Nup214 Nup85 Xpc Nup43 Nup62 Nup50 Nup98 Tdg Smc5 Pml"
"REACTOME_SUMOYLATION_OF_SUMOYLATION_PROTEINS",1.28950859330578,0.11372110365399,0.586970381004552,32,0.390983544122739,10,"Ndc1 Nup133 Aaas Nup205 Nup214 Nup85 Nup43 Nup62 Nup50 Nup98"
"REACTOME_TRANSCRIPTIONAL_ACTIVITY_OF_SMAD2_SMAD3_SMAD4_HETEROTRIMER",1.26729862678782,0.11711356466877,0.586970381004552,37,0.372186480141792,7,"Tgif2 Ski E2f5 Rbl1 Parp1 Tfdp1 Men1"
"REACTOME_EPHRIN_SIGNALING",-1.34878700128508,0.120900417412045,0.591844751728473,14,-0.581125462993,6,"Src Pak1 Efnb1 Efnb3 Arhgef7 Sdcbp"
"REACTOME_G_ALPHA_Z_SIGNALLING_EVENTS",1.3449139055701,0.119389027431421,0.591844751728473,16,0.48681061052171,3,"Adcy3 Adcy9 Gng4"
"REACTOME_MRNA_POLYADENYLATION",1.16492164003424,0.121621621621622,0.591844751728473,116,0.275486288305514,62,"Snrpf Ptbp1 Htatsf1 Srsf7 Tut1 Sf3b3 Snrpg Sf3a1 Gtf2f1 Ncbp2 Tra2b Cherp Hnrnpd Nudt21 Snrpd1 Snrpa Sf3a3 Snrpd2 Rbm17 Rbm25 Hnrnpf Hnrnpu U2af1l4 Srsf2 U2af2 Prr3 Ppp1r8 Cpsf4 Rps27a Polr2e Rbmx Tcerg1 Srsf1 Polr2f Polr2d Gtf2f2 Snrnp70 Polr2h Hnrnpa3 Phf5a Polr2l Dhx15 Snrpe Srsf11 Srsf3 U2surp Dnajc8 Prpf40a Snrpb Pcbp1 Cpsf6 Hnrnpa2b1 Srrm2 Clp1 Sf3b2 Ybx1 Snrpd3 Sf3b5 Papola Wdr33 Hnrnpl Sympk"
"REACTOME_PECAM1_INTERACTIONS",-1.35276131130593,0.121202822951826,0.591844751728473,11,-0.618323351449508,1,"Src"
"REACTOME_RECYCLING_PATHWAY_OF_L1",-1.33552426427266,0.121035058430718,0.591844751728473,27,-0.497798054400471,8,"Src Tubb6 Kif4 Tubb2a Tuba1c Tuba1a Numb Ap2a1"
"REACTOME_CARGO_TRAFFICKING_TO_THE_PERICILIARY_MEMBRANE",-1.28506614774464,0.123418934457647,0.593687632994542,53,-0.427410435913029,18,"Smo Tubb6 Bbs7 Ttc8 Tubb2a Tuba1c Bbs4 Nphp3 Rab3ip Bbs12 Bbs2 Inpp5e Tuba1a Asap1 Bbs9 Arl6 Bbs10 Hdac6"
"REACTOME_MEMBRANE_TRAFFICKING",-1.14922367389431,0.123265471487896,0.593687632994542,458,-0.311095392339384,129,"Src Sort1 F5 Sbf2 Cd3d Grk3 Klc3 Cd59b Rab6b Kifc2 Pacsin1 Rab33a Tubb6 Rin2 Tpd52 Rab3il1 Egf Dennd2c Kif1b Cpd Sh3d19 Kif4 Tubb2a Kif19a Tuba1c Rab27a Itsn1 Rab32 Sec24a Tbc1d2 Fnbp1l Ldlrap1 Rab39 Rab3ip Gcc1 Als2cl Rab4a Lman2l Vps25 Clint1 Tbc1d8b Pacsin2 Cltb Pafah1b3 Ap4e1 Dennd2d Vps37b Nsf Dennd4b Gosr2 Synj1 Napb Dnase2a Col7a1 Tbc1d24 Bicd1 Fcho1 Tuba1a Ap3s1 Cog7 Snap23 Pip5k1c Ap2a1 Ubqln2 Sec23a Akt3 Galnt2 Kif20b Rab21 Chmp7 Rgp1 Chml Gabarapl2 Trappc2 Ubc Kif1c Kif23 Eps15 Klc2 Kif3a Gak Arf3 Dnajc6 Chmp5 Cog6 Yipf6 Sec22a Sbf1 Vps37a Uso1 Dennd5a Bloc1s4 Agpat3 Sec24d Sec31b Gabarap Rab36 Dennd6a Klc4 Ric1 Sec23ip Vamp2 Grb2 Ap1s2 Ctsz Tor1a Tmem115 Kif13b Dnm2 Tbc1d10a Ap4s1 M6pr Snap29 Dennd6b Tubb4b Adrb2 Tgoln1 Kif21b Aak1 Chmp3 Tbc1d20 Hgs Sptan1 Mcfd2 Trappc10 Mia3 Snapin Fcho2 Golga2"
"REACTOME_IMMUNOREGULATORY_INTERACTIONS_BETWEEN_A_LYMPHOID_AND_A_NON_LYMPHOID_CELL",-1.22949528630018,0.1279001982045,0.60730882881619,111,-0.370262442052312,35,"Ighv1-80 Cd3d Ighv1-49 Ighv14-1 Ighv8-2 Lair1 Cd300lf Raet1e Itgb7 Cd34 Cd40 Ighv1-77 Ighv1-67 Fcgr2b Ighv1-7 Cd96 Ighv1-66 Ighv1-64 Iglc2 Ighv1-26 Ighv8-4 Siglecf Ighv1-69 Slamf6 Ighv5-16 Cd160 Ighv14-4 Jaml Ighv1-55 Ighv1-76 Cd8b1 Ighv14-3 Ighv1-59 Hcst Ighv1-18"
"REACTOME_SIGNALING_BY_MET",-1.28332434558152,0.12842731505432,0.60730882881619,48,-0.432897921731555,22,"Src Hgf Spint2 Col11a2 Rab4a Ptprj Crkl Shc1 Ubc Eps15 Ptpn1 Grb2 Ptpn2 Hras Hgs Itgb1 Gga3 Sh3kbp1 Dock7 Rapgef1 Ranbp10 Crk"
"REACTOME_SIGNALING_BY_SCF_KIT",-1.31693678362024,0.128201616216957,0.60730882881619,30,-0.481670538356837,3,"Grb7 Src Fer"
"REACTOME_G_ALPHA_I_SIGNALLING_EVENTS",-1.23443384132492,0.129561828274477,0.609231743065941,98,-0.377257799007151,15,"Src Ccr5 Ccl5 Ccr9 Hebp1 Sstr2 Gnat3 Camkk1 Prkcg Pde4c P2ry14 Pde4d Rgs3 Cxcr2 Adcy6"
"REACTOME_DEVELOPMENTAL_BIOLOGY",-1.18566750853739,0.130577636459989,0.6105781101509,233,-0.332318757639861,33,"Grb7 Src Unc5a Ret Ppl Sytl2 Tyrobp Rhoc Arhgef12 Nrtn Fgfr1 Tubb6 Dok2 Prkcq Tcf7l2 Pkp4 Kif4 Mapk7 Tubb2a Gfra1 Tuba1c Klk8 Pak1 Pdlim7 Rab27a Rhob Itsn1 Rras Efnb1 Tcf3 Lef1 Mapk14 Cdh15"
"REACTOME_DEGRADATION_OF_THE_EXTRACELLULAR_MATRIX",-1.2946926767756,0.13285384719772,0.614357293394982,34,-0.463997753799555,14,"Capn3 Cd44 Timp2 Ctsl Capn11 Col11a2 Phykpl Capn5 Col7a1 Ctsg Ctsb Capn10 Adam8 Adam15"
"REACTOME_PLASMA_LIPOPROTEIN_ASSEMBLY",-1.33911791995963,0.132151741293532,0.614357293394982,10,-0.626646306871102,3,"Bmp1 Apoe Zdhhc8"
"REACTOME_GLYCOLYSIS",1.2216545594044,0.139789858382823,0.639409685394194,51,0.337035437041513,17,"Pfkfb2 Hk2 Aldoc Ndc1 Nup133 Aaas Pfkfb4 Adpgk Tpi1 Nup205 Gnpda1 Nup214 Nup85 Nup43 Nup62 Nup50 Nup98"
"REACTOME_RAB_GEFS_EXCHANGE_GTP_FOR_GDP_ON_RABS",-1.23464614333629,0.139799250211634,0.639409685394194,81,-0.385972531780301,21,"Sbf2 Rab6b Rin2 Rab3il1 Dennd2c Rab27a Rab32 Rab39 Rab3ip Als2cl Dennd2d Dennd4b Akt3 Rab21 Rgp1 Chml Trappc2 Sbf1 Dennd5a Dennd6a Ric1"
"REACTOME_NOD1_2_SIGNALING_PATHWAY",-1.28909071756875,0.144911655937543,0.659190521846322,30,-0.471485820462277,11,"Casp4 Tnfaip3 Nod1 Mapk14 Traf6 Map2k6 Casp1 Ubc Birc3 Mapk11 Tab3"
"REACTOME_COMPLEMENT_CASCADE",-1.22909283981223,0.145793036750484,0.659614982487323,82,-0.383874668279165,27,"C1qa Ighv1-80 C1qb Cr2 Ighv1-49 Ighv14-1 C1qc Ighv8-2 Cd59b Ighv1-77 Ighv1-67 Cfp Ighv1-7 Ighv1-66 C8g Ighv1-64 Iglc2 Ighv1-26 Ighv8-4 Ighv1-69 Ighv5-16 Ighv14-4 Ighv1-55 Ighv1-76 Ighv14-3 Ighv1-59 Ighv1-18"
"REACTOME_MITOTIC_PROMETAPHASE",1.1118270099146,0.14875,0.665795454545455,181,0.249282497485786,51,"Cenpk Ncaph Spdl1 Tuba4a Cenph Kntc1 Cep152 Haus6 Ccp110 Nup133 Haus4 Ncapg Ncapd2 Rcc2 Cenpm Plk4 Haus5 Cenpp Tubgcp2 Cenps Tubgcp5 Tuba1b Tubg1 Hsp90aa1 Clasp1 Rps27rt Tubb2b Cenpn Smc3 Kif2a Prkar2b Tubgcp4 Cdca5 Cenpt Nudc Zwilch Prkaca Eml4 Ofd1 Nup85 Ahctf1 Spc24 Ppp2r5d Nup43 Sfi1 Haus3 Cenpq Bub1b Taok1 Nup98 Ppp2r5a"
"REACTOME_THROMBIN_SIGNALLING_THROUGH_PROTEINASE_ACTIVATED_RECEPTORS_PARS",-1.293974180846,0.148301455894947,0.665795454545455,22,-0.503897245956864,3,"Src F2rl2 F2rl3"
"REACTOME_GLOBAL_GENOME_NUCLEOTIDE_EXCISION_REPAIR_GG_NER",1.16391923959556,0.152914021927294,0.671453147091357,81,0.292738156456285,22,"Pole Rpa1 Rfc4 Parp1 Rfc5 Ercc2 Rpa2 Rfc3 Parp2 Pcna Ddb2 Rfc2 Pole3 Sumo3 Pold1 Ercc4 Rpa3 Ccnh Pole4 Xpc Cops3 Rfc1"
"REACTOME_GLYCOSAMINOGLYCAN_METABOLISM",-1.219518116405,0.153222880638529,0.671453147091357,81,-0.38124323919147,27,"Sdc3 Cd44 Ctsl Agrn Extl2 Sgsh Fam20b Ndst2 Xylt2 Slc9a1 B3gnt3 Hyal1 B3gnt2 Csgalnact1 Ust Chpf2 Papss2 Dsel Hmmr Chst11 B3gat2 Sdc4 Slc35d2 Hexb Idua St3gal1 B3galt6"
"REACTOME_GLYCOSAMINOGLYCAN_PROTEIN_LINKAGE_REGION_BIOSYNTHESIS",-1.30201737597887,0.152802623732856,0.671453147091357,14,-0.56097474969714,4,"Sdc3 Agrn Fam20b Xylt2"
"REACTOME_HYALURONAN_DEGRADATION",-1.30574682835968,0.151426818042344,0.671453147091357,11,-0.596833859978224,5,"Cd44 Slc9a1 Hyal1 Hmmr Hexb"
"REACTOME_GRB2_SOS_PROVIDES_LINKAGE_TO_MAPK_SIGNALING_FOR_INTEGRINS",-1.3077809245693,0.154695273631841,0.674374708488806,10,-0.611982017687089,1,"Src"
"REACTOME_VITAMIN_B5_PANTOTHENATE_METABOLISM",1.28133770278929,0.158166363084396,0.685933916588805,14,0.481869409501614,11,"Slc5a6 Pank4 Fasn Coasy Ppcs Dcakd Ppcdc Slc25a42 Aasdhppt Pank3 Pank1"
"REACTOME_DOPAMINE_NEUROTRANSMITTER_RELEASE_CYCLE",-1.30159022974057,0.160476845483723,0.690255018613228,12,-0.582995623142273,7,"Apba1 Ppfia4 Stxbp1 Tspoap1 Lin7c Vamp2 Ppfia1"
"REACTOME_MET_ACTIVATES_RAP1_AND_RAC1",-1.29738739318561,0.162935323383085,0.690255018613228,10,-0.607118317515608,9,"Hgf Crkl Grb2 Dock7 Rapgef1 Crk Rac1 Rap1b Rap1a"
"REACTOME_O_LINKED_GLYCOSYLATION",1.17551618609665,0.162848605577689,0.690255018613228,63,0.309456829882573,16,"Sbspon Galnt14 Adamtsl2 Galnt3 Pomgnt2 Adamts6 B3glct Muc13 Adamts10 Emid1 Adamts17 Fut10 B4galt5 Galnt6 B3gnt7 Fut11"
"REACTOME_RHOB_GTPASE_CYCLE",-1.23467684072501,0.163286133435387,0.690255018613228,54,-0.409754811224364,16,"Mcf2l Arhgef12 Pkn3 Myo9a Rhob Iqgap3 Depdc1b Anln Arhgap35 Ophn1 Arhgap5 Snap23 Flot2 Bcr Arhgap21 Arhgap32"
"REACTOME_SIGNALING_BY_BMP",-1.28961620202785,0.162790697674419,0.690255018613228,16,-0.538994669039335,8,"Bmpr2 Acvr2a Zfyve16 Smad1 Tgfbr3 Amh Ube2d1 Smad5"
"REACTOME_GAP_JUNCTION_TRAFFICKING_AND_REGULATION",-1.28377853357761,0.166327716443928,0.692618401311282,18,-0.521356529654705,5,"Src Tubb6 Tubb2a Tuba1c Cltb"
"REACTOME_RETROGRADE_TRANSPORT_AT_THE_TRANS_GOLGI_NETWORK",-1.24768380470963,0.165313073094053,0.692618401311282,43,-0.428176023646712,27,"Rab6b Gcc1 Nsf Napb Cog7 Rgp1 Cog6 Ric1 M6pr Tgoln1 Cog8 Rab43 Cog5 Cog2 Vps52 Stx6 Sys1 Arl1 Vps53 Gcc2 Napa Rab6a Stx16 Golga4 Vti1a Igf2r Usp6nl"
"REACTOME_SEMA4D_IN_SEMAPHORIN_SIGNALING",-1.2944522559811,0.165978908757451,0.692618401311282,12,-0.579798451432782,5,"Rhoc Arhgef12 Rhob Rras Arhgap35"
"REACTOME_AKT_PHOSPHORYLATES_TARGETS_IN_THE_CYTOSOL",-1.28144931317527,0.170911322491562,0.704693482391316,11,-0.585727894058619,10,"Cdkn1b Akt3 Mdm2 Tsc2 Akt2 Mkrn1 Cdkn1a Akt1 Akt1s1 Chuk"
"REACTOME_CELL_SURFACE_INTERACTIONS_AT_THE_VASCULAR_WALL",-1.18171331259905,0.170640326975477,0.704693482391316,134,-0.348717276263064,37,"Grb7 Src Ighv1-80 Ighv1-49 Ighv14-1 Ighv8-2 Cd44 Ighv1-77 F11r Ighv1-67 Gas6 Dok2 Cd74 Ighv1-7 Ighv1-66 Ighv1-64 Iglc2 Ighv1-26 Itgam Ighv8-4 Slc7a11 Sirpa Selp Ighv1-69 Ighv5-16 Ighv14-4 Itga6 Jaml Ighv1-55 Ighv1-76 Pik3cb Ighv14-3 Thbd Atp1b1 Ighv1-59 Ighv1-18 Selplg"
"REACTOME_EPHB_MEDIATED_FORWARD_SIGNALING",-1.25713022157139,0.173661758634925,0.71252398028153,29,-0.462758021646265,4,"Src Pak1 Itsn1 Efnb1"
"REACTOME_ACYL_CHAIN_REMODELLING_OF_PC",-1.26987752386104,0.178890876565295,0.71675784991142,14,-0.547127280508377,6,"Plbd1 Lpcat2 Pla2g4c Pla2g12a Lpcat3 Pla2g4b"
"REACTOME_MITF_M_REGULATED_MELANOCYTE_DEVELOPMENT",1.20617865488462,0.178372352285396,0.71675784991142,31,0.368718562764822,5,"Tnfsf11 Tcf7l1 Tcf7 Csf1 Kit"
"REACTOME_MRNA_3_END_PROCESSING",1.1118397343488,0.179130434782609,0.71675784991142,138,0.257601650224178,70,"Snrpf Alyref Ptbp1 Htatsf1 Srsf7 Tut1 Sf3b3 Snrpg Sf3a1 Gtf2f1 Ncbp2 Tra2b Cherp Hnrnpd Nudt21 Snrpd1 Snrpa Sf3a3 Rnps1 Snrpd2 Srrm1 Rbm17 Rbm25 Hnrnpf Hnrnpu U2af1l4 Srsf2 U2af2 Prr3 Casc3 Ppp1r8 Cpsf4 Rps27a Polr2e Rbmx Tcerg1 Srsf1 Polr2f Polr2d Gtf2f2 Snrnp70 Polr2h Hnrnpa3 Phf5a Polr2l Dhx15 Magoh Snrpe Srsf11 Srsf3 U2surp Dnajc8 Prpf40a Snrpb Pcbp1 Magohb Cpsf6 Hnrnpa2b1 Upf3b Srrm2 Clp1 Sf3b2 Ybx1 Snrpd3 Sf3b5 Papola Wdr33 Hnrnpl Sympk Rbm8a"
"REACTOME_PKA_MEDIATED_PHOSPHORYLATION_OF_CREB",1.2772564714503,0.177956371986223,0.71675784991142,11,0.510222376765058,2,"Adcy3 Adcy9"
"REACTOME_PURINE_SALVAGE",1.26909615136771,0.180688060132986,0.71675784991142,12,0.496640544431527,5,"Pnp2 Pnp Ampd2 Adk Aprt"
"REACTOME_RAB_GERANYLGERANYLATION",-1.2287019984296,0.180419037765132,0.71675784991142,48,-0.414472415628146,13,"Rab6b Rab33a Rab19 Rab27a Rab32 Rab39 Rab37 Rab4a Rab3d Rab44 Rab21 Chml Rabggta"
"REACTOME_SIGNALING_BY_EGFR",-1.23847505417069,0.178408786498795,0.71675784991142,37,-0.437035174253356,13,"Src Egf Fam83d Ptpn12 Spry2 Shc1 Ubc Eps15 Arhgef7 Grb2 Hras Hgs Pxn"
"REACTOME_DEACTIVATION_OF_THE_BETA_CATENIN_TRANSACTIVATING_COMPLEX",1.21740597546834,0.183385039641503,0.719227116371501,25,0.39161002772881,3,"Sox13 Tcf7l1 Tcf7"
"REACTOME_SIGNALING_BY_ERBB4",-1.25182851080165,0.182734014271722,0.719227116371501,26,-0.470712726252389,9,"Src Egf Nedd4 Shc1 Ubc Wwp1 Grb2 Hras Esr1"
"REACTOME_SIGNAL_AMPLIFICATION",-1.25131215680002,0.183888414460575,0.719227116371501,23,-0.48307533661959,11,"Src Gnat3 Mapk14 Gnb5 Gnaq Gng12 Gnai3 Gna11 Gnb1 Gngt2 Gng3"
"REACTOME_CARDIAC_CONDUCTION",-1.22472617813995,0.188236835210899,0.726056364384895,43,-0.420297500883278,12,"Atp1a3 Kcna5 Fxyd6 Fxyd2 Npr1 Fxyd4 Camk2b Fkbp1b Corin Atp1b1 Kcnk3 Asph"
"REACTOME_RAB_REGULATION_OF_TRAFFICKING",-1.17977910778951,0.187594907137017,0.726056364384895,107,-0.356447693285835,27,"Sbf2 Rab6b Rab33a Rin2 Rab3il1 Dennd2c Rab27a Rab32 Tbc1d2 Rab39 Rab3ip Als2cl Rab4a Dennd2d Dennd4b Tbc1d24 Akt3 Rab21 Rgp1 Chml Gabarapl2 Trappc2 Sbf1 Dennd5a Gabarap Dennd6a Ric1"
"REACTOME_TRANSLESION_SYNTHESIS_BY_POLH",1.22854258862013,0.186511777992901,0.726056364384895,19,0.42430031839566,9,"Rpa1 Rfc4 Rfc5 Rpa2 Rfc3 Pcna Rfc2 Rpa3 Rfc1"
"REACTOME_EXTRA_NUCLEAR_ESTROGEN_SIGNALING",-1.21990989554149,0.191124951342935,0.727143564881985,47,-0.412869722353032,20,"Src Prkcz Gnat3 Egf Cdkn1b Cav2 Zdhhc7 Gnb5 Akt3 Shc1 Gng12 Gnai3 Calm1 Hras Esr1 Gnb1 Gngt2 Gng3 Calm3 Mapk1"
"REACTOME_SYNTHESIS_OF_BILE_ACIDS_AND_BILE_SALTS",-1.25518105473874,0.189424753050552,0.727143564881985,18,-0.509742780137678,8,"Cyp39a1 Akr1c13 Osbpl3 Hsd3b7 Akr1c12 Ncoa2 Hsd17b4 Osbpl9"
"REACTOME_SYNTHESIS_OF_VERY_LONG_CHAIN_FATTY_ACYL_COAS",1.22717042429091,0.190279542566709,0.727143564881985,17,0.437348323477628,6,"Hacd1 Elovl7 Hacd4 Acsl3 Hsd17b12 Tecr"
"REACTOME_HS_GAG_BIOSYNTHESIS",-1.25131941855054,0.19693847512511,0.735881712855881,16,-0.522988540934581,4,"Sdc3 Agrn Extl2 Ndst2"
"REACTOME_INTEGRIN_CELL_SURFACE_INTERACTIONS",-1.23348178182964,0.196865817825661,0.735881712855881,26,-0.463813986738382,7,"Cd44 Itgb7 F11r Itga10 Itgam Itga6 Col7a1"
"REACTOME_NEGATIVE_REGULATION_OF_THE_PI3K_AKT_NETWORK",-1.19056027729544,0.196589645372544,0.735881712855881,68,-0.381287780420879,21,"Src Hgf Fgfr1 Egf Cd28 Ntrk3 Fgf20 Pik3ap1 Traf6 Pik3cb Pip5k1c Akt3 Irak4 Pip5k1b Flt3l Cd19 Grb2 Pip4k2c Frs2 Irs2 Esr1"
"REACTOME_REGULATION_OF_CDH1_FUNCTION",-1.20398228282131,0.194922821788493,0.735881712855881,54,-0.399568143454633,10,"Src Ctsl Vcl Ctsb Ubc Eps15 Mdm2 Dnm2 Psmc2 Banp"
"REACTOME_ACTIVATION_OF_SMO",-1.25602280705705,0.200404228855721,0.736638655462185,10,-0.587761571745605,1,"Smo"
"REACTOME_BUTYRATE_RESPONSE_FACTOR_1_BRF1_BINDS_AND_DESTABILIZES_MRNA",1.21108913644647,0.206982543640898,0.736638655462185,16,0.438370842526014,7,"Exosc8 Exosc2 Dis3 Exosc5 Exosc9 Exosc3 Exosc1"
"REACTOME_CA2_PATHWAY",-1.22284279417201,0.203935599284436,0.736638655462185,29,-0.450136590868119,15,"Fzd6 Tcf7l2 Fzd5 Lef1 Gnb5 Plcb3 Gnat2 Gng12 Ppp3r1 Calm1 Gnb1 Gngt2 Gng3 Calm3 Nlk"
"REACTOME_CARNITINE_SHUTTLE",-1.25111016146537,0.203576341127923,0.736638655462185,12,-0.560385082445272,2,"Prkaa2 Cpt1b"
"REACTOME_CELL_CELL_JUNCTION_ORGANIZATION",-1.16480218430311,0.199162401116799,0.736638655462185,116,-0.349423047258754,21,"Src Sdk1 F11r Ctsl Adam19 Nectin3 Vcl Cdh15 Tle1 Ctsb Smarca4 Cdh11 Nectin1 Pomt1 Pip5k1c Ubc Eps15 Pard6b Arhgap32 Amot Mdm2"
"REACTOME_DOWNSTREAM_SIGNALING_OF_ACTIVATED_FGFR1",-1.24500322103372,0.20900710291673,0.736638655462185,13,-0.54636398044602,6,"Fgfr1 Fgf20 Shc1 Grb2 Frs2 Hras"
"REACTOME_DRUG_ADME",1.15889152482095,0.209462365591398,0.736638655462185,45,0.327860921212312,12,"Abcc4 Pnp2 Pnp Acy1 Nme1 Abcc5 Impdh2 Abcc1 Adk Nme2 Vav2 Vav3"
"REACTOME_G0_AND_EARLY_G1",1.21793337834278,0.202306733167082,0.736638655462185,16,0.440848212685029,6,"Ccne1 E2f5 Rbl1 Tfdp1 Lin37 Lin9"
"REACTOME_HSP90_CHAPERONE_CYCLE_FOR_STEROID_HORMONE_RECEPTORS_SHR_IN_THE_PRESENCE_OF_LIGAND",-1.20711879534521,0.208143584248594,0.736638655462185,37,-0.425970124542763,6,"Tubb6 Pgr Tubb2a Tuba1c Hspa1a Hspa1b"
"REACTOME_NUCLEAR_EVENTS_KINASE_AND_TRANSCRIPTION_FACTOR_ACTIVATION",-1.22131936619039,0.208758919826501,0.736638655462185,26,-0.459240673561724,13,"Nab2 Mapk7 Dusp7 Srf Mapk14 Sgk1 Dusp3 Mapk11 Rps6ka2 Rps6ka1 Vrk3 Ppp2r1b Mapk1"
"REACTOME_PHOSPHOLIPID_METABOLISM",-1.15471782548147,0.203347938433884,0.736638655462185,144,-0.33786270705665,35,"Plbd1 Gpam Pld2 Lpcat2 Tnfaip8l3 Inppl1 Mgll Agpat4 Tnfaip8l1 Inpp4b Enpp6 Pld6 Pnpla6 Pla2g4c Pla2g12a Lpcat3 Rab4a Dgat1 Pla2g4b Gpd1l Synj1 Pik3cb Chpt1 Inpp5e Mfsd2a Chkb Pip5k1c Rufy1 Lpin2 Pip5k1b Abhd4 Arf3 Plaat3 Sbf1 Mtmr3"
"REACTOME_RNA_POLYMERASE_I_TRANSCRIPTION_TERMINATION",1.1893970010145,0.207005253940455,0.736638655462185,26,0.380349850209738,13,"Polr1b Polr1a Ercc2 Ccnh Taf1b Polr1e Polr1c Taf1d Taf1c Polr2e Polr2f Polr2h Polr2l"
"REACTOME_SENSORY_PERCEPTION",-1.20316958849086,0.208802724652869,0.736638655462185,43,-0.412899781361321,7,"Rbp2 Sdc3 Apoe Agrn Lrp8 Gnat3 Akr1c13"
"REACTOME_SIGNALING_BY_ERYTHROPOIETIN",-1.24217867821741,0.20321486506415,0.736638655462185,15,-0.525546778667752,10,"Pik3cb Crkl Shc1 Grb2 Lyn Irs2 Jak2 Rapgef1 Pik3cg Vav1"
"REACTOME_REGULATION_OF_RUNX3_EXPRESSION_AND_ACTIVITY",-1.20070848306114,0.21155357610689,0.740880097077268,43,-0.412055187296147,1,"Src"
"REACTOME_L1CAM_INTERACTIONS",-1.19546770240932,0.213528194516296,0.741589621618837,48,-0.403261642820067,7,"Src Fgfr1 Tubb6 Kif4 Tubb2a Tuba1c Pak1"
"REACTOME_PEROXISOMAL_PROTEIN_IMPORT",-1.19004907301674,0.212648828575086,0.741589621618837,52,-0.396867194571446,26,"Pipox Acox1 Crat Phyh Pex26 Acox3 Idh1 Ech1 Cat Hsd17b4 Ubc Mlycd Hacl1 Ube2d1 Acot8 Pex10 Gstk1 Pex5 Amacr Zfand6 Eci2 Pex14 Paox Crot Usp9x Lonp2"
"REACTOME_SLBP_DEPENDENT_PROCESSING_OF_REPLICATION_DEPENDENT_HISTONE_PRE_MRNAS",1.22921095695412,0.217278989667049,0.751497993187274,11,0.491029757939408,5,"Snrpf Slbp Snrpg Ncbp2 Lsm11"
"REACTOME_GLUCAGON_TYPE_LIGAND_RECEPTORS",1.20305921618077,0.219186399514268,0.75233044037287,14,0.452431418223736,3,"Gcgr Gng4 Vipr2"
"REACTOME_SLC_MEDIATED_TRANSMEMBRANE_TRANSPORT",1.09098658445491,0.219317356572259,0.75233044037287,118,0.258005808057207,26,"Slc9a2 Slc2a6 Slc12a4 Slco4a1 Slc5a9 Slc43a1 Slc26a6 Ahcyl2 Slc8a1 Slc36a4 Slc9a5 Slc5a6 Slc25a29 Slc1a4 Slc7a5 Slc25a1 Arl2 Slc8b1 Slc27a4 Slc44a1 Slc39a4 Slc39a3 Slc7a6 Slc5a3 Slc25a10 Ctns"
"REACTOME_COPI_DEPENDENT_GOLGI_TO_ER_RETROGRADE_TRAFFIC",-1.16253402615775,0.221420711578433,0.756445451392441,76,-0.366975409548973,39,"Klc3 Kifc2 Tubb6 Kif1b Kif4 Tubb2a Kif19a Tuba1c Nsf Napb Tuba1a Kif20b Kif1c Kif23 Klc2 Kif3a Arf3 Klc4 Kif13b Tubb4b Kif21b Use1 Arf5 Kdelr1 Kif2c Kif11 Copb1 Arfgap1 Arf4 Zw10 Tmed9 Kif18b Gbf1 Copz1 Rab1b Cenpe Napa Arf1 Tmed2"
"REACTOME_SIGNALING_BY_GPCR",-1.12276208241804,0.224168865435356,0.759632956961106,246,-0.31366991438608,35,"Mcf2l Src Ccr5 Ccl5 Ccr9 Grk3 Hebp1 Sstr2 F2rl2 Adora2a Gpr25 Rhoc Arhgef12 Fgd1 Tiam2 Gnat3 Xk Mgll Camkk1 Prkcq Abhd6 F2rl3 Mapk7 Prkcg Pde4c P2ry14 Nln Pde4d Rgs3 P2ry10 Cxcr2 Pak1 Adcy6 Rhob Itsn1"
"REACTOME_SIGNALING_BY_HIPPO",-1.22241676168715,0.223579629084486,0.759632956961106,16,-0.510908684969725,6,"Amotl1 Nphp4 Wwc1 Amot Mob1a Lats1"
"REACTOME_CLASS_I_PEROXISOMAL_MEMBRANE_PROTEIN_IMPORT",-1.21993062425593,0.225159790819291,0.759914294015107,18,-0.49542719405747,11,"Abcd2 Pex26 Pex3 Acbd5 Pxmp4 Abcd3 Slc25a17 Pex19 Fis1 Pex14 Atad1"
"REACTOME_FLT3_SIGNALING",1.15944832840331,0.229981718464351,0.763867850613737,29,0.361259028200087,5,"Sla2 Grb10 Lck Socs2 Sla"
"REACTOME_GLUTAMATE_NEUROTRANSMITTER_RELEASE_CYCLE",-1.22060390707923,0.22951825713409,0.763867850613737,11,-0.557916531401237,8,"Ppfia4 Stxbp1 Tspoap1 Gls Vamp2 Ppfia1 Arl6ip5 Rab3a"
"REACTOME_METABOLISM_OF_COFACTORS",-1.20516875197519,0.227440933674922,0.763867850613737,23,-0.465261443661391,4,"Gchfr Idh1 Coq7 Coq3"
"REACTOME_SIGNALING_BY_FGFR3",-1.20013106188634,0.229549248747913,0.763867850613737,27,-0.447332125379207,9,"Src Fgf20 Braf Spry2 Shc1 Ubc Grb2 Frs2 Hras"
"REACTOME_RAF_ACTIVATION",-1.19084428939101,0.231524406872103,0.7659522867666,33,-0.429438804739169,10,"Src Camk2b Braf Map3k11 Shoc2 Calm1 Hras Ppp2r1b Jak2 Calm3"
"REACTOME_DOWNREGULATION_OF_SMAD2_3_SMAD4_TRANSCRIPTIONAL_ACTIVITY",1.1625065995775,0.235313751668892,0.77372651551332,22,0.387599783342079,3,"Tgif2 Ski Parp1"
"REACTOME_OVARIAN_TUMOR_DOMAIN_PROTEASES",-1.19154822368485,0.235723131966424,0.77372651551332,29,-0.438616850686546,12,"Tnfaip3 Nod1 Traf6 Traf3 Otub2 Tnip2 Ubc Ripk1 Tnip1 Yod1 Ube2d1 Esr1"
"REACTOME_CARGO_CONCENTRATION_IN_THE_ER",-1.18993209683498,0.239699844258814,0.779141990466561,24,-0.455125320585426,11,"F5 Cd59b Sec24a Lman2l Gosr2 Col7a1 Sec23a Sec24d Ctsz Mcfd2 Mia3"
"REACTOME_NUCLEOTIDE_EXCISION_REPAIR",1.09070268921975,0.240165631469979,0.779141990466561,106,0.263202914771303,26,"Pole Rpa1 Lig1 Rfc4 Parp1 Rfc5 Ercc2 Rpa2 Rfc3 Parp2 Pcna Ddb2 Rfc2 Pole3 Aqr Sumo3 Pold1 Ercc4 Rpa3 Isy1 Ccnh Pole4 Xpc Cops3 Ppie Rfc1"
"REACTOME_SLC_MEDIATED_TRANSPORT_OF_AMINO_ACIDS",1.17116687311415,0.23856416772554,0.779141990466561,17,0.417389352228706,6,"Slc43a1 Slc36a4 Slc25a29 Slc1a4 Slc7a5 Slc7a6"
"REACTOME_INTRA_GOLGI_TRAFFIC",-1.17765359759011,0.244125683060109,0.788931261472245,32,-0.426848453486292,21,"Rab39 Nsf Gosr2 Napb Cog7 Rgp1 Cog6 Rab36 Ric1 Snap29 Cog8 Cog5 Cog2 Stx6 Stx5a Cyth1 Napa Arf1 Ykt6 Stx16 Vti1a"
"REACTOME_HDMS_DEMETHYLATE_HISTONES",-1.18920297523123,0.245075649443334,0.788955071477195,22,-0.463097419541201,3,"Kdm4d Kdm5b Kdm1b"
"REACTOME_EPH_EPHRIN_MEDIATED_REPULSION_OF_CELLS",-1.18686601334047,0.254961610893814,0.793319213078523,19,-0.477537578607954,4,"Src Efnb1 Epha2 Efnb3"
"REACTOME_ESR_MEDIATED_SIGNALING",-1.13696101145821,0.251129070596625,0.793319213078523,91,-0.350215433275253,15,"Src Prkcz Gnat3 Egf Pgr Gata3 Gtf2a1 Tle3 Cdkn1b Cav2 Zdhhc7 Ncoa2 Gnb5 Akt3 Shc1"
"REACTOME_INTRA_GOLGI_AND_RETROGRADE_GOLGI_TO_ER_TRAFFIC",-1.12085561133411,0.249778368794326,0.793319213078523,156,-0.325138640350868,80,"Klc3 Rab6b Kifc2 Tubb6 Kif1b Kif4 Tubb2a Kif19a Tuba1c Rab39 Gcc1 Pafah1b3 Nsf Gosr2 Napb Bicd1 Tuba1a Cog7 Galnt2 Kif20b Rgp1 Kif1c Kif23 Klc2 Kif3a Arf3 Cog6 Agpat3 Rab36 Klc4 Ric1 Kif13b M6pr Snap29 Tubb4b Tgoln1 Kif21b Cog8 Use1 Rab43 Cog5 Arf5 Cog2 Vps52 Stx6 Kdelr1 Kif2c Sys1 Kif11 Copb1 Arfgap1 Dctn5 Arf4 Dync1li2 Zw10 Tmed9 Kif18b Gbf1 Copz1 Stx5a Arl1 Rab1b Vps53 Cenpe Gcc2 Cyth1 Napa Arf1 Tmed2 Rab6a Ykt6 Stx16 Actr10 Rab18 Tmed7 Golga4 Vti1a Dync1i2 Dctn1 Igf2r"
"REACTOME_IRS_MEDIATED_SIGNALLING",-1.1912965803265,0.250107991360691,0.793319213078523,20,-0.47265582061205,11,"Fgfr1 Fgf20 Pik3cb Flt3l Grb2 Frs2 Pik3r4 Irs2 Pik3c3 Akt2 Pik3r2"
"REACTOME_PLATELET_HOMEOSTASIS",-1.15972172802202,0.253328213005632,0.793319213078523,50,-0.388553115043132,7,"Pde9a Lrp8 Pafah2 Fgr Pde5a P2rx3 Mapk14"
"REACTOME_ROS_AND_RNS_PRODUCTION_IN_PHAGOCYTES",-1.17723021527046,0.253008636556704,0.793319213078523,24,-0.450267103940571,4,"Atp6v0a4 Ncf1 Hvcn1 Atp6v0a1"
"REACTOME_SIGNALING_BY_RECEPTOR_TYROSINE_KINASES",-1.10141492642372,0.251668752607426,0.793319213078523,277,-0.305124086442754,35,"Grb7 Src Igf1 Axl Atp6v0a4 Hgf Prkcz Fgfr1 Nab2 Egf Fer Mapk7 Nedd4 Fam83d Ntrk3 Ncf1 Kdr Fgf20 Spint2 Pak1 Dusp7 Srf Mdk Ptpn12 Col11a2 Spred2 Rab4a Mapk14 Atp6v0a1 Ptprj Braf Mtor Shb Pdgfc Tgfbr3"
"REACTOME_SUMOYLATION_OF_CHROMATIN_ORGANIZATION_PROTEINS",1.12209411098622,0.247982062780269,0.793319213078523,49,0.312527980034728,13,"Ndc1 Nup133 Aaas Satb1 Nup205 Sumo3 Pcgf2 Nup214 Nup85 Nup43 Nup62 Nup50 Nup98"
"REACTOME_SYNDECAN_INTERACTIONS",-1.20064968960063,0.254042288557214,0.793319213078523,10,-0.561849470177246,4,"Sdc3 Itgb4 Itga6 Sdc4"
"REACTOME_UNBLOCKING_OF_NMDA_RECEPTORS_GLUTAMATE_BINDING_AND_ACTIVATION",-1.18951009201978,0.26069215656642,0.808145685355901,13,-0.522011074089452,7,"Grin2d Camk2b Dlg1 Dlg3 Calm1 Dlg4 Calm3"
"REACTOME_CLASS_A_1_RHODOPSIN_LIKE_RECEPTORS",-1.13895332529555,0.263732221677293,0.81455302414721,70,-0.362938906616644,19,"Ccr5 Ccl5 Ccr9 Hebp1 Sstr2 F2rl2 Adora2a Xk F2rl3 P2ry14 Nln P2ry10 Cxcr2 Cmklr1 S1pr1 Ptger4 Cxcr6 Rxfp1 Tshb"
"REACTOME_INTEGRIN_SIGNALING",-1.17069265354282,0.264949928469242,0.815305478414542,21,-0.460151064145399,2,"Src Rapgef4"
"REACTOME_NEGATIVE_REGULATION_OF_MET_ACTIVITY",-1.1710051261435,0.267286461359675,0.819482667245596,18,-0.475558013166555,8,"Hgf Ptprj Ubc Eps15 Ptpn1 Grb2 Ptpn2 Hgs"
"REACTOME_PLATELET_SENSITIZATION_BY_LDL",-1.17305492534951,0.268472181336473,0.820113926199373,16,-0.490277921647938,3,"Lrp8 Fgr Mapk14"
"REACTOME_INTERLEUKIN_20_FAMILY_SIGNALING",-1.17759284208477,0.272936483583921,0.822266541302367,11,-0.538256931710947,8,"Il10rb Ifnlr1 Il22ra2 Stat2 Tyk2 Jak2 Il20rb Stat3"
"REACTOME_METABOLISM_OF_FOLATE_AND_PTERINES",1.14905553441181,0.274438372799029,0.822266541302367,14,0.432122391034203,8,"Shmt1 Shmt2 Mthfd1 Slc19a1 Dhfr Mthfd2 Fpgs Aldh1l1"
"REACTOME_NEGATIVE_REGULATION_OF_FLT3",1.14904197337291,0.274438372799029,0.822266541302367,14,0.43211729116881,3,"Sla2 Socs2 Sla"
"REACTOME_REGULATION_OF_SIGNALING_BY_CBL",-1.17001306909113,0.272779950746052,0.822266541302367,19,-0.470756767548586,10,"Hck Pik3cb Crkl Ubc Grb2 Lyn Rapgef1 Crk Pik3r2 Vav1"
"REACTOME_RND2_GTPASE_CYCLE",-1.15063086323649,0.275071244402226,0.822266541302367,34,-0.41236823654847,13,"Dst Pkp4 Depdc1b Prag1 Lrrc1 Arhgap35 Epha2 Arhgap5 Kif14 Ckap4 Scrib Golga3 Frs2"
"REACTOME_TRISTETRAPROLIN_TTP_ZFP36_BINDS_AND_DESTABILIZES_MRNA",1.14911670765691,0.27431421446384,0.822266541302367,16,0.415939045390442,7,"Exosc8 Exosc2 Dis3 Exosc5 Exosc9 Exosc3 Exosc1"
"REACTOME_MITF_M_DEPENDENT_GENE_EXPRESSION",-1.16605201658136,0.278175313059034,0.828586252777265,14,-0.502394015781698,5,"Sytl2 Tcf7l2 Rab27a Lef1 Mapk14"
"REACTOME_ACTIVATION_OF_NMDA_RECEPTORS_AND_POSTSYNAPTIC_EVENTS",-1.14899199171218,0.286139034404644,0.828850352818231,24,-0.439466546006292,11,"Camk1 Camkk1 Grin2d Camk2b Dlg1 Dlg3 Calm1 Rps6ka2 Rps6ka1 Dlg4 Calm3"
"REACTOME_ANCHORING_OF_THE_BASAL_BODY_TO_THE_PLASMA_MEMBRANE",1.08417627716424,0.280150753768844,0.828850352818231,90,0.268921220137027,22,"Fbf1 Tuba4a Tctn3 Cep152 Haus6 Ccp110 Haus4 Cep97 Plk4 Haus5 Sclt1 Tubg1 Hsp90aa1 Clasp1 Prkar2b Mks1 Prkaca Nphp1 Ofd1 Sfi1 Kif24 Haus3"
"REACTOME_INITIAL_TRIGGERING_OF_COMPLEMENT",-1.12083411487547,0.284268292682927,0.828850352818231,74,-0.354728838236923,24,"C1qa Ighv1-80 C1qb Ighv1-49 Ighv14-1 C1qc Ighv8-2 Ighv1-77 Ighv1-67 Cfp Ighv1-7 Ighv1-66 Ighv1-64 Iglc2 Ighv1-26 Ighv8-4 Ighv1-69 Ighv5-16 Ighv14-4 Ighv1-55 Ighv1-76 Ighv14-3 Ighv1-59 Ighv1-18"
"REACTOME_ION_TRANSPORT_BY_P_TYPE_ATPASES",-1.14422777827655,0.280611554593424,0.828850352818231,35,-0.408132245663522,7,"Atp1a3 Fxyd6 Fxyd2 Fxyd4 Atp4a Atp10a Camk2b"
"REACTOME_NEURONAL_SYSTEM",-1.10427980672582,0.286186083589568,0.828850352818231,131,-0.326516187262903,39,"Kcnh8 Kcna5 Apba1 Ppfia4 Cacna1e Gnat3 Camk1 Nrxn2 Camkk1 Kcnab3 Prkcg Ntrk3 Akap5 Grin2d Adcy6 Ppfibp1 Kcnb1 Camk2b Homer1 Naaa Nsf Grik5 Kcnk3 Glul Stxbp1 Tspoap1 Cacnb4 Ap2a1 Gnb5 Flot2 Plcb3 Epb41l3 Dlg1 Lin7c Gls Gng12 Dlg3 Mdm2 Gabbr1"
"REACTOME_NUCLEAR_EVENTS_MEDIATED_BY_NFE2L2",-1.13382497789442,0.285488126649077,0.828850352818231,42,-0.391335790572916,1,"Prkaa2"
"REACTOME_PEROXISOMAL_LIPID_METABOLISM",-1.15416969792774,0.28412017167382,0.828850352818231,21,-0.453656570833173,13,"Acox1 Crat Phyh Acox3 Hsd17b4 Acbd5 Mlycd Hacl1 Acot8 Slc25a17 Amacr Eci2 Crot"
"REACTOME_PHASE_I_FUNCTIONALIZATION_OF_COMPOUNDS",-1.14481696377883,0.281313611073416,0.828850352818231,34,-0.410284625250161,11,"Cbr3 Smox Acss2 Cyp39a1 Ephx1 Aldh1b1 Ptgs1 Acss1 Cyb5r3 Cyp2r1 Ncoa2"
"REACTOME_SIGNALING_BY_NTRK1_TRKA",-1.12529997436695,0.287360688956434,0.829382402263914,57,-0.370216319498886,31,"Nab2 Mapk7 Dusp7 Srf Mapk14 Braf Pik3cb Sgk1 Dusp3 Crkl Ap2a1 Shc1 Grb2 Mapk11 Frs2 Rps6ka2 Irs2 Hras Rps6ka1 Vrk3 Ppp2r1b Mapk1 Rapgef1 Crk Pik3r2 Mapkapk2 Ap2b1 Atf1 Rap1a Ap2m1 Map2k1"
"REACTOME_SUMOYLATION_OF_DNA_REPLICATION_PROTEINS",1.1045115255936,0.290768605124034,0.836334441542325,40,0.318639490409825,13,"Ndc1 Nup133 Aaas Pcna Nup205 Sumo3 Nup214 Nup85 Nup43 Nup62 Nup50 Nup98 Top2a"
"REACTOME_ADP_SIGNALLING_THROUGH_P2Y_PURINOCEPTOR_1",-1.149801218618,0.294524580512217,0.839669411652704,16,-0.480559042539579,9,"Src Mapk14 Gnb5 Gnaq Gng12 Gna11 Gnb1 Gngt2 Gng3"
"REACTOME_CELL_EXTRACELLULAR_MATRIX_INTERACTIONS",-1.14676388291763,0.303460782832099,0.839669411652704,13,-0.503252095349913,6,"Parvb Actn1 Ilk Itgb1 Pxn Lims1"
"REACTOME_ENERGY_DEPENDENT_REGULATION_OF_MTOR_BY_LKB1_AMPK",-1.13293198276798,0.301618033467017,0.839669411652704,28,-0.419651048413198,4,"Prkaa2 Mtor Rragb Rragd"
"REACTOME_GLYCEROPHOSPHOLIPID_BIOSYNTHESIS",-1.10794776191051,0.300146412884334,0.839669411652704,78,-0.348782787103117,17,"Plbd1 Gpam Pld2 Lpcat2 Mgll Agpat4 Pld6 Pla2g4c Pla2g12a Lpcat3 Dgat1 Pla2g4b Gpd1l Chpt1 Mfsd2a Chkb Lpin2"
"REACTOME_HYALURONAN_METABOLISM",-1.15240837211957,0.296962369653922,0.839669411652704,13,-0.505729153670611,5,"Cd44 Slc9a1 Hyal1 Hmmr Hexb"
"REACTOME_ION_HOMEOSTASIS",-1.1341743229348,0.298727944193681,0.839669411652704,31,-0.412667584734601,8,"Atp1a3 Fxyd6 Fxyd2 Fxyd4 Camk2b Fkbp1b Atp1b1 Asph"
"REACTOME_NEUROTRANSMITTER_RELEASE_CYCLE",-1.14036161861608,0.303239740820734,0.839669411652704,20,-0.452446993924671,10,"Apba1 Ppfia4 Naaa Stxbp1 Tspoap1 Lin7c Gls Vamp2 Ppfia1 Arl6ip5"
"REACTOME_PROTEIN_LOCALIZATION",-1.10297169914692,0.303966346153846,0.839669411652704,86,-0.342368933167058,39,"Hmox1 Abcd2 Pipox Acox1 Crat Phyh Pex26 Acox3 Idh1 Pex3 Ech1 Cat Hsd17b4 Ubc Acbd5 Mlycd Hacl1 Vamp2 Pxmp4 Ube2d1 Acot8 Pex10 Gstk1 Abcd3 Slc25a17 Pex5 Cyb5a Pex19 Fis1 Amacr Zfand6 Eci2 Pex14 Paox Atad1 Crot Usp9x Lonp2 Stx5a"
"REACTOME_REGULATION_OF_INSULIN_LIKE_GROWTH_FACTOR_IGF_TRANSPORT_AND_UPTAKE_BY_INSULIN_LIKE_GROWTH_FACTOR_BINDING_PROTEINS_IGFBPS",-1.12098877496894,0.303141361256545,0.839669411652704,44,-0.383157386447888,5,"Igf1 F5 Fstl3 Apoe Gas6"
"REACTOME_REGULATION_OF_TP53_ACTIVITY",1.05090232491475,0.301158301158301,0.839669411652704,148,0.241229519667424,29,"Brip1 Cdk5r1 Dna2 Chek1 Taf4b Smyd2 Nbn Exo1 Blm Bard1 Rmi2 Rpa1 Topbp1 Rfc4 Rfc5 Rpa2 Brca1 Rfc3 Gatad2a Pip4p1 Rad9b Atm Mbd3 Rfc2 Rad9a Trp53 Rpa3 Hipk2 Kat6a"
"REACTOME_RHOC_GTPASE_CYCLE",-1.11695989424848,0.296179548606733,0.839669411652704,59,-0.365604044692072,16,"Mcf2l Rhoc Arhgef12 Pkn3 Iqgap3 Depdc1b Anln Arhgap35 Ophn1 Arhgap5 Flot2 Fmnl2 Bcr Arhgap21 Arhgap32 Acbd5"
"REACTOME_VISUAL_PHOTOTRANSDUCTION",-1.12157667855081,0.302842035690681,0.839669411652704,41,-0.388681357913629,6,"Rbp2 Sdc3 Apoe Agrn Lrp8 Akr1c13"
"REACTOME_ACYL_CHAIN_REMODELLING_OF_PE",-1.14638633032125,0.306075483277079,0.839951408206279,11,-0.52399298523391,7,"Plbd1 Pla2g4c Pla2g12a Lpcat3 Pla2g4b Abhd4 Plaat3"
"REACTOME_RHOQ_GTPASE_CYCLE",-1.11786431814087,0.305354371443352,0.839951408206279,48,-0.377084048757574,16,"Rhoq Slc1a5 Cdc42bpa Pak1 Itsn1 Iqgap3 Depdc1b Arhgap35 Ophn1 Arhgap33 Arhgap5 Snap23 Arhgap21 Arhgap32 Arhgef7 Scrib"
"REACTOME_REGULATION_OF_KIT_SIGNALING",-1.14297467041246,0.309297330469469,0.846019168637077,11,-0.52243357562397,1,"Src"
"REACTOME_FGFR2_ALTERNATIVE_SPLICING",1.11468844542229,0.313214739517154,0.849428524851471,17,0.397261140877816,9,"Ptbp1 Gtf2f1 Ncbp2 Polr2e Polr2f Polr2d Gtf2f2 Polr2h Polr2l"
"REACTOME_METALLOPROTEASE_DUBS",1.10060796277225,0.313052011776251,0.849428524851471,20,0.375467597571049,4,"Nlrp3 Bard1 Brca1 Brcc3"
"REACTOME_RHO_GTPASES_ACTIVATE_KTN1",-1.14243010222336,0.313588308457711,0.849428524851471,10,-0.534605350093609,8,"Klc3 Klc2 Klc4 Rac1 Cdc42 Ktn1 Klc1 Rhog"
"REACTOME_AMPLIFICATION_OF_SIGNAL_FROM_THE_KINETOCHORES",1.06151599051729,0.318639798488665,0.857561129694574,91,0.262488363819217,26,"Cenpk Spdl1 Cenph Kntc1 Nup133 Rcc2 Cenpm Cenpp Cenps Clasp1 Rps27rt Cenpn Kif2a Cenpt Nudc Zwilch Nup85 Ahctf1 Spc24 Ppp2r5d Nup43 Cenpq Bub1b Taok1 Nup98 Ppp2r5a"
"REACTOME_METABOLISM_OF_PORPHYRINS",-1.12563893681997,0.318208345491684,0.857561129694574,17,-0.46271513208691,5,"Hmox1 Flvcr1 Alas1 Urod Fech"
"REACTOME_DEPOSITION_OF_NEW_CENPA_CONTAINING_NUCLEOSOMES_AT_THE_CENTROMERE",1.08754366611116,0.321606254442075,0.862665817639313,27,0.34460116804803,8,"Cenpk Cenph Cenpm Cenpp Cenps Npm1 Cenpn Cenpt"
"REACTOME_INTERLEUKIN_15_SIGNALING",-1.12898124719805,0.328202736318408,0.862665817639313,10,-0.528311897360554,4,"Il15ra Il15 Shc1 Grb2"
"REACTOME_JOSEPHIN_DOMAIN_DUBS",-1.12434313825309,0.328781834918687,0.862665817639313,11,-0.513917430675755,3,"Atxn3 Prkn Ubc"
"REACTOME_RMTS_METHYLATE_HISTONE_ARGININES",1.08068429536285,0.325405032747329,0.862665817639313,25,0.347629973403346,12,"Wdr77 Prmt3 Cdk4 Rps2 Smarcd3 Prmt1 Prmt6 Carm1 Prmt5 Smarcb1 Smarcc1 Actl6a"
"REACTOME_SIALIC_ACID_METABOLISM",1.08595154131439,0.328293010752688,0.862665817639313,23,0.356730090695086,7,"St8sia6 Nanp St3gal6 St3gal5 St3gal2 St6gal1 Slc35a1"
"REACTOME_SIGNALING_BY_NOTCH3",-1.12491569259706,0.324435923905029,0.862665817639313,15,-0.47593460496809,3,"Egf Ubc Notch3"
"REACTOME_SIGNALING_BY_ROBO_RECEPTORS",1.09757267001917,0.325436408977556,0.862665817639313,16,0.397281951930956,4,"Pfn2 Enah Evl Dag1"
"REACTOME_SYNTHESIS_OF_BILE_ACIDS_AND_BILE_SALTS_VIA_7ALPHA_HYDROXYCHOLESTEROL",-1.12461956501625,0.328781834918687,0.862665817639313,11,-0.514043780476859,6,"Akr1c13 Hsd3b7 Akr1c12 Ncoa2 Hsd17b4 Acot8"
"REACTOME_INFLAMMASOMES",1.10819402821963,0.330871491875923,0.863920830202494,13,0.424152806025989,8,"Nlrp3 Aim2 P2rx7 Nlrp1a Hsp90ab1 Panx1 Sugt1 Pstpip1"
"REACTOME_MAP2K_AND_MAPK_ACTIVATION",-1.10741600976136,0.331324476099164,0.863920830202494,30,-0.40503817057976,3,"Src Vcl Braf"
"REACTOME_INTERLEUKIN_6_FAMILY_SIGNALING",-1.11548144154451,0.334675014907573,0.86725383120012,14,-0.480605661650087,2,"Lifr Il6ra"
"REACTOME_OTHER_SEMAPHORIN_INTERACTIONS",1.10354209376932,0.334453781512605,0.86725383120012,10,0.453411842506788,2,"Sema6d Sema4a"
"REACTOME_PLASMA_LIPOPROTEIN_REMODELING",-1.1160543546277,0.340441853329242,0.879474787767209,11,-0.510128773779776,2,"Pltp Apoe"
"REACTOME_SIGNALING_BY_NUCLEAR_RECEPTORS",-1.07233284289198,0.347495682210708,0.892951366633092,122,-0.319468441554763,19,"Src Prkcz Rarb Pdk2 Gnat3 Egf Pgr Gata3 Akr1c13 Gtf2a1 Tle3 Cdkn1b Cav2 Akr1c12 Zdhhc7 Ncoa2 Gnb5 Akt3 Shc1"
"REACTOME_SYNTHESIS_OF_IP2_IP_AND_INS_IN_THE_CYTOSOL",-1.11050734390394,0.347792288557214,0.892951366633092,10,-0.519666950489038,3,"Inpp5a Inpp4b Synj1"
"REACTOME_CO_INHIBITION_BY_PD_1",-1.06578831959261,0.360694460847998,0.911268372346217,98,-0.325717703287759,14,"Prkaa2 Cd3d H2-Eb1 H2-Aa H2-Ab1 Cd274 Ccnd1 B3gnt3 Pdcd1 H2-Eb2 Nek2 Trac Ubc Rnf185"
"REACTOME_GLUCOSE_METABOLISM",1.04450451688724,0.363331737673528,0.911268372346217,58,0.279862241143753,18,"Pfkfb2 Hk2 Aldoc Ndc1 Nup133 Aaas Pfkfb4 Adpgk G6pc3 Tpi1 Nup205 Gnpda1 Nup214 Nup85 Nup43 Nup62 Nup50 Nup98"
"REACTOME_INTERCONVERSION_OF_NUCLEOTIDE_DI_AND_TRIPHOSPHATES",1.06289007413728,0.362881806108898,0.911268372346217,21,0.358700842721914,7,"Nme4 Dctd Nme1 Dut Tyms Rrm1 Nme2"
"REACTOME_ION_CHANNEL_TRANSPORT",-1.07056764654204,0.356291706387035,0.911268372346217,93,-0.329482768541352,21,"Atp1a3 Fxyd6 Atp6v0a4 Trpm4 Fxyd2 Best1 Fxyd4 Atp4a Clcn2 Ano6 Atp10a Atp6v0a1 Camk2b Fkbp1b Atp1b1 Sgk1 Asph Ostm1 Atp2c1 Ano8 Ano10"
"REACTOME_METABOLISM_OF_VITAMINS_AND_COFACTORS",-1.06114344031369,0.361576130281289,0.911268372346217,131,-0.313761519643811,33,"Gchfr Rbp2 Slc46a1 Sdc3 Ttpa Apoe Agrn Lrp8 Slc52a3 Cd38 Akr1c13 Nudt12 Ldlrap1 Rbp1 Pccb Mccc1 Tcn2 Cyb5r3 Mmaa Idh1 Slc23a2 Nadk Akr1c12 Coq7 Coq3 Lmbrd1 Sdc4 Bst1 Slc25a51 Slc2a1 Pcx Mccc2 Naxd"
"REACTOME_MUSCLE_CONTRACTION",-1.06759270830852,0.363636363636364,0.911268372346217,73,-0.338733960115903,16,"Atp1a3 Kcna5 Dmd Fxyd6 Fxyd2 Npr1 Fxyd4 Pde5a Pak1 Vcl Camk2b Fkbp1b Corin Atp1b1 Kcnk3 Asph"
"REACTOME_PLATELET_AGGREGATION_PLUG_FORMATION",-1.08770681530585,0.358525476800455,0.911268372346217,23,-0.41991467364228,2,"Src Rapgef4"
"REACTOME_TELOMERE_EXTENSION_BY_TELOMERASE",1.06921888445439,0.357857373346241,0.911268372346217,19,0.369274876842651,4,"Rtel1 Nhp2 Dkc1 Gar1"
"REACTOME_COPII_MEDIATED_VESICLE_TRANSPORT",-1.0668373584702,0.36580766813325,0.913973188738895,60,-0.348142281763425,32,"F5 Cd59b Sec24a Lman2l Nsf Gosr2 Napb Col7a1 Sec23a Trappc2 Sec22a Uso1 Sec24d Sec31b Sec23ip Ctsz Tbc1d20 Mcfd2 Trappc10 Golga2 Ppp6r3 Stx17 Ctsc Sec24c Ppp6c Csnk1d Stx5a Rab1b Preb Napa Tmed2 Ykt6"
"REACTOME_CYTOCHROME_P450_ARRANGED_BY_SUBSTRATE_TYPE",1.06023057647768,0.368453865336658,0.916994753258112,16,0.383765453008758,6,"Cyp4v3 Cyp2j6 Rxra Cyp51 Fdx2 Pomc"
"REACTOME_EFFECTS_OF_PIP2_HYDROLYSIS",-1.07648766309808,0.370569436374201,0.916994753258112,18,-0.437173435736523,5,"Mgll Prkcq Abhd6 Dgka Dgkh"
"REACTOME_GOLGI_ASSOCIATED_VESICLE_BIOGENESIS",-1.06768039024417,0.371399308667264,0.916994753258112,52,-0.35605869605109,17,"Sort1 Tpd52 Cpd Sh3d19 Clint1 Tbc1d8b Ap4e1 Ap3s1 Gak Dnajc6 Yipf6 Bloc1s4 Vamp2 Ap1s2 Dnm2 Tgoln1 Snapin"
"REACTOME_PROTEIN_PROTEIN_INTERACTIONS_AT_SYNAPSES",-1.07205709146998,0.37048817590928,0.916994753258112,28,-0.397102287901705,12,"Ppfia4 Nrxn2 Ntrk3 Grin2d Ppfibp1 Homer1 Flot2 Epb41l3 Dlg1 Dlg3 Ppfia1 Epb41"
"REACTOME_MITOTIC_TELOPHASE_CYTOKINESIS",-1.08839838642194,0.372827565361947,0.917813741788086,13,-0.477638663635563,6,"Plk1 Nipbl Kif23 Pds5b Stag1 Mau2"
"REACTOME_MITOCHONDRIAL_IRON_SULFUR_CLUSTER_BIOGENESIS",-1.08392454355846,0.376279993886596,0.923596348630737,12,-0.485500928227634,4,"Lyrm4 AK157302 Fdx1 Iscu"
"REACTOME_GOLGI_TO_ER_RETROGRADE_TRANSPORT",-1.0545604085094,0.380004682744088,0.926297668270339,105,-0.319406631473125,52,"Klc3 Rab6b Kifc2 Tubb6 Kif1b Kif4 Tubb2a Kif19a Tuba1c Pafah1b3 Nsf Napb Bicd1 Tuba1a Galnt2 Kif20b Kif1c Kif23 Klc2 Kif3a Arf3 Agpat3 Klc4 Kif13b Tubb4b Kif21b Use1 Arf5 Kdelr1 Kif2c Kif11 Copb1 Arfgap1 Dctn5 Arf4 Dync1li2 Zw10 Tmed9 Kif18b Gbf1 Copz1 Rab1b Cenpe Napa Arf1 Tmed2 Rab6a Actr10 Rab18 Tmed7 Dync1i2 Dctn1"
"REACTOME_NOTCH_HLH_TRANSCRIPTION_PATHWAY",-1.07204015357599,0.379828326180258,0.926297668270339,21,-0.42137482966322,9,"Hdac11 Hdac5 Hdac8 Hdac4 Notch3 Rbpj Hdac6 Maml1 Kat2b"
"REACTOME_NRAGE_SIGNALS_DEATH_THROUGH_JNK",-1.0623141360216,0.380700594844679,0.926297668270339,41,-0.368143978754292,4,"Mcf2l Arhgef12 Fgd1 Tiam2"
"REACTOME_SIGNALING_BY_TGFB_FAMILY_MEMBERS",-1.05671569067993,0.382736943907157,0.927183695396106,82,-0.330037221018321,11,"Prkcz Timp2 Bmpr2 F11r Fstl3 Acvr2a Bambi Ltbp4 Zfyve16 Skil Smad1"
"REACTOME_SIGNALING_BY_WNT",-1.0478499336901,0.383280237284412,0.927183695396106,166,-0.302034516795574,45,"Wnt9a Lgr5 Axin2 Fzd6 Kremen1 Tcf7l2 Wnt5b Prkcg Frat1 Fzd5 Lef1 Tle3 Tnks Cltb Tle1 Lrp5 Smarca4 Ap2a1 Gnb5 Plcb3 Gnat2 Ubc Znrf3 Pip5k1b Gng12 Tert Wdr5 Ppp3r1 Calm1 Daam1 Vps26a Psmc2 Tmed5 Gnb1 Wnt6 Gngt2 Snx3 Csnk1e Xiap Gng3 Amer1 Wls Ppp2r1b Calm3 Gsk3b"
"REACTOME_AGGREPHAGY",-1.06322773924097,0.3907900295733,0.928351418370414,25,-0.403402423830581,7,"Tubb6 Tubb2a Tuba1c Prkn Tuba1a Ubc Hdac6"
"REACTOME_CHONDROITIN_SULFATE_DERMATAN_SULFATE_METABOLISM",-1.06654090079677,0.387382243791036,0.928351418370414,22,-0.415330561124855,9,"Hyal1 Csgalnact1 Ust Chpf2 Dsel Chst11 Hexb Idua Csgalnact2"
"REACTOME_EPH_EPHRIN_SIGNALING",-1.05800413367493,0.388350785340314,0.928351418370414,44,-0.361629043717389,16,"Src Pak1 Itsn1 Efnb1 Epha2 Efnb3 Arhgef7 Sdcbp Lyn Hras Git1 Efna4 Rock2 Rock1 Actr2 Rasa1"
"REACTOME_RAF_INDEPENDENT_MAPK1_3_ACTIVATION",-1.06551611100202,0.389344852411807,0.928351418370414,20,-0.422751479470367,10,"Il6ra Pea15a Dusp16 Dusp7 Dusp10 Dusp9 Tyk2 Dusp1 Jak2 Mapk1"
"REACTOME_RHOF_GTPASE_CYCLE",-1.05531521267389,0.389062287963089,0.928351418370414,34,-0.378208587269282,10,"Basp1 Rhof Fam169a Add3 Depdc1b Actn1 Arhgap5 Snap23 Arhgap21 Arhgap32"
"REACTOME_SIGNALING_BY_FGFR",-1.0519902449223,0.391526942275694,0.928351418370414,51,-0.351515593291502,9,"Src Fgfr1 Fgf20 Spred2 Braf Tgfbr3 Spry2 Shc1 Ubc"
"REACTOME_SULFUR_AMINO_ACID_METABOLISM",1.04574638835185,0.388818297331639,0.928351418370414,17,0.372691046553486,6,"Suox Tst Slc25a10 Ahcy Mtrr Enoph1"
"REACTOME_BRANCHED_CHAIN_AMINO_ACID_CATABOLISM",-1.05981494769641,0.395680345572354,0.934132099329142,20,-0.420489500324991,8,"Bcat1 Mccc1 Aldh6a1 Ppm1k Acat1 Mccc2 Acadsb Hibadh"
"REACTOME_PLATELET_CALCIUM_HOMEOSTASIS",1.03734998403949,0.396197007481297,0.934132099329142,16,0.375483498953705,4,"Slc8a1 Atp2b4 Itpr1 P2rx7"
"REACTOME_SIGNALING_BY_FGFR2",-1.05002881787919,0.399869109947644,0.939521130697601,44,-0.358903056424183,10,"Src Fgf20 Braf Spry2 Shc1 Ubc Grb2 Frs2 Hras Polr2k"
"REACTOME_SIGNALING_BY_INSULIN_RECEPTOR",-1.04787492193985,0.400727650727651,0.939521130697601,46,-0.35580123386826,24,"Atp6v0a4 Fgfr1 Fgf20 Atp6v0a1 Pik3cb Shc1 Ptpn1 Flt3l Tcirg1 Ctsd Grb2 Frs2 Pik3r4 Irs2 Atp6v0a2 Mapk1 Pik3c3 Akt2 Pik3r2 Atp6v0e Atp6v0c Insr Atp6v0d1 Atp6v1g1"
"REACTOME_FATTY_ACYL_COA_BIOSYNTHESIS",1.03089504909629,0.402101576182137,0.940108992358794,26,0.329663499379343,8,"Hacd1 Elovl7 Hacd4 Acsl3 Fasn Ppt1 Hsd17b12 Tecr"
"REACTOME_GASTRIN_CREB_SIGNALLING_PATHWAY_VIA_PKC_AND_MAPK",-1.05840989985758,0.403637475164298,0.941071216469407,12,-0.47407265743721,9,"Mapk7 Grb2 Rps6ka2 Hras Rps6ka1 Mapk1 Hbegf Sos1 Kras"
"REACTOME_INTERLEUKIN_3_INTERLEUKIN_5_AND_GM_CSF_SIGNALING",-1.04286929804783,0.406575564876201,0.941542351271727,35,-0.371978898455768,15,"Il5ra Inppl1 Hck Pik3cb Crkl Shc1 Ubc Il2 Grb2 Lyn Csf2rb Jak2 Rapgef1 Crk Pik3r2"
"REACTOME_PD_L1_CD274_GLYCOSYLATION_AND_TRANSLOCATION_TO_PLASMA_MEMBRANE",-1.04565987585811,0.407214254671882,0.941542351271727,19,-0.420723046706309,5,"Cd274 B3gnt3 Pdcd1 Ubc Mib2"
"REACTOME_PI_METABOLISM",-1.04268708450144,0.405448916408669,0.941542351271727,67,-0.334871241890848,30,"Tnfaip8l3 Inppl1 Tnfaip8l1 Inpp4b Enpp6 Pnpla6 Rab4a Synj1 Pik3cb Inpp5e Pip5k1c Rufy1 Pip5k1b Arf3 Sbf1 Mtmr3 Pip4k2c Pik3r4 Mtmr2 Pitpnb Sacm1l Plekha2 Pikfyve Pik3c3 Pi4ka Pik3r2 Pik3cg Mtmr1 Inpp4a Pi4k2b"
"REACTOME_ENDOSOMAL_SORTING_COMPLEX_REQUIRED_FOR_TRANSPORT_ESCRT",-1.04330071959036,0.410316692020467,0.943502942915196,28,-0.386450596722188,13,"Vps25 Vps37b Chmp7 Ubc Chmp5 Vps37a Chmp3 Hgs Chmp2b Vps4b Vps4a Chmp2a Vps37c"
"REACTOME_SLC_MEDIATED_TRANSPORT_OF_ORGANIC_ANIONS",1.03151270326212,0.409189692642037,0.943502942915196,15,0.381186156013484,6,"Slco4a1 Slc25a1 Slc44a1 Slc25a10 Emb Slco1b2"
"REACTOME_FCGAMMA_RECEPTOR_FCGR_DEPENDENT_PHAGOCYTOSIS",-1.03451720654242,0.413055839872626,0.947199282118871,133,-0.305554460079488,30,"Src Ighv1-80 Ighv1-49 Ighv14-1 Ighv8-2 Pld2 Ighv1-77 Ighv1-67 Fcgr2b Myo10 Fgr Ighv1-7 Ighv1-66 Ighv1-64 Iglc2 Pak1 Ighv1-26 Nckipsd Ighv8-4 Ighv1-69 Ighv5-16 Hck Ighv14-4 Ighv1-55 Ighv1-76 Pik3cb Ighv14-3 Ighv1-59 Ighv1-18 Pld3"
"REACTOME_METABOLISM_OF_WATER_SOLUBLE_VITAMINS_AND_COFACTORS",1.0156697210778,0.416666666666667,0.952868852459016,85,0.253845860846939,26,"Shmt1 Abcd4 Slc19a2 Shmt2 Mthfd1 Slc19a1 Hlcs Nmnat3 Slc5a6 Qprt Enpp1 Dhfr Mmachc Abcc1 Nmnat1 Thtpa Pank4 Mthfd2 Nmrk1 Mtrr Fpgs Gphn Fasn Aldh1l1 Coasy Slc25a19"
"REACTOME_ERK_MAPK_TARGETS",-1.03479341415613,0.41952774156164,0.956797601327228,19,-0.416350907180135,10,"Mapk7 Dusp7 Mapk14 Dusp3 Mapk11 Rps6ka2 Rps6ka1 Vrk3 Ppp2r1b Mapk1"
"REACTOME_CASPASE_MEDIATED_CLEAVAGE_OF_CYTOSKELETAL_PROTEINS",-1.03913605280066,0.425187222986398,0.965175399159038,12,-0.465439703517803,5,"Plec Gas2 Mapt Sptan1 Casp6"
"REACTOME_CDC42_GTPASE_CYCLE",-1.02402538861796,0.43274996940399,0.965175399159038,75,-0.323839998932959,18,"Mcf2l Arap3 Arhgef12 Fgd1 Plekhg1 Arhgap24 Itsn1 Depdc1b Ralbp1 Arhgap35 Ophn1 Arhgap33 Arhgap5 Arap2 Bcr Fgd3 Arhgap21 Arhgap32"
"REACTOME_COPI_MEDIATED_ANTEROGRADE_TRANSPORT",-1.01694385605776,0.445110757557215,0.965175399159038,75,-0.321600519792862,41,"Cd59b Tubb6 Tubb2a Tuba1c Nsf Gosr2 Napb Tuba1a Cog7 Arf3 Cog6 Uso1 Tmem115 Tubb4b Sptan1 Golga2 Cog8 Cog5 Arf5 Cog2 Kdelr1 Copb1 Arfgap1 Dctn5 Arf4 Dync1li2 Tmed9 Gbf1 Copz1 Stx5a Rab1b Napa Arf1 Tmed2 Ykt6 Actr10 Tmed7 Dync1i2 Dctn1 Sptbn1 Dctn2"
"REACTOME_DEADENYLATION_DEPENDENT_MRNA_DECAY",1.01055754572225,0.43542600896861,0.965175399159038,49,0.281462584449215,24,"Dcp1b Exosc8 Exosc2 Dis3 Exosc5 Nt5c3b Exosc9 Eif4a1 Lsm6 Hbs1l Pabpc1 Lsm7 Lsm4 Exosc3 Exosc1 Eif4e Lsm5 Cnot3 Exosc7 Dcps Dcp2 Eif4g1 Cnot9 Patl1"
"REACTOME_DOWNSTREAM_SIGNALING_OF_ACTIVATED_FGFR2",-1.0299181672956,0.435885679351979,0.965175399159038,12,-0.461310917989699,5,"Fgf20 Shc1 Grb2 Frs2 Hras"
"REACTOME_DOWNSTREAM_SIGNALING_OF_ACTIVATED_FGFR3",-1.0299181672956,0.435885679351979,0.965175399159038,12,-0.461310917989699,5,"Fgf20 Shc1 Grb2 Frs2 Hras"
"REACTOME_DOWNSTREAM_SIGNALING_OF_ACTIVATED_FGFR4",-1.0299181672956,0.435885679351979,0.965175399159038,12,-0.461310917989699,5,"Fgf20 Shc1 Grb2 Frs2 Hras"
"REACTOME_ER_TO_GOLGI_ANTEROGRADE_TRANSPORT",-1.02000003784827,0.44268546336954,0.965175399159038,121,-0.304358392001558,68,"F5 Cd59b Tubb6 Tubb2a Tuba1c Sec24a Lman2l Nsf Gosr2 Napb Col7a1 Tuba1a Cog7 Sec23a Trappc2 Arf3 Cog6 Sec22a Uso1 Sec24d Sec31b Sec23ip Ctsz Tmem115 Tubb4b Tbc1d20 Sptan1 Mcfd2 Trappc10 Mia3 Golga2 Cog8 Ppp6r3 Cog5 Arf5 Cog2 Kdelr1 Copb1 Arfgap1 Stx17 Dctn5 Ctsc Arf4 Sec24c Dync1li2 Ppp6c Csnk1d Tmed9 Gbf1 Copz1 Stx5a Rab1b Preb Napa Arf1 Tmed2 Ykt6 Actr10 Tmed7 Dync1i2 Dctn1 Sptbn1 Ankrd28 Dctn2 Mia2 Copa Sec24b Sec31a"
"REACTOME_GABA_B_RECEPTOR_ACTIVATION",1.01506463172311,0.429170700225879,0.965175399159038,19,0.350571685850984,3,"Adcy3 Adcy9 Gng4"
"REACTOME_IKK_COMPLEX_RECRUITMENT_MEDIATED_BY_RIP1",-1.02232744169754,0.441058655221745,0.965175399159038,21,-0.401834810168613,8,"Traf6 Ticam1 Ubc Ripk1 Birc3 Ube2d1 Ly96 Tlr4"
"REACTOME_MAPK_TARGETS_NUCLEAR_EVENTS_MEDIATED_BY_MAP_KINASES",-1.02147879649762,0.441847523650529,0.965175399159038,27,-0.380741983587079,12,"Mapk7 Dusp7 Mapk14 Dusp3 Fos Mapk11 Rps6ka2 Rps6ka1 Jun Vrk3 Ppp2r1b Mapk1"
"REACTOME_POTASSIUM_CHANNELS",-1.01751439184478,0.444890056700318,0.965175399159038,28,-0.376899044080238,4,"Kcnh8 Kcna5 Kcnab3 Kcnb1"
"REACTOME_RAC3_GTPASE_CYCLE",-1.02415345165098,0.435049019607843,0.965175399159038,72,-0.325461190775656,33,"Arap3 Slc1a5 Nhs Ncf1 Pak1 Depdc1b Arhgap35 Ophn1 Epha2 Arhgap5 Snap23 Arhgap6 Arap2 Bcr Arhgap21 Arhgap32 Cybb Abi1 Cyba Abr Itgb1 Git1 Abi2 Abl2 Erbin Arhgap17 Rapgef1 Arhgap1 Syde1 Pgrmc2 Pik3r2 Pak4 Git2"
"REACTOME_RHOU_GTPASE_CYCLE",-1.02271314520784,0.438100392369098,0.965175399159038,35,-0.364789441881908,18,"Dst Pak1 Depdc1b Epha2 Arhgef7 Grb2 Hgs Sptan1 Git1 Arhgap31 Ptk2b Itsn2 Pik3r2 Nck1 Pak4 Git2 Usp9x Cdc42"
"REACTOME_SMOOTH_MUSCLE_CONTRACTION",1.00603976660852,0.438584779706275,0.965175399159038,22,0.335431038165889,3,"Myl10 Gucy1b1 Mylk"
"REACTOME_TRAF6_MEDIATED_NF_KB_ACTIVATION",1.02136233520787,0.428064992614476,0.965175399159038,13,0.390918638267392,1,"App"
"REACTOME_TRANSCRIPTIONAL_ACTIVATION_OF_MITOCHONDRIAL_BIOGENESIS",-1.03323303357145,0.438017796870206,0.965175399159038,11,-0.472272607744437,7,"Acss2 Gabpb1 Gabpa Sirt5 Glud1 Sod2 Gm10053"
"REACTOME_TRANSCRIPTIONAL_REGULATION_BY_THE_AP_2_TFAP2_FAMILY_OF_TRANSCRIPTION_FACTORS",1.01206769736218,0.439290989660266,0.965175399159038,13,0.387361186573144,4,"Myc Atad2 Npm1 Kctd1"
"REACTOME_TRANSMISSION_ACROSS_CHEMICAL_SYNAPSES",-1.01879929791331,0.443561773772824,0.965175399159038,94,-0.312831049130107,44,"Apba1 Ppfia4 Cacna1e Gnat3 Camk1 Camkk1 Prkcg Akap5 Grin2d Adcy6 Camk2b Naaa Nsf Grik5 Glul Stxbp1 Tspoap1 Cacnb4 Ap2a1 Gnb5 Plcb3 Dlg1 Lin7c Gls Gng12 Dlg3 Mdm2 Gabbr1 Vamp2 Ppfia1 Gnai3 Calm1 Arl6ip5 Rps6ka2 Rps6ka1 Gnb1 Gngt2 Rab3a Dlg4 Gng3 Arhgef9 Cacnb1 Calm3 Comt"
"REACTOME_REGULATION_OF_T_CELL_ACTIVATION_BY_CD28_FAMILY",-1.01658899443029,0.446581196581197,0.965861657722123,143,-0.297679010557613,21,"Src Prkaa2 Cd3d H2-Eb1 H2-Aa H2-Ab1 Cd28 Cd274 Pak1 Ccnd1 Mtor B3gnt3 Pik3cb Tnfrsf14 Pdcd1 H2-Eb2 Akt3 Nek2 Trac Ubc Rnf185"
"REACTOME_PROLONGED_ERK_ACTIVATION_EVENTS",-1.01969809262869,0.450710683172857,0.972280520143507,12,-0.456733241649748,8,"Braf Crkl Frs2 Mapk1 Rapgef1 Crk Rap1a Map2k1"
"REACTOME_ACTIVATION_OF_KAINATE_RECEPTORS_UPON_GLUTAMATE_BINDING",-1.00773174517121,0.458798283261803,0.972366720099281,21,-0.396097843025093,12,"Grik5 Gnb5 Plcb3 Dlg1 Gng12 Dlg3 Calm1 Gnb1 Gngt2 Dlg4 Gng3 Calm3"
"REACTOME_ARACHIDONATE_METABOLISM",-0.98872899182164,0.482117310443491,0.972366720099281,21,-0.388628643360232,6,"Hpgds Ggt5 Akr1c13 Ptgs1 Pon2 Akr1c12"
"REACTOME_CA_DEPENDENT_EVENTS",0.986006391984941,0.466797513902519,0.972366720099281,20,0.33637177243001,6,"Adcy3 Adcy9 Pla2g4a Camkk2 Prkar2b Prkaca"
"REACTOME_CLATHRIN_MEDIATED_ENDOCYTOSIS",-1.00361751517733,0.4744261913084,0.972366720099281,109,-0.302533759296649,28,"Cd3d Grk3 Pacsin1 Egf Itsn1 Fnbp1l Ldlrap1 Pacsin2 Cltb Synj1 Fcho1 Pip5k1c Ap2a1 Ubqln2 Ubc Eps15 Gak Dnajc6 Vamp2 Grb2 Tor1a Dnm2 M6pr Adrb2 Tgoln1 Aak1 Hgs Fcho2"
"REACTOME_DETOXIFICATION_OF_REACTIVE_OXYGEN_SPECIES",-1.0046486295277,0.462991464950329,0.972366720099281,26,-0.37776811380328,12,"Gsr Ncf1 Gstp1 Prdx3 Cat Cybb Cyba Sod2 Txnrd2 Sod1 Gm10053 Ccs"
"REACTOME_GABA_RECEPTOR_ACTIVATION",0.994782908825613,0.453712790317305,0.972366720099281,20,0.339365842802633,3,"Adcy3 Adcy9 Gng4"
"REACTOME_GROWTH_HORMONE_RECEPTOR_SIGNALING",0.980674139202927,0.481512605042017,0.972366720099281,10,0.402929141412256,2,"Prlr Sh2b1"
"REACTOME_G_ALPHA_12_13_SIGNALLING_EVENTS",-0.994025728213549,0.480116514690983,0.972366720099281,57,-0.327027952518568,5,"Mcf2l Rhoc Arhgef12 Fgd1 Tiam2"
"REACTOME_HEME_BIOSYNTHESIS",-1.00947280765376,0.46624731512734,0.972366720099281,11,-0.461412227278323,6,"Flvcr1 Alas1 Urod Fech Alad Cox15"
"REACTOME_INOSITOL_PHOSPHATE_METABOLISM",-1.0054171591173,0.45981784087865,0.972366720099281,37,-0.354793309604753,20,"Inppl1 Inpp5a Inpp4b Itpka Synj1 Plcb3 Ip6k2 Ippk Itpkc Minpp1 Calm1 Inpp5b Ipmk Ppip5k2 Calm3 Itpk1 Itpkb Impa1 Inpp4a Plcg1"
"REACTOME_INTERLEUKIN_RECEPTOR_SHC_SIGNALING",-1.00445369906341,0.461336445871024,0.972366720099281,17,-0.412899652663351,7,"Il5ra Inppl1 Pik3cb Shc1 Il2 Grb2 Csf2rb"
"REACTOME_METABOLISM_OF_LIPIDS",-1.00805876306192,0.471237355675897,0.972366720099281,407,-0.274327991133869,108,"Prkaa2 Plbd1 Gpam Pld2 Lpcat2 Tnfaip8l3 Hpgds Ggt5 Abcc3 Inppl1 Cyp39a1 Mgll Plpp3 Aldh3b1 Akr1c13 Agpat4 Tnfaip8l1 Osbpl3 Far2 Ptgs1 Acox1 Crat Inpp4b Cpt1b Phyh Enpp6 Pld6 Mvd Pnpla6 Lss Slc10a1 Arsg Acsl4 Pla2g4c Pla2g12a Fitm2 Lpcat3 Ppt2 Rab4a Dgat1 Scd1 Asah2 Pla2g4b Pccb Sphk2 Gpd1l Sgpl1 Synj1 Hsd3b7 Stard3nl Sptlc1 Pik3cb Pon2 Acox3 Mmaa Sumf2 Chpt1 Inpp5e Dhcr7 Akr1c12 Acot7 Cyp2r1 Cerk Pias4 Mfsd2a Tspoap1 Ncoa2 Chkb Pip5k1c Rufy1 Lpin2 Hsd17b4 Neu3 Cers5 Acot9 Fdx1 Pip5k1b Abhd4 Arf3 Agmo Osbpl9 Acbd5 Plaat3 Mlycd Sbf1 Acat1 Mtmr3 Hexb Gla Hsd17b14 Agpat3 Psap Hacl1 Ugcg Slc25a20 Far1 Gal3st1 Pip4k2c Ormdl3 Acp6 Neu1 Acot8 Plpp6 Sgpp1 Hsd17b11 M6pr Aacs Hadhb"
"REACTOME_MTOR_SIGNALLING",-0.994935676339646,0.479384860135225,0.972366720099281,40,-0.346468140840623,5,"Prkaa2 Eef2k Mtor Rragb Rragd"
"REACTOME_NUCLEAR_ENVELOPE_BREAKDOWN",0.992380228459962,0.463682432432432,0.972366720099281,43,0.28272790081865,13,"Ndc1 Nup133 Aaas Vrk1 Nup205 Nup214 Lmnb1 Banf1 Nup85 Nup43 Nup62 Nup50 Nup98"
"REACTOME_NUCLEOTIDE_CATABOLISM",0.983945412102132,0.474632843791722,0.972366720099281,22,0.328064398679392,3,"Pnp2 Pnp Dnph1"
"REACTOME_PLASMA_LIPOPROTEIN_ASSEMBLY_REMODELING_AND_CLEARANCE",-1.00679789737916,0.460559459101153,0.972366720099281,40,-0.350598942225616,14,"Bmp1 Pltp Apoe Ldlrap1 Zdhhc8 Npc2 Ap2a1 Ubc Soat1 Scarb1 Nceh1 Abcg1 Lipa Nr1h2"
"REACTOME_POST_NMDA_RECEPTOR_ACTIVATION_EVENTS",-0.998284916281357,0.480769230769231,0.972366720099281,14,-0.430111488040888,2,"Camk1 Camkk1"
"REACTOME_PROTEASOME_ASSEMBLY",0.986744315538384,0.473113616652212,0.972366720099281,46,0.277422079517428,45,"Psme2b Psmg1 Psme2 Psmc6 Psmc5 Psmb3 Psma1 Psma5 Psme1 Psmd11 Psmd14 Psmd13 Psma6 Psma7 Psmg4 Psmb5 Psmd10 Psma4 Pomp Psmb8 Psmg2 Psmd9 Adrm1 Psmc4 Psmb1 Psmd2 Psmg3 Psmd12 Psma3 Psmc3 Psmd7 Psmb4 Psmd3 Psmd1 Psmb6 Psmd5 Psmd6 Psme3 Psmd8 Psmb10 Psmb2 Psma2 Psmc1 Psmd4 Psmb7"
"REACTOME_RHO_GTPASES_ACTIVATE_PAKS",0.983318298986998,0.470814624759461,0.972366720099281,18,0.344489463953741,4,"Limk1 Mylk Nf2 Myl12b"
"REACTOME_SEMAPHORIN_INTERACTIONS",0.986242417452196,0.477917981072555,0.972366720099281,37,0.289644513265554,7,"Sema6d Cdk5r1 Plxnb1 Sema4a Limk1 Plxna3 Dpysl2"
"REACTOME_SIGNALING_BY_ACTIVIN",-1.00049038884636,0.48056592039801,0.972366720099281,10,-0.468184017169682,4,"Fstl3 Acvr2a Tgfbr3 Smad2"
"REACTOME_TCF_DEPENDENT_SIGNALING_IN_RESPONSE_TO_WNT",-1.00735247211852,0.467381174277726,0.972366720099281,110,-0.303326295457639,13,"Lgr5 Axin2 Fzd6 Kremen1 Tcf7l2 Frat1 Fzd5 Lef1 Tle3 Tnks Tle1 Lrp5 Smarca4"
"REACTOME_TNFR2_NON_CANONICAL_NF_KB_PATHWAY",-1.00052265352606,0.473516429622364,0.972366720099281,70,-0.318826583891575,13,"Tnfsf12 Tnfrsf8 Cd40 Tnfrsf17 Tnfrsf1a Tnfrsf12a Edaradd Nfkb2 Tnfrsf14 Traf3 Relb Cd27 Ubc"
"REACTOME_TNF_RECEPTOR_SUPERFAMILY_TNFSF_MEMBERS_MEDIATING_NON_CANONICAL_NF_KB_PATHWAY",-1.0132401476384,0.459600477042338,0.972366720099281,14,-0.436554955940747,2,"Tnfsf12 Cd40"
"REACTOME_TRANSCRIPTIONAL_REGULATION_BY_E2F6",0.998121899253724,0.456317204301075,0.972366720099281,23,0.327878456910307,8,"Chek1 Rybp Tfdp1 Pcgf2 Pcgf6 E2f6 L3mbtl2 Ehmt2"
"REACTOME_TRANS_GOLGI_NETWORK_VESICLE_BUDDING",-1.0085388505442,0.459540087010566,0.972366720099281,66,-0.324682200985368,24,"Sort1 Tpd52 Cpd Sh3d19 Clint1 Tbc1d8b Cltb Ap4e1 Dnase2a Ap3s1 Snap23 Gak Dnajc6 Yipf6 Bloc1s4 Vamp2 Ap1s2 Ctsz Dnm2 Ap4s1 M6pr Tgoln1 Hgs Snapin"
"REACTOME_WNT5A_DEPENDENT_INTERNALIZATION_OF_FZD4",-1.01273672130048,0.461714809720312,0.972366720099281,12,-0.453615171981829,3,"Prkcg Cltb Ap2a1"
"REACTOME_REGULATION_OF_HOMOTYPIC_CELL_CELL_ADHESION",-0.990373752899667,0.490862230552952,0.98762424753082,104,-0.3001455439677,15,"Src Ctsl Adam19 Vcl Tle1 Ctsb Smarca4 Cdh11 Pomt1 Pip5k1c Ubc Eps15 Arhgap32 Amot Mdm2"
"REACTOME_CO_INHIBITION_BY_CTLA4",-0.980384528221081,0.49485730841663,0.990898485992152,19,-0.394459398490748,1,"Src"
"REACTOME_RHOBTB2_GTPASE_CYCLE",0.971399040782321,0.493991989319092,0.990898485992152,22,0.323881221734801,8,"Myo6 Hsp90aa1 Cct6a Tra2b Srrm1 Msi2 Hsp90ab1 Cct2"
"REACTOME_ANTIGEN_PROCESSING_UB_ATP_INDEPENDENT_PROTEASOMAL_DEGRADATION",0.966593354082511,0.496289125524363,0.99139379012862,19,0.333831217326363,19,"Psme2b Psme2 Psmb3 Psma1 Psma5 Psme1 Psma6 Psma7 Psmb5 Psma4 Psmb8 Psmb1 Psma3 Psmb4 Psmb6 Psmb10 Psmb2 Psma2 Psmb7"
"REACTOME_CARGO_RECOGNITION_FOR_CLATHRIN_MEDIATED_ENDOCYTOSIS",-0.986319673779495,0.499509924038226,0.9914030261348,73,-0.312947031615547,20,"Cd3d Grk3 Egf Itsn1 Ldlrap1 Cltb Fcho1 Ap2a1 Ubqln2 Ubc Eps15 Vamp2 Grb2 Tor1a M6pr Adrb2 Tgoln1 Aak1 Hgs Fcho2"
"REACTOME_CELL_DEATH_SIGNALLING_VIA_NRAGE_NRIF_AND_NADE",-0.979570668515676,0.499493414387031,0.9914030261348,57,-0.322272332575989,4,"Mcf2l Arhgef12 Fgd1 Tiam2"
"REACTOME_FORMATION_OF_FIBRIN_CLOT_CLOTTING_CASCADE",-0.980084571894054,0.502216108818585,0.9914030261348,12,-0.438989939128068,6,"F5 F13a1 Prtn3 Gp9 Thbd Gp5"
"REACTOME_INSULIN_RECEPTOR_RECYCLING",-0.977053062030103,0.499857265201256,0.9914030261348,22,-0.380482357684139,13,"Atp6v0a4 Atp6v0a1 Ptpn1 Tcirg1 Ctsd Atp6v0a2 Atp6v0e Atp6v0c Insr Atp6v0d1 Atp6v1g1 Atp6v1f Atp6v1b2"
"REACTOME_INSULIN_RECEPTOR_SIGNALLING_CASCADE",-0.97627117322138,0.501901140684411,0.9914030261348,25,-0.370409972443515,14,"Fgfr1 Fgf20 Pik3cb Shc1 Flt3l Grb2 Frs2 Pik3r4 Irs2 Mapk1 Pik3c3 Akt2 Pik3r2 Insr"
"REACTOME_COPI_INDEPENDENT_GOLGI_TO_ER_RETROGRADE_TRAFFIC",-0.975173996013561,0.504286096972944,0.993146972156127,37,-0.344121050997277,8,"Rab6b Tubb6 Tubb2a Tuba1c Pafah1b3 Bicd1 Tuba1a Galnt2"
"REACTOME_OTHER_INTERLEUKIN_SIGNALING",0.96388722953071,0.506314580941447,0.99480118368073,11,0.385041566965968,3,"Csf1 Stx1a Sdc1"
"REACTOME_ACTIVATION_OF_BAD_AND_TRANSLOCATION_TO_MITOCHONDRIA",-0.976304121153787,0.50832951245606,0.99551096979728,12,-0.437296636439771,10,"Bcl2 Ppp3r1 Ywhag Bid Ywhab Sfn Ppp3cc Ywhah Ywhaz Ywhae"
"REACTOME_MITOPHAGY",-0.97304317494305,0.509054593874834,0.99551096979728,39,-0.340620951673081,6,"Src Map1lc3a Mfn2 Prkn Ubc Tomm70a"
"REACTOME_ACTIVATED_NOTCH1_TRANSMITS_SIGNAL_TO_THE_NUCLEUS",-0.978727718996142,0.510572139303483,0.996151236822879,10,-0.458000077065506,1,"Dtx1"
"REACTOME_ABC_FAMILY_PROTEINS_MEDIATED_TRANSPORT",-0.898930650846415,0.643076168281614,1,71,-0.2861080757845,5,"Abca5 Abcd2 Abcc3 Abca6 Abcb9"
"REACTOME_ACTIVATED_TAK1_MEDIATES_P38_MAPK_ACTIVATION",-0.722774811228496,0.848277825220609,1,23,-0.279030842413663,7,"Nod1 Mapk14 Traf6 Map2k6 Ubc Mapk11 Tab3"
"REACTOME_ACTIVATION_OF_APC_C_AND_APC_C_CDC20_MEDIATED_DEGRADATION_OF_MITOTIC_PROTEINS",-0.620552209382123,0.97536576216081,1,62,-0.201408033788026,11,"Ube2c Ccnb1 Plk1 Nek2 Ubc Cdc20 Cdc16 Ube2d1 Anapc16 Pttg1 Psmc2"
"REACTOME_ACTIVATION_OF_BH3_ONLY_PROTEINS",-0.603084135159375,0.941458454386984,1,18,-0.244919075660407,1,"Bcl2"
"REACTOME_ACTIVATION_OF_G_PROTEIN_GATED_POTASSIUM_CHANNELS",-0.734928564265057,0.810942992511081,1,12,-0.329182047082638,6,"Gnb5 Gng12 Gabbr1 Gnb1 Gngt2 Gng3"
"REACTOME_ACTIVATION_OF_IRF3_IRF7_MEDIATED_BY_TBK1_IKK_IKBKE",0.739716389788241,0.833229426433915,1,16,0.267750809798553,1,"Optn"
"REACTOME_ACTIVATION_OF_NF_KAPPAB_IN_B_CELLS",-0.592594022168199,0.979646697388633,1,50,-0.198542674251785,48,"Malt1 Nfkbie Ubc Fbxw11 Psmc2 Ikbkb Psmb7 Prkcb Chuk Psmc1 Ikbkg Psma2 Nfkb1 Psmb2 Psmd8 Bcl10 Psmd6 Psmb6 Psmd1 Psmd3 Psmb4 Psmd7 Psmc3 Ubb Psma3 Psmd12 Rela Psmd2 Psmb1 Psmc4 Adrm1 Card11 Uba52 Psma4 Nfkbib Psmb5 Psma7 Psma6 Psmd13 Psmd14 Psmd11 Nfkbia Psma5 Psma1 Rel Cul1 Psmb3 Rps27a"
"REACTOME_ADP_SIGNALLING_THROUGH_P2Y_PURINOCEPTOR_12",-0.962034586769243,0.527650788969179,1,15,-0.407022103107655,7,"Gnat3 Gnb5 Gng12 Gnai3 Gnb1 Gngt2 Gng3"
"REACTOME_ADRENALINE_NORADRENALINE_INHIBITS_INSULIN_SECRETION",-0.786192468773349,0.749282152032643,1,13,-0.345016976164158,9,"Adcy6 Gnb5 Gng12 Gnb1 Gngt2 Gng3 Gng2 Gnai2 Gnb2"
"REACTOME_AEROBIC_RESPIRATION_AND_RESPIRATORY_ELECTRON_TRANSPORT",0.635886871411184,1,1,207,0.140259841411272,57,"Sco2 Nubpl Cox6b2 L2hgdh Gpt Cox18 Acad9 Ndufaf6 mt-Atp8 Pdp1 Sirt3 Pdpr Ndufaf4 mt-Nd5 Ecsit Hspa9 mt-Nd1 Slc25a22 Ndufaf2 mt-Nd4 Ndufaf7 Pgam5 Slc25a13 Etfb mt-Nd2 Pdha1 Uqcr10 Cycs Slc25a4 Pdk3 Ndufb7 mt-Co3 Higd2a Ndufb4 Fahd1 mt-Nd3 mt-Atp6 Cox11 Timm21 mt-Cytb Trap1 Ndufb8 Nek1 Isca2 Cox14 Ldha Rps27a Fh1 mt-Co1 Uqcr11 Ndufab1 Dmac1 Dmac2l Armc8 Rab5if mt-Co2 Cox7a1"
"REACTOME_ALPHA_LINOLENIC_OMEGA3_AND_LINOLEIC_OMEGA6_ACID_METABOLISM",-0.958717108965554,0.535292288557214,1,10,-0.448636021303872,3,"Acox1 Hsd17b4 Acot8"
"REACTOME_ALPHA_PROTEIN_KINASE_1_SIGNALING_PATHWAY",-0.878730427268647,0.634243633016263,1,11,-0.401652189686646,4,"Tifa Traf6 Ubc Tab3"
"REACTOME_AMINO_ACIDS_REGULATE_MTORC1",-0.886552855794911,0.646346228995701,1,45,-0.301871125710753,23,"Sesn2 Mtor Rragb Rragd Kptn Tcirg1 Lamtor3 Lamtor2 Fnip1 Mios Castor2 Rptor Atp6v0e Atp6v0c Slc38a9 Atp6v0d1 Atp6v1g1 Atp6v1f Lamtor1 Atp6v1b2 Itfg2 Seh1l Lamtor5"
"REACTOME_AMPK_INDUCED_ERAD_AND_LYSOSOME_MEDIATED_DEGRADATION_OF_PD_L1_CD274",-0.762897576503086,0.841446275712278,1,53,-0.253738211299433,2,"Prkaa2 Cd274"
"REACTOME_ANTIGEN_PRESENTATION_FOLDING_ASSEMBLY_AND_PEPTIDE_LOADING_OF_CLASS_I_MHC",0.60235433371781,0.966622162883845,1,22,0.200835340916806,2,"H2-Q10 Tap1"
"REACTOME_ANTIGEN_PROCESSING_CROSS_PRESENTATION",0.356573377577853,1,1,54,0.0967850134645862,2,"H2-Q10 Psme2b"
"REACTOME_ANTIGEN_PROCESSING_UBIQUITINATION_PROTEASOME_DEGRADATION",-0.928410995824014,0.65802781289507,1,249,-0.259174189901659,61,"Spsb4 Fbxo10 Nedd4 Lnx1 Ube2c Vhl Fbxo30 Lrsam1 Kctd7 Trim32 Kbtbd7 Rnf19a Arel1 Lrr1 Fbxl12 Fbxl19 Kbtbd8 Rnf41 Fbxl15 Prkn Rnf19b Asb6 Fbxo11 Asb7 Hace1 Ubc Fbxl3 Npepps Kctd6 Rnf138 Trim39 Spsb2 Fbxo9 Btbd6 Ube2h Fbxo6 Fbxw11 Fzr1 Ube4a Wwp1 Det1 Asb13 Ubr1 Cdc20 Mib2 Trip12 Ube3c Cdc16 Atg7 Ube2d1 Fbxo4 Pja2 Ube2g2 Ubox5 Trim41 Hectd3 Ubr4 Ube2q2 Cul7 Rnf14 Psmc2"
"REACTOME_ANTIMICROBIAL_MECHANISM_OF_IFN_STIMULATED_GENES",-0.675926094881046,0.955304577676319,1,84,-0.210257090038294,15,"Tubb6 Tubb2a Nedd4 Tuba1c Hspa1a Hspa1b Usp18 Map2k6 Eif4e3 Dus2 Tuba1a Mapt Fancb Hspa2 Flnb"
"REACTOME_APC_CDC20_MEDIATED_DEGRADATION_OF_NEK2A",-0.900308959505292,0.606967958584021,1,26,-0.338534296943598,7,"Ube2c Nek2 Ubc Cdc20 Cdc16 Ube2d1 Anapc16"
"REACTOME_APC_C_CDC20_MEDIATED_DEGRADATION_OF_CYCLIN_B",-0.962931600505392,0.521732974656661,1,24,-0.368302153162803,7,"Ube2c Ccnb1 Ubc Cdc20 Cdc16 Ube2d1 Anapc16"
"REACTOME_APC_C_CDH1_MEDIATED_DEGRADATION_OF_CDC20_AND_OTHER_APC_C_CDH1_TARGETED_PROTEINS_IN_LATE_MITOSIS_EARLY_G1",-0.761707830487978,0.854431175361408,1,60,-0.248569006360457,12,"Ube2c Aurka Plk1 Ubc Rb1 Fzr1 Cdc20 Cdc16 Ube2d1 Anapc16 Pttg1 Psmc2"
"REACTOME_APC_C_MEDIATED_DEGRADATION_OF_CELL_CYCLE_PROTEINS",-0.743953667939449,0.882006623328836,1,71,-0.236782617442803,14,"Ube2c Aurka Ccnb1 Plk1 Nek2 Ubc Rb1 Fzr1 Cdc20 Cdc16 Ube2d1 Anapc16 Pttg1 Psmc2"
"REACTOME_APOPTOSIS",-0.596313250607924,0.990985576923077,1,86,-0.185099156761611,21,"Fas Prkcq Bcl2 Plec Apip Tnfsf10 Gas2 Mapt Ticam1 Ripk1 Lmna Gsdmd Gsdme Ppp3r1 Ly96 Tlr4 Diablo Sptan1 Casp6 H1f0 Xiap"
"REACTOME_APOPTOTIC_CLEAVAGE_OF_CELLULAR_PROTEINS",-0.617181502262904,0.952249896793725,1,29,-0.227188628578868,7,"Prkcq Plec Gas2 Mapt Lmna Sptan1 Casp6"
"REACTOME_APOPTOTIC_EXECUTION_PHASE",-0.489685580415361,0.996785427270292,1,37,-0.172801076812555,8,"Prkcq Plec Gas2 Mapt Lmna Sptan1 Casp6 H1f0"
"REACTOME_APOPTOTIC_FACTOR_MEDIATED_RESPONSE",-0.79033845287806,0.750515160435679,1,16,-0.330321697392004,7,"Apip Gsdmd Gsdme Diablo Xiap Mapk1 Gm10053"
"REACTOME_AQUAPORIN_MEDIATED_TRANSPORT",-0.701074458353334,0.861195104391649,1,20,-0.278156530368218,12,"Aqp11 Gnb5 Gng12 Gnb1 Gngt2 Gng3 Rab11fip2 Gnas Gng2 Prkar1a Prkacb Gnb2"
"REACTOME_ASPARAGINE_N_LINKED_GLYCOSYLATION",-0.719965827327456,0.966741524970591,1,214,-0.202972803504838,95,"F5 Cd59b Tubb6 Man2a1 Tubb2a Tuba1c Pgm3 Mvd Sec24a Lman2l Gfpt1 Fcsk Nsf Gosr2 Engase Napb Col7a1 Tuba1a Cog7 Sec23a Man2a2 Neu3 Trappc2 Ubc Arf3 Cog6 Sec22a Gne St3gal1 Uso1 Sec24d Sec31b Sec23ip Fpgt Ctsz Neu1 Tmem115 Alg2 Tubb4b B4galt1 Tbc1d20 Sptan1 Mcfd2 Trappc10 Gnpnat1 Mia3 Golga2 Mgat5 Cog8 Ppp6r3 Cog5 Arf5 Cog2 Kdelr1 Copb1 Arfgap1 Stx17 Dctn5 Ctsc Arf4 Sec24c Dync1li2 Nus1 Ppp6c Csnk1d Fuca1 Tmed9 Alg6 Gbf1 Copz1 Alg9 St6galnac4 Stx5a Nudt14 Gmppb Rab1b Preb Glb1 Napa Arf1 Renbp Tmed2 Ykt6 Nagk Dpm2 Psmc1 Manea Actr10 St3gal4 Tmed7 Dync1i2 Dctn1 Mgat1 Pdia3 St8sia4"
"REACTOME_ASYMMETRIC_LOCALIZATION_OF_PCP_PROTEINS",-0.384659552231703,0.999867812293457,1,41,-0.133303411131059,41,"Fzd5 Ubc Psmc2 Psmb7 Psmc1 Psma2 Psmb2 Psmd8 Dvl2 Psmd6 Pard6a Psmb6 Psmd1 Psmd3 Psmb4 Psmd7 Psmc3 Ubb Psma3 Psmd12 Psmd2 Psmb1 Psmc4 Adrm1 Uba52 Psma4 Psmb5 Smurf1 Psma7 Psma6 Psmd13 Psmd14 Psmd11 Psma5 Psma1 Psmb3 Rps27a Psmc5 Smurf2 Psmc6 Fzd7"
"REACTOME_ATP_DEPENDENT_CHROMATIN_REMODELERS",-0.648743534035039,0.917591801878736,1,23,-0.250450696399528,5,"Bcl7a Smarca4 Bicra Ss18l1 Brd9"
"REACTOME_ATTENUATION_PHASE",-0.958753068913138,0.529573590096286,1,12,-0.429435340000969,3,"Hspa1a Hspa1b Hspa2"
"REACTOME_AUF1_HNRNP_D0_BINDS_AND_DESTABILIZES_MRNA",-0.588378938360392,0.975941837409121,1,41,-0.203902175484952,2,"Hspa1a Hspa1b"
"REACTOME_AURKA_ACTIVATION_BY_TPX2",0.82984313091458,0.842241826673586,1,67,0.215937018230339,15,"Tuba4a Cep152 Haus6 Ccp110 Haus4 Plk4 Haus5 Tubg1 Hsp90aa1 Clasp1 Prkar2b Prkaca Ofd1 Sfi1 Haus3"
"REACTOME_BASE_EXCISION_REPAIR_AP_SITE_FORMATION",0.820603509003423,0.718099968953741,1,15,0.303246577787132,6,"Ung Ogg1 Tdg Nthl1 Terf1 Smug1"
"REACTOME_BASIGIN_INTERACTIONS",-0.579382805099859,0.950954084675015,1,14,-0.249627332220023,3,"Slc7a11 Itga6 Atp1b1"
"REACTOME_BETA_CATENIN_INDEPENDENT_WNT_SIGNALING",-0.939441093925216,0.585578069129917,1,89,-0.290039519498134,39,"Fzd6 Tcf7l2 Wnt5b Prkcg Fzd5 Lef1 Cltb Ap2a1 Gnb5 Plcb3 Gnat2 Ubc Gng12 Ppp3r1 Calm1 Daam1 Psmc2 Gnb1 Gngt2 Gng3 Calm3 Nlk Psmb7 Prkcb Rac1 Ap2b1 Gng2 Ap2m1 Ppp3ca Psmc1 Map3k7 Gnb2 Psma2 Clta Kras Psmb2 Psmd8 Ap2s1 Dvl2"
"REACTOME_BETA_CATENIN_PHOSPHORYLATION_CASCADE",-0.552283761618555,0.968923256492559,1,17,-0.227026664899081,4,"Frat1 Amer1 Ppp2r1b Gsk3b"
"REACTOME_BIOSYNTHESIS_OF_THE_N_GLYCAN_PRECURSOR_DOLICHOL_LIPID_LINKED_OLIGOSACCHARIDE_LLO_AND_TRANSFER_TO_A_NASCENT_PROTEIN",0.842171401847623,0.803334968121628,1,61,0.223563417663822,14,"St8sia6 Alg8 Gmds Dpagt1 Pmm1 Nanp St3gal6 St3gal5 Pmm2 St3gal2 St6gal1 Fuom Slc35a1 Uap1"
"REACTOME_BIOTIN_TRANSPORT_AND_METABOLISM",-0.664159156848902,0.87842039800995,1,10,-0.310796291058921,5,"Pccb Mccc1 Pcx Mccc2 Pdzd11"
"REACTOME_CARBOXYTERMINAL_POST_TRANSLATIONAL_MODIFICATIONS_OF_TUBULIN",-0.846073674496357,0.679039952295766,1,14,-0.364531208670778,5,"Tubb6 Tubb2a Tuba1c Ttll11 Tuba1a"
"REACTOME_CASPASE_ACTIVATION_VIA_DEATH_RECEPTORS_IN_THE_PRESENCE_OF_LIGAND",-0.733430376212456,0.80943025540275,1,13,-0.321862572688562,6,"Fas Tnfsf10 Ticam1 Ripk1 Ly96 Tlr4"
"REACTOME_CASPASE_ACTIVATION_VIA_EXTRINSIC_APOPTOTIC_SIGNALLING_PATHWAY",-0.719148571987462,0.834707094495143,1,16,-0.300567910002205,6,"Fas Tnfsf10 Ticam1 Ripk1 Ly96 Tlr4"
"REACTOME_CD209_DC_SIGN_SIGNALING",-0.573362761195798,0.95679103377083,1,15,-0.242581005002374,11,"Pak1 Relb Lyn Hras Raf1 Prkacb Nfkb1 Kras Ep300 Pak2 Fyn"
"REACTOME_CD28_DEPENDENT_PI3K_AKT_SIGNALING",-0.567771842466959,0.976341360371779,1,25,-0.215420016785337,4,"Cd28 Mtor Pik3cb Akt3"
"REACTOME_CD28_DEPENDENT_VAV1_PATHWAY",-0.718466149736278,0.820584577114428,1,10,-0.336209494797674,2,"Cd28 Pak1"
"REACTOME_CDK_MEDIATED_PHOSPHORYLATION_AND_REMOVAL_OF_CDC6",0.929914204910959,0.605074198180948,1,58,0.249159165183283,2,"Cdc6 Ccne1"
"REACTOME_CELLULAR_RESPONSES_TO_MECHANICAL_STIMULI",-0.681288527424313,0.937206050591077,1,55,-0.225291231556761,31,"Pde4d Vcl Mtor Gnb5 Gnaq Gng12 Ptpn1 Calm1 Capns1 Gna11 Itgb1 Gnb1 Gngt2 Gng3 Itgb3 Ppp2r1b Calm3 Ikbkb Ramp2 Mapkap1 Gnas Itga5 Gng2 Akt1 Prkar1a Chuk Ikbkg Prkacb Gnb2 Nfkb1 Ppp2ca"
"REACTOME_CELLULAR_RESPONSES_TO_STIMULI",-0.708639575413872,0.993906773636641,1,447,-0.192052683359759,122,"Hspb8 Prkaa2 Hmox1 Slc46a1 Gsr Tubb6 Ajuba Pgr Tnik Sesn2 Hspa12b Cox6a2 Mapk7 Tubb2a Ube2c Tuba1c Pde4d Hspa1a Ncf1 Hspa1b Vhl Vcl Mapk14 Gstp1 Camk2b Hspa13 Mtor Rragb Cdkn1b Map2k6 Rragd Prdx3 Egln3 Tuba1a Nploc4 Fos Ncoa2 Kptn Cat Gnb5 Gnaq Akt3 Atf6b Ern1 Hspa2 Ets1 Ubc Bach1 Hif1an Gng12 Mdm2 Ptpn1 Rb1 Hdac6 Cybb Fzr1 Tcirg1 Crebrf Hif1a Hspa4l Ufd1 Cdc16 Mapk11 Cox7a2l Ube2d1 Ly96 Tlr4 Calm1 Pot1a Anapc16 Tubb4b Rps6ka2 Asf1a Esr1 Capns1 Ets2 Cyba Gna11 Rps6ka1 Psmc2 Nup35 Sin3b Itgb1 Gnb1 Hmga1b Hmga2 Lamtor3 Gngt2 Jun H1f0 Gng3 Ubxn7 Mink1 Itgb3 Ppp2r1b Lamtor2 Calm3 Gsk3b Mapk1 Sod2 Map1lc3b Fnip1 Sqstm1 Ncor2 Ikbkb Ramp2 Txnrd2 Prkci Mios Sod1 Dctn5 Yme1l1 Kat5 Psmb7 Gm10053 Dync1li2 Pgrmc2 Akt2 Castor2 Ubn1 Rptor Atp6v0e"
"REACTOME_CELLULAR_RESPONSE_TO_CHEMICAL_STRESS",-0.834109042664329,0.797650279457055,1,129,-0.24699183541881,5,"Prkaa2 Hmox1 Gsr Sesn2 Cox6a2"
"REACTOME_CELLULAR_RESPONSE_TO_HEAT_STRESS",-0.795051613493149,0.823072252580449,1,79,-0.249537098482345,7,"Hspb8 Hspa12b Hspa1a Hspa1b Camk2b Hspa13 Mtor"
"REACTOME_CELLULAR_RESPONSE_TO_HYPOXIA",-0.516637959758622,0.996313715520529,1,55,-0.170843919334783,8,"Ajuba Vhl Egln3 Ubc Hif1an Hif1a Ube2d1 Psmc2"
"REACTOME_CELLULAR_SENESCENCE",-0.536734839827746,0.998336106489185,1,91,-0.165329173639044,26,"Tnik Mapk7 Ube2c Mapk14 Cdkn1b Map2k6 Fos Ets1 Ubc Mdm2 Rb1 Fzr1 Cdc16 Mapk11 Ube2d1 Pot1a Anapc16 Rps6ka2 Asf1a Ets2 Rps6ka1 Hmga1b Hmga2 Jun H1f0 Mink1"
"REACTOME_CHAPERONIN_MEDIATED_PROTEIN_FOLDING",-0.793459420548873,0.755286588759043,1,27,-0.29575093943356,9,"Cct6b Pdcl Gnb5 Gnaq Gng12 Gna11 Gnb1 Gngt2 Gng3"
"REACTOME_CHK1_CHK2_CDS1_MEDIATED_INACTIVATION_OF_CYCLIN_B_CDK1_COMPLEX",0.412504503119765,0.998227474150665,1,13,0.157882950134368,13,"Cdc25c Wee1 Cdk1 Chek2 Ywhaq Ywhae Ywhaz Ywhah Sfn Ywhab Ywhag Ccna2 Ccnb1"
"REACTOME_CHOLESTEROL_BIOSYNTHESIS",0.637709723884356,0.952714535901926,1,26,0.20392921602276,6,"Tm7sf2 Mvk Cyp51 Dhcr24 Sqle Idi1"
"REACTOME_CHOLESTEROL_BIOSYNTHESIS_VIA_DESMOSTEROL_BLOCH_PATHWAY",0.936273541430917,0.535574229691877,1,10,0.384686287824817,3,"Tm7sf2 Cyp51 Dhcr24"
"REACTOME_CHROMATIN_ORGANIZATION",-0.470423138186986,0.999888467544055,1,148,-0.137115794053039,5,"Padi1 Kdm4d Kdm5b Padi3 Kdm1b"
"REACTOME_CITRIC_ACID_CYCLE_TCA_CYCLE",-0.814461067029991,0.744334373727779,1,34,-0.291890201001426,10,"Lyrm4 AK157302 Nnt Acat1 Iscu Sdhaf2 Mrps36 Sdhaf1 Sdhaf3 Sdhc"
"REACTOME_CLASS_I_MHC_MEDIATED_ANTIGEN_PROCESSING_PRESENTATION",-0.898990612808628,0.730489073881374,1,287,-0.248554119267851,69,"Spsb4 Fbxo10 Nedd4 Lnx1 Ube2c Ncf1 Mrc1 Vhl Fbxo30 Sec24a Lrsam1 Kctd7 Trim32 Kbtbd7 Rnf19a Arel1 Lrr1 Fbxl12 Fbxl19 Kbtbd8 Rnf41 Fbxl15 Prkn Rnf19b Asb6 Fbxo11 Snap23 Sec23a Asb7 Hace1 Ubc Fbxl3 Npepps Kctd6 Rnf138 Trim39 Spsb2 Fbxo9 Btbd6 Ube2h Fbxo6 Fbxw11 Cybb Fzr1 Ube4a Sec24d Wwp1 Det1 Asb13 Ubr1 Cdc20 Mib2 Trip12 Ube3c Cdc16 Atg7 Ube2d1 Fbxo4 Pja2 Ube2g2 Ubox5 Trim41 Hectd3 Ubr4 Ube2q2 Cul7 Rnf14 Cyba Psmc2"
"REACTOME_CLEC7A_DECTIN_1_SIGNALING",-0.950125944747888,0.559481599217508,1,76,-0.299924862284976,13,"Src Nfatc2 Traf6 Malt1 Nfkb2 Relb Ubc Fbxw11 Ppp3r1 Ube2d1 Calm1 Tab3 Psmc2"
"REACTOME_COBALAMIN_CBL_VITAMIN_B12_TRANSPORT_AND_METABOLISM",0.837406832538738,0.675628794449263,1,12,0.327705812340942,4,"Abcd4 Mmachc Abcc1 Mtrr"
"REACTOME_COHESIN_LOADING_ONTO_CHROMATIN",-0.915025609109587,0.587686567164179,1,10,-0.428190385696796,4,"Nipbl Pds5b Stag1 Mau2"
"REACTOME_COLLAGEN_DEGRADATION",-0.862909477631271,0.654341822644983,1,11,-0.394420712469537,5,"Ctsl Col11a2 Phykpl Col7a1 Ctsb"
"REACTOME_COMPLEX_III_ASSEMBLY",-0.66066038407464,0.901074956420686,1,18,-0.268301421244068,1,"Lyrm4"
"REACTOME_COMPLEX_IV_ASSEMBLY",0.820587748680842,0.793818625457503,1,40,0.236730587248227,3,"Sco2 Cox6b2 Cox18"
"REACTOME_CONDENSATION_OF_PROPHASE_CHROMOSOMES",0.739226104693039,0.810930576070901,1,13,0.282933149438587,4,"Ncapg2 Mcph1 Ncapd3 Set"
"REACTOME_CONVERSION_FROM_APC_C_CDC20_TO_APC_C_CDH1_IN_LATE_ANAPHASE",-0.912674889684454,0.591936645068394,1,20,-0.362110582754789,6,"Ube2c Fzr1 Cdc20 Cdc16 Ube2d1 Anapc16"
"REACTOME_CO_STIMULATION_BY_CD28",-0.859630952567794,0.683376963350785,1,44,-0.293824484642773,5,"Src Cd28 Pak1 Mtor Pik3cb"
"REACTOME_CROSS_PRESENTATION_OF_SOLUBLE_EXOGENOUS_ANTIGENS_ENDOSOMES",0.459807889680149,0.998817034700315,1,37,0.135038637606077,34,"Psme2b Psme2 Psmc6 Psmc5 Psmb3 Psma1 Psma5 Psme1 Psmd11 Psmd14 Psmd13 Psma6 Psma7 Psmb5 Psma4 Psmb8 Adrm1 Psmc4 Psmb1 Psmd2 Psmd12 Psma3 Psmc3 Psmd7 Psmb4 Psmd3 Psmd1 Psmb6 Psmd6 Psmd8 Psmb10 Psmb2 Psma2 Psmc1"
"REACTOME_CS_DS_DEGRADATION",-0.65405497670403,0.888526119402985,1,10,-0.306067994112573,3,"Hyal1 Hexb Idua"
"REACTOME_CYCLIN_A_B1_B2_ASSOCIATED_EVENTS_DURING_G2_M_TRANSITION",-0.70286750605116,0.87659224763731,1,30,-0.257074275883251,9,"Cdc25b Ccnb1 Plk1 Sgo1 Hjurp Fzr1 Mis18bp1 Lcmt1 Ppp2r1b"
"REACTOME_CYCLIN_A_CDK2_ASSOCIATED_EVENTS_AT_S_PHASE_ENTRY",-0.53004545384874,0.995450524453431,1,58,-0.173944317566297,8,"Cdc25b Ccnd1 Cdkn1b Cables1 Akt3 Ubc Rb1 Fzr1"
"REACTOME_CYCLIN_D_ASSOCIATED_EVENTS_IN_G1",-0.84843969967535,0.695703899537343,1,41,-0.294025991164283,3,"Src E2f2 Cdkn1c"
"REACTOME_CYTOCHROME_C_MEDIATED_APOPTOTIC_RESPONSE",-0.618447999543977,0.918386061439707,1,12,-0.277009206612666,5,"Apip Diablo Xiap Mapk1 Gm10053"
"REACTOME_CYTOKINE_SIGNALING_IN_IMMUNE_SYSTEM",-0.766711295010206,0.959412248253185,1,356,-0.209790665123223,68,"Tnfsf12 Tnfrsf8 Cd40 Il5ra Inppl1 Tubb6 Lifr Il1rl2 Tnfrsf17 Il6ra Mapk7 Tubb2a Nedd4 Csf1r Tuba1c Hspa1a Hspa1b Dusp7 Tnfrsf1a Nod1 Usp18 Tifa Mapk14 Tnfrsf12a Camk2b Traf6 Ptprj Il15ra Hck Edaradd Cdkn1b Nfkb2 Il10rb Map2k6 Pik3cb Ctsg Smarca4 Ifnlr1 Dusp3 Eif4e3 Tnfrsf14 Casp1 Dus2 Tuba1a Traf3 Irak3 Fos Crkl Tnip2 Mapt Fancb Il15 Relb Cd27 Sh2b3 Akt3 Nkiras1 Il22ra2 Shc1 Stat6 Osm Peli3 Hspa2 Il18bp Irak4 Ubc Il2 Flnb"
"REACTOME_CYTOPROTECTION_BY_HMOX1",-0.754011256763812,0.838350785340314,1,44,-0.2577233500861,2,"Hmox1 Cox6a2"
"REACTOME_CYTOSOLIC_SENSORS_OF_PATHOGEN_ASSOCIATED_DNA",0.650381458039096,0.957423176601259,1,30,0.201052883086072,2,"Dtx4 Aim2"
"REACTOME_C_TYPE_LECTIN_RECEPTORS_CLRS",-0.962276571617784,0.541736028537455,1,90,-0.296625947231238,17,"Src Fcer1g Nfatc2 Pak1 Traf6 Malt1 Nfkb2 Relb Ubc Fbxw11 Ppp3r1 Ube2d1 Calm1 Lyn Tab3 Hras Psmc2"
"REACTOME_DAG1_GLYCOSYLATIONS",-0.60722718243692,0.938769502502208,1,16,-0.253790401915412,6,"Large1 Large2 Pomt1 Fkrp Pomt2 Fktn"
"REACTOME_DAP12_INTERACTIONS",-0.846884899505535,0.687733370211589,1,28,-0.313695915878814,7,"Lcp2 Tyrobp Sirpa Pik3cb Siglec15 Klrd1 Shc1"
"REACTOME_DAP12_SIGNALING",-0.896796400385406,0.607107461418661,1,24,-0.343006756697198,2,"Lcp2 Tyrobp"
"REACTOME_DARPP_32_EVENTS",-0.799532582476002,0.734994838519392,1,15,-0.338269993301743,2,"Pde4c Pde4d"
"REACTOME_DDX58_IFIH1_MEDIATED_INDUCTION_OF_INTERFERON_ALPHA_BETA",0.636820317491208,0.966183574879227,1,31,0.194670558340511,7,"App Ikbke Hsp90aa1 Nlrx1 Irf3 Hmgb1 Hsp90ab1"
"REACTOME_DEADENYLATION_OF_MRNA",-0.686195551464241,0.884856248220894,1,23,-0.264909235644413,12,"Cnot4 Tnks1bp1 Cnot11 Cnot2 Cnot8 Eif4a2 Cnot7 Pan3 Cnot10 Parn Cnot6 Eif4b"
"REACTOME_DEATH_RECEPTOR_SIGNALING",-0.721224212592455,0.939218858331407,1,121,-0.215206503403955,20,"Mcf2l Fas Arhgef12 Fgd1 Tiam2 Itsn1 Tnfrsf1a Tnfaip3 Traf6 Usp2 Sharpin Arhgef33 Nsmaf Tnfsf10 Sppl2a Bex3 Ubc Sppl2b Fgd3 Ripk1"
"REACTOME_DECTIN_1_MEDIATED_NONCANONICAL_NF_KB_SIGNALING",-0.572063932338254,0.982708933717579,1,43,-0.196319018404908,43,"Nfkb2 Relb Ubc Fbxw11 Psmc2 Psmb7 Chuk Psmc1 Psma2 Psmb2 Psmd8 Psmd6 Uba3 Psmb6 Psmd1 Psmd3 Psmb4 Psmd7 Psmc3 Ubb Psma3 Psmd12 Psmd2 Psmb1 Psmc4 Adrm1 Uba52 Psma4 Psmb5 Psma7 Psma6 Psmd13 Psmd14 Psmd11 Psma5 Map3k14 Psma1 Cul1 Ube2m Psmb3 Rps27a Psmc5 Psmc6"
"REACTOME_DEGRADATION_OF_AXIN",-0.718128991630268,0.877197620621282,1,41,-0.248866936128391,1,"Axin2"
"REACTOME_DEGRADATION_OF_BETA_CATENIN_BY_THE_DESTRUCTION_COMPLEX",-0.487525161069803,0.998257622899813,1,64,-0.157459436393253,5,"Tcf7l2 Frat1 Lef1 Tle3 Tle1"
"REACTOME_DEGRADATION_OF_CYSTEINE_AND_HOMOCYSTEINE",-0.92133310901379,0.581001243781095,1,10,-0.431142008897147,1,"Sqor"
"REACTOME_DEGRADATION_OF_DVL",-0.566412269952855,0.984401850627892,1,41,-0.196289646918013,41,"Ubc Psmc2 Psmb7 Psmc1 Psma2 Psmb2 Psmd8 Dvl2 Klhl12 Rbx1 Psmd6 Psmb6 Psmd1 Psmd3 Psmb4 Psmd7 Psmc3 Ubb Psma3 Psmd12 Dvl1 Cul3 Psmd2 Psmb1 Dvl3 Psmc4 Adrm1 Uba52 Psma4 Psmb5 Psma7 Psma6 Psmd13 Psmd14 Psmd11 Psma5 Psma1 Psmb3 Rps27a Psmc5 Psmc6"
"REACTOME_DEGRADATION_OF_GLI1_BY_THE_PROTEASOME",-0.563633250808397,0.984886649874055,1,40,-0.196274964470043,40,"Numb Ubc Psmc2 Psmb7 Psmc1 Psma2 Psmb2 Psmd8 Rbx1 Psmd6 Psmb6 Psmd1 Psmd3 Psmb4 Psmd7 Psmc3 Ubb Psma3 Psmd12 Psmd2 Psmb1 Psmc4 Itch Adrm1 Uba52 Psma4 Psmb5 Psma7 Psma6 Psmd13 Psmd14 Psmd11 Psma5 Psma1 Cul1 Psmb3 Rps27a Psmc5 Sufu Psmc6"
"REACTOME_DEPOLYMERIZATION_OF_THE_NUCLEAR_LAMINA",-0.890218008522506,0.617537313432836,1,10,-0.416581556437983,8,"Ccnb1 Lpin2 Lmna Cnep1r1 Prkcb Ctdnep1 Rbm39 Emd"
"REACTOME_DEUBIQUITINATION",-0.624597795712112,0.998175574157545,1,205,-0.17674301752191,77,"Axin2 Gata3 Kdm1b Uchl1 Smad1 Tnfaip3 Nod1 Usp18 Traf6 Taf9b Tnks Usp2 Atxn3 Prkn Tada2b Traf3 Rhot1 Otub2 Tnip2 Polb Ubc Smad2 Tomm70a Ripk1 Mdm2 Tgfbr1 Cdc20 Birc3 Hif1a Tnip1 Nfrkb Ufd1 Yod1 Ube2d1 Kat2b Adrb2 Senp8 Usp33 Foxk2 Hgs Esr1 Psmc2 Usp47 Rce1 Snx3 Actr8 Mbd5 Mat2b Vcpip1 Ino80b Usp7 Usp30 Psmb7 Usp15 Birc2 Ogt Taf10 Usp25 Ino80d Fkbp8 Mysm1 Usp9x Mcrs1 Mul1 Usp34 Ifih1 Uchl3 Stambpl1 Usp5 Usp42 Becn1 Mdm4 Psmc1 Ikbkg Map3k7 Ccna2 Tfpt"
"REACTOME_DISASSEMBLY_OF_THE_DESTRUCTION_COMPLEX_AND_RECRUITMENT_OF_AXIN_TO_THE_MEMBRANE",-0.870521673077927,0.649302590378594,1,23,-0.336069259753845,3,"Frat1 Fzd5 Lrp5"
"REACTOME_DNA_DAMAGE_RECOGNITION_IN_GG_NER",0.664469948537827,0.968102073365231,1,38,0.194001944506768,38,"Parp1 Parp2 Ddb2 Xpc Cops3 Cops5 Cops7b Actl6a Rps27a Rad23b Cops6 Ruvbl1 Ino80c Actr5 Gps1 Rad23a Cops2 Ino80 Ddb1 Uba52 Cops8 Cul4b Yy1 Actg1 Ubb Rbx1 Ino80e Tfpt Cops7a Mcrs1 Ino80d Cetn2 Cops4 Ino80b Actr8 Nfrkb Cul4a Ubc"
"REACTOME_DNA_DAMAGE_TELOMERE_STRESS_INDUCED_SENESCENCE",0.798173563548543,0.809455070371707,1,28,0.250856026631086,2,"Ccne1 Nbn"
"REACTOME_DNA_DOUBLE_STRAND_BREAK_RESPONSE",-0.658482922340743,0.93568247314645,1,43,-0.225976003105004,7,"Eya2 Apbb1 Eya1 Pias4 Ubc Kdm4a Trp53bp1"
"REACTOME_DOWNREGULATION_OF_ERBB2_ERBB3_SIGNALING",0.855637456214886,0.647619047619048,1,10,0.35155537584895,1,"Erbb3"
"REACTOME_DOWNREGULATION_OF_ERBB2_SIGNALING",-0.908299984606923,0.597421410980733,1,19,-0.365456058580728,5,"Egf Ptpn12 Rnf41 Akt3 Ubc"
"REACTOME_DOWNREGULATION_OF_TGF_BETA_RECEPTOR_SIGNALING",-0.614192285290973,0.934353841624963,1,16,-0.256701464370848,6,"Bambi Ubc Smad2 Tgfbr1 Tgfbr2 Tgfb1"
"REACTOME_DOWNSTREAM_SIGNALING_EVENTS_OF_B_CELL_RECEPTOR_BCR",-0.818917355575593,0.767200400300225,1,63,-0.265303069255662,25,"Nfatc2 Malt1 Nfkbie Ubc Fbxw11 Fkbp1a Ppp3r1 Calm1 Hras Psmc2 Calm3 Ikbkb Psmb7 Rasgrp1 Prkcb Nfatc3 Ppp3ca Chuk Psmc1 Ikbkg Psma2 Nfkb1 Kras Psmb2 Psmd8"
"REACTOME_E3_UBIQUITIN_LIGASES_UBIQUITINATE_TARGET_PROTEINS",0.688205586384995,0.945231711987744,1,35,0.20477989423294,11,"Rnf144a Prkdc Pcna Rad18 Pex12 Ube2a Leo1 Ube2e1 Rps27a Rnf40 Ube2n"
"REACTOME_EGFR_DOWNREGULATION",-0.961115075383984,0.520982015415358,1,22,-0.374275813770082,8,"Egf Ptpn12 Spry2 Ubc Eps15 Arhgef7 Grb2 Hgs"
"REACTOME_ELASTIC_FIBRE_FORMATION",0.764597892573028,0.776661742983752,1,13,0.292644007599844,4,"Tgfb3 Loxl2 Fbn1 Loxl3"
"REACTOME_ENDOGENOUS_STEROLS",0.934059756458338,0.541775079502747,1,12,0.365529393087443,5,"Cyp4v3 Rxra Cyp51 Fdx2 Pomc"
"REACTOME_EPIGENETIC_REGULATION_BY_WDR5_CONTAINING_HISTONE_MODIFYING_COMPLEXES",0.779479036535134,0.87755991285403,1,47,0.218455321059722,47,"Tasp1 Rxra Kat14 Kat2a Men1 Sgf29 Tbl1x Gps2 Dr1 Rbbp5 Kmt2b H3f3a Kansl2 Bod1l Ash2l Wdr82 Hdac3 Paxip1 Abl1 Zzz3 Kmt2d Tbl1xr1 Phf20 Kansl1 Tada3 Psip1 Pagr1a Yeats2 Phf20l1 Hcfc1 Kmt2a Akap8l Kat8 Setd1b Kansl3 Mcrs1 Ogt Setd1a H3f3b Mbip Ncor2 Hcfc2 Cxxc1 Kat2b Kdm6a Wdr5 Tada2a"
"REACTOME_EPIGENETIC_REGULATION_OF_GENE_EXPRESSION",0.576900008126454,1,1,131,0.134418810269737,42,"Tasp1 Mybbp1a Dnmt1 Polr1b Rxra Kat14 Polr1a Trim28 Zfp382 Kat2a Baz1b Ddx21 Gm3604 Men1 Zfp992 Gm5141 Zfp946 Taf1b Gm4924 Sgf29 Polr1e Polr1c Phf19 Tdg Tbl1x Taf1d Zfp317 Zfp119b Zfp324 Zfp141 Taf1c Gm14325 Polr2e Gps2 Dr1 Polr2f Rbbp5 Polr2h Ercc6 AI987944 Zfp944 Rbbp7"
"REACTOME_EPIGENETIC_REGULATION_OF_GENE_EXPRESSION_BY_MLL3_AND_MLL4_COMPLEXES",0.628946933379944,0.93360349127182,1,16,0.227656238333458,16,"Rxra Tbl1x Gps2 Rbbp5 H3f3a Ash2l Hdac3 Paxip1 Abl1 Kmt2d Tbl1xr1 Pagr1a H3f3b Ncor2 Kdm6a Wdr5"
"REACTOME_ERKS_ARE_INACTIVATED",-0.924209293938235,0.577603143418468,1,13,-0.405585029878107,6,"Mapk7 Dusp7 Dusp3 Vrk3 Ppp2r1b Mapk1"
"REACTOME_ERYTHROPOIETIN_ACTIVATES_PHOSPHOINOSITIDE_3_KINASE_PI3K",-0.970768750825822,0.520055970149254,1,10,-0.454275641796515,5,"Pik3cb Lyn Irs2 Jak2 Pik3cg"
"REACTOME_ER_PHAGOSOME_PATHWAY",0.920438074337506,0.583591864874181,1,25,0.296082643815918,8,"H2-Q10 Psme2b Psme2 H2-Q7 Psmb3 Psma1 Psma5 Psme1"
"REACTOME_ESTABLISHMENT_OF_SISTER_CHROMATID_COHESION",0.852618190662303,0.652985074626866,1,11,0.340593208518946,3,"Esco2 Smc3 Cdca5"
"REACTOME_ESTROGEN_DEPENDENT_GENE_EXPRESSION",-0.814171542172106,0.750589468168719,1,43,-0.279404711496351,4,"Pgr Gata3 Gtf2a1 Tle3"
"REACTOME_FACTORS_INVOLVED_IN_MEGAKARYOCYTE_DEVELOPMENT_AND_PLATELET_PRODUCTION",-0.921414920958198,0.619834710743802,1,87,-0.285489840217855,21,"Klc3 Kifc2 Tubb6 Gata3 Kif1b Kif4 Tubb2a Kif19a Tuba1c Rbsn Ehd2 Mfn2 Ak3 Tuba1a Sh2b3 Kif20b Rcor1 Kif1c Kif23 Klc2 Kif3a"
"REACTOME_FATTY_ACID_METABOLISM",-0.895633487922458,0.675908667287978,1,112,-0.269493254646083,18,"Prkaa2 Hpgds Ggt5 Akr1c13 Ptgs1 Acox1 Crat Cpt1b Phyh Acsl4 Ppt2 Scd1 Pccb Pon2 Acox3 Mmaa Akr1c12 Acot7"
"REACTOME_FORMATION_OF_APOPTOSOME",-0.673639811440781,0.870335820895522,1,10,-0.315232806393508,5,"Apip Diablo Xiap Mapk1 Gm10053"
"REACTOME_FORMATION_OF_INCISION_COMPLEX_IN_GG_NER",0.862375652322812,0.732685810810811,1,43,0.245689757721911,11,"Rpa1 Parp1 Ercc2 Rpa2 Parp2 Ddb2 Sumo3 Ercc4 Rpa3 Ccnh Xpc"
"REACTOME_FORMATION_OF_RNA_POL_II_ELONGATION_COMPLEX",0.584056786277532,0.994914470642626,1,54,0.158531027492684,53,"Ercc2 Ccnh Gtf2f1 Ncbp2 Leo1 Ssrp1 Supt16 Polr2e Polr2f Polr2d Gtf2f2 Polr2h Polr2l Cdk7 Ctdp1 Supt6 Ccnt1 Gtf2h4 Cdc73 Mllt3 Cdk9 Gtf2h5 Gtf2h2 Nelfa Supt4a Ncbp1 Polr2c Nelfe Eaf1 Polr2g Paf1 Nelfb Elob Nelfcd Polr2a Mnat1 Polr2b Aff4 Supt5 Polr2i Eloc Eloa Gtf2h1 Ccnt2 Iws1 Ccnk Ctr9 Tcea1 Ercc3 Gtf2h3 Mllt1 Polr2k Ell"
"REACTOME_FORMATION_OF_SENESCENCE_ASSOCIATED_HETEROCHROMATIN_FOCI_SAHF",-0.704320361399636,0.840440165061898,1,12,-0.315472318863222,6,"Rb1 Asf1a Hmga1b Hmga2 H1f0 Ubn1"
"REACTOME_FORMATION_OF_TC_NER_PRE_INCISION_COMPLEX",0.699018422421438,0.957534246575342,1,50,0.194176210794221,50,"Ercc2 Aqr Isy1 Ccnh Cops3 Ppie Cops5 Cops7b Rps27a Polr2e Prpf19 Polr2f Ercc8 Polr2d Polr2h Ercc6 Polr2l Cdk7 Cops6 Gps1 Gtf2h4 Cops2 Ddb1 Uba52 Gtf2h5 Cops8 Gtf2h2 Cul4b Polr2c Ubb Polr2g Polr2a Mnat1 Polr2b Rbx1 Uvssa Polr2i Gtf2h1 Cops7a Zfp830 Xab2 Xpa Tcea1 Ercc3 Cops4 Usp7 Gtf2h3 Polr2k Cul4a Ubc"
"REACTOME_FORMATION_OF_THE_BETA_CATENIN_TCF_TRANSACTIVATING_COMPLEX",-0.783963294709131,0.769055095632315,1,22,-0.305289665731139,7,"Tcf7l2 Lef1 Tle3 Tle1 Smarca4 Tert Wdr5"
"REACTOME_FORMATION_OF_THE_CANONICAL_BAF_CBAF_COMPLEX",-0.742032846950584,0.80664877757901,1,14,-0.319705173114306,3,"Bcl7a Smarca4 Ss18l1"
"REACTOME_FORMATION_OF_THE_EARLY_ELONGATION_COMPLEX",0.895473780868651,0.646905294556301,1,32,0.271510802123047,32,"Ercc2 Ccnh Gtf2f1 Ncbp2 Polr2e Polr2f Polr2d Gtf2f2 Polr2h Polr2l Cdk7 Ctdp1 Gtf2h4 Gtf2h5 Gtf2h2 Nelfa Supt4a Ncbp1 Polr2c Nelfe Polr2g Nelfb Nelfcd Polr2a Mnat1 Polr2b Supt5 Polr2i Gtf2h1 Ercc3 Gtf2h3 Polr2k"
"REACTOME_FORMATION_OF_THE_EMBRYONIC_STEM_CELL_BAF_ESBAF_COMPLEX",-0.528907675346263,0.976655967318354,1,17,-0.217417483399269,2,"Bcl7a Smarca4"
"REACTOME_FORMATION_OF_THE_NON_CANONICAL_BAF_NCBAF_COMPLEX",-0.799766329074335,0.737415366499853,1,16,-0.334262075158788,5,"Bcl7a Smarca4 Bicra Ss18l1 Brd9"
"REACTOME_FORMATION_OF_THE_POLYBROMO_BAF_PBAF_COMPLEX",-0.57467531168019,0.955758737649314,1,15,-0.243136325014709,2,"Bcl7a Smarca4"
"REACTOME_FORMATION_OF_WDR5_CONTAINING_HISTONE_MODIFYING_COMPLEXES",0.747720809476453,0.884370015948963,1,38,0.21830827911151,38,"Tasp1 Kat14 Kat2a Men1 Sgf29 Dr1 Rbbp5 Kmt2b Kansl2 Bod1l Ash2l Wdr82 Paxip1 Zzz3 Kmt2d Phf20 Kansl1 Tada3 Psip1 Pagr1a Yeats2 Phf20l1 Hcfc1 Kmt2a Akap8l Kat8 Setd1b Kansl3 Mcrs1 Ogt Setd1a Mbip Hcfc2 Cxxc1 Kat2b Kdm6a Wdr5 Tada2a"
"REACTOME_FOXO_MEDIATED_TRANSCRIPTION",-0.704789202919198,0.860060843111691,1,19,-0.283573146090682,5,"Atxn3 Akt3 Smad2 Foxo1 Kat2b"
"REACTOME_G1_S_DNA_DAMAGE_CHECKPOINTS",0.617892885866022,0.990718124084025,1,60,0.164469730609148,2,"Ccne1 Chek1"
"REACTOME_GAMMA_CARBOXYLATION_HYPUSINYLATION_HYDROXYLATION_AND_ARYLSULFATASE_ACTIVATION",0.816654357359079,0.813763440860215,1,45,0.231038923127137,17,"F8 F9 Eif5a2 Dph1 Eif5a Pros1 Dph2 Dph6 Rps6 Sumf1 Rps23 Rccd1 Riox2 Rpl8 U2af2 Drg1 Rpl27a"
"REACTOME_GENE_SILENCING_BY_RNA",0.81401663611422,0.712344608268286,1,12,0.318552431902342,5,"Tsnax Ago2 Ran Ago4 Tsn"
"REACTOME_GLI3_IS_PROCESSED_TO_GLI3R_BY_THE_PROTEASOME",0.678475880703992,0.962014863748968,1,42,0.194059998503778,42,"Prkaca Psmc6 Sufu Psmc5 Rps27a Psmb3 Cul1 Psma1 Psma5 Psmd11 Psmd14 Psmd13 Psma6 Psma7 Psmb5 Psma4 Uba52 Adrm1 Psmc4 Psmb1 Psmd2 Csnk1a1 Psmd12 Psma3 Ubb Psmc3 Psmd7 Psmb4 Psmd3 Psmd1 Psmb6 Psmd6 Rbx1 Psmd8 Psmb2 Psma2 Prkacb Psmc1 Psmb7 Gsk3b Psmc2 Ubc"
"REACTOME_GLUCAGON_LIKE_PEPTIDE_1_GLP1_REGULATES_INSULIN_SECRETION",0.841956855358239,0.699535192563081,1,21,0.28414098588476,3,"Rapgef3 Gng4 Itpr1"
"REACTOME_GLUCONEOGENESIS",-0.68219569826449,0.87400647630262,1,16,-0.285123468538887,2,"Slc37a1 Eno3"
"REACTOME_GLYCOGEN_BREAKDOWN_GLYCOGENOLYSIS",0.561357179663467,0.965998785670917,1,14,0.211108166172809,2,"Phkg1 Phka1"
"REACTOME_GLYCOGEN_METABOLISM",-0.591496690048607,0.949518529325941,1,17,-0.243145879297692,7,"Gys1 Pygl Gbe1 Gaa Calm1 Calm3 Phkg2"
"REACTOME_GLYCOSPHINGOLIPID_BIOSYNTHESIS",0.801247140768138,0.719862227324914,1,11,0.320072146571101,5,"B4galt5 St3gal5 B4galnt1 St3gal2 B3gnt5"
"REACTOME_GLYCOSPHINGOLIPID_CATABOLISM",-0.932016271306149,0.561800934447119,1,24,-0.356477655655563,9,"Arsg Asah2 Sumf2 Neu3 Hexb Gla Psap Neu1 M6pr"
"REACTOME_GLYCOSPHINGOLIPID_METABOLISM",-0.802812734836226,0.762278446759572,1,35,-0.286353618166392,12,"Arsg Asah2 Sumf2 Cerk Neu3 Hexb Gla Psap Ugcg Gal3st1 Neu1 M6pr"
"REACTOME_GOLGI_CISTERNAE_PERICENTRIOLAR_STACK_REORGANIZATION",-0.588262812957273,0.936100746268657,1,10,-0.275280252556395,6,"Plk1 Golga2 Mapk1 Gorasp2 Rab2a Rab1b"
"REACTOME_GPCR_LIGAND_BINDING",-0.975311174882128,0.524483004516282,1,91,-0.300422813313063,19,"Ccr5 Ccl5 Ccr9 Hebp1 Sstr2 F2rl2 Adora2a Xk F2rl3 P2ry14 Nln P2ry10 Cxcr2 Cmklr1 S1pr1 Adgre5 Ptger4 Cxcr6 Rxfp1"
"REACTOME_GPER1_SIGNALING",-0.647359699217594,0.912742980561555,1,20,-0.256844798279368,13,"Gnb5 Shc1 Gng12 Itgb1 Gnb1 Gngt2 Gng3 Gnas Itga5 Gng2 Prkar1a Prkacb Gnb2"
"REACTOME_GPVI_MEDIATED_ACTIVATION_CASCADE",-0.928824276691654,0.57220367278798,1,27,-0.346206302787646,4,"Lcp2 Fcer1g Rhob Pik3cb"
"REACTOME_GSK3B_MEDIATED_PROTEASOMAL_DEGRADATION_OF_PD_L1_CD274",-0.566412269952855,0.984401850627892,1,41,-0.196289646918013,41,"Cd274 Nek2 Ubc Psmc2 Gsk3b Psmb7 Psmc1 Psma2 Psmb2 Psmd8 Rbx1 Psmd6 Psmb6 Psmd1 Psmd3 Psmb4 Psmd7 Psmc3 Ubb Psma3 Psmd12 Psmd2 Psmb1 Psmc4 Adrm1 Uba52 Psma4 Psmb5 Psma7 Psma6 Psmd13 Psmd14 Psmd11 Psma5 Psma1 Cul1 Psmb3 Rps27a Cops5 Psmc5 Psmc6"
"REACTOME_G_ALPHA_S_SIGNALLING_EVENTS",-0.746248826150772,0.861377283761339,1,53,-0.248200870161019,11,"Grk3 Adora2a Gpr25 Pde4c Pde4d Gpr45 Ptger4 Rxfp1 Tshb Gnb5 Shc1"
"REACTOME_G_BETA_GAMMA_SIGNALLING_THROUGH_CDC42",-0.63556328060119,0.913536076326774,1,14,-0.273832714393615,6,"Pak1 Gnb5 Gng12 Gnb1 Gngt2 Gng3"
"REACTOME_G_BETA_GAMMA_SIGNALLING_THROUGH_PI3KGAMMA",-0.663393931544829,0.899898594813849,1,19,-0.266917687567358,11,"Gnb5 Akt3 Gng12 Gnb1 Gngt2 Gng3 Akt2 Pik3cg Gng2 Akt1 Gnb2"
"REACTOME_G_PROTEIN_ACTIVATION",-0.595253384538105,0.944845892936145,1,15,-0.25184259255199,7,"Gnb5 Gnaq Gng12 Gna11 Gnb1 Gngt2 Gng3"
"REACTOME_G_PROTEIN_BETA_GAMMA_SIGNALLING",-0.746120523131729,0.820306999014223,1,25,-0.283087824360143,13,"Pak1 Gnb5 Akt3 Plcb3 Gng12 Gnb1 Gngt2 Gng3 Akt2 Pik3cg Cdc42 Gng2 Akt1"
"REACTOME_G_PROTEIN_MEDIATED_EVENTS",-0.721261906150188,0.854791868344627,1,28,-0.26716371300325,4,"Gnat3 Camkk1 Prkcg Adcy6"
"REACTOME_HATS_ACETYLATE_HISTONES",0.545705055298336,0.991224862888483,1,29,0.170029895366218,29,"Hat1 Jade2 Jade1 Kat6a Brd1 Msl1 Meaf6 Rbbp7 Ing4 Msl3 Msl2 Kansl2 Kat7 Kat6b Phf20 Kansl1 Ing5 Ncoa1 Atf2 Hcfc1 Kat8 Kansl3 Mcrs1 Ogt Brpf1 Jade3 Brpf3 Wdr5 Ncoa2"
"REACTOME_HDACS_DEACETYLATE_HISTONES",0.608078070692375,0.965287049399199,1,22,0.202743733705333,4,"Gatad2a Mbd3 Mta3 Mta1"
"REACTOME_HEDGEHOG_LIGAND_BIOGENESIS",-0.574405949038417,0.981544502617801,1,44,-0.196333707444819,44,"Ubc Syvn1 Derl2 Psmc2 Dhh Psmb7 Erlec1 Psmc1 Psma2 Psmb2 Psmd8 Psmd6 Psmb6 Psmd1 Psmd3 Psmb4 Psmd7 Psmc3 Ubb Psma3 Psmd12 Hhat Psmd2 Psmb1 Psmc4 Adrm1 Uba52 Psma4 Os9 Psmb5 Psma7 Psma6 Vcp Psmd13 Psmd14 Psmd11 Sel1l Psma5 Psma1 Psmb3 Rps27a P4hb Psmc5 Psmc6"
"REACTOME_HEDGEHOG_OFF_STATE",-0.629153540758913,0.981904878346986,1,76,-0.198603974674423,6,"Smo Tubb6 Tubb2a Tuba1c Adcy6 Intu"
"REACTOME_HEDGEHOG_ON_STATE",-0.671868662990167,0.946555217831814,1,57,-0.221040388576199,1,"Smo"
"REACTOME_HEME_SIGNALING",-0.935552206048175,0.565143034825871,1,10,-0.43779589987331,1,"Slc46a1"
"REACTOME_HIGH_LAMINAR_FLOW_SHEAR_STRESS_ACTIVATES_SIGNALING_BY_PIEZO1_AND_PECAM1_CDH5_KDR_IN_ENDOTHELIAL_CELLS",-0.739286425522598,0.845026462206541,1,34,-0.264948776655853,20,"Vcl Mtor Gnb5 Gnaq Gng12 Calm1 Capns1 Gna11 Gnb1 Gngt2 Gng3 Calm3 Ramp2 Mapkap1 Gnas Gng2 Akt1 Prkar1a Prkacb Gnb2"
"REACTOME_INACTIVATION_OF_CSF3_G_CSF_SIGNALING",-0.62256908062523,0.928217099503939,1,17,-0.255918771954139,6,"Hck Ubc Ube2d1 Lyn Tyk2 Jak2"
"REACTOME_INHIBITION_OF_THE_PROTEOLYTIC_ACTIVITY_OF_APC_C_REQUIRED_FOR_THE_ONSET_OF_ANAPHASE_BY_MITOTIC_SPINDLE_CHECKPOINT_COMPONENTS",-0.727240703506526,0.838054363376252,1,21,-0.285848367285528,5,"Ube2c Cdc20 Cdc16 Ube2d1 Anapc16"
"REACTOME_INITIATION_OF_NUCLEAR_ENVELOPE_NE_REFORMATION",0.510914237887227,0.986658195679797,1,17,0.182083499535073,6,"Vrk1 Kpnb1 Lmnb1 Banf1 Ankle2 Cdk1"
"REACTOME_INSERTION_OF_TAIL_ANCHORED_PROTEINS_INTO_THE_ENDOPLASMIC_RETICULUM_MEMBRANE",-0.937418136772561,0.557882318242147,1,15,-0.396607260038092,1,"Hmox1"
"REACTOME_INTEGRATION_OF_ENERGY_METABOLISM",-0.862905537805561,0.683731808731809,1,46,-0.292995708394857,6,"Prkaa2 Rapgef4 Cacna1e Adcy6 Acsl4 Kcnb1"
"REACTOME_INTERFERON_ALPHA_BETA_SIGNALING",-0.538923670724792,0.97522816166884,1,19,-0.216836864380411,4,"Usp18 Ubc Ptpn1 Stat2"
"REACTOME_INTERFERON_GAMMA_SIGNALING",0.68162806887647,0.900898011545863,1,18,0.238797232091563,6,"Ifngr1 Socs3 Socs1 Camk2a Mapk3 Ifngr2"
"REACTOME_INTERFERON_SIGNALING",-0.53908684150706,0.998951904040992,1,115,-0.161861042105335,17,"Tubb6 Tubb2a Nedd4 Tuba1c Hspa1a Hspa1b Usp18 Camk2b Map2k6 Eif4e3 Dus2 Tuba1a Mapt Fancb Hspa2 Ubc Flnb"
"REACTOME_INTERLEUKIN_12_FAMILY_SIGNALING",0.768179787420558,0.763777267508611,1,11,0.306862815481022,1,"Ebi3"
"REACTOME_INTERLEUKIN_17_SIGNALING",-0.808954913108849,0.7818366311517,1,56,-0.266776887123674,20,"Mapk7 Dusp7 Nod1 Mapk14 Traf6 Map2k6 Dusp3 Fos Tnip2 Ubc Fbxw11 Mapk11 Tab3 Rps6ka2 Rps6ka1 Jun Vrk3 Ppp2r1b Mapk1 Ikbkb"
"REACTOME_INTERLEUKIN_1_FAMILY_SIGNALING",0.757838480880499,0.95280612244898,1,94,0.186387779874954,4,"App Il18rap Il1r2 Il18"
"REACTOME_INTERLEUKIN_1_SIGNALING",0.584983529600989,0.998231132075472,1,83,0.146898729136415,16,"App Il1r2 Traf2 Nlrc5 Irak2 Tab1 Irak1 Nlrx1 Casp8 Map3k8 Psmc6 Alpk1 Hmgb1 Peli1 Myd88 Psmc5"
"REACTOME_INTERLEUKIN_2_FAMILY_SIGNALING",-0.806916471032714,0.738625363020329,1,28,-0.298891149867118,7,"Il5ra Inppl1 Il15ra Pik3cb Il15 Shc1 Il2"
"REACTOME_INTERLEUKIN_7_SIGNALING",0.572412377576136,0.943697478991597,1,10,0.235186815487928,1,"Il7r"
"REACTOME_INTRACELLULAR_SIGNALING_BY_SECOND_MESSENGERS",-0.833638963004624,0.821960699632909,1,195,-0.236860349234095,20,"Src Hgf Fgfr1 Egf Cd28 Camkk1 Prkcg Nedd4 Ntrk3 Fgf20 Pik3ap1 Adcy6 Traf6 Tnks Mtor Rragb Cdkn1b Rragd Pik3cb Sgk1"
"REACTOME_INTRINSIC_PATHWAY_FOR_APOPTOSIS",-0.537467881507497,0.989552638628449,1,37,-0.189662576132791,18,"Bcl2 Apip Gsdmd Gsdme Ppp3r1 Diablo Xiap Mapk1 Gm10053 Bmf Apaf1 Ywhag Bid Bcl2l1 Ywhab Bak1 Sfn Ppp3cc"
"REACTOME_INWARDLY_RECTIFYING_K_CHANNELS",-0.734928564265057,0.810942992511081,1,12,-0.329182047082638,6,"Gnb5 Gng12 Gabbr1 Gnb1 Gngt2 Gng3"
"REACTOME_IRAK1_RECRUITS_IKK_COMPLEX",-0.723814626128809,0.820009067553272,1,13,-0.317642744657665,3,"Traf6 Peli3 Ubc"
"REACTOME_IRAK2_MEDIATED_ACTIVATION_OF_TAK1_COMPLEX",-0.554379961915803,0.954135572139303,1,10,-0.259424618668649,3,"Traf6 Ubc Tab3"
"REACTOME_ISG15_ANTIVIRAL_MECHANISM",-0.623267590361105,0.939726799042388,1,25,-0.23647582485593,11,"Nedd4 Usp18 Eif4e3 Flnb Trim25 Ppm1b Eif4a2 Eif2ak2 Plcg1 Becn1 Eif4e2"
"REACTOME_JNK_C_JUN_KINASES_PHOSPHORYLATION_AND_ACTIVATION_MEDIATED_BY_ACTIVATED_HUMAN_TAK1",-0.513039983857718,0.985836909871245,1,21,-0.201654886794447,4,"Nod1 Traf6 Ubc Tab3"
"REACTOME_KEAP1_NFE2L2_PATHWAY",-0.915647860569105,0.611104164061523,1,62,-0.297185043339157,15,"Prkaa2 Sesn2 Nploc4 Akt3 Ubc Bach1 Ufd1 Psmc2 Ubxn7 Gsk3b Map1lc3b Sqstm1 Prkci Psmb7 Akt2"
"REACTOME_KERATAN_SULFATE_BIOSYNTHESIS",0.830571940264745,0.707544240918969,1,15,0.306930321072087,7,"B4galt4 B4galt5 B3gnt7 St3gal6 B4gat1 St3gal2 B4galt3"
"REACTOME_KERATAN_SULFATE_KERATIN_METABOLISM",0.735488906075084,0.856241699867198,1,21,0.248210512865959,8,"B4galt4 B4galt5 B3gnt7 St3gal6 B4gat1 St3gal2 B4galt3 Galns"
"REACTOME_LANOSTEROL_BIOSYNTHESIS",-0.716839300783082,0.82816986549796,1,13,-0.314581654970175,2,"Mvd Lss"
"REACTOME_LDL_CLEARANCE",-0.963431462779,0.528324388789505,1,14,-0.415094862521688,6,"Ldlrap1 Npc2 Ap2a1 Soat1 Nceh1 Lipa"
"REACTOME_LYSOSOME_VESICLE_BIOGENESIS",0.867390317668741,0.694908955778521,1,31,0.265153847642523,2,"App Ap1m2"
"REACTOME_MAP3K8_TPL2_DEPENDENT_MAPK1_3_ACTIVATION",-0.732589596121879,0.813694024147944,1,12,-0.328134399244644,7,"Tnip2 Ubc Fbxw11 Ikbkb Chuk Ikbkg Nfkb1"
"REACTOME_MAPK6_MAPK4_SIGNALING",-0.630695240084035,0.965939533103712,1,54,-0.209310161587697,2,"Cdc14b Pak1"
"REACTOME_MATRIGLYCAN_BIOSYNTHESIS_ON_DAG1",-0.710761973611148,0.835072108008592,1,11,-0.324876770153815,4,"Large1 Large2 Fkrp Fktn"
"REACTOME_MATURATION_OF_TCA_ENZYMES_AND_REGULATION_OF_TCA_CYCLE",-0.87994481569132,0.637259162682892,1,19,-0.354047307674747,8,"Lyrm4 AK157302 Acat1 Iscu Sdhaf2 Sdhaf1 Sdhaf3 Sdhc"
"REACTOME_METABOLISM_OF_AMINO_ACIDS_AND_DERIVATIVES",-0.94542376808274,0.595588235294118,1,152,-0.275070103139004,37,"Sqor Ckb Tdo2 Smox Bcat1 Pipox Prodh Aldh4a1 Aldh7a1 Txndc11 Kyat1 Hdc Phykpl Slc25a12 Serinc5 Mccc1 Aldh6a1 Oaz3 Tshb Glul Ppm1k Slc25a15 Asl Slc6a8 Gls Pycr1 Azin2 Acat1 Mccc2 Gamt Azin1 Il4i1 Acadsb Hibadh Serinc1 Hykk Sirt5"
"REACTOME_METABOLISM_OF_CARBOHYDRATES_AND_CARBOHYDRATE_DERIVATIVES",-0.862941297711659,0.769454937938478,1,192,-0.24538464821317,44,"Sdc3 Cd44 Hk3 Ctsl Agrn Extl2 Sgsh Slc37a1 Fam20b Ndst2 Eno3 Xylt2 Rpia Pgm2l1 G6pdx Bpgm Slc9a1 Galm B3gnt3 Hyal1 B3gnt2 Csgalnact1 Ust Chpf2 Papss2 Gys1 Dsel Pygl Fut7 Pfkp Hmmr Chst11 B3gat2 Galt Sdc4 Slc35d2 Gbe1 Slc2a1 Pcx Hexb Idua St3gal1 B3galt6 Gaa"
"REACTOME_METABOLISM_OF_NITRIC_OXIDE_NOS3_ACTIVATION_AND_REGULATION",-0.768752019326276,0.770747363594681,1,12,-0.344331919761208,6,"Nostrin Calm1 Dnm2 Calm3 Akt1 Nosip"
"REACTOME_METABOLISM_OF_POLYAMINES",-0.709722490130996,0.889965941839141,1,43,-0.243560229418587,1,"Smox"
"REACTOME_METABOLISM_OF_STEROIDS",-0.974764036180634,0.521845551340105,1,75,-0.308261482523057,22,"Abcc3 Cyp39a1 Akr1c13 Osbpl3 Mvd Lss Slc10a1 Hsd3b7 Stard3nl Dhcr7 Akr1c12 Cyp2r1 Pias4 Tspoap1 Ncoa2 Hsd17b4 Fdx1 Osbpl9 Hsd17b14 Acot8 Plpp6 Hsd17b11"
"REACTOME_METABOLISM_OF_STEROID_HORMONES",-0.613423796675931,0.93506682161534,1,18,-0.249118125500454,11,"Stard3nl Tspoap1 Fdx1 Hsd17b14 Hsd17b11 Akr1b10 Stard3 Srd5a1 Star Fdxr Stard6"
"REACTOME_METAL_ION_SLC_TRANSPORTERS",0.900995466515875,0.621436304583183,1,28,0.283171672258784,6,"Slc9a2 Slc8a1 Slc9a5 Slc8b1 Slc39a4 Slc39a3"
"REACTOME_METHYLATION",-0.49726241772998,0.980822338140534,1,11,-0.227289886331729,2,"As3mt N6amt1"
"REACTOME_MISCELLANEOUS_TRANSPORT_AND_BINDING_EVENTS",-0.861132171848727,0.658304367538159,1,13,-0.377903922779212,8,"Add3 Lrrc8d Lrrc8b Mrs2 Lrrc8a Nipa2 Nipa1 Magt1"
"REACTOME_MITOCHONDRIAL_BIOGENESIS",-0.763162716697349,0.7804114490161,1,14,-0.328808986635545,7,"Acss2 Gabpb1 Gabpa Sirt5 Glud1 Sod2 Gm10053"
"REACTOME_MITOCHONDRIAL_CALCIUM_ION_TRANSPORT",-0.463289315890268,0.991151747529863,1,15,-0.196010615724562,6,"Afg3l2 Micu2 Yme1l1 Mcu Smdt1 Spg7"
"REACTOME_MITOCHONDRIAL_FATTY_ACID_BETA_OXIDATION",0.432308644141408,0.99813571961223,1,32,0.131077502483322,11,"Acad10 Echs1 Pctp Acad11 Acot2 Mcee Mecr Dbi Mcat Acaa2 Ndufab1"
"REACTOME_MITOCHONDRIAL_PROTEIN_DEGRADATION",0.870931569786495,0.766522210184182,1,70,0.225595953960724,15,"App Shmt2 Acad8 Htra2 Lonp1 Bdh1 Iars2 Hspa9 Mrps10 Prkaca Oxct1 Acot2 Pdha1 Ldhd Clpp"
"REACTOME_MITOTIC_G2_G2_M_PHASES",0.750771100787289,0.99680170575693,1,161,0.170429994749777,33,"Optn E2f3 Tuba4a E2f1 Cep152 Haus6 Ccp110 Haus4 Plk4 Foxm1 Haus5 Tubgcp2 Cdc25a Tubgcp5 Tuba1b Gtse1 Tubg1 Hsp90aa1 Clasp1 Fkbpl Tubb2b Cdc25c Trp53 Prkar2b Pkmyt1 Tubgcp4 Prkaca Ticrr Ofd1 Ccnh Sfi1 Psmc6 Haus3"
"REACTOME_MITOTIC_METAPHASE_AND_ANAPHASE",0.734586483899076,0.997138769670958,1,200,0.162766272799117,44,"Cenpk Spdl1 Ndc1 Tuba4a Cenph Kntc1 Nup133 Rcc2 Cenpm Cenpp Cenps Cc2d1b Espl1 Vrk1 Tuba1b Clasp1 Kpnb1 Rps27rt Tubb2b Cenpn Nup205 Smc3 Kif2a Anapc15 Cdca5 Cenpt Nudc Zwilch Ran Lmnb1 Banf1 Nup85 Ahctf1 Spc24 Ppp2r5d Nup43 Rcc1 Anapc11 Psmc6 Cenpq Bub1b Taok1 Nup98 Ppp2r5a"
"REACTOME_MITOTIC_PROPHASE",0.939524061490411,0.604686704024452,1,65,0.24606641810433,20,"Ndc1 Nup133 Aaas Ncapg2 Mcph1 Ncapd3 Vrk1 Gorasp1 Set Nup205 Nup214 Blzf1 Lmnb1 Banf1 Nup85 Nup43 Nup62 Nup50 Nup98 Mapk3"
"REACTOME_MITOTIC_SPINDLE_CHECKPOINT",0.918959959732506,0.693062368605466,1,108,0.220974957157785,28,"Cenpk Spdl1 Cenph Kntc1 Nup133 Rcc2 Cenpm Cenpp Cenps Clasp1 Rps27rt Cenpn Kif2a Anapc15 Cenpt Nudc Zwilch Nup85 Ahctf1 Spc24 Ppp2r5d Nup43 Anapc11 Cenpq Bub1b Taok1 Nup98 Ppp2r5a"
"REACTOME_MODULATION_OF_HOST_RESPONSES_BY_IFN_STIMULATED_GENES",0.788339680326495,0.734453781512605,1,10,0.323904769012613,10,"Isg15 Ube2l6 Fkbp5 Uba7 Ifi44 Arih1 Ikbkg Chuk Trim25 Ikbkb"
"REACTOME_MRNA_CAPPING",0.863634671867789,0.691086250451101,1,28,0.27142963904043,28,"Ercc2 Ccnh Gtf2f1 Ncbp2 Polr2e Polr2f Polr2d Gtf2f2 Rngtt Polr2h Polr2l Cdk7 Gtf2h4 Gtf2h5 Gtf2h2 Ncbp1 Polr2c Polr2g Polr2a Mnat1 Polr2b Rnmt Supt5 Polr2i Gtf2h1 Ercc3 Gtf2h3 Polr2k"
"REACTOME_MRNA_DECAY_BY_5_TO_3_EXORIBONUCLEASE",0.893181379585837,0.608986035215543,1,14,0.335896448705093,4,"Dcp1b Lsm6 Lsm7 Lsm4"
"REACTOME_MTORC1_MEDIATED_SIGNALLING",-0.757546144316438,0.806173014299873,1,24,-0.28974630796776,11,"Eef2k Mtor Rragb Rragd Fkbp1a Lamtor3 Lamtor2 Rptor Slc38a9 Akt1s1 Lamtor1"
"REACTOME_MYD88_MAL_TIRAP_CASCADE_INITIATED_ON_PLASMA_MEMBRANE",-0.670344666907613,0.962720097146327,1,79,-0.210396231294085,16,"Mapk7 Dusp7 Nod1 Usp18 Tifa Mapk14 Traf6 Nfkb2 Tirap Map2k6 Dusp3 Fos Tnip2 Nkiras1 Peli3 Ubc"
"REACTOME_MYOGENESIS",-0.967569187867918,0.517073888725346,1,16,-0.404395225003743,9,"Tcf3 Mapk14 Cdh15 Mapk11 Bnip2 Tcf4 Mef2d Mapk12 Spag9"
"REACTOME_M_PHASE",0.941480694166483,0.722713864306785,1,307,0.199969155607464,74,"Cenpk Ncaph Spdl1 Ndc1 Tuba4a Cenph Kntc1 Cep152 Haus6 Ccp110 Nup133 Haus4 Ncapg Ncapd2 Rcc2 Aaas Ncapg2 Cenpm Plk4 Haus5 Mcph1 Cenpp Tubgcp2 Cenps Cc2d1b Ncapd3 Espl1 Vrk1 Tubgcp5 Tuba1b Gorasp1 Tubg1 Hsp90aa1 Clasp1 Set Kpnb1 Rps27rt Tubb2b Cenpn Nup205 Smc3 Kif2a Prkar2b Anapc15 Tubgcp4 Cdca5 Cenpt Nudc Zwilch Ran Prkaca Nup214 Blzf1 Eml4 Lmnb1 Banf1 Ofd1 Nup85 Ahctf1 Spc24 Ppp2r5d Nup43 Rcc1 Anapc11 Nup62 Sfi1 Psmc6 Haus3 Nup50 Cenpq Bub1b Taok1 Nup98 Ppp2r5a"
"REACTOME_NCAM_SIGNALING_FOR_NEURITE_OUT_GROWTH",0.680515020713003,0.893391521197007,1,16,0.246322036920321,3,"Ptk2 Rps6ka5 Sptbn4"
"REACTOME_NEDDYLATION",-0.796889971867882,0.875975715524718,1,186,-0.227254729776791,58,"Spsb4 Neurl2 Fbxo10 Vhl Fbxo30 Kctd7 Kbtbd7 Lrr1 Dcun1d2 Fbxl12 Wsb2 Commd6 Fbxl19 Kbtbd8 Dcun1d4 Dcun1d3 Wdtc1 Fbxl15 Asb6 Nploc4 Fbxo11 Fem1b Asb7 Ubc Fbxl3 Kctd6 Spsb2 Fbxo9 Btbd6 Cul4a Dcaf4 Fbxo6 Fbxw11 Wdr5 Asb13 Hif1a Ufd1 Ube2d1 Fbxo4 Fem1c Dcaf10 Ankrd9 Senp8 Psmc2 Asb1 Fbxw17 Commd9 Fbxo21 Ubxn7 Fbxw9 Klhl20 Fbxw8 Klhl5 Dcaf7 Fem1a Klhl9 Cop1 Psmb7"
"REACTOME_NEGATIVE_REGULATION_OF_MAPK_PATHWAY",-0.697098721686057,0.901365504441204,1,40,-0.24275187213459,12,"Dusp16 Dusp7 Paqr3 Braf Dusp10 Ubc Dusp9 Hras Dusp1 Ppp2r1b Mapk1 Mapk12"
"REACTOME_NEGATIVE_REGULATORS_OF_DDX58_IFIH1_SIGNALING",-0.490112909275568,0.980051382801874,1,13,-0.21508381300206,2,"Tnfaip3 Ubc"
"REACTOME_NEUREXINS_AND_NEUROLIGINS",-0.615875685184976,0.928771567615396,1,15,-0.260567572189569,7,"Nrxn2 Homer1 Epb41l3 Dlg3 Epb41 Dlgap4 Dlg4"
"REACTOME_NEUROTRANSMITTER_RECEPTORS_AND_POSTSYNAPTIC_SIGNAL_TRANSMISSION",-0.877326241971908,0.673129847385539,1,63,-0.284225683030108,28,"Gnat3 Camk1 Camkk1 Prkcg Akap5 Grin2d Adcy6 Camk2b Nsf Grik5 Ap2a1 Gnb5 Plcb3 Dlg1 Gng12 Dlg3 Mdm2 Gabbr1 Gnai3 Calm1 Rps6ka2 Rps6ka1 Gnb1 Gngt2 Dlg4 Gng3 Arhgef9 Calm3"
"REACTOME_NF_KB_IS_ACTIVATED_AND_SIGNALS_SURVIVAL",-0.702058686887682,0.844891070880638,1,11,-0.320898651197793,4,"Traf6 Ubc Sqstm1 Ikbkb"
"REACTOME_NICOTINATE_METABOLISM",-0.794535528677844,0.741800834824091,1,14,-0.342325976249315,6,"Cd38 Nudt12 Nadk Bst1 Slc25a51 Naxd"
"REACTOME_NONHOMOLOGOUS_END_JOINING_NHEJ",-0.633836014685542,0.947618401411318,1,34,-0.227156986647826,6,"Polm Lig4 Nhej1 Pias4 Dclre1c Trp53bp1"
"REACTOME_NOREPINEPHRINE_NEUROTRANSMITTER_RELEASE_CYCLE",-0.729929770371142,0.806125621890547,1,10,-0.341573948089753,5,"Ppfia4 Stxbp1 Tspoap1 Vamp2 Ppfia1"
"REACTOME_NR1H2_AND_NR1H3_MEDIATED_SIGNALING",0.705708944075464,0.836107921928817,1,11,0.281907747424989,11,"Rxra Tbl1x Rxrb Gps2 Hdac3 Tbl1xr1 Ep300 Abca1 Ncoa1 Ncor2 Nr1h2"
"REACTOME_NRIF_SIGNALS_CELL_DEATH_FROM_THE_NUCLEUS",-0.713541148209641,0.831728564878496,1,12,-0.319602403915591,2,"Traf6 Ubc"
"REACTOME_NUCLEAR_ENVELOPE_NE_REASSEMBLY",0.736443663304234,0.943019943019943,1,57,0.198122972814785,16,"Ndc1 Tuba4a Nup133 Cc2d1b Vrk1 Tuba1b Kpnb1 Tubb2b Nup205 Ran Lmnb1 Banf1 Nup85 Ahctf1 Nup43 Rcc1"
"REACTOME_NUCLEAR_RECEPTOR_TRANSCRIPTION_PATHWAY",-0.739874606575056,0.828739331187911,1,26,-0.278207749816174,3,"Rarb Pgr Nr1i3"
"REACTOME_NUCLEAR_RNA_DECAY",0.778457825267896,0.83473491773309,1,29,0.242550625639619,8,"Exosc8 Exosc2 Dis3 Exosc5 Exosc9 Ncbp2 Exosc3 Exosc1"
"REACTOME_NUCLEOTIDE_BINDING_DOMAIN_LEUCINE_RICH_REPEAT_CONTAINING_RECEPTOR_NLR_SIGNALING_PATHWAYS",-0.915302617333372,0.599554624050301,1,43,-0.314110541183501,13,"Casp4 Bcl2 Tnfaip3 Nod1 Mapk14 Traf6 Map2k6 Casp1 Txnip Ubc Birc3 Mapk11 Tab3"
"REACTOME_N_GLYCAN_ANTENNAE_ELONGATION_IN_THE_MEDIAL_TRANS_GOLGI",0.866031460985343,0.66252716547656,1,15,0.320034065073319,6,"St8sia6 B4galt4 B4galt5 St6gal1 B4galt3 Fut8"
"REACTOME_N_GLYCAN_TRIMMING_IN_THE_ER_AND_CALNEXIN_CALRETICULIN_CYCLE",-0.62121109414648,0.923905028756821,1,15,-0.262824902026061,2,"Engase Ubc"
"REACTOME_ONCOGENE_INDUCED_SENESCENCE",0.612884098658627,0.940701645451723,1,15,0.226485755251144,3,"Cdk6 Cdk4 Trp53"
"REACTOME_OPIOID_SIGNALLING",-0.779633992667135,0.81641275124824,1,52,-0.259998652558077,21,"Gnat3 Camkk1 Prkcg Pde4c Pde4d Adcy6 Gnb5 Gnaq Plcb3 Gng12 Gnai3 Pde4a Calm1 Pde4b Gna11 Gnb1 Gngt2 Gng3 Ppp2r1b Calm3 Mapk1"
"REACTOME_ORGANELLE_BIOGENESIS_AND_MAINTENANCE",0.766289818396898,0.984924623115578,1,180,0.171956733710831,39,"Fbf1 Wdr35 Cngb1 Tuba4a Wdr19 Tctn3 Traf3ip1 Cep152 Haus6 Ift43 Ift122 Ccp110 Haus4 mt-Atp8 Cluap1 Cep97 Ift57 Plk4 Haus5 Sclt1 Sirt3 Ift22 Dync2li1 Pkd1 Tuba1b Tubg1 Hsp90aa1 Clasp1 Tubb2b Atat1 Prkar2b Kifap3 Mks1 Prkaca Ift27 Cct8 Nphp1 Ofd1 Cct3"
"REACTOME_OXIDATIVE_STRESS_INDUCED_SENESCENCE",-0.468884798828676,0.998522299838796,1,36,-0.166166774200725,10,"Tnik Mapk14 Map2k6 Fos Ubc Mdm2 Mapk11 Jun Mink1 Mapk1"
"REACTOME_O_LINKED_GLYCOSYLATION_OF_MUCINS",-0.79470526762896,0.764464505539598,1,31,-0.289152290557683,12,"B3gnt9 C1galt1 B3gnt3 B3gnt2 Gcnt1 Galnt4 Galnt12 B3gnt8 Galnt2 C1galt1c1 B3gntl1 St3gal1"
"REACTOME_P53_DEPENDENT_G1_DNA_DAMAGE_RESPONSE",0.572740464656237,0.995515695067265,1,49,0.159520862600235,1,"Ccne1"
"REACTOME_P75NTR_RECRUITS_SIGNALLING_COMPLEXES",-0.738205551394351,0.803007057379564,1,11,-0.337420745834413,5,"Traf6 Ubc Sqstm1 Ikbkb Prkci"
"REACTOME_P75NTR_SIGNALS_VIA_NF_KB",-0.63437347981594,0.915175909361956,1,14,-0.273320088210578,5,"Traf6 Ubc Sqstm1 Ikbkb Prkci"
"REACTOME_P75_NTR_RECEPTOR_MEDIATED_SIGNALLING",-0.933251191970077,0.586656819300837,1,69,-0.298347769212724,4,"Mcf2l Arhgef12 Fgd1 Tiam2"
"REACTOME_PARACETAMOL_ADME",-0.948585010846368,0.544204322200393,1,13,-0.416282201974654,5,"Ggt5 Abcc3 Ugt1a6a Gstp1 Ugt1a7c"
"REACTOME_PCP_CE_PATHWAY",-0.884741626149048,0.660622733525072,1,62,-0.287154035774889,5,"Fzd6 Wnt5b Prkcg Fzd5 Cltb"
"REACTOME_PENTOSE_PHOSPHATE_PATHWAY",0.850064041431566,0.665583456425406,1,13,0.32535552375629,2,"Shpk Rbks"
"REACTOME_PEXOPHAGY",-0.706597475408124,0.83613184079602,1,10,-0.330655494791896,5,"Ubc Pex5 Map1lc3b Sqstm1 Usp30"
"REACTOME_PHOSPHORYLATION_OF_THE_APC_C",-0.94231636761172,0.55190784737221,1,20,-0.373871060628423,6,"Ube2c Ccnb1 Plk1 Cdc16 Ube2d1 Anapc16"
"REACTOME_PINK1_PRKN_MEDIATED_MITOPHAGY",-0.601296968723607,0.965027322404372,1,32,-0.217944123561367,11,"Map1lc3a Mfn2 Prkn Ubc Tomm70a Atg5 Pink1 Map1lc3b Sqstm1 Atg12 Tbk1"
"REACTOME_PKMTS_METHYLATE_HISTONE_LYSINES",0.598959993578245,0.987799918666124,1,40,0.172793404783235,2,"Smyd2 Suv39h2"
"REACTOME_PKR_MEDIATED_SIGNALING",-0.709380391151725,0.910512266429389,1,55,-0.23458076208768,11,"Tubb6 Tubb2a Tuba1c Hspa1a Hspa1b Map2k6 Dus2 Tuba1a Mapt Fancb Hspa2"
"REACTOME_PLASMA_LIPOPROTEIN_CLEARANCE",-0.873042892677457,0.644275454161386,1,25,-0.33124382107033,10,"Apoe Ldlrap1 Npc2 Ap2a1 Ubc Soat1 Scarb1 Nceh1 Lipa Nr1h2"
"REACTOME_POST_TRANSLATIONAL_MODIFICATION_SYNTHESIS_OF_GPI_ANCHORED_PROTEINS",0.958251030956349,0.530906011854361,1,44,0.271921890894817,10,"Ly6k Pigw Lypd3 Reck Rtn4rl2 Ly6d Alpl Cd52 Izumo1r Piga"
"REACTOME_PRC2_METHYLATES_HISTONES_AND_DNA",0.502910011013546,0.988154613466334,1,16,0.182035391622489,16,"Dnmt1 Phf19 Rbbp7 H3f3a Rbbp4 Suz12 Aebp2 Phf1 Dnmt3a Ezh1 Jarid2 Eed Ezh2 H3f3b Mtf2 Dnmt3b"
"REACTOME_PREGNENOLONE_BIOSYNTHESIS",-0.671834891045832,0.871113184079602,1,10,-0.314388185704895,7,"Stard3nl Tspoap1 Fdx1 Stard3 Star Fdxr Stard6"
"REACTOME_PRESYNAPTIC_FUNCTION_OF_KAINATE_RECEPTORS",-0.755124208554955,0.789632764092489,1,13,-0.331382811985562,6,"Gnb5 Plcb3 Gng12 Gnb1 Gngt2 Gng3"
"REACTOME_PROCESSING_AND_ACTIVATION_OF_SUMO",0.573816831832119,0.943137254901961,1,10,0.235763862974849,10,"Sumo3 Rwdd2b Senp1 Sae1 Sumo2 Uba2 Ube2i Sumo1 Senp5 Senp2"
"REACTOME_PROCESSING_OF_CAPPED_INTRONLESS_PRE_MRNA",0.68435011989721,0.93418647166362,1,29,0.21322869955157,29,"Snrpf Slbp Snrpg Ncbp2 Lsm11 Nudt21 Cpsf4 Snrpe Snrpb Cpsf6 Clp1 Snrpd3 Papola Wdr33 Sympk Zfp473 Ncbp1 Pabpn1 Cstf2 Cpsf1 Cstf3 Fip1l1 Cstf1 Cstf2t Cpsf7 Cpsf2 Pcf11 Cpsf3 Lsm10"
"REACTOME_PROCESSING_OF_INTRONLESS_PRE_MRNAS",0.767361608566638,0.813215570821066,1,20,0.261782059899918,20,"Ncbp2 Nudt21 Cpsf4 Cpsf6 Clp1 Papola Wdr33 Sympk Ncbp1 Pabpn1 Cstf2 Cpsf1 Cstf3 Fip1l1 Cstf1 Cstf2t Cpsf7 Cpsf2 Pcf11 Cpsf3"
"REACTOME_PROGRAMMED_CELL_DEATH",-0.675012694842811,0.971388695045359,1,114,-0.202755687836083,30,"Fas Casp4 Prkcq Bcl2 Plec Apip Prkn Tnfsf10 Casp1 Gas2 Mapt Flot2 Chmp7 Ticam1 Ubc Ripk1 Lmna Gsdmd Gsdme Sdcbp Birc3 Ppp3r1 Ly96 Tlr4 Diablo Chmp3 Sptan1 Casp6 H1f0 Xiap"
"REACTOME_PROSTACYCLIN_SIGNALLING_THROUGH_PROSTACYCLIN_RECEPTOR",-0.643552256924334,0.898364664526975,1,12,-0.288253661158012,8,"Gnb5 Gng12 Gnb1 Gngt2 Gng3 Gnas Gng2 Gnb2"
"REACTOME_PROTEIN_HYDROXYLATION",0.53240735669337,0.982360487491982,1,18,0.186520199106711,10,"Rps6 Rps23 Rccd1 Riox2 Rpl8 U2af2 Drg1 Rpl27a Riox1 Drg2"
"REACTOME_PROTEIN_LIPOYLATION",0.698953158470277,0.834453781512605,1,10,0.287178569079751,1,"Lipt2"
"REACTOME_PROTEIN_UBIQUITINATION",0.433176359644407,0.999531615925059,1,55,0.117285895843217,54,"Rnf144a Prkdc Ube2t Pcna Rad18 Uba6 Pex12 Ube2a Leo1 Ube2e1 Rps27a Rnf40 Ube2n Ube2r2 Ube2l3 Rnf181 Cdc73 Rraga Uba52 Ube2d3 Otulin Hltf Ube2d2a Shprh Ubb Cdc34 Ube2e3 Paf1 Ube2v2 Bcl10 Ube2k Pex2 Ube2z Pex13 Ube2g1 Uba1 Ube2w Ube2s Usp5 Uchl3 Ctr9 Usp9x Ube2b Pex14 Usp7 Pex5 Wac Pex10 Ube2q2 Ube2g2 Ube2d1 Rnf20 Ube2h Ubc"
"REACTOME_PTEN_REGULATION",-0.509713613984856,0.999525729191368,1,94,-0.156511930215669,35,"Nedd4 Tnks Mtor Rragb Rragd Akt3 Ubc Psmc2 Scmh1 Lamtor3 Xiap Lamtor2 Usp7 Psmb7 Ring1 Akt2 Rptor Mta2 Gatad2b Slc38a9 Mkrn1 Maf1 Csnk2a2 Ezh2 Akt1 Lamtor1 Psmc1 Chd3 Eed Psma2 Tnks2 Lamtor5 Psmb2 Psmd8 Phc3"
"REACTOME_PTK6_REGULATES_RHO_GTPASES_RAS_GTPASE_AND_MAP_KINASES",-0.817718063493302,0.709573488800246,1,11,-0.373764513616869,7,"Arhgap35 Hras Pxn Crk Rasa1 Rac1 Elmo1"
"REACTOME_PYROPTOSIS",-0.817074146390093,0.713306098628538,1,17,-0.335873750636043,9,"Casp4 Casp1 Chmp7 Gsdmd Gsdme Chmp3 Chmp2b Gm10053 Chmp2a"
"REACTOME_PYRUVATE_METABOLISM",-0.648359803065637,0.940745672436751,1,39,-0.226963138773071,2,"Pdk2 Ldhb"
"REACTOME_RAC1_GTPASE_CYCLE",-0.786134678241542,0.870531183038232,1,139,-0.230846203440369,21,"Mcf2l Arap3 Pld2 Tiam2 Plekhg1 Arhgap24 Slc1a5 Nhs Ncf1 Cdc42bpa Pak1 Iqgap3 Depdc1b Fam13a Ralbp1 Arhgap35 Ophn1 Arhgap33 Epha2 Arhgap5 Snap23"
"REACTOME_RAC2_GTPASE_CYCLE",-0.722723333467211,0.907396050533546,1,71,-0.230025510942547,27,"Pld2 Nhs Ncf1 Pak1 Depdc1b Arhgap35 Ophn1 Epha2 Bcr Arhgap21 Arhgap32 Cybb Abi1 Cyba Abr Itgb1 Git1 Abi2 Erbin Arhgap17 Armcx3 Arhgap1 Syde1 Pgrmc2 Pik3r2 Pak4 Git2"
"REACTOME_RAP1_SIGNALLING",0.868550774324707,0.64165435745938,1,13,0.332431179671416,1,"Rapgef3"
"REACTOME_RAS_PROCESSING",-0.834980670133478,0.704383717620268,1,23,-0.322348477239357,8,"Prkcq Ubc Calm1 Zdhhc9 Hras Rce1 Pde6d Calm3"
"REACTOME_RA_BIOSYNTHESIS_PATHWAY",0.765928147859295,0.760224089635854,1,10,0.314696552772628,3,"Rdh5 Rdh13 Dhrs4"
"REACTOME_RECRUITMENT_OF_NUMA_TO_MITOTIC_CENTROSOMES",0.833780817248649,0.849462365591398,1,79,0.210038990118312,20,"Tuba4a Cep152 Haus6 Ccp110 Haus4 Plk4 Haus5 Tubgcp2 Tubgcp5 Tuba1b Tubg1 Hsp90aa1 Clasp1 Tubb2b Prkar2b Tubgcp4 Prkaca Ofd1 Sfi1 Haus3"
"REACTOME_REGULATED_NECROSIS",-0.722677162806589,0.881147009212404,1,47,-0.244584883399435,13,"Fas Casp4 Prkn Tnfsf10 Casp1 Flot2 Chmp7 Ubc Ripk1 Gsdmd Gsdme Sdcbp Birc3"
"REACTOME_REGULATION_OF_APC_C_ACTIVATORS_BETWEEN_G1_S_AND_EARLY_ANAPHASE",-0.934120525799173,0.567084810471775,1,33,-0.336859827649394,9,"Ube2c Ccnb1 Plk1 Ubc Fzr1 Cdc20 Cdc16 Ube2d1 Anapc16"
"REACTOME_REGULATION_OF_BACH1_ACTIVITY",-0.437186008211398,0.993936567164179,1,10,-0.204583176266995,2,"Ubc Bach1"
"REACTOME_REGULATION_OF_CDH11_EXPRESSION_AND_FUNCTION",-0.719802079600232,0.819651741293532,1,10,-0.336834649239272,3,"Adam19 Cdh11 Amot"
"REACTOME_REGULATION_OF_CDH1_GENE_TRANSCRIPTION",-0.466939998873288,0.992121388969945,1,17,-0.191944500308157,2,"Tle1 Smarca4"
"REACTOME_REGULATION_OF_CDH1_POSTTRANSLATIONAL_PROCESSING_AND_TRAFFICKING_TO_PLASMA_MEMBRANE",-0.774984907385724,0.783294150186696,1,28,-0.287063331105048,13,"Pomt1 Pip5k1c Arhgap32 Pomt2 Ganab Stt3a Furin Csnk2a2 Rpn1 Prkcsh Sec11c Csnk2b Ostc"
"REACTOME_REGULATION_OF_ENDOGENOUS_RETROELEMENTS",-0.779509736600453,0.803794178794179,1,46,-0.264679037820014,18,"Zfp988 Zfp971 Zfp982 Zfp874b Gm45871 Zfp120 Zfp719 Gm14391 Zfp758 Zfp943 Zfp54 Zfp991 Zfp985 Zfp677 Zfp119a Zfp820 Zfp995 H3f3b"
"REACTOME_REGULATION_OF_HSF1_MEDIATED_HEAT_SHOCK_RESPONSE",0.875442270751513,0.728871519296531,1,60,0.233023809996709,17,"Ndc1 Rpa1 Nup133 Hsph1 Aaas Rpa2 Bag3 Hspa9 Nup205 Rpa3 Nup214 Nup85 Nup43 Nup62 Nup50 Nup98 Mapk3"
"REACTOME_REGULATION_OF_INNATE_IMMUNE_RESPONSES_TO_CYTOSOLIC_DNA",0.805732153113943,0.715843857634902,1,11,0.321863762984912,1,"Dtx4"
"REACTOME_REGULATION_OF_INSULIN_SECRETION",-0.74906126824838,0.834094572810317,1,36,-0.265457730629089,10,"Rapgef4 Cacna1e Adcy6 Acsl4 Kcnb1 Gnb5 Gnaq Plcb3 Gng12 Slc2a1"
"REACTOME_REGULATION_OF_LIPID_METABOLISM_BY_PPARALPHA",0.741535613777989,0.829556038497361,1,15,0.274027754839295,5,"Rxra Smarcd3 Carm1 Chd9 Tbl1x"
"REACTOME_REGULATION_OF_LOCALIZATION_OF_FOXO_TRANSCRIPTION_FACTORS",-0.669217842352929,0.8735808530224,1,11,-0.305887680017994,8,"Akt3 Foxo1 Akt2 Akt1 Ywhag Ywhab Sfn Foxo3"
"REACTOME_REGULATION_OF_MRNA_STABILITY_BY_PROTEINS_THAT_BIND_AU_RICH_ELEMENTS",0.527842687101167,0.999476165531692,1,68,0.137103423547414,25,"Exosc8 Exosc2 Dis3 Exosc5 Set Exosc9 Nup214 Psmc6 Hnrnpd Pabpc1 Psmc5 Exosc3 Exosc1 Rps27a Psmb3 Psma1 Psma5 Exosc7 Psmd11 Dcp2 Eif4g1 Psmd14 Psmd13 Psma6 Psma7"
"REACTOME_REGULATION_OF_NF_KAPPA_B_SIGNALING",0.581331205880486,0.958229426433915,1,16,0.210421052290363,4,"Traf2 Nlrc5 Nlrx1 Casp8"
"REACTOME_REGULATION_OF_ORNITHINE_DECARBOXYLASE_ODC",-0.553677595671366,0.984416980118216,1,36,-0.196216256636506,36,"Oaz3 Azin1 Psmc2 Psmb7 Psmc1 Psma2 Psmb2 Psmd8 Psmd6 Psmb6 Psmd1 Psmd3 Psmb4 Psmd7 Psmc3 Psma3 Psmd12 Oaz1 Oaz2 Psmd2 Psmb1 Psmc4 Adrm1 Psma4 Psmb5 Psma7 Psma6 Psmd13 Psmd14 Psmd11 Psma5 Psma1 Odc1 Psmb3 Psmc5 Psmc6"
"REACTOME_REGULATION_OF_PD_L1_CD274_POST_TRANSLATIONAL_MODIFICATION",-0.641152244651952,0.977926015767132,1,80,-0.200923135734811,13,"Prkaa2 Cd274 Ccnd1 B3gnt3 Pdcd1 Nek2 Ubc Rnf185 Mib2 Prkag1 Erlin2 Derl2 Psmc2"
"REACTOME_REGULATION_OF_PLK1_ACTIVITY_AT_G2_M_TRANSITION",0.786093145247416,0.924302788844621,1,80,0.19742134854472,16,"Optn Tuba4a Cep152 Haus6 Ccp110 Haus4 Plk4 Haus5 Tubg1 Hsp90aa1 Clasp1 Prkar2b Prkaca Ofd1 Sfi1 Haus3"
"REACTOME_REGULATION_OF_PTEN_GENE_TRANSCRIPTION",-0.545325234034448,0.989128993769057,1,40,-0.189899532685864,16,"Mtor Rragb Rragd Scmh1 Lamtor3 Lamtor2 Ring1 Rptor Mta2 Gatad2b Slc38a9 Maf1 Ezh2 Lamtor1 Chd3 Eed"
"REACTOME_REGULATION_OF_PTEN_STABILITY_AND_ACTIVITY",-0.445545344064997,0.999615926257841,1,52,-0.148584066626097,29,"Nedd4 Tnks Akt3 Ubc Psmc2 Xiap Psmb7 Akt2 Mkrn1 Csnk2a2 Akt1 Psmc1 Psma2 Tnks2 Psmb2 Psmd8 Csnk2b Rnf146 Psmd6 Psmb6 Psmd1 Psmd3 Psmb4 Psmd7 Psmc3 Ubb Pten Psma3 Psmd12"
"REACTOME_REGULATION_OF_PYRUVATE_DEHYDROGENASE_PDH_COMPLEX",-0.800249394993667,0.734320689134049,1,13,-0.351185794069859,1,"Pdk2"
"REACTOME_REGULATION_OF_PYRUVATE_METABOLISM",-0.572420612979216,0.975482810573894,1,30,-0.209363234628701,1,"Pdk2"
"REACTOME_REGULATION_OF_RAS_BY_GAPS",-0.583223100155809,0.984157403858439,1,53,-0.193978839073487,5,"Dab2ip Spred2 Kbtbd7 Syngap1 Ubc"
"REACTOME_REGULATION_OF_RUNX2_EXPRESSION_AND_ACTIVITY",-0.829895531209543,0.725838525785496,1,40,-0.288995930719802,1,"Runx2"
"REACTOME_REGULATION_OF_TBK1_IKK_IKBKE_MEDIATED_ACTIVATION_OF_IRF3_IRF7",0.750638004021707,0.795273264401772,1,13,0.287300966805476,1,"Optn"
"REACTOME_REGULATION_OF_TLR_BY_ENDOGENOUS_LIGAND",-0.931340523843254,0.56747770893154,1,13,-0.408714537569779,8,"Tlr1 S100a8 S100a9 S100a1 Gsdmd Gsdme Ly96 Tlr4"
"REACTOME_REGULATION_OF_TNFR1_SIGNALING",0.688210010539879,0.956862745098039,1,47,0.192876436391791,5,"Optn Tnf Traf2 Fadd Ikbke"
"REACTOME_REGULATION_OF_TP53_ACTIVITY_THROUGH_ACETYLATION",0.4882187051364,0.997806215722121,1,29,0.152118391691993,11,"Gatad2a Pip4p1 Mbd3 Trp53 Kat6a Pip4k2a Pml Brd1 Meaf6 Hdac1 Rbbp7"
"REACTOME_REGULATION_OF_TP53_ACTIVITY_THROUGH_ASSOCIATION_WITH_CO_FACTORS",-0.684674743694711,0.860696517412935,1,10,-0.320396653012562,6,"Akt3 Trp53bp2 Ppp1r13l Banp Akt2 Akt1"
"REACTOME_REGULATION_OF_TP53_ACTIVITY_THROUGH_METHYLATION",0.740489901948129,0.83989834815756,1,17,0.263901419687699,4,"Smyd2 Atm Trp53 Prmt5"
"REACTOME_REGULATION_OF_TP53_DEGRADATION",-0.689150498964333,0.902564798480119,1,34,-0.246980838993898,13,"Mtor Usp2 Sgk1 Akt3 Ubc Mdm2 Ppp2r1b Usp7 Akt2 Mapkap1 Akt1 Mdm4 Ccna2"
"REACTOME_RESOLUTION_OF_SISTER_CHROMATID_COHESION",0.855947491814287,0.84555712270804,1,112,0.203815053975906,31,"Cenpk Spdl1 Tuba4a Cenph Kntc1 Nup133 Rcc2 Cenpm Cenpp Cenps Tuba1b Clasp1 Rps27rt Tubb2b Cenpn Smc3 Kif2a Cdca5 Cenpt Nudc Zwilch Nup85 Ahctf1 Spc24 Ppp2r5d Nup43 Cenpq Bub1b Taok1 Nup98 Ppp2r5a"
"REACTOME_RESPIRATORY_ELECTRON_TRANSPORT",0.88151356630847,0.810810810810811,1,131,0.205394354568712,37,"Sco2 Nubpl Cox6b2 Cox18 Acad9 Ndufaf6 Ndufaf4 mt-Nd5 Ecsit Hspa9 mt-Nd1 Slc25a22 Ndufaf2 mt-Nd4 Ndufaf7 Slc25a13 Etfb mt-Nd2 Uqcr10 Cycs Ndufb7 mt-Co3 Higd2a Ndufb4 mt-Nd3 Cox11 Timm21 mt-Cytb Ndufb8 Cox14 mt-Co1 Uqcr11 Ndufab1 Dmac1 Rab5if mt-Co2 Cox7a1"
"REACTOME_RHOA_GTPASE_CYCLE",-0.906068838154997,0.655007578407369,1,111,-0.272862583875626,23,"Mcf2l Arap3 Arhgef12 Pkn3 Arhgap19 Arhgap24 Myo9a Iqgap3 Depdc1b Anln Fam13a Tmem87a Arhgap35 Ophn1 Arhgap5 Snap23 Arhgap6 Flot2 Arap2 Bcr Arhgap21 Arhgap32 Acbd5"
"REACTOME_RHOBTB1_GTPASE_CYCLE",-0.440389217702704,0.997573508421353,1,22,-0.17149562737365,7,"Pde5a Rnf20 Rock2 Rock1 Cops4 Cpsf7 Rhobtb1"
"REACTOME_RHOBTB_GTPASE_CYCLE",-0.43651746043125,0.998914371013706,1,34,-0.15644108039509,10,"Pde5a Actn1 Rnf20 Tmod3 Rhobtb2 Rock2 Rock1 Cops4 Cpsf7 Rhobtb1"
"REACTOME_RHOG_GTPASE_CYCLE",-0.667961855059864,0.950471401634192,1,60,-0.217976772659078,10,"Mcf2l Itsn1 Depdc1b Arhgap35 Ophn1 Epha2 Arhgap5 Map3k11 Arhgap21 Arhgap32"
"REACTOME_RHOH_GTPASE_CYCLE",-0.460933727763662,0.996717275338531,1,31,-0.167710028619543,11,"Slc1a5 Pak1 Ralgapa1 Nipsnap2 Tmem59 Zap70 Slc4a7 Rock2 Rock1 Dbt Pak4"
"REACTOME_RHOJ_GTPASE_CYCLE",0.910397284438334,0.588528678304239,1,16,0.329531173719903,3,"Rhoj Prex1 Trio"
"REACTOME_RHOV_GTPASE_CYCLE",-0.899712526230722,0.613853286064903,1,33,-0.324451714901338,17,"Dst Myo9a Pak1 Depdc1b Epha2 Map3k11 Pard6b Arhgef7 Sptan1 Arhgap12 Git1 Zfp512b Nck1 Pak4 Git2 Usp9x Cdc42"
"REACTOME_RHO_GTPASES_ACTIVATE_FORMINS",0.904680431695102,0.75776397515528,1,123,0.213213460520538,34,"Cenpk Diaph3 Pfn2 Spdl1 Tuba4a Cenph Fmnl3 Kntc1 Diaph2 Nup133 Rcc2 Cenpm Cenpp Cenps Tuba1b Clasp1 Evl Rps27rt Tubb2b Cenpn Kif2a Cenpt Nudc Zwilch Nup85 Ahctf1 Spc24 Ppp2r5d Nup43 Cenpq Bub1b Taok1 Nup98 Ppp2r5a"
"REACTOME_RHO_GTPASES_ACTIVATE_IQGAPS",-0.962699269621322,0.518983728232943,1,22,-0.374892728021596,4,"Tubb6 Tubb2a Tuba1c Iqgap3"
"REACTOME_RHO_GTPASES_ACTIVATE_WASPS_AND_WAVES",-0.696467717004913,0.88248245493326,1,29,-0.256374413192311,20,"Nckipsd Grb2 Abi1 Cyfip2 Abi2 Mapk1 Actr2 Nck1 Rac1 Cdc42 Wipf1 Arpc4 Arpc1a Cyfip1 Arpc3 Arpc5 Arpc1b Brk1 Btk Wasf2"
"REACTOME_RHO_GTPASE_CYCLE",-0.953768173524685,0.616065000514245,1,338,-0.261510411483612,36,"Grb7 Mcf2l Arap3 Ckb Basp1 Pld2 Dst Rhoc Arhgef12 Pkn3 Fgd1 Tiam2 Arhgap19 Rhoq Plekhg1 Cpd Pkp4 Arhgap24 Slc1a5 Myo9a Rhof Pde5a Nhs Ncf1 Cdc42bpa Pak1 Rhob Itsn1 Fam169a Iqgap3 Add3 Depdc1b Prag1 Anln Fam13a Ralbp1"
"REACTOME_RHO_GTPASE_EFFECTORS",-0.821255168337363,0.850497273018928,1,214,-0.231528299793119,21,"Klc3 Prkcz Rhoc Pkn3 Tubb6 S100a8 Rhoq S100a9 Tubb2a Tuba1c Prc1 Ncf1 Cenpf Nuf2 Cenpl Pak1 Srf Nckipsd Rhob Iqgap3 Mapk14"
"REACTOME_RIPK1_MEDIATED_REGULATED_NECROSIS",-0.642117064690944,0.935625256814135,1,30,-0.234854759988987,8,"Fas Prkn Tnfsf10 Flot2 Ubc Ripk1 Sdcbp Birc3"
"REACTOME_RNA_POLYMERASE_III_TRANSCRIPTION",0.70099557281317,0.932908545727136,1,33,0.21116829966589,13,"Polr3d Snapc4 Polr3g Gtf3a Polr3a Polr1c Snapc1 Gtf3c4 Polr2e Polr2f Polr2h Gtf3c1 Polr2l"
"REACTOME_RNA_POLYMERASE_III_TRANSCRIPTION_INITIATION_FROM_TYPE_1_PROMOTER",0.714278534984293,0.893520140105079,1,26,0.228414678662869,11,"Polr3d Polr3g Gtf3a Polr3a Polr1c Gtf3c4 Polr2e Polr2f Polr2h Gtf3c1 Polr2l"
"REACTOME_RNA_POLYMERASE_III_TRANSCRIPTION_INITIATION_FROM_TYPE_3_PROMOTER",0.783436073176078,0.814891416752844,1,25,0.252012416993605,3,"Polr3d Snapc4 Polr3g"
"REACTOME_RNA_POLYMERASE_II_PRE_TRANSCRIPTION_EVENTS",-0.468156662660771,0.999756097560976,1,77,-0.14757534311798,29,"Eaf2 Gtf2a1 Taf9b Gtf2e1 Taf8 Ell Polr2k Mllt1 Taf4 Taf2 Taf15 Gtf2h3 Taf13 Taf5 Taf11 Taf10 Ercc3 Tcea1 Ctr9 Ccnk Iws1 Ccnt2 Gtf2h1 Eloa Taf6 Eloc Polr2i Supt5 Tbp"
"REACTOME_RNA_POLYMERASE_II_PROMOTER_ESCAPE",-0.451233689588197,0.999350311850312,1,46,-0.15321437717127,14,"Gtf2a1 Taf9b Gtf2e1 Taf8 Polr2k Taf4 Taf2 Taf15 Gtf2h3 Taf13 Taf5 Taf11 Taf10 Ercc3"
"REACTOME_RNA_POLYMERASE_II_TRANSCRIBES_SNRNA_GENES",0.590248839122285,0.998369565217391,1,73,0.151073290364476,6,"Ell3 Snapc4 Nabp1 Pou2f2 Ints10 Ints7"
"REACTOME_RNA_POLYMERASE_II_TRANSCRIPTION_TERMINATION",0.819699578253942,0.84788029925187,1,62,0.21683448727396,31,"Snrpf Alyref Slbp Srsf7 Snrpg Ncbp2 Lsm11 Nudt21 Rnps1 Srrm1 U2af1l4 Srsf2 U2af2 Casc3 Cpsf4 Srsf1 Magoh Snrpe Srsf11 Srsf3 Snrpb Magohb Cpsf6 Upf3b Clp1 Snrpd3 Papola Wdr33 Sympk Rbm8a Ddx39b"
"REACTOME_RUNX1_INTERACTS_WITH_CO_FACTORS_WHOSE_PRECISE_EFFECT_ON_RUNX1_TARGETS_IS_NOT_KNOWN",0.618931002998404,0.974645786726324,1,32,0.187662058536104,14,"Pcgf5 Smarcd3 Rybp Hipk2 Smarcb1 Smarcc1 Actl6a Cbx2 Arid1a Auts2 Smarcd1 Smarce1 Cbfb Rnf2"
"REACTOME_RUNX1_REGULATES_GENES_INVOLVED_IN_MEGAKARYOCYTE_DIFFERENTIATION_AND_PLATELET_FUNCTION",0.659316137941292,0.923201032591158,1,19,0.227707244212099,19,"Prmt1 Prmt6 Rbbp5 Hdac1 Kmt2b Cbfb H3f3a Ash2l Kmt2d Sin3a Ep300 Kmt2a Setd1b Setd1a H3f3b Zfpm1 Sin3b Kat2b Wdr5"
"REACTOME_RUNX1_REGULATES_TRANSCRIPTION_OF_GENES_INVOLVED_IN_DIFFERENTIATION_OF_HSCS",-0.724623480282463,0.882784354091611,1,49,-0.243558514499461,3,"Gata3 Tcf3 Tal1"
"REACTOME_SCF_SKP2_MEDIATED_DEGRADATION_OF_P27_P21",0.572261313947651,0.99479618386817,1,46,0.160890639289989,1,"Ccne1"
"REACTOME_SEALING_OF_THE_NUCLEAR_ENVELOPE_NE_BY_ESCRT_III",-0.910873357273532,0.595293434049971,1,18,-0.36991565140106,10,"Tubb6 Tubb2a Tuba1c Tuba1a Chmp7 Tubb4b Chmp3 Chmp2b Vps4a Chmp2a"
"REACTOME_SELECTIVE_AUTOPHAGY",-0.973023603690594,0.515383649378375,1,61,-0.31685974748237,11,"Src Tubb6 Tubb2a Tuba1c Map1lc3a Mfn2 Prkn Tuba1a Ubc Tomm70a Hdac6"
"REACTOME_SEMA3A_PAK_DEPENDENT_AXON_REPULSION",0.871453842027733,0.630597014925373,1,11,0.348117438008013,5,"Limk1 Plxna3 Hsp90aa1 Fes Hsp90ab1"
"REACTOME_SENESCENCE_ASSOCIATED_SECRETORY_PHENOTYPE_SASP",-0.56814739003768,0.980784627702162,1,38,-0.199403807531984,10,"Mapk7 Ube2c Cdkn1b Ubc Fzr1 Cdc16 Ube2d1 Anapc16 Rps6ka2 Rps6ka1"
"REACTOME_SEPARATION_OF_SISTER_CHROMATIDS",0.692718855709505,0.997842502696872,1,163,0.157172118349907,35,"Cenpk Spdl1 Tuba4a Cenph Kntc1 Nup133 Rcc2 Cenpm Cenpp Cenps Espl1 Tuba1b Clasp1 Rps27rt Tubb2b Cenpn Smc3 Kif2a Anapc15 Cdca5 Cenpt Nudc Zwilch Nup85 Ahctf1 Spc24 Ppp2r5d Nup43 Anapc11 Psmc6 Cenpq Bub1b Taok1 Nup98 Ppp2r5a"
"REACTOME_SIGNALING_BY_ALK",-0.91758728593662,0.586066193138885,1,13,-0.402678991894282,3,"Mdk Pik3cb Shc1"
"REACTOME_SIGNALING_BY_CSF3_G_CSF",-0.766355930255473,0.790987124463519,1,21,-0.301222951860179,8,"Hck Shc1 Ubc Grb2 Ube2d1 Lyn Tyk2 Jak2"
"REACTOME_SIGNALING_BY_HEDGEHOG",0.87445687145996,0.79413680781759,1,98,0.213784131553373,8,"Adcy3 Dzip1 Wdr35 Adcy9 Tuba4a Wdr19 Ift122 Cdon"
"REACTOME_SIGNALING_BY_INTERLEUKINS",-0.699778705485511,0.981225190430211,1,208,-0.197838925854714,39,"Il5ra Inppl1 Lifr Il1rl2 Il6ra Mapk7 Csf1r Dusp7 Nod1 Usp18 Tifa Mapk14 Traf6 Il15ra Hck Nfkb2 Il10rb Map2k6 Pik3cb Ctsg Smarca4 Ifnlr1 Dusp3 Casp1 Irak3 Fos Crkl Tnip2 Il15 Nkiras1 Il22ra2 Shc1 Stat6 Osm Peli3 Il18bp Irak4 Ubc Il2"
"REACTOME_SIGNALING_BY_NOTCH",-0.775792620637914,0.799427324788656,1,33,-0.279764078897827,2,"Dtx1 Egf"
"REACTOME_SIGNALING_BY_NOTCH1",-0.782156011791406,0.759702363583309,1,17,-0.321519992308612,1,"Dtx1"
"REACTOME_SIGNALING_BY_PTK6",-0.768655761721826,0.810988715744223,1,36,-0.272401768441177,5,"Khdrbs3 Egf Ccnd1 Cdkn1b Arhgap35"
"REACTOME_SIGNALING_BY_RETINOIC_ACID",-0.937625611633111,0.554580206711029,1,24,-0.358623116578394,3,"Rarb Pdk2 Akr1c13"
"REACTOME_SIGNALING_BY_TGFBR3",-0.901078763732548,0.604925527208376,1,15,-0.38123262772884,3,"Timp2 Acvr2a Tgfbr3"
"REACTOME_SIGNALING_BY_TGF_BETA_RECEPTOR_COMPLEX",0.851813311497509,0.795511221945137,1,62,0.225329507970633,10,"Tgif2 Pmepa1 Ski E2f5 Rbl1 Tgfb3 Parp1 Arhgef18 Fbn1 Tfdp1"
"REACTOME_SIGNALING_BY_VEGF",-0.96871323172691,0.532988201300265,1,83,-0.301970133498286,40,"Src Axl Prkcz Ncf1 Kdr Pak1 Mapk14 Mtor Shb Pik3cb Akt3 Cybb Mapk11 Calm1 Abi1 Vegfc Hras Cyba Cyfip2 Pxn Abi2 Itgb3 Calm3 Rock2 Mapk12 Rock1 Ptk2b Crk Akt2 Pik3r2 Nck1 Rasa1 Mapkap1 Prkcb Rac1 Elmo1 Mapkapk2 Vav1 Plcg1 Cdc42"
"REACTOME_SIGNALLING_TO_ERKS",-0.950396017800023,0.536397373679703,1,22,-0.370101616420735,15,"Mapk14 Braf Crkl Shc1 Grb2 Mapk11 Frs2 Hras Mapk1 Rapgef1 Crk Mapkapk2 Rap1a Map2k1 Sos1"
"REACTOME_SIGNALLING_TO_RAS",-0.727615629116866,0.809701492537313,1,10,-0.340491035189436,5,"Mapk14 Shc1 Grb2 Mapk11 Hras"
"REACTOME_SIGNAL_TRANSDUCTION_BY_L1",-0.720845622727208,0.83249926405652,1,16,-0.30127719180277,2,"Fgfr1 Pak1"
"REACTOME_SLC_MEDIATED_TRANSPORT_OF_INORGANIC_ANIONS",-0.747482914348498,0.801878354203936,1,14,-0.322053337010413,2,"Slc12a3 Slc12a2"
"REACTOME_SMAD2_SMAD3_SMAD4_HETEROTRIMER_REGULATES_TRANSCRIPTION",0.819352738777259,0.752296699557673,1,24,0.266536280291294,4,"E2f5 Rbl1 Tfdp1 Men1"
"REACTOME_SPHINGOLIPID_METABOLISM",-0.727225336722752,0.897961735650869,1,62,-0.23603014053564,20,"Plpp3 Aldh3b1 Arsg Asah2 Sphk2 Sgpl1 Sptlc1 Sumf2 Cerk Neu3 Cers5 Hexb Gla Psap Ugcg Gal3st1 Ormdl3 Neu1 Sgpp1 M6pr"
"REACTOME_SPOP_MEDIATED_PROTEASOMAL_DEGRADATION_OF_PD_L1_CD274",-0.434259117217229,0.999348703920802,1,45,-0.147865169806467,24,"Cd274 Ccnd1 Ubc Psmc2 Spop Psmb7 Csnk2a2 Psmc1 Psma2 Psmb2 Ywhag Psmd8 Csnk2b Rbx1 Psmd6 Psmb6 Psmd1 Psmd3 Psmb4 Psmd7 Psmc3 Ubb Psma3 Psmd12"
"REACTOME_STABILIZATION_OF_P53",0.678475880703992,0.962014863748968,1,42,0.194059998503778,42,"Atm Trp53 Psmc6 Psmc5 Rps27a Psmb3 Psma1 Psma5 Psmd11 Psmd14 Psmd13 Psma6 Psma7 Psmb5 Psma4 Uba52 Chek2 Adrm1 Psmc4 Psmb1 Psmd2 Psmd12 Psma3 Ubb Psmc3 Psmd7 Psmb4 Psmd3 Psmd1 Psmb6 Psmd6 Phf20 Psmd8 Psmb2 Psma2 Psmc1 Mdm4 Psmb7 Cop1 Psmc2 Mdm2 Ubc"
"REACTOME_STIMULI_SENSING_CHANNELS",-0.892056203853806,0.635994764397906,1,44,-0.304907534549324,16,"Trpm4 Best1 Clcn2 Ano6 Fkbp1b Sgk1 Asph Ostm1 Ano8 Ano10 Ubc Ripk1 Wwp1 Trpc6 Calm1 Clcn6"
"REACTOME_STRIATED_MUSCLE_CONTRACTION",-0.868324072025988,0.645627488571007,1,15,-0.367374619203576,1,"Dmd"
"REACTOME_SUMOYLATION",0.897666793942997,0.781942078364566,1,135,0.208502146255391,41,"Ndc1 Blm Dnmt1 Rpa1 Rxra Nup133 Parp1 Aaas Brca1 Rnf168 Nsmce1 Ikbke Pcna Npm1 Nop58 Satb1 Nup205 Smc3 Sumo3 Pcgf2 Hipk2 Thrb Nup214 Mta1 Nrip1 Nup85 Casp8ap2 Xpc Nup43 Nup62 Rwdd2b Rara Nup50 Nup98 Top2a Senp1 Tdg Smc5 Pml Sae1 Mrtfa"
"REACTOME_SUMOYLATION_OF_IMMUNE_RESPONSE_PROTEINS",-0.882620532093924,0.629947836759742,1,11,-0.403430288034783,3,"Pias3 Nfkb2 Pias4"
"REACTOME_SUMOYLATION_OF_INTRACELLULAR_RECEPTORS",-0.940106744881068,0.553545374963525,1,17,-0.386448622559518,8,"Pgr Pias3 Pias4 Hdac4 Pias2 Esr1 Thra Nr1h2"
"REACTOME_SUMOYLATION_OF_TRANSCRIPTION_COFACTORS",-0.422984245114781,0.999466239658393,1,38,-0.148455612893576,38,"Pias3 Pias4 Pias2 Scmh1 Sumo1 Ring1 Uhrf2 Ncoa1 Pias1 Ctbp1 Ep300 Phc3 Ddx17 Ing2 Ube2i Sin3a Ddx5 Bmi1 Cbx8 Phc2 Phc1 Zfp131 Topors Cbx4 Sumo2 Safb Rnf2 Mbd1 Cbx2 Park7 Daxx Mrtfa Casp8ap2 Nrip1 Hipk2 Pcgf2 Sumo3 Npm1"
"REACTOME_SUMOYLATION_OF_TRANSCRIPTION_FACTORS",-0.950572156526786,0.538132355188751,1,12,-0.425771025376001,5,"Pias3 Pias4 Pias2 Trp53bp1 Mitf"
"REACTOME_SUMOYLATION_OF_UBIQUITINYLATION_PROTEINS",0.851530914537263,0.730648944487881,1,36,0.251876411786625,11,"Ndc1 Nup133 Aaas Nup205 Nup214 Nup85 Nup43 Nup62 Nup50 Nup98 Pml"
"REACTOME_SYNAPTIC_ADHESION_LIKE_MOLECULES",-0.811277901275676,0.71952736318408,1,10,-0.379641175062363,6,"Grin2d Flot2 Dlg1 Dlg3 Dlg4 Lrfn1"
"REACTOME_SYNTHESIS_OF_ACTIVE_UBIQUITIN_ROLES_OF_E1_AND_E2_ENZYMES",-0.716550847135762,0.86179975345843,1,30,-0.262078967337477,15,"Ube2c Ubc Ube2h Ube2d1 Ube2g2 Ube2q2 Usp7 Ube2b Usp9x Uchl3 Usp5 Ube2s Ube2w Uba1 Ube2g1"
"REACTOME_SYNTHESIS_OF_GLYCOSYLPHOSPHATIDYLINOSITOL_GPI",-0.70793878344677,0.846482190167795,1,16,-0.295882782554992,4,"Pigp Pign Pigv Pigg"
"REACTOME_SYNTHESIS_OF_IP3_AND_IP4_IN_THE_CYTOSOL",-0.831721135060385,0.703576537911302,1,21,-0.326915321636344,11,"Inppl1 Itpka Synj1 Plcb3 Itpkc Calm1 Inpp5b Calm3 Itpk1 Itpkb Plcg1"
"REACTOME_SYNTHESIS_OF_PC",0.897098062655682,0.59589480436177,1,18,0.314283616034162,4,"Pcyt1b Stard10 Slc44a1 Pemt"
"REACTOME_SYNTHESIS_OF_PIPS_AT_THE_EARLY_ENDOSOME_MEMBRANE",-0.573282578023465,0.956938504645333,1,15,-0.242547080729914,7,"Inpp4b Pik3r4 Mtmr2 Pikfyve Pik3c3 Inpp4a Pi4k2b"
"REACTOME_SYNTHESIS_OF_PIPS_AT_THE_GOLGI_MEMBRANE",-0.748571211724114,0.794573071818316,1,15,-0.316709017650815,9,"Inpp5e Arf3 Pik3r4 Sacm1l Pikfyve Pik3c3 Pi4ka Pi4k2b Arf1"
"REACTOME_SYNTHESIS_OF_PIPS_AT_THE_PLASMA_MEMBRANE",-0.86033089742991,0.68299711815562,1,43,-0.295245527185213,10,"Inppl1 Inpp4b Rab4a Synj1 Pik3cb Pip5k1c Rufy1 Pip5k1b Mtmr3 Pip4k2c"
"REACTOME_TAK1_DEPENDENT_IKK_AND_NF_KAPPA_B_ACTIVATION",0.849655537534985,0.732603596559812,1,36,0.251321689436542,10,"App Traf2 Nlrc5 Irak2 Tab1 Irak1 Nlrx1 Casp8 Alpk1 Hmgb1"
"REACTOME_TBC_RABGAPS",-0.924784012184884,0.580447232069812,1,33,-0.333492921259809,12,"Rab6b Rab33a Tbc1d2 Rab4a Tbc1d24 Gabarapl2 Gabarap Tbc1d10a Tsc2 Tbc1d10b Map1lc3b Rab35"
"REACTOME_TGF_BETA_RECEPTOR_SIGNALING_ACTIVATES_SMADS",-0.745056044654807,0.824686940966011,1,29,-0.274260100762736,11,"Bambi Ltbp4 Tgfbr3 Ubc Smad2 Tgfbr1 Fkbp1a Itgb1 Tgfbr2 Itgb3 Tgfb1"
"REACTOME_THE_PHOTOTRANSDUCTION_CASCADE",0.766510534000357,0.795199501246883,1,16,0.277449329271276,4,"Cngb1 Metap1 Fntb Nmt2"
"REACTOME_THE_ROLE_OF_GTSE1_IN_G2_M_PROGRESSION_AFTER_G2_CHECKPOINT",-0.66718524097739,0.94476336267381,1,54,-0.221420175264518,7,"Tubb6 Tubb2a Tuba1c Ccnb1 Tuba1a Plk1 Ubc"
"REACTOME_THROMBOXANE_SIGNALLING_THROUGH_TP_RECEPTOR",-0.7672313289224,0.779364144833677,1,16,-0.320664082506779,7,"Gnb5 Gnaq Gng12 Gna11 Gnb1 Gngt2 Gng3"
"REACTOME_TNFR1_INDUCED_NF_KAPPA_B_SIGNALING_PATHWAY",0.800420783858424,0.807346326836582,1,33,0.241119206026242,3,"Optn Tnf Traf2"
"REACTOME_TNFR1_INDUCED_PROAPOPTOTIC_SIGNALING",-0.590079438098326,0.956589809279818,1,23,-0.227803127814736,7,"Tnfrsf1a Tnfaip3 Usp2 Sharpin Ripk1 Mib2 Birc3"
"REACTOME_TNFS_BIND_THEIR_PHYSIOLOGICAL_RECEPTORS",-0.771974966175796,0.769208081403923,1,15,-0.326610787803933,6,"Tnfrsf8 Tnfrsf17 Tnfrsf1a Edaradd Tnfrsf14 Cd27"
"REACTOME_TNF_SIGNALING",0.729592533857417,0.945667447306792,1,55,0.197542899165215,7,"Optn Tnf Traf2 Smpd2 Fadd Ikbke Tab1"
"REACTOME_TOLL_LIKE_RECEPTOR_4_TLR4_CASCADE",-0.621220872512317,0.988903165518047,1,107,-0.187690005328977,29,"Mapk7 Dusp7 Itgam Nod1 Usp18 Tifa Mapk14 Traf6 Nfkb2 Tirap Map2k6 Dusp3 Traf3 Fos Tnip2 Nkiras1 Peli3 Ticam1 Ubc Ripk1 Fbxw11 Birc3 Mapk11 Ube2d1 Ly96 Tlr4 Dnm2 Tab3 Rps6ka2"
"REACTOME_TOLL_LIKE_RECEPTOR_9_TLR9_CASCADE",-0.726320781280752,0.918549346016647,1,90,-0.22389154645938,32,"Mapk7 Rbsn Dusp7 Nod1 Usp18 Tifa Mapk14 Traf6 Nfkb2 Map2k6 Eea1 Dusp3 Fos Tnip2 Nkiras1 Peli3 Ticam1 Ubc Fbxw11 Mapk11 Ly96 Tlr4 Tab3 Pik3r4 Rps6ka2 Rps6ka1 Jun Vrk3 Ppp2r1b Mapk1 Pik3c3 Ikbkb"
"REACTOME_TOLL_LIKE_RECEPTOR_CASCADES",-0.822719262484872,0.816991231067077,1,131,-0.243263668445407,41,"Ctsl Tlr1 S100a8 S100a9 Mapk7 Rbsn Dusp7 Itgam Nod1 Usp18 Tifa Mapk14 Traf6 Nfkb2 Tirap S100a1 Map2k6 Ctsb Eea1 Dusp3 Traf3 Fos Tnip2 Nkiras1 Peli3 Ticam1 Ubc Ripk1 Fbxw11 Unc93b1 Gsdmd Gsdme Birc3 Mapk11 Ube2d1 Ly96 Tlr4 Dnm2 Tab3 Pik3r4 Rps6ka2"
"REACTOME_TP53_REGULATES_TRANSCRIPTION_OF_ADDITIONAL_CELL_CYCLE_GENES_WHOSE_EXACT_ROLE_IN_THE_P53_PATHWAY_REMAIN_UNCERTAIN",-0.755302080974244,0.794718412605778,1,17,-0.310481177162238,11,"Plk3 Cnot4 Tnks1bp1 Cnot11 Cnot2 Cnot8 Plk2 Btg2 Cnot7 Cnot10 Cnot6"
"REACTOME_TP53_REGULATES_TRANSCRIPTION_OF_CELL_CYCLE_GENES",0.802015160387242,0.800149142431022,1,32,0.243173819450472,6,"Ccne1 E2f8 E2f7 Pcna Npm1 Cdc25c"
"REACTOME_TP53_REGULATES_TRANSCRIPTION_OF_CELL_DEATH_GENES",0.529722094786422,0.974002954209749,1,13,0.202747088683189,13,"Atm Rabggtb Chm Tmem219 Steap3 Pidd1 Casp2 Bnip3l Prelid1 Cradd Zfp420 Triap1 Rabggta"
"REACTOME_TP53_REGULATES_TRANSCRIPTION_OF_DNA_REPAIR_GENES",0.905209829091336,0.639358108108108,1,43,0.257893161753703,43,"Ercc2 Ccnh Gtf2f1 Ssrp1 Supt16 Polr2e Polr2f Polr2d Gtf2f2 Polr2h Polr2l Cdk7 Ctdp1 Ccnt1 Gtf2h4 Cdk9 Gtf2h5 Gtf2h2 Nelfa Supt4a Polr2c Nelfe Polr2g Nelfb Elob Nelfcd Polr2a Mnat1 Polr2b Supt5 Cdk13 Polr2i Eloc Eloa Gtf2h1 Ccnt2 Ccnk Tcea1 Ercc3 Gtf2h3 Cdk12 Polr2k Ell"
"REACTOME_TRAF6_MEDIATED_INDUCTION_OF_TAK1_COMPLEX_WITHIN_TLR4_COMPLEX",-0.87968598045231,0.636106141920095,1,14,-0.379013085232686,6,"Traf6 Ticam1 Ubc Ly96 Tlr4 Tab3"
"REACTOME_TRAFFICKING_OF_AMPA_RECEPTORS",-0.914316551629366,0.589488840892729,1,20,-0.362761924399308,7,"Prkcg Akap5 Camk2b Nsf Ap2a1 Dlg1 Mdm2"
"REACTOME_TRAFFICKING_OF_GLUR2_CONTAINING_AMPA_RECEPTORS",-0.750651430539905,0.790426511199754,1,11,-0.343109537819147,3,"Prkcg Nsf Ap2a1"
"REACTOME_TRANSCRIPTIONAL_REGULATION_BY_RUNX1",-0.578762102366797,0.996501457725948,1,108,-0.174600598360836,6,"Foxp3 Ctsl Gata3 Tcf3 Tal1 Ccnd1"
"REACTOME_TRANSCRIPTIONAL_REGULATION_BY_RUNX2",-0.804185748524995,0.776891405043747,1,49,-0.270300772224542,5,"Runx2 Smad1 Ccnd1 Ccnb1 Ubc"
"REACTOME_TRANSCRIPTIONAL_REGULATION_BY_RUNX3",0.838793940572633,0.817955112219451,1,62,0.221885503979392,4,"Zfhx3 Tcf7l1 Tcf7 Tead2"
"REACTOME_TRANSCRIPTIONAL_REGULATION_BY_TP53",0.698437429496577,1,1,282,0.149300434729773,38,"Brip1 Ccne1 Cdk5r1 E2f8 Dna2 Chek1 Taf4b Smyd2 Nbn Exo1 Cox6b2 Blm Bard1 Rmi2 Rpa1 E2f7 Topbp1 Rfc4 Rfc5 Ercc2 Rpa2 Brca1 Rfc3 Gatad2a Pip4p1 Rad9b Atm Pcna Mbd3 Rfc2 Npm1 Rad9a Cdc25c Trp53 Rpa3 Rabggtb Hipk2 Kat6a"
"REACTOME_TRANSFERRIN_ENDOCYTOSIS_AND_RECYCLING",-0.905930974504908,0.595409097310238,1,25,-0.343721986786551,3,"Atp6v0a4 Steap4 Atp6v0a1"
"REACTOME_TRANSPORT_OF_SMALL_MOLECULES",-0.973085509253148,0.568270214943705,1,383,-0.265386348720246,53,"Abca5 Atp1a3 Hmox1 Slc46a1 Bmp1 Pltp Fxyd6 Atp6v0a4 Abcd2 Slc12a3 Slc22a17 Trpm4 Fxyd2 Abcc3 Slc11a2 Apoe Slc22a15 Slc45a3 Best1 Slc40a1 Aqp11 Slc12a2 Slc29a4 Abca6 Slc1a5 Fxyd4 Atp4a Abcb9 Clcn2 Steap4 Slc22a12 Flvcr1 Ano6 Ldlrap1 Add3 Atp10a Slc7a11 Afg3l2 Atp6v0a1 Camk2b Fkbp1b Slc2a9 Slc35d1 Zdhhc8 Slc9a1 Slc36a1 Abcb4 Atp1b1 Slc12a7 Sgk1 Npc2 Slc35a3 Slco2a1"
"REACTOME_TRANSPORT_OF_VITAMINS_NUCLEOSIDES_AND_RELATED_MOLECULES",-0.750395897308514,0.815115286080273,1,23,-0.289694101284276,5,"Slc29a4 Slc35d1 Slc35a3 Slc33a1 Slc35d2"
"REACTOME_TRANSPORT_TO_THE_GOLGI_AND_SUBSEQUENT_MODIFICATION",-0.852659921230123,0.766858043453788,1,141,-0.250106728821102,76,"F5 Cd59b Tubb6 Man2a1 Tubb2a Tuba1c Sec24a Lman2l Nsf Gosr2 Napb Col7a1 Tuba1a Cog7 Sec23a Man2a2 Trappc2 Arf3 Cog6 Sec22a Uso1 Sec24d Sec31b Sec23ip Ctsz Tmem115 Tubb4b B4galt1 Tbc1d20 Sptan1 Mcfd2 Trappc10 Mia3 Golga2 Mgat5 Cog8 Ppp6r3 Cog5 Arf5 Cog2 Kdelr1 Copb1 Arfgap1 Stx17 Dctn5 Ctsc Arf4 Sec24c Dync1li2 Ppp6c Csnk1d Fuca1 Tmed9 Gbf1 Copz1 Stx5a Rab1b Preb Napa Arf1 Tmed2 Ykt6 Manea Actr10 St3gal4 Tmed7 Dync1i2 Dctn1 Mgat1 Sptbn1 Ankrd28 Dctn2 Mia2 Copa Sec24b Sec31a"
"REACTOME_TRP_CHANNELS",-0.659984050143475,0.88109849647131,1,11,-0.301667076355086,1,"Trpm4"
"REACTOME_TURBULENT_OSCILLATORY_DISTURBED_FLOW_SHEAR_STRESS_ACTIVATES_SIGNALING_BY_PIEZO1_AND_INTEGRINS_IN_ENDOTHELIAL_CELLS",-0.554685551078937,0.977473065621939,1,26,-0.208572936075703,10,"Pde4d Vcl Gnaq Ptpn1 Capns1 Gna11 Itgb1 Itgb3 Ppp2r1b Ikbkb"
"REACTOME_UBIQUINOL_BIOSYNTHESIS",-0.583216748260926,0.942075500534923,1,12,-0.26122876755702,2,"Coq7 Coq3"
"REACTOME_UBIQUITIN_DEPENDENT_DEGRADATION_OF_CYCLIN_D",-0.302623542471252,0.999866059469596,1,37,-0.106790308106491,37,"Ccnd1 Ubc Psmc2 Psmb7 Psmc1 Psma2 Psmb2 Psmd8 Psmd6 Psmb6 Psmd1 Psmd3 Psmb4 Psmd7 Psmc3 Ubb Psma3 Psmd12 Psmd2 Psmb1 Psmc4 Adrm1 Uba52 Psma4 Psmb5 Psma7 Psma6 Psmd13 Psmd14 Psmd11 Psma5 Psma1 Psmb3 Rps27a Psmc5 Psmc6 Cdk4"
"REACTOME_UBIQUITIN_MEDIATED_DEGRADATION_OF_PHOSPHORYLATED_CDC25A",0.375702488156137,1,1,47,0.105293669009899,46,"Chek1 Cdc25a Psmc6 Psmc5 Rps27a Psmb3 Cul1 Psma1 Psma5 Psmd11 Psmd14 Psmd13 Psma6 Psma7 Psmb5 Psma4 Uba52 Chek2 Adrm1 Psmc4 Psmb1 Psmd2 Csnk1a1 Psmd12 Psma3 Ubb Psmc3 Psmd7 Psmb4 Psmd3 Psmd1 Psmb6 Psmd6 Rbx1 Psmd8 Psmb2 Psma2 Psmc1 Psmb7 Gsk3b Csnk1e Psmc2 Mapk11 Fbxw11 Plk3 Ubc"
"REACTOME_UB_SPECIFIC_PROCESSING_PROTEASES",-0.52788730071169,0.999773934667119,1,137,-0.155311571902864,49,"Axin2 Gata3 Smad1 Usp18 Traf6 Taf9b Tnks Usp2 Tada2b Rhot1 Polb Ubc Smad2 Tomm70a Ripk1 Mdm2 Tgfbr1 Cdc20 Birc3 Hif1a Ufd1 Adrb2 Usp33 Hgs Psmc2 Usp47 Rce1 Snx3 Mat2b Usp7 Usp30 Psmb7 Usp15 Birc2 Taf10 Usp25 Fkbp8 Usp9x Mul1 Usp34 Ifih1 Usp5 Usp42 Becn1 Mdm4 Psmc1 Ikbkg Map3k7 Ccna2"
"REACTOME_UCH_PROTEINASES",-0.466246273384697,0.999253638512253,1,65,-0.150339371182116,23,"Kdm1b Uchl1 Ubc Nfrkb Senp8 Foxk2 Psmc2 Actr8 Mbd5 Ino80b Psmb7 Ogt Ino80d Mcrs1 Uchl3 Psmc1 Tfpt Hcfc1 Psma2 Bap1 Psmb2 Psmd8 Ino80e"
"REACTOME_UNFOLDED_PROTEIN_RESPONSE_UPR",-0.871078350119587,0.643190298507463,1,10,-0.407625066442445,3,"Atf6b Ern1 Crebrf"
"REACTOME_VASOPRESSIN_REGULATES_RENAL_WATER_HOMEOSTASIS_VIA_AQUAPORINS",-0.496721592002211,0.987831377661886,1,19,-0.199856785535047,11,"Gnb5 Gng12 Gnb1 Gngt2 Gng3 Rab11fip2 Gnas Gng2 Prkar1a Prkacb Gnb2"
"REACTOME_VEGFR2_MEDIATED_VASCULAR_PERMEABILITY",-0.590997950751509,0.961977186311787,1,25,-0.224232304155517,10,"Pak1 Mtor Akt3 Calm1 Calm3 Akt2 Mapkap1 Rac1 Vav1 Akt1"
"REACTOME_VLDLR_INTERNALISATION_AND_DEGRADATION",-0.804267603115377,0.7281245277316,1,13,-0.352949166362033,7,"Ap2a1 Ubc Nr1h2 Ap2b1 Ap2m1 Clta Ap2s1"
"REACTOME_VXPX_CARGO_TARGETING_TO_CILIUM",0.573741823524556,0.962593516209476,1,16,0.207673968002758,1,"Cngb1"
"REACTOME_ZBP1_DAI_MEDIATED_INDUCTION_OF_TYPE_I_IFNS",-0.64728648326098,0.894816382046244,1,13,-0.284058718490494,7,"Nfkb2 Nkiras1 Ikbkb Chuk Ikbkg Nfkb1 Nkiras2"
"REACTOME_ZINC_TRANSPORTERS",0.619110557367685,0.908683473389356,1,10,0.254373675563811,4,"Slc39a4 Slc39a3 Slc39a6 Slc30a1"
